/**
 * generated by fontconvert.py
 * name: merri9_regular
 * size: 9
 * mode: 1-bit
 * Command used: fontconvert.py merri9_regular 9 Merriweather-Regular-Kern.ttf Merriweather-Regular-Rest.ttf --pnum --mono-threshold 4 (see README)
 */
#pragma once
#include "EpdFontData.h"

static const uint8_t merri9_regularBitmaps[21204] = {
    0xEE, 0xEE, 0xEE, 0x66, 0x66, 0x66, 0x40, 0x4E, 0xE0, 0x66, 0x6E, 0x6E, 0x6C, 0x4C, 0xCC, 0xC8,
    0x08, 0x80, 0x8C, 0x18, 0xC1, 0x88, 0x7F, 0xE7, 0xFE, 0x11, 0x81, 0x18, 0x11, 0x87, 0xFC, 0xFF,
    0xE3, 0x30, 0x23, 0x02, 0x30, 0x23, 0x00, 0x00, 0x03, 0x00, 0xC0, 0xFE, 0x71, 0x98, 0x66, 0x09,
    0xC0, 0x78, 0x0F, 0x80, 0xF8, 0x0E, 0x01, 0xD0, 0x36, 0x1D, 0x86, 0x7F, 0x03, 0x00, 0xC0, 0x10,
    0x00, 0x00, 0x0F, 0x0C, 0x06, 0xE3, 0x03, 0x18, 0xC0, 0xC6, 0x60, 0x31, 0x98, 0x0C, 0x6C, 0x03,
    0xBB, 0x3C, 0x7D, 0x99, 0x80, 0x6C, 0x70, 0x1B, 0x1C, 0x0C, 0xC7, 0x03, 0x39, 0x81, 0x87, 0xE0,
    0x60, 0xE0, 0x00, 0x00, 0xF8, 0x0C, 0xE0, 0xE3, 0x07, 0x18, 0x39, 0x80, 0xFC, 0x03, 0x8F, 0x3C,
    0x7B, 0x71, 0xB1, 0xC9, 0x87, 0xCC, 0x1C, 0x78, 0xF1, 0xFD, 0xE0, 0x00, 0x66, 0x66, 0x4C, 0xC0,
    0x00, 0x61, 0x8C, 0x61, 0x8E, 0x38, 0xC3, 0x0C, 0x30, 0xE3, 0x86, 0x1C, 0x30, 0x61, 0xC0, 0x41,
    0x87, 0x0C, 0x18, 0x61, 0xC7, 0x0C, 0x30, 0xC3, 0x1C, 0x71, 0x86, 0x31, 0x86, 0x00, 0x0C, 0x03,
    0x04, 0xCB, 0xB7, 0x3F, 0x07, 0x87, 0xFB, 0xB7, 0x4C, 0x03, 0x00, 0x00, 0x08, 0x0C, 0x06, 0x03,
    0x0F, 0xFF, 0xFC, 0x60, 0x30, 0x18, 0x04, 0x00, 0x27, 0x73, 0x36, 0x60, 0x7F, 0x3F, 0x80, 0x5F,
    0x80, 0x06, 0x0C, 0x30, 0x60, 0xC1, 0x86, 0x0C, 0x18, 0x30, 0xC1, 0x83, 0x06, 0x18, 0x30, 0x60,
    0xC1, 0x00, 0x00, 0x00, 0xF8, 0x39, 0xC3, 0x0E, 0x70, 0xE7, 0x0E, 0x60, 0x66, 0x06, 0x60, 0x67,
    0x06, 0x70, 0x67, 0x0E, 0x30, 0xC3, 0x9C, 0x1F, 0x80, 0x00, 0x00, 0x1C, 0x7C, 0x7C, 0x1C, 0x1C,
    0x1C, 0x1C, 0x1C, 0x1C, 0x1C, 0x1C, 0x1C, 0x1C, 0x7F, 0x00, 0x07, 0xE1, 0xFE, 0x20, 0xC0, 0x1C,
    0x03, 0x80, 0x60, 0x0C, 0x03, 0x00, 0xE0, 0x38, 0x06, 0x03, 0x84, 0xEF, 0xBF, 0xF0, 0x00, 0x0F,
    0xC7, 0xF8, 0x0E, 0x01, 0x80, 0xE0, 0x70, 0x78, 0x17, 0x80, 0x70, 0x1C, 0x07, 0x03, 0x81, 0xE7,
    0xE0, 0x00, 0x06, 0x00, 0xE0, 0x0E, 0x00, 0xC0, 0x1C, 0x01, 0x80, 0x39, 0x83, 0x18, 0x71, 0x86,
    0x3E, 0xFF, 0xE0, 0x38, 0x01, 0x80, 0x18, 0x00, 0x3F, 0xDF, 0xCC, 0x06, 0x06, 0x03, 0xF9, 0xFE,
    0x03, 0x81, 0xC0, 0xE0, 0x70, 0x70, 0x73, 0xF0, 0x80, 0x01, 0x80, 0xF0, 0x38, 0x0E, 0x03, 0x80,
    0x60, 0x1F, 0xE3, 0xCE, 0x60, 0xCC, 0x1D, 0x83, 0xB0, 0x77, 0x0C, 0x63, 0x87, 0xE0, 0x20, 0x7F,
    0xCF, 0xF9, 0x83, 0x20, 0xC0, 0x18, 0x07, 0x00, 0xC0, 0x18, 0x07, 0x00, 0xC0, 0x38, 0x07, 0x00,
    0xC0, 0x38, 0x00, 0x00, 0x00, 0x03, 0xF0, 0xC7, 0x38, 0x67, 0x0C, 0xE1, 0x8F, 0x60, 0xF8, 0x3F,
    0x8E, 0x79, 0x83, 0x30, 0x66, 0x0C, 0xE3, 0x8F, 0xE0, 0x00, 0x00, 0x03, 0xE0, 0xC6, 0x30, 0x66,
    0x0C, 0xC1, 0xD8, 0x3B, 0x07, 0x71, 0xC7, 0xF8, 0x37, 0x00, 0xC0, 0x38, 0x0E, 0x07, 0x80, 0xC0,
    0xFF, 0x00, 0x02, 0xFC, 0x00, 0x77, 0x60, 0x00, 0x02, 0x77, 0x33, 0x66, 0x00, 0x00, 0x00, 0x70,
    0x78, 0x78, 0x78, 0x38, 0x07, 0x00, 0xF0, 0x0F, 0x00, 0xF0, 0x0C, 0xFF, 0x7F, 0xC0, 0x00, 0x00,
    0x00, 0x03, 0xFE, 0xFE, 0x80, 0x70, 0x1E, 0x03, 0xC0, 0x78, 0x1C, 0x3C, 0x78, 0xF0, 0x70, 0x00,
    0x00, 0x7C, 0x3F, 0x81, 0xC0, 0x70, 0x38, 0x18, 0x0C, 0x1C, 0x1C, 0x1C, 0x0E, 0x03, 0x01, 0x00,
    0x00, 0x00, 0x70, 0x38, 0x00, 0x00, 0x00, 0x20, 0x01, 0xFE, 0x03, 0xC3, 0x83, 0x80, 0x63, 0x00,
    0x19, 0x8F, 0x8D, 0x8F, 0xE6, 0xCC, 0x73, 0xC6, 0x39, 0xE6, 0x18, 0xF3, 0x0C, 0x79, 0x8E, 0x2C,
    0xCF, 0x36, 0x7D, 0xB3, 0x1E, 0xF0, 0xC0, 0x00, 0x70, 0x00, 0x1C, 0x00, 0x07, 0xFC, 0x00, 0xF8,
    0x00, 0x00, 0x00, 0x07, 0x00, 0x0F, 0x00, 0x1E, 0x00, 0x6C, 0x00, 0xDC, 0x03, 0x38, 0x06, 0x30,
    0x0C, 0x70, 0x30, 0xE0, 0x7F, 0xC0, 0xC1, 0xC3, 0x03, 0x86, 0x07, 0x1F, 0x1F, 0x80, 0x00, 0x03,
    0xFE, 0x0E, 0x38, 0x70, 0xC3, 0x86, 0x1C, 0x30, 0xE3, 0x07, 0xF8, 0x3F, 0xE1, 0xC3, 0x8E, 0x0C,
    0x70, 0x63, 0x87, 0x1C, 0x73, 0xFF, 0x00, 0x00, 0x00, 0x00, 0xFE, 0x18, 0x73, 0x06, 0x70, 0x26,
    0x00, 0xE0, 0x0E, 0x00, 0xE0, 0x0E, 0x00, 0x60, 0x07, 0x02, 0x70, 0x33, 0x86, 0x1F, 0xE0, 0x00,
    0x00, 0x01, 0xFF, 0x03, 0x8F, 0x0E, 0x0E, 0x38, 0x38, 0xE0, 0x63, 0x81, 0xCE, 0x07, 0x38, 0x1C,
    0xE0, 0x73, 0x81, 0x8E, 0x0E, 0x38, 0x30, 0xE3, 0x8F, 0xFC, 0x00, 0x00, 0x7F, 0xE3, 0x86, 0x38,
    0x63, 0x80, 0x38, 0x03, 0x98, 0x3F, 0x83, 0xF8, 0x39, 0x83, 0x80, 0x38, 0x33, 0x83, 0x38, 0x77,
    0xFF, 0xFF, 0xE7, 0x0C, 0xE1, 0x9C, 0x13, 0x80, 0x71, 0x0F, 0xE1, 0xFC, 0x38, 0x87, 0x00, 0xE0,
    0x1C, 0x03, 0x80, 0xFE, 0x00, 0x00, 0x00, 0x3F, 0xC3, 0xC3, 0x0C, 0x0C, 0x70, 0x31, 0x80, 0x0E,
    0x00, 0x38, 0x00, 0xE0, 0xFF, 0x80, 0xE6, 0x03, 0x9C, 0x0E, 0x70, 0x38, 0xE1, 0xE0, 0xFF, 0x00,
    0x00, 0x7C, 0x7E, 0x70, 0x70, 0xE0, 0x61, 0xC0, 0xC3, 0x81, 0x87, 0x03, 0x0F, 0xFE, 0x1F, 0xFC,
    0x38, 0x18, 0x70, 0x30, 0xE0, 0x61, 0xC0, 0xC3, 0x81, 0x9F, 0x8F, 0xC0, 0xFC, 0x70, 0xE1, 0xC3,
    0x87, 0x0E, 0x1C, 0x38, 0x70, 0xE1, 0xC3, 0x8F, 0x80, 0x3F, 0x1C, 0x1C, 0x1C, 0x1C, 0x1C, 0x1C,
    0x1C, 0x1C, 0x1C, 0x1C, 0x1C, 0x1C, 0x1C, 0x18, 0x38, 0x70, 0x00, 0x7C, 0xF8, 0xE1, 0xC3, 0x8E,
    0x0E, 0x30, 0x39, 0x80, 0xEC, 0x03, 0xF0, 0x0F, 0xE0, 0x39, 0xC0, 0xE3, 0x03, 0x8E, 0x0E, 0x1C,
    0x38, 0x7B, 0xF0, 0xF0, 0x7C, 0x03, 0x80, 0x38, 0x03, 0x80, 0x38, 0x03, 0x80, 0x38, 0x03, 0x80,
    0x38, 0x03, 0x82, 0x38, 0x23, 0x86, 0x38, 0xEF, 0xFE, 0x7E, 0x0F, 0xC3, 0xC1, 0xE0, 0x78, 0x7C,
    0x0B, 0x0D, 0x81, 0x71, 0xB0, 0x66, 0x26, 0x0C, 0xCC, 0xC1, 0x9D, 0x98, 0x31, 0xA3, 0x86, 0x3C,
    0x70, 0xC7, 0x8E, 0x18, 0xE1, 0xC6, 0x0C, 0x39, 0xF1, 0x0F, 0xC0, 0xF8, 0x3C, 0x70, 0x30, 0xF0,
    0x61, 0xF0, 0xC3, 0x61, 0x86, 0xE3, 0x0C, 0xE6, 0x18, 0xCC, 0x31, 0xD8, 0x61, 0xF0, 0xC1, 0xE1,
    0x83, 0xC3, 0x03, 0x9F, 0x03, 0x00, 0x00, 0x00, 0x7E, 0x0E, 0x38, 0x60, 0xE7, 0x03, 0xB0, 0x1D,
    0x80, 0xFC, 0x07, 0xE0, 0x3F, 0x01, 0xD8, 0x0E, 0xE0, 0x67, 0x07, 0x1C, 0x70, 0x7F, 0x00, 0x00,
    0x00, 0x07, 0xFC, 0x38, 0xE3, 0x87, 0x38, 0x73, 0x87, 0x38, 0x73, 0x86, 0x39, 0xC3, 0xF8, 0x38,
    0x03, 0x80, 0x38, 0x03, 0x80, 0xFE, 0x00, 0x00, 0x00, 0x1F, 0x80, 0xE3, 0x81, 0x83, 0x87, 0x03,
    0x8C, 0x07, 0x18, 0x0E, 0x70, 0x1C, 0xE0, 0x39, 0xC0, 0x71, 0x80, 0xE3, 0x81, 0x87, 0x07, 0x07,
    0x1C, 0x07, 0xF0, 0x00, 0x70, 0x00, 0x78, 0x00, 0x7C, 0x00, 0x30, 0x00, 0x03, 0xFE, 0x0E, 0x38,
    0x70, 0xC3, 0x87, 0x1C, 0x30, 0xE1, 0x87, 0x38, 0x3F, 0x81, 0xCE, 0x0E, 0x30, 0x71, 0xC3, 0x86,
    0x1C, 0x3B, 0xF0, 0xE0, 0x00, 0x0F, 0xE6, 0x1B, 0x86, 0xE1, 0xB8, 0x07, 0x80, 0xF8, 0x1F, 0x01,
    0xE0, 0x1F, 0x07, 0xC1, 0xB0, 0xEF, 0xF0, 0x00, 0xFF, 0xFF, 0x39, 0xF1, 0xC7, 0x8E, 0x3C, 0x71,
    0x83, 0x80, 0x1C, 0x00, 0xE0, 0x07, 0x00, 0x38, 0x01, 0xC0, 0x0E, 0x00, 0x70, 0x0F, 0xE0, 0xFC,
    0x7D, 0xC0, 0xE3, 0x01, 0x0C, 0x04, 0x30, 0x10, 0xC0, 0x43, 0x01, 0x0C, 0x04, 0x30, 0x10, 0xC0,
    0xC3, 0x03, 0x0E, 0x0C, 0x1C, 0x60, 0x3F, 0x00, 0x00, 0x00, 0xFC, 0x7C, 0xC0, 0x63, 0x83, 0x0E,
    0x0C, 0x18, 0x30, 0x71, 0x81, 0xC6, 0x03, 0x18, 0x0E, 0xC0, 0x1B, 0x00, 0x6C, 0x01, 0xE0, 0x03,
    0x80, 0x0C, 0x00, 0xFC, 0xF9, 0xF1, 0x83, 0x83, 0x0E, 0x1C, 0x18, 0x70, 0xE0, 0x81, 0x87, 0x8C,
    0x0C, 0x3C, 0x60, 0x73, 0x63, 0x01, 0x9B, 0x30, 0x0C, 0x9D, 0x80, 0x74, 0x6C, 0x03, 0xE3, 0x40,
    0x0F, 0x1E, 0x00, 0x70, 0x70, 0x03, 0x83, 0x00, 0xFC, 0xF8, 0xE1, 0xC3, 0x86, 0x07, 0x30, 0x0C,
    0xC0, 0x3E, 0x00, 0x70, 0x01, 0xC0, 0x0F, 0x80, 0x37, 0x01, 0x8E, 0x0C, 0x38, 0x30, 0x73, 0xE3,
    0xF0, 0x7C, 0x7C, 0xE0, 0xC3, 0x83, 0x07, 0x18, 0x1C, 0x60, 0x3B, 0x00, 0x68, 0x01, 0xE0, 0x03,
    0x00, 0x0C, 0x00, 0x30, 0x00, 0xC0, 0x03, 0x00, 0x3F, 0x00, 0x7F, 0xE7, 0x0E, 0x61, 0xC6, 0x1C,
    0x03, 0x80, 0x70, 0x07, 0x00, 0xE0, 0x1C, 0x01, 0xC0, 0x38, 0x37, 0x07, 0x70, 0xEF, 0xFE, 0x01,
    0xE6, 0x18, 0x61, 0x86, 0x18, 0x61, 0x86, 0x18, 0x61, 0x86, 0x18, 0x61, 0xE7, 0x80, 0x40, 0x60,
    0x60, 0x60, 0x70, 0x30, 0x30, 0x30, 0x18, 0x18, 0x18, 0x1C, 0x0C, 0x0C, 0x0C, 0x06, 0x06, 0x06,
    0x02, 0x07, 0x8C, 0x73, 0x9C, 0xE7, 0x39, 0xCE, 0x73, 0x9C, 0xE7, 0x3F, 0xBC, 0x00, 0x03, 0x00,
    0xE0, 0x78, 0x1E, 0x06, 0xC3, 0x30, 0xCC, 0x31, 0x98, 0x66, 0x19, 0x83, 0x40, 0xC0, 0x00, 0x0F,
    0xFC, 0x01, 0x87, 0x0E, 0x18, 0x1E, 0x1F, 0xC4, 0x38, 0x0E, 0x03, 0x8F, 0xE7, 0x3B, 0x8E, 0xE3,
    0xBD, 0xE7, 0xFC, 0x00, 0x10, 0x07, 0x80, 0x38, 0x03, 0x80, 0x38, 0x03, 0xB8, 0x3F, 0xE3, 0x8E,
    0x38, 0x73, 0x87, 0x38, 0x73, 0x87, 0x38, 0x73, 0x86, 0x38, 0xC3, 0xF8, 0x00, 0x00, 0x0F, 0x1F,
    0xDC, 0x6C, 0x36, 0x07, 0x03, 0x80, 0xC0, 0x70, 0x3C, 0xCF, 0xC0, 0x00, 0x00, 0x80, 0x78, 0x03,
    0x00, 0x60, 0x0C, 0x1F, 0x8F, 0xF3, 0x86, 0x60, 0xCC, 0x1B, 0x83, 0x70, 0x6E, 0x0C, 0xE1, 0x9E,
    0xF1, 0xF7, 0x00, 0x00, 0x1E, 0x0F, 0xE6, 0x19, 0x86, 0xE1, 0xBF, 0xEE, 0x03, 0x80, 0x70, 0x1E,
    0x63, 0xF0, 0x00, 0x07, 0x0F, 0x18, 0x38, 0x38, 0x3E, 0xFE, 0x38, 0x38, 0x38, 0x38, 0x38, 0x38,
    0x38, 0x38, 0xFE, 0x00, 0x1F, 0x63, 0xFE, 0x71, 0xC6, 0x1C, 0x61, 0xC7, 0x18, 0x3F, 0x03, 0xC0,
    0x60, 0x07, 0xF8, 0x3F, 0xE6, 0x0E, 0x60, 0x6E, 0x0E, 0x71, 0xC3, 0xF8, 0x00, 0x00, 0x30, 0x0F,
    0x00, 0x30, 0x03, 0x00, 0x30, 0x03, 0x38, 0x3F, 0xC3, 0x8E, 0x30, 0xE3, 0x0E, 0x30, 0xE3, 0x0E,
    0x30, 0xE3, 0x0E, 0x30, 0xE7, 0xDF, 0x30, 0xE3, 0x00, 0x71, 0xC3, 0x0C, 0x30, 0xC3, 0x0C, 0x30,
    0xCF, 0xC0, 0x18, 0x71, 0x80, 0x38, 0xE1, 0x86, 0x18, 0x61, 0x86, 0x18, 0x61, 0x86, 0x18, 0xE7,
    0x18, 0x20, 0x0F, 0x00, 0x30, 0x03, 0x00, 0x30, 0x03, 0x1E, 0x31, 0xE3, 0x18, 0x33, 0x03, 0x70,
    0x3F, 0x03, 0xB8, 0x31, 0x83, 0x1C, 0x30, 0xEF, 0x9F, 0x23, 0xC3, 0x0C, 0x30, 0xC3, 0x0C, 0x30,
    0xC3, 0x0C, 0x30, 0xC3, 0x3F, 0x73, 0x8F, 0x1F, 0xFF, 0xF0, 0xE3, 0x8E, 0x18, 0x70, 0xC3, 0x0E,
    0x18, 0x61, 0xC3, 0x0C, 0x38, 0x61, 0x87, 0x0C, 0x30, 0xE1, 0x86, 0x1C, 0x31, 0xE7, 0xDF, 0x00,
    0x73, 0x8F, 0xFC, 0x38, 0xE3, 0x0E, 0x30, 0xE3, 0x0E, 0x30, 0xE3, 0x0E, 0x30, 0xE3, 0x0E, 0x79,
    0xF0, 0x0F, 0x07, 0xF1, 0xC7, 0x30, 0x6E, 0x0D, 0xC1, 0xF8, 0x3B, 0x06, 0x71, 0xCE, 0x30, 0xFC,
    0x00, 0x00, 0x77, 0x9F, 0xF8, 0xC3, 0x98, 0x73, 0x0E, 0x61, 0xCC, 0x39, 0x87, 0x30, 0xC6, 0x38,
    0xFE, 0x18, 0x03, 0x00, 0x60, 0x3F, 0x07, 0xE0, 0x0F, 0xC3, 0xFC, 0x70, 0xC6, 0x0C, 0x60, 0xCE,
    0x0C, 0xE0, 0xC6, 0x0C, 0x70, 0xC7, 0x9C, 0x3F, 0xC0, 0x0C, 0x00, 0xC0, 0x0C, 0x03, 0xE0, 0x3E,
    0x73, 0x7F, 0x3F, 0x30, 0x30, 0x30, 0x30, 0x30, 0x30, 0x30, 0xFE, 0x1E, 0x3F, 0x98, 0xCC, 0x07,
    0x81, 0xF0, 0x7C, 0x0F, 0x43, 0xB1, 0x9F, 0xC0, 0x00, 0x00, 0x30, 0x30, 0x7E, 0xFE, 0x70, 0x70,
    0x70, 0x70, 0x70, 0x70, 0x70, 0x7E, 0x3E, 0x00, 0x71, 0xC7, 0x1C, 0x70, 0xC7, 0x0C, 0x70, 0xC7,
    0x0C, 0x70, 0xC7, 0x0C, 0x70, 0xC3, 0xBC, 0x3E, 0xE0, 0x00, 0x78, 0xF7, 0x8F, 0x38, 0x63, 0x8C,
    0x18, 0xC1, 0xCC, 0x1D, 0x80, 0xD8, 0x0F, 0x00, 0x70, 0x07, 0x00, 0x00, 0x78, 0xC7, 0x9E, 0x39,
    0xE3, 0x0E, 0x30, 0xE7, 0x8C, 0x39, 0xF2, 0x06, 0x5D, 0x81, 0xB3, 0x60, 0x7C, 0xD0, 0x0F, 0x3C,
    0x03, 0x87, 0x00, 0xE1, 0xC0, 0x00, 0x00, 0xF9, 0xFF, 0x3C, 0xE6, 0x1C, 0xC1, 0xF0, 0x1C, 0x03,
    0xC0, 0xD8, 0x33, 0x8C, 0x3B, 0xEF, 0x80, 0xF9, 0xFF, 0x3D, 0xC3, 0x38, 0x63, 0x18, 0x73, 0x06,
    0x60, 0xD8, 0x1F, 0x01, 0xE0, 0x38, 0x03, 0x00, 0xC0, 0x18, 0x1E, 0x01, 0x80, 0x7F, 0x9F, 0xF6,
    0x39, 0x1C, 0x06, 0x03, 0x81, 0xC0, 0xE0, 0x30, 0xDC, 0x7F, 0xFC, 0x00, 0x3E, 0x38, 0x30, 0x30,
    0x30, 0x30, 0x38, 0x30, 0xE0, 0xF0, 0x38, 0x38, 0x30, 0x30, 0x30, 0x30, 0x3E, 0x1E, 0x3F, 0xFF,
    0xFF, 0xFF, 0xFC, 0x00, 0xF8, 0x1C, 0x0C, 0x0C, 0x1C, 0x18, 0x18, 0x1C, 0x0F, 0x0E, 0x18, 0x18,
    0x18, 0x1C, 0x0C, 0x0C, 0xFC, 0x78, 0x39, 0xBF, 0x91, 0xC0, 0x0E, 0xE4, 0x04, 0x66, 0x66, 0x66,
    0x66, 0x66, 0xEE, 0x04, 0x02, 0x07, 0xC7, 0xF6, 0x1B, 0x0B, 0x81, 0xC0, 0xE0, 0x70, 0x18, 0x0F,
    0x33, 0xF0, 0x60, 0x30, 0x10, 0x00, 0x00, 0x1F, 0x03, 0x9C, 0x18, 0x01, 0xC0, 0x0E, 0x00, 0x70,
    0x07, 0xF0, 0x1C, 0x00, 0xE0, 0x07, 0x06, 0x38, 0x31, 0x81, 0xBF, 0xBD, 0x9F, 0xC0, 0x00, 0x00,
    0x06, 0x06, 0x7F, 0xC3, 0xFC, 0x30, 0xC3, 0x0C, 0x30, 0xC3, 0x0C, 0x3F, 0xC7, 0xFE, 0x60, 0x60,
    0x00, 0xF8, 0xFB, 0x83, 0x0E, 0x30, 0x31, 0x81, 0xD8, 0x07, 0xC1, 0xFF, 0xCF, 0xFC, 0x07, 0x01,
    0xFF, 0x1F, 0xFC, 0x0E, 0x00, 0x70, 0x0F, 0xE0, 0x3F, 0xFF, 0x03, 0xFF, 0xFC, 0x0E, 0x0F, 0xE6,
    0x19, 0x82, 0x70, 0x0F, 0x07, 0xF1, 0xBE, 0xE1, 0xD8, 0x37, 0x8C, 0xFB, 0x0F, 0x80, 0xF6, 0x0D,
    0x83, 0x73, 0x8F, 0xC0, 0x66, 0xE6, 0x66, 0x00, 0x00, 0x03, 0xFC, 0x03, 0x07, 0x03, 0x00, 0xC3,
    0x1E, 0x33, 0x1F, 0x89, 0x98, 0xC6, 0x8C, 0x03, 0x4E, 0x01, 0xA3, 0x00, 0xD1, 0x80, 0x6C, 0xE6,
    0x26, 0x3E, 0x31, 0x84, 0x10, 0x60, 0x38, 0x1C, 0x78, 0x03, 0xF0, 0x00, 0x00, 0x3F, 0x11, 0x80,
    0xC1, 0xE3, 0xF3, 0x99, 0xCC, 0xFF, 0x3D, 0x80, 0x00, 0x03, 0x18, 0xE7, 0x39, 0xCE, 0x71, 0xCE,
    0x39, 0xC3, 0x9C, 0x38, 0xC3, 0x08, 0x00, 0x00, 0x7F, 0xDF, 0xF0, 0x0C, 0x03, 0x00, 0xC0, 0x00,
    0x00, 0x00, 0x03, 0xFC, 0x03, 0x07, 0x03, 0x00, 0xC3, 0x7E, 0x33, 0x3F, 0x89, 0x8C, 0xC6, 0x86,
    0x63, 0x43, 0xF1, 0xA1, 0xF0, 0xD0, 0xCC, 0x6C, 0x66, 0x26, 0x73, 0xB1, 0x98, 0x50, 0x60, 0x38,
    0x1C, 0x78, 0x03, 0xF0, 0x00, 0x7C, 0xF8, 0x00, 0xFB, 0xB6, 0x3C, 0x78, 0xDF, 0x18, 0x0C, 0x03,
    0x00, 0xC0, 0x30, 0x7F, 0x9F, 0xE0, 0xC0, 0x30, 0x0C, 0x1F, 0xEF, 0xF8, 0x00, 0x7C, 0xFE, 0x06,
    0x06, 0x0C, 0x1C, 0x38, 0x77, 0xFE, 0x00, 0xFB, 0x30, 0x61, 0xC7, 0x83, 0x83, 0x0F, 0xF8, 0x00,
    0x00, 0x63, 0x9C, 0x60, 0x71, 0xCE, 0x39, 0xC3, 0x38, 0x67, 0x0C, 0xE1, 0x9C, 0x33, 0x86, 0x70,
    0xCF, 0x79, 0xFF, 0xB8, 0x07, 0x00, 0xE0, 0x08, 0x00, 0x0F, 0xF1, 0xFF, 0x9F, 0x98, 0xFC, 0xC7,
    0xE6, 0x3F, 0x31, 0xF9, 0x87, 0xCC, 0x1E, 0x60, 0x33, 0x01, 0x98, 0x0C, 0xC0, 0x66, 0x03, 0x30,
    0x19, 0x83, 0xCE, 0x67, 0x60, 0x01, 0x84, 0x7F, 0x30, 0x00, 0xCF, 0x0C, 0x30, 0xC3, 0x0C, 0x31,
    0xF0, 0x00, 0x1F, 0x18, 0xCC, 0x6E, 0x3F, 0x1F, 0x8C, 0xC6, 0x7E, 0x0E, 0x00, 0x00, 0x1C, 0x61,
    0xCE, 0x1C, 0xE1, 0xCE, 0x39, 0xCE, 0x31, 0x8C, 0x63, 0x18, 0x40, 0x00, 0x00, 0x00, 0x10, 0x18,
    0x18, 0x3C, 0x0C, 0x06, 0x04, 0x03, 0x06, 0x01, 0x82, 0x00, 0xC3, 0x00, 0x61, 0x18, 0x31, 0x9C,
    0x3E, 0x8C, 0x00, 0xCE, 0x80, 0x46, 0xC0, 0x66, 0x60, 0x33, 0xFC, 0x30, 0x18, 0x18, 0x0C, 0x18,
    0x00, 0x00, 0x00, 0x10, 0x18, 0x18, 0x3C, 0x0C, 0x06, 0x04, 0x03, 0x06, 0x01, 0x82, 0x00, 0xC3,
    0x00, 0x61, 0x3C, 0x31, 0xBF, 0x3E, 0x81, 0x80, 0xC0, 0xC0, 0x40, 0x60, 0x60, 0x60, 0x30, 0x64,
    0x30, 0x6E, 0x18, 0x7F, 0x18, 0x00, 0x00, 0x00, 0x08, 0x1F, 0x06, 0x0C, 0xC1, 0x80, 0x30, 0x40,
    0x1C, 0x30, 0x0F, 0x08, 0x00, 0xE6, 0x00, 0x19, 0x18, 0x0E, 0xCE, 0x3F, 0x23, 0x00, 0x19, 0xD0,
    0x04, 0x6C, 0x03, 0x33, 0x00, 0xCF, 0xF0, 0x60, 0x30, 0x18, 0x0C, 0x0C, 0x00, 0x00, 0x00, 0x06,
    0x03, 0x81, 0x80, 0x00, 0x20, 0x30, 0x1C, 0x0E, 0x0E, 0x0E, 0x0E, 0x06, 0x07, 0x03, 0x80, 0xC0,
    0x7D, 0x1F, 0x80, 0x00, 0x00, 0x00, 0x0C, 0x00, 0x1C, 0x00, 0x0C, 0x00, 0x00, 0x00, 0x70, 0x00,
    0xF0, 0x01, 0xE0, 0x06, 0xC0, 0x0D, 0xC0, 0x33, 0x80, 0x63, 0x00, 0xC7, 0x03, 0x0E, 0x07, 0xFC,
    0x0C, 0x1C, 0x30, 0x38, 0x60, 0x71, 0xF1, 0xF8, 0x00, 0x40, 0x01, 0xC0, 0x07, 0x00, 0x0C, 0x00,
    0x00, 0x00, 0x70, 0x00, 0xF0, 0x01, 0xE0, 0x06, 0xC0, 0x0D, 0xC0, 0x33, 0x80, 0x63, 0x00, 0xC7,
    0x03, 0x0E, 0x07, 0xFC, 0x0C, 0x1C, 0x30, 0x38, 0x60, 0x71, 0xF1, 0xF8, 0x00, 0x00, 0x07, 0x00,
    0x1F, 0x00, 0x23, 0x00, 0x00, 0x00, 0x70, 0x00, 0xF0, 0x01, 0xE0, 0x06, 0xC0, 0x0D, 0xC0, 0x33,
    0x80, 0x63, 0x00, 0xC7, 0x03, 0x0E, 0x07, 0xFC, 0x0C, 0x1C, 0x30, 0x38, 0x60, 0x71, 0xF1, 0xF8,
    0x07, 0x00, 0x0F, 0xC0, 0x13, 0x00, 0x00, 0x00, 0x38, 0x00, 0x78, 0x00, 0xF0, 0x03, 0x60, 0x06,
    0xE0, 0x19, 0xC0, 0x31, 0x80, 0x63, 0x81, 0x87, 0x03, 0xFE, 0x06, 0x0E, 0x18, 0x1C, 0x30, 0x38,
    0xF8, 0xFC, 0x06, 0x60, 0x0D, 0xC0, 0x1B, 0x00, 0x00, 0x00, 0x38, 0x00, 0x78, 0x00, 0xF0, 0x03,
    0x60, 0x06, 0xE0, 0x19, 0xC0, 0x31, 0x80, 0x63, 0x81, 0x87, 0x03, 0xFE, 0x06, 0x0E, 0x18, 0x1C,
    0x30, 0x38, 0xF8, 0xFC, 0x01, 0x80, 0x0F, 0x80, 0x19, 0x00, 0x32, 0x00, 0x3C, 0x00, 0x00, 0x00,
    0xE0, 0x01, 0xE0, 0x03, 0xC0, 0x0D, 0x80, 0x1B, 0x80, 0x67, 0x00, 0xC6, 0x01, 0x8E, 0x06, 0x1C,
    0x0F, 0xF8, 0x18, 0x38, 0x60, 0x70, 0xC0, 0xE3, 0xE3, 0xF0, 0x0F, 0xFF, 0xC0, 0x6E, 0x18, 0x0D,
    0xC3, 0x01, 0x38, 0x00, 0x67, 0x10, 0x0C, 0xE6, 0x03, 0x1F, 0xC0, 0x63, 0xF8, 0x1C, 0x71, 0x03,
    0xFE, 0x00, 0xE1, 0xC0, 0x98, 0x38, 0x33, 0x07, 0x0F, 0xF1, 0xFF, 0xC0, 0x00, 0x00, 0xFE, 0x18,
    0x73, 0x06, 0x70, 0x26, 0x00, 0xE0, 0x0E, 0x00, 0xE0, 0x0E, 0x00, 0x60, 0x07, 0x02, 0x70, 0x33,
    0x86, 0x1F, 0xE0, 0x30, 0x01, 0x80, 0x18, 0x07, 0x80, 0x70, 0x08, 0x01, 0xC0, 0x0E, 0x00, 0x60,
    0x00, 0x07, 0xFE, 0x38, 0x63, 0x86, 0x38, 0x03, 0x80, 0x39, 0x83, 0xF8, 0x3F, 0x83, 0x98, 0x38,
    0x03, 0x83, 0x38, 0x33, 0x87, 0x7F, 0xF0, 0x00, 0x00, 0x18, 0x03, 0x80, 0x60, 0x00, 0x07, 0xFE,
    0x38, 0x63, 0x86, 0x38, 0x03, 0x80, 0x39, 0x83, 0xF8, 0x3F, 0x83, 0x98, 0x38, 0x03, 0x83, 0x38,
    0x33, 0x87, 0x7F, 0xF0, 0x00, 0x00, 0xF0, 0x0F, 0x81, 0x88, 0x00, 0x07, 0xFE, 0x38, 0x63, 0x86,
    0x38, 0x03, 0x80, 0x39, 0x83, 0xF8, 0x3F, 0x83, 0x98, 0x38, 0x03, 0x83, 0x38, 0x33, 0x87, 0x7F,
    0xF0, 0x19, 0x81, 0xD8, 0x19, 0x80, 0x00, 0x7F, 0xE3, 0x86, 0x38, 0x63, 0x80, 0x38, 0x03, 0x98,
    0x3F, 0x83, 0xF8, 0x39, 0x83, 0x80, 0x38, 0x33, 0x83, 0x38, 0x77, 0xFF, 0x00, 0xC1, 0xC1, 0x80,
    0x1F, 0x8E, 0x1C, 0x38, 0x70, 0xE1, 0xC3, 0x87, 0x0E, 0x1C, 0x38, 0x71, 0xF0, 0x00, 0x18, 0x70,
    0xC0, 0x1F, 0x8E, 0x1C, 0x38, 0x70, 0xE1, 0xC3, 0x87, 0x0E, 0x1C, 0x38, 0x71, 0xF0, 0x00, 0x71,
    0xF6, 0x30, 0x1F, 0x8E, 0x1C, 0x38, 0x70, 0xE1, 0xC3, 0x87, 0x0E, 0x1C, 0x38, 0x71, 0xF0, 0x6D,
    0xDD, 0xB0, 0x0F, 0xC7, 0x0E, 0x1C, 0x38, 0x70, 0xE1, 0xC3, 0x87, 0x0E, 0x1C, 0x38, 0xF8, 0x00,
    0x01, 0xFF, 0x03, 0x8F, 0x0E, 0x0E, 0x38, 0x38, 0xE0, 0x63, 0x81, 0xDF, 0x87, 0x7E, 0x1C, 0xE0,
    0x73, 0x81, 0x8E, 0x0E, 0x38, 0x30, 0xE3, 0x8F, 0xFC, 0x00, 0x00, 0x07, 0x40, 0x1F, 0x80, 0x17,
    0x00, 0x00, 0x0F, 0x83, 0xC7, 0x03, 0x0F, 0x06, 0x1F, 0x0C, 0x36, 0x18, 0x6E, 0x30, 0xCE, 0x61,
    0x8C, 0xC3, 0x1D, 0x86, 0x1F, 0x0C, 0x1E, 0x18, 0x3C, 0x30, 0x39, 0xF0, 0x30, 0x00, 0x00, 0x60,
    0x03, 0x80, 0x06, 0x00, 0x00, 0x07, 0xE0, 0xE3, 0x86, 0x0E, 0x70, 0x3B, 0x01, 0xD8, 0x0F, 0xC0,
    0x7E, 0x03, 0xF0, 0x1D, 0x80, 0xEE, 0x06, 0x70, 0x71, 0xC7, 0x07, 0xF0, 0x00, 0x00, 0x00, 0x80,
    0x0E, 0x00, 0xE0, 0x06, 0x00, 0x00, 0x07, 0xE0, 0xE3, 0x86, 0x0E, 0x70, 0x3B, 0x01, 0xD8, 0x0F,
    0xC0, 0x7E, 0x03, 0xF0, 0x1D, 0x80, 0xEE, 0x06, 0x70, 0x71, 0xC7, 0x07, 0xF0, 0x00, 0x00, 0x00,
    0x00, 0x38, 0x03, 0xE0, 0x11, 0x80, 0x00, 0x07, 0xE0, 0xE3, 0x86, 0x0E, 0x70, 0x3B, 0x01, 0xD8,
    0x0F, 0xC0, 0x7E, 0x03, 0xF0, 0x1D, 0x80, 0xEE, 0x06, 0x70, 0x71, 0xC7, 0x07, 0xF0, 0x00, 0x00,
    0x06, 0x40, 0x7E, 0x02, 0x60, 0x00, 0x00, 0xFC, 0x1C, 0x70, 0xC1, 0xCE, 0x07, 0x60, 0x3B, 0x01,
    0xF8, 0x0F, 0xC0, 0x7E, 0x03, 0xB0, 0x1D, 0xC0, 0xCE, 0x0E, 0x38, 0xE0, 0xFE, 0x00, 0x00, 0x0C,
    0xC0, 0x6E, 0x03, 0x20, 0x00, 0x00, 0xFC, 0x1C, 0x70, 0xC1, 0xCE, 0x07, 0x60, 0x3B, 0x01, 0xF8,
    0x0F, 0xC0, 0x7E, 0x03, 0xB0, 0x1D, 0xC0, 0xCE, 0x0E, 0x38, 0xE0, 0xFE, 0x00, 0x00, 0x00, 0x61,
    0xB9, 0xCF, 0xC1, 0xC1, 0xE1, 0xD9, 0xCE, 0xC3, 0x00, 0x00, 0x00, 0x00, 0x02, 0x03, 0xF0, 0x71,
    0xC3, 0x0F, 0x38, 0x5D, 0x84, 0xEC, 0x27, 0xE3, 0x3F, 0x11, 0xF8, 0x8E, 0xC8, 0x77, 0x43, 0x3E,
    0x38, 0xE3, 0x83, 0xF8, 0x10, 0x00, 0x80, 0x00, 0x04, 0x00, 0x38, 0x00, 0x60, 0x00, 0xC0, 0x00,
    0x03, 0xF1, 0xF7, 0x03, 0x8C, 0x04, 0x30, 0x10, 0xC0, 0x43, 0x01, 0x0C, 0x04, 0x30, 0x10, 0xC0,
    0x43, 0x03, 0x0C, 0x0C, 0x38, 0x30, 0x71, 0x80, 0xFC, 0x00, 0x00, 0x00, 0x80, 0x07, 0x00, 0x18,
    0x00, 0xC0, 0x00, 0x03, 0xF1, 0xF7, 0x03, 0x8C, 0x04, 0x30, 0x10, 0xC0, 0x43, 0x01, 0x0C, 0x04,
    0x30, 0x10, 0xC0, 0x43, 0x03, 0x0C, 0x0C, 0x38, 0x30, 0x71, 0x80, 0xFC, 0x00, 0x00, 0x00, 0x00,
    0x1E, 0x00, 0xFC, 0x03, 0x30, 0x00, 0x03, 0xF1, 0xF7, 0x03, 0x8C, 0x04, 0x30, 0x10, 0xC0, 0x43,
    0x01, 0x0C, 0x04, 0x30, 0x10, 0xC0, 0x43, 0x03, 0x0C, 0x0C, 0x38, 0x30, 0x71, 0x80, 0xFC, 0x00,
    0x00, 0x0C, 0xC0, 0x3F, 0x00, 0xCC, 0x00, 0x00, 0xFC, 0x7D, 0xC0, 0xE3, 0x01, 0x0C, 0x04, 0x30,
    0x10, 0xC0, 0x43, 0x01, 0x0C, 0x04, 0x30, 0x10, 0xC0, 0xC3, 0x03, 0x0E, 0x0C, 0x1C, 0x60, 0x3F,
    0x00, 0x00, 0x00, 0x00, 0x80, 0x03, 0x00, 0x18, 0x00, 0xC0, 0x00, 0x01, 0xF1, 0xF3, 0x83, 0x0E,
    0x0C, 0x1C, 0x60, 0x71, 0x80, 0xEC, 0x01, 0xA0, 0x07, 0x80, 0x0C, 0x00, 0x30, 0x00, 0xC0, 0x03,
    0x00, 0x0C, 0x00, 0xFC, 0x00, 0x7C, 0x03, 0x80, 0x38, 0x03, 0xFC, 0x38, 0xE3, 0x87, 0x38, 0x73,
    0x87, 0x38, 0x63, 0x9E, 0x3F, 0x83, 0x80, 0x38, 0x07, 0xE0, 0x07, 0x81, 0xFC, 0x30, 0xC3, 0x0C,
    0x71, 0xC7, 0x18, 0x73, 0x07, 0x30, 0x73, 0x87, 0x1C, 0x70, 0xE7, 0x06, 0x70, 0x67, 0x0E, 0xF7,
    0xC0, 0x00, 0x00, 0x0C, 0x03, 0x80, 0x70, 0x0C, 0x00, 0x01, 0xE1, 0xFC, 0x43, 0x80, 0xE0, 0x38,
    0xFE, 0x73, 0xB8, 0xEE, 0x3B, 0xDE, 0x7F, 0xC0, 0x00, 0x00, 0x00, 0xC0, 0x70, 0x38, 0x0C, 0x00,
    0x01, 0xE1, 0xFC, 0x43, 0x80, 0xE0, 0x38, 0xFE, 0x73, 0xB8, 0xEE, 0x3B, 0xDE, 0x7F, 0xC0, 0x00,
    0x0C, 0x07, 0x83, 0x30, 0xC4, 0x00, 0x07, 0x87, 0xF1, 0x0E, 0x03, 0x80, 0xE3, 0xF9, 0xCE, 0xE3,
    0xB8, 0xEF, 0x79, 0xFF, 0x00, 0x00, 0x18, 0x0F, 0xC2, 0x70, 0x00, 0x1E, 0x1F, 0xC4, 0x38, 0x0E,
    0x03, 0x8F, 0xE7, 0x3B, 0x8E, 0xE3, 0xBD, 0xE7, 0xFC, 0x00, 0x33, 0x0C, 0xC3, 0x30, 0x00, 0x1E,
    0x1F, 0xC4, 0x38, 0x0E, 0x03, 0x8F, 0xE7, 0x3B, 0x8E, 0xE3, 0xBD, 0xE7, 0xFC, 0x00, 0x0C, 0x07,
    0x83, 0x30, 0x4C, 0x1E, 0x00, 0x01, 0xE1, 0xFC, 0x43, 0x80, 0xE0, 0x38, 0xFE, 0x73, 0xB8, 0xEE,
    0x3B, 0xDE, 0x7F, 0xC0, 0x00, 0x1E, 0x78, 0x7F, 0xFE, 0x43, 0x86, 0x03, 0x86, 0x03, 0x86, 0x3F,
    0xFE, 0x73, 0x80, 0xE3, 0x80, 0xE1, 0x80, 0xF7, 0xE6, 0x7C, 0xFC, 0x00, 0x00, 0x0F, 0x1F, 0xDC,
    0x6C, 0x36, 0x07, 0x03, 0x80, 0xC0, 0x70, 0x3C, 0xCF, 0xC1, 0x80, 0x60, 0x30, 0x78, 0x38, 0x00,
    0x0E, 0x03, 0x80, 0x70, 0x06, 0x00, 0x01, 0xE0, 0xFE, 0x61, 0x98, 0x6E, 0x1B, 0xFE, 0xE0, 0x38,
    0x07, 0x01, 0xE6, 0x3F, 0x00, 0x00, 0x00, 0x00, 0xE0, 0x70, 0x18, 0x0C, 0x00, 0x01, 0xE0, 0xFE,
    0x61, 0x98, 0x6E, 0x1B, 0xFE, 0xE0, 0x38, 0x07, 0x01, 0xE6, 0x3F, 0x00, 0x00, 0x0E, 0x07, 0x81,
    0xB0, 0xC6, 0x00, 0x07, 0x83, 0xF9, 0x86, 0x61, 0xB8, 0x6F, 0xFB, 0x80, 0xE0, 0x1C, 0x07, 0x98,
    0xFC, 0x00, 0x00, 0x33, 0x0E, 0xE3, 0x30, 0x00, 0x1E, 0x0F, 0xE6, 0x19, 0x86, 0xE1, 0xBF, 0xEE,
    0x03, 0x80, 0x70, 0x1E, 0x63, 0xF0, 0x00, 0x00, 0xC1, 0xC1, 0xC1, 0x80, 0x0E, 0x1C, 0x18, 0x30,
    0x60, 0xC1, 0x83, 0x06, 0x0C, 0x7E, 0x00, 0x18, 0x71, 0xC3, 0x00, 0x1C, 0x38, 0x30, 0x60, 0xC1,
    0x83, 0x06, 0x0C, 0x18, 0xFC, 0x18, 0x3C, 0x66, 0x62, 0x00, 0x38, 0x38, 0x18, 0x18, 0x18, 0x18,
    0x18, 0x18, 0x18, 0x18, 0x7E, 0x66, 0x66, 0x66, 0x00, 0x38, 0x38, 0x18, 0x18, 0x18, 0x18, 0x18,
    0x18, 0x18, 0x18, 0x7E, 0x24, 0x07, 0x80, 0x70, 0x0F, 0x80, 0x30, 0x03, 0x03, 0xF1, 0xFE, 0x70,
    0xCC, 0x19, 0x83, 0x70, 0x6E, 0x0C, 0xC1, 0x9C, 0x73, 0x8C, 0x3F, 0x00, 0x00, 0x0C, 0x01, 0xF8,
    0x13, 0x80, 0x00, 0x73, 0x8F, 0xFC, 0x38, 0xE3, 0x0E, 0x30, 0xE3, 0x0E, 0x30, 0xE3, 0x0E, 0x30,
    0xE3, 0x0E, 0x79, 0xF0, 0x00, 0x07, 0x00, 0x70, 0x06, 0x00, 0x60, 0x00, 0x03, 0xC1, 0xFC, 0x71,
    0xCC, 0x1B, 0x83, 0x70, 0x7E, 0x0E, 0xC1, 0x9C, 0x73, 0x8C, 0x3F, 0x00, 0x00, 0x00, 0x00, 0x70,
    0x1C, 0x03, 0x00, 0xC0, 0x00, 0x03, 0xC1, 0xFC, 0x71, 0xCC, 0x1B, 0x83, 0x70, 0x7E, 0x0E, 0xC1,
    0x9C, 0x73, 0x8C, 0x3F, 0x00, 0x00, 0x0E, 0x03, 0xE0, 0x6C, 0x18, 0xC0, 0x00, 0x1E, 0x0F, 0xE3,
    0x8E, 0x60, 0xDC, 0x1B, 0x83, 0xF0, 0x76, 0x0C, 0xE3, 0x9C, 0x61, 0xF8, 0x00, 0x00, 0x18, 0x07,
    0xF0, 0xDC, 0x00, 0x00, 0xF0, 0x7F, 0x1C, 0x73, 0x06, 0xE0, 0xDC, 0x1F, 0x83, 0xB0, 0x67, 0x1C,
    0xE3, 0x0F, 0xC0, 0x00, 0x3B, 0x87, 0x70, 0xCC, 0x00, 0x00, 0xF0, 0x7F, 0x1C, 0x73, 0x06, 0xE0,
    0xDC, 0x1F, 0x83, 0xB0, 0x67, 0x1C, 0xE3, 0x0F, 0xC0, 0x00, 0x00, 0x0E, 0x07, 0x01, 0x00, 0x07,
    0xFF, 0xFE, 0x00, 0x08, 0x0E, 0x07, 0x00, 0x00, 0x00, 0x00, 0x10, 0x3E, 0x1F, 0xC7, 0x3C, 0xC5,
    0xB9, 0xB7, 0x27, 0xE4, 0xED, 0x19, 0xE7, 0x3C, 0xC3, 0xF0, 0x60, 0x08, 0x00, 0x00, 0x03, 0x80,
    0x1C, 0x00, 0xC0, 0x06, 0x00, 0x00, 0x71, 0xC7, 0x1C, 0x70, 0xC7, 0x0C, 0x70, 0xC7, 0x0C, 0x70,
    0xC7, 0x0C, 0x70, 0xC3, 0xBC, 0x3E, 0xE0, 0x00, 0x00, 0x00, 0x38, 0x03, 0x80, 0x60, 0x0C, 0x00,
    0x00, 0x71, 0xC7, 0x1C, 0x70, 0xC7, 0x0C, 0x70, 0xC7, 0x0C, 0x70, 0xC7, 0x0C, 0x70, 0xC3, 0xBC,
    0x3E, 0xE0, 0x00, 0x0E, 0x00, 0xF0, 0x1B, 0x03, 0x18, 0x00, 0x07, 0x1C, 0x71, 0xC7, 0x0C, 0x70,
    0xC7, 0x0C, 0x70, 0xC7, 0x0C, 0x70, 0xC7, 0x0C, 0x3B, 0xC3, 0xEE, 0x00, 0x00, 0x19, 0x83, 0xB8,
    0x19, 0x80, 0x00, 0x71, 0xC7, 0x1C, 0x70, 0xC7, 0x0C, 0x70, 0xC7, 0x0C, 0x70, 0xC7, 0x0C, 0x70,
    0xC3, 0xBC, 0x3E, 0xE0, 0x00, 0x00, 0x00, 0x70, 0x1C, 0x03, 0x00, 0xC0, 0x00, 0x3E, 0x7F, 0xCF,
    0x70, 0xCE, 0x18, 0xC6, 0x1C, 0xC1, 0x98, 0x36, 0x07, 0xC0, 0x78, 0x0E, 0x00, 0xC0, 0x30, 0x06,
    0x07, 0x80, 0x60, 0x00, 0x10, 0x07, 0x80, 0x38, 0x03, 0x80, 0x38, 0x03, 0xB8, 0x3F, 0xE3, 0x8E,
    0x38, 0x73, 0x87, 0x38, 0x73, 0x87, 0x38, 0x73, 0x86, 0x38, 0xC3, 0xF8, 0x38, 0x03, 0x80, 0x38,
    0x07, 0xC0, 0x7E, 0x00, 0x3B, 0x87, 0x70, 0xCC, 0x00, 0x0F, 0x9F, 0xF3, 0xDC, 0x33, 0x86, 0x31,
    0x87, 0x30, 0x66, 0x0D, 0x81, 0xF0, 0x1E, 0x03, 0x80, 0x30, 0x0C, 0x01, 0x81, 0xE0, 0x18, 0x00,
    0x07, 0xE0, 0x0F, 0x80, 0x00, 0x00, 0x1C, 0x00, 0x3C, 0x00, 0x78, 0x01, 0xB0, 0x03, 0x70, 0x0C,
    0xE0, 0x18, 0xC0, 0x31, 0xC0, 0xC3, 0x81, 0xFF, 0x03, 0x07, 0x0C, 0x0E, 0x18, 0x1C, 0x7C, 0x7E,
    0x3F, 0x0F, 0xC0, 0x00, 0x78, 0x7F, 0x10, 0xE0, 0x38, 0x0E, 0x3F, 0x9C, 0xEE, 0x3B, 0x8E, 0xF7,
    0x9F, 0xF0, 0x00, 0x00, 0x00, 0x08, 0xC0, 0x1F, 0x00, 0x1E, 0x00, 0x00, 0x00, 0x70, 0x00, 0xF0,
    0x01, 0xE0, 0x06, 0xC0, 0x0D, 0xC0, 0x33, 0x80, 0x63, 0x00, 0xC7, 0x03, 0x0E, 0x07, 0xFC, 0x0C,
    0x1C, 0x30, 0x38, 0x60, 0x71, 0xF1, 0xF8, 0x21, 0x08, 0x43, 0xF0, 0x78, 0x00, 0x07, 0x87, 0xF1,
    0x0E, 0x03, 0x80, 0xE3, 0xF9, 0xCE, 0xE3, 0xB8, 0xEF, 0x79, 0xFF, 0x00, 0x00, 0x00, 0x00, 0x07,
    0x00, 0x0F, 0x00, 0x1E, 0x00, 0x6C, 0x00, 0xDC, 0x03, 0x38, 0x06, 0x30, 0x0C, 0x70, 0x30, 0xE0,
    0x7F, 0xC0, 0xC1, 0xC3, 0x03, 0x86, 0x07, 0x1F, 0x1F, 0x80, 0x0C, 0x00, 0x30, 0x00, 0x60, 0x00,
    0xF0, 0x01, 0xE0, 0x1E, 0x1F, 0xC4, 0x38, 0x0E, 0x03, 0x8F, 0xE7, 0x3B, 0x8E, 0xE3, 0xBD, 0xE7,
    0xFC, 0x0C, 0x06, 0x01, 0x80, 0x7C, 0x0E, 0x00, 0x00, 0x0C, 0x01, 0xC0, 0x30, 0x00, 0x00, 0xFE,
    0x18, 0x73, 0x06, 0x70, 0x26, 0x00, 0xE0, 0x0E, 0x00, 0xE0, 0x0E, 0x00, 0x60, 0x07, 0x02, 0x70,
    0x33, 0x86, 0x1F, 0xE0, 0x00, 0x00, 0x01, 0xC0, 0xE0, 0xE0, 0x40, 0x00, 0x3C, 0x7F, 0x71, 0xB0,
    0xD8, 0x1C, 0x0E, 0x03, 0x01, 0xC0, 0xF3, 0x3F, 0x00, 0x00, 0x00, 0x00, 0x78, 0x07, 0xC0, 0xC4,
    0x00, 0x00, 0xFE, 0x18, 0x73, 0x06, 0x70, 0x26, 0x00, 0xE0, 0x0E, 0x00, 0xE0, 0x0E, 0x00, 0x60,
    0x07, 0x02, 0x70, 0x33, 0x86, 0x1F, 0xE0, 0x00, 0x0E, 0x07, 0x86, 0xC6, 0x30, 0x00, 0x78, 0xFE,
    0xE3, 0x61, 0xB0, 0x38, 0x1C, 0x06, 0x03, 0x81, 0xE6, 0x7E, 0x00, 0x00, 0x03, 0x00, 0x38, 0x03,
    0x00, 0x00, 0x0F, 0xE1, 0x87, 0x30, 0x67, 0x02, 0x60, 0x0E, 0x00, 0xE0, 0x0E, 0x00, 0xE0, 0x06,
    0x00, 0x70, 0x27, 0x03, 0x38, 0x61, 0xFE, 0x00, 0x00, 0x06, 0x07, 0x01, 0x80, 0x00, 0xF1, 0xFD,
    0xC6, 0xC3, 0x60, 0x70, 0x38, 0x0C, 0x07, 0x03, 0xCC, 0xFC, 0x00, 0x00, 0x00, 0xCC, 0x07, 0xC0,
    0x38, 0x00, 0x00, 0xFE, 0x18, 0x73, 0x06, 0x70, 0x26, 0x00, 0xE0, 0x0E, 0x00, 0xE0, 0x0E, 0x00,
    0x60, 0x07, 0x02, 0x70, 0x33, 0x86, 0x1F, 0xE0, 0x00, 0x00, 0x18, 0xC6, 0xC1, 0xE0, 0xE0, 0x00,
    0x3C, 0x7F, 0x71, 0xB0, 0xD8, 0x1C, 0x0E, 0x03, 0x01, 0xC0, 0xF3, 0x3F, 0x00, 0x00, 0x00, 0x00,
    0x33, 0x00, 0x78, 0x00, 0xE0, 0x00, 0x01, 0xFF, 0x03, 0x8F, 0x0E, 0x0E, 0x38, 0x38, 0xE0, 0x63,
    0x81, 0xCE, 0x07, 0x38, 0x1C, 0xE0, 0x73, 0x81, 0x8E, 0x0E, 0x38, 0x30, 0xE3, 0x8F, 0xFC, 0x00,
    0x00, 0x00, 0x88, 0x0F, 0x60, 0x0D, 0x80, 0x36, 0x00, 0xD8, 0x3F, 0x03, 0xFC, 0x1C, 0x30, 0x60,
    0xC1, 0x83, 0x0E, 0x0C, 0x38, 0x30, 0xE0, 0xC1, 0xC3, 0x07, 0xBC, 0x0F, 0xB8, 0x00, 0x00, 0x00,
    0x01, 0xFF, 0x03, 0x8F, 0x0E, 0x0E, 0x38, 0x38, 0xE0, 0x63, 0x81, 0xDF, 0x87, 0x7E, 0x1C, 0xE0,
    0x73, 0x81, 0x8E, 0x0E, 0x38, 0x30, 0xE3, 0x8F, 0xFC, 0x00, 0x00, 0x00, 0x80, 0x78, 0x03, 0x03,
    0xF0, 0x1C, 0x1F, 0x8F, 0xF3, 0x86, 0x60, 0xCC, 0x1B, 0x83, 0x70, 0x6E, 0x0C, 0xE1, 0x9E, 0xF1,
    0xF7, 0x00, 0x00, 0x1F, 0x81, 0xF8, 0x00, 0x07, 0xFE, 0x38, 0x63, 0x86, 0x38, 0x03, 0x80, 0x39,
    0x83, 0xF8, 0x3F, 0x83, 0x98, 0x38, 0x03, 0x83, 0x38, 0x33, 0x87, 0x7F, 0xF0, 0x3F, 0x07, 0xC0,
    0x00, 0x78, 0x3F, 0x98, 0x66, 0x1B, 0x86, 0xFF, 0xB8, 0x0E, 0x01, 0xC0, 0x79, 0x8F, 0xC0, 0x00,
    0x00, 0x01, 0x98, 0x1F, 0x80, 0xF0, 0x00, 0x07, 0xFE, 0x38, 0x63, 0x86, 0x38, 0x03, 0x80, 0x39,
    0x83, 0xF8, 0x3F, 0x83, 0x98, 0x38, 0x03, 0x83, 0x38, 0x33, 0x87, 0x7F, 0xF0, 0x00, 0x0C, 0x63,
    0xF0, 0x78, 0x00, 0x07, 0x83, 0xF9, 0x86, 0x61, 0xB8, 0x6F, 0xFB, 0x80, 0xE0, 0x1C, 0x07, 0x98,
    0xFC, 0x00, 0x00, 0x06, 0x00, 0x70, 0x06, 0x00, 0x00, 0x7F, 0xE3, 0x86, 0x38, 0x63, 0x80, 0x38,
    0x03, 0x98, 0x3F, 0x83, 0xF8, 0x39, 0x83, 0x80, 0x38, 0x33, 0x83, 0x38, 0x77, 0xFF, 0x0E, 0x03,
    0x80, 0xC0, 0x00, 0x1E, 0x0F, 0xE6, 0x19, 0x86, 0xE1, 0xBF, 0xEE, 0x03, 0x80, 0x70, 0x1E, 0x63,
    0xF0, 0x00, 0x7F, 0xE3, 0x86, 0x38, 0x63, 0x80, 0x38, 0x03, 0x98, 0x3F, 0x83, 0xF8, 0x39, 0x83,
    0x80, 0x38, 0x33, 0x83, 0x38, 0x77, 0xFF, 0x01, 0x80, 0x30, 0x03, 0x00, 0x3E, 0x01, 0xC0, 0x1E,
    0x0F, 0xE6, 0x19, 0x86, 0xE1, 0xBF, 0xEE, 0x03, 0x80, 0x70, 0x1E, 0x63, 0xF0, 0x18, 0x0C, 0x03,
    0x00, 0xF8, 0x3C, 0x00, 0x01, 0x98, 0x0F, 0x80, 0x70, 0x00, 0x07, 0xFE, 0x38, 0x63, 0x86, 0x38,
    0x03, 0x80, 0x39, 0x83, 0xF8, 0x3F, 0x83, 0x98, 0x38, 0x03, 0x83, 0x38, 0x33, 0x87, 0x7F, 0xF0,
    0x00, 0x0C, 0x61, 0xB0, 0x78, 0x0E, 0x00, 0x01, 0xE0, 0xFE, 0x61, 0x98, 0x6E, 0x1B, 0xFE, 0xE0,
    0x38, 0x07, 0x01, 0xE6, 0x3F, 0x00, 0x00, 0x00, 0x00, 0x1E, 0x00, 0xFC, 0x03, 0x10, 0x00, 0x00,
    0x3F, 0xC3, 0xC3, 0x0C, 0x0C, 0x70, 0x31, 0x80, 0x0E, 0x00, 0x38, 0x00, 0xE0, 0xFF, 0x80, 0xE6,
    0x03, 0x9C, 0x0E, 0x70, 0x38, 0xE1, 0xE0, 0xFF, 0x00, 0x00, 0x0E, 0x01, 0xF0, 0x1B, 0x03, 0x18,
    0x00, 0x01, 0xF6, 0x3F, 0xE7, 0x1C, 0x61, 0xC6, 0x1C, 0x71, 0x83, 0xF0, 0x3C, 0x06, 0x00, 0x7F,
    0x83, 0xFE, 0x60, 0xE6, 0x06, 0xE0, 0xE7, 0x1C, 0x3F, 0x80, 0x00, 0x00, 0x00, 0x33, 0x00, 0xFC,
    0x01, 0xE0, 0x00, 0x00, 0x3F, 0xC3, 0xC3, 0x0C, 0x0C, 0x70, 0x31, 0x80, 0x0E, 0x00, 0x38, 0x00,
    0xE0, 0xFF, 0x80, 0xE6, 0x03, 0x9C, 0x0E, 0x70, 0x38, 0xE1, 0xE0, 0xFF, 0x00, 0x00, 0x00, 0x03,
    0x18, 0x3F, 0x01, 0xF0, 0x00, 0x01, 0xF6, 0x3F, 0xE7, 0x1C, 0x61, 0xC6, 0x1C, 0x71, 0x83, 0xF0,
    0x3C, 0x06, 0x00, 0x7F, 0x83, 0xFE, 0x60, 0xE6, 0x06, 0xE0, 0xE7, 0x1C, 0x3F, 0x80, 0x00, 0x03,
    0x00, 0x0E, 0x00, 0x30, 0x00, 0x00, 0x0F, 0xF0, 0xF0, 0xC3, 0x03, 0x1C, 0x0C, 0x60, 0x03, 0x80,
    0x0E, 0x00, 0x38, 0x3F, 0xE0, 0x39, 0x80, 0xE7, 0x03, 0x9C, 0x0E, 0x38, 0x78, 0x3F, 0xC0, 0x00,
    0x00, 0x0E, 0x00, 0xE0, 0x0C, 0x00, 0x00, 0x1F, 0x63, 0xFE, 0x71, 0xC6, 0x1C, 0x61, 0xC7, 0x18,
    0x3F, 0x03, 0xC0, 0x60, 0x07, 0xF8, 0x3F, 0xE6, 0x0E, 0x60, 0x6E, 0x0E, 0x71, 0xC3, 0xF8, 0x00,
    0x00, 0x00, 0x00, 0x3F, 0xC3, 0xC3, 0x0C, 0x0C, 0x70, 0x31, 0x80, 0x0E, 0x00, 0x38, 0x00, 0xE0,
    0xFF, 0x80, 0xE6, 0x03, 0x9C, 0x0E, 0x70, 0x38, 0xE1, 0xE0, 0xFF, 0x00, 0x00, 0x03, 0x00, 0x0C,
    0x00, 0x30, 0x00, 0xC0, 0x00, 0x00, 0x00, 0x00, 0x40, 0x0C, 0x00, 0xE0, 0x0E, 0x00, 0x00, 0x1F,
    0x63, 0xFE, 0x71, 0xC6, 0x1C, 0x61, 0xC7, 0x18, 0x3F, 0x03, 0xC0, 0x60, 0x07, 0xF8, 0x3F, 0xE6,
    0x0E, 0x60, 0x6E, 0x0E, 0x71, 0xC3, 0xF8, 0x00, 0x00, 0x00, 0x00, 0x07, 0x00, 0x1F, 0x00, 0x63,
    0x00, 0x00, 0x0F, 0x8F, 0xCE, 0x0E, 0x1C, 0x0C, 0x38, 0x18, 0x70, 0x30, 0xE0, 0x61, 0xFF, 0xC3,
    0xFF, 0x87, 0x03, 0x0E, 0x06, 0x1C, 0x0C, 0x38, 0x18, 0x70, 0x33, 0xF1, 0xF8, 0x00, 0x01, 0xE0,
    0x1F, 0x00, 0x8C, 0x01, 0x80, 0x3C, 0x00, 0x60, 0x03, 0x00, 0x18, 0x00, 0xCE, 0x07, 0xF8, 0x38,
    0xE1, 0x87, 0x0C, 0x38, 0x61, 0xC3, 0x0E, 0x18, 0x70, 0xC3, 0x86, 0x1C, 0x7D, 0xF0, 0x7C, 0x7E,
    0x70, 0x30, 0xE0, 0x63, 0xFF, 0xE7, 0xFF, 0xC7, 0x03, 0x0E, 0x06, 0x1F, 0xFC, 0x3F, 0xF8, 0x70,
    0x30, 0xE0, 0x61, 0xC0, 0xC3, 0x81, 0x8F, 0x8F, 0xC0, 0x30, 0x0F, 0x00, 0x30, 0x0F, 0xE0, 0x30,
    0x03, 0x38, 0x3F, 0xC3, 0x8E, 0x30, 0xE3, 0x0E, 0x30, 0xE3, 0x0E, 0x30, 0xE3, 0x0E, 0x30, 0xE7,
    0xDF, 0x74, 0xF9, 0x70, 0x0F, 0xC7, 0x0E, 0x1C, 0x38, 0x70, 0xE1, 0xC3, 0x87, 0x0E, 0x1C, 0x38,
    0xF8, 0x30, 0x7E, 0x4E, 0x00, 0x38, 0x38, 0x18, 0x18, 0x18, 0x18, 0x18, 0x18, 0x18, 0x18, 0x7E,
    0x7C, 0xF8, 0x07, 0xE3, 0x87, 0x0E, 0x1C, 0x38, 0x70, 0xE1, 0xC3, 0x87, 0x0E, 0x1C, 0x7C, 0xFF,
    0xF0, 0x1C, 0x70, 0xC3, 0x0C, 0x30, 0xC3, 0x0C, 0x33, 0xF0, 0x01, 0x8D, 0xF1, 0xC0, 0x1F, 0x8E,
    0x1C, 0x38, 0x70, 0xE1, 0xC3, 0x87, 0x0E, 0x1C, 0x38, 0x71, 0xF0, 0x87, 0x1F, 0xDE, 0x01, 0xC7,
    0x0C, 0x30, 0xC3, 0x0C, 0x30, 0xC3, 0x3F, 0xFC, 0x70, 0xE1, 0xC3, 0x87, 0x0E, 0x1C, 0x38, 0x70,
    0xE1, 0xC3, 0x8F, 0x86, 0x18, 0x70, 0xF8, 0xF0, 0x30, 0xE3, 0x00, 0x71, 0xC3, 0x0C, 0x30, 0xC3,
    0x0C, 0x30, 0xCF, 0xCC, 0x61, 0x87, 0xDE, 0x38, 0x70, 0xE0, 0x0F, 0xC7, 0x0E, 0x1C, 0x38, 0x70,
    0xE1, 0xC3, 0x87, 0x0E, 0x1C, 0x38, 0xF8, 0x71, 0xC3, 0x0C, 0x30, 0xC3, 0x0C, 0x30, 0xCF, 0xC0,
    0xFD, 0xF8, 0xE1, 0xC3, 0x87, 0x0E, 0x1C, 0x38, 0x70, 0xE1, 0xC3, 0x87, 0x0E, 0x1C, 0x38, 0x70,
    0xE1, 0xC3, 0x87, 0x0E, 0x1C, 0x38, 0x71, 0xF1, 0x80, 0x06, 0x00, 0x38, 0x01, 0xC0, 0x00, 0x00,
    0x31, 0xCE, 0x73, 0x1C, 0x00, 0x71, 0xDC, 0xF3, 0x1C, 0xC7, 0x31, 0xCC, 0x73, 0x0C, 0xC3, 0x30,
    0xCC, 0x3F, 0xCC, 0x07, 0x01, 0xC0, 0x60, 0x78, 0x1C, 0x00, 0x1C, 0x3E, 0x63, 0x00, 0x3F, 0x1C,
    0x1C, 0x1C, 0x1C, 0x1C, 0x1C, 0x1C, 0x1C, 0x1C, 0x1C, 0x1C, 0x1C, 0x1C, 0x18, 0x38, 0x70, 0x00,
    0x18, 0x3C, 0x66, 0x62, 0x00, 0x38, 0x38, 0x18, 0x18, 0x18, 0x18, 0x18, 0x18, 0x18, 0x18, 0x18,
    0x18, 0x18, 0x38, 0x70, 0x60, 0x7C, 0xF8, 0xE1, 0xC3, 0x8E, 0x0E, 0x30, 0x39, 0x80, 0xEC, 0x03,
    0xF0, 0x0F, 0xE0, 0x39, 0xC0, 0xE3, 0x03, 0x8E, 0x0E, 0x1C, 0x38, 0x7B, 0xF0, 0xF0, 0x00, 0x00,
    0xC0, 0x03, 0x80, 0x0C, 0x00, 0x30, 0x00, 0x00, 0x20, 0x0F, 0x00, 0x30, 0x03, 0x00, 0x30, 0x03,
    0x1E, 0x31, 0xE3, 0x18, 0x33, 0x03, 0x70, 0x3F, 0x03, 0xB8, 0x31, 0x83, 0x1C, 0x30, 0xEF, 0x9F,
    0x00, 0x00, 0x60, 0x06, 0x00, 0x60, 0x06, 0x00, 0x00, 0x71, 0xE3, 0x8F, 0x8C, 0x70, 0x67, 0x03,
    0x30, 0x1B, 0x80, 0xFE, 0x07, 0x30, 0x31, 0xC1, 0x87, 0x3F, 0x7C, 0x00, 0x00, 0xC0, 0x1C, 0x01,
    0x00, 0x00, 0x07, 0xC0, 0x38, 0x03, 0x80, 0x38, 0x03, 0x80, 0x38, 0x03, 0x80, 0x38, 0x03, 0x80,
    0x38, 0x23, 0x82, 0x38, 0x63, 0x8E, 0xFF, 0xE0, 0x08, 0x73, 0x8C, 0x23, 0xC3, 0x0C, 0x30, 0xC3,
    0x0C, 0x30, 0xC3, 0x0C, 0x30, 0xC3, 0x3F, 0x7C, 0x03, 0x80, 0x38, 0x03, 0x80, 0x38, 0x03, 0x80,
    0x38, 0x03, 0x80, 0x38, 0x03, 0x82, 0x38, 0x23, 0x86, 0x38, 0xEF, 0xFE, 0x00, 0x00, 0x60, 0x06,
    0x00, 0x60, 0x04, 0x00, 0x00, 0x23, 0xC3, 0x0C, 0x30, 0xC3, 0x0C, 0x30, 0xC3, 0x0C, 0x30, 0xC3,
    0x3F, 0x00, 0xC3, 0x0C, 0x20, 0x00, 0x00, 0x47, 0xCC, 0x38, 0xC3, 0x8C, 0x38, 0xC3, 0x80, 0x38,
    0x03, 0x80, 0x38, 0x03, 0x80, 0x38, 0x23, 0x82, 0x38, 0x63, 0x8E, 0xFF, 0xE0, 0x25, 0xEC, 0xD9,
    0xB3, 0x46, 0x0C, 0x18, 0x30, 0x60, 0xC1, 0x83, 0x06, 0x0C, 0x7E, 0x7C, 0x01, 0xC0, 0x0E, 0x00,
    0x70, 0x03, 0x80, 0x1C, 0x0C, 0xE0, 0xE7, 0x03, 0x38, 0x01, 0xC1, 0x0E, 0x08, 0x70, 0xC3, 0x8E,
    0x7F, 0xF0, 0x20, 0xF0, 0x30, 0x30, 0x30, 0x30, 0x30, 0x33, 0x37, 0x33, 0x30, 0x30, 0x30, 0x30,
    0x30, 0xFC, 0x7C, 0x03, 0x80, 0x38, 0x03, 0x80, 0x3B, 0x83, 0xF0, 0x3C, 0x07, 0x80, 0x38, 0x03,
    0x82, 0x38, 0x23, 0x86, 0x38, 0xEF, 0xFE, 0x10, 0xE0, 0xC1, 0x83, 0x06, 0x0F, 0x3C, 0xF0, 0x60,
    0xC1, 0x83, 0x06, 0x0C, 0x3E, 0x00, 0x00, 0x01, 0x80, 0x07, 0x00, 0x0C, 0x00, 0x00, 0x1F, 0x07,
    0x8E, 0x06, 0x1E, 0x0C, 0x3E, 0x18, 0x6C, 0x30, 0xDC, 0x61, 0x9C, 0xC3, 0x19, 0x86, 0x3B, 0x0C,
    0x3E, 0x18, 0x3C, 0x30, 0x78, 0x60, 0x73, 0xE0, 0x60, 0x00, 0x00, 0x18, 0x03, 0x80, 0x70, 0x06,
    0x00, 0x00, 0x73, 0x8F, 0xFC, 0x38, 0xE3, 0x0E, 0x30, 0xE3, 0x0E, 0x30, 0xE3, 0x0E, 0x30, 0xE3,
    0x0E, 0x79, 0xF0, 0xF8, 0x3C, 0x70, 0x30, 0xF0, 0x61, 0xF0, 0xC3, 0x61, 0x86, 0xE3, 0x0C, 0xE6,
    0x18, 0xCC, 0x31, 0xD8, 0x61, 0xF0, 0xC1, 0xE1, 0x83, 0xC3, 0x03, 0x9F, 0x03, 0x00, 0x00, 0x01,
    0x80, 0x03, 0x80, 0x02, 0x00, 0x0C, 0x00, 0x00, 0x00, 0x73, 0x8F, 0xFC, 0x38, 0xE3, 0x0E, 0x30,
    0xE3, 0x0E, 0x30, 0xE3, 0x0E, 0x30, 0xE3, 0x0E, 0x79, 0xF0, 0x00, 0x06, 0x00, 0x70, 0x03, 0x00,
    0x60, 0x00, 0x00, 0x00, 0x00, 0x18, 0xC0, 0x1F, 0x00, 0x1C, 0x00, 0x00, 0x1F, 0x07, 0x8E, 0x06,
    0x1E, 0x0C, 0x3E, 0x18, 0x6C, 0x30, 0xDC, 0x61, 0x9C, 0xC3, 0x19, 0x86, 0x3B, 0x0C, 0x3E, 0x18,
    0x3C, 0x30, 0x78, 0x60, 0x73, 0xE0, 0x60, 0x00, 0x01, 0x88, 0x0D, 0x80, 0xF0, 0x06, 0x00, 0x00,
    0x73, 0x8F, 0xFC, 0x38, 0xE3, 0x0E, 0x30, 0xE3, 0x0E, 0x30, 0xE3, 0x0E, 0x30, 0xE3, 0x0E, 0x79,
    0xF0, 0x00, 0x03, 0x9F, 0x8F, 0xFE, 0x70, 0x73, 0x81, 0x9C, 0x0C, 0xE0, 0x67, 0x03, 0x38, 0x19,
    0xC0, 0xCE, 0x06, 0x70, 0x33, 0x81, 0x9C, 0x0F, 0xF0, 0x60, 0x07, 0x00, 0x38, 0x01, 0x80, 0x3C,
    0x00, 0x80, 0x73, 0x9F, 0xF8, 0xE3, 0x98, 0x73, 0x0E, 0x61, 0xCC, 0x39, 0x87, 0x30, 0xE6, 0x1D,
    0xE3, 0x80, 0x70, 0x0E, 0x01, 0xC0, 0x70, 0x1C, 0x0F, 0xC0, 0x7C, 0x00, 0x00, 0x1F, 0x83, 0x8E,
    0x18, 0x39, 0xC0, 0xEC, 0x07, 0x60, 0x3F, 0x01, 0xF8, 0x0F, 0xC0, 0x76, 0x03, 0xB8, 0x19, 0xC1,
    0xC7, 0x1C, 0x1F, 0xC0, 0x00, 0x00, 0x1F, 0x03, 0xE0, 0x00, 0x07, 0x83, 0xF8, 0xE3, 0x98, 0x37,
    0x06, 0xE0, 0xFC, 0x1D, 0x83, 0x38, 0xE7, 0x18, 0x7E, 0x00, 0x00, 0x00, 0x00, 0x46, 0x03, 0xF0,
    0x0F, 0x00, 0x00, 0x07, 0xE0, 0xE3, 0x86, 0x0E, 0x70, 0x3B, 0x01, 0xD8, 0x0F, 0xC0, 0x7E, 0x03,
    0xF0, 0x1D, 0x80, 0xEE, 0x06, 0x70, 0x71, 0xC7, 0x07, 0xF0, 0x00, 0x00, 0x00, 0x06, 0x30, 0xFC,
    0x0F, 0x80, 0x00, 0x1E, 0x0F, 0xE3, 0x8E, 0x60, 0xDC, 0x1B, 0x83, 0xF0, 0x76, 0x0C, 0xE3, 0x9C,
    0x61, 0xF8, 0x00, 0x00, 0x02, 0x20, 0x3B, 0x81, 0xB8, 0x19, 0x80, 0x00, 0x07, 0xE0, 0xE3, 0x86,
    0x0E, 0x70, 0x3B, 0x01, 0xD8, 0x0F, 0xC0, 0x7E, 0x03, 0xF0, 0x1D, 0x80, 0xEE, 0x06, 0x70, 0x71,
    0xC7, 0x07, 0xF0, 0x00, 0x00, 0x00, 0x01, 0xD8, 0x37, 0x0C, 0xC1, 0x90, 0x00, 0x03, 0xC1, 0xFC,
    0x71, 0xCC, 0x1B, 0x83, 0x70, 0x7E, 0x0E, 0xC1, 0x9C, 0x73, 0x8C, 0x3F, 0x00, 0x00, 0x00, 0x00,
    0x01, 0xFF, 0xF8, 0xE3, 0xC3, 0x18, 0x38, 0x67, 0x07, 0x00, 0xC0, 0xE0, 0x18, 0x1C, 0xC7, 0x03,
    0xF8, 0xE0, 0x7F, 0x1C, 0x0E, 0x61, 0x81, 0xC0, 0x38, 0x38, 0x37, 0x07, 0x06, 0x71, 0xE1, 0xC7,
    0xFF, 0xF0, 0x00, 0x00, 0x0F, 0x1E, 0x1F, 0xDF, 0x9C, 0x78, 0xEC, 0x1C, 0x3E, 0x0E, 0x3F, 0x07,
    0xFF, 0x83, 0x80, 0xC1, 0xC0, 0x71, 0xE0, 0x38, 0xFC, 0xCF, 0xCF, 0xC0, 0x00, 0x00, 0x00, 0x00,
    0x0C, 0x00, 0xE0, 0x06, 0x00, 0x00, 0x3F, 0xE0, 0xE3, 0x87, 0x0C, 0x38, 0x71, 0xC3, 0x0E, 0x18,
    0x73, 0x83, 0xF8, 0x1C, 0xE0, 0xE3, 0x07, 0x1C, 0x38, 0x61, 0xC3, 0xBF, 0x0E, 0x00, 0x06, 0x0E,
    0x1C, 0x18, 0x00, 0x73, 0x7F, 0x3F, 0x30, 0x30, 0x30, 0x30, 0x30, 0x30, 0x30, 0xFE, 0x00, 0x03,
    0xFE, 0x0E, 0x38, 0x70, 0xC3, 0x87, 0x1C, 0x30, 0xE1, 0x87, 0x38, 0x3F, 0x81, 0xCE, 0x0E, 0x30,
    0x71, 0xC3, 0x86, 0x1C, 0x3B, 0xF0, 0xE0, 0x00, 0x07, 0x00, 0x38, 0x00, 0xC0, 0x04, 0x00, 0x00,
    0x00, 0x73, 0x7F, 0x3F, 0x30, 0x30, 0x30, 0x30, 0x30, 0x30, 0x30, 0xFE, 0x00, 0x30, 0x30, 0x30,
    0x30, 0x00, 0x00, 0x00, 0xC6, 0x03, 0xE0, 0x0E, 0x00, 0x00, 0x3F, 0xE0, 0xE3, 0x87, 0x0C, 0x38,
    0x71, 0xC3, 0x0E, 0x18, 0x73, 0x83, 0xF8, 0x1C, 0xE0, 0xE3, 0x07, 0x1C, 0x38, 0x61, 0xC3, 0xBF,
    0x0E, 0x00, 0x62, 0x36, 0x3C, 0x1C, 0x00, 0x73, 0x7F, 0x3F, 0x30, 0x30, 0x30, 0x30, 0x30, 0x30,
    0x30, 0xFE, 0x00, 0x01, 0xC0, 0xE0, 0x30, 0x00, 0x0F, 0xE6, 0x1B, 0x86, 0xE1, 0xB8, 0x07, 0x80,
    0xF8, 0x1F, 0x01, 0xE0, 0x1F, 0x07, 0xC1, 0xB0, 0xEF, 0xF0, 0x00, 0x00, 0x03, 0x81, 0xC1, 0x81,
    0x80, 0x00, 0x78, 0xFE, 0x63, 0x30, 0x1E, 0x07, 0xC1, 0xF0, 0x3D, 0x0E, 0xC6, 0x7F, 0x00, 0x00,
    0x00, 0x07, 0x03, 0xE1, 0x8C, 0x00, 0x0F, 0xE6, 0x1B, 0x86, 0xE1, 0xB8, 0x07, 0x80, 0xF8, 0x1F,
    0x01, 0xE0, 0x1F, 0x07, 0xC1, 0xB0, 0xEF, 0xF0, 0x00, 0x1C, 0x0F, 0x0D, 0x8C, 0x60, 0x00, 0xF1,
    0xFC, 0xC6, 0x60, 0x3C, 0x0F, 0x83, 0xE0, 0x7A, 0x1D, 0x8C, 0xFE, 0x00, 0x00, 0x00, 0x0F, 0xE6,
    0x1B, 0x86, 0xE1, 0xB8, 0x07, 0x80, 0xF8, 0x1F, 0x01, 0xE0, 0x1F, 0x07, 0xC1, 0xB0, 0xEF, 0xF0,
    0x30, 0x04, 0x01, 0x83, 0xC0, 0x60, 0x1E, 0x3F, 0x98, 0xCC, 0x07, 0x81, 0xF0, 0x7C, 0x0F, 0x43,
    0xB1, 0x9F, 0xC1, 0x80, 0xC0, 0x60, 0xF0, 0x30, 0x00, 0x08, 0xC3, 0xE0, 0x70, 0x00, 0x0F, 0xE6,
    0x1B, 0x86, 0xE1, 0xB8, 0x07, 0x80, 0xF8, 0x1F, 0x01, 0xE0, 0x1F, 0x07, 0xC1, 0xB0, 0xEF, 0xF0,
    0x00, 0x00, 0x31, 0x8D, 0x83, 0xC1, 0xC0, 0x00, 0x78, 0xFE, 0x63, 0x30, 0x1E, 0x07, 0xC1, 0xF0,
    0x3D, 0x0E, 0xC6, 0x7F, 0x00, 0x00, 0xFF, 0xFF, 0x39, 0xF1, 0xC7, 0x8E, 0x3C, 0x71, 0x83, 0x80,
    0x1C, 0x00, 0xE0, 0x07, 0x00, 0x38, 0x01, 0xC0, 0x0E, 0x00, 0x70, 0x0F, 0xE0, 0x0C, 0x00, 0x20,
    0x03, 0x80, 0x78, 0x01, 0x80, 0x00, 0x30, 0x30, 0x7E, 0xFE, 0x70, 0x70, 0x70, 0x70, 0x70, 0x70,
    0x70, 0x7E, 0x3E, 0x18, 0x08, 0x1C, 0x78, 0x30, 0x00, 0x00, 0xC6, 0x03, 0xE0, 0x0E, 0x00, 0x00,
    0x7F, 0xFF, 0x9C, 0xF8, 0xE3, 0xC7, 0x1E, 0x38, 0xC1, 0xC0, 0x0E, 0x00, 0x70, 0x03, 0x80, 0x1C,
    0x00, 0xE0, 0x07, 0x00, 0x38, 0x07, 0xF0, 0x02, 0x03, 0x03, 0x33, 0x32, 0x7E, 0xFE, 0x70, 0x70,
    0x70, 0x70, 0x70, 0x70, 0x70, 0x7E, 0x3E, 0x00, 0xFF, 0xFF, 0x39, 0xF1, 0xC7, 0x8E, 0x3C, 0x71,
    0x83, 0x80, 0x7F, 0x03, 0xF8, 0x07, 0x00, 0x38, 0x01, 0xC0, 0x0E, 0x00, 0x70, 0x0F, 0xE0, 0x00,
    0x30, 0x30, 0x7E, 0xFE, 0x70, 0x70, 0x70, 0xFE, 0x70, 0x70, 0x70, 0x7E, 0x3E, 0x00, 0x06, 0x40,
    0x3F, 0x00, 0x98, 0x00, 0x00, 0xFC, 0x7D, 0xC0, 0xE3, 0x01, 0x0C, 0x04, 0x30, 0x10, 0xC0, 0x43,
    0x01, 0x0C, 0x04, 0x30, 0x10, 0xC0, 0xC3, 0x03, 0x0E, 0x0C, 0x1C, 0x60, 0x3F, 0x00, 0x00, 0x00,
    0x18, 0x01, 0xF8, 0x37, 0x00, 0x00, 0x71, 0xC7, 0x1C, 0x70, 0xC7, 0x0C, 0x70, 0xC7, 0x0C, 0x70,
    0xC7, 0x0C, 0x70, 0xC3, 0xBC, 0x3E, 0xE0, 0x00, 0x0F, 0xC0, 0x3F, 0x00, 0x00, 0x3F, 0x1F, 0x70,
    0x38, 0xC0, 0x43, 0x01, 0x0C, 0x04, 0x30, 0x10, 0xC0, 0x43, 0x01, 0x0C, 0x04, 0x30, 0x30, 0xC0,
    0xC3, 0x83, 0x07, 0x18, 0x0F, 0xC0, 0x00, 0x00, 0x1F, 0x81, 0xF0, 0x00, 0x07, 0x1C, 0x71, 0xC7,
    0x0C, 0x70, 0xC7, 0x0C, 0x70, 0xC7, 0x0C, 0x70, 0xC7, 0x0C, 0x3B, 0xC3, 0xEE, 0x00, 0x00, 0x00,
    0x00, 0x33, 0x00, 0xFC, 0x01, 0xE0, 0x00, 0x03, 0xF1, 0xF7, 0x03, 0x8C, 0x04, 0x30, 0x10, 0xC0,
    0x43, 0x01, 0x0C, 0x04, 0x30, 0x10, 0xC0, 0x43, 0x03, 0x0C, 0x0C, 0x38, 0x30, 0x71, 0x80, 0xFC,
    0x00, 0x00, 0x00, 0x03, 0x18, 0x1F, 0x80, 0xF0, 0x00, 0x07, 0x1C, 0x71, 0xC7, 0x0C, 0x70, 0xC7,
    0x0C, 0x70, 0xC7, 0x0C, 0x70, 0xC7, 0x0C, 0x3B, 0xC3, 0xEE, 0x00, 0x00, 0x03, 0x00, 0x1E, 0x00,
    0xCC, 0x03, 0x30, 0x07, 0x80, 0x00, 0x0F, 0xC7, 0xDC, 0x0E, 0x30, 0x10, 0xC0, 0x43, 0x01, 0x0C,
    0x04, 0x30, 0x10, 0xC0, 0x43, 0x01, 0x0C, 0x0C, 0x30, 0x30, 0xE0, 0xC1, 0xC6, 0x03, 0xF0, 0x00,
    0x00, 0x0E, 0x01, 0xF0, 0x19, 0x01, 0xB0, 0x0E, 0x00, 0x00, 0x71, 0xC7, 0x1C, 0x70, 0xC7, 0x0C,
    0x70, 0xC7, 0x0C, 0x70, 0xC7, 0x0C, 0x70, 0xC3, 0xBC, 0x3E, 0xE0, 0x00, 0x02, 0x20, 0x0D, 0xC0,
    0x6E, 0x03, 0x30, 0x00, 0x03, 0xF1, 0xF7, 0x03, 0x8C, 0x04, 0x30, 0x10, 0xC0, 0x43, 0x01, 0x0C,
    0x04, 0x30, 0x10, 0xC0, 0x43, 0x03, 0x0C, 0x0C, 0x38, 0x30, 0x71, 0x80, 0xFC, 0x00, 0x00, 0x00,
    0x00, 0xEC, 0x0C, 0xC1, 0xD8, 0x19, 0x00, 0x00, 0x71, 0xC7, 0x1C, 0x70, 0xC7, 0x0C, 0x70, 0xC7,
    0x0C, 0x70, 0xC7, 0x0C, 0x70, 0xC3, 0xBC, 0x3E, 0xE0, 0x00, 0xFC, 0x7D, 0xC0, 0xE3, 0x01, 0x0C,
    0x04, 0x30, 0x10, 0xC0, 0x43, 0x01, 0x0C, 0x04, 0x30, 0x10, 0xC0, 0xC3, 0x03, 0x0E, 0x0C, 0x1C,
    0x60, 0x3F, 0x00, 0x30, 0x01, 0x80, 0x06, 0x00, 0x1F, 0x00, 0x38, 0x00, 0x71, 0xC7, 0x1C, 0x70,
    0xC7, 0x0C, 0x70, 0xC7, 0x0C, 0x70, 0xC7, 0x0C, 0x70, 0xC3, 0xBC, 0x3E, 0xE0, 0x1C, 0x01, 0x80,
    0x30, 0x03, 0xE0, 0x1C, 0x00, 0x00, 0x00, 0x03, 0x80, 0x00, 0x3E, 0x00, 0x03, 0x10, 0x00, 0x00,
    0x00, 0x7E, 0x7C, 0xF8, 0xC1, 0xC1, 0x87, 0x0E, 0x0C, 0x38, 0x70, 0x40, 0xC3, 0xC6, 0x06, 0x1E,
    0x30, 0x39, 0xB1, 0x80, 0xCD, 0x98, 0x06, 0x4E, 0xC0, 0x3A, 0x36, 0x01, 0xF1, 0xA0, 0x07, 0x8F,
    0x00, 0x38, 0x38, 0x01, 0xC1, 0x80, 0x00, 0xE0, 0x00, 0x78, 0x00, 0x3B, 0x00, 0x0C, 0x40, 0x00,
    0x00, 0x1E, 0x31, 0xE7, 0x8E, 0x78, 0xC3, 0x8C, 0x39, 0xE3, 0x0E, 0x7C, 0x81, 0x97, 0x60, 0x6C,
    0xD8, 0x1F, 0x34, 0x03, 0xCF, 0x00, 0xE1, 0xC0, 0x38, 0x70, 0x00, 0x00, 0x00, 0x00, 0x00, 0x1E,
    0x00, 0xFC, 0x03, 0x10, 0x00, 0x01, 0xF1, 0xF3, 0x83, 0x0E, 0x0C, 0x1C, 0x60, 0x71, 0x80, 0xEC,
    0x01, 0xA0, 0x07, 0x80, 0x0C, 0x00, 0x30, 0x00, 0xC0, 0x03, 0x00, 0x0C, 0x00, 0xFC, 0x00, 0x0E,
    0x03, 0xE0, 0x6C, 0x18, 0xC0, 0x01, 0xF3, 0xFE, 0x7B, 0x86, 0x70, 0xC6, 0x30, 0xE6, 0x0C, 0xC1,
    0xB0, 0x3E, 0x03, 0xC0, 0x70, 0x06, 0x01, 0x80, 0x30, 0x3C, 0x03, 0x00, 0x0C, 0xC0, 0x3F, 0x00,
    0xCC, 0x00, 0x00, 0x7C, 0x7C, 0xE0, 0xC3, 0x83, 0x07, 0x18, 0x1C, 0x60, 0x3B, 0x00, 0x68, 0x01,
    0xE0, 0x03, 0x00, 0x0C, 0x00, 0x30, 0x00, 0xC0, 0x03, 0x00, 0x3F, 0x00, 0x01, 0x00, 0x18, 0x03,
    0x00, 0x60, 0x00, 0x07, 0xFE, 0x70, 0xE6, 0x1C, 0x61, 0xC0, 0x38, 0x07, 0x00, 0x70, 0x0E, 0x01,
    0xC0, 0x1C, 0x03, 0x83, 0x70, 0x77, 0x0E, 0xFF, 0xE0, 0x00, 0x00, 0xC0, 0x70, 0x38, 0x0C, 0x00,
    0x07, 0xF9, 0xFF, 0x63, 0x91, 0xC0, 0x60, 0x38, 0x1C, 0x0E, 0x03, 0x0D, 0xC7, 0xFF, 0xC0, 0x06,
    0x00, 0x70, 0x06, 0x00, 0x00, 0x7F, 0xE7, 0x0E, 0x61, 0xC6, 0x1C, 0x03, 0x80, 0x70, 0x07, 0x00,
    0xE0, 0x1C, 0x01, 0xC0, 0x38, 0x37, 0x07, 0x70, 0xEF, 0xFE, 0x0C, 0x03, 0x80, 0xC0, 0x00, 0x7F,
    0x9F, 0xF6, 0x39, 0x1C, 0x06, 0x03, 0x81, 0xC0, 0xE0, 0x30, 0xDC, 0x7F, 0xFC, 0x00, 0x01, 0x98,
    0x0F, 0x00, 0x70, 0x00, 0x07, 0xFE, 0x70, 0xE6, 0x1C, 0x61, 0xC0, 0x38, 0x07, 0x00, 0x70, 0x0E,
    0x01, 0xC0, 0x1C, 0x03, 0x83, 0x70, 0x77, 0x0E, 0xFF, 0xE0, 0x00, 0x0C, 0x41, 0xB0, 0x78, 0x0E,
    0x00, 0x07, 0xF9, 0xFF, 0x63, 0x91, 0xC0, 0x60, 0x38, 0x1C, 0x0E, 0x03, 0x0D, 0xC7, 0xFF, 0xC0,
    0x06, 0x1F, 0x38, 0x30, 0x30, 0x30, 0x30, 0x30, 0x30, 0x30, 0x30, 0x30, 0x30, 0x30, 0x30, 0xFC,
    0x00, 0x00, 0x00, 0x30, 0x00, 0xC3, 0xFE, 0x38, 0xF0, 0xC1, 0xC7, 0x03, 0x98, 0x0E, 0x60, 0x3B,
    0x80, 0xEE, 0x03, 0xB8, 0x0E, 0x60, 0x39, 0xC0, 0xC7, 0x07, 0x0E, 0x38, 0x1F, 0xC0, 0x00, 0x00,
    0x00, 0x60, 0x0C, 0x3F, 0x9F, 0xE7, 0x1C, 0xC1, 0xB8, 0x37, 0x07, 0xE0, 0xEC, 0x19, 0xC7, 0x38,
    0xC3, 0xF0, 0x00, 0x00, 0x00, 0x00, 0x00, 0x0C, 0x00, 0x3F, 0xE3, 0xE7, 0x03, 0x06, 0x02, 0x0C,
    0x04, 0x18, 0x08, 0x30, 0x10, 0x60, 0x20, 0xC0, 0x41, 0x80, 0x83, 0x03, 0x06, 0x06, 0x0E, 0x0C,
    0x0E, 0x30, 0x0F, 0xC0, 0x00, 0x00, 0x00, 0x18, 0x00, 0x67, 0x1F, 0x9C, 0x7C, 0x70, 0xC1, 0xC3,
    0x07, 0x0C, 0x1C, 0x30, 0x70, 0xC1, 0xC3, 0x07, 0x0C, 0x0E, 0xF0, 0x3E, 0xE0, 0x00, 0x00, 0x00,
    0x00, 0x00, 0x00, 0x00, 0x19, 0x80, 0x00, 0x07, 0xC0, 0x00, 0x00, 0xE0, 0x00, 0x00, 0x00, 0x1F,
    0xF0, 0x7F, 0xE3, 0x8F, 0x18, 0x38, 0xE0, 0xE6, 0x1C, 0x38, 0x39, 0x0E, 0x0E, 0x06, 0x03, 0x83,
    0x81, 0xC1, 0xC0, 0xE0, 0x70, 0xE0, 0x38, 0x1C, 0x38, 0x0E, 0x07, 0x1C, 0x03, 0x81, 0x8E, 0x00,
    0xE0, 0xE3, 0x82, 0x38, 0x31, 0xC1, 0x8E, 0x38, 0xE1, 0xEF, 0xFC, 0x3F, 0xF8, 0x00, 0x00, 0x00,
    0x00, 0x00, 0x00, 0x00, 0x00, 0xC4, 0x00, 0x00, 0x6C, 0x7F, 0xC0, 0x78, 0x38, 0xF0, 0x38, 0x38,
    0x38, 0x00, 0x38, 0x39, 0xFE, 0x38, 0x19, 0xFF, 0x38, 0x1D, 0x8E, 0x38, 0x1D, 0x9C, 0x38, 0x1C,
    0x1C, 0x38, 0x1C, 0x38, 0x38, 0x18, 0x70, 0x38, 0x38, 0xE0, 0x38, 0x30, 0xC3, 0x38, 0xE1, 0xC7,
    0xFF, 0xC3, 0xFF, 0x00, 0x00, 0x00, 0x00, 0x00, 0x00, 0x02, 0x18, 0xC0, 0x3C, 0x36, 0x00, 0x30,
    0x70, 0x00, 0xC1, 0xC0, 0x03, 0x00, 0x00, 0xFC, 0x7F, 0x8F, 0xF3, 0xFE, 0x70, 0xCC, 0x71, 0x83,
    0x31, 0xC6, 0x0C, 0x0E, 0x38, 0x30, 0x70, 0xE0, 0xC3, 0x83, 0x83, 0x0E, 0x27, 0x0C, 0x71, 0x9E,
    0xF3, 0x86, 0x3E, 0xEF, 0xF8, 0x00, 0x00, 0x00, 0x7C, 0x0F, 0xCE, 0x01, 0xC3, 0x80, 0x70, 0xE0,
    0x1C, 0x38, 0x07, 0x0E, 0x01, 0xC3, 0x80, 0x70, 0xE0, 0x1C, 0x38, 0x07, 0x0E, 0x09, 0xC3, 0x82,
    0x70, 0xE1, 0x9C, 0x38, 0xE7, 0x3F, 0xF9, 0xC0, 0x00, 0x60, 0x00, 0x38, 0x00, 0x1C, 0x00, 0x04,
    0x00, 0x00, 0x06, 0x7C, 0x07, 0x38, 0x06, 0x38, 0x00, 0x38, 0x0E, 0x38, 0x0F, 0x38, 0x07, 0x38,
    0x07, 0x38, 0x07, 0x38, 0x07, 0x38, 0x27, 0x38, 0x27, 0x38, 0x67, 0x38, 0xE7, 0xFF, 0xE7, 0x00,
    0x06, 0x00, 0x06, 0x00, 0x06, 0x00, 0x1C, 0x00, 0x18, 0x20, 0x3C, 0x73, 0x1C, 0xC6, 0x30, 0x0C,
    0xE3, 0x3C, 0xC7, 0x31, 0xCC, 0x73, 0x1C, 0xC7, 0x31, 0xCC, 0x73, 0x1F, 0xF7, 0x01, 0xC0, 0x70,
    0x18, 0x1E, 0x06, 0x00, 0xF8, 0x3D, 0xF9, 0xC0, 0xC3, 0x0F, 0x06, 0x18, 0x7C, 0x30, 0xC3, 0x61,
    0x86, 0x1B, 0x8C, 0x30, 0xCE, 0x61, 0x86, 0x33, 0x0C, 0x31, 0xD8, 0x61, 0x87, 0xC3, 0x0C, 0x1E,
    0x18, 0x60, 0xF0, 0xC3, 0x03, 0x86, 0x7C, 0x0C, 0x30, 0x00, 0x03, 0x80, 0x00, 0x18, 0x00, 0x03,
    0x80, 0x00, 0x00, 0x00, 0x00, 0x00, 0xDF, 0x07, 0x9C, 0xE0, 0x63, 0x1E, 0x0C, 0x03, 0xE1, 0x9C,
    0x6C, 0x33, 0xCD, 0xC6, 0x39, 0x9C, 0xC7, 0x31, 0x98, 0xE6, 0x3B, 0x1C, 0xC3, 0xE3, 0x98, 0x3C,
    0x73, 0x07, 0x8E, 0x60, 0x71, 0xFE, 0x06, 0x38, 0x00, 0x07, 0x00, 0x00, 0xE0, 0x00, 0x18, 0x00,
    0x0F, 0x00, 0x01, 0x80, 0x00, 0x03, 0x00, 0x03, 0x80, 0x00, 0xC0, 0x00, 0x07, 0x38, 0x77, 0xFE,
    0x78, 0xE3, 0x8C, 0x61, 0xC6, 0x30, 0xE3, 0x18, 0x71, 0x8C, 0x38, 0xC6, 0x1C, 0x63, 0x0E, 0x31,
    0x87, 0x19, 0xE7, 0xCC, 0x00, 0x06, 0x00, 0x03, 0x00, 0x03, 0x80, 0x03, 0x80, 0x01, 0x80, 0x00,
    0x00, 0x0C, 0xC0, 0x1F, 0x00, 0x1C, 0x00, 0x00, 0x00, 0x70, 0x00, 0xF0, 0x01, 0xE0, 0x06, 0xC0,
    0x0D, 0xC0, 0x33, 0x80, 0x63, 0x00, 0xC7, 0x03, 0x0E, 0x07, 0xFC, 0x0C, 0x1C, 0x30, 0x38, 0x60,
    0x71, 0xF1, 0xF8, 0x00, 0x0C, 0xC3, 0xB0, 0x78, 0x0C, 0x00, 0x01, 0xE1, 0xFC, 0x43, 0x80, 0xE0,
    0x38, 0xFE, 0x73, 0xB8, 0xEE, 0x3B, 0xDE, 0x7F, 0xC0, 0x00, 0x01, 0x8D, 0xF1, 0xC0, 0x1F, 0x8E,
    0x1C, 0x38, 0x70, 0xE1, 0xC3, 0x87, 0x0E, 0x1C, 0x38, 0x71, 0xF0, 0x00, 0x66, 0x76, 0x3C, 0x18,
    0x00, 0x38, 0x38, 0x18, 0x18, 0x18, 0x18, 0x18, 0x18, 0x18, 0x18, 0x7E, 0x00, 0x00, 0x66, 0x03,
    0xE0, 0x0E, 0x00, 0x00, 0x07, 0xE0, 0xE3, 0x86, 0x0E, 0x70, 0x3B, 0x01, 0xD8, 0x0F, 0xC0, 0x7E,
    0x03, 0xF0, 0x1D, 0x80, 0xEE, 0x06, 0x70, 0x71, 0xC7, 0x07, 0xF0, 0x00, 0x00, 0x00, 0x06, 0x30,
    0x6C, 0x07, 0x00, 0xE0, 0x00, 0x03, 0xC1, 0xFC, 0x71, 0xCC, 0x1B, 0x83, 0x70, 0x7E, 0x0E, 0xC1,
    0x9C, 0x73, 0x8C, 0x3F, 0x00, 0x00, 0x00, 0x00, 0x33, 0x00, 0x78, 0x00, 0xE0, 0x00, 0x03, 0xF1,
    0xF7, 0x03, 0x8C, 0x04, 0x30, 0x10, 0xC0, 0x43, 0x01, 0x0C, 0x04, 0x30, 0x10, 0xC0, 0x43, 0x03,
    0x0C, 0x0C, 0x38, 0x30, 0x71, 0x80, 0xFC, 0x00, 0x00, 0x00, 0x03, 0x18, 0x1B, 0x00, 0xF0, 0x0E,
    0x00, 0x00, 0x71, 0xC7, 0x1C, 0x70, 0xC7, 0x0C, 0x70, 0xC7, 0x0C, 0x70, 0xC7, 0x0C, 0x70, 0xC3,
    0xBC, 0x3E, 0xE0, 0x00, 0x0F, 0xC0, 0x3F, 0x00, 0xCC, 0x03, 0xF0, 0x0C, 0xC0, 0x00, 0x0F, 0xC7,
    0xDC, 0x0E, 0x30, 0x10, 0xC0, 0x43, 0x01, 0x0C, 0x04, 0x30, 0x10, 0xC0, 0x43, 0x01, 0x0C, 0x0C,
    0x30, 0x30, 0xE0, 0xC1, 0xC6, 0x03, 0xF0, 0x00, 0x00, 0x1F, 0x81, 0xF0, 0x00, 0x01, 0x98, 0x3B,
    0x81, 0x98, 0x00, 0x07, 0x1C, 0x71, 0xC7, 0x0C, 0x70, 0xC7, 0x0C, 0x70, 0xC7, 0x0C, 0x70, 0xC7,
    0x0C, 0x3B, 0xC3, 0xEE, 0x00, 0x00, 0x00, 0x80, 0x07, 0x00, 0x18, 0x00, 0xC0, 0x0C, 0xC0, 0x3F,
    0x00, 0xCC, 0x00, 0x00, 0xFC, 0x7D, 0xC0, 0xE3, 0x01, 0x0C, 0x04, 0x30, 0x10, 0xC0, 0x43, 0x01,
    0x0C, 0x04, 0x30, 0x10, 0xC0, 0xC3, 0x03, 0x0E, 0x0C, 0x1C, 0x60, 0x3F, 0x00, 0x00, 0x00, 0x00,
    0x00, 0x38, 0x03, 0x80, 0x60, 0x0C, 0x00, 0x00, 0x19, 0x83, 0xB8, 0x19, 0x80, 0x00, 0x71, 0xC7,
    0x1C, 0x70, 0xC7, 0x0C, 0x70, 0xC7, 0x0C, 0x70, 0xC7, 0x0C, 0x70, 0xC3, 0xBC, 0x3E, 0xE0, 0x00,
    0x00, 0x00, 0x33, 0x00, 0x78, 0x00, 0xE0, 0x0C, 0xC0, 0x3F, 0x00, 0xCC, 0x00, 0x00, 0xFC, 0x7D,
    0xC0, 0xE3, 0x01, 0x0C, 0x04, 0x30, 0x10, 0xC0, 0x43, 0x01, 0x0C, 0x04, 0x30, 0x10, 0xC0, 0xC3,
    0x03, 0x0E, 0x0C, 0x1C, 0x60, 0x3F, 0x00, 0x00, 0x00, 0x00, 0x03, 0x18, 0x1B, 0x00, 0xF0, 0x0E,
    0x00, 0x00, 0x19, 0x83, 0xB8, 0x19, 0x80, 0x00, 0x71, 0xC7, 0x1C, 0x70, 0xC7, 0x0C, 0x70, 0xC7,
    0x0C, 0x70, 0xC7, 0x0C, 0x70, 0xC3, 0xBC, 0x3E, 0xE0, 0x00, 0x04, 0x00, 0x38, 0x00, 0x60, 0x00,
    0xC0, 0x0C, 0xC0, 0x3F, 0x00, 0xCC, 0x00, 0x00, 0xFC, 0x7D, 0xC0, 0xE3, 0x01, 0x0C, 0x04, 0x30,
    0x10, 0xC0, 0x43, 0x01, 0x0C, 0x04, 0x30, 0x10, 0xC0, 0xC3, 0x03, 0x0E, 0x0C, 0x1C, 0x60, 0x3F,
    0x00, 0x00, 0x00, 0x00, 0x03, 0x80, 0x1C, 0x00, 0xC0, 0x06, 0x00, 0x00, 0x19, 0x83, 0xB8, 0x19,
    0x80, 0x00, 0x71, 0xC7, 0x1C, 0x70, 0xC7, 0x0C, 0x70, 0xC7, 0x0C, 0x70, 0xC7, 0x0C, 0x70, 0xC3,
    0xBC, 0x3E, 0xE0, 0x00, 0x1E, 0x1F, 0xC4, 0x38, 0x0E, 0x01, 0x80, 0x6F, 0xFB, 0x86, 0xE1, 0x98,
    0xC3, 0xE0, 0x20, 0x07, 0xE0, 0x0F, 0x80, 0x19, 0x80, 0x37, 0x00, 0x6C, 0x00, 0x00, 0x00, 0xE0,
    0x01, 0xE0, 0x03, 0xC0, 0x0D, 0x80, 0x1B, 0x80, 0x67, 0x00, 0xC6, 0x01, 0x8E, 0x06, 0x1C, 0x0F,
    0xF8, 0x18, 0x38, 0x60, 0x70, 0xC0, 0xE3, 0xE3, 0xF0, 0x3F, 0x0F, 0xC0, 0x00, 0xCC, 0x33, 0x0C,
    0xC0, 0x00, 0x78, 0x7F, 0x10, 0xE0, 0x38, 0x0E, 0x3F, 0x9C, 0xEE, 0x3B, 0x8E, 0xF7, 0x9F, 0xF0,
    0x00, 0x07, 0xE0, 0x0F, 0x80, 0x06, 0x00, 0x1C, 0x00, 0x18, 0x00, 0x00, 0x00, 0xE0, 0x01, 0xE0,
    0x03, 0xC0, 0x0D, 0x80, 0x1B, 0x80, 0x67, 0x00, 0xC6, 0x01, 0x8E, 0x06, 0x1C, 0x0F, 0xF8, 0x18,
    0x38, 0x60, 0x70, 0xC0, 0xE3, 0xE3, 0xF0, 0x3F, 0x0F, 0xC0, 0x00, 0x30, 0x0E, 0x03, 0x00, 0x00,
    0x78, 0x7F, 0x10, 0xE0, 0x38, 0x0E, 0x3F, 0x9C, 0xEE, 0x3B, 0x8E, 0xF7, 0x9F, 0xF0, 0x00, 0x01,
    0xF8, 0x00, 0x3F, 0x00, 0x00, 0x00, 0x07, 0xFF, 0xE0, 0x37, 0x0C, 0x06, 0xE1, 0x80, 0x9C, 0x00,
    0x33, 0x88, 0x06, 0x73, 0x01, 0x8F, 0xE0, 0x31, 0xFC, 0x0E, 0x38, 0x81, 0xFF, 0x00, 0x70, 0xE0,
    0x4C, 0x1C, 0x19, 0x83, 0x87, 0xF8, 0xFF, 0xE0, 0x07, 0xE0, 0x07, 0xE0, 0x00, 0x00, 0x1E, 0x78,
    0x7F, 0xFE, 0x43, 0x86, 0x03, 0x86, 0x03, 0x86, 0x3F, 0xFE, 0x73, 0x80, 0xE3, 0x80, 0xE1, 0x80,
    0xF7, 0xE6, 0x7C, 0xFC, 0x00, 0x00, 0x00, 0x00, 0x3F, 0xC3, 0xC3, 0x0C, 0x0C, 0x70, 0x31, 0x80,
    0x0E, 0x00, 0x38, 0x00, 0xE0, 0xFF, 0x80, 0xE6, 0x1F, 0xDC, 0x3E, 0x70, 0x38, 0xE1, 0xE0, 0xFF,
    0x00, 0x00, 0x0F, 0xB0, 0xFF, 0x8E, 0x38, 0x61, 0xC3, 0x0E, 0x1C, 0x60, 0x7E, 0x03, 0xC0, 0x30,
    0x01, 0xFE, 0x07, 0xFC, 0x60, 0xEF, 0xFF, 0xFF, 0xFC, 0xE3, 0x83, 0xF8, 0x00, 0x00, 0x00, 0x00,
    0x33, 0x00, 0x7C, 0x00, 0xE0, 0x00, 0x00, 0x3F, 0xC3, 0xC3, 0x0C, 0x0C, 0x70, 0x31, 0x80, 0x0E,
    0x00, 0x38, 0x00, 0xE0, 0xFF, 0x80, 0xE6, 0x03, 0x9C, 0x0E, 0x70, 0x38, 0xE1, 0xE0, 0xFF, 0x00,
    0x00, 0x00, 0x03, 0x18, 0x1B, 0x00, 0xE0, 0x0E, 0x00, 0x00, 0x1F, 0x63, 0xFE, 0x71, 0xC6, 0x1C,
    0x61, 0xC7, 0x18, 0x3F, 0x03, 0xC0, 0x60, 0x07, 0xF8, 0x3F, 0xE6, 0x0E, 0x60, 0x6E, 0x0E, 0x71,
    0xC3, 0xF8, 0x00, 0x00, 0x00, 0x00, 0x33, 0x00, 0x78, 0x00, 0xE0, 0x00, 0x01, 0xF3, 0xE3, 0x87,
    0x0E, 0x38, 0x38, 0xC0, 0xE6, 0x03, 0xB0, 0x0F, 0xC0, 0x3F, 0x80, 0xE7, 0x03, 0x8C, 0x0E, 0x38,
    0x38, 0x70, 0xE1, 0xEF, 0xC3, 0xC0, 0x00, 0x03, 0x30, 0x1F, 0x00, 0x70, 0x01, 0x00, 0x3C, 0x00,
    0x60, 0x03, 0x00, 0x18, 0x00, 0xC7, 0x86, 0x3C, 0x31, 0x81, 0x98, 0x0D, 0xC0, 0x7E, 0x03, 0xB8,
    0x18, 0xC0, 0xC7, 0x06, 0x1C, 0xF9, 0xF0, 0x00, 0x00, 0x7E, 0x0E, 0x38, 0x60, 0xE7, 0x03, 0xB0,
    0x1D, 0x80, 0xFC, 0x07, 0xE0, 0x3F, 0x01, 0xD8, 0x0E, 0xE0, 0x67, 0x07, 0x1C, 0x70, 0x7F, 0x00,
    0xE0, 0x06, 0x00, 0x70, 0x03, 0xE0, 0x0F, 0x00, 0x0F, 0x07, 0xF1, 0xC7, 0x30, 0x6E, 0x0D, 0xC1,
    0xF8, 0x3B, 0x06, 0x71, 0xCE, 0x30, 0xFC, 0x06, 0x01, 0x80, 0x30, 0x07, 0xC0, 0x70, 0x0F, 0xC0,
    0x7C, 0x00, 0x00, 0x1F, 0x83, 0x8E, 0x18, 0x39, 0xC0, 0xEC, 0x07, 0x60, 0x3F, 0x01, 0xF8, 0x0F,
    0xC0, 0x76, 0x03, 0xB8, 0x19, 0xC1, 0xC7, 0x1C, 0x1F, 0xC0, 0x38, 0x01, 0x80, 0x1C, 0x00, 0xF8,
    0x03, 0xC0, 0x1F, 0x03, 0xE0, 0x00, 0x07, 0x83, 0xF8, 0xE3, 0x98, 0x37, 0x06, 0xE0, 0xFC, 0x1D,
    0x83, 0x38, 0xE7, 0x18, 0x7E, 0x03, 0x00, 0xC0, 0x18, 0x03, 0xE0, 0x38, 0x00, 0x00, 0x06, 0x20,
    0x7C, 0x07, 0x00, 0x01, 0xFF, 0xBE, 0xF6, 0x1C, 0x07, 0x01, 0xC0, 0x30, 0x0F, 0xC0, 0x3C, 0x03,
    0x80, 0x32, 0x06, 0xE1, 0xDC, 0x71, 0xFC, 0x00, 0x00, 0x00, 0x0C, 0xC3, 0xF0, 0x78, 0x0C, 0x00,
    0x07, 0xFB, 0xFE, 0xC3, 0x91, 0xC0, 0xE0, 0x30, 0x1C, 0x0F, 0xC0, 0x38, 0x06, 0x01, 0xD0, 0x7C,
    0x1B, 0x0E, 0xFF, 0x1F, 0x00, 0x00, 0x66, 0x76, 0x3C, 0x18, 0x00, 0x38, 0x38, 0x18, 0x18, 0x18,
    0x18, 0x18, 0x18, 0x18, 0x18, 0x18, 0x18, 0x18, 0x38, 0x70, 0x60, 0x00, 0x00, 0x00, 0x1F, 0xF0,
    0x7F, 0xE3, 0x8F, 0x18, 0x38, 0xE0, 0xE6, 0x1C, 0x38, 0x39, 0x0E, 0x0E, 0x06, 0x03, 0x83, 0x81,
    0xC1, 0xC0, 0xE0, 0x70, 0xE0, 0x38, 0x1C, 0x38, 0x0E, 0x07, 0x1C, 0x03, 0x81, 0x8E, 0x00, 0xE0,
    0xE3, 0x82, 0x38, 0x31, 0xC1, 0x8E, 0x38, 0xE1, 0xEF, 0xFC, 0x3F, 0xF8, 0x00, 0x00, 0x00, 0x00,
    0x00, 0x00, 0x7F, 0xC0, 0x00, 0x38, 0xF0, 0x00, 0x38, 0x38, 0x00, 0x38, 0x39, 0xFE, 0x38, 0x19,
    0xFF, 0x38, 0x1D, 0x8E, 0x38, 0x1D, 0x9C, 0x38, 0x1C, 0x1C, 0x38, 0x1C, 0x38, 0x38, 0x18, 0x70,
    0x38, 0x38, 0xE0, 0x38, 0x30, 0xC3, 0x38, 0xE1, 0xC7, 0xFF, 0xC3, 0xFF, 0x00, 0x00, 0x00, 0x00,
    0x80, 0x00, 0x0F, 0x00, 0x00, 0x0C, 0x00, 0x00, 0x30, 0x00, 0x00, 0xC0, 0x00, 0x3F, 0x1F, 0xE3,
    0xFC, 0xFF, 0x9C, 0x33, 0x1C, 0x60, 0xCC, 0x71, 0x83, 0x03, 0x8E, 0x0C, 0x1C, 0x38, 0x30, 0xE0,
    0xE0, 0xC3, 0x89, 0xC3, 0x1C, 0x67, 0xBC, 0xE1, 0x8F, 0xBB, 0xFE, 0x00, 0x00, 0x00, 0x00, 0x80,
    0x03, 0x00, 0x18, 0x00, 0xC0, 0x00, 0x00, 0x3F, 0xC3, 0xC3, 0x0C, 0x0C, 0x70, 0x31, 0x80, 0x0E,
    0x00, 0x38, 0x00, 0xE0, 0xFF, 0x80, 0xE6, 0x03, 0x9C, 0x0E, 0x70, 0x38, 0xE1, 0xE0, 0xFF, 0x00,
    0x00, 0x00, 0x00, 0x38, 0x07, 0x00, 0x60, 0x0C, 0x00, 0x00, 0x1F, 0x63, 0xFE, 0x71, 0xC6, 0x1C,
    0x61, 0xC7, 0x18, 0x3F, 0x03, 0xC0, 0x60, 0x07, 0xF8, 0x3F, 0xE6, 0x0E, 0x60, 0x6E, 0x0E, 0x71,
    0xC3, 0xF8, 0x00, 0x00, 0x00, 0x00, 0x0C, 0x00, 0x1C, 0x00, 0x18, 0x00, 0x00, 0x1F, 0x07, 0x8E,
    0x06, 0x1E, 0x0C, 0x3E, 0x18, 0x6C, 0x30, 0xDC, 0x61, 0x9C, 0xC3, 0x19, 0x86, 0x3B, 0x0C, 0x3E,
    0x18, 0x3C, 0x30, 0x78, 0x60, 0x73, 0xE0, 0x60, 0x00, 0x01, 0x80, 0x1C, 0x00, 0xE0, 0x02, 0x00,
    0x00, 0x73, 0x8F, 0xFC, 0x38, 0xE3, 0x0E, 0x30, 0xE3, 0x0E, 0x30, 0xE3, 0x0E, 0x30, 0xE3, 0x0E,
    0x79, 0xF0, 0x00, 0x00, 0x00, 0xC0, 0x07, 0x80, 0x3E, 0x00, 0x64, 0x00, 0xC8, 0x00, 0xF0, 0x00,
    0x00, 0x03, 0x80, 0x07, 0x80, 0x0F, 0x00, 0x36, 0x00, 0x6E, 0x01, 0x9C, 0x03, 0x18, 0x06, 0x38,
    0x18, 0x70, 0x3F, 0xE0, 0x60, 0xE1, 0x81, 0xC3, 0x03, 0x8F, 0x8F, 0xC0, 0x00, 0x00, 0xC0, 0xF0,
    0x78, 0x33, 0x04, 0xC1, 0xE0, 0x00, 0x1E, 0x1F, 0xC4, 0x38, 0x0E, 0x03, 0x8F, 0xE7, 0x3B, 0x8E,
    0xE3, 0xBD, 0xE7, 0xFC, 0x00, 0x00, 0x10, 0x00, 0x03, 0x00, 0x00, 0xC0, 0x00, 0x30, 0x00, 0x00,
    0x00, 0x1F, 0xFF, 0x80, 0xDC, 0x30, 0x1B, 0x86, 0x02, 0x70, 0x00, 0xCE, 0x20, 0x19, 0xCC, 0x06,
    0x3F, 0x80, 0xC7, 0xF0, 0x38, 0xE2, 0x07, 0xFC, 0x01, 0xC3, 0x81, 0x30, 0x70, 0x66, 0x0E, 0x1F,
    0xE3, 0xFF, 0x80, 0x00, 0x00, 0x00, 0x60, 0x00, 0xE0, 0x01, 0xC0, 0x01, 0x80, 0x00, 0x00, 0x1E,
    0x78, 0x7F, 0xFE, 0x43, 0x86, 0x03, 0x86, 0x03, 0x86, 0x3F, 0xFE, 0x73, 0x80, 0xE3, 0x80, 0xE1,
    0x80, 0xF7, 0xE6, 0x7C, 0xFC, 0x00, 0x00, 0x00, 0x80, 0x0E, 0x00, 0xE0, 0x06, 0x00, 0x04, 0x07,
    0xE0, 0xE3, 0x86, 0x1E, 0x70, 0xBB, 0x09, 0xD8, 0x4F, 0xC6, 0x7E, 0x23, 0xF1, 0x1D, 0x90, 0xEE,
    0x86, 0x7C, 0x71, 0xC7, 0x07, 0xF0, 0x20, 0x01, 0x00, 0x00, 0x00, 0x00, 0x70, 0x1C, 0x03, 0x00,
    0xC0, 0x01, 0x03, 0xE1, 0xFC, 0x73, 0xCC, 0x5B, 0x9B, 0x72, 0x7E, 0x4E, 0xD1, 0x9E, 0x73, 0xCC,
    0x3F, 0x06, 0x00, 0x80, 0x00, 0x08, 0x00, 0x33, 0x00, 0x33, 0x00, 0x32, 0x00, 0x00, 0x00, 0x70,
    0x00, 0xF0, 0x01, 0xE0, 0x06, 0xC0, 0x0D, 0xC0, 0x33, 0x80, 0x63, 0x00, 0xC7, 0x03, 0x0E, 0x07,
    0xFC, 0x0C, 0x1C, 0x30, 0x38, 0x60, 0x71, 0xF1, 0xF8, 0x00, 0x3B, 0x06, 0xE1, 0xDC, 0x33, 0x00,
    0x01, 0xE1, 0xFC, 0x43, 0x80, 0xE0, 0x38, 0xFE, 0x73, 0xB8, 0xEE, 0x3B, 0xDE, 0x7F, 0xC0, 0x00,
    0x01, 0x80, 0x0F, 0x80, 0x19, 0x80, 0x23, 0x00, 0x00, 0x00, 0x70, 0x00, 0xF0, 0x01, 0xE0, 0x06,
    0xC0, 0x0D, 0xC0, 0x33, 0x80, 0x63, 0x00, 0xC7, 0x03, 0x0E, 0x07, 0xFC, 0x0C, 0x1C, 0x30, 0x38,
    0x60, 0x71, 0xF1, 0xF8, 0x0C, 0x0F, 0xC3, 0x30, 0x84, 0x00, 0x07, 0x87, 0xF1, 0x0E, 0x03, 0x80,
    0xE3, 0xF9, 0xCE, 0xE3, 0xB8, 0xEF, 0x79, 0xFF, 0x00, 0x00, 0x22, 0x07, 0x70, 0x3B, 0x01, 0x98,
    0x00, 0x07, 0xFE, 0x38, 0x63, 0x86, 0x38, 0x03, 0x80, 0x39, 0x83, 0xF8, 0x3F, 0x83, 0x98, 0x38,
    0x03, 0x83, 0x38, 0x33, 0x87, 0x7F, 0xF0, 0x00, 0x1B, 0x87, 0x60, 0xCC, 0x13, 0x00, 0x01, 0xE0,
    0xFE, 0x61, 0x98, 0x6E, 0x1B, 0xFE, 0xE0, 0x38, 0x07, 0x01, 0xE6, 0x3F, 0x00, 0x00, 0x06, 0x00,
    0xF8, 0x19, 0x81, 0x08, 0x00, 0x07, 0xFE, 0x38, 0x63, 0x86, 0x38, 0x03, 0x80, 0x39, 0x83, 0xF8,
    0x3F, 0x83, 0x98, 0x38, 0x03, 0x83, 0x38, 0x33, 0x87, 0x7F, 0xF0, 0x0E, 0x07, 0xC3, 0x18, 0xC6,
    0x00, 0x07, 0x83, 0xF9, 0x86, 0x61, 0xB8, 0x6F, 0xFB, 0x80, 0xE0, 0x1C, 0x07, 0x98, 0xFC, 0x00,
    0x00, 0x44, 0x33, 0x0D, 0xC2, 0x60, 0x01, 0xF8, 0x38, 0x1C, 0x0E, 0x07, 0x03, 0x81, 0xC0, 0xE0,
    0x70, 0x38, 0x1C, 0x0E, 0x07, 0x07, 0xC0, 0x00, 0xEC, 0x6E, 0x77, 0x33, 0x00, 0x1C, 0x1C, 0x0C,
    0x0C, 0x0C, 0x0C, 0x0C, 0x0C, 0x0C, 0x0C, 0x3F, 0x10, 0xFB, 0x1E, 0x30, 0x1F, 0x8E, 0x1C, 0x38,
    0x70, 0xE1, 0xC3, 0x87, 0x0E, 0x1C, 0x38, 0x71, 0xF0, 0x18, 0x7E, 0x66, 0x42, 0x00, 0x38, 0x38,
    0x18, 0x18, 0x18, 0x18, 0x18, 0x18, 0x18, 0x18, 0x7E, 0x10, 0x01, 0xD8, 0x06, 0x60, 0x19, 0x00,
    0x00, 0x07, 0xE0, 0xE3, 0x86, 0x0E, 0x70, 0x3B, 0x01, 0xD8, 0x0F, 0xC0, 0x7E, 0x03, 0xF0, 0x1D,
    0x80, 0xEE, 0x06, 0x70, 0x71, 0xC7, 0x07, 0xF0, 0x00, 0x00, 0x00, 0x0C, 0xC1, 0xD8, 0x19, 0x81,
    0x10, 0x00, 0x03, 0xC1, 0xFC, 0x71, 0xCC, 0x1B, 0x83, 0x70, 0x7E, 0x0E, 0xC1, 0x9C, 0x73, 0x8C,
    0x3F, 0x00, 0x00, 0x03, 0x00, 0x7C, 0x03, 0x30, 0x11, 0x80, 0x00, 0x07, 0xE0, 0xE3, 0x86, 0x0E,
    0x70, 0x3B, 0x01, 0xD8, 0x0F, 0xC0, 0x7E, 0x03, 0xF0, 0x1D, 0x80, 0xEE, 0x06, 0x70, 0x71, 0xC7,
    0x07, 0xF0, 0x00, 0x00, 0x0E, 0x03, 0xE0, 0xC6, 0x18, 0xC0, 0x00, 0x1E, 0x0F, 0xE3, 0x8E, 0x60,
    0xDC, 0x1B, 0x83, 0xF0, 0x76, 0x0C, 0xE3, 0x9C, 0x61, 0xF8, 0x00, 0x00, 0x22, 0x01, 0xB8, 0x0E,
    0xE0, 0x33, 0x00, 0x00, 0x3F, 0xE0, 0xE3, 0x87, 0x0C, 0x38, 0x71, 0xC3, 0x0E, 0x18, 0x73, 0x83,
    0xF8, 0x1C, 0xE0, 0xE3, 0x07, 0x1C, 0x38, 0x61, 0xC3, 0xBF, 0x0E, 0x00, 0x37, 0x19, 0x86, 0xE1,
    0x30, 0x00, 0xE6, 0x7F, 0x1F, 0x8C, 0x06, 0x03, 0x01, 0x80, 0xC0, 0x60, 0x30, 0x7F, 0x00, 0x06,
    0x00, 0x7C, 0x06, 0x60, 0x31, 0x80, 0x00, 0x3F, 0xE0, 0xE3, 0x87, 0x0C, 0x38, 0x71, 0xC3, 0x0E,
    0x18, 0x73, 0x83, 0xF8, 0x1C, 0xE0, 0xE3, 0x07, 0x1C, 0x38, 0x61, 0xC3, 0xBF, 0x0E, 0x1C, 0x7E,
    0x62, 0x42, 0x00, 0x73, 0x7F, 0x3F, 0x30, 0x30, 0x30, 0x30, 0x30, 0x30, 0x30, 0xFE, 0x11, 0x00,
    0xEC, 0x01, 0xD8, 0x03, 0x30, 0x00, 0x03, 0xF1, 0xF7, 0x03, 0x8C, 0x04, 0x30, 0x10, 0xC0, 0x43,
    0x01, 0x0C, 0x04, 0x30, 0x10, 0xC0, 0x43, 0x03, 0x0C, 0x0C, 0x38, 0x30, 0x71, 0x80, 0xFC, 0x00,
    0x00, 0x00, 0x06, 0x60, 0x76, 0x03, 0x30, 0x19, 0x00, 0x00, 0x71, 0xC7, 0x1C, 0x70, 0xC7, 0x0C,
    0x70, 0xC7, 0x0C, 0x70, 0xC7, 0x0C, 0x70, 0xC3, 0xBC, 0x3E, 0xE0, 0x00, 0x03, 0x00, 0x3F, 0x00,
    0xCC, 0x02, 0x10, 0x00, 0x03, 0xF1, 0xF7, 0x03, 0x8C, 0x04, 0x30, 0x10, 0xC0, 0x43, 0x01, 0x0C,
    0x04, 0x30, 0x10, 0xC0, 0x43, 0x03, 0x0C, 0x0C, 0x38, 0x30, 0x71, 0x80, 0xFC, 0x00, 0x00, 0x0E,
    0x01, 0xF0, 0x31, 0x83, 0x18, 0x00, 0x07, 0x1C, 0x71, 0xC7, 0x0C, 0x70, 0xC7, 0x0C, 0x70, 0xC7,
    0x0C, 0x70, 0xC7, 0x0C, 0x3B, 0xC3, 0xEE, 0x00, 0x00, 0x00, 0x0F, 0xE6, 0x1B, 0x86, 0xE1, 0xB8,
    0x07, 0x80, 0xF8, 0x1F, 0x01, 0xE0, 0x1F, 0x07, 0xC1, 0xB0, 0xEF, 0xF0, 0x00, 0x1C, 0x07, 0x00,
    0xC0, 0x20, 0x00, 0x00, 0x1E, 0x3F, 0x98, 0xCC, 0x07, 0x81, 0xF0, 0x7C, 0x0F, 0x43, 0xB1, 0x9F,
    0xC0, 0x01, 0x80, 0xE0, 0x30, 0x30, 0x00, 0x00, 0xFF, 0xFF, 0x39, 0xF1, 0xC7, 0x8E, 0x3C, 0x71,
    0x83, 0x80, 0x1C, 0x00, 0xE0, 0x07, 0x00, 0x38, 0x01, 0xC0, 0x0E, 0x00, 0x70, 0x0F, 0xE0, 0x00,
    0x00, 0xE0, 0x07, 0x00, 0x18, 0x01, 0x80, 0x00, 0x00, 0x00, 0x30, 0x30, 0x7E, 0xFE, 0x70, 0x70,
    0x70, 0x70, 0x70, 0x70, 0x70, 0x7E, 0x3E, 0x00, 0x38, 0x38, 0x18, 0x10, 0x00, 0x00, 0x1F, 0x8E,
    0x73, 0x0E, 0xC3, 0x80, 0xC0, 0x70, 0x70, 0x3F, 0x00, 0xE0, 0x38, 0x06, 0x03, 0x80, 0xE0, 0x70,
    0x38, 0x38, 0x08, 0x00, 0x7C, 0x7F, 0x31, 0xD8, 0xE0, 0x70, 0x30, 0x70, 0x7C, 0x03, 0x01, 0xC0,
    0xE0, 0x60, 0x70, 0x70, 0x70, 0x60, 0x00, 0x00, 0x18, 0xC0, 0x1F, 0x00, 0x1C, 0x00, 0x00, 0x0F,
    0x8F, 0xCE, 0x0E, 0x1C, 0x0C, 0x38, 0x18, 0x70, 0x30, 0xE0, 0x61, 0xFF, 0xC3, 0xFF, 0x87, 0x03,
    0x0E, 0x06, 0x1C, 0x0C, 0x38, 0x18, 0x70, 0x33, 0xF1, 0xF8, 0x00, 0x03, 0x30, 0x1F, 0x00, 0x70,
    0x01, 0x80, 0x3C, 0x00, 0x60, 0x03, 0x00, 0x18, 0x00, 0xCE, 0x07, 0xF8, 0x38, 0xE1, 0x87, 0x0C,
    0x38, 0x61, 0xC3, 0x0E, 0x18, 0x70, 0xC3, 0x86, 0x1C, 0x7D, 0xF0, 0x01, 0x87, 0x0E, 0x18, 0x00,
    0x63, 0x9C, 0x60, 0x18, 0x3C, 0x66, 0x46, 0x00, 0x61, 0xFF, 0x70, 0x00, 0x7C, 0xF8, 0x43, 0x8D,
    0xF9, 0xE0, 0x6E, 0x60, 0xCF, 0xDF, 0x30, 0x73, 0xC6, 0x73, 0x10, 0x31, 0xEC, 0xD3, 0x78, 0x00,
    0x19, 0x9D, 0xCC, 0xC4, 0xC0, 0x00, 0x46, 0x6C, 0x3C, 0x18, 0x3F, 0xC0, 0x00, 0x37, 0x1D, 0x86,
    0x61, 0x30, 0x18, 0x38, 0x5A, 0xC2, 0x7E, 0x3C, 0x38, 0xFD, 0x1A, 0x10, 0x0B, 0x6E, 0x5F, 0xAC,
    0x6D, 0xB4, 0x11, 0x9C, 0xC0, 0x77, 0xC0, 0xDF, 0x00, 0xC5, 0xDF, 0x38, 0x01, 0xE4, 0x92, 0x78,
    0x00, 0xDD, 0x60, 0x02, 0x33, 0xFE, 0x01, 0x99, 0x8F, 0xB8, 0x1D, 0xA4, 0x38, 0xFB, 0xBC, 0x10,
    0x85, 0x8B, 0xF1, 0xC0, 0x31, 0xFB, 0x34, 0x20, 0x75, 0xFC, 0x70, 0x7B, 0xF0, 0x00, 0x7D, 0xFC,
    0x00, 0x72, 0x7E, 0x4C, 0x7C, 0xF8, 0xFF, 0xFF, 0x80, 0x00, 0x02, 0x06, 0x04, 0x04, 0x08, 0x08,
    0x18, 0x10, 0x10, 0x20, 0x20, 0x60, 0x40, 0x40, 0x01, 0x00, 0x80, 0x80, 0x40, 0x40, 0x20, 0x30,
    0x10, 0x08, 0x08, 0x04, 0x04, 0x02, 0x03, 0x01, 0x00, 0x00, 0x6E, 0x60, 0x40, 0xD0, 0x37, 0xF8,
    0xFC, 0x00, 0x00, 0x40, 0xD8, 0x23, 0xF8, 0x78, 0x7F, 0xDF, 0xFC, 0x00, 0x00, 0x1F, 0x1F, 0xE6,
    0x09, 0x03, 0x00, 0x23, 0xFF, 0xBF, 0xFE, 0x00, 0x60, 0x00, 0x00, 0x08, 0x01, 0xC0, 0x0E, 0x00,
    0x60, 0x00, 0x07, 0xFE, 0x38, 0x63, 0x86, 0x38, 0x03, 0x80, 0x39, 0x83, 0xF8, 0x3F, 0x83, 0x98,
    0x38, 0x03, 0x83, 0x38, 0x33, 0x87, 0x7F, 0xF0, 0x19, 0x81, 0xD8, 0x19, 0x80, 0x00, 0x7F, 0xE3,
    0x86, 0x38, 0x63, 0x80, 0x38, 0x03, 0x98, 0x3F, 0x83, 0xF8, 0x39, 0x83, 0x80, 0x38, 0x33, 0x83,
    0x38, 0x77, 0xFF, 0xFF, 0xF9, 0xCE, 0x33, 0x1C, 0x66, 0x38, 0xC0, 0x70, 0x00, 0xE0, 0x01, 0xFE,
    0x03, 0xCE, 0x07, 0x0E, 0x0E, 0x1C, 0x1C, 0x18, 0x38, 0x30, 0x70, 0xE3, 0xF9, 0xC0, 0x03, 0x00,
    0x0E, 0x00, 0x78, 0x00, 0xC0, 0x00, 0x80, 0x1C, 0x01, 0x80, 0x30, 0x00, 0x07, 0xFE, 0x38, 0x61,
    0x86, 0x18, 0x21, 0x82, 0x18, 0x01, 0x80, 0x18, 0x01, 0x80, 0x18, 0x01, 0x80, 0x18, 0x01, 0x80,
    0x7F, 0x00, 0x00, 0x00, 0xFE, 0x1C, 0x73, 0x07, 0x70, 0x26, 0x00, 0xE0, 0x0F, 0xF8, 0xFF, 0x8E,
    0x00, 0x60, 0x07, 0x00, 0x70, 0x33, 0x86, 0x1F, 0xE0, 0x00, 0x00, 0x0F, 0xE6, 0x1B, 0x86, 0xE1,
    0xB8, 0x07, 0x80, 0xF8, 0x1F, 0x01, 0xE0, 0x1F, 0x07, 0xC1, 0xB0, 0xEF, 0xF0, 0x00, 0xFC, 0x70,
    0xE1, 0xC3, 0x87, 0x0E, 0x1C, 0x38, 0x70, 0xE1, 0xC3, 0x8F, 0x80, 0x6C, 0xD9, 0xB0, 0x0F, 0xC7,
    0x0E, 0x1C, 0x38, 0x70, 0xE1, 0xC3, 0x87, 0x0E, 0x1C, 0x38, 0xF8, 0x3F, 0x1C, 0x1C, 0x1C, 0x1C,
    0x1C, 0x1C, 0x1C, 0x1C, 0x1C, 0x1C, 0x1C, 0x1C, 0x1C, 0x18, 0x38, 0x70, 0x00, 0x3F, 0xF8, 0x01,
    0x8C, 0x00, 0x21, 0x80, 0x04, 0x30, 0x00, 0x86, 0x00, 0x10, 0xFE, 0x02, 0x1F, 0xF0, 0xC3, 0x06,
    0x18, 0x60, 0xE3, 0x0C, 0x1C, 0x61, 0x83, 0x98, 0x30, 0x6F, 0x06, 0x1D, 0xC3, 0xFE, 0x00, 0x00,
    0x00, 0x7C, 0x7C, 0x03, 0x83, 0x80, 0x30, 0x38, 0x03, 0x03, 0x80, 0x30, 0x38, 0x03, 0x03, 0xF8,
    0x3F, 0xFF, 0xE3, 0xFF, 0x87, 0x30, 0x38, 0x73, 0x03, 0x87, 0x30, 0x38, 0x73, 0x03, 0x86, 0x38,
    0x38, 0xEF, 0xC7, 0xFC, 0x00, 0x00, 0x00, 0xFF, 0xF8, 0x73, 0x8C, 0x31, 0xC6, 0x18, 0xE3, 0x0C,
    0x70, 0x80, 0x38, 0x00, 0x1F, 0xF0, 0x0F, 0xF8, 0x07, 0x0E, 0x03, 0x87, 0x01, 0xC3, 0x80, 0xE1,
    0xC0, 0x70, 0xE0, 0xFE, 0xF8, 0x00, 0x00, 0x03, 0x00, 0x1C, 0x00, 0xC0, 0x00, 0x01, 0xF3, 0xE3,
    0x87, 0x0E, 0x18, 0x38, 0xC0, 0xE6, 0x03, 0xB0, 0x0F, 0xC0, 0x3F, 0x80, 0xE6, 0x03, 0x9C, 0x0E,
    0x38, 0x38, 0xE0, 0xE1, 0xC7, 0xC3, 0x80, 0x00, 0x00, 0x0C, 0x00, 0x1C, 0x00, 0x0C, 0x00, 0x00,
    0x0F, 0x8F, 0xCE, 0x0E, 0x1C, 0x1C, 0x38, 0x78, 0x70, 0xB0, 0xE3, 0x61, 0xCC, 0xC3, 0xB1, 0x87,
    0x43, 0x0F, 0x86, 0x1E, 0x0C, 0x38, 0x18, 0x70, 0x31, 0xF1, 0xF8, 0x08, 0x60, 0x31, 0x80, 0xCE,
    0x01, 0xF0, 0x00, 0x01, 0xF1, 0xE3, 0x83, 0x0E, 0x0C, 0x18, 0x20, 0x71, 0x80, 0xC6, 0x03, 0xB0,
    0x06, 0xC0, 0x1E, 0x00, 0x38, 0x00, 0xC0, 0x03, 0x00, 0x78, 0x01, 0xE0, 0x00, 0x00, 0x7C, 0x7C,
    0xE0, 0xE3, 0x83, 0x8E, 0x0E, 0x38, 0x38, 0xE0, 0xE3, 0x83, 0x8E, 0x0E, 0x38, 0x38, 0xE0, 0xE3,
    0x83, 0x8E, 0x0E, 0x38, 0x3B, 0xFF, 0xF0, 0x38, 0x00, 0xE0, 0x03, 0x00, 0x04, 0x00, 0x00, 0x00,
    0x07, 0x00, 0x0F, 0x00, 0x1E, 0x00, 0x6C, 0x00, 0xDC, 0x03, 0x38, 0x06, 0x30, 0x0C, 0x70, 0x30,
    0xE0, 0x7F, 0xC0, 0xC1, 0xC3, 0x03, 0x86, 0x07, 0x1F, 0x1F, 0x80, 0x7F, 0xE1, 0xC3, 0x0E, 0x18,
    0x70, 0x43, 0x80, 0x1F, 0xC0, 0xFF, 0x87, 0x0E, 0x38, 0x31, 0xC1, 0x8E, 0x0C, 0x70, 0xE3, 0x8E,
    0x3F, 0xE0, 0x00, 0x00, 0x00, 0x03, 0xFE, 0x0E, 0x38, 0x70, 0xC3, 0x86, 0x1C, 0x30, 0xE3, 0x07,
    0xF8, 0x3F, 0xE1, 0xC3, 0x8E, 0x0C, 0x70, 0x63, 0x87, 0x1C, 0x73, 0xFF, 0x00, 0x00, 0x7F, 0xE3,
    0x86, 0x18, 0x61, 0x82, 0x18, 0x21, 0x80, 0x18, 0x01, 0x80, 0x18, 0x01, 0x80, 0x18, 0x01, 0x80,
    0x18, 0x07, 0xF0, 0x3F, 0xF8, 0xC7, 0x06, 0x18, 0x30, 0xC1, 0x86, 0x0C, 0x30, 0x61, 0x83, 0x0C,
    0x18, 0x60, 0x83, 0x0C, 0x18, 0x60, 0xC7, 0x06, 0x7F, 0xFF, 0x00, 0xF8, 0x07, 0xC0, 0x34, 0x00,
    0x80, 0x7F, 0xE3, 0x86, 0x38, 0x63, 0x80, 0x38, 0x03, 0x98, 0x3F, 0x83, 0xF8, 0x39, 0x83, 0x80,
    0x38, 0x33, 0x83, 0x38, 0x77, 0xFF, 0xF9, 0xFB, 0xF3, 0x06, 0x0C, 0x18, 0x61, 0x81, 0x86, 0x30,
    0x0C, 0x63, 0x00, 0x66, 0x60, 0x07, 0xFC, 0x00, 0x7F, 0xE0, 0x0E, 0x67, 0x01, 0xC6, 0x38, 0x18,
    0x63, 0x83, 0x86, 0x1C, 0x70, 0x60, 0xEE, 0x1F, 0x8F, 0x00, 0x0F, 0xE1, 0x8E, 0x30, 0xE4, 0x1C,
    0x03, 0x80, 0xE0, 0xF8, 0x1F, 0x80, 0x38, 0x03, 0x20, 0x6C, 0x0D, 0xC3, 0x9F, 0xC0, 0x00, 0x7C,
    0x7E, 0x70, 0x70, 0xE0, 0xE1, 0xC3, 0xC3, 0x85, 0x87, 0x1B, 0x0E, 0x66, 0x1D, 0x8C, 0x3A, 0x18,
    0x7C, 0x30, 0xF0, 0x61, 0xC0, 0xC3, 0x81, 0x8F, 0x8F, 0xC0, 0x0C, 0x20, 0x18, 0xE0, 0x39, 0x80,
    0x1E, 0x00, 0x00, 0x0F, 0x8F, 0xCE, 0x0E, 0x1C, 0x1C, 0x38, 0x78, 0x70, 0xB0, 0xE3, 0x61, 0xCC,
    0xC3, 0xB1, 0x87, 0x43, 0x0F, 0x86, 0x1E, 0x0C, 0x38, 0x18, 0x70, 0x31, 0xF1, 0xF8, 0x7C, 0xF8,
    0xE1, 0xC3, 0x86, 0x0E, 0x30, 0x39, 0x80, 0xEC, 0x03, 0xF0, 0x0F, 0xE0, 0x39, 0x80, 0xE7, 0x03,
    0x8E, 0x0E, 0x38, 0x38, 0x71, 0xF0, 0xE0, 0x3F, 0xF8, 0xE3, 0x02, 0x18, 0x10, 0xC0, 0x86, 0x04,
    0x30, 0x21, 0x83, 0x0C, 0x18, 0x60, 0xC3, 0x06, 0x18, 0x60, 0xCF, 0x06, 0x70, 0xFC, 0x00, 0x00,
    0x7E, 0x0F, 0xC3, 0xC1, 0xE0, 0x78, 0x7C, 0x0B, 0x0D, 0x81, 0x71, 0xB0, 0x66, 0x26, 0x0C, 0xCC,
    0xC1, 0x9D, 0x98, 0x31, 0xA3, 0x86, 0x3C, 0x70, 0xC7, 0x8E, 0x18, 0xE1, 0xC6, 0x0C, 0x39, 0xF1,
    0x0F, 0xC0, 0x7C, 0x7E, 0x70, 0x70, 0xE0, 0x61, 0xC0, 0xC3, 0x81, 0x87, 0x03, 0x0F, 0xFE, 0x1F,
    0xFC, 0x38, 0x18, 0x70, 0x30, 0xE0, 0x61, 0xC0, 0xC3, 0x81, 0x9F, 0x8F, 0xC0, 0x00, 0x00, 0x7E,
    0x0E, 0x38, 0x60, 0xE7, 0x03, 0xB0, 0x1D, 0x80, 0xFC, 0x07, 0xE0, 0x3F, 0x01, 0xD8, 0x0E, 0xE0,
    0x67, 0x07, 0x1C, 0x70, 0x7F, 0x00, 0x00, 0x7F, 0xFC, 0x70, 0x70, 0xE0, 0xE1, 0xC1, 0xC3, 0x83,
    0x87, 0x07, 0x0E, 0x0E, 0x1C, 0x1C, 0x38, 0x38, 0x70, 0x70, 0xE0, 0xE1, 0xC1, 0xC3, 0x83, 0x8F,
    0x8F, 0x80, 0x00, 0x07, 0xFC, 0x38, 0xE3, 0x87, 0x38, 0x73, 0x87, 0x38, 0x73, 0x86, 0x39, 0xC3,
    0xF8, 0x38, 0x03, 0x80, 0x38, 0x03, 0x80, 0xFE, 0x00, 0x00, 0x00, 0xFE, 0x18, 0x73, 0x06, 0x70,
    0x26, 0x00, 0xE0, 0x0E, 0x00, 0xE0, 0x0E, 0x00, 0x60, 0x07, 0x02, 0x70, 0x33, 0x86, 0x1F, 0xE0,
    0x00, 0xFF, 0xFF, 0x39, 0xF1, 0xC7, 0x8E, 0x3C, 0x71, 0x83, 0x80, 0x1C, 0x00, 0xE0, 0x07, 0x00,
    0x38, 0x01, 0xC0, 0x0E, 0x00, 0x70, 0x0F, 0xE0, 0x7C, 0x78, 0xE0, 0xC3, 0x83, 0x06, 0x08, 0x1C,
    0x60, 0x31, 0x80, 0xEC, 0x01, 0xB0, 0x07, 0x80, 0x0E, 0x00, 0x30, 0x00, 0xC0, 0x1E, 0x00, 0x78,
    0x00, 0x00, 0x00, 0x03, 0xE0, 0x07, 0xE0, 0x01, 0x80, 0x0F, 0xF8, 0x39, 0x9E, 0x71, 0x87, 0x61,
    0x87, 0xE1, 0x87, 0xE1, 0x87, 0x61, 0x87, 0x71, 0x86, 0x3D, 0xDC, 0x0F, 0xF0, 0x01, 0x80, 0x07,
    0xE0, 0x03, 0xE0, 0xFC, 0xF8, 0xE1, 0xC3, 0x86, 0x07, 0x30, 0x0C, 0xC0, 0x3E, 0x00, 0x70, 0x01,
    0xC0, 0x0F, 0x80, 0x37, 0x01, 0x8E, 0x0C, 0x38, 0x30, 0x73, 0xE3, 0xF0, 0x7E, 0x7C, 0xE0, 0xE3,
    0x83, 0x8E, 0x0E, 0x38, 0x38, 0xE0, 0xE3, 0x83, 0x8E, 0x0E, 0x38, 0x38, 0xE0, 0xE3, 0x83, 0x8E,
    0x0E, 0x38, 0x39, 0xFF, 0xF0, 0x00, 0xC0, 0x03, 0x00, 0x0C, 0x00, 0x20, 0xF9, 0xFB, 0x83, 0x1C,
    0x18, 0xE0, 0xC7, 0x06, 0x38, 0x31, 0xC1, 0x87, 0xFC, 0x1F, 0x60, 0x03, 0x00, 0x18, 0x00, 0xC0,
    0x06, 0x00, 0xFC, 0x7E, 0xF9, 0xF1, 0xC3, 0x87, 0x0E, 0x1C, 0x38, 0x70, 0xE1, 0xC3, 0x87, 0x0E,
    0x1C, 0x38, 0x70, 0xE1, 0xC3, 0x87, 0x0E, 0x1C, 0x38, 0x70, 0xE1, 0xC3, 0x87, 0x0E, 0x1C, 0x38,
    0x70, 0xE1, 0xC3, 0x87, 0x0E, 0x3F, 0xFF, 0xF8, 0x7E, 0xF9, 0xF1, 0xC3, 0x87, 0x0E, 0x1C, 0x38,
    0x70, 0xE1, 0xC3, 0x87, 0x0E, 0x1C, 0x38, 0x70, 0xE1, 0xC3, 0x87, 0x0E, 0x1C, 0x38, 0x70, 0xE1,
    0xC3, 0x87, 0x0E, 0x1C, 0x38, 0x70, 0xE1, 0xC3, 0x87, 0x0E, 0x3F, 0xFF, 0xF8, 0x00, 0x00, 0xC0,
    0x00, 0x06, 0x00, 0x00, 0x30, 0x00, 0x00, 0x80, 0x7F, 0xC1, 0xCE, 0x03, 0x1C, 0x06, 0x38, 0x0C,
    0x70, 0x00, 0xFE, 0x01, 0xFF, 0x03, 0x87, 0x07, 0x0E, 0x0E, 0x1C, 0x1C, 0x38, 0x38, 0x70, 0x71,
    0xC1, 0xFF, 0x00, 0x00, 0x00, 0x7E, 0x07, 0xE7, 0x00, 0x70, 0xE0, 0x0E, 0x1C, 0x01, 0xC3, 0x80,
    0x38, 0x7F, 0x87, 0x0F, 0xF8, 0xE1, 0xC3, 0x9C, 0x38, 0x73, 0x87, 0x0E, 0x70, 0xE1, 0xCE, 0x1C,
    0x39, 0xC3, 0x8E, 0x38, 0xFF, 0x8F, 0xC0, 0x00, 0x00, 0x7E, 0x03, 0x80, 0x38, 0x03, 0x80, 0x38,
    0x03, 0xFC, 0x3F, 0xE3, 0x87, 0x38, 0x73, 0x87, 0x38, 0x73, 0x87, 0x38, 0xE7, 0xFC, 0x00, 0x00,
    0x00, 0x07, 0xF8, 0x61, 0xC6, 0x0E, 0x40, 0xE0, 0x07, 0x00, 0x71, 0xFF, 0x1F, 0xF0, 0x07, 0x00,
    0x64, 0x06, 0x60, 0xE6, 0x1C, 0x7F, 0x00, 0x00, 0x00, 0x00, 0x07, 0xC1, 0xF8, 0x38, 0x71, 0xC3,
    0x8E, 0x0E, 0x38, 0xC0, 0xE3, 0x8C, 0x06, 0x39, 0xC0, 0x73, 0xFC, 0x07, 0x3F, 0xC0, 0x73, 0x9C,
    0x07, 0x39, 0xC0, 0x63, 0x8C, 0x0E, 0x38, 0xE0, 0xC3, 0x87, 0x1C, 0x7C, 0x3F, 0x00, 0x00, 0x00,
    0x0F, 0xF8, 0xE3, 0x0E, 0x18, 0x60, 0xC3, 0x06, 0x18, 0x30, 0xF1, 0x81, 0xFC, 0x0C, 0x60, 0xE3,
    0x06, 0x18, 0x70, 0xC7, 0x06, 0x78, 0xFC, 0x1E, 0x1F, 0xC4, 0x38, 0x0E, 0x03, 0x8F, 0xE7, 0x3B,
    0x8E, 0xE3, 0xBD, 0xE7, 0xFC, 0x00, 0x00, 0x00, 0x18, 0x1F, 0x0F, 0xC3, 0x80, 0xC0, 0x1B, 0xC3,
    0xFC, 0x71, 0xDC, 0x1B, 0x83, 0xF0, 0x76, 0x0C, 0xC1, 0x9C, 0x71, 0x8C, 0x1F, 0x00, 0x00, 0x7F,
    0x0F, 0xF0, 0xC7, 0x18, 0xE3, 0x18, 0x7F, 0x0C, 0x71, 0x87, 0x30, 0xE6, 0x3B, 0xFE, 0x00, 0x00,
    0x7F, 0x9F, 0xE3, 0x18, 0xC6, 0x30, 0x8C, 0x03, 0x00, 0xC0, 0x30, 0x0C, 0x0F, 0xE0, 0x1F, 0xF1,
    0xFF, 0x0C, 0xE0, 0xCE, 0x08, 0xE0, 0x8E, 0x08, 0xE1, 0x8E, 0x18, 0xE3, 0x0E, 0x7F, 0xF6, 0x03,
    0x60, 0x36, 0x03, 0x40, 0x20, 0x1E, 0x0F, 0xE6, 0x19, 0x86, 0xE1, 0xBF, 0xEE, 0x03, 0x80, 0x70,
    0x1E, 0x63, 0xF0, 0x00, 0x7B, 0xEF, 0x3D, 0xF7, 0x8C, 0x71, 0x83, 0x39, 0x80, 0xDD, 0x80, 0x7F,
    0xC0, 0x77, 0x70, 0x73, 0x9C, 0x31, 0xC6, 0x38, 0xE3, 0xB8, 0xF8, 0xE0, 0x3E, 0x3F, 0x98, 0xC8,
    0x60, 0x70, 0xF0, 0x1C, 0x07, 0xC3, 0xF1, 0xDF, 0xC0, 0x00, 0x78, 0xF3, 0xE7, 0x8C, 0x38, 0x61,
    0xC3, 0x1E, 0x19, 0xB0, 0xD9, 0x87, 0x8C, 0x38, 0x61, 0x83, 0x3E, 0x7C, 0x00, 0x00, 0xC6, 0x07,
    0x70, 0x1F, 0x00, 0x00, 0x3C, 0x79, 0xF3, 0xC6, 0x1C, 0x30, 0xE1, 0x8F, 0x0C, 0xD8, 0x6C, 0xC3,
    0xC6, 0x1C, 0x30, 0xC1, 0x9F, 0x3E, 0x79, 0xE7, 0xDE, 0x30, 0xC3, 0x18, 0x33, 0x03, 0xF0, 0x33,
    0x83, 0x18, 0x31, 0xC3, 0x0E, 0xFC, 0xF0, 0x3F, 0xC7, 0xFC, 0x67, 0x0C, 0xE1, 0x1C, 0x23, 0x84,
    0x71, 0x8E, 0x31, 0xDE, 0x3B, 0x8F, 0x80, 0x00, 0x7C, 0x3C, 0xF8, 0xF8, 0xF1, 0xE1, 0xF2, 0xC3,
    0x6D, 0x86, 0xDB, 0x0D, 0xA6, 0x1B, 0xCC, 0x23, 0x98, 0x47, 0x3B, 0xEC, 0xF8, 0x79, 0xF3, 0xEF,
    0x8C, 0x18, 0x60, 0xC3, 0x06, 0x1F, 0xF0, 0xC3, 0x86, 0x0C, 0x30, 0x61, 0x83, 0x3F, 0x7C, 0x0F,
    0x07, 0xF1, 0xC7, 0x30, 0x6E, 0x0D, 0xC1, 0xF8, 0x3B, 0x06, 0x71, 0xCE, 0x30, 0xFC, 0x00, 0x00,
    0x7F, 0xF7, 0xFF, 0x30, 0xE3, 0x0E, 0x30, 0xE3, 0x0E, 0x30, 0xE3, 0x0E, 0x30, 0xE3, 0x0E, 0xFD,
    0xF0, 0x77, 0x9F, 0xF8, 0xC3, 0x98, 0x73, 0x0E, 0x61, 0xCC, 0x39, 0x87, 0x30, 0xC6, 0x38, 0xFE,
    0x18, 0x03, 0x00, 0x60, 0x3F, 0x07, 0xE0, 0x0F, 0x1F, 0xDC, 0x6C, 0x36, 0x07, 0x03, 0x80, 0xC0,
    0x70, 0x3C, 0xCF, 0xC0, 0x00, 0x7F, 0xFF, 0xFF, 0x39, 0xE7, 0x34, 0xE2, 0x1C, 0x03, 0x80, 0x70,
    0x0E, 0x01, 0xC0, 0xFE, 0x00, 0xF9, 0xFF, 0x3D, 0xC3, 0x38, 0x63, 0x18, 0x73, 0x06, 0x60, 0xD8,
    0x1F, 0x01, 0xE0, 0x38, 0x03, 0x00, 0xC0, 0x18, 0x1E, 0x01, 0x80, 0x01, 0x80, 0x07, 0x80, 0x01,
    0x80, 0x01, 0x80, 0x01, 0x80, 0x1F, 0xB8, 0x3F, 0xFC, 0x71, 0x8E, 0x61, 0x86, 0x61, 0x86, 0xE1,
    0x87, 0xE1, 0x86, 0xE1, 0x86, 0x61, 0x8E, 0x73, 0x8C, 0x3F, 0xF8, 0x01, 0x80, 0x01, 0x80, 0x01,
    0x80, 0x03, 0xC0, 0x07, 0xE0, 0xF9, 0xFF, 0x3C, 0xE6, 0x1C, 0xC1, 0xF0, 0x1C, 0x03, 0xC0, 0xD8,
    0x33, 0x8C, 0x3B, 0xEF, 0x80, 0x79, 0xF7, 0x9F, 0x30, 0xE3, 0x0E, 0x30, 0xE3, 0x0E, 0x30, 0xE3,
    0x0E, 0x30, 0xE3, 0x0E, 0xFF, 0xF0, 0x03, 0x00, 0x30, 0x03, 0x00, 0x20, 0xF9, 0xEF, 0xBE, 0x70,
    0xC7, 0x0C, 0x70, 0xC3, 0x1C, 0x3F, 0xC0, 0x0C, 0x00, 0xC0, 0x0C, 0x03, 0xE0, 0x79, 0xE7, 0x9E,
    0x79, 0xE3, 0x0C, 0x30, 0xC3, 0x0C, 0x30, 0xC3, 0x0C, 0x30, 0xC3, 0x0C, 0x30, 0xC3, 0x0C, 0x30,
    0xC3, 0x0C, 0x30, 0xC7, 0xFF, 0xFC, 0x79, 0xE7, 0x9E, 0x79, 0xE3, 0x0C, 0x30, 0xC3, 0x0C, 0x30,
    0xC3, 0x0C, 0x30, 0xC3, 0x0C, 0x30, 0xC3, 0x0C, 0x30, 0xC3, 0x0C, 0x30, 0xC7, 0xFF, 0xFC, 0x00,
    0x07, 0x00, 0x01, 0x80, 0x00, 0x60, 0x00, 0x08, 0x7F, 0x07, 0xFC, 0x31, 0x81, 0x8C, 0x04, 0x7C,
    0x03, 0xF8, 0x18, 0xE0, 0xC7, 0x06, 0x38, 0x71, 0x87, 0xF8, 0x00, 0x00, 0x7C, 0x1E, 0x7C, 0x1E,
    0x30, 0x0C, 0x30, 0x0C, 0x3F, 0x0C, 0x3F, 0x8C, 0x31, 0xCC, 0x30, 0xCC, 0x30, 0xCC, 0x31, 0xCC,
    0x7F, 0xBF, 0x00, 0x00, 0x7C, 0x1F, 0x03, 0x00, 0xC0, 0x3F, 0x0F, 0xE3, 0x1C, 0xC3, 0x30, 0xCC,
    0x77, 0xF8, 0x00, 0x3C, 0x1F, 0xC6, 0x39, 0x0E, 0x01, 0x87, 0xE1, 0xD9, 0x06, 0x63, 0x98, 0xC7,
    0xE0, 0x00, 0x78, 0x3C, 0x3E, 0x7F, 0x0C, 0x71, 0xC6, 0x30, 0x63, 0x18, 0x31, 0xFC, 0x18, 0xCE,
    0x0C, 0x63, 0x06, 0x31, 0xC7, 0x18, 0xE3, 0x3F, 0x3F, 0x00, 0x00, 0x00, 0x1F, 0xC7, 0xF9, 0xC6,
    0x30, 0xC6, 0x18, 0xFF, 0x07, 0xE1, 0xCC, 0x31, 0x8E, 0x33, 0x8F, 0x80, 0x00, 0x0E, 0x03, 0x80,
    0x70, 0x06, 0x00, 0x01, 0xE0, 0xFE, 0x61, 0x98, 0x6E, 0x1B, 0xFE, 0xE0, 0x38, 0x07, 0x01, 0xE6,
    0x3F, 0x00, 0x00, 0x33, 0x0E, 0xE3, 0x30, 0x00, 0x1E, 0x0F, 0xE6, 0x19, 0x86, 0xE1, 0xBF, 0xEE,
    0x03, 0x80, 0x70, 0x1E, 0x63, 0xF0, 0x00, 0x30, 0x1E, 0x00, 0xC0, 0x3F, 0x07, 0xC0, 0x60, 0x0D,
    0xF1, 0xFE, 0x30, 0xE6, 0x1C, 0xC3, 0x98, 0x73, 0x0E, 0x61, 0xCC, 0x3B, 0xC7, 0x00, 0xE0, 0x1C,
    0x03, 0x01, 0xE0, 0x38, 0x00, 0x01, 0xC0, 0x70, 0x38, 0x18, 0x00, 0x07, 0xF9, 0xFE, 0x31, 0x8C,
    0x63, 0x08, 0xC0, 0x30, 0x0C, 0x03, 0x00, 0xC0, 0xFE, 0x00, 0x0F, 0x1F, 0xDC, 0x6C, 0x36, 0x07,
    0xF3, 0x90, 0xC0, 0x61, 0xB8, 0xCF, 0xE0, 0x00, 0x1E, 0x3F, 0x98, 0xCC, 0x07, 0x81, 0xF0, 0x7C,
    0x0F, 0x43, 0xB1, 0x9F, 0xC0, 0x00, 0x30, 0xE3, 0x00, 0x71, 0xC3, 0x0C, 0x30, 0xC3, 0x0C, 0x30,
    0xCF, 0xC0, 0x66, 0x66, 0x66, 0x00, 0x38, 0x38, 0x18, 0x18, 0x18, 0x18, 0x18, 0x18, 0x18, 0x18,
    0x7E, 0x18, 0x71, 0x80, 0x38, 0xE1, 0x86, 0x18, 0x61, 0x86, 0x18, 0x61, 0x86, 0x18, 0xE7, 0x18,
    0x3F, 0xC0, 0x3F, 0xE0, 0x11, 0x80, 0x11, 0x80, 0x11, 0xF8, 0x11, 0xFE, 0x11, 0x86, 0x31, 0x86,
    0x31, 0x86, 0xF1, 0x8E, 0xE3, 0xFC, 0x00, 0x00, 0x79, 0xF0, 0x3E, 0xF8, 0x0C, 0x18, 0x06, 0x0C,
    0x03, 0x07, 0xC1, 0xFF, 0xF8, 0xC3, 0x8E, 0x60, 0xC3, 0x30, 0x63, 0x98, 0x31, 0xFF, 0x7F, 0xC0,
    0x00, 0x00, 0x30, 0x0F, 0x00, 0x30, 0x0F, 0xE0, 0x30, 0x03, 0x38, 0x3F, 0xC3, 0x8E, 0x30, 0xE3,
    0x0E, 0x30, 0xE3, 0x0E, 0x30, 0xE3, 0x0E, 0x30, 0xE7, 0xDF, 0x00, 0x00, 0x18, 0x03, 0x80, 0x70,
    0x06, 0x00, 0x00, 0x79, 0xE7, 0xDE, 0x30, 0xC3, 0x18, 0x33, 0x03, 0xF0, 0x33, 0x83, 0x18, 0x31,
    0xC3, 0x0E, 0xFC, 0xF0, 0x00, 0x00, 0xE0, 0x03, 0x80, 0x0C, 0x00, 0x30, 0x00, 0x01, 0xE3, 0xCF,
    0x9E, 0x30, 0xE1, 0x87, 0x0C, 0x78, 0x66, 0xC3, 0x66, 0x1E, 0x30, 0xE1, 0x86, 0x0C, 0xF9, 0xF0,
    0x00, 0x06, 0x30, 0xEE, 0x0F, 0x80, 0x01, 0xF3, 0xFE, 0x7B, 0x86, 0x70, 0xC6, 0x30, 0xE6, 0x0C,
    0xC1, 0xB0, 0x3E, 0x03, 0xC0, 0x70, 0x06, 0x01, 0x80, 0x30, 0x3C, 0x03, 0x00, 0x79, 0xF7, 0x9F,
    0x30, 0xE3, 0x0E, 0x30, 0xE3, 0x0E, 0x30, 0xE3, 0x0E, 0x30, 0xE3, 0x0E, 0xFF, 0xF0, 0x60, 0x06,
    0x00, 0x60, 0x02, 0x00, 0x00, 0x00, 0x18, 0x18, 0x30, 0x0C, 0x70, 0x0C, 0x60, 0x06, 0x61, 0x86,
    0xE1, 0x86, 0xE1, 0x87, 0xE1, 0x87, 0xE1, 0x87, 0xE1, 0x86, 0x61, 0x86, 0x73, 0x8E, 0x7F, 0xFC,
    0x3E, 0x7C, 0x00, 0x00, 0x08, 0x20, 0xE0, 0xC7, 0x03, 0x98, 0xC6, 0x63, 0x1F, 0x8E, 0x7E, 0x31,
    0xF8, 0xC7, 0x63, 0x1D, 0xDE, 0x63, 0xEF, 0x00, 0x00, 0x00, 0x00, 0x7E, 0x00, 0xE0, 0x03, 0x80,
    0xFF, 0xE3, 0x38, 0xC8, 0xE2, 0x03, 0x80, 0x0F, 0xE0, 0x3F, 0xE0, 0xE1, 0xC3, 0x87, 0x0E, 0x1C,
    0x38, 0x70, 0xE3, 0x87, 0xFC, 0x00, 0x00, 0x04, 0x00, 0xF0, 0x03, 0x80, 0x1C, 0x00, 0xE0, 0x3F,
    0xF3, 0xFF, 0x99, 0xCC, 0x4E, 0x20, 0x7E, 0x03, 0xFC, 0x1C, 0x70, 0xE3, 0x87, 0x1C, 0x38, 0xE7,
    0xFE, 0x00, 0x00, 0x00, 0x00, 0x1F, 0x83, 0xFC, 0xE0, 0xE3, 0x9C, 0x30, 0x33, 0x8E, 0x06, 0x71,
    0x80, 0x0E, 0x30, 0x01, 0xFF, 0xF0, 0x3F, 0xFE, 0x07, 0x38, 0x00, 0xE3, 0x80, 0x1C, 0x70, 0x03,
    0x8E, 0x06, 0x70, 0xE1, 0xDF, 0x0F, 0xF0, 0x00, 0x00, 0x78, 0x7C, 0xF9, 0xFC, 0xC7, 0x19, 0x8C,
    0x33, 0x38, 0x07, 0xFE, 0x0C, 0xE0, 0x19, 0xC0, 0x31, 0xC0, 0x63, 0xCF, 0xF3, 0xF0, 0x00, 0x00,
    0x00, 0x00, 0x07, 0x00, 0x0F, 0x00, 0x1E, 0x00, 0x6C, 0x00, 0xDC, 0x03, 0x38, 0x06, 0x30, 0x0C,
    0x70, 0x30, 0xE0, 0x7F, 0xC0, 0xD9, 0xC3, 0x13, 0x86, 0x27, 0x1F, 0x5F, 0x80, 0x03, 0x80, 0x0E,
    0x00, 0x7C, 0x01, 0xB0, 0x0C, 0xE0, 0x3F, 0x81, 0xFE, 0x06, 0xDC, 0x1B, 0x30, 0xCC, 0xE7, 0xB7,
    0xC0, 0x0F, 0xFF, 0x00, 0xFF, 0xF0, 0x06, 0x06, 0x00, 0x30, 0xC0, 0x03, 0x98, 0x00, 0x1B, 0x80,
    0x03, 0xFC, 0x00, 0x7F, 0xE0, 0x0E, 0x67, 0x01, 0xC6, 0x38, 0x18, 0x63, 0x83, 0x86, 0x1C, 0x70,
    0x61, 0xEF, 0x1F, 0x8F, 0x0F, 0xFE, 0x01, 0xFF, 0xC0, 0x18, 0x30, 0x01, 0x8C, 0x00, 0x1B, 0x00,
    0x0F, 0xF8, 0x03, 0xBB, 0x80, 0xE7, 0x38, 0x18, 0xE3, 0x87, 0x1C, 0x71, 0xC7, 0xE7, 0x80, 0x00,
    0x06, 0x30, 0x7C, 0x07, 0x00, 0x00, 0xFF, 0x1C, 0xF3, 0x0E, 0x61, 0xC0, 0x38, 0x06, 0x1F, 0x81,
    0xFC, 0x03, 0x80, 0x38, 0x07, 0x00, 0xC0, 0x38, 0xFE, 0x38, 0x0E, 0x01, 0xC3, 0x1F, 0xE1, 0xF8,
    0x21, 0x0C, 0xC1, 0xE0, 0x38, 0x00, 0x0F, 0x87, 0xF9, 0x8E, 0x63, 0x80, 0xC1, 0xF0, 0x7E, 0x01,
    0xC0, 0x70, 0x38, 0x7C, 0x7C, 0x18, 0x0E, 0x31, 0xDC, 0x3E, 0x00, 0x00, 0x00, 0x7E, 0x0E, 0x38,
    0x60, 0xE7, 0x03, 0xB0, 0x1D, 0x80, 0xFF, 0xE7, 0xF7, 0xFF, 0x05, 0xD8, 0x0E, 0xE0, 0x67, 0x07,
    0x1C, 0x70, 0x7F, 0x00, 0x00, 0x0F, 0x07, 0xF1, 0xC7, 0x30, 0x6F, 0x8D, 0xFF, 0xF9, 0xFB, 0x06,
    0x71, 0xCE, 0x30, 0xFC, 0x00, 0x00, 0x00, 0x01, 0xF8, 0x1C, 0xC0, 0x71, 0xC1, 0xC3, 0x83, 0x03,
    0x06, 0x07, 0x08, 0x0E, 0x30, 0x0C, 0x60, 0x1C, 0x80, 0x1B, 0x00, 0x36, 0x00, 0x78, 0x00, 0x70,
    0x00, 0xE0, 0x00, 0x00, 0x78, 0x33, 0xC3, 0x8E, 0x18, 0x71, 0x81, 0x8C, 0x0E, 0x60, 0x76, 0x01,
    0xB0, 0x0F, 0x80, 0x38, 0x01, 0xC0, 0x00, 0x00, 0x09, 0x00, 0x33, 0x00, 0x33, 0x00, 0x32, 0x00,
    0x00, 0x1F, 0x81, 0xCC, 0x07, 0x1C, 0x1C, 0x38, 0x30, 0x30, 0x60, 0x70, 0x80, 0xE3, 0x00, 0xC6,
    0x01, 0xC8, 0x01, 0xB0, 0x03, 0x60, 0x07, 0x80, 0x07, 0x00, 0x0E, 0x00, 0x00, 0x00, 0x00, 0x01,
    0x98, 0x06, 0xE0, 0x3B, 0x00, 0xCC, 0x00, 0x01, 0xE0, 0xCF, 0x0E, 0x38, 0x61, 0xC6, 0x06, 0x30,
    0x39, 0x81, 0xD8, 0x06, 0xC0, 0x3E, 0x00, 0xE0, 0x07, 0x00, 0x00, 0x00, 0x00, 0x00, 0x00, 0x07,
    0xE0, 0x00, 0x0E, 0x38, 0x00, 0x06, 0x0E, 0x00, 0x07, 0x03, 0xBC, 0x7B, 0x01, 0xDE, 0x3D, 0x80,
    0xE7, 0x0D, 0xC0, 0x73, 0x8C, 0xE0, 0x38, 0xC6, 0x70, 0x1C, 0x73, 0x18, 0x0E, 0x3B, 0x0E, 0x06,
    0x0D, 0x87, 0x07, 0x07, 0xC1, 0xC7, 0x01, 0xC0, 0x7F, 0x00, 0xE0, 0x00, 0x00, 0x30, 0x00, 0x00,
    0x30, 0x00, 0x00, 0x38, 0x00, 0x00, 0x78, 0x00, 0x00, 0x38, 0x00, 0x0F, 0x1E, 0x3C, 0xFE, 0x78,
    0xF7, 0x1C, 0xC1, 0x98, 0x33, 0x8C, 0xE0, 0xCE, 0x33, 0x83, 0x98, 0xCE, 0x0E, 0x76, 0x18, 0x30,
    0xD8, 0x71, 0xC3, 0x61, 0xC6, 0x0F, 0x03, 0xF0, 0x1C, 0x00, 0x00, 0x30, 0x00, 0x01, 0x80, 0x00,
    0x0E, 0x00, 0x00, 0xF0, 0x00, 0x03, 0x80, 0x00, 0x00, 0x7F, 0x07, 0x1C, 0x60, 0xC7, 0x02, 0x30,
    0x03, 0x80, 0x1C, 0x00, 0xE0, 0x07, 0x00, 0x18, 0x00, 0xE0, 0x47, 0x03, 0x1C, 0x38, 0x7F, 0x80,
    0x0C, 0x00, 0x60, 0x03, 0x00, 0x7E, 0x01, 0xF0, 0x0F, 0x07, 0xF1, 0xC6, 0x30, 0xC6, 0x01, 0xC0,
    0x38, 0x03, 0x00, 0x70, 0x0F, 0x30, 0xFE, 0x00, 0xC0, 0x18, 0x03, 0x01, 0xF0, 0x3E, 0x00, 0x00,
    0x03, 0x00, 0x30, 0x01, 0x81, 0x98, 0x0E, 0xC0, 0x1E, 0x00, 0x78, 0x43, 0xF3, 0xB1, 0x8F, 0x80,
    0x1C, 0x00, 0xF8, 0x0E, 0xE0, 0x61, 0x03, 0x00, 0x30, 0x01, 0x80, 0x00, 0x00, 0xC0, 0x00, 0xF0,
    0x00, 0x00, 0x03, 0x00, 0xC3, 0x40, 0xB0, 0x00, 0x00, 0x00, 0x00, 0xE0, 0x06, 0x58, 0x04, 0x80,
    0x00, 0x00, 0x00, 0x03, 0x00, 0xC3, 0x40, 0xB0, 0x00, 0x00, 0x00, 0x00, 0x03, 0xC0, 0x01, 0x20,
    0x00, 0x00, 0x00, 0x00, 0x20, 0x00, 0x08, 0x00, 0x43, 0x18, 0x18, 0x0C, 0x07, 0x03, 0x00, 0x00,
    0x00, 0x00, 0x00, 0x30, 0x03, 0x3C, 0x00, 0xE2, 0x00, 0x20, 0x00, 0x00, 0x00, 0x00, 0x03, 0x03,
    0x01, 0x88, 0xE0, 0xC3, 0x08, 0x00, 0xC0, 0x00, 0x20, 0x00, 0x00, 0x00, 0x0C, 0x20, 0x18, 0xE0,
    0x39, 0x80, 0x1E, 0x00, 0x00, 0x0F, 0x8F, 0xCE, 0x0E, 0x1C, 0x1C, 0x38, 0x78, 0x70, 0xB0, 0xE3,
    0x61, 0xCC, 0xC3, 0xB1, 0x87, 0x43, 0x0F, 0x86, 0x1E, 0x0C, 0x38, 0x18, 0x70, 0x31, 0xF1, 0xF8,
    0x00, 0x70, 0x00, 0xE0, 0x00, 0x80, 0x01, 0x00, 0x00, 0x00, 0xC6, 0x07, 0x70, 0x1F, 0x00, 0x00,
    0x3C, 0x79, 0xF3, 0xC6, 0x1C, 0x30, 0xE1, 0x8F, 0x0C, 0xD8, 0x6C, 0xC3, 0xC6, 0x1C, 0x30, 0xC1,
    0x9F, 0x3F, 0x00, 0x38, 0x01, 0x80, 0x0C, 0x00, 0x20, 0x7E, 0x03, 0x80, 0xFF, 0x8F, 0xF0, 0x38,
    0x03, 0xFC, 0x3F, 0xE3, 0x87, 0x38, 0x73, 0x87, 0x38, 0x73, 0x87, 0x38, 0xE7, 0xFC, 0x00, 0x00,
    0x10, 0x0F, 0x00, 0xE0, 0x1C, 0x03, 0x80, 0xFE, 0x1F, 0xC1, 0xC0, 0x38, 0x07, 0x60, 0xFF, 0x1C,
    0x73, 0x8E, 0x71, 0xCE, 0x3B, 0xFE, 0x00, 0x00, 0x00, 0x07, 0xFC, 0x38, 0xE3, 0x87, 0x38, 0x73,
    0x87, 0x3B, 0x73, 0xBE, 0x39, 0xC3, 0xFC, 0x38, 0xC3, 0x84, 0x38, 0x03, 0x80, 0xFE, 0x00, 0x77,
    0x9F, 0xF8, 0xC3, 0x98, 0x73, 0x0E, 0x61, 0xCC, 0x39, 0x97, 0x32, 0xC6, 0x78, 0xFE, 0x18, 0x43,
    0x0C, 0x60, 0x3F, 0x07, 0xE0, 0x00, 0x00, 0x0C, 0x01, 0x80, 0x37, 0xFE, 0x70, 0x06, 0x00, 0xC0,
    0x18, 0x03, 0x00, 0x60, 0x0C, 0x01, 0x80, 0x30, 0x06, 0x00, 0xC0, 0x18, 0x0F, 0xE0, 0x00, 0x80,
    0xC0, 0x6F, 0xF7, 0xF9, 0x80, 0xC0, 0x60, 0x30, 0x18, 0x0C, 0x06, 0x03, 0x07, 0xF0, 0x7F, 0xE3,
    0x86, 0x18, 0x61, 0x82, 0x18, 0x21, 0x80, 0x18, 0x07, 0xF0, 0x3E, 0x01, 0x80, 0x18, 0x01, 0x80,
    0x18, 0x07, 0xF0, 0x7F, 0x9F, 0xE3, 0x18, 0xC6, 0x30, 0x8C, 0x0F, 0xE0, 0xE0, 0x30, 0x0C, 0x0F,
    0xE0, 0x7F, 0xE1, 0xC3, 0x06, 0x18, 0x30, 0x41, 0x82, 0x0C, 0x00, 0x7F, 0x83, 0xDE, 0x18, 0x30,
    0xC1, 0xC6, 0x0E, 0x30, 0x71, 0x83, 0x3F, 0x98, 0x01, 0xC0, 0x1C, 0x01, 0xC0, 0x18, 0x00, 0x7F,
    0x8F, 0xF0, 0xC6, 0x18, 0xC3, 0x08, 0x6E, 0x0F, 0xF1, 0x86, 0x30, 0xE6, 0x1F, 0xFB, 0x80, 0x70,
    0x0C, 0x01, 0x81, 0xE0, 0x38, 0xF9, 0xFB, 0xF3, 0x06, 0x0C, 0x18, 0x61, 0x81, 0x86, 0x30, 0x0C,
    0x63, 0x00, 0x66, 0x60, 0x07, 0xFC, 0x00, 0x7F, 0xE0, 0x0E, 0x67, 0x01, 0xC6, 0x38, 0x18, 0x63,
    0x83, 0x86, 0x1C, 0x70, 0x60, 0xEE, 0x1F, 0x8F, 0x00, 0x00, 0x70, 0x00, 0x07, 0x00, 0x00, 0x30,
    0x00, 0x02, 0x7B, 0xEF, 0x3D, 0xF7, 0x8C, 0x71, 0x83, 0x39, 0x80, 0xDD, 0x80, 0x7F, 0xC0, 0x77,
    0x70, 0x73, 0x9C, 0x31, 0xC6, 0x38, 0xE3, 0xB8, 0xF8, 0xE0, 0x00, 0x30, 0x00, 0x18, 0x00, 0x0C,
    0x00, 0x04, 0x00, 0x0F, 0xE1, 0x8E, 0x30, 0xE4, 0x1C, 0x03, 0x80, 0xE0, 0xF8, 0x1F, 0x80, 0x38,
    0x03, 0x20, 0x6C, 0x0D, 0xC3, 0x9F, 0xC0, 0x30, 0x06, 0x00, 0xC0, 0x78, 0x0E, 0x00, 0x3E, 0x3F,
    0x98, 0xC8, 0x60, 0x70, 0xF0, 0x1C, 0x07, 0xC3, 0xF1, 0xDF, 0xC1, 0x80, 0x40, 0x70, 0xF0, 0x30,
    0x7C, 0xF8, 0xE1, 0xC3, 0x86, 0x0E, 0x30, 0x39, 0x80, 0xEC, 0x03, 0xF0, 0x0F, 0xE0, 0x39, 0x80,
    0xE7, 0x03, 0x8E, 0x0E, 0x38, 0x38, 0x71, 0xF0, 0xE0, 0x01, 0x80, 0x06, 0x00, 0x18, 0x00, 0x20,
    0x79, 0xE7, 0xDE, 0x30, 0xC3, 0x18, 0x33, 0x03, 0xF0, 0x33, 0x83, 0x18, 0x31, 0xC3, 0x0E, 0xFC,
    0xF0, 0x07, 0x00, 0x30, 0x03, 0x00, 0x20, 0x7C, 0x7C, 0x70, 0x70, 0xE0, 0xC1, 0xD3, 0x03, 0xAC,
    0x07, 0x58, 0x0F, 0xE0, 0x1F, 0xE0, 0x3A, 0xE0, 0x74, 0xE0, 0xE9, 0xC1, 0xC1, 0xC3, 0x83, 0xCF,
    0x83, 0xC0, 0x78, 0xF3, 0xE7, 0x8C, 0x18, 0x6D, 0x83, 0x68, 0x1F, 0xC0, 0xDF, 0x06, 0xDC, 0x34,
    0x61, 0x83, 0xBF, 0x0E, 0x7C, 0xF8, 0xE1, 0xC3, 0x86, 0x1F, 0x30, 0x7D, 0x80, 0xEC, 0x03, 0xF0,
    0x0F, 0xE0, 0x39, 0x80, 0xE7, 0x03, 0x8E, 0x0E, 0x38, 0x38, 0x71, 0xF0, 0xE0, 0x20, 0x0F, 0x00,
    0x30, 0x0F, 0xC0, 0x70, 0x03, 0x1E, 0x31, 0xE3, 0x18, 0x33, 0x03, 0x70, 0x3F, 0x03, 0xB8, 0x31,
    0x83, 0x1C, 0x30, 0xEF, 0x9F, 0x7F, 0x9F, 0x33, 0x87, 0x39, 0xC3, 0x18, 0xE3, 0x0C, 0x73, 0x00,
    0x3B, 0x00, 0x1F, 0x80, 0x0F, 0xE0, 0x07, 0x38, 0x03, 0x9C, 0x01, 0xC7, 0x00, 0xE3, 0x80, 0x70,
    0xE0, 0x7C, 0x38, 0x7F, 0x3D, 0xFE, 0x7B, 0x18, 0xC6, 0x33, 0x04, 0x66, 0x00, 0xF8, 0x01, 0xB8,
    0x03, 0x38, 0x06, 0x38, 0x1C, 0x70, 0xFC, 0x70, 0x7C, 0x7E, 0x70, 0x70, 0xE0, 0x61, 0xC0, 0xC3,
    0x81, 0x87, 0x03, 0x0F, 0xFE, 0x1F, 0xFC, 0x38, 0x18, 0x70, 0x30, 0xE0, 0x61, 0xC0, 0xC3, 0x81,
    0x9F, 0x8F, 0xC0, 0x03, 0x80, 0x06, 0x00, 0x0C, 0x00, 0x08, 0x79, 0xF3, 0xEF, 0x8C, 0x18, 0x60,
    0xC3, 0x06, 0x1F, 0xF0, 0xC3, 0x86, 0x0C, 0x30, 0x61, 0x83, 0x3F, 0x7E, 0x00, 0x60, 0x03, 0x00,
    0x18, 0x00, 0x40, 0x7C, 0x7F, 0xC7, 0x03, 0x18, 0xE0, 0x63, 0x1C, 0x0C, 0x63, 0x81, 0x84, 0x70,
    0x30, 0x0F, 0xFE, 0x01, 0xFF, 0xC0, 0x38, 0x18, 0x07, 0x03, 0x00, 0xE0, 0x60, 0x1C, 0x0C, 0x03,
    0x81, 0x80, 0xF8, 0xFC, 0x00, 0x7C, 0xFE, 0x7C, 0xFF, 0x30, 0x63, 0x30, 0x63, 0x30, 0x63, 0x3F,
    0xE0, 0x30, 0x60, 0x30, 0x60, 0x30, 0x60, 0x30, 0x70, 0xFD, 0xF8, 0x7F, 0xFC, 0x03, 0x83, 0x80,
    0x38, 0x38, 0x03, 0x83, 0x80, 0x38, 0x38, 0x03, 0x83, 0x80, 0x38, 0x3F, 0xC3, 0x83, 0xCE, 0x38,
    0x38, 0x73, 0x83, 0x87, 0x38, 0x38, 0x33, 0x83, 0x83, 0x38, 0x38, 0x77, 0xC7, 0xC7, 0x00, 0x00,
    0x60, 0x00, 0x0C, 0x00, 0x03, 0x80, 0x00, 0x70, 0x7F, 0xF0, 0x3F, 0xF8, 0x0C, 0x38, 0x06, 0x1C,
    0x03, 0x0E, 0x01, 0x87, 0xE0, 0xC3, 0xFC, 0x61, 0xC6, 0x30, 0xE3, 0x98, 0x71, 0xFF, 0x7C, 0xE0,
    0x00, 0x70, 0x00, 0x30, 0x00, 0x18, 0x00, 0x78, 0x00, 0x38, 0x00, 0x00, 0x0F, 0x00, 0x1C, 0x00,
    0x30, 0x60, 0x71, 0xF8, 0x61, 0x9C, 0x63, 0x8C, 0xE3, 0x0C, 0xE3, 0x0C, 0xE3, 0x0C, 0x63, 0x8C,
    0x73, 0x9C, 0x71, 0xD8, 0x38, 0xF0, 0x1F, 0xFF, 0x00, 0x00, 0x0F, 0x01, 0xF8, 0x1C, 0x20, 0xC7,
    0xCE, 0x73, 0x73, 0x1B, 0x98, 0xCC, 0xC6, 0x73, 0x31, 0xDF, 0x07, 0xFC, 0x00, 0x00, 0x00, 0x00,
    0xFE, 0x18, 0x73, 0x06, 0x70, 0x26, 0x00, 0xE0, 0x0E, 0x00, 0xE0, 0x0E, 0x00, 0x60, 0x07, 0x02,
    0x70, 0x33, 0x86, 0x1F, 0xE0, 0x30, 0x03, 0x00, 0x30, 0x02, 0x00, 0x0F, 0x1F, 0xDC, 0x6C, 0x36,
    0x07, 0x03, 0x80, 0xC0, 0x70, 0x3C, 0xCF, 0xC1, 0x80, 0xC0, 0x60, 0x20, 0xFF, 0xFF, 0x39, 0xF1,
    0xC7, 0x8E, 0x3C, 0x71, 0x83, 0x80, 0x1C, 0x00, 0xE0, 0x07, 0x00, 0x38, 0x01, 0xC0, 0x0E, 0x00,
    0x70, 0x0F, 0xF0, 0x01, 0x80, 0x0C, 0x00, 0x60, 0x02, 0x00, 0x7F, 0xFF, 0xFF, 0x39, 0xE7, 0x34,
    0xE2, 0x1C, 0x03, 0x80, 0x70, 0x0E, 0x01, 0xC0, 0xFE, 0x00, 0xC0, 0x18, 0x03, 0x00, 0x20, 0x7C,
    0x7C, 0xE0, 0xC3, 0x83, 0x07, 0x18, 0x1C, 0x60, 0x3B, 0x00, 0x68, 0x01, 0xE0, 0x03, 0x00, 0x0C,
    0x00, 0x30, 0x00, 0xC0, 0x03, 0x00, 0x3F, 0x00, 0x7C, 0xFB, 0xE7, 0xCE, 0x18, 0x30, 0xC1, 0xC4,
    0x06, 0x60, 0x33, 0x01, 0xF0, 0x07, 0x80, 0x38, 0x00, 0xC0, 0x06, 0x00, 0x30, 0x01, 0x80, 0x3F,
    0x01, 0xF8, 0x7C, 0x7C, 0xE0, 0xC3, 0x83, 0x1F, 0xFE, 0x3F, 0xF0, 0x3B, 0x00, 0x68, 0x01, 0xE0,
    0x03, 0x00, 0x0C, 0x00, 0x30, 0x00, 0xC0, 0x03, 0x00, 0x3F, 0x00, 0x7C, 0xFB, 0xE7, 0xCE, 0x18,
    0x30, 0xC1, 0xC4, 0x06, 0x60, 0x33, 0x01, 0xF0, 0x07, 0x80, 0x38, 0x07, 0xF8, 0x06, 0x00, 0x30,
    0x01, 0x80, 0x3F, 0x01, 0xF8, 0xFC, 0xF8, 0xE1, 0xC3, 0x86, 0x07, 0x30, 0x0C, 0xC0, 0x3E, 0x00,
    0x70, 0x01, 0xC0, 0x0F, 0x80, 0x37, 0x01, 0x8E, 0x0C, 0x38, 0x30, 0x73, 0xE3, 0xF0, 0x01, 0xC0,
    0x06, 0x00, 0x18, 0x00, 0x20, 0xF9, 0xEF, 0x9E, 0x39, 0x83, 0x98, 0x1F, 0x00, 0xE0, 0x0F, 0x01,
    0xB0, 0x33, 0x86, 0x1C, 0xFB, 0xE0, 0x06, 0x00, 0x60, 0x06, 0x00, 0x00, 0xFF, 0xEF, 0xBB, 0xB9,
    0xCC, 0xE6, 0x73, 0x39, 0x9C, 0xCE, 0x67, 0x03, 0x81, 0xC0, 0xE0, 0x70, 0x38, 0x1C, 0x0E, 0x07,
    0x03, 0x81, 0xC0, 0xE0, 0x70, 0x38, 0x1C, 0x0E, 0x07, 0x07, 0xFF, 0xE0, 0x00, 0x18, 0x00, 0x06,
    0x00, 0x01, 0x80, 0x00, 0x20, 0x7F, 0xEF, 0xFF, 0xF7, 0xF1, 0x99, 0xD8, 0xCC, 0xE4, 0x62, 0x70,
    0x30, 0x38, 0x18, 0x1C, 0x0C, 0x0E, 0x06, 0x07, 0x07, 0x03, 0x8F, 0xFF, 0xE0, 0x00, 0x30, 0x00,
    0x18, 0x00, 0x0C, 0x00, 0x04, 0xF9, 0xFB, 0x83, 0x1C, 0x18, 0xE0, 0xC7, 0x06, 0x38, 0x31, 0xC1,
    0x87, 0xFC, 0x1F, 0x60, 0x03, 0x00, 0x18, 0x00, 0xC0, 0x06, 0x00, 0xFC, 0x00, 0x60, 0x03, 0x00,
    0x18, 0x00, 0x80, 0xF9, 0xEF, 0xBE, 0x70, 0xC7, 0x0C, 0x70, 0xC3, 0x1C, 0x3F, 0xC0, 0x0C, 0x00,
    0xC0, 0x0C, 0x03, 0xF0, 0x06, 0x00, 0x60, 0x06, 0x00, 0x20, 0xF9, 0xFB, 0x83, 0x1C, 0x18, 0xE0,
    0xC7, 0x66, 0x3B, 0x31, 0xD9, 0x87, 0xFC, 0x1F, 0x60, 0x33, 0x01, 0x98, 0x00, 0xC0, 0x06, 0x00,
    0xFC, 0xF9, 0xEF, 0x9F, 0x70, 0xC7, 0x4C, 0x76, 0xC3, 0x6C, 0x3F, 0xC0, 0x6C, 0x06, 0xC0, 0x0C,
    0x03, 0xF0, 0x7E, 0x00, 0xE0, 0x03, 0x80, 0x0E, 0x00, 0x38, 0x00, 0xEF, 0x03, 0xFF, 0x0E, 0x1C,
    0x38, 0x30, 0xE0, 0xC3, 0x83, 0x0E, 0x0C, 0x38, 0x31, 0xFB, 0xF0, 0x30, 0x0F, 0x00, 0x30, 0x03,
    0x00, 0x30, 0x03, 0x38, 0x3F, 0xC3, 0x8E, 0x30, 0xE3, 0x0E, 0x30, 0xE3, 0x0E, 0x30, 0xE3, 0x0E,
    0x30, 0xE7, 0xDF, 0x00, 0x00, 0x07, 0xE0, 0x1C, 0xE0, 0x70, 0xE0, 0xC0, 0xDB, 0x81, 0xB7, 0x03,
    0xFF, 0xFE, 0x3F, 0xFC, 0x38, 0x00, 0x70, 0x00, 0x60, 0x20, 0xE0, 0xC0, 0xE3, 0x80, 0xFF, 0x00,
    0x00, 0x03, 0xC0, 0xFE, 0xDC, 0x6D, 0x87, 0xF8, 0x77, 0xFF, 0x18, 0x01, 0x80, 0x1C, 0x00, 0xE6,
    0x07, 0xE0, 0x00, 0x00, 0x00, 0x07, 0xE0, 0x1C, 0xE0, 0x70, 0xE0, 0xC0, 0xDB, 0x81, 0xB7, 0x03,
    0xFF, 0xFE, 0x3F, 0xFC, 0x38, 0x00, 0x70, 0x00, 0x60, 0x20, 0xE0, 0xC0, 0xE3, 0x80, 0xFF, 0x00,
    0x30, 0x00, 0x60, 0x00, 0xC0, 0x07, 0x80, 0x0E, 0x00, 0x03, 0xC0, 0xFE, 0xDC, 0x6D, 0x87, 0xF8,
    0x77, 0xFF, 0x18, 0x01, 0x80, 0x1C, 0x00, 0xE6, 0x07, 0xE0, 0x18, 0x01, 0x80, 0x18, 0x07, 0x80,
    0x30, 0xFC, 0x70, 0xE1, 0xC3, 0x87, 0x0E, 0x1C, 0x38, 0x70, 0xE1, 0xC3, 0x8F, 0x80, 0x03, 0x08,
    0x00, 0x31, 0xC0, 0x01, 0x98, 0x00, 0x0F, 0x00, 0x00, 0x00, 0x0F, 0x9F, 0xBF, 0x30, 0x60, 0xC1,
    0x86, 0x18, 0x18, 0x63, 0x00, 0xC6, 0x30, 0x06, 0x66, 0x00, 0x7F, 0xC0, 0x07, 0xFE, 0x00, 0xE6,
    0x70, 0x1C, 0x63, 0x81, 0x86, 0x38, 0x38, 0x61, 0xC7, 0x06, 0x0E, 0xE1, 0xF8, 0xF0, 0x00, 0x00,
    0x03, 0x18, 0x01, 0xDC, 0x00, 0x7C, 0x00, 0x00, 0x03, 0xDF, 0x79, 0xEF, 0xBC, 0x63, 0x8C, 0x19,
    0xCC, 0x06, 0xEC, 0x03, 0xFE, 0x03, 0xBB, 0x83, 0x9C, 0xE1, 0x8E, 0x31, 0xC7, 0x1D, 0xC7, 0xC7,
    0x7C, 0xF1, 0xC3, 0x0E, 0x30, 0x71, 0x83, 0x98, 0x1D, 0x80, 0xFF, 0x07, 0x9C, 0x38, 0x71, 0xC3,
    0x8E, 0x0C, 0x70, 0x63, 0x87, 0x3F, 0x38, 0x01, 0x80, 0x18, 0x03, 0x80, 0x38, 0x00, 0x79, 0xE7,
    0xDE, 0x31, 0x83, 0x18, 0x33, 0x03, 0xF8, 0x31, 0xC3, 0x0C, 0x30, 0xE3, 0x0E, 0xFC, 0xE0, 0x0E,
    0x00, 0xE0, 0x0C, 0x07, 0x80, 0x70, 0x3F, 0xF8, 0xE3, 0x02, 0x18, 0x10, 0xC0, 0x86, 0x04, 0x30,
    0x21, 0x83, 0x0C, 0x18, 0x60, 0xC3, 0x06, 0x18, 0x60, 0xCF, 0x06, 0x70, 0xFC, 0x00, 0x60, 0x06,
    0x00, 0x30, 0x01, 0x00, 0x3F, 0xC7, 0xFC, 0x67, 0x0C, 0xE1, 0x1C, 0x23, 0x84, 0x71, 0x8E, 0x31,
    0xDE, 0x3B, 0x8F, 0x80, 0x30, 0x0C, 0x01, 0x80, 0x20, 0x7C, 0x7E, 0x70, 0x30, 0xE0, 0x61, 0xC0,
    0xC3, 0x81, 0x87, 0x03, 0x0F, 0xFE, 0x1F, 0xFC, 0x38, 0x18, 0x70, 0x30, 0xE0, 0x61, 0xC0, 0xC3,
    0x81, 0x8F, 0x83, 0x00, 0x0E, 0x00, 0x18, 0x00, 0xE0, 0x00, 0x00, 0x79, 0xF3, 0xEF, 0x8C, 0x18,
    0x60, 0xC3, 0x06, 0x1F, 0xF0, 0xC3, 0x86, 0x0C, 0x30, 0x61, 0x83, 0x3F, 0x18, 0x00, 0xC0, 0x0E,
    0x00, 0x60, 0x07, 0x00, 0x70, 0x7C, 0x7E, 0x70, 0x70, 0xE0, 0x61, 0xC0, 0xC3, 0x81, 0x87, 0x03,
    0x0F, 0xFE, 0x1F, 0xFC, 0x38, 0x18, 0x70, 0x30, 0xE0, 0x61, 0xC0, 0xC3, 0x81, 0x9F, 0x8F, 0xC0,
    0x03, 0x00, 0x06, 0x00, 0x08, 0x00, 0x10, 0x79, 0xF3, 0xEF, 0x8C, 0x18, 0x60, 0xC3, 0x06, 0x1F,
    0xF0, 0xC3, 0x86, 0x0C, 0x30, 0x61, 0x83, 0x3F, 0x7E, 0x00, 0x60, 0x03, 0x00, 0x30, 0x00, 0x80,
    0xF9, 0xFB, 0x83, 0x1C, 0x18, 0xE0, 0xC7, 0x06, 0x38, 0x31, 0xC1, 0x87, 0xFC, 0x1F, 0x60, 0x03,
    0x00, 0x18, 0x00, 0xC0, 0x06, 0x01, 0xFC, 0x0C, 0x00, 0x60, 0x03, 0x00, 0x10, 0x00, 0xF9, 0xEF,
    0xBE, 0x70, 0xC7, 0x0C, 0x70, 0xC3, 0x1C, 0x3F, 0xC0, 0x0C, 0x00, 0xC0, 0x0C, 0x03, 0xE0, 0x30,
    0x03, 0x00, 0x30, 0x02, 0x00, 0x7E, 0x0F, 0xC3, 0xC1, 0xE0, 0x78, 0x7C, 0x0B, 0x0D, 0x81, 0x71,
    0xB0, 0x66, 0x26, 0x0C, 0xCC, 0xC1, 0x9D, 0x98, 0x31, 0xA3, 0x86, 0x3C, 0x70, 0xC7, 0x8E, 0x18,
    0xE1, 0xC6, 0x0C, 0x39, 0xF1, 0x0F, 0xC0, 0x00, 0x38, 0x00, 0x06, 0x00, 0x00, 0xC0, 0x00, 0x10,
    0x7C, 0x3C, 0xF8, 0xF8, 0xF1, 0xE1, 0xF2, 0xC3, 0x6D, 0x86, 0xDB, 0x0D, 0xA6, 0x1B, 0xCC, 0x23,
    0x98, 0x47, 0x3B, 0xEC, 0xF8, 0x00, 0x30, 0x00, 0xC0, 0x01, 0x80, 0x02, 0x00, 0x23, 0xC3, 0x0C,
    0x30, 0xC3, 0x0C, 0x30, 0xC3, 0x0C, 0x30, 0xC3, 0x3F, 0x0C, 0x20, 0x18, 0xC0, 0x39, 0x80, 0x3E,
    0x00, 0x00, 0x00, 0x70, 0x00, 0xF0, 0x01, 0xE0, 0x06, 0xC0, 0x0D, 0xC0, 0x33, 0x80, 0x63, 0x00,
    0xC7, 0x03, 0x0E, 0x07, 0xFC, 0x0C, 0x1C, 0x30, 0x38, 0x60, 0x71, 0xF1, 0xF8, 0x00, 0x0C, 0xC3,
    0x30, 0x78, 0x00, 0x07, 0x87, 0xF1, 0x0E, 0x03, 0x80, 0xE3, 0xF9, 0xCE, 0xE3, 0xB8, 0xEF, 0x79,
    0xFF, 0x00, 0x00, 0x06, 0x60, 0x0D, 0xC0, 0x1B, 0x00, 0x00, 0x00, 0x38, 0x00, 0x78, 0x00, 0xF0,
    0x03, 0x60, 0x06, 0xE0, 0x19, 0xC0, 0x31, 0x80, 0x63, 0x81, 0x87, 0x03, 0xFE, 0x06, 0x0E, 0x18,
    0x1C, 0x30, 0x38, 0xF8, 0xFC, 0x33, 0x0C, 0xC3, 0x30, 0x00, 0x1E, 0x1F, 0xC4, 0x38, 0x0E, 0x03,
    0x8F, 0xE7, 0x3B, 0x8E, 0xE3, 0xBD, 0xE7, 0xFC, 0x00, 0x0F, 0xFF, 0xC0, 0x6E, 0x18, 0x0D, 0xC3,
    0x01, 0x38, 0x00, 0x67, 0x10, 0x0C, 0xE6, 0x03, 0x1F, 0xC0, 0x63, 0xF8, 0x1C, 0x71, 0x03, 0xFE,
    0x00, 0xE1, 0xC0, 0x98, 0x38, 0x33, 0x07, 0x0F, 0xF1, 0xFF, 0xC0, 0x1E, 0x78, 0x7F, 0xFE, 0x43,
    0x86, 0x03, 0x86, 0x03, 0x86, 0x3F, 0xFE, 0x73, 0x80, 0xE3, 0x80, 0xE1, 0x80, 0xF7, 0xE6, 0x7C,
    0xFC, 0x00, 0x00, 0x10, 0xC3, 0x8C, 0x19, 0x80, 0xF0, 0x00, 0x07, 0xFE, 0x38, 0x63, 0x86, 0x38,
    0x03, 0x80, 0x39, 0x83, 0xF8, 0x3F, 0x83, 0x98, 0x38, 0x03, 0x83, 0x38, 0x33, 0x87, 0x7F, 0xF0,
    0x00, 0x0C, 0x63, 0xB0, 0x7C, 0x00, 0x07, 0x83, 0xF9, 0x86, 0x61, 0xB8, 0x6F, 0xFB, 0x80, 0xE0,
    0x1C, 0x07, 0x98, 0xFC, 0x00, 0x00, 0x00, 0x03, 0xFC, 0x1C, 0x70, 0xC1, 0xC4, 0x07, 0x00, 0x38,
    0x01, 0xCF, 0xFE, 0xFF, 0xF7, 0x01, 0xB8, 0x1C, 0xC0, 0xE7, 0x06, 0x1C, 0x60, 0x7E, 0x00, 0x00,
    0x3E, 0x1F, 0xC4, 0x38, 0x0E, 0x01, 0x80, 0x6F, 0xFB, 0x86, 0xE1, 0x98, 0xC3, 0xE0, 0x00, 0x0D,
    0x80, 0xEC, 0x02, 0x60, 0x00, 0x07, 0xF8, 0x38, 0xE1, 0x83, 0x88, 0x0E, 0x00, 0x70, 0x03, 0x9F,
    0xFD, 0xFF, 0xEE, 0x03, 0x70, 0x39, 0x81, 0xCE, 0x0C, 0x38, 0xC0, 0xFC, 0x00, 0x00, 0x33, 0x1C,
    0xC3, 0x30, 0x00, 0x3E, 0x1F, 0xC4, 0x38, 0x0E, 0x01, 0x80, 0x6F, 0xFB, 0x86, 0xE1, 0x98, 0xC3,
    0xE0, 0x00, 0x01, 0x98, 0x00, 0x1B, 0x80, 0x01, 0x98, 0x00, 0x00, 0x00, 0xF9, 0xFB, 0xF3, 0x06,
    0x0C, 0x18, 0x61, 0x81, 0x86, 0x30, 0x0C, 0x63, 0x00, 0x66, 0x60, 0x07, 0xFC, 0x00, 0x7F, 0xE0,
    0x0E, 0x67, 0x01, 0xC6, 0x38, 0x18, 0x63, 0x83, 0x86, 0x1C, 0x70, 0x60, 0xEE, 0x1F, 0x8F, 0x07,
    0x30, 0x03, 0xB8, 0x01, 0x88, 0x00, 0x00, 0x07, 0xBE, 0xF3, 0xDF, 0x78, 0xC7, 0x18, 0x33, 0x98,
    0x0D, 0xD8, 0x07, 0xFC, 0x07, 0x77, 0x07, 0x39, 0xC3, 0x1C, 0x63, 0x8E, 0x3B, 0x8F, 0x8E, 0x33,
    0x07, 0x60, 0xCC, 0x00, 0x07, 0xF0, 0xC7, 0x18, 0x72, 0x0E, 0x01, 0xC0, 0x70, 0x7C, 0x0F, 0xC0,
    0x1C, 0x01, 0x90, 0x36, 0x06, 0xE1, 0xCF, 0xE0, 0x00, 0x00, 0x33, 0x3B, 0x8C, 0xC0, 0x03, 0xE3,
    0xF9, 0x8C, 0x86, 0x07, 0x0F, 0x01, 0xC0, 0x7C, 0x3F, 0x1D, 0xFC, 0x00, 0xFF, 0xDF, 0x7B, 0x0E,
    0x03, 0x80, 0xE0, 0x18, 0x07, 0xE0, 0x1E, 0x01, 0xC0, 0x19, 0x03, 0x70, 0xEE, 0x38, 0xFE, 0x00,
    0x00, 0x7F, 0xBF, 0xEC, 0x39, 0x1C, 0x0E, 0x03, 0x01, 0xC0, 0xFC, 0x03, 0x80, 0x60, 0x1D, 0x07,
    0xC1, 0xB0, 0xEF, 0xF1, 0xF0, 0x07, 0xE0, 0x0F, 0x80, 0x00, 0x03, 0xE3, 0xF3, 0x83, 0x87, 0x07,
    0x0E, 0x1E, 0x1C, 0x2C, 0x38, 0xD8, 0x73, 0x30, 0xEC, 0x61, 0xD0, 0xC3, 0xE1, 0x87, 0x83, 0x0E,
    0x06, 0x1C, 0x0C, 0x7C, 0x7E, 0x0F, 0x80, 0x7C, 0x00, 0x00, 0xF1, 0xE7, 0xCF, 0x18, 0x70, 0xC3,
    0x86, 0x3C, 0x33, 0x61, 0xB3, 0x0F, 0x18, 0x70, 0xC3, 0x06, 0x7C, 0xF8, 0x06, 0x60, 0x0D, 0xC0,
    0x19, 0x00, 0x00, 0x07, 0xC7, 0xE7, 0x07, 0x0E, 0x0E, 0x1C, 0x3C, 0x38, 0x58, 0x71, 0xB0, 0xE6,
    0x61, 0xD8, 0xC3, 0xA1, 0x87, 0xC3, 0x0F, 0x06, 0x1C, 0x0C, 0x38, 0x18, 0xF8, 0xFC, 0x1D, 0xC0,
    0xEE, 0x06, 0x60, 0x00, 0x07, 0x8F, 0x3E, 0x78, 0xC3, 0x86, 0x1C, 0x31, 0xE1, 0x9B, 0x0D, 0x98,
    0x78, 0xC3, 0x86, 0x18, 0x33, 0xE7, 0xC0, 0x0C, 0xC0, 0x6E, 0x03, 0x20, 0x00, 0x00, 0xFC, 0x1C,
    0x70, 0xC1, 0xCE, 0x07, 0x60, 0x3B, 0x01, 0xF8, 0x0F, 0xC0, 0x7E, 0x03, 0xB0, 0x1D, 0xC0, 0xCE,
    0x0E, 0x38, 0xE0, 0xFE, 0x00, 0x00, 0x3B, 0x87, 0x70, 0xCC, 0x00, 0x00, 0xF0, 0x7F, 0x1C, 0x73,
    0x06, 0xE0, 0xDC, 0x1F, 0x83, 0xB0, 0x67, 0x1C, 0xE3, 0x0F, 0xC0, 0x00, 0x00, 0x00, 0x7E, 0x0E,
    0x38, 0x60, 0xE7, 0x03, 0xB0, 0x1D, 0x80, 0xFF, 0xFF, 0xFF, 0xFF, 0x01, 0xD8, 0x0E, 0xE0, 0x67,
    0x07, 0x1C, 0x70, 0x7F, 0x00, 0x00, 0x0F, 0x07, 0xF1, 0xC7, 0x30, 0x6E, 0x0D, 0xFF, 0xF8, 0x3B,
    0x06, 0x71, 0xCE, 0x30, 0xFC, 0x00, 0x00, 0x0C, 0xC0, 0x6E, 0x03, 0x20, 0x00, 0x00, 0xFC, 0x1C,
    0x70, 0xC1, 0xCE, 0x07, 0x60, 0x3B, 0x01, 0xFF, 0xFF, 0xFF, 0xFE, 0x03, 0xB0, 0x1D, 0xC0, 0xCE,
    0x0E, 0x38, 0xE0, 0xFE, 0x00, 0x00, 0x3B, 0x87, 0x70, 0xCC, 0x00, 0x00, 0xF0, 0x7F, 0x1C, 0x73,
    0x06, 0xE0, 0xDF, 0xFF, 0x83, 0xB0, 0x67, 0x1C, 0xE3, 0x0F, 0xC0, 0x00, 0x1B, 0x01, 0xB8, 0x1B,
    0x00, 0x00, 0x7F, 0x86, 0x1C, 0x60, 0xE4, 0x0E, 0x00, 0x70, 0x07, 0x1F, 0xF1, 0xFF, 0x00, 0x70,
    0x06, 0x40, 0x66, 0x0E, 0x61, 0xC7, 0xF0, 0x00, 0x00, 0x66, 0x1D, 0xC6, 0x60, 0x00, 0x3C, 0x1F,
    0xC6, 0x39, 0x0E, 0x01, 0x87, 0xE1, 0xD9, 0x06, 0x63, 0x98, 0xC7, 0xE0, 0x00, 0x07, 0xC0, 0x1F,
    0x00, 0x00, 0x1F, 0x1E, 0x38, 0x30, 0xE0, 0xC1, 0x82, 0x07, 0x18, 0x0C, 0x60, 0x3B, 0x00, 0x6C,
    0x01, 0xE0, 0x03, 0x80, 0x0C, 0x00, 0x30, 0x07, 0x80, 0x1E, 0x00, 0x00, 0x00, 0x1F, 0x03, 0xE0,
    0x00, 0x7C, 0xFF, 0x9E, 0xE1, 0x9C, 0x31, 0x8C, 0x39, 0x83, 0x30, 0x6C, 0x0F, 0x80, 0xF0, 0x1C,
    0x01, 0x80, 0x60, 0x0C, 0x0F, 0x00, 0xC0, 0x00, 0x06, 0xC0, 0x3B, 0x00, 0x6C, 0x00, 0x00, 0x7C,
    0x78, 0xE0, 0xC3, 0x83, 0x06, 0x08, 0x1C, 0x60, 0x31, 0x80, 0xEC, 0x01, 0xB0, 0x07, 0x80, 0x0E,
    0x00, 0x30, 0x00, 0xC0, 0x1E, 0x00, 0x78, 0x00, 0x00, 0x00, 0x3B, 0x87, 0x70, 0xCC, 0x00, 0x0F,
    0x9F, 0xF3, 0xDC, 0x33, 0x86, 0x31, 0x87, 0x30, 0x66, 0x0D, 0x81, 0xF0, 0x1E, 0x03, 0x80, 0x30,
    0x0C, 0x01, 0x81, 0xE0, 0x18, 0x00, 0x01, 0x20, 0x0C, 0xC0, 0x76, 0x01, 0xB0, 0x00, 0x01, 0xF1,
    0xE3, 0x83, 0x0E, 0x0C, 0x18, 0x20, 0x71, 0x80, 0xC6, 0x03, 0xB0, 0x06, 0xC0, 0x1E, 0x00, 0x38,
    0x00, 0xC0, 0x03, 0x00, 0x78, 0x01, 0xE0, 0x00, 0x00, 0x00, 0x01, 0xD8, 0x37, 0x0C, 0xC1, 0x90,
    0x00, 0x3E, 0x7F, 0xCF, 0x70, 0xCE, 0x18, 0xC6, 0x1C, 0xC1, 0x98, 0x36, 0x07, 0xC0, 0x78, 0x0E,
    0x00, 0xC0, 0x30, 0x06, 0x07, 0x80, 0x60, 0x00, 0x0D, 0x80, 0xEC, 0x03, 0x60, 0x00, 0x0F, 0x9F,
    0xB8, 0x31, 0xC1, 0x8E, 0x0C, 0x70, 0x63, 0x83, 0x1C, 0x18, 0x7F, 0xC1, 0xF6, 0x00, 0x30, 0x01,
    0x80, 0x0C, 0x00, 0x60, 0x0F, 0xC0, 0x19, 0x83, 0xB8, 0x19, 0x80, 0x00, 0xF9, 0xEF, 0xBE, 0x70,
    0xC7, 0x0C, 0x70, 0xC3, 0x1C, 0x3F, 0xC0, 0x0C, 0x00, 0xC0, 0x0C, 0x03, 0xE0, 0x7F, 0xE3, 0x86,
    0x18, 0x61, 0x82, 0x18, 0x21, 0x80, 0x18, 0x01, 0x80, 0x18, 0x01, 0x80, 0x18, 0x01, 0x80, 0x18,
    0x07, 0xF0, 0x03, 0x00, 0x30, 0x03, 0x00, 0x10, 0x7F, 0x9F, 0xE3, 0x18, 0xC6, 0x30, 0x8C, 0x03,
    0x00, 0xC0, 0x30, 0x0E, 0x0F, 0xE0, 0x38, 0x0E, 0x01, 0x00, 0x40, 0x01, 0x98, 0x00, 0x3F, 0x00,
    0x06, 0x60, 0x00, 0x00, 0x07, 0xE0, 0x7E, 0x70, 0x07, 0x0E, 0x00, 0xE1, 0xC0, 0x1C, 0x38, 0x03,
    0x87, 0xF8, 0x70, 0xFF, 0x8E, 0x1C, 0x39, 0xC3, 0x87, 0x38, 0x70, 0xE7, 0x0E, 0x1C, 0xE1, 0xC3,
    0x9C, 0x38, 0xE3, 0x8F, 0xF8, 0xFC, 0x00, 0x00, 0x00, 0x06, 0x60, 0x07, 0x70, 0x06, 0x60, 0x00,
    0x00, 0x7C, 0x1E, 0x7C, 0x1E, 0x30, 0x0C, 0x30, 0x0C, 0x3F, 0x0C, 0x3F, 0x8C, 0x31, 0xCC, 0x30,
    0xCC, 0x30, 0xCC, 0x31, 0xCC, 0x7F, 0xBF, 0x00, 0x00, 0xFF, 0xE7, 0x0C, 0xE1, 0x9C, 0x33, 0x86,
    0x70, 0x0E, 0x03, 0xF0, 0x38, 0x07, 0x00, 0xE0, 0x1C, 0x03, 0x81, 0xFE, 0x00, 0xC0, 0x18, 0x0F,
    0x01, 0xC0, 0x7F, 0x9F, 0xE3, 0x18, 0xC2, 0x30, 0x8C, 0x07, 0xE0, 0xE0, 0x30, 0x0C, 0x07, 0xE0,
    0x08, 0x03, 0x01, 0x80, 0xE0, 0x00, 0xFC, 0xF8, 0xE1, 0xC3, 0x86, 0x07, 0x30, 0x0E, 0x80, 0x3E,
    0x00, 0x70, 0x01, 0xE0, 0x0D, 0x80, 0x37, 0x01, 0x8E, 0x0C, 0x18, 0x30, 0x73, 0xE0, 0xC0, 0x03,
    0x00, 0x1C, 0x00, 0xE0, 0x03, 0x00, 0xF9, 0xFF, 0x3C, 0xE6, 0x1C, 0xC1, 0xF0, 0x1C, 0x03, 0xC0,
    0xD8, 0x33, 0x8C, 0x3B, 0xE7, 0x00, 0x60, 0x0C, 0x01, 0x80, 0x70, 0x08, 0xFC, 0xF8, 0xE1, 0xC3,
    0x86, 0x07, 0x30, 0x0C, 0xC0, 0x3E, 0x03, 0xFE, 0x07, 0xF8, 0x0F, 0x80, 0x37, 0x01, 0x8E, 0x0C,
    0x38, 0x30, 0x73, 0xE3, 0xF0, 0xF9, 0xFF, 0x3C, 0xE6, 0x1C, 0xC1, 0xF0, 0x7F, 0x0F, 0xE0, 0xD8,
    0x33, 0x8C, 0x3B, 0xEF, 0x80, 0x00, 0x00, 0x07, 0x00, 0x0F, 0x00, 0x1E, 0x00, 0x6C, 0x00, 0xDC,
    0x03, 0x38, 0x06, 0x30, 0x0C, 0x70, 0x30, 0xE0, 0x7F, 0xC0, 0xC1, 0xC3, 0x03, 0x86, 0x07, 0x1F,
    0x1F, 0x80, 0x00, 0x01, 0x80, 0x07, 0x00, 0x0E, 0x00, 0x1E, 0x1F, 0xC4, 0x38, 0x0E, 0x03, 0x8F,
    0xE7, 0x3B, 0x8E, 0xE3, 0xBD, 0xE7, 0xFC, 0x00, 0x0C, 0x07, 0x00, 0xC0, 0x03, 0x80, 0x07, 0x80,
    0x06, 0x00, 0x0C, 0x00, 0x00, 0x00, 0x70, 0x00, 0xF0, 0x01, 0xE0, 0x06, 0xC0, 0x0D, 0xC0, 0x33,
    0x80, 0x63, 0x00, 0xC7, 0x03, 0x0E, 0x07, 0xFC, 0x0C, 0x1C, 0x30, 0x38, 0x60, 0x71, 0xF1, 0xF8,
    0x1C, 0x07, 0x80, 0x60, 0x38, 0x0C, 0x00, 0x01, 0xE1, 0xFC, 0x43, 0x80, 0xE0, 0x38, 0xFE, 0x73,
    0xB8, 0xEE, 0x3B, 0xDE, 0x7F, 0xC0, 0x00, 0x00, 0x00, 0x00, 0x30, 0x00, 0xC0, 0x1D, 0x00, 0x7C,
    0x00, 0x8C, 0x00, 0x00, 0x01, 0xC0, 0x03, 0xC0, 0x07, 0x80, 0x1B, 0x00, 0x37, 0x00, 0xCE, 0x01,
    0x8C, 0x03, 0x1C, 0x0C, 0x38, 0x1F, 0xF0, 0x30, 0x70, 0xC0, 0xE1, 0x81, 0xC7, 0xC7, 0xE0, 0x00,
    0x40, 0x1C, 0x07, 0x07, 0x81, 0xE0, 0x66, 0x00, 0x00, 0xF0, 0x7F, 0x08, 0x70, 0x0E, 0x01, 0xC3,
    0xF8, 0xE7, 0x38, 0xE7, 0x1C, 0xF7, 0x8F, 0xF8, 0x00, 0x00, 0x00, 0x00, 0x00, 0xC0, 0x01, 0xC0,
    0x1C, 0x00, 0x7C, 0x00, 0x8C, 0x00, 0x00, 0x01, 0xC0, 0x03, 0xC0, 0x07, 0x80, 0x1B, 0x00, 0x37,
    0x00, 0xCE, 0x01, 0x8C, 0x03, 0x1C, 0x0C, 0x38, 0x1F, 0xF0, 0x30, 0x70, 0xC0, 0xE1, 0x81, 0xC7,
    0xC7, 0xE0, 0x01, 0x00, 0xE0, 0x18, 0x7A, 0x1E, 0x0C, 0xC0, 0x00, 0x78, 0x7F, 0x10, 0xE0, 0x38,
    0x0E, 0x3F, 0x9C, 0xEE, 0x3B, 0x8E, 0xF7, 0x9F, 0xF0, 0x00, 0x00, 0x20, 0x00, 0xE0, 0x00, 0x60,
    0x01, 0x80, 0x3A, 0x00, 0xF8, 0x01, 0x18, 0x00, 0x00, 0x03, 0x80, 0x07, 0x80, 0x0F, 0x00, 0x36,
    0x00, 0x6E, 0x01, 0x9C, 0x03, 0x18, 0x06, 0x38, 0x18, 0x70, 0x3F, 0xE0, 0x60, 0xE1, 0x81, 0xC3,
    0x03, 0x8F, 0x8F, 0xC0, 0x00, 0x00, 0x70, 0x0C, 0x03, 0x0F, 0x87, 0x83, 0x30, 0x00, 0x1E, 0x1F,
    0xC4, 0x38, 0x0E, 0x03, 0x8F, 0xE7, 0x3B, 0x8E, 0xE3, 0xBD, 0xE7, 0xFC, 0x00, 0x00, 0x00, 0x0F,
    0xC0, 0x17, 0x00, 0x00, 0x00, 0x38, 0x00, 0xF8, 0x01, 0x18, 0x00, 0x00, 0x03, 0x80, 0x07, 0x80,
    0x0F, 0x00, 0x36, 0x00, 0x6E, 0x01, 0x9C, 0x03, 0x18, 0x06, 0x38, 0x18, 0x70, 0x3F, 0xE0, 0x60,
    0xE1, 0x81, 0xC3, 0x03, 0x8F, 0x8F, 0xC0, 0x00, 0x07, 0xC3, 0xF0, 0x00, 0x1E, 0x07, 0x83, 0x30,
    0x00, 0x1E, 0x1F, 0xC4, 0x38, 0x0E, 0x03, 0x8F, 0xE7, 0x3B, 0x8E, 0xE3, 0xBD, 0xE7, 0xFC, 0x00,
    0x00, 0x00, 0x07, 0x00, 0x1F, 0x00, 0x23, 0x00, 0x00, 0x00, 0x70, 0x00, 0xF0, 0x01, 0xE0, 0x06,
    0xC0, 0x0D, 0xC0, 0x33, 0x80, 0x63, 0x00, 0xC7, 0x03, 0x0E, 0x07, 0xFC, 0x0C, 0x1C, 0x30, 0x38,
    0x60, 0x71, 0xF1, 0xF8, 0x00, 0x00, 0x18, 0x00, 0x70, 0x00, 0xE0, 0x00, 0x0C, 0x07, 0x83, 0x30,
    0xC4, 0x00, 0x07, 0x87, 0xF1, 0x0E, 0x03, 0x80, 0xE3, 0xF9, 0xCE, 0xE3, 0xB8, 0xEF, 0x79, 0xFF,
    0x00, 0x03, 0x01, 0xC0, 0x30, 0x00, 0x40, 0x01, 0xC0, 0x07, 0x00, 0x0C, 0x00, 0x46, 0x00, 0xF8,
    0x00, 0xF0, 0x00, 0x00, 0x03, 0x80, 0x07, 0x80, 0x0F, 0x00, 0x36, 0x00, 0x6E, 0x01, 0x9C, 0x03,
    0x18, 0x06, 0x38, 0x18, 0x70, 0x3F, 0xE0, 0x60, 0xE1, 0x81, 0xC3, 0x03, 0x8F, 0x8F, 0xC0, 0x00,
    0x00, 0xC0, 0x70, 0x38, 0x0C, 0x00, 0x02, 0x10, 0x84, 0x3F, 0x07, 0x80, 0x00, 0x78, 0x7F, 0x10,
    0xE0, 0x38, 0x0E, 0x3F, 0x9C, 0xEE, 0x3B, 0x8E, 0xF7, 0x9F, 0xF0, 0x00, 0x00, 0x00, 0x0C, 0x00,
    0x1C, 0x00, 0x0C, 0x00, 0x46, 0x00, 0xF8, 0x00, 0xF0, 0x00, 0x00, 0x03, 0x80, 0x07, 0x80, 0x0F,
    0x00, 0x36, 0x00, 0x6E, 0x01, 0x9C, 0x03, 0x18, 0x06, 0x38, 0x18, 0x70, 0x3F, 0xE0, 0x60, 0xE1,
    0x81, 0xC3, 0x03, 0x8F, 0x8F, 0xC0, 0x00, 0x0C, 0x03, 0x80, 0x70, 0x0C, 0x00, 0x02, 0x10, 0x84,
    0x3F, 0x07, 0x80, 0x00, 0x78, 0x7F, 0x10, 0xE0, 0x38, 0x0E, 0x3F, 0x9C, 0xEE, 0x3B, 0x8E, 0xF7,
    0x9F, 0xF0, 0x00, 0x03, 0x80, 0x07, 0x80, 0x06, 0x00, 0x0C, 0x00, 0x46, 0x00, 0xF8, 0x00, 0xF0,
    0x00, 0x00, 0x03, 0x80, 0x07, 0x80, 0x0F, 0x00, 0x36, 0x00, 0x6E, 0x01, 0x9C, 0x03, 0x18, 0x06,
    0x38, 0x18, 0x70, 0x3F, 0xE0, 0x60, 0xE1, 0x81, 0xC3, 0x03, 0x8F, 0x8F, 0xC0, 0x1C, 0x07, 0x80,
    0x60, 0x38, 0x0C, 0x08, 0x42, 0x10, 0xFC, 0x1E, 0x00, 0x01, 0xE1, 0xFC, 0x43, 0x80, 0xE0, 0x38,
    0xFE, 0x73, 0xB8, 0xEE, 0x3B, 0xDE, 0x7F, 0xC0, 0x00, 0x07, 0x00, 0x0F, 0xC0, 0x13, 0x00, 0x23,
    0x00, 0x7C, 0x00, 0x78, 0x00, 0x00, 0x01, 0xC0, 0x03, 0xC0, 0x07, 0x80, 0x1B, 0x00, 0x37, 0x00,
    0xCE, 0x01, 0x8C, 0x03, 0x1C, 0x0C, 0x38, 0x1F, 0xF0, 0x30, 0x70, 0xC0, 0xE1, 0x81, 0xC7, 0xC7,
    0xE0, 0x18, 0x0F, 0xC2, 0x70, 0x00, 0x21, 0x08, 0x43, 0xF0, 0x78, 0x00, 0x07, 0x87, 0xF1, 0x0E,
    0x03, 0x80, 0xE3, 0xF9, 0xCE, 0xE3, 0xB8, 0xEF, 0x79, 0xFF, 0x00, 0x00, 0x00, 0x00, 0x08, 0xC0,
    0x1F, 0x00, 0x1E, 0x00, 0x00, 0x00, 0x70, 0x00, 0xF0, 0x01, 0xE0, 0x06, 0xC0, 0x0D, 0xC0, 0x33,
    0x80, 0x63, 0x00, 0xC7, 0x03, 0x0E, 0x07, 0xFC, 0x0C, 0x1C, 0x30, 0x38, 0x60, 0x71, 0xF1, 0xF8,
    0x00, 0x00, 0x18, 0x00, 0x70, 0x00, 0xE0, 0x00, 0x21, 0x08, 0x43, 0xF0, 0x78, 0x00, 0x07, 0x87,
    0xF1, 0x0E, 0x03, 0x80, 0xE3, 0xF9, 0xCE, 0xE3, 0xB8, 0xEF, 0x79, 0xFF, 0x00, 0x03, 0x01, 0xC0,
    0x30, 0x7F, 0xE3, 0x86, 0x38, 0x63, 0x80, 0x38, 0x03, 0x98, 0x3F, 0x83, 0xF8, 0x39, 0x83, 0x80,
    0x38, 0x33, 0x83, 0x38, 0x77, 0xFF, 0x00, 0x00, 0x60, 0x0E, 0x00, 0x60, 0x1E, 0x0F, 0xE6, 0x19,
    0x86, 0xE1, 0xBF, 0xEE, 0x03, 0x80, 0x70, 0x1E, 0x63, 0xF0, 0x00, 0x0C, 0x03, 0x80, 0xC0, 0x0F,
    0x00, 0x70, 0x03, 0x00, 0x60, 0x00, 0x07, 0xFE, 0x38, 0x63, 0x86, 0x38, 0x03, 0x80, 0x39, 0x83,
    0xF8, 0x3F, 0x83, 0x98, 0x38, 0x03, 0x83, 0x38, 0x33, 0x87, 0x7F, 0xF0, 0x0C, 0x07, 0x80, 0x70,
    0x18, 0x0C, 0x01, 0x01, 0xE0, 0xFE, 0x61, 0x98, 0x6E, 0x1B, 0xFE, 0xE0, 0x38, 0x07, 0x01, 0xE6,
    0x3F, 0x00, 0x00, 0x0C, 0x81, 0xF8, 0x13, 0x00, 0x00, 0x7F, 0xE3, 0x86, 0x38, 0x63, 0x80, 0x38,
    0x03, 0x98, 0x3F, 0x83, 0xF8, 0x39, 0x83, 0x80, 0x38, 0x33, 0x83, 0x38, 0x77, 0xFF, 0x18, 0x0F,
    0xE3, 0x70, 0x00, 0x1E, 0x0F, 0xE6, 0x19, 0x86, 0xE1, 0xBF, 0xEE, 0x03, 0x80, 0x70, 0x1E, 0x63,
    0xF0, 0x00, 0x00, 0x00, 0x06, 0x00, 0xE0, 0x70, 0x0F, 0x81, 0x98, 0x00, 0x07, 0xFE, 0x38, 0x63,
    0x86, 0x38, 0x03, 0x80, 0x39, 0x83, 0xF8, 0x3F, 0x83, 0x98, 0x38, 0x03, 0x83, 0x38, 0x33, 0x87,
    0x7F, 0xF0, 0x00, 0x60, 0x06, 0x00, 0xC0, 0xE8, 0x1F, 0x03, 0x18, 0x00, 0x01, 0xE0, 0x3F, 0x86,
    0x18, 0x61, 0x8E, 0x18, 0xFF, 0x8E, 0x00, 0xE0, 0x07, 0x00, 0x79, 0x83, 0xF0, 0x00, 0x00, 0x00,
    0x00, 0x18, 0x00, 0xC0, 0x74, 0x0F, 0x81, 0x98, 0x00, 0x07, 0xFE, 0x38, 0x63, 0x86, 0x38, 0x03,
    0x80, 0x39, 0x83, 0xF8, 0x3F, 0x83, 0x98, 0x38, 0x03, 0x83, 0x38, 0x33, 0x87, 0x7F, 0xF0, 0x01,
    0x00, 0x60, 0x1C, 0x39, 0x1F, 0x0C, 0x60, 0x00, 0x78, 0x3F, 0x98, 0x66, 0x1B, 0x86, 0xFF, 0xB8,
    0x0E, 0x01, 0xC0, 0x79, 0x8F, 0xC0, 0x00, 0x00, 0x80, 0x0E, 0x00, 0x60, 0x0C, 0x07, 0x00, 0xF8,
    0x19, 0x80, 0x00, 0x7F, 0xE3, 0x86, 0x38, 0x63, 0x80, 0x38, 0x03, 0x98, 0x3F, 0x83, 0xF8, 0x39,
    0x83, 0x80, 0x38, 0x33, 0x83, 0x38, 0x77, 0xFF, 0x00, 0x00, 0x38, 0x01, 0x00, 0x60, 0xE8, 0x3E,
    0x0C, 0x60, 0x00, 0x1E, 0x07, 0xF1, 0x86, 0x30, 0xCE, 0x19, 0xFF, 0x38, 0x07, 0x00, 0x70, 0x0F,
    0x30, 0xFC, 0x00, 0x00, 0x00, 0x00, 0xF8, 0x1F, 0x80, 0x00, 0x07, 0x00, 0xF8, 0x19, 0x80, 0x00,
    0x7F, 0xE3, 0x86, 0x38, 0x63, 0x80, 0x38, 0x03, 0x98, 0x3F, 0x83, 0xF8, 0x39, 0x83, 0x80, 0x38,
    0x33, 0x83, 0x38, 0x77, 0xFF, 0x00, 0x07, 0x41, 0x70, 0x00, 0x0E, 0x07, 0xC3, 0x18, 0x00, 0x1E,
    0x0F, 0xE6, 0x19, 0x86, 0xE1, 0xBF, 0xEE, 0x03, 0x80, 0x70, 0x1E, 0x63, 0xF0, 0x00, 0x00, 0x00,
    0xF0, 0x0F, 0x81, 0x88, 0x00, 0x07, 0xFE, 0x38, 0x63, 0x86, 0x38, 0x03, 0x80, 0x39, 0x83, 0xF8,
    0x3F, 0x83, 0x98, 0x38, 0x03, 0x83, 0x38, 0x33, 0x87, 0x7F, 0xF0, 0x00, 0x06, 0x00, 0xE0, 0x06,
    0x00, 0x0E, 0x07, 0x81, 0xB0, 0xC6, 0x00, 0x07, 0x83, 0xF9, 0x86, 0x61, 0xB8, 0x6F, 0xFB, 0x80,
    0xE0, 0x1C, 0x07, 0x98, 0xFC, 0x00, 0x03, 0x00, 0xE0, 0x30, 0x38, 0x70, 0x60, 0x80, 0x1F, 0x8E,
    0x1C, 0x38, 0x70, 0xE1, 0xC3, 0x87, 0x0E, 0x1C, 0x38, 0x71, 0xF0, 0x71, 0xE1, 0x8E, 0x30, 0x07,
    0x1C, 0x30, 0xC3, 0x0C, 0x30, 0xC3, 0x0C, 0xFC, 0xFC, 0x70, 0xE1, 0xC3, 0x87, 0x0E, 0x1C, 0x38,
    0x70, 0xE1, 0xC3, 0x8F, 0x80, 0x1C, 0x38, 0x70, 0x30, 0xE3, 0x00, 0x71, 0xC3, 0x0C, 0x30, 0xC3,
    0x0C, 0x30, 0xCF, 0xC0, 0x31, 0xC3, 0x00, 0x00, 0x00, 0x7E, 0x0E, 0x38, 0x60, 0xE7, 0x03, 0xB0,
    0x1D, 0x80, 0xFC, 0x07, 0xE0, 0x3F, 0x01, 0xD8, 0x0E, 0xE0, 0x67, 0x07, 0x1C, 0x70, 0x7F, 0x00,
    0x00, 0x03, 0x00, 0x38, 0x01, 0xC0, 0x0F, 0x07, 0xF1, 0xC7, 0x30, 0x6E, 0x0D, 0xC1, 0xF8, 0x3B,
    0x06, 0x71, 0xCE, 0x30, 0xFC, 0x00, 0x00, 0xC0, 0x1C, 0x03, 0x80, 0x07, 0x00, 0x3C, 0x00, 0xC0,
    0x06, 0x00, 0x00, 0x07, 0xE0, 0xE3, 0x86, 0x0E, 0x70, 0x3B, 0x01, 0xD8, 0x0F, 0xC0, 0x7E, 0x03,
    0xF0, 0x1D, 0x80, 0xEE, 0x06, 0x70, 0x71, 0xC7, 0x07, 0xF0, 0x00, 0x00, 0x0C, 0x03, 0xC0, 0x1C,
    0x03, 0x00, 0xC0, 0x08, 0x03, 0xC1, 0xFC, 0x71, 0xCC, 0x1B, 0x83, 0x70, 0x7E, 0x0E, 0xC1, 0x9C,
    0x73, 0x8C, 0x3F, 0x00, 0x00, 0x00, 0x00, 0x01, 0x80, 0x18, 0x0E, 0x80, 0xF8, 0x04, 0x60, 0x00,
    0x01, 0xF8, 0x38, 0xE1, 0x83, 0x9C, 0x0E, 0xC0, 0x76, 0x03, 0xF0, 0x1F, 0x80, 0xFC, 0x07, 0x60,
    0x3B, 0x81, 0x9C, 0x1C, 0x71, 0xC1, 0xFC, 0x00, 0x00, 0x00, 0x20, 0x06, 0x00, 0xC0, 0xE8, 0x1F,
    0x03, 0x18, 0x00, 0x00, 0xF0, 0x3F, 0x87, 0x1C, 0x60, 0xCE, 0x0C, 0xE0, 0xEE, 0x0E, 0x60, 0xC7,
    0x1C, 0x71, 0x83, 0xF0, 0x00, 0x00, 0x00, 0x00, 0x06, 0x00, 0x38, 0x0E, 0x00, 0xF8, 0x04, 0x60,
    0x00, 0x01, 0xF8, 0x38, 0xE1, 0x83, 0x9C, 0x0E, 0xC0, 0x76, 0x03, 0xF0, 0x1F, 0x80, 0xFC, 0x07,
    0x60, 0x3B, 0x81, 0x9C, 0x1C, 0x71, 0xC1, 0xFC, 0x00, 0x00, 0x01, 0x00, 0x30, 0x03, 0x07, 0x21,
    0xF0, 0x63, 0x00, 0x00, 0x78, 0x3F, 0x8E, 0x39, 0x83, 0x70, 0x6E, 0x0F, 0xC1, 0xD8, 0x33, 0x8E,
    0x71, 0x87, 0xE0, 0x00, 0x00, 0x00, 0x40, 0x07, 0x00, 0x0C, 0x00, 0xC0, 0x74, 0x07, 0xC0, 0x23,
    0x00, 0x00, 0x0F, 0xC1, 0xC7, 0x0C, 0x1C, 0xE0, 0x76, 0x03, 0xB0, 0x1F, 0x80, 0xFC, 0x07, 0xE0,
    0x3B, 0x01, 0xDC, 0x0C, 0xE0, 0xE3, 0x8E, 0x0F, 0xE0, 0x00, 0x00, 0x00, 0x00, 0x38, 0x01, 0x80,
    0x60, 0xE8, 0x3E, 0x0C, 0x60, 0x00, 0x0F, 0x07, 0xF1, 0xC7, 0x30, 0x6E, 0x0D, 0xC1, 0xF8, 0x3B,
    0x06, 0x71, 0xCE, 0x30, 0xFC, 0x00, 0x00, 0x00, 0x00, 0x7E, 0x02, 0xE0, 0x00, 0x00, 0x70, 0x07,
    0xC0, 0x23, 0x00, 0x00, 0x0F, 0xC1, 0xC7, 0x0C, 0x1C, 0xE0, 0x76, 0x03, 0xB0, 0x1F, 0x80, 0xFC,
    0x07, 0xE0, 0x3B, 0x01, 0xDC, 0x0C, 0xE0, 0xE3, 0x8E, 0x0F, 0xE0, 0x00, 0x00, 0x00, 0x03, 0xA0,
    0x5C, 0x00, 0x00, 0xE0, 0x3E, 0x0C, 0x60, 0x00, 0x0F, 0x07, 0xF1, 0xC7, 0x30, 0x6E, 0x0D, 0xC1,
    0xF8, 0x3B, 0x06, 0x71, 0xCE, 0x30, 0xFC, 0x00, 0x00, 0x00, 0x00, 0x38, 0x03, 0xE0, 0x11, 0x80,
    0x00, 0x07, 0xE0, 0xE3, 0x86, 0x0E, 0x70, 0x3B, 0x01, 0xD8, 0x0F, 0xC0, 0x7E, 0x03, 0xF0, 0x1D,
    0x80, 0xEE, 0x06, 0x70, 0x71, 0xC7, 0x07, 0xF0, 0x00, 0x00, 0x30, 0x03, 0x80, 0x1C, 0x00, 0x0E,
    0x03, 0xE0, 0x6C, 0x18, 0xC0, 0x00, 0x1E, 0x0F, 0xE3, 0x8E, 0x60, 0xDC, 0x1B, 0x83, 0xF0, 0x76,
    0x0C, 0xE3, 0x9C, 0x61, 0xF8, 0x00, 0x01, 0x80, 0x38, 0x07, 0x00, 0x00, 0x80, 0x07, 0x00, 0x38,
    0x00, 0xC3, 0x00, 0x0C, 0x3F, 0xE3, 0x8F, 0x0C, 0x1C, 0x70, 0x39, 0x80, 0xE6, 0x03, 0xB8, 0x0E,
    0xE0, 0x3B, 0x80, 0xE6, 0x03, 0x9C, 0x0C, 0x70, 0x70, 0xE3, 0x81, 0xFC, 0x00, 0x00, 0x00, 0x00,
    0x70, 0x1C, 0x03, 0x00, 0xC6, 0x00, 0xC3, 0xF9, 0xFE, 0x71, 0xCC, 0x1B, 0x83, 0x70, 0x7E, 0x0E,
    0xC1, 0x9C, 0x73, 0x8C, 0x3F, 0x00, 0x00, 0x00, 0x00, 0x30, 0x00, 0xE0, 0x00, 0xC3, 0x00, 0x0C,
    0x3F, 0xE3, 0x8F, 0x0C, 0x1C, 0x70, 0x39, 0x80, 0xE6, 0x03, 0xB8, 0x0E, 0xE0, 0x3B, 0x80, 0xE6,
    0x03, 0x9C, 0x0C, 0x70, 0x70, 0xE3, 0x81, 0xFC, 0x00, 0x00, 0x00, 0x07, 0x00, 0x70, 0x06, 0x00,
    0x66, 0x00, 0xC3, 0xF9, 0xFE, 0x71, 0xCC, 0x1B, 0x83, 0x70, 0x7E, 0x0E, 0xC1, 0x9C, 0x73, 0x8C,
    0x3F, 0x00, 0x00, 0x07, 0x00, 0x1E, 0x00, 0x30, 0x00, 0xC3, 0x00, 0x0C, 0x3F, 0xE3, 0x8F, 0x0C,
    0x1C, 0x70, 0x39, 0x80, 0xE6, 0x03, 0xB8, 0x0E, 0xE0, 0x3B, 0x80, 0xE6, 0x03, 0x9C, 0x0C, 0x70,
    0x70, 0xE3, 0x81, 0xFC, 0x00, 0x00, 0x0C, 0x03, 0xC0, 0x1C, 0x03, 0x00, 0xC6, 0x08, 0xC3, 0xF9,
    0xFE, 0x71, 0xCC, 0x1B, 0x83, 0x70, 0x7E, 0x0E, 0xC1, 0x9C, 0x73, 0x8C, 0x3F, 0x00, 0x00, 0x06,
    0x40, 0x3F, 0x00, 0x98, 0xC0, 0x03, 0x0F, 0xF8, 0xE3, 0xC3, 0x07, 0x1C, 0x0E, 0x60, 0x39, 0x80,
    0xEE, 0x03, 0xB8, 0x0E, 0xE0, 0x39, 0x80, 0xE7, 0x03, 0x1C, 0x1C, 0x38, 0xE0, 0x7F, 0x00, 0x00,
    0x00, 0x18, 0x07, 0xF0, 0xDD, 0x80, 0x30, 0xFE, 0x7F, 0x9C, 0x73, 0x06, 0xE0, 0xDC, 0x1F, 0x83,
    0xB0, 0x67, 0x1C, 0xE3, 0x0F, 0xC0, 0x00, 0x00, 0x00, 0x00, 0x30, 0x00, 0xC3, 0xFE, 0x38, 0xF0,
    0xC1, 0xC7, 0x03, 0x98, 0x0E, 0x60, 0x3B, 0x80, 0xEE, 0x03, 0xB8, 0x0E, 0x60, 0x39, 0xC0, 0xC7,
    0x07, 0x0E, 0x38, 0x1F, 0xC0, 0x00, 0x00, 0x30, 0x01, 0xC0, 0x07, 0x00, 0x00, 0x60, 0x0C, 0x3F,
    0x9F, 0xE7, 0x1C, 0xC1, 0xB8, 0x37, 0x07, 0xE0, 0xEC, 0x19, 0xC7, 0x38, 0xC3, 0xF0, 0x00, 0x03,
    0x00, 0x70, 0x0E, 0x00, 0xFC, 0x7D, 0xC0, 0xE3, 0x01, 0x0C, 0x04, 0x30, 0x10, 0xC0, 0x43, 0x01,
    0x0C, 0x04, 0x30, 0x10, 0xC0, 0xC3, 0x03, 0x0E, 0x0C, 0x1C, 0x60, 0x3F, 0x00, 0x00, 0x00, 0xC0,
    0x07, 0x00, 0x0C, 0x00, 0x71, 0xC7, 0x1C, 0x70, 0xC7, 0x0C, 0x70, 0xC7, 0x0C, 0x70, 0xC7, 0x0C,
    0x70, 0xC3, 0xBC, 0x3E, 0xE0, 0x00, 0x06, 0x00, 0xE0, 0x06, 0x00, 0x07, 0x00, 0x1E, 0x00, 0x18,
    0x00, 0xC0, 0x00, 0x03, 0xF1, 0xF7, 0x03, 0x8C, 0x04, 0x30, 0x10, 0xC0, 0x43, 0x01, 0x0C, 0x04,
    0x30, 0x10, 0xC0, 0x43, 0x03, 0x0C, 0x0C, 0x38, 0x30, 0x71, 0x80, 0xFC, 0x00, 0x00, 0x0E, 0x01,
    0xF0, 0x03, 0x00, 0x60, 0x04, 0x00, 0x40, 0x71, 0xC7, 0x1C, 0x70, 0xC7, 0x0C, 0x70, 0xC7, 0x0C,
    0x70, 0xC7, 0x0C, 0x70, 0xC3, 0xBC, 0x3E, 0xE0, 0x00, 0x00, 0x00, 0x01, 0x80, 0x07, 0x00, 0x18,
    0x30, 0x00, 0xFF, 0x8F, 0x9C, 0x0C, 0x18, 0x08, 0x30, 0x10, 0x60, 0x20, 0xC0, 0x41, 0x80, 0x83,
    0x01, 0x06, 0x02, 0x0C, 0x0C, 0x18, 0x18, 0x38, 0x30, 0x38, 0xC0, 0x3F, 0x00, 0x00, 0x00, 0x00,
    0x00, 0x0E, 0x00, 0x38, 0x01, 0x80, 0x0C, 0x18, 0x00, 0x67, 0x1F, 0x9C, 0x7C, 0x70, 0xC1, 0xC3,
    0x07, 0x0C, 0x1C, 0x30, 0x70, 0xC1, 0xC3, 0x07, 0x0C, 0x0E, 0xF0, 0x3E, 0xE0, 0x00, 0x00, 0x04,
    0x00, 0x1C, 0x00, 0x1C, 0x00, 0x18, 0x30, 0x00, 0xFF, 0x8F, 0x9C, 0x0C, 0x18, 0x08, 0x30, 0x10,
    0x60, 0x20, 0xC0, 0x41, 0x80, 0x83, 0x01, 0x06, 0x02, 0x0C, 0x0C, 0x18, 0x18, 0x38, 0x30, 0x38,
    0xC0, 0x3F, 0x00, 0x00, 0x00, 0x00, 0x00, 0xE0, 0x01, 0xC0, 0x03, 0x00, 0x06, 0x18, 0x00, 0x67,
    0x1F, 0x9C, 0x7C, 0x70, 0xC1, 0xC3, 0x07, 0x0C, 0x1C, 0x30, 0x70, 0xC1, 0xC3, 0x07, 0x0C, 0x0E,
    0xF0, 0x3E, 0xE0, 0x00, 0x00, 0x07, 0x80, 0x07, 0x00, 0x06, 0x00, 0x18, 0x30, 0x00, 0xFF, 0x8F,
    0x9C, 0x0C, 0x18, 0x08, 0x30, 0x10, 0x60, 0x20, 0xC0, 0x41, 0x80, 0x83, 0x01, 0x06, 0x02, 0x0C,
    0x0C, 0x18, 0x18, 0x38, 0x30, 0x38, 0xC0, 0x3F, 0x00, 0x00, 0x00, 0x0E, 0x00, 0x7C, 0x00, 0x30,
    0x01, 0x80, 0x04, 0x18, 0x10, 0x67, 0x1F, 0x9C, 0x7C, 0x70, 0xC1, 0xC3, 0x07, 0x0C, 0x1C, 0x30,
    0x70, 0xC1, 0xC3, 0x07, 0x0C, 0x0E, 0xF0, 0x3E, 0xE0, 0x00, 0x00, 0x06, 0x40, 0x1F, 0x80, 0x27,
    0x18, 0x00, 0x7F, 0xC7, 0xCE, 0x06, 0x0C, 0x04, 0x18, 0x08, 0x30, 0x10, 0x60, 0x20, 0xC0, 0x41,
    0x80, 0x83, 0x01, 0x06, 0x06, 0x0C, 0x0C, 0x1C, 0x18, 0x1C, 0x60, 0x1F, 0x80, 0x00, 0x00, 0x18,
    0x00, 0x7E, 0x03, 0x71, 0x80, 0x06, 0x71, 0xF9, 0xC7, 0xC7, 0x0C, 0x1C, 0x30, 0x70, 0xC1, 0xC3,
    0x07, 0x0C, 0x1C, 0x30, 0x70, 0xC0, 0xEF, 0x03, 0xEE, 0x00, 0x00, 0x00, 0x00, 0x00, 0x0C, 0x00,
    0x3F, 0xE3, 0xE7, 0x03, 0x06, 0x02, 0x0C, 0x04, 0x18, 0x08, 0x30, 0x10, 0x60, 0x20, 0xC0, 0x41,
    0x80, 0x83, 0x03, 0x06, 0x06, 0x0E, 0x0C, 0x0E, 0x30, 0x0F, 0xC0, 0x00, 0x00, 0x0C, 0x00, 0x1C,
    0x00, 0x30, 0x00, 0x00, 0x18, 0x00, 0x67, 0x1F, 0x9C, 0x7C, 0x70, 0xC1, 0xC3, 0x07, 0x0C, 0x1C,
    0x30, 0x70, 0xC1, 0xC3, 0x07, 0x0C, 0x0E, 0xF0, 0x3E, 0xE0, 0x00, 0x00, 0x60, 0x03, 0x80, 0x06,
    0x00, 0x04, 0x00, 0x38, 0x00, 0x70, 0x00, 0xC0, 0x00, 0x01, 0xF1, 0xF3, 0x83, 0x0E, 0x0C, 0x1C,
    0x60, 0x71, 0x80, 0xEC, 0x01, 0xA0, 0x07, 0x80, 0x0C, 0x00, 0x30, 0x00, 0xC0, 0x03, 0x00, 0x0C,
    0x00, 0xFC, 0x00, 0x00, 0x07, 0x00, 0x70, 0x06, 0x00, 0x60, 0x00, 0x3E, 0x7F, 0xCF, 0x70, 0xCE,
    0x18, 0xC6, 0x1C, 0xC1, 0x98, 0x36, 0x07, 0xC0, 0x78, 0x0E, 0x00, 0xC0, 0x30, 0x06, 0x07, 0x80,
    0x60, 0x00, 0x7C, 0x7C, 0xE0, 0xC3, 0x83, 0x07, 0x18, 0x1C, 0x60, 0x3B, 0x00, 0x68, 0x01, 0xE0,
    0x03, 0x00, 0x0C, 0x00, 0x30, 0x00, 0xC0, 0x03, 0x00, 0x3F, 0x00, 0x00, 0x00, 0xC0, 0x07, 0x00,
    0x0C, 0x00, 0xF9, 0xFF, 0x3D, 0xC3, 0x38, 0x63, 0x18, 0x73, 0x06, 0x60, 0xD8, 0x1F, 0x01, 0xE0,
    0x38, 0x03, 0x00, 0xD8, 0x1B, 0x9E, 0x61, 0x80, 0x07, 0x00, 0x1E, 0x00, 0x18, 0x00, 0x60, 0x03,
    0x00, 0x00, 0x00, 0x00, 0x1F, 0x1F, 0x38, 0x30, 0xE0, 0xC1, 0xC6, 0x07, 0x18, 0x0E, 0xC0, 0x1A,
    0x00, 0x78, 0x00, 0xC0, 0x03, 0x00, 0x0C, 0x00, 0x30, 0x00, 0xC0, 0x0F, 0xC0, 0x0C, 0x03, 0xC0,
    0x1C, 0x03, 0x00, 0xC0, 0x08, 0x3E, 0x7F, 0xCF, 0x70, 0xCE, 0x18, 0xC6, 0x1C, 0xC1, 0x98, 0x36,
    0x07, 0xC0, 0x78, 0x0E, 0x00, 0xC0, 0x30, 0x06, 0x07, 0x80, 0x60, 0x00, 0x06, 0x40, 0x3F, 0x00,
    0x98, 0x00, 0x00, 0x7C, 0x7C, 0xE0, 0xC3, 0x83, 0x07, 0x18, 0x1C, 0x60, 0x3B, 0x00, 0x68, 0x01,
    0xE0, 0x03, 0x00, 0x0C, 0x00, 0x30, 0x00, 0xC0, 0x03, 0x00, 0x3F, 0x00, 0x18, 0x07, 0xF0, 0xDC,
    0x00, 0x0F, 0x9F, 0xF3, 0xDC, 0x33, 0x86, 0x31, 0x87, 0x30, 0x66, 0x0D, 0x81, 0xF0, 0x1E, 0x03,
    0x80, 0x30, 0x0C, 0x01, 0x81, 0xE0, 0x18, 0x00, 0x7F, 0x3F, 0x80, 0x7F, 0x3F, 0x80, 0x7F, 0xDF,
    0xF0, 0x7F, 0xF3, 0xFF, 0x80, 0x7F, 0xFF, 0xEF, 0xFF, 0xFC, 0x7F, 0xFF, 0xEF, 0xFF, 0xFC, 0x0E,
    0xF7, 0xBD, 0xEF, 0x7B, 0xDE, 0xF7, 0xBD, 0xEF, 0x7B, 0xDE, 0xF6, 0x26, 0xCC, 0xCE, 0x60, 0x4E,
    0x67, 0x66, 0xC0, 0x4E, 0x67, 0x66, 0xC0, 0x4E, 0xEC, 0xC6, 0x20, 0x22, 0x66, 0xCC, 0xCC, 0xCC,
    0xEE, 0x66, 0x44, 0xEE, 0x66, 0x77, 0x66, 0x66, 0xCC, 0x44, 0xEE, 0x66, 0x77, 0x66, 0x66, 0xCC,
    0x00, 0x18, 0x18, 0x18, 0xFF, 0xFF, 0x18, 0x18, 0x18, 0x18, 0x18, 0x18, 0x18, 0x18, 0x18, 0x00,
    0x00, 0x18, 0x18, 0x18, 0xFF, 0xFF, 0x18, 0x18, 0x7F, 0xFF, 0x18, 0x18, 0x18, 0x18, 0x18, 0x18,
    0x0F, 0xFF, 0x60, 0x0C, 0xFE, 0x80, 0x42, 0x17, 0x39, 0xF9, 0xCE, 0x00, 0x00, 0xFF, 0x00, 0x00,
    0x00, 0x00, 0x0F, 0x0C, 0x00, 0x06, 0xE3, 0x00, 0x03, 0x18, 0xC0, 0x00, 0xC6, 0x60, 0x00, 0x31,
    0x98, 0x00, 0x0C, 0x6C, 0x00, 0x03, 0xBB, 0x3C, 0x3E, 0x7D, 0x99, 0x99, 0x80, 0x6C, 0x76, 0x30,
    0x1B, 0x1F, 0x8C, 0x0C, 0xC7, 0xE3, 0x03, 0x39, 0x99, 0xC1, 0x87, 0xE7, 0xE0, 0x60, 0xE0, 0xF0,
    0x37, 0x66, 0x66, 0x40, 0x36, 0x76, 0x6E, 0x6C, 0x6C, 0x6C, 0x4C, 0x36, 0xCE, 0xD9, 0xBB, 0x36,
    0x66, 0xD8, 0xDB, 0x12, 0x60, 0x00, 0x63, 0x9C, 0xE3, 0x8E, 0x1C, 0x38, 0x20, 0x00, 0x03, 0x06,
    0x0E, 0x3C, 0x73, 0x9C, 0x63, 0x00, 0x00, 0xE3, 0x71, 0xB8, 0xDC, 0x6E, 0x37, 0x19, 0x8C, 0xC6,
    0x63, 0x31, 0x98, 0xCC, 0x64, 0x30, 0x01, 0x05, 0xC7, 0xE3, 0x80, 0x00, 0x01, 0x00, 0x01, 0x80,
    0x0D, 0xE0, 0x07, 0xE0, 0x03, 0xC0, 0x0F, 0xE0, 0x01, 0x80, 0x01, 0x80, 0x18, 0x18, 0x18, 0x1A,
    0xFE, 0xFE, 0x3C, 0x3C, 0x7E, 0x7E, 0x5A, 0x5A, 0x18, 0x18, 0x00, 0x00, 0x00, 0x80, 0x20, 0x18,
    0x04, 0x03, 0x00, 0x80, 0x60, 0x10, 0x0C, 0x02, 0x01, 0x80, 0x60, 0x30, 0x0C, 0x06, 0x01, 0x80,
    0xC0, 0x00, 0xFF, 0xFF, 0xC0, 0x60, 0x30, 0x10, 0x08, 0x04, 0x06, 0x03, 0x01, 0x80, 0x00, 0x00,
    0x00, 0x30, 0x19, 0xC6, 0xFB, 0x1C, 0xC2, 0x60, 0x18, 0x0C, 0x03, 0x01, 0x80, 0x6E, 0x37, 0x8D,
    0xE6, 0x31, 0x80, 0xC0, 0x00, 0x3E, 0x66, 0x63, 0xE3, 0xE3, 0xE3, 0x63, 0x66, 0x3E, 0x00, 0x33,
    0x9C, 0x0F, 0x39, 0xCE, 0x73, 0x9C, 0xE0, 0x00, 0x18, 0x38, 0x30, 0x74, 0x6C, 0xCC, 0xFF, 0x0C,
    0x0C, 0x00, 0xFD, 0xF3, 0x07, 0xCF, 0xC1, 0x83, 0x0C, 0xF0, 0x00, 0x00, 0x1C, 0x30, 0x60, 0x7C,
    0xFE, 0xE7, 0xE7, 0x66, 0x3E, 0x00, 0xFE, 0xFE, 0xC6, 0x0C, 0x0C, 0x18, 0x18, 0x38, 0x38, 0x00,
    0x3E, 0x66, 0x66, 0x7E, 0x3C, 0x6E, 0x67, 0x67, 0x7E, 0x00, 0x00, 0x3C, 0x66, 0xC6, 0xC7, 0xE6,
    0x7E, 0x0E, 0x0C, 0x38, 0x00, 0x00, 0x3F, 0xC7, 0x31, 0xCE, 0x73, 0x9C, 0xE7, 0x39, 0xCE, 0x73,
    0x80, 0x3E, 0x66, 0x63, 0xE3, 0xE3, 0xE3, 0x63, 0x66, 0x3E, 0x00, 0x00, 0xCF, 0x0C, 0x30, 0xC3,
    0x0C, 0x31, 0xF0, 0x00, 0x7C, 0xFE, 0x06, 0x06, 0x0C, 0x1C, 0x38, 0x77, 0xFE, 0x00, 0xFB, 0x30,
    0x61, 0xC7, 0x83, 0x83, 0x0F, 0xF8, 0x00, 0x00, 0x18, 0x38, 0x30, 0x74, 0x6C, 0xCC, 0xFF, 0x0C,
    0x0C, 0x00, 0xFD, 0xF3, 0x07, 0xCF, 0xC1, 0x83, 0x0C, 0xF0, 0x00, 0x00, 0x1C, 0x30, 0x60, 0x7C,
    0xFE, 0xE7, 0xE7, 0x66, 0x3E, 0x00, 0xFE, 0xFE, 0xC6, 0x0C, 0x0C, 0x18, 0x18, 0x38, 0x38, 0x00,
    0x3E, 0x66, 0x66, 0x7E, 0x3C, 0x6E, 0x67, 0x67, 0x7E, 0x00, 0x00, 0x3C, 0x66, 0xC6, 0xC7, 0xE6,
    0x7E, 0x0E, 0x0C, 0x38, 0x00, 0x02, 0x80, 0x68, 0x06, 0x80, 0xFE, 0x1E, 0xF3, 0x6B, 0x74, 0xA6,
    0x48, 0x65, 0x8E, 0x58, 0xE5, 0x86, 0x58, 0x65, 0x87, 0xD8, 0x7D, 0xB3, 0xDF, 0x1F, 0xE0, 0xD0,
    0x0D, 0x00, 0xD0, 0x00, 0x00, 0xFF, 0x1C, 0x73, 0x83, 0x70, 0x37, 0x00, 0x77, 0x36, 0x7F, 0x63,
    0xF7, 0x30, 0x73, 0x07, 0x30, 0x3B, 0x33, 0xF7, 0x0F, 0xE0, 0x00, 0x7F, 0xF3, 0x87, 0x18, 0x31,
    0x82, 0x18, 0x01, 0x80, 0x1F, 0xC1, 0xF8, 0x18, 0x07, 0xF0, 0xFF, 0x01, 0x80, 0x18, 0x07, 0xF0,
    0x00, 0x00, 0x1F, 0x03, 0x98, 0x18, 0x01, 0xC0, 0x0E, 0x00, 0xFE, 0x03, 0x80, 0x3F, 0x81, 0xF8,
    0x07, 0x0E, 0x38, 0x31, 0x81, 0xBF, 0xBD, 0x9F, 0xC0, 0x00, 0x00, 0x08, 0x00, 0x03, 0x00, 0x00,
    0x60, 0x39, 0xDF, 0x8F, 0xFF, 0xF8, 0x71, 0xC7, 0x0C, 0x38, 0x61, 0x87, 0x0C, 0x30, 0xE1, 0x86,
    0x3C, 0x30, 0xC7, 0x86, 0x18, 0xF0, 0xC3, 0x3E, 0x18, 0xFF, 0xEF, 0x81, 0x80, 0x00, 0x20, 0x00,
    0x0C, 0x00, 0x00, 0x78, 0x3E, 0x3C, 0x0C, 0x3C, 0x08, 0x3E, 0x08, 0x37, 0x0C, 0xFF, 0xFF, 0x33,
    0x88, 0x31, 0xC8, 0xFF, 0xFE, 0x30, 0xEC, 0x30, 0x68, 0x30, 0x38, 0x30, 0x38, 0x7C, 0x18, 0x00,
    0x07, 0xFE, 0x0C, 0x38, 0x60, 0xC7, 0x07, 0x7F, 0xFC, 0xC1, 0x86, 0x1C, 0x33, 0xC1, 0xFC, 0x0C,
    0x00, 0x60, 0x03, 0x00, 0x18, 0x03, 0xF8, 0x00, 0x00, 0x00, 0x01, 0xFF, 0x00, 0x03, 0x8E, 0x00,
    0x0E, 0x18, 0x00, 0x38, 0x70, 0xF0, 0xE1, 0x8F, 0xE3, 0x86, 0x31, 0x8E, 0x70, 0xC0, 0x3F, 0x83,
    0xC0, 0xE7, 0x07, 0xC3, 0x8C, 0x0F, 0x8E, 0x38, 0x07, 0x38, 0x63, 0x1C, 0xE1, 0xCC, 0x6F, 0xC3,
    0xBF, 0x80, 0x00, 0x00, 0xF8, 0xF9, 0xF7, 0x07, 0x06, 0x30, 0x70, 0x6F, 0xFF, 0xFF, 0xFF, 0xFF,
    0xF1, 0x87, 0x8C, 0x18, 0xD8, 0x81, 0xCD, 0x98, 0xFF, 0xFF, 0xF0, 0xD9, 0xD0, 0x0F, 0x8F, 0x00,
    0x70, 0xF0, 0x07, 0x0F, 0x00, 0x70, 0x60, 0x00, 0x00, 0x00, 0xFF, 0x9B, 0xFE, 0x6C, 0x1D, 0xB3,
    0x76, 0xCD, 0xDB, 0x37, 0x6C, 0xDD, 0xB3, 0x76, 0xCD, 0xDB, 0x37, 0x6C, 0xC9, 0xB3, 0x06, 0xCF,
    0xFB, 0x3F, 0xC0, 0x01, 0x00, 0xF0, 0x06, 0x07, 0xF0, 0x18, 0x3F, 0x1F, 0xE3, 0x0C, 0xE1, 0x9C,
    0x33, 0x86, 0x31, 0xC7, 0xFC, 0x33, 0x80, 0x03, 0xFE, 0x00, 0xC0, 0x3F, 0xC3, 0x86, 0x18, 0x31,
    0x81, 0x0C, 0x01, 0xFF, 0x07, 0x00, 0x38, 0x03, 0xFC, 0x0E, 0x00, 0x30, 0x01, 0xC1, 0x87, 0x0C,
    0x1F, 0xC0, 0x10, 0x7C, 0xF8, 0xE1, 0xC3, 0x86, 0x0E, 0x30, 0x39, 0x80, 0xEC, 0x07, 0xFF, 0x8E,
    0xE0, 0x39, 0x80, 0xE7, 0x03, 0x8E, 0x0E, 0x38, 0x38, 0x71, 0xF0, 0xF0, 0x7F, 0xF9, 0x8C, 0x66,
    0x31, 0x98, 0xC2, 0x03, 0x00, 0x0F, 0x81, 0xF8, 0x06, 0xC0, 0x03, 0xE0, 0x3F, 0x01, 0xF0, 0x00,
    0xC0, 0x03, 0x00, 0x3F, 0x00, 0x00, 0x01, 0xFF, 0x03, 0x8E, 0x06, 0x1C, 0x7F, 0xFC, 0x60, 0xC1,
    0x83, 0x1F, 0xFF, 0x18, 0x70, 0x63, 0x81, 0xFC, 0x06, 0x00, 0x18, 0x00, 0x60, 0x07, 0xF0, 0x00,
    0x00, 0x00, 0x0C, 0x00, 0x30, 0x03, 0xFC, 0x38, 0x71, 0xC0, 0xC6, 0x03, 0x38, 0x00, 0xE0, 0x03,
    0x80, 0x0E, 0x1F, 0xB8, 0x0C, 0xE0, 0x31, 0xC0, 0xC7, 0x03, 0x0E, 0x1C, 0x1F, 0xF0, 0x0C, 0x00,
    0x30, 0x00, 0x40, 0x00, 0x07, 0xF1, 0xC7, 0x10, 0x62, 0x0C, 0x03, 0x9F, 0xF8, 0x38, 0x7F, 0xCF,
    0xFD, 0xC0, 0x30, 0x26, 0x0C, 0xE1, 0x8F, 0xF0, 0x00, 0x01, 0x00, 0x30, 0x03, 0x00, 0xFE, 0x1F,
    0x63, 0x36, 0x73, 0x27, 0x30, 0x63, 0x06, 0x30, 0x63, 0x06, 0x30, 0x72, 0x07, 0x20, 0x32, 0x63,
    0xA6, 0x1F, 0xE0, 0x60, 0x06, 0x00, 0x60, 0x00, 0x00, 0x7F, 0xF3, 0xFF, 0x80, 0x00, 0xFF, 0xEF,
    0xFF, 0x63, 0x9B, 0x1C, 0x58, 0xE2, 0x07, 0x00, 0x38, 0x01, 0xC0, 0x0E, 0x00, 0x70, 0x0F, 0xE0,
    0xFF, 0xE1, 0xE0, 0x1C, 0x03, 0x8F, 0xFE, 0x0E, 0x01, 0xC2, 0xF0, 0xFC, 0x01, 0xC0, 0x18, 0x03,
    0x80, 0x38, 0x07, 0x80, 0x00, 0x01, 0xC0, 0x1C, 0x81, 0xF8, 0x1E, 0x07, 0xC0, 0xFD, 0x81, 0xF0,
    0x1C, 0x07, 0xC3, 0x5C, 0x31, 0xC7, 0x1C, 0x61, 0xFE, 0x1F, 0x80, 0x03, 0x00, 0x0C, 0x00, 0x30,
    0x03, 0xF0, 0x1F, 0xE0, 0xEC, 0xC3, 0x33, 0x0C, 0xCE, 0x33, 0x38, 0xCC, 0xE3, 0x33, 0x8C, 0xCE,
    0x33, 0x38, 0xCC, 0xE3, 0x03, 0xBE, 0x1F, 0x00, 0x07, 0xFC, 0x38, 0xE3, 0x86, 0x38, 0x73, 0x87,
    0x38, 0x63, 0x8E, 0xFF, 0xC3, 0xE0, 0x38, 0x0F, 0xF0, 0x38, 0x03, 0x80, 0x7E, 0x00, 0x00, 0x00,
    0x36, 0x01, 0xF0, 0x1F, 0xF3, 0xEF, 0x9B, 0x6D, 0xDB, 0x6C, 0xD8, 0x66, 0xC3, 0x34, 0x18, 0x00,
    0xE0, 0x03, 0x00, 0x1C, 0x00, 0x70, 0x0F, 0xFE, 0x09, 0x00, 0x90, 0x09, 0x0F, 0xFC, 0x30, 0xE3,
    0x06, 0x30, 0x63, 0x06, 0x30, 0xC3, 0xFC, 0x3F, 0xE3, 0x07, 0x30, 0x73, 0x07, 0x30, 0x73, 0x0E,
    0xFF, 0xC0, 0x90, 0x09, 0x00, 0x90, 0x00, 0x00, 0x30, 0x03, 0x00, 0x30, 0x03, 0x00, 0x3F, 0xFD,
    0xFF, 0xE6, 0x00, 0x18, 0x00, 0x60, 0x01, 0x80, 0x00, 0x00, 0x00, 0x00, 0x60, 0x0F, 0x01, 0xF8,
    0x37, 0xC6, 0x6E, 0x46, 0x60, 0x60, 0x06, 0x00, 0x60, 0x06, 0x00, 0x60, 0x06, 0x00, 0x00, 0x00,
    0x18, 0x00, 0x60, 0x01, 0x80, 0x06, 0x7F, 0xFB, 0xFF, 0xC0, 0x0C, 0x00, 0xC0, 0x0C, 0x00, 0xC0,
    0x00, 0x00, 0x06, 0x00, 0x60, 0x06, 0x00, 0x60, 0x06, 0x00, 0x60, 0x66, 0x67, 0x6E, 0x3F, 0xC1,
    0xF8, 0x0F, 0x00, 0x60, 0x00, 0x00, 0x00, 0x00, 0x00, 0x30, 0x18, 0x03, 0x00, 0x60, 0x30, 0x01,
    0x83, 0x00, 0x06, 0x3F, 0xFF, 0xF9, 0xFF, 0xFF, 0xC6, 0x00, 0x0C, 0x18, 0x00, 0xC0, 0x60, 0x0C,
    0x01, 0x80, 0xC0, 0x00, 0x00, 0x00, 0x00, 0x00, 0x60, 0x0F, 0x01, 0xF8, 0x36, 0xC6, 0x66, 0x46,
    0x20, 0x60, 0x06, 0x00, 0x60, 0x06, 0x04, 0x62, 0x66, 0x63, 0x6C, 0x1F, 0x80, 0xF0, 0x06, 0x00,
    0x00, 0x00, 0x3F, 0xCF, 0xE3, 0xC0, 0xD8, 0x33, 0x0C, 0x63, 0x0C, 0xC1, 0x80, 0x20, 0x00, 0x1F,
    0xE3, 0xF8, 0x1E, 0x0F, 0x87, 0x63, 0x99, 0xC6, 0xE0, 0xB0, 0x00, 0x00, 0x30, 0x0E, 0x09, 0xC6,
    0x39, 0x87, 0x60, 0xF8, 0x1E, 0x7F, 0x9F, 0xE0, 0x00, 0x00, 0x6C, 0x3B, 0x1C, 0xCE, 0x37, 0x0F,
    0x83, 0xC0, 0xFF, 0x3F, 0xC0, 0x0C, 0x0F, 0xF1, 0x8E, 0x00, 0xE0, 0x0C, 0x01, 0xC1, 0xB8, 0xFF,
    0x30, 0xEC, 0x1D, 0x83, 0x70, 0x6E, 0x0C, 0xC3, 0x1E, 0xE1, 0xF8, 0x00, 0x00, 0x00, 0x00, 0xE6,
    0x1F, 0xC3, 0x0C, 0x61, 0xE4, 0x36, 0xC6, 0x2C, 0x42, 0x68, 0x67, 0x86, 0x39, 0xC7, 0xF8, 0x40,
    0x00, 0x00, 0x00, 0x60, 0x06, 0x00, 0xF0, 0x0F, 0x01, 0xB0, 0x1B, 0x81, 0x98, 0x31, 0xC3, 0x1C,
    0x60, 0xC6, 0x0E, 0x60, 0x6C, 0x07, 0xFF, 0xF0, 0xFF, 0xF8, 0xC1, 0xC3, 0x07, 0x0C, 0x1C, 0x30,
    0x70, 0xC1, 0xC3, 0x07, 0x0C, 0x1C, 0x30, 0x70, 0xC1, 0xC3, 0x07, 0x0C, 0x1C, 0x30, 0x70, 0xC1,
    0xC7, 0x8F, 0xBF, 0x3E, 0x7F, 0xE7, 0x06, 0x38, 0x21, 0x80, 0x1C, 0x00, 0xE0, 0x07, 0x00, 0x30,
    0x03, 0x00, 0x60, 0x0C, 0x01, 0xC0, 0x18, 0x33, 0x03, 0x7F, 0xF7, 0xFE, 0xFF, 0x7F, 0x80, 0x02,
    0x06, 0x06, 0x06, 0x0C, 0x0C, 0x0C, 0x0C, 0x18, 0x18, 0x18, 0x30, 0x30, 0x30, 0x30, 0x60, 0x60,
    0x60, 0x40, 0x5F, 0x80, 0x00, 0x00, 0x00, 0x70, 0x01, 0x80, 0x06, 0x00, 0x38, 0x00, 0xC0, 0x03,
    0x00, 0x1C, 0x00, 0x60, 0x01, 0x80, 0x06, 0x1C, 0x30, 0xF0, 0xC0, 0xC3, 0x03, 0x9C, 0x06, 0x60,
    0x19, 0x80, 0x36, 0x00, 0xF0, 0x03, 0xC0, 0x07, 0x00, 0x08, 0x00, 0x3E, 0x1C, 0x7F, 0x7E, 0x43,
    0xC3, 0xC1, 0x83, 0xC1, 0xC3, 0x43, 0xE3, 0x7E, 0x7E, 0x3C, 0x3C, 0x0C, 0x3F, 0x70, 0x60, 0x60,
    0x60, 0x70, 0x70, 0x30, 0x38, 0x18, 0x1C, 0x0C, 0x0E, 0x0E, 0x06, 0x06, 0x06, 0x0E, 0xFC, 0x78,
    0xFF, 0x00, 0x02, 0xFC, 0x00, 0x39, 0xBF, 0x91, 0xC0, 0x00, 0x00, 0x00, 0xE6, 0xFE, 0x47, 0x00,
    0x02, 0x03, 0x3F, 0xDF, 0xF0, 0xC0, 0xC0, 0x60, 0x30, 0xFF, 0xBF, 0x8C, 0x04, 0x00, 0x00, 0xC0,
    0xF0, 0xF0, 0xF0, 0xF0, 0x1F, 0x00, 0xF0, 0x0F, 0x00, 0xC0, 0x07, 0xFB, 0xFF, 0x80, 0x3C, 0x07,
    0xC0, 0x3C, 0x03, 0x83, 0xC3, 0xC3, 0xC0, 0xC0, 0x00, 0x0F, 0xFB, 0xFE, 0x01, 0xC3, 0xF7, 0xE3,
    0xE0, 0x1F, 0x80, 0xF0, 0x03, 0xFF, 0x7F, 0x9F, 0xEF, 0xFC, 0xC0, 0x3E, 0x03, 0xF8, 0x3E, 0x7E,
    0x3C, 0x00, 0x03, 0xFE, 0xFF, 0xBF, 0xEF, 0xF8, 0x07, 0x00, 0x3D, 0xC1, 0x87, 0x0E, 0x18, 0x38,
    0x00, 0xFB, 0xCF, 0xEF, 0x0E, 0x1C, 0x38, 0x70, 0xE1, 0xC3, 0x87, 0x0E, 0x1C, 0x38, 0x70, 0xE1,
    0xC3, 0x87, 0x3F, 0xBE, 0x00, 0x00, 0x07, 0x20, 0x3F, 0xC1, 0x87, 0x0E, 0x1C, 0x38, 0x70, 0xF9,
    0xCF, 0xE7, 0x0E, 0x1C, 0x38, 0x70, 0xE1, 0xC3, 0x87, 0x0E, 0x1C, 0x38, 0x70, 0xE1, 0xC3, 0x87,
    0x3F, 0xBE, 0x00, 0x00,
};

static const EpdGlyph merri9_regularGlyphs[] = {
    { 0, 0, 71, 0, 0, 0, 0 }, // U+0020
    { 4, 18, 87, 1, 17, 9, 0 }, // !
    { 8, 7, 149, 1, 16, 7, 9 }, // "
    { 12, 15, 213, 1, 15, 23, 16 }, // #
    { 10, 20, 198, 1, 17, 25, 39 }, // $
    { 18, 15, 311, 1, 15, 34, 64 }, // %
    { 13, 16, 228, 1, 15, 26, 98 }, // &
    { 4, 7, 91, 1, 16, 4, 124 }, // '
    { 6, 20, 129, 1, 16, 15, 128 }, // (
    { 6, 20, 129, 1, 16, 15, 143 }, // )
    { 10, 11, 193, 1, 16, 14, 158 }, // *
    { 9, 10, 201, 2, 11, 12, 172 }, // +
    { 4, 8, 76, 0, 3, 4, 184 }, // ,
    { 9, 2, 174, 1, 7, 3, 188 }, // -
    { 3, 4, 76, 1, 3, 2, 191 }, // .
    { 7, 19, 117, 0, 15, 17, 193 }, // /
    { 12, 16, 194, 0, 15, 24, 210 }, // 0
    { 8, 15, 136, 0, 15, 15, 234 }, // 1
    { 11, 15, 178, 0, 15, 21, 249 }, // 2
    { 10, 16, 172, 0, 15, 20, 270 }, // 3
    { 12, 14, 185, 0, 14, 21, 290 }, // 4
    { 9, 16, 175, 1, 15, 18, 311 }, // 5
    { 11, 16, 181, 0, 15, 22, 329 }, // 6
    { 11, 15, 171, 0, 14, 21, 351 }, // 7
    { 11, 16, 179, 0, 15, 22, 372 }, // 8
    { 11, 16, 182, 0, 15, 22, 394 }, // 9
    { 3, 11, 77, 1, 10, 5, 416 }, // :
    { 4, 15, 77, 0, 10, 8, 421 }, // ;
    { 10, 11, 201, 1, 11, 14, 429 }, // <
    { 9, 8, 201, 2, 10, 9, 443 }, // =
    { 9, 11, 201, 2, 11, 13, 452 }, // >
    { 9, 18, 144, 0, 17, 21, 465 }, // ?
    { 17, 20, 306, 1, 15, 43, 486 }, // @
    { 15, 15, 212, -1, 15, 29, 529 }, // A
    { 13, 16, 201, 0, 15, 26, 558 }, // B
    { 12, 16, 196, 0, 15, 24, 584 }, // C
    { 14, 16, 226, 0, 15, 28, 608 }, // D
    { 12, 14, 190, 0, 14, 21, 636 }, // E
    { 11, 14, 185, 0, 14, 20, 657 }, // F
    { 14, 16, 217, 0, 15, 28, 677 }, // G
    { 15, 14, 241, 0, 14, 27, 705 }, // H
    { 7, 14, 112, 0, 14, 13, 732 }, // I
    { 8, 18, 112, -1, 14, 18, 745 }, // J
    { 14, 14, 216, 0, 14, 25, 763 }, // K
    { 12, 14, 186, 0, 14, 21, 788 }, // L
    { 19, 14, 297, 0, 14, 34, 809 }, // M
    { 15, 14, 232, 0, 14, 27, 843 }, // N
    { 13, 16, 217, 0, 15, 26, 870 }, // O
    { 12, 15, 192, 0, 15, 23, 896 }, // P
    { 15, 19, 217, 0, 15, 36, 919 }, // Q
    { 13, 15, 209, 0, 15, 25, 955 }, // R
    { 10, 16, 178, 1, 15, 20, 980 }, // S
    { 13, 14, 209, 0, 14, 23, 1000 }, // T
    { 14, 15, 222, 0, 14, 27, 1023 }, // U
    { 14, 14, 199, -1, 14, 25, 1050 }, // V
    { 21, 14, 299, -1, 14, 37, 1075 }, // W
    { 14, 14, 215, 0, 14, 25, 1112 }, // X
    { 14, 14, 193, -1, 14, 25, 1137 }, // Y
    { 12, 14, 194, 0, 14, 21, 1162 }, // Z
    { 6, 19, 131, 1, 16, 15, 1183 }, // [
    { 8, 19, 129, 0, 15, 19, 1198 }, // <backslash>
    { 5, 19, 130, 2, 16, 12, 1217 }, // ]
    { 10, 13, 200, 1, 15, 17, 1229 }, // ^
    { 11, 2, 150, -1, 0, 3, 1246 }, // _
    { 6, 5, 125, 1, 17, 4, 1249 }, // `
    { 10, 12, 161, 0, 11, 15, 1253 }, // a
    { 12, 17, 179, -1, 16, 26, 1268 }, // b
    { 9, 12, 152, 0, 11, 14, 1294 }, // c
    { 11, 17, 181, 0, 16, 24, 1308 }, // d
    { 10, 12, 156, 0, 11, 15, 1332 }, // e
    { 8, 17, 114, 0, 16, 17, 1347 }, // f
    { 12, 17, 182, 0, 11, 26, 1364 }, // g
    { 12, 16, 199, 0, 16, 24, 1390 }, // h
    { 6, 15, 97, 0, 15, 12, 1414 }, // i
    { 6, 20, 97, -1, 15, 15, 1426 }, // j
    { 12, 16, 190, 0, 16, 24, 1441 }, // k
    { 6, 16, 93, 0, 16, 12, 1465 }, // l
    { 19, 11, 298, 0, 11, 27, 1477 }, // m
    { 12, 11, 199, 0, 11, 17, 1504 }, // n
    { 11, 12, 175, 0, 11, 17, 1521 }, // o
    { 11, 16, 184, 0, 11, 22, 1538 }, // p
    { 12, 16, 177, 0, 11, 24, 1560 }, // q
    { 8, 11, 135, 0, 11, 11, 1584 }, // r
    { 9, 12, 147, 0, 11, 14, 1595 }, // s
    { 8, 15, 117, 0, 14, 15, 1609 }, // t
    { 12, 12, 189, 0, 11, 18, 1624 }, // u
    { 12, 12, 171, -1, 11, 18, 1642 }, // v
    { 18, 12, 253, -1, 11, 27, 1660 }, // w
    { 11, 11, 178, 0, 11, 16, 1687 }, // x
    { 11, 16, 175, 0, 11, 22, 1703 }, // y
    { 10, 11, 163, 0, 11, 14, 1725 }, // z
    { 8, 19, 154, 1, 16, 19, 1739 }, // {
    { 2, 19, 127, 3, 17, 5, 1758 }, // |
    { 8, 19, 154, 1, 16, 19, 1763 }, // }
    { 9, 3, 183, 1, 7, 4, 1782 }, // ~
    { 0, 0, 71, 0, 0, 0, 1786 }, // U+00A0
    { 4, 18, 87, 1, 15, 9, 1786 }, // U+00A1
    { 9, 16, 171, 1, 13, 18, 1795 }, // U+00A2
    { 13, 16, 223, 0, 15, 26, 1813 }, // U+00A3
    { 12, 12, 221, 1, 13, 18, 1839 }, // U+00A4
    { 13, 14, 231, 1, 14, 23, 1857 }, // U+00A5
    { 2, 19, 127, 3, 17, 5, 1880 }, // U+00A6
    { 10, 18, 202, 1, 16, 23, 1885 }, // U+00A7
    { 8, 3, 156, 1, 15, 3, 1908 }, // U+00A8
    { 17, 17, 312, 1, 18, 37, 1911 }, // U+00A9
    { 9, 10, 137, 0, 16, 12, 1948 }, // U+00AA
    { 11, 11, 206, 1, 11, 16, 1960 }, // U+00AB
    { 10, 6, 201, 1, 6, 8, 1976 }, // U+00AC
    { 17, 17, 312, 1, 18, 37, 1984 }, // U+00AE
    { 7, 2, 143, 1, 14, 2, 2021 }, // U+00AF
    { 7, 8, 139, 1, 16, 7, 2023 }, // U+00B0
    { 10, 11, 189, 1, 11, 14, 2030 }, // U+00B1
    { 8, 10, 126, 0, 18, 10, 2044 }, // U+00B2
    { 7, 11, 117, 0, 18, 10, 2054 }, // U+00B3
    { 6, 5, 125, 1, 17, 4, 2064 }, // U+00B4
    { 11, 15, 187, 0, 11, 21, 2068 }, // U+00B5
    { 13, 16, 219, 0, 16, 26, 2089 }, // U+00B6
    { 4, 3, 34, -1, 9, 2, 2115 }, // U+00B7
    { 5, 6, 112, 1, 1, 4, 2117 }, // U+00B8
    { 6, 10, 95, 0, 18, 8, 2121 }, // U+00B9
    { 9, 10, 143, 0, 16, 12, 2129 }, // U+00BA
    { 11, 11, 206, 1, 11, 16, 2141 }, // U+00BB
    { 17, 17, 266, 0, 16, 37, 2157 }, // U+00BC
    { 17, 17, 279, 0, 16, 37, 2194 }, // U+00BD
    { 18, 17, 283, 0, 16, 39, 2231 }, // U+00BE
    { 9, 19, 144, 0, 15, 22, 2270 }, // U+00BF
    { 15, 19, 212, -1, 19, 36, 2292 }, // U+00C0
    { 15, 19, 212, -1, 19, 36, 2328 }, // U+00C1
    { 15, 19, 212, -1, 19, 36, 2364 }, // U+00C2
    { 15, 18, 212, -1, 18, 34, 2400 }, // U+00C3
    { 15, 18, 212, -1, 18, 34, 2434 }, // U+00C4
    { 15, 20, 212, -1, 20, 38, 2468 }, // U+00C5
    { 19, 14, 289, -1, 14, 34, 2506 }, // U+00C6
    { 12, 20, 196, 0, 15, 30, 2540 }, // U+00C7
    { 12, 19, 190, 0, 19, 29, 2570 }, // U+00C8
    { 12, 19, 190, 0, 19, 29, 2599 }, // U+00C9
    { 12, 19, 190, 0, 19, 29, 2628 }, // U+00CA
    { 12, 18, 190, 0, 18, 27, 2657 }, // U+00CB
    { 7, 19, 112, 0, 19, 17, 2684 }, // U+00CC
    { 7, 19, 112, 0, 19, 17, 2701 }, // U+00CD
    { 7, 19, 112, 0, 19, 17, 2718 }, // U+00CE
    { 7, 18, 112, 0, 18, 16, 2735 }, // U+00CF
    { 14, 16, 226, 0, 15, 28, 2751 }, // U+00D0
    { 15, 18, 232, 0, 18, 34, 2779 }, // U+00D1
    { 13, 20, 217, 0, 19, 33, 2813 }, // U+00D2
    { 13, 20, 217, 0, 19, 33, 2846 }, // U+00D3
    { 13, 20, 217, 0, 19, 33, 2879 }, // U+00D4
    { 13, 19, 217, 0, 18, 31, 2912 }, // U+00D5
    { 13, 19, 217, 0, 18, 31, 2943 }, // U+00D6
    { 9, 10, 201, 2, 11, 12, 2974 }, // U+00D7
    { 13, 18, 217, 0, 16, 30, 2986 }, // U+00D8
    { 14, 20, 222, 0, 19, 35, 3016 }, // U+00D9
    { 14, 20, 222, 0, 19, 35, 3051 }, // U+00DA
    { 14, 20, 222, 0, 19, 35, 3086 }, // U+00DB
    { 14, 19, 222, 0, 18, 34, 3121 }, // U+00DC
    { 14, 19, 193, -1, 19, 34, 3155 }, // U+00DD
    { 12, 14, 192, 0, 14, 21, 3189 }, // U+00DE
    { 12, 16, 184, 0, 15, 24, 3210 }, // U+00DF
    { 10, 18, 161, 0, 17, 23, 3234 }, // U+00E0
    { 10, 18, 161, 0, 17, 23, 3257 }, // U+00E1
    { 10, 17, 161, 0, 16, 22, 3280 }, // U+00E2
    { 10, 16, 161, 0, 15, 20, 3302 }, // U+00E3
    { 10, 16, 161, 0, 15, 20, 3322 }, // U+00E4
    { 10, 18, 161, 0, 17, 23, 3342 }, // U+00E5
    { 16, 12, 252, 0, 11, 24, 3365 }, // U+00E6
    { 9, 16, 152, 0, 11, 18, 3389 }, // U+00E7
    { 10, 18, 156, 0, 17, 23, 3407 }, // U+00E8
    { 10, 18, 156, 0, 17, 23, 3430 }, // U+00E9
    { 10, 17, 156, 0, 16, 22, 3453 }, // U+00EA
    { 10, 16, 156, 0, 15, 20, 3475 }, // U+00EB
    { 7, 17, 97, -1, 17, 15, 3495 }, // U+00EC
    { 7, 17, 97, 0, 17, 15, 3510 }, // U+00ED
    { 8, 16, 97, -1, 16, 16, 3525 }, // U+00EE
    { 8, 15, 97, -1, 15, 15, 3541 }, // U+00EF
    { 11, 18, 174, 0, 17, 25, 3556 }, // U+00F0
    { 12, 15, 199, 0, 15, 23, 3581 }, // U+00F1
    { 11, 18, 175, 0, 17, 25, 3604 }, // U+00F2
    { 11, 18, 175, 0, 17, 25, 3629 }, // U+00F3
    { 11, 17, 175, 0, 16, 24, 3654 }, // U+00F4
    { 11, 16, 175, 0, 15, 22, 3678 }, // U+00F5
    { 11, 16, 175, 0, 15, 22, 3700 }, // U+00F6
    { 9, 12, 201, 2, 12, 14, 3722 }, // U+00F7
    { 11, 15, 175, 0, 13, 21, 3736 }, // U+00F8
    { 12, 18, 189, 0, 17, 27, 3757 }, // U+00F9
    { 12, 18, 189, 0, 17, 27, 3784 }, // U+00FA
    { 12, 17, 189, 0, 16, 26, 3811 }, // U+00FB
    { 12, 16, 189, 0, 15, 24, 3837 }, // U+00FC
    { 11, 22, 175, 0, 17, 31, 3861 }, // U+00FD
    { 12, 21, 179, -1, 16, 32, 3892 }, // U+00FE
    { 11, 20, 175, 0, 15, 28, 3924 }, // U+00FF
    { 15, 17, 212, -1, 17, 32, 3952 }, // U+0100
    { 10, 15, 161, 0, 14, 19, 3984 }, // U+0101
    { 15, 19, 212, -1, 19, 36, 4003 }, // U+0102
    { 10, 17, 161, 0, 16, 22, 4039 }, // U+0103
    { 15, 20, 212, -1, 15, 38, 4061 }, // U+0104
    { 10, 16, 161, 0, 11, 20, 4099 }, // U+0105
    { 12, 20, 196, 0, 19, 30, 4119 }, // U+0106
    { 9, 18, 152, 0, 17, 21, 4149 }, // U+0107
    { 12, 20, 196, 0, 19, 30, 4170 }, // U+0108
    { 9, 17, 152, 0, 16, 20, 4200 }, // U+0109
    { 12, 19, 196, 0, 18, 29, 4220 }, // U+010A
    { 9, 16, 152, 0, 15, 18, 4249 }, // U+010B
    { 12, 20, 196, 0, 19, 30, 4267 }, // U+010C
    { 9, 18, 152, 0, 17, 21, 4297 }, // U+010D
    { 14, 20, 226, 0, 19, 35, 4318 }, // U+010E
    { 14, 17, 181, 0, 16, 30, 4353 }, // U+010F
    { 14, 16, 226, 0, 15, 28, 4383 }, // U+0110
    { 11, 17, 181, 0, 16, 24, 4411 }, // U+0111
    { 12, 17, 190, 0, 17, 26, 4435 }, // U+0112
    { 10, 15, 156, 0, 14, 19, 4461 }, // U+0113
    { 12, 19, 190, 0, 19, 29, 4480 }, // U+0114
    { 10, 17, 156, 0, 16, 22, 4509 }, // U+0115
    { 12, 18, 190, 0, 18, 27, 4531 }, // U+0116
    { 10, 16, 156, 0, 15, 20, 4558 }, // U+0117
    { 12, 19, 190, 0, 14, 29, 4578 }, // U+0118
    { 10, 16, 156, 0, 11, 20, 4607 }, // U+0119
    { 12, 19, 190, 0, 19, 29, 4627 }, // U+011A
    { 10, 18, 156, 0, 17, 23, 4656 }, // U+011B
    { 14, 20, 217, 0, 19, 35, 4679 }, // U+011C
    { 12, 22, 182, 0, 16, 33, 4714 }, // U+011D
    { 14, 20, 217, 0, 19, 35, 4747 }, // U+011E
    { 12, 22, 182, 0, 16, 33, 4782 }, // U+011F
    { 14, 19, 217, 0, 18, 34, 4815 }, // U+0120
    { 12, 21, 182, 0, 15, 32, 4849 }, // U+0121
    { 14, 21, 217, 0, 15, 37, 4881 }, // U+0122
    { 12, 23, 182, 0, 17, 35, 4918 }, // U+0123
    { 15, 19, 241, 0, 19, 36, 4953 }, // U+0124
    { 13, 20, 199, -1, 20, 33, 4989 }, // U+0125
    { 15, 14, 244, 0, 14, 27, 5022 }, // U+0126
    { 12, 16, 199, 0, 16, 24, 5049 }, // U+0127
    { 7, 18, 112, 0, 18, 16, 5073 }, // U+0128
    { 8, 15, 97, -1, 15, 15, 5089 }, // U+0129
    { 7, 17, 112, 0, 17, 15, 5104 }, // U+012A
    { 6, 14, 97, 0, 14, 11, 5119 }, // U+012B
    { 7, 19, 112, 0, 19, 17, 5130 }, // U+012C
    { 6, 16, 97, 0, 16, 12, 5147 }, // U+012D
    { 7, 19, 112, 0, 14, 17, 5159 }, // U+012E
    { 6, 20, 97, 0, 15, 15, 5176 }, // U+012F
    { 7, 18, 112, 0, 18, 16, 5191 }, // U+0130
    { 6, 11, 97, 0, 11, 9, 5207 }, // U+0131
    { 14, 18, 221, 0, 14, 32, 5216 }, // U+0132
    { 10, 20, 185, 0, 15, 25, 5248 }, // U+0133
    { 8, 23, 112, -1, 19, 23, 5273 }, // U+0134
    { 8, 21, 97, -1, 16, 21, 5296 }, // U+0135
    { 14, 20, 216, 0, 14, 35, 5317 }, // U+0136
    { 12, 22, 190, 0, 16, 33, 5352 }, // U+0137
    { 13, 11, 195, 0, 11, 18, 5385 }, // U+0138
    { 12, 19, 186, 0, 19, 29, 5403 }, // U+0139
    { 6, 20, 93, 0, 20, 15, 5432 }, // U+013A
    { 12, 20, 186, 0, 14, 30, 5447 }, // U+013B
    { 6, 22, 93, 0, 16, 17, 5477 }, // U+013C
    { 12, 15, 186, 0, 15, 23, 5494 }, // U+013D
    { 7, 16, 93, 0, 16, 14, 5517 }, // U+013E
    { 13, 14, 204, 0, 14, 23, 5531 }, // U+013F
    { 8, 16, 124, 0, 16, 16, 5554 }, // U+0140
    { 12, 14, 186, 0, 14, 21, 5570 }, // U+0141
    { 7, 16, 105, 0, 16, 14, 5591 }, // U+0142
    { 15, 19, 232, 0, 19, 36, 5605 }, // U+0143
    { 12, 17, 199, 0, 17, 26, 5641 }, // U+0144
    { 15, 20, 232, 0, 14, 38, 5667 }, // U+0145
    { 12, 17, 199, 0, 11, 26, 5705 }, // U+0146
    { 15, 19, 232, 0, 19, 36, 5731 }, // U+0147
    { 12, 17, 199, 0, 17, 26, 5767 }, // U+0148
    { 13, 20, 225, 0, 15, 33, 5793 }, // U+014A
    { 11, 16, 196, 0, 11, 22, 5826 }, // U+014B
    { 13, 18, 217, 0, 17, 30, 5848 }, // U+014C
    { 11, 15, 175, 0, 14, 21, 5878 }, // U+014D
    { 13, 20, 217, 0, 19, 33, 5899 }, // U+014E
    { 11, 17, 175, 0, 16, 24, 5932 }, // U+014F
    { 13, 20, 217, 0, 19, 33, 5956 }, // U+0150
    { 11, 18, 175, 0, 17, 25, 5989 }, // U+0151
    { 19, 16, 302, 0, 15, 38, 6014 }, // U+0152
    { 17, 12, 281, 0, 11, 26, 6052 }, // U+0153
    { 13, 19, 209, 0, 19, 31, 6078 }, // U+0154
    { 8, 17, 135, 0, 17, 17, 6109 }, // U+0155
    { 13, 21, 209, 0, 15, 35, 6126 }, // U+0156
    { 8, 17, 135, 0, 11, 17, 6161 }, // U+0157
    { 13, 19, 209, 0, 19, 31, 6178 }, // U+0158
    { 8, 17, 135, 0, 17, 17, 6209 }, // U+0159
    { 10, 20, 178, 1, 19, 25, 6226 }, // U+015A
    { 9, 18, 147, 0, 17, 21, 6251 }, // U+015B
    { 10, 20, 178, 1, 19, 25, 6272 }, // U+015C
    { 9, 17, 147, 0, 16, 20, 6297 }, // U+015D
    { 10, 20, 178, 1, 15, 25, 6317 }, // U+015E
    { 9, 16, 147, 0, 11, 18, 6342 }, // U+015F
    { 10, 20, 178, 1, 19, 25, 6360 }, // U+0160
    { 9, 18, 147, 0, 17, 21, 6385 }, // U+0161
    { 13, 19, 209, 0, 14, 31, 6406 }, // U+0162
    { 8, 19, 117, 0, 14, 19, 6437 }, // U+0163
    { 13, 19, 209, 0, 19, 31, 6456 }, // U+0164
    { 8, 17, 117, 0, 16, 17, 6487 }, // U+0165
    { 13, 14, 209, 0, 14, 23, 6504 }, // U+0166
    { 8, 15, 117, 0, 14, 15, 6527 }, // U+0167
    { 14, 19, 222, 0, 18, 34, 6542 }, // U+0168
    { 12, 16, 189, 0, 15, 24, 6576 }, // U+0169
    { 14, 18, 222, 0, 17, 32, 6600 }, // U+016A
    { 12, 15, 189, 0, 14, 23, 6632 }, // U+016B
    { 14, 20, 222, 0, 19, 35, 6655 }, // U+016C
    { 12, 17, 189, 0, 16, 26, 6690 }, // U+016D
    { 14, 21, 222, 0, 20, 37, 6716 }, // U+016E
    { 12, 18, 189, 0, 17, 27, 6753 }, // U+016F
    { 14, 20, 222, 0, 19, 35, 6780 }, // U+0170
    { 12, 18, 189, 0, 17, 27, 6815 }, // U+0171
    { 14, 19, 222, 0, 14, 34, 6842 }, // U+0172
    { 12, 16, 189, 0, 11, 24, 6876 }, // U+0173
    { 21, 19, 299, -1, 19, 50, 6900 }, // U+0174
    { 18, 17, 253, -1, 16, 39, 6950 }, // U+0175
    { 14, 19, 193, -1, 19, 34, 6989 }, // U+0176
    { 11, 21, 175, 0, 16, 29, 7023 }, // U+0177
    { 14, 18, 193, -1, 18, 32, 7052 }, // U+0178
    { 12, 19, 194, 0, 19, 29, 7084 }, // U+0179
    { 10, 17, 163, 0, 17, 22, 7113 }, // U+017A
    { 12, 18, 194, 0, 18, 27, 7135 }, // U+017B
    { 10, 15, 163, 0, 15, 19, 7162 }, // U+017C
    { 12, 19, 194, 0, 19, 29, 7181 }, // U+017D
    { 10, 17, 163, 0, 17, 22, 7210 }, // U+017E
    { 8, 16, 107, 0, 16, 16, 7232 }, // U+017F
    { 14, 18, 217, 0, 17, 32, 7248 }, // U+01A0
    { 11, 14, 175, 0, 13, 20, 7280 }, // U+01A1
    { 15, 18, 222, 0, 17, 34, 7300 }, // U+01AF
    { 14, 14, 189, 0, 13, 25, 7334 }, // U+01B0
    { 26, 20, 413, 0, 19, 65, 7359 }, // U+01C4
    { 24, 18, 388, 0, 17, 54, 7424 }, // U+01C5
    { 22, 18, 344, 0, 17, 50, 7478 }, // U+01C6
    { 18, 18, 288, 0, 14, 41, 7528 }, // U+01C7
    { 16, 20, 275, 0, 15, 40, 7569 }, // U+01C8
    { 10, 21, 181, 0, 16, 27, 7609 }, // U+01C9
    { 21, 18, 343, 0, 14, 48, 7636 }, // U+01CA
    { 19, 20, 325, 0, 15, 48, 7684 }, // U+01CB
    { 17, 20, 287, 0, 15, 43, 7732 }, // U+01CC
    { 15, 19, 212, -1, 19, 36, 7775 }, // U+01CD
    { 10, 18, 161, 0, 17, 23, 7811 }, // U+01CE
    { 7, 19, 112, 0, 19, 17, 7834 }, // U+01CF
    { 8, 17, 97, -1, 17, 17, 7851 }, // U+01D0
    { 13, 20, 217, 0, 19, 33, 7868 }, // U+01D1
    { 11, 18, 175, 0, 17, 25, 7901 }, // U+01D2
    { 14, 20, 222, 0, 19, 35, 7926 }, // U+01D3
    { 12, 18, 189, 0, 17, 27, 7961 }, // U+01D4
    { 14, 21, 222, 0, 20, 37, 7988 }, // U+01D5
    { 12, 19, 189, 0, 18, 29, 8025 }, // U+01D6
    { 14, 23, 222, 0, 22, 41, 8054 }, // U+01D7
    { 12, 22, 189, 0, 21, 33, 8095 }, // U+01D8
    { 14, 23, 222, 0, 22, 41, 8128 }, // U+01D9
    { 12, 22, 189, 0, 21, 33, 8169 }, // U+01DA
    { 14, 23, 222, 0, 22, 41, 8202 }, // U+01DB
    { 12, 22, 189, 0, 21, 33, 8243 }, // U+01DC
    { 10, 12, 156, 0, 11, 15, 8276 }, // U+01DD
    { 15, 20, 212, -1, 20, 38, 8291 }, // U+01DE
    { 10, 19, 161, 0, 18, 24, 8329 }, // U+01DF
    { 15, 20, 212, -1, 20, 38, 8353 }, // U+01E0
    { 10, 19, 161, 0, 18, 24, 8391 }, // U+01E1
    { 19, 17, 289, -1, 17, 41, 8415 }, // U+01E2
    { 16, 15, 252, 0, 14, 30, 8456 }, // U+01E3
    { 14, 16, 217, 0, 15, 28, 8486 }, // U+01E4
    { 13, 17, 182, -1, 11, 28, 8514 }, // U+01E5
    { 14, 20, 217, 0, 19, 35, 8542 }, // U+01E6
    { 12, 23, 182, 0, 17, 35, 8577 }, // U+01E7
    { 14, 19, 216, 0, 19, 34, 8612 }, // U+01E8
    { 13, 20, 190, -1, 20, 33, 8646 }, // U+01E9
    { 13, 20, 217, 0, 15, 33, 8679 }, // U+01EA
    { 11, 16, 175, 0, 11, 22, 8712 }, // U+01EB
    { 13, 22, 217, 0, 17, 36, 8734 }, // U+01EC
    { 11, 19, 175, 0, 14, 27, 8770 }, // U+01ED
    { 11, 20, 170, 0, 19, 28, 8797 }, // U+01EE
    { 10, 22, 159, 0, 17, 28, 8825 }, // U+01EF
    { 8, 22, 97, -1, 17, 22, 8853 }, // U+01F0
    { 26, 16, 413, 0, 15, 52, 8875 }, // U+01F1
    { 24, 16, 388, 0, 15, 48, 8927 }, // U+01F2
    { 22, 17, 344, 0, 16, 47, 8975 }, // U+01F3
    { 14, 20, 217, 0, 19, 35, 9022 }, // U+01F4
    { 12, 23, 182, 0, 17, 35, 9057 }, // U+01F5
    { 15, 19, 232, 0, 19, 36, 9092 }, // U+01F8
    { 12, 17, 199, 0, 17, 26, 9128 }, // U+01F9
    { 15, 22, 212, -1, 22, 42, 9154 }, // U+01FA
    { 10, 20, 161, 0, 19, 25, 9196 }, // U+01FB
    { 19, 19, 289, -1, 19, 46, 9221 }, // U+01FC
    { 16, 18, 252, 0, 17, 36, 9267 }, // U+01FD
    { 13, 21, 217, 0, 19, 35, 9303 }, // U+01FE
    { 11, 19, 175, 0, 17, 27, 9338 }, // U+01FF
    { 15, 19, 212, -1, 19, 36, 9365 }, // U+0200
    { 10, 18, 161, 0, 17, 23, 9401 }, // U+0201
    { 15, 19, 212, -1, 19, 36, 9424 }, // U+0202
    { 10, 17, 161, 0, 16, 22, 9460 }, // U+0203
    { 12, 19, 190, 0, 19, 29, 9482 }, // U+0204
    { 10, 18, 156, 0, 17, 23, 9511 }, // U+0205
    { 12, 19, 190, 0, 19, 29, 9534 }, // U+0206
    { 10, 17, 156, 0, 16, 22, 9563 }, // U+0207
    { 9, 19, 112, -2, 19, 22, 9585 }, // U+0208
    { 8, 17, 97, -2, 17, 17, 9607 }, // U+0209
    { 7, 19, 112, 0, 19, 17, 9624 }, // U+020A
    { 8, 16, 97, -1, 16, 16, 9641 }, // U+020B
    { 13, 20, 217, 0, 19, 33, 9657 }, // U+020C
    { 11, 18, 175, 0, 17, 25, 9690 }, // U+020D
    { 13, 20, 217, 0, 19, 33, 9715 }, // U+020E
    { 11, 17, 175, 0, 16, 24, 9748 }, // U+020F
    { 13, 19, 209, 0, 19, 31, 9772 }, // U+0210
    { 9, 17, 135, -1, 17, 20, 9803 }, // U+0211
    { 13, 19, 209, 0, 19, 31, 9823 }, // U+0212
    { 8, 16, 135, 0, 16, 16, 9854 }, // U+0213
    { 14, 20, 222, 0, 19, 35, 9870 }, // U+0214
    { 12, 18, 189, 0, 17, 27, 9905 }, // U+0215
    { 14, 20, 222, 0, 19, 35, 9932 }, // U+0216
    { 12, 17, 189, 0, 16, 26, 9967 }, // U+0217
    { 10, 21, 178, 1, 15, 27, 9993 }, // U+0218
    { 9, 17, 147, 0, 11, 20, 10020 }, // U+0219
    { 13, 20, 209, 0, 14, 33, 10040 }, // U+021A
    { 8, 20, 117, 0, 14, 20, 10073 }, // U+021B
    { 10, 18, 163, 0, 15, 23, 10093 }, // U+021C
    { 9, 16, 143, 0, 11, 18, 10116 }, // U+021D
    { 15, 19, 241, 0, 19, 36, 10134 }, // U+021E
    { 13, 20, 199, -1, 20, 33, 10170 }, // U+021F
    { 6, 5, 0, 1, 17, 4, 10203 }, // U+0300
    { 6, 5, 0, 1, 17, 4, 10207 }, // U+0301
    { 8, 5, 0, 1, 16, 5, 10211 }, // U+0302
    { 7, 4, 0, 0, 15, 4, 10216 }, // U+0303
    { 7, 2, 0, 1, 14, 2, 10220 }, // U+0304
    { 7, 4, 0, 1, 16, 4, 10222 }, // U+0306
    { 4, 3, 0, 1, 15, 2, 10226 }, // U+0307
    { 7, 3, 0, 0, 15, 3, 10228 }, // U+0308
    { 5, 6, 0, -1, 17, 4, 10231 }, // U+0309
    { 6, 5, 0, 1, 17, 4, 10235 }, // U+030A
    { 9, 5, 0, 1, 17, 6, 10239 }, // U+030B
    { 8, 5, 0, 1, 17, 5, 10245 }, // U+030C
    { 2, 6, 0, 0, 17, 2, 10250 }, // U+030D
    { 9, 5, 0, 1, 17, 6, 10252 }, // U+030F
    { 8, 6, 0, 1, 18, 6, 10258 }, // U+0310
    { 7, 4, 0, 1, 16, 4, 10264 }, // U+0311
    { 3, 5, 0, 0, 17, 2, 10268 }, // U+0312
    { 3, 5, 0, 0, 17, 2, 10270 }, // U+0313
    { 3, 5, 0, 1, 18, 2, 10272 }, // U+0315
    { 5, 4, 0, 0, 13, 3, 10274 }, // U+031B
    { 5, 3, 0, 0, -1, 2, 10277 }, // U+0320
    { 3, 3, 0, 0, -1, 2, 10279 }, // U+0323
    { 7, 3, 0, 0, -1, 3, 10281 }, // U+0324
    { 6, 6, 0, 1, 0, 5, 10284 }, // U+0325
    { 3, 5, 0, 0, -1, 2, 10289 }, // U+0326
    { 4, 6, 0, 0, 1, 3, 10291 }, // U+0327
    { 5, 6, 0, 0, 1, 4, 10294 }, // U+0328
    { 3, 5, 0, 1, 0, 2, 10298 }, // U+0329
    { 7, 4, 0, 0, -1, 4, 10300 }, // U+032D
    { 7, 4, 0, 0, -1, 4, 10304 }, // U+032E
    { 7, 4, 0, 0, -1, 4, 10308 }, // U+032F
    { 7, 3, 0, 0, -1, 3, 10312 }, // U+0330
    { 6, 3, 0, 1, -1, 3, 10315 }, // U+0331
    { 7, 3, 0, 0, -1, 3, 10318 }, // U+0332
    { 8, 3, 0, 1, 7, 3, 10321 }, // U+0334
    { 7, 2, 0, 0, 6, 2, 10324 }, // U+0335
    { 9, 2, 0, 0, 6, 3, 10326 }, // U+0336
    { 8, 15, 0, 1, 13, 15, 10329 }, // U+0337
    { 9, 16, 0, 1, 14, 18, 10344 }, // U+0338
    { 4, 3, 0, 3, 15, 2, 10362 }, // U+0358
    { 10, 5, 0, 1, -1, 7, 10364 }, // U+035C
    { 10, 4, 0, 1, 16, 5, 10371 }, // U+035D
    { 11, 3, 0, -7, -1, 5, 10376 }, // U+035F
    { 10, 4, 0, 1, 16, 5, 10381 }, // U+0361
    { 13, 5, 0, -6, -1, 9, 10386 }, // U+0362
    { 12, 19, 190, 0, 19, 29, 10395 }, // U+0400
    { 12, 18, 190, 0, 18, 27, 10424 }, // U+0401
    { 15, 18, 248, 0, 14, 34, 10451 }, // U+0402
    { 12, 19, 187, 0, 19, 29, 10485 }, // U+0403
    { 12, 16, 196, 0, 15, 24, 10514 }, // U+0404
    { 10, 16, 178, 1, 15, 20, 10538 }, // U+0405
    { 7, 14, 112, 0, 14, 13, 10558 }, // U+0406
    { 7, 18, 112, 0, 18, 16, 10571 }, // U+0407
    { 8, 18, 112, -1, 14, 18, 10587 }, // U+0408
    { 19, 15, 300, 0, 14, 36, 10605 }, // U+0409
    { 20, 15, 321, 0, 14, 38, 10641 }, // U+040A
    { 17, 14, 266, 0, 14, 30, 10679 }, // U+040B
    { 14, 19, 213, 0, 19, 34, 10709 }, // U+040C
    { 15, 19, 244, 0, 19, 36, 10743 }, // U+040D
    { 14, 20, 190, -1, 19, 35, 10779 }, // U+040E
    { 14, 18, 236, 0, 14, 32, 10814 }, // U+040F
    { 15, 15, 212, -1, 15, 29, 10846 }, // U+0410
    { 13, 15, 206, 0, 14, 25, 10875 }, // U+0411
    { 13, 16, 201, 0, 15, 26, 10900 }, // U+0412
    { 12, 14, 187, 0, 14, 21, 10926 }, // U+0413
    { 13, 18, 215, 0, 14, 30, 10947 }, // U+0414
    { 12, 14, 190, 0, 14, 21, 10977 }, // U+0415
    { 20, 14, 317, 0, 14, 35, 10998 }, // U+0416
    { 11, 16, 173, 0, 15, 22, 11033 }, // U+0417
    { 15, 14, 244, 0, 14, 27, 11055 }, // U+0418
    { 15, 19, 244, 0, 19, 36, 11082 }, // U+0419
    { 14, 14, 213, 0, 14, 25, 11118 }, // U+041A
    { 13, 15, 220, 0, 14, 25, 11143 }, // U+041B
    { 19, 14, 297, 0, 14, 34, 11168 }, // U+041C
    { 15, 14, 241, 0, 14, 27, 11202 }, // U+041D
    { 13, 16, 217, 0, 15, 26, 11229 }, // U+041E
    { 15, 14, 240, 0, 14, 27, 11255 }, // U+041F
    { 12, 15, 192, 0, 15, 23, 11282 }, // U+0420
    { 12, 16, 196, 0, 15, 24, 11305 }, // U+0421
    { 13, 14, 209, 0, 14, 23, 11329 }, // U+0422
    { 14, 15, 190, -1, 14, 27, 11352 }, // U+0423
    { 16, 16, 264, 0, 15, 32, 11379 }, // U+0424
    { 14, 14, 215, 0, 14, 25, 11411 }, // U+0425
    { 14, 18, 237, 0, 14, 32, 11436 }, // U+0426
    { 13, 14, 215, 0, 14, 23, 11468 }, // U+0427
    { 21, 14, 334, 0, 14, 37, 11491 }, // U+0428
    { 21, 18, 334, 0, 14, 48, 11528 }, // U+0429
    { 15, 15, 241, 0, 14, 29, 11576 }, // U+042A
    { 19, 15, 307, 0, 14, 36, 11605 }, // U+042B
    { 12, 15, 194, 0, 14, 23, 11641 }, // U+042C
    { 12, 16, 195, 0, 15, 24, 11664 }, // U+042D
    { 20, 16, 322, 0, 15, 40, 11688 }, // U+042E
    { 13, 14, 217, 0, 14, 23, 11728 }, // U+042F
    { 10, 12, 161, 0, 11, 15, 11751 }, // U+0430
    { 11, 18, 175, 0, 17, 25, 11766 }, // U+0431
    { 11, 12, 176, 0, 11, 17, 11791 }, // U+0432
    { 10, 11, 155, 0, 11, 14, 11808 }, // U+0433
    { 12, 15, 188, -1, 11, 23, 11822 }, // U+0434
    { 10, 12, 156, 0, 11, 15, 11845 }, // U+0435
    { 17, 11, 273, 0, 11, 24, 11860 }, // U+0436
    { 9, 12, 151, 0, 11, 14, 11884 }, // U+0437
    { 13, 11, 207, 0, 11, 18, 11898 }, // U+0438
    { 13, 16, 207, 0, 16, 26, 11916 }, // U+0439
    { 12, 11, 190, 0, 11, 17, 11942 }, // U+043A
    { 11, 12, 181, 0, 11, 17, 11959 }, // U+043B
    { 15, 11, 242, 0, 11, 21, 11976 }, // U+043C
    { 13, 11, 207, 0, 11, 18, 11997 }, // U+043D
    { 11, 12, 175, 0, 11, 17, 12015 }, // U+043E
    { 12, 11, 200, 0, 11, 17, 12032 }, // U+043F
    { 11, 16, 184, 0, 11, 22, 12049 }, // U+0440
    { 9, 12, 152, 0, 11, 14, 12071 }, // U+0441
    { 11, 11, 182, 0, 11, 16, 12085 }, // U+0442
    { 11, 16, 175, 0, 11, 22, 12101 }, // U+0443
    { 16, 21, 255, 0, 16, 42, 12123 }, // U+0444
    { 11, 11, 178, 0, 11, 16, 12165 }, // U+0445
    { 12, 15, 204, 0, 11, 23, 12181 }, // U+0446
    { 12, 11, 191, 0, 11, 17, 12204 }, // U+0447
    { 18, 11, 289, 0, 11, 25, 12221 }, // U+0448
    { 18, 15, 291, 0, 11, 34, 12246 }, // U+0449
    { 13, 12, 211, 0, 11, 20, 12280 }, // U+044A
    { 16, 12, 258, 0, 11, 24, 12300 }, // U+044B
    { 10, 12, 168, 0, 11, 15, 12324 }, // U+044C
    { 10, 12, 157, 0, 11, 15, 12339 }, // U+044D
    { 17, 12, 270, 0, 11, 26, 12354 }, // U+044E
    { 11, 11, 179, 0, 11, 16, 12380 }, // U+044F
    { 10, 18, 156, 0, 17, 23, 12396 }, // U+0450
    { 10, 16, 156, 0, 15, 20, 12419 }, // U+0451
    { 11, 21, 195, 0, 16, 29, 12439 }, // U+0452
    { 10, 17, 155, 0, 17, 22, 12468 }, // U+0453
    { 9, 12, 156, 0, 11, 14, 12490 }, // U+0454
    { 9, 12, 147, 0, 11, 14, 12504 }, // U+0455
    { 6, 15, 97, 0, 15, 12, 12518 }, // U+0456
    { 8, 15, 97, -1, 15, 15, 12530 }, // U+0457
    { 6, 20, 97, -1, 15, 15, 12545 }, // U+0458
    { 16, 12, 250, 0, 11, 24, 12560 }, // U+0459
    { 17, 12, 277, 0, 11, 26, 12584 }, // U+045A
    { 12, 16, 199, 0, 16, 24, 12610 }, // U+045B
    { 12, 17, 190, 0, 17, 26, 12634 }, // U+045C
    { 13, 17, 207, 0, 17, 28, 12660 }, // U+045D
    { 11, 21, 175, 0, 16, 29, 12688 }, // U+045E
    { 12, 15, 200, 0, 11, 23, 12717 }, // U+045F
    { 16, 16, 254, 0, 15, 32, 12740 }, // U+0460
    { 14, 12, 229, 0, 11, 21, 12772 }, // U+0461
    { 14, 17, 224, 0, 16, 30, 12793 }, // U+0462
    { 13, 17, 212, 0, 16, 28, 12823 }, // U+0463
    { 19, 16, 310, 0, 15, 38, 12851 }, // U+0464
    { 15, 12, 245, 0, 11, 23, 12889 }, // U+0465
    { 15, 15, 212, -1, 15, 29, 12912 }, // U+0466
    { 14, 11, 203, -1, 11, 20, 12941 }, // U+0467
    { 20, 14, 316, 0, 14, 35, 12961 }, // U+046A
    { 19, 11, 278, -1, 11, 27, 12996 }, // U+046B
    { 11, 24, 176, 0, 19, 33, 13023 }, // U+046E
    { 10, 21, 161, 0, 16, 27, 13056 }, // U+046F
    { 13, 16, 217, 0, 15, 26, 13083 }, // U+0472
    { 11, 12, 175, 0, 11, 17, 13109 }, // U+0473
    { 15, 16, 215, -1, 15, 30, 13126 }, // U+0474
    { 13, 12, 174, -1, 11, 20, 13156 }, // U+0475
    { 15, 20, 215, -1, 19, 38, 13176 }, // U+0476
    { 13, 18, 174, -1, 17, 30, 13214 }, // U+0477
    { 25, 20, 396, 0, 15, 63, 13244 }, // U+0478
    { 22, 16, 347, 0, 11, 44, 13307 }, // U+0479
    { 13, 20, 196, 0, 15, 33, 13351 }, // U+0480
    { 11, 16, 152, 0, 11, 22, 13384 }, // U+0481
    { 13, 18, 204, 0, 15, 30, 13406 }, // U+0482
    { 17, 17, 0, -1, 14, 37, 13436 }, // U+0488
    { 18, 19, 0, 0, 14, 43, 13473 }, // U+0489
    { 15, 23, 244, 0, 19, 44, 13516 }, // U+048A
    { 13, 20, 207, 0, 16, 33, 13560 }, // U+048B
    { 12, 15, 194, 0, 14, 23, 13593 }, // U+048C
    { 11, 17, 164, -1, 16, 24, 13616 }, // U+048D
    { 12, 15, 192, 0, 15, 23, 13640 }, // U+048E
    { 11, 16, 184, 0, 11, 22, 13663 }, // U+048F
    { 11, 18, 177, 0, 18, 25, 13685 }, // U+0490
    { 9, 14, 147, 0, 14, 16, 13710 }, // U+0491
    { 12, 14, 187, 0, 14, 21, 13726 }, // U+0492
    { 10, 11, 155, 0, 11, 14, 13747 }, // U+0493
    { 13, 18, 207, 0, 14, 30, 13761 }, // U+0494
    { 11, 16, 177, 0, 11, 22, 13791 }, // U+0495
    { 20, 18, 317, 0, 14, 45, 13813 }, // U+0496
    { 17, 15, 273, 0, 11, 32, 13858 }, // U+0497
    { 11, 20, 173, 0, 15, 28, 13890 }, // U+0498
    { 9, 16, 151, 0, 11, 18, 13918 }, // U+0499
    { 14, 18, 213, 0, 14, 32, 13936 }, // U+049A
    { 12, 15, 190, 0, 11, 23, 13968 }, // U+049B
    { 15, 14, 234, 0, 14, 27, 13991 }, // U+049C
    { 13, 11, 207, 0, 11, 18, 14018 }, // U+049D
    { 14, 14, 213, 0, 14, 25, 14036 }, // U+049E
    { 12, 16, 190, 0, 16, 24, 14061 }, // U+049F
    { 17, 14, 262, 0, 14, 30, 14085 }, // U+04A0
    { 15, 11, 231, 0, 11, 21, 14115 }, // U+04A1
    { 15, 18, 241, 0, 14, 34, 14136 }, // U+04A2
    { 13, 15, 207, 0, 11, 25, 14170 }, // U+04A3
    { 19, 14, 298, 0, 14, 34, 14195 }, // U+04A4
    { 16, 11, 258, 0, 11, 22, 14229 }, // U+04A5
    { 20, 18, 327, 0, 14, 45, 14251 }, // U+04A6
    { 17, 16, 273, 0, 11, 34, 14296 }, // U+04A7
    { 16, 16, 255, 0, 15, 32, 14330 }, // U+04A8
    { 13, 12, 202, 0, 11, 20, 14362 }, // U+04A9
    { 12, 19, 196, 0, 15, 29, 14382 }, // U+04AA
    { 9, 15, 152, 0, 11, 17, 14411 }, // U+04AB
    { 13, 18, 209, 0, 14, 30, 14428 }, // U+04AC
    { 11, 15, 182, 0, 11, 21, 14458 }, // U+04AD
    { 14, 14, 193, -1, 14, 25, 14479 }, // U+04AE
    { 13, 16, 184, -1, 11, 26, 14504 }, // U+04AF
    { 14, 14, 193, -1, 14, 25, 14530 }, // U+04B0
    { 13, 16, 184, -1, 11, 26, 14555 }, // U+04B1
    { 14, 18, 215, 0, 14, 32, 14581 }, // U+04B2
    { 12, 15, 178, 0, 11, 23, 14613 }, // U+04B3
    { 18, 18, 290, 0, 14, 41, 14636 }, // U+04B4
    { 17, 15, 284, 0, 11, 32, 14677 }, // U+04B5
    { 13, 18, 215, 0, 14, 30, 14709 }, // U+04B6
    { 12, 15, 191, 0, 11, 23, 14739 }, // U+04B7
    { 13, 14, 215, 0, 14, 23, 14762 }, // U+04B8
    { 12, 11, 196, 0, 11, 17, 14785 }, // U+04B9
    { 14, 14, 221, 0, 14, 25, 14802 }, // U+04BA
    { 12, 16, 199, 0, 16, 24, 14827 }, // U+04BB
    { 15, 16, 244, 0, 15, 30, 14851 }, // U+04BC
    { 12, 12, 193, 0, 11, 18, 14881 }, // U+04BD
    { 15, 20, 244, 0, 15, 38, 14899 }, // U+04BE
    { 12, 16, 193, 0, 11, 24, 14937 }, // U+04BF
    { 7, 14, 112, 0, 14, 13, 14961 }, // U+04C0
    { 20, 19, 317, 0, 19, 48, 14974 }, // U+04C1
    { 17, 16, 273, 0, 16, 34, 15022 }, // U+04C2
    { 13, 18, 198, 0, 14, 30, 15056 }, // U+04C3
    { 12, 16, 188, 0, 11, 24, 15086 }, // U+04C4
    { 13, 18, 220, 0, 14, 30, 15110 }, // U+04C5
    { 11, 15, 181, 0, 11, 21, 15140 }, // U+04C6
    { 15, 18, 242, 0, 14, 34, 15161 }, // U+04C7
    { 13, 16, 205, 0, 11, 26, 15195 }, // U+04C8
    { 15, 18, 241, 0, 14, 34, 15221 }, // U+04C9
    { 13, 15, 207, 0, 11, 25, 15255 }, // U+04CA
    { 13, 18, 215, 0, 14, 30, 15280 }, // U+04CB
    { 12, 15, 191, 0, 11, 23, 15310 }, // U+04CC
    { 19, 18, 297, 0, 14, 43, 15333 }, // U+04CD
    { 15, 15, 242, 0, 11, 29, 15376 }, // U+04CE
    { 6, 16, 93, 0, 16, 12, 15405 }, // U+04CF
    { 15, 19, 212, -1, 19, 36, 15417 }, // U+04D0
    { 10, 17, 161, 0, 16, 22, 15453 }, // U+04D1
    { 15, 18, 212, -1, 18, 34, 15475 }, // U+04D2
    { 10, 16, 161, 0, 15, 20, 15509 }, // U+04D3
    { 19, 14, 289, -1, 14, 34, 15529 }, // U+04D4
    { 16, 12, 252, 0, 11, 24, 15563 }, // U+04D5
    { 12, 19, 190, 0, 19, 29, 15587 }, // U+04D6
    { 10, 17, 156, 0, 16, 22, 15616 }, // U+04D7
    { 13, 16, 204, 0, 15, 26, 15638 }, // U+04D8
    { 10, 12, 156, 0, 11, 15, 15664 }, // U+04D9
    { 13, 19, 204, 0, 18, 31, 15679 }, // U+04DA
    { 10, 16, 156, 0, 15, 20, 15710 }, // U+04DB
    { 20, 18, 317, 0, 18, 45, 15730 }, // U+04DC
    { 17, 15, 273, 0, 15, 32, 15775 }, // U+04DD
    { 11, 19, 173, 0, 18, 27, 15807 }, // U+04DE
    { 9, 16, 151, 0, 15, 18, 15834 }, // U+04DF
    { 11, 15, 170, 0, 14, 21, 15852 }, // U+04E0
    { 10, 16, 159, 0, 11, 20, 15873 }, // U+04E1
    { 15, 17, 244, 0, 17, 32, 15893 }, // U+04E2
    { 13, 14, 207, 0, 14, 23, 15925 }, // U+04E3
    { 15, 18, 244, 0, 18, 34, 15948 }, // U+04E4
    { 13, 15, 207, 0, 15, 25, 15982 }, // U+04E5
    { 13, 19, 217, 0, 18, 31, 16007 }, // U+04E6
    { 11, 16, 175, 0, 15, 22, 16038 }, // U+04E7
    { 13, 16, 217, 0, 15, 26, 16060 }, // U+04E8
    { 11, 12, 175, 0, 11, 17, 16086 }, // U+04E9
    { 13, 19, 217, 0, 18, 31, 16103 }, // U+04EA
    { 11, 16, 175, 0, 15, 22, 16134 }, // U+04EB
    { 12, 19, 195, 0, 18, 29, 16156 }, // U+04EC
    { 10, 16, 157, 0, 15, 20, 16185 }, // U+04ED
    { 14, 18, 190, -1, 17, 32, 16205 }, // U+04EE
    { 11, 19, 175, 0, 14, 27, 16237 }, // U+04EF
    { 14, 19, 190, -1, 18, 34, 16264 }, // U+04F0
    { 11, 20, 175, 0, 15, 28, 16298 }, // U+04F1
    { 14, 20, 190, -1, 19, 35, 16326 }, // U+04F2
    { 11, 22, 175, 0, 17, 31, 16361 }, // U+04F3
    { 13, 18, 215, 0, 18, 30, 16392 }, // U+04F4
    { 12, 15, 191, 0, 15, 23, 16422 }, // U+04F5
    { 12, 18, 186, 0, 14, 27, 16445 }, // U+04F6
    { 10, 15, 155, 0, 11, 19, 16472 }, // U+04F7
    { 19, 19, 307, 0, 18, 46, 16491 }, // U+04F8
    { 16, 16, 258, 0, 15, 32, 16537 }, // U+04F9
    { 11, 18, 179, 0, 14, 25, 16569 }, // U+04FA
    { 10, 16, 156, 0, 11, 20, 16594 }, // U+04FB
    { 14, 18, 210, 0, 14, 32, 16614 }, // U+04FC
    { 11, 16, 178, 0, 11, 22, 16646 }, // U+04FD
    { 14, 14, 215, 0, 14, 25, 16668 }, // U+04FE
    { 11, 11, 178, 0, 11, 16, 16693 }, // U+04FF
    { 15, 19, 212, -1, 15, 36, 16709 }, // U+1EA0
    { 10, 15, 161, 0, 11, 19, 16745 }, // U+1EA1
    { 15, 19, 212, -1, 19, 36, 16764 }, // U+1EA2
    { 10, 18, 161, 0, 17, 23, 16800 }, // U+1EA3
    { 15, 21, 212, -1, 21, 40, 16823 }, // U+1EA4
    { 11, 19, 161, 0, 18, 27, 16863 }, // U+1EA5
    { 15, 21, 212, -1, 21, 40, 16890 }, // U+1EA6
    { 10, 19, 161, 0, 18, 24, 16930 }, // U+1EA7
    { 15, 22, 212, -1, 22, 42, 16954 }, // U+1EA8
    { 10, 20, 161, 0, 19, 25, 16996 }, // U+1EA9
    { 15, 22, 212, -1, 22, 42, 17021 }, // U+1EAA
    { 10, 20, 161, 0, 19, 25, 17063 }, // U+1EAB
    { 15, 23, 212, -1, 19, 44, 17088 }, // U+1EAC
    { 10, 20, 161, 0, 16, 25, 17132 }, // U+1EAD
    { 15, 22, 212, -1, 22, 42, 17157 }, // U+1EAE
    { 10, 23, 161, 0, 22, 29, 17199 }, // U+1EAF
    { 15, 22, 212, -1, 22, 42, 17228 }, // U+1EB0
    { 10, 23, 161, 0, 22, 29, 17270 }, // U+1EB1
    { 15, 22, 212, -1, 22, 42, 17299 }, // U+1EB2
    { 10, 22, 161, 0, 21, 28, 17341 }, // U+1EB3
    { 15, 21, 212, -1, 21, 40, 17369 }, // U+1EB4
    { 10, 21, 161, 0, 20, 27, 17409 }, // U+1EB5
    { 15, 23, 212, -1, 19, 44, 17436 }, // U+1EB6
    { 10, 20, 161, 0, 16, 25, 17480 }, // U+1EB7
    { 12, 18, 190, 0, 14, 27, 17505 }, // U+1EB8
    { 10, 15, 156, 0, 11, 19, 17532 }, // U+1EB9
    { 12, 19, 190, 0, 19, 29, 17551 }, // U+1EBA
    { 10, 18, 156, 0, 17, 23, 17580 }, // U+1EBB
    { 12, 18, 190, 0, 18, 27, 17603 }, // U+1EBC
    { 10, 16, 156, 0, 15, 20, 17630 }, // U+1EBD
    { 12, 21, 190, 0, 21, 32, 17650 }, // U+1EBE
    { 12, 19, 156, 0, 18, 29, 17682 }, // U+1EBF
    { 12, 21, 190, 0, 21, 32, 17711 }, // U+1EC0
    { 10, 19, 156, 0, 18, 24, 17743 }, // U+1EC1
    { 12, 22, 190, 0, 22, 33, 17767 }, // U+1EC2
    { 11, 20, 156, 0, 19, 28, 17800 }, // U+1EC3
    { 12, 22, 190, 0, 22, 33, 17828 }, // U+1EC4
    { 10, 20, 156, 0, 19, 25, 17861 }, // U+1EC5
    { 12, 23, 190, 0, 19, 35, 17886 }, // U+1EC6
    { 10, 20, 156, 0, 16, 25, 17921 }, // U+1EC7
    { 7, 19, 112, 0, 19, 17, 17946 }, // U+1EC8
    { 6, 17, 97, 0, 17, 13, 17963 }, // U+1EC9
    { 7, 18, 112, 0, 14, 16, 17976 }, // U+1ECA
    { 6, 19, 97, 0, 15, 15, 17992 }, // U+1ECB
    { 13, 19, 217, 0, 15, 31, 18007 }, // U+1ECC
    { 11, 15, 175, 0, 11, 21, 18038 }, // U+1ECD
    { 13, 20, 217, 0, 19, 33, 18059 }, // U+1ECE
    { 11, 18, 175, 0, 17, 25, 18092 }, // U+1ECF
    { 13, 22, 217, 0, 21, 36, 18117 }, // U+1ED0
    { 12, 19, 175, 0, 18, 29, 18153 }, // U+1ED1
    { 13, 22, 217, 0, 21, 36, 18182 }, // U+1ED2
    { 11, 19, 175, 0, 18, 27, 18218 }, // U+1ED3
    { 13, 23, 217, 0, 22, 38, 18245 }, // U+1ED4
    { 11, 20, 175, 0, 19, 28, 18283 }, // U+1ED5
    { 13, 23, 217, 0, 22, 38, 18311 }, // U+1ED6
    { 11, 20, 175, 0, 19, 28, 18349 }, // U+1ED7
    { 13, 23, 217, 0, 19, 38, 18377 }, // U+1ED8
    { 11, 20, 175, 0, 16, 28, 18415 }, // U+1ED9
    { 14, 20, 217, 0, 19, 35, 18443 }, // U+1EDA
    { 11, 18, 175, 0, 17, 25, 18478 }, // U+1EDB
    { 14, 20, 217, 0, 19, 35, 18503 }, // U+1EDC
    { 11, 18, 175, 0, 17, 25, 18538 }, // U+1EDD
    { 14, 20, 217, 0, 19, 35, 18563 }, // U+1EDE
    { 11, 18, 175, 0, 17, 25, 18598 }, // U+1EDF
    { 14, 19, 217, 0, 18, 34, 18623 }, // U+1EE0
    { 11, 16, 175, 0, 15, 22, 18657 }, // U+1EE1
    { 14, 21, 217, 0, 17, 37, 18679 }, // U+1EE2
    { 11, 17, 175, 0, 13, 24, 18716 }, // U+1EE3
    { 14, 18, 222, 0, 14, 32, 18740 }, // U+1EE4
    { 12, 15, 189, 0, 11, 23, 18772 }, // U+1EE5
    { 14, 20, 222, 0, 19, 35, 18795 }, // U+1EE6
    { 12, 18, 189, 0, 17, 27, 18830 }, // U+1EE7
    { 15, 20, 222, 0, 19, 38, 18857 }, // U+1EE8
    { 14, 18, 189, 0, 17, 32, 18895 }, // U+1EE9
    { 15, 20, 222, 0, 19, 38, 18927 }, // U+1EEA
    { 14, 18, 189, 0, 17, 32, 18965 }, // U+1EEB
    { 15, 20, 222, 0, 19, 38, 18997 }, // U+1EEC
    { 14, 18, 189, 0, 17, 32, 19035 }, // U+1EED
    { 15, 19, 222, 0, 18, 36, 19067 }, // U+1EEE
    { 14, 16, 189, 0, 15, 28, 19103 }, // U+1EEF
    { 15, 21, 222, 0, 17, 40, 19131 }, // U+1EF0
    { 14, 17, 189, 0, 13, 30, 19171 }, // U+1EF1
    { 14, 19, 193, -1, 19, 34, 19201 }, // U+1EF2
    { 11, 22, 175, 0, 17, 31, 19235 }, // U+1EF3
    { 14, 18, 193, -1, 14, 32, 19266 }, // U+1EF4
    { 11, 16, 175, 0, 11, 22, 19298 }, // U+1EF5
    { 14, 21, 193, -1, 21, 37, 19320 }, // U+1EF6
    { 11, 22, 175, 0, 17, 31, 19357 }, // U+1EF7
    { 14, 18, 193, -1, 18, 32, 19388 }, // U+1EF8
    { 11, 20, 175, 0, 15, 28, 19420 }, // U+1EF9
    { 0, 0, 150, 0, 0, 0, 19448 }, // U+2000
    { 0, 0, 300, 0, 0, 0, 19448 }, // U+2001
    { 0, 0, 150, 0, 0, 0, 19448 }, // U+2002
    { 0, 0, 300, 0, 0, 0, 19448 }, // U+2003
    { 0, 0, 90, 0, 0, 0, 19448 }, // U+2004
    { 0, 0, 75, 0, 0, 0, 19448 }, // U+2005
    { 0, 0, 50, 0, 0, 0, 19448 }, // U+2006
    { 0, 0, 190, 0, 0, 0, 19448 }, // U+2007
    { 0, 0, 77, 0, 0, 0, 19448 }, // U+2008
    { 0, 0, 45, 0, 0, 0, 19448 }, // U+2009
    { 0, 0, 18, 0, 0, 0, 19448 }, // U+200A
    { 0, 0, 0, 0, 0, 0, 19448 }, // U+200B
    { 0, 0, 0, 0, 0, 0, 19448 }, // U+200C
    { 0, 0, 0, 0, 0, 0, 19448 }, // U+200D
    { 9, 2, 174, 1, 7, 3, 19448 }, // U+2010
    { 9, 2, 174, 1, 7, 3, 19451 }, // U+2011
    { 10, 2, 194, 1, 7, 3, 19454 }, // U+2012
    { 13, 2, 238, 1, 7, 4, 19457 }, // U+2013
    { 19, 2, 342, 1, 7, 5, 19461 }, // U+2014
    { 19, 2, 342, 1, 7, 5, 19466 }, // U+2015
    { 5, 19, 177, 3, 17, 12, 19471 }, // U+2016
    { 4, 7, 85, 1, 16, 4, 19483 }, // U+2018
    { 4, 7, 85, 1, 16, 4, 19487 }, // U+2019
    { 4, 7, 85, 1, 4, 4, 19491 }, // U+201A
    { 4, 7, 85, 1, 16, 4, 19495 }, // U+201B
    { 8, 7, 149, 1, 16, 7, 19499 }, // U+201C
    { 8, 7, 149, 1, 16, 7, 19506 }, // U+201D
    { 8, 7, 149, 1, 3, 7, 19513 }, // U+201E
    { 8, 16, 161, 1, 16, 16, 19520 }, // U+2020
    { 8, 16, 161, 1, 16, 16, 19536 }, // U+2021
    { 4, 5, 128, 2, 9, 3, 19552 }, // U+2022
    { 4, 5, 128, 2, 9, 3, 19555 }, // U+2023
    { 13, 4, 238, 1, 3, 7, 19558 }, // U+2026
    { 3, 3, 46, 0, 9, 2, 19565 }, // U+2027
    { 0, 0, 45, 0, 0, 0, 19567 }, // U+202F
    { 26, 15, 443, 1, 15, 49, 19567 }, // U+2030
    { 4, 7, 105, 1, 16, 4, 19616 }, // U+2032
    { 8, 7, 158, 1, 16, 7, 19620 }, // U+2033
    { 11, 7, 209, 1, 16, 10, 19627 }, // U+2034
    { 6, 11, 121, 1, 11, 9, 19637 }, // U+2039
    { 6, 11, 121, 1, 11, 9, 19646 }, // U+203A
    { 9, 18, 174, 1, 17, 21, 19655 }, // U+203C
    { 16, 16, 283, 1, 16, 32, 19676 }, // U+2042
    { 10, 17, 60, -3, 16, 22, 19708 }, // U+2044
    { 9, 11, 164, 0, 11, 13, 19730 }, // U+204A
    { 10, 17, 192, 1, 16, 22, 19743 }, // U+2052
    { 8, 10, 136, 0, 17, 10, 19765 }, // U+2070
    { 5, 12, 80, 0, 16, 8, 19775 }, // U+2071
    { 8, 10, 124, 0, 18, 10, 19783 }, // U+2074
    { 7, 11, 116, 0, 18, 10, 19793 }, // U+2075
    { 8, 11, 125, 0, 18, 11, 19803 }, // U+2076
    { 8, 9, 114, 0, 17, 9, 19814 }, // U+2077
    { 8, 11, 132, 0, 18, 11, 19823 }, // U+2078
    { 8, 11, 125, 0, 18, 11, 19834 }, // U+2079
    { 10, 9, 151, 0, 13, 12, 19845 }, // U+207F
    { 8, 10, 136, 0, 6, 10, 19857 }, // U+2080
    { 6, 10, 95, 0, 7, 8, 19867 }, // U+2081
    { 8, 10, 126, 0, 7, 10, 19875 }, // U+2082
    { 7, 11, 117, 0, 7, 10, 19885 }, // U+2083
    { 8, 10, 124, 0, 7, 10, 19895 }, // U+2084
    { 7, 11, 116, 0, 7, 10, 19905 }, // U+2085
    { 8, 11, 125, 0, 7, 11, 19915 }, // U+2086
    { 8, 9, 114, 0, 6, 9, 19926 }, // U+2087
    { 8, 11, 132, 0, 7, 11, 19935 }, // U+2088
    { 8, 11, 125, 0, 7, 11, 19946 }, // U+2089
    { 12, 20, 226, 1, 17, 30, 19957 }, // U+20A1
    { 12, 16, 233, 1, 15, 24, 19987 }, // U+20A2
    { 12, 14, 196, 0, 14, 21, 20011 }, // U+20A3
    { 13, 16, 222, 0, 15, 26, 20032 }, // U+20A4
    { 19, 17, 298, 0, 14, 41, 20058 }, // U+20A5
    { 16, 14, 278, 1, 14, 28, 20099 }, // U+20A6
    { 13, 15, 225, 1, 15, 25, 20127 }, // U+20A7
    { 22, 16, 356, 0, 15, 44, 20152 }, // U+20A8
    { 20, 15, 325, 0, 14, 38, 20196 }, // U+20A9
    { 14, 14, 279, 2, 14, 25, 20234 }, // U+20AA
    { 11, 16, 198, 1, 16, 22, 20259 }, // U+20AB
    { 13, 16, 215, 0, 15, 26, 20281 }, // U+20AC
    { 14, 14, 218, 0, 14, 25, 20307 }, // U+20AD
    { 14, 14, 227, 0, 14, 25, 20332 }, // U+20AE
    { 14, 15, 225, 0, 15, 27, 20357 }, // U+20B1
    { 14, 20, 221, 0, 17, 35, 20384 }, // U+20B2
    { 11, 16, 216, 1, 15, 22, 20419 }, // U+20B4
    { 12, 21, 221, 1, 17, 32, 20441 }, // U+20B5
    { 13, 14, 235, 1, 14, 23, 20473 }, // U+20B8
    { 11, 14, 203, 1, 14, 20, 20496 }, // U+20B9
    { 12, 15, 204, 0, 15, 23, 20516 }, // U+20BA
    { 14, 16, 230, 0, 16, 28, 20539 }, // U+20BC
    { 12, 15, 209, 1, 15, 23, 20567 }, // U+20BD
    { 13, 16, 247, 1, 16, 26, 20590 }, // U+20BE
    { 12, 20, 204, 0, 17, 30, 20616 }, // U+20BF
    { 13, 12, 209, 0, 13, 20, 20646 }, // U+2190
    { 12, 13, 192, 0, 14, 20, 20666 }, // U+2191
    { 13, 12, 209, 0, 13, 20, 20686 }, // U+2192
    { 12, 13, 192, 0, 13, 20, 20706 }, // U+2193
    { 21, 12, 338, 0, 13, 32, 20726 }, // U+2194
    { 12, 18, 192, 0, 16, 27, 20758 }, // U+2195
    { 10, 10, 182, 1, 13, 13, 20785 }, // U+2196
    { 10, 10, 182, 1, 13, 13, 20798 }, // U+2197
    { 10, 10, 182, 1, 13, 13, 20811 }, // U+2198
    { 10, 10, 182, 1, 13, 13, 20824 }, // U+2199
    { 11, 17, 177, 0, 16, 24, 20837 }, // U+2202
    { 12, 13, 221, 1, 12, 20, 20861 }, // U+2205
    { 12, 15, 255, 2, 15, 23, 20881 }, // U+2206
    { 14, 16, 217, 0, 14, 28, 20904 }, // U+220F
    { 12, 16, 233, 1, 14, 24, 20932 }, // U+2211
    { 9, 2, 201, 2, 7, 3, 20956 }, // U+2212
    { 8, 19, 129, 0, 15, 19, 20959 }, // U+2215
    { 3, 4, 107, 2, 9, 2, 20978 }, // U+2219
    { 14, 22, 216, 1, 18, 39, 20980 }, // U+221A
    { 16, 8, 263, 0, 10, 16, 21019 }, // U+221E
    { 8, 21, 159, 1, 16, 21, 21035 }, // U+222B
    { 3, 11, 77, 1, 10, 5, 21056 }, // U+2236
    { 9, 9, 183, 1, 11, 11, 21061 }, // U+2248
    { 9, 12, 201, 2, 12, 14, 21072 }, // U+2260
    { 10, 12, 201, 1, 12, 15, 21086 }, // U+2264
    { 10, 12, 201, 2, 12, 15, 21101 }, // U+2265
    { 10, 11, 201, 1, 11, 14, 21116 }, // U+2266
    { 10, 11, 201, 2, 11, 14, 21130 }, // U+2267
    { 14, 17, 216, 0, 16, 30, 21144 }, // U+FB01
    { 14, 17, 216, 0, 16, 30, 21174 }, // U+FB02
};

static const EpdUnicodeInterval merri9_regularIntervals[] = {
    { 0x20, 0x7E, 0x0 },
    { 0xA0, 0xAC, 0x5F },
    { 0xAE, 0x148, 0x6C },
    { 0x14A, 0x17F, 0x107 },
    { 0x1A0, 0x1A1, 0x13D },
    { 0x1AF, 0x1B0, 0x13F },
    { 0x1C4, 0x1F5, 0x141 },
    { 0x1F8, 0x21F, 0x173 },
    { 0x300, 0x304, 0x19B },
    { 0x306, 0x30D, 0x1A0 },
    { 0x30F, 0x313, 0x1A8 },
    { 0x315, 0x315, 0x1AD },
    { 0x31B, 0x31B, 0x1AE },
    { 0x320, 0x320, 0x1AF },
    { 0x323, 0x329, 0x1B0 },
    { 0x32D, 0x332, 0x1B7 },
    { 0x334, 0x338, 0x1BD },
    { 0x358, 0x358, 0x1C2 },
    { 0x35C, 0x35D, 0x1C3 },
    { 0x35F, 0x35F, 0x1C5 },
    { 0x361, 0x362, 0x1C6 },
    { 0x400, 0x467, 0x1C8 },
    { 0x46A, 0x46B, 0x230 },
    { 0x46E, 0x46F, 0x232 },
    { 0x472, 0x479, 0x234 },
    { 0x480, 0x482, 0x23C },
    { 0x488, 0x4FF, 0x23F },
    { 0x1EA0, 0x1EF9, 0x2B7 },
    { 0x2000, 0x200D, 0x311 },
    { 0x2010, 0x2016, 0x31F },
    { 0x2018, 0x201E, 0x326 },
    { 0x2020, 0x2023, 0x32D },
    { 0x2026, 0x2027, 0x331 },
    { 0x202F, 0x2030, 0x333 },
    { 0x2032, 0x2034, 0x335 },
    { 0x2039, 0x203A, 0x338 },
    { 0x203C, 0x203C, 0x33A },
    { 0x2042, 0x2042, 0x33B },
    { 0x2044, 0x2044, 0x33C },
    { 0x204A, 0x204A, 0x33D },
    { 0x2052, 0x2052, 0x33E },
    { 0x2070, 0x2071, 0x33F },
    { 0x2074, 0x2079, 0x341 },
    { 0x207F, 0x2089, 0x347 },
    { 0x20A1, 0x20AE, 0x352 },
    { 0x20B1, 0x20B2, 0x360 },
    { 0x20B4, 0x20B5, 0x362 },
    { 0x20B8, 0x20BA, 0x364 },
    { 0x20BC, 0x20BF, 0x367 },
    { 0x2190, 0x2199, 0x36B },
    { 0x2202, 0x2202, 0x375 },
    { 0x2205, 0x2206, 0x376 },
    { 0x220F, 0x220F, 0x378 },
    { 0x2211, 0x2212, 0x379 },
    { 0x2215, 0x2215, 0x37B },
    { 0x2219, 0x221A, 0x37C },
    { 0x221E, 0x221E, 0x37E },
    { 0x222B, 0x222B, 0x37F },
    { 0x2236, 0x2236, 0x380 },
    { 0x2248, 0x2248, 0x381 },
    { 0x2260, 0x2260, 0x382 },
    { 0x2264, 0x2267, 0x383 },
    { 0xFB01, 0xFB02, 0x387 },
};

static const uint16_t merri9_regularKernLeftCodepoints[] = {
    0x0021, 0x0022, 0x0023, 0x0024, 0x0025, 0x0026, 0x0027, 0x0028, 0x0029, 0x002A, 0x002B, 0x002C,
    0x002D, 0x002E, 0x002F, 0x0030, 0x0031, 0x0032, 0x0033, 0x0034, 0x0035, 0x0036, 0x0037, 0x0038,
    0x0039, 0x003A, 0x003B, 0x003C, 0x003D, 0x003E, 0x003F, 0x0040, 0x0041, 0x0042, 0x0043, 0x0044,
    0x0045, 0x0046, 0x0047, 0x0048, 0x0049, 0x004A, 0x004B, 0x004C, 0x004D, 0x004E, 0x004F, 0x0050,
    0x0051, 0x0052, 0x0053, 0x0054, 0x0055, 0x0056, 0x0057, 0x0058, 0x0059, 0x005A, 0x005B, 0x005C,
    0x005E, 0x005F, 0x0061, 0x0062, 0x0063, 0x0064, 0x0065, 0x0066, 0x0067, 0x0068, 0x0069, 0x006A,
    0x006B, 0x006C, 0x006D, 0x006E, 0x006F, 0x0070, 0x0071, 0x0072, 0x0073, 0x0074, 0x0075, 0x0076,
    0x0077, 0x0078, 0x0079, 0x007A, 0x007B, 0x007D, 0x007E, 0x00A1, 0x00A2, 0x00A3, 0x00A5, 0x00A7,
    0x00A9, 0x00AA, 0x00AB, 0x00AC, 0x00AE, 0x00B0, 0x00B1, 0x00B2, 0x00B3, 0x00B5, 0x00B9, 0x00BA,
    0x00BB, 0x00BF, 0x00C0, 0x00C1, 0x00C2, 0x00C3, 0x00C4, 0x00C5, 0x00C6, 0x00C7, 0x00C8, 0x00C9,
    0x00CA, 0x00CB, 0x00CC, 0x00CD, 0x00CE, 0x00CF, 0x00D0, 0x00D1, 0x00D2, 0x00D3, 0x00D4, 0x00D5,
    0x00D6, 0x00D7, 0x00D8, 0x00D9, 0x00DA, 0x00DB, 0x00DC, 0x00DD, 0x00DE, 0x00DF, 0x00E0, 0x00E1,
    0x00E2, 0x00E3, 0x00E4, 0x00E5, 0x00E6, 0x00E7, 0x00E8, 0x00E9, 0x00EA, 0x00EB, 0x00EC, 0x00ED,
    0x00EE, 0x00EF, 0x00F0, 0x00F1, 0x00F2, 0x00F3, 0x00F4, 0x00F5, 0x00F6, 0x00F7, 0x00F8, 0x00F9,
    0x00FA, 0x00FB, 0x00FC, 0x00FD, 0x00FE, 0x00FF, 0x2010, 0x2011, 0x2013, 0x2014, 0x2018, 0x2019,
    0x201A, 0x201C, 0x201D, 0x201E, 0x2020, 0x2021, 0x2026, 0x2030, 0x2032, 0x2033, 0x2039, 0x203A,
    0x203C, 0x20A1, 0x20A4, 0x20A6, 0x20A9, 0x20AA, 0x20AB, 0x20AC, 0x20AD, 0x20AE, 0x20B1, 0x20B2,
    0x20B4, 0x20B5, 0x20B8, 0x20B9, 0x20BA, 0x20BC, 0x20BD, 0x20BE, 0xFB01, 0xFB02,
};

static const uint8_t merri9_regularKernLeftClassIds[] = {
      1,   2,   3,   4,   5,   6,   7,   8,   9,  10,  11,  12,  13,  14,  15,  16,
     17,  18,  19,  20,  21,  22,  23,  24,  25,  26,  27,  28,  29,  30,  31,  32,
     33,  34,  35,  36,  37,  38,  39,  40,  41,  42,  43,  44,  45,  46,  47,  48,
     49,  50,  51,  52,  53,  54,  55,  56,  57,  58,  59,  60,  61,  62,  63,  64,
     65,  66,  67,  68,  69,  70,  71,  72,  73,  74,  75,  76,  77,  78,  79,  80,
     81,  82,  83,  84,  85,  86,  87,  88,  89,  90,  91,  92,  93,  94,  95,  96,
     97,  98,  99, 100, 101, 102, 103, 104, 105, 106, 107, 108, 109, 110, 111, 112,
    113, 114, 115, 116, 117, 118, 119, 120, 121, 122, 123, 124, 125, 126, 127, 128,
    129, 130, 131, 132, 133, 134, 135, 136, 137, 138, 139, 140, 141, 142, 143, 144,
    145, 146, 147, 148, 149, 150, 151, 152, 153, 154, 155, 156, 157, 158, 159, 160,
    161, 162, 163, 164, 165, 166, 167, 168, 169, 170, 171, 172, 173, 174,  13,  13,
    175, 176, 177, 178, 179, 180, 181, 182, 183, 184, 185, 186, 187, 188, 189, 190,
    191, 192, 193, 194, 195, 196, 197, 198, 199, 200, 201, 202, 203, 204, 205, 206,
    207, 208, 209, 210, 211,  74,
};

static const uint16_t merri9_regularKernRightCodepoints[] = {
    0x0021, 0x0022, 0x0023, 0x0024, 0x0025, 0x0026, 0x0027, 0x0028, 0x0029, 0x002A, 0x002B, 0x002C,
    0x002D, 0x002E, 0x002F, 0x0030, 0x0031, 0x0032, 0x0033, 0x0034, 0x0035, 0x0036, 0x0037, 0x0038,
    0x0039, 0x003A, 0x003B, 0x003C, 0x003D, 0x003E, 0x003F, 0x0040, 0x0041, 0x0042, 0x0043, 0x0044,
    0x0045, 0x0046, 0x0047, 0x0048, 0x0049, 0x004A, 0x004B, 0x004C, 0x004D, 0x004E, 0x004F, 0x0050,
    0x0051, 0x0052, 0x0053, 0x0054, 0x0055, 0x0056, 0x0057, 0x0058, 0x0059, 0x005A, 0x005C, 0x005D,
    0x005E, 0x005F, 0x0061, 0x0062, 0x0063, 0x0064, 0x0065, 0x0066, 0x0067, 0x0068, 0x0069, 0x006A,
    0x006B, 0x006C, 0x006D, 0x006E, 0x006F, 0x0070, 0x0071, 0x0072, 0x0073, 0x0074, 0x0075, 0x0076,
    0x0077, 0x0078, 0x0079, 0x007A, 0x007B, 0x007D, 0x007E, 0x00A1, 0x00A2, 0x00A3, 0x00A5, 0x00A7,
    0x00A9, 0x00AA, 0x00AB, 0x00AC, 0x00AE, 0x00B0, 0x00B1, 0x00B2, 0x00B3, 0x00B5, 0x00B9, 0x00BA,
    0x00BB, 0x00BF, 0x00C0, 0x00C1, 0x00C2, 0x00C3, 0x00C4, 0x00C5, 0x00C6, 0x00C7, 0x00C8, 0x00C9,
    0x00CA, 0x00CB, 0x00CC, 0x00CD, 0x00CE, 0x00CF, 0x00D0, 0x00D1, 0x00D2, 0x00D3, 0x00D4, 0x00D5,
    0x00D6, 0x00D7, 0x00D8, 0x00D9, 0x00DA, 0x00DB, 0x00DC, 0x00DD, 0x00DE, 0x00DF, 0x00E0, 0x00E1,
    0x00E2, 0x00E3, 0x00E4, 0x00E5, 0x00E6, 0x00E7, 0x00E8, 0x00E9, 0x00EA, 0x00EB, 0x00EC, 0x00ED,
    0x00EE, 0x00EF, 0x00F0, 0x00F1, 0x00F2, 0x00F3, 0x00F4, 0x00F5, 0x00F6, 0x00F7, 0x00F8, 0x00F9,
    0x00FA, 0x00FB, 0x00FC, 0x00FD, 0x00FE, 0x00FF, 0x2010, 0x2011, 0x2013, 0x2014, 0x2018, 0x2019,
    0x201A, 0x201C, 0x201D, 0x201E, 0x2020, 0x2021, 0x2026, 0x2027, 0x2030, 0x2032, 0x2033, 0x2039,
    0x203A, 0x203C, 0x2044, 0x20A1, 0x20A4, 0x20A6, 0x20A9, 0x20AA, 0x20AB, 0x20AC, 0x20AD, 0x20AE,
    0x20B1, 0x20B2, 0x20B4, 0x20B5, 0x20B8, 0x20B9, 0x20BA, 0x20BC, 0x20BD, 0x20BE, 0xFB01, 0xFB02,
};

static const uint8_t merri9_regularKernRightClassIds[] = {
      1,   2,   3,   4,   5,   6,   7,   8,   9,  10,  11,  12,  13,  14,  15,  16,
     17,  18,  19,  20,  21,  22,  23,  24,  25,  26,  27,  28,  29,  30,  31,  32,
     33,  34,  35,  36,  37,  38,  39,  40,  41,  42,  43,  44,  45,  46,  47,  48,
     49,  50,  51,  52,  53,  54,  55,  56,  57,  58,  59,  60,  61,  62,  63,  64,
     65,  66,  67,  68,  69,  70,  71,  72,  73,  74,  75,  76,  77,  78,  79,  80,
     81,  82,  83,  84,  85,  86,  87,  88,  89,  90,  91,  92,  93,  94,  95,  96,
     97,  98,  99, 100, 101, 102, 103, 104, 105, 106, 107, 108, 109, 110, 111, 112,
    113, 114, 115, 116, 117, 118, 119, 120, 121, 122, 123, 124, 125, 126, 127, 128,
    129, 130, 131, 132, 133, 134, 135, 136, 137, 138, 139, 140, 141, 142, 143, 144,
    145, 146, 147, 148, 149, 150, 151, 152, 153, 154, 155, 156, 157, 158, 159, 160,
    161, 162, 163, 164, 165, 166, 167, 168, 169, 170, 171, 172, 173, 174,  13,  13,
    175, 176, 177, 178, 179, 180, 181, 182, 183, 184, 185, 186, 187, 188, 189, 190,
    191, 192, 193, 194, 195, 196, 197, 198, 199, 200, 201, 202, 203, 204, 205, 206,
    207, 208, 209, 210, 211, 212,  68,  68,
};

static const uint16_t merri9_regularKernRowOffsets[] = {
        0,    85,   259,   353,   391,   418,   492,   669,   875,  1020,  1100,  1231,  1262,  1426,  1512,  1690,
     1801,  1931,  2056,  2185,  2311,  2440,  2564,  2691,  2805,  2905,  2973,  3002,  3071,  3171,  3241,  3319,
     3391,  3536,  3676,  3823,  3975,  4093,  4253,  4387,  4519,  4652,  4812,  4963,  5116,  5253,  5403,  5556,
     5715,  5857,  6008,  6173,  6295,  6433,  6596,  6757,  6905,  7069,  7191,  7359,  7433,  7512,  7596,  7737,
     7871,  7983,  8105,  8233,  8366,  8497,  8614,  8744,  8884,  9014,  9145,  9271,  9397,  9532,  9669,  9781,
     9922, 10049, 10202, 10350, 10481, 10607, 10729, 10863, 10978, 11067, 11133, 11224, 11284, 11311, 11339, 11364,
    11374, 11404, 11416, 11557, 11620, 11639, 11720, 11770, 11819, 11867, 11911, 11950, 11962, 12100, 12175, 12264,
    12359, 12433, 12505, 12594, 12670, 12728, 12838, 12905, 12981, 13046, 13109, 13175, 13260, 13338, 13398, 13466,
    13546, 13634, 13744, 13833, 13907, 14012, 14077, 14157, 14234, 14324, 14399, 14498, 14587, 14657, 14714, 14795,
    14884, 14954, 15011, 15098, 15154, 15206, 15266, 15339, 15425, 15484, 15556, 15617, 15688, 15756, 15810, 15872,
    15922, 15994, 16078, 16147, 16198, 16292, 16319, 16376, 16456, 16546, 16621, 16724, 16798, 16845, 16884, 17021,
    17113, 17274, 17411, 17526, 17692, 17808, 17934, 17959, 17987, 18092, 18109, 18129, 18141, 18307, 18447, 18451,
    18475, 18504, 18527, 18550, 18573, 18596, 18628, 18650, 18673, 18692, 18713, 18736, 18759, 18782, 18805, 18827,
    18849, 18871, 18896, 19026,
};

static const uint8_t merri9_regularKernSparseCols[] = {
      0,   1,   6,   8,   9,  12,  13,  15,  16,  17,  18,  19,  20,  21,  22,  23,
     24,  25,  30,  32,  33,  34,  35,  36,  37,  38,  39,  40,  41,  42,  43,  44,
     45,  46,  47,  48,  49,  50,  51,  52,  53,  54,  55,  56,  57,  59,  62,  63,
     64,  65,  66,  67,  68,  69,  70,  71,  72,  73,  74,  75,  76,  77,  78,  79,
     80,  81,  82,  83,  84,  85,  86,  87,  89,  98, 103, 104, 106, 108, 175, 176,
    177, 179, 180, 189, 190,   0,   1,   2,   3,   4,   5,   6,   7,   8,   9,  10,
     11,  12,  13,  14,  15,  16,  17,  18,  19,  20,  21,  23,  24,  25,  26,  27,
     28,  29,  30,  31,  32,  33,  34,  35,  36,  37,  38,  39,  40,  41,  42,  43,
     44,  45,  46,  47,  48,  49,  50,  52,  53,  54,  55,  56,  57,  58,  59,  60,
     61,  62,  63,  64,  65,  66,  67,  68,  70,  71,  73,  74,  75,  76,  77,  78,
     79,  80,  81,  82,  83,  84,  85,  86,  87,  88,  89,  90,  91,  92,  93,  95,
     98, 101, 102, 106, 108, 109, 110, 111, 112, 113, 114, 115, 116, 117, 118, 119,
    120, 121, 122, 123, 124, 126, 127, 128, 129, 130, 131, 132, 133, 134, 135, 136,
    137, 138, 139, 140, 141, 142, 143, 144, 145, 146, 147, 148, 149, 150, 151, 152,
    153, 154, 155, 156, 157, 158, 159, 160, 161, 162, 163, 164, 166, 167, 168, 169,
    170, 171, 172, 174, 175, 176, 177, 179, 180, 182, 183, 184, 189, 190, 194, 196,
    199, 202, 207,   0,   1,   6,   7,   8,   9,  11,  13,  14,  15,  16,  17,  18,
     19,  20,  21,  22,  23,  24,  25,  26,  30,  32,  33,  34,  35,  36,  37,  38,
     39,  40,  41,  42,  43,  44,  45,  46,  47,  48,  49,  50,  51,  52,  53,  54,
     55,  56,  57,  59,  62,  63,  64,  65,  66,  67,  68,  69,  70,  71,  72,  73,
     74,  75,  76,  77,  78,  79,  80,  81,  82,  83,  84,  85,  86,  87,  98, 108,
    114, 115, 117, 118, 119, 132, 136, 138, 146, 149, 150, 176, 177, 179, 180, 189,
    190,   0,   1,   6,   7,   8,   9,  10,  11,  12,  13,  14,  15,  16,  17,  18,
     19,  20,  21,  22,  23,  24,  25,  26,  28,  30,  59,  61,  98, 103, 104, 106,
    108, 176, 177, 179, 180, 189, 190,   0,   1,   6,   8,   9,  11,  12,  13,  14,
     25,  26,  30,  59,  98, 103, 104, 106, 108, 174, 175, 176, 177, 179, 180, 182,
    189, 190,   1,   6,   8,  12,  16,  17,  18,  19,  20,  21,  22,  23,  32,  33,
     34,  35,  36,  37,  38,  39,  40,  41,  42,  43,  44,  45,  46,  47,  48,  49,
     50,  51,  52,  53,  54,  55,  56,  57,  59,  62,  63,  64,  66,  67,  68,  69,
     70,  71,  72,  73,  74,  75,  77,  79,  81,  82,  83,  84,  85,  86,  87,  98,
    108, 111, 117, 121, 129, 153, 176, 177, 179, 180, 189, 190,   0,   1,   2,   3,
      4,   5,   6,   7,   8,   9,  10,  11,  12,  13,  14,  15,  16,  17,  18,  19,
     20,  21,  23,  24,  25,  26,  27,  28,  29,  30,  31,  32,  33,  34,  35,  36,
     37,  38,  39,  40,  41,  42,  43,  44,  45,  46,  47,  48,  49,  50,  52,  53,
     54,  55,  56,  57,  58,  59,  60,  61,  62,  63,  64,  65,  66,  67,  68,  70,
     71,  73,  74,  75,  76,  77,  78,  79,  80,  81,  82,  83,  84,  85,  86,  87,
     88,  89,  90,  91,  92,  93,  95,  98, 100, 101, 102, 106, 108, 109, 110, 111,
    112, 113, 114, 115, 116, 117, 118, 119, 120, 121, 122, 123, 124, 126, 127, 128,
    129, 130, 131, 132, 133, 134, 135, 136, 137, 138, 139, 140, 141, 142, 143, 144,
    145, 146, 147, 148, 149, 150, 151, 152, 153, 154, 155, 156, 157, 158, 159, 160,
    161, 162, 163, 164, 166, 167, 168, 169, 170, 171, 172, 173, 174, 175, 176, 177,
    179, 180, 182, 183, 184, 189, 190, 194, 196, 199, 202, 204, 207,   0,   1,   2,
      3,   4,   5,   6,   7,   8,   9,  10,  11,  12,  13,  14,  15,  16,  17,  18,
     19,  20,  21,  22,  23,  24,  25,  26,  27,  28,  29,  30,  31,  32,  33,  34,
     35,  36,  37,  38,  39,  40,  41,  42,  43,  44,  45,  46,  47,  48,  49,  50,
     51,  52,  53,  54,  55,  56,  57,  58,  59,  60,  61,  62,  63,  64,  65,  66,
     67,  68,  69,  70,  71,  72,  73,  74,  75,  76,  77,  78,  79,  80,  81,  82,
     83,  84,  85,  86,  87,  88,  90,  91,  92,  93,  94,  95,  96,  98,  99, 100,
    101, 102, 103, 104, 105, 106, 108, 109, 110, 111, 112, 113, 114, 115, 116, 117,
    118, 119, 120, 121, 122, 123, 124, 125, 126, 127, 128, 129, 130, 131, 132, 133,
    134, 135, 136, 137, 138, 139, 140, 141, 142, 143, 144, 145, 146, 147, 148, 149,
    150, 151, 152, 153, 154, 155, 156, 157, 158, 159, 160, 161, 162, 163, 164, 165,
    166, 167, 168, 169, 170, 171, 172, 173, 174, 175, 176, 177, 178, 179, 180, 181,
    182, 183, 184, 186, 187, 188, 189, 190, 193, 194, 195, 196, 197, 198, 199, 200,
    201, 202, 203, 204, 205, 206, 207, 208, 209, 210, 211,   0,   1,   6,   7,   8,
      9,  10,  11,  12,  13,  14,  16,  17,  18,  19,  20,  22,  23,  24,  25,  26,
     27,  28,  29,  30,  32,  33,  34,  35,  36,  37,  38,  39,  40,  41,  42,  43,
     44,  45,  46,  47,  48,  49,  50,  51,  52,  53,  54,  55,  56,  57,  59,  60,
     62,  63,  64,  65,  66,  67,  68,  69,  70,  71,  72,  73,  74,  75,  76,  77,
     78,  79,  80,  81,  82,  83,  84,  85,  86,  87,  88,  89, 103, 104, 106, 108,
    110, 111, 112, 114, 115, 116, 117, 118, 119, 120, 121, 122, 123, 124, 126, 127,
    128, 129, 131, 132, 133, 134, 136, 137, 138, 139, 141, 142, 143, 144, 146, 147,
    148, 149, 150, 151, 152, 153, 154, 155, 156, 160, 161, 163, 164, 166, 168, 169,
    170, 171, 174, 175, 176, 177, 179, 180, 182, 189, 190, 191,   0,   1,   6,   7,
      8,   9,  11,  12,  13,  14,  15,  16,  17,  18,  19,  20,  21,  23,  25,  26,
     30,  32,  33,  35,  36,  37,  39,  40,  41,  42,  43,  44,  45,  47,  49,  50,
     51,  52,  53,  54,  55,  56,  57,  59,  62,  63,  64,  65,  66,  67,  68,  69,
     70,  71,  72,  73,  74,  75,  76,  77,  78,  79,  80,  81,  82,  83,  84,  85,
     87,  89,  98, 108, 174, 175, 176, 177, 179, 180, 189, 190,   0,   1,   3,   6,
      7,   8,   9,  10,  11,  12,  13,  14,  15,  16,  17,  18,  19,  20,  21,  22,
     23,  24,  25,  26,  28,  30,  32,  33,  34,  35,  36,  37,  38,  39,  40,  41,
     42,  43,  44,  45,  46,  47,  48,  49,  50,  51,  52,  53,  54,  55,  56,  57,
     59,  62,  63,  64,  65,  66,  67,  68,  69,  70,  71,  72,  73,  74,  75,  76,
     77,  78,  79,  80,  81,  82,  83,  84,  85,  86,  87,  89,  92,  93,  94,  98,
    100, 108, 110, 111, 114, 119, 120, 123, 124, 127, 128, 129, 134, 135, 136, 137,
    146, 151, 152, 156, 167, 169, 176, 177, 179, 180, 189, 190, 193, 194, 195, 196,
    197, 198, 199, 200, 201, 202, 203, 204, 205, 206, 207, 208, 209, 210, 211,   1,
      6,   8,   9,  12,  15,  16,  17,  18,  19,  20,  21,  22,  23,  24,  59,  89,
     98, 103, 104, 106, 108, 174, 175, 176, 177, 179, 180, 182, 189, 190,   0,   1,
      3,   6,   7,   8,   9,  10,  11,  12,  13,  14,  15,  16,  17,  18,  19,  20,
     21,  22,  23,  24,  25,  26,  30,  32,  33,  34,  35,  36,  37,  38,  39,  40,
     41,  42,  43,  44,  45,  46,  47,  48,  49,  50,  51,  52,  53,  54,  55,  56,
     57,  59,  62,  63,  64,  65,  66,  67,  68,  69,  70,  71,  72,  73,  74,  75,
     76,  77,  78,  79,  80,  81,  82,  83,  84,  85,  86,  87,  88,  89,  91,  92,
     93,  94,  98, 103, 104, 106, 108, 109, 110, 111, 112, 113, 114, 115, 116, 117,
    118, 119, 120, 121, 122, 123, 124, 125, 126, 127, 128, 129, 130, 131, 132, 134,
    135, 136, 137, 138, 139, 140, 141, 142, 143, 144, 145, 146, 147, 148, 149, 150,
    151, 152, 153, 154, 155, 156, 157, 158, 159, 160, 161, 162, 163, 164, 166, 167,
    168, 169, 170, 171, 172, 173, 176, 177, 178, 179, 180, 181, 189, 190, 194, 199,
    201, 207,   0,   1,   6,   7,   8,   9,  12,  13,  14,  15,  16,  18,  19,  20,
     21,  22,  24,  25,  30,  33,  34,  35,  36,  37,  38,  39,  40,  41,  42,  43,
     44,  45,  46,  47,  48,  49,  50,  51,  52,  53,  54,  55,  56,  57,  59,  63,
     64,  65,  66,  67,  68,  69,  70,  71,  72,  73,  74,  75,  76,  77,  78,  79,
     81,  82,  83,  84,  85,  86,  87,  89,  97,  98, 103, 104, 106, 107, 108, 174,
    175, 176, 177, 179, 180, 188, 189, 190,   0,   1,   2,   3,   4,   6,   7,   8,
      9,  10,  11,  12,  13,  14,  15,  16,  17,  18,  19,  20,  21,  22,  23,  24,
     25,  27,  28,  29,  30,  32,  33,  34,  35,  36,  37,  38,  39,  40,  41,  42,
     43,  44,  45,  46,  47,  48,  49,  50,  51,  53,  54,  55,  56,  57,  58,  59,
     60,  61,  62,  63,  64,  65,  66,  67,  68,  69,  70,  71,  72,  73,  74,  75,
     76,  77,  78,  79,  80,  81,  82,  83,  84,  85,  86,  87,  89,  92,  93,  94,
     95,  98, 105, 108, 110, 111, 112, 113, 114, 115, 116, 117, 118, 119, 120, 121,
    122, 123, 124, 125, 126, 127, 128, 129, 130, 131, 132, 134, 139, 140, 141, 142,
    143, 144, 145, 146, 147, 148, 149, 150, 151, 152, 153, 154, 155, 157, 158, 159,
    160, 161, 162, 163, 164, 166, 167, 168, 169, 170, 171, 172, 173, 174, 175, 176,
    177, 178, 179, 180, 181, 184, 189, 190, 193, 194, 195, 197, 198, 199, 200, 201,
    202, 203, 204, 205, 206, 207, 208, 209, 210, 211,   0,   2,   3,   4,   5,   8,
      9,  10,  11,  12,  13,  14,  15,  16,  17,  18,  19,  20,  22,  23,  24,  25,
     26,  27,  28,  29,  30,  31,  32,  33,  34,  35,  36,  37,  38,  39,  40,  41,
     42,  43,  44,  45,  46,  47,  48,  49,  50,  51,  52,  54,  55,  56,  57,  58,
     59,  60,  61,  64,  65,  66,  69,  70,  71,  72,  73,  76,  77,  78,  81,  82,
     83,  84,  86,  87,  88,  89,  90,  92,  97,  98, 100, 101, 102, 104, 105, 106,
    108, 115, 118, 120, 124, 127, 133, 136, 139, 150, 152, 165, 168, 171, 174, 175,
    177, 180, 182, 183, 184, 187, 188, 189, 191,   0,   1,   2,   3,   4,   5,   6,
      7,   8,   9,  10,  11,  12,  13,  14,  15,  16,  17,  18,  19,  20,  21,  22,
     23,  24,  25,  26,  27,  28,  29,  30,  31,  32,  33,  34,  35,  36,  37,  38,
     39,  40,  41,  42,  43,  44,  45,  46,  47,  48,  49,  50,  51,  52,  53,  54,
     55,  56,  57,  58,  59,  60,  61,  63,  64,  65,  66,  67,  68,  69,  70,  71,
     72,  73,  74,  75,  76,  77,  78,  79,  80,  81,  82,  83,  84,  85,  86,  88,
     89,  90,  92,  97,  98, 100, 101, 102, 103, 104, 105, 106, 107, 108, 115, 118,
    120, 124, 127, 133, 136, 139, 150, 152, 159, 165, 168, 171, 174, 175, 176, 177,
    179, 180, 182, 183, 184, 186, 187, 188, 189, 191, 199,   0,   1,   2,   3,   4,
      5,   6,   7,   8,   9,  10,  11,  12,  13,  14,  15,  16,  17,  18,  19,  20,
     21,  22,  23,  24,  25,  26,  27,  28,  29,  30,  31,  32,  33,  34,  35,  36,
     37,  38,  39,  40,  41,  42,  43,  45,  46,  47,  48,  49,  50,  51,  52,  53,
     54,  55,  56,  58,  59,  60,  61,  62,  63,  64,  65,  67,  68,  69,  70,  71,
     72,  73,  74,  75,  76,  77,  78,  79,  81,  82,  83,  84,  85,  86,  88,  89,
     90,  92,  97,  98, 100, 101, 102, 103, 104, 105, 106, 107, 108, 115, 118, 120,
    124, 127, 133, 136, 139, 147, 159, 165, 168, 171, 174, 175, 176, 177, 179, 180,
    182, 183, 184, 186, 187, 188, 189, 199,   0,   1,   2,   3,   4,   5,   6,   7,
      8,   9,  10,  11,  12,  13,  14,  15,  16,  17,  18,  19,  20,  21,  22,  23,
     24,  25,  26,  27,  28,  29,  30,  31,  32,  33,  34,  35,  36,  37,  39,  40,
     41,  42,  43,  44,  45,  47,  49,  50,  51,  52,  53,  54,  55,  56,  57,  58,
     59,  60,  61,  62,  63,  64,  65,  66,  67,  68,  69,  70,  71,  72,  73,  74,
     75,  76,  77,  78,  79,  80,  81,  82,  83,  84,  85,  86,  87,  88,  89,  90,
     92,  97, 100, 101, 102, 103, 104, 105, 106, 107, 108, 115, 118, 120, 124, 127,
    133, 136, 139, 147, 150, 152, 159, 165, 168, 171, 174, 175, 176, 177, 179, 180,
    182, 183, 184, 186, 187, 188, 189, 190, 199,   0,   1,   2,   3,   4,   6,   7,
      8,   9,  10,  11,  12,  13,  14,  15,  16,  17,  18,  20,  21,  22,  24,  25,
     26,  27,  28,  29,  30,  32,  33,  34,  35,  36,  37,  39,  40,  41,  42,  43,
     44,  45,  47,  49,  50,  51,  52,  53,  54,  55,  56,  57,  58,  59,  60,  61,
     62,  63,  64,  65,  66,  67,  68,  69,  70,  71,  72,  73,  74,  75,  76,  77,
     78,  79,  80,  81,  82,  83,  84,  85,  86,  87,  88,  89,  90,  92,  97,  98,
    100, 101, 102, 103, 104, 105, 106, 107, 108, 115, 118, 120, 124, 127, 133, 136,
    139, 147, 150, 152, 156, 159, 165, 168, 171, 174, 175, 176, 177, 179, 180, 182,
    183, 184, 186, 187, 188, 189, 199,   0,   1,   2,   3,   4,   5,   6,   7,   8,
      9,  10,  11,  12,  13,  14,  15,  16,  17,  18,  19,  20,  21,  22,  23,  24,
     25,  26,  27,  28,  29,  30,  31,  32,  33,  34,  35,  36,  37,  38,  39,  40,
     41,  42,  43,  44,  45,  46,  47,  48,  49,  50,  51,  52,  55,  56,  57,  58,
     59,  60,  61,  62,  64,  65,  66,  67,  68,  69,  70,  71,  72,  73,  74,  75,
     76,  77,  78,  79,  80,  81,  82,  83,  84,  85,  86,  87,  88,  89,  90,  92,
     97, 100, 101, 102, 103, 104, 105, 106, 107, 108, 115, 118, 120, 124, 127, 133,
    136, 139, 147, 150, 152, 156, 159, 165, 168, 171, 174, 175, 176, 177, 179, 180,
    182, 183, 184, 186, 187, 188, 190, 199,   0,   1,   2,   3,   4,   6,   8,   9,
     10,  11,  12,  13,  14,  15,  16,  17,  18,  20,  22,  23,  24,  25,  26,  27,
     28,  29,  30,  32,  33,  34,  35,  36,  37,  38,  39,  40,  41,  42,  43,  44,
     45,  46,  47,  48,  49,  50,  51,  52,  53,  54,  55,  56,  57,  58,  59,  60,
     61,  62,  64,  65,  66,  67,  69,  70,  71,  72,  73,  74,  75,  76,  77,  78,
     79,  81,  82,  83,  84,  85,  86,  87,  88,  89,  90,  97,  98, 100, 101, 102,
    103, 104, 106, 107, 108, 115, 118, 120, 124, 127, 133, 136, 139, 147, 150, 152,
    156, 159, 165, 168, 171, 174, 175, 176, 177, 179, 180, 182, 183, 184, 186, 187,
    188, 189, 190, 199,   0,   1,   2,   3,   4,   5,   6,   7,   8,  10,  11,  12,
     13,  14,  15,  16,  17,  18,  19,  20,  21,  22,  23,  24,  25,  26,  27,  28,
     29,  30,  31,  32,  33,  34,  35,  36,  37,  38,  39,  40,  41,  42,  43,  44,
     45,  46,  47,  48,  49,  50,  51,  52,  53,  54,  56,  57,  58,  59,  60,  61,
     62,  64,  65,  66,  67,  68,  70,  71,  74,  75,  76,  77,  78,  79,  80,  81,
     82,  83,  84,  85,  86,  87,  88,  89,  90,  92,  98, 100, 101, 102, 103, 104,
    105, 106, 107, 108, 115, 118, 120, 124, 127, 133, 136, 139, 147, 150, 152, 156,
    159, 165, 168, 171, 174, 175, 176, 177, 179, 180, 182, 183, 184, 186, 187, 188,
    189, 190, 199,   0,   2,   3,   4,   5,   8,   9,  10,  11,  12,  13,  14,  15,
     16,  17,  18,  19,  20,  21,  22,  23,  24,  25,  26,  27,  28,  29,  30,  31,
     33,  34,  35,  36,  37,  38,  39,  40,  41,  42,  43,  45,  46,  47,  48,  49,
     50,  52,  55,  56,  57,  58,  59,  60,  61,  62,  64,  65,  66,  67,  68,  69,
     70,  71,  72,  73,  74,  75,  76,  78,  79,  80,  83,  85,  86,  87,  88,  89,
     90,  92,  97, 100, 101, 102, 103, 104, 106, 107, 108, 118, 120, 124, 127, 133,
    136, 139, 147, 150, 152, 156, 159, 165, 171, 174, 175, 177, 180, 182, 183, 184,
    186, 187, 188, 189, 199,   0,   2,   3,   4,   5,   8,  10,  11,  12,  13,  14,
     16,  17,  18,  19,  20,  21,  22,  23,  25,  26,  27,  28,  29,  30,  31,  32,
     33,  34,  35,  36,  37,  38,  39,  40,  41,  42,  43,  44,  45,  46,  47,  48,
     49,  50,  51,  52,  55,  56,  57,  58,  59,  60,  61,  66,  68,  69,  70,  71,
     72,  73,  77,  79,  81,  83,  84,  86,  87,  88,  89,  90,  92,  97, 100, 101,
    102, 104, 106, 107, 115, 118, 120, 124, 127, 133, 136, 139, 150, 152, 165, 171,
    174, 175, 182, 183, 184, 187, 188, 189, 199,   1,   6,   7,   8,   9,  15,  16,
     17,  18,  19,  20,  21,  22,  23,  24,  32,  33,  35,  36,  37,  39,  40,  41,
     42,  43,  44,  45,  47,  49,  50,  51,  52,  53,  54,  55,  56,  57,  59,  63,
     64,  65,  66,  68,  69,  70,  71,  72,  73,  74,  76,  78,  79,  81,  82,  85,
     88,  89,  98, 103, 104, 106, 174, 175, 176, 177, 179, 180, 189,   1,   6,   8,
      9,  12,  15,  16,  17,  18,  19,  20,  21,  22,  23,  24,  59,  89,  98, 103,
    104, 106, 174, 175, 176, 177, 179, 180, 182, 189,   1,   6,   7,   8,  12,  15,
     16,  17,  18,  19,  20,  21,  22,  23,  24,  27,  29,  32,  33,  34,  35,  36,
     37,  38,  39,  40,  41,  42,  43,  44,  45,  46,  47,  48,  49,  50,  51,  52,
     53,  54,  55,  56,  57,  62,  63,  64,  65,  66,  67,  68,  69,  70,  71,  72,
     73,  74,  75,  76,  77,  78,  79,  80,  81,  82,  83,  84,  85,  86,  87,   1,
      3,   6,   7,   8,  10,  11,  12,  13,  15,  16,  17,  18,  19,  20,  21,  22,
     23,  24,  28,  32,  33,  34,  35,  36,  37,  38,  39,  40,  41,  42,  43,  44,
     45,  46,  47,  48,  49,  50,  51,  52,  53,  54,  55,  56,  57,  59,  62,  63,
     64,  65,  66,  67,  68,  69,  70,  71,  72,  73,  74,  75,  76,  77,  78,  79,
     80,  81,  82,  83,  84,  85,  86,  87,  92,  93,  94, 102, 176, 177, 179, 180,
    193, 194, 195, 196, 197, 198, 199, 200, 201, 202, 203, 204, 205, 206, 207, 208,
    209, 210, 211,   1,   6,   7,   8,  12,  15,  16,  17,  18,  19,  20,  21,  22,
     23,  24,  27,  29,  32,  33,  34,  35,  36,  37,  38,  39,  40,  41,  42,  43,
     44,  45,  46,  47,  48,  49,  50,  51,  52,  53,  54,  55,  56,  57,  59,  62,
     63,  64,  65,  66,  67,  68,  69,  70,  71,  72,  73,  74,  75,  76,  77,  78,
     79,  80,  81,  82,  83,  84,  85,  86,  87,   0,   1,   6,   7,   8,  11,  12,
     13,  14,  25,  26,  30,  32,  33,  34,  35,  36,  37,  38,  39,  40,  41,  42,
     43,  44,  45,  46,  47,  48,  49,  50,  51,  53,  54,  55,  56,  57,  59,  62,
     63,  64,  65,  66,  67,  68,  69,  70,  71,  72,  73,  74,  75,  76,  77,  78,
     79,  80,  81,  82,  83,  84,  85,  86,  87,  89,  91,  98, 103, 104, 106, 108,
    109, 174, 175, 176, 179, 189, 190,   1,   6,   8,   9,  12,  16,  17,  18,  19,
     20,  22,  23,  32,  33,  34,  35,  36,  37,  38,  39,  40,  41,  42,  43,  44,
     45,  46,  47,  48,  49,  50,  51,  52,  53,  54,  55,  56,  57,  59,  61,  62,
     63,  64,  65,  66,  67,  68,  69,  70,  71,  72,  73,  74,  75,  76,  77,  78,
     79,  80,  81,  82,  83,  85,  86,  87,  98, 108, 176, 177, 179, 180, 190,   0,
      1,   2,   3,   5,   6,   7,   8,   9,  10,  11,  12,  14,  15,  16,  17,  19,
     20,  21,  22,  24,  27,  28,  29,  30,  31,  32,  34,  37,  38,  41,  44,  45,
     46,  48,  50,  51,  52,  53,  54,  55,  56,  57,  58,  59,  60,  61,  62,  63,
     64,  65,  66,  68,  69,  70,  71,  72,  73,  75,  76,  77,  78,  79,  80,  81,
     82,  83,  84,  85,  86,  87,  89,  90,  97,  98,  99, 100, 102, 103, 104, 106,
    107, 108, 110, 111, 112, 113, 114, 115, 116, 117, 127, 128, 129, 130, 131, 132,
    133, 134, 135, 136, 137, 138, 139, 141, 142, 143, 144, 146, 147, 149, 150, 151,
    152, 153, 154, 155, 156, 157, 158, 159, 160, 161, 162, 164, 165, 167, 168, 169,
    170, 171, 173, 174, 175, 176, 177, 179, 180, 182, 183, 184, 185, 189, 190, 191,
      0,   1,   2,   3,   5,   6,   8,   9,  10,  12,  13,  14,  15,  16,  17,  18,
     19,  20,  21,  22,  23,  25,  26,  27,  28,  29,  30,  31,  33,  34,  35,  36,
     37,  38,  39,  40,  41,  42,  43,  45,  46,  47,  48,  49,  50,  51,  53,  54,
     55,  56,  57,  58,  59,  60,  61,  62,  63,  64,  65,  66,  67,  69,  70,  71,
     72,  73,  74,  75,  76,  78,  79,  80,  85,  86,  87,  89,  90,  98,  99, 100,
    103, 104, 106, 107, 108, 116, 117, 118, 119, 120, 121, 122, 123, 124, 125, 126,
    127, 128, 129, 130, 131, 132, 133, 134, 139, 140, 141, 142, 143, 144, 145, 146,
    147, 148, 149, 150, 151, 152, 153, 155, 156, 157, 160, 161, 162, 163, 164, 166,
    171, 173, 174, 175, 177, 180, 182, 183, 184, 185, 189, 191,   0,   1,   2,   3,
      5,   6,   7,   8,   9,  10,  11,  12,  13,  14,  15,  18,  19,  20,  21,  22,
     24,  25,  26,  27,  28,  29,  30,  31,  33,  34,  35,  36,  37,  38,  39,  40,
     41,  42,  43,  45,  46,  47,  48,  49,  50,  51,  53,  54,  55,  56,  59,  60,
     61,  62,  63,  64,  65,  66,  67,  68,  69,  70,  71,  74,  75,  76,  77,  78,
     79,  80,  81,  82,  83,  84,  85,  86,  87,  89,  90,  97,  98, 100, 102, 103,
    104, 106, 107, 108, 116, 117, 118, 119, 120, 121, 122, 123, 124, 125, 126, 127,
    128, 129, 130, 131, 132, 133, 134, 139, 140, 142, 143, 144, 145, 146, 147, 148,
    150, 151, 152, 153, 154, 155, 156, 159, 160, 161, 162, 163, 164, 166, 167, 168,
    169, 170, 171, 174, 175, 176, 177, 179, 180, 182, 184, 185, 189, 190, 191,   1,
      2,   3,   5,   6,   7,   8,  10,  11,  12,  13,  14,  15,  16,  17,  18,  20,
     21,  22,  23,  24,  25,  27,  28,  29,  30,  31,  32,  33,  34,  35,  36,  37,
     38,  39,  40,  41,  42,  43,  44,  45,  46,  47,  48,  49,  50,  51,  53,  54,
     55,  56,  57,  58,  59,  60,  61,  62,  63,  64,  65,  66,  69,  72,  73,  74,
     75,  76,  77,  78,  80,  81,  82,  83,  84,  86,  87,  89,  90,  97,  98,  99,
    100, 102, 103, 104, 106, 108, 110, 111, 112, 113, 114, 115, 116, 117, 118, 119,
    120, 121, 122, 123, 124, 125, 127, 128, 129, 130, 131, 132, 133, 134, 139, 140,
    142, 143, 144, 145, 146, 147, 148, 149, 150, 151, 152, 153, 156, 157, 159, 160,
    161, 162, 163, 164, 166, 167, 168, 169, 170, 171, 173, 174, 175, 176, 177, 179,
    180, 182, 184, 185, 189, 190, 191,   1,   2,   3,   6,   7,   8,   9,  10,  12,
     14,  16,  17,  18,  20,  22,  23,  24,  27,  28,  29,  30,  32,  38,  39,  41,
     44,  45,  50,  51,  52,  53,  54,  55,  57,  58,  59,  60,  61,  62,  63,  64,
     65,  66,  68,  71,  72,  73,  74,  76,  77,  78,  80,  81,  82,  83,  84,  85,
     86,  87,  89,  90,  98,  99, 100, 103, 104, 106, 107, 108, 110, 111, 112, 113,
    114, 115, 116, 127, 133, 135, 136, 137, 138, 141, 142, 143, 145, 146, 149, 150,
    151, 152, 153, 154, 155, 156, 157, 158, 160, 161, 162, 164, 167, 168, 169, 170,
    171, 172, 173, 174, 175, 177, 180, 182, 184, 185, 189, 190, 191,   0,   1,   2,
      3,   5,   6,   7,   8,  10,  11,  12,  13,  14,  15,  16,  18,  19,  20,  21,
     22,  23,  25,  26,  27,  28,  29,  30,  31,  32,  33,  34,  35,  36,  37,  38,
     39,  40,  41,  42,  43,  44,  45,  46,  47,  48,  49,  50,  51,  52,  53,  54,
     55,  56,  57,  58,  59,  60,  61,  62,  63,  64,  65,  66,  67,  68,  69,  70,
     71,  72,  74,  75,  76,  77,  78,  79,  80,  81,  82,  83,  85,  86,  87,  89,
     90,  97,  98, 100, 103, 104, 106, 107, 108, 110, 111, 112, 113, 114, 115, 116,
    117, 118, 119, 120, 121, 122, 123, 124, 125, 126, 127, 128, 129, 130, 131, 132,
    133, 134, 135, 136, 137, 138, 139, 140, 142, 143, 144, 145, 146, 147, 148, 150,
    151, 152, 153, 154, 155, 156, 157, 160, 161, 162, 163, 164, 166, 167, 168, 169,
    170, 171, 173, 174, 175, 176, 179, 182, 184, 185, 189, 190, 191,   1,   2,   3,
      5,   6,   7,   8,   9,  10,  11,  12,  13,  14,  15,  16,  17,  18,  20,  21,
     22,  25,  26,  27,  28,  29,  30,  31,  32,  33,  34,  35,  36,  37,  38,  39,
     40,  41,  42,  43,  46,  47,  48,  49,  50,  51,  55,  56,  57,  58,  59,  60,
     61,  63,  64,  65,  66,  67,  69,  70,  71,  72,  74,  75,  76,  77,  78,  79,
     80,  83,  84,  85,  86,  87,  89,  90,  98,  99, 100, 103, 104, 106, 108, 110,
    111, 112, 113, 114, 115, 116, 117, 118, 119, 120, 121, 122, 123, 124, 125, 128,
    129, 130, 131, 132, 133, 134, 139, 140, 150, 151, 152, 153, 154, 155, 156, 157,
    160, 161, 162, 163, 164, 166, 171, 173, 174, 175, 177, 180, 182, 183, 184, 185,
    189, 190, 191,   0,   1,   2,   5,   6,   7,   8,   9,  10,  11,  12,  13,  14,
     15,  16,  19,  20,  21,  22,  23,  24,  25,  26,  27,  28,  29,  30,  31,  34,
     37,  38,  41,  45,  46,  48,  50,  52,  53,  54,  55,  56,  59,  60,  61,  62,
     63,  64,  65,  66,  67,  68,  70,  71,  73,  74,  75,  76,  77,  78,  79,  80,
     81,  82,  83,  84,  85,  86,  87,  89,  90,  98,  99, 100, 102, 103, 104, 106,
    107, 108, 116, 117, 127, 128, 129, 130, 131, 132, 133, 134, 135, 136, 137, 138,
    139, 142, 143, 144, 145, 147, 148, 149, 150, 151, 152, 153, 155, 156, 157, 159,
    160, 161, 162, 163, 164, 166, 167, 168, 169, 170, 171, 173, 174, 175, 177, 180,
    182, 183, 184, 185, 189, 190, 191,   0,   1,   2,   3,   5,   6,   7,   8,   9,
     10,  11,  12,  13,  14,  15,  16,  17,  19,  20,  21,  22,  23,  24,  25,  26,
     27,  28,  29,  30,  31,  34,  37,  38,  41,  45,  46,  48,  50,  52,  53,  54,
     55,  56,  57,  58,  59,  60,  61,  62,  63,  64,  65,  66,  67,  68,  70,  71,
     74,  75,  76,  77,  78,  79,  80,  81,  82,  83,  84,  85,  86,  87,  89,  90,
     97,  98,  99, 100, 103, 104, 106, 107, 108, 116, 117, 127, 128, 129, 130, 131,
    132, 133, 134, 135, 136, 137, 138, 139, 142, 143, 144, 146, 148, 149, 150, 151,
    152, 153, 155, 156, 158, 159, 160, 161, 162, 163, 164, 166, 167, 168, 170, 171,
    172, 174, 175, 177, 180, 182, 183, 184, 185, 189, 190, 191,   0,   1,   2,   3,
      5,   6,   7,   8,   9,  10,  11,  12,  13,  14,  15,  16,  17,  18,  19,  20,
     21,  22,  23,  24,  25,  26,  27,  28,  29,  30,  31,  32,  33,  34,  35,  36,
     37,  38,  39,  40,  41,  42,  43,  44,  45,  46,  47,  48,  49,  50,  51,  52,
     53,  54,  56,  57,  58,  59,  60,  61,  62,  63,  64,  65,  66,  67,  68,  69,
     70,  71,  72,  73,  74,  75,  76,  77,  78,  79,  80,  81,  82,  83,  84,  85,
     86,  87,  89,  90,  98, 100, 103, 104, 106, 108, 110, 111, 112, 113, 114, 115,
    116, 117, 118, 119, 120, 121, 122, 123, 124, 125, 126, 127, 128, 129, 130, 131,
    132, 134, 135, 136, 137, 138, 139, 141, 142, 143, 144, 145, 146, 147, 148, 150,
    151, 152, 153, 154, 155, 157, 159, 160, 161, 162, 163, 164, 166, 167, 168, 169,
    170, 171, 174, 175, 177, 180, 182, 184, 185, 189, 190, 191,   1,   2,   3,   5,
      6,   7,   8,   9,  10,  12,  13,  14,  15,  16,  17,  19,  20,  21,  24,  25,
     27,  28,  29,  30,  31,  32,  33,  34,  35,  36,  37,  38,  39,  40,  42,  43,
     44,  45,  46,  47,  48,  49,  50,  51,  53,  54,  55,  56,  57,  58,  59,  60,
     61,  63,  64,  65,  66,  67,  68,  69,  70,  71,  72,  73,  74,  75,  76,  77,
     78,  79,  81,  82,  83,  84,  85,  86,  87,  89,  90,  98,  99, 100, 103, 104,
    106, 110, 111, 112, 113, 114, 115, 116, 117, 118, 119, 120, 121, 122, 123, 124,
    125, 126, 127, 128, 129, 130, 131, 132, 133, 134, 139, 140, 142, 144, 145, 146,
    147, 149, 150, 151, 152, 153, 154, 155, 156, 159, 160, 161, 162, 163, 164, 165,
    166, 167, 168, 169, 170, 171, 173, 174, 175, 176, 177, 179, 180, 182, 184, 185,
    189, 190, 191,   0,   1,   2,   3,   6,   7,   8,   9,  10,  12,  14,  15,  16,
     17,  18,  19,  20,  21,  22,  23,  24,  25,  26,  27,  28,  29,  30,  31,  32,
     33,  34,  35,  36,  37,  38,  39,  40,  41,  42,  43,  44,  45,  47,  49,  50,
     51,  52,  53,  54,  55,  56,  57,  58,  59,  60,  61,  62,  63,  64,  65,  66,
     67,  68,  69,  70,  71,  72,  74,  75,  76,  77,  78,  79,  80,  81,  82,  83,
     84,  86,  87,  89,  90,  97,  99, 100, 103, 104, 106, 107, 110, 111, 112, 113,
    114, 115, 116, 117, 118, 119, 120, 121, 122, 123, 124, 125, 126, 127, 133, 135,
    136, 137, 138, 139, 140, 142, 143, 144, 145, 146, 147, 148, 150, 151, 152, 153,
    154, 155, 156, 157, 159, 160, 161, 162, 163, 164, 166, 167, 168, 169, 170, 171,
    173, 174, 175, 176, 177, 179, 180, 182, 184, 185, 190, 191,   0,   1,   2,   3,
      5,   6,   7,   8,   9,  10,  12,  13,  14,  15,  16,  17,  18,  19,  20,  21,
     22,  23,  24,  25,  26,  27,  28,  29,  30,  31,  32,  34,  38,  41,  44,  45,
     46,  48,  50,  51,  52,  53,  54,  55,  56,  57,  58,  59,  60,  61,  64,  65,
     66,  67,  68,  71,  73,  74,  75,  76,  77,  78,  79,  81,  82,  83,  84,  85,
     86,  89,  90,  97,  98,  99, 100, 102, 103, 104, 106, 107, 110, 111, 112, 113,
    114, 115, 116, 117, 127, 128, 129, 130, 131, 132, 133, 134, 135, 136, 137, 138,
    139, 144, 145, 146, 149, 150, 151, 152, 153, 154, 156, 157, 159, 160, 161, 162,
    163, 164, 166, 167, 168, 169, 170, 171, 173, 174, 175, 176, 177, 179, 180, 182,
    184, 185, 189, 190, 191,   0,   1,   2,   3,   5,   6,   7,   8,  10,  11,  12,
     13,  14,  15,  16,  19,  20,  21,  22,  25,  26,  27,  28,  29,  30,  31,  32,
     33,  34,  35,  36,  37,  39,  40,  41,  42,  43,  44,  45,  47,  49,  50,  51,
     52,  53,  54,  55,  56,  57,  59,  60,  61,  62,  63,  64,  65,  66,  67,  68,
     70,  71,  73,  74,  75,  76,  77,  78,  79,  80,  81,  82,  83,  84,  85,  86,
     87,  89,  90,  97,  98,  99, 100, 101, 102, 103, 104, 106, 108, 110, 111, 112,
    113, 114, 115, 117, 118, 119, 120, 121, 122, 123, 124, 125, 126, 127, 133, 135,
    136, 137, 138, 139, 140, 142, 143, 145, 147, 148, 149, 150, 151, 152, 154, 155,
    156, 157, 159, 160, 161, 162, 163, 164, 165, 166, 167, 168, 169, 170, 171, 174,
    175, 176, 177, 179, 180, 182, 184, 185, 189, 190, 191,   1,   2,   3,   5,   6,
      7,   8,  10,  11,  12,  13,  14,  15,  16,  17,  18,  20,  21,  22,  23,  24,
     25,  27,  28,  29,  30,  31,  32,  33,  34,  35,  36,  37,  38,  39,  40,  41,
     42,  43,  44,  45,  46,  47,  48,  49,  50,  51,  53,  55,  56,  57,  58,  59,
     60,  61,  62,  63,  64,  65,  66,  67,  69,  72,  73,  74,  75,  76,  77,  78,
     79,  80,  81,  82,  83,  84,  86,  87,  89,  90,  98,  99, 100, 103, 104, 106,
    107, 108, 110, 111, 112, 113, 114, 115, 116, 117, 118, 119, 120, 121, 122, 123,
    124, 125, 127, 128, 129, 130, 131, 132, 133, 134, 139, 140, 141, 142, 143, 144,
    145, 146, 149, 150, 151, 152, 153, 156, 157, 158, 159, 160, 161, 162, 163, 164,
    166, 167, 168, 169, 170, 171, 172, 173, 174, 175, 176, 177, 179, 180, 182, 184,
    185, 189, 190, 191,   1,   2,   3,   5,   6,   7,   8,   9,  10,  11,  12,  13,
     14,  15,  16,  17,  18,  19,  20,  22,  24,  25,  26,  27,  28,  29,  30,  31,
     32,  33,  34,  35,  36,  37,  38,  39,  40,  41,  42,  43,  44,  45,  46,  47,
     48,  49,  50,  51,  52,  53,  54,  55,  56,  57,  59,  60,  61,  62,  64,  65,
     66,  68,  69,  72,  73,  74,  75,  76,  77,  78,  80,  81,  82,  83,  84,  85,
     86,  87,  89,  90,  98,  99, 100, 102, 104, 106, 107, 108, 110, 111, 112, 113,
    114, 115, 116, 117, 118, 119, 120, 121, 122, 123, 124, 125, 126, 127, 128, 129,
    130, 131, 132, 133, 134, 135, 136, 137, 138, 139, 140, 142, 143, 144, 145, 146,
    147, 148, 149, 150, 151, 152, 153, 154, 156, 157, 159, 160, 161, 162, 163, 164,
    166, 167, 168, 169, 170, 171, 173, 174, 175, 176, 177, 179, 180, 182, 184, 185,
    189, 190, 191,   1,   2,   3,   5,   6,   7,   8,  10,  11,  12,  13,  14,  15,
     16,  17,  18,  20,  21,  22,  23,  24,  26,  27,  28,  29,  30,  31,  32,  33,
     34,  35,  36,  37,  38,  39,  40,  41,  42,  43,  44,  45,  46,  47,  48,  49,
     50,  51,  53,  55,  56,  57,  58,  59,  60,  61,  62,  63,  64,  65,  66,  68,
     69,  70,  71,  74,  75,  76,  77,  78,  79,  80,  81,  82,  83,  84,  86,  87,
     89,  90,  98, 100, 102, 103, 104, 106, 110, 111, 112, 113, 114, 115, 116, 117,
    118, 119, 120, 121, 122, 123, 124, 125, 127, 128, 129, 130, 132, 133, 139, 140,
    142, 143, 144, 146, 149, 150, 151, 152, 153, 154, 155, 156, 157, 159, 161, 162,
    164, 167, 168, 169, 170, 172, 174, 175, 176, 177, 179, 180, 182, 184, 185, 189,
    190,   0,   1,   2,   3,   5,   6,   7,   8,   9,  10,  12,  13,  14,  15,  16,
     17,  18,  19,  20,  21,  22,  24,  27,  28,  29,  30,  31,  32,  33,  34,  35,
     36,  37,  38,  40,  41,  44,  46,  47,  48,  50,  51,  52,  53,  54,  55,  56,
     57,  58,  59,  60,  61,  62,  63,  64,  65,  66,  68,  69,  71,  73,  76,  77,
     78,  79,  81,  82,  83,  84,  85,  86,  87,  89,  90,  97,  98,  99, 100, 103,
    104, 106, 107, 110, 111, 112, 113, 114, 115, 116, 117, 118, 119, 120, 121, 122,
    123, 124, 125, 128, 129, 130, 131, 132, 133, 134, 135, 136, 137, 138, 139, 140,
    142, 143, 144, 145, 146, 147, 148, 150, 151, 152, 153, 156, 157, 158, 160, 161,
    162, 163, 164, 165, 166, 167, 168, 169, 170, 171, 172, 173, 174, 175, 176, 177,
    179, 180, 182, 184, 185, 189, 190, 191,   0,   1,   2,   3,   5,   6,   7,   8,
      9,  10,  11,  12,  13,  14,  15,  16,  17,  18,  19,  20,  21,  22,  23,  24,
     25,  26,  27,  28,  29,  30,  31,  32,  33,  34,  35,  36,  37,  38,  39,  40,
     41,  42,  43,  44,  45,  46,  47,  48,  49,  50,  51,  52,  55,  56,  57,  58,
     59,  60,  61,  62,  64,  65,  66,  67,  68,  69,  70,  71,  72,  73,  74,  75,
     76,  77,  78,  79,  80,  81,  82,  83,  84,  85,  86,  87,  89,  90,  97,  98,
     99, 100, 102, 103, 104, 106, 108, 110, 111, 112, 113, 114, 115, 116, 117, 118,
    119, 120, 121, 122, 123, 124, 125, 126, 127, 128, 129, 130, 131, 132, 133, 134,
    135, 136, 137, 138, 139, 140, 142, 143, 144, 145, 146, 147, 148, 149, 150, 151,
    152, 153, 154, 155, 156, 157, 159, 160, 161, 162, 163, 164, 166, 167, 168, 169,
    170, 171, 173, 174, 175, 177, 180, 182, 184, 185, 189, 190, 191,   1,   2,   3,
      5,   6,   7,   8,   9,  10,  11,  12,  13,  14,  19,  20,  21,  22,  24,  25,
     26,  27,  28,  29,  30,  31,  32,  34,  38,  39,  44,  45,  51,  52,  53,  54,
     56,  57,  58,  59,  60,  61,  62,  63,  64,  65,  66,  68,  70,  73,  74,  75,
     76,  77,  78,  79,  80,  81,  83,  84,  86,  87,  89,  90,  97,  98,  99, 100,
    102, 103, 104, 106, 107, 110, 111, 112, 113, 114, 115, 116, 117, 127, 133, 135,
    136, 137, 138, 139, 142, 143, 144, 145, 146, 147, 148, 149, 150, 151, 152, 153,
    154, 156, 157, 160, 161, 162, 163, 164, 165, 166, 171, 174, 175, 176, 177, 179,
    180, 182, 184, 185, 189, 190, 191,   0,   1,   2,   3,   5,   6,   7,   8,  10,
     11,  12,  13,  14,  15,  16,  17,  18,  19,  20,  21,  22,  25,  26,  27,  28,
     29,  30,  31,  32,  34,  35,  38,  41,  45,  46,  47,  48,  50,  51,  52,  53,
     54,  55,  56,  57,  58,  59,  60,  61,  62,  63,  64,  65,  66,  67,  68,  69,
     70,  71,  72,  73,  74,  75,  76,  77,  78,  79,  80,  81,  82,  83,  84,  85,
     86,  87,  89,  90,  97,  98,  99, 100, 103, 104, 106, 108, 110, 111, 112, 113,
    114, 115, 116, 117, 126, 127, 128, 129, 130, 131, 132, 133, 134, 135, 136, 137,
    138, 139, 141, 142, 143, 144, 146, 147, 148, 149, 150, 151, 155, 158, 159, 160,
    161, 162, 166, 170, 171, 174, 175, 176, 177, 179, 180, 182, 184, 185, 189, 190,
    191,   0,   1,   2,   3,   5,   6,   7,   8,   9,  10,  11,  12,  13,  14,  15,
     17,  18,  19,  20,  21,  22,  23,  25,  26,  27,  28,  29,  30,  31,  32,  33,
     34,  35,  36,  37,  38,  39,  40,  41,  42,  43,  45,  46,  47,  48,  49,  50,
     51,  52,  53,  54,  55,  56,  58,  59,  60,  61,  62,  63,  64,  65,  66,  67,
     68,  69,  70,  71,  72,  73,  74,  75,  76,  77,  78,  79,  80,  81,  82,  83,
     84,  85,  86,  87,  89,  90,  97,  98, 100, 103, 104, 106, 107, 108, 110, 111,
    112, 113, 114, 115, 116, 117, 118, 119, 120, 121, 122, 123, 124, 125, 126, 127,
    128, 129, 130, 131, 132, 133, 134, 135, 136, 137, 138, 139, 140, 142, 143, 144,
    145, 146, 147, 148, 149, 150, 151, 152, 153, 154, 155, 156, 157, 160, 161, 162,
    163, 164, 166, 167, 168, 169, 170, 171, 173, 174, 175, 176, 177, 179, 180, 182,
    184, 185, 189, 190,   0,   1,   2,   3,   5,   6,   7,   8,   9,  10,  11,  12,
     13,  14,  15,  17,  18,  19,  20,  21,  22,  23,  25,  26,  27,  28,  29,  30,
     31,  32,  33,  34,  35,  36,  37,  38,  39,  40,  41,  42,  43,  45,  46,  47,
     48,  49,  50,  51,  52,  53,  54,  55,  56,  57,  58,  59,  60,  61,  62,  63,
     64,  65,  66,  67,  68,  69,  70,  71,  72,  73,  74,  75,  76,  77,  78,  79,
     80,  81,  82,  83,  84,  85,  86,  87,  89,  90,  98,  99, 100, 102, 103, 104,
    106, 108, 110, 111, 112, 113, 114, 115, 116, 117, 118, 119, 120, 121, 122, 123,
    124, 125, 127, 128, 129, 130, 131, 132, 134, 135, 136, 137, 138, 139, 140, 142,
    143, 144, 145, 146, 147, 148, 150, 151, 152, 153, 154, 155, 156, 157, 160, 161,
    162, 163, 164, 166, 167, 168, 169, 170, 171, 173, 174, 175, 176, 177, 179, 180,
    182, 184, 185, 189, 190,   1,   2,   3,   5,   6,   7,   8,   9,  10,  12,  13,
     14,  15,  17,  19,  20,  21,  22,  23,  24,  25,  26,  27,  28,  29,  30,  31,
     32,  33,  34,  35,  36,  37,  38,  39,  40,  42,  43,  44,  45,  46,  47,  48,
     49,  50,  51,  53,  54,  55,  56,  57,  59,  60,  61,  62,  63,  64,  65,  66,
     67,  68,  69,  70,  71,  72,  73,  74,  75,  76,  77,  78,  79,  80,  81,  82,
     83,  84,  85,  86,  87,  89,  90,  97,  98,  99, 100, 103, 104, 106, 107, 108,
    110, 111, 112, 113, 114, 115, 116, 117, 118, 119, 120, 121, 122, 123, 124, 125,
    126, 127, 128, 129, 130, 131, 132, 133, 134, 139, 140, 143, 150, 151, 152, 153,
    154, 155, 156, 157, 159, 160, 161, 162, 164, 167, 168, 169, 170, 174, 175, 176,
    177, 179, 180, 182, 184, 185, 189, 190, 191,   0,   1,   2,   3,   5,   6,   7,
      8,   9,  10,  11,  12,  13,  14,  15,  16,  17,  18,  19,  20,  21,  22,  23,
     24,  25,  26,  27,  28,  29,  30,  31,  32,  33,  34,  35,  36,  37,  38,  39,
     40,  41,  42,  43,  44,  45,  46,  47,  48,  49,  50,  51,  52,  53,  54,  55,
     56,  57,  58,  59,  60,  61,  62,  63,  64,  65,  66,  67,  68,  69,  70,  71,
     72,  73,  74,  75,  76,  77,  78,  79,  80,  81,  82,  83,  84,  85,  86,  87,
     89,  90,  98,  99, 100, 103, 104, 106, 108, 110, 111, 112, 113, 114, 115, 116,
    117, 118, 119, 120, 121, 122, 123, 124, 125, 126, 127, 128, 129, 130, 131, 132,
    133, 134, 135, 136, 137, 138, 139, 140, 142, 143, 144, 146, 147, 149, 150, 151,
    152, 153, 154, 155, 156, 158, 159, 160, 161, 162, 164, 166, 167, 168, 169, 170,
    171, 174, 175, 176, 177, 179, 180, 182, 184, 185, 189, 190, 191,   0,   1,   2,
      3,   5,   6,   7,   8,   9,  10,  12,  14,  15,  16,  17,  18,  20,  21,  22,
     23,  24,  25,  26,  27,  28,  29,  30,  31,  32,  34,  35,  38,  41,  44,  45,
     46,  47,  48,  50,  53,  54,  55,  56,  57,  58,  59,  60,  61,  62,  63,  67,
     68,  69,  70,  71,  72,  73,  74,  75,  77,  79,  81,  82,  83,  84,  85,  86,
     87,  89,  90,  98,  99, 100, 102, 103, 104, 106, 108, 110, 111, 112, 113, 114,
    115, 116, 117, 127, 128, 129, 130, 131, 132, 134, 139, 142, 143, 144, 145, 146,
    147, 148, 155, 156, 165, 167, 168, 169, 170, 171, 173, 174, 175, 176, 177, 179,
    180, 182, 184, 185, 189, 190, 191,   0,   1,   2,   3,   4,   5,   6,   7,   9,
     10,  11,  12,  13,  14,  15,  16,  17,  18,  19,  20,  21,  22,  23,  24,  25,
     26,  27,  28,  30,  31,  32,  33,  34,  35,  36,  37,  38,  39,  40,  41,  42,
     43,  44,  45,  46,  47,  48,  49,  50,  51,  52,  53,  54,  55,  56,  57,  58,
     59,  60,  61,  62,  63,  64,  65,  66,  67,  68,  69,  70,  71,  72,  73,  74,
     75,  76,  77,  78,  79,  80,  81,  82,  83,  84,  85,  86,  87,  88,  90,  91,
     98, 101, 102, 103, 104, 106, 108, 109, 110, 111, 112, 113, 114, 115, 116, 117,
    118, 119, 120, 121, 122, 123, 124, 126, 127, 128, 129, 130, 131, 132, 134, 135,
    136, 137, 138, 139, 140, 141, 142, 143, 144, 145, 146, 147, 148, 149, 150, 151,
    152, 153, 154, 155, 156, 158, 159, 160, 161, 162, 163, 164, 166, 167, 168, 169,
    170, 171, 172, 174, 175, 176, 177, 179, 180, 181, 184, 189, 190, 191, 199,   1,
      6,   8,   9,  15,  16,  17,  18,  19,  20,  21,  22,  23,  24,  32,  33,  34,
     35,  36,  37,  38,  39,  40,  42,  43,  44,  45,  46,  47,  48,  49,  50,  51,
     52,  53,  54,  55,  56,  57,  58,  59,  61,  62,  63,  64,  65,  66,  67,  69,
     70,  72,  73,  74,  75,  76,  77,  78,  79,  80,  81,  82,  83,  84,  85,  86,
     87,  98, 108, 176, 177, 179, 180, 189, 190,   0,   1,   6,   7,   8,   9,  11,
     12,  13,  14,  15,  16,  17,  18,  19,  20,  21,  22,  23,  24,  26,  30,  32,
     33,  34,  35,  36,  37,  38,  39,  40,  41,  42,  43,  44,  45,  46,  47,  48,
     49,  50,  51,  52,  53,  54,  55,  56,  57,  59,  62,  63,  64,  65,  66,  67,
     68,  69,  70,  71,  72,  73,  74,  75,  76,  77,  78,  79,  80,  81,  82,  83,
     84,  85,  86,  87, 108, 177, 180, 190,   1,   6,   7,   8,   9,  11,  13,  14,
     15,  16,  17,  18,  19,  20,  21,  22,  23,  24,  25,  26,  32,  33,  34,  35,
     36,  37,  38,  39,  40,  41,  42,  43,  44,  45,  46,  47,  48,  49,  50,  51,
     52,  53,  54,  55,  56,  57,  59,  61,  62,  63,  64,  65,  66,  67,  68,  69,
     70,  71,  72,  73,  74,  75,  76,  77,  78,  79,  80,  81,  82,  83,  84,  85,
     86,  87, 114, 121, 127, 129, 132, 141, 146, 161, 164, 180,   0,   1,   2,   3,
      5,   6,   7,   8,   9,  10,  12,  13,  14,  16,  18,  19,  20,  22,  24,  25,
     26,  27,  28,  29,  30,  31,  32,  33,  34,  35,  36,  37,  38,  39,  40,  41,
     42,  43,  44,  45,  47,  49,  50,  51,  52,  53,  54,  56,  57,  58,  59,  60,
     61,  62,  63,  65,  66,  68,  69,  70,  71,  72,  73,  76,  77,  78,  80,  81,
     82,  83,  84,  85,  86,  89,  90,  97,  98,  99, 100, 102, 103, 104, 106, 107,
    108, 111, 112, 113, 114, 116, 117, 118, 119, 123, 124, 125, 127, 133, 139, 141,
    142, 143, 144, 145, 146, 147, 148, 150, 151, 152, 153, 154, 155, 156, 157, 160,
    161, 162, 163, 164, 165, 166, 167, 168, 169, 170, 171, 173, 174, 175, 176, 177,
    179, 180, 182, 183, 184, 185, 189, 190, 191,   0,   1,   2,   3,   5,   6,   7,
      8,   9,  10,  11,  12,  13,  14,  15,  16,  17,  18,  19,  20,  21,  22,  23,
     25,  26,  27,  28,  29,  30,  31,  32,  33,  34,  35,  36,  37,  38,  39,  40,
     41,  42,  43,  44,  45,  46,  47,  48,  49,  50,  51,  52,  53,  54,  55,  56,
     57,  58,  59,  60,  61,  62,  63,  64,  65,  66,  67,  68,  69,  70,  71,  72,
     73,  76,  77,  78,  79,  83,  85,  86,  87,  89,  90,  98,  99, 100, 103, 104,
    106, 108, 111, 118, 119, 133, 136, 137, 141, 142, 143, 144, 145, 146, 147, 148,
    149, 150, 151, 152, 153, 154, 155, 156, 157, 158, 160, 161, 162, 163, 164, 166,
    171, 172, 173, 174, 175, 176, 177, 179, 180, 182, 183, 184, 185, 189, 190,   0,
      1,   2,   5,   6,   7,   8,  10,  11,  12,  13,  14,  16,  17,  18,  19,  20,
     21,  22,  23,  24,  27,  28,  29,  30,  31,  32,  33,  34,  35,  36,  37,  38,
     39,  40,  41,  42,  43,  44,  45,  47,  49,  50,  51,  52,  53,  54,  55,  56,
     57,  58,  59,  60,  61,  63,  64,  65,  66,  68,  69,  71,  72,  73,  76,  77,
     78,  83,  84,  85,  86,  89,  90,  98, 100, 103, 104, 106, 108, 115, 117, 119,
    120, 122, 124, 133, 135, 136, 149, 150, 151, 152, 153, 158, 160, 161, 162, 163,
    164, 166, 171, 172, 173, 174, 175, 177, 180, 182, 184, 185, 189, 190, 191,   0,
      1,   2,   3,   5,   6,   7,   8,   9,  10,  12,  14,  16,  18,  19,  20,  22,
     27,  28,  29,  30,  31,  32,  33,  34,  35,  36,  37,  38,  40,  41,  44,  45,
     47,  50,  52,  53,  54,  55,  58,  59,  60,  61,  62,  64,  65,  66,  68,  69,
     70,  71,  73,  74,  75,  76,  78,  80,  82,  83,  85,  86,  89,  90,  98,  99,
    100, 103, 104, 106, 108, 111, 114, 118, 119, 120, 121, 122, 123, 124, 133, 138,
    140, 141, 142, 143, 144, 145, 146, 147, 148, 149, 150, 151, 152, 153, 154, 155,
    156, 157, 159, 160, 161, 162, 163, 164, 166, 167, 168, 169, 170, 171, 173, 174,
    175, 177, 180, 182, 184, 185, 189, 190, 191,   0,   1,   2,   3,   5,   6,   7,
      8,   9,  10,  11,  12,  13,  14,  15,  16,  17,  18,  19,  20,  21,  22,  23,
     24,  27,  28,  29,  30,  31,  33,  34,  35,  36,  37,  38,  39,  40,  41,  42,
     43,  44,  45,  46,  47,  48,  49,  50,  51,  52,  53,  54,  55,  56,  57,  58,
     59,  60,  61,  63,  64,  65,  66,  67,  69,  70,  71,  72,  73,  74,  75,  76,
     78,  79,  80,  83,  84,  89,  90,  98,  99, 100, 103, 104, 106, 108, 116, 117,
    119, 120, 121, 122, 123, 124, 125, 127, 129, 138, 139, 141, 149, 150, 151, 152,
    153, 154, 155, 156, 157, 158, 159, 160, 161, 162, 163, 164, 166, 172, 174, 175,
    176, 177, 179, 180, 182, 184, 185, 189, 191,   0,   1,   2,   3,   5,   6,   7,
      8,   9,  10,  11,  12,  13,  14,  18,  19,  20,  21,  22,  24,  27,  28,  29,
     30,  31,  32,  33,  35,  36,  37,  38,  39,  40,  41,  42,  43,  44,  45,  46,
     47,  48,  49,  51,  52,  53,  54,  55,  56,  57,  58,  59,  60,  61,  62,  63,
     64,  65,  66,  67,  68,  69,  70,  72,  73,  74,  75,  76,  77,  78,  79,  80,
     81,  82,  83,  84,  85,  86,  89,  90,  97,  98, 100, 103, 104, 106, 107, 108,
    118, 120, 132, 141, 142, 143, 144, 145, 146, 147, 148, 149, 150, 151, 152, 153,
    154, 155, 156, 157, 158, 159, 160, 161, 162, 163, 164, 166, 167, 168, 169, 170,
    171, 172, 174, 175, 176, 177, 179, 180, 182, 184, 185, 189, 190, 191,   0,   1,
      2,   3,   5,   6,   7,   8,  10,  11,  12,  13,  14,  16,  18,  19,  22,  24,
     26,  27,  28,  29,  30,  31,  33,  34,  35,  36,  37,  38,  39,  40,  41,  42,
     43,  45,  46,  47,  48,  49,  50,  51,  52,  53,  54,  55,  56,  57,  58,  59,
     60,  63,  64,  65,  66,  67,  68,  69,  70,  71,  72,  73,  74,  75,  76,  77,
     78,  79,  81,  82,  83,  84,  85,  86,  87,  89,  90,  98,  99, 100, 103, 104,
    106, 108, 118, 119, 120, 123, 124, 128, 132, 133, 138, 141, 148, 149, 150, 151,
    152, 153, 154, 155, 156, 157, 158, 159, 160, 161, 162, 163, 164, 166, 167, 168,
    169, 170, 171, 172, 173, 174, 175, 176, 177, 179, 180, 182, 184, 185, 189, 190,
    191,   0,   1,   2,   5,   6,   7,   8,   9,  10,  12,  13,  14,  15,  16,  17,
     18,  19,  20,  21,  22,  23,  24,  25,  26,  27,  28,  29,  30,  31,  32,  33,
     34,  35,  36,  37,  38,  39,  40,  41,  42,  43,  44,  45,  46,  47,  48,  49,
     50,  51,  52,  53,  54,  56,  57,  58,  59,  60,  61,  63,  67,  68,  69,  71,
     72,  74,  76,  77,  79,  81,  82,  83,  84,  86,  87,  89,  90,  98,  99, 100,
    103, 104, 106, 108, 111, 114, 118, 119, 120, 122, 123, 124, 127, 129, 133, 136,
    141, 158, 167, 168, 169, 170, 171, 172, 173, 174, 175, 176, 177, 179, 180, 182,
    183, 184, 185, 189, 190, 191,   0,   1,   2,   3,   5,   6,   7,   8,   9,  10,
     12,  13,  14,  15,  16,  18,  19,  20,  21,  22,  23,  24,  25,  26,  27,  28,
     29,  30,  31,  32,  33,  34,  35,  36,  37,  38,  39,  40,  41,  42,  43,  46,
     47,  48,  49,  50,  51,  52,  53,  54,  56,  57,  58,  59,  60,  61,  63,  64,
     65,  66,  67,  68,  69,  71,  72,  76,  77,  78,  81,  82,  83,  84,  86,  87,
     89,  90,  98,  99, 100, 103, 104, 106, 107, 108, 110, 112, 115, 117, 118, 119,
    122, 124, 128, 129, 132, 133, 134, 141, 149, 150, 151, 152, 153, 158, 160, 161,
    162, 163, 164, 166, 167, 168, 169, 170, 171, 172, 173, 174, 175, 176, 177, 179,
    180, 182, 183, 184, 185, 189, 190, 191,   0,   1,   2,   5,   6,   7,   8,   9,
     10,  11,  12,  13,  14,  15,  16,  17,  18,  19,  20,  21,  22,  23,  24,  25,
     26,  27,  28,  29,  30,  31,  32,  33,  34,  35,  36,  37,  38,  39,  40,  41,
     42,  43,  44,  45,  46,  47,  48,  49,  50,  51,  52,  53,  54,  55,  56,  57,
     58,  59,  60,  61,  62,  63,  64,  65,  66,  67,  68,  69,  70,  71,  72,  73,
     74,  75,  76,  77,  78,  79,  80,  81,  82,  83,  84,  85,  86,  87,  89,  90,
     98, 100, 103, 104, 106, 108, 111, 116, 121, 124, 137, 141, 142, 143, 144, 145,
    146, 147, 148, 149, 150, 151, 152, 153, 154, 155, 156, 157, 158, 159, 160, 161,
    162, 163, 164, 166, 167, 168, 169, 170, 171, 174, 175, 176, 177, 179, 180, 182,
    184, 185, 189, 190,   0,   1,   2,   3,   5,   6,   7,   8,   9,  10,  12,  13,
     14,  15,  16,  17,  18,  19,  20,  21,  22,  26,  27,  28,  29,  30,  31,  32,
     33,  34,  35,  36,  37,  38,  39,  40,  41,  42,  43,  44,  45,  46,  47,  48,
     49,  50,  51,  52,  53,  54,  55,  56,  57,  58,  59,  60,  61,  63,  64,  65,
     66,  67,  68,  69,  70,  71,  72,  73,  74,  75,  76,  77,  78,  79,  85,  87,
     89,  90,  98,  99, 100, 103, 104, 106, 117, 118, 119, 120, 121, 124, 128, 129,
    133, 134, 137, 138, 140, 141, 148, 149, 150, 151, 152, 153, 154, 155, 156, 157,
    158, 159, 160, 161, 162, 163, 164, 165, 166, 172, 174, 175, 176, 177, 179, 180,
    182, 184, 185, 189, 190, 191,   0,   1,   2,   3,   5,   6,   7,   8,   9,  10,
     12,  13,  14,  15,  16,  18,  19,  20,  21,  22,  23,  24,  25,  26,  27,  28,
     29,  30,  31,  32,  33,  34,  35,  36,  37,  38,  39,  40,  41,  42,  43,  44,
     46,  47,  48,  49,  50,  51,  52,  53,  54,  55,  56,  58,  59,  60,  61,  63,
     64,  65,  67,  68,  69,  71,  76,  77,  78,  81,  82,  83,  84,  85,  86,  89,
     90,  98,  99, 100, 103, 104, 106, 107, 108, 110, 111, 112, 113, 115, 117, 118,
    119, 120, 121, 122, 123, 124, 128, 129, 130, 131, 133, 134, 140, 141, 149, 158,
    160, 161, 162, 163, 164, 166, 167, 168, 169, 170, 171, 172, 173, 174, 175, 176,
    177, 179, 180, 182, 184, 185, 189, 190, 191,   0,   1,   2,   3,   5,   6,   7,
      8,   9,  10,  12,  13,  14,  15,  16,  17,  18,  19,  20,  21,  22,  23,  24,
     25,  26,  27,  28,  29,  30,  31,  32,  33,  34,  35,  36,  37,  38,  39,  40,
     41,  42,  43,  44,  45,  46,  47,  48,  49,  50,  51,  52,  53,  54,  56,  57,
     58,  59,  60,  61,  63,  64,  67,  68,  69,  71,  72,  74,  76,  77,  79,  81,
     82,  83,  84,  86,  87,  89,  90,  97,  98,  99, 100, 102, 103, 104, 106, 107,
    108, 111, 112, 114, 117, 119, 122, 124, 128, 129, 133, 136, 137, 138, 141, 158,
    160, 161, 163, 164, 167, 168, 169, 170, 171, 172, 173, 174, 175, 176, 177, 179,
    180, 182, 184, 185, 189, 190, 191,   0,   1,   2,   3,   5,   6,   7,   8,   9,
     10,  12,  13,  14,  15,  16,  17,  18,  19,  20,  21,  22,  23,  24,  25,  26,
     27,  28,  29,  30,  31,  32,  33,  35,  36,  37,  38,  39,  40,  41,  42,  43,
     44,  45,  46,  47,  48,  49,  50,  51,  52,  53,  54,  56,  57,  58,  59,  60,
     61,  63,  64,  67,  68,  69,  71,  72,  77,  79,  81,  82,  83,  84,  85,  86,
     87,  89,  90,  97,  98,  99, 100, 101, 102, 103, 104, 106, 107, 108, 111, 114,
    115, 118, 119, 120, 121, 122, 123, 124, 128, 129, 131, 132, 133, 136, 138, 141,
    158, 165, 167, 168, 169, 170, 171, 172, 173, 174, 175, 176, 177, 179, 180, 182,
    184, 185, 189, 190, 191,   0,   1,   2,   3,   5,   6,   7,   8,   9,  10,  11,
     12,  13,  14,  15,  16,  17,  18,  19,  20,  21,  22,  23,  25,  26,  27,  28,
     29,  30,  32,  33,  34,  35,  36,  37,  38,  39,  40,  41,  42,  43,  44,  45,
     46,  47,  48,  49,  50,  51,  52,  53,  54,  55,  56,  57,  58,  59,  60,  61,
     62,  63,  64,  65,  66,  67,  68,  69,  70,  71,  72,  73,  76,  77,  78,  79,
     83,  85,  86,  87,  89,  90,  98,  99, 100, 103, 104, 106, 107, 108, 112, 114,
    117, 119, 124, 133, 136, 141, 142, 143, 144, 145, 146, 147, 148, 149, 150, 151,
    152, 153, 154, 155, 156, 157, 158, 160, 161, 162, 163, 164, 166, 171, 172, 173,
    174, 175, 176, 177, 179, 180, 182, 184, 185, 189, 190, 191,   0,   1,   2,   3,
      5,   6,   7,   8,   9,  10,  11,  12,  13,  14,  15,  16,  17,  18,  19,  20,
     21,  22,  23,  25,  26,  27,  28,  29,  30,  31,  32,  33,  34,  35,  36,  37,
     38,  39,  40,  41,  42,  43,  44,  45,  46,  47,  48,  49,  50,  51,  52,  53,
     54,  55,  56,  57,  58,  59,  60,  61,  62,  63,  64,  65,  66,  67,  68,  69,
     70,  71,  72,  73,  76,  77,  78,  79,  83,  85,  86,  87,  89,  90,  98,  99,
    100, 102, 103, 104, 106, 108, 111, 112, 115, 117, 119, 125, 129, 133, 141, 142,
    143, 144, 145, 146, 147, 148, 149, 150, 151, 152, 153, 154, 155, 156, 157, 158,
    160, 161, 162, 163, 164, 166, 171, 172, 173, 174, 175, 176, 177, 179, 180, 182,
    184, 185, 189, 190, 191,   0,   1,   2,   5,   6,   7,   8,   9,  10,  12,  13,
     16,  17,  18,  20,  22,  25,  26,  27,  28,  29,  30,  31,  33,  34,  35,  36,
     37,  38,  39,  40,  41,  42,  43,  44,  45,  46,  47,  48,  49,  50,  51,  52,
     53,  54,  55,  56,  57,  58,  59,  60,  61,  62,  63,  64,  65,  66,  67,  69,
     70,  71,  72,  73,  76,  77,  78,  79,  80,  84,  87,  89,  90,  98, 100, 102,
    103, 104, 106, 108, 120, 121, 133, 142, 143, 144, 145, 146, 147, 148, 149, 150,
    151, 152, 153, 154, 155, 156, 157, 160, 161, 162, 164, 174, 175, 176, 177, 179,
    180, 182, 184, 185, 190,   0,   2,   3,   5,   7,   8,  10,  11,  12,  13,  14,
     15,  16,  17,  18,  19,  20,  21,  22,  23,  24,  25,  27,  28,  29,  30,  31,
     32,  33,  35,  36,  37,  38,  39,  40,  41,  42,  43,  44,  45,  47,  49,  50,
     51,  52,  53,  54,  55,  56,  57,  58,  59,  60,  61,  62,  63,  64,  65,  66,
     68,  69,  70,  71,  72,  73,  75,  76,  77,  78,  79,  80,  83,  84,  85,  86,
     87,  89,  90,  97,  98,  99, 100, 103, 104, 106, 107, 110, 112, 113, 114, 118,
    119, 120, 123, 124, 133, 137, 138, 139, 140, 141, 142, 143, 144, 145, 146, 147,
    148, 149, 150, 151, 152, 153, 154, 155, 156, 157, 158, 159, 160, 161, 162, 163,
    164, 165, 166, 171, 172, 173, 174, 175, 176, 177, 179, 180, 182, 184, 185, 189,
    190, 191,   0,   1,   2,   3,   5,   6,   7,   8,   9,  10,  12,  14,  16,  17,
     18,  20,  22,  24,  25,  26,  27,  28,  29,  30,  31,  33,  34,  35,  36,  37,
     39,  40,  41,  42,  43,  44,  45,  47,  49,  50,  51,  52,  53,  54,  55,  56,
     57,  58,  59,  60,  61,  62,  63,  65,  66,  67,  68,  69,  70,  71,  72,  73,
     74,  75,  77,  78,  79,  82,  83,  84,  85,  86,  87,  89,  90,  98,  99, 100,
    102, 103, 104, 106, 108, 118, 120, 121, 123, 124, 133, 136, 138, 141, 142, 143,
    144, 145, 146, 147, 148, 150, 151, 152, 153, 154, 155, 156, 157, 159, 167, 168,
    169, 170, 171, 172, 173, 174, 175, 176, 177, 179, 180, 182, 184, 185, 189, 190,
    191,   0,   1,   2,   3,   5,   6,   7,   8,   9,  10,  11,  12,  14,  15,  16,
     18,  19,  20,  21,  22,  27,  28,  29,  30,  31,  32,  33,  34,  35,  36,  37,
     39,  40,  41,  42,  43,  44,  45,  46,  47,  48,  49,  50,  52,  53,  54,  55,
     56,  58,  59,  60,  61,  62,  63,  64,  65,  66,  67,  68,  69,  70,  71,  72,
     73,  74,  75,  76,  77,  78,  79,  80,  81,  82,  83,  84,  85,  86,  89,  90,
     97,  98,  99, 100, 102, 103, 104, 106, 107, 108, 111, 112, 113, 114, 117, 118,
    119, 120, 121, 122, 123, 124, 125, 129, 131, 132, 133, 134, 136, 138, 139, 141,
    142, 143, 144, 145, 146, 147, 148, 149, 150, 151, 152, 153, 154, 155, 156, 157,
    158, 159, 160, 161, 162, 163, 164, 165, 166, 167, 168, 169, 170, 171, 172, 173,
    174, 175, 177, 180, 182, 184, 185, 189, 190, 191,   0,   1,   2,   3,   5,   6,
      7,   8,   9,  10,  12,  13,  14,  15,  16,  17,  18,  19,  20,  21,  22,  23,
     24,  25,  26,  27,  28,  29,  30,  31,  32,  33,  34,  35,  36,  37,  38,  39,
     40,  41,  42,  43,  44,  45,  46,  47,  48,  49,  50,  51,  52,  53,  54,  55,
     56,  57,  58,  59,  60,  61,  62,  63,  64,  65,  66,  67,  68,  69,  70,  71,
     72,  73,  74,  75,  76,  77,  78,  79,  80,  81,  82,  83,  84,  85,  86,  87,
     89,  90,  97,  98,  99, 100, 103, 104, 106, 108, 112, 117, 118, 119, 121, 123,
    125, 132, 133, 141, 142, 143, 144, 145, 146, 147, 149, 150, 151, 152, 153, 154,
    155, 156, 157, 158, 159, 160, 161, 162, 163, 164, 166, 167, 168, 169, 170, 171,
    172, 173, 174, 175, 176, 177, 179, 180, 182, 184, 185, 189, 190, 191,   1,   2,
      3,   5,   6,   7,   8,   9,  10,  11,  12,  13,  14,  15,  16,  17,  18,  19,
     20,  23,  24,  27,  28,  29,  30,  31,  32,  33,  34,  35,  36,  37,  38,  39,
     40,  41,  42,  43,  44,  45,  46,  47,  48,  49,  50,  51,  52,  53,  54,  55,
     56,  57,  58,  59,  60,  61,  62,  63,  64,  65,  66,  67,  68,  69,  70,  72,
     73,  74,  75,  76,  77,  78,  79,  80,  81,  82,  83,  84,  85,  86,  89,  98,
    100, 104, 106, 108, 118, 120, 124, 133, 142, 143, 144, 145, 146, 147, 149, 150,
    151, 152, 153, 154, 155, 156, 157, 158, 159, 160, 161, 162, 163, 164, 166, 167,
    168, 169, 170, 171, 172, 173, 174, 175, 176, 177, 179, 180, 182, 184, 185, 189,
    190,   1,   2,   3,   5,   6,   8,   9,  10,  11,  12,  13,  14,  15,  16,  17,
     18,  19,  20,  22,  24,  27,  28,  29,  30,  31,  32,  33,  34,  35,  36,  37,
     38,  39,  40,  41,  42,  43,  44,  45,  46,  47,  48,  49,  51,  52,  53,  54,
     55,  56,  57,  58,  59,  60,  61,  63,  64,  65,  67,  68,  69,  70,  71,  72,
     73,  74,  75,  76,  77,  78,  79,  80,  81,  82,  83,  84,  85,  86,  87,  89,
     90,  98,  99, 100, 103, 104, 106, 108, 114, 119, 128, 129, 130, 132, 141, 148,
    149, 154, 155, 156, 157, 159, 160, 161, 162, 163, 164, 166, 167, 168, 169, 170,
    171, 172, 173, 174, 175, 176, 177, 179, 180, 182, 184, 185, 189, 190, 191,   0,
      1,   2,   3,   5,   6,   7,   8,   9,  10,  12,  13,  14,  16,  18,  19,  20,
     21,  22,  24,  25,  26,  27,  28,  29,  30,  31,  32,  33,  35,  36,  37,  39,
     40,  41,  42,  43,  44,  47,  49,  50,  52,  53,  54,  55,  56,  58,  59,  60,
     61,  62,  63,  64,  65,  66,  67,  68,  69,  70,  73,  74,  75,  76,  77,  78,
     79,  80,  81,  83,  84,  85,  86,  87,  89,  90,  98,  99, 100, 103, 104, 106,
    107, 108, 120, 142, 143, 144, 145, 146, 147, 148, 149, 150, 151, 152, 153, 154,
    155, 156, 157, 158, 159, 160, 161, 162, 163, 164, 166, 171, 172, 174, 175, 176,
    177, 179, 180, 182, 184, 185, 189, 190, 191,   0,   1,   2,   3,   5,   6,   7,
      8,  10,  11,  12,  13,  14,  15,  16,  17,  18,  19,  20,  24,  25,  26,  27,
     28,  29,  30,  31,  32,  33,  34,  35,  36,  37,  38,  39,  40,  41,  42,  43,
     44,  45,  46,  47,  48,  49,  50,  51,  52,  53,  54,  55,  56,  57,  58,  59,
     60,  61,  62,  63,  64,  65,  66,  68,  69,  71,  72,  73,  74,  75,  76,  77,
     78,  80,  81,  82,  83,  84,  85,  86,  87,  89,  90,  98,  99, 100, 103, 104,
    106, 108, 111, 118, 119, 120, 132, 133, 139, 142, 143, 144, 145, 146, 147, 148,
    149, 150, 151, 152, 153, 158, 159, 160, 161, 162, 163, 164, 166, 167, 168, 169,
    170, 171, 172, 174, 175, 176, 177, 179, 180, 182, 184, 185, 189, 190, 191,   0,
      1,   2,   3,   5,   6,   7,   8,   9,  10,  12,  14,  16,  18,  19,  20,  22,
     23,  24,  27,  28,  29,  30,  31,  32,  33,  34,  35,  36,  37,  38,  39,  40,
     41,  42,  43,  45,  46,  47,  48,  49,  50,  52,  53,  54,  56,  58,  59,  60,
     61,  62,  63,  64,  67,  68,  69,  72,  74,  75,  76,  77,  79,  80,  81,  82,
     83,  84,  85,  87,  89,  90,  98,  99, 100, 102, 103, 104, 106, 108, 117, 122,
    124, 137, 141, 142, 143, 144, 145, 146, 147, 148, 149, 159, 160, 161, 162, 163,
    164, 165, 167, 168, 169, 170, 174, 175, 176, 177, 179, 180, 182, 184, 185, 189,
    190, 191,   1,   6,   7,   9,  10,  11,  12,  13,  14,  15,  16,  17,  18,  19,
     20,  21,  22,  23,  24,  25,  30,  31,  32,  33,  34,  35,  36,  37,  38,  39,
     40,  41,  42,  43,  44,  45,  46,  47,  48,  49,  50,  51,  52,  53,  54,  55,
     56,  57,  58,  60,  62,  63,  64,  65,  66,  67,  68,  69,  70,  71,  72,  73,
     74,  75,  76,  77,  78,  79,  80,  81,  82,  83,  84,  85,  86,  87,  88,  89,
     98,  99, 101, 108, 177, 179, 180, 181, 184, 189, 190,   1,   6,   7,   8,   9,
     10,  11,  12,  13,  25,  26,  28,  32,  33,  34,  35,  36,  37,  38,  39,  40,
     41,  42,  43,  44,  45,  46,  47,  49,  50,  51,  52,  53,  54,  55,  56,  57,
     59,  60,  62,  64,  65,  66,  67,  68,  69,  70,  71,  72,  74,  75,  76,  77,
     79,  80,  81,  82,  84,  85,  87,  88,  89, 108, 177, 180, 190,   0,   1,   6,
      7,   8,   9,  11,  12,  13,  14,  15,  16,  17,  18,  19,  20,  21,  22,  23,
     24,  25,  26,  30,  32,  33,  34,  35,  36,  37,  38,  39,  40,  41,  42,  43,
     44,  45,  46,  47,  48,  49,  50,  51,  52,  53,  54,  55,  56,  57,  59,  62,
     63,  64,  65,  66,  67,  68,  69,  70,  71,  72,  73,  74,  75,  76,  77,  78,
     79,  80,  81,  82,  83,  84,  85,  86,  87,  98, 108, 111, 121, 134, 140, 143,
    153, 172, 176, 177, 179, 180, 189, 190,   1,   6,   8,  15,  16,  17,  18,  19,
     20,  21,  22,  23,  24,  33,  35,  36,  37,  39,  40,  42,  43,  44,  45,  47,
     49,  50,  51,  52,  53,  54,  55,  56,  57,  63,  67,  69,  70,  71,  72,  73,
     74,  75,  77,  79,  80,  81,  82,  83,  86,  87,  91,  98, 108, 109, 119, 127,
    136, 180, 189, 190,   0,   1,   6,   8,  11,  12,  13,  14,  15,  16,  17,  18,
     19,  20,  21,  22,  23,  24,  25,  26,  30,  59, 103, 104, 106, 108, 190,   0,
      1,   6,   8,  11,  12,  13,  14,  15,  16,  17,  18,  19,  20,  21,  22,  23,
     24,  25,  26,  30,  59, 103, 104, 106, 108, 177, 190,   0,   1,   6,   8,  11,
     12,  13,  14,  15,  16,  17,  18,  19,  20,  21,  22,  23,  24,  25,  26,  30,
     59, 103, 104, 106,  15,  16,  17,  18,  19,  20,  21,  22,  23,  24,   8,  16,
     17,  24,  32,  33,  34,  35,  36,  37,  38,  39,  40,  41,  42,  43,  44,  45,
     46,  47,  48,  49,  50,  51,  52,  53,  54,  55,  56,  57,   1,   6,   8,  11,
     12,  13,  25,  26, 108, 177, 180, 190,   0,   1,   2,   3,   5,   6,   7,   8,
      9,  10,  11,  12,  13,  14,  15,  16,  17,  18,  19,  20,  21,  22,  27,  28,
     30,  31,  32,  33,  35,  36,  37,  38,  39,  40,  41,  42,  43,  45,  47,  49,
     50,  52,  53,  54,  55,  56,  57,  58,  59,  60,  62,  63,  64,  65,  66,  68,
     69,  71,  72,  73,  76,  77,  78,  83,  84,  85,  86,  87,  88,  89,  90,  91,
     93,  95,  96,  98,  99, 101, 103, 104, 106, 108, 110, 111, 112, 113, 114, 115,
    116, 118, 119, 120, 121, 122, 123, 124, 125, 127, 133, 135, 136, 137, 138, 139,
    141, 142, 143, 144, 145, 146, 147, 148, 149, 150, 151, 152, 153, 160, 161, 162,
    163, 164, 165, 166, 171, 174, 175, 176, 177, 178, 179, 180, 181, 182, 183, 184,
    188, 189, 190, 194, 199,   7,   8,  12,  15,  16,  17,  18,  19,  20,  21,  22,
     23,  24,  32,  33,  34,  35,  36,  37,  38,  39,  40,  41,  42,  43,  44,  45,
     46,  47,  48,  49,  50,  51,  53,  54,  55,  56,  57,  62,  63,  64,  65,  66,
     67,  68,  69,  70,  71,  72,  73,  74,  75,  76,  77,  78,  79,  80,  81,  83,
     84,  85,  86,  87,   0,   1,   6,   8,  11,  12,  13,  14,  25,  26,  30,  98,
    108, 176, 177, 179, 180, 189, 190,   0,   1,   6,   8,   9,  11,  12,  13,  14,
     15,  16,  17,  18,  19,  20,  21,  22,  23,  24,  25,  26,  30,  32,  33,  34,
     35,  36,  37,  38,  39,  40,  41,  42,  43,  44,  45,  46,  47,  49,  50,  51,
     52,  53,  54,  55,  56,  57,  59,  62,  63,  64,  65,  66,  67,  68,  70,  71,
     72,  73,  74,  75,  76,  77,  79,  80,  81,  82,  83,  85,  86,  87, 103, 104,
    106, 108, 174, 175, 177, 179, 180, 190,   1,   6,   7,   8,  12,  15,  16,  17,
     18,  19,  20,  21,  22,  23,  24,  32,  33,  34,  35,  36,  37,  38,  39,  40,
     41,  42,  43,  44,  47,  49,  50,  53,  55,  57,  62,  63,  64,  65,  66,  67,
     70,  71,  72,  73,  77,  79,  80,  83,  85,  87,   0,   7,   8,  10,  11,  12,
     13,  14,  25,  26,  28,  30,  32,  33,  34,  35,  36,  37,  39,  40,  42,  43,
     44,  45,  47,  49,  50,  51,  52,  53,  54,  55,  57,  59,  89,  98, 102, 103,
    104, 106, 133, 174, 175, 177, 179, 180, 189, 190, 192,   1,   6,   7,   8,   9,
     10,  11,  12,  13,  14,  25,  26,  28,  30,  32,  33,  34,  35,  36,  37,  38,
     39,  40,  42,  43,  44,  45,  46,  47,  49,  50,  51,  52,  53,  54,  55,  57,
     59,  89,  98, 102, 104, 108, 133, 177, 179, 189, 192,   1,   6,   8,  12,  13,
     32,  33,  34,  35,  37,  39,  41,  42,  43,  45,  46,  47,  50,  51,  53,  54,
     63,  64,  66,  68,  70,  72,  73,  74,  76,  77,  79,  80,  81,  82,  84,  85,
     86, 103, 104, 108, 177, 180, 190,   0,   1,   6,   8,   9,  10,  11,  12,  13,
     14,  25,  26,  30,  32,  33,  35,  36,  37,  38,  39,  40,  42,  43,  44,  45,
     47,  49,  50,  51,  52,  55,  56,  57,  59,  98, 103, 108, 189, 192,   1,   6,
      8,   9,  11,  12,  13,  14,  25,  26, 177, 180,   0,   1,   2,   3,   4,   5,
      6,   8,   9,  10,  11,  12,  13,  14,  15,  16,  17,  18,  19,  20,  21,  22,
     25,  26,  28,  29,  30,  31,  32,  33,  34,  35,  36,  37,  38,  39,  40,  41,
     42,  43,  44,  45,  46,  47,  48,  49,  50,  51,  52,  53,  54,  55,  56,  57,
     59,  62,  63,  64,  65,  66,  67,  69,  70,  71,  72,  73,  74,  75,  76,  77,
     78,  79,  80,  81,  82,  83,  84,  85,  86,  87,  89,  90,  91,  95,  98,  99,
    103, 104, 106, 108, 109, 110, 111, 112, 114, 115, 116, 117, 119, 123, 124, 127,
    129, 130, 132, 134, 136, 138, 142, 143, 144, 146, 147, 148, 149, 151, 155, 156,
    161, 164, 166, 168, 170, 174, 175, 176, 177, 178, 179, 180, 181, 182, 183, 184,
    188, 189, 190, 199,   1,   6,   8,  15,  16,  17,  18,  19,  20,  21,  22,  23,
     24,  32,  33,  34,  35,  36,  37,  38,  39,  40,  41,  42,  43,  44,  45,  46,
     47,  48,  49,  50,  51,  52,  53,  54,  55,  56,  57,  62,  63,  64,  65,  66,
     67,  68,  69,  70,  71,  72,  73,  74,  75,  76,  77,  78,  79,  80,  81,  82,
     83,  84,  85,  86,  87,  91, 108, 109, 119, 129, 136, 168, 177, 179, 190,   0,
      1,   6,   7,   8,   9,  11,  12,  14,  16,  17,  30,  32,  34,  37,  38,  41,
     44,  45,  46,  48,  50,  51,  52,  53,  54,  55,  56,  57,  59,  62,  63,  64,
     65,  66,  68,  69,  70,  71,  72,  73,  75,  76,  77,  78,  79,  80,  81,  82,
     83,  84,  85,  86,  87,  98, 103, 104, 106, 108, 110, 111, 112, 114, 117, 127,
    128, 129, 134, 135, 136, 138, 142, 143, 146, 154, 155, 157, 160, 174, 175, 176,
    177, 179, 180, 182, 184, 185, 189, 190,   0,   1,   6,   7,   8,   9,  11,  12,
     14,  16,  30,  32,  34,  37,  38,  41,  44,  45,  46,  48,  50,  51,  52,  53,
     54,  55,  56,  57,  59,  62,  63,  64,  65,  66,  68,  69,  70,  71,  72,  73,
     75,  76,  77,  78,  79,  80,  81,  82,  83,  84,  85,  86,  87,  98, 100, 103,
    104, 106, 108, 110, 111, 112, 113, 114, 116, 117, 127, 128, 129, 130, 132, 135,
    136, 138, 139, 142, 143, 148, 149, 154, 155, 157, 158, 159, 174, 175, 176, 177,
    179, 180, 182, 184, 185, 189, 190,   0,   1,   6,   7,   8,  11,  12,  14,  21,
     30,  32,  34,  37,  38,  41,  44,  45,  46,  48,  50,  51,  52,  53,  54,  55,
     56,  57,  59,  62,  63,  64,  65,  68,  69,  70,  71,  72,  73,  75,  76,  77,
     78,  79,  80,  81,  82,  83,  84,  85,  86,  87,  98, 103, 104, 106, 108, 110,
    112, 113, 117, 128, 137, 138, 139, 144, 149, 176, 177, 179, 180, 182, 185, 189,
    190,   0,   1,   6,   7,   8,   9,  11,  12,  14,  15,  30,  32,  34,  37,  38,
     41,  44,  45,  46,  50,  51,  52,  53,  54,  55,  56,  57,  59,  63,  65,  66,
     68,  69,  70,  71,  73,  75,  76,  77,  79,  80,  81,  82,  83,  84,  87,  97,
     98, 103, 104, 106, 108, 111, 113, 114, 127, 129, 131, 135, 139, 145, 163, 175,
    176, 177, 179, 180, 182, 184, 185, 189, 190,   0,   1,   6,   7,   8,  11,  12,
     14,  17,  30,  32,  34,  37,  38,  41,  44,  45,  46,  48,  50,  51,  52,  53,
     54,  55,  56,  57,  59,  61,  62,  63,  64,  65,  66,  68,  69,  70,  71,  72,
     73,  75,  76,  77,  78,  79,  80,  81,  82,  83,  84,  85,  86,  87,  98, 100,
    103, 104, 106, 108, 111, 112, 114, 115, 117, 127, 129, 131, 132, 135, 136, 138,
    139, 144, 146, 152, 158, 164, 170, 174, 175, 176, 177, 179, 180, 182, 184, 185,
    189, 190,   0,   1,   6,   7,   8,   9,  11,  12,  14,  15,  16,  30,  32,  34,
     37,  38,  41,  44,  45,  46,  48,  50,  51,  52,  53,  54,  55,  56,  57,  59,
     62,  63,  64,  65,  66,  68,  69,  70,  71,  72,  73,  75,  77,  79,  80,  81,
     82,  83,  84,  85,  86,  87,  98, 103, 104, 106, 108, 114, 115, 116, 117, 127,
    132, 134, 147, 148, 159, 174, 176, 177, 179, 180, 182, 185, 189, 190,   1,   6,
      7,   8,  12,  14,  30,  32,  38,  39,  41,  44,  45,  50,  51,  52,  53,  55,
     57,  59,  62,  63,  64,  65,  66,  68,  72,  73,  74,  76,  77,  78,  80,  81,
     83,  84,  85,  98, 103, 104, 106, 108, 111, 116, 127, 136, 148, 151, 158, 161,
    172, 174, 177, 180, 182, 185, 189, 190,   0,   1,   6,   7,   8,   9,  11,  12,
     13,  14,  20,  25,  26,  30,  33,  34,  35,  36,  37,  38,  39,  40,  41,  42,
     43,  45,  46,  47,  48,  49,  50,  51,  53,  54,  55,  56,  59,  62,  63,  64,
     65,  66,  67,  68,  69,  70,  71,  74,  75,  76,  77,  78,  79,  81,  82,  83,
     84,  85,  86,  87,  98, 103, 104, 106, 108, 116, 117, 118, 119, 120, 121, 122,
    123, 124, 125, 128, 129, 130, 131, 132, 134, 139, 142, 144, 145, 146, 148, 149,
    150, 151, 152, 153, 154, 155, 156, 160, 164, 168, 169, 170, 171, 175, 176, 177,
    179, 180, 182, 185, 189, 190,   1,   6,   7,   8,  12,  14,  16,  30,  32,  38,
     39,  41,  44,  45,  50,  51,  52,  53,  54,  55,  57,  59,  62,  63,  64,  65,
     66,  68,  71,  72,  73,  74,  76,  77,  78,  80,  81,  82,  83,  84,  85,  86,
     87,  98, 103, 104, 106, 108, 110, 111, 112, 114, 127, 135, 138, 149, 150, 151,
    174, 175, 177, 180, 182, 184, 185, 189, 190,   1,   6,   7,   8,   9,  12,  14,
     16,  17,  18,  30,  32,  38,  39,  41,  44,  45,  50,  51,  52,  53,  54,  55,
     57,  59,  61,  62,  63,  64,  65,  66,  68,  71,  72,  73,  74,  76,  77,  78,
     80,  81,  82,  83,  84,  85,  86,  87,  98, 103, 104, 106, 108, 110, 111, 112,
    114, 115, 127, 135, 136, 137, 138, 150, 151, 155, 161, 167, 174, 175, 177, 180,
    182, 184, 185, 189, 190,   1,   6,   7,   8,   9,  12,  14,  16,  17,  30,  32,
     38,  39,  41,  44,  45,  50,  51,  52,  53,  54,  55,  57,  59,  62,  63,  64,
     65,  66,  68,  71,  72,  73,  74,  77,  78,  80,  81,  82,  83,  84,  85,  86,
     87,  98, 103, 104, 106, 108, 110, 112, 135, 136, 137, 149, 151, 152, 174, 177,
    180, 182, 184, 185, 189, 190,   1,   6,   7,   8,   9,  12,  14,  16,  17,  18,
     20,  30,  32,  38,  39,  41,  44,  45,  50,  51,  52,  53,  54,  55,  57,  59,
     62,  64,  65,  66,  68,  71,  72,  73,  74,  76,  77,  80,  81,  82,  83,  84,
     87,  98, 103, 104, 106, 108, 110, 111, 114, 127, 135, 153, 174, 175, 177, 180,
    182, 184, 185, 189, 190,   0,   1,   6,   7,   8,  11,  12,  13,  14,  25,  26,
     30,  34,  37,  38,  41,  45,  46,  48,  50,  52,  53,  54,  55,  56,  57,  59,
     62,  63,  64,  65,  66,  67,  68,  70,  71,  74,  75,  76,  77,  79,  80,  81,
     82,  84,  85,  86,  87,  98, 103, 104, 106, 108, 117, 128, 129, 135, 136, 175,
    177, 180, 182, 184, 185, 189, 190,   0,   1,   6,   7,   8,   9,  11,  12,  13,
     14,  15,  16,  25,  26,  30,  34,  37,  38,  41,  45,  46,  48,  50,  52,  53,
     54,  55,  56,  57,  59,  62,  63,  64,  65,  66,  67,  68,  70,  71,  74,  75,
     76,  77,  78,  79,  80,  81,  82,  83,  84,  85,  86,  87,  97,  98, 103, 104,
    106, 108, 116, 117, 122, 127, 128, 129, 130, 132, 134, 135, 136, 143, 155, 158,
    159, 161, 172, 174, 175, 177, 180, 182, 184, 185, 189, 190,   1,   5,   6,   7,
      8,  11,  12,  13,  14,  16,  19,  25,  26,  30,  34,  37,  38,  41,  45,  46,
     48,  50,  52,  53,  54,  55,  56,  57,  59,  62,  63,  64,  65,  67,  68,  69,
     70,  71,  72,  73,  74,  75,  76,  77,  78,  79,  80,  81,  82,  83,  84,  85,
     86,  87,  97,  98, 103, 108, 116, 117, 124, 127, 128, 130, 132, 137, 149, 152,
    156, 174, 175, 177, 180, 182, 184, 185, 189, 190,   0,   1,   6,   7,   8,  11,
     12,  13,  14,  25,  26,  30,  34,  37,  38,  41,  45,  46,  48,  50,  52,  53,
     54,  55,  56,  57,  59,  62,  63,  65,  74,  75,  76,  79,  80,  81,  84,  86,
     98, 103, 104, 106, 108, 117, 127, 128, 129, 130, 132, 135, 136, 142, 157, 177,
    180, 182, 184, 185, 189, 190,   1,   6,   7,   8,  11,  12,  13,  14,  16,  25,
     30,  32,  33,  34,  35,  36,  37,  38,  39,  40,  41,  42,  43,  44,  45,  46,
     47,  49,  50,  51,  53,  54,  56,  57,  59,  62,  66,  76,  82,  98, 103, 104,
    106, 110, 111, 112, 116, 118, 119, 122, 123, 129, 130, 132, 134, 139, 140, 142,
    148, 158, 176, 177, 179, 180, 182, 184, 185, 189,   0,   1,   6,   7,   8,  11,
     12,  13,  14,  15,  25,  26,  30,  32,  33,  34,  35,  36,  37,  39,  40,  41,
     42,  43,  44,  45,  47,  49,  50,  51,  52,  53,  54,  55,  56,  57,  59,  62,
     66,  68,  70,  76,  79,  82,  86, 103, 104, 106, 108, 110, 111, 112, 113, 114,
    115, 117, 118, 119, 121, 122, 123, 124, 127, 135, 136, 138, 139, 142, 143, 151,
    155, 159, 161, 168, 177, 180, 182, 184, 185, 190,   1,   6,   7,   8,  11,  12,
     13,  14,  25,  30,  32,  33,  34,  35,  36,  37,  38,  39,  40,  41,  42,  43,
     44,  45,  46,  47,  48,  49,  50,  51,  53,  55,  56,  57,  59,  61,  62,  63,
     64,  65,  66,  67,  69,  72,  73,  74,  75,  76,  77,  79,  80,  81,  82,  83,
     84,  86,  87,  98, 103, 104, 106, 108, 110, 111, 117, 118, 119, 120, 121, 122,
    123, 125, 127, 128, 129, 132, 160, 161, 174, 176, 177, 179, 180, 182, 184, 185,
    189, 190,   1,   6,   7,   8,  11,  12,  13,  14,  16,  17,  18,  21,  22,  25,
     30,  32,  33,  34,  35,  36,  37,  38,  39,  40,  41,  42,  43,  44,  45,  46,
     47,  48,  49,  50,  51,  53,  55,  56,  57,  59,  62,  63,  64,  65,  66,  67,
     69,  72,  73,  74,  75,  76,  77,  78,  79,  80,  81,  82,  83,  84,  86,  87,
     98, 100, 103, 104, 106, 108, 110, 111, 114, 116, 117, 118, 119, 120, 121, 122,
    123, 125, 127, 128, 129, 130, 131, 132, 134, 139, 140, 143, 148, 151, 158, 159,
    160, 161, 164, 168, 172, 174, 175, 176, 177, 179, 180, 182, 184, 185, 189, 190,
      1,   6,   7,   8,  11,  12,  13,  14,  16,  24,  25,  30,  32,  33,  34,  35,
     36,  37,  38,  39,  40,  41,  42,  43,  44,  45,  46,  47,  48,  49,  50,  51,
     53,  55,  56,  57,  59,  62,  63,  64,  65,  67,  69,  72,  73,  74,  75,  76,
     77,  79,  80,  81,  82,  83,  84,  87,  98, 103, 104, 106, 108, 111, 112, 116,
    117, 118, 120, 121, 122, 123, 124, 125, 127, 128, 130, 140, 149, 162, 170, 174,
    175, 176, 177, 179, 180, 182, 185, 189, 190,   1,   6,   7,   8,  11,  12,  13,
     14,  25,  30,  32,  33,  34,  35,  36,  37,  38,  39,  40,  41,  42,  43,  44,
     45,  46,  47,  48,  49,  50,  51,  53,  56,  57,  59,  62,  63,  64,  65,  66,
     67,  69,  72,  73,  74,  75,  77,  79,  80,  81,  82,  83,  84,  87, 103, 104,
    106, 108, 113, 114, 118, 123, 127, 131, 132, 163, 164, 174, 177, 179, 180, 182,
    184, 185, 190,   1,   6,   7,   8,  11,  12,  13,  14,  16,  17,  18,  25,  30,
     32,  33,  34,  35,  36,  37,  38,  39,  40,  41,  42,  43,  44,  45,  46,  47,
     48,  49,  50,  51,  53,  55,  56,  57,  59,  61,  62,  63,  64,  65,  66,  67,
     69,  72,  73,  74,  75,  76,  77,  78,  79,  80,  81,  82,  83,  84,  86,  87,
     98, 103, 104, 106, 108, 110, 111, 112, 114, 115, 117, 118, 119, 120, 121, 122,
    123, 124, 125, 127, 128, 129, 130, 131, 132, 134, 139, 140, 146, 149, 158, 159,
    164, 170, 171, 174, 176, 177, 179, 180, 182, 185, 189, 190,   1,   6,   7,   8,
     12,  15,  16,  17,  18,  19,  20,  21,  22,  23,  24,  32,  33,  34,  35,  36,
     37,  38,  39,  40,  41,  42,  43,  44,  45,  46,  47,  48,  49,  50,  51,  52,
     53,  54,  55,  56,  57,  62,  63,  64,  65,  66,  67,  68,  69,  70,  72,  73,
     74,  75,  77,  78,  79,  80,  81,  83,  84,  86,  87, 179, 180,   1,   6,   7,
      8,  11,  12,  13,  14,  15,  16,  17,  18,  20,  22,  23,  25,  30,  32,  33,
     34,  35,  36,  37,  38,  39,  40,  41,  42,  43,  44,  45,  46,  47,  49,  50,
     51,  53,  55,  56,  57,  59,  63,  64,  65,  66,  67,  69,  72,  73,  74,  75,
     77,  79,  80,  81,  83,  84,  86,  98, 103, 104, 106, 108, 115, 116, 123, 132,
    134, 158, 166, 174, 175, 176, 177, 179, 180, 182, 185, 189, 190,   0,   1,   6,
      7,   8,  11,  12,  13,  14,  16,  25,  26,  30,  32,  34,  35,  38,  41,  45,
     46,  47,  48,  50,  51,  52,  53,  54,  55,  56,  57,  59,  63,  64,  65,  67,
     68,  70,  71,  72,  73,  74,  75,  76,  77,  78,  79,  80,  81,  82,  84,  87,
     98, 103, 104, 106, 108, 110, 111, 112, 117, 128, 130, 132, 135, 136, 167, 174,
    175, 176, 177, 179, 180, 182, 184, 185, 189, 190,   0,   1,   6,   7,   8,  11,
     12,  13,  14,  16,  22,  25,  26,  30,  32,  34,  35,  38,  41,  45,  46,  47,
     48,  50,  51,  52,  53,  54,  55,  56,  57,  59,  62,  63,  64,  65,  67,  68,
     69,  70,  71,  72,  73,  74,  75,  76,  77,  79,  80,  81,  82,  83,  86,  87,
     98, 103, 104, 106, 108, 110, 111, 116, 117, 126, 127, 128, 129, 130, 132, 134,
    135, 136, 138, 139, 155, 159, 160, 168, 171, 174, 175, 176, 177, 179, 180, 182,
    184, 185, 189, 190,   0,   1,   6,   7,   8,  11,  12,  13,  14,  16,  25,  26,
     30,  32,  34,  35,  38,  41,  45,  46,  47,  48,  50,  51,  52,  53,  54,  55,
     56,  57,  59,  62,  63,  64,  65,  66,  67,  68,  69,  72,  73,  74,  75,  76,
     77,  79,  80,  81,  84,  85,  86,  87,  98, 103, 104, 106, 108, 110, 111, 112,
    114, 116, 117, 128, 137, 149, 169, 177, 179, 180, 182, 184, 185, 189, 190,   0,
      1,   6,   7,   8,  11,  12,  13,  14,  16,  17,  19,  20,  25,  26,  30,  32,
     34,  35,  38,  41,  45,  46,  47,  48,  50,  51,  52,  53,  54,  55,  56,  57,
     59,  62,  63,  64,  65,  66,  67,  68,  69,  70,  71,  72,  73,  74,  75,  76,
     77,  78,  79,  80,  81,  82,  83,  84,  85,  86,  87,  98, 103, 104, 106, 108,
    110, 111, 112, 114, 116, 117, 127, 128, 129, 130, 131, 132, 135, 136, 137, 138,
    139, 146, 149, 150, 164, 170, 171, 174, 175, 176, 177, 179, 180, 182, 184, 185,
    189, 190,   0,   1,   6,   7,   8,  11,  12,  13,  14,  17,  25,  26,  30,  32,
     33,  34,  35,  36,  37,  38,  39,  40,  41,  42,  43,  44,  45,  46,  47,  48,
     49,  50,  51,  52,  53,  54,  55,  56,  57,  59,  62,  65,  66,  67,  70,  71,
     72,  73,  74,  76,  79,  80,  81,  82,  83,  84,  86,  98, 103, 104, 106, 108,
    111, 114, 116, 117, 123, 126, 129, 132, 134, 136, 138, 139, 140, 146, 164, 170,
    171, 175, 176, 177, 179, 180, 182, 184, 185, 189, 190,   0,   1,   6,   8,  11,
     12,  13,  14,  25,  26,  30,  32,  33,  34,  35,  36,  37,  38,  39,  40,  41,
     42,  43,  44,  45,  46,  47,  49,  50,  51,  52,  53,  54,  56,  59,  62,  66,
     70,  71,  76,  79,  80,  83,  86, 103, 104, 106, 111, 116, 119, 123, 125, 126,
    129, 130, 132, 136, 139, 140, 143, 148, 151, 155, 161, 164, 171, 172, 174, 182,
    185,   0,   1,   6,   8,  11,  12,  13,  14,  25,  26,  30,  32,  34,  35,  41,
     44,  59,  62,  63,  64,  65,  66,  67,  68,  69,  70,  71,  72,  74,  75,  76,
     77,  78,  79,  80,  81,  82,  83,  84,  86,  87,  98, 103, 104, 106, 146, 164,
    170, 174, 176, 177, 179, 180, 182, 185, 189, 190,   0,   1,   6,   7,   8,   9,
     12,  13,  14,  16,  25,  26,  30,  32,  33,  34,  37,  38,  39,  40,  41,  44,
     45,  49,  51,  53,  59,  62,  63,  65,  66,  68,  69,  70,  71,  72,  73,  76,
     77,  78,  80,  81,  82,  83,  84,  85,  86,  98, 103, 104, 106, 108, 110, 135,
    142, 143, 144, 146, 150, 151, 153, 154, 155, 157, 160, 161, 166, 167, 168, 170,
    174, 175, 176, 177, 179, 180, 182, 184, 185, 189, 190,   0,   1,   6,   7,   8,
      9,  12,  13,  14,  16,  18,  25,  26,  30,  33,  34,  35,  36,  37,  39,  40,
     41,  42,  43,  44,  45,  50,  51,  52,  56,  59,  62,  63,  65,  66,  68,  69,
     70,  71,  72,  73,  76,  77,  78,  80,  81,  82,  83,  84,  85,  86,  98, 103,
    104, 106, 108, 111, 122, 123, 142, 143, 144, 145, 146, 148, 150, 151, 152, 154,
    155, 160, 161, 162, 164, 167, 168, 170, 171, 174, 175, 176, 177, 179, 180, 182,
    184, 185, 189, 190,   0,   1,   6,   7,   8,  12,  13,  14,  25,  30,  32,  33,
     34,  35,  38,  40,  42,  43,  44,  47,  49,  51,  59,  62,  63,  65,  66,  68,
     69,  70,  71,  72,  73,  76,  77,  78,  80,  81,  82,  83,  84,  85,  86,  98,
    103, 104, 106, 108, 112, 142, 144, 145, 150, 151, 152, 156, 157, 160, 169, 170,
    171, 173, 176, 177, 179, 180, 182, 185, 189, 190,   0,   1,   6,   7,   8,   9,
     12,  13,  14,  25,  30,  40,  59,  62,  63,  65,  66,  68,  69,  70,  71,  72,
     73,  76,  77,  80,  81,  82,  83,  84,  85,  86,  98, 103, 104, 106, 108, 113,
    143, 145, 146, 151, 155, 161, 163, 167, 171, 175, 176, 177, 179, 180, 182, 184,
    185, 189, 190,   0,   1,   6,   7,   8,  12,  13,  14,  25,  30,  32,  35,  38,
     39,  40,  41,  42,  43,  44,  45,  47,  49,  50,  51,  52,  53,  59,  61,  62,
     63,  65,  66,  68,  69,  70,  71,  72,  73,  76,  77,  78,  80,  81,  82,  83,
     84,  85,  86,  98, 103, 104, 106, 108, 114, 117, 141, 143, 144, 146, 147, 150,
    151, 152, 153, 154, 155, 156, 157, 161, 163, 164, 167, 168, 170, 171, 173, 174,
    175, 176, 177, 179, 180, 182, 184, 185, 189, 190,   0,   1,   6,   7,   8,  12,
     13,  14,  16,  25,  30,  32,  33,  41,  51,  59,  62,  63,  65,  66,  68,  69,
     70,  71,  72,  73,  76,  77,  78,  80,  81,  82,  83,  84,  85,  86,  98, 103,
    104, 106, 108, 146, 147, 148, 164, 166, 173, 174, 176, 177, 179, 180, 182, 185,
    189, 190,   0,   1,   6,   7,   8,  11,  12,  13,  14,  30,  43,  59,  63,  64,
     65,  66,  69,  70,  71,  72,  74,  75,  76,  78,  79,  80,  83,  84,  98, 103,
    104, 106, 108, 127, 149, 151, 153, 155, 158, 159, 161, 164, 166, 172, 174, 176,
    177, 179, 180, 182, 185, 189,   0,   1,   6,   7,   8,  11,  12,  13,  14,  16,
     20,  30,  32,  33,  35,  40,  59,  63,  64,  65,  66,  68,  69,  71,  72,  73,
     76,  77,  78,  81,  83,  84,  85,  86,  98, 103, 104, 106, 108, 112, 117, 149,
    150, 151, 152, 153, 160, 161, 162, 163, 164, 166, 171, 175, 177, 180, 182, 185,
    189, 190,   0,   1,   6,   7,   8,  11,  12,  13,  14,  16,  30,  33,  34,  36,
     37,  38,  40,  42,  45,  49,  50,  51,  52,  53,  59,  63,  64,  65,  66,  67,
     69,  70,  71,  72,  73,  74,  75,  76,  78,  79,  80,  83,  84,  98, 103, 104,
    106, 108, 118, 149, 150, 151, 152, 153, 154, 155, 156, 157, 159, 160, 161, 164,
    166, 174, 175, 176, 177, 179, 180, 182, 184, 185, 189,   1,   5,   6,   7,   8,
      9,  11,  12,  13,  14,  16,  17,  18,  19,  30,  33,  34,  35,  36,  37,  38,
     39,  40,  41,  42,  43,  45,  46,  47,  49,  50,  51,  52,  54,  55,  56,  59,
     61,  63,  64,  65,  66,  67,  69,  70,  71,  72,  74,  75,  76,  78,  79,  80,
     83,  84,  98, 103, 104, 106, 108, 118, 119, 149, 150, 151, 152, 153, 155, 156,
    158, 159, 160, 161, 162, 164, 166, 174, 175, 176, 177, 179, 180, 182, 184, 185,
    189,   1,   6,   7,   8,   9,  11,  12,  13,  14,  16,  17,  30,  36,  38,  41,
     42,  48,  50,  55,  59,  64,  65,  66,  67,  69,  70,  71,  72,  74,  75,  76,
     78,  79,  80,  83,  84,  98, 103, 104, 106, 108, 120, 149, 150, 151, 152, 153,
    155, 161, 162, 174, 176, 177, 179, 180, 182, 184, 185, 189,   1,   6,   7,   8,
     11,  12,  13,  14,  15,  16,  17,  18,  20,  21,  30,  33,  34,  35,  36,  37,
     38,  40,  42,  45,  46,  47,  50,  53,  57,  59,  64,  65,  66,  67,  69,  70,
     71,  72,  74,  75,  76,  78,  79,  80,  83,  84,  98, 103, 104, 106, 108, 117,
    121, 149, 151, 152, 153, 159, 160, 161, 162, 164, 174, 175, 176, 177, 179, 180,
    182, 184, 185, 189,   0,   1,   6,   7,   8,  12,  13,  14,  25,  26,  30,  32,
     33,  34,  40,  46,  50,  59,  63,  64,  65,  66,  67,  68,  69,  71,  72,  76,
     77,  78,  81,  82,  83,  84,  86,  87,  98, 103, 104, 106, 108, 122, 123, 149,
    150, 151, 153, 160, 161, 167, 168, 175, 176, 177, 179, 180, 182, 184, 185, 189,
    190,   0,   1,   6,   7,   8,   9,  12,  13,  14,  15,  16,  25,  26,  32,  34,
     38,  40,  41,  44,  45,  46,  50,  56,  59,  63,  64,  65,  66,  67,  68,  71,
     73,  76,  77,  78,  81,  82,  83,  84,  86,  87,  97,  98, 103, 104, 106, 108,
    128, 149, 151, 154, 158, 160, 161, 162, 164, 166, 167, 168, 172, 174, 175, 176,
    177, 179, 180, 182, 184, 185, 189, 190,   0,   1,   6,   7,   8,  12,  13,  14,
     16,  17,  19,  25,  26,  30,  34,  36,  39,  42,  45,  48,  49,  53,  55,  56,
     57,  59,  64,  65,  66,  67,  68,  69,  71,  76,  77,  78,  81,  82,  83,  84,
     86,  87,  97,  98, 103, 104, 106, 108, 124, 149, 151, 156, 158, 160, 162, 164,
    169, 174, 175, 176, 177, 179, 180, 182, 184, 185, 189, 190,   0,   1,   6,   7,
      8,  12,  13,  25,  26,  30,  59,  63,  64,  65,  66,  67,  68,  69,  71,  72,
     73,  76,  77,  78,  81,  82,  83,  84,  86,  87,  98, 103, 104, 106, 108, 125,
    149, 151, 154, 157, 160, 161, 162, 164, 167, 176, 177, 179, 180, 182, 184, 185,
    189, 190,   1,   6,   7,   8,  11,  12,  13,  14,  16,  25,  30,  32,  38,  39,
     59,  62,  63,  64,  65,  66,  68,  69,  72,  74,  75,  76,  77,  79,  80,  81,
     82,  83,  84,  86,  87,  98, 103, 104, 106, 142, 143, 144, 148, 150, 151, 158,
    161, 162, 164, 166, 168, 170, 171, 172, 176, 177, 179, 180, 182, 184, 185, 189,
      0,   1,   6,   7,   8,   9,  12,  13,  14,  15,  25,  26,  30,  35,  36,  44,
     46,  49,  59,  63,  67,  68,  69,  71,  72,  77,  79,  81,  82,  83,  84,  85,
     86,  87, 103, 104, 106, 108, 127, 167, 168, 170, 171, 173, 177, 180, 182, 184,
    185, 190,   0,   1,   6,   7,   8,   9,  11,  12,  13,  14,  25,  26,  30,  33,
     44,  45,  49,  51,  59,  61,  62,  63,  64,  65,  66,  67,  68,  69,  70,  71,
     72,  73,  76,  77,  78,  79,  83,  85,  86,  87,  98, 103, 104, 106, 108, 122,
    128, 142, 143, 149, 150, 151, 152, 153, 154, 155, 157, 158, 160, 161, 164, 173,
    174, 176, 177, 179, 180, 182, 184, 185, 189, 190,   0,   1,   6,   7,   8,   9,
     11,  12,  13,  14,  16,  17,  18,  21,  22,  25,  26,  30,  36,  40,  42,  44,
     45,  47,  59,  62,  63,  64,  65,  66,  67,  68,  69,  70,  71,  72,  73,  76,
     77,  78,  79,  83,  85,  86,  87,  98, 100, 103, 104, 106, 108, 129, 142, 143,
    146, 148, 149, 150, 151, 152, 153, 154, 155, 157, 158, 160, 161, 162, 163, 164,
    166, 171, 172, 174, 175, 176, 177, 179, 180, 182, 184, 185, 189, 190,   0,   1,
      6,   7,   8,  11,  12,  13,  14,  16,  25,  26,  30,  39,  40,  49,  51,  59,
     62,  63,  64,  65,  66,  67,  68,  69,  70,  71,  72,  73,  76,  77,  78,  79,
     83,  85,  86,  87,  98, 103, 104, 106, 108, 130, 143, 144, 148, 149, 150, 152,
    153, 154, 155, 156, 157, 158, 160, 162, 172, 174, 175, 176, 177, 179, 180, 182,
    185, 189, 190,   0,   1,   6,   7,   8,  11,  12,  13,  14,  25,  26,  30,  59,
     62,  63,  64,  65,  66,  67,  68,  69,  70,  71,  72,  73,  76,  77,  78,  79,
     83,  86,  87, 103, 104, 106, 108, 131, 145, 146, 150, 155, 163, 164, 174, 177,
    179, 180, 182, 184, 185, 190,   0,   1,   6,   7,   8,   9,  11,  12,  13,  14,
     17,  18,  25,  26,  30,  33,  34,  35,  36,  37,  38,  39,  40,  42,  43,  44,
     45,  47,  49,  50,  51,  53,  59,  61,  62,  63,  64,  65,  66,  67,  68,  69,
     70,  71,  72,  73,  76,  77,  78,  79,  83,  85,  86,  87,  98, 103, 104, 106,
    108, 114, 132, 141, 142, 143, 144, 146, 147, 149, 150, 151, 152, 153, 154, 155,
    156, 157, 158, 160, 161, 162, 163, 164, 166, 171, 172, 174, 176, 177, 179, 180,
    182, 185, 189, 190,   7,   8,  15,  16,  17,  18,  19,  20,  21,  22,  23,  24,
     32,  33,  36,  40,  49,  56,  62,  63,  66,  70,  79,  86, 177, 179, 180,   0,
      1,   6,   7,   8,  11,  12,  13,  14,  22,  25,  26,  30,  35,  37,  47,  59,
     62,  63,  64,  65,  66,  67,  68,  69,  70,  71,  72,  73,  76,  77,  79,  83,
     85,  86,  87,  98, 103, 104, 106, 108, 147, 148, 155, 158, 164, 166, 174, 175,
    176, 177, 179, 180, 182, 185, 189, 190,   0,   1,   6,   7,   8,  12,  13,  14,
     16,  25,  26,  30,  33,  37,  38,  42,  45,  49,  50,  57,  59,  62,  63,  64,
     65,  66,  67,  68,  69,  70,  71,  72,  73,  74,  75,  76,  77,  78,  79,  80,
     81,  82,  83,  84,  85,  86,  87,  98, 103, 104, 106, 108, 135, 142, 143, 144,
    149, 150, 151, 152, 153, 154, 155, 156, 160, 162, 164, 167, 168, 174, 175, 176,
    177, 179, 180, 182, 184, 185, 189, 190,   0,   1,   6,   7,   8,  12,  13,  14,
     16,  22,  25,  26,  30,  32,  33,  34,  36,  37,  40,  42,  43,  47,  51,  53,
     54,  59,  62,  63,  64,  65,  66,  67,  68,  69,  70,  71,  72,  73,  74,  75,
     76,  77,  78,  79,  80,  81,  82,  83,  84,  85,  86,  87,  98, 103, 104, 106,
    108, 122, 128, 136, 142, 143, 149, 150, 151, 154, 155, 158, 159, 160, 161, 162,
    164, 166, 167, 168, 170, 171, 172, 174, 175, 176, 177, 179, 180, 182, 184, 185,
    189, 190,   0,   1,   6,   7,   8,  12,  13,  14,  16,  25,  26,  30,  32,  33,
     35,  39,  43,  45,  49,  50,  53,  59,  62,  63,  64,  65,  66,  67,  68,  69,
     70,  71,  72,  73,  74,  75,  76,  77,  78,  79,  80,  81,  82,  83,  84,  85,
     86,  87,  98, 103, 104, 106, 108, 137, 142, 143, 144, 146, 149, 150, 151, 152,
    153, 156, 157, 160, 169, 177, 179, 180, 182, 184, 185, 189, 190,   0,   1,   6,
      7,   8,  12,  13,  14,  16,  17,  19,  20,  23,  25,  26,  30,  32,  33,  34,
     35,  36,  38,  39,  40,  42,  43,  45,  47,  49,  50,  51,  52,  53,  59,  62,
     63,  64,  65,  66,  67,  68,  69,  70,  71,  72,  73,  74,  75,  76,  77,  78,
     79,  80,  81,  82,  83,  84,  85,  86,  87,  98, 103, 104, 106, 108, 114, 138,
    141, 142, 143, 144, 146, 149, 150, 151, 152, 153, 154, 155, 157, 159, 160, 161,
    162, 163, 164, 167, 168, 169, 170, 171, 172, 174, 175, 176, 177, 179, 180, 182,
    184, 185, 189, 190,   0,   1,   6,   7,   8,  11,  12,  13,  14,  17,  25,  26,
     30,  35,  38,  40,  42,  43,  44,  46,  50,  51,  54,  59,  62,  63,  64,  65,
     66,  68,  69,  71,  72,  73,  74,  75,  76,  77,  78,  80,  81,  82,  83,  84,
     85,  86,  87,  98, 103, 104, 106, 108, 143, 146, 148, 149, 158, 161, 164, 166,
    168, 170, 171, 172, 175, 176, 177, 179, 180, 182, 184, 185, 189, 190,   0,   1,
      6,   8,  11,  12,  13,  14,  25,  26,  30,  49,  59,  62,  63,  64,  65,  66,
     67,  68,  69,  70,  71,  72,  73,  76,  77,  79,  83,  86, 103, 104, 106, 143,
    148, 151, 155, 157, 158, 161, 162, 164, 171, 172, 174, 182, 185,   0,   6,   8,
     11,  12,  13,  25,  26,  30,  59,  62,  63,  64,  65,  66,  68,  69,  72,  73,
     74,  75,  76,  77,  80,  81,  82,  83,  84,  86,  87, 103, 104, 106, 142, 147,
    151, 173, 182, 185,   0,   1,   2,   3,   6,   7,   8,  11,  13,  14,  15,  16,
     17,  18,  19,  20,  21,  22,  23,  24,  25,  26,  30,  32,  33,  34,  35,  36,
     37,  38,  39,  40,  41,  42,  43,  44,  45,  46,  47,  48,  49,  50,  51,  52,
     53,  54,  55,  56,  57,  59,  62,  63,  64,  65,  66,  67,  68,  69,  70,  71,
     72,  73,  74,  75,  76,  77,  78,  79,  80,  81,  82,  83,  84,  85,  86,  87,
     93,  98, 103, 104, 106, 108, 109, 110, 111, 112, 113, 114, 115, 117, 118, 119,
    120, 121, 122, 123, 124, 127, 128, 129, 132, 134, 136, 138, 139, 140, 142, 143,
    145, 146, 147, 149, 150, 151, 152, 153, 154, 155, 156, 159, 160, 161, 164, 166,
    168, 170, 171, 172, 174, 176, 177, 179, 180, 181, 189, 190, 194,   0,   1,   3,
      6,   7,   8,  11,  13,  14,  15,  16,  17,  18,  19,  20,  21,  22,  23,  24,
     25,  26,  30,  32,  33,  34,  35,  36,  37,  38,  39,  40,  41,  42,  43,  44,
     45,  46,  47,  48,  49,  50,  51,  52,  53,  54,  55,  56,  57,  62,  63,  64,
     65,  66,  67,  68,  69,  70,  71,  72,  73,  74,  75,  76,  77,  78,  79,  80,
     81,  82,  83,  84,  85,  86,  87,  91,  93,  98, 103, 104, 106, 108, 109, 175,
    176, 177, 179, 180, 181, 189, 190, 194, 202,   0,   1,   2,   3,   5,   6,   7,
      8,   9,  10,  11,  12,  13,  14,  15,  16,  17,  18,  19,  20,  21,  22,  23,
     25,  26,  28,  30,  31,  32,  33,  34,  35,  36,  37,  39,  40,  41,  42,  43,
     44,  45,  46,  47,  48,  49,  50,  51,  52,  53,  54,  55,  56,  57,  59,  62,
     63,  64,  65,  66,  67,  68,  69,  70,  71,  72,  73,  74,  75,  76,  77,  78,
     79,  80,  82,  83,  84,  86,  87,  89,  90,  91,  93,  95,  96,  98,  99, 101,
    103, 106, 108, 109, 110, 111, 112, 113, 114, 115, 116, 117, 118, 119, 120, 121,
    122, 123, 124, 127, 128, 129, 130, 131, 132, 133, 134, 135, 136, 137, 138, 140,
    142, 143, 144, 145, 146, 147, 148, 149, 150, 151, 152, 153, 154, 155, 156, 159,
    160, 161, 162, 163, 164, 165, 166, 167, 168, 169, 170, 172, 174, 175, 176, 177,
    179, 180, 181, 182, 183, 184, 189, 190, 194, 196,   1,   2,   6,   7,   8,   9,
     10,  11,  12,  13,  14,  15,  16,  17,  18,  19,  20,  21,  22,  25,  26,  28,
     30,  31,  32,  34,  37,  38,  40,  44,  45,  46,  48,  50,  51,  52,  53,  54,
     55,  56,  59,  62,  63,  64,  65,  66,  67,  68,  69,  70,  71,  72,  73,  74,
     75,  76,  77,  78,  79,  80,  81,  82,  83,  84,  85,  86,  87,  89,  90,  98,
    106, 108, 109, 110, 111, 112, 113, 114, 115, 116, 117, 122, 123, 124, 125, 127,
    128, 129, 130, 131, 132, 134, 135, 136, 137, 138, 139, 142, 143, 144, 145, 146,
    147, 148, 149, 150, 151, 152, 153, 154, 155, 156, 157, 159, 160, 161, 162, 163,
    164, 166, 167, 168, 169, 170, 171, 173, 174, 175, 176, 177, 179, 180, 181, 184,
    189, 190, 199,   2,   3,   4,   5,   7,   9,  10,  11,  12,  13,  15,  16,  17,
     19,  20,  21,  22,  24,  28,  30,  31,  32,  33,  34,  35,  36,  38,  39,  40,
     42,  43,  44,  45,  46,  47,  48,  49,  51,  52,  53,  54,  55,  56,  57,  62,
     63,  66,  67,  68,  70,  71,  72,  73,  74,  75,  76,  77,  79,  80,  81,  82,
     83,  84,  85,  86,  87,  95,  96,  98, 108, 110, 111, 112, 114, 115, 116, 117,
    119, 121, 123, 124, 127, 129, 130, 132, 134, 135, 136, 138, 140, 141, 142, 143,
    144, 146, 147, 148, 151, 153, 155, 156, 161, 164, 166, 168, 170, 175, 176, 177,
    178, 179, 181, 189, 190, 199,   0,   1,   2,   3,   5,   6,   7,   8,   9,  10,
     11,  12,  13,  14,  15,  16,  17,  18,  19,  20,  21,  22,  23,  25,  26,  27,
     28,  30,  31,  32,  33,  34,  35,  36,  37,  39,  40,  41,  42,  43,  44,  45,
     46,  47,  48,  49,  50,  51,  52,  53,  54,  55,  56,  57,  59,  60,  61,  62,
     63,  64,  65,  66,  67,  68,  69,  70,  71,  72,  73,  74,  75,  76,  77,  78,
     79,  80,  82,  83,  84,  86,  87,  88,  89,  90,  91,  93,  95,  96,  98, 101,
    103, 106, 108, 109, 110, 111, 112, 113, 114, 115, 116, 117, 118, 119, 120, 121,
    122, 123, 124, 127, 128, 129, 130, 131, 132, 133, 134, 135, 136, 137, 138, 139,
    140, 142, 143, 144, 145, 146, 147, 148, 149, 150, 151, 152, 153, 154, 155, 156,
    159, 160, 161, 162, 163, 164, 165, 166, 168, 169, 170, 171, 174, 175, 176, 177,
    179, 180, 181, 182, 183, 184, 189, 190, 194, 196, 202, 211,   1,   2,   6,   7,
      8,   9,  10,  11,  12,  13,  14,  15,  16,  17,  18,  19,  20,  21,  22,  25,
     26,  28,  30,  31,  32,  34,  37,  38,  40,  44,  45,  46,  48,  50,  51,  52,
     53,  54,  55,  56,  59,  62,  63,  64,  65,  66,  67,  68,  69,  70,  71,  72,
     73,  74,  75,  76,  77,  78,  79,  80,  81,  82,  83,  84,  85,  86,  87,  89,
     90,  98, 106, 108, 109, 110, 111, 112, 114, 115, 116, 117, 123, 124, 127, 129,
    131, 132, 134, 136, 138, 139, 143, 144, 146, 147, 148, 149, 150, 151, 152, 153,
    155, 156, 164, 166, 168, 170, 174, 175, 176, 177, 178, 179, 180, 184, 189, 190,
      2,   3,   4,   5,   7,   9,  10,  11,  12,  13,  14,  15,  16,  17,  19,  20,
     21,  22,  23,  24,  28,  30,  31,  32,  34,  38,  41,  44,  45,  46,  48,  50,
     51,  52,  53,  54,  55,  56,  57,  62,  63,  64,  65,  66,  68,  69,  70,  71,
     73,  76,  77,  78,  80,  81,  82,  83,  84,  85,  86,  87,  95,  96,  98, 108,
    110, 111, 112, 113, 114, 115, 116, 117, 127, 128, 129, 130, 131, 132, 133, 134,
    135, 136, 137, 138, 139, 141, 142, 143, 144, 145, 146, 147, 148, 149, 150, 151,
    153, 154, 155, 156, 160, 161, 162, 163, 164, 165, 166, 167, 168, 169, 170, 171,
    172, 174, 175, 176, 177, 178, 179, 180, 181, 184, 189, 190, 199, 211,   1,   6,
      8,   9,  11,  13,  14,  16,  17,  18,  19,  20,  21,  22,  23,  24,  25,  30,
    108, 177, 179, 180, 182, 183, 190,   1,   6,   8,  11,  13,  15,  25,  32,  34,
     36,  39,  42,  45,  46,  50,  62,  64,  66,  98, 108, 115, 147, 177, 179, 180,
    183, 189, 190,   0,   1,   6,   7,   8,   9,  11,  13,  14,  15,  16,  17,  18,
     19,  20,  21,  22,  23,  24,  25,  26,  30,  32,  33,  34,  35,  36,  37,  38,
     39,  40,  41,  42,  43,  44,  45,  46,  47,  48,  49,  50,  51,  52,  53,  54,
     55,  56,  57,  59,  62,  63,  64,  65,  66,  67,  68,  69,  70,  71,  72,  73,
     74,  75,  76,  77,  78,  79,  80,  81,  82,  83,  84,  85,  86,  87,  89,  98,
    103, 104, 106, 108, 110, 117, 119, 120, 123, 132, 136, 137, 139, 142, 151, 164,
    169, 174, 175, 176, 177, 179, 180, 182, 184, 189, 190, 191,   0,   8,   9,  11,
     13,  14,  25,  26,  30,  98, 108, 176, 177, 179, 180, 189, 190,   6,   8,  11,
     12,  13,  15,  16,  17,  18,  19,  20,  21,  22,  23,  24, 108, 177, 180, 187,
    190,   8,  11,  12,  13,  14,  25,  98, 108, 176, 179, 189, 190,   0,   1,   2,
      3,   5,   6,   7,   8,   9,  10,  11,  12,  13,  14,  16,  18,  19,  20,  21,
     27,  28,  30,  31,  32,  33,  34,  35,  36,  37,  38,  39,  40,  41,  42,  43,
     44,  45,  46,  47,  48,  49,  50,  51,  52,  53,  54,  55,  56,  58,  59,  60,
     62,  63,  64,  65,  66,  67,  68,  69,  70,  71,  72,  73,  74,  75,  76,  77,
     78,  79,  80,  81,  82,  83,  84,  85,  86,  87,  88,  89,  90,  91,  93,  95,
     96,  98,  99, 101, 103, 104, 106, 108, 110, 111, 112, 113, 114, 115, 116, 117,
    118, 119, 120, 121, 122, 123, 124, 125, 127, 128, 129, 130, 131, 132, 133, 134,
    135, 136, 137, 138, 139, 141, 142, 143, 144, 145, 146, 147, 148, 149, 150, 151,
    152, 153, 154, 155, 156, 157, 159, 160, 161, 162, 163, 164, 165, 166, 167, 168,
    169, 170, 171, 174, 175, 176, 177, 178, 179, 180, 181, 182, 183, 184, 188, 189,
    190, 194, 199,   0,   1,   2,   3,   4,   6,   7,   8,   9,  10,  11,  12,  13,
     14,  15,  16,  17,  18,  19,  20,  21,  22,  23,  25,  26,  28,  29,  30,  31,
     32,  33,  34,  35,  36,  37,  38,  39,  40,  41,  42,  43,  44,  45,  46,  47,
     48,  49,  50,  51,  52,  53,  54,  55,  56,  57,  59,  62,  63,  64,  65,  66,
     67,  68,  69,  70,  71,  72,  73,  74,  75,  76,  77,  78,  79,  80,  81,  82,
     83,  84,  85,  86,  87,  89,  90,  91,  95,  98,  99, 103, 104, 106, 108, 109,
    110, 111, 112, 114, 115, 116, 117, 119, 123, 124, 127, 129, 130, 132, 134, 136,
    138, 142, 143, 144, 146, 147, 148, 149, 151, 155, 156, 161, 164, 166, 168, 170,
    174, 175, 176, 177, 178, 179, 180, 181, 182, 183, 184, 188, 189, 190, 199,   0,
     13,  59, 191,   0,   1,   6,   8,  11,  13,  14,  15,  16,  17,  18,  19,  20,
     21,  22,  23,  24,  25,  26,  30,  59, 103, 104, 106,   0,   1,   6,   8,  11,
     12,  13,  14,  15,  16,  17,  18,  19,  20,  21,  22,  23,  24,  25,  26,  30,
     59, 103, 104, 106, 108, 177, 180, 190,   0,   1,   6,   8,  11,  13,  14,  15,
     16,  17,  18,  19,  20,  21,  22,  23,  24,  25,  26,  30, 103, 104, 106,   1,
      6,   8,  11,  13,  14,  16,  17,  18,  19,  20,  21,  22,  23,  24,  25,  26,
     30, 103, 104, 106, 177, 180,   0,   1,   6,   8,  11,  13,  14,  15,  16,  17,
     18,  19,  20,  21,  22,  23,  24,  25,  26,  30, 103, 104, 106,   0,   1,   6,
      8,  11,  13,  14,  15,  16,  17,  18,  19,  20,  21,  22,  23,  24,  25,  26,
     30, 103, 104, 106,   0,   1,   6,   8,  10,  11,  12,  13,  14,  15,  17,  19,
     20,  21,  22,  23,  24,  25,  26,  30,  59,  98, 103, 104, 106, 108, 176, 177,
    179, 180, 189, 190,   0,   1,   6,   8,  11,  13,  14,  15,  16,  18,  19,  20,
     21,  22,  23,  24,  25,  26,  30, 103, 104, 106,   0,   1,   6,   8,  11,  13,
     14,  15,  16,  17,  18,  19,  20,  21,  23,  24,  25,  26,  30,  59, 103, 104,
    106,   1,   6,   8,  11,  13,  14,  15,  16,  17,  18,  19,  20,  24,  25,  26,
     30, 104, 106, 180,   0,   1,   6,   8,  11,  13,  14,  16,  17,  18,  19,  20,
     22,  23,  24,  25,  26,  30, 103, 104, 106,   0,   1,   6,   8,  11,  13,  14,
     15,  16,  17,  18,  19,  20,  21,  22,  23,  24,  25,  26,  30, 103, 104, 106,
      0,   1,   6,   8,  11,  13,  14,  15,  16,  17,  18,  19,  20,  21,  22,  23,
     24,  25,  26,  30, 103, 104, 106,   0,   1,   6,   8,  11,  13,  14,  15,  16,
     17,  18,  19,  20,  21,  22,  23,  24,  25,  26,  30, 103, 104, 106,   0,   1,
      6,   8,  11,  13,  14,  15,  16,  17,  18,  19,  20,  21,  22,  23,  24,  25,
     26,  30, 103, 104, 106,   0,   1,   6,   8,  11,  13,  14,  15,  16,  17,  18,
     20,  21,  22,  23,  24,  25,  26,  30, 103, 104, 106,   0,   1,   6,   8,  13,
     14,  15,  16,  17,  18,  19,  20,  21,  22,  23,  24,  25,  26,  30, 103, 104,
    106,   0,   1,   6,   8,  11,  13,  14,  16,  17,  18,  19,  20,  21,  22,  23,
     24,  25,  26,  30, 103, 104, 106,   0,   1,   6,   8,  11,  13,  14,  15,  16,
     17,  18,  19,  20,  21,  22,  23,  24,  25,  26,  30, 103, 104, 106, 179, 180,
      0,   1,   2,   3,   5,   6,   7,   8,   9,  10,  12,  13,  14,  15,  16,  18,
     19,  20,  21,  22,  23,  24,  25,  26,  27,  28,  29,  30,  31,  32,  33,  34,
     35,  36,  37,  38,  39,  40,  41,  42,  43,  46,  47,  48,  49,  50,  51,  52,
     53,  54,  56,  57,  58,  59,  60,  61,  63,  64,  65,  66,  67,  68,  69,  71,
     72,  76,  77,  78,  81,  82,  83,  84,  86,  87,  89,  90,  98,  99, 100, 103,
    104, 106, 107, 108, 110, 112, 115, 117, 118, 119, 122, 124, 128, 129, 132, 133,
    134, 141, 149, 150, 151, 152, 153, 158, 160, 161, 162, 163, 164, 166, 167, 168,
    169, 170, 171, 172, 173, 174, 175, 176, 177, 179, 180, 182, 183, 184, 185, 189,
    190, 191,
};

static const int8_t merri9_regularKernSparseValues[] = {
      -7,  -11,  -11,  -17,  -10,  -22,   -8,   -7,   -8,   -4,   -8,  -10,  -11,   -9,   -6,   -7,
      -5,   -8,   -9,   -3,   -7,   -4,   -7,   -7,   -7,   -4,   -7,   -7,   -9,   -7,   -7,   -4,
      -5,   -5,   -7,   -5,   -7,   -9,   -4,   -6,   -1,   -1,   -4,   -3,   -5,  -23,   -6,   -1,
      -8,   -7,   -8,   -7,  -10,   -5,   -6,   -9,   -4,   -3,   -7,   -7,   -8,   -6,   -8,   -8,
      -6,   -6,   -7,   -6,   -5,   -5,   -7,   -6,  -18,   -9,   -7,   -7,   -7,   -8,  -23,   -4,
      -8,   -4,   -8,   -8,   -7,   -3,  -16,  -27,  -20,   -8,  -26,  -16,  -23,   -7,  -21,  -44,
     -38,  -41,  -50,  -40,  -12,   -5,   -4,   -4,  -34,  -10,  -20,  -10,   -7,  -15,  -15,  -54,
     -27,  -26,   -2,  -34,  -45,   -5,  -14,   -5,   -4,   -4,  -14,   -5,   -4,   -4,   -4,   -5,
      -7,   -3,  -15,   -5,  -15,   -5,  -14,   -1,    8,    8,   -1,    6,   -9,    2,  -13,  -44,
     -73,  -18,    6,  -27,  -28,  -26,  -13,  -26,  -10,  -10,    1,  -13,  -13,  -27,  -11,  -28,
     -14,  -20,  -12,  -12,   -7,   -7,  -11,   -8,  -17,  -23,   -8,  -57,  -11,  -33,  -34,  -16,
     -55,   -8,  -44,    1,  -33,  -34,  -40,  -45,  -31,  -34,  -35,  -39,  -28,  -14,   -4,   -4,
      -4,   -4,   -3,   -4,    2,   -5,   -3,  -15,  -15,  -15,  -15,  -15,  -26,  -15,   -1,   -1,
      -1,   -1,    6,   -4,  -18,  -12,  -18,  -16,  -14,  -12,  -17,  -18,  -27,  -15,  -26,  -20,
     -15,    7,  -13,    1,    8,  -10,  -13,  -16,  -27,  -21,  -19,  -16,  -27,  -11,  -12,  -12,
     -11,   -8,    6,  -44,  -44,  -13,  -14,  -13,  -14,  -17,  -17,  -74,  -54,  -32,  -29,   -1,
     -20,   -7,  -12,  -12,   -8,   -8,  -12,  -31,   -9,  -31,  -31,  -29,   -6,  -15,  -14,  -20,
     -12,  -13,   -9,   -8,   -8,   -4,  -12,  -12,  -25,  -25,  -18,   -6,  -18,  -18,  -18,   -6,
     -18,  -18,  -19,  -18,  -18,  -21,  -16,   -7,  -18,   -7,  -18,  -12,   -6,  -12,  -10,  -10,
     -19,  -12,  -15,  -36,   -9,   -9,  -12,  -11,  -11,   -9,  -14,  -14,   -9,  -10,  -14,  -14,
      -8,   -8,  -11,   -6,  -12,   -9,  -12,   -7,   -7,   -4,   -3,   -8,   -5,  -12,  -10,   -8,
     -25,  -25,   -6,  -18,  -18,   -7,  -12,  -12,   -9,  -12,  -10,   -5,   -7,   -5,   -7,   -9,
      -7,  -16,  -17,  -17,  -12,  -31,  -17,  -27,  -12,  -27,  -12,  -20,   -9,  -14,  -10,  -14,
      -5,  -21,   -7,  -12,   -6,  -15,  -15,  -14,  -19,  -27,  -34,  -32,   -6,  -25,  -24,  -25,
     -12,  -10,  -18,  -10,  -18,   -5,  -10,  -10,  -26,  -26,  -44,  -17,  -10,  -14,  -11,  -16,
     -11,  -10,  -20,  -42,    1,  -19,  -21,  -22,   -8,  -15,  -15,  -29,  -25,  -29,  -25,  -35,
       3,   -6,  -10,  -10,  -31,  -11,  -11,   -5,   -8,   -6,   -4,    1,  -27,   -5,   -1,   -5,
       4,   -5,   -5,   -6,    4,   -5,   -6,  -12,   -5,   -5,   -2,   -4,    3,   -5,    3,   -5,
      -9,  -15,   -8,  -16,  -15,   -4,  -23,   -6,  -30,   -4,   -3,    1,    2,   -5,   -1,   -5,
      -4,   -9,   -4,   -2,   -5,   -5,   -5,   -5,   -5,   -5,   -8,   -6,   -4,   -8,   -3,    1,
      -6,   -1,    4,   -5,    3,    2,  -14,  -10,  -14,  -10,    3,   -4,   -3,  -16,  -27,  -20,
      -8,  -26,  -16,  -23,   -7,  -21,  -43,  -38,  -41,  -38,  -40,  -12,   -5,   -4,   -4,  -34,
     -10,  -20,  -10,   -7,  -15,  -15,  -45,  -27,  -26,   -2,  -34,  -43,   -5,  -14,   -5,   -4,
      -4,  -14,   -5,   -4,   -4,   -4,   -5,   -7,   -3,  -15,   -5,  -15,   -5,  -14,   -1,    8,
       8,   -1,    6,   -9,    2,  -13,  -44,  -45,  -18,    6,  -27,  -28,  -26,  -13,  -26,  -10,
     -10,    1,  -13,  -13,  -27,  -11,  -28,  -14,  -20,  -12,  -12,   -7,   -7,  -11,   -8,  -17,
     -23,   -8,  -45,  -11,  -33,  -34,  -16,  -45,  -21,   -8,  -43,    1,  -33,  -34,  -40,  -43,
     -31,  -34,  -35,  -39,  -28,  -14,   -4,   -4,   -4,   -4,   -3,   -4,    2,   -5,   -3,  -15,
     -15,  -15,  -15,  -15,  -26,  -15,   -1,   -1,   -1,   -1,    6,   -4,  -18,  -12,  -18,  -16,
     -14,  -12,  -17,  -18,  -27,  -15,  -26,  -20,  -15,    7,  -13,    1,    8,  -10,  -13,  -16,
     -27,  -21,  -19,  -16,  -27,  -11,  -12,  -12,  -11,   -8,    6,   -8,  -43,  -43,  -13,  -14,
     -13,  -14,  -17,  -17,  -45,  -45,  -32,  -29,   -1,  -20,   -7,  -21,  -12,  -13,  -14,  -45,
     -37,  -28,  -41,  -14,  -40,  -14,  -18,  -54,   -9,  -55,  -29,  -11,  -38,  -23,  -22,  -21,
     -38,  -24,  -44,  -16,  -30,  -28,  -32,  -11,  -52,  -49,  -44,  -15,  -28,  -23,  -15,  -39,
     -15,  -15,  -15,  -36,  -15,  -14,   -5,  -15,  -15,  -14,  -13,  -38,  -15,  -38,  -15,  -30,
     -15,  -15,   -9,   -9,  -12,   -9,  -20,   -9,  -20,  -49,  -13,  -29,   -6,  -39,  -38,  -37,
     -28,  -10,  -10,  -21,   -9,  -10,   -9,  -29,  -29,  -38,  -15,  -38,  -29,  -29,  -32,  -33,
     -30,  -29,  -25,  -22,  -28,  -31,  -55,  -16,  -48,  -32,  -21,  -25,  -35,  -38,  -57,  -34,
     -23,  -38,  -11,  -13,  -15,  -11,  -33,  -19,  -23,  -23,  -23,  -23,  -23,  -23,  -17,  -39,
     -15,  -15,  -15,  -15,  -14,  -14,  -10,  -12,  -15,  -13,  -38,  -38,  -37,  -38,  -38,  -47,
     -35,  -15,  -15,  -15,  -15,   -9,  -15,  -24,  -21,  -29,  -27,  -25,  -22,  -26,  -29,  -32,
     -27,  -37,  -33,  -29,   -5,  -26,  -12,   -7,  -24,  -29,  -28,  -38,  -33,  -32,  -30,  -54,
     -31,  -27,  -33,  -33,  -27,  -22,   -2,  -21,  -56,  -56,  -12,   -9,   -9,  -12,   -9,   -9,
     -38,  -37,  -35,  -29,  -19,  -19,  -36,  -31,  -50,  -32,  -27,  -14,  -29,  -38,  -42,  -16,
     -20,  -20,  -36,  -34,  -51,  -27,  -27,  -37,  -27,  -27,  -45,  -10,   -9,   -9,   -3,  -39,
      -8,  -16,  -10,  -16,  -11,  -20,  -14,  -10,  -15,   -1,   -8,  -10,   -1,   -2,   -6,   -6,
     -14,  -14,  -21,  -20,   -6,  -11,    3,  -11,  -12,  -13,    4,  -11,  -12,  -19,  -11,  -11,
      -7,  -10,    3,  -11,    3,  -11,   -8,   -6,   -9,  -10,   -9,  -11,  -13,  -10,  -39,  -16,
      -2,   -5,    1,    1,    2,   -5,   -3,  -12,   -4,   -7,  -10,   -7,   -4,   -3,    1,   -1,
       1,   -4,   -2,   -2,   -2,   -2,   -1,   -5,   -3,   -6,  -10,  -33,   -8,  -10,  -11,   -8,
      -6,   -6,   -6,   -6,   -6,   -3,    3,  -12,  -12,  -12,  -12,  -12,  -12,  -12,   -5,  -10,
       3,    3,    3,    3,  -15,    3,   -9,   -9,   -9,  -13,   -1,   -2,   -2,   -2,   -2,   -2,
      -2,    1,    2,    2,    2,    2,   -4,   -4,   -3,    1,    1,    1,    1,    1,   -2,   -2,
      -2,   -3,  -16,  -16,   -8,  -10,   -8,  -10,  -22,    1,   -6,  -12,   -5,  -17,  -17,   -7,
     -18,  -15,  -30,  -18,  -31,  -28,   -1,   -2,   -1,   -3,  -15,   -5,   -3,   -5,   -2,   -2,
     -13,  -29,   -5,   -5,   -5,   -5,   -4,   -5,   -5,   -5,   -5,   -7,   -3,   -5,   -5,   -8,
       4,   -1,    7,    7,   -1,    5,   -8,  -21,   -5,   -1,   -7,   -8,   -5,   -3,   -6,   -7,
      -3,   -4,   -7,   -7,   -3,   -3,   -6,   -2,   -8,   -4,   -3,   -1,   -3,    1,    1,   -2,
      -4,  -15,  -31,  -21,  -22,  -22,  -12,  -18,  -12,  -18,  -30,  -19,  -20,  -31,  -37,  -31,
     -16,  -54,  -21,  -21,  -38,  -21,  -38,  -32,  -11,  -41,  -46,  -36,  -15,  -23,  -11,  -46,
     -17,  -15,  -26,  -25,  -32,  -29,  -29,  -25,   -9,  -25,  -25,  -26,   -9,  -24,  -27,  -29,
     -25,  -25,  -25,  -23,  -10,  -25,  -10,  -25,  -30,  -39,  -20,  -33,  -31,  -45,  -46,  -38,
     -51,  -21,  -18,  -10,  -11,  -10,  -24,  -15,  -22,  -22,  -23,  -21,  -21,  -22,  -22,  -10,
     -21,  -11,  -23,  -16,  -20,  -18,  -22,  -20,  -34,  -23,  -26,  -51,  -16,  -29,  -32,   -8,
     -25,  -26,  -29,  -29,  -29,  -25,  -25,  -27,  -27,  -23,  -10,  -10,  -10,  -20,  -20,  -20,
     -21,  -10,  -10,  -22,  -18,  -18,  -37,  -32,  -37,  -32,   -7,  -25,  -20,  -25,  -22,  -15,
     -25,  -19,  -16,  -18,  -38,  -20,   -8,  -26,  -21,  -25,  -25,  -15,  -21,  -22,  -22,  -38,
     -38,  -12,  -30,  -33,   -9,   -5,    4,   -3,  -10,   -8,   -7,  -22,   -1,  -18,  -16,  -12,
      -1,  -38,  -38,  -38,   15,  -37,  -37,  -38,  -38,  -38,  -38,  -38,   -1,   17,  -20,  -28,
     -33,  -28,  -15,  -55,  -18,  -21,  -33,  -22,  -33,  -32,  -10,  -39,  -53,  -35,  -15,  -22,
     -10,  -54,  -18,  -15,  -25,  -25,  -28,  -29,  -24,   -8,  -24,  -24,  -25,   -8,  -23,  -27,
     -28,  -24,  -24,  -25,  -23,   -9,  -24,   -9,  -24,  -28,  -39,  -20,  -33,  -30,  -50,  -48,
     -38,  -52,  -21,  -18,  -10,  -10,   -9,  -24,  -14,  -22,  -22,  -23,  -21,  -21,  -22,  -22,
      -9,  -20,  -10,  -22,  -15,  -20,  -18,  -21,  -19,  -36,  -22,  -24,  -16,  -52,  -22,  -16,
     -28,  -30,   -4,  -24,  -24,  -24,  -24,  -32,  -29,  -29,  -29,  -29,  -29,  -29,  -29,   -8,
     -24,  -24,  -24,  -24,  -27,  -27,  -27,  -27,  -18,  -23,   -9,   -9,   -9,   -9,   -9,   -9,
     -20,  -20,  -20,  -20,  -48,  -24,  -16,  -21,  -21,  -21,  -21,  -21,  -21,  -22,  -10,   -9,
      -9,   -9,   -9,  -22,  -22,  -22,  -22,  -11,  -22,   -9,   -9,   -9,   -9,   -9,   -9,  -18,
     -18,  -18,  -18,  -22,  -18,  -22,  -34,  -29,  -28,  -34,  -29,  -41,   -3,  -23,  -24,  -14,
     -38,  -24,   -6,  -38,  -38,  -11,  -31,  -29,  -33,  -10,   -5,  -11,   -8,   -6,   -9,   -9,
      -9,  -27,  -22,   -4,  -16,   -7,  -11,   -7,   -8,   -8,  -13,   -7,   -8,  -14,   -7,   -7,
      -3,   -7,  -11,   -7,  -11,   -7,   -6,  -26,  -19,  -38,  -36,   -3,  -25,   -1,  -29,   -1,
      -3,   -1,   -2,   -7,   -3,   -7,   -6,  -13,   -6,   -5,   -7,   -6,   -3,   -7,   -2,   -7,
      -9,  -10,  -32,  -26,   -3,  -32,   -2,  -24,  -38,   -3,  -38,  -38,  -38,  -38,   14,  -37,
     -37,  -38,  -38,  -38,  -38,  -38,   -2,   16,   -3,   -3,  -21,  -16,   -6,   -3,  -17,  -11,
      -3,  -30,  -33,  -30,  -33,  -43,   -9,   -6,   -4,   -6,  -20,  -11,  -15,   -1,  -10,   -4,
     -14,  -31,  -23,  -23,  -12,  -24,   -4,   -6,   -5,   -4,   -4,   -5,   -4,   -5,   -5,   -4,
      -4,   -7,   -3,   -7,   -5,   -7,   -5,  -10,    1,    6,    6,   -3,    3,   -8,    2,  -20,
     -37,  -37,  -12,    2,  -14,  -15,  -13,   -9,  -16,   -2,   -8,   -9,   -2,   -1,  -10,  -10,
     -14,   -8,  -15,  -11,  -14,   -8,   -9,   -5,   -5,  -10,   -6,  -12,  -14,  -24,  -25,   -9,
     -13,  -16,   -9,  -12,  -24,  -24,  -24,  -24,  -24,  -24,  -19,   -6,   -4,   -4,   -4,   -4,
      -4,   -5,   -3,   -4,   -4,   -3,   -7,   -7,   -7,   -7,   -7,   -7,    3,   -4,  -12,  -10,
     -12,  -10,  -10,   -9,  -11,  -12,  -14,  -11,  -13,  -12,  -10,   -1,   -9,    5,  -11,  -10,
     -13,  -14,  -14,  -14,  -11,  -14,   -8,   -9,   -8,   -8,   -6,    2,   -5,  -31,  -31,    3,
      -1,  -28,    3,   -1,  -30,  -39,  -14,  -10,  -23,  -22,  -13,  -13,  -24,  -15,   -5,   -5,
      -7,   -4,  -19,  -24,  -10,  -11,  -11,  -24,  -16,  -25,   -7,   -6,  -11,   -4,   -4,  -32,
      -1,  -11,  -12,  -10,  -14,  -19,    2,  -12,   -9,  -14,   -4,   -7,   -7,   -1,   -1,   -7,
      -7,  -10,   -8,  -15,  -17,   -2,   -8,   -9,    8,  -10,   -9,   -9,    9,   -9,  -10,  -11,
      -9,   -9,   -8,   -7,    7,  -10,    7,  -10,   -3,    1,   -3,   -1,  -10,   -5,   -7,  -10,
     -33,  -15,  -30,    4,    4,    6,   -6,   -1,   -2,   -5,   -5,    5,    2,    4,    1,    1,
       5,    5,    3,   -2,   -5,  -29,  -12,   -1,    3,    2,   -6,   -8,  -10,   -4,    2,   -5,
      -1,   -8,   -9,   -9,  -10,   -7,   -9,   -3,   -5,    6,    6,  -12,    1,    3,  -12,  -12,
      -1,   -1,  -13,   -7,  -20,   -3,   -3,    4,   -5,   -9,  -15,  -17,  -11,  -21,   -9,  -15,
     -12,  -26,  -14,  -30,   -1,  -30,   -1,   -8,  -14,  -10,   -4,   -9,  -17,  -10,  -12,  -17,
      -9,  -15,   -7,   -7,  -28,  -24,  -16,  -21,   -6,    5,   -4,   -8,   -4,   -4,   -5,   -8,
      -4,   -4,  -11,   -4,   -4,    2,   -3,   -9,   -4,   -9,   -4,   -6,  -11,  -14,   -9,   -8,
       2,   -8,   -1,  -18,  -24,  -21,   -2,   -7,   -8,   -6,   -7,   -4,   -6,   -5,   -3,  -11,
      -3,   -1,   -4,   -4,   -8,   -7,   -7,   -3,   -1,  -10,  -11,  -11,  -10,    1,  -12,  -16,
     -19,  -31,  -16,  -13,  -10,  -28,  -22,  -11,  -15,  -18,   -6,  -19,  -14,   -2,    5,   -4,
      -4,   -4,   -3,  -23,  -14,   -8,   -6,   -6,   -4,  -29,  -10,  -12,  -31,  -31,  -10,  -14,
     -10,  -14,  -26,  -26,   -7,  -19,  -18,  -18,   -9,   -7,  -17,   -8,   -5,  -12,   -8,  -10,
      -5,   -5,   -6,  -29,   -8,  -29,    1,  -29,    1,   -9,   -7,  -10,   -6,  -11,   -9,  -11,
      -7,  -10,   -4,   -8,   -8,   -8,  -26,  -14,  -14,  -21,   -4,    2,   -3,   -2,   -3,   -3,
      -4,   -1,   -3,   -4,  -13,   -3,   -3,   -3,   -2,   -3,   -2,   -3,   -3,   -3,   -8,   -5,
      -5,   -1,   -7,  -15,  -28,  -16,   -9,    2,   -3,   -2,   -1,   -3,   -5,   -4,   -2,   -6,
      -3,   -1,   -2,   -1,   -1,   -1,   -1,   -3,   -3,   -3,   -3,   -1,    1,   -3,  -18,  -24,
     -27,   -8,   -4,   -8,  -17,  -11,  -13,   -8,  -11,   -3,  -14,   -4,   -1,    2,   -3,   -3,
      -4,   -3,  -12,   -8,   -7,    2,   -1,  -29,   -3,   -3,  -29,  -30,   -4,   -6,   -4,   -6,
     -17,  -16,   -7,   -8,   -8,   -8,   -7,  -11,  -12,   -6,   -8,  -13,  -12,   -4,   -6,   -4,
     -31,   -8,  -15,  -10,  -15,  -11,  -16,   -4,  -13,   -9,  -14,   -4,  -17,   -4,  -11,   -3,
      -9,  -15,  -15,  -11,  -12,  -22,  -23,   -5,   -6,  -10,    2,  -10,  -10,  -10,  -10,  -10,
     -12,  -10,  -10,   -8,   -8,  -10,  -10,   -6,   -3,   -5,   -3,   -3,   -9,   -5,   -8,  -14,
     -33,  -13,  -30,    1,   -4,    1,    1,    1,   -7,   -6,  -11,   -6,   -9,   -9,   -7,   -5,
      -5,    1,   -3,    1,   -6,   -4,   -3,   -3,   -4,   -3,   -5,   -4,   -9,  -10,  -29,  -14,
      -5,   -7,  -19,  -11,  -13,  -12,  -13,   -3,  -18,   -5,   -6,   -6,  -10,  -10,  -10,   -8,
     -13,   -5,   -5,    1,    1,    1,   -5,  -15,   -3,   -4,  -15,  -15,   -3,   -6,   -3,   -6,
     -18,  -13,  -17,  -10,   -9,   -9,    1,   -5,   -5,  -12,  -27,   -6,   -9,  -28,  -27,   -2,
     -36,  -22,  -16,   -6,  -16,   -6,  -10,   -4,  -22,  -15,  -26,  -26,   -2,  -30,  -19,  -16,
     -15,  -10,   -8,  -19,  -22,   -4,   -8,    1,   -8,   -9,   -9,   -8,  -10,  -11,   -8,   -8,
      -5,   -6,   -8,   -8,   -2,  -24,   -6,  -21,  -20,  -11,  -24,   -6,  -24,  -34,   -7,  -23,
       5,   -2,    2,    3,    3,   -8,   -5,   -6,   -7,   -9,   -5,   -5,   -6,   -6,    2,   -4,
       3,   -7,   -1,   -5,   -3,  -14,  -11,  -10,  -15,   -7,  -12,  -30,  -12,   -2,  -20,    2,
     -20,  -39,  -14,  -25,  -26,   -3,  -27,  -26,   -1,   -4,   -9,   -9,  -10,   -6,   -9,   -6,
     -24,    5,    3,    3,   -7,   -6,  -16,   -3,  -15,  -16,  -16,  -25,  -27,  -25,  -27,  -31,
     -21,  -13,  -26,  -30,  -30,    4,   -4,  -12,   -6,  -10,  -16,  -16,   -6,   -6,   -5,  -20,
      -7,  -14,  -14,  -13,  -15,  -20,   -5,  -15,  -13,  -14,   -6,  -16,   -5,  -13,   -6,  -10,
     -16,  -16,  -11,  -14,  -27,  -18,   -6,  -10,   -7,    2,   -8,   -7,   -7,    1,   -7,   -7,
      -9,   -7,   -7,   -6,   -5,    1,   -8,    1,   -7,  -10,   -6,   -3,   -4,   -3,  -12,   -9,
     -26,  -16,  -34,   -1,    1,    1,    1,  -14,   -5,   -5,  -12,  -14,   -4,   -3,  -12,  -12,
       1,   -9,    1,  -13,   -5,  -10,   -7,  -12,  -10,  -14,  -13,  -11,   -9,  -20,  -14,   -5,
      -5,  -18,  -14,  -13,  -10,  -11,   -7,  -10,   -8,   -8,  -10,   -7,   -7,   -7,   -5,  -17,
      -3,   -3,   -1,    1,    1,   -3,  -12,  -14,   -7,  -13,  -14,  -14,   -3,   -6,   -3,   -6,
     -26,  -13,  -22,  -15,  -11,  -11,   -7,   -5,   -9,  -15,   -4,   -9,  -14,  -15,  -30,   -7,
     -10,   -4,   -9,   -4,  -11,   -1,  -20,  -12,  -19,  -12,  -23,   -1,   -8,  -11,  -10,   -7,
     -10,  -18,  -18,   -2,   -6,    5,   -6,   -6,   -7,    6,   -6,   -8,  -12,   -6,   -6,   -1,
      -5,    4,   -6,    4,   -6,   -3,  -14,   -4,   -9,   -9,   -6,  -12,   -4,  -17,  -30,   -9,
     -25,    5,    6,    6,    7,   -6,   -4,   -4,   -8,   -3,   -1,   -3,   -3,    6,   -2,    6,
      -4,   -3,   -1,   -7,   -5,   -6,   -7,   -5,   -5,  -26,  -10,   -5,    5,  -13,  -27,   -9,
     -10,  -11,  -12,  -11,   -2,   -2,   -6,   -6,   -7,   -5,  -10,   -4,  -12,    5,    7,    7,
      -4,   -3,  -10,   -1,   -7,  -10,  -10,  -13,  -14,  -13,  -14,  -30,  -10,  -12,  -11,  -18,
     -18,    8,   -1,   -1,   -5,    1,  -19,  -12,   -6,  -18,    1,  -13,  -13,  -30,  -35,  -29,
     -35,  -36,   -8,   -6,   -5,   -6,  -26,   -9,  -17,   -2,   -9,   -5,  -15,  -15,  -31,  -20,
     -20,  -24,  -26,  -30,   -1,   -4,   -1,   -1,   -1,   -1,   -1,   -1,   -1,   -1,   -1,   -3,
      -1,   -4,   -1,   -4,   -1,   -6,    6,    1,   12,   12,    9,   -3,   -1,  -17,  -41,  -43,
     -12,  -15,  -16,  -13,   -6,  -16,   -5,   -5,   -6,   -6,  -15,   -4,  -16,   -8,  -12,   -4,
      -5,   -1,   -1,   -6,   -2,   -9,  -16,  -12,  -35,  -24,  -13,  -11,   -1,  -30,   -6,   -6,
      -5,   -5,    1,   -5,  -30,   -1,   -1,   -1,   -1,  -20,    1,    9,  -10,  -13,  -10,    8,
      -6,  -31,   -5,   -2,  -31,  -31,    8,    1,    8,    1,  -12,  -11,  -43,   -3,   -1,   -1,
     -11,   -4,  -12,   -8,   -5,   -8,   -8,   -1,  -27,   -4,  -16,   -3,  -17,   -3,  -11,   -1,
      -9,   -6,  -10,   -2,  -13,   -1,   -7,   -1,   -4,  -11,  -10,  -11,  -10,  -15,  -22,   -2,
      -5,    3,   -5,   -5,   -5,    4,   -4,   -6,   -8,   -4,   -4,   -2,    2,   -5,    2,   -4,
      -1,   -2,   -3,   -2,   -2,   -9,  -30,   -9,  -25,    5,    3,    3,    4,   -1,   -4,   -5,
      -1,   -3,   -3,   -1,   -1,   -1,    3,    3,   -2,   -1,   -1,   -1,   -1,   -4,  -10,  -26,
     -13,   -4,   -2,  -14,   -7,  -13,   -9,  -11,  -13,   -1,   -1,   -5,   -5,   -6,   -2,  -10,
      -2,   -2,    5,    4,    4,    3,   -1,  -18,   -1,  -18,  -18,   -2,   -2,  -14,  -11,  -11,
      -5,   -4,   -4,    2,   -3,   -7,   -9,  -11,   -3,  -10,  -29,  -13,  -21,  -12,  -23,  -24,
     -11,   -9,  -13,   -8,   -7,   -1,   -6,   -4,   -7,   -7,  -12,   -9,  -14,  -18,   -6,  -16,
      -8,    7,   -9,   -8,   -8,    7,   -7,   -9,  -10,   -8,   -8,  -11,   -6,    6,   -8,    6,
      -8,   -3,    2,   -2,  -11,   -3,   -8,   -8,  -32,  -21,  -42,    1,   -2,   -7,   -1,   -1,
      -6,   -6,    2,   -1,    1,    6,    7,    5,   -2,   -6,  -28,  -16,   -5,    4,   -6,   -6,
     -12,   -3,   -5,    1,  -16,   -8,   -8,   -9,   -6,  -10,   -2,   -3,    1,    1,  -13,    5,
     -13,  -13,  -12,   -7,  -31,   -2,   -2,    2,   -1,   -3,   -3,   -6,  -33,   -3,   -7,  -14,
      -7,  -13,  -18,  -10,   -9,  -16,   -9,   -5,   -1,   -6,   -6,   -6,   -7,   -6,   -7,  -16,
      -6,   -6,   -1,   -5,   -6,   -6,   -5,   -3,  -10,  -14,  -13,   -3,  -20,   -3,  -31,   -5,
      -4,   -5,   -3,   -4,   -5,   -1,   -5,   -4,   -3,   -1,   -4,   -4,   -2,   -2,   -3,    1,
     -16,  -27,   -6,   -3,   -7,   -8,  -26,  -26,   -5,   -3,   -5,   -3,   -5,   -3,   -3,  -16,
      -3,  -26,   -7,  -13,   -6,  -11,  -19,  -10,   -9,  -16,  -10,   -5,  -21,  -15,   -6,   -3,
      -7,   -8,  -26,  -26,   -5,   -3,   -5,   -3,  -21,   -5,  -15,  -15,  -20,  -43,  -44,  -15,
     -20,  -13,  -21,  -25,  -19,  -19,  -18,  -16,  -12,  -49,  -27,  -10,  -18,  -13,  -18,  -18,
     -19,  -13,  -18,  -18,  -27,  -18,  -18,  -13,  -17,  -14,  -18,  -14,  -18,  -18,  -11,  -23,
     -24,  -24,  -13,  -28,  -14,  -12,  -18,  -19,  -19,  -18,  -12,  -19,  -18,  -13,  -16,  -17,
     -14,  -11,  -11,  -19,  -13,  -19,  -13,  -14,  -13,  -13,  -10,   -9,  -10,  -11,  -12,  -13,
     -21,  -13,  -14,  -48,  -32,  -20,  -30,  -20,   -8,  -28,  -26,  -28,   -9,  -16,   -9,  -20,
      -9,   -9,  -16,  -19,  -23,   -8,  -23,  -23,  -23,   -8,  -22,  -23,  -27,  -23,  -23,  -19,
     -22,   -9,  -23,   -9,  -23,  -15,  -12,  -19,  -24,  -22,  -30,  -32,  -20,  -49,   -8,  -14,
     -10,  -10,  -10,  -15,  -14,  -20,  -14,  -16,  -19,  -18,  -13,  -13,  -10,  -12,  -10,  -14,
     -12,  -13,  -12,  -10,   -9,  -13,  -10,  -14,  -16,  -22,  -28,  -30,  -13,  -12,  -13,  -12,
     -18,  -21,  -16,  -13,  -24,  -20,  -13,  -16,  -22,  -17,   -6,  -19,  -21,  -18,  -22,  -10,
     -18,  -23,  -22,  -37,  -37,  -14,  -53,  -20,   -9,  -39,  -46,  -37,  -11,  -23,   -9,  -50,
     -13,  -15,  -18,  -49,  -27,  -24,   -8,  -23,  -24,  -24,   -7,  -23,  -26,  -27,  -24,  -23,
     -23,  -22,   -9,  -23,   -9,  -23,  -27,  -40,  -19,  -34,  -31,  -43,  -47,  -34,  -49,  -15,
     -16,   -9,   -9,   -8,  -24,  -14,  -21,  -22,  -23,  -20,  -20,  -21,  -21,   -9,  -19,   -9,
     -22,  -15,  -19,  -17,  -21,  -19,  -35,  -22,  -26,   -2,   -1,   -1,  -13,  -11,  -33,  -50,
     -34,  -34,  -15,  -14,  -12,  -26,   -3,   -7,   -3,   -3,   -3,   -7,   -2,   -3,   -4,   -3,
      -3,   -6,   -1,   -7,   -3,   -7,   -3,   -7,    4,   10,   10,   -1,    8,   -5,  -19,  -15,
       2,  -22,  -23,  -20,   -7,  -21,   -2,   -7,   -7,   -2,   -1,  -10,  -10,  -22,   -8,  -22,
     -11,  -17,   -6,   -9,   -5,   -4,   -8,   -5,  -13,  -13,   -8,  -29,   -5,   -6,   -4,   -9,
     -26,  -51,  -51,   10,   10,  -28,   -8,   -7,   -7,  -43,   -6,  -16,  -15,  -12,  -16,   -4,
      -7,   -8,   -4,  -15,  -16,    3,  -16,  -16,  -17,    4,  -15,  -18,  -19,  -16,  -16,  -17,
     -14,    2,  -16,    2,  -16,   -9,   -4,   -9,   -9,   -9,  -19,  -13,  -13,  -42,  -42,   -5,
      -5,   -1,   -2,   -1,   -6,   -4,  -12,   -6,   -6,  -10,  -10,   -4,   -4,   -1,   -2,   -2,
      -5,   -3,   -2,   -2,   -1,   -6,   -2,   -7,   -1,   -7,   -5,   -8,   -5,   -8,   -6,   -1,
     -30,  -12,   -7,   -5,  -30,   -6,  -24,  -27,  -28,    1,  -29,   -4,   -6,   -2,    4,   -6,
      -5,   -4,  -20,  -13,  -25,  -18,  -11,  -12,   -1,   13,   -5,   -1,   -5,   -9,    9,    2,
      -5,   -5,   -1,  -15,  -12,  -28,  -26,    8,  -18,    3,  -27,  -24,  -16,  -12,    4,   -2,
      -3,   -2,   -1,   -2,    1,    1,   -8,    2,    5,    1,   -2,   -3,   -2,    1,    1,   -5,
      -6,  -20,  -16,    7,  -20,    3,  -24,  -27,  -22,  -11,  -28,  -32,   -7,  -27,  -28,  -31,
     -27,    1,   13,   13,   13,   13,   13,   13,   21,   -5,    2,   -5,   -5,   -5,   -5,   -5,
     -16,   -4,  -12,  -12,  -12,  -12,  -18,   10,    4,    4,    4,    4,    4,   -3,   -1,   -1,
      -1,   -1,    1,    1,    1,    1,   -3,    1,   -2,   -2,   -2,   -2,  -28,   -6,   -6,   -6,
      -6,  -20,  -20,  -29,  -29,  -30,  -30,  -30,  -30,  -34,  -25,   -2,  -16,   -9,    3,   -3,
      -3,   -7,   -4,   -7,    1,   -7,  -29,   -8,  -12,  -11,   -2,   -9,    4,   -6,   -2,   -8,
       6,   -9,    4,   -4,    6,   -6,   -4,   -9,   -9,  -15,  -15,   -1,   -4,    9,   -3,   -4,
      -4,   10,   -3,   -4,   -7,   -3,   -3,   -2,    8,   -3,    8,   -3,   -1,   -2,   -2,   -1,
      -4,   -5,   -2,   -8,  -30,   -9,  -30,    8,    1,    8,    8,    9,   -1,   -3,   -1,   -3,
      -2,   -1,   -1,   -1,    8,    8,   -1,    2,   -3,   -2,   -4,  -25,  -11,    8,  -13,  -13,
     -11,  -12,  -14,   -4,   -2,    3,    9,   -4,   -4,   -4,   -4,   -4,   -4,   -4,   -4,   -1,
      -2,    8,    8,    8,    8,    8,   -9,    8,   -4,   -4,    4,    9,    8,    9,    9,    9,
       9,    8,    8,    9,    9,    9,    9,   -1,    4,    2,    8,    8,    8,    8,    8,    8,
      -2,   -1,  -13,  -13,   -8,   -8,  -16,  -11,  -12,   -6,   10,   -4,   -3,   -3,  -14,   -9,
      -5,   -3,   -8,  -17,   -2,  -39,   -1,  -38,   -2,  -12,   -4,   -1,   -6,   -7,   -4,    1,
      -2,   -5,   -5,  -28,  -15,  -14,  -15,   -7,   -1,   -4,   -1,   -1,   -1,   -3,   -1,   -1,
      -3,   -1,   -1,    1,   -4,   -1,   -4,   -1,   -3,    4,    5,    5,    2,    2,  -22,  -16,
     -23,    2,    1,   -4,   -4,   -4,   -3,   -9,   -2,   -4,   -5,   -3,   -3,   -4,   -3,   -4,
      -4,   -2,   -3,   -4,   -5,   -4,   -1,   -6,   -3,  -17,  -28,   -6,   -9,  -14,  -17,  -13,
     -12,  -13,   -1,   -2,    5,   -4,   -1,   -1,   -1,   -1,   -1,   -1,   -1,   -1,   -1,    1,
      -4,   -4,   -4,   -4,   -4,  -13,   -4,    2,   -1,    2,    2,    3,    3,    3,    2,    2,
      -4,   -4,   -3,   -3,   -1,   -4,    7,   -2,   -4,   -4,   -4,   -4,   -4,   -4,   -4,   -4,
      -3,   -3,   -6,  -41,  -41,    5,   -3,    5,   -3,  -15,  -10,  -20,   -8,   -1,   -6,   -1,
      -7,   -9,   -4,   -1,    1,  -34,  -11,  -17,  -10,  -17,  -17,    7,   -9,   -5,  -10,   -2,
       5,   -2,    1,    5,   -1,  -10,   -9,  -14,  -12,   -2,   -9,   -6,   12,   -6,   -6,   -6,
      13,   -6,   -7,   -9,   -6,   -6,   -7,   -4,   11,   -6,   11,   -6,   -3,    2,   -2,   -1,
     -11,   -6,   -6,   -5,  -33,  -13,  -40,    1,    1,    6,    5,    7,   -4,   -2,   -3,    2,
       2,    6,    4,    5,    2,    5,    4,    6,    8,    5,   -1,  -28,  -13,    7,    7,  -14,
      -5,  -10,   -1,   -4,   -4,   -1,   -9,   -9,   -9,   -9,   -9,   -9,   -6,   12,   -6,   -6,
      -6,   -6,   -7,   -7,   -7,   -7,   -4,   11,   11,   11,   11,   11,   -9,   11,   -6,   -6,
       1,    1,    2,    1,    2,    1,    2,    6,    7,    7,    7,    7,    3,    2,    2,    6,
       6,    6,    6,    6,    6,    4,    4,    4,    4,    5,    5,  -11,  -11,    1,   -1,    1,
      -1,  -13,  -25,    7,    9,    2,   -3,   -6,   -8,   -4,   -6,   -2,  -18,   -7,  -30,  -29,
      -6,   -1,    4,   -3,   -6,   -2,    5,   -6,  -20,  -10,  -11,  -12,    9,    1,    1,   -4,
       5,    2,    2,   -2,   -1,    2,    1,    3,    3,   -4,  -21,  -10,  -13,   11,    1,    2,
       3,    3,   -3,   -5,    1,    4,   -1,    2,   -2,    3,    5,   -3,   -3,   -9,   -6,    2,
      -8,    1,  -16,  -21,   -4,  -23,  -16,  -14,  -13,  -16,   -5,    3,    9,    9,    9,    9,
       9,    9,   15,    2,   -8,   -1,   -1,   -1,   -1,    8,   11,   11,   11,   11,    2,    3,
       3,    3,    3,    2,   -1,    7,    6,    1,    2,    2,    2,    2,   -2,   -2,   -2,   -2,
      -8,    2,   -8,  -32,  -32,   -8,   -8,  -17,   -4,  -17,   -4,    5,   -3,   -3,    2,  -17,
     -11,  -15,    2,  -10,  -15,  -27,  -35,  -27,  -36,  -30,   -4,   -2,   -3,  -18,   -5,  -10,
       4,   -3,  -14,  -14,  -27,  -22,  -20,  -19,  -22,  -27,   -3,   -3,   -3,   -3,   -3,   -2,
      -3,   -3,   -3,   -3,   -3,   -5,   -1,   -3,   -3,   -3,   -3,   -5,    8,    1,   11,   10,
      -1,    8,   -3,    2,  -22,  -30,  -39,  -14,    2,  -13,  -14,  -12,   -6,  -15,   -1,   -5,
      -5,   -1,   -8,   -8,  -13,   -6,  -13,   -9,  -13,   -4,   -6,   -2,   -5,   -3,  -12,  -16,
     -31,   -2,  -12,  -10,   -9,   -8,   -9,    2,   -6,  -27,  -27,  -27,  -27,  -27,  -27,  -21,
      -3,   -3,   -3,   -3,   -3,   -3,   -3,   -3,   -3,   -2,   -1,   -3,   -3,   -3,   -3,   -3,
     -23,   -3,    1,    1,    1,    1,    8,   -3,  -11,  -13,   -9,   -9,   -8,  -11,  -13,  -12,
     -12,   -9,  -10,   -2,   -6,    8,    8,  -12,  -13,  -10,  -11,  -11,  -13,   -6,   -6,   -5,
      -5,   -3,   -2,  -28,  -28,   11,   11,  -13,  -48,  -12,  -11,   -5,   -5,   -8,   -8,  -12,
      -4,   -8,    1,  -23,   -4,  -10,   -2,   -9,   -7,  -11,    4,   -5,   -2,   -6,   -4,    4,
      -4,   -4,   -4,   -9,  -12,  -19,  -11,   -1,   -2,   -2,    9,   -2,   -2,   -2,    9,   -1,
      -3,   -5,   -2,   -2,    8,   -2,    8,   -2,   -6,   -1,   -2,   -2,   -2,   -3,  -24,  -13,
     -28,    2,    7,    6,    8,   -4,   -1,   -3,   -5,   -1,   -3,   -4,    7,   -1,    7,   -5,
       1,   -4,   -2,   -4,   -4,   -3,  -20,  -13,    8,  -13,   -9,   -9,   -9,  -10,   -5,   -2,
      -2,   -2,   -2,   -2,   -2,    2,    9,   -2,   -2,   -2,   -2,   -3,   -3,   -2,   -3,    8,
       8,    8,    8,    8,  -14,    8,   -2,   -2,    8,    8,    9,    9,   -1,   -3,    4,    4,
       7,    7,    8,    8,    8,    7,   -4,   -3,  -10,  -10,   -8,   -8,  -17,   -8,  -13,    2,
      10,   -3,   -3,   -3,   -5,  -17,  -10,   -5,  -11,  -15,   -4,  -24,   -3,  -23,   -7,  -10,
      -9,   -3,   -9,   -7,   -8,   -2,   -5,   -5,   -6,   -5,  -23,  -22,  -19,  -13,   -8,   -5,
       1,   -4,   -3,    1,   -5,   -5,   -6,   -2,    4,    5,    3,    2,  -17,  -21,  -13,   -3,
       1,   -6,   -5,   -5,   -4,   -6,   -2,   -7,    1,   -4,   -4,   -6,   -7,   -5,   -4,   -3,
      -7,   -7,   -8,   -7,   -2,   -9,   -3,  -14,  -27,  -10,  -27,  -18,  -13,   -9,  -10,  -10,
      -4,   -6,    7,   -5,    1,   -5,   -5,   -5,   -5,   -5,  -21,   -5,   -2,   -2,   -2,   -2,
       2,   -2,   -2,   -1,   -1,   -2,   -2,   -6,   -4,   -4,   -4,   -4,   -3,    5,    9,   -3,
      -5,   -6,   -5,   -5,   -5,   -6,   -7,   -7,   -7,   -7,   -8,   -7,  -24,  -24,   -3,   -3,
     -20,  -16,  -10,  -10,   -9,   -4,   -5,   -4,   -7,  -18,  -13,  -12,   -7,  -12,  -15,   -4,
     -28,   -5,  -27,   -8,  -11,  -12,   -1,   -1,  -12,   -8,  -10,   -2,   -7,   -7,   -7,   -6,
     -26,  -24,  -20,  -12,   -9,   -7,    1,   -7,   -3,    1,   -7,   -7,   -7,   -1,    4,    3,
       4,    2,   -1,   -1,  -17,  -24,  -13,   -4,    1,   -8,   -7,   -6,   -5,   -8,   -3,   -8,
      -5,   -5,   -7,   -9,   -7,   -5,   -4,  -10,  -10,  -10,   -9,   -3,  -11,   -4,  -13,  -30,
      -4,  -12,  -30,  -18,  -10,  -11,  -11,   -5,   -6,    6,   -7,    1,   -7,   -7,   -7,   -7,
      -7,  -24,   -7,   -1,   -1,   -1,   -1,    2,   -3,   -3,   -3,   -2,   -4,   -8,   -6,   -6,
      -6,   -6,   -3,    5,   -7,   -4,   -7,   -7,   -7,   -7,   -6,   -7,  -10,  -10,   -9,  -11,
       2,  -28,  -28,   -4,   -4,  -21,  -18,  -12,  -12,  -11,   -5,   -6,   -7,   -6,  -20,  -18,
     -16,   -6,  -18,  -16,   -4,  -27,  -15,  -26,  -16,  -24,  -12,   -7,   -4,   -5,  -11,  -12,
     -13,   -2,   -8,   -7,  -16,  -16,  -24,  -25,  -27,  -18,  -19,  -10,   -3,   -7,   -4,   -3,
      -3,   -6,   -3,   -3,   -6,   -3,   -3,   -2,   -2,   -8,   -4,   -8,   -4,  -10,   -1,   -1,
       5,    4,    2,   -6,   -1,  -21,  -25,  -22,   -9,   -1,   -9,  -10,   -9,  -12,  -16,   -4,
      -8,   -9,   -4,   -2,  -12,  -12,   -9,  -11,  -10,  -12,  -12,  -11,  -11,  -10,   -9,  -10,
     -10,  -13,  -16,  -29,  -12,  -17,  -10,  -11,  -11,  -15,  -10,  -10,  -10,  -10,  -10,  -10,
      -6,   -7,   -3,   -3,   -3,   -3,   -3,   -3,   -3,   -3,   -2,   -2,   -8,   -8,   -8,   -8,
      -8,   -8,   -1,   -1,   -1,   -1,    2,   -9,   -8,   -9,   -7,   -6,   -6,   -8,   -9,   -8,
      -9,   -8,   -7,   -2,   -9,    4,  -12,   -9,   -9,   -9,   -9,   -9,   -9,  -11,  -11,  -10,
     -10,  -10,  -27,  -27,   -4,   -4,  -22,  -22,  -11,  -10,  -13,   -8,   -6,  -15,   -7,   -7,
      -6,   -9,  -13,   -3,  -40,  -42,   -2,   -5,   -9,   -2,    4,  -13,   -5,   -7,   -9,   -2,
     -35,  -26,  -13,  -10,   -4,   11,    4,   -9,    3,    3,    3,   -9,    4,    3,    4,    4,
       9,    5,   -9,    3,   -9,    3,   -2,   -1,    5,    5,   10,    6,    4,   -1,  -15,  -22,
     -12,    4,   -7,   -5,   -6,   -1,   -4,    1,    1,   -7,    3,    5,   -1,   -1,   -7,   -6,
      -5,   -1,   -7,   -9,  -21,  -17,    5,  -21,    1,  -11,  -38,  -19,  -41,  -20,  -14,  -13,
     -12,   11,   11,   11,   11,   11,   11,   19,   -9,    3,    3,    3,    3,    3,    3,    3,
       3,    3,    5,   -9,   -9,   -9,   -9,   -9,  -21,   -8,    6,    4,    1,    1,    1,    2,
       1,   -6,   -4,   -5,   -4,   -4,    3,    1,    8,   -1,   -5,   -6,   -5,   -5,   -5,  -39,
      -5,   -8,   -8,   -8,   -7,  -21,  -13,  -42,  -42,    1,   -3,    1,   -3,  -22,   -4,  -23,
     -18,    2,   -2,   -5,  -52,   -8,   -7,  -45,   -3,  -29,  -40,  -23,  -21,   -7,   -1,   -8,
      -1,   -7,    2,  -12,    2,  -25,    3,  -17,   -3,   -2,  -14,   -9,  -13,  -16,   -1,    6,
      -3,    1,   -3,   -3,   -4,    1,   -3,   -4,  -11,   -3,   -3,    2,   -2,   -3,   -3,   -1,
     -27,   -8,  -25,  -22,   -1,  -26,    1,  -22,  -30,   -9,  -14,    9,   -1,    3,    4,    4,
      -4,   -4,   -3,   -3,   -9,   -2,   -3,   -2,    3,   -4,    4,   -3,    1,   -6,   -4,  -16,
     -13,  -17,   -1,  -26,  -16,  -42,  -19,  -26,  -56,  -56,  -48,  -47,    6,    6,    6,    6,
       6,    6,   11,    1,   -3,   -3,   -3,   -3,   -4,   -4,   -4,   -4,   -3,   -2,  -10,   -8,
      -8,   -8,   -8,  -26,   -3,    9,    9,    9,    9,    9,    9,    9,    4,    4,    4,    4,
      -3,   -3,   -2,   -2,   -2,    3,    3,    3,    3,    3,    3,   -4,   -4,   -4,   -4,  -17,
     -17,  -23,  -23,  -42,  -42,  -47,  -51,  -30,   -6,  -16,    3,   -7,   -1,   -9,  -14,   -8,
      -6,   -9,   -8,  -14,   -8,  -26,  -26,   -3,   -6,   -7,   -5,    1,   -3,   -8,   -5,   -5,
      -5,   -1,   -9,   -1,   -1,  -23,  -20,  -13,  -14,   -4,    9,   -5,   -5,   -2,    6,    2,
      -6,   -6,   -2,   -3,   -3,   -1,   -1,    6,    2,    1,   -5,  -18,  -19,  -12,   -3,   -2,
      -2,   -2,   -3,   -8,    2,   -1,   -1,   -3,   -5,   -2,   -1,   -7,   -8,  -12,  -11,    3,
     -12,  -15,  -27,   -7,  -10,  -27,  -22,   -9,  -12,  -13,  -12,   -9,    9,    9,    9,    9,
       9,    9,   16,   -5,    2,   -6,   -6,   -6,   -6,   -6,  -19,   -6,   -3,   -3,   -3,   -3,
       2,    1,    1,    1,   -3,   -2,   -2,   -2,   -1,    1,    4,    7,   -1,   -3,   -3,   -2,
      -2,   -2,   -2,   -7,   -7,   -7,   -7,  -12,  -12,  -27,  -27,   -4,   -7,   -4,   -7,  -23,
      -6,  -13,   -9,    1,   -4,   -2,   -2,  -13,  -12,  -10,   -2,   -9,  -12,  -21,   -8,  -20,
      -8,  -15,   -3,   -1,   -5,   -5,   -4,    1,   -8,   -8,  -19,  -18,  -22,  -14,  -10,   -4,
       1,    1,    1,    1,    1,    1,    1,   -1,    1,    1,    2,    3,    1,    1,   -5,    8,
       4,   12,   12,    7,   10,   -1,  -17,  -19,  -18,   -4,    3,   -2,   -3,   -2,   -5,   -8,
      -3,   -4,    2,   -4,   -4,   -2,   -5,   -3,   -6,   -5,   -4,   -5,   -3,   -3,   -5,   -4,
      -7,  -12,  -21,    1,   -6,  -22,  -11,   -4,  -18,   -5,   -7,   -6,   -8,   -4,   -4,   -4,
      -4,   -4,   -4,    1,    1,    1,    1,    1,    1,    1,    1,    1,    1,    3,  -17,    4,
       4,    4,    4,   10,    1,   -2,   -3,   -1,   -1,   -3,   -2,   -1,   -2,   -1,    3,   -4,
       9,   12,   -4,   -2,   -2,   -2,   -2,   -1,  -20,   -2,   -5,   -5,   -4,   -3,   -4,  -21,
     -21,    6,    1,    6,    1,  -16,  -15,   -6,   -3,   -7,   -2,   -1,   -6,   -9,   -3,   -1,
       2,  -33,  -10,  -15,   -9,  -15,  -16,    7,   -9,   -5,  -10,   -2,    5,   -2,    2,    5,
      -1,   -9,   -9,  -14,  -12,   -2,   -7,   -6,   13,   -6,   -6,   -6,   14,   -5,   -7,   -8,
      -6,   -6,   -6,   -4,   11,   -6,   11,   -6,   -3,    2,   -1,  -11,   -6,   -6,   -5,  -33,
     -13,  -38,    1,    1,    6,    6,    8,   -1,   -4,   -2,   -2,    2,    2,    6,    5,    6,
       1,    2,    5,    4,    6,    8,    5,   -1,  -28,  -12,    7,  -14,   -5,   -1,   -4,   -4,
       1,   -1,   -7,   -7,   -7,   -7,   -7,   -7,   -4,   13,   -6,   -6,   -6,   -6,   -7,   -7,
      -7,   -7,   -4,   11,   11,   11,   11,   11,   -9,   11,   -6,   -6,    3,    2,    2,    2,
       2,    2,    6,    8,    8,    8,    8,    3,    2,    5,    2,    6,    6,    6,    6,    6,
       6,    4,    4,    5,    5,    5,    1,    5,  -11,  -11,    1,   -1,    1,   -1,  -14,  -22,
       7,   10,    2,   -3,    5,  -12,   -8,  -12,    5,   -4,  -22,    4,  -23,  -38,  -22,  -38,
     -24,    1,   -2,   -1,   -4,  -14,   -1,    4,    7,   -1,   -1,  -26,  -10,  -12,  -16,  -12,
     -22,   -4,    6,   -4,   -4,   -4,    7,   -4,   -4,   -4,   -4,   -4,   -7,   -3,    5,   -4,
       5,   -4,   -1,   11,   -1,    6,    6,   -5,    1,   -5,  -27,  -24,  -47,   -3,   -5,   -6,
      -4,   -4,   -4,   -3,   -3,    2,    2,   -5,    5,   -6,   -1,    4,    2,    8,    9,    1,
       7,   -1,  -23,  -30,   -5,  -30,   -5,  -23,   -2,   -3,    8,    1,  -22,  -22,  -22,  -22,
     -22,  -22,  -22,    6,   -4,   -4,   -4,   -4,   -4,   -4,   -4,   -4,   -1,   -3,    5,    5,
       5,    5,    5,  -10,    5,   -1,   -1,   -1,   -1,    1,   -4,   -3,   -3,   -1,   -2,   -1,
      -2,   -2,   -5,   -4,   -4,   -2,   -2,    1,    8,    5,    2,   -4,   -4,   -3,   -3,   -3,
      -4,    3,    2,    3,    3,    7,    8,  -24,  -24,   11,    2,   11,    2,   -9,  -57,    2,
      -4,    3,   -3,   -1,   -6,   -8,   -3,   -1,    4,    2,  -10,   10,   -9,   -9,   14,    7,
      -7,   -3,   -9,   -2,    5,   -2,    2,    6,   12,   -9,   -9,  -13,  -12,    3,   -7,   -5,
      13,   -5,   -5,   -6,   14,   -4,   -7,   19,   -5,   -5,   -5,   -3,   11,   -5,   11,   -5,
      -2,    2,   -1,  -10,   -6,   -5,   -5,   -4,  -13,    8,    2,    2,    8,    8,    9,   22,
      -2,    2,   18,    3,    3,    8,   15,    8,    2,    5,    5,    6,    6,    8,   10,   -1,
       2,  -12,    7,   -5,   -9,   -1,   -4,   -4,   -7,   -7,   -7,   -7,   -7,   -7,   -3,   13,
      -5,   -5,   -5,   -5,   -7,   -7,   -7,   -7,   -3,   11,   11,   11,   11,   -9,   -6,   -5,
       2,    2,    3,    2,   10,    9,    9,    9,    9,    2,    2,    3,    3,    4,    8,    8,
       8,    6,    6,    6,    6,   17,  -11,  -11,    1,   -1,    1,   -1,  -13,  -17,    7,   10,
       2,   -1,  -10,  -14,   -7,   -6,  -10,   -8,  -24,  -12,  -34,  -35,   -2,   -6,   -6,   -4,
       2,   -3,  -11,   -4,   -6,   -7,   -6,  -31,  -19,  -13,  -13,   -4,    9,   -1,   -5,   -1,
      -1,   -1,   -4,   -1,   -9,    6,   -5,   -1,   -5,   -1,   -5,   -9,   -8,   -7,    4,   -8,
       2,  -14,  -26,  -20,  -12,    1,   -2,   -4,   -3,   -2,   -3,   -1,   -7,    2,   -3,   -3,
      -3,   -1,   -4,   -5,   -6,   -5,    5,   -7,    1,  -24,  -34,   -9,  -17,  -38,  -19,  -13,
     -15,  -18,   -7,    9,    9,    9,    9,    9,    9,   17,   -5,   -1,   -1,   -1,   -1,   -1,
      -1,   -1,   -1,   -5,   -5,   -5,   -5,   -5,  -17,   -5,   -9,   -9,   -9,   -9,   -8,   -1,
       1,    1,    1,    1,    1,    1,    1,   -2,   -2,   -2,   -2,    2,    1,   -4,   -3,   -3,
      -3,   -3,   -3,  -34,   -3,   -5,   -5,   -5,   -5,   -7,   -1,   -7,  -36,  -36,   -5,  -11,
      -5,  -11,  -20,   -4,  -12,  -16,    1,   -3,   -6,   -8,   -7,   -9,   -2,   -8,   -2,  -24,
      -8,  -16,   -2,  -15,   -2,  -11,    1,   -6,   -3,   -6,    3,  -12,    1,   -4,    1,   -6,
      -8,   -7,  -11,  -11,  -16,  -18,   -3,   -2,   -3,    3,   -4,   -3,   -3,    3,   -3,   -3,
      -6,   -3,   -3,   -1,   -1,    1,   -4,    1,   -3,   -3,   -3,   -1,   -3,   -2,   -3,   -5,
     -27,  -11,  -29,    6,    4,    4,    5,   -4,   -5,   -3,   -4,   -6,   -2,   -2,   -5,   -5,
       3,   -3,    4,   -6,   -2,   -3,   -4,   -6,   -5,   -6,   -7,   -6,  -22,  -13,   -9,    3,
     -16,  -16,  -13,  -15,  -15,  -16,   -3,   -2,   -2,   -2,   -2,   -2,   -2,    2,    3,   -3,
      -3,   -3,   -3,   -3,   -3,   -3,   -3,   -3,   -1,    1,    1,    1,    1,    1,  -11,    1,
      -1,   -1,   -1,   -1,   -2,   -3,    6,    6,    6,    6,    6,    6,    6,    4,    5,    5,
       5,    5,   -2,   -4,    4,    3,   -4,    3,    3,    4,    4,    4,    3,   -3,   -3,   -3,
      -3,   -6,   -6,  -16,  -16,   -9,   -9,  -18,  -12,  -11,    5,   -2,   -7,    6,  -12,   -8,
     -13,    6,   -5,  -14,    5,  -39,  -25,  -39,  -25,  -24,  -18,   -1,   -5,    6,    5,   -3,
      -3,  -45,  -12,  -11,  -16,  -16,  -16,    1,    2,    1,   -2,    2,   14,    6,   14,   13,
       9,   -1,    3,  -20,  -26,  -27,   -5,    8,  -10,  -12,   -9,   -9,    1,    1,   -1,   -1,
     -10,    2,  -12,   -1,   -5,    1,    6,    7,    4,   -3,  -15,  -50,    5,  -13,  -58,   -7,
     -30,   -2,   -3,   -3,    8,  -16,  -16,  -16,  -16,  -16,  -16,  -12,    1,    2,  -11,    6,
       6,    6,    6,    9,   -4,   -5,   -2,   -3,   -2,   -4,   -4,  -10,   -8,   -9,   -7,   -6,
       2,   11,   12,   -9,  -10,   -8,   -8,   -8,  -39,  -10,    4,  -48,  -48,   12,    6,   12,
       6,   -9,  -35,   -6,  -12,    2,   -2,   -2,   -1,  -14,  -12,  -10,   -1,   -7,  -12,  -19,
     -18,  -19,  -19,  -24,   -2,   -3,   -2,   -3,   -5,   -5,   -3,    1,   -9,   -8,  -17,  -18,
     -21,  -14,  -10,  -12,    2,   -1,    1,   -1,    2,    1,   -1,    1,   -5,    8,    5,   12,
      13,    2,   10,   -3,    1,  -17,  -21,  -38,   -6,    3,   -3,   -3,   -1,   -6,   -7,   -2,
      -3,   -3,   -1,   -1,   -6,   -6,   -3,   -4,   -3,   -7,   -6,   -3,   -4,   -2,   -1,   -6,
      -3,  -10,  -12,  -20,    2,   -4,  -21,  -10,   -4,   -6,   -6,   -9,  -12,  -12,  -12,  -12,
     -12,  -12,   -8,    2,    1,    2,    1,    1,    1,    1,    1,  -17,    1,    5,    5,    5,
       5,   10,   -6,   -4,   -5,   -2,   -1,   -4,   -5,   -3,   -1,   -1,   -4,   -3,   -5,   -2,
      -3,   -1,   -3,   -2,   -3,  -19,  -19,    7,    1,    7,    1,  -16,  -25,   -4,   -1,   -8,
      -3,    2,    7,  -21,   -9,  -14,    7,  -10,   -8,    8,  -33,  -38,  -33,  -38,  -28,   -4,
       1,    2,  -26,   -2,  -14,   11,   -1,  -15,  -15,  -36,  -24,  -23,  -14,  -28,  -31,    5,
      -4,    4,    5,    6,   -3,    5,    5,    4,    5,    5,    7,   -4,    4,   -4,    4,   -3,
      14,   10,   21,   21,    9,   20,   10,  -10,  -32,  -50,  -15,   12,  -18,  -18,  -16,   -6,
     -18,    5,   -1,   -1,    6,    6,  -11,  -11,  -17,   -9,  -18,  -12,  -14,   -6,   -9,   -5,
      -5,  -10,   -6,  -13,   -5,  -41,    4,  -19,   -8,   -3,   -4,   -4,    7,  -10,  -31,  -31,
     -28,  -30,  -30,  -31,  -16,   -4,    5,    5,    5,    5,    5,    5,    5,    5,    5,    7,
      -4,   -4,   -4,   -4,   -4,  -23,   -4,   10,   10,   10,   10,   20,    5,   -8,  -13,   -4,
      -4,   -2,   -8,  -14,  -18,   -9,  -16,   -5,   -4,    4,   -4,   16,   20,  -10,  -17,   -7,
      -6,   -5,  -17,   -8,   -9,   -6,   -5,   -6,   -2,  -34,  -34,   17,    8,   17,    8,  -12,
     -48,  -12,  -18,   -9,    1,    6,  -20,   -9,  -13,    6,   -9,   -8,    7,  -30,  -36,  -30,
     -36,  -29,   -3,    1,    2,  -23,   -2,  -14,   10,   -1,  -13,  -13,  -31,  -22,  -22,  -14,
     -26,  -28,    4,   -3,    4,    4,    4,   -1,    5,    4,    3,    4,    4,    7,   -3,    4,
      -3,    4,   -3,   13,   10,   21,   21,    8,   19,   -1,   10,  -11,  -31,  -41,  -12,   12,
     -14,  -15,  -13,   -6,  -16,    5,   -1,   -1,    5,    6,   -9,   -9,  -14,   -7,  -15,  -10,
     -13,   -5,   -8,   -4,   -4,   -9,   -5,  -12,   -6,  -36,  -16,  -35,   -7,  -30,   -3,   -4,
      -3,  -10,  -28,  -28,  -25,  -27,  -28,  -28,  -14,   -3,    4,    4,    4,    4,    4,    4,
       4,    4,    7,   -3,   -3,   -3,   -3,   -3,   -3,   10,   10,   10,   10,   19,    4,   -7,
     -11,   -4,   -3,   -2,   -6,  -11,   -8,  -13,   -4,   -3,    4,   -4,   15,   19,   -9,  -14,
      -6,   -5,   -4,  -14,   -7,   -8,   -5,   -4,   -4,   -1,  -31,  -31,   17,    8,   17,    8,
     -12,  -42,  -10,  -14,   -9,   -4,  -16,   -9,   -8,   -4,  -11,  -12,   -1,  -44,  -49,   -3,
      -7,  -11,    1,  -16,   -5,   -9,   -1,   -3,   -8,   -3,   -1,  -39,  -30,  -14,   -8,   -6,
       8,    3,  -11,    2,    3,    3,  -11,    3,    3,    3,    3,    6,    5,  -11,    2,  -11,
       2,   -4,   -1,    8,    8,    9,    7,    2,  -14,  -25,  -12,   -1,    3,   -9,   -7,   -9,
      -2,   -7,    2,   -1,   -6,    3,    3,   -3,   -3,   -9,   -8,   -8,   -2,   -2,   -8,  -11,
     -19,  -16,    3,  -20,   -1,  -10,  -43,   -5,  -22,  -46,  -18,  -12,  -12,  -10,   -5,   -1,
       8,    8,    8,    8,    8,    8,   15,  -11,    3,    3,    3,    3,    3,    3,    3,    3,
       2,    5,  -11,  -11,  -11,  -11,  -11,  -24,  -10,    7,    3,   -1,   -7,   -7,   -6,   -6,
       1,   -1,   10,   15,   -3,   -7,   -8,   -7,   -6,  -10,  -10,   -9,   -9,  -49,  -49,    2,
      -1,    2,   -1,  -21,   -6,  -23,  -21,    1,   -3,    1,    4,  -26,  -12,  -16,    4,  -13,
      -9,    5,  -46,  -25,  -48,  -25,  -27,   -8,   -1,    1,    2,  -29,   -4,  -19,    8,   -4,
      -1,  -22,  -22,  -48,  -32,  -27,  -16,  -29,  -18,    2,   -9,    2,    3,    2,   -8,    3,
       2,    1,    3,    3,    2,    4,   -9,    2,   -9,    2,   -6,    9,    8,   19,   19,    7,
      17,   -2,    7,  -12,  -33,  -27,  -20,    9,  -25,  -26,  -24,   -8,  -24,    2,   -3,   -4,
       3,    4,  -13,  -13,  -25,  -14,  -26,  -14,  -20,   -9,  -15,  -11,  -11,  -11,  -12,  -18,
      -7,  -53,  -31,  -53,  -10,   -6,   -7,   -6,  -16,  -18,  -18,  -18,  -18,  -18,  -18,  -12,
      -9,    3,    3,    3,    3,    2,    2,    2,    2,    2,    4,   -9,   -9,   -9,   -9,   -9,
     -30,   -9,    8,    8,    8,    8,   17,    3,  -10,  -18,   -6,   -5,  -10,  -25,  -14,  -23,
     -10,   -8,    1,   -5,   13,  -12,  -11,  -15,  -24,  -11,   -9,  -25,  -12,  -14,   -9,   -8,
     -11,  -49,  -49,   14,    6,   14,    6,  -14,  -34,  -20,  -29,  -14,   -2,   -4,   -5,  -10,
      -8,   -3,   -5,   -6,  -17,   -4,  -27,  -24,   -9,   -1,   -3,    1,   -2,   -9,   -1,   -2,
       1,   -9,   -4,   -4,  -18,  -11,  -15,  -13,   -4,    2,   -2,   -1,   -2,   -2,    1,    2,
      -2,   -1,   -2,   -2,    4,    4,    2,    2,    1,   -2,  -19,  -12,  -15,    5,    2,   -4,
      -7,    1,   -2,   -8,    1,    1,   -4,   -4,   -7,   -4,   -6,   -6,  -13,  -11,   -2,  -12,
      -3,  -15,  -19,   -3,  -21,  -18,  -13,  -16,  -14,  -14,   -1,    2,    2,    2,    2,    2,
       2,    8,   -2,    2,   -2,   -2,   -2,   -2,   -2,   -2,    2,    5,    5,    5,    5,    5,
       5,    5,   -3,    5,  -27,   -6,   -6,   -6,   -6,  -12,  -10,  -27,  -27,    2,   -6,    2,
      -6,  -19,   -8,  -20,   -3,   -1,   -6,  -19,  -18,  -42,  -37,  -30,  -40,  -18,  -38,  -21,
     -51,  -20,  -52,  -28,  -20,  -36,  -24,  -24,  -20,  -37,  -27,  -41,  -21,  -30,  -29,  -30,
     -22,  -49,  -49,  -24,  -32,  -24,  -17,  -35,  -17,  -17,  -17,  -33,  -17,  -17,  -13,  -17,
     -17,  -17,  -16,  -35,  -17,  -35,  -17,  -31,  -21,  -19,  -11,  -11,  -14,  -12,  -24,  -16,
     -26,  -49,  -14,  -30,  -13,  -36,  -36,  -35,  -29,  -19,  -16,  -25,  -21,  -15,  -14,  -30,
     -29,  -36,  -25,  -36,  -30,  -31,  -33,  -36,  -32,  -31,  -27,  -29,  -30,  -34,  -53,  -22,
     -34,  -28,  -38,  -19,  -21,  -19,  -35,  -23,  -24,  -24,  -24,  -24,  -24,  -24,  -21,  -35,
     -17,  -17,  -17,  -17,  -16,  -17,  -15,  -17,  -16,  -35,  -35,  -35,  -35,  -35,  -34,  -19,
     -19,  -19,  -19,  -12,  -17,  -25,  -25,  -30,  -28,  -26,  -24,  -28,  -30,  -36,  -30,  -35,
     -32,  -29,  -11,  -28,  -15,  -28,  -29,  -31,  -36,  -33,  -31,  -30,  -30,  -31,  -36,  -35,
     -30,  -29,  -10,  -53,  -53,  -14,  -14,  -14,  -14,  -18,  -36,  -33,  -34,  -22,  -39,  -33,
     -33,  -11,  -31,  -24,  -19,  -13,  -16,  -18,  -20,  -22,  -35,  -17,  -27,   -4,  -11,  -19,
     -11,  -11,  -12,  -18,  -11,  -11,  -11,  -11,   -6,  -10,  -20,  -11,  -20,  -11,  -13,  -29,
     -29,  -35,  -35,   -7,  -32,   -9,  -50,  -20,   -3,   -8,  -15,  -15,  -14,  -14,  -10,  -11,
     -10,  -10,   -7,  -11,  -11,  -15,   -3,  -14,  -10,   -9,  -21,  -22,  -28,  -28,   -7,  -14,
      -8,  -16,  -11,  -32,  -33,  -32,  -33,  -14,   -9,  -21,  -31,  -31,  -16,  -49,  -28,  -18,
     -29,  -18,  -24,  -14,  -26,  -22,  -25,   -9,  -26,  -11,  -32,  -10,  -24,  -21,  -30,  -17,
     -22,  -11,  -22,  -22,  -23,  -11,  -21,  -24,  -27,  -22,  -22,  -18,  -20,  -12,  -22,  -12,
     -22,  -16,  -26,  -22,  -32,  -32,  -26,  -34,  -20,  -49,   -9,  -15,  -11,  -10,  -10,  -22,
     -18,  -20,  -21,  -24,  -19,  -17,  -20,  -20,  -11,  -19,  -10,  -21,  -14,  -18,  -17,  -23,
     -22,  -23,  -24,  -21,  -14,  -30,  -30,  -13,  -73,  -45,  -24,  -14,  -75,   -8,   -9,   -4,
     -29,   -8,   -4,   -6,  -61,   -9,  -27,  -24,  -23,  -18,  -10,   -8,  -12,  -13,  -34,  -13,
     -13,  -13,  -35,  -13,  -13,   -4,  -13,  -13,  -12,  -12,  -34,  -13,  -33,  -13,  -24,  -27,
     -39,  -49,  -43,  -12,  -27,  -14,  -14,    9,  -20,  -22,  -29,  -28,  -29,  -13,   -1,  -13,
     -12,  -12,  -13,  -12,  -13,  -13,  -29,  -10,  -28,  -12,  -20,  -24,  -28,  -40,  -33,  -12,
     -26,  -13,  -12,  -13,  -12,  -34,  -34,  -12,  -20,  -29,  -29,  -72,   -3,  -13,  -11,  -10,
      -5,  -13,   -5,  -28,  -10,  -18,  -18,   -2,   -7,   -7,   -6,   -3,   -5,  -15,   -4,   -2,
      -1,  -16,  -16,  -15,  -16,   -2,    5,   -2,    1,   -2,   -2,   -2,    2,   -1,   -2,  -11,
      -2,   -2,    2,   -1,   -2,   -2,   -4,   -9,  -13,  -21,  -20,  -22,   -1,  -21,  -29,  -16,
     -13,    3,   -1,    1,    2,   -1,   -1,    1,   -6,   -1,    2,    1,   -2,    1,    1,   -3,
      -4,   -5,   -2,    1,   -6,  -27,  -18,   -6,   -2,  -20,  -17,  -10,  -10,  -12,  -14,  -11,
      -3,    5,    5,    5,    5,   12,    1,   -2,   -2,   -2,   -2,   -2,   -1,  -16,  -22,    8,
       3,    3,    3,    3,    3,    3,    3,    2,    2,    2,    2,    1,    1,    1,    1,    1,
       1,    1,    1,    1,  -18,    1,   -4,   -4,   -4,   -4,   -6,   -6,  -18,  -18,  -13,  -12,
     -13,  -12,  -27,  -17,   -7,   -4,   -1,   -2,   -6,   -3,  -10,   -6,  -10,   -2,  -10,    1,
     -41,   -4,  -10,   -9,   -9,  -10,  -12,    5,  -19,  -12,  -16,    2,   -5,    4,  -16,    1,
      -4,   -3,   -9,  -11,  -19,  -14,   -1,   -5,   -8,    9,   -8,   -8,   -8,    9,   -7,   -9,
     -12,   -8,   -8,   -4,   -6,    8,   -8,    8,   -7,   -5,   -7,   -4,  -15,  -13,  -12,  -23,
      -9,  -14,  -36,  -11,  -32,    3,    1,    7,    7,    8,   -2,    1,   -5,   -1,   -4,   -4,
      -3,    7,    1,    7,   -2,   -1,   -4,   -2,   -3,  -33,  -12,    8,  -13,  -10,   -5,   -8,
      -8,   -5,   -5,   -8,   -8,  -11,   -4,   -4,    3,    3,    3,    3,    3,    3,    3,    3,
       7,    8,    8,    8,    8,   -1,   -1,   -1,   -1,    6,    7,    7,    7,    7,    7,    7,
      -2,    1,   -2,  -11,  -11,  -10,   -9,  -10,   -9,  -24,  -10,  -16,    4,   10,   -3,   -3,
      -2,  -13,  -10,   -2,   -6,  -31,  -22,   -5,  -21,   -5,  -12,   -8,   -3,   -7,  -12,   -4,
      -1,   -6,   -2,    2,  -27,  -12,  -13,  -16,   -8,    1,   -5,    2,   -5,   -5,   -6,    1,
      -5,   -6,  -14,   -5,   -5,   -1,   -4,   -5,   -5,   -4,   -2,   -9,  -10,  -10,   -2,  -15,
      -4,   -8,  -33,  -20,  -22,   -4,   -3,   -4,   -2,   -4,   -5,   -3,   -3,   -1,   -3,    1,
      -3,    3,    3,    2,    1,  -30,  -32,   -5,  -10,   -2,   -7,   -7,    2,    1,    2,   -5,
      -5,   -6,   -6,  -11,   -9,   -9,   -3,   -2,   -2,   -2,   -2,   -4,   -3,   -3,   -3,   -3,
      -3,   -3,    1,   -4,    1,  -23,  -23,   -2,   -2,  -18,   -9,   -1,   -5,    4,   -6,   -2,
      -6,  -10,   -8,   -5,   -6,   -5,  -15,   -6,  -18,  -18,   -7,   -3,   -4,   -3,   -3,   -3,
     -17,  -15,  -15,  -10,   -2,    5,   -1,    1,   -1,   -1,   -1,    2,   -1,   -5,    3,    1,
      -1,   -1,   -2,    1,    1,    2,   -3,  -21,  -15,  -12,    3,    1,    2,    3,   -1,   -1,
       1,   -4,    3,    1,    2,    2,    2,    2,   -1,   -1,    2,   -2,  -16,  -18,   -2,  -20,
     -14,   -6,   -9,   -7,   -2,    5,    5,   -1,   -1,   -1,   -1,   -1,   -1,   -1,  -15,   -2,
      -1,    7,    3,    3,    3,    3,    3,    3,    3,    1,    3,    3,    3,    3,    1,    1,
       2,    2,    2,    2,    2,    2,    2,    2,    2,   -1,   -1,   -1,   -1,   -2,   -2,  -18,
     -18,   -5,   -5,  -18,   -7,   -4,   -1,   -2,   -2,   -2,   -6,  -11,  -11,   -7,   -6,   -1,
     -32,   -1,  -10,   -5,  -10,   -6,  -11,    3,   -9,   -4,   -8,   -2,   -3,    2,  -11,   -1,
       3,  -11,  -11,  -14,  -11,   -4,   -4,    7,   -4,   -4,   -5,    8,   -4,   -5,  -12,   -4,
      -4,   -1,   -3,    6,   -4,    6,   -4,   -5,   -4,   -6,  -12,  -11,   -3,  -20,   -4,  -10,
     -32,  -14,  -23,   -1,    4,    4,    6,   -1,   -3,   -1,   -4,   -2,   -1,   -1,   -1,    4,
       4,   -1,    2,    1,    3,  -30,  -14,    5,  -16,   -8,   -3,   -6,   -6,   -2,    5,    7,
      -4,   -4,   -4,   -5,   -5,   -5,   -5,   -3,    6,   -6,  -20,    5,    4,    6,    6,    6,
       6,   -1,   -1,   -1,   -1,    3,   -1,    4,    4,    4,    4,    4,    4,   -1,  -12,  -12,
      -6,   -6,   -6,   -6,  -22,  -10,    7,    7,   -5,    8,   15,   -9,   -7,   -9,   15,   -4,
      -1,    7,  -31,   -6,  -30,   -8,  -11,    1,  -13,    1,   -2,    5,    3,  -30,  -13,  -10,
       1,   -9,   -1,    9,    9,    9,    9,    3,    9,    9,    5,    9,    9,   10,   11,    1,
       9,    1,    9,   12,   10,   21,   21,   15,   19,    3,   12,   -6,  -22,  -13,    2,   16,
      -4,   -5,   -2,    3,   -5,    8,    4,    9,    9,    4,    4,   -4,    5,   -5,    3,   -1,
       3,    1,    7,    8,    8,    6,   -2,  -33,    3,  -13,   -6,   13,    9,   11,    1,    4,
       9,    9,    1,    1,    2,    2,    2,    2,    2,    2,    2,   -4,   -2,   -2,   -2,   -2,
      14,    4,    6,   15,   -3,    4,   -3,   -4,   -4,   -4,   -3,   -4,    2,    1,    1,    2,
       6,   16,  -32,  -32,   18,   18,   18,   18,  -10,  -13,   -6,  -12,    6,    7,   -1,    3,
      -9,   -7,  -11,    3,   -1,  -12,  -22,   -1,  -20,   -6,   -1,   -3,   -4,  -14,   -1,    5,
       2,  -24,  -12,  -10,  -15,   -5,   -3,    4,   -3,   -3,   -4,    5,   -3,   -4,    5,   -3,
      -3,   -2,    3,   -3,    3,   -3,   -1,    5,   -5,   -6,   -5,   -2,  -10,   -2,   -3,  -17,
     -24,   -1,   -3,   -4,   -2,    4,    1,   -3,    4,    1,   -3,   -1,    5,    5,   -3,    6,
      -3,    3,    3,    2,    8,    8,    8,    7,    1,  -11,  -29,   -8,  -27,   -7,   -2,   -4,
      -6,    4,   -3,   -3,   -3,   -4,   -4,    3,    3,   -9,   -5,    3,    2,   -3,   -2,   -2,
      -2,   -2,    4,    4,    4,    4,   -4,    6,   -3,   -3,   -3,   -3,   -3,   -2,    2,    2,
       2,    2,    7,    1,    7,  -22,  -22,    5,    3,    5,    3,  -13,  -10,   -3,   -7,    6,
      -3,   -4,  -15,  -13,   -7,  -15,   -7,  -28,  -13,  -20,  -20,   -4,   -7,   -4,   -7,   -2,
      -6,   -5,   -6,   -3,  -16,   -1,   -7,   -3,   -3,  -19,  -18,  -17,  -19,   -4,    4,   -2,
      -1,   -2,   -2,   -3,   -1,   -2,   -4,  -12,   -2,   -2,    1,   -1,   -2,   -2,   -2,   -2,
      -5,  -10,  -16,  -22,  -21,  -22,   -2,  -23,  -29,  -18,  -12,   -3,   -2,   -4,   -2,  -10,
      -1,   -1,   -1,   -4,   -1,   -5,   -7,   -7,   -6,   -8,   -1,  -27,  -21,   -5,  -22,  -20,
     -12,  -14,  -17,   -3,    4,    4,   -2,   -2,   -2,   -4,   -4,   -4,   -1,   -2,  -18,  -16,
       7,   -2,   -7,   -7,   -7,   -7,   -8,   -2,   -8,  -20,  -20,  -15,  -14,  -15,  -14,  -28,
     -19,   -8,   -6,   -3,   -2,   -6,   -4,  -11,  -13,  -10,   -8,  -11,   -8,  -20,  -11,  -21,
     -21,   -5,   -8,   -6,   -7,   -6,   -7,   -5,   -4,   -8,   -3,   -6,   -3,   -3,  -21,  -19,
     -16,  -18,   -5,    4,   -2,   -3,   -2,   -2,   -3,   -1,   -2,   -3,   -9,   -2,   -2,   -3,
      -2,   -3,   -2,   -4,   -7,   -6,   -3,   -3,   -3,   -1,   -9,  -24,  -18,  -12,   -3,   -2,
      -2,   -1,   -2,   -4,   -2,   -9,   -1,   -2,   -4,   -2,   -4,   -4,   -5,   -4,   -6,   -1,
     -18,  -24,   -7,  -24,  -20,  -11,  -12,  -12,  -11,   -3,    4,    4,    4,   -3,   -2,   -2,
      -3,   -2,   -3,   -3,   -3,  -19,   -3,    5,   -2,   -1,   -1,   -1,   -1,   -3,   -2,   -2,
      -2,   -2,   -2,   -2,   -4,   -4,   -4,   -4,   -6,   -3,   -6,  -22,  -22,   -6,   -9,   -6,
      -9,  -24,  -18,   -9,   -8,   -6,   -2,   -6,  -12,  -11,  -14,  -11,  -11,  -11,  -20,  -10,
     -21,   -8,  -21,  -10,  -13,   -5,  -11,   -8,   -9,   -6,  -13,   -6,   -9,   -7,   -6,   -9,
      -8,  -20,  -20,  -23,  -21,  -12,   -5,   -8,   -2,   -8,   -8,   -9,   -1,   -8,   -8,   -6,
      -8,   -8,   -6,   -6,   -2,   -8,   -2,   -8,  -11,   -7,   -6,   -3,   -3,   -6,   -5,   -8,
      -8,  -24,  -20,  -11,   -4,   -8,   -4,   -4,   -3,   -8,   -9,   -9,   -7,  -10,   -8,   -7,
      -6,   -6,   -4,   -6,   -4,   -7,   -6,   -7,   -7,   -5,   -4,   -6,   -6,   -7,  -18,  -23,
      -7,  -19,  -10,  -12,  -12,   -9,   -5,   -1,   -8,   -8,   -6,   -2,   -4,   -4,   -4,   -4,
      -4,   -4,   -4,   -4,   -3,   -3,   -3,   -3,   -7,   -7,   -6,   -5,   -5,   -6,   -4,   -4,
      -4,   -4,   -4,   -4,   -6,   -6,   -6,   -6,   -6,  -21,  -21,   -6,   -9,   -6,   -9,  -24,
     -16,   -7,   -5,   -8,   -1,   -4,  -11,   -8,   -8,   -4,   -7,  -26,   -5,  -38,  -43,   -3,
      -6,   -2,   -5,    1,   -4,  -13,   -4,   -5,   -3,    1,  -36,  -15,  -11,  -14,   -5,    8,
      -2,   -3,   -2,   -2,   -3,   -2,   -2,   -2,  -10,   -2,   -2,    4,   -1,   -3,   -2,   -3,
      -2,   -3,   -2,   -9,  -12,  -12,    4,  -12,    1,  -10,  -26,  -22,  -12,   -3,   -7,   -6,
      -7,    2,   -6,   -2,    2,   -1,   -1,    2,    1,    1,   -7,    3,   -7,    1,    8,    2,
     -25,  -40,  -18,  -42,  -13,   -7,  -10,  -12,   -3,   -2,   -2,   -2,   -2,   -2,   -3,   -3,
     -12,   -3,   -9,   -9,   -2,    7,    1,   -7,   -7,   -7,   -6,   -7,    2,    2,    2,    2,
      -8,    1,   -7,   -7,   -7,   -7,   -7,  -37,   -7,   -2,  -44,  -44,   -1,   -3,   -1,   -3,
     -17,   -6,  -13,  -17,    1,   -5,   -3,  -11,  -13,   -9,   -7,  -11,   -7,  -19,  -10,  -21,
     -21,   -4,   -7,   -5,   -5,   -4,   -7,   -4,   -4,   -7,   -1,   -4,   -3,   -2,  -21,  -19,
     -15,  -14,   -4,    5,   -2,   -3,   -2,   -2,   -2,   -1,   -1,   -2,   -9,   -2,   -2,    1,
      -3,   -2,   -3,   -2,   -3,   -4,   -6,   -2,   -2,    1,   -3,   -8,  -24,  -18,  -12,   -3,
      -2,   -1,   -1,   -4,   -2,   -9,   -1,   -4,   -1,   -5,   -3,   -5,   -4,    2,   -6,  -19,
     -24,   -7,  -24,  -20,   -9,  -12,  -11,   -9,   -3,    5,    5,    5,    5,    5,   -3,   -2,
      -2,   -2,   -2,   -2,   -2,   -2,   -3,   -3,   -3,   -3,  -18,   -3,   -2,    6,   -2,   -2,
      -1,   -1,   -1,   -1,   -1,   -1,   -3,   -3,   -3,   -3,   -6,   -2,   -6,  -22,  -22,   -5,
      -9,   -5,   -9,  -21,   -8,   -8,   -6,   -2,   -4,   -4,  -16,  -13,  -10,   -7,  -16,   -7,
     -28,  -13,  -20,  -20,   -4,   -8,   -4,   -7,   -2,   -6,   -5,   -6,   -3,  -16,   -1,   -7,
      -3,   -3,  -19,  -18,  -17,  -19,   -4,    4,   -4,   -1,   -4,   -4,   -4,   -1,   -3,   -4,
     -13,   -4,   -4,    1,   -1,   -2,   -4,   -2,   -3,   -5,  -11,  -16,  -23,  -22,  -22,   -2,
     -24,  -29,  -18,  -12,   -3,   -1,   -2,   -4,   -2,  -10,   -1,   -1,   -1,   -4,   -1,   -5,
      -7,   -8,   -6,   -8,   -1,  -27,  -21,   -9,   -5,  -22,  -20,  -10,  -12,  -14,  -17,  -14,
      -3,    4,    4,    4,   -1,   -4,   -4,   -4,   -2,   -2,  -19,  -16,  -16,  -16,    7,   -2,
      -1,   -1,   -1,   -1,   -7,   -7,   -7,   -7,   -8,   -2,   -8,  -20,  -20,  -15,  -14,  -15,
     -14,  -28,   -8,   -6,   -4,   -2,   -6,   -4,  -15,  -13,  -10,   -7,  -15,   -6,  -28,  -12,
     -20,  -20,   -4,   -8,   -4,   -7,   -2,   -6,   -4,   -6,   -3,  -16,   -1,   -6,   -3,   -3,
     -19,  -18,  -17,  -19,   -4,    4,   -3,   -3,   -3,   -4,   -1,   -3,   -4,  -13,   -3,   -3,
       1,   -1,   -2,   -3,   -2,   -3,   -5,  -10,  -16,  -22,  -21,  -22,   -2,  -23,  -29,  -18,
     -12,   -2,   -1,   -2,   -4,   -2,   -9,   -1,   -4,   -1,   -5,   -7,   -7,   -6,    1,   -8,
      -1,  -27,  -21,   -8,   -5,  -21,  -20,  -28,  -10,  -12,  -14,  -17,  -13,   -3,    4,    4,
       4,   -3,   -3,   -3,   -3,   -4,   -4,   -4,   -2,   -2,   -2,   -2,  -18,  -16,  -16,    7,
      -2,  -20,   -7,   -7,   -7,   -7,   -8,   -2,   -8,  -20,  -20,  -15,  -14,  -15,  -14,  -28,
      -8,   -6,   -3,   -2,   -6,   -3,  -11,   -6,  -10,   -2,  -11,    1,  -40,   -5,  -10,   -6,
      -9,   -7,  -11,    5,  -18,  -10,  -15,    3,   -5,    5,  -18,    2,   -4,   -4,   -9,  -10,
     -19,  -14,   -3,   -7,    9,   -7,   -7,   -7,    9,   -6,   -8,  -11,   -7,   -7,   -3,   -5,
       8,   -7,    8,   -6,   -4,   -8,   -4,  -16,  -14,  -11,  -23,   -8,  -14,  -36,  -11,  -31,
       4,    1,    8,    8,    9,   -2,    1,   -4,   -1,   -4,   -3,   -2,    8,    1,    8,   -1,
      -2,   -5,   -3,   -3,  -32,  -11,    8,  -13,  -10,   -6,   -8,   -9,   -8,   -5,   -3,   -3,
       9,   -7,   -8,  -11,   -4,    5,    4,    4,    4,    4,    4,    4,    4,    8,    9,    9,
       9,    9,   -1,   -1,   -1,   -1,    6,    8,    8,    8,    8,    8,    8,   -3,    1,   -3,
     -11,  -11,  -12,  -10,  -12,  -10,  -26,  -15,    3,   10,   -3,   -7,   -3,  -10,   -7,  -10,
      -2,  -10,    1,  -41,   -4,  -10,   -9,   -9,  -10,  -12,    5,  -20,  -12,  -16,    2,   -5,
       4,  -16,    1,   -4,   -3,   -9,  -11,  -19,  -14,   -1,   -5,   -8,    9,   -8,   -8,   -8,
       9,   -7,   -9,  -12,   -8,   -8,   -4,   -6,    8,   -8,    8,   -7,   -5,   -7,   -4,  -15,
     -13,  -12,  -23,   -9,  -14,  -36,  -11,  -32,    3,    1,    7,    7,    8,   -2,    1,   -5,
      -1,   -4,   -4,   -3,    7,    1,    7,   -2,   -1,   -4,   -2,   -3,  -33,  -12,    8,  -13,
     -10,  -10,   -5,   -8,   -8,   -6,   -5,   -5,   -5,    9,   -8,   -9,    8,  -11,    3,    3,
       3,    3,    3,    3,    3,    3,    7,    8,    8,    8,    8,   -1,   -1,   -1,   -1,    6,
       7,    7,    7,    7,    7,    7,   -2,    1,   -2,  -11,  -11,  -10,   -9,  -10,   -9,  -25,
     -16,    4,   10,   -3,   -7,   -6,   -6,   -9,   -5,   -6,   -3,  -11,   -6,  -16,  -16,   -1,
      -9,   -3,   -9,   -6,   -9,   -3,    1,  -15,  -13,  -16,  -20,   -4,   -5,    5,   -5,   -5,
      -6,    5,   -5,   -6,    4,   -5,   -5,   -1,   -3,    3,   -5,    3,   -5,   -5,   -4,  -10,
     -12,  -12,   -5,  -18,   -4,  -12,  -22,  -14,   -6,    1,   -6,    3,    3,    4,   -1,   -4,
      -1,    3,   -3,   -1,    3,    1,    3,   -1,   -1,    2,   -2,  -17,  -16,   -1,  -12,  -13,
      -6,   -9,  -10,   -3,   -5,   -5,  -12,    1,    1,    1,    1,    1,    1,    1,    3,    4,
       4,    4,    4,   -1,   -1,   -1,   -1,    3,    3,    3,    3,  -17,  -17,   -4,   -7,   -4,
      -7,  -20,  -12,   -2,   -2,   -4,  -12,  -10,  -14,   -6,  -31,  -33,  -18,  -29,  -18,  -20,
       1,   -8,   -6,   -9,  -16,   -3,   -3,   -3,   -3,    4,   -1,  -37,  -12,  -12,  -20,  -13,
     -12,  -10,  -10,  -10,  -11,    1,  -10,  -12,  -13,  -10,  -10,  -10,   -9,  -10,  -10,   -4,
       2,   -8,   -8,   -8,  -12,  -13,   -8,   -6,  -34,  -26,  -20,   -3,   -4,   -9,   -9,   -7,
      -7,   -9,    1,   -2,   -7,   -7,    1,   -8,    2,   -9,    1,   -3,    6,    8,    2,    5,
      -1,  -32,  -44,    3,  -10,  -45,   -9,   -1,   -5,   -6,    1,  -12,  -12,  -12,  -12,  -10,
     -10,  -10,  -12,  -12,  -11,   -8,   -8,  -13,  -10,   -2,   -3,   -3,   -3,   -3,   -3,   -3,
      -1,   -8,   -7,   -7,   -7,   -7,    1,    1,    1,    1,   -9,    1,   -8,   -8,   -8,   -8,
      -8,  -34,   -8,    5,   -3,    5,  -38,  -38,    2,    1,    2,    1,  -15,  -24,   -4,   -9,
       2,   -7,   -6,   -8,  -10,   -9,   -3,   -8,   -4,  -35,   -8,  -24,  -24,  -11,  -11,   -4,
     -11,   -9,  -10,   -2,   -4,   -2,  -16,  -11,  -15,  -19,   -4,   -7,    1,   -7,   -7,   -8,
      -6,   -8,  -14,   -7,   -7,   -2,   -5,   -7,   -7,   -4,   -6,   -9,  -15,  -14,   -6,  -20,
      -4,  -14,  -34,  -12,  -24,    5,   -2,    1,    1,   -3,   -4,   -5,   -3,   -5,   -4,   -3,
      -2,   -2,   -1,    1,   -3,   -2,   -2,   -1,   -2,   -3,   -2,  -31,  -19,   -3,  -21,  -14,
     -15,   -7,  -10,  -11,   -1,   -7,   -7,   -7,   -8,   -8,  -11,   -9,   -9,    1,    5,    5,
       5,    5,    5,    5,    5,    1,    1,    1,    1,   -3,   -3,   -3,   -3,   -2,   -2,   -2,
      -2,   -2,   -3,   -2,   -3,  -26,  -26,   -6,   -8,   -6,   -8,  -22,  -10,   -7,   -2,    2,
      -8,   -1,   -2,  -10,   -8,   -7,   -2,   -6,  -27,   -3,  -36,   -1,  -41,   -8,   -1,   -5,
      -4,  -13,   -4,   -4,   -3,  -36,  -13,  -10,  -13,   -5,    8,   -2,   -1,   -2,   -2,   -3,
      -2,   -3,  -11,   -2,   -2,    4,   -1,   -1,   -2,   -1,   -2,   -2,   -8,   -9,   -9,    3,
     -11,   -8,  -29,  -20,  -17,    2,   -3,   -6,   -6,   -5,    4,   -6,   -2,    3,   -1,   -1,
       1,    3,    3,   -6,    5,   -6,    2,    1,    2,    1,    3,    4,    6,    2,  -28,  -42,
      -1,  -15,  -44,  -11,  -11,   -5,   -7,   -8,   -1,    3,    8,    8,    8,    8,   -1,   -2,
      -2,   -2,   -2,   -3,   -3,   -3,   -3,   -1,   -1,   -1,  -11,   -1,   -8,   -8,  -11,    5,
       2,    2,    2,    2,    2,    2,    2,   -6,   -5,   -5,   -5,   -5,    3,    3,    3,    3,
      -7,    3,   -6,   -6,   -6,   -6,   -6,  -34,   -6,    1,    1,    1,    1,    2,   -1,    2,
     -42,  -42,   -1,   -1,  -15,   -6,   -9,  -14,    5,   -4,   -8,  -11,  -13,  -12,   -8,  -11,
     -10,  -31,  -12,  -21,  -21,   -5,  -10,   -5,  -10,   -3,   -8,   -6,   -8,   -5,  -13,   -4,
      -6,   -4,   -4,  -20,  -19,  -18,  -20,   -6,    1,   -5,   -2,   -5,   -5,   -6,   -1,   -4,
      -6,  -14,   -5,   -5,   -1,   -4,   -2,   -5,   -2,   -5,   -7,   -9,  -18,  -18,  -18,   -3,
     -21,   -4,  -18,  -31,  -20,  -14,   -1,   -6,   -3,   -2,   -2,   -4,   -6,   -4,   -2,   -8,
      -4,   -1,   -2,   -2,   -3,   -3,   -3,   -3,   -2,   -4,   -4,   -5,   -4,   -1,   -6,   -2,
     -28,  -23,   -8,   -7,  -23,  -19,  -11,  -13,  -15,   -5,    1,   -2,   -5,   -5,   -5,   -6,
      -6,   -2,  -18,    2,   -1,   -1,   -1,   -1,   -1,   -1,   -3,   -2,   -2,   -2,   -2,   -2,
      -2,   -2,   -2,   -4,   -2,   -3,   -3,   -3,   -3,   -3,   -3,   -4,   -4,   -4,   -4,   -6,
      -5,   -6,  -21,  -21,   -9,  -11,   -9,  -11,  -25,  -10,   -7,   -5,   -4,   -9,    6,   -9,
      -8,  -10,    6,   -2,  -29,    1,  -22,  -33,  -21,  -33,  -22,    4,   -6,   -6,  -14,  -12,
      -1,   -1,   10,  -23,   -9,  -10,  -18,  -10,  -21,   -8,    7,   -8,   -8,   -9,    8,   -8,
     -10,  -11,   -8,   -8,  -11,   -7,    6,   -8,    6,   -8,   -2,    6,   -3,   -5,   -4,  -17,
     -10,   -6,   -2,  -31,  -22,  -40,   -1,   -1,   -3,   -4,   -2,    2,   -4,   -6,    1,   -4,
      -5,    3,    3,   -3,    6,   -3,    2,   -1,    4,    5,   12,   13,    4,   11,  -30,   -8,
      -6,   -3,   -4,    6,   -8,   -8,  -10,   -7,   -1,   -1,   -1,   -1,   -1,   -1,   -3,   -2,
      -2,   -1,   -2,    1,    1,    1,    1,   -4,    3,   -3,   -3,   -3,   -3,   -3,   -3,    5,
       5,    5,    5,   11,   -1,   11,  -22,  -22,    8,    7,    8,    7,   -9,  -38,   -2,   -6,
       8,    7,   -8,   -6,   -9,    7,  -27,    2,  -19,  -26,  -19,  -26,  -21,    6,   -6,   -4,
     -12,   -9,    1,    1,   12,  -19,   -8,   -9,  -17,   -8,  -16,   -7,    9,   -7,   -7,   -7,
      10,   -6,   -8,  -10,   -7,   -7,  -10,   -5,    8,   -7,    8,   -7,    8,   -2,   -4,   -4,
     -14,  -10,   -5,   -1,  -30,  -21,  -33,    1,   -1,   -2,    3,   -2,   -4,    3,    2,   -3,
      -2,    5,    5,   -1,    9,   -2,    3,    2,    6,    7,   14,   15,    6,   13,    3,  -28,
     -24,   -5,  -24,   -4,    1,   -3,   -4,    7,  -16,   -7,    8,    8,    8,    8,    3,    1,
      -1,    3,    3,    3,    3,    5,   -1,   -1,   -1,   -1,   -1,   -1,    7,    7,    7,    7,
      13,    1,   13,  -20,  -20,    9,    8,    9,    8,   -8,  -30,   -1,   -3,    9,   -3,   -1,
      -1,  -10,   -7,   -9,   -1,   -4,  -26,   -2,  -34,  -36,   -3,   -7,   -4,   -4,  -14,   -3,
      -3,   -1,    1,    1,    2,  -36,  -13,  -10,  -15,   -5,    7,   -2,   -2,   -2,   -3,   -2,
      -3,  -10,   -2,   -2,    4,   -2,   -2,   -2,   -8,  -10,   -9,    3,  -10,   -7,  -27,  -22,
     -12,    2,   -2,   -5,   -5,   -4,    4,   -5,   -1,    3,    1,    4,    4,   -5,    5,   -5,
       2,    1,    2,    4,    4,    9,    2,    3,  -24,  -41,  -16,  -43,  -11,   -4,   -7,   -8,
      -1,    3,   -2,    2,    2,    2,    2,    2,    2,    2,   -5,   -4,   -4,   -4,   -4,    3,
       3,    3,    3,   -6,    4,   -5,   -5,   -5,   -5,   -5,   -5,    2,   -1,  -36,  -36,    1,
       1,    1,    1,  -14,   -6,   -8,  -15,    6,   -4,   -2,    3,   -9,   -9,  -11,    3,   -3,
     -30,  -22,  -31,  -21,  -31,  -24,    2,   -7,   -6,  -14,  -13,   -2,    7,   -2,   -2,  -23,
     -10,  -11,  -20,  -11,  -19,  -10,    5,   -9,  -10,  -10,    6,   -9,  -11,  -12,  -10,   -9,
     -12,   -8,    4,   -9,    4,   -9,   -3,    4,   -5,   -6,   -6,  -18,  -11,   -8,   -4,  -33,
     -24,  -37,   -2,   -1,   -3,   -4,   -2,   -4,   -7,   -1,   -6,   -6,    1,    1,   -3,    4,
      -4,   -2,    2,    3,   10,   11,    2,    9,   -1,  -31,  -28,   -8,  -26,   -7,   -1,   -4,
      -5,    3,  -19,  -10,  -10,  -10,    4,   -9,  -11,   -2,   -2,   -2,   -2,   -2,   -2,   -2,
      -3,   -2,   -2,   -2,   -2,   -4,    1,   -3,   -3,   -3,   -3,   -3,   -3,    3,    3,    3,
       3,    9,   -1,  -22,  -22,    5,    4,    5,    4,  -11,  -36,   -2,   -6,    5,   -5,   -3,
      -3,  -10,   -7,   -3,   -3,   -3,  -27,   -3,  -28,  -29,   -8,   -6,   -6,   -2,   -5,   -5,
       1,    1,  -24,  -11,  -11,  -16,   -3,    4,   -3,    2,   -3,   -3,   -3,    1,   -3,   -4,
     -11,   -3,   -3,   -1,    1,   -3,    1,   -3,   -1,   -7,  -12,  -10,  -14,   -9,  -28,  -13,
     -14,    7,   -2,   -1,    1,   -3,   -2,   -1,    2,    2,   -1,    4,    1,    3,    3,    2,
       2,    3,    5,    1,  -26,  -27,   -7,  -28,  -11,  -12,   -5,   -7,   -9,    4,    2,   -4,
      -4,   -7,    6,    7,    7,    7,    7,    7,    7,    8,   -1,    2,   -1,   -1,   -1,   -1,
      -1,  -29,    2,    2,    2,    2,  -29,  -30,   -2,   -2,   -2,   -2,  -17,   -6,   -6,   -6,
       6,   -5,  -14,  -14,  -33,  -15,  -51,  -16,  -52,  -23,  -15,  -30,  -21,  -20,  -14,  -33,
     -22,  -37,  -15,  -26,  -24,  -26,  -19,  -26,  -24,  -14,  -30,  -14,  -14,  -13,  -29,  -14,
     -13,   -7,  -14,  -14,  -14,  -12,  -30,  -14,  -30,  -14,  -27,  -15,  -13,   -6,   -6,  -10,
      -7,  -19,  -10,  -48,  -27,   -8,  -32,  -31,  -31,  -26,  -13,  -10,  -20,  -17,  -10,   -9,
     -27,  -27,  -32,  -20,  -31,  -27,  -28,  -28,  -34,  -30,  -29,  -24,  -26,  -27,  -30,  -14,
     -33,  -52,  -24,  -32,   -9,  -10,   -9,  -13,  -32,  -32,  -31,  -20,  -20,  -10,  -31,  -14,
     -18,  -20,  -16,  -21,  -15,  -14,  -25,  -14,  -16,   -4,  -16,  -16,  -16,   -3,  -15,  -17,
     -16,  -16,  -16,  -14,  -14,   -4,  -16,  -16,  -18,  -14,  -12,  -11,  -10,  -15,  -13,  -18,
     -34,  -24,  -13,   -6,   -5,   -4,  -16,   -8,  -14,  -15,  -16,  -13,  -14,  -14,   -6,  -13,
     -15,   -9,  -14,  -12,  -12,  -16,  -13,  -12,  -30,  -18,  -20,  -20,  -16,  -22,  -34,  -34,
     -16,  -56,  -22,  -38,  -22,  -38,  -35,  -11,  -42,  -53,  -38,  -16,  -24,  -11,  -53,  -18,
     -16,  -27,  -27,  -29,  -32,  -28,  -10,  -28,  -28,  -28,  -10,  -27,  -29,  -30,  -28,  -28,
     -28,  -26,  -11,  -28,  -11,  -28,  -33,  -44,  -22,  -36,  -33,  -51,  -49,  -42,  -53,  -21,
     -17,  -12,  -12,  -11,  -28,  -16,  -24,  -26,  -27,  -23,  -23,  -23,  -23,  -12,  -20,  -12,
     -26,  -18,  -21,  -18,  -23,  -22,  -37,  -24,  -27,   -8,  -28,  -32,  -28,  -11,  -28,  -21,
     -11,  -17,  -39,  -35,  -40,  -35,   -6,  -26,   -4,   -4,  -14,   -7,   -9,   -7,   -9,   -8,
     -14,   -7,   -9,   -6,   -8,   -3,   -4,   -4,   -3,   -3,   -4,   -3,   -3,   -1,   -2,   -4,
      -4,   -7,   -2,   -5,   -1,   -1,   -2,   -2,   -3,   -3,   -4,   -4,   -4,   -3,   -3,   -3,
      -4,   -3,   -3,   -5,   -3,   -6,   -6,   -4,   -4,   -4,   -7,   -4,   -5,   -2,   -4,   -2,
      -5,   -5,   -1,   -4,   -8,   -7,   -7,  -36,   -8,  -25,   -9,  -16,   -3,  -12,   -6,  -11,
     -16,   -7,   -6,   -9,   -7,   -2,   -5,   -4,  -20,  -36,   -6,  -10,  -10,   -3,   -2,  -10,
     -20,  -20,  -32,   -4,  -25,   -4,  -14,   -5,  -15,   -8,  -13,   -2,  -21,   -3,  -17,   -1,
     -21,  -10,  -10,  -23,  -33,  -34,  -30,  -31,   -6,  -22,   -4,  -11,   -9,   -9,  -20,  -25,
     -28,  -25,  -29,  -11,  -12,  -11,   -8,  -13,  -15,  -12,   -7,  -13,  -12,  -20,  -20,  -20,
     -26,  -14,  -15,  -14,   -5,  -14,   -9,  -13,   -8,  -13,   -5,  -15,   -8,   -9,  -33,  -14,
     -12,   -5,  -33,  -18,   -5,  -19,  -18,  -18,   -4,  -18,  -18,  -19,  -18,  -18,  -21,  -16,
      -6,  -19,   -6,  -19,  -15,   -7,  -13,   -8,   -8,  -18,  -10,  -17,   -3,   -3,  -20,  -38,
     -12,  -38,   -6,   -6,   -5,   -4,   -4,   -4,   -5,  -21,  -12,  -10,   -6,  -21,   -8,  -33,
     -22,  -26,   13,  -24,   13,  -12,   -1,   -5,   -2,   -5,   -3,   -5,   -3,   -2,  -25,  -10,
     -16,   -7,    1,   -6,   -6,   -6,   -6,    1,   -6,   -6,  -16,   -6,   -6,   -5,   -6,   -6,
      -3,  -10,  -10,  -10,   -1,  -15,   -1,   -7,  -35,  -14,    4,   -5,   -4,   -4,   -3,   -7,
      -6,   -3,   -5,   -3,   -4,    1,   -4,    5,    6,    3,    4,   -1,  -18,  -32,  -27,   -9,
      -6,  -12,  -11,  -29,  -27,  -10,   -2,   -4,   -6,  -14,    1,    1,    1,    1,    1,    1,
       8,   -6,   -6,   -6,   -6,   -6,   -6,   -6,   -6,   -5,  -10,  -10,  -10,  -10,  -10,  -15,
      -1,    4,    4,    4,    4,    4,    4,    6,   -4,   -3,   -3,   -3,   -3,   -4,   -4,   -4,
      -4,   -4,  -27,   -4,    4,  -27,  -27,  -19,  -21,  -19,  -19,  -21,  -20,  -12,  -12,   -8,
     -26,  -28,  -13,   -6,   -8,  -12,  -42,  -26,   -8,  -20,  -11,  -19,   -6,  -23,   -6,  -39,
      -6,  -20,   -8,  -16,   -8,  -16,  -16,  -16,   -8,  -15,  -17,  -23,  -16,  -16,  -11,  -14,
      -9,  -16,   -9,  -15,  -13,  -41,  -34,  -31,  -13,  -40,  -11,   -5,  -13,   -6,   -6,   -5,
     -16,  -12,  -14,  -14,  -21,  -13,  -12,  -14,  -14,   -6,  -15,   -6,  -14,  -10,  -16,  -24,
     -21,  -12,  -25,  -12,  -16,  -10,  -10,  -33,  -38,  -25,  -38,  -35,  -12,  -12,  -27,  -12,
     -11,   -6,  -11,   -6,  -11,  -10,  -10,   -8,   -4,   -4,  -21,   -5,  -38,  -53,  -38,  -38,
      -9,   -6,   -4,   -6,  -33,  -11,  -17,   -2,   -8,   -3,  -17,  -16,  -26,  -42,   -9,  -11,
     -10,   -9,   -9,  -10,   -9,  -10,  -10,   -9,   -9,  -13,   -8,  -11,  -10,  -10,  -11,   -1,
      -5,    2,    1,   -7,   -1,  -10,  -28,  -17,   -6,  -25,  -26,  -23,  -10,  -23,  -10,  -10,
     -10,  -10,  -11,  -11,  -25,   -9,  -12,  -18,   -9,  -10,   -5,   -9,   -6,  -15,  -12,  -13,
     -12,  -10,  -54,  -54,   -5,    3,   -5,   -9,  -31,  -31,  -15,  -43,  -21,  -10,  -21,  -13,
     -19,  -14,  -17,  -10,  -41,  -14,  -15,   -9,  -15,   -9,  -15,  -15,  -16,   -9,  -14,  -15,
     -26,  -15,  -15,  -10,  -15,  -14,  -19,  -33,  -12,  -14,  -13,  -16,  -10,  -10,  -10,  -15,
     -14,  -23,  -13,  -12,  -18,  -14,  -13,  -22,  -12,  -13,   -2,   -7,  -14,  -27,  -38,  -25,
     -38,  -27,   -3,   -3,  -12,   -9,  -29,   -6,    1,   -7,   -6,   -6,   -6,   -6,   -6,   -6,
      -9,   -5,   -7,   -7,   -5,    5,   -2,    3,    3,   -6,  -10,  -22,  -16,  -10,  -27,    1,
      -1,   -1,  -11,  -28,  -28,    2,    4,    2,   -8,    2,   -9,    3,    3,   -9,  -12,   -1,
     -38,  -38,  -36,  -38,  -29,   -6,   -6,  -16,   -7,  -32,   -6,   -1,   -6,   -6,   -6,   -1,
      -6,   -6,   -6,   -6,  -10,   -4,   -1,   -6,   -6,   -4,    8,   -2,    4,    4,   -5,   -5,
     -20,  -15,  -18,  -38,   -1,   -1,  -13,    5,   11,  -17,  -13,  -10,  -10,  -30,  -20,   -4,
       1,   -4,   -1,   -4,   -5,   -4,  -14,   -4,   -4,   -3,   -2,   -4,   -6,   -8,  -17,  -16,
      -5,   -2,   -1,   -3,   -2,   -3,   -1,   -2,   -2,   -2,   -2,   -1,   -3,   -3,   -3,   -1,
      -4,  -10,  -12,   -4,  -10,  -10,   -3,   -3,   -2,   -2,  -18,    2,  -22,  -38,  -20,  -38,
     -26,   -3,   -3,   -8,  -27,   -9,   -9,   -9,   -9,    2,   -9,   -9,   -9,   -9,  -12,   -8,
      -9,   -9,   -7,    1,   -5,  -10,   -2,  -13,  -26,   -5,    1,   -2,   -4,   -8,    3,    3,
     -17,    2,  -38,  -28,  -38,  -28,   -4,   -4,    3,    3,   -4,  -41,   -5,  -14,   -6,   -2,
     -41,  -38,  -31,   -8,   -3,   -4,   -3,  -16,    2,  -21,  -21,  -17,    2,   -5,    3,  -23,
      -6,   -6,  -11,  -27,   -9,   -2,  -11,  -10,    9,  -10,  -11,  -11,   10,  -10,  -12,  -13,
     -10,  -10,  -10,   -9,    8,  -10,    8,  -10,   -9,  -13,   -6,  -19,  -17,  -22,  -30,  -16,
     -34,    1,   -1,    8,    8,    9,  -11,   -8,   -9,  -10,   -7,   -7,   -7,   -7,    8,   -5,
       8,   -8,   -1,   -5,   -3,   -8,   -6,  -16,   -8,   -9,  -33,   -8,   -8,   -8,  -10,   -8,
      -8,   -9,   -9,  -29,  -10,  -11,  -11,  -11,  -11,  -11,  -10,    9,  -11,  -12,  -12,   -9,
       8,    8,    8,    8,   -6,   -6,    1,    1,    1,    1,    1,    1,    8,    9,   -9,   -9,
       8,    8,    8,   -3,   -3,   -8,   -8,  -40,  -40,  -32,  -45,  -42,  -42,  -31,   -8,  -25,
     -43,   -8,  -28,   -1,  -16,  -16,  -12,  -17,  -20,  -20,  -19,  -25,  -22,  -18,  -20,  -25,
     -18,  -18,  -15,  -12,  -15,  -15,  -15,  -10,  -14,  -15,    1,  -15,  -15,  -16,  -13,  -12,
     -15,  -12,  -15,  -23,  -13,  -17,   -8,   -8,  -13,  -10,  -20,  -20,  -14,  -14,  -15,  -13,
     -15,   -3,  -18,  -18,   -5,  -18,  -15,  -17,  -17,  -14,   -7,  -15,  -19,  -16,  -19,  -18,
     -15,  -14,  -16,  -13,  -18,  -10,  -18,  -13,  -15,  -12,  -17,  -18,  -15,   -9,  -17,   -1,
     -30,  -30,   -6,  -24,  -27,    1,  -29,   -4,   -2,    4,  -12,   13,   -5,   -1,   -5,   -9,
       9,    2,   -5,   -5,   -1,  -15,  -12,  -28,  -26,    8,  -18,    3,  -24,    4,   -2,   -3,
      -2,   -1,   -2,    1,    1,   -8,    2,    5,    1,   -2,   -3,   -2,    1,    1,   -5,   -6,
     -20,  -16,    7,  -20,    3,  -11,  -27,  -28,  -31,    1,   13,   13,   13,   13,   -5,    2,
      -4,   -4,   -4,  -12,  -12,  -12,    4,    4,    4,    1,    1,    1,   -2,  -29,  -29,  -30,
     -30,  -30,  -30,  -34,   -2,  -16,   -9,    3,   -1,  -30,  -30,   -6,  -24,  -27,    1,  -29,
      -4,   -2,  -11,   13,   -5,   -1,   -5,   -9,    9,    2,   -5,   -5,   -1,  -15,  -12,  -28,
     -26,    8,  -18,    3,  -24,    4,   -2,   -3,   -2,   -1,   -2,    1,    1,   -8,    2,    5,
       1,   -2,   -3,   -2,    1,    1,   -5,   -6,  -20,  -16,    7,  -20,    3,  -11,  -32,  -27,
     -27,  -30,    1,   13,   13,   13,   13,   13,   21,   -5,    2,   -4,   -4,   -4,   -4,  -12,
     -12,  -12,  -18,    4,    4,    4,   -3,    1,    1,    1,   -2,    1,  -29,  -29,  -30,  -30,
     -30,  -30,  -34,   -2,  -16,   -9,    3,   -1,  -30,  -30,   -6,  -23,    1,  -29,   -4,   -4,
     -11,   13,   -5,   -1,   -5,   -9,    9,    2,   -5,   -5,   -1,  -15,  -12,  -27,  -25,    8,
     -18,    3,  -24,    4,   -2,   -3,   -2,   -2,    1,    1,   -8,    2,    5,    1,   -2,   -3,
      -2,    1,    1,   -5,   -6,  -20,  -16,    7,  -20,    3,  -11,  -24,  -24,  -25,    1,   13,
      13,   13,   -5,   -4,  -12,  -12,  -18,    4,   -3,  -28,  -27,  -28,  -27,  -34,  -16,   -9,
       3,   -1,  -30,  -30,   -6,  -23,  -27,    1,  -29,   -4,   -6,  -11,   13,   -5,   -1,   -5,
      -9,    9,    2,   -5,   -1,  -15,  -12,  -28,  -26,    8,  -18,    3,  -24,   -2,   -2,   -1,
      -2,    1,    1,   -8,    5,    1,   -2,   -3,    1,    1,   -5,   -6,  -20,  -16,    3,  -21,
     -11,  -27,  -27,  -28,    1,   13,   13,   13,    2,   -4,   -4,  -12,  -18,    4,   -2,  -29,
     -30,  -29,  -30,  -29,  -34,   -2,  -16,   -9,    3,   -1,  -30,  -30,   -6,  -23,    1,  -29,
      -4,    4,  -11,   13,   -5,   -1,   -5,   -9,    9,    2,   -5,   -5,   -1,  -15,  -12,  -28,
     -26,    8,  -18,    3,  -24,  -12,    4,   -2,   -3,   -2,   -1,   -2,    1,    1,   -8,    2,
       5,    1,   -2,   -3,   -2,    1,    1,   -5,   -6,  -20,  -16,    7,  -20,    3,  -11,  -32,
     -26,  -26,  -27,    1,   13,   13,   13,   13,   -5,    2,   -4,   -4,   -4,  -12,  -12,  -12,
     -18,    4,    4,   -1,   -2,   -2,   -6,  -29,  -29,  -30,  -29,  -30,  -29,  -34,   -2,  -16,
      -9,    3,   -1,  -30,  -30,   -6,  -24,  -27,    1,  -29,   -4,   -6,   -2,  -11,   13,   -5,
      -1,   -5,   -9,    9,    2,   -5,   -5,   -1,  -15,  -12,  -28,  -26,    8,  -18,    3,  -24,
       4,   -2,   -3,   -2,   -1,   -2,    1,    1,   -8,    2,    5,    1,   -3,    1,    1,   -5,
      -6,  -20,  -16,    7,  -20,    3,  -11,  -27,  -28,  -30,    1,   13,   13,   21,   -5,    2,
      -4,   -4,    4,    4,    1,  -29,  -30,  -30,  -30,  -30,  -34,  -16,   -9,    3,   -6,   -6,
      -2,  -18,  -30,   -6,  -12,    9,    1,    1,   -4,    6,    2,    2,   -2,   -2,    1,    3,
       4,  -21,   10,    1,    2,    3,    3,   -3,    1,    3,   -1,    2,   -2,    2,    5,   -3,
      -9,   -6,    2,   -4,  -14,  -14,  -17,    3,    9,   15,    2,   -2,   10,    3,    1,    2,
       1,  -31,   -8,   -8,  -17,  -17,   -4,    5,   -3,   -3,   -3,   -8,  -17,   -2,   -1,  -38,
      -2,  -11,   -7,   -5,   -4,  -15,   -1,   -4,   -1,   -1,   -1,   -3,   -1,   -1,   -3,   -1,
      -1,    1,   -4,   -1,   -4,   -1,   -3,    4,    5,    5,    2,    2,  -21,    2,    1,   -4,
      -4,   -4,   -2,   -8,   -2,   -4,   -4,   -3,   -3,   -4,   -2,   -4,   -4,   -2,   -4,   -5,
      -4,   -1,   -6,   -3,   -9,  -13,  -12,  -13,   -2,    5,   -4,   -1,   -1,   -1,   -1,   -1,
      -1,   -1,   -1,   -4,   -4,   -4,   -4,   -4,   -4,    2,    2,    3,    3,    3,    2,   -4,
      -3,   -4,   -3,   -3,   -1,   -4,    7,   -4,   -3,   -4,   -3,   -3,   -6,  -41,    5,   -3,
       5,   -3,  -15,  -20,   -8,   -1,   -6,   -6,   -2,  -18,  -29,   -6,   -1,  -12,    9,    1,
       1,   -4,    5,    2,    2,   -2,   -1,    2,    1,    3,    3,  -21,   11,    1,    2,    3,
       3,   -3,   -5,    1,    4,   -1,    2,   -2,    3,    5,   -3,   -2,   -8,   -5,    2,   -8,
       1,   -4,  -14,  -13,  -16,    3,    9,    9,    9,    9,    2,   -1,   -1,    2,    3,    3,
     -32,  -32,   -8,   -8,  -16,   -4,  -17,   -4,    5,   -6,   -6,   -2,  -18,   -7,  -29,   -6,
      -1,    4,   -3,  -12,    9,    1,    1,   -4,    5,    2,    2,   -2,   -1,    2,    1,    3,
       3,  -21,  -13,   11,    1,    2,    3,    3,   -3,   -5,    1,    4,   -1,    2,   -2,    3,
       5,   -3,   -2,   -8,   -5,    2,   -8,    1,   -4,  -14,  -13,  -15,    3,    9,    9,    9,
       9,    9,    2,   -1,   -1,   -1,   -1,    3,    3,   -1,    2,   -2,  -32,  -32,   -8,   -8,
     -16,   -4,  -17,   -4,    5,   -6,   -6,   -2,  -17,   -7,  -29,   -6,   -1,    4,  -12,    9,
       1,    1,   -4,    5,    2,    2,   -2,   -1,    2,    1,    3,    3,  -21,   11,    1,    2,
       3,    3,   -3,   -5,    1,    4,   -1,   -2,    3,    5,   -3,   -2,   -8,   -5,    2,   -8,
       1,   -4,  -14,  -13,  -14,    3,    9,    9,   -1,   -1,   -1,    2,    3,    3,  -32,   -8,
      -8,  -16,   -4,  -17,   -4,    5,   -6,   -6,   -2,  -18,   -7,  -29,   -6,   -1,    4,   -3,
      -6,  -12,    9,    1,    1,   -4,    5,    2,    2,   -2,   -1,    2,    1,    3,    3,  -21,
      11,    2,    3,    3,   -3,   -5,    1,    4,   -1,    2,   -2,    5,   -3,   -2,   -8,   -6,
       1,   -4,  -14,  -13,  -15,    3,    9,    9,    9,    2,   -1,    3,  -32,  -32,   -8,   -8,
     -16,   -4,  -17,   -4,    5,   -4,   -7,   -7,  -12,  -15,   -5,  -27,   -8,  -11,   -7,   -6,
     -12,   -7,    1,   -7,   -3,    1,   -7,   -7,   -6,   -1,    4,    3,    4,    2,   -1,  -17,
      -4,    1,   -8,   -7,   -6,   -5,   -8,   -3,   -8,   -5,   -5,   -7,   -9,   -5,   -4,  -10,
     -10,   -9,   -3,  -11,   -4,  -12,  -10,  -11,  -11,   -6,   -7,   -7,   -7,   -1,   -1,  -28,
      -4,   -4,  -21,  -12,  -12,  -11,   -5,   -2,   -6,   -6,  -12,  -14,   -4,   -5,  -27,   -8,
     -11,  -12,   -1,   -7,   -6,   -5,   -7,    1,   -7,   -3,    1,   -7,   -7,   -6,   -1,    4,
       3,    4,    2,   -1,  -16,   -4,    2,   -8,   -7,   -6,   -5,   -8,   -3,   -8,   -5,   -5,
      -7,   -9,   -7,   -5,   -4,  -10,  -10,  -10,   -9,   -3,  -11,   -4,   -4,  -12,   -7,   -6,
      -8,   -6,    6,   -7,    1,    1,   -7,   -7,   -7,   -7,   -7,   -1,   -1,   -3,   -3,   -4,
      -4,   -7,    4,  -28,  -28,   -4,   -4,  -20,  -12,  -12,  -11,   -5,   -3,  -11,   -3,  -12,
     -10,   -5,  -27,   -8,  -11,   -1,  -12,   -7,   -6,   -2,   -7,    1,   -7,   -3,    1,   -7,
      -7,   -6,   -1,    4,    4,    4,    2,   -1,  -15,   -4,    6,   -8,   -7,   -4,   -8,    2,
      -3,   -8,    2,    5,   -5,   -5,   -7,   -9,   -7,   -5,   -4,  -10,  -10,  -10,   -9,   -3,
     -11,   -4,   -4,  -12,   -1,   -6,    6,   -7,    1,    1,   -7,   -7,   -7,   -1,   -8,   -6,
       7,  -28,  -28,   -1,   -1,  -20,  -12,  -12,  -11,   -5,   -2,   -3,   -3,  -12,  -12,   -5,
     -27,   -8,  -11,   -7,   -6,   -3,   -7,    1,   -7,   -3,    1,   -7,   -7,   -6,   -1,    4,
       3,    4,    2,   -1,  -16,   -4,    4,   -7,   -5,   -5,   -7,   -5,   -4,  -10,   -9,  -11,
     -12,   -3,   -2,   -3,   -6,   -7,    1,   -7,   -7,   -7,   -7,   -1,   -1,   -1,   10,   -1,
      -1,  -20,  -12,  -12,  -11,   -5,   -1,   -1,    1,  -34,  -17,  -10,  -17,  -17,   -9,   -1,
     -12,   -9,   -6,   12,   -6,   -6,   -6,   13,   -6,   -7,   -9,   -6,   -6,   -7,   -4,   11,
      -6,   -6,   -3,    2,   -2,   -1,   -6,   -6,  -33,    1,    7,    6,    4,    7,   -1,   -4,
      -4,   -9,   -9,   -9,   -6,   -6,   -6,   -7,   -7,   11,   11,   11,   11,   -6,   -6,    1,
       2,    4,    1,   -1,    1,   -1,  -13,  -25,    7,    9,   -2,   -2,   -2,   -9,  -12,   -8,
     -20,   -8,  -15,   -3,   -8,   -8,  -14,   -4,    1,    1,    1,    1,    1,    1,    1,   -1,
       1,    1,    2,    3,    1,    1,   -5,    8,    4,   12,   12,    7,   10,   -1,  -17,   -4,
      -2,   -8,   -3,   -2,   -6,   -5,   -4,   -5,   -7,   -6,   -8,   -4,   -4,   -4,   -4,   -4,
      -4,    1,    1,    1,    1,    1,    1,    1,    3,    4,    4,    4,   10,   -2,   -3,   -2,
      -4,   -4,   -2,   -5,    1,    1,  -16,  -15,   -6,   -7,   -1,   -1,    2,  -33,  -15,   -9,
     -15,  -16,   -1,  -12,   -7,   -6,   13,   -6,   -6,   -6,   14,   -5,   -7,   -8,   -6,   -6,
      -6,   -4,   11,   -6,   11,   -6,   -3,    2,   -1,  -11,   -6,   -6,  -33,  -38,    1,    1,
       6,    6,    8,   -1,   -4,   -2,   -2,    2,    2,    6,    5,    1,    2,    5,    4,    6,
       8,    5,   -1,    7,   -1,   -4,   -4,   -1,   -7,   -7,   13,   -6,   -6,   -6,   -6,   -7,
      -7,   -7,   -4,   11,   11,   11,    6,    6,  -11,    1,   -1,    1,   -1,  -13,  -22,    7,
      10,    2,   -1,   -1,    2,  -33,  -15,   -9,  -15,  -16,   -9,   -5,  -10,    5,   -2,   -1,
     -12,   -7,   -6,   13,   -6,   -6,   -6,   14,   -5,   -7,   -8,   -6,   -6,   -6,   -4,   11,
      -6,   11,   -6,   -3,    2,   -1,  -11,   -6,   -6,  -33,    1,    1,    6,    6,    8,   -1,
      -4,   -2,   -2,    2,    2,    6,    5,    6,    1,    2,    5,    4,    6,    8,    5,   -1,
       7,   -5,   -1,   -3,   -4,   -1,   -7,   -7,   -7,   -4,   13,   -6,   -6,   -6,   -6,   -7,
      -7,   -7,   -4,   11,   11,   11,   11,   11,   11,   -6,   -6,    2,    3,    8,    5,    2,
       6,    6,    6,    4,    1,  -11,  -11,    1,   -1,    1,   -1,  -13,  -22,    7,   10,    2,
      -1,   -1,    2,  -33,  -15,   -9,  -15,  -16,   -9,    5,   -1,  -12,   -7,   -6,   13,   -6,
      -6,   -6,   14,   -5,   -7,   -8,   -6,   -6,   -6,   -4,   11,   -6,   11,   -6,   -3,    2,
      -1,  -11,   -6,   -6,  -33,    1,    1,    6,    6,   -1,   -4,   -2,   -2,    2,    2,    6,
       5,    1,    2,    5,    4,    6,    8,   -1,    7,   -1,   -3,   -4,   -1,   -7,   -7,   -4,
      13,   -6,   -6,   -6,   -7,   -7,   -7,   -7,   -4,   11,   11,   -6,    6,    6,    5,  -11,
     -11,    1,   -1,    1,   -1,  -13,    7,   10,    2,   -1,   -1,    2,  -33,  -15,   -9,  -15,
     -16,   -1,  -12,   -7,   -6,   13,   -6,   -6,   -6,   14,   -5,   -7,   -8,   -6,   -6,   -6,
      -4,   11,   -6,   11,   -6,   -3,    2,   -1,   -6,   -6,  -33,    1,    1,    6,    6,    8,
      -1,   -4,   -2,   -2,    2,    2,    5,    1,    2,    5,    4,    6,    8,   -1,   -1,   -3,
      -4,   -1,   -7,   -7,   -6,   -7,   -4,   11,   11,    6,    6,  -11,   -1,    1,   -1,  -13,
     -22,    7,    2,   -1,   -1,    2,  -33,  -15,   -9,  -15,  -16,   -9,   -5,  -10,   -1,  -12,
      -7,   -6,   13,   -6,   -6,   -6,   14,   -5,   -7,   -8,   -6,   -6,   -6,   -4,   11,   -6,
      11,   -6,   -3,    2,   -1,  -11,   -6,   -6,  -33,  -38,    1,    1,    6,    6,    8,   -1,
      -4,   -2,   -2,    2,    2,    6,    5,    6,    1,    2,    5,    4,    6,    8,    5,   -1,
       7,   -1,   -3,   -4,   -1,   -7,   -7,   -7,   -7,   -7,   13,   -6,   -6,   -6,   -6,   -7,
      -7,   -7,   -7,   -4,   11,   11,   11,   11,   11,   11,   -6,   -6,    2,    6,    5,    2,
       6,    5,    5,  -11,    1,   -1,    1,   -1,  -13,    7,   10,    2,  -12,  -12,  -15,  -48,
     -37,   -9,  -27,  -20,  -27,  -10,  -17,  -11,  -19,   -9,   -9,  -16,  -22,   -8,  -22,  -22,
     -22,   -8,  -21,  -23,  -25,  -22,  -22,  -18,  -20,   -9,  -22,   -9,  -22,  -14,  -11,  -18,
     -23,  -22,  -24,  -29,  -17,   -8,  -14,  -11,  -10,  -10,  -12,  -15,  -19,  -13,  -18,  -17,
     -12,  -12,  -10,  -11,  -13,  -11,  -10,   -7,   -7,   -9,  -13,  -12,  -11,   -1,   -1,    2,
     -29,  -15,   -9,  -15,  -16,    7,   -9,   -5,  -10,   -2,   -2,    2,   -1,  -12,   -7,   -6,
      13,   -6,   -6,   -6,   14,   -5,   -7,   -8,   -6,   -6,   -6,   -4,   11,   -6,   -6,   -3,
       2,   -1,  -11,   -6,   -6,  -33,    1,    6,    6,    8,   -1,   -4,   -2,   -2,    2,    2,
       5,    1,    2,    5,    6,    8,    5,    7,   -1,   -3,   -4,   -1,   -7,   -4,   -7,   11,
      11,    5,    6,  -11,  -11,    1,   -1,    1,   -1,  -13,    7,   10,    2,   -2,   -1,   -1,
      -7,  -12,  -18,  -19,  -19,  -24,   -3,   -9,   -8,  -14,  -12,    2,   -1,    1,   -1,    2,
       1,   -1,    1,   -5,    8,    5,   12,   13,    2,   10,   -3,  -17,    3,   -3,   -3,   -6,
      -7,   -3,   -3,   -1,   -1,   -6,   -6,   -3,   -4,   -3,   -7,   -6,   -3,   -4,   -1,  -10,
      -4,   -4,   -6,   -6,   -9,  -12,  -12,  -12,    2,    1,    1,    1,    5,    5,   -4,  -19,
     -19,    7,    1,    7,    1,  -16,  -25,   -4,   -1,   -8,   -2,   -1,   -1,   -7,  -12,  -18,
     -19,  -19,  -24,   -3,    1,   -9,   -8,  -14,  -12,    2,   -1,    1,   -1,    2,    1,   -1,
       1,   -5,    8,    5,   12,   13,    2,   10,   -3,  -17,   -6,    3,   -3,   -3,   -6,   -7,
      -2,   -3,   -3,   -1,   -1,   -6,   -6,   -3,   -4,   -7,   -6,   -3,   -4,   -2,   -3,  -10,
      -4,   -4,   -6,   -6,   -9,  -12,  -12,   -8,    2,    1,    2,    1,    1,    1,    1,    1,
       5,    5,    5,   10,   -4,   -5,   -2,   -4,   -3,  -19,  -19,    7,    1,    7,    1,  -16,
     -25,   -4,   -1,   -8,   -2,   -1,   -1,   -7,  -12,  -18,  -19,  -19,  -24,   -3,   -9,   -8,
     -14,  -12,    2,   -1,    1,   -1,    2,    1,   -1,    1,   -5,    8,    5,   12,   13,    2,
      10,   -3,  -17,   -6,    3,   -3,   -3,   -1,   -6,   -7,   -2,   -1,   -1,   -6,   -6,   -3,
      -4,   -7,   -6,   -3,   -1,   -6,   -3,   -9,   -4,   -4,   -6,   -6,   -9,  -12,  -12,  -12,
     -12,   -8,    2,    1,    5,   -3,   -3,    1,    7,    1,  -16,  -25,   -4,   -1,   -8,   -2,
      -1,   -1,   -7,  -12,  -18,  -19,  -19,  -24,   -3,   -2,   -5,   -5,   -9,   -8,  -14,  -12,
       2,   -1,    1,   -1,    2,    1,   -1,    1,   -5,    8,    5,   12,   13,    2,   10,   -3,
     -17,   -6,    3,   -3,   -3,   -1,   -6,   -7,   -2,   -3,   -3,   -1,   -1,   -6,   -6,   -3,
      -4,   -3,   -7,   -6,   -3,   -4,   -2,   -1,   -6,   -3,  -10,   -4,   -4,   -6,   -5,   -9,
     -12,  -12,  -12,  -12,   -8,    2,    2,    1,    1,    1,    1,    1,    5,    5,    5,    5,
      10,   -1,   -3,   -1,   -1,   -2,   -3,  -19,  -19,    7,    1,    7,    1,  -16,  -25,   -4,
      -1,   -8,    1,    4,    4,  -13,   -9,  -25,  -48,  -25,  -27,    1,  -22,  -22,  -15,  -18,
       2,   -9,    2,    3,    2,   -8,    3,    2,    1,    3,    3,    2,    4,   -9,    2,   -9,
       2,   -6,    9,    8,   19,   19,    7,   17,   -2,  -12,  -20,  -26,  -24,   -8,   -3,   -4,
       3,    4,  -13,  -25,  -14,  -20,   -9,  -15,  -11,  -11,  -12,  -31,   -6,   -6,   -5,  -16,
     -18,  -18,  -12,   -9,    2,    2,   -9,   -9,   -9,    8,    8,   17,    3,   -4,   -9,   -8,
     -11,  -49,   14,    6,   14,    6,  -14,  -34,  -20,  -29,  -14,   -3,   -4,   -4,  -37,  -29,
      -9,  -29,  -18,   -1,   -1,  -11,  -14,   -9,   10,   -8,   -9,   -9,   11,   -8,  -10,  -11,
      -9,   -8,  -10,   -7,    9,   -8,   -8,   -7,   -2,   -4,   -9,   -8,  -17,  -34,   -1,    6,
      -2,   -1,    5,   -2,    1,    5,    3,   -1,   -4,   -5,  -14,  -14,   -9,  -10,  -10,   -1,
       9,    9,    9,   -4,  -17,   -8,   -1,   -1,    6,   -2,    5,    5,    3,   -2,  -10,  -19,
       8,   -2,  -10,  -10,  -24,    1,  -17,    1,   -7,   -3,   -3,  -14,    2,    5,   -1,   -5,
       2,  -25,   12,   -1,    8,    8,    8,   -3,   -2,   -3,   -2,   -7,   -2,   -2,   -2,    7,
      -2,    8,   -2,    2,   -3,   -2,   -7,   -5,   -8,   -2,    4,  -17,  -17,  -18,   12,    7,
      -2,  -18,   -2,  -12,   -2,  -12,  -19,  -13,    6,    2,   -3,  -13,  -13,   -5,  -28,  -10,
     -18,   -2,   -7,   -7,   -2,   -1,  -15,    5,   -2,    1,   -2,    2,   -1,   -2,  -11,    2,
      -1,   -1,   -9,  -19,  -29,    3,   -1,    1,    2,   -1,   -1,    1,   -6,   -1,    2,    1,
      -2,    1,    1,   -3,   -4,   -5,   -2,    1,   -6,   -2,  -10,  -12,  -14,   -3,    5,  -13,
       3,    3,    3,    3,    2,    2,    2,    1,    1,    1,    1,    1,    1,   -4,   -4,   -4,
     -18,  -18,  -13,  -12,  -13,  -12,  -27,   -7,   -4,   -1,   -2,   -3,  -13,  -13,   -5,  -17,
     -10,  -18,   -2,   -7,   -7,   -5,   -2,   -1,  -11,   -2,    1,   -2,   -2,   -2,   -1,   -2,
     -10,   -2,   -2,    2,   -1,   -3,   -8,   -9,  -10,  -26,    3,   -1,    1,    2,   -1,   -1,
       1,   -6,   -1,    3,    1,   -2,    1,    1,   -3,   -4,   -5,   -2,    1,   -6,   -2,   -8,
     -10,  -10,   -3,    5,   -2,   -2,    3,    3,    3,    3,    3,    3,    2,    2,    2,    1,
       1,    1,    1,    1,    1,   -4,   -4,   -4,   -6,  -18,  -18,  -12,  -10,  -12,  -10,  -27,
      -7,   -4,   -1,   -2,   -3,  -12,  -12,   -5,  -26,  -18,   -2,   -7,   -2,  -15,    5,   -1,
       1,   -1,    2,   -2,   -1,   -1,    2,   -1,   -1,   -6,  -29,    3,   -1,    1,    2,   -1,
      -1,    1,   -6,   -1,    3,    1,   -2,    1,    1,   -3,   -4,   -5,   -2,    1,   -6,   -2,
      -9,  -11,  -12,   -3,    5,    3,    3,    3,    2,    2,    2,    1,    1,    1,   -4,   -4,
      -6,   -6,   -8,  -12,   -8,  -12,  -24,   -4,   -1,   -2,   -3,  -13,  -13,   -5,  -21,  -10,
     -18,   -2,   -7,   -2,  -15,   -1,  -25,    3,   -1,    1,    2,   -1,   -1,    1,   -6,   -1,
       3,    1,   -2,    1,   -3,   -4,   -5,   -2,    1,   -6,   -2,   -9,  -11,  -12,   -3,    5,
       3,    3,    3,    2,    1,    1,    1,   -4,   -6,  -18,   -9,  -10,   -9,  -10,  -26,   -7,
      -4,   -1,   -2,   -3,  -12,  -12,   -5,  -20,  -18,   -2,   -7,   -2,  -14,    5,   -1,    2,
      -1,   -1,   -7,   -1,   -1,    3,    1,   -1,   -1,   -3,   -6,   -5,   -4,  -24,  -13,    3,
      -1,    1,    2,   -1,   -1,    1,   -6,   -1,    3,    1,   -2,    1,    1,   -3,   -4,   -5,
      -2,    1,   -6,   -2,   -9,  -11,  -12,   -3,    5,    1,    8,    3,    3,    3,    3,    2,
       2,    2,    2,    1,    1,    1,    1,    1,    1,    1,   -4,   -4,   -4,   -6,   -6,  -18,
     -18,   -7,  -10,   -7,  -10,  -26,   -7,   -4,   -1,   -2,   -3,  -13,  -13,   -5,  -24,  -18,
      -2,   -7,   -7,   -2,  -15,    5,   -2,  -10,   -8,  -28,    3,   -1,    1,    2,   -1,   -1,
       1,   -6,   -1,    3,    1,   -2,    1,    1,   -3,   -4,   -5,   -2,    1,   -6,   -2,   -9,
     -11,  -12,   -3,    3,    3,    3,    1,    1,   -6,  -18,  -12,  -12,  -12,  -12,  -26,   -4,
      -1,   -2,   -2,   -6,   -6,   -1,  -32,   -5,  -10,   -6,  -11,  -11,   -4,  -32,   -1,    4,
       4,    6,   -3,   -1,   -4,   -2,   -1,   -1,    4,    4,   -1,    2,    1,    3,    5,   -3,
      -6,   -6,   -2,   -3,    4,    6,    6,   -1,    3,   -1,    4,    4,    4,   -1,  -12,   -6,
      -6,   -6,   -6,  -22,    7,    7,   -3,   -2,   -2,   -5,  -28,   -1,  -21,   -4,   -9,   -8,
      -4,  -15,    1,   -5,   -5,   -6,  -31,   -4,   -3,   -3,   -2,   -4,   -5,   -3,   -3,   -1,
      -3,    1,   -3,    1,    3,    3,    2,    1,   -5,   -2,   -7,   -7,    2,    1,    2,   -3,
      -2,   -2,   -2,   -2,   -3,   -3,   -3,   -3,   -3,   -3,    1,  -23,   -2,   -2,  -18,   -1,
      -5,    4,   -2,   -6,   -6,   -1,  -32,   -5,  -10,   -6,  -11,   -9,  -11,   -3,    7,   -3,
      -4,    8,   -4,   -3,   -3,   -3,   -5,   -4,   -5,  -11,  -32,   -1,    4,    4,    6,   -1,
      -3,   -1,   -4,   -2,   -1,   -1,   -1,    4,    4,   -1,    2,    1,    3,    5,   -3,   -6,
      -6,   -2,   -3,    4,    6,    6,    6,    6,   -1,   -1,   -1,   -1,   -1,    4,    4,    4,
       4,  -12,  -12,   -6,   -6,   -6,   -6,  -21,  -10,    7,    7,   -6,   -6,   -6,   -1,  -16,
      -1,   -5,  -10,   -6,  -10,   -9,   -3,   -7,   -1,   -7,   -3,    7,   -3,   -3,   -4,    8,
      -2,   -3,   -8,   -3,   -3,   -1,    6,   -3,   -3,   -4,   -3,   -3,   -3,   -3,   -6,  -22,
     -23,   -1,    4,    4,    6,   -1,   -3,   -1,   -4,   -1,   -1,   -1,    4,    4,   -1,    2,
       1,    3,    5,   -1,   -3,   -4,   -2,   -2,   -3,    4,    6,    6,    6,    6,   -1,   -1,
       3,   -1,    4,    4,    4,    4,    4,  -12,  -12,   -5,   -3,   -5,   -3,  -20,  -10,    7,
       7,   -5,   -5,   -1,  -24,   -1,   -5,  -10,   -6,  -10,   -5,   -2,  -11,   -1,    9,   -5,
      -1,    7,   -3,   -1,  -26,    4,    4,    6,   -1,   -3,   -1,   -4,   -1,   -1,   -1,    4,
       4,   -1,    2,    1,    3,    5,   -2,   -4,   -5,   -2,   -1,    4,    6,    6,    6,    6,
      -1,    4,    4,  -12,   -1,   -5,   -1,   -5,  -18,  -10,    7,    7,   -5,   -5,   -1,  -17,
      -5,  -10,   -6,  -10,    3,   -7,   -2,   -6,   -1,    2,   -9,   -1,    8,   -1,   -1,   -1,
       9,   -1,   -1,    1,    6,   -1,   -4,    2,   -3,  -22,    4,    4,    6,   -1,   -3,   -1,
      -4,   -1,   -1,   -1,    4,    4,   -1,    2,    1,    3,    5,   -2,   -4,   -5,   -2,    8,
      -1,    4,    6,    6,    6,   -1,    4,    4,    4,    4,  -12,  -12,   -1,   -2,   -1,   -2,
     -20,  -10,    7,    7,   -4,  -12,  -12,   -8,  -26,  -21,   -5,   -8,   -3,   -3,  -19,    4,
      -3,   -3,   -4,   -3,   -4,  -28,   -4,   -2,   -2,   -1,   -2,   -4,   -2,   -9,   -1,   -2,
      -4,   -2,   -4,   -4,   -5,   -4,   -6,   -1,   -7,  -11,  -13,  -16,   -3,   -4,   -4,   -2,
      -1,   -1,   -1,   -2,   -2,   -4,   -4,  -22,   -7,  -11,   -7,  -11,  -24,   -9,   -8,   -6,
      -2,    2,   -1,   -1,   -8,   -5,   -6,  -21,   -5,   -8,   -6,   -6,   -3,   -3,    4,   -3,
      -1,   -1,   -1,    2,    2,   -3,   -3,    2,  -11,    2,   -2,   -2,   -1,   -2,   -4,   -8,
       1,   -2,   -4,   -2,   -4,   -4,   -5,   -4,   -6,   -1,   -6,   -7,    6,    1,    3,   -3,
      -3,   -2,   -1,    5,   -2,   -2,   -2,   -2,   -2,   -2,   -3,   -4,    2,  -22,  -22,    1,
       5,    1,    5,  -22,   -9,   -8,   -6,   -2,    1,    5,    5,   -4,  -11,  -21,   -5,   -8,
       3,    9,   -6,   -3,   -2,   -9,    2,    6,    6,    6,    8,    1,    5,   15,   10,   14,
       3,  -15,   -2,   -2,   -1,   -2,   -4,   -1,   -7,   -2,   -4,   -2,   -4,   -3,   -5,   -4,
      -6,   -1,   -5,   -7,   -6,   -4,   -5,   -3,    7,   -2,   -1,    6,   -3,   -2,   -2,   -2,
      -3,  -22,  -22,   13,    1,   13,    1,  -11,   -9,   -8,   -6,   -2,    3,    4,    4,   -7,
      -6,  -21,   -5,   -3,   -3,   -5,  -10,    2,   -2,   -2,   -1,   -1,   -4,    1,   -6,    1,
       1,   -2,   -4,   -2,   -4,   -4,   -5,   -4,   -6,   -1,   -7,   -2,   -3,   -1,   -3,   10,
      -2,   -1,    1,   10,   -2,   -2,   -2,   -1,   -4,   13,    8,   13,    8,  -15,   -9,   -8,
      -6,   -2,   -3,   -3,    3,  -35,   -9,   -9,   -9,  -13,   -9,   -1,  -12,   -3,   13,   -6,
     -36,    4,    1,    8,    8,   10,    3,   -3,   -2,    2,    2,    9,    5,    1,    3,    5,
       5,    5,    6,    3,   -1,    8,   -2,   -5,   -6,    4,    4,    4,    4,   10,   10,    7,
       9,    9,    9,    9,    5,    6,    3,    1,   -1,   -3,   -1,   -3,  -16,  -16,    6,   10,
      -4,  -15,  -15,   -6,  -28,  -12,  -20,   -4,   -7,   -4,   -3,   -3,  -19,   -2,   -2,    2,
      -2,   -2,  -29,   -2,   -2,   -4,   -2,   -9,   -1,   -4,   -1,   -5,   -7,   -7,   -6,    1,
      -8,   -1,  -12,  -14,  -16,   -3,   -1,   -7,   -7,   -7,   -8,   -8,  -14,  -14,  -28,   -8,
      -6,   -2,   -3,  -11,  -11,    1,  -40,   -5,   -6,   -9,   -7,  -11,   -4,   -4,  -14,   -7,
      -3,   -5,   -6,   -8,  -36,  -31,    4,    1,    8,    8,    9,   -2,    1,   -4,   -1,   -4,
      -3,   -2,    8,    1,    8,   -1,   -2,   -5,   -3,   -3,    8,   -6,   -8,   -9,   -5,   -8,
       8,    4,    4,    8,    9,    9,    9,    9,   -1,   -1,   -1,    6,    8,    8,    8,   -3,
     -11,  -12,  -10,  -12,  -10,  -25,  -15,    3,   10,   -3,   -3,  -11,  -11,    1,  -28,   -5,
      -6,   -9,   -7,  -11,  -18,  -10,  -15,    5,  -16,   -4,   -4,  -13,   -6,   -8,   -6,   -3,
      -4,   -6,  -30,    4,    1,    8,    8,    9,   -2,    1,   -4,   -1,   -4,   -3,   -2,    8,
       1,    8,   -1,   -2,   -5,   -3,   -3,    8,  -10,   -6,   -7,   -8,   -5,    8,    4,    4,
       4,    4,    8,    9,    9,    9,    9,   -1,   -1,   -1,    6,    8,    8,    8,    8,    8,
       8,   -3,    1,  -11,  -11,  -11,  -10,  -11,  -10,  -25,  -15,    3,   10,   -3,   -3,  -11,
     -11,    1,  -33,   -6,   -9,   -7,  -11,  -14,   -4,   -4,  -14,   -5,   -7,   -6,   -6,  -33,
       4,    1,    8,    8,    9,   -2,    1,   -4,   -1,   -4,   -3,   -2,    8,    1,    8,   -1,
      -2,   -5,   -3,   -3,    8,   -6,   -8,   -8,   -5,    8,    4,    4,    4,    8,    9,    9,
       9,   -1,   -1,   -1,   -1,    6,    8,    8,    1,  -11,  -11,  -10,  -10,  -10,  -10,  -23,
       3,   10,   -3,   -3,  -11,  -11,    1,  -29,   -6,   -9,   -7,  -11,   -4,   -4,  -14,  -30,
       4,    1,    8,    8,    9,   -2,    1,   -4,   -1,   -4,   -3,   -2,    8,    1,    8,   -1,
      -2,   -3,   -3,   -6,   -8,   -8,   -5,    8,    4,    4,    9,   -1,    8,    8,  -11,  -10,
     -11,  -10,  -24,  -15,    3,   -3,   -3,  -11,  -11,    1,  -29,   -5,   -6,   -9,   -7,  -11,
     -10,  -13,   -4,   -4,  -14,   -6,    9,   -6,   -6,   -7,    9,   -5,   -7,   -6,   -6,   -3,
      -4,   -6,   -6,   -4,   -6,   -5,  -30,  -31,    4,    1,    8,    8,    9,   -2,    1,   -4,
      -1,   -4,   -3,   -2,    8,    1,    8,   -1,   -2,   -5,   -3,   -3,    8,   -6,   -8,   -8,
      -5,   -3,    8,    5,    4,    4,    4,    4,    4,    8,    9,    9,    9,    9,   -1,   -1,
      -1,   -1,    6,    8,    8,    8,    8,    8,    8,   -3,    1,  -11,  -10,  -10,  -10,  -10,
     -24,    3,   10,   -3,  -16,  -54,  -11,  -40,  -42,  -36,  -15,  -23,  -11,  -41,  -19,  -15,
     -29,  -24,  -24,  -27,  -24,  -44,  -22,  -18,  -10,  -22,  -22,  -22,  -33,  -34,  -33,   -3,
     -11,  -11,    1,  -39,   -6,   -9,   -7,  -11,  -12,   -4,   -4,  -14,   -6,   -7,   -6,  -36,
       4,    1,    8,    8,    9,   -2,    1,   -4,   -1,   -4,   -3,   -2,    8,    2,   -1,   -2,
      -5,   -3,   -3,    8,   -6,   -8,   -9,   -5,    4,    4,   -1,    6,    8,    8,  -11,  -11,
      -8,  -10,   -8,  -10,  -22,    3,   10,   -3,   -8,  -11,  -11,  -10,  -31,  -21,   -5,  -10,
     -10,   -4,   -4,  -20,   -5,   -5,   -1,   -5,   -4,   -5,   -6,   -3,  -31,   -1,   -6,   -3,
      -2,   -2,   -4,   -6,   -4,   -2,   -8,   -3,   -1,   -2,   -2,   -3,   -3,   -3,   -3,   -2,
      -4,   -4,   -5,   -4,   -1,   -6,   -2,   -7,  -11,  -13,  -15,   -5,  -18,   -1,   -1,   -1,
      -3,   -2,   -2,   -2,   -2,   -2,   -2,   -2,   -3,   -3,   -3,   -4,   -4,  -21,  -21,   -9,
     -11,   -9,  -11,  -25,  -10,   -7,   -5,   -4,   -8,  -11,  -11,  -10,  -28,  -21,   -5,   -9,
     -10,  -13,   -4,   -4,  -20,    1,   -5,   -2,   -5,   -5,   -5,   -5,   -5,   -5,   -9,  -15,
     -14,  -31,   -1,   -6,   -3,   -2,   -2,   -4,   -6,   -4,   -2,   -8,   -3,   -1,   -2,   -2,
      -3,   -3,   -3,   -3,   -2,   -4,   -4,   -5,   -4,   -1,   -6,   -2,   -7,  -11,  -13,  -15,
      -5,   -5,   -2,  -18,   -1,   -1,   -3,   -2,   -2,   -2,   -2,   -4,   -2,   -3,   -3,   -3,
      -3,   -3,   -4,   -4,   -4,   -5,   -5,  -21,  -21,   -9,  -11,   -9,  -11,  -25,  -10,   -7,
      -5,   -4,   -8,  -11,  -11,  -10,  -31,  -21,   -5,   -9,  -10,   -4,   -4,  -20,    1,   -5,
      -5,   -4,   -5,   -4,   -5,   -6,  -13,  -31,   -1,   -6,   -3,   -2,   -2,   -4,   -6,   -4,
      -2,   -8,   -3,   -1,   -2,   -2,   -3,   -3,   -3,   -3,   -2,   -4,   -4,   -5,   -4,   -1,
      -6,   -2,   -7,  -11,  -13,  -15,   -5,  -18,   -1,   -1,   -1,   -1,   -3,   -2,   -2,   -2,
      -2,   -2,   -2,   -3,   -4,  -11,   -9,  -11,  -25,  -10,   -7,   -5,   -4,   -8,  -11,  -11,
     -10,  -29,  -21,   -5,   -9,  -10,   -3,   -6,   -8,   -4,   -4,   -4,  -20,    1,   -5,   -2,
      -5,   -5,   -1,   -4,   -5,   -5,   -4,   -4,   -4,   -5,   -6,   -8,  -17,  -11,  -31,   -1,
      -6,   -3,   -2,   -2,   -4,   -6,   -4,   -2,   -8,   -3,   -1,   -2,   -2,   -3,   -3,   -3,
      -3,   -2,   -4,   -4,   -5,   -4,   -1,   -6,   -2,   -7,  -11,  -13,  -15,   -5,    1,  -17,
       2,   -1,   -1,   -1,   -1,   -3,   -2,   -2,   -2,   -2,   -2,   -2,   -2,   -2,   -3,   -3,
      -3,   -3,   -3,   -4,   -4,   -4,   -4,   -5,   -5,  -21,  -21,   -9,  -11,   -9,  -11,  -25,
     -10,   -7,   -5,   -4,   -2,    3,    3,   -3,  -24,  -31,  -21,  -31,  -24,   -6,   -2,   -2,
     -16,   -9,    6,  -10,   -9,   -9,  -11,    5,   -3,    4,   -4,  -29,   -2,   -1,   -3,   -4,
      -2,   -4,   -7,   -1,   -6,   -5,    1,    1,   -3,    4,   -4,   -2,    2,    3,   10,   11,
       2,    9,   -1,   -8,   -1,   -4,   -4,    3,   -2,   -2,   -2,   -3,   -4,   -3,   -3,   -3,
       3,    3,    9,   -1,  -22,    5,    4,    5,    4,  -11,  -36,   -2,   -6,    5,   -3,  -10,
     -10,  -41,   -9,   -9,  -10,  -12,   -4,   -3,  -14,   -7,  -36,    3,    1,    7,    7,    8,
      -2,    1,   -5,   -1,   -4,   -4,   -3,    7,    1,   -2,   -1,   -2,   -5,   -8,   -8,    3,
       3,    8,   -1,   -1,    6,    7,    7,    7,   -2,    1,  -11,  -24,    4,   -2,    3,  -25,
     -31,  -21,  -31,   -2,   -1,  -18,  -29,   -2,   -1,   -3,   -4,   -2,   -4,   -7,   -6,   -5,
       1,    1,   -3,    4,   -2,    2,    3,   10,   11,    9,   -1,   -1,   -4,   -4,   -2,   -2,
      -2,    9,  -11,   -2,  -20,  -32,  -25,  -38,  -32,  -16,  -56,  -38,  -38,  -32,  -11,  -41,
     -54,  -36,  -15,  -23,  -11,  -55,  -19,  -15,  -26,  -26,  -29,  -30,  -25,  -10,  -25,  -25,
     -26,   -9,  -24,  -28,  -29,  -25,  -25,  -26,  -24,  -11,  -25,  -11,  -25,  -30,  -48,  -21,
     -34,  -32,  -51,  -49,  -39,  -53,  -22,  -18,  -11,  -11,  -10,  -26,  -15,  -22,  -23,  -23,
     -21,  -22,  -22,  -22,  -11,  -21,  -11,  -23,  -17,  -20,  -19,  -22,  -20,  -36,  -23,  -27,
     -29,   -8,  -26,  -27,  -27,  -27,  -34,  -30,  -30,  -30,  -30,  -30,  -30,  -10,  -25,  -25,
     -25,  -25,  -28,  -28,  -28,  -24,  -11,  -11,  -11,  -11,  -21,  -21,  -49,  -25,  -22,  -22,
     -22,  -22,  -22,  -11,  -10,  -10,  -10,  -10,  -23,  -23,  -23,  -22,  -11,  -11,  -11,  -11,
     -19,  -19,  -23,  -18,  -22,  -38,  -33,  -38,  -33,  -44,   -7,  -26,  -26,  -21,  -32,  -38,
     -32,  -16,  -56,  -38,  -38,  -32,  -11,  -41,  -54,  -37,  -15,  -23,  -11,  -55,  -19,  -15,
     -26,  -26,  -29,  -30,  -25,  -10,  -25,  -25,  -26,   -9,  -24,  -28,  -29,  -25,  -25,  -26,
     -24,  -11,  -25,  -11,  -25,  -31,  -48,  -21,  -34,  -32,  -51,  -49,  -39,  -22,  -18,  -11,
     -12,  -10,  -26,  -15,  -22,  -23,  -24,  -21,  -22,  -22,  -22,  -11,  -21,  -11,  -23,  -17,
     -20,  -19,  -22,  -20,  -36,  -23,  -27,  -23,  -30,   -8,  -26,  -27,  -27,  -27,  -34,  -22,
     -38,  -33,  -38,  -33,  -45,   -7,  -26,  -26,  -20,   -3,  -14,  -14,  -11,  -17,  -14,   -9,
      -8,  -20,  -35,  -38,  -31,  -38,  -30,   -1,   -4,   -1,   -5,  -21,   -5,   -6,    1,   -2,
      -5,   -5,  -13,   -3,  -20,  -32,   -5,   -1,   -5,   -5,   -5,   -5,   -5,   -5,   -5,   -5,
      -7,   -4,   -1,   -5,   -1,   -5,   -4,    6,   -1,    6,    6,   -2,    3,   -8,  -14,   -6,
       6,  -13,  -15,  -12,   -2,  -11,   -2,   -2,   -3,   -1,   -1,   -1,   -1,  -13,    1,  -14,
      -2,   -8,   -1,    6,    7,    4,   -6,   -9,  -42,   -9,  -20,  -14,  -10,  -40,  -42,   -4,
       2,    1,  -21,  -35,  -32,  -32,  -29,  -31,  -31,  -32,  -29,   -1,   -5,   -5,   -5,   -5,
      -4,   -5,   -2,   -4,   -1,   -1,   -1,   -1,   -1,  -12,   -1,   -1,   -1,   -1,   -1,   -5,
      -5,   -6,   -6,   -6,   -6,   -6,   -5,  -13,  -11,  -12,  -12,  -12,    8,   -3,    4,   -1,
     -12,  -13,  -13,  -13,  -13,  -36,  -13,   -1,   -1,   -1,   -1,    6,  -36,  -36,  -11,  -13,
     -11,  -13,  -42,  -11,  -11,  -42,  -40,  -19,  -14,    3,  -11,  -16,  -11,  -11,   -8,  -13,
     -42,  -38,  -39,  -38,  -31,   -3,    2,    5,    3,  -24,   -5,   -9,    6,   -8,   -8,  -19,
      -5,  -25,  -35,   -3,    1,   -2,    1,   -1,    2,   -4,   -4,   -2,   10,    6,   19,   19,
       6,   17,  -11,  -11,    8,  -19,  -20,  -18,   -3,  -17,    1,   -1,   -2,    1,    2,   -4,
      -4,  -18,   -3,  -19,   -5,  -14,   -1,   -3,    2,    3,   -2,    1,   -8,   -7,  -42,  -42,
      -1,  -26,  -26,  -35,  -35,  -32,  -33,  -34,  -35,  -22,   -3,    1,    1,    3,    2,    2,
      -4,   -4,   -4,   -4,   -4,   -4,    6,    6,    6,    6,   17,  -10,  -11,   -7,   -7,   -6,
     -10,  -10,  -19,  -15,  -18,  -11,   -9,    8,   -3,   14,   17,   -4,  -16,  -18,  -12,  -12,
     -10,  -18,   -3,   -3,   -3,   -2,    1,    1,  -42,  -42,   -6,  -10,   -6,  -10,  -42,  -42,
     -42,  -24,  -14,  -13,   -5,  -42,   -1,   -7,  -42,  -33,   23,  -31,   23,   -5,   -1,    7,
      -3,   -4,   -2,  -18,  -13,  -12,   -8,   -1,   14,    1,   -6,    1,    1,   -6,    1,    1,
       1,    1,    9,    2,   -6,    1,   -6,    1,  -17,  -14,  -34,  -30,    9,  -17,    7,    9,
      -1,   -1,    1,    3,    3,   -6,    2,    5,    1,    1,   -1,   -3,    1,    6,   -5,   -6,
     -25,  -20,    8,  -19,    7,   -4,  -35,  -31,  -15,   14,   14,   14,   14,   14,   22,   -6,
       1,    1,    1,    1,    2,   -6,   -6,   -6,   -6,  -14,  -14,  -14,    1,   11,    9,    9,
       9,    9,    9,    9,   -1,   -1,    3,    3,   -1,   -1,   -1,   -6,   -6,  -34,  -42,  -42,
     -10,  -42,  -11,  -31,  -14,  -19,   -3,  -14,  -14,  -11,  -17,  -14,   -9,   -8,  -20,  -35,
     -38,  -31,  -38,  -30,   -1,   -4,   -1,   -5,  -21,   -5,   -6,    1,   -2,   -5,   -5,  -45,
     -13,   -3,  -20,  -32,   -5,   -1,   -5,   -5,   -5,   -5,   -5,   -5,   -5,   -5,   -7,   -4,
      -1,   -5,   -1,   -5,   -4,    6,   -1,    6,    6,   -2,    3,   -8,  -14,  -31,  -72,   -6,
       6,  -13,  -15,  -12,   -2,  -11,   -2,   -2,   -3,   -1,   -1,   -1,   -1,  -13,    1,  -14,
      -2,   -8,   -1,    6,    7,    4,   -6,  -21,   -9,  -48,   -9,  -20,  -14,  -10,  -44,   -4,
       2,    1,  -21,  -35,  -32,  -32,  -29,  -31,  -31,  -32,  -29,   -1,   -5,   -5,   -5,   -5,
      -4,   -5,   -2,   -4,   -1,   -1,   -1,   -1,   -1,  -12,   -1,   -1,   -1,   -1,   -1,    3,
      -5,   -5,   -6,   -6,   -6,   -6,   -6,   -5,  -13,  -11,  -12,  -12,  -12,    8,   -3,    4,
      -1,  -12,  -13,  -13,  -13,  -13,  -36,  -13,   -1,   -1,   -1,    4,  -36,  -36,  -11,  -13,
     -11,  -13,  -75,  -11,  -11,  -75,  -44,  -19,  -14,    3,   -2,  -16,  -11,  -16,  -11,  -11,
      -8,  -13,  -42,  -38,  -41,  -38,  -31,   -3,    2,    5,    3,  -24,   -5,   -9,    6,   -8,
      -8,  -19,   -5,  -25,  -35,   -3,    1,   -2,    1,   -1,    2,   -4,   -4,   -2,   10,    6,
      19,   19,    6,   17,  -11,  -11,    8,  -19,  -20,  -18,   -3,  -17,    1,   -1,   -2,    1,
       2,   -4,   -4,  -18,   -3,  -19,   -5,  -14,   -1,   -3,    2,    3,   -2,    1,   -8,   -7,
     -58,  -50,   -1,  -26,  -26,  -35,  -35,  -32,  -34,  -35,  -22,   -3,    1,    3,    2,   -4,
      -4,   -4,   -4,    6,    6,   17,  -11,   -7,   -6,  -10,  -10,  -19,  -15,  -18,  -11,   -9,
      -3,   14,  -10,  -18,   -3,   -2,  -45,  -45,   -6,  -10,  -42,   -6,  -10,  -75,  -50,  -24,
     -16,   -7,  -47,   -5,  -10,  -75,  -43,   21,  -43,   21,    2,   -8,   -2,    4,   -7,   -4,
      -6,  -19,   -2,  -13,  -18,  -10,   -2,   13,  -11,  -12,    6,    8,    1,  -11,  -11,   -1,
     -18,  -17,  -38,  -33,    8,  -17,    4,    4,   -3,   -5,   -4,   -4,    6,   -1,    2,   -2,
       4,   -5,   -2,   -4,    1,   -7,   -9,  -29,  -23,    7,  -13,    4,   -3,  -42,  -43,  -18,
      13,   13,   13,   13,   13,   13,   20,  -11,    1,  -11,  -11,  -11,  -11,  -11,  -16,  -11,
     -17,  -17,  -17,  -17,  -17,   10,    4,    4,    4,    4,    4,    4,    4,   -5,   -4,   -4,
      -4,    2,    2,    2,   -5,   -5,   -5,   -5,   -5,  -39,   -5,   -9,   -9,   -9,   -9,  -13,
       1,  -46,  -47,  -42,  -42,  -12,  -75,  -75,  -11,   -1,  -43,  -17,  -27,  -16,  -11,  -11,
     -37,  -12,  -38,  -38,  -41,  -14,  -12,  -17,  -32,  -18,  -22,   -9,  -14,  -10,  -22,  -38,
     -12,  -11,   -5,  -11,  -20,  -20,  -11,  -10,  -10,  -36,  -37,  -37,   -7,  -16,  -26,   -7,
     -16,  -16,  -16,  -14,   -7,  -14,  -16,  -12,  -11,   -8,  -12,  -26,  -16,  -11,   -5,  -11,
     -15,   -7,  -11,  -10,  -74,  -45,  -17,  -38,  -72,   -2,   -6,  -14,  -18,  -14,   -6,  -12,
     -18,  -18,  -14,  -34,  -10,  -30,   -8,   -7,  -23,   -2,  -10,  -18,  -10,  -11,  -12,  -20,
     -11,  -12,  -20,  -11,  -11,   -6,  -10,  -18,  -11,  -18,  -11,  -12,  -35,  -26,  -47,  -43,
      -6,  -35,   -6,  -37,   -6,  -13,  -13,  -12,  -12,  -10,  -14,  -11,  -10,  -19,  -10,   -8,
     -11,  -10,  -13,  -15,  -12,  -10,   -8,  -16,  -16,  -38,  -30,   -6,  -38,   -7,  -32,  -23,
     -63,  -58,  -48,   -7,   -2,  -18,  -11,  -11,  -12,  -18,  -26,  -26,  -35,   -6,  -12,  -13,
     -16,  -68,  -69,  -42,  -42,  -75,  -75,  -47,  -12,  -22,   -6,  -13,  -10,  -44,  -17,  -10,
     -11,  -16,  -11,  -10,  -20,    1,   -8,  -29,  -25,  -29,  -25,    3,   -6,  -24,  -13,  -38,
     -45,  -38,  -18,   -8,   -6,   -7,  -39,  -16,  -25,   -4,  -17,  -11,  -38,  -20,  -20,  -29,
     -36,  -13,  -38,  -45,  -38,  -46,  -21,  -58,  -38,  -20,  -20,  -57,  -36,   -3,  -20,  -11,
      -8,   -4,  -20,   -6,  -32,  -20,  -25,   15,  -23,   15,  -10,   -4,   -4,   -2,   -3,   -2,
     -24,   -9,  -15,   -5,    3,   -4,    2,   -4,   -4,   -5,    3,   -4,   -5,  -15,   -4,   -4,
       1,   -4,    2,   -4,    2,   -4,   -2,    2,   -9,   -9,   -9,    1,  -13,   -6,  -34,  -13,
       7,   -3,   -3,   -2,   -2,    3,   -5,   -5,    1,   -2,   -4,   -2,    2,    2,   -3,    3,
      -2,    1,    2,    2,    1,    7,    8,    5,    6,    1,  -16,  -31,  -25,   -8,   -5,  -10,
     -10,  -28,  -26,   -9,   -1,   -3,   -5,  -13,    3,    3,    3,    3,    3,    3,   10,    2,
      -4,   -4,   -4,   -4,   -5,   -5,   -5,   -5,   -4,    2,    2,    2,    2,    2,   -9,    2,
      -9,   -9,   -9,   -9,  -13,    1,    7,    7,    7,    7,    7,    7,    8,   -3,   -2,   -2,
      -2,   -2,    1,    1,    1,    1,    2,   -3,   -3,   -3,   -3,   -3,  -26,   -3,    1,    1,
       1,    1,    6,  -26,  -26,  -18,  -19,  -17,  -18,  -19,  -18,  -11,  -11,   -7,  -23,  -26,
     -11,   -4,   -7,   -3,  -41,   -4,  -13,   -5,  -41,    1,  -36,  -30,   -7,   -3,   -3,   -3,
     -14,    4,  -19,  -20,  -15,    4,   -4,    5,  -23,    2,   -5,   -5,  -10,  -26,   -8,   -2,
     -10,   -9,   11,   -9,   -9,  -10,   12,   -9,  -11,  -12,   -9,   -9,   -8,   -8,   10,   -9,
      10,   -9,   -8,  -12,   -4,  -18,  -15,  -22,  -29,  -15,  -33,    3,   -1,   10,   10,   11,
      -9,    1,   -6,   -8,   -9,   -5,   -5,   -6,   -6,   10,   -3,   10,   -7,    1,   -4,   -1,
      -6,   -4,  -16,   -7,   -8,  -32,   -7,   -7,   -7,   -8,   -7,   -7,   -8,   -8,  -28,   -9,
     -10,  -10,  -10,  -10,  -10,   -9,   11,   -9,  -11,  -11,   -8,   10,   10,   10,   10,   -4,
      -4,    3,    3,    3,    3,    3,    3,   10,   11,   -8,   -8,   10,   10,   10,   -1,   -1,
      -7,   -7,  -40,  -40,  -32,  -45,  -42,  -40,  -30,   -7,  -23,  -43,   -7,  -26,    2,   -7,
      -8,  -23,   -8,  -12,  -11,  -11,  -25,  -11,  -12,  -19,  -14,   -9,   -6,   -8,  -14,  -16,
     -14,   -7,   -9,  -11,  -12,  -12,  -23,  -29,  -20,  -18,  -20,  -11,  -24,  -24,  -34,   -4,
     -25,   -4,  -14,   -5,  -18,   -9,  -16,   -2,  -21,   -4,  -21,   -1,  -24,  -10,  -10,  -23,
     -34,  -35,  -33,  -34,   -6,  -24,  -24,   -4,   -9,   -7,   -7,  -25,  -25,  -26,  -23,   -2,
     -14,  -12,  -14,   -8,   -9,   -4,   -8,   -7,   -2,   -8,   -8,  -17,   -6,   -8,   -9,    3,
       3,  -14,  -35,  -35,  -22,   -4,   -4,   -4,   -7,   -3,   -1,    2,   -1,    2,   -6,   -6,
     -11,   -4,   -6,   -6,    4,    4,  -20,  -15,  -15,  -29,  -18,  -19,  -27,  -11,  -14,  -11,
     -14,  -10,  -19,  -12,  -10,  -12,   -9,  -16,  -15,  -25,  -14,  -15,  -17,   -6,   -8,   -8,
     -22,  -10,  -11,  -14,   -9,   -3,   -2,   -3,   -8,  -11,   -9,   -4,   -5,   -8,  -10,   -9,
     -20,  -14,  -12,  -14,   -2,   -2,   -2,  -16,  -40,   -1,  -41,   -3,  -11,   -5,    2,   -7,
      -7,   -5,    2,   -1,   -1,   -5,   -4,  -13,  -20,  -11,  -12,  -11,  -11,   -2,    7,   -3,
       7,   -3,  -11,   -2,   -1,   -4,   -4,  -14,   -1,   -4,   -8,   -4,   -4,   -2,  -13,   -4,
      -5,   -2,   -4,   -4,   -2,   -1,   -9,   -9,  -10,   -9,   -6,   -2,   -2,  -19,  -36,  -37,
     -33,   -6,   -5,   -2,   -5,  -24,   -8,  -14,   -6,   -1,  -13,  -12,  -21,  -25,  -10,  -11,
     -12,    3,    3,  -27,  -38,  -38,  -20,    2,   -4,   -3,   -7,   -9,   -2,    7,   -2,   -2,
     -14,   -2,   -3,    4,   -6,  -12,  -12,  -27,   -9,  -10,  -16,   -9,   -6,   -9,   -4,   -7,
      -7,   -2,   -2,   -7,   -7,  -15,  -12,  -13,  -13,  -17,  -13,  -13,  -36,  -17,  -18,  -25,
      -8,  -14,  -10,  -15,  -12,  -15,   -9,  -11,  -11,   -7,  -12,  -12,  -26,  -12,  -13,  -16,
     -12,  -11,  -11,  -24,  -10,  -11,  -19,  -14,   -8,   -5,   -7,  -14,  -16,  -13,   -6,   -8,
     -10,  -12,  -11,  -22,  -20,  -20,  -20,  -11,   -9,   -9,  -26,  -32,  -33,  -28,   -4,  -14,
     -12,  -13,  -15,   -9,   -6,   -8,  -12,   -3,   -9,   -9,  -20,   -8,  -10,  -11,   -7,   -3,
      -3,  -19,  -17,  -17,  -23,   -9,   -8,   -5,   -6,  -25,  -10,  -14,   -4,  -10,   -6,   -9,
      -8,  -20,   -9,  -11,  -11,  -10,  -33,  -33,  -45,  -14,  -14,  -18,   -2,  -23,  -16,  -23,
     -18,   -1,  -30,   -1,  -12,  -15,  -15,  -19,  -33,  -33,  -34,   -4,  -14,  -14,  -28,   -5,
      -8,   -5,   -8,   -1,   -6,   -6,   -6,   -4,  -13,   -1,   -6,   -3,   -2,  -20,  -12,  -14,
     -16,   -2,    2,    2,  -23,  -38,  -38,  -28,   -3,   -2,   -5,  -18,   -3,   -4,    1,   -2,
       4,   -4,   -4,  -21,   -2,   -5,   -5,  -14,   -9,   -9,  -31,  -18,  -18,  -24,  -11,   -8,
      -6,   -9,  -28,  -15,  -18,   -6,  -13,   -7,  -14,  -13,  -30,  -16,  -16,  -19,   -2,  -10,
      -4,  -11,  -13,  -10,   -8,  -11,   -8,  -20,  -11,  -21,  -21,   -5,   -8,   -6,   -7,   -5,
      -7,   -5,   -4,   -8,   -3,   -6,   -3,   -3,  -21,  -19,  -16,  -18,   -5,    4,   -2,   -3,
      -2,   -2,   -3,   -1,   -2,   -3,   -9,   -2,   -2,   -3,   -2,   -3,   -2,   -4,   -7,   -6,
      -3,   -3,   -3,   -1,   -8,  -24,  -18,  -12,   -3,   -2,   -2,   -1,   -2,   -4,   -2,   -9,
      -1,   -2,   -4,   -2,   -4,   -4,   -5,   -4,   -6,   -1,  -18,  -24,   -7,  -24,  -20,  -11,
     -12,  -12,  -11,   -3,    4,    4,    4,   -3,   -2,   -2,   -3,   -2,   -3,   -3,   -3,  -19,
      -3,    5,   -2,   -1,   -1,   -1,   -1,   -3,   -2,   -2,   -2,   -2,   -2,   -2,   -4,   -4,
      -4,   -4,   -6,   -3,   -6,  -22,  -22,   -6,   -9,   -6,   -9,  -24,  -18,   -9,   -8,   -6,
      -2,   -6,
};

static const EpdLigaturePair merri9_regularLigaturePairs[] = {
    { 0x00660069, 0xFB01 }, // f i -> U+FB01
    { 0x0066006C, 0xFB02 }, // f l -> U+FB02
};

static const EpdFontData merri9_regular = {
    merri9_regularBitmaps,
    merri9_regularGlyphs,
    merri9_regularIntervals,
    63,
    24,
    19,
    -6,
    false,
    nullptr,
    0,
    nullptr,
    nullptr,  // kernLeftClasses: built-in fonts use the split arrays below
    nullptr,  // kernRightClasses
    merri9_regularKernLeftCodepoints,
    merri9_regularKernLeftClassIds,
    merri9_regularKernRightCodepoints,
    merri9_regularKernRightClassIds,
    nullptr,  // kernMatrix: built-in fonts use the sparse form below
    merri9_regularKernRowOffsets,
    merri9_regularKernSparseCols,
    merri9_regularKernSparseValues,
    214,
    216,
    211,
    212,
    merri9_regularLigaturePairs,
    2,
};
