/**
 * generated by fontconvert.py
 * name: merri11_bold
 * size: 11
 * mode: 1-bit
 * Command used: fontconvert.py merri11_bold 11 Merriweather-Bold-Kern.ttf Merriweather-Bold-Rest.ttf --pnum --mono-threshold 4 (see README)
 */
#pragma once
#include "EpdFontData.h"

static const uint8_t merri11_boldBitmaps[32408] = {
    0x77, 0xBD, 0xEF, 0x39, 0xCE, 0x73, 0x9C, 0xE7, 0x39, 0xC4, 0x01, 0x1D, 0xF7, 0x00, 0x00, 0x0E,
    0xF7, 0xBD, 0xEE, 0x73, 0x9C, 0xE7, 0x31, 0x8C, 0x67, 0x10, 0x80, 0x06, 0x30, 0x18, 0xC0, 0x63,
    0x03, 0x0C, 0x0C, 0x31, 0xFF, 0xF7, 0xFF, 0xDF, 0xFF, 0x0C, 0x60, 0x21, 0x81, 0x86, 0x3F, 0xFE,
    0xFF, 0xF9, 0xFF, 0xC1, 0x8C, 0x04, 0x30, 0x30, 0xC0, 0xC2, 0x00, 0x03, 0x00, 0x18, 0x01, 0xC0,
    0x3F, 0xE3, 0xCF, 0x3C, 0x39, 0xE1, 0xCF, 0x04, 0x7C, 0x03, 0xF0, 0x0F, 0xE0, 0x3F, 0xC0, 0x7F,
    0x00, 0xF8, 0x03, 0xEC, 0x0F, 0x70, 0x7B, 0x83, 0x9F, 0x7C, 0xFF, 0x80, 0x70, 0x03, 0x80, 0x1C,
    0x00, 0x00, 0x00, 0x00, 0x7C, 0x0E, 0x01, 0xFC, 0x18, 0x07, 0x1C, 0x70, 0x0E, 0x38, 0xE0, 0x1C,
    0x73, 0x80, 0x38, 0xE7, 0x00, 0x71, 0xCC, 0x00, 0xF3, 0xB9, 0xF8, 0xFE, 0x67, 0xF8, 0xF9, 0xDE,
    0x70, 0x03, 0xB8, 0xE0, 0x06, 0x71, 0xC0, 0x1C, 0xE3, 0x80, 0x31, 0xC7, 0x00, 0xE1, 0xCE, 0x01,
    0x83, 0xF8, 0x07, 0x01, 0xE0, 0x00, 0x00, 0x01, 0xF8, 0x01, 0xE7, 0x00, 0x71, 0xC0, 0x1C, 0x70,
    0x07, 0x1C, 0x01, 0xE7, 0x00, 0x7B, 0x80, 0x0F, 0xCF, 0x83, 0xE3, 0xE1, 0xFC, 0xF9, 0xEF, 0x1C,
    0x71, 0xE6, 0x1C, 0x3F, 0x87, 0x0F, 0xC1, 0xE1, 0xF8, 0x3F, 0xFF, 0x87, 0xFB, 0xE0, 0x00, 0x00,
    0x00, 0xE7, 0x9E, 0x71, 0xC7, 0x18, 0x61, 0x00, 0x00, 0x06, 0x0E, 0x1C, 0x38, 0x38, 0x78, 0x70,
    0x70, 0xF0, 0xF0, 0xF0, 0xF0, 0xF0, 0xF0, 0xF0, 0x70, 0x70, 0x78, 0x38, 0x38, 0x1C, 0x0E, 0x06,
    0x00, 0x00, 0x60, 0x70, 0x38, 0x1C, 0x1C, 0x0E, 0x0E, 0x0F, 0x0F, 0x0F, 0x07, 0x07, 0x07, 0x0F,
    0x0F, 0x0F, 0x0E, 0x0E, 0x1C, 0x1C, 0x38, 0x70, 0x60, 0x00, 0x00, 0x00, 0x38, 0x01, 0xC0, 0xCE,
    0x67, 0xFF, 0xBF, 0xF8, 0x3E, 0x03, 0xF8, 0x7F, 0xF3, 0xBB, 0x99, 0xCC, 0x0E, 0x00, 0x70, 0x00,
    0x00, 0x0E, 0x01, 0xC0, 0x38, 0x07, 0x07, 0xFF, 0xFF, 0xFF, 0xF8, 0x70, 0x0E, 0x01, 0xC0, 0x38,
    0x00, 0x00, 0x67, 0xBC, 0xF7, 0x39, 0xCC, 0xE2, 0x00, 0xFF, 0xBF, 0xEF, 0xF8, 0x67, 0xBD, 0xE0,
    0x00, 0x03, 0x81, 0x81, 0xC0, 0xE0, 0x70, 0x30, 0x38, 0x1C, 0x0E, 0x06, 0x07, 0x03, 0x81, 0xC0,
    0xC0, 0xE0, 0x70, 0x38, 0x1C, 0x1C, 0x0E, 0x07, 0x03, 0x80, 0x00, 0x00, 0x00, 0x7F, 0x03, 0xDE,
    0x1E, 0x3C, 0x78, 0x7B, 0xC1, 0xEF, 0x07, 0xBC, 0x1E, 0xF0, 0x7B, 0xC1, 0xEF, 0x07, 0xBC, 0x1E,
    0xF0, 0x7B, 0xC1, 0xE7, 0x87, 0x1E, 0x3C, 0x3D, 0xE0, 0x7F, 0x00, 0x00, 0x00, 0x00, 0x01, 0xE0,
    0xFC, 0x3F, 0x86, 0xF0, 0x1E, 0x03, 0xC0, 0x78, 0x0F, 0x01, 0xE0, 0x3C, 0x07, 0x80, 0xF0, 0x1E,
    0x03, 0xC0, 0x78, 0x7F, 0xCF, 0xF8, 0x00, 0x00, 0xFE, 0x1F, 0xF9, 0xE7, 0xE4, 0x0F, 0x00, 0x78,
    0x03, 0xC0, 0x1E, 0x00, 0xE0, 0x0F, 0x00, 0x70, 0x07, 0x00, 0x78, 0x07, 0x80, 0x70, 0x67, 0x0F,
    0x7F, 0xFB, 0xFF, 0x80, 0x00, 0x03, 0xFC, 0x7F, 0xE6, 0x1E, 0x01, 0xE0, 0x1E, 0x01, 0xE0, 0x3C,
    0x1F, 0x01, 0xFC, 0x01, 0xE0, 0x0F, 0x00, 0xF0, 0x0F, 0x00, 0xF0, 0x1E, 0x7F, 0xC7, 0xF8, 0x3C,
    0x00, 0x00, 0x00, 0x07, 0x00, 0x1F, 0x00, 0x3C, 0x00, 0xF8, 0x01, 0xE0, 0x03, 0xC0, 0x0F, 0x00,
    0x1C, 0x70, 0x79, 0xE0, 0xE3, 0xC3, 0xC7, 0x87, 0x0F, 0xDF, 0xFF, 0x9F, 0xFF, 0x00, 0x78, 0x00,
    0xF0, 0x01, 0xE0, 0x00, 0x67, 0xFE, 0x7F, 0xE7, 0xFC, 0x70, 0x06, 0x00, 0xE0, 0x0E, 0xF8, 0xFF,
    0xCF, 0xFE, 0x01, 0xE0, 0x1E, 0x01, 0xE0, 0x1E, 0x01, 0xE0, 0x7C, 0x7F, 0x8F, 0xE0, 0x70, 0x00,
    0x00, 0xC0, 0x1E, 0x03, 0xE0, 0x3C, 0x03, 0xC0, 0x1C, 0x01, 0xE0, 0x0F, 0xF8, 0xFF, 0xE7, 0xC7,
    0xBC, 0x3D, 0xE1, 0xEF, 0x07, 0xF8, 0x3B, 0xC3, 0xCE, 0x1E, 0x79, 0xE0, 0xFE, 0x01, 0x80, 0x00,
    0x01, 0xFF, 0xE7, 0xFF, 0x9C, 0x0E, 0x70, 0x71, 0x81, 0xC2, 0x0F, 0x00, 0x38, 0x00, 0xE0, 0x07,
    0x80, 0x1C, 0x00, 0xF0, 0x03, 0xC0, 0x1E, 0x00, 0x78, 0x03, 0xE0, 0x0F, 0x00, 0x3C, 0x00, 0x00,
    0x00, 0x00, 0x00, 0xFE, 0x0E, 0x78, 0xE1, 0xC7, 0x07, 0x38, 0x39, 0xE3, 0x8F, 0xD8, 0x3F, 0x80,
    0xFE, 0x0F, 0xF8, 0xE7, 0xEE, 0x0F, 0x70, 0x3B, 0x81, 0xDE, 0x1E, 0x79, 0xE1, 0xFE, 0x00, 0x00,
    0x00, 0x00, 0x7F, 0x83, 0xDF, 0x0E, 0x1C, 0x78, 0x79, 0xE1, 0xE7, 0x07, 0x9E, 0x1E, 0x78, 0x79,
    0xE1, 0xE3, 0xFF, 0x87, 0xFE, 0x06, 0xF0, 0x03, 0xC0, 0x1E, 0x00, 0x70, 0x07, 0xC0, 0x3C, 0x01,
    0xE0, 0x00, 0x00, 0x67, 0xBD, 0xE0, 0x00, 0x00, 0x03, 0x3D, 0xEF, 0x00, 0x67, 0xBD, 0xE0, 0x00,
    0x00, 0x03, 0x3D, 0xEF, 0x39, 0xCE, 0x67, 0x20, 0x00, 0x10, 0x07, 0x01, 0xF0, 0x7E, 0x1F, 0x87,
    0xC0, 0x78, 0x07, 0xC0, 0x1F, 0x00, 0x7C, 0x01, 0xF0, 0x07, 0x00, 0x10, 0xFF, 0xFF, 0xFF, 0xFF,
    0x80, 0x00, 0x00, 0x00, 0x1F, 0xF7, 0xFF, 0xFF, 0xE0, 0x00, 0x0C, 0x00, 0xF0, 0x07, 0xC0, 0x1F,
    0x00, 0x7C, 0x01, 0xF0, 0x1F, 0x07, 0xE1, 0xF8, 0x7E, 0x0F, 0x80, 0xE0, 0x00, 0x00, 0x7E, 0x0F,
    0xF1, 0xFF, 0x01, 0xE0, 0x1E, 0x03, 0xC0, 0x78, 0x0E, 0x03, 0xC1, 0xF0, 0x78, 0x0E, 0x01, 0xC0,
    0x38, 0x07, 0x00, 0x00, 0x00, 0x01, 0x80, 0x78, 0x0F, 0x01, 0xE0, 0x00, 0x00, 0x00, 0x3F, 0x00,
    0x07, 0xFF, 0x00, 0x3C, 0x1F, 0x01, 0xC0, 0x1C, 0x0E, 0x00, 0x38, 0x70, 0x00, 0x73, 0x87, 0xF9,
    0xCC, 0x3F, 0xE3, 0x71, 0xC7, 0x8D, 0xC6, 0x1C, 0x36, 0x38, 0x70, 0xD8, 0xE1, 0xC3, 0x63, 0x8F,
    0x1B, 0x8E, 0x3C, 0x6E, 0x39, 0xF3, 0x98, 0xEF, 0xDC, 0x63, 0xF7, 0xE1, 0xC7, 0x9E, 0x07, 0x04,
    0x00, 0x0E, 0x00, 0x00, 0x3C, 0x00, 0x00, 0x78, 0x08, 0x00, 0xFF, 0xE0, 0x00, 0xFE, 0x00, 0x00,
    0x00, 0x00, 0x7C, 0x00, 0x1F, 0x00, 0x0F, 0xC0, 0x03, 0xF0, 0x00, 0xDE, 0x00, 0x77, 0x80, 0x1C,
    0xE0, 0x06, 0x3C, 0x03, 0x8F, 0x00, 0xE3, 0xC0, 0x38, 0x78, 0x1F, 0xFE, 0x07, 0xFF, 0x83, 0xC0,
    0xF0, 0xE0, 0x3C, 0x7C, 0x1F, 0xBF, 0x8F, 0xF0, 0x00, 0x00, 0x7F, 0xF8, 0x7E, 0x7C, 0x3C, 0x3C,
    0x3C, 0x1E, 0x3C, 0x1C, 0x3C, 0x3C, 0x3C, 0x3C, 0x3F, 0xF0, 0x3F, 0xFC, 0x3C, 0x3E, 0x3C, 0x1E,
    0x3C, 0x1F, 0x3C, 0x1F, 0x3C, 0x1E, 0x3C, 0x1E, 0x7F, 0xFC, 0x7F, 0xF8, 0x00, 0x00, 0x00, 0x00,
    0x0F, 0xF8, 0x7F, 0xF1, 0xE0, 0xE3, 0x81, 0xCF, 0x03, 0x9E, 0x00, 0x7C, 0x00, 0xF8, 0x01, 0xE0,
    0x03, 0xE0, 0x07, 0xC0, 0x0F, 0x80, 0x0F, 0x01, 0x9F, 0x03, 0x1E, 0x0E, 0x1F, 0xFC, 0x1F, 0xF8,
    0x00, 0x00, 0x00, 0x00, 0x3F, 0xFC, 0x1F, 0xFF, 0x87, 0x83, 0xC3, 0xC0, 0xF1, 0xE0, 0x7C, 0xF0,
    0x1E, 0x78, 0x0F, 0x3C, 0x07, 0x9E, 0x03, 0xCF, 0x01, 0xE7, 0x80, 0xF3, 0xC0, 0x71, 0xE0, 0x78,
    0xF0, 0x3C, 0x78, 0x3C, 0x7F, 0xFC, 0x3F, 0xF8, 0x00, 0x00, 0x00, 0x00, 0x00, 0xFF, 0xF1, 0xFF,
    0xF1, 0xE0, 0xE3, 0xC0, 0xC7, 0x80, 0x0F, 0x08, 0x1E, 0x30, 0x3F, 0xE0, 0x7F, 0xC0, 0xF1, 0x81,
    0xE3, 0x03, 0xC0, 0x07, 0x80, 0x8F, 0x03, 0x9E, 0x07, 0x7F, 0xFE, 0xFF, 0xF8, 0x00, 0x01, 0xFF,
    0xF7, 0xFF, 0xC7, 0x07, 0x1C, 0x0C, 0x70, 0x01, 0xC0, 0x07, 0x0C, 0x1E, 0x70, 0x7F, 0xC1, 0xFF,
    0x07, 0x0C, 0x1C, 0x30, 0x70, 0x01, 0xC0, 0x07, 0x00, 0x7F, 0xC1, 0xFF, 0x00, 0x00, 0x00, 0x03,
    0xFF, 0x07, 0xEF, 0x87, 0x81, 0xC3, 0xC0, 0xE3, 0xC0, 0x71, 0xE0, 0x00, 0xF0, 0x00, 0xF8, 0x00,
    0x7C, 0x3F, 0xFE, 0x1F, 0xFF, 0x01, 0xE7, 0x80, 0xF3, 0xC0, 0x78, 0xF0, 0x3C, 0x7C, 0x1E, 0x1F,
    0xBF, 0x03, 0xFE, 0x00, 0x00, 0x00, 0x00, 0x00, 0x0F, 0xE3, 0xF9, 0xFC, 0x7F, 0x1E, 0x03, 0xC3,
    0xC0, 0x78, 0x78, 0x0F, 0x0F, 0x01, 0xE1, 0xE0, 0x3C, 0x3F, 0xFF, 0x87, 0xFF, 0xF0, 0xF0, 0x1E,
    0x1E, 0x03, 0xC3, 0xC0, 0x78, 0x78, 0x0F, 0x0F, 0x01, 0xE1, 0xE0, 0x3C, 0x7F, 0x1F, 0xCF, 0xE3,
    0xF8, 0x00, 0x3F, 0xDF, 0xC3, 0xC1, 0xE0, 0xF0, 0x78, 0x3C, 0x1E, 0x0F, 0x07, 0x83, 0xC1, 0xE0,
    0xF0, 0x78, 0x3C, 0x7F, 0x3F, 0xC0, 0x00, 0x0F, 0xE3, 0xF8, 0x3C, 0x0F, 0x03, 0xC0, 0xF0, 0x3C,
    0x0F, 0x03, 0xC0, 0xF0, 0x3C, 0x0F, 0x03, 0xC0, 0xF0, 0x38, 0x0E, 0x07, 0x81, 0xE0, 0xF0, 0x7C,
    0x1C, 0x00, 0x00, 0x00, 0x00, 0x1F, 0xCF, 0xE7, 0xF3, 0xF0, 0xF0, 0x70, 0x3C, 0x38, 0x0F, 0x0C,
    0x03, 0xC6, 0x00, 0xF3, 0x80, 0x3D, 0xE0, 0x0F, 0xFC, 0x03, 0xFF, 0x80, 0xF9, 0xE0, 0x3C, 0x7C,
    0x0F, 0x0F, 0x03, 0xC3, 0xE0, 0xF0, 0x7C, 0x7F, 0x0F, 0x9F, 0xC3, 0xE0, 0x00, 0x00, 0xFF, 0x01,
    0xFC, 0x01, 0xE0, 0x03, 0xC0, 0x07, 0x80, 0x0F, 0x00, 0x1E, 0x00, 0x3C, 0x00, 0x78, 0x00, 0xF0,
    0x01, 0xE0, 0x03, 0xC0, 0xC7, 0x81, 0x8F, 0x07, 0x1E, 0x0E, 0x7F, 0xFC, 0xFF, 0xF8, 0x00, 0x00,
    0x00, 0x7F, 0x81, 0xFC, 0x7F, 0x83, 0xFC, 0x1F, 0x83, 0xF0, 0x1F, 0xC3, 0x70, 0x1B, 0xC7, 0x70,
    0x1B, 0xC7, 0x70, 0x19, 0xE6, 0x70, 0x19, 0xE6, 0x78, 0x19, 0xEE, 0x78, 0x38, 0xEE, 0x78, 0x38,
    0xFC, 0x78, 0x38, 0xFC, 0x78, 0x38, 0x7C, 0x78, 0x38, 0x78, 0x78, 0x30, 0x78, 0x3C, 0xFC, 0x78,
    0xFE, 0xFE, 0x30, 0xFF, 0x00, 0x00, 0x1F, 0x83, 0xF7, 0xE0, 0xFC, 0xFC, 0x0C, 0x3F, 0x83, 0x0F,
    0xE0, 0xC3, 0xBC, 0x30, 0xEF, 0x8C, 0x39, 0xE3, 0x0E, 0x7C, 0xC3, 0x8F, 0xB0, 0xE1, 0xEC, 0x38,
    0x7F, 0x0E, 0x0F, 0xC3, 0x81, 0xF0, 0xE0, 0x7C, 0x7E, 0x0F, 0x1F, 0x81, 0xC0, 0x00, 0x00, 0x03,
    0xFC, 0x07, 0xDF, 0x07, 0x83, 0xC3, 0xC1, 0xE3, 0xC0, 0x79, 0xE0, 0x3C, 0xF0, 0x1E, 0xF8, 0x0F,
    0x7C, 0x07, 0xBE, 0x03, 0xCF, 0x01, 0xE7, 0x80, 0xF3, 0xC0, 0x71, 0xE0, 0x78, 0x78, 0x38, 0x1F,
    0x78, 0x07, 0xF8, 0x00, 0x00, 0x00, 0x00, 0x00, 0xFF, 0xF1, 0xFB, 0xF1, 0xE1, 0xE3, 0xC1, 0xE7,
    0x83, 0xCF, 0x07, 0x9E, 0x0F, 0x3C, 0x1C, 0x78, 0x78, 0xFF, 0xE1, 0xFF, 0x03, 0xC0, 0x07, 0x80,
    0x0F, 0x00, 0x1E, 0x00, 0x7F, 0x80, 0xFF, 0x00, 0x00, 0x00, 0x00, 0xFF, 0x00, 0x7D, 0xF0, 0x1E,
    0x0F, 0x03, 0xC1, 0xE0, 0xF0, 0x1E, 0x1E, 0x03, 0xC3, 0xC0, 0x78, 0xF8, 0x0F, 0x1F, 0x01, 0xE3,
    0xE0, 0x3C, 0x3C, 0x07, 0x87, 0x80, 0xF0, 0xF0, 0x1C, 0x1E, 0x07, 0x81, 0xE0, 0xE0, 0x1F, 0x78,
    0x01, 0xFE, 0x00, 0x01, 0xF0, 0x00, 0x0F, 0x80, 0x00, 0xFE, 0x00, 0x0F, 0x80, 0x00, 0x00, 0x00,
    0x00, 0x3F, 0xFC, 0x1F, 0xBF, 0x07, 0x87, 0x83, 0xC1, 0xE1, 0xE0, 0xF0, 0xF0, 0x78, 0x78, 0x78,
    0x3C, 0x3C, 0x1F, 0xFC, 0x0F, 0xFC, 0x07, 0x8F, 0x03, 0xC3, 0xC1, 0xE1, 0xE0, 0xF0, 0xF8, 0x78,
    0x3C, 0x7F, 0x1F, 0x3F, 0x87, 0xC0, 0x00, 0x00, 0xFF, 0x1F, 0x78, 0xE1, 0xCF, 0x06, 0x78, 0x33,
    0xE0, 0x0F, 0xC0, 0x7F, 0x81, 0xFE, 0x03, 0xF8, 0x07, 0xE0, 0x0F, 0x70, 0x7B, 0x83, 0xDC, 0x1E,
    0xFB, 0xE3, 0xFE, 0x00, 0x00, 0x00, 0x00, 0x7F, 0xFF, 0x7F, 0xFF, 0xE3, 0xC7, 0xE3, 0xC7, 0xE3,
    0xC7, 0xE3, 0xC3, 0xC3, 0xC3, 0x03, 0xC0, 0x03, 0xC0, 0x03, 0xC0, 0x03, 0xC0, 0x03, 0xC0, 0x03,
    0xC0, 0x03, 0xC0, 0x03, 0xC0, 0x0F, 0xF8, 0x1F, 0xF8, 0x00, 0x00, 0x7F, 0x8F, 0xFF, 0x87, 0xE7,
    0x80, 0xC3, 0xC0, 0x61, 0xE0, 0x30, 0xF0, 0x18, 0x78, 0x0C, 0x3C, 0x06, 0x1E, 0x03, 0x0F, 0x01,
    0x87, 0x80, 0xC3, 0xC0, 0x61, 0xE0, 0x30, 0xF0, 0x38, 0x3C, 0x18, 0x1F, 0xFC, 0x03, 0xF8, 0x00,
    0x00, 0x00, 0x00, 0x00, 0x3F, 0xC7, 0xE7, 0xE0, 0xF8, 0xF0, 0x1C, 0x3C, 0x06, 0x07, 0x83, 0x81,
    0xE0, 0xE0, 0x78, 0x30, 0x0F, 0x1C, 0x03, 0xC7, 0x00, 0x71, 0x80, 0x1E, 0xE0, 0x07, 0xB0, 0x00,
    0xEC, 0x00, 0x3F, 0x00, 0x0F, 0x80, 0x01, 0xE0, 0x00, 0x78, 0x00, 0x00, 0x00, 0x00, 0x7F, 0xBF,
    0xCF, 0xDF, 0x8F, 0xE7, 0xE7, 0x83, 0xC0, 0xC3, 0xC1, 0xE0, 0x60, 0xF0, 0xF8, 0x70, 0x78, 0x7C,
    0x30, 0x3C, 0x3E, 0x18, 0x0E, 0x3F, 0x8C, 0x07, 0x9B, 0xCE, 0x03, 0xCD, 0xE6, 0x01, 0xE6, 0x73,
    0x00, 0x76, 0x3F, 0x80, 0x3F, 0x1F, 0x80, 0x1F, 0x87, 0xC0, 0x07, 0xC3, 0xE0, 0x03, 0xC1, 0xF0,
    0x01, 0xE0, 0xF0, 0x00, 0x00, 0x00, 0x7F, 0x9F, 0xBF, 0xCF, 0xC7, 0xC1, 0x81, 0xE1, 0x80, 0x79,
    0xC0, 0x3C, 0xC0, 0x0F, 0xC0, 0x03, 0xC0, 0x01, 0xE0, 0x00, 0xF8, 0x00, 0xDE, 0x00, 0xEF, 0x80,
    0x63, 0xC0, 0x70, 0xF0, 0x70, 0x7C, 0xFC, 0x7F, 0x7F, 0x3F, 0xC0, 0x00, 0x00, 0x7F, 0x9F, 0xDF,
    0x87, 0xC7, 0x81, 0xC1, 0xE1, 0xC0, 0xF0, 0xE0, 0x3C, 0xE0, 0x1E, 0x60, 0x07, 0xB0, 0x03, 0xF0,
    0x00, 0xF8, 0x00, 0x78, 0x00, 0x3C, 0x00, 0x1E, 0x00, 0x0F, 0x00, 0x07, 0x80, 0x0F, 0xF8, 0x07,
    0xFC, 0x00, 0x00, 0x00, 0x7F, 0xF9, 0xFF, 0xF3, 0x83, 0xC7, 0x0F, 0x8C, 0x1E, 0x00, 0x78, 0x01,
    0xF0, 0x03, 0xC0, 0x0F, 0x80, 0x3E, 0x00, 0x78, 0x01, 0xF0, 0x07, 0xC1, 0x8F, 0x03, 0x3C, 0x0E,
    0xFF, 0xFC, 0xFF, 0xF8, 0x39, 0xFB, 0x87, 0x0E, 0x1C, 0x38, 0x70, 0xE1, 0xC3, 0x87, 0x0E, 0x1C,
    0x38, 0x70, 0xE1, 0xC3, 0x87, 0x0F, 0xDF, 0x80, 0x00, 0xE0, 0x30, 0x1C, 0x0E, 0x07, 0x01, 0xC0,
    0xE0, 0x70, 0x18, 0x0E, 0x07, 0x03, 0x80, 0xC0, 0x70, 0x38, 0x1C, 0x07, 0x03, 0x81, 0xC0, 0x60,
    0x38, 0x1C, 0x00, 0x3B, 0xF1, 0xC7, 0x1C, 0x71, 0xC7, 0x1C, 0x71, 0xC7, 0x1C, 0x71, 0xC7, 0x1C,
    0x71, 0xC7, 0xFF, 0xF0, 0x00, 0x00, 0x00, 0x38, 0x01, 0xE0, 0x1F, 0x00, 0xF8, 0x06, 0xE0, 0x77,
    0x03, 0xB8, 0x18, 0xE1, 0xC7, 0x0E, 0x38, 0x70, 0xE7, 0x07, 0x38, 0x39, 0xC0, 0xC0, 0x7F, 0xF8,
    0x00, 0x00, 0x01, 0x8F, 0x1E, 0x38, 0x70, 0x00, 0x00, 0x00, 0xFE, 0x1F, 0xF8, 0xF7, 0xC0, 0x0E,
    0x00, 0x70, 0x3F, 0x87, 0xFC, 0x78, 0xE7, 0x87, 0x3C, 0x39, 0xF3, 0xC7, 0xFF, 0x1F, 0x7C, 0x00,
    0x00, 0xF8, 0x03, 0xE0, 0x07, 0x80, 0x1E, 0x00, 0x78, 0x01, 0xE0, 0x07, 0xBE, 0x1F, 0xFC, 0x7C,
    0xF9, 0xE1, 0xE7, 0x87, 0x9E, 0x0F, 0x78, 0x3D, 0xE0, 0xE7, 0x87, 0x9E, 0x1E, 0x78, 0x71, 0xF7,
    0xC3, 0xFC, 0x00, 0x00, 0x00, 0x00, 0xFE, 0x3F, 0xE3, 0x8E, 0x78, 0xE7, 0x86, 0x70, 0x0F, 0x00,
    0xF0, 0x07, 0x80, 0x78, 0x07, 0xC2, 0x3F, 0xE1, 0xFC, 0x00, 0x00, 0x01, 0xF0, 0x07, 0xE0, 0x07,
    0x80, 0x1E, 0x00, 0x78, 0x01, 0xE0, 0xFF, 0x87, 0xFE, 0x38, 0x79, 0xE1, 0xE7, 0x87, 0x9C, 0x1E,
    0xF0, 0x7B, 0xC1, 0xE7, 0x87, 0x9E, 0x1E, 0x78, 0x78, 0xFF, 0xE1, 0xFF, 0xC0, 0x00, 0x00, 0x00,
    0xFC, 0x3F, 0xE3, 0x8F, 0x78, 0xF7, 0x0F, 0xFF, 0xFF, 0xFF, 0xF0, 0x07, 0x80, 0x78, 0x07, 0xC2,
    0x3F, 0xF1, 0xFC, 0x00, 0x00, 0x00, 0x01, 0xF0, 0xFC, 0x7F, 0x1C, 0x0F, 0x03, 0xC1, 0xFE, 0xFF,
    0x8F, 0x03, 0xC0, 0xF0, 0x3C, 0x0F, 0x03, 0xC0, 0xF0, 0x3C, 0x0F, 0x07, 0xF1, 0xFE, 0x00, 0x00,
    0x7F, 0xF3, 0xFF, 0xDE, 0x3F, 0x78, 0xF1, 0xE3, 0xC7, 0x8F, 0x1E, 0x38, 0x3F, 0xE0, 0x7E, 0x03,
    0x00, 0x1E, 0x00, 0x3F, 0xF8, 0xFF, 0xE7, 0x07, 0xDC, 0x0F, 0xF0, 0x3D, 0xC1, 0xE7, 0xFF, 0x0F,
    0xF8, 0x00, 0x00, 0x78, 0x01, 0xF8, 0x00, 0xF0, 0x01, 0xE0, 0x03, 0xC0, 0x07, 0x80, 0x0F, 0x7C,
    0x1F, 0xFC, 0x3E, 0x78, 0x78, 0x78, 0xF0, 0xF1, 0xE1, 0xE3, 0xC3, 0xC7, 0x87, 0x8F, 0x0F, 0x1E,
    0x1E, 0x3C, 0x3C, 0xFC, 0xFD, 0xF9, 0xF8, 0x18, 0x3C, 0x3C, 0x3C, 0x00, 0x00, 0x7C, 0x7C, 0x3C,
    0x3C, 0x3C, 0x3C, 0x3C, 0x3C, 0x3C, 0x3C, 0x3C, 0x7E, 0x7F, 0x0C, 0x3C, 0x78, 0xF0, 0x00, 0x0F,
    0x9F, 0x1E, 0x3C, 0x78, 0xF1, 0xE3, 0xC7, 0x8F, 0x1E, 0x3C, 0x78, 0xF1, 0xE3, 0xCF, 0x3C, 0x70,
    0x78, 0x01, 0xF8, 0x00, 0xF0, 0x01, 0xE0, 0x03, 0xC0, 0x07, 0x80, 0x0F, 0x3F, 0x1E, 0x7E, 0x3C,
    0x70, 0x79, 0xC0, 0xF7, 0x01, 0xFE, 0x03, 0xFE, 0x07, 0xFC, 0x0F, 0x3C, 0x1E, 0x3C, 0x3C, 0x78,
    0xFC, 0xFF, 0xFB, 0xF8, 0x78, 0xFC, 0x3C, 0x3C, 0x3C, 0x3C, 0x3C, 0x3C, 0x3C, 0x3C, 0x3C, 0x3C,
    0x3C, 0x3C, 0x3C, 0x3C, 0x3C, 0x7E, 0xFE, 0x00, 0x00, 0x00, 0xF3, 0xE7, 0xE1, 0xFF, 0xFF, 0xE1,
    0xF3, 0xF3, 0xC3, 0xC3, 0xC3, 0x87, 0x87, 0x87, 0x0F, 0x0F, 0x0E, 0x1E, 0x1E, 0x1C, 0x3C, 0x3C,
    0x38, 0x78, 0x78, 0x70, 0xF0, 0xF0, 0xE1, 0xE1, 0xE1, 0xC7, 0xE7, 0xE7, 0xEF, 0xCF, 0xDF, 0xC0,
    0x00, 0x00, 0x79, 0xF8, 0x7F, 0xF8, 0x3E, 0x7C, 0x3C, 0x3C, 0x3C, 0x3C, 0x3C, 0x3C, 0x3C, 0x3C,
    0x3C, 0x3C, 0x3C, 0x3C, 0x3C, 0x3C, 0x3C, 0x3C, 0x7E, 0x7E, 0x7E, 0x7E, 0x00, 0x00, 0x3F, 0x03,
    0xFE, 0x0E, 0x3C, 0x78, 0x79, 0xE1, 0xEF, 0x07, 0xBC, 0x1E, 0xF0, 0x79, 0xE1, 0xE7, 0x87, 0x9E,
    0x1C, 0x3F, 0xE0, 0x7F, 0x00, 0x00, 0x00, 0x00, 0x01, 0xEF, 0xCF, 0xFF, 0x8F, 0x1E, 0x3C, 0x3C,
    0xF0, 0xF3, 0xC3, 0xCF, 0x0F, 0x3C, 0x3C, 0xF0, 0xF3, 0xC3, 0x8F, 0x1E, 0x3C, 0xF0, 0xFF, 0x83,
    0xC0, 0x0F, 0x00, 0x3C, 0x00, 0xF0, 0x07, 0xF0, 0x1F, 0xC0, 0x00, 0x00, 0x3F, 0xE1, 0xFF, 0x8E,
    0x1E, 0x78, 0x79, 0xE1, 0xE7, 0x07, 0xBC, 0x1E, 0xF0, 0x79, 0xE1, 0xE7, 0x87, 0x9E, 0x1E, 0x3F,
    0xF8, 0x7F, 0xE0, 0x07, 0x80, 0x1E, 0x00, 0x78, 0x01, 0xE0, 0x1F, 0xC0, 0x7F, 0x00, 0x0F, 0x39,
    0xEF, 0x1F, 0xE3, 0xE0, 0x78, 0x0F, 0x01, 0xE0, 0x3C, 0x07, 0x80, 0xF0, 0x1E, 0x07, 0xF0, 0xFE,
    0x00, 0x00, 0x0F, 0xE7, 0xFB, 0x86, 0xF1, 0xBE, 0x0F, 0xE1, 0xFE, 0x3F, 0xC1, 0xFC, 0x3F, 0x87,
    0xF3, 0xFF, 0xE0, 0x00, 0x00, 0x0C, 0x0E, 0x07, 0x07, 0xFF, 0xFC, 0xE0, 0x70, 0x38, 0x1C, 0x0E,
    0x07, 0x03, 0x81, 0xC0, 0xF0, 0x7F, 0x3F, 0x00, 0x00, 0x00, 0x03, 0xE3, 0xEF, 0x8F, 0x9E, 0x1E,
    0x78, 0x79, 0xE1, 0xE7, 0x87, 0x9E, 0x1E, 0x78, 0x78, 0xE1, 0xE3, 0x87, 0x8F, 0x1E, 0x3F, 0xFC,
    0x7E, 0xF0, 0x00, 0x00, 0x7E, 0x7E, 0xFC, 0xFC, 0xF0, 0xE1, 0xE1, 0xC1, 0xE3, 0x83, 0xCE, 0x07,
    0x9C, 0x07, 0xB0, 0x0F, 0x60, 0x0F, 0xC0, 0x1F, 0x00, 0x3E, 0x00, 0x3C, 0x00, 0x00, 0x00, 0x7E,
    0x38, 0xFB, 0xF3, 0xE7, 0xCF, 0x1F, 0x1C, 0x78, 0xF8, 0xC1, 0xC7, 0xC6, 0x0E, 0x7F, 0x70, 0x7B,
    0x7B, 0x81, 0xD9, 0xD8, 0x0E, 0xCE, 0xC0, 0x7E, 0x7E, 0x01, 0xE1, 0xE0, 0x0F, 0x0F, 0x00, 0x78,
    0x78, 0x00, 0x00, 0x00, 0xFE, 0x7F, 0xF9, 0xF3, 0xC3, 0x07, 0x98, 0x1F, 0xE0, 0x3F, 0x00, 0x78,
    0x03, 0xF0, 0x0D, 0xE0, 0x67, 0xC3, 0x8F, 0x3F, 0x3F, 0xFD, 0xFC, 0xFC, 0xFF, 0xF1, 0xF7, 0x83,
    0x9E, 0x1C, 0x3C, 0x70, 0xF1, 0xC1, 0xCE, 0x07, 0xB8, 0x1E, 0xE0, 0x3B, 0x00, 0xFC, 0x01, 0xE0,
    0x07, 0x80, 0x0E, 0x00, 0x30, 0x01, 0xC0, 0x3E, 0x00, 0xF8, 0x03, 0x80, 0x00, 0x7F, 0xF3, 0xFF,
    0x9C, 0x7C, 0xC7, 0xC0, 0x3C, 0x03, 0xC0, 0x3E, 0x03, 0xE0, 0x1E, 0x01, 0xE1, 0x9F, 0x1D, 0xFF,
    0xE7, 0xFF, 0x00, 0x0F, 0x87, 0xF3, 0xE0, 0xF0, 0x3C, 0x07, 0x01, 0xC0, 0x70, 0x1E, 0x07, 0x07,
    0xC3, 0xE0, 0x3C, 0x07, 0x81, 0xE0, 0x70, 0x1C, 0x0F, 0x03, 0xC0, 0xF0, 0x3F, 0x87, 0xF0, 0x00,
    0xFF, 0xFF, 0xFF, 0xFF, 0xFF, 0xFF, 0xFF, 0xFF, 0xC0, 0x3C, 0x3F, 0x81, 0xF0, 0x3C, 0x0F, 0x03,
    0xC0, 0xE0, 0x38, 0x0E, 0x03, 0x80, 0xFC, 0x1F, 0x0F, 0x03, 0x80, 0xE0, 0x38, 0x0E, 0x03, 0xC0,
    0xF0, 0x3C, 0x7F, 0x1F, 0x80, 0x00, 0x00, 0x03, 0xC6, 0x7F, 0xEF, 0xFE, 0xC3, 0xC0, 0x00, 0x03,
    0xBF, 0xE6, 0x00, 0x0E, 0x73, 0x9C, 0xE7, 0x39, 0xCE, 0x73, 0x9C, 0xEF, 0xB8, 0x03, 0x00, 0x60,
    0x0C, 0x07, 0xF3, 0xFE, 0xF1, 0xDE, 0x3B, 0x87, 0xF0, 0x1E, 0x03, 0xC0, 0x78, 0x07, 0x80, 0xF8,
    0xCF, 0xF8, 0xFE, 0x06, 0x00, 0xC0, 0x18, 0x00, 0x00, 0x00, 0x00, 0xFE, 0x00, 0xFF, 0x80, 0xE1,
    0x80, 0xF0, 0x00, 0x78, 0x00, 0x3C, 0x00, 0x1E, 0x00, 0x3F, 0xE0, 0x1F, 0xF0, 0x03, 0xC0, 0x01,
    0xE0, 0x00, 0xF0, 0x78, 0x78, 0x3C, 0x38, 0x1E, 0x7C, 0x0E, 0x7F, 0xFF, 0x38, 0xFF, 0x00, 0x00,
    0x00, 0x00, 0x03, 0x80, 0x6F, 0x7B, 0x9F, 0xFC, 0x3F, 0xE0, 0xE3, 0xC7, 0x07, 0x1C, 0x1C, 0x78,
    0x70, 0xE3, 0x83, 0xFE, 0x1F, 0xFC, 0xE7, 0x3B, 0x00, 0x60, 0x00, 0x00, 0x00, 0x00, 0xFF, 0x3F,
    0xFE, 0x3F, 0x3C, 0x1C, 0x1E, 0x18, 0x1F, 0x38, 0x0F, 0x30, 0x07, 0xF0, 0x07, 0xE0, 0x7F, 0xFE,
    0x03, 0xC0, 0x03, 0xC0, 0x3F, 0xFE, 0x7F, 0xFE, 0x03, 0xC0, 0x03, 0xC0, 0x0F, 0xF0, 0x0F, 0xF8,
    0xFF, 0xFF, 0xFF, 0xEC, 0x01, 0xFF, 0xFF, 0xFF, 0xC0, 0x1F, 0xC7, 0xFE, 0x70, 0xEF, 0x0E, 0xF0,
    0x67, 0xC0, 0x7F, 0x07, 0xFC, 0xCF, 0xEC, 0x3F, 0xE0, 0xFF, 0x87, 0x7E, 0x77, 0xFE, 0x1F, 0xE0,
    0x7E, 0xC1, 0xEE, 0x0F, 0xE0, 0xEF, 0x9E, 0xFF, 0xC0, 0x40, 0x63, 0x73, 0xFD, 0xFC, 0xE0, 0x00,
    0x03, 0xFC, 0x00, 0xFF, 0xE0, 0x1C, 0x03, 0x83, 0x80, 0x1C, 0x70, 0xF8, 0xC6, 0x1F, 0xC6, 0x63,
    0x8C, 0x6C, 0x70, 0xC3, 0xC7, 0x00, 0x3C, 0x70, 0x03, 0xC7, 0x00, 0x3C, 0x70, 0x03, 0xC7, 0x80,
    0x76, 0x3F, 0xC6, 0x61, 0xF8, 0xE3, 0x00, 0x0C, 0x18, 0x01, 0x80, 0xE0, 0x70, 0x07, 0xFE, 0x00,
    0x0F, 0x00, 0x0E, 0x0F, 0xF1, 0xFE, 0x01, 0xE0, 0x3C, 0x7F, 0x9E, 0x77, 0x8E, 0xF1, 0xDF, 0xF9,
    0xFF, 0x8C, 0xE0, 0x04, 0x18, 0x38, 0xE1, 0xC7, 0x8E, 0x3C, 0x79, 0xE3, 0xCF, 0x0F, 0x3C, 0x1E,
    0x78, 0x38, 0xF0, 0x71, 0xC0, 0xE3, 0x81, 0x86, 0xFF, 0xEF, 0xFE, 0xFF, 0xE0, 0x06, 0x00, 0x60,
    0x06, 0x00, 0x60, 0x03, 0xFC, 0x00, 0xFF, 0xE0, 0x1C, 0x03, 0x83, 0x80, 0x1C, 0x77, 0xF8, 0xC6,
    0x7F, 0xC6, 0x63, 0x9C, 0x6C, 0x38, 0xE3, 0xC3, 0x9C, 0x3C, 0x3F, 0xC3, 0xC3, 0xF8, 0x3C, 0x39,
    0xC3, 0xC3, 0x9C, 0x76, 0x39, 0xE6, 0x67, 0xCE, 0xE3, 0x00, 0x0C, 0x18, 0x01, 0x80, 0xE0, 0x70,
    0x07, 0xFE, 0x00, 0x0F, 0x00, 0x00, 0xFF, 0xFF, 0x1C, 0x1F, 0x9F, 0xDC, 0x7E, 0x1F, 0x1D, 0xDE,
    0x7E, 0x1C, 0x00, 0x0E, 0x01, 0xC0, 0x38, 0x07, 0x0F, 0xFD, 0xFF, 0xFF, 0xF8, 0x70, 0x0E, 0x01,
    0xC0, 0x00, 0x7F, 0xFF, 0xFE, 0x00, 0x0F, 0x87, 0xF3, 0x1C, 0x07, 0x01, 0xC0, 0x70, 0x38, 0x1C,
    0x0E, 0x6F, 0xFB, 0xFE, 0x00, 0x3F, 0x3F, 0xC0, 0xE0, 0x70, 0xF0, 0xF8, 0x0E, 0x07, 0x83, 0xDF,
    0xDF, 0xC0, 0x00, 0x00, 0x63, 0xDE, 0x73, 0x80, 0x00, 0x00, 0x03, 0xE3, 0xEF, 0x8F, 0x9E, 0x1E,
    0x78, 0x79, 0xE1, 0xE7, 0x87, 0x9E, 0x1E, 0x78, 0x79, 0xE1, 0xE7, 0x87, 0x9F, 0x1E, 0x7F, 0xFD,
    0xFE, 0xF7, 0x80, 0x1E, 0x00, 0x78, 0x01, 0xE0, 0x00, 0x00, 0x00, 0x00, 0x00, 0x1F, 0xFF, 0x3F,
    0xFE, 0x7F, 0x1C, 0xFF, 0x1C, 0xFF, 0x1C, 0xFF, 0x1C, 0xFF, 0x1C, 0x7F, 0x1C, 0x7F, 0x1C, 0x3F,
    0x1C, 0x07, 0x1C, 0x07, 0x1C, 0x07, 0x1C, 0x07, 0x1C, 0x07, 0x1C, 0x07, 0x1C, 0x07, 0x1C, 0x1F,
    0x1E, 0x1F, 0x1E, 0x33, 0xDE, 0xE0, 0x01, 0x8E, 0x7F, 0xFF, 0xC0, 0x00, 0x3C, 0xFC, 0xFC, 0x1C,
    0x1C, 0x1C, 0x1C, 0x1C, 0x1C, 0x3C, 0xFF, 0x06, 0x07, 0xF1, 0xE7, 0x38, 0xF7, 0x1F, 0xE3, 0xFC,
    0x7B, 0x8F, 0x71, 0xCF, 0x38, 0xFE, 0x02, 0x00, 0x61, 0x81, 0xC7, 0x07, 0x8E, 0x0F, 0x1C, 0x1E,
    0x78, 0x3C, 0xF0, 0xF3, 0xC7, 0x9E, 0x3C, 0x70, 0xE3, 0x87, 0x1C, 0x18, 0x60, 0x00, 0x07, 0x01,
    0xE0, 0x30, 0x3F, 0x03, 0x81, 0xF8, 0x18, 0x01, 0xC1, 0xC0, 0x0E, 0x0C, 0x00, 0x70, 0xE0, 0x03,
    0x86, 0x00, 0x1C, 0x71, 0xC0, 0xE3, 0x1E, 0x0F, 0x38, 0xE1, 0xFF, 0x8E, 0x00, 0x1C, 0x76, 0x00,
    0xE7, 0x70, 0x06, 0x33, 0x80, 0x73, 0xFF, 0x03, 0x0F, 0xF8, 0x38, 0x07, 0x01, 0x80, 0x38, 0x1C,
    0x00, 0x00, 0x00, 0x00, 0x00, 0x00, 0x07, 0x00, 0xF0, 0x18, 0x0F, 0xC0, 0xE0, 0x3F, 0x03, 0x00,
    0x1C, 0x1C, 0x00, 0x70, 0x60, 0x01, 0xC3, 0x80, 0x07, 0x0C, 0x00, 0x1C, 0x73, 0xE0, 0x71, 0x9F,
    0xC3, 0xCE, 0xC7, 0x3F, 0xF0, 0x1C, 0x01, 0xC0, 0x70, 0x07, 0x01, 0xC0, 0x18, 0x0E, 0x00, 0xE0,
    0x70, 0x03, 0x03, 0x98, 0x1C, 0x3F, 0xE0, 0x60, 0xFF, 0x83, 0x80, 0x00, 0x00, 0x00, 0x00, 0x00,
    0x03, 0x81, 0xF8, 0x0C, 0x0F, 0xF0, 0x70, 0x01, 0xC1, 0xC0, 0x07, 0x06, 0x00, 0x78, 0x38, 0x03,
    0xE0, 0xC0, 0x01, 0xC7, 0x00, 0x07, 0x98, 0xE0, 0x1E, 0xE7, 0x87, 0xF3, 0x1C, 0x3F, 0x9C, 0xF0,
    0x00, 0x63, 0xB0, 0x03, 0x9C, 0xC0, 0x0C, 0x73, 0x00, 0x73, 0xFF, 0x01, 0x87, 0xFC, 0x0E, 0x01,
    0xC0, 0x30, 0x07, 0x01, 0xC0, 0x00, 0x00, 0x00, 0x00, 0x00, 0x00, 0xE0, 0x3E, 0x07, 0x80, 0x60,
    0x00, 0x00, 0x00, 0x38, 0x07, 0x00, 0xF0, 0x1E, 0x07, 0x81, 0xE0, 0x70, 0x1E, 0x07, 0x80, 0xF0,
    0x1E, 0x01, 0xE0, 0x3F, 0x23, 0xFE, 0x1F, 0x80, 0x01, 0x00, 0x00, 0xE0, 0x00, 0x3C, 0x00, 0x07,
    0x00, 0x00, 0xC0, 0x00, 0x00, 0x00, 0x1F, 0x00, 0x07, 0xC0, 0x03, 0xF0, 0x00, 0xFC, 0x00, 0x37,
    0x80, 0x1D, 0xE0, 0x07, 0x38, 0x01, 0x8F, 0x00, 0xE3, 0xC0, 0x38, 0xF0, 0x0E, 0x1E, 0x07, 0xFF,
    0x81, 0xFF, 0xE0, 0xF0, 0x3C, 0x38, 0x0F, 0x1F, 0x07, 0xEF, 0xE3, 0xFC, 0x00, 0x30, 0x00, 0x0E,
    0x00, 0x07, 0x00, 0x03, 0x80, 0x00, 0x40, 0x00, 0x00, 0x00, 0x1F, 0x00, 0x07, 0xC0, 0x03, 0xF0,
    0x00, 0xFC, 0x00, 0x37, 0x80, 0x1D, 0xE0, 0x07, 0x38, 0x01, 0x8F, 0x00, 0xE3, 0xC0, 0x38, 0xF0,
    0x0E, 0x1E, 0x07, 0xFF, 0x81, 0xFF, 0xE0, 0xF0, 0x3C, 0x38, 0x0F, 0x1F, 0x07, 0xEF, 0xE3, 0xFC,
    0x00, 0xC0, 0x00, 0x78, 0x00, 0x3F, 0x00, 0x1C, 0xE0, 0x02, 0x18, 0x00, 0x00, 0x00, 0x1F, 0x00,
    0x07, 0xC0, 0x03, 0xF0, 0x00, 0xFC, 0x00, 0x37, 0x80, 0x1D, 0xE0, 0x07, 0x38, 0x01, 0x8F, 0x00,
    0xE3, 0xC0, 0x38, 0xF0, 0x0E, 0x1E, 0x07, 0xFF, 0x81, 0xFF, 0xE0, 0xF0, 0x3C, 0x38, 0x0F, 0x1F,
    0x07, 0xEF, 0xE3, 0xFC, 0x00, 0x00, 0x00, 0xE6, 0x00, 0x7F, 0x80, 0x1B, 0xE0, 0x00, 0x20, 0x00,
    0x00, 0x00, 0x1F, 0x00, 0x07, 0xC0, 0x03, 0xF0, 0x00, 0xFC, 0x00, 0x37, 0x80, 0x1D, 0xE0, 0x07,
    0x38, 0x01, 0x8F, 0x00, 0xE3, 0xC0, 0x38, 0xF0, 0x0E, 0x1E, 0x07, 0xFF, 0x81, 0xFF, 0xE0, 0xF0,
    0x3C, 0x38, 0x0F, 0x1F, 0x07, 0xEF, 0xE3, 0xFC, 0x00, 0x00, 0x01, 0xCE, 0x00, 0x7B, 0x80, 0x1C,
    0xE0, 0x03, 0x10, 0x00, 0x00, 0x00, 0x1F, 0x00, 0x07, 0xC0, 0x03, 0xF0, 0x00, 0xFC, 0x00, 0x37,
    0x80, 0x1D, 0xE0, 0x07, 0x38, 0x01, 0x8F, 0x00, 0xE3, 0xC0, 0x38, 0xF0, 0x0E, 0x1E, 0x07, 0xFF,
    0x81, 0xFF, 0xE0, 0xF0, 0x3C, 0x38, 0x0F, 0x1F, 0x07, 0xEF, 0xE3, 0xFC, 0x00, 0x00, 0x00, 0x7C,
    0x00, 0x3B, 0x00, 0x0C, 0xE0, 0x03, 0x38, 0x00, 0xFC, 0x00, 0x1E, 0x00, 0x00, 0x00, 0x01, 0xF0,
    0x00, 0x7C, 0x00, 0x3F, 0x00, 0x0F, 0xC0, 0x03, 0x78, 0x01, 0xDE, 0x00, 0x73, 0x80, 0x18, 0xF0,
    0x0E, 0x3C, 0x03, 0x8F, 0x00, 0xE1, 0xE0, 0x7F, 0xF8, 0x1F, 0xFE, 0x0F, 0x03, 0xC3, 0x80, 0xF1,
    0xF0, 0x7E, 0xFE, 0x3F, 0xC0, 0x00, 0x00, 0x00, 0x0F, 0xFF, 0xFC, 0x07, 0xFF, 0xFC, 0x01, 0xDE,
    0x1C, 0x03, 0x9E, 0x0C, 0x03, 0x9E, 0x00, 0x03, 0x1E, 0x20, 0x07, 0x1E, 0x30, 0x07, 0x1F, 0xF0,
    0x0E, 0x1F, 0xF0, 0x0E, 0x1E, 0x70, 0x1F, 0xFE, 0x30, 0x1F, 0xFE, 0x00, 0x1C, 0x1E, 0x06, 0x38,
    0x1E, 0x06, 0x38, 0x1E, 0x0E, 0xFC, 0x7F, 0xFE, 0xFC, 0x7F, 0xFE, 0x00, 0x00, 0x0F, 0xF8, 0x7F,
    0xF1, 0xE0, 0xE3, 0x81, 0xCF, 0x03, 0x9E, 0x00, 0x7C, 0x00, 0xF8, 0x01, 0xE0, 0x03, 0xE0, 0x07,
    0xC0, 0x0F, 0x80, 0x0F, 0x01, 0x9F, 0x03, 0x1E, 0x0E, 0x1F, 0xFC, 0x1F, 0xF8, 0x03, 0x00, 0x07,
    0x00, 0x0E, 0x00, 0x7C, 0x00, 0xF8, 0x01, 0xE0, 0x06, 0x00, 0x1C, 0x00, 0x3C, 0x00, 0x1C, 0x00,
    0x10, 0x00, 0x00, 0x1F, 0xFE, 0x3F, 0xFE, 0x3C, 0x1C, 0x78, 0x18, 0xF0, 0x01, 0xE1, 0x03, 0xC6,
    0x07, 0xFC, 0x0F, 0xF8, 0x1E, 0x30, 0x3C, 0x60, 0x78, 0x00, 0xF0, 0x11, 0xE0, 0x73, 0xC0, 0xEF,
    0xFF, 0xDF, 0xFF, 0x00, 0x00, 0x40, 0x01, 0xC0, 0x07, 0x80, 0x0E, 0x00, 0x10, 0x00, 0x00, 0x1F,
    0xFE, 0x3F, 0xFE, 0x3C, 0x1C, 0x78, 0x18, 0xF0, 0x01, 0xE1, 0x03, 0xC6, 0x07, 0xFC, 0x0F, 0xF8,
    0x1E, 0x30, 0x3C, 0x60, 0x78, 0x00, 0xF0, 0x11, 0xE0, 0x73, 0xC0, 0xEF, 0xFF, 0xDF, 0xFF, 0x00,
    0x01, 0x80, 0x07, 0x80, 0x1F, 0x80, 0x73, 0x80, 0x82, 0x00, 0x00, 0x1F, 0xFE, 0x3F, 0xFE, 0x3C,
    0x1C, 0x78, 0x18, 0xF0, 0x01, 0xE1, 0x03, 0xC6, 0x07, 0xFC, 0x0F, 0xF8, 0x1E, 0x30, 0x3C, 0x60,
    0x78, 0x00, 0xF0, 0x11, 0xE0, 0x73, 0xC0, 0xEF, 0xFF, 0xDF, 0xFF, 0x00, 0x00, 0x00, 0x1D, 0xE0,
    0x7B, 0xC0, 0x77, 0x80, 0xC6, 0x00, 0x00, 0x1F, 0xFE, 0x3F, 0xFE, 0x3C, 0x1C, 0x78, 0x18, 0xF0,
    0x01, 0xE1, 0x03, 0xC6, 0x07, 0xFC, 0x0F, 0xF8, 0x1E, 0x30, 0x3C, 0x60, 0x78, 0x00, 0xF0, 0x11,
    0xE0, 0x73, 0xC0, 0xEF, 0xFF, 0xDF, 0xFF, 0x00, 0x20, 0x38, 0x1E, 0x03, 0x80, 0x80, 0x01, 0xFE,
    0xFE, 0x1E, 0x0F, 0x07, 0x83, 0xC1, 0xE0, 0xF0, 0x78, 0x3C, 0x1E, 0x0F, 0x07, 0x83, 0xC1, 0xE3,
    0xF9, 0xFE, 0x02, 0x03, 0x83, 0xC3, 0xC0, 0x80, 0x01, 0xFE, 0xFE, 0x1E, 0x0F, 0x07, 0x83, 0xC1,
    0xE0, 0xF0, 0x78, 0x3C, 0x1E, 0x0F, 0x07, 0x83, 0xC1, 0xE3, 0xF9, 0xFE, 0x0C, 0x1F, 0x0F, 0xCE,
    0x74, 0x10, 0x01, 0xFE, 0xFE, 0x1E, 0x0F, 0x07, 0x83, 0xC1, 0xE0, 0xF0, 0x78, 0x3C, 0x1E, 0x0F,
    0x07, 0x83, 0xC1, 0xE3, 0xF9, 0xFE, 0x00, 0x3B, 0xFD, 0xFE, 0xF6, 0x30, 0x01, 0xFE, 0xFE, 0x1E,
    0x0F, 0x07, 0x83, 0xC1, 0xE0, 0xF0, 0x78, 0x3C, 0x1E, 0x0F, 0x07, 0x83, 0xC1, 0xE3, 0xF9, 0xFE,
    0x00, 0x00, 0x3F, 0xFC, 0x1F, 0xFF, 0x87, 0x83, 0xC3, 0xC0, 0xF1, 0xE0, 0x7C, 0xF0, 0x1E, 0x78,
    0x0F, 0x7F, 0x87, 0xBF, 0xC3, 0xCF, 0x01, 0xE7, 0x80, 0xF3, 0xC0, 0x71, 0xE0, 0x78, 0xF0, 0x3C,
    0x78, 0x3C, 0x7F, 0xFC, 0x3F, 0xF8, 0x00, 0x00, 0x00, 0x00, 0x00, 0x00, 0xF2, 0x00, 0x3F, 0x80,
    0x19, 0xE0, 0x00, 0x20, 0x00, 0x00, 0x07, 0xE0, 0xFD, 0xF8, 0x3F, 0x3F, 0x03, 0x0F, 0xE0, 0xC3,
    0xF8, 0x30, 0xEF, 0x0C, 0x3B, 0xE3, 0x0E, 0x78, 0xC3, 0x9F, 0x30, 0xE3, 0xEC, 0x38, 0x7B, 0x0E,
    0x1F, 0xC3, 0x83, 0xF0, 0xE0, 0x7C, 0x38, 0x1F, 0x1F, 0x83, 0xC7, 0xE0, 0x70, 0x02, 0x00, 0x03,
    0x80, 0x01, 0xE0, 0x00, 0x78, 0x00, 0x08, 0x00, 0x00, 0x00, 0x1F, 0xE0, 0x3E, 0xF8, 0x3C, 0x1E,
    0x1E, 0x0F, 0x1E, 0x03, 0xCF, 0x01, 0xE7, 0x80, 0xF7, 0xC0, 0x7B, 0xE0, 0x3D, 0xF0, 0x1E, 0x78,
    0x0F, 0x3C, 0x07, 0x9E, 0x03, 0x8F, 0x03, 0xC3, 0xC1, 0xC0, 0xFB, 0xC0, 0x3F, 0xC0, 0x00, 0x00,
    0x00, 0x20, 0x00, 0x38, 0x00, 0x3C, 0x00, 0x3C, 0x00, 0x08, 0x00, 0x00, 0x00, 0x1F, 0xE0, 0x3E,
    0xF8, 0x3C, 0x1E, 0x1E, 0x0F, 0x1E, 0x03, 0xCF, 0x01, 0xE7, 0x80, 0xF7, 0xC0, 0x7B, 0xE0, 0x3D,
    0xF0, 0x1E, 0x78, 0x0F, 0x3C, 0x07, 0x9E, 0x03, 0x8F, 0x03, 0xC3, 0xC1, 0xC0, 0xFB, 0xC0, 0x3F,
    0xC0, 0x00, 0x00, 0x01, 0x80, 0x01, 0xE0, 0x01, 0xF8, 0x01, 0xCE, 0x00, 0x41, 0x00, 0x00, 0x00,
    0x1F, 0xE0, 0x3E, 0xF8, 0x3C, 0x1E, 0x1E, 0x0F, 0x1E, 0x03, 0xCF, 0x01, 0xE7, 0x80, 0xF7, 0xC0,
    0x7B, 0xE0, 0x3D, 0xF0, 0x1E, 0x78, 0x0F, 0x3C, 0x07, 0x9E, 0x03, 0x8F, 0x03, 0xC3, 0xC1, 0xC0,
    0xFB, 0xC0, 0x3F, 0xC0, 0x00, 0x00, 0x00, 0x00, 0x03, 0xC8, 0x01, 0xFC, 0x01, 0x9E, 0x00, 0x06,
    0x00, 0x00, 0x00, 0x1F, 0xE0, 0x3E, 0xF8, 0x3C, 0x1E, 0x1E, 0x0F, 0x1E, 0x03, 0xCF, 0x01, 0xE7,
    0x80, 0xF7, 0xC0, 0x7B, 0xE0, 0x3D, 0xF0, 0x1E, 0x78, 0x0F, 0x3C, 0x07, 0x9E, 0x03, 0x8F, 0x03,
    0xC3, 0xC1, 0xC0, 0xFB, 0xC0, 0x3F, 0xC0, 0x00, 0x00, 0x00, 0x00, 0x07, 0xB8, 0x03, 0xDE, 0x01,
    0xEE, 0x00, 0x63, 0x00, 0x00, 0x00, 0x1F, 0xE0, 0x3E, 0xF8, 0x3C, 0x1E, 0x1E, 0x0F, 0x1E, 0x03,
    0xCF, 0x01, 0xE7, 0x80, 0xF7, 0xC0, 0x7B, 0xE0, 0x3D, 0xF0, 0x1E, 0x78, 0x0F, 0x3C, 0x07, 0x9E,
    0x03, 0x8F, 0x03, 0xC3, 0xC1, 0xC0, 0xFB, 0xC0, 0x3F, 0xC0, 0x00, 0x00, 0x60, 0x4F, 0x0E, 0x71,
    0xE3, 0xBC, 0x1F, 0x80, 0xF0, 0x1F, 0x03, 0xF8, 0x79, 0xEF, 0x0E, 0x60, 0x40, 0x00, 0x00, 0x00,
    0x00, 0x04, 0x00, 0x06, 0x00, 0xFF, 0x01, 0xF7, 0xC1, 0xE1, 0xF0, 0xF0, 0xF8, 0xF0, 0xDE, 0x78,
    0x4F, 0x3C, 0x67, 0xBE, 0x33, 0xDF, 0x11, 0xEF, 0x98, 0xF3, 0xC8, 0x79, 0xEC, 0x3C, 0xF6, 0x1C,
    0x7E, 0x1E, 0x1F, 0x0E, 0x07, 0xDE, 0x01, 0xFE, 0x00, 0xC0, 0x00, 0x40, 0x00, 0x00, 0x00, 0x03,
    0x00, 0x03, 0x80, 0x01, 0xE0, 0x00, 0x38, 0x00, 0x08, 0x00, 0x00, 0x03, 0xFC, 0x7F, 0xFC, 0x3F,
    0x3C, 0x06, 0x1E, 0x03, 0x0F, 0x01, 0x87, 0x80, 0xC3, 0xC0, 0x61, 0xE0, 0x30, 0xF0, 0x18, 0x78,
    0x0C, 0x3C, 0x06, 0x1E, 0x03, 0x0F, 0x01, 0x87, 0x81, 0xC1, 0xE0, 0xC0, 0xFF, 0xE0, 0x1F, 0xC0,
    0x00, 0x00, 0x00, 0x20, 0x00, 0x38, 0x00, 0x3C, 0x00, 0x1C, 0x00, 0x08, 0x00, 0x00, 0x03, 0xFC,
    0x7F, 0xFC, 0x3F, 0x3C, 0x06, 0x1E, 0x03, 0x0F, 0x01, 0x87, 0x80, 0xC3, 0xC0, 0x61, 0xE0, 0x30,
    0xF0, 0x18, 0x78, 0x0C, 0x3C, 0x06, 0x1E, 0x03, 0x0F, 0x01, 0x87, 0x81, 0xC1, 0xE0, 0xC0, 0xFF,
    0xE0, 0x1F, 0xC0, 0x00, 0x00, 0x00, 0xC0, 0x00, 0xF0, 0x00, 0xFC, 0x00, 0xE7, 0x00, 0x41, 0x00,
    0x00, 0x03, 0xFC, 0x7F, 0xFC, 0x3F, 0x3C, 0x06, 0x1E, 0x03, 0x0F, 0x01, 0x87, 0x80, 0xC3, 0xC0,
    0x61, 0xE0, 0x30, 0xF0, 0x18, 0x78, 0x0C, 0x3C, 0x06, 0x1E, 0x03, 0x0F, 0x01, 0x87, 0x81, 0xC1,
    0xE0, 0xC0, 0xFF, 0xE0, 0x1F, 0xC0, 0x00, 0x00, 0x00, 0x00, 0x03, 0xBC, 0x03, 0xDE, 0x00, 0xEF,
    0x00, 0x63, 0x00, 0x00, 0x03, 0xFC, 0x7F, 0xFC, 0x3F, 0x3C, 0x06, 0x1E, 0x03, 0x0F, 0x01, 0x87,
    0x80, 0xC3, 0xC0, 0x61, 0xE0, 0x30, 0xF0, 0x18, 0x78, 0x0C, 0x3C, 0x06, 0x1E, 0x03, 0x0F, 0x01,
    0x87, 0x81, 0xC1, 0xE0, 0xC0, 0xFF, 0xE0, 0x1F, 0xC0, 0x00, 0x00, 0x00, 0x20, 0x00, 0x38, 0x00,
    0x3C, 0x00, 0x1C, 0x00, 0x08, 0x00, 0x00, 0x03, 0xFC, 0xFE, 0xFC, 0x3E, 0x3C, 0x0E, 0x0F, 0x0E,
    0x07, 0x87, 0x01, 0xE7, 0x00, 0xF3, 0x00, 0x3D, 0x80, 0x1F, 0x80, 0x07, 0xC0, 0x03, 0xC0, 0x01,
    0xE0, 0x00, 0xF0, 0x00, 0x78, 0x00, 0x3C, 0x00, 0x7F, 0xC0, 0x3F, 0xE0, 0x00, 0x00, 0xFE, 0x01,
    0xFC, 0x01, 0xE0, 0x03, 0xFE, 0x07, 0xFF, 0x0F, 0x1F, 0x1E, 0x0F, 0x3C, 0x1E, 0x78, 0x3C, 0xF0,
    0x79, 0xE1, 0xE3, 0xE7, 0xC7, 0xFF, 0x0F, 0xA0, 0x1E, 0x00, 0x7F, 0x00, 0xFF, 0x00, 0x00, 0x00,
    0x0F, 0xE0, 0x3F, 0xE0, 0xE3, 0xC3, 0xC7, 0x87, 0x0F, 0x1E, 0x1C, 0x3C, 0x70, 0x79, 0xC0, 0xF3,
    0xC1, 0xE7, 0xC3, 0xC7, 0xC7, 0x87, 0xCF, 0x07, 0x9E, 0x0F, 0x3C, 0x1E, 0x78, 0x3D, 0xF3, 0xFB,
    0xE7, 0xE0, 0x00, 0x00, 0x00, 0x00, 0xC0, 0x0F, 0x00, 0x3C, 0x00, 0xF0, 0x03, 0x80, 0x00, 0x00,
    0x00, 0x1F, 0xC3, 0xFF, 0x1E, 0xF8, 0x01, 0xC0, 0x0E, 0x07, 0xF0, 0xFF, 0x8F, 0x1C, 0xF0, 0xE7,
    0x87, 0x3E, 0x78, 0xFF, 0xE3, 0xEF, 0x80, 0x00, 0x00, 0x00, 0x06, 0x00, 0x78, 0x07, 0x80, 0x78,
    0x03, 0x80, 0x00, 0x00, 0x00, 0x1F, 0xC3, 0xFF, 0x1E, 0xF8, 0x01, 0xC0, 0x0E, 0x07, 0xF0, 0xFF,
    0x8F, 0x1C, 0xF0, 0xE7, 0x87, 0x3E, 0x78, 0xFF, 0xE3, 0xEF, 0x80, 0x00, 0x07, 0x00, 0x7C, 0x03,
    0xE0, 0x3B, 0x83, 0x8E, 0x18, 0x20, 0x00, 0x03, 0xF8, 0x7F, 0xE3, 0xDF, 0x00, 0x38, 0x01, 0xC0,
    0xFE, 0x1F, 0xF1, 0xE3, 0x9E, 0x1C, 0xF0, 0xE7, 0xCF, 0x1F, 0xFC, 0x7D, 0xF0, 0x00, 0x00, 0x00,
    0x00, 0xF2, 0x0F, 0xF8, 0x67, 0x80, 0x18, 0x00, 0x00, 0x7F, 0x0F, 0xFC, 0x7B, 0xE0, 0x07, 0x00,
    0x38, 0x1F, 0xC3, 0xFE, 0x3C, 0x73, 0xC3, 0x9E, 0x1C, 0xF9, 0xE3, 0xFF, 0x8F, 0xBE, 0x00, 0x00,
    0x18, 0xC1, 0xEF, 0x0F, 0x78, 0x73, 0xC0, 0x00, 0x00, 0x00, 0x7F, 0x0F, 0xFC, 0x7B, 0xE0, 0x07,
    0x00, 0x38, 0x1F, 0xC3, 0xFE, 0x3C, 0x73, 0xC3, 0x9E, 0x1C, 0xF9, 0xE3, 0xFF, 0x8F, 0xBE, 0x00,
    0x00, 0x07, 0x00, 0x7C, 0x06, 0x30, 0x31, 0x81, 0xDC, 0x07, 0xC0, 0x08, 0x03, 0xF8, 0x7F, 0xE3,
    0xDF, 0x00, 0x38, 0x01, 0xC0, 0xFE, 0x1F, 0xF1, 0xE3, 0x9E, 0x1C, 0xF0, 0xE7, 0xCF, 0x1F, 0xFC,
    0x7D, 0xF0, 0x00, 0x00, 0x00, 0x00, 0x03, 0xF3, 0xF1, 0xFF, 0xFF, 0x38, 0xF8, 0xF0, 0x0F, 0x1E,
    0x01, 0xC3, 0xC3, 0xFF, 0xF9, 0xFF, 0xFF, 0x78, 0xE0, 0x1E, 0x1E, 0x03, 0xC3, 0xC0, 0x7C, 0xFC,
    0x27, 0xF7, 0xFE, 0x7C, 0x7F, 0x80, 0x00, 0x00, 0x00, 0x00, 0xFE, 0x3F, 0xE3, 0x8E, 0x78, 0xE7,
    0x86, 0x70, 0x0F, 0x00, 0xF0, 0x07, 0x80, 0x78, 0x07, 0xC2, 0x3F, 0xE1, 0xFC, 0x03, 0x00, 0x30,
    0x03, 0x80, 0xF8, 0x0F, 0x80, 0xF0, 0x00, 0x01, 0xC0, 0x1C, 0x01, 0xE0, 0x0F, 0x00, 0x70, 0x00,
    0x00, 0x00, 0x0F, 0xC3, 0xFE, 0x38, 0xF7, 0x8F, 0x70, 0xFF, 0xFF, 0xFF, 0xFF, 0x00, 0x78, 0x07,
    0x80, 0x7C, 0x23, 0xFF, 0x1F, 0xC0, 0x00, 0x00, 0x00, 0x0C, 0x01, 0xE0, 0x3C, 0x03, 0x80, 0x70,
    0x00, 0x00, 0x00, 0x0F, 0xC3, 0xFE, 0x38, 0xF7, 0x8F, 0x70, 0xFF, 0xFF, 0xFF, 0xFF, 0x00, 0x78,
    0x07, 0x80, 0x7C, 0x23, 0xFF, 0x1F, 0xC0, 0x00, 0x07, 0x00, 0x78, 0x0F, 0xC1, 0xDC, 0x38, 0xE1,
    0x06, 0x00, 0x00, 0xFC, 0x3F, 0xE3, 0x8F, 0x78, 0xF7, 0x0F, 0xFF, 0xFF, 0xFF, 0xF0, 0x07, 0x80,
    0x78, 0x07, 0xC2, 0x3F, 0xF1, 0xFC, 0x00, 0x00, 0x18, 0xC3, 0xCE, 0x3D, 0xE1, 0xCE, 0x00, 0x00,
    0x00, 0x0F, 0xC3, 0xFE, 0x38, 0xF7, 0x8F, 0x70, 0xFF, 0xFF, 0xFF, 0xFF, 0x00, 0x78, 0x07, 0x80,
    0x7C, 0x23, 0xFF, 0x1F, 0xC0, 0x00, 0x00, 0x38, 0x1E, 0x0F, 0x03, 0xC0, 0x70, 0x00, 0x00, 0x3E,
    0x1F, 0x07, 0x83, 0xC1, 0xE0, 0xF0, 0x78, 0x3C, 0x1E, 0x0F, 0x07, 0x87, 0xE3, 0xF8, 0x00, 0x03,
    0x83, 0xC1, 0xE1, 0xE1, 0xC0, 0x00, 0x00, 0x7C, 0x3E, 0x0F, 0x07, 0x83, 0xC1, 0xE0, 0xF0, 0x78,
    0x3C, 0x1E, 0x0F, 0x0F, 0xC7, 0xF0, 0x1C, 0x07, 0x83, 0xF1, 0xCC, 0x61, 0x90, 0x20, 0x00, 0xF8,
    0x3E, 0x07, 0x81, 0xE0, 0x78, 0x1E, 0x07, 0x81, 0xE0, 0x78, 0x1E, 0x07, 0x83, 0xF0, 0xFE, 0x61,
    0x9C, 0xEF, 0x39, 0xCE, 0x00, 0x00, 0x03, 0xE0, 0xF8, 0x1E, 0x07, 0x81, 0xE0, 0x78, 0x1E, 0x07,
    0x81, 0xE0, 0x78, 0x1E, 0x0F, 0xC3, 0xF8, 0x01, 0x01, 0xF8, 0x0F, 0xC0, 0x1F, 0x01, 0xFC, 0x0C,
    0xF0, 0x03, 0x80, 0x1E, 0x0F, 0xF1, 0xFF, 0xCE, 0x1E, 0xF0, 0xF7, 0x87, 0xBC, 0x3F, 0xC1, 0xFF,
    0x0F, 0x78, 0x7B, 0xC3, 0x9E, 0x3C, 0x7F, 0xC1, 0xFC, 0x00, 0x00, 0x00, 0x00, 0x07, 0x30, 0x0F,
    0xF0, 0x0D, 0xF0, 0x00, 0x40, 0x00, 0x00, 0x79, 0xF8, 0x7F, 0xF8, 0x3E, 0x7C, 0x3C, 0x3C, 0x3C,
    0x3C, 0x3C, 0x3C, 0x3C, 0x3C, 0x3C, 0x3C, 0x3C, 0x3C, 0x3C, 0x3C, 0x3C, 0x3C, 0x7E, 0x7E, 0x7E,
    0x7E, 0x00, 0x00, 0x70, 0x01, 0xE0, 0x07, 0x80, 0x0F, 0x00, 0x0E, 0x00, 0x00, 0x00, 0x00, 0x0F,
    0xC0, 0xFF, 0x83, 0x8F, 0x1E, 0x1E, 0x78, 0x7B, 0xC1, 0xEF, 0x07, 0xBC, 0x1E, 0x78, 0x79, 0xE1,
    0xE7, 0x87, 0x0F, 0xF8, 0x1F, 0xC0, 0x00, 0x00, 0x00, 0x00, 0x03, 0x00, 0x1E, 0x00, 0x78, 0x03,
    0x80, 0x1C, 0x00, 0x00, 0x00, 0x00, 0x0F, 0xC0, 0xFF, 0x83, 0x8F, 0x1E, 0x1E, 0x78, 0x7B, 0xC1,
    0xEF, 0x07, 0xBC, 0x1E, 0x78, 0x79, 0xE1, 0xE7, 0x87, 0x0F, 0xF8, 0x1F, 0xC0, 0x00, 0x00, 0x07,
    0x00, 0x1E, 0x00, 0xFC, 0x07, 0x30, 0x18, 0xE0, 0x41, 0x80, 0x00, 0x03, 0xF0, 0x3F, 0xE0, 0xE3,
    0xC7, 0x87, 0x9E, 0x1E, 0xF0, 0x7B, 0xC1, 0xEF, 0x07, 0x9E, 0x1E, 0x78, 0x79, 0xE1, 0xC3, 0xFE,
    0x07, 0xF0, 0x00, 0x00, 0x00, 0x00, 0x39, 0x81, 0xFE, 0x06, 0xF0, 0x01, 0x80, 0x00, 0x00, 0xFC,
    0x0F, 0xF8, 0x38, 0xF1, 0xE1, 0xE7, 0x87, 0xBC, 0x1E, 0xF0, 0x7B, 0xC1, 0xE7, 0x87, 0x9E, 0x1E,
    0x78, 0x70, 0xFF, 0x81, 0xFC, 0x00, 0x00, 0x18, 0x40, 0x73, 0x83, 0xCE, 0x07, 0x38, 0x00, 0x00,
    0x00, 0x00, 0xFC, 0x0F, 0xF8, 0x38, 0xF1, 0xE1, 0xE7, 0x87, 0xBC, 0x1E, 0xF0, 0x7B, 0xC1, 0xE7,
    0x87, 0x9E, 0x1E, 0x78, 0x70, 0xFF, 0x81, 0xFC, 0x00, 0x00, 0x0E, 0x01, 0xE0, 0x3C, 0x02, 0x00,
    0x00, 0xFF, 0xFF, 0xFF, 0xFF, 0x00, 0x00, 0x00, 0x38, 0x07, 0x80, 0xE0, 0x00, 0x00, 0x00, 0x20,
    0x01, 0x80, 0xFE, 0x0F, 0xFC, 0x38, 0xF1, 0xE3, 0xE7, 0x9F, 0xBC, 0x5E, 0xF3, 0x7B, 0xC9, 0xE7,
    0xE7, 0x9F, 0x1E, 0x7C, 0x70, 0xFF, 0x81, 0xFC, 0x04, 0x00, 0x10, 0x00, 0x00, 0x00, 0x30, 0x01,
    0xE0, 0x03, 0xC0, 0x07, 0x00, 0x0E, 0x00, 0x00, 0x00, 0x00, 0xF8, 0xFB, 0xE3, 0xE7, 0x87, 0x9E,
    0x1E, 0x78, 0x79, 0xE1, 0xE7, 0x87, 0x9E, 0x1E, 0x38, 0x78, 0xE1, 0xE3, 0xC7, 0x8F, 0xFF, 0x1F,
    0xBC, 0x00, 0x00, 0x00, 0x00, 0x03, 0x80, 0x0E, 0x00, 0x78, 0x03, 0xC0, 0x1C, 0x00, 0x00, 0x00,
    0x00, 0xF8, 0xFB, 0xE3, 0xE7, 0x87, 0x9E, 0x1E, 0x78, 0x79, 0xE1, 0xE7, 0x87, 0x9E, 0x1E, 0x38,
    0x78, 0xE1, 0xE3, 0xC7, 0x8F, 0xFF, 0x1F, 0xBC, 0x00, 0x00, 0x03, 0x00, 0x1E, 0x00, 0xFC, 0x07,
    0x38, 0x18, 0x60, 0x40, 0x80, 0x00, 0x3E, 0x3E, 0xF8, 0xF9, 0xE1, 0xE7, 0x87, 0x9E, 0x1E, 0x78,
    0x79, 0xE1, 0xE7, 0x87, 0x8E, 0x1E, 0x38, 0x78, 0xF1, 0xE3, 0xFF, 0xC7, 0xEF, 0x00, 0x00, 0x08,
    0x60, 0x73, 0x81, 0xCF, 0x07, 0x38, 0x00, 0x00, 0x00, 0x0F, 0x8F, 0xBE, 0x3E, 0x78, 0x79, 0xE1,
    0xE7, 0x87, 0x9E, 0x1E, 0x78, 0x79, 0xE1, 0xE3, 0x87, 0x8E, 0x1E, 0x3C, 0x78, 0xFF, 0xF1, 0xFB,
    0xC0, 0x00, 0x00, 0x00, 0x03, 0x80, 0x1E, 0x00, 0x78, 0x03, 0xC0, 0x1C, 0x00, 0x00, 0x00, 0x00,
    0xFC, 0xFF, 0xF1, 0xF7, 0x83, 0x9E, 0x1C, 0x3C, 0x70, 0xF1, 0xC1, 0xCE, 0x07, 0xB8, 0x1E, 0xE0,
    0x3B, 0x00, 0xFC, 0x01, 0xE0, 0x07, 0x80, 0x0E, 0x00, 0x30, 0x01, 0xC0, 0x3E, 0x00, 0xF8, 0x03,
    0x80, 0x00, 0xF8, 0x03, 0xE0, 0x07, 0x80, 0x1E, 0x00, 0x78, 0x01, 0xE0, 0x07, 0xBE, 0x1F, 0xFC,
    0x7C, 0xF9, 0xE1, 0xE7, 0x87, 0x9E, 0x0F, 0x78, 0x3D, 0xE0, 0xE7, 0x87, 0x9E, 0x1E, 0x78, 0x71,
    0xF7, 0xC7, 0xFC, 0x1E, 0x00, 0x78, 0x01, 0xE0, 0x07, 0x80, 0x3F, 0x80, 0xFE, 0x00, 0x18, 0x40,
    0x73, 0x83, 0xCE, 0x07, 0x38, 0x00, 0x00, 0x00, 0x0F, 0xCF, 0xFF, 0x1F, 0x78, 0x39, 0xE1, 0xC3,
    0xC7, 0x0F, 0x1C, 0x1C, 0xE0, 0x7B, 0x81, 0xEE, 0x03, 0xB0, 0x0F, 0xC0, 0x1E, 0x00, 0x78, 0x00,
    0xE0, 0x03, 0x00, 0x1C, 0x03, 0xE0, 0x0F, 0x80, 0x38, 0x00, 0x07, 0xF8, 0x01, 0xFE, 0x00, 0x00,
    0x00, 0x00, 0x00, 0x01, 0xF0, 0x00, 0x7C, 0x00, 0x3F, 0x00, 0x0F, 0xC0, 0x03, 0x78, 0x01, 0xDE,
    0x00, 0x73, 0x80, 0x18, 0xF0, 0x0E, 0x3C, 0x03, 0x8F, 0x00, 0xE1, 0xE0, 0x7F, 0xF8, 0x1F, 0xFE,
    0x0F, 0x03, 0xC3, 0x80, 0xF1, 0xF0, 0x7E, 0xFE, 0x3F, 0xC0, 0x00, 0x00, 0xFE, 0x07, 0xF0, 0x00,
    0x00, 0x00, 0x0F, 0xE1, 0xFF, 0x8F, 0x7C, 0x00, 0xE0, 0x07, 0x03, 0xF8, 0x7F, 0xC7, 0x8E, 0x78,
    0x73, 0xC3, 0x9F, 0x3C, 0x7F, 0xF1, 0xF7, 0xC0, 0x00, 0x00, 0x00, 0x01, 0xC6, 0x00, 0x7F, 0x80,
    0x0F, 0xC0, 0x00, 0xE0, 0x00, 0x00, 0x00, 0x1F, 0x00, 0x07, 0xC0, 0x03, 0xF0, 0x00, 0xFC, 0x00,
    0x37, 0x80, 0x1D, 0xE0, 0x07, 0x38, 0x01, 0x8F, 0x00, 0xE3, 0xC0, 0x38, 0xF0, 0x0E, 0x1E, 0x07,
    0xFF, 0x81, 0xFF, 0xE0, 0xF0, 0x3C, 0x38, 0x0F, 0x1F, 0x07, 0xEF, 0xE3, 0xFC, 0x30, 0x61, 0xC7,
    0x07, 0xF0, 0x3F, 0x00, 0x00, 0x00, 0x00, 0x7F, 0x0F, 0xFC, 0x7B, 0xE0, 0x07, 0x00, 0x38, 0x1F,
    0xC3, 0xFE, 0x3C, 0x73, 0xC3, 0x9E, 0x1C, 0xF9, 0xE3, 0xFF, 0x8F, 0xBE, 0x00, 0x00, 0x00, 0x00,
    0x00, 0x7C, 0x00, 0x1F, 0x00, 0x0F, 0xC0, 0x03, 0xF0, 0x00, 0xDE, 0x00, 0x77, 0x80, 0x1C, 0xE0,
    0x06, 0x3C, 0x03, 0x8F, 0x00, 0xE3, 0xC0, 0x38, 0x78, 0x1F, 0xFE, 0x07, 0xFF, 0x83, 0xC0, 0xF0,
    0xE0, 0x3C, 0x7C, 0x1F, 0xBF, 0x8F, 0xF0, 0x00, 0x70, 0x00, 0x38, 0x00, 0x0E, 0x00, 0x07, 0x80,
    0x00, 0xFC, 0x00, 0x1E, 0x00, 0x00, 0xFE, 0x1F, 0xF8, 0xF7, 0xC0, 0x0E, 0x00, 0x70, 0x3F, 0x87,
    0xFC, 0x78, 0xE7, 0x87, 0x3C, 0x39, 0xF3, 0xC7, 0xFF, 0x1F, 0x7C, 0x03, 0x80, 0x38, 0x03, 0x80,
    0x1E, 0x80, 0xFC, 0x03, 0xC0, 0x00, 0x20, 0x00, 0xE0, 0x03, 0xC0, 0x07, 0x00, 0x08, 0x00, 0x00,
    0x01, 0xFF, 0x0F, 0xFE, 0x3C, 0x1C, 0x70, 0x39, 0xE0, 0x73, 0xC0, 0x0F, 0x80, 0x1F, 0x00, 0x3C,
    0x00, 0x7C, 0x00, 0xF8, 0x01, 0xF0, 0x01, 0xE0, 0x33, 0xE0, 0x63, 0xC1, 0xC3, 0xFF, 0x83, 0xFF,
    0x00, 0x00, 0x00, 0x00, 0x0E, 0x01, 0xE0, 0x1E, 0x03, 0xC0, 0x70, 0x00, 0x00, 0x00, 0x0F, 0xE3,
    0xFE, 0x38, 0xE7, 0x8E, 0x78, 0x67, 0x00, 0xF0, 0x0F, 0x00, 0x78, 0x07, 0x80, 0x7C, 0x23, 0xFE,
    0x1F, 0xC0, 0x00, 0x00, 0xC0, 0x03, 0xC0, 0x0F, 0xC0, 0x39, 0xC0, 0x41, 0x00, 0x00, 0x01, 0xFF,
    0x0F, 0xFE, 0x3C, 0x1C, 0x70, 0x39, 0xE0, 0x73, 0xC0, 0x0F, 0x80, 0x1F, 0x00, 0x3C, 0x00, 0x7C,
    0x00, 0xF8, 0x01, 0xF0, 0x01, 0xE0, 0x33, 0xE0, 0x63, 0xC1, 0xC3, 0xFF, 0x83, 0xFF, 0x00, 0x00,
    0x07, 0x00, 0x78, 0x0F, 0xC1, 0xCC, 0x18, 0x61, 0x02, 0x00, 0x00, 0xFE, 0x3F, 0xE3, 0x8E, 0x78,
    0xE7, 0x86, 0x70, 0x0F, 0x00, 0xF0, 0x07, 0x80, 0x78, 0x07, 0xC2, 0x3F, 0xE1, 0xFC, 0x00, 0x00,
    0x00, 0x00, 0x03, 0xC0, 0x0F, 0x80, 0x0F, 0x00, 0x0C, 0x00, 0x00, 0x01, 0xFF, 0x0F, 0xFE, 0x3C,
    0x1C, 0x70, 0x39, 0xE0, 0x73, 0xC0, 0x0F, 0x80, 0x1F, 0x00, 0x3C, 0x00, 0x7C, 0x00, 0xF8, 0x01,
    0xF0, 0x01, 0xE0, 0x33, 0xE0, 0x63, 0xC1, 0xC3, 0xFF, 0x83, 0xFF, 0x00, 0x00, 0x03, 0x00, 0x78,
    0x07, 0x80, 0x78, 0x00, 0x00, 0x00, 0x0F, 0xE3, 0xFE, 0x38, 0xE7, 0x8E, 0x78, 0x67, 0x00, 0xF0,
    0x0F, 0x00, 0x78, 0x07, 0x80, 0x7C, 0x23, 0xFE, 0x1F, 0xC0, 0x00, 0x00, 0x00, 0x0C, 0x70, 0x1F,
    0xC0, 0x1F, 0x00, 0x1C, 0x00, 0x00, 0x01, 0xFF, 0x0F, 0xFE, 0x3C, 0x1C, 0x70, 0x39, 0xE0, 0x73,
    0xC0, 0x0F, 0x80, 0x1F, 0x00, 0x3C, 0x00, 0x7C, 0x00, 0xF8, 0x01, 0xF0, 0x01, 0xE0, 0x33, 0xE0,
    0x63, 0xC1, 0xC3, 0xFF, 0x83, 0xFF, 0x00, 0x00, 0x00, 0x01, 0x86, 0x1C, 0xE0, 0xFC, 0x0F, 0x80,
    0x78, 0x03, 0x00, 0x00, 0x0F, 0xE3, 0xFE, 0x38, 0xE7, 0x8E, 0x78, 0x67, 0x00, 0xF0, 0x0F, 0x00,
    0x78, 0x07, 0x80, 0x7C, 0x23, 0xFE, 0x1F, 0xC0, 0x00, 0x00, 0x00, 0x03, 0x9C, 0x00, 0xFC, 0x00,
    0x7C, 0x00, 0x1C, 0x00, 0x00, 0x01, 0xFF, 0xE0, 0xFF, 0xFC, 0x3C, 0x1E, 0x1E, 0x07, 0x8F, 0x03,
    0xE7, 0x80, 0xF3, 0xC0, 0x79, 0xE0, 0x3C, 0xF0, 0x1E, 0x78, 0x0F, 0x3C, 0x07, 0x9E, 0x03, 0x8F,
    0x03, 0xC7, 0x81, 0xE3, 0xC1, 0xE3, 0xFF, 0xE1, 0xFF, 0xC0, 0x00, 0x00, 0x01, 0xF3, 0x80, 0xFD,
    0xC0, 0x1E, 0xE0, 0x0F, 0x70, 0x07, 0xB8, 0x03, 0xD8, 0x3F, 0xE0, 0x3F, 0xF0, 0x38, 0x78, 0x3C,
    0x3C, 0x1E, 0x1E, 0x0E, 0x0F, 0x0F, 0x07, 0x87, 0x83, 0xC1, 0xE1, 0xE0, 0xF0, 0xF0, 0x78, 0x78,
    0x1F, 0xFC, 0x07, 0xFF, 0x00, 0x00, 0x00, 0x00, 0x00, 0x3F, 0xFC, 0x1F, 0xFF, 0x87, 0x83, 0xC3,
    0xC0, 0xF1, 0xE0, 0x7C, 0xF0, 0x1E, 0x78, 0x0F, 0x7F, 0x87, 0xBF, 0xC3, 0xCF, 0x01, 0xE7, 0x80,
    0xF3, 0xC0, 0x71, 0xE0, 0x78, 0xF0, 0x3C, 0x78, 0x3C, 0x7F, 0xFC, 0x3F, 0xF8, 0x00, 0x00, 0x00,
    0x01, 0xF0, 0x07, 0xE0, 0x07, 0x80, 0xFF, 0x03, 0xFC, 0x01, 0xE0, 0xFF, 0x87, 0xFE, 0x38, 0x79,
    0xE1, 0xE7, 0x87, 0x9C, 0x1E, 0xF0, 0x7B, 0xC1, 0xE7, 0x87, 0x9E, 0x1E, 0x78, 0x78, 0xFF, 0xE1,
    0xFF, 0xC0, 0x00, 0x0F, 0xE0, 0x1F, 0xC0, 0x00, 0x00, 0x00, 0x07, 0xFF, 0x8F, 0xFF, 0x8F, 0x07,
    0x1E, 0x06, 0x3C, 0x00, 0x78, 0x40, 0xF1, 0x81, 0xFF, 0x03, 0xFE, 0x07, 0x8C, 0x0F, 0x18, 0x1E,
    0x00, 0x3C, 0x04, 0x78, 0x1C, 0xF0, 0x3B, 0xFF, 0xF7, 0xFF, 0xC0, 0x00, 0x01, 0xFE, 0x1F, 0xE0,
    0x00, 0x00, 0x00, 0xFC, 0x3F, 0xE3, 0x8F, 0x78, 0xF7, 0x0F, 0xFF, 0xFF, 0xFF, 0xF0, 0x07, 0x80,
    0x78, 0x07, 0xC2, 0x3F, 0xF1, 0xFC, 0x00, 0x00, 0x00, 0x00, 0x18, 0xE0, 0x3F, 0x80, 0x3F, 0x00,
    0x38, 0x00, 0x00, 0x1F, 0xFE, 0x3F, 0xFE, 0x3C, 0x1C, 0x78, 0x18, 0xF0, 0x01, 0xE1, 0x03, 0xC6,
    0x07, 0xFC, 0x0F, 0xF8, 0x1E, 0x30, 0x3C, 0x60, 0x78, 0x00, 0xF0, 0x11, 0xE0, 0x73, 0xC0, 0xEF,
    0xFF, 0xDF, 0xFF, 0x00, 0x38, 0x61, 0x8E, 0x1F, 0xE0, 0xFC, 0x00, 0x00, 0x00, 0x0F, 0xC3, 0xFE,
    0x38, 0xF7, 0x8F, 0x70, 0xFF, 0xFF, 0xFF, 0xFF, 0x00, 0x78, 0x07, 0x80, 0x7C, 0x23, 0xFF, 0x1F,
    0xC0, 0x00, 0x00, 0x00, 0x07, 0x80, 0x1F, 0x00, 0x1E, 0x00, 0x18, 0x00, 0x00, 0x1F, 0xFE, 0x3F,
    0xFE, 0x3C, 0x1C, 0x78, 0x18, 0xF0, 0x01, 0xE1, 0x03, 0xC6, 0x07, 0xFC, 0x0F, 0xF8, 0x1E, 0x30,
    0x3C, 0x60, 0x78, 0x00, 0xF0, 0x11, 0xE0, 0x73, 0xC0, 0xEF, 0xFF, 0xDF, 0xFF, 0x00, 0x03, 0x00,
    0x78, 0x07, 0x80, 0x70, 0x00, 0x00, 0x00, 0x0F, 0xC3, 0xFE, 0x38, 0xF7, 0x8F, 0x70, 0xFF, 0xFF,
    0xFF, 0xFF, 0x00, 0x78, 0x07, 0x80, 0x7C, 0x23, 0xFF, 0x1F, 0xC0, 0x00, 0x00, 0x00, 0xFF, 0xF1,
    0xFF, 0xF1, 0xE0, 0xE3, 0xC0, 0xC7, 0x80, 0x0F, 0x08, 0x1E, 0x30, 0x3F, 0xE0, 0x7F, 0xC0, 0xF1,
    0x81, 0xE3, 0x03, 0xC0, 0x07, 0x80, 0x8F, 0x03, 0x9E, 0x07, 0x7F, 0xFE, 0xFF, 0xF8, 0x01, 0xC0,
    0x07, 0x00, 0x0E, 0x00, 0x3D, 0x00, 0x3F, 0x00, 0x3C, 0x00, 0x00, 0xFC, 0x3F, 0xE3, 0x8F, 0x78,
    0xF7, 0x0F, 0xFF, 0xFF, 0xFF, 0xF0, 0x07, 0x80, 0x78, 0x07, 0xC2, 0x3F, 0xF1, 0xFC, 0x03, 0x80,
    0x70, 0x07, 0x00, 0xF0, 0x07, 0xE0, 0x3C, 0x00, 0x00, 0x18, 0xE0, 0x3F, 0x80, 0x3E, 0x00, 0x38,
    0x00, 0x00, 0x1F, 0xFE, 0x3F, 0xFE, 0x3C, 0x1C, 0x78, 0x18, 0xF0, 0x01, 0xE1, 0x03, 0xC6, 0x07,
    0xFC, 0x0F, 0xF8, 0x1E, 0x30, 0x3C, 0x60, 0x78, 0x00, 0xF0, 0x11, 0xE0, 0x73, 0xC0, 0xEF, 0xFF,
    0xDF, 0xFF, 0x00, 0x00, 0x03, 0x86, 0x1C, 0xE1, 0xDC, 0x0F, 0x80, 0x78, 0x02, 0x00, 0x00, 0x0F,
    0xC3, 0xFE, 0x38, 0xF7, 0x8F, 0x70, 0xFF, 0xFF, 0xFF, 0xFF, 0x00, 0x78, 0x07, 0x80, 0x7C, 0x23,
    0xFF, 0x1F, 0xC0, 0x00, 0x00, 0xC0, 0x00, 0xF0, 0x00, 0xFC, 0x00, 0xE7, 0x00, 0x61, 0x00, 0x00,
    0x00, 0x1F, 0xF8, 0x3F, 0x7C, 0x3C, 0x0E, 0x1E, 0x07, 0x1E, 0x03, 0x8F, 0x00, 0x07, 0x80, 0x07,
    0xC0, 0x03, 0xE1, 0xFF, 0xF0, 0xFF, 0xF8, 0x0F, 0x3C, 0x07, 0x9E, 0x03, 0xC7, 0x81, 0xE3, 0xE0,
    0xF0, 0xFD, 0xF8, 0x1F, 0xF0, 0x00, 0x00, 0x07, 0x00, 0x1E, 0x00, 0xFC, 0x07, 0x70, 0x18, 0xE0,
    0x41, 0x80, 0x00, 0x07, 0xFF, 0x3F, 0xFD, 0xE3, 0xF7, 0x8F, 0x1E, 0x3C, 0x78, 0xF1, 0xE3, 0x83,
    0xFE, 0x07, 0xE0, 0x30, 0x01, 0xE0, 0x03, 0xFF, 0x8F, 0xFE, 0x70, 0x7D, 0xC0, 0xFF, 0x03, 0xDC,
    0x1E, 0x7F, 0xF0, 0xFF, 0x80, 0x00, 0x00, 0x00, 0x00, 0x03, 0x1C, 0x01, 0xFC, 0x00, 0x7E, 0x00,
    0x1C, 0x00, 0x00, 0x00, 0x1F, 0xF8, 0x3F, 0x7C, 0x3C, 0x0E, 0x1E, 0x07, 0x1E, 0x03, 0x8F, 0x00,
    0x07, 0x80, 0x07, 0xC0, 0x03, 0xE1, 0xFF, 0xF0, 0xFF, 0xF8, 0x0F, 0x3C, 0x07, 0x9E, 0x03, 0xC7,
    0x81, 0xE3, 0xE0, 0xF0, 0xFD, 0xF8, 0x1F, 0xF0, 0x00, 0x00, 0x18, 0x60, 0x63, 0x81, 0xFE, 0x03,
    0xF0, 0x00, 0x00, 0x00, 0x01, 0xFF, 0xCF, 0xFF, 0x78, 0xFD, 0xE3, 0xC7, 0x8F, 0x1E, 0x3C, 0x78,
    0xE0, 0xFF, 0x81, 0xF8, 0x0C, 0x00, 0x78, 0x00, 0xFF, 0xE3, 0xFF, 0x9C, 0x1F, 0x70, 0x3F, 0xC0,
    0xF7, 0x07, 0x9F, 0xFC, 0x3F, 0xE0, 0x00, 0x00, 0x00, 0x00, 0x00, 0xF0, 0x00, 0x78, 0x00, 0x3C,
    0x00, 0x0C, 0x00, 0x00, 0x00, 0x1F, 0xF8, 0x3F, 0x7C, 0x3C, 0x0E, 0x1E, 0x07, 0x1E, 0x03, 0x8F,
    0x00, 0x07, 0x80, 0x07, 0xC0, 0x03, 0xE1, 0xFF, 0xF0, 0xFF, 0xF8, 0x0F, 0x3C, 0x07, 0x9E, 0x03,
    0xC7, 0x81, 0xE3, 0xE0, 0xF0, 0xFD, 0xF8, 0x1F, 0xF0, 0x00, 0x00, 0x03, 0x00, 0x1E, 0x00, 0x78,
    0x01, 0xC0, 0x00, 0x00, 0x00, 0x01, 0xFF, 0xCF, 0xFF, 0x78, 0xFD, 0xE3, 0xC7, 0x8F, 0x1E, 0x3C,
    0x78, 0xE0, 0xFF, 0x81, 0xF8, 0x0C, 0x00, 0x78, 0x00, 0xFF, 0xE3, 0xFF, 0x9C, 0x1F, 0x70, 0x3F,
    0xC0, 0xF7, 0x07, 0x9F, 0xFC, 0x3F, 0xE0, 0x00, 0x00, 0x00, 0x00, 0x03, 0xFF, 0x07, 0xEF, 0x87,
    0x81, 0xC3, 0xC0, 0xE3, 0xC0, 0x71, 0xE0, 0x00, 0xF0, 0x00, 0xF8, 0x00, 0x7C, 0x3F, 0xFE, 0x1F,
    0xFF, 0x01, 0xE7, 0x80, 0xF3, 0xC0, 0x78, 0xF0, 0x3C, 0x7C, 0x1E, 0x1F, 0xBF, 0x03, 0xFE, 0x00,
    0x00, 0x00, 0x38, 0x00, 0x1E, 0x00, 0x0F, 0x00, 0x03, 0x00, 0x03, 0x80, 0x00, 0x00, 0x00, 0x03,
    0x00, 0x0C, 0x00, 0x70, 0x01, 0xE0, 0x07, 0x80, 0x08, 0x00, 0x00, 0x07, 0xFF, 0x3F, 0xFD, 0xE3,
    0xF7, 0x8F, 0x1E, 0x3C, 0x78, 0xF1, 0xE3, 0x83, 0xFE, 0x07, 0xE0, 0x30, 0x01, 0xE0, 0x03, 0xFF,
    0x8F, 0xFE, 0x70, 0x7D, 0xC0, 0xFF, 0x03, 0xDC, 0x1E, 0x7F, 0xF0, 0xFF, 0x80, 0x00, 0x00, 0x00,
    0xC0, 0x00, 0x3E, 0x00, 0x0F, 0xE0, 0x01, 0x9C, 0x00, 0x20, 0x80, 0x00, 0x00, 0x1F, 0xC7, 0xF3,
    0xF8, 0xFE, 0x3C, 0x07, 0x87, 0x80, 0xF0, 0xF0, 0x1E, 0x1E, 0x03, 0xC3, 0xC0, 0x78, 0x7F, 0xFF,
    0x0F, 0xFF, 0xE1, 0xE0, 0x3C, 0x3C, 0x07, 0x87, 0x80, 0xF0, 0xF0, 0x1E, 0x1E, 0x03, 0xC3, 0xC0,
    0x78, 0xFE, 0x3F, 0x9F, 0xC7, 0xF0, 0x18, 0x00, 0x3E, 0x00, 0x7E, 0x00, 0xE7, 0x00, 0x41, 0x00,
    0x3C, 0x00, 0x7E, 0x00, 0x1E, 0x00, 0x1E, 0x00, 0x1E, 0x00, 0x1E, 0x00, 0x1E, 0xF8, 0x1F, 0xFC,
    0x1F, 0x3C, 0x1E, 0x1E, 0x1E, 0x1E, 0x1E, 0x1E, 0x1E, 0x1E, 0x1E, 0x1E, 0x1E, 0x1E, 0x1E, 0x1E,
    0x1E, 0x1E, 0x3F, 0x3F, 0x3F, 0x3F, 0x00, 0x00, 0x3F, 0x8F, 0xEF, 0xE3, 0xF9, 0xE0, 0x3C, 0x78,
    0x0F, 0x3F, 0xFF, 0xEF, 0xFF, 0xF9, 0xE0, 0x3C, 0x78, 0x0F, 0x1F, 0xFF, 0xC7, 0xFF, 0xF1, 0xFF,
    0xFC, 0x78, 0x0F, 0x1E, 0x03, 0xC7, 0x80, 0xF1, 0xE0, 0x3C, 0xFE, 0x3F, 0xBF, 0x8F, 0xE0, 0x78,
    0x01, 0xF8, 0x00, 0xF0, 0x03, 0xFC, 0x0F, 0xF8, 0x07, 0x80, 0x0F, 0x7C, 0x1F, 0xFC, 0x3E, 0x78,
    0x78, 0x78, 0xF0, 0xF1, 0xE1, 0xE3, 0xC3, 0xC7, 0x87, 0x8F, 0x0F, 0x1E, 0x1E, 0x3C, 0x3C, 0xFC,
    0xFD, 0xF9, 0xF8, 0x00, 0x3C, 0x9F, 0xE9, 0xE0, 0x60, 0x01, 0xFE, 0xFE, 0x1E, 0x0F, 0x07, 0x83,
    0xC1, 0xE0, 0xF0, 0x78, 0x3C, 0x1E, 0x0F, 0x07, 0x83, 0xC1, 0xE3, 0xF9, 0xFE, 0x00, 0x0E, 0x67,
    0xF9, 0xBC, 0x02, 0x00, 0x03, 0xE0, 0xF8, 0x1E, 0x07, 0x81, 0xE0, 0x78, 0x1E, 0x07, 0x81, 0xE0,
    0x78, 0x1E, 0x0F, 0xC3, 0xF8, 0x7F, 0x3F, 0x80, 0x00, 0x07, 0xFB, 0xF8, 0x78, 0x3C, 0x1E, 0x0F,
    0x07, 0x83, 0xC1, 0xE0, 0xF0, 0x78, 0x3C, 0x1E, 0x0F, 0x07, 0x8F, 0xE7, 0xF8, 0x00, 0xFF, 0xFF,
    0x00, 0x00, 0x7C, 0x7C, 0x3C, 0x3C, 0x3C, 0x3C, 0x3C, 0x3C, 0x3C, 0x3C, 0x3C, 0x7E, 0x7F, 0x00,
    0x31, 0xDF, 0xCF, 0xE1, 0xC0, 0x01, 0xFE, 0xFE, 0x1E, 0x0F, 0x07, 0x83, 0xC1, 0xE0, 0xF0, 0x78,
    0x3C, 0x1E, 0x0F, 0x07, 0x83, 0xC1, 0xE3, 0xF9, 0xFE, 0xC3, 0xC3, 0xFF, 0x7E, 0x18, 0x00, 0x7C,
    0x7C, 0x3C, 0x3C, 0x3C, 0x3C, 0x3C, 0x3C, 0x3C, 0x3C, 0x3C, 0x7E, 0x7F, 0x00, 0x3F, 0xDF, 0xC3,
    0xC1, 0xE0, 0xF0, 0x78, 0x3C, 0x1E, 0x0F, 0x07, 0x83, 0xC1, 0xE0, 0xF0, 0x78, 0x3C, 0x7F, 0x3F,
    0xC3, 0x83, 0x83, 0x81, 0xE8, 0xFC, 0x3C, 0x18, 0x3C, 0x3C, 0x3C, 0x00, 0x00, 0x7C, 0x7C, 0x3C,
    0x3C, 0x3C, 0x3C, 0x3C, 0x3C, 0x3C, 0x3C, 0x3C, 0x7E, 0x7F, 0x1C, 0x38, 0x70, 0x7A, 0x7E, 0x3C,
    0x00, 0x0E, 0x0F, 0x83, 0xC0, 0x80, 0x01, 0xFE, 0xFE, 0x1E, 0x0F, 0x07, 0x83, 0xC1, 0xE0, 0xF0,
    0x78, 0x3C, 0x1E, 0x0F, 0x07, 0x83, 0xC1, 0xE3, 0xF9, 0xFE, 0x00, 0x7C, 0x7C, 0x3C, 0x3C, 0x3C,
    0x3C, 0x3C, 0x3C, 0x3C, 0x3C, 0x3C, 0x7E, 0x7F, 0x00, 0x00, 0x1F, 0xEF, 0xE7, 0xF3, 0xF8, 0x78,
    0x38, 0x1E, 0x0E, 0x07, 0x83, 0x81, 0xE0, 0xE0, 0x78, 0x38, 0x1E, 0x0E, 0x07, 0x83, 0x81, 0xE0,
    0xE0, 0x78, 0x38, 0x1E, 0x0E, 0x07, 0x83, 0x81, 0xE0, 0xE0, 0x78, 0x38, 0x7F, 0x1E, 0x1F, 0xE7,
    0x80, 0x01, 0xE0, 0x00, 0xF0, 0x00, 0x7C, 0x00, 0x1C, 0x00, 0x00, 0x00, 0x18, 0x30, 0xF1, 0xE3,
    0xC7, 0x8F, 0x1E, 0x00, 0x00, 0x00, 0x07, 0xCF, 0x9F, 0x3E, 0x3C, 0x78, 0xF0, 0xE3, 0xC3, 0x8F,
    0x0E, 0x3C, 0x38, 0xF0, 0xE3, 0xC3, 0x8F, 0x0E, 0x3C, 0x39, 0xF8, 0xE7, 0xF3, 0x80, 0x0E, 0x00,
    0x78, 0x01, 0xE0, 0x0F, 0x00, 0x78, 0x01, 0xC0, 0x06, 0x03, 0xC1, 0xF8, 0xE7, 0x20, 0x80, 0x03,
    0xF8, 0xFE, 0x0F, 0x03, 0xC0, 0xF0, 0x3C, 0x0F, 0x03, 0xC0, 0xF0, 0x3C, 0x0F, 0x03, 0xC0, 0xF0,
    0x3C, 0x0E, 0x03, 0x81, 0xE0, 0x78, 0x3C, 0x1F, 0x07, 0x00, 0x00, 0x1C, 0x07, 0x83, 0xF1, 0xCC,
    0x61, 0x90, 0x20, 0x00, 0xF8, 0x3E, 0x07, 0x81, 0xE0, 0x78, 0x1E, 0x07, 0x81, 0xE0, 0x78, 0x1E,
    0x07, 0x81, 0xE0, 0x78, 0x1E, 0x07, 0x81, 0xE0, 0xF0, 0x78, 0x1C, 0x00, 0x00, 0x00, 0x1F, 0xCF,
    0xE7, 0xF3, 0xF0, 0xF0, 0x70, 0x3C, 0x38, 0x0F, 0x0C, 0x03, 0xC6, 0x00, 0xF3, 0x80, 0x3D, 0xE0,
    0x0F, 0xFC, 0x03, 0xFF, 0x80, 0xF9, 0xE0, 0x3C, 0x7C, 0x0F, 0x0F, 0x03, 0xC3, 0xE0, 0xF0, 0x7C,
    0x7F, 0x0F, 0x9F, 0xC3, 0xE0, 0x00, 0x00, 0x03, 0x00, 0x01, 0xE0, 0x00, 0x38, 0x00, 0x0E, 0x00,
    0x03, 0x00, 0x00, 0x00, 0x00, 0x78, 0x01, 0xF8, 0x00, 0xF0, 0x01, 0xE0, 0x03, 0xC0, 0x07, 0x80,
    0x0F, 0x3F, 0x1E, 0x7E, 0x3C, 0x70, 0x79, 0xC0, 0xF7, 0x01, 0xFE, 0x03, 0xFE, 0x07, 0xFC, 0x0F,
    0x3C, 0x1E, 0x3C, 0x3C, 0x78, 0xFC, 0xFF, 0xFB, 0xF8, 0x00, 0x00, 0x38, 0x00, 0x70, 0x00, 0xE0,
    0x01, 0xC0, 0x03, 0x00, 0x00, 0x00, 0x00, 0x00, 0x7C, 0xFE, 0x7C, 0xFE, 0x3C, 0x38, 0x3C, 0x70,
    0x3C, 0xE0, 0x3D, 0xC0, 0x3F, 0xE0, 0x3F, 0xF0, 0x3C, 0xF0, 0x3C, 0x78, 0x3C, 0x7C, 0x7E, 0x7E,
    0x7E, 0x7F, 0x02, 0x00, 0x0E, 0x00, 0x3C, 0x00, 0xF0, 0x00, 0x80, 0x00, 0x00, 0x1F, 0xE0, 0x3F,
    0x80, 0x3C, 0x00, 0x78, 0x00, 0xF0, 0x01, 0xE0, 0x03, 0xC0, 0x07, 0x80, 0x0F, 0x00, 0x1E, 0x00,
    0x3C, 0x00, 0x78, 0x18, 0xF0, 0x31, 0xE0, 0xE3, 0xC1, 0xCF, 0xFF, 0x9F, 0xFF, 0x00, 0x04, 0x0E,
    0x1E, 0x1C, 0x18, 0x78, 0xFC, 0x3C, 0x3C, 0x3C, 0x3C, 0x3C, 0x3C, 0x3C, 0x3C, 0x3C, 0x3C, 0x3C,
    0x3C, 0x3C, 0x3C, 0x3C, 0x7E, 0xFE, 0x00, 0x00, 0xFF, 0x01, 0xFC, 0x01, 0xE0, 0x03, 0xC0, 0x07,
    0x80, 0x0F, 0x00, 0x1E, 0x00, 0x3C, 0x00, 0x78, 0x00, 0xF0, 0x01, 0xE0, 0x03, 0xC0, 0xC7, 0x81,
    0x8F, 0x07, 0x1E, 0x0E, 0x7F, 0xFC, 0xFF, 0xF8, 0x00, 0x00, 0x18, 0x00, 0x78, 0x00, 0x70, 0x00,
    0xE0, 0x01, 0x80, 0x00, 0x00, 0x78, 0xFC, 0x3C, 0x3C, 0x3C, 0x3C, 0x3C, 0x3C, 0x3C, 0x3C, 0x3C,
    0x3C, 0x3C, 0x3C, 0x3C, 0x3C, 0x3C, 0x7E, 0xFE, 0x00, 0x38, 0x3C, 0x3C, 0x18, 0x30, 0x00, 0x00,
    0x38, 0xFF, 0x71, 0xFC, 0xE1, 0xE1, 0xC3, 0xC3, 0x87, 0x82, 0x0F, 0x00, 0x1E, 0x00, 0x3C, 0x00,
    0x78, 0x00, 0xF0, 0x01, 0xE0, 0x03, 0xC0, 0xC7, 0x81, 0x8F, 0x07, 0x1E, 0x0E, 0x7F, 0xFC, 0xFF,
    0xF8, 0x7B, 0xBF, 0xE3, 0xF8, 0xFE, 0x3F, 0x8F, 0x43, 0xC0, 0xF0, 0x3C, 0x0F, 0x03, 0xC0, 0xF0,
    0x3C, 0x0F, 0x03, 0xC0, 0xF0, 0x3C, 0x1F, 0x8F, 0xE0, 0x00, 0x00, 0x3F, 0xC0, 0x1F, 0xC0, 0x07,
    0x80, 0x03, 0xC0, 0x01, 0xE0, 0x00, 0xF0, 0x1C, 0x78, 0x0F, 0x3C, 0x07, 0x9E, 0x03, 0x8F, 0x00,
    0x07, 0x80, 0x03, 0xC0, 0xC1, 0xE0, 0x60, 0xF0, 0x70, 0x78, 0x38, 0x7F, 0xFC, 0x3F, 0xFE, 0x00,
    0x78, 0x1F, 0x80, 0xF0, 0x1E, 0x03, 0xC0, 0x78, 0x0F, 0x01, 0xE0, 0x3C, 0xE7, 0xBC, 0xF7, 0x9E,
    0x63, 0xC0, 0x78, 0x0F, 0x01, 0xE0, 0x3C, 0x0F, 0xC3, 0xF8, 0x00, 0x00, 0x00, 0xFF, 0x01, 0xFC,
    0x01, 0xE0, 0x03, 0xC0, 0x07, 0x84, 0x0F, 0x3C, 0x1F, 0xF0, 0x3F, 0x00, 0xF8, 0x01, 0xF0, 0x01,
    0xE0, 0x03, 0xC0, 0xC7, 0x81, 0x8F, 0x07, 0x1E, 0x0E, 0x7F, 0xFC, 0xFF, 0xF8, 0x7C, 0x3E, 0x0F,
    0x07, 0x83, 0xC1, 0xE0, 0xF4, 0x7E, 0x3E, 0x7E, 0x3F, 0x07, 0x83, 0xC1, 0xE0, 0xF0, 0x78, 0x3C,
    0x3F, 0x1F, 0xC0, 0x00, 0x30, 0x00, 0x0E, 0x00, 0x07, 0x80, 0x03, 0x80, 0x00, 0x40, 0x00, 0x00,
    0x07, 0xE0, 0xFD, 0xF8, 0x3F, 0x3F, 0x03, 0x0F, 0xE0, 0xC3, 0xF8, 0x30, 0xEF, 0x0C, 0x3B, 0xE3,
    0x0E, 0x78, 0xC3, 0x9F, 0x30, 0xE3, 0xEC, 0x38, 0x7B, 0x0E, 0x1F, 0xC3, 0x83, 0xF0, 0xE0, 0x7C,
    0x38, 0x1F, 0x1F, 0x83, 0xC7, 0xE0, 0x70, 0x00, 0x00, 0x00, 0x70, 0x00, 0xF0, 0x00, 0xF0, 0x01,
    0xE0, 0x03, 0x80, 0x00, 0x00, 0x00, 0x00, 0x79, 0xF8, 0x7F, 0xF8, 0x3E, 0x7C, 0x3C, 0x3C, 0x3C,
    0x3C, 0x3C, 0x3C, 0x3C, 0x3C, 0x3C, 0x3C, 0x3C, 0x3C, 0x3C, 0x3C, 0x3C, 0x3C, 0x7E, 0x7E, 0x7E,
    0x7E, 0x00, 0x00, 0x1F, 0x83, 0xF7, 0xE0, 0xFC, 0xFC, 0x0C, 0x3F, 0x83, 0x0F, 0xE0, 0xC3, 0xBC,
    0x30, 0xEF, 0x8C, 0x39, 0xE3, 0x0E, 0x7C, 0xC3, 0x8F, 0xB0, 0xE1, 0xEC, 0x38, 0x7F, 0x0E, 0x0F,
    0xC3, 0x81, 0xF0, 0xE0, 0x7C, 0x7E, 0x0F, 0x1F, 0x81, 0xC0, 0x00, 0x00, 0x03, 0x00, 0x01, 0xE0,
    0x00, 0x38, 0x00, 0x0E, 0x00, 0x03, 0x00, 0x00, 0x00, 0x00, 0x00, 0x00, 0x79, 0xF8, 0x7F, 0xF8,
    0x3E, 0x7C, 0x3C, 0x3C, 0x3C, 0x3C, 0x3C, 0x3C, 0x3C, 0x3C, 0x3C, 0x3C, 0x3C, 0x3C, 0x3C, 0x3C,
    0x3C, 0x3C, 0x7E, 0x7E, 0x7E, 0x7E, 0x00, 0x00, 0x01, 0x80, 0x03, 0xC0, 0x01, 0xC0, 0x01, 0xC0,
    0x01, 0x80, 0x00, 0x00, 0x02, 0x00, 0x01, 0xC6, 0x00, 0x3F, 0x80, 0x07, 0xC0, 0x00, 0xE0, 0x00,
    0x00, 0x07, 0xE0, 0xFD, 0xF8, 0x3F, 0x3F, 0x03, 0x0F, 0xE0, 0xC3, 0xF8, 0x30, 0xEF, 0x0C, 0x3B,
    0xE3, 0x0E, 0x78, 0xC3, 0x9F, 0x30, 0xE3, 0xEC, 0x38, 0x7B, 0x0E, 0x1F, 0xC3, 0x83, 0xF0, 0xE0,
    0x7C, 0x38, 0x1F, 0x1F, 0x83, 0xC7, 0xE0, 0x70, 0x00, 0x00, 0x0C, 0x30, 0x0E, 0x70, 0x07, 0xE0,
    0x07, 0xC0, 0x03, 0xC0, 0x01, 0x80, 0x00, 0x00, 0x79, 0xF8, 0x7F, 0xF8, 0x3E, 0x7C, 0x3C, 0x3C,
    0x3C, 0x3C, 0x3C, 0x3C, 0x3C, 0x3C, 0x3C, 0x3C, 0x3C, 0x3C, 0x3C, 0x3C, 0x3C, 0x3C, 0x7E, 0x7E,
    0x7E, 0x7E, 0x00, 0x10, 0x3E, 0x7F, 0x1F, 0xFF, 0xC7, 0xE1, 0xE3, 0xE0, 0xF1, 0xE0, 0x78, 0xF0,
    0x3C, 0x78, 0x1E, 0x3C, 0x0F, 0x1E, 0x07, 0x8F, 0x03, 0xC7, 0x81, 0xE3, 0xC0, 0xF1, 0xE0, 0x78,
    0xF0, 0x3C, 0x78, 0x1E, 0x7F, 0x0F, 0x3F, 0x87, 0x80, 0x03, 0xC0, 0x01, 0xE0, 0x00, 0xF0, 0x00,
    0xF0, 0x00, 0xF8, 0x00, 0x70, 0x00, 0x01, 0xE7, 0xE7, 0xFF, 0x8F, 0x9F, 0x3C, 0x3C, 0xF0, 0xF3,
    0xC3, 0xCF, 0x0F, 0x3C, 0x3C, 0xF0, 0xF3, 0xC3, 0xCF, 0x0F, 0x7E, 0x3D, 0xF8, 0xF0, 0x03, 0xC0,
    0x0F, 0x00, 0x3C, 0x01, 0xE0, 0x0F, 0x00, 0x38, 0x07, 0xF0, 0x03, 0xF8, 0x00, 0x00, 0x00, 0x00,
    0x00, 0x7F, 0x80, 0xFB, 0xE0, 0xF0, 0x78, 0x78, 0x3C, 0x78, 0x0F, 0x3C, 0x07, 0x9E, 0x03, 0xDF,
    0x01, 0xEF, 0x80, 0xF7, 0xC0, 0x79, 0xE0, 0x3C, 0xF0, 0x1E, 0x78, 0x0E, 0x3C, 0x0F, 0x0F, 0x07,
    0x03, 0xEF, 0x00, 0xFF, 0x00, 0x00, 0x00, 0x00, 0x00, 0x7F, 0x81, 0xFE, 0x00, 0x00, 0x00, 0x00,
    0x3F, 0x03, 0xFE, 0x0E, 0x3C, 0x78, 0x79, 0xE1, 0xEF, 0x07, 0xBC, 0x1E, 0xF0, 0x79, 0xE1, 0xE7,
    0x87, 0x9E, 0x1C, 0x3F, 0xE0, 0x7F, 0x00, 0x00, 0x00, 0x00, 0x00, 0x07, 0x18, 0x01, 0xFC, 0x00,
    0xFC, 0x00, 0x1C, 0x00, 0x00, 0x00, 0x1F, 0xE0, 0x3E, 0xF8, 0x3C, 0x1E, 0x1E, 0x0F, 0x1E, 0x03,
    0xCF, 0x01, 0xE7, 0x80, 0xF7, 0xC0, 0x7B, 0xE0, 0x3D, 0xF0, 0x1E, 0x78, 0x0F, 0x3C, 0x07, 0x9E,
    0x03, 0x8F, 0x03, 0xC3, 0xC1, 0xC0, 0xFB, 0xC0, 0x3F, 0xC0, 0x00, 0x00, 0x18, 0x60, 0x61, 0x81,
    0xFE, 0x03, 0xF0, 0x00, 0x00, 0x00, 0x00, 0xFC, 0x0F, 0xF8, 0x38, 0xF1, 0xE1, 0xE7, 0x87, 0xBC,
    0x1E, 0xF0, 0x7B, 0xC1, 0xE7, 0x87, 0x9E, 0x1E, 0x78, 0x70, 0xFF, 0x81, 0xFC, 0x00, 0x00, 0x00,
    0x00, 0x00, 0xC6, 0x00, 0xF7, 0x80, 0x73, 0x80, 0x73, 0x80, 0x11, 0x80, 0x00, 0x00, 0x0F, 0xF0,
    0x1F, 0x7C, 0x1E, 0x0F, 0x0F, 0x07, 0x8F, 0x01, 0xE7, 0x80, 0xF3, 0xC0, 0x7B, 0xE0, 0x3D, 0xF0,
    0x1E, 0xF8, 0x0F, 0x3C, 0x07, 0x9E, 0x03, 0xCF, 0x01, 0xC7, 0x81, 0xE1, 0xE0, 0xE0, 0x7D, 0xE0,
    0x1F, 0xE0, 0x00, 0x00, 0x00, 0x00, 0x00, 0x0C, 0x60, 0x73, 0x83, 0xDE, 0x0E, 0x70, 0x73, 0x80,
    0x00, 0x00, 0x00, 0x0F, 0xC0, 0xFF, 0x83, 0x8F, 0x1E, 0x1E, 0x78, 0x7B, 0xC1, 0xEF, 0x07, 0xBC,
    0x1E, 0x78, 0x79, 0xE1, 0xE7, 0x87, 0x0F, 0xF8, 0x1F, 0xC0, 0x00, 0x00, 0x00, 0x80, 0x00, 0x07,
    0xFF, 0xFC, 0x1E, 0x7F, 0xFC, 0x3C, 0x1E, 0x0C, 0x38, 0x1E, 0x0C, 0x78, 0x1E, 0x00, 0x78, 0x1E,
    0x30, 0x78, 0x1E, 0x30, 0xF8, 0x1F, 0xF0, 0xF8, 0x1F, 0xF0, 0xF8, 0x1E, 0x30, 0x78, 0x1E, 0x30,
    0x78, 0x1E, 0x00, 0x78, 0x1E, 0x06, 0x3C, 0x1E, 0x06, 0x3C, 0x3E, 0x0E, 0x1F, 0x7F, 0xFE, 0x0F,
    0xFF, 0xFE, 0x00, 0x00, 0x00, 0x00, 0x00, 0x00, 0x7E, 0x3F, 0x0F, 0xFF, 0xFC, 0x71, 0xF8, 0xF7,
    0x87, 0xC7, 0xBC, 0x3C, 0x3F, 0xC1, 0xFF, 0xFE, 0x0F, 0xFF, 0xF0, 0x78, 0x03, 0xC3, 0xE0, 0x1E,
    0x1F, 0x00, 0xF0, 0xFC, 0x23, 0xFF, 0xFF, 0x8F, 0xE7, 0xF0, 0x00, 0x00, 0x00, 0x00, 0x60, 0x00,
    0x38, 0x00, 0x38, 0x00, 0x38, 0x00, 0x08, 0x00, 0x00, 0x01, 0xFF, 0xE0, 0xFD, 0xF8, 0x3C, 0x3C,
    0x1E, 0x0F, 0x0F, 0x07, 0x87, 0x83, 0xC3, 0xC3, 0xC1, 0xE1, 0xE0, 0xFF, 0xE0, 0x7F, 0xE0, 0x3C,
    0x78, 0x1E, 0x1E, 0x0F, 0x0F, 0x07, 0x87, 0xC3, 0xC1, 0xE3, 0xF8, 0xF9, 0xFC, 0x3E, 0x00, 0x00,
    0x30, 0x0F, 0x03, 0xC0, 0xF0, 0x1C, 0x00, 0x00, 0x00, 0x79, 0xCF, 0x78, 0xFF, 0x1F, 0x03, 0xC0,
    0x78, 0x0F, 0x01, 0xE0, 0x3C, 0x07, 0x80, 0xF0, 0x3F, 0x87, 0xF0, 0x00, 0x00, 0x3F, 0xFC, 0x1F,
    0xBF, 0x07, 0x87, 0x83, 0xC1, 0xE1, 0xE0, 0xF0, 0xF0, 0x78, 0x78, 0x78, 0x3C, 0x3C, 0x1F, 0xFC,
    0x0F, 0xFC, 0x07, 0x8F, 0x03, 0xC3, 0xC1, 0xE1, 0xE0, 0xF0, 0xF8, 0x78, 0x3C, 0x7F, 0x1F, 0x3F,
    0x87, 0xC0, 0x00, 0x00, 0x30, 0x00, 0x3C, 0x00, 0x0E, 0x00, 0x07, 0x00, 0x03, 0x00, 0x00, 0x00,
    0x00, 0x00, 0x0F, 0x39, 0xEF, 0x1F, 0xE3, 0xE0, 0x78, 0x0F, 0x01, 0xE0, 0x3C, 0x07, 0x80, 0xF0,
    0x1E, 0x07, 0xF0, 0xFE, 0x00, 0x00, 0xC0, 0x3C, 0x03, 0x80, 0x60, 0x0C, 0x00, 0x00, 0x00, 0x00,
    0x07, 0x18, 0x01, 0xFC, 0x00, 0x7C, 0x00, 0x1C, 0x00, 0x00, 0x01, 0xFF, 0xE0, 0xFD, 0xF8, 0x3C,
    0x3C, 0x1E, 0x0F, 0x0F, 0x07, 0x87, 0x83, 0xC3, 0xC3, 0xC1, 0xE1, 0xE0, 0xFF, 0xE0, 0x7F, 0xE0,
    0x3C, 0x78, 0x1E, 0x1E, 0x0F, 0x0F, 0x07, 0x87, 0xC3, 0xC1, 0xE3, 0xF8, 0xF9, 0xFC, 0x3E, 0x00,
    0x0C, 0x19, 0xC6, 0x1D, 0xC1, 0xF0, 0x1C, 0x01, 0x00, 0x00, 0x79, 0xCF, 0x78, 0xFF, 0x1F, 0x03,
    0xC0, 0x78, 0x0F, 0x01, 0xE0, 0x3C, 0x07, 0x80, 0xF0, 0x3F, 0x87, 0xF0, 0x01, 0x80, 0x1E, 0x00,
    0xE0, 0x0E, 0x00, 0x20, 0x00, 0x00, 0x7F, 0x8F, 0xBC, 0x70, 0xE7, 0x83, 0x3C, 0x19, 0xF0, 0x07,
    0xE0, 0x3F, 0xC0, 0xFF, 0x01, 0xFC, 0x03, 0xF0, 0x07, 0xB8, 0x3D, 0xC1, 0xEE, 0x0F, 0x7D, 0xF1,
    0xFF, 0x00, 0x00, 0x00, 0x00, 0xE0, 0x78, 0x1E, 0x0F, 0x07, 0x00, 0x00, 0x00, 0x3F, 0x9F, 0xEE,
    0x1B, 0xC6, 0xF8, 0x3F, 0x87, 0xF8, 0xFF, 0x07, 0xF0, 0xFE, 0x1F, 0xCF, 0xFF, 0x80, 0x00, 0x06,
    0x00, 0x78, 0x07, 0xE0, 0x73, 0x83, 0x0C, 0x00, 0x00, 0x7F, 0x8F, 0xBC, 0x70, 0xE7, 0x83, 0x3C,
    0x19, 0xF0, 0x07, 0xE0, 0x3F, 0xC0, 0xFF, 0x01, 0xFC, 0x03, 0xF0, 0x07, 0xB8, 0x3D, 0xC1, 0xEE,
    0x0F, 0x7D, 0xF1, 0xFF, 0x00, 0x00, 0x1C, 0x07, 0x83, 0xF1, 0xCC, 0x61, 0x90, 0x20, 0x00, 0xFE,
    0x7F, 0xB8, 0x6F, 0x1B, 0xE0, 0xFE, 0x1F, 0xE3, 0xFC, 0x1F, 0xC3, 0xF8, 0x7F, 0x3F, 0xFE, 0x00,
    0x00, 0x00, 0x00, 0xFF, 0x1F, 0x78, 0xE1, 0xCF, 0x06, 0x78, 0x33, 0xE0, 0x0F, 0xC0, 0x7F, 0x81,
    0xFE, 0x03, 0xF8, 0x07, 0xE0, 0x0F, 0x70, 0x7B, 0x83, 0xDC, 0x1E, 0xFB, 0xE3, 0xFE, 0x01, 0xC0,
    0x06, 0x00, 0x38, 0x07, 0xC0, 0x7C, 0x03, 0xC0, 0x00, 0x0F, 0xE7, 0xFB, 0x86, 0xF1, 0xBE, 0x0F,
    0xE1, 0xFE, 0x3F, 0xC1, 0xFC, 0x3F, 0x87, 0xF3, 0xFF, 0xE0, 0xE0, 0x18, 0x06, 0x07, 0x83, 0xE0,
    0xF0, 0x00, 0x01, 0xC6, 0x07, 0xF0, 0x1F, 0x00, 0x70, 0x00, 0x00, 0x7F, 0x8F, 0xBC, 0x70, 0xE7,
    0x83, 0x3C, 0x19, 0xF0, 0x07, 0xE0, 0x3F, 0xC0, 0xFF, 0x01, 0xFC, 0x03, 0xF0, 0x07, 0xB8, 0x3D,
    0xC1, 0xEE, 0x0F, 0x7D, 0xF1, 0xFF, 0x00, 0x00, 0x00, 0x18, 0x67, 0x38, 0xFC, 0x3E, 0x07, 0x80,
    0xC0, 0x00, 0x3F, 0x9F, 0xEE, 0x1B, 0xC6, 0xF8, 0x3F, 0x87, 0xF8, 0xFF, 0x07, 0xF0, 0xFE, 0x1F,
    0xCF, 0xFF, 0x80, 0x00, 0x00, 0x00, 0x7F, 0xFF, 0x7F, 0xFF, 0xE3, 0xC7, 0xE3, 0xC7, 0xE3, 0xC7,
    0xE3, 0xC3, 0xC3, 0xC3, 0x03, 0xC0, 0x03, 0xC0, 0x03, 0xC0, 0x03, 0xC0, 0x03, 0xC0, 0x03, 0xC0,
    0x03, 0xC0, 0x03, 0xC0, 0x0F, 0xF8, 0x1F, 0xF8, 0x00, 0xC0, 0x00, 0xC0, 0x00, 0xE0, 0x03, 0xE0,
    0x03, 0xE0, 0x03, 0xC0, 0x00, 0x0C, 0x0E, 0x07, 0x07, 0xFF, 0xFC, 0xE0, 0x70, 0x38, 0x1C, 0x0E,
    0x07, 0x03, 0x81, 0xC0, 0xF0, 0x7F, 0x3F, 0x06, 0x03, 0x81, 0xC3, 0xE1, 0xF0, 0xF0, 0x04, 0x00,
    0x0E, 0x30, 0x07, 0xF0, 0x03, 0xE0, 0x01, 0xC0, 0x00, 0x00, 0x7F, 0xFF, 0x7F, 0xFF, 0xE3, 0xC7,
    0xE3, 0xC7, 0xE3, 0xC7, 0xE3, 0xC3, 0xC3, 0xC3, 0x03, 0xC0, 0x03, 0xC0, 0x03, 0xC0, 0x03, 0xC0,
    0x03, 0xC0, 0x03, 0xC0, 0x03, 0xC0, 0x03, 0xC0, 0x0F, 0xF8, 0x1F, 0xF8, 0x01, 0xC0, 0x70, 0x1C,
    0x67, 0x39, 0xCE, 0x67, 0xFB, 0xFE, 0x38, 0x0E, 0x03, 0x80, 0xE0, 0x38, 0x0E, 0x03, 0x80, 0xE0,
    0x3C, 0x0F, 0xE3, 0xF0, 0x00, 0x00, 0x00, 0x7F, 0xFF, 0x7F, 0xFF, 0xE3, 0xC7, 0xE3, 0xC7, 0xE3,
    0xC7, 0xE3, 0xC3, 0xC3, 0xC3, 0x0F, 0xF0, 0x0F, 0xF8, 0x03, 0xC0, 0x03, 0xC0, 0x03, 0xC0, 0x03,
    0xC0, 0x03, 0xC0, 0x03, 0xC0, 0x0F, 0xF8, 0x1F, 0xF8, 0x00, 0x0C, 0x0E, 0x07, 0x07, 0xFF, 0xFC,
    0xE0, 0x70, 0x38, 0x7F, 0xFF, 0xE7, 0x03, 0x81, 0xC0, 0xF0, 0x7F, 0x3F, 0x00, 0x00, 0x00, 0x00,
    0x01, 0xC8, 0x01, 0xFE, 0x00, 0x9E, 0x00, 0x06, 0x00, 0x00, 0x03, 0xFC, 0x7F, 0xFC, 0x3F, 0x3C,
    0x06, 0x1E, 0x03, 0x0F, 0x01, 0x87, 0x80, 0xC3, 0xC0, 0x61, 0xE0, 0x30, 0xF0, 0x18, 0x78, 0x0C,
    0x3C, 0x06, 0x1E, 0x03, 0x0F, 0x01, 0x87, 0x81, 0xC1, 0xE0, 0xC0, 0xFF, 0xE0, 0x1F, 0xC0, 0x00,
    0x00, 0x00, 0x00, 0x39, 0x81, 0xFE, 0x06, 0xF8, 0x00, 0x80, 0x00, 0x0F, 0x8F, 0xBE, 0x3E, 0x78,
    0x79, 0xE1, 0xE7, 0x87, 0x9E, 0x1E, 0x78, 0x79, 0xE1, 0xE3, 0x87, 0x8E, 0x1E, 0x3C, 0x78, 0xFF,
    0xF1, 0xFB, 0xC0, 0x00, 0x07, 0xF0, 0x03, 0xF8, 0x00, 0x00, 0x00, 0x00, 0x0F, 0xF1, 0xFF, 0xF0,
    0xFC, 0xF0, 0x18, 0x78, 0x0C, 0x3C, 0x06, 0x1E, 0x03, 0x0F, 0x01, 0x87, 0x80, 0xC3, 0xC0, 0x61,
    0xE0, 0x30, 0xF0, 0x18, 0x78, 0x0C, 0x3C, 0x06, 0x1E, 0x07, 0x07, 0x83, 0x03, 0xFF, 0x80, 0x7F,
    0x00, 0x00, 0x00, 0x00, 0x00, 0x7F, 0x81, 0xFE, 0x00, 0x00, 0x00, 0x03, 0xE3, 0xEF, 0x8F, 0x9E,
    0x1E, 0x78, 0x79, 0xE1, 0xE7, 0x87, 0x9E, 0x1E, 0x78, 0x78, 0xE1, 0xE3, 0x87, 0x8F, 0x1E, 0x3F,
    0xFC, 0x7E, 0xF0, 0x00, 0x00, 0x00, 0x00, 0x03, 0x1C, 0x01, 0xFC, 0x00, 0x7E, 0x00, 0x1C, 0x00,
    0x00, 0x03, 0xFC, 0x7F, 0xFC, 0x3F, 0x3C, 0x06, 0x1E, 0x03, 0x0F, 0x01, 0x87, 0x80, 0xC3, 0xC0,
    0x61, 0xE0, 0x30, 0xF0, 0x18, 0x78, 0x0C, 0x3C, 0x06, 0x1E, 0x03, 0x0F, 0x01, 0x87, 0x81, 0xC1,
    0xE0, 0xC0, 0xFF, 0xE0, 0x1F, 0xC0, 0x00, 0x00, 0x18, 0x60, 0x61, 0x81, 0xFE, 0x03, 0xF0, 0x00,
    0x00, 0x00, 0x0F, 0x8F, 0xBE, 0x3E, 0x78, 0x79, 0xE1, 0xE7, 0x87, 0x9E, 0x1E, 0x78, 0x79, 0xE1,
    0xE3, 0x87, 0x8E, 0x1E, 0x3C, 0x78, 0xFF, 0xF1, 0xFB, 0xC0, 0x00, 0x00, 0x00, 0x01, 0xF0, 0x01,
    0xDC, 0x00, 0xC6, 0x00, 0x63, 0x00, 0x1F, 0x80, 0x07, 0x80, 0x00, 0x00, 0xFF, 0x1F, 0xFF, 0x0F,
    0xCF, 0x01, 0x87, 0x80, 0xC3, 0xC0, 0x61, 0xE0, 0x30, 0xF0, 0x18, 0x78, 0x0C, 0x3C, 0x06, 0x1E,
    0x03, 0x0F, 0x01, 0x87, 0x80, 0xC3, 0xC0, 0x61, 0xE0, 0x70, 0x78, 0x30, 0x3F, 0xF8, 0x07, 0xF0,
    0x00, 0x00, 0x00, 0x07, 0x80, 0x3F, 0x00, 0xCC, 0x03, 0x30, 0x0C, 0xC0, 0x3F, 0x00, 0x30, 0x3E,
    0x3E, 0xF8, 0xF9, 0xE1, 0xE7, 0x87, 0x9E, 0x1E, 0x78, 0x79, 0xE1, 0xE7, 0x87, 0x8E, 0x1E, 0x38,
    0x78, 0xF1, 0xE3, 0xFF, 0xC7, 0xEF, 0x00, 0x00, 0x00, 0x00, 0x00, 0xC6, 0x00, 0x73, 0x80, 0x73,
    0x80, 0x73, 0x80, 0x10, 0x80, 0x00, 0x01, 0xFE, 0x3F, 0xFE, 0x1F, 0x9E, 0x03, 0x0F, 0x01, 0x87,
    0x80, 0xC3, 0xC0, 0x61, 0xE0, 0x30, 0xF0, 0x18, 0x78, 0x0C, 0x3C, 0x06, 0x1E, 0x03, 0x0F, 0x01,
    0x87, 0x80, 0xC3, 0xC0, 0xE0, 0xF0, 0x60, 0x7F, 0xF0, 0x0F, 0xE0, 0x00, 0x00, 0x00, 0x00, 0x00,
    0x0C, 0x60, 0x7B, 0xC3, 0xDE, 0x0E, 0x70, 0x33, 0x80, 0x00, 0x00, 0x00, 0xF8, 0xFB, 0xE3, 0xE7,
    0x87, 0x9E, 0x1E, 0x78, 0x79, 0xE1, 0xE7, 0x87, 0x9E, 0x1E, 0x38, 0x78, 0xE1, 0xE3, 0xC7, 0x8F,
    0xFF, 0x1F, 0xBC, 0x00, 0x00, 0x00, 0x00, 0x7F, 0x8F, 0xFF, 0x87, 0xE7, 0x80, 0xC3, 0xC0, 0x61,
    0xE0, 0x30, 0xF0, 0x18, 0x78, 0x0C, 0x3C, 0x06, 0x1E, 0x03, 0x0F, 0x01, 0x87, 0x80, 0xC3, 0xC0,
    0x61, 0xE0, 0x30, 0xF0, 0x38, 0x3C, 0x18, 0x1F, 0xFC, 0x03, 0xF8, 0x00, 0x70, 0x00, 0x70, 0x00,
    0x70, 0x00, 0x3D, 0x00, 0x0F, 0xC0, 0x03, 0xC0, 0x00, 0x03, 0xE3, 0xEF, 0x8F, 0x9E, 0x1E, 0x78,
    0x79, 0xE1, 0xE7, 0x87, 0x9E, 0x1E, 0x78, 0x78, 0xE1, 0xE3, 0x87, 0x8F, 0x1E, 0x3F, 0xFC, 0x7E,
    0xF0, 0x03, 0x80, 0x38, 0x00, 0xE0, 0x03, 0x90, 0x0F, 0xC0, 0x1E, 0x00, 0x0C, 0x00, 0x00, 0x0F,
    0x00, 0x00, 0x0F, 0xC0, 0x00, 0x0E, 0x70, 0x00, 0x04, 0x10, 0x00, 0x00, 0x00, 0x03, 0xFD, 0xFE,
    0x7E, 0xFC, 0x7F, 0x3F, 0x3C, 0x1E, 0x06, 0x1E, 0x0F, 0x03, 0x07, 0x87, 0xC3, 0x83, 0xC3, 0xE1,
    0x81, 0xE1, 0xF0, 0xC0, 0x71, 0xFC, 0x60, 0x3C, 0xDE, 0x70, 0x1E, 0x6F, 0x30, 0x0F, 0x33, 0x98,
    0x03, 0xB1, 0xFC, 0x01, 0xF8, 0xFC, 0x00, 0xFC, 0x3E, 0x00, 0x3E, 0x1F, 0x00, 0x1E, 0x0F, 0x80,
    0x0F, 0x07, 0x80, 0x00, 0x38, 0x00, 0x03, 0xE0, 0x00, 0x3F, 0x00, 0x01, 0xDC, 0x00, 0x1C, 0x70,
    0x00, 0xC1, 0x00, 0x00, 0x00, 0x0F, 0xC7, 0x1F, 0x7E, 0x7C, 0xF9, 0xE3, 0xE3, 0x8F, 0x1F, 0x18,
    0x38, 0xF8, 0xC1, 0xCF, 0xEE, 0x0F, 0x6F, 0x70, 0x3B, 0x3B, 0x01, 0xD9, 0xD8, 0x0F, 0xCF, 0xC0,
    0x3C, 0x3C, 0x01, 0xE1, 0xE0, 0x0F, 0x0F, 0x00, 0x00, 0x00, 0x00, 0x00, 0xC0, 0x00, 0xF0, 0x00,
    0xFC, 0x00, 0xE7, 0x00, 0x41, 0x00, 0x00, 0x03, 0xFC, 0xFE, 0xFC, 0x3E, 0x3C, 0x0E, 0x0F, 0x0E,
    0x07, 0x87, 0x01, 0xE7, 0x00, 0xF3, 0x00, 0x3D, 0x80, 0x1F, 0x80, 0x07, 0xC0, 0x03, 0xC0, 0x01,
    0xE0, 0x00, 0xF0, 0x00, 0x78, 0x00, 0x3C, 0x00, 0x7F, 0xC0, 0x3F, 0xE0, 0x07, 0x00, 0x1E, 0x00,
    0xFC, 0x07, 0x30, 0x18, 0x60, 0x41, 0x80, 0x00, 0x3F, 0x3F, 0xFC, 0x7D, 0xE0, 0xE7, 0x87, 0x0F,
    0x1C, 0x3C, 0x70, 0x73, 0x81, 0xEE, 0x07, 0xB8, 0x0E, 0xC0, 0x3F, 0x00, 0x78, 0x01, 0xE0, 0x03,
    0x80, 0x0C, 0x00, 0x70, 0x0F, 0x80, 0x3E, 0x00, 0xE0, 0x00, 0x00, 0x00, 0x03, 0xBC, 0x03, 0xDE,
    0x01, 0xEF, 0x00, 0x63, 0x00, 0x00, 0x03, 0xFC, 0xFE, 0xFC, 0x3E, 0x3C, 0x0E, 0x0F, 0x0E, 0x07,
    0x87, 0x01, 0xE7, 0x00, 0xF3, 0x00, 0x3D, 0x80, 0x1F, 0x80, 0x07, 0xC0, 0x03, 0xC0, 0x01, 0xE0,
    0x00, 0xF0, 0x00, 0x78, 0x00, 0x3C, 0x00, 0x7F, 0xC0, 0x3F, 0xE0, 0x00, 0x40, 0x01, 0xC0, 0x07,
    0x80, 0x1E, 0x00, 0x10, 0x00, 0x00, 0x0F, 0xFF, 0x3F, 0xFE, 0x70, 0x78, 0xE1, 0xF1, 0x83, 0xC0,
    0x0F, 0x00, 0x3E, 0x00, 0x78, 0x01, 0xF0, 0x07, 0xC0, 0x0F, 0x00, 0x3E, 0x00, 0xF8, 0x31, 0xE0,
    0x67, 0x81, 0xDF, 0xFF, 0x9F, 0xFF, 0x00, 0x00, 0x00, 0x06, 0x00, 0x78, 0x07, 0x80, 0x78, 0x03,
    0x80, 0x00, 0x00, 0x00, 0x7F, 0xF3, 0xFF, 0x9C, 0x7C, 0xC7, 0xC0, 0x3C, 0x03, 0xC0, 0x3E, 0x03,
    0xE0, 0x1E, 0x01, 0xE1, 0x9F, 0x1D, 0xFF, 0xE7, 0xFF, 0x00, 0x00, 0x00, 0x07, 0x00, 0x1F, 0x00,
    0x3C, 0x00, 0x30, 0x00, 0x00, 0x0F, 0xFF, 0x3F, 0xFE, 0x70, 0x78, 0xE1, 0xF1, 0x83, 0xC0, 0x0F,
    0x00, 0x3E, 0x00, 0x78, 0x01, 0xF0, 0x07, 0xC0, 0x0F, 0x00, 0x3E, 0x00, 0xF8, 0x31, 0xE0, 0x67,
    0x81, 0xDF, 0xFF, 0x9F, 0xFF, 0x00, 0x07, 0x00, 0x3C, 0x03, 0xE0, 0x0E, 0x00, 0x00, 0x00, 0x01,
    0xFF, 0xCF, 0xFE, 0x71, 0xF3, 0x1F, 0x00, 0xF0, 0x0F, 0x00, 0xF8, 0x0F, 0x80, 0x78, 0x07, 0x86,
    0x7C, 0x77, 0xFF, 0x9F, 0xFC, 0x08, 0x20, 0x18, 0xE0, 0x3F, 0x80, 0x3E, 0x00, 0x38, 0x00, 0x00,
    0x0F, 0xFF, 0x3F, 0xFE, 0x70, 0x78, 0xE1, 0xF1, 0x83, 0xC0, 0x0F, 0x00, 0x3E, 0x00, 0x78, 0x01,
    0xF0, 0x07, 0xC0, 0x0F, 0x00, 0x3E, 0x00, 0xF8, 0x31, 0xE0, 0x67, 0x81, 0xDF, 0xFF, 0x9F, 0xFF,
    0x00, 0x00, 0x01, 0x83, 0x06, 0x30, 0x3B, 0x80, 0xF8, 0x03, 0x80, 0x08, 0x00, 0x00, 0x7F, 0xF3,
    0xFF, 0x9C, 0x7C, 0xC7, 0xC0, 0x3C, 0x03, 0xC0, 0x3E, 0x03, 0xE0, 0x1E, 0x01, 0xE1, 0x9F, 0x1D,
    0xFF, 0xE7, 0xFF, 0x00, 0x00, 0x01, 0xF0, 0xFC, 0x7E, 0x3C, 0x0F, 0x03, 0xC0, 0xF0, 0x3C, 0x0F,
    0x03, 0xC0, 0xF0, 0x3C, 0x0F, 0x03, 0xC0, 0xF0, 0x3C, 0x0F, 0x07, 0xF3, 0xFC, 0x00, 0x03, 0x80,
    0x00, 0xE0, 0x00, 0x38, 0x1F, 0xFE, 0x1F, 0x7F, 0x0F, 0x07, 0x83, 0xC1, 0xE1, 0xE0, 0x3C, 0x78,
    0x0F, 0x1E, 0x03, 0xCF, 0x80, 0xF3, 0xE0, 0x3C, 0xF8, 0x0F, 0x1E, 0x03, 0xC7, 0x80, 0xF1, 0xE0,
    0x38, 0x78, 0x1E, 0x0F, 0x07, 0x01, 0xF7, 0x80, 0x3F, 0xC0, 0x00, 0x00, 0x00, 0x00, 0x1C, 0x00,
    0x70, 0x01, 0xC3, 0xFE, 0x3F, 0xF0, 0xE3, 0xC7, 0x87, 0x9E, 0x1E, 0xF0, 0x7B, 0xC1, 0xEF, 0x07,
    0x9E, 0x1E, 0x78, 0x79, 0xE1, 0xC3, 0xFE, 0x07, 0xF0, 0x00, 0x00, 0x00, 0x00, 0xE0, 0x00, 0x1C,
    0x00, 0x07, 0x7F, 0x8F, 0xEF, 0xE1, 0xF0, 0x78, 0x0C, 0x0F, 0x01, 0x81, 0xE0, 0x30, 0x3C, 0x06,
    0x07, 0x80, 0xC0, 0xF0, 0x18, 0x1E, 0x03, 0x03, 0xC0, 0x60, 0x78, 0x0C, 0x0F, 0x01, 0x81, 0xE0,
    0x30, 0x3C, 0x0E, 0x03, 0xC1, 0x80, 0x7F, 0xF0, 0x03, 0xF8, 0x00, 0x00, 0x00, 0x00, 0x03, 0x80,
    0x01, 0xC0, 0x00, 0xFF, 0x1F, 0xEF, 0x8F, 0xE3, 0xC3, 0xC1, 0xE1, 0xE0, 0xF0, 0xF0, 0x78, 0x78,
    0x3C, 0x3C, 0x1E, 0x1E, 0x07, 0x0F, 0x03, 0x87, 0x81, 0xE3, 0xC0, 0xFF, 0xF0, 0x3F, 0x78, 0x00,
    0x00, 0x00, 0x00, 0x00, 0x00, 0x10, 0x00, 0x00, 0x06, 0x38, 0x00, 0x00, 0x07, 0xF0, 0x00, 0x00,
    0x03, 0xE0, 0x00, 0x00, 0x01, 0xC0, 0x00, 0x00, 0x00, 0x00, 0x7F, 0xF8, 0x1F, 0xFE, 0x7F, 0xFE,
    0x1F, 0xFE, 0x3C, 0x1E, 0x38, 0x3E, 0x3C, 0x0F, 0x38, 0x7C, 0x3C, 0x0F, 0xB0, 0x78, 0x3C, 0x07,
    0x80, 0xF8, 0x3C, 0x07, 0x81, 0xF0, 0x3C, 0x07, 0x81, 0xE0, 0x3C, 0x07, 0x83, 0xE0, 0x3C, 0x07,
    0x87, 0xC0, 0x3C, 0x07, 0x87, 0x80, 0x3C, 0x07, 0x0F, 0x80, 0x3C, 0x0F, 0x1F, 0x07, 0x3C, 0x0F,
    0x1E, 0x06, 0x3C, 0x1E, 0x3E, 0x0E, 0x7F, 0xFC, 0x7F, 0xFE, 0x7F, 0xF0, 0x3F, 0xFE, 0x00, 0x00,
    0x00, 0x00, 0x00, 0x00, 0x00, 0x00, 0x00, 0x00, 0x30, 0xC0, 0x00, 0x00, 0xE7, 0x00, 0x00, 0x01,
    0xF8, 0x7F, 0xF8, 0x07, 0xC1, 0xFF, 0xF8, 0x0F, 0x03, 0xC1, 0xE0, 0x18, 0x0F, 0x03, 0xC0, 0x00,
    0x3C, 0x0F, 0x9F, 0xF8, 0xF0, 0x1E, 0xFF, 0xE3, 0xC0, 0x7B, 0x87, 0x8F, 0x01, 0xEE, 0x3C, 0x3C,
    0x07, 0x81, 0xE0, 0xF0, 0x1E, 0x0F, 0x83, 0xC0, 0x78, 0x3C, 0x0F, 0x01, 0xC1, 0xE0, 0x3C, 0x0F,
    0x0F, 0x88, 0xF0, 0x3C, 0x7C, 0x73, 0xC1, 0xE1, 0xE1, 0xDF, 0xFF, 0x0F, 0xFE, 0x7F, 0xF0, 0x3F,
    0xF8, 0x00, 0x00, 0x00, 0x00, 0x00, 0x00, 0x00, 0x00, 0x00, 0x1C, 0x30, 0x07, 0xC1, 0x8E, 0x00,
    0xFC, 0x3B, 0x80, 0x07, 0x83, 0xE0, 0x00, 0xF0, 0x3C, 0x00, 0x1E, 0x02, 0x00, 0x03, 0xC0, 0x00,
    0x0F, 0xF9, 0xFF, 0xC3, 0xFF, 0x3F, 0xF8, 0xE1, 0xE7, 0x0F, 0x3C, 0x3C, 0xE3, 0xC7, 0x87, 0x80,
    0xF0, 0xE0, 0xF0, 0x3E, 0x3C, 0x1E, 0x0F, 0x87, 0x83, 0xC1, 0xE0, 0x78, 0x78, 0x78, 0x0F, 0x0F,
    0x1F, 0x19, 0xE1, 0xE7, 0xC3, 0x1F, 0xFC, 0xFF, 0xE1, 0xFF, 0xDF, 0xFC, 0x00, 0x00, 0x00, 0x00,
    0x00, 0x00, 0x00, 0xFF, 0x07, 0xF9, 0xFC, 0x07, 0xF1, 0xE0, 0x03, 0x83, 0xC0, 0x07, 0x07, 0x80,
    0x0E, 0x0F, 0x00, 0x1C, 0x1E, 0x00, 0x38, 0x3C, 0x00, 0x70, 0x78, 0x00, 0xE0, 0xF0, 0x01, 0xC1,
    0xE0, 0x03, 0x83, 0xC0, 0xC7, 0x07, 0x81, 0x8E, 0x0F, 0x07, 0x3C, 0x1E, 0x0E, 0x78, 0x7F, 0xFC,
    0xF0, 0xFF, 0xF9, 0xE0, 0x00, 0x03, 0xC0, 0x00, 0x0F, 0x00, 0x00, 0x3C, 0x00, 0x00, 0xF0, 0x00,
    0x00, 0x00, 0x00, 0x00, 0x00, 0x60, 0x00, 0x0F, 0x7F, 0x80, 0xF7, 0xF0, 0x0F, 0x3C, 0x00, 0x03,
    0xC0, 0x00, 0x3C, 0x01, 0xF3, 0xC0, 0x1F, 0x3C, 0x00, 0xF3, 0xC0, 0x0F, 0x3C, 0x00, 0xF3, 0xC0,
    0x0F, 0x3C, 0x00, 0xF3, 0xC0, 0xCF, 0x3C, 0x0C, 0xF3, 0xC1, 0xCF, 0x3C, 0x1C, 0xF7, 0xFF, 0xCF,
    0x7F, 0xFC, 0xF0, 0x00, 0x0F, 0x00, 0x00, 0xF0, 0x00, 0x0F, 0x00, 0x01, 0xE0, 0x00, 0x3C, 0x00,
    0x03, 0x80, 0x78, 0x37, 0xE3, 0xCF, 0x1E, 0x78, 0xE3, 0xC0, 0x1E, 0x00, 0xF3, 0xE7, 0x9F, 0x3C,
    0x79, 0xE3, 0xCF, 0x1E, 0x78, 0xF3, 0xC7, 0x9E, 0x3C, 0xF1, 0xE7, 0x8F, 0x3C, 0x7B, 0xF3, 0xFF,
    0x9E, 0x00, 0xF0, 0x07, 0x80, 0x38, 0x03, 0xC0, 0x3C, 0x01, 0xC0, 0x00, 0x00, 0x00, 0x0F, 0xC1,
    0xFB, 0xFD, 0xF8, 0x3F, 0x7F, 0x1F, 0x81, 0x83, 0xC3, 0xF8, 0x30, 0x78, 0x7F, 0x06, 0x0F, 0x0E,
    0xF0, 0xC1, 0xE1, 0xDF, 0x18, 0x3C, 0x39, 0xE3, 0x07, 0x87, 0x3E, 0x60, 0xF0, 0xE3, 0xEC, 0x1E,
    0x1C, 0x3D, 0x83, 0xC3, 0x87, 0xF0, 0x78, 0x70, 0x7E, 0x0F, 0x0E, 0x07, 0xC1, 0xE1, 0xC0, 0xF8,
    0x3C, 0x7E, 0x0F, 0x07, 0x0F, 0xC0, 0xE1, 0xE0, 0x00, 0x00, 0x3C, 0x00, 0x00, 0x07, 0x00, 0x00,
    0x03, 0xE0, 0x00, 0x00, 0x70, 0x00, 0x00, 0x00, 0x00, 0x00, 0x00, 0x06, 0x00, 0x00, 0x0F, 0x7E,
    0x0F, 0xCF, 0x7E, 0x0F, 0xCE, 0x3F, 0x03, 0x00, 0x3F, 0x83, 0x00, 0x3F, 0x83, 0x1F, 0x3B, 0xC3,
    0x3F, 0x3B, 0xE3, 0x1F, 0x39, 0xE3, 0x0F, 0x39, 0xF3, 0x0F, 0x38, 0xFB, 0x0F, 0x38, 0x7B, 0x0F,
    0x38, 0x7F, 0x0F, 0x38, 0x3F, 0x0F, 0x38, 0x1F, 0x0F, 0x38, 0x1F, 0x0F, 0x7E, 0x0F, 0x0F, 0x7E,
    0x07, 0x0F, 0x00, 0x00, 0x0F, 0x00, 0x00, 0x0F, 0x00, 0x00, 0x0E, 0x00, 0x00, 0x1E, 0x00, 0x00,
    0x7C, 0x00, 0x00, 0x30, 0x00, 0x00, 0x30, 0x00, 0x03, 0xC0, 0x00, 0x1E, 0x00, 0x00, 0xF0, 0x00,
    0x00, 0x00, 0x00, 0x01, 0xE7, 0xE3, 0xEF, 0xFF, 0x1F, 0x3E, 0x7C, 0x79, 0xE1, 0xE3, 0xCF, 0x0F,
    0x1E, 0x78, 0x78, 0xF3, 0xC3, 0xC7, 0x9E, 0x1E, 0x3C, 0xF0, 0xF1, 0xE7, 0x87, 0x8F, 0x3C, 0x3C,
    0x7B, 0xF3, 0xF3, 0xDF, 0x9F, 0x9E, 0x00, 0x00, 0xF0, 0x00, 0x07, 0x80, 0x00, 0x3C, 0x00, 0x03,
    0xC0, 0x00, 0x3C, 0x00, 0x01, 0xC0, 0x02, 0x00, 0x01, 0xC6, 0x00, 0x3F, 0x80, 0x07, 0xC0, 0x00,
    0xE0, 0x00, 0x00, 0x00, 0x1F, 0x00, 0x07, 0xC0, 0x03, 0xF0, 0x00, 0xFC, 0x00, 0x37, 0x80, 0x1D,
    0xE0, 0x07, 0x38, 0x01, 0x8F, 0x00, 0xE3, 0xC0, 0x38, 0xF0, 0x0E, 0x1E, 0x07, 0xFF, 0x81, 0xFF,
    0xE0, 0xF0, 0x3C, 0x38, 0x0F, 0x1F, 0x07, 0xEF, 0xE3, 0xFC, 0x00, 0x01, 0x83, 0x0E, 0x30, 0x3B,
    0x80, 0xF8, 0x03, 0x80, 0x08, 0x00, 0x00, 0x1F, 0xC3, 0xFF, 0x1E, 0xF8, 0x01, 0xC0, 0x0E, 0x07,
    0xF0, 0xFF, 0x8F, 0x1C, 0xF0, 0xE7, 0x87, 0x3E, 0x78, 0xFF, 0xE3, 0xEF, 0x80, 0x00, 0x00, 0x31,
    0xDF, 0xC7, 0xC1, 0xC0, 0x01, 0xFE, 0xFE, 0x1E, 0x0F, 0x07, 0x83, 0xC1, 0xE0, 0xF0, 0x78, 0x3C,
    0x1E, 0x0F, 0x07, 0x83, 0xC1, 0xE3, 0xF9, 0xFE, 0x00, 0x18, 0x67, 0x38, 0xFC, 0x3E, 0x07, 0x80,
    0xC0, 0x00, 0x3E, 0x0F, 0x81, 0xE0, 0x78, 0x1E, 0x07, 0x81, 0xE0, 0x78, 0x1E, 0x07, 0x81, 0xE0,
    0xFC, 0x3F, 0x80, 0x04, 0x10, 0x07, 0x1C, 0x01, 0xFC, 0x00, 0x7C, 0x00, 0x1C, 0x00, 0x00, 0x00,
    0x1F, 0xE0, 0x3E, 0xF8, 0x3C, 0x1E, 0x1E, 0x0F, 0x1E, 0x03, 0xCF, 0x01, 0xE7, 0x80, 0xF7, 0xC0,
    0x7B, 0xE0, 0x3D, 0xF0, 0x1E, 0x78, 0x0F, 0x3C, 0x07, 0x9E, 0x03, 0x8F, 0x03, 0xC3, 0xC1, 0xC0,
    0xFB, 0xC0, 0x3F, 0xC0, 0x00, 0x00, 0x00, 0x00, 0x61, 0x81, 0xCE, 0x03, 0xF0, 0x0F, 0x80, 0x1E,
    0x00, 0x30, 0x00, 0x00, 0x0F, 0xC0, 0xFF, 0x83, 0x8F, 0x1E, 0x1E, 0x78, 0x7B, 0xC1, 0xEF, 0x07,
    0xBC, 0x1E, 0x78, 0x79, 0xE1, 0xE7, 0x87, 0x0F, 0xF8, 0x1F, 0xC0, 0x00, 0x00, 0x00, 0x00, 0x03,
    0x1C, 0x01, 0xFC, 0x00, 0x7C, 0x00, 0x1C, 0x00, 0x00, 0x03, 0xFC, 0x7F, 0xFC, 0x3F, 0x3C, 0x06,
    0x1E, 0x03, 0x0F, 0x01, 0x87, 0x80, 0xC3, 0xC0, 0x61, 0xE0, 0x30, 0xF0, 0x18, 0x78, 0x0C, 0x3C,
    0x06, 0x1E, 0x03, 0x0F, 0x01, 0x87, 0x81, 0xC1, 0xE0, 0xC0, 0xFF, 0xE0, 0x1F, 0xC0, 0x00, 0x00,
    0x00, 0x00, 0x61, 0x81, 0xCE, 0x03, 0xF0, 0x0F, 0xC0, 0x1E, 0x00, 0x30, 0x00, 0x00, 0xF8, 0xFB,
    0xE3, 0xE7, 0x87, 0x9E, 0x1E, 0x78, 0x79, 0xE1, 0xE7, 0x87, 0x9E, 0x1E, 0x38, 0x78, 0xE1, 0xE3,
    0xC7, 0x8F, 0xFF, 0x1F, 0xBC, 0x00, 0x00, 0x07, 0xF0, 0x03, 0xF8, 0x00, 0x8C, 0x00, 0xEF, 0x00,
    0xF7, 0x80, 0x3B, 0xC0, 0x18, 0xC0, 0x00, 0x00, 0xFF, 0x1F, 0xFF, 0x0F, 0xCF, 0x01, 0x87, 0x80,
    0xC3, 0xC0, 0x61, 0xE0, 0x30, 0xF0, 0x18, 0x78, 0x0C, 0x3C, 0x06, 0x1E, 0x03, 0x0F, 0x01, 0x87,
    0x80, 0xC3, 0xC0, 0x61, 0xE0, 0x70, 0x78, 0x30, 0x3F, 0xF8, 0x07, 0xF0, 0x00, 0x00, 0x00, 0x00,
    0x00, 0x7F, 0x81, 0xFE, 0x00, 0x00, 0x08, 0x60, 0x73, 0x81, 0xCF, 0x07, 0x38, 0x00, 0x00, 0x00,
    0x0F, 0x8F, 0xBE, 0x3E, 0x78, 0x79, 0xE1, 0xE7, 0x87, 0x9E, 0x1E, 0x78, 0x79, 0xE1, 0xE3, 0x87,
    0x8E, 0x1E, 0x3C, 0x78, 0xFF, 0xF1, 0xFB, 0xC0, 0x00, 0x00, 0x20, 0x00, 0x38, 0x00, 0x3C, 0x00,
    0x1C, 0x00, 0x08, 0x00, 0x3B, 0xC0, 0x3D, 0xE0, 0x0E, 0xF0, 0x06, 0x30, 0x00, 0x00, 0x3F, 0xC7,
    0xFF, 0xC3, 0xF3, 0xC0, 0x61, 0xE0, 0x30, 0xF0, 0x18, 0x78, 0x0C, 0x3C, 0x06, 0x1E, 0x03, 0x0F,
    0x01, 0x87, 0x80, 0xC3, 0xC0, 0x61, 0xE0, 0x30, 0xF0, 0x18, 0x78, 0x1C, 0x1E, 0x0C, 0x0F, 0xFE,
    0x01, 0xFC, 0x00, 0x00, 0x00, 0x00, 0x00, 0x03, 0x80, 0x0E, 0x00, 0x78, 0x03, 0xC0, 0x1C, 0x00,
    0x00, 0x02, 0x18, 0x1C, 0xE0, 0x73, 0xC1, 0xCE, 0x00, 0x00, 0x00, 0x03, 0xE3, 0xEF, 0x8F, 0x9E,
    0x1E, 0x78, 0x79, 0xE1, 0xE7, 0x87, 0x9E, 0x1E, 0x78, 0x78, 0xE1, 0xE3, 0x87, 0x8F, 0x1E, 0x3F,
    0xFC, 0x7E, 0xF0, 0x00, 0x00, 0x00, 0x00, 0x03, 0x1C, 0x01, 0xFC, 0x00, 0x7C, 0x00, 0x1C, 0x00,
    0x3B, 0xC0, 0x3D, 0xE0, 0x0E, 0xF0, 0x06, 0x30, 0x00, 0x00, 0x3F, 0xC7, 0xFF, 0xC3, 0xF3, 0xC0,
    0x61, 0xE0, 0x30, 0xF0, 0x18, 0x78, 0x0C, 0x3C, 0x06, 0x1E, 0x03, 0x0F, 0x01, 0x87, 0x80, 0xC3,
    0xC0, 0x61, 0xE0, 0x30, 0xF0, 0x18, 0x78, 0x1C, 0x1E, 0x0C, 0x0F, 0xFE, 0x01, 0xFC, 0x00, 0x00,
    0x00, 0x00, 0x00, 0x61, 0x81, 0xCE, 0x03, 0xF0, 0x0F, 0xC0, 0x1E, 0x00, 0x30, 0x02, 0x18, 0x1C,
    0xE0, 0x73, 0xC1, 0xCE, 0x00, 0x00, 0x00, 0x03, 0xE3, 0xEF, 0x8F, 0x9E, 0x1E, 0x78, 0x79, 0xE1,
    0xE7, 0x87, 0x9E, 0x1E, 0x78, 0x78, 0xE1, 0xE3, 0x87, 0x8F, 0x1E, 0x3F, 0xFC, 0x7E, 0xF0, 0x00,
    0x00, 0x03, 0x00, 0x03, 0x80, 0x01, 0xE0, 0x00, 0x38, 0x00, 0x08, 0x00, 0x3B, 0xC0, 0x3D, 0xE0,
    0x0E, 0xF0, 0x06, 0x30, 0x00, 0x00, 0x3F, 0xC7, 0xFF, 0xC3, 0xF3, 0xC0, 0x61, 0xE0, 0x30, 0xF0,
    0x18, 0x78, 0x0C, 0x3C, 0x06, 0x1E, 0x03, 0x0F, 0x01, 0x87, 0x80, 0xC3, 0xC0, 0x61, 0xE0, 0x30,
    0xF0, 0x18, 0x78, 0x1C, 0x1E, 0x0C, 0x0F, 0xFE, 0x01, 0xFC, 0x00, 0x00, 0x00, 0x00, 0x00, 0x30,
    0x01, 0xE0, 0x03, 0xC0, 0x07, 0x00, 0x0E, 0x00, 0x00, 0x02, 0x18, 0x1C, 0xE0, 0x73, 0xC1, 0xCE,
    0x00, 0x00, 0x00, 0x03, 0xE3, 0xEF, 0x8F, 0x9E, 0x1E, 0x78, 0x79, 0xE1, 0xE7, 0x87, 0x9E, 0x1E,
    0x78, 0x78, 0xE1, 0xE3, 0x87, 0x8F, 0x1E, 0x3F, 0xFC, 0x7E, 0xF0, 0x00, 0x00, 0x1F, 0x87, 0xFC,
    0x63, 0xE0, 0x1E, 0x00, 0xF0, 0x0F, 0x7F, 0xF7, 0xFF, 0xF0, 0xF7, 0x0E, 0x70, 0xE7, 0xBC, 0x3F,
    0x80, 0x60, 0x07, 0xF8, 0x01, 0xFE, 0x00, 0x31, 0x00, 0x1C, 0xE0, 0x07, 0xB8, 0x01, 0xCE, 0x00,
    0x31, 0x00, 0x00, 0x00, 0x01, 0xF0, 0x00, 0x7C, 0x00, 0x3F, 0x00, 0x0F, 0xC0, 0x03, 0x78, 0x01,
    0xDE, 0x00, 0x73, 0x80, 0x18, 0xF0, 0x0E, 0x3C, 0x03, 0x8F, 0x00, 0xE1, 0xE0, 0x7F, 0xF8, 0x1F,
    0xFE, 0x0F, 0x03, 0xC3, 0x80, 0xF1, 0xF0, 0x7E, 0xFE, 0x3F, 0xC0, 0x00, 0x00, 0xFE, 0x07, 0xF0,
    0x00, 0x01, 0x8C, 0x1E, 0xF0, 0xF7, 0x87, 0x3C, 0x00, 0x00, 0x00, 0x07, 0xF0, 0xFF, 0xC7, 0xBE,
    0x00, 0x70, 0x03, 0x81, 0xFC, 0x3F, 0xE3, 0xC7, 0x3C, 0x39, 0xE1, 0xCF, 0x9E, 0x3F, 0xF8, 0xFB,
    0xE0, 0x00, 0x07, 0xF8, 0x01, 0xFE, 0x00, 0x0C, 0x00, 0x07, 0x80, 0x01, 0xE0, 0x00, 0x78, 0x00,
    0x0C, 0x00, 0x00, 0x00, 0x01, 0xF0, 0x00, 0x7C, 0x00, 0x3F, 0x00, 0x0F, 0xC0, 0x03, 0x78, 0x01,
    0xDE, 0x00, 0x73, 0x80, 0x18, 0xF0, 0x0E, 0x3C, 0x03, 0x8F, 0x00, 0xE1, 0xE0, 0x7F, 0xF8, 0x1F,
    0xFE, 0x0F, 0x03, 0xC3, 0x80, 0xF1, 0xF0, 0x7E, 0xFE, 0x3F, 0xC0, 0x00, 0x00, 0xFE, 0x07, 0xF0,
    0x00, 0x00, 0x70, 0x03, 0x80, 0x3E, 0x00, 0xE0, 0x00, 0x00, 0x00, 0x07, 0xF0, 0xFF, 0xC7, 0xBE,
    0x00, 0x70, 0x03, 0x81, 0xFC, 0x3F, 0xE3, 0xC7, 0x3C, 0x39, 0xE1, 0xCF, 0x9E, 0x3F, 0xF8, 0xFB,
    0xE0, 0x00, 0x00, 0xFF, 0x00, 0x00, 0xFF, 0x00, 0x00, 0x00, 0x00, 0x00, 0x00, 0x00, 0x0F, 0xFF,
    0xFC, 0x07, 0xFF, 0xFC, 0x01, 0xDE, 0x1C, 0x03, 0x9E, 0x0C, 0x03, 0x9E, 0x00, 0x03, 0x1E, 0x20,
    0x07, 0x1E, 0x30, 0x07, 0x1F, 0xF0, 0x0E, 0x1F, 0xF0, 0x0E, 0x1E, 0x70, 0x1F, 0xFE, 0x30, 0x1F,
    0xFE, 0x00, 0x1C, 0x1E, 0x06, 0x38, 0x1E, 0x06, 0x38, 0x1E, 0x0E, 0xFC, 0x7F, 0xFE, 0xFC, 0x7F,
    0xFE, 0x00, 0x00, 0x00, 0x7F, 0x80, 0x0F, 0xF0, 0x00, 0x00, 0x00, 0x00, 0x00, 0x3F, 0x3F, 0x1F,
    0xFF, 0xF3, 0x8F, 0x8F, 0x00, 0xF1, 0xE0, 0x1C, 0x3C, 0x3F, 0xFF, 0x9F, 0xFF, 0xF7, 0x8E, 0x01,
    0xE1, 0xE0, 0x3C, 0x3C, 0x07, 0xCF, 0xC2, 0x7F, 0x7F, 0xE7, 0xC7, 0xF8, 0x00, 0x00, 0x00, 0x00,
    0x00, 0x03, 0xFF, 0x07, 0xEF, 0x87, 0x81, 0xC3, 0xC0, 0xE3, 0xC0, 0x71, 0xE0, 0x00, 0xF0, 0x00,
    0xF8, 0x00, 0x7C, 0x3F, 0xFE, 0x1F, 0xFF, 0x01, 0xE7, 0x87, 0xFB, 0xC3, 0xFC, 0xF0, 0x3C, 0x7C,
    0x1E, 0x1F, 0xBF, 0x03, 0xFE, 0x00, 0x00, 0x00, 0x00, 0x00, 0x0F, 0xFE, 0x1F, 0xFE, 0x3C, 0x7E,
    0x3C, 0x78, 0x3C, 0x78, 0x3C, 0x78, 0x3C, 0x70, 0x1F, 0xF0, 0x0F, 0xC0, 0x18, 0x00, 0x3C, 0x00,
    0x1F, 0xFC, 0x1F, 0xFC, 0x38, 0x3E, 0xFF, 0xFF, 0xFF, 0xFF, 0x78, 0x3C, 0x3F, 0xF8, 0x1F, 0xF0,
    0x00, 0x00, 0x00, 0x00, 0x03, 0x9C, 0x00, 0xFC, 0x00, 0x3C, 0x00, 0x1C, 0x00, 0x00, 0x00, 0x1F,
    0xF8, 0x3F, 0x7C, 0x3C, 0x0E, 0x1E, 0x07, 0x1E, 0x03, 0x8F, 0x00, 0x07, 0x80, 0x07, 0xC0, 0x03,
    0xE1, 0xFF, 0xF0, 0xFF, 0xF8, 0x0F, 0x3C, 0x07, 0x9E, 0x03, 0xC7, 0x81, 0xE3, 0xE0, 0xF0, 0xFD,
    0xF8, 0x1F, 0xF0, 0x00, 0x00, 0x00, 0x00, 0xE1, 0x81, 0xCE, 0x03, 0xF0, 0x0F, 0x80, 0x1E, 0x00,
    0x20, 0x00, 0x00, 0x1F, 0xFC, 0xFF, 0xF7, 0x8F, 0xDE, 0x3C, 0x78, 0xF1, 0xE3, 0xC7, 0x8E, 0x0F,
    0xF8, 0x1F, 0x80, 0xC0, 0x07, 0x80, 0x0F, 0xFE, 0x3F, 0xF9, 0xC1, 0xF7, 0x03, 0xFC, 0x0F, 0x70,
    0x79, 0xFF, 0xC3, 0xFE, 0x00, 0x00, 0x00, 0x00, 0x01, 0xCE, 0x00, 0x3F, 0x00, 0x07, 0x80, 0x00,
    0xE0, 0x00, 0x00, 0x07, 0xF3, 0xF9, 0xFC, 0xFC, 0x3C, 0x1C, 0x0F, 0x0E, 0x03, 0xC3, 0x00, 0xF1,
    0x80, 0x3C, 0xE0, 0x0F, 0x78, 0x03, 0xFF, 0x00, 0xFF, 0xE0, 0x3E, 0x78, 0x0F, 0x1F, 0x03, 0xC3,
    0xC0, 0xF0, 0xF8, 0x3C, 0x1F, 0x1F, 0xC3, 0xE7, 0xF0, 0xF8, 0x01, 0x00, 0x63, 0x80, 0x7F, 0x00,
    0x3E, 0x00, 0x1C, 0x00, 0x3C, 0x00, 0x7E, 0x00, 0x1E, 0x00, 0x1E, 0x00, 0x1E, 0x00, 0x1E, 0x00,
    0x1E, 0x7E, 0x1E, 0x7E, 0x1E, 0x38, 0x1E, 0x70, 0x1E, 0xE0, 0x1F, 0xE0, 0x1F, 0xF0, 0x1F, 0xF0,
    0x1E, 0x78, 0x1E, 0x3C, 0x1E, 0x3C, 0x3F, 0x3F, 0x7F, 0x7F, 0x00, 0x00, 0x03, 0xFC, 0x07, 0xDF,
    0x07, 0x83, 0xC3, 0xC1, 0xE3, 0xC0, 0x79, 0xE0, 0x3C, 0xF0, 0x1E, 0xF8, 0x0F, 0x7C, 0x07, 0xBE,
    0x03, 0xCF, 0x01, 0xE7, 0x80, 0xF3, 0xC0, 0x71, 0xE0, 0x78, 0x78, 0x38, 0x1F, 0x78, 0x07, 0xF8,
    0x00, 0x70, 0x00, 0x70, 0x00, 0x70, 0x00, 0x3D, 0x00, 0x1F, 0x80, 0x07, 0x80, 0x00, 0x00, 0x3F,
    0x03, 0xFE, 0x0E, 0x3C, 0x78, 0x79, 0xE1, 0xEF, 0x07, 0xBC, 0x1E, 0xF0, 0x79, 0xE1, 0xE7, 0x87,
    0x9E, 0x1C, 0x3F, 0xE0, 0x7F, 0x00, 0x70, 0x03, 0x80, 0x1C, 0x00, 0x7A, 0x01, 0xFC, 0x03, 0xE0,
    0x07, 0xF0, 0x03, 0xF8, 0x00, 0x00, 0x00, 0x00, 0x00, 0x7F, 0x80, 0xFB, 0xE0, 0xF0, 0x78, 0x78,
    0x3C, 0x78, 0x0F, 0x3C, 0x07, 0x9E, 0x03, 0xDF, 0x01, 0xEF, 0x80, 0xF7, 0xC0, 0x79, 0xE0, 0x3C,
    0xF0, 0x1E, 0x78, 0x0E, 0x3C, 0x0F, 0x0F, 0x07, 0x03, 0xEF, 0x00, 0xFF, 0x00, 0x0E, 0x00, 0x0E,
    0x00, 0x0E, 0x00, 0x07, 0xA0, 0x03, 0xF0, 0x00, 0xF0, 0x00, 0x00, 0x00, 0x7F, 0x81, 0xFE, 0x00,
    0x00, 0x00, 0x00, 0x3F, 0x03, 0xFE, 0x0E, 0x3C, 0x78, 0x79, 0xE1, 0xEF, 0x07, 0xBC, 0x1E, 0xF0,
    0x79, 0xE1, 0xE7, 0x87, 0x9E, 0x1C, 0x3F, 0xE0, 0x7F, 0x00, 0x70, 0x03, 0x80, 0x1C, 0x00, 0x7A,
    0x01, 0xFC, 0x03, 0xE0, 0x00, 0x00, 0xC7, 0x07, 0xF0, 0x1F, 0x00, 0x70, 0x00, 0x03, 0xFF, 0xDF,
    0xFF, 0xE1, 0xF6, 0x0F, 0x00, 0xF0, 0x0F, 0x00, 0xF0, 0x07, 0xE0, 0x07, 0xC0, 0x1F, 0x00, 0x78,
    0x03, 0xD8, 0x1E, 0xC0, 0xFF, 0x0F, 0x7F, 0xF1, 0xFF, 0x00, 0x00, 0x00, 0x03, 0x0C, 0x39, 0xC1,
    0xF8, 0x0F, 0x80, 0xF0, 0x06, 0x00, 0x00, 0xFF, 0xFF, 0xFF, 0xE1, 0xEE, 0x1C, 0x03, 0xC0, 0x78,
    0x0F, 0x00, 0xE0, 0x1F, 0xC1, 0xFE, 0x01, 0xF0, 0x0F, 0x00, 0xF0, 0x0F, 0xE0, 0xFE, 0x0F, 0xE1,
    0xEF, 0xFC, 0x3F, 0x00, 0x00, 0x18, 0x67, 0x38, 0xFC, 0x3E, 0x07, 0x80, 0xC0, 0x00, 0x3E, 0x0F,
    0x81, 0xE0, 0x78, 0x1E, 0x07, 0x81, 0xE0, 0x78, 0x1E, 0x07, 0x81, 0xE0, 0x78, 0x1E, 0x07, 0x81,
    0xE0, 0x78, 0x3C, 0x1E, 0x07, 0x00, 0x00, 0x00, 0x00, 0x00, 0x7F, 0xF8, 0x1F, 0xFE, 0x7F, 0xFE,
    0x1F, 0xFE, 0x3C, 0x1E, 0x38, 0x3E, 0x3C, 0x0F, 0x38, 0x7C, 0x3C, 0x0F, 0xB0, 0x78, 0x3C, 0x07,
    0x80, 0xF8, 0x3C, 0x07, 0x81, 0xF0, 0x3C, 0x07, 0x81, 0xE0, 0x3C, 0x07, 0x83, 0xE0, 0x3C, 0x07,
    0x87, 0xC0, 0x3C, 0x07, 0x87, 0x80, 0x3C, 0x07, 0x0F, 0x80, 0x3C, 0x0F, 0x1F, 0x07, 0x3C, 0x0F,
    0x1E, 0x06, 0x3C, 0x1E, 0x3E, 0x0E, 0x7F, 0xFC, 0x7F, 0xFE, 0x7F, 0xF0, 0x3F, 0xFE, 0x00, 0x00,
    0x00, 0x00, 0x00, 0x00, 0x00, 0x01, 0xFF, 0xE0, 0x00, 0x07, 0xFF, 0xE0, 0x00, 0x0F, 0x07, 0x80,
    0x00, 0x3C, 0x0F, 0x00, 0x00, 0xF0, 0x3E, 0x7F, 0xE3, 0xC0, 0x7B, 0xFF, 0x8F, 0x01, 0xEE, 0x1E,
    0x3C, 0x07, 0xB8, 0xF0, 0xF0, 0x1E, 0x07, 0x83, 0xC0, 0x78, 0x3E, 0x0F, 0x01, 0xE0, 0xF0, 0x3C,
    0x07, 0x07, 0x80, 0xF0, 0x3C, 0x3E, 0x23, 0xC0, 0xF1, 0xF1, 0xCF, 0x07, 0x87, 0x87, 0x7F, 0xFC,
    0x3F, 0xF9, 0xFF, 0xC0, 0xFF, 0xE0, 0x00, 0x00, 0x00, 0x00, 0x01, 0xF0, 0x00, 0x00, 0x3F, 0x00,
    0x00, 0x01, 0xE0, 0x00, 0x00, 0x3C, 0x00, 0x00, 0x07, 0x80, 0x00, 0x00, 0xF0, 0x00, 0x03, 0xFE,
    0x7F, 0xF0, 0xFF, 0xCF, 0xFE, 0x38, 0x79, 0xC3, 0xCF, 0x0F, 0x38, 0xF1, 0xE1, 0xE0, 0x3C, 0x38,
    0x3C, 0x0F, 0x8F, 0x07, 0x83, 0xE1, 0xE0, 0xF0, 0x78, 0x1E, 0x1E, 0x1E, 0x03, 0xC3, 0xC7, 0xC6,
    0x78, 0x79, 0xF0, 0xC7, 0xFF, 0x3F, 0xF8, 0x7F, 0xF7, 0xFF, 0x00, 0x00, 0x00, 0x00, 0x00, 0x20,
    0x00, 0x38, 0x00, 0x3C, 0x00, 0x1C, 0x00, 0x0C, 0x00, 0x00, 0x00, 0x1F, 0xF8, 0x3F, 0x7C, 0x3C,
    0x0E, 0x1E, 0x07, 0x1E, 0x03, 0x8F, 0x00, 0x07, 0x80, 0x07, 0xC0, 0x03, 0xE1, 0xFF, 0xF0, 0xFF,
    0xF8, 0x0F, 0x3C, 0x07, 0x9E, 0x03, 0xC7, 0x81, 0xE3, 0xE0, 0xF0, 0xFD, 0xF8, 0x1F, 0xF0, 0x00,
    0x00, 0x00, 0x00, 0x03, 0x00, 0x1E, 0x00, 0xF0, 0x03, 0x80, 0x1C, 0x00, 0x00, 0x00, 0x00, 0x1F,
    0xFC, 0xFF, 0xF7, 0x8F, 0xDE, 0x3C, 0x78, 0xF1, 0xE3, 0xC7, 0x8E, 0x0F, 0xF8, 0x1F, 0x80, 0xC0,
    0x07, 0x80, 0x0F, 0xFE, 0x3F, 0xF9, 0xC1, 0xF7, 0x03, 0xFC, 0x0F, 0x70, 0x79, 0xFF, 0xC3, 0xFE,
    0x00, 0x00, 0x01, 0x00, 0x00, 0xE0, 0x00, 0x3C, 0x00, 0x07, 0x00, 0x00, 0x40, 0x00, 0x00, 0x07,
    0xE0, 0xFD, 0xF8, 0x3F, 0x3F, 0x03, 0x0F, 0xE0, 0xC3, 0xF8, 0x30, 0xEF, 0x0C, 0x3B, 0xE3, 0x0E,
    0x78, 0xC3, 0x9F, 0x30, 0xE3, 0xEC, 0x38, 0x7B, 0x0E, 0x1F, 0xC3, 0x83, 0xF0, 0xE0, 0x7C, 0x38,
    0x1F, 0x1F, 0x83, 0xC7, 0xE0, 0x70, 0x00, 0x00, 0x06, 0x00, 0x0F, 0x00, 0x0F, 0x00, 0x03, 0x80,
    0x01, 0xC0, 0x00, 0x00, 0x00, 0x00, 0x79, 0xF8, 0x7F, 0xF8, 0x3E, 0x7C, 0x3C, 0x3C, 0x3C, 0x3C,
    0x3C, 0x3C, 0x3C, 0x3C, 0x3C, 0x3C, 0x3C, 0x3C, 0x3C, 0x3C, 0x3C, 0x3C, 0x7E, 0x7E, 0x7E, 0x7E,
    0x00, 0x00, 0x00, 0x02, 0x00, 0x01, 0xC0, 0x07, 0xE0, 0x03, 0xB0, 0x00, 0xCE, 0x00, 0x33, 0x80,
    0x0F, 0xC0, 0x01, 0xE0, 0x00, 0x00, 0x00, 0x1F, 0x00, 0x07, 0xC0, 0x03, 0xF0, 0x00, 0xFC, 0x00,
    0x37, 0x80, 0x1D, 0xE0, 0x07, 0x38, 0x01, 0x8F, 0x00, 0xE3, 0xC0, 0x38, 0xF0, 0x0E, 0x1E, 0x07,
    0xFF, 0x81, 0xFF, 0xE0, 0xF0, 0x3C, 0x38, 0x0F, 0x1F, 0x07, 0xEF, 0xE3, 0xFC, 0x00, 0x40, 0x07,
    0x01, 0xF0, 0x1F, 0x01, 0x8C, 0x0C, 0x60, 0x77, 0x01, 0xF0, 0x02, 0x00, 0x00, 0x07, 0xF0, 0xFF,
    0xC7, 0xBE, 0x00, 0x70, 0x03, 0x81, 0xFC, 0x3F, 0xE3, 0xC7, 0x3C, 0x39, 0xE1, 0xCF, 0x9E, 0x3F,
    0xF8, 0xFB, 0xE0, 0x00, 0x00, 0x06, 0x00, 0x00, 0x07, 0x00, 0x00, 0x0E, 0x00, 0x00, 0x1C, 0x00,
    0x00, 0x08, 0x00, 0x00, 0x00, 0x00, 0x0F, 0xFF, 0xFC, 0x07, 0xFF, 0xFC, 0x01, 0xDE, 0x1C, 0x03,
    0x9E, 0x0C, 0x03, 0x9E, 0x00, 0x03, 0x1E, 0x20, 0x07, 0x1E, 0x30, 0x07, 0x1F, 0xF0, 0x0E, 0x1F,
    0xF0, 0x0E, 0x1E, 0x70, 0x1F, 0xFE, 0x30, 0x1F, 0xFE, 0x00, 0x1C, 0x1E, 0x06, 0x38, 0x1E, 0x06,
    0x38, 0x1E, 0x0E, 0xFC, 0x7F, 0xFE, 0xFC, 0x7F, 0xFE, 0x00, 0x00, 0x00, 0x03, 0x80, 0x00, 0x70,
    0x00, 0x1E, 0x00, 0x07, 0x80, 0x00, 0xE0, 0x00, 0x00, 0x00, 0x00, 0x00, 0x1F, 0x9F, 0x8F, 0xFF,
    0xF9, 0xC7, 0xC7, 0x80, 0x78, 0xF0, 0x0E, 0x1E, 0x1F, 0xFF, 0xCF, 0xFF, 0xFB, 0xC7, 0x00, 0xF0,
    0xF0, 0x1E, 0x1E, 0x03, 0xE7, 0xE1, 0x3F, 0xBF, 0xF3, 0xE3, 0xFC, 0x00, 0x00, 0x00, 0x00, 0x20,
    0x00, 0x38, 0x00, 0x3C, 0x00, 0x3C, 0x00, 0x08, 0x80, 0x00, 0xC0, 0x1F, 0xE0, 0x3E, 0xF8, 0x3C,
    0x3E, 0x1E, 0x1F, 0x1E, 0x1B, 0xCF, 0x09, 0xE7, 0x8C, 0xF7, 0xC6, 0x7B, 0xE2, 0x3D, 0xF3, 0x1E,
    0x79, 0x0F, 0x3D, 0x87, 0x9E, 0xC3, 0x8F, 0xC3, 0xC3, 0xE1, 0xC0, 0xFB, 0xC0, 0x3F, 0xC0, 0x18,
    0x00, 0x08, 0x00, 0x00, 0x00, 0x00, 0x00, 0x00, 0x03, 0x00, 0x1E, 0x00, 0x78, 0x03, 0x80, 0x1C,
    0x00, 0x02, 0x00, 0x18, 0x0F, 0xE0, 0xFF, 0xC3, 0x8F, 0x1E, 0x3E, 0x79, 0xFB, 0xC5, 0xEF, 0x37,
    0xBC, 0x9E, 0x7E, 0x79, 0xF1, 0xE7, 0xC7, 0x0F, 0xF8, 0x1F, 0xC0, 0x40, 0x01, 0x00, 0x00, 0x00,
    0x00, 0x06, 0x30, 0x01, 0xCE, 0x00, 0x39, 0xC0, 0x07, 0x38, 0x00, 0x84, 0x00, 0x00, 0x00, 0x07,
    0xC0, 0x01, 0xF0, 0x00, 0xFC, 0x00, 0x3F, 0x00, 0x0D, 0xE0, 0x07, 0x78, 0x01, 0xCE, 0x00, 0x63,
    0xC0, 0x38, 0xF0, 0x0E, 0x3C, 0x03, 0x87, 0x81, 0xFF, 0xE0, 0x7F, 0xF8, 0x3C, 0x0F, 0x0E, 0x03,
    0xC7, 0xC1, 0xFB, 0xF8, 0xFF, 0x00, 0x07, 0x38, 0x39, 0xC0, 0xE7, 0x03, 0x9C, 0x0C, 0x60, 0x00,
    0x00, 0x00, 0x1F, 0xC3, 0xFF, 0x1E, 0xF8, 0x01, 0xC0, 0x0E, 0x07, 0xF0, 0xFF, 0x8F, 0x1C, 0xF0,
    0xE7, 0x87, 0x3E, 0x78, 0xFF, 0xE3, 0xEF, 0x80, 0x00, 0x01, 0xE0, 0x00, 0xFC, 0x00, 0x7F, 0x80,
    0x18, 0x60, 0x06, 0x08, 0x00, 0x00, 0x00, 0x1F, 0x00, 0x07, 0xC0, 0x03, 0xF0, 0x00, 0xFC, 0x00,
    0x37, 0x80, 0x1D, 0xE0, 0x07, 0x38, 0x01, 0x8F, 0x00, 0xE3, 0xC0, 0x38, 0xF0, 0x0E, 0x1E, 0x07,
    0xFF, 0x81, 0xFF, 0xE0, 0xF0, 0x3C, 0x38, 0x0F, 0x1F, 0x07, 0xEF, 0xE3, 0xFC, 0x00, 0x00, 0x7C,
    0x07, 0xF0, 0x71, 0xC3, 0x06, 0x00, 0x00, 0x00, 0x03, 0xF8, 0x7F, 0xE3, 0xDF, 0x00, 0x38, 0x01,
    0xC0, 0xFE, 0x1F, 0xF1, 0xE3, 0x9E, 0x1C, 0xF0, 0xE7, 0xCF, 0x1F, 0xFC, 0x7D, 0xF0, 0x00, 0x00,
    0x00, 0x00, 0x63, 0x01, 0xEF, 0x01, 0xEE, 0x01, 0xCE, 0x01, 0x88, 0x00, 0x00, 0x3F, 0xFC, 0x7F,
    0xFC, 0x78, 0x38, 0xF0, 0x31, 0xE0, 0x03, 0xC2, 0x07, 0x8C, 0x0F, 0xF8, 0x1F, 0xF0, 0x3C, 0x60,
    0x78, 0xC0, 0xF0, 0x01, 0xE0, 0x23, 0xC0, 0xE7, 0x81, 0xDF, 0xFF, 0xBF, 0xFE, 0x00, 0x06, 0x30,
    0xF7, 0x87, 0x38, 0x39, 0xC1, 0x8C, 0x00, 0x00, 0x00, 0x0F, 0xC3, 0xFE, 0x38, 0xF7, 0x8F, 0x70,
    0xFF, 0xFF, 0xFF, 0xFF, 0x00, 0x78, 0x07, 0x80, 0x7C, 0x23, 0xFF, 0x1F, 0xC0, 0x00, 0x03, 0xC0,
    0x1F, 0xC0, 0x3F, 0xC0, 0xE3, 0x80, 0x82, 0x00, 0x00, 0x1F, 0xFE, 0x3F, 0xFE, 0x3C, 0x1C, 0x78,
    0x18, 0xF0, 0x01, 0xE1, 0x03, 0xC6, 0x07, 0xFC, 0x0F, 0xF8, 0x1E, 0x30, 0x3C, 0x60, 0x78, 0x00,
    0xF0, 0x11, 0xE0, 0x73, 0xC0, 0xEF, 0xFF, 0xDF, 0xFF, 0x00, 0x00, 0x00, 0xF8, 0x1F, 0xC1, 0x8E,
    0x38, 0x60, 0x00, 0x00, 0x00, 0xFC, 0x3F, 0xE3, 0x8F, 0x78, 0xF7, 0x0F, 0xFF, 0xFF, 0xFF, 0xF0,
    0x07, 0x80, 0x78, 0x07, 0xC2, 0x3F, 0xF1, 0xFC, 0x00, 0x00, 0x00, 0x0C, 0x63, 0xDE, 0x39, 0xC3,
    0x9C, 0x21, 0x00, 0x00, 0xFF, 0x1F, 0xC0, 0xF0, 0x1E, 0x03, 0xC0, 0x78, 0x0F, 0x01, 0xE0, 0x3C,
    0x07, 0x80, 0xF0, 0x1E, 0x03, 0xC0, 0x78, 0x0F, 0x07, 0xF0, 0xFF, 0x00, 0x0C, 0x61, 0xCE, 0x3D,
    0xE3, 0x9C, 0x39, 0xC0, 0x00, 0x00, 0x0F, 0x81, 0xF0, 0x1E, 0x03, 0xC0, 0x78, 0x0F, 0x01, 0xE0,
    0x3C, 0x07, 0x80, 0xF0, 0x1E, 0x07, 0xE0, 0xFE, 0x1E, 0x3F, 0x9F, 0xFC, 0x74, 0x10, 0x01, 0xFE,
    0xFE, 0x1E, 0x0F, 0x07, 0x83, 0xC1, 0xE0, 0xF0, 0x78, 0x3C, 0x1E, 0x0F, 0x07, 0x83, 0xC1, 0xE3,
    0xF9, 0xFE, 0x00, 0x1F, 0x9F, 0xEE, 0x76, 0x18, 0x00, 0x00, 0x7C, 0x3E, 0x0F, 0x07, 0x83, 0xC1,
    0xE0, 0xF0, 0x78, 0x3C, 0x1E, 0x0F, 0x0F, 0xC7, 0xF0, 0x00, 0x00, 0x0C, 0x60, 0x0E, 0x70, 0x03,
    0x9C, 0x00, 0xE7, 0x00, 0x21, 0x00, 0x00, 0x00, 0x0F, 0xF0, 0x1F, 0x7C, 0x1E, 0x0F, 0x0F, 0x07,
    0x8F, 0x01, 0xE7, 0x80, 0xF3, 0xC0, 0x7B, 0xE0, 0x3D, 0xF0, 0x1E, 0xF8, 0x0F, 0x3C, 0x07, 0x9E,
    0x03, 0xCF, 0x01, 0xC7, 0x81, 0xE1, 0xE0, 0xE0, 0x7D, 0xE0, 0x1F, 0xE0, 0x00, 0x00, 0x00, 0x00,
    0x01, 0x8C, 0x0F, 0x78, 0x1E, 0xE0, 0x39, 0xC0, 0x73, 0x00, 0x00, 0x00, 0x00, 0x0F, 0xC0, 0xFF,
    0x83, 0x8F, 0x1E, 0x1E, 0x78, 0x7B, 0xC1, 0xEF, 0x07, 0xBC, 0x1E, 0x78, 0x79, 0xE1, 0xE7, 0x87,
    0x0F, 0xF8, 0x1F, 0xC0, 0x00, 0x00, 0x03, 0xC0, 0x03, 0xF8, 0x03, 0xFC, 0x01, 0xC7, 0x00, 0x41,
    0x00, 0x00, 0x00, 0x1F, 0xE0, 0x3E, 0xF8, 0x3C, 0x1E, 0x1E, 0x0F, 0x1E, 0x03, 0xCF, 0x01, 0xE7,
    0x80, 0xF7, 0xC0, 0x7B, 0xE0, 0x3D, 0xF0, 0x1E, 0x78, 0x0F, 0x3C, 0x07, 0x9E, 0x03, 0x8F, 0x03,
    0xC3, 0xC1, 0xC0, 0xFB, 0xC0, 0x3F, 0xC0, 0x00, 0x00, 0x00, 0x00, 0x3E, 0x01, 0xFC, 0x07, 0x38,
    0x18, 0x60, 0x00, 0x00, 0x00, 0x03, 0xF0, 0x3F, 0xE0, 0xE3, 0xC7, 0x87, 0x9E, 0x1E, 0xF0, 0x7B,
    0xC1, 0xEF, 0x07, 0x9E, 0x1E, 0x78, 0x79, 0xE1, 0xC3, 0xFE, 0x07, 0xF0, 0x00, 0x00, 0x00, 0x00,
    0x18, 0xC0, 0x0E, 0x70, 0x03, 0x9C, 0x00, 0xE7, 0x00, 0x21, 0x00, 0x00, 0x00, 0xFF, 0xF0, 0x7E,
    0xFC, 0x1E, 0x1E, 0x0F, 0x07, 0x87, 0x83, 0xC3, 0xC1, 0xE1, 0xE1, 0xE0, 0xF0, 0xF0, 0x7F, 0xF0,
    0x3F, 0xF0, 0x1E, 0x3C, 0x0F, 0x0F, 0x07, 0x87, 0x83, 0xC3, 0xE1, 0xE0, 0xF1, 0xFC, 0x7C, 0xFE,
    0x1F, 0x00, 0x03, 0x9C, 0x1C, 0xE0, 0x73, 0x81, 0xCE, 0x0E, 0x70, 0x00, 0x00, 0x00, 0x1E, 0x70,
    0xF7, 0x83, 0xFC, 0x1F, 0x00, 0xF0, 0x07, 0x80, 0x3C, 0x01, 0xE0, 0x0F, 0x00, 0x78, 0x03, 0xC0,
    0x3F, 0x81, 0xFC, 0x00, 0x03, 0xC0, 0x03, 0xF0, 0x03, 0xFC, 0x01, 0x86, 0x00, 0xC1, 0x00, 0x00,
    0x01, 0xFF, 0xE0, 0xFD, 0xF8, 0x3C, 0x3C, 0x1E, 0x0F, 0x0F, 0x07, 0x87, 0x83, 0xC3, 0xC3, 0xC1,
    0xE1, 0xE0, 0xFF, 0xE0, 0x7F, 0xE0, 0x3C, 0x78, 0x1E, 0x1E, 0x0F, 0x0F, 0x07, 0x87, 0xC3, 0xC1,
    0xE3, 0xF8, 0xF9, 0xFC, 0x3E, 0x00, 0x03, 0xE0, 0xFE, 0x38, 0xC6, 0x1C, 0x00, 0x00, 0x03, 0xCE,
    0x7B, 0xC7, 0xF8, 0xF8, 0x1E, 0x03, 0xC0, 0x78, 0x0F, 0x01, 0xE0, 0x3C, 0x07, 0x81, 0xFC, 0x3F,
    0x80, 0x00, 0x00, 0x0C, 0x60, 0x0F, 0x78, 0x03, 0x9C, 0x00, 0xE7, 0x00, 0x31, 0x00, 0x00, 0x01,
    0xFE, 0x3F, 0xFE, 0x1F, 0x9E, 0x03, 0x0F, 0x01, 0x87, 0x80, 0xC3, 0xC0, 0x61, 0xE0, 0x30, 0xF0,
    0x18, 0x78, 0x0C, 0x3C, 0x06, 0x1E, 0x03, 0x0F, 0x01, 0x87, 0x80, 0xC3, 0xC0, 0xE0, 0xF0, 0x60,
    0x7F, 0xF0, 0x0F, 0xE0, 0x00, 0x00, 0x00, 0x00, 0x01, 0x8C, 0x07, 0x38, 0x1E, 0xF0, 0x39, 0xC0,
    0x73, 0x80, 0x00, 0x00, 0x00, 0xF8, 0xFB, 0xE3, 0xE7, 0x87, 0x9E, 0x1E, 0x78, 0x79, 0xE1, 0xE7,
    0x87, 0x9E, 0x1E, 0x38, 0x78, 0xE1, 0xE3, 0xC7, 0x8F, 0xFF, 0x1F, 0xBC, 0x00, 0x00, 0x01, 0xE0,
    0x03, 0xF8, 0x01, 0xFE, 0x01, 0xC7, 0x00, 0x41, 0x00, 0x00, 0x03, 0xFC, 0x7F, 0xFC, 0x3F, 0x3C,
    0x06, 0x1E, 0x03, 0x0F, 0x01, 0x87, 0x80, 0xC3, 0xC0, 0x61, 0xE0, 0x30, 0xF0, 0x18, 0x78, 0x0C,
    0x3C, 0x06, 0x1E, 0x03, 0x0F, 0x01, 0x87, 0x81, 0xC1, 0xE0, 0xC0, 0xFF, 0xE0, 0x1F, 0xC0, 0x00,
    0x00, 0x00, 0x00, 0x3F, 0x01, 0xFE, 0x07, 0x38, 0x18, 0x60, 0x00, 0x00, 0x00, 0x3E, 0x3E, 0xF8,
    0xF9, 0xE1, 0xE7, 0x87, 0x9E, 0x1E, 0x78, 0x79, 0xE1, 0xE7, 0x87, 0x8E, 0x1E, 0x38, 0x78, 0xF1,
    0xE3, 0xFF, 0xC7, 0xEF, 0x00, 0x00, 0x00, 0x00, 0xFF, 0x1F, 0x78, 0xE1, 0xCF, 0x06, 0x78, 0x33,
    0xE0, 0x0F, 0xC0, 0x7F, 0x81, 0xFE, 0x03, 0xF8, 0x07, 0xE0, 0x0F, 0x70, 0x7B, 0x83, 0xDC, 0x1E,
    0xFB, 0xE3, 0xFE, 0x00, 0x00, 0x0C, 0x00, 0xF0, 0x07, 0x80, 0x18, 0x01, 0xC0, 0x00, 0x00, 0x00,
    0x0F, 0xE7, 0xFB, 0x86, 0xF1, 0xBE, 0x0F, 0xE1, 0xFE, 0x3F, 0xC1, 0xFC, 0x3F, 0x87, 0xF3, 0xFF,
    0xE0, 0x00, 0x30, 0x1E, 0x07, 0x80, 0xC0, 0x70, 0x00, 0x00, 0x00, 0x00, 0x7F, 0xFF, 0x7F, 0xFF,
    0xE3, 0xC7, 0xE3, 0xC7, 0xE3, 0xC7, 0xE3, 0xC3, 0xC3, 0xC3, 0x03, 0xC0, 0x03, 0xC0, 0x03, 0xC0,
    0x03, 0xC0, 0x03, 0xC0, 0x03, 0xC0, 0x03, 0xC0, 0x03, 0xC0, 0x0F, 0xF8, 0x1F, 0xF8, 0x00, 0x00,
    0x01, 0x80, 0x03, 0xC0, 0x01, 0xC0, 0x01, 0xC0, 0x01, 0x80, 0x00, 0x00, 0x00, 0x0C, 0x0E, 0x07,
    0x07, 0xFF, 0xFC, 0xE0, 0x70, 0x38, 0x1C, 0x0E, 0x07, 0x03, 0x81, 0xC0, 0xF0, 0x7F, 0x3F, 0x00,
    0x07, 0x03, 0x81, 0xC0, 0x60, 0x60, 0x00, 0x00, 0x0F, 0xF8, 0xF3, 0xEE, 0x1E, 0xE1, 0xEE, 0x1E,
    0x01, 0xE0, 0x3C, 0x07, 0x81, 0xF8, 0x17, 0xE0, 0x1E, 0x00, 0xF0, 0x0F, 0x00, 0xF0, 0x1E, 0x03,
    0xE0, 0x7C, 0x0F, 0x83, 0xE0, 0x38, 0x00, 0x7F, 0x9F, 0xFB, 0x8F, 0x70, 0xEC, 0x1C, 0x07, 0x80,
    0xE0, 0x78, 0x3F, 0x80, 0x78, 0x07, 0x80, 0xF0, 0x1E, 0x03, 0xC0, 0x70, 0x1E, 0x07, 0x83, 0xC0,
    0xF0, 0x00, 0x00, 0x02, 0x08, 0x00, 0x63, 0x80, 0x0F, 0xE0, 0x00, 0xF8, 0x00, 0x0E, 0x00, 0x00,
    0x00, 0x1F, 0xC7, 0xF3, 0xF8, 0xFE, 0x3C, 0x07, 0x87, 0x80, 0xF0, 0xF0, 0x1E, 0x1E, 0x03, 0xC3,
    0xC0, 0x78, 0x7F, 0xFF, 0x0F, 0xFF, 0xE1, 0xE0, 0x3C, 0x3C, 0x07, 0x87, 0x80, 0xF0, 0xF0, 0x1E,
    0x1E, 0x03, 0xC3, 0xC0, 0x78, 0xFE, 0x3F, 0x9F, 0xC7, 0xF0, 0x41, 0x00, 0x63, 0x80, 0x7F, 0x00,
    0x3E, 0x00, 0x1C, 0x00, 0x3C, 0x00, 0x7E, 0x00, 0x1E, 0x00, 0x1E, 0x00, 0x1E, 0x00, 0x1E, 0x00,
    0x1E, 0xF8, 0x1F, 0xFC, 0x1F, 0x3C, 0x1E, 0x1E, 0x1E, 0x1E, 0x1E, 0x1E, 0x1E, 0x1E, 0x1E, 0x1E,
    0x1E, 0x1E, 0x1E, 0x1E, 0x1E, 0x1E, 0x3F, 0x3F, 0x3F, 0x3F, 0x01, 0x8F, 0x1E, 0x38, 0x70, 0x00,
    0x00, 0x63, 0xDE, 0x73, 0x80, 0x00, 0x1C, 0x1F, 0x0F, 0x8E, 0xEE, 0x3E, 0x08, 0x00, 0x3C, 0xBF,
    0xF9, 0xE0, 0x60, 0x00, 0xFF, 0xFF, 0xC3, 0x61, 0xBF, 0xCF, 0xC0, 0x00, 0x6F, 0xFF, 0x00, 0x63,
    0x7B, 0xFD, 0xFC, 0x70, 0x00, 0x63, 0xEF, 0xC7, 0x39, 0xC3, 0x00, 0x39, 0xFB, 0x3E, 0x3C, 0xCF,
    0x84, 0x00, 0x00, 0x07, 0x38, 0xE7, 0x39, 0xCF, 0x79, 0xCE, 0x00, 0x00, 0x00, 0x60, 0xF8, 0xCE,
    0xE3, 0xE0, 0xE0, 0x20, 0xFF, 0xED, 0x80, 0x00, 0x1C, 0xE3, 0x9C, 0x39, 0xC3, 0x9C, 0x31, 0x80,
    0x00, 0x08, 0x1E, 0x0F, 0x03, 0x8C, 0x36, 0x1B, 0xFC, 0xFC, 0x18, 0x00, 0x00, 0x3F, 0x3F, 0xDC,
    0xEC, 0x30, 0x00, 0x6E, 0xEF, 0xF4, 0xEF, 0xF6, 0xE0, 0xEF, 0xF6, 0xEC, 0x1C, 0x71, 0xDE, 0x70,
    0xFF, 0xF0, 0x67, 0xBD, 0xE0, 0x00, 0x63, 0x7B, 0xFD, 0xFC, 0x70, 0x00, 0x7B, 0xFC, 0xF3, 0x78,
    0x00, 0xEF, 0xF6, 0xE0, 0x00, 0xC3, 0x8E, 0xFB, 0xEF, 0x00, 0x00, 0x71, 0xC7, 0x0F, 0x5F, 0x9E,
    0x00, 0xFF, 0xFC, 0x1C, 0x1F, 0x1F, 0xDC, 0x74, 0x10, 0x81, 0x61, 0xBF, 0xCF, 0xE3, 0xC0, 0x18,
    0x3F, 0x3F, 0xD8, 0x6C, 0x30, 0x31, 0x3F, 0xFF, 0xC9, 0xC0, 0xFF, 0xFC, 0xFF, 0xBF, 0xE0, 0x70,
    0xBF, 0xEF, 0xF9, 0x1C, 0x00, 0xFF, 0x7E, 0x00, 0x1F, 0xFF, 0xFF, 0x80, 0x01, 0x00, 0x80, 0xC0,
    0x40, 0x60, 0x20, 0x30, 0x10, 0x08, 0x0C, 0x04, 0x06, 0x02, 0x03, 0x01, 0x01, 0x80, 0x80, 0x00,
    0x00, 0x80, 0x60, 0x10, 0x0C, 0x02, 0x00, 0x80, 0x60, 0x10, 0x0C, 0x02, 0x01, 0x80, 0x40, 0x10,
    0x0C, 0x02, 0x01, 0x80, 0x40, 0x30, 0x08, 0x00, 0x67, 0xBD, 0xE0, 0x00, 0x80, 0x3C, 0x03, 0xE0,
    0xE7, 0xFE, 0x3F, 0x80, 0x00, 0x80, 0x3C, 0x03, 0xF0, 0xE7, 0xFC, 0x1F, 0x80, 0x00, 0x7F, 0xFE,
    0xFF, 0xFC, 0x0F, 0x03, 0xFC, 0x7F, 0xEE, 0x06, 0xC0, 0x30, 0x00, 0x00, 0x04, 0x00, 0x03, 0x1F,
    0xFF, 0xCF, 0xFF, 0xE0, 0x00, 0x60, 0x00, 0x00, 0x06, 0x00, 0x1C, 0x00, 0x3C, 0x00, 0x1C, 0x00,
    0x10, 0x00, 0x00, 0x1F, 0xFE, 0x3F, 0xFE, 0x3C, 0x1C, 0x78, 0x18, 0xF0, 0x01, 0xE1, 0x03, 0xC6,
    0x07, 0xFC, 0x0F, 0xF8, 0x1E, 0x30, 0x3C, 0x60, 0x78, 0x00, 0xF0, 0x11, 0xE0, 0x73, 0xC0, 0xEF,
    0xFF, 0xDF, 0xFF, 0x00, 0x00, 0x00, 0x1D, 0xE0, 0x7B, 0xC0, 0x77, 0x80, 0xC6, 0x00, 0x00, 0x1F,
    0xFE, 0x3F, 0xFE, 0x3C, 0x1C, 0x78, 0x18, 0xF0, 0x01, 0xE1, 0x03, 0xC6, 0x07, 0xFC, 0x0F, 0xF8,
    0x1E, 0x30, 0x3C, 0x60, 0x78, 0x00, 0xF0, 0x11, 0xE0, 0x73, 0xC0, 0xEF, 0xFF, 0xDF, 0xFF, 0x00,
    0x00, 0x00, 0x07, 0xFF, 0xF0, 0xFF, 0xFF, 0x0E, 0x3C, 0x70, 0xE3, 0xC3, 0x0E, 0x3C, 0x30, 0x03,
    0xC0, 0x00, 0x3C, 0x00, 0x03, 0xDF, 0x80, 0x3F, 0xFC, 0x03, 0xE3, 0xE0, 0x3C, 0x1E, 0x03, 0xC1,
    0xE0, 0x3C, 0x0E, 0x03, 0xC0, 0xE0, 0x3C, 0x0E, 0x0F, 0xF9, 0xE1, 0xFF, 0x9E, 0x00, 0x01, 0xC0,
    0x00, 0x3C, 0x00, 0x07, 0x80, 0x01, 0xF0, 0x00, 0x1C, 0x00, 0x00, 0x00, 0x00, 0x20, 0x01, 0xC0,
    0x0F, 0x00, 0x78, 0x00, 0x80, 0x00, 0x07, 0xFF, 0xDF, 0xFF, 0x1E, 0x1C, 0x78, 0x71, 0xE0, 0xC7,
    0x83, 0x1E, 0x0C, 0x78, 0x01, 0xE0, 0x07, 0x80, 0x1E, 0x00, 0x78, 0x01, 0xE0, 0x07, 0x80, 0x1E,
    0x01, 0xFF, 0x07, 0xFC, 0x00, 0x00, 0x00, 0x0F, 0xF8, 0x7F, 0xF1, 0xE0, 0xE3, 0x81, 0xCF, 0x03,
    0x9E, 0x00, 0x7C, 0x00, 0xFF, 0xE1, 0xFF, 0xC3, 0xE1, 0x87, 0xC0, 0x0F, 0x80, 0x0F, 0x01, 0x9E,
    0x03, 0x1E, 0x0E, 0x1F, 0xFC, 0x1F, 0xF8, 0x00, 0x00, 0x00, 0x00, 0xFF, 0x1F, 0x78, 0xE1, 0xCF,
    0x06, 0x78, 0x33, 0xE0, 0x0F, 0xC0, 0x7F, 0x81, 0xFE, 0x03, 0xF8, 0x07, 0xE0, 0x0F, 0x70, 0x7B,
    0x83, 0xDC, 0x1E, 0xFB, 0xE3, 0xFE, 0x00, 0x00, 0x00, 0x3F, 0xDF, 0xC3, 0xC1, 0xE0, 0xF0, 0x78,
    0x3C, 0x1E, 0x0F, 0x07, 0x83, 0xC1, 0xE0, 0xF0, 0x78, 0x3C, 0x7F, 0x3F, 0xC0, 0x00, 0x3B, 0x9D,
    0xCE, 0xE2, 0x20, 0x01, 0xFE, 0xFE, 0x1E, 0x0F, 0x07, 0x83, 0xC1, 0xE0, 0xF0, 0x78, 0x3C, 0x1E,
    0x0F, 0x07, 0x83, 0xC1, 0xE3, 0xF9, 0xFE, 0x00, 0x0F, 0xE3, 0xF8, 0x3C, 0x0F, 0x03, 0xC0, 0xF0,
    0x3C, 0x0F, 0x03, 0xC0, 0xF0, 0x3C, 0x0F, 0x03, 0xC0, 0xF0, 0x38, 0x0E, 0x07, 0x81, 0xE0, 0xF0,
    0x7C, 0x1C, 0x00, 0x00, 0x00, 0x00, 0x00, 0x3F, 0xFF, 0x80, 0x1F, 0xFF, 0x00, 0x06, 0x1C, 0x00,
    0x06, 0x1C, 0x00, 0x06, 0x1C, 0x00, 0x06, 0x1C, 0x00, 0x06, 0x1F, 0xF0, 0x0E, 0x1F, 0xFC, 0x0E,
    0x1E, 0x3E, 0x0E, 0x1C, 0x1E, 0x0C, 0x1C, 0x1E, 0x0C, 0x1C, 0x1E, 0x1C, 0x1C, 0x1E, 0x1C, 0x1C,
    0x1E, 0xF8, 0x1C, 0x3C, 0xF8, 0x7F, 0xFC, 0xF0, 0xFF, 0xF0, 0x00, 0x00, 0x00, 0x00, 0x00, 0x00,
    0x3F, 0x9F, 0xF0, 0x1F, 0xC7, 0xF0, 0x07, 0x81, 0xE0, 0x03, 0xC0, 0xF0, 0x01, 0xE0, 0x78, 0x00,
    0xF0, 0x3C, 0x00, 0x78, 0x1F, 0xF0, 0x3F, 0xFF, 0xFE, 0x1F, 0xFF, 0x87, 0x8F, 0x03, 0xC1, 0xE7,
    0x81, 0xE0, 0xF3, 0xC0, 0xF0, 0x79, 0xE0, 0x78, 0x3C, 0xF0, 0x3C, 0x1E, 0x78, 0x1E, 0x1E, 0x7F,
    0x1F, 0xFE, 0x3F, 0x9F, 0xFE, 0x00, 0x00, 0x00, 0x00, 0x00, 0x00, 0x03, 0xFF, 0xF8, 0x3F, 0xFF,
    0xC1, 0xC7, 0x87, 0x0E, 0x3C, 0x38, 0x71, 0xE1, 0xC1, 0x0F, 0x04, 0x00, 0x78, 0x00, 0x03, 0xDF,
    0x80, 0x1F, 0xFE, 0x00, 0xF8, 0xF8, 0x07, 0x83, 0xC0, 0x3C, 0x1E, 0x01, 0xE0, 0xF0, 0x0F, 0x07,
    0x80, 0x78, 0x3C, 0x0F, 0xF3, 0xF8, 0xFF, 0x9F, 0xC0, 0x00, 0x30, 0x00, 0x1C, 0x00, 0x1C, 0x00,
    0x1C, 0x00, 0x04, 0x00, 0x00, 0x01, 0xFC, 0xFC, 0xFE, 0x7E, 0x3C, 0x1C, 0x1E, 0x1C, 0x0F, 0x0C,
    0x07, 0x8E, 0x03, 0xCE, 0x01, 0xFE, 0x00, 0xFF, 0x80, 0x79, 0xE0, 0x3C, 0x78, 0x1E, 0x3C, 0x0F,
    0x0F, 0x07, 0x87, 0x83, 0xC1, 0xE3, 0xF8, 0xFD, 0xFC, 0x3E, 0x01, 0x80, 0x00, 0x70, 0x00, 0x07,
    0x00, 0x00, 0x70, 0x00, 0x04, 0x00, 0x00, 0x00, 0x1F, 0xC7, 0xF3, 0xF8, 0xFE, 0x3C, 0x07, 0x87,
    0x81, 0xF0, 0xF0, 0x7E, 0x1E, 0x0F, 0xC3, 0xC3, 0x78, 0x78, 0xCF, 0x0F, 0x39, 0xE1, 0xE6, 0x3C,
    0x3D, 0x87, 0x87, 0xF0, 0xF0, 0xFC, 0x1E, 0x1F, 0x03, 0xC3, 0xC0, 0x78, 0xFE, 0x3F, 0x9F, 0xC7,
    0xF0, 0x0E, 0x1C, 0x07, 0x0E, 0x03, 0x8F, 0x00, 0xFF, 0x00, 0x1E, 0x00, 0x00, 0x03, 0xFC, 0x7C,
    0xFE, 0x3E, 0x3C, 0x0E, 0x0F, 0x06, 0x07, 0x83, 0x03, 0xE3, 0x80, 0xF1, 0x80, 0x79, 0xC0, 0x1E,
    0xC0, 0x0F, 0x60, 0x03, 0xE0, 0x01, 0xF0, 0x00, 0x78, 0x00, 0x38, 0x01, 0xFC, 0x00, 0xFC, 0x00,
    0x7C, 0x00, 0x18, 0x00, 0x00, 0x00, 0x1F, 0xCF, 0xF7, 0xF1, 0xF8, 0x70, 0x3C, 0x1C, 0x0F, 0x07,
    0x03, 0xC1, 0xC0, 0xF0, 0x70, 0x3C, 0x1C, 0x0F, 0x07, 0x03, 0xC1, 0xC0, 0xF0, 0x70, 0x3C, 0x1C,
    0x0F, 0x07, 0x03, 0xC1, 0xC0, 0xF0, 0x70, 0x3C, 0x7F, 0xFF, 0xDF, 0xFF, 0xF0, 0x0E, 0x00, 0x03,
    0x80, 0x00, 0xE0, 0x00, 0x38, 0x00, 0x0C, 0x00, 0x00, 0x00, 0x00, 0x7C, 0x00, 0x1F, 0x00, 0x0F,
    0xC0, 0x03, 0xF0, 0x00, 0xDE, 0x00, 0x77, 0x80, 0x1C, 0xE0, 0x06, 0x3C, 0x03, 0x8F, 0x00, 0xE3,
    0xC0, 0x38, 0x78, 0x1F, 0xFE, 0x07, 0xFF, 0x83, 0xC0, 0xF0, 0xE0, 0x3C, 0x7C, 0x1F, 0xBF, 0x8F,
    0xF0, 0x00, 0x00, 0x7F, 0xFC, 0x7F, 0xFC, 0x1E, 0x1C, 0x1E, 0x0C, 0x1E, 0x0C, 0x1E, 0x00, 0x1E,
    0x00, 0x1F, 0xFC, 0x1F, 0xFE, 0x1E, 0x1E, 0x1E, 0x1F, 0x1E, 0x0F, 0x1E, 0x0F, 0x1E, 0x1E, 0x1E,
    0x1E, 0x7F, 0xFC, 0x7F, 0xF8, 0x00, 0x00, 0x00, 0x00, 0x7F, 0xF8, 0x7E, 0x7C, 0x3C, 0x3C, 0x3C,
    0x1E, 0x3C, 0x1C, 0x3C, 0x3C, 0x3C, 0x3C, 0x3F, 0xF0, 0x3F, 0xFC, 0x3C, 0x3E, 0x3C, 0x1E, 0x3C,
    0x1F, 0x3C, 0x1F, 0x3C, 0x1E, 0x3C, 0x1E, 0x7F, 0xFC, 0x7F, 0xF8, 0x00, 0x00, 0x00, 0x01, 0xFF,
    0xF7, 0xFF, 0xC7, 0x87, 0x1E, 0x1C, 0x78, 0x31, 0xE0, 0xC7, 0x83, 0x1E, 0x00, 0x78, 0x01, 0xE0,
    0x07, 0x80, 0x1E, 0x00, 0x78, 0x01, 0xE0, 0x07, 0x80, 0x7F, 0xC1, 0xFF, 0x00, 0x00, 0x00, 0x1F,
    0xFF, 0x8F, 0xFF, 0xC1, 0xC7, 0x80, 0xE3, 0xC0, 0x71, 0xE0, 0x30, 0xF0, 0x18, 0x78, 0x0C, 0x3C,
    0x06, 0x1E, 0x03, 0x0F, 0x01, 0x87, 0x81, 0xC3, 0xC0, 0xC1, 0xE0, 0x60, 0xF0, 0x70, 0x78, 0xFF,
    0xFF, 0x7F, 0xFF, 0xB8, 0x01, 0xDC, 0x00, 0xEE, 0x00, 0x77, 0x00, 0x18, 0x00, 0x00, 0x00, 0x00,
    0xFF, 0xF1, 0xFF, 0xF1, 0xE0, 0xE3, 0xC0, 0xC7, 0x80, 0x0F, 0x08, 0x1E, 0x30, 0x3F, 0xE0, 0x7F,
    0xC0, 0xF1, 0x81, 0xE3, 0x03, 0xC0, 0x07, 0x80, 0x8F, 0x03, 0x9E, 0x07, 0x7F, 0xFE, 0xFF, 0xF8,
    0x00, 0x00, 0x00, 0x3F, 0x3F, 0x9F, 0xDF, 0x9F, 0xCF, 0xC3, 0x83, 0x83, 0x80, 0xE1, 0xC3, 0x80,
    0x70, 0xE1, 0xC0, 0x1C, 0x71, 0xC0, 0x07, 0x39, 0xC0, 0x01, 0xFF, 0xC0, 0x01, 0xFF, 0xF0, 0x01,
    0xE7, 0x3C, 0x01, 0xE3, 0x8F, 0x00, 0xF1, 0xC7, 0x80, 0xF0, 0xE1, 0xE0, 0xF8, 0x70, 0xF8, 0x78,
    0x38, 0x3C, 0xFC, 0x7F, 0x1F, 0xFC, 0x3F, 0x87, 0xC0, 0x00, 0x01, 0xFF, 0x87, 0x9F, 0x1C, 0x3E,
    0x70, 0x79, 0x81, 0xE0, 0x0F, 0x00, 0x3C, 0x0F, 0xC0, 0x3F, 0x80, 0x0F, 0x80, 0x1E, 0x00, 0x7D,
    0x81, 0xF6, 0x07, 0x9C, 0x1E, 0x79, 0xF1, 0xFF, 0x80, 0x00, 0x00, 0x00, 0x00, 0x0F, 0xE3, 0xF9,
    0xFC, 0x7F, 0x1E, 0x03, 0xC3, 0xC0, 0xF8, 0x78, 0x3F, 0x0F, 0x07, 0xE1, 0xE1, 0xBC, 0x3C, 0x67,
    0x87, 0x9C, 0xF0, 0xF3, 0x1E, 0x1E, 0xC3, 0xC3, 0xF8, 0x78, 0x7E, 0x0F, 0x0F, 0x81, 0xE1, 0xE0,
    0x3C, 0x7F, 0x1F, 0xCF, 0xE3, 0xF8, 0x07, 0x0C, 0x00, 0xE1, 0xC0, 0x1C, 0x70, 0x01, 0xFE, 0x00,
    0x0F, 0x00, 0x00, 0x00, 0x1F, 0xC7, 0xF3, 0xF8, 0xFE, 0x3C, 0x07, 0x87, 0x81, 0xF0, 0xF0, 0x7E,
    0x1E, 0x0F, 0xC3, 0xC3, 0x78, 0x78, 0xCF, 0x0F, 0x39, 0xE1, 0xE6, 0x3C, 0x3D, 0x87, 0x87, 0xF0,
    0xF0, 0xFC, 0x1E, 0x1F, 0x03, 0xC3, 0xC0, 0x78, 0xFE, 0x3F, 0x9F, 0xC7, 0xF0, 0x00, 0x00, 0x3F,
    0x9F, 0x9F, 0xCF, 0xC7, 0x83, 0x83, 0xC3, 0x81, 0xE1, 0x80, 0xF1, 0xC0, 0x79, 0xC0, 0x3F, 0xC0,
    0x1F, 0xF0, 0x0F, 0x3C, 0x07, 0x8F, 0x03, 0xC7, 0x81, 0xE1, 0xE0, 0xF0, 0xF0, 0x78, 0x3C, 0x7F,
    0x1F, 0xBF, 0x87, 0xC0, 0x00, 0x00, 0x1F, 0xFF, 0xC7, 0xFF, 0xC0, 0xC3, 0x80, 0x61, 0xC0, 0x70,
    0xE0, 0x38, 0x70, 0x1C, 0x38, 0x0E, 0x1C, 0x07, 0x0E, 0x03, 0x07, 0x01, 0x83, 0x80, 0xC1, 0xC0,
    0xE0, 0xE0, 0x70, 0x71, 0xF0, 0x38, 0xF8, 0xFF, 0x78, 0x7F, 0xC0, 0x00, 0x00, 0x00, 0x00, 0x00,
    0x7F, 0x81, 0xFC, 0x7F, 0x83, 0xFC, 0x1F, 0x83, 0xF0, 0x1F, 0xC3, 0x70, 0x1B, 0xC7, 0x70, 0x1B,
    0xC7, 0x70, 0x19, 0xE6, 0x70, 0x19, 0xE6, 0x78, 0x19, 0xEE, 0x78, 0x38, 0xEE, 0x78, 0x38, 0xFC,
    0x78, 0x38, 0xFC, 0x78, 0x38, 0x7C, 0x78, 0x38, 0x78, 0x78, 0x30, 0x78, 0x3C, 0xFC, 0x78, 0xFE,
    0xFE, 0x30, 0xFF, 0x00, 0x00, 0x0F, 0xE3, 0xF9, 0xFC, 0x7F, 0x1E, 0x03, 0xC3, 0xC0, 0x78, 0x78,
    0x0F, 0x0F, 0x01, 0xE1, 0xE0, 0x3C, 0x3F, 0xFF, 0x87, 0xFF, 0xF0, 0xF0, 0x1E, 0x1E, 0x03, 0xC3,
    0xC0, 0x78, 0x78, 0x0F, 0x0F, 0x01, 0xE1, 0xE0, 0x3C, 0x7F, 0x1F, 0xCF, 0xE3, 0xF8, 0x00, 0x00,
    0x03, 0xFC, 0x07, 0xDF, 0x07, 0x83, 0xC3, 0xC1, 0xE3, 0xC0, 0x79, 0xE0, 0x3C, 0xF0, 0x1E, 0xF8,
    0x0F, 0x7C, 0x07, 0xBE, 0x03, 0xCF, 0x01, 0xE7, 0x80, 0xF3, 0xC0, 0x71, 0xE0, 0x78, 0x78, 0x38,
    0x1F, 0x78, 0x07, 0xF8, 0x00, 0x00, 0x00, 0x00, 0x00, 0x1F, 0xFF, 0xF7, 0xFF, 0xFC, 0x78, 0x3C,
    0x1E, 0x0F, 0x07, 0x83, 0xC1, 0xE0, 0xF0, 0x78, 0x3C, 0x1E, 0x0F, 0x07, 0x83, 0xC1, 0xE0, 0xF0,
    0x78, 0x3C, 0x1E, 0x0F, 0x07, 0x83, 0xC1, 0xE0, 0xF0, 0x78, 0x3C, 0x7F, 0x1F, 0xDF, 0xCF, 0xF0,
    0x00, 0x00, 0xFF, 0xF1, 0xFB, 0xF1, 0xE1, 0xE3, 0xC1, 0xE7, 0x83, 0xCF, 0x07, 0x9E, 0x0F, 0x3C,
    0x1C, 0x78, 0x78, 0xFF, 0xE1, 0xFF, 0x03, 0xC0, 0x07, 0x80, 0x0F, 0x00, 0x1E, 0x00, 0x7F, 0x80,
    0xFF, 0x00, 0x00, 0x00, 0x0F, 0xF8, 0x7F, 0xF1, 0xE0, 0xE3, 0x81, 0xCF, 0x03, 0x9E, 0x00, 0x7C,
    0x00, 0xF8, 0x01, 0xE0, 0x03, 0xE0, 0x07, 0xC0, 0x0F, 0x80, 0x0F, 0x01, 0x9F, 0x03, 0x1E, 0x0E,
    0x1F, 0xFC, 0x1F, 0xF8, 0x00, 0x00, 0x00, 0x00, 0x7F, 0xFF, 0x7F, 0xFF, 0xE3, 0xC7, 0xE3, 0xC7,
    0xE3, 0xC7, 0xE3, 0xC3, 0xC3, 0xC3, 0x03, 0xC0, 0x03, 0xC0, 0x03, 0xC0, 0x03, 0xC0, 0x03, 0xC0,
    0x03, 0xC0, 0x03, 0xC0, 0x03, 0xC0, 0x0F, 0xF8, 0x1F, 0xF8, 0x00, 0x00, 0x7F, 0x8F, 0x9F, 0xC7,
    0xC7, 0x81, 0xC1, 0xE0, 0xC0, 0xF0, 0x60, 0x7C, 0x70, 0x1E, 0x30, 0x0F, 0x38, 0x03, 0xD8, 0x01,
    0xEC, 0x00, 0x7C, 0x00, 0x3E, 0x00, 0x0F, 0x00, 0x07, 0x00, 0x3F, 0x80, 0x1F, 0x80, 0x0F, 0x80,
    0x03, 0x00, 0x00, 0x01, 0xFC, 0x00, 0x0F, 0xF0, 0x00, 0x1E, 0x00, 0x03, 0xFC, 0x00, 0xFF, 0xFC,
    0x1F, 0x38, 0xF1, 0xE1, 0xC3, 0xCF, 0x0E, 0x1E, 0x78, 0x70, 0x7F, 0x83, 0x83, 0xDE, 0x1C, 0x3E,
    0xF0, 0xE1, 0xE7, 0xC7, 0x0E, 0x1F, 0x39, 0xE0, 0x3F, 0xFE, 0x00, 0x0F, 0x00, 0x00, 0x78, 0x00,
    0x1F, 0xF0, 0x00, 0x7F, 0x00, 0x00, 0x00, 0x7F, 0x9F, 0xBF, 0xCF, 0xC7, 0xC1, 0x81, 0xE1, 0x80,
    0x79, 0xC0, 0x3C, 0xC0, 0x0F, 0xC0, 0x03, 0xC0, 0x01, 0xE0, 0x00, 0xF8, 0x00, 0xDE, 0x00, 0xEF,
    0x80, 0x63, 0xC0, 0x70, 0xF0, 0x70, 0x7C, 0xFC, 0x7F, 0x7F, 0x3F, 0xC0, 0x00, 0x00, 0x1F, 0xE7,
    0xF7, 0xF1, 0xFC, 0x70, 0x3C, 0x1C, 0x0F, 0x07, 0x03, 0xC1, 0xC0, 0xF0, 0x70, 0x3C, 0x1C, 0x0F,
    0x07, 0x03, 0xC1, 0xC0, 0xF0, 0x70, 0x3C, 0x1C, 0x0F, 0x07, 0x03, 0xC1, 0xC0, 0xF0, 0x70, 0x3C,
    0x7F, 0xFF, 0xDF, 0xFF, 0xF0, 0x00, 0x3C, 0x00, 0x07, 0x00, 0x01, 0x80, 0x00, 0x60, 0x00, 0x00,
    0x00, 0x00, 0xFE, 0x7F, 0xFE, 0x7F, 0x78, 0x3C, 0x78, 0x3C, 0x78, 0x3C, 0x78, 0x3C, 0x78, 0x3C,
    0x38, 0x3C, 0x3E, 0x7C, 0x1F, 0xFC, 0x0F, 0xFC, 0x00, 0x3C, 0x00, 0x3C, 0x00, 0x3C, 0x00, 0x3C,
    0x00, 0xFF, 0x00, 0xFF, 0x00, 0x00, 0x00, 0x1F, 0xCF, 0xEF, 0xF7, 0xF3, 0xF9, 0xF8, 0x78, 0x78,
    0x3C, 0x1E, 0x1E, 0x0F, 0x07, 0x87, 0x83, 0xC1, 0xE1, 0xE0, 0xF0, 0x78, 0x78, 0x3C, 0x1E, 0x1E,
    0x0F, 0x07, 0x87, 0x83, 0xC1, 0xE1, 0xE0, 0xF0, 0x78, 0x78, 0x3C, 0x1E, 0x1E, 0x0F, 0x07, 0x87,
    0x83, 0xC1, 0xE1, 0xE0, 0xF0, 0x78, 0x78, 0x3C, 0x7F, 0xFF, 0xFF, 0x9F, 0xFF, 0xFF, 0xF0, 0x00,
    0x00, 0x00, 0x1F, 0xCF, 0xEF, 0xF7, 0xF3, 0xF9, 0xF8, 0x78, 0x78, 0x3C, 0x1E, 0x1E, 0x0F, 0x07,
    0x87, 0x83, 0xC1, 0xE1, 0xE0, 0xF0, 0x78, 0x78, 0x3C, 0x1E, 0x1E, 0x0F, 0x07, 0x87, 0x83, 0xC1,
    0xE1, 0xE0, 0xF0, 0x78, 0x78, 0x3C, 0x1E, 0x1E, 0x0F, 0x07, 0x87, 0x83, 0xC1, 0xE1, 0xE0, 0xF0,
    0x78, 0x78, 0x3C, 0x7F, 0xFF, 0xFF, 0xDF, 0xFF, 0xFF, 0xF0, 0x00, 0x00, 0x1C, 0x00, 0x00, 0x07,
    0x00, 0x00, 0x01, 0xC0, 0x00, 0x00, 0x70, 0x00, 0x00, 0x00, 0x00, 0x00, 0x0F, 0xFE, 0x01, 0xFF,
    0xC0, 0x31, 0xE0, 0x0E, 0x3C, 0x01, 0xC7, 0x80, 0x38, 0xF0, 0x07, 0x1F, 0xF0, 0x03, 0xFF, 0x80,
    0x78, 0xF8, 0x0F, 0x07, 0x81, 0xE0, 0xF0, 0x3C, 0x1E, 0x07, 0x83, 0xC0, 0xF0, 0x78, 0x1E, 0x1E,
    0x07, 0xFF, 0x81, 0xFF, 0xE0, 0x00, 0x00, 0x00, 0x00, 0x00, 0x00, 0x7F, 0x80, 0xFF, 0x7F, 0x00,
    0xFF, 0x1C, 0x00, 0x3C, 0x1C, 0x00, 0x3C, 0x1C, 0x00, 0x3C, 0x1C, 0x00, 0x3C, 0x1F, 0xF0, 0x3C,
    0x1F, 0xFC, 0x3C, 0x1C, 0x3C, 0x3C, 0x1C, 0x1E, 0x3C, 0x1C, 0x1E, 0x3C, 0x1C, 0x1E, 0x3C, 0x1C,
    0x1E, 0x3C, 0x1C, 0x1E, 0x3C, 0x1C, 0x3C, 0x3C, 0x7F, 0xFC, 0xFE, 0x7F, 0xF0, 0xFF, 0x00, 0x00,
    0x00, 0x00, 0x00, 0x7F, 0x80, 0x7F, 0x00, 0x1C, 0x00, 0x1C, 0x00, 0x1C, 0x00, 0x1C, 0x00, 0x1F,
    0xF0, 0x1F, 0xFC, 0x1C, 0x3C, 0x1C, 0x1E, 0x1C, 0x1E, 0x1C, 0x1E, 0x1C, 0x1E, 0x1C, 0x1E, 0x1C,
    0x3C, 0x7F, 0xFC, 0x7F, 0xF0, 0x00, 0x00, 0x00, 0x01, 0xFF, 0x0F, 0xFE, 0x38, 0x3C, 0xE0, 0x7B,
    0x81, 0xE0, 0x07, 0xC0, 0x1F, 0x1F, 0xFC, 0x7F, 0xF1, 0xC7, 0xC0, 0x0F, 0x00, 0x7B, 0x01, 0xEE,
    0x07, 0xB8, 0x3C, 0xFB, 0xE3, 0xFE, 0x00, 0x00, 0x00, 0x00, 0x00, 0x00, 0x3F, 0x83, 0xFC, 0x1F,
    0xC3, 0xEF, 0x07, 0x83, 0xC3, 0xC3, 0xC3, 0xC0, 0xF1, 0xE1, 0xE0, 0x78, 0xF0, 0xF0, 0x3C, 0x78,
    0xF0, 0x1F, 0x3F, 0xF8, 0x0F, 0x9F, 0xFC, 0x03, 0xCF, 0x9E, 0x03, 0xE7, 0x8F, 0x01, 0xF3, 0xC7,
    0xC0, 0xF1, 0xE1, 0xE0, 0x78, 0xF0, 0xF0, 0x38, 0x78, 0x3C, 0x3C, 0x7F, 0x0F, 0xFC, 0x3F, 0x83,
    0xFC, 0x00, 0x00, 0x00, 0x00, 0x00, 0x00, 0x0F, 0xFF, 0x1F, 0xFF, 0x3C, 0x3C, 0x3C, 0x3C, 0x3C,
    0x3C, 0x3C, 0x3C, 0x3C, 0x3C, 0x3E, 0x3C, 0x1F, 0xFC, 0x07, 0xFC, 0x0F, 0x3C, 0x1E, 0x3C, 0x1E,
    0x3C, 0x3C, 0x3C, 0x3C, 0x3C, 0xF8, 0x7F, 0xF8, 0xFF, 0x00, 0x00, 0xFE, 0x1F, 0xF8, 0xF7, 0xC0,
    0x0E, 0x00, 0x70, 0x3F, 0x87, 0xFC, 0x78, 0xE7, 0x87, 0x3C, 0x39, 0xF3, 0xC7, 0xFF, 0x1F, 0x7C,
    0x00, 0x00, 0x00, 0x18, 0x03, 0xE0, 0x7F, 0x83, 0xFC, 0x1F, 0x80, 0xE0, 0x07, 0x00, 0x1D, 0xF8,
    0x7F, 0xF1, 0xE3, 0xE7, 0x87, 0xBC, 0x1E, 0xF0, 0x7B, 0xC1, 0xE7, 0x87, 0x9E, 0x1E, 0x78, 0x79,
    0xE1, 0xC3, 0xDE, 0x07, 0xF0, 0x00, 0x00, 0x7F, 0xE1, 0xFF, 0xC3, 0xC7, 0x8F, 0x1E, 0x3C, 0x78,
    0xFF, 0xC3, 0xFF, 0x0F, 0x3E, 0x3C, 0x3C, 0xF0, 0xF3, 0xC7, 0x9F, 0xFE, 0x7F, 0xF0, 0x00, 0x00,
    0x7F, 0xF7, 0xFF, 0x3C, 0x73, 0xC7, 0x3C, 0x73, 0xC2, 0x3C, 0x03, 0xC0, 0x3C, 0x03, 0xC0, 0x3C,
    0x07, 0xF0, 0x7F, 0x80, 0x1F, 0xFE, 0x3F, 0xFC, 0x18, 0xE0, 0x31, 0xC0, 0xE3, 0x81, 0xC7, 0x03,
    0x0E, 0x06, 0x1C, 0x0C, 0x38, 0x18, 0x70, 0x70, 0xE3, 0xFF, 0xF7, 0xFF, 0xEE, 0x01, 0xDC, 0x03,
    0xB8, 0x07, 0x60, 0x0E, 0x00, 0x00, 0x00, 0x00, 0xFC, 0x3F, 0xE3, 0x8F, 0x78, 0xF7, 0x0F, 0xFF,
    0xFF, 0xFF, 0xF0, 0x07, 0x80, 0x78, 0x07, 0xC2, 0x3F, 0xF1, 0xFC, 0x00, 0x00, 0x7C, 0xFD, 0xF9,
    0xF3, 0xF7, 0xE1, 0x87, 0x8E, 0x03, 0x1E, 0x30, 0x0E, 0x79, 0x80, 0x1F, 0xFE, 0x00, 0xFF, 0xF8,
    0x07, 0xDE, 0xF0, 0x1E, 0x79, 0xE0, 0xF1, 0xE7, 0x83, 0xC7, 0x8F, 0x3E, 0x3F, 0x3E, 0xF8, 0xFC,
    0x7C, 0x00, 0x07, 0xF8, 0x7F, 0xC7, 0x1E, 0x61, 0xE6, 0x1C, 0x07, 0xC1, 0xF8, 0x03, 0xE0, 0x1E,
    0xE1, 0xEE, 0x1E, 0x73, 0xE7, 0xFC, 0x00, 0x00, 0x7E, 0x7E, 0x7E, 0x7E, 0x3C, 0x3C, 0x3C, 0x7C,
    0x3C, 0x7C, 0x3C, 0xFC, 0x3D, 0xBC, 0x3F, 0xBC, 0x3F, 0x3C, 0x3E, 0x3C, 0x3C, 0x3C, 0x7E, 0x7E,
    0x7E, 0x7F, 0x0C, 0x30, 0x0E, 0x70, 0x0E, 0x70, 0x07, 0xE0, 0x00, 0x00, 0x00, 0x00, 0x7E, 0x7E,
    0x7E, 0x7E, 0x3C, 0x3C, 0x3C, 0x7C, 0x3C, 0x7C, 0x3C, 0xFC, 0x3D, 0xBC, 0x3F, 0xBC, 0x3F, 0x3C,
    0x3E, 0x3C, 0x3C, 0x3C, 0x7E, 0x7E, 0x7E, 0x7F, 0x7E, 0x7C, 0xFC, 0xF8, 0xF0, 0xC1, 0xE3, 0x83,
    0xCE, 0x07, 0xF8, 0x0F, 0xF8, 0x1E, 0xF8, 0x3C, 0xF0, 0x78, 0xF0, 0xF1, 0xE3, 0xF1, 0xF7, 0xF3,
    0xE0, 0x3F, 0xFC, 0xFF, 0xE1, 0xCF, 0x07, 0x3C, 0x1C, 0xF0, 0x73, 0xC1, 0xCF, 0x06, 0x3C, 0x18,
    0xF0, 0xE3, 0xCF, 0x8F, 0x3C, 0x7E, 0xF1, 0xFC, 0x00, 0x00, 0x7F, 0x0F, 0xEF, 0xE3, 0xFC, 0x7C,
    0x7E, 0x1F, 0xCF, 0xC3, 0xF9, 0xF8, 0x7F, 0x6F, 0x0C, 0xED, 0xE1, 0x9F, 0x9C, 0x33, 0xF3, 0x86,
    0x3C, 0x70, 0xC7, 0x8E, 0x7C, 0xF3, 0xFF, 0xCC, 0xFE, 0x7E, 0x7E, 0x7E, 0x7E, 0x3C, 0x3C, 0x3C,
    0x3C, 0x3C, 0x3C, 0x3F, 0xFC, 0x3F, 0xFC, 0x3C, 0x3C, 0x3C, 0x3C, 0x3C, 0x3C, 0x3C, 0x3C, 0x7E,
    0x7E, 0x7E, 0x7F, 0x00, 0x00, 0x3F, 0x03, 0xFE, 0x0E, 0x3C, 0x78, 0x79, 0xE1, 0xEF, 0x07, 0xBC,
    0x1E, 0xF0, 0x79, 0xE1, 0xE7, 0x87, 0x9E, 0x1C, 0x3F, 0xE0, 0x7F, 0x00, 0x00, 0x00, 0x7F, 0xFE,
    0x7F, 0xFE, 0x3C, 0x3C, 0x3C, 0x3C, 0x3C, 0x3C, 0x3C, 0x3C, 0x3C, 0x3C, 0x3C, 0x3C, 0x3C, 0x3C,
    0x3C, 0x3C, 0x3C, 0x3C, 0x7E, 0x7E, 0x7E, 0xFE, 0x00, 0x01, 0xEF, 0xCF, 0xFF, 0x8F, 0x1E, 0x3C,
    0x3C, 0xF0, 0xF3, 0xC3, 0xCF, 0x0F, 0x3C, 0x3C, 0xF0, 0xF3, 0xC3, 0x8F, 0x1E, 0x3C, 0xF0, 0xFF,
    0x83, 0xC0, 0x0F, 0x00, 0x3C, 0x00, 0xF0, 0x07, 0xF0, 0x1F, 0xC0, 0x00, 0x00, 0xFE, 0x3F, 0xE3,
    0x8E, 0x78, 0xE7, 0x86, 0x70, 0x0F, 0x00, 0xF0, 0x07, 0x80, 0x78, 0x07, 0xC2, 0x3F, 0xE1, 0xFC,
    0x00, 0x00, 0x7F, 0xFF, 0xFF, 0xFE, 0x79, 0xF9, 0xE7, 0xE7, 0x9D, 0x1E, 0x20, 0x78, 0x01, 0xE0,
    0x07, 0x80, 0x1E, 0x00, 0x78, 0x07, 0xF8, 0x1F, 0xF0, 0xFC, 0xFF, 0xF1, 0xF7, 0x83, 0x9E, 0x1C,
    0x3C, 0x70, 0xF1, 0xC1, 0xCE, 0x07, 0xB8, 0x1E, 0xE0, 0x3B, 0x00, 0xFC, 0x01, 0xE0, 0x07, 0x80,
    0x0E, 0x00, 0x30, 0x01, 0xC0, 0x3E, 0x00, 0xF8, 0x03, 0x80, 0x00, 0x01, 0xF0, 0x00, 0x1F, 0x00,
    0x00, 0xF0, 0x00, 0x0F, 0x00, 0x00, 0xF0, 0x00, 0x0F, 0x00, 0x0F, 0xFF, 0x83, 0xFF, 0xFC, 0x38,
    0xF1, 0xE7, 0x8F, 0x1E, 0x78, 0xF0, 0xE7, 0x0F, 0x0F, 0xF0, 0xF0, 0xFF, 0x0F, 0x0F, 0x70, 0xF0,
    0xE7, 0x8F, 0x1E, 0x78, 0xF1, 0xE3, 0xFF, 0xFC, 0x1F, 0xFF, 0x80, 0x4F, 0x40, 0x00, 0xF0, 0x00,
    0x0F, 0x00, 0x00, 0xF0, 0x00, 0x3F, 0xC0, 0x01, 0xFC, 0x00, 0xFE, 0x7F, 0xF9, 0xF3, 0xC3, 0x07,
    0x98, 0x1F, 0xE0, 0x3F, 0x00, 0x78, 0x03, 0xF0, 0x0D, 0xE0, 0x67, 0xC3, 0x8F, 0x3F, 0x3F, 0xFD,
    0xFC, 0x7E, 0xFE, 0x7E, 0x7E, 0x3C, 0x3C, 0x3C, 0x3C, 0x3C, 0x3C, 0x3C, 0x3C, 0x3C, 0x3C, 0x3C,
    0x3C, 0x3C, 0x3C, 0x3C, 0x3C, 0x3C, 0x3C, 0x7F, 0xFE, 0x7F, 0xFF, 0x00, 0x0E, 0x00, 0x0E, 0x00,
    0x06, 0x00, 0x06, 0x00, 0x00, 0xFC, 0xFD, 0xF9, 0xF9, 0xE1, 0xE3, 0xC3, 0xC7, 0x87, 0x87, 0x0F,
    0x0F, 0xBE, 0x0F, 0xFC, 0x0F, 0x78, 0x00, 0xF0, 0x01, 0xE0, 0x07, 0xE0, 0x1F, 0xC0, 0x7E, 0xFF,
    0xFD, 0xFB, 0xFB, 0xF3, 0xC3, 0x87, 0x8F, 0x0E, 0x1E, 0x3C, 0x38, 0x78, 0xF0, 0xE1, 0xE3, 0xC3,
    0x87, 0x8F, 0x0E, 0x1E, 0x3C, 0x38, 0x78, 0xF0, 0xE1, 0xE3, 0xC3, 0x87, 0x9F, 0xFF, 0xFF, 0x7F,
    0xFF, 0xFC, 0x7E, 0xFF, 0xFC, 0xFD, 0xFD, 0xF8, 0xF0, 0xE1, 0xE1, 0xE1, 0xC3, 0xC3, 0xC3, 0x87,
    0x87, 0x87, 0x0F, 0x0F, 0x0E, 0x1E, 0x1E, 0x1C, 0x3C, 0x3C, 0x38, 0x78, 0x78, 0x70, 0xF0, 0xF0,
    0xE1, 0xE3, 0xFF, 0xFF, 0xE7, 0xFF, 0xFF, 0xC0, 0x00, 0x03, 0x80, 0x00, 0x07, 0x00, 0x00, 0x0E,
    0x00, 0x00, 0x1C, 0x00, 0x00, 0x00, 0x7F, 0xE0, 0xFF, 0xE0, 0xE7, 0x80, 0xE7, 0x80, 0xE7, 0x80,
    0x47, 0xFC, 0x07, 0xFE, 0x07, 0x8F, 0x07, 0x8F, 0x07, 0x8F, 0x07, 0x8F, 0x1F, 0xFE, 0x1F, 0xFC,
    0x00, 0x00, 0x7F, 0x07, 0xF3, 0xF8, 0x3F, 0x8F, 0x00, 0x78, 0x78, 0x03, 0xC3, 0xC0, 0x1E, 0x1F,
    0xF0, 0xF0, 0xFF, 0xC7, 0x87, 0x8F, 0x3C, 0x3C, 0x79, 0xE1, 0xE3, 0xCF, 0x0F, 0x1E, 0x78, 0xFF,
    0xE7, 0xE7, 0xFE, 0x7F, 0x00, 0x00, 0x00, 0x7F, 0x03, 0xF8, 0x0F, 0x00, 0x78, 0x03, 0xC0, 0x1F,
    0xF0, 0xFF, 0xC7, 0x8F, 0x3C, 0x79, 0xE3, 0xCF, 0x1E, 0xFF, 0xE7, 0xFE, 0x00, 0x00, 0x00, 0x07,
    0xF8, 0x7F, 0xC7, 0x1E, 0x61, 0xE0, 0x0F, 0x08, 0xF1, 0xFF, 0x1F, 0xF0, 0x0F, 0x60, 0xE7, 0x1E,
    0x73, 0xC7, 0xF8, 0x0C, 0x00, 0x00, 0x00, 0x03, 0xF0, 0xFE, 0x1F, 0x8F, 0xF8, 0x78, 0xF1, 0xE3,
    0xC7, 0x0F, 0x1E, 0x78, 0x3C, 0xFF, 0xC1, 0xE7, 0xFE, 0x0F, 0x3C, 0xF0, 0x79, 0xE7, 0x83, 0xCF,
    0x1C, 0x1C, 0x78, 0xF1, 0xE7, 0xE3, 0xFE, 0x3F, 0x0F, 0xE0, 0x00, 0x00, 0x00, 0x1F, 0xF8, 0xFF,
    0xE7, 0x8F, 0x1E, 0x3C, 0x78, 0xF1, 0xE3, 0xC3, 0xFF, 0x07, 0xFC, 0x1C, 0xF0, 0xF3, 0xC3, 0x8F,
    0x3E, 0x7E, 0xF1, 0xFC, 0x00, 0x01, 0xC0, 0x1C, 0x01, 0xE0, 0x0F, 0x00, 0x70, 0x00, 0x00, 0x00,
    0x0F, 0xC3, 0xFE, 0x38, 0xF7, 0x8F, 0x70, 0xFF, 0xFF, 0xFF, 0xFF, 0x00, 0x78, 0x07, 0x80, 0x7C,
    0x23, 0xFF, 0x1F, 0xC0, 0x00, 0x18, 0xC3, 0xCE, 0x3D, 0xE1, 0xCE, 0x00, 0x00, 0x00, 0x0F, 0xC3,
    0xFE, 0x38, 0xF7, 0x8F, 0x70, 0xFF, 0xFF, 0xFF, 0xFF, 0x00, 0x78, 0x07, 0x80, 0x7C, 0x23, 0xFF,
    0x1F, 0xC0, 0x00, 0x78, 0x03, 0xF0, 0x03, 0xC0, 0x1F, 0xC0, 0xFF, 0x80, 0xF0, 0x03, 0xC0, 0x0F,
    0x7C, 0x3F, 0xF8, 0xF9, 0xE3, 0xC3, 0xCF, 0x0F, 0x3C, 0x3C, 0xF0, 0xF3, 0xC3, 0xCF, 0x0F, 0x3C,
    0x3D, 0xF8, 0xF7, 0xE3, 0xC0, 0x0F, 0x00, 0x3C, 0x00, 0xE0, 0x07, 0x80, 0x7C, 0x01, 0xE0, 0x00,
    0x00, 0x1C, 0x03, 0xC0, 0x3C, 0x07, 0x80, 0xE0, 0x00, 0x00, 0x00, 0x7F, 0xF7, 0xFF, 0x3C, 0x73,
    0xC7, 0x3C, 0x73, 0xC2, 0x3C, 0x03, 0xC0, 0x3C, 0x03, 0xC0, 0x3C, 0x07, 0xF0, 0x7F, 0x80, 0x00,
    0x00, 0xFE, 0x1F, 0xE3, 0x8E, 0x78, 0x67, 0x00, 0x77, 0x8F, 0xF8, 0xF7, 0x87, 0x00, 0x78, 0x67,
    0x86, 0x3E, 0xE1, 0xFE, 0x03, 0x00, 0x00, 0x0F, 0xE7, 0xFB, 0x86, 0xF1, 0xBE, 0x0F, 0xE1, 0xFE,
    0x3F, 0xC1, 0xFC, 0x3F, 0x87, 0xF3, 0xFF, 0xE0, 0x00, 0x18, 0x3C, 0x3C, 0x3C, 0x00, 0x00, 0x7C,
    0x7C, 0x3C, 0x3C, 0x3C, 0x3C, 0x3C, 0x3C, 0x3C, 0x3C, 0x3C, 0x7E, 0x7F, 0x61, 0x9C, 0xEF, 0x39,
    0xCE, 0x00, 0x00, 0x03, 0xE0, 0xF8, 0x1E, 0x07, 0x81, 0xE0, 0x78, 0x1E, 0x07, 0x81, 0xE0, 0x78,
    0x1E, 0x0F, 0xC3, 0xF8, 0x0C, 0x3C, 0x78, 0xF0, 0x00, 0x0F, 0x9F, 0x1E, 0x3C, 0x78, 0xF1, 0xE3,
    0xC7, 0x8F, 0x1E, 0x3C, 0x78, 0xF1, 0xE3, 0xCF, 0x3C, 0x70, 0x3F, 0xF8, 0x07, 0xFF, 0x00, 0x73,
    0xC0, 0x0E, 0x78, 0x01, 0xCF, 0x00, 0x39, 0xFF, 0x06, 0x3F, 0xF0, 0xC7, 0x8F, 0x18, 0xF1, 0xE7,
    0x1E, 0x3F, 0xE3, 0xC7, 0xF8, 0xFF, 0xEF, 0x1F, 0xF8, 0x00, 0x00, 0x00, 0x7E, 0x7E, 0x01, 0xF9,
    0xF8, 0x03, 0xC3, 0xC0, 0x0F, 0x0F, 0x00, 0x3C, 0x3C, 0x00, 0xFF, 0xFF, 0x83, 0xFF, 0xFF, 0x0F,
    0x0F, 0x1E, 0x3C, 0x3C, 0x78, 0xF0, 0xF1, 0xE3, 0xC3, 0xC7, 0x9F, 0x9F, 0xFC, 0x7E, 0x7F, 0xE0,
    0x00, 0x00, 0x00, 0x78, 0x01, 0xF8, 0x00, 0xF0, 0x03, 0xFC, 0x0F, 0xF8, 0x07, 0x80, 0x0F, 0x7C,
    0x1F, 0xFC, 0x3E, 0x78, 0x78, 0x78, 0xF0, 0xF1, 0xE1, 0xE3, 0xC3, 0xC7, 0x87, 0x8F, 0x0F, 0x1E,
    0x1E, 0x3C, 0x3C, 0xFC, 0xFD, 0xF9, 0xF8, 0x00, 0x00, 0x00, 0xC0, 0x03, 0xC0, 0x07, 0x80, 0x1C,
    0x00, 0x70, 0x00, 0x00, 0x00, 0x00, 0x7E, 0x7C, 0xFC, 0xF8, 0xF0, 0xC1, 0xE3, 0x83, 0xCE, 0x07,
    0xF8, 0x0F, 0xF8, 0x1E, 0xF8, 0x3C, 0xF0, 0x78, 0xF0, 0xF1, 0xE3, 0xF1, 0xF7, 0xF3, 0xE0, 0x00,
    0x00, 0x06, 0x00, 0x0F, 0x00, 0x07, 0x80, 0x03, 0x80, 0x01, 0xC0, 0x00, 0x00, 0x00, 0x00, 0x7E,
    0x7E, 0x7E, 0x7E, 0x3C, 0x3C, 0x3C, 0x7C, 0x3C, 0x7C, 0x3C, 0xFC, 0x3D, 0xBC, 0x3F, 0xBC, 0x3F,
    0x3C, 0x3E, 0x3C, 0x3C, 0x3C, 0x7E, 0x7E, 0x7E, 0x7F, 0x18, 0xE0, 0x63, 0x81, 0xCE, 0x03, 0xF0,
    0x00, 0x00, 0x00, 0x0F, 0xCF, 0xFF, 0x1F, 0x78, 0x39, 0xE1, 0xC3, 0xC7, 0x0F, 0x1C, 0x1C, 0xE0,
    0x7B, 0x81, 0xEE, 0x03, 0xB0, 0x0F, 0xC0, 0x1E, 0x00, 0x78, 0x00, 0xE0, 0x03, 0x00, 0x1C, 0x03,
    0xE0, 0x0F, 0x80, 0x38, 0x00, 0x7E, 0xFE, 0xFC, 0xFC, 0xF0, 0xF1, 0xE1, 0xE3, 0xC3, 0xC7, 0x87,
    0x8F, 0x0F, 0x1E, 0x1E, 0x3C, 0x3C, 0x78, 0x78, 0xF0, 0xF3, 0xFF, 0xF7, 0xFF, 0xE0, 0x78, 0x00,
    0xE0, 0x00, 0xC0, 0x01, 0x80, 0x02, 0x00, 0x00, 0x00, 0x00, 0xC0, 0x30, 0x1C, 0x01, 0x83, 0x80,
    0x1C, 0x38, 0x01, 0xE7, 0x82, 0x0E, 0x78, 0x70, 0xF7, 0x8F, 0x0F, 0xF0, 0xF0, 0xFF, 0x0F, 0x0F,
    0xF0, 0x70, 0xFF, 0x87, 0x0F, 0x78, 0x60, 0xF7, 0x87, 0x0F, 0x78, 0x71, 0xE3, 0xCF, 0x9E, 0x3F,
    0xDF, 0xC1, 0xF8, 0xF8, 0x00, 0x00, 0x00, 0x00, 0x00, 0x03, 0x83, 0x81, 0xC0, 0xF0, 0xF0, 0x1E,
    0x78, 0x43, 0x9E, 0x38, 0xF7, 0x9E, 0x3F, 0xC3, 0x8F, 0xF0, 0xE3, 0xDE, 0x38, 0xF7, 0x8E, 0x3D,
    0xE3, 0x8E, 0x3F, 0xFF, 0x87, 0xCF, 0xC0, 0x00, 0x00, 0x0F, 0xE0, 0x03, 0xF8, 0x00, 0x78, 0x00,
    0x1E, 0x00, 0xFF, 0xFE, 0x3F, 0xFF, 0x8C, 0x78, 0xE3, 0x1E, 0x18, 0x07, 0x80, 0x01, 0xFF, 0x00,
    0x7F, 0xF0, 0x1E, 0x3E, 0x07, 0x83, 0xC1, 0xE0, 0xF0, 0x78, 0x3C, 0x1E, 0x0F, 0x07, 0x87, 0x83,
    0xFF, 0xE1, 0xFF, 0xE0, 0x00, 0x00, 0x0F, 0x80, 0x07, 0xC0, 0x01, 0xE0, 0x00, 0xF0, 0x00, 0x78,
    0x00, 0x3C, 0x03, 0xFF, 0xF1, 0xFF, 0xF8, 0xE7, 0x9C, 0x73, 0xCE, 0x01, 0xE0, 0x00, 0xFF, 0xC0,
    0x7F, 0xF0, 0x3C, 0x78, 0x1E, 0x1E, 0x0F, 0x0F, 0x07, 0x8F, 0x0F, 0xFF, 0x87, 0xFF, 0x80, 0x00,
    0x00, 0x00, 0x00, 0x00, 0x7F, 0x83, 0xFE, 0x7F, 0x0F, 0xFE, 0x1E, 0x1E, 0x0E, 0x1E, 0x3C, 0x0E,
    0x1E, 0x3C, 0x0E, 0x1E, 0x3C, 0x00, 0x1E, 0x78, 0x00, 0x1E, 0x7C, 0x00, 0x1F, 0xFF, 0xE0, 0x1F,
    0xFF, 0xC0, 0x1E, 0x7C, 0x00, 0x1E, 0x7C, 0x00, 0x1E, 0x3C, 0x06, 0x1E, 0x3C, 0x0E, 0x1E, 0x1E,
    0x0E, 0x7F, 0x0F, 0xFE, 0x7F, 0x87, 0xFC, 0x00, 0x00, 0x00, 0x00, 0x00, 0x0F, 0xC1, 0xFD, 0xF8,
    0xFF, 0x9E, 0x3C, 0x73, 0xC7, 0x0E, 0x79, 0xE0, 0x0F, 0x3C, 0x01, 0xFF, 0xF8, 0x3F, 0xFF, 0x07,
    0x9E, 0x00, 0xF1, 0xE0, 0x1E, 0x3E, 0x37, 0xE3, 0xFE, 0xFC, 0x3F, 0x80, 0x00, 0x00, 0x00, 0x00,
    0x00, 0x7C, 0x00, 0x1F, 0x00, 0x0F, 0xC0, 0x03, 0xF0, 0x00, 0xDE, 0x00, 0x77, 0x80, 0x1C, 0xE0,
    0x06, 0x3C, 0x03, 0x8F, 0x00, 0xE3, 0xC0, 0x38, 0x78, 0x1F, 0xFE, 0x07, 0xFF, 0x83, 0xCC, 0xF0,
    0xE3, 0x3C, 0x7C, 0xDF, 0xBF, 0xBF, 0xF0, 0x01, 0xF0, 0x00, 0xFC, 0x00, 0x3F, 0x00, 0x0D, 0xE0,
    0x07, 0x78, 0x01, 0x8F, 0x00, 0xFF, 0xC0, 0x3F, 0xF0, 0x1C, 0xDE, 0x07, 0x37, 0x81, 0xCC, 0xF1,
    0xF3, 0x7E, 0x7E, 0xDF, 0x80, 0x00, 0x00, 0x00, 0x07, 0xFF, 0xFC, 0x01, 0xFF, 0xFC, 0x00, 0xE0,
    0x1E, 0x00, 0x38, 0x0E, 0x00, 0x0E, 0x0E, 0x00, 0x03, 0x8E, 0x00, 0x00, 0xEE, 0x00, 0x00, 0x7F,
    0x00, 0x01, 0xFF, 0xF0, 0x01, 0xE7, 0x3C, 0x01, 0xE3, 0x8F, 0x00, 0xF1, 0xC7, 0x80, 0xF0, 0xE1,
    0xE0, 0xF8, 0x70, 0xF8, 0x78, 0x38, 0x3C, 0xFC, 0x7F, 0x1F, 0x7C, 0x3F, 0x87, 0xC0, 0x07, 0xFF,
    0xE0, 0x07, 0xFF, 0xE0, 0x03, 0x81, 0xC0, 0x01, 0xC3, 0x80, 0x00, 0xE7, 0x00, 0x00, 0x7E, 0x00,
    0x07, 0xFF, 0xE0, 0x07, 0xBD, 0xF0, 0x0F, 0x3C, 0xF0, 0x1E, 0x3C, 0x78, 0x1E, 0x3C, 0x7C, 0x7C,
    0x7E, 0x3E, 0x7C, 0xFF, 0x1E, 0x00, 0x00, 0x71, 0x80, 0xFE, 0x01, 0xF0, 0x03, 0x80, 0x00, 0x03,
    0xFE, 0x1F, 0xFC, 0x70, 0xF1, 0xC1, 0xE7, 0x07, 0x80, 0x3C, 0x00, 0xF0, 0x7F, 0x01, 0xFE, 0x00,
    0xFE, 0x00, 0x78, 0x01, 0xF0, 0x07, 0xC0, 0x1E, 0x00, 0x78, 0x1F, 0xC3, 0xFE, 0x1F, 0x00, 0x70,
    0x03, 0xC1, 0x87, 0x0E, 0x1F, 0xF8, 0x3F, 0xC0, 0x00, 0x00, 0x00, 0x03, 0x0E, 0x1D, 0xC1, 0xF8,
    0x0F, 0x80, 0x70, 0x00, 0x03, 0xFC, 0x7F, 0xE7, 0x1E, 0x71, 0xE6, 0x1E, 0x01, 0xC0, 0xF8, 0x0F,
    0xE0, 0x1F, 0x00, 0xF0, 0x0F, 0x00, 0xF0, 0x7E, 0x3F, 0xC7, 0x80, 0xF0, 0x07, 0x1C, 0x7F, 0xC3,
    0xF8, 0x00, 0x00, 0x00, 0x00, 0x03, 0xFC, 0x07, 0xDF, 0x07, 0x83, 0xC3, 0xC1, 0xE3, 0xC0, 0x79,
    0xE0, 0x3C, 0xF0, 0x1E, 0xFF, 0x8F, 0x7F, 0xFF, 0xBE, 0x3F, 0xCF, 0x01, 0xE7, 0x80, 0xF3, 0xC0,
    0x71, 0xE0, 0x78, 0x78, 0x38, 0x1F, 0x78, 0x07, 0xF8, 0x00, 0x00, 0x00, 0x00, 0x00, 0x3F, 0x03,
    0xFE, 0x0E, 0x3C, 0x78, 0x79, 0xE1, 0xEF, 0xE7, 0xBF, 0xFE, 0xF3, 0xF9, 0xE1, 0xE7, 0x87, 0x9E,
    0x1C, 0x3F, 0xE0, 0x7F, 0x00, 0x00, 0x00, 0x00, 0x00, 0x3F, 0xC0, 0xF7, 0xE0, 0x7C, 0xF0, 0x1C,
    0x3C, 0x06, 0x07, 0x83, 0x81, 0xE0, 0xE0, 0x78, 0x30, 0x0F, 0x1C, 0x03, 0xC7, 0x00, 0x71, 0x80,
    0x1E, 0xE0, 0x07, 0xB8, 0x00, 0xEC, 0x00, 0x3F, 0x00, 0x0F, 0xC0, 0x01, 0xE0, 0x00, 0x78, 0x00,
    0x00, 0x00, 0x7E, 0x0E, 0xFC, 0x3C, 0xF0, 0x79, 0xE1, 0xC1, 0xE3, 0x83, 0xC6, 0x07, 0x9C, 0x07,
    0xB8, 0x0F, 0x60, 0x0F, 0xC0, 0x1F, 0x80, 0x3E, 0x00, 0x3C, 0x00, 0x00, 0x00, 0x00, 0x00, 0x03,
    0x18, 0x01, 0xCE, 0x00, 0x39, 0xC0, 0x07, 0x38, 0x00, 0x84, 0x00, 0x00, 0x03, 0xFC, 0x0F, 0x7E,
    0x07, 0xCF, 0x01, 0xC3, 0xC0, 0x60, 0x78, 0x38, 0x1E, 0x0E, 0x07, 0x83, 0x00, 0xF1, 0xC0, 0x3C,
    0x70, 0x07, 0x18, 0x01, 0xEE, 0x00, 0x7B, 0x80, 0x0E, 0xC0, 0x03, 0xF0, 0x00, 0xFC, 0x00, 0x1E,
    0x00, 0x07, 0x80, 0x00, 0x00, 0x00, 0x00, 0x00, 0x73, 0x80, 0xE7, 0x00, 0xE7, 0x00, 0xE7, 0x01,
    0xCE, 0x00, 0x00, 0x00, 0x00, 0x7E, 0x0E, 0xFC, 0x3C, 0xF0, 0x79, 0xE1, 0xC1, 0xE3, 0x83, 0xC6,
    0x07, 0x9C, 0x07, 0xB8, 0x0F, 0x60, 0x0F, 0xC0, 0x1F, 0x80, 0x3E, 0x00, 0x3C, 0x00, 0x00, 0x00,
    0x00, 0x00, 0x00, 0x00, 0x0F, 0xF0, 0x00, 0x00, 0x7D, 0xF0, 0x00, 0x01, 0xE0, 0xF0, 0x00, 0x03,
    0xC1, 0xE0, 0x00, 0x0F, 0x01, 0xEF, 0xE7, 0xDE, 0x03, 0xDF, 0xCF, 0xBC, 0x07, 0x9E, 0x0E, 0xF8,
    0x0F, 0x1E, 0x39, 0xF0, 0x1E, 0x3C, 0x73, 0xE0, 0x3C, 0x78, 0xE3, 0xC0, 0x78, 0x71, 0x87, 0x80,
    0xF0, 0xF7, 0x0F, 0x01, 0xC1, 0xEE, 0x1E, 0x07, 0x81, 0xD8, 0x1E, 0x0E, 0x03, 0xF0, 0x1F, 0x78,
    0x03, 0xE0, 0x1F, 0xE0, 0x07, 0x80, 0x00, 0x00, 0x07, 0x00, 0x00, 0x00, 0x0C, 0x00, 0x00, 0x00,
    0x38, 0x00, 0x00, 0x03, 0xE0, 0x00, 0x00, 0x07, 0xC0, 0x00, 0x00, 0x0F, 0x00, 0x00, 0x00, 0x00,
    0x00, 0xFC, 0x7F, 0x3E, 0x3F, 0xE7, 0xF3, 0xE3, 0x8F, 0x1E, 0x1C, 0x78, 0x79, 0xE1, 0xC7, 0x87,
    0x9E, 0x18, 0xF0, 0x78, 0xF3, 0x8F, 0x07, 0x8F, 0x38, 0xF0, 0x78, 0xF3, 0x07, 0x87, 0x87, 0x70,
    0x78, 0x78, 0x7F, 0x07, 0x87, 0x03, 0xE0, 0x3F, 0xE0, 0x3E, 0x01, 0xFC, 0x03, 0xE0, 0x00, 0x00,
    0x0C, 0x00, 0x00, 0x01, 0xC0, 0x00, 0x00, 0x38, 0x00, 0x00, 0x1F, 0x80, 0x00, 0x01, 0xF0, 0x00,
    0x00, 0x1E, 0x00, 0x00, 0x00, 0x07, 0xFC, 0x1F, 0xFC, 0x3C, 0x1C, 0x38, 0x1C, 0x78, 0x1C, 0x78,
    0x00, 0xF8, 0x00, 0xF8, 0x00, 0xF0, 0x00, 0xF8, 0x00, 0xF8, 0x00, 0xF8, 0x00, 0x78, 0x0C, 0x7C,
    0x0C, 0x3C, 0x1C, 0x1F, 0xFC, 0x0F, 0xFC, 0x00, 0x3C, 0x00, 0x3C, 0x00, 0x3C, 0x00, 0x3C, 0x00,
    0xFF, 0x00, 0xFF, 0x00, 0x00, 0x7F, 0x0F, 0xF8, 0x71, 0xC7, 0x8E, 0x3C, 0x31, 0xC0, 0x1E, 0x00,
    0xF0, 0x03, 0xC0, 0x1E, 0x00, 0xF8, 0x43, 0xFE, 0x0F, 0xF0, 0x07, 0x80, 0x1C, 0x00, 0xE0, 0x07,
    0x00, 0xFE, 0x07, 0xF0, 0x00, 0x18, 0x00, 0x70, 0x00, 0xE0, 0x03, 0x80, 0x87, 0x03, 0xCC, 0x03,
    0xF8, 0x03, 0xF0, 0x01, 0xF0, 0x03, 0xF1, 0x8E, 0xFB, 0xDC, 0x63, 0xF0, 0x01, 0xE0, 0x01, 0xF0,
    0x07, 0xF8, 0x0E, 0x70, 0x18, 0x60, 0x70, 0x00, 0xE0, 0x03, 0x80, 0x07, 0x00, 0x00, 0x00, 0x30,
    0x00, 0x03, 0xC0, 0x00, 0x32, 0x00, 0x00, 0x00, 0x01, 0xE0, 0x1C, 0x09, 0x01, 0xB0, 0x00, 0x08,
    0x80, 0x00, 0x00, 0x00, 0x00, 0x03, 0xC0, 0x07, 0x92, 0x00, 0x26, 0x00, 0x00, 0x00, 0x00, 0x00,
    0x00, 0x00, 0x00, 0x78, 0x07, 0x02, 0x40, 0x44, 0x00, 0x00, 0x00, 0x00, 0x00, 0x00, 0x1E, 0x00,
    0x01, 0x90, 0x00, 0x00, 0x00, 0x00, 0x00, 0x00, 0x00, 0x00, 0xC0, 0x00, 0x06, 0x00, 0x04, 0x1C,
    0x00, 0x18, 0x30, 0xE0, 0x78, 0x06, 0x00, 0xE0, 0x18, 0x00, 0x00, 0x00, 0x00, 0x00, 0x00, 0x00,
    0x00, 0x09, 0x00, 0x07, 0x3E, 0x00, 0x1E, 0x30, 0x00, 0x40, 0x00, 0x00, 0x00, 0x00, 0x00, 0x01,
    0x00, 0x40, 0x0E, 0x01, 0xC0, 0x30, 0x07, 0x01, 0x87, 0x04, 0x00, 0x0C, 0x10, 0x00, 0x30, 0x00,
    0x00, 0x80, 0x00, 0x00, 0x00, 0x00, 0x07, 0x0C, 0x00, 0xE1, 0xC0, 0x1C, 0x70, 0x01, 0xFE, 0x00,
    0x0F, 0x00, 0x00, 0x00, 0x1F, 0xC7, 0xF3, 0xF8, 0xFE, 0x3C, 0x07, 0x87, 0x81, 0xF0, 0xF0, 0x7E,
    0x1E, 0x0F, 0xC3, 0xC3, 0x78, 0x78, 0xCF, 0x0F, 0x39, 0xE1, 0xE6, 0x3C, 0x3D, 0x87, 0x87, 0xF0,
    0xF0, 0xFC, 0x1E, 0x1F, 0x03, 0xC3, 0xC0, 0x78, 0xFE, 0x3F, 0x9F, 0xC7, 0xF8, 0x00, 0x0E, 0x00,
    0x01, 0xC0, 0x00, 0x18, 0x00, 0x03, 0x00, 0x00, 0x00, 0x0C, 0x30, 0x0E, 0x30, 0x0E, 0x70, 0x07,
    0xE0, 0x00, 0x00, 0x00, 0x00, 0x7E, 0x7E, 0x7E, 0x7E, 0x3C, 0x3C, 0x3C, 0x7C, 0x3C, 0x7C, 0x3C,
    0xFC, 0x3D, 0xBC, 0x3F, 0xBC, 0x3F, 0x3C, 0x3E, 0x3C, 0x3C, 0x3C, 0x7E, 0x7F, 0x7E, 0x7F, 0x00,
    0x0F, 0x00, 0x0E, 0x00, 0x06, 0x00, 0x06, 0x00, 0x00, 0x00, 0x00, 0x7F, 0x80, 0x7F, 0x00, 0x3E,
    0x00, 0xFF, 0xE0, 0xFF, 0xE0, 0x1C, 0x00, 0x1F, 0xF0, 0x1F, 0xFC, 0x1C, 0x3C, 0x1C, 0x1E, 0x1C,
    0x1E, 0x1C, 0x1E, 0x1C, 0x1E, 0x1C, 0x1E, 0x1C, 0x3C, 0x7F, 0xFC, 0x7F, 0xF0, 0x00, 0x00, 0x3C,
    0x00, 0xF8, 0x00, 0x70, 0x00, 0xE0, 0x01, 0xC0, 0x03, 0x80, 0x3F, 0xF8, 0x7F, 0xF0, 0x1C, 0x00,
    0x38, 0x00, 0x70, 0x00, 0xFF, 0x81, 0xFF, 0x83, 0x87, 0x87, 0x0F, 0x0E, 0x1E, 0x1C, 0x3C, 0x7D,
    0xF9, 0xFF, 0xE0, 0x00, 0x00, 0x00, 0x00, 0xFF, 0xF1, 0xFB, 0xF1, 0xE1, 0xE3, 0xC1, 0xE7, 0x83,
    0xCF, 0x07, 0x9E, 0x4F, 0x3C, 0xFC, 0x79, 0xF8, 0xFF, 0xE1, 0xFF, 0x83, 0xC3, 0x87, 0x83, 0x0F,
    0x00, 0x1E, 0x00, 0x7F, 0x80, 0xFF, 0x00, 0x00, 0x01, 0xEF, 0xCF, 0xFF, 0x8F, 0x1E, 0x3C, 0x3C,
    0xF0, 0xF3, 0xC3, 0xCF, 0x0F, 0x3C, 0x3C, 0xF0, 0xF3, 0xDB, 0x8F, 0x3E, 0x3C, 0xF0, 0xFF, 0x83,
    0xC3, 0x0F, 0x0C, 0x3C, 0x00, 0xF0, 0x07, 0xF0, 0x1F, 0xC0, 0x00, 0x00, 0x00, 0x70, 0x01, 0xC0,
    0x07, 0x00, 0x1D, 0xFF, 0xF7, 0xFF, 0x87, 0x80, 0x1E, 0x00, 0x78, 0x01, 0xE0, 0x07, 0x80, 0x1E,
    0x00, 0x78, 0x01, 0xE0, 0x07, 0x80, 0x1E, 0x00, 0x78, 0x01, 0xE0, 0x07, 0x80, 0x7F, 0xC1, 0xFF,
    0x80, 0x00, 0x60, 0x06, 0x00, 0x60, 0x06, 0x7F, 0xE7, 0xFE, 0x3C, 0x03, 0xC0, 0x3C, 0x03, 0xC0,
    0x3C, 0x03, 0xC0, 0x3C, 0x03, 0xC0, 0x3C, 0x07, 0xF0, 0x7F, 0x80, 0x00, 0x01, 0xFF, 0xF7, 0xFF,
    0xC7, 0x87, 0x1E, 0x1C, 0x78, 0x31, 0xE0, 0xC7, 0x83, 0x1E, 0x00, 0xFF, 0x03, 0xFC, 0x07, 0x80,
    0x1E, 0x00, 0x78, 0x01, 0xE0, 0x07, 0x80, 0x7F, 0xC1, 0xFF, 0x00, 0x7F, 0xF7, 0xFF, 0x3C, 0x73,
    0xC7, 0x3C, 0x73, 0xC2, 0x3C, 0x07, 0xF8, 0x7F, 0x83, 0xC0, 0x3C, 0x07, 0xF0, 0x7F, 0x80, 0x00,
    0x00, 0x3F, 0xFE, 0x1F, 0xFF, 0x03, 0xC3, 0x81, 0xE0, 0xC0, 0xF0, 0x60, 0x78, 0x00, 0x3C, 0x00,
    0x1E, 0xFC, 0x0F, 0xFF, 0x07, 0xC7, 0xC3, 0xC1, 0xE1, 0xE0, 0xF0, 0xF0, 0x78, 0x78, 0x3C, 0x3C,
    0x1E, 0x7F, 0xCF, 0x3F, 0xE7, 0x80, 0x03, 0x80, 0x03, 0xC0, 0x03, 0xC0, 0x07, 0xC0, 0x03, 0x80,
    0x00, 0x00, 0x7F, 0xF0, 0xFF, 0xE0, 0xF1, 0xC1, 0xE3, 0x83, 0xC7, 0x07, 0x84, 0x0F, 0x78, 0x1F,
    0xFC, 0x3E, 0x7C, 0x78, 0x78, 0xF0, 0x73, 0xF8, 0xE7, 0xF9, 0xC0, 0x03, 0x80, 0x0F, 0x00, 0x1E,
    0x00, 0x78, 0x07, 0xE0, 0x0F, 0x80, 0x00, 0x00, 0x00, 0x3F, 0x3F, 0x9F, 0xDF, 0x9F, 0xCF, 0xC3,
    0x83, 0x83, 0x80, 0xE1, 0xC3, 0x80, 0x70, 0xE1, 0xC0, 0x1C, 0x71, 0xC0, 0x07, 0x39, 0xC0, 0x01,
    0xFF, 0xC0, 0x01, 0xFF, 0xF0, 0x01, 0xE7, 0x3C, 0x01, 0xE3, 0x8F, 0x00, 0xF1, 0xC7, 0x80, 0xF0,
    0xE1, 0xE0, 0xF8, 0x70, 0xF8, 0x78, 0x38, 0x3C, 0xFC, 0x7F, 0x1F, 0xFC, 0x3F, 0x87, 0xC0, 0x00,
    0x01, 0xE0, 0x00, 0x00, 0x70, 0x00, 0x00, 0x38, 0x00, 0x00, 0x18, 0x00, 0x00, 0x00, 0x7C, 0xFD,
    0xF9, 0xF3, 0xF7, 0xE1, 0x87, 0x8E, 0x03, 0x1E, 0x30, 0x0E, 0x79, 0x80, 0x1F, 0xFE, 0x00, 0xFF,
    0xF8, 0x07, 0xDE, 0xF0, 0x1E, 0x79, 0xE0, 0xF1, 0xE7, 0x83, 0xC7, 0x8F, 0x3E, 0x3F, 0x3F, 0xF8,
    0xFC, 0x7C, 0x00, 0x00, 0xF0, 0x00, 0x01, 0xC0, 0x00, 0x07, 0x00, 0x00, 0x18, 0x00, 0x00, 0x00,
    0x00, 0x01, 0xFF, 0x87, 0x9F, 0x1C, 0x3E, 0x70, 0x79, 0x81, 0xE0, 0x0F, 0x00, 0x3C, 0x0F, 0xC0,
    0x3F, 0x80, 0x0F, 0x80, 0x1E, 0x00, 0x7D, 0x81, 0xF6, 0x07, 0x9C, 0x1E, 0x79, 0xF1, 0xFF, 0x80,
    0x30, 0x00, 0xE0, 0x03, 0x80, 0x3E, 0x00, 0xF8, 0x03, 0xC0, 0x00, 0x07, 0xF8, 0x7F, 0xC7, 0x1E,
    0x61, 0xE6, 0x1C, 0x07, 0xC1, 0xF8, 0x03, 0xE0, 0x1E, 0xE1, 0xEE, 0x1E, 0x73, 0xE7, 0xFC, 0x06,
    0x00, 0x30, 0x03, 0x01, 0xF0, 0x1F, 0x01, 0xE0, 0x00, 0x00, 0x3F, 0x9F, 0x9F, 0xCF, 0xC7, 0x83,
    0x83, 0xC3, 0x81, 0xE1, 0x80, 0xF1, 0xC0, 0x79, 0xC0, 0x3F, 0xC0, 0x1F, 0xF0, 0x0F, 0x3C, 0x07,
    0x8F, 0x03, 0xC7, 0x81, 0xE1, 0xE0, 0xF0, 0xF0, 0x78, 0x3C, 0x7F, 0x1F, 0xBF, 0x87, 0xC0, 0x00,
    0xE0, 0x00, 0x70, 0x00, 0x38, 0x00, 0x1C, 0x00, 0x00, 0x7E, 0x7C, 0xFC, 0xF8, 0xF0, 0xC1, 0xE3,
    0x83, 0xCE, 0x07, 0xF8, 0x0F, 0xF8, 0x1E, 0xF8, 0x3C, 0xF0, 0x78, 0xF0, 0xF1, 0xE3, 0xF1, 0xF7,
    0xF3, 0xE0, 0x01, 0xC0, 0x03, 0x80, 0x07, 0x00, 0x0E, 0x00, 0x00, 0x00, 0x00, 0x0F, 0xE3, 0xF9,
    0xFC, 0x3F, 0x1E, 0x03, 0x03, 0xC0, 0xE0, 0x79, 0x38, 0x0F, 0x67, 0x01, 0xED, 0xC0, 0x3F, 0xF0,
    0x07, 0xFF, 0x00, 0xF6, 0xF0, 0x1E, 0xCF, 0x03, 0xD9, 0xE0, 0x7B, 0x1E, 0x0F, 0x03, 0xC1, 0xE0,
    0x3C, 0x7F, 0x07, 0xCF, 0xE0, 0x7C, 0x7E, 0x3F, 0x3F, 0x1F, 0x8F, 0x07, 0x07, 0xB3, 0x03, 0xDB,
    0x81, 0xFF, 0x80, 0xFF, 0xE0, 0x7B, 0x78, 0x3D, 0xBC, 0x1E, 0xCF, 0x0F, 0x07, 0x8F, 0xC1, 0xE7,
    0xF0, 0xF8, 0x00, 0x00, 0x3F, 0x9F, 0x9F, 0xCF, 0xC7, 0x83, 0x87, 0xF3, 0x83, 0xF9, 0x80, 0xF1,
    0xC0, 0x79, 0xC0, 0x3F, 0xC0, 0x1F, 0xF0, 0x0F, 0x3C, 0x07, 0x8F, 0x03, 0xC7, 0x81, 0xE1, 0xE0,
    0xF0, 0xF0, 0x78, 0x3C, 0x7F, 0x1F, 0xBF, 0x87, 0xC0, 0x78, 0x01, 0xF8, 0x00, 0xF0, 0x07, 0xF8,
    0x0F, 0xF0, 0x07, 0x80, 0x0F, 0x3F, 0x1E, 0x7E, 0x3C, 0x70, 0x79, 0xC0, 0xF7, 0x01, 0xFE, 0x03,
    0xFE, 0x07, 0xFC, 0x0F, 0x3C, 0x1E, 0x3C, 0x3C, 0x78, 0xFC, 0xFF, 0xFB, 0xF8, 0x00, 0x00, 0x03,
    0xFF, 0x9F, 0x9F, 0xFC, 0xFD, 0xC7, 0x83, 0x8E, 0x3C, 0x38, 0x71, 0xE3, 0x83, 0x8F, 0x18, 0x08,
    0x79, 0xC0, 0x03, 0xFC, 0x00, 0x1F, 0xF0, 0x00, 0xF3, 0xC0, 0x07, 0x9F, 0x00, 0x3C, 0x78, 0x01,
    0xE3, 0xE0, 0x0F, 0x0F, 0x00, 0x78, 0x7C, 0x07, 0xF1, 0xF0, 0x7F, 0x87, 0xC0, 0x7F, 0xCF, 0xBF,
    0xF3, 0xEE, 0x78, 0x63, 0x9E, 0x38, 0xE7, 0x9C, 0x11, 0xFE, 0x00, 0x7F, 0xC0, 0x1E, 0xF8, 0x07,
    0x9E, 0x01, 0xE3, 0xC0, 0x78, 0xF0, 0x7F, 0x1F, 0x1F, 0xE3, 0xC0, 0x00, 0x00, 0x0F, 0xE3, 0xF9,
    0xFC, 0x7F, 0x1E, 0x03, 0xC3, 0xC0, 0x78, 0x78, 0x0F, 0x0F, 0x01, 0xE1, 0xE0, 0x3C, 0x3F, 0xFF,
    0x87, 0xFF, 0xF0, 0xF0, 0x1E, 0x1E, 0x03, 0xC3, 0xC0, 0x78, 0x78, 0x0F, 0x0F, 0x01, 0xE1, 0xE0,
    0x3C, 0x7F, 0x1F, 0xCF, 0xE3, 0xF8, 0x00, 0x07, 0x00, 0x00, 0xE0, 0x00, 0x1C, 0x00, 0x01, 0x80,
    0x00, 0x00, 0x7E, 0x7E, 0x7E, 0x7E, 0x3C, 0x3C, 0x3C, 0x3C, 0x3C, 0x3C, 0x3F, 0xFC, 0x3F, 0xFC,
    0x3C, 0x3C, 0x3C, 0x3C, 0x3C, 0x3C, 0x3C, 0x3C, 0x7E, 0x7F, 0x7E, 0x7F, 0x00, 0x0F, 0x00, 0x06,
    0x00, 0x06, 0x00, 0x06, 0x00, 0x00, 0x00, 0x00, 0x00, 0xFE, 0x3F, 0xF9, 0xFC, 0x7F, 0xF8, 0xE0,
    0x3C, 0x71, 0xC0, 0x78, 0xE3, 0x80, 0xF1, 0xC7, 0x01, 0xE3, 0x8E, 0x03, 0xC2, 0x1F, 0xFF, 0x80,
    0x3F, 0xFF, 0x00, 0x78, 0x1E, 0x00, 0xE0, 0x3C, 0x01, 0xC0, 0x78, 0x03, 0x80, 0xF0, 0x07, 0x01,
    0xE0, 0x0E, 0x03, 0xC0, 0x7F, 0x1F, 0xC0, 0xFE, 0x3F, 0xC0, 0x7F, 0x7F, 0xF7, 0xF7, 0xFF, 0x3C,
    0x1E, 0x73, 0xC1, 0xE7, 0x3C, 0x1E, 0x73, 0xFF, 0xE2, 0x3F, 0xFE, 0x03, 0xC1, 0xE0, 0x3C, 0x1E,
    0x03, 0xC1, 0xE0, 0x3C, 0x1E, 0x07, 0xE3, 0xF0, 0x7F, 0x7F, 0x00, 0x00, 0x00, 0x00, 0x1F, 0xFF,
    0xF0, 0x07, 0xFF, 0xFC, 0x00, 0x78, 0x3C, 0x00, 0x1E, 0x0F, 0x00, 0x07, 0x83, 0xC0, 0x01, 0xE0,
    0xF0, 0x00, 0x78, 0x3C, 0x00, 0x1E, 0x0F, 0x7E, 0x07, 0x83, 0xFF, 0xC1, 0xE0, 0xF8, 0xF8, 0x78,
    0x3C, 0x1E, 0x1E, 0x0F, 0x07, 0x87, 0x83, 0xC0, 0xE1, 0xE0, 0xF0, 0x38, 0x78, 0x3C, 0x0E, 0x7F,
    0x1F, 0xC7, 0x9F, 0xCF, 0xF1, 0xE0, 0x00, 0x00, 0x70, 0x00, 0x00, 0x3C, 0x00, 0x00, 0x1E, 0x00,
    0x00, 0x1F, 0x00, 0x00, 0x07, 0x00, 0x00, 0x00, 0x00, 0x7F, 0xFE, 0x01, 0xFF, 0xF8, 0x03, 0xC3,
    0xC0, 0x0F, 0x0F, 0x00, 0x3C, 0x3C, 0x00, 0xF0, 0xF0, 0x03, 0xC3, 0xFE, 0x0F, 0x0F, 0xFC, 0x3C,
    0x3C, 0xF8, 0xF0, 0xF0, 0xE3, 0xC3, 0xC3, 0xDF, 0x9F, 0x8F, 0x7E, 0xFE, 0x3C, 0x00, 0x00, 0xE0,
    0x00, 0x03, 0x80, 0x00, 0x1E, 0x00, 0x00, 0xF0, 0x00, 0x1F, 0x80, 0x00, 0x3C, 0x00, 0x00, 0x00,
    0x00, 0x7E, 0x00, 0x1F, 0x80, 0x03, 0xC0, 0x00, 0x3C, 0x3F, 0x07, 0x87, 0xF8, 0x78, 0xF3, 0xC7,
    0x8E, 0x3C, 0xF8, 0xE1, 0xCF, 0x9E, 0x1C, 0xF9, 0xE1, 0xC7, 0x9E, 0x1C, 0x78, 0xE3, 0xC7, 0x8F,
    0x3C, 0x7C, 0x73, 0x83, 0xC7, 0xF0, 0x1F, 0x3F, 0x30, 0xFF, 0xFF, 0x00, 0x00, 0x00, 0x00, 0x00,
    0x0F, 0xC0, 0x3F, 0xC0, 0x38, 0x00, 0x78, 0xFC, 0x71, 0xDE, 0xF1, 0xCE, 0xF3, 0xCE, 0xF3, 0xCE,
    0x73, 0xCE, 0x79, 0xCE, 0x39, 0xDE, 0x3F, 0xFC, 0x0F, 0xFF, 0x00, 0x00, 0x00, 0x00, 0x0F, 0xF8,
    0x7F, 0xF1, 0xE0, 0xE3, 0x81, 0xCF, 0x03, 0x9E, 0x00, 0x7C, 0x00, 0xF8, 0x01, 0xE0, 0x03, 0xE0,
    0x07, 0xC0, 0x0F, 0x80, 0x0F, 0x01, 0x9F, 0x03, 0x1E, 0x0E, 0x1F, 0xFC, 0x1F, 0xF8, 0x07, 0x00,
    0x0E, 0x00, 0x1C, 0x00, 0x38, 0x00, 0x00, 0x00, 0x00, 0x00, 0xFE, 0x3F, 0xE3, 0x8E, 0x78, 0xE7,
    0x86, 0x70, 0x0F, 0x00, 0xF0, 0x07, 0x80, 0x78, 0x07, 0xC2, 0x3F, 0xE1, 0xFC, 0x07, 0x00, 0x70,
    0x07, 0x00, 0x60, 0x00, 0x00, 0x00, 0x00, 0x7F, 0xFF, 0x7F, 0xFF, 0xE3, 0xC7, 0xE3, 0xC7, 0xE3,
    0xC7, 0xE3, 0xC3, 0xC3, 0xC3, 0x03, 0xC0, 0x03, 0xC0, 0x03, 0xC0, 0x03, 0xC0, 0x03, 0xC0, 0x03,
    0xC0, 0x03, 0xC0, 0x03, 0xC0, 0x0F, 0xFC, 0x1F, 0xFC, 0x00, 0x1C, 0x00, 0x1C, 0x00, 0x1C, 0x00,
    0x1C, 0x00, 0x00, 0x7F, 0xFF, 0xFF, 0xFE, 0x79, 0xF9, 0xE7, 0xE7, 0x9D, 0x1E, 0x20, 0x78, 0x01,
    0xE0, 0x07, 0x80, 0x1E, 0x00, 0x78, 0x07, 0xFC, 0x1F, 0xF0, 0x01, 0xC0, 0x07, 0x00, 0x1C, 0x00,
    0x70, 0x00, 0x00, 0x00, 0x00, 0x7F, 0x9F, 0xDF, 0x87, 0xC7, 0x81, 0xC1, 0xE1, 0xC0, 0xF0, 0xE0,
    0x3C, 0xE0, 0x1E, 0x60, 0x07, 0xB0, 0x03, 0xF0, 0x00, 0xF8, 0x00, 0x78, 0x00, 0x3C, 0x00, 0x1E,
    0x00, 0x0F, 0x00, 0x07, 0x80, 0x0F, 0xF8, 0x07, 0xFC, 0x00, 0x7F, 0x3F, 0x7F, 0x3F, 0x3C, 0x0C,
    0x1E, 0x1C, 0x1E, 0x18, 0x0E, 0x38, 0x0F, 0x38, 0x07, 0x30, 0x07, 0xF0, 0x07, 0xE0, 0x03, 0xE0,
    0x03, 0xE0, 0x01, 0xC0, 0x01, 0xC0, 0x01, 0xC0, 0x01, 0xC0, 0x01, 0xC0, 0x07, 0xF8, 0x07, 0xF0,
    0x00, 0x00, 0x7F, 0x9F, 0xDF, 0x87, 0xC7, 0x81, 0xC1, 0xE1, 0xC1, 0xFF, 0xF1, 0xFF, 0xFC, 0x1E,
    0x70, 0x07, 0xB0, 0x03, 0xF0, 0x00, 0xF8, 0x00, 0x78, 0x00, 0x3C, 0x00, 0x1E, 0x00, 0x0F, 0x00,
    0x07, 0x80, 0x0F, 0xF8, 0x07, 0xFC, 0x00, 0x7F, 0x3F, 0x7F, 0x3F, 0x3C, 0x0C, 0x1E, 0x1C, 0x1E,
    0x18, 0x0E, 0x38, 0x0F, 0x38, 0x07, 0x30, 0x07, 0xF0, 0x07, 0xE0, 0x03, 0xE0, 0x1F, 0xFC, 0x1F,
    0xFC, 0x01, 0xC0, 0x01, 0xC0, 0x01, 0xC0, 0x01, 0xC0, 0x07, 0xF8, 0x07, 0xF0, 0x00, 0x00, 0x7F,
    0x9F, 0xBF, 0xCF, 0xC7, 0xC1, 0x81, 0xE1, 0x80, 0x79, 0xC0, 0x3C, 0xC0, 0x0F, 0xC0, 0x03, 0xC0,
    0x01, 0xE0, 0x00, 0xF8, 0x00, 0xDE, 0x00, 0xEF, 0x80, 0x63, 0xC0, 0x70, 0xF0, 0x70, 0x7C, 0xFC,
    0x7F, 0xFF, 0x3F, 0xC0, 0x01, 0xE0, 0x00, 0x70, 0x00, 0x38, 0x00, 0x18, 0x00, 0x00, 0xFE, 0x7D,
    0xFC, 0xF8, 0xF0, 0xC0, 0xF3, 0x01, 0xFE, 0x01, 0xF8, 0x01, 0xE0, 0x07, 0xE0, 0x0D, 0xE0, 0x33,
    0xE0, 0xE3, 0xC7, 0xE7, 0xEF, 0xDF, 0xC0, 0x03, 0x80, 0x07, 0x00, 0x0E, 0x00, 0x1C, 0x00, 0x00,
    0x00, 0x00, 0x01, 0xFF, 0xF9, 0xFF, 0xFF, 0xF3, 0xFF, 0x3C, 0x63, 0xCE, 0x78, 0xC7, 0x9C, 0xF1,
    0x8F, 0x39, 0xE3, 0x1E, 0x03, 0xC0, 0x3C, 0x07, 0x80, 0x78, 0x0F, 0x00, 0xF0, 0x1E, 0x01, 0xE0,
    0x3C, 0x03, 0xC0, 0x78, 0x07, 0x80, 0xF0, 0x0F, 0x01, 0xE0, 0x1E, 0x03, 0xC0, 0x3C, 0x0F, 0xFF,
    0xFE, 0x3F, 0xFF, 0xFC, 0x00, 0x00, 0x38, 0x00, 0x00, 0x70, 0x00, 0x00, 0xE0, 0x00, 0x01, 0xC0,
    0x00, 0x00, 0x00, 0x7F, 0xFD, 0xFF, 0xFF, 0xF7, 0xEE, 0x79, 0xCF, 0x39, 0xE7, 0x3C, 0xE7, 0x9C,
    0xF1, 0x1E, 0x23, 0xC0, 0x78, 0x0F, 0x01, 0xE0, 0x3C, 0x07, 0x80, 0xF0, 0x1E, 0x03, 0xC0, 0x78,
    0x0F, 0x07, 0xFF, 0xFF, 0x1F, 0xFF, 0xFC, 0x00, 0x00, 0xF0, 0x00, 0x01, 0xC0, 0x00, 0x06, 0x00,
    0x00, 0x18, 0x00, 0x00, 0x00, 0x00, 0x00, 0x7F, 0x3F, 0xBF, 0x9F, 0xCF, 0x07, 0x87, 0x83, 0xC3,
    0xC1, 0xE1, 0xE0, 0xF0, 0xF0, 0x78, 0x38, 0x3C, 0x1F, 0x3E, 0x07, 0xFF, 0x01, 0xFF, 0x80, 0x03,
    0xC0, 0x01, 0xE0, 0x00, 0xF0, 0x00, 0x78, 0x00, 0xFF, 0x00, 0x7F, 0x80, 0x01, 0xC0, 0x00, 0xE0,
    0x00, 0x70, 0x00, 0x18, 0x00, 0x00, 0xFC, 0xFD, 0xF9, 0xF9, 0xE1, 0xE3, 0xC3, 0xC7, 0x87, 0x87,
    0x0F, 0x0F, 0xBE, 0x0F, 0xFC, 0x0F, 0x78, 0x00, 0xF0, 0x01, 0xE0, 0x07, 0xE0, 0x1F, 0xE0, 0x03,
    0x80, 0x07, 0x00, 0x0E, 0x00, 0x0C, 0x00, 0x00, 0x00, 0x00, 0xFE, 0x7F, 0xFE, 0x7F, 0x78, 0x3C,
    0x78, 0x3C, 0x78, 0x3C, 0x79, 0xBC, 0x79, 0xBC, 0x39, 0xBC, 0x3F, 0xFC, 0x1F, 0xFC, 0x0F, 0xFC,
    0x01, 0xBC, 0x01, 0xBC, 0x00, 0x3C, 0x00, 0x3C, 0x00, 0xFF, 0x00, 0xFF, 0xFC, 0x7F, 0xF8, 0xFD,
    0xE0, 0xF3, 0xC9, 0xE7, 0x9B, 0xC7, 0x37, 0x8F, 0xFF, 0x0F, 0xFE, 0x07, 0xBC, 0x03, 0x78, 0x04,
    0xF0, 0x07, 0xF0, 0x0F, 0xE0, 0x00, 0x00, 0x3F, 0xC0, 0x1F, 0xC0, 0x03, 0xC0, 0x01, 0xE0, 0x00,
    0xF0, 0x00, 0x78, 0x00, 0x3F, 0xF0, 0x1F, 0xFC, 0x0F, 0x1F, 0x07, 0x87, 0x83, 0xC1, 0xE1, 0xE0,
    0xF0, 0xF0, 0x78, 0x78, 0x3C, 0x3C, 0x1E, 0x7F, 0x3F, 0xBF, 0xDF, 0xC0, 0x78, 0x01, 0xF8, 0x00,
    0xF0, 0x01, 0xE0, 0x03, 0xC0, 0x07, 0x80, 0x0F, 0x7C, 0x1F, 0xFC, 0x3E, 0x78, 0x78, 0x78, 0xF0,
    0xF1, 0xE1, 0xE3, 0xC3, 0xC7, 0x87, 0x8F, 0x0F, 0x1E, 0x1E, 0x3C, 0x3C, 0xFC, 0xFD, 0xF9, 0xF8,
    0x00, 0x00, 0x00, 0x1F, 0xC0, 0x07, 0xFE, 0x01, 0xC3, 0xC0, 0x78, 0x3D, 0xCE, 0x07, 0xBB, 0xC0,
    0x77, 0x78, 0x0E, 0xFF, 0xFF, 0xCF, 0xFF, 0xF8, 0x3C, 0x00, 0x07, 0x80, 0x00, 0xF0, 0x00, 0x0E,
    0x01, 0x01, 0xE0, 0x70, 0x1C, 0x0E, 0x03, 0xE7, 0xC0, 0x1F, 0xF0, 0x00, 0x00, 0x00, 0x00, 0x00,
    0x07, 0xF0, 0x1F, 0xF7, 0x78, 0xEE, 0xE1, 0xDF, 0xC3, 0xFF, 0xFF, 0xBF, 0xFE, 0x1E, 0x00, 0x3C,
    0x00, 0x7C, 0x00, 0x78, 0x60, 0x7F, 0xC0, 0x7F, 0x00, 0x00, 0x00, 0x00, 0x00, 0x00, 0x1F, 0xC0,
    0x07, 0xFE, 0x01, 0xC3, 0xC0, 0x78, 0x3D, 0xCE, 0x07, 0xBB, 0xC0, 0x77, 0x78, 0x0E, 0xFF, 0xFF,
    0xCF, 0xFF, 0xF8, 0x3C, 0x00, 0x07, 0x80, 0x00, 0xF0, 0x00, 0x0E, 0x01, 0x01, 0xE0, 0x70, 0x1C,
    0x0E, 0x03, 0xE7, 0xC0, 0x1F, 0xF0, 0x00, 0x60, 0x00, 0x0E, 0x00, 0x01, 0xC0, 0x00, 0xF8, 0x00,
    0x1F, 0x00, 0x03, 0xC0, 0x00, 0x00, 0x07, 0xF0, 0x1F, 0xF7, 0x78, 0xEE, 0xE1, 0xDF, 0xC3, 0xFF,
    0xFF, 0xBF, 0xFE, 0x1E, 0x00, 0x3C, 0x00, 0x7C, 0x00, 0x78, 0x60, 0x7F, 0xC0, 0x7F, 0x00, 0x38,
    0x00, 0x30, 0x00, 0x70, 0x03, 0xE0, 0x0F, 0x80, 0x0E, 0x00, 0x00, 0x3F, 0xDF, 0xC3, 0xC1, 0xE0,
    0xF0, 0x78, 0x3C, 0x1E, 0x0F, 0x07, 0x83, 0xC1, 0xE0, 0xF0, 0x78, 0x3C, 0x7F, 0x3F, 0xC0, 0x00,
    0xC1, 0x80, 0x00, 0x71, 0xC0, 0x00, 0x38, 0xE0, 0x00, 0x0F, 0xE0, 0x00, 0x03, 0xE0, 0x00, 0x00,
    0x00, 0x01, 0xF9, 0xFC, 0xFE, 0xFC, 0xFE, 0x7E, 0x1C, 0x1C, 0x1C, 0x07, 0x0E, 0x1C, 0x03, 0x87,
    0x0E, 0x00, 0xE3, 0x8E, 0x00, 0x39, 0xCE, 0x00, 0x0F, 0xFE, 0x00, 0x0F, 0xFF, 0x80, 0x0F, 0x39,
    0xE0, 0x0F, 0x1C, 0x78, 0x07, 0x8E, 0x3C, 0x07, 0x87, 0x0F, 0x07, 0xC3, 0x87, 0xC3, 0xC1, 0xC1,
    0xE7, 0xE3, 0xF8, 0xFF, 0xE1, 0xFC, 0x3E, 0x03, 0x8E, 0x00, 0x06, 0x38, 0x00, 0x1C, 0xE0, 0x00,
    0x3F, 0x00, 0x00, 0x00, 0x00, 0x00, 0x00, 0x07, 0xCF, 0xDF, 0x9F, 0x3F, 0x7E, 0x18, 0x78, 0xE0,
    0x31, 0xE3, 0x00, 0xE7, 0x98, 0x01, 0xFF, 0xE0, 0x0F, 0xFF, 0x80, 0x7D, 0xEF, 0x01, 0xE7, 0x9E,
    0x0F, 0x1E, 0x78, 0x3C, 0x78, 0xF3, 0xE3, 0xF3, 0xEF, 0x8F, 0xC7, 0xC0, 0x00, 0x00, 0x7F, 0x3F,
    0x7F, 0x3F, 0x3C, 0x1C, 0x3C, 0x38, 0x3C, 0x38, 0x3C, 0x70, 0x3C, 0xE0, 0x3D, 0xF8, 0x3F, 0xFC,
    0x3E, 0x1E, 0x3C, 0x0F, 0x3C, 0x0F, 0x3C, 0x0F, 0x3C, 0x0F, 0x3C, 0x0F, 0x7F, 0x0F, 0x7F, 0x8E,
    0x00, 0x1E, 0x00, 0x3C, 0x00, 0x78, 0x00, 0xF0, 0x01, 0xE0, 0x00, 0x00, 0x7E, 0x7C, 0xFC, 0xF8,
    0xF0, 0xC1, 0xE3, 0x83, 0xCE, 0x07, 0xB8, 0x0F, 0xFC, 0x1E, 0x3C, 0x3C, 0x3C, 0x78, 0x78, 0xF0,
    0xF3, 0xF1, 0xE7, 0xF3, 0xC0, 0x07, 0x80, 0x0F, 0x00, 0x1E, 0x00, 0x78, 0x07, 0xE0, 0x0F, 0x00,
    0x00, 0x00, 0x1F, 0xFF, 0xC7, 0xFF, 0xC0, 0xC3, 0x80, 0x61, 0xC0, 0x70, 0xE0, 0x38, 0x70, 0x1C,
    0x38, 0x0E, 0x1C, 0x07, 0x0E, 0x03, 0x07, 0x01, 0x83, 0x80, 0xC1, 0xC0, 0xE0, 0xE0, 0x70, 0x71,
    0xF0, 0x38, 0xF8, 0xFF, 0xF8, 0x7F, 0xC0, 0x01, 0xC0, 0x00, 0xE0, 0x00, 0x60, 0x00, 0x70, 0x00,
    0x00, 0x3F, 0xFC, 0xFF, 0xE1, 0xCF, 0x07, 0x3C, 0x1C, 0xF0, 0x73, 0xC1, 0xCF, 0x06, 0x3C, 0x18,
    0xF0, 0xE3, 0xCF, 0x8F, 0x3C, 0x7F, 0xF1, 0xFC, 0x00, 0xE0, 0x03, 0x80, 0x0C, 0x00, 0x70, 0x00,
    0x00, 0x00, 0x00, 0x0F, 0xE3, 0xF9, 0xFC, 0x7F, 0x1E, 0x03, 0xC3, 0xC0, 0x78, 0x78, 0x0F, 0x0F,
    0x01, 0xE1, 0xE0, 0x3C, 0x3F, 0xFF, 0x87, 0xFF, 0xF0, 0xF0, 0x1E, 0x1E, 0x03, 0xC3, 0xC0, 0x78,
    0x78, 0x0F, 0x0F, 0x01, 0xE1, 0xE0, 0x3C, 0x7F, 0x07, 0x0F, 0xE0, 0xE0, 0x00, 0x3C, 0x00, 0x07,
    0x80, 0x01, 0xE0, 0x00, 0x78, 0x00, 0x08, 0x00, 0x7E, 0x7E, 0x7E, 0x7E, 0x3C, 0x3C, 0x3C, 0x3C,
    0x3C, 0x3C, 0x3F, 0xFC, 0x3F, 0xFC, 0x3C, 0x3C, 0x3C, 0x3C, 0x3C, 0x3C, 0x3C, 0x3C, 0x7E, 0x3C,
    0x7E, 0x3C, 0x00, 0x3C, 0x00, 0x3C, 0x00, 0x38, 0x00, 0x78, 0x00, 0xF0, 0x00, 0xC0, 0x00, 0x00,
    0x0F, 0xE3, 0xF9, 0xFC, 0x7F, 0x1E, 0x03, 0xC3, 0xC0, 0x78, 0x78, 0x0F, 0x0F, 0x01, 0xE1, 0xE0,
    0x3C, 0x3F, 0xFF, 0x87, 0xFF, 0xF0, 0xF0, 0x1E, 0x1E, 0x03, 0xC3, 0xC0, 0x78, 0x78, 0x0F, 0x0F,
    0x01, 0xE1, 0xE0, 0x3C, 0x7F, 0x1F, 0xCF, 0xE3, 0xF8, 0x00, 0x07, 0x00, 0x00, 0xE0, 0x00, 0x38,
    0x00, 0x06, 0x00, 0x00, 0x00, 0x7E, 0x7E, 0x7E, 0x7E, 0x3C, 0x3C, 0x3C, 0x3C, 0x3C, 0x3C, 0x3F,
    0xFC, 0x3F, 0xFC, 0x3C, 0x3C, 0x3C, 0x3C, 0x3C, 0x3C, 0x3C, 0x3C, 0x7E, 0x7F, 0x7E, 0x7F, 0x00,
    0x0E, 0x00, 0x0E, 0x00, 0x0C, 0x00, 0x1C, 0x00, 0x00, 0x00, 0x00, 0xFE, 0x7F, 0xFE, 0x7F, 0x78,
    0x3C, 0x78, 0x3C, 0x78, 0x3C, 0x78, 0x3C, 0x78, 0x3C, 0x38, 0x3C, 0x3E, 0x7C, 0x1F, 0xFC, 0x0F,
    0xFC, 0x00, 0x3C, 0x00, 0x3C, 0x00, 0x3C, 0x00, 0x3C, 0x01, 0xFF, 0x01, 0xFF, 0x01, 0xC0, 0x01,
    0xC0, 0x01, 0x80, 0x01, 0x80, 0x00, 0x00, 0xFC, 0xFD, 0xF9, 0xF9, 0xE1, 0xE3, 0xC3, 0xC7, 0x87,
    0x87, 0x0F, 0x0F, 0xBE, 0x0F, 0xFC, 0x0F, 0x78, 0x00, 0xF0, 0x01, 0xE0, 0x0F, 0xE0, 0x1F, 0xC0,
    0x38, 0x00, 0x70, 0x00, 0xE0, 0x01, 0x80, 0x00, 0x00, 0x00, 0x00, 0x00, 0x7F, 0x81, 0xFC, 0x7F,
    0x83, 0xFC, 0x1F, 0x83, 0xF0, 0x1F, 0xC3, 0x70, 0x1B, 0xC7, 0x70, 0x1B, 0xC7, 0x70, 0x19, 0xE6,
    0x70, 0x19, 0xE6, 0x78, 0x19, 0xEE, 0x78, 0x38, 0xEE, 0x78, 0x38, 0xFC, 0x78, 0x38, 0xFC, 0x78,
    0x38, 0x7C, 0x78, 0x38, 0x78, 0x78, 0x30, 0x78, 0x3C, 0xFC, 0x78, 0xFE, 0xFE, 0x30, 0xFF, 0x00,
    0x00, 0x0E, 0x00, 0x00, 0x0E, 0x00, 0x00, 0x0C, 0x00, 0x00, 0x1C, 0x00, 0x00, 0x00, 0x7F, 0x0F,
    0xEF, 0xE3, 0xFC, 0x7C, 0x7E, 0x1F, 0xCF, 0xC3, 0xF9, 0xF8, 0x7F, 0x6F, 0x0C, 0xED, 0xE1, 0x9F,
    0x9C, 0x33, 0xF3, 0x86, 0x3C, 0x70, 0xC7, 0x8E, 0x7C, 0xF3, 0xFF, 0xCC, 0xFE, 0x00, 0x01, 0xC0,
    0x00, 0x30, 0x00, 0x0E, 0x00, 0x01, 0x80, 0x00, 0x00, 0x78, 0xFC, 0x3C, 0x3C, 0x3C, 0x3C, 0x3C,
    0x3C, 0x3C, 0x3C, 0x3C, 0x3C, 0x3C, 0x3C, 0x3C, 0x3C, 0x3C, 0x7E, 0xFE, 0x0E, 0x1C, 0x03, 0x87,
    0x00, 0x71, 0xC0, 0x1F, 0xE0, 0x01, 0xE0, 0x00, 0x00, 0x00, 0x1F, 0x00, 0x07, 0xC0, 0x03, 0xF0,
    0x00, 0xFC, 0x00, 0x37, 0x80, 0x1D, 0xE0, 0x07, 0x38, 0x01, 0x8F, 0x00, 0xE3, 0xC0, 0x38, 0xF0,
    0x0E, 0x1E, 0x07, 0xFF, 0x81, 0xFF, 0xE0, 0xF0, 0x3C, 0x38, 0x0F, 0x1F, 0x07, 0xEF, 0xE3, 0xFC,
    0x38, 0xE1, 0xC7, 0x07, 0x70, 0x3F, 0x00, 0x00, 0x00, 0x00, 0x7F, 0x0F, 0xFC, 0x7B, 0xE0, 0x07,
    0x00, 0x38, 0x1F, 0xC3, 0xFE, 0x3C, 0x73, 0xC3, 0x9E, 0x1C, 0xF9, 0xE3, 0xFF, 0x8F, 0xBE, 0x00,
    0x00, 0x00, 0x00, 0x01, 0xCE, 0x00, 0x7B, 0x80, 0x1C, 0xE0, 0x03, 0x10, 0x00, 0x00, 0x00, 0x1F,
    0x00, 0x07, 0xC0, 0x03, 0xF0, 0x00, 0xFC, 0x00, 0x37, 0x80, 0x1D, 0xE0, 0x07, 0x38, 0x01, 0x8F,
    0x00, 0xE3, 0xC0, 0x38, 0xF0, 0x0E, 0x1E, 0x07, 0xFF, 0x81, 0xFF, 0xE0, 0xF0, 0x3C, 0x38, 0x0F,
    0x1F, 0x07, 0xEF, 0xE3, 0xFC, 0x18, 0xC1, 0xEF, 0x0F, 0x78, 0x73, 0xC0, 0x00, 0x00, 0x00, 0x7F,
    0x0F, 0xFC, 0x7B, 0xE0, 0x07, 0x00, 0x38, 0x1F, 0xC3, 0xFE, 0x3C, 0x73, 0xC3, 0x9E, 0x1C, 0xF9,
    0xE3, 0xFF, 0x8F, 0xBE, 0x00, 0x00, 0x00, 0x00, 0x00, 0x0F, 0xFF, 0xFC, 0x07, 0xFF, 0xFC, 0x01,
    0xDE, 0x1C, 0x03, 0x9E, 0x0C, 0x03, 0x9E, 0x00, 0x03, 0x1E, 0x20, 0x07, 0x1E, 0x30, 0x07, 0x1F,
    0xF0, 0x0E, 0x1F, 0xF0, 0x0E, 0x1E, 0x70, 0x1F, 0xFE, 0x30, 0x1F, 0xFE, 0x00, 0x1C, 0x1E, 0x06,
    0x38, 0x1E, 0x06, 0x38, 0x1E, 0x0E, 0xFC, 0x7F, 0xFE, 0xFC, 0x7F, 0xFE, 0x00, 0x00, 0x03, 0xF3,
    0xF1, 0xFF, 0xFF, 0x38, 0xF8, 0xF0, 0x0F, 0x1E, 0x01, 0xC3, 0xC3, 0xFF, 0xF9, 0xFF, 0xFF, 0x78,
    0xE0, 0x1E, 0x1E, 0x03, 0xC3, 0xC0, 0x7C, 0xFC, 0x27, 0xF7, 0xFE, 0x7C, 0x7F, 0x80, 0x00, 0x00,
    0x1C, 0x30, 0x38, 0xE0, 0x71, 0xC0, 0x7F, 0x80, 0x7C, 0x00, 0x00, 0x1F, 0xFE, 0x3F, 0xFE, 0x3C,
    0x1C, 0x78, 0x18, 0xF0, 0x01, 0xE1, 0x03, 0xC6, 0x07, 0xFC, 0x0F, 0xF8, 0x1E, 0x30, 0x3C, 0x60,
    0x78, 0x00, 0xF0, 0x11, 0xE0, 0x73, 0xC0, 0xEF, 0xFF, 0xDF, 0xFF, 0x00, 0x38, 0xE3, 0x8E, 0x1D,
    0xE0, 0xFC, 0x00, 0x00, 0x00, 0x0F, 0xC3, 0xFE, 0x38, 0xF7, 0x8F, 0x70, 0xFF, 0xFF, 0xFF, 0xFF,
    0x00, 0x78, 0x07, 0x80, 0x7C, 0x23, 0xFF, 0x1F, 0xC0, 0x00, 0x00, 0x00, 0x7F, 0xF0, 0x7E, 0xF8,
    0x70, 0x3C, 0x70, 0x3C, 0x70, 0x1E, 0x00, 0x1E, 0x00, 0x1E, 0x00, 0x1E, 0xFF, 0xFE, 0xFF, 0xFE,
    0xF0, 0x1E, 0xF0, 0x1E, 0x78, 0x1E, 0x78, 0x1C, 0x3C, 0x3C, 0x3F, 0xF8, 0x0F, 0xE0, 0x00, 0x00,
    0x00, 0x01, 0xF8, 0x7F, 0xC6, 0x3E, 0x01, 0xE0, 0x0F, 0x00, 0xF7, 0xFF, 0x7F, 0xFF, 0x0F, 0x70,
    0xE7, 0x0E, 0x7B, 0xC3, 0xF8, 0x04, 0x00, 0x00, 0x00, 0x0E, 0x70, 0x0E, 0xF0, 0x0E, 0x70, 0x04,
    0x60, 0x00, 0x00, 0x7F, 0xF0, 0x7E, 0xF8, 0x70, 0x3C, 0x70, 0x3C, 0x70, 0x1E, 0x00, 0x1E, 0x00,
    0x1E, 0x00, 0x1E, 0xFF, 0xFE, 0xFF, 0xFE, 0xF0, 0x1E, 0xF0, 0x1E, 0x78, 0x1E, 0x78, 0x1C, 0x3C,
    0x3C, 0x3F, 0xF8, 0x0F, 0xE0, 0x00, 0x00, 0x18, 0xC3, 0x9E, 0x39, 0xE3, 0x9C, 0x00, 0x00, 0x00,
    0x1F, 0x87, 0xFC, 0x63, 0xE0, 0x1E, 0x00, 0xF0, 0x0F, 0x7F, 0xF7, 0xFF, 0xF0, 0xF7, 0x0E, 0x70,
    0xE7, 0xBC, 0x3F, 0x80, 0x40, 0x00, 0x00, 0x00, 0x00, 0x3B, 0x80, 0x00, 0x3D, 0xE0, 0x00, 0x1E,
    0xF0, 0x00, 0x06, 0x30, 0x00, 0x00, 0x00, 0x01, 0xF9, 0xFC, 0xFE, 0xFC, 0xFE, 0x7E, 0x1C, 0x1C,
    0x1C, 0x07, 0x0E, 0x1C, 0x03, 0x87, 0x0E, 0x00, 0xE3, 0x8E, 0x00, 0x39, 0xCE, 0x00, 0x0F, 0xFE,
    0x00, 0x0F, 0xFF, 0x80, 0x0F, 0x39, 0xE0, 0x0F, 0x1C, 0x78, 0x07, 0x8E, 0x3C, 0x07, 0x87, 0x0F,
    0x07, 0xC3, 0x87, 0xC3, 0xC1, 0xC1, 0xE7, 0xE3, 0xF8, 0xFF, 0xE1, 0xFC, 0x3E, 0x01, 0x84, 0x00,
    0x07, 0x38, 0x00, 0x3C, 0xE0, 0x00, 0x73, 0x80, 0x00, 0x00, 0x00, 0x00, 0x00, 0x07, 0xCF, 0xDF,
    0x9F, 0x3F, 0x7E, 0x18, 0x78, 0xE0, 0x31, 0xE3, 0x00, 0xE7, 0x98, 0x01, 0xFF, 0xE0, 0x0F, 0xFF,
    0x80, 0x7D, 0xEF, 0x01, 0xE7, 0x9E, 0x0F, 0x1E, 0x78, 0x3C, 0x78, 0xF3, 0xE3, 0xF3, 0xEF, 0x8F,
    0xC7, 0xC0, 0x00, 0x00, 0x73, 0x81, 0xDE, 0x07, 0x78, 0x08, 0xC0, 0x00, 0x07, 0xFE, 0x1E, 0x7C,
    0x70, 0xF9, 0xC1, 0xE6, 0x07, 0x80, 0x3C, 0x00, 0xF0, 0x3F, 0x00, 0xFE, 0x00, 0x3E, 0x00, 0x78,
    0x01, 0xF6, 0x07, 0xD8, 0x1E, 0x70, 0x79, 0xE7, 0xC7, 0xFE, 0x00, 0x00, 0x30, 0x83, 0x9C, 0x79,
    0xC3, 0x9C, 0x00, 0x00, 0x00, 0x7F, 0x87, 0xFC, 0x71, 0xE6, 0x1E, 0x61, 0xC0, 0x7C, 0x1F, 0x80,
    0x3E, 0x01, 0xEE, 0x1E, 0xE1, 0xE7, 0x3E, 0x7F, 0xC0, 0x00, 0x00, 0x07, 0xFF, 0xBF, 0xFF, 0xC3,
    0xEC, 0x1E, 0x01, 0xE0, 0x1E, 0x01, 0xE0, 0x0F, 0xC0, 0x0F, 0x80, 0x3E, 0x00, 0xF0, 0x07, 0xB0,
    0x3D, 0x81, 0xFE, 0x1E, 0xFF, 0xE3, 0xFE, 0x00, 0x00, 0xFF, 0xFF, 0xFF, 0xE1, 0xEE, 0x1C, 0x03,
    0xC0, 0x78, 0x0F, 0x00, 0xE0, 0x1F, 0xC1, 0xFE, 0x01, 0xF0, 0x0F, 0x00, 0xF0, 0x0F, 0xE0, 0xFE,
    0x0F, 0xE1, 0xEF, 0xFC, 0x3F, 0x00, 0x03, 0xF8, 0x00, 0x7F, 0x80, 0x00, 0x00, 0x00, 0x00, 0x07,
    0xF1, 0xFC, 0xFE, 0x3F, 0x8F, 0x01, 0xE1, 0xE0, 0x7C, 0x3C, 0x1F, 0x87, 0x83, 0xF0, 0xF0, 0xDE,
    0x1E, 0x33, 0xC3, 0xCE, 0x78, 0x79, 0x8F, 0x0F, 0x61, 0xE1, 0xFC, 0x3C, 0x3F, 0x07, 0x87, 0xC0,
    0xF0, 0xF0, 0x1E, 0x3F, 0x8F, 0xE7, 0xF1, 0xFC, 0x00, 0x00, 0x0F, 0xF0, 0x0F, 0xF0, 0x00, 0x00,
    0x00, 0x00, 0x7E, 0x7E, 0x7E, 0x7E, 0x3C, 0x3C, 0x3C, 0x7C, 0x3C, 0x7C, 0x3C, 0xFC, 0x3D, 0xBC,
    0x3F, 0xBC, 0x3F, 0x3C, 0x3E, 0x3C, 0x3C, 0x3C, 0x7E, 0x7E, 0x7E, 0x7F, 0x00, 0x00, 0x00, 0x73,
    0x80, 0x1E, 0xF0, 0x01, 0xDE, 0x00, 0x31, 0x80, 0x00, 0x00, 0x1F, 0xC7, 0xF3, 0xF8, 0xFE, 0x3C,
    0x07, 0x87, 0x81, 0xF0, 0xF0, 0x7E, 0x1E, 0x0F, 0xC3, 0xC3, 0x78, 0x78, 0xCF, 0x0F, 0x39, 0xE1,
    0xE6, 0x3C, 0x3D, 0x87, 0x87, 0xF0, 0xF0, 0xFC, 0x1E, 0x1F, 0x03, 0xC3, 0xC0, 0x78, 0xFE, 0x3F,
    0x9F, 0xC7, 0xF0, 0x04, 0x30, 0x0E, 0x78, 0x0E, 0x78, 0x0E, 0x70, 0x00, 0x00, 0x00, 0x00, 0x7E,
    0x7E, 0x7E, 0x7E, 0x3C, 0x3C, 0x3C, 0x7C, 0x3C, 0x7C, 0x3C, 0xFC, 0x3D, 0xBC, 0x3F, 0xBC, 0x3F,
    0x3C, 0x3E, 0x3C, 0x3C, 0x3C, 0x7E, 0x7E, 0x7E, 0x7F, 0x00, 0x00, 0x07, 0xB8, 0x03, 0xDE, 0x01,
    0xEE, 0x00, 0x63, 0x00, 0x00, 0x00, 0x1F, 0xE0, 0x3E, 0xF8, 0x3C, 0x1E, 0x1E, 0x0F, 0x1E, 0x03,
    0xCF, 0x01, 0xE7, 0x80, 0xF7, 0xC0, 0x7B, 0xE0, 0x3D, 0xF0, 0x1E, 0x78, 0x0F, 0x3C, 0x07, 0x9E,
    0x03, 0x8F, 0x03, 0xC3, 0xC1, 0xC0, 0xFB, 0xC0, 0x3F, 0xC0, 0x00, 0x00, 0x18, 0x40, 0x73, 0x83,
    0xCE, 0x07, 0x38, 0x00, 0x00, 0x00, 0x00, 0xFC, 0x0F, 0xF8, 0x38, 0xF1, 0xE1, 0xE7, 0x87, 0xBC,
    0x1E, 0xF0, 0x7B, 0xC1, 0xE7, 0x87, 0x9E, 0x1E, 0x78, 0x70, 0xFF, 0x81, 0xFC, 0x00, 0x00, 0x00,
    0x00, 0x03, 0xFC, 0x07, 0xDF, 0x07, 0x83, 0xC3, 0xC1, 0xE3, 0xC0, 0x79, 0xE0, 0x3C, 0xF0, 0x1E,
    0xF8, 0x0F, 0x7F, 0xFF, 0xBE, 0x03, 0xCF, 0x01, 0xE7, 0x80, 0xF3, 0xC0, 0x71, 0xE0, 0x78, 0x78,
    0x38, 0x1F, 0x78, 0x07, 0xF8, 0x00, 0x00, 0x00, 0x00, 0x00, 0x3F, 0x03, 0xFE, 0x0E, 0x3C, 0x78,
    0x79, 0xE1, 0xEF, 0x87, 0xBF, 0xFE, 0xF0, 0x79, 0xE1, 0xE7, 0x87, 0x9E, 0x1C, 0x3F, 0xE0, 0x7F,
    0x00, 0x00, 0x00, 0x00, 0x00, 0x07, 0xB8, 0x03, 0xDE, 0x01, 0xEE, 0x00, 0x63, 0x00, 0x00, 0x00,
    0x1F, 0xE0, 0x3E, 0xF8, 0x3C, 0x1E, 0x1E, 0x0F, 0x1E, 0x03, 0xCF, 0x01, 0xE7, 0x80, 0xF7, 0xC0,
    0x7B, 0xFF, 0xFD, 0xF0, 0x1E, 0x78, 0x0F, 0x3C, 0x07, 0x9E, 0x03, 0x8F, 0x03, 0xC3, 0xC1, 0xC0,
    0xFB, 0xC0, 0x3F, 0xC0, 0x00, 0x00, 0x18, 0x40, 0x73, 0x83, 0xCE, 0x07, 0x38, 0x00, 0x00, 0x00,
    0x00, 0xFC, 0x0F, 0xF8, 0x38, 0xF1, 0xE1, 0xE7, 0x87, 0xBE, 0x1E, 0xFF, 0xFB, 0xC1, 0xE7, 0x87,
    0x9E, 0x1E, 0x78, 0x70, 0xFF, 0x81, 0xFC, 0x00, 0x00, 0x00, 0x00, 0xF7, 0x03, 0xDE, 0x0F, 0x70,
    0x18, 0x80, 0x00, 0x07, 0xFC, 0x3F, 0xF8, 0xE0, 0xF3, 0x81, 0xEE, 0x07, 0x80, 0x1F, 0x00, 0x7C,
    0x7F, 0xF1, 0xFF, 0xC7, 0x1F, 0x00, 0x3C, 0x01, 0xEC, 0x07, 0xB8, 0x1E, 0xE0, 0xF3, 0xEF, 0x8F,
    0xF8, 0x00, 0x00, 0x31, 0x87, 0xBC, 0x7B, 0xC7, 0x1C, 0x00, 0x00, 0x00, 0x7F, 0x87, 0xFC, 0x71,
    0xE6, 0x1E, 0x00, 0xF0, 0x8F, 0x1F, 0xF1, 0xFF, 0x00, 0xF6, 0x0E, 0x71, 0xE7, 0x3C, 0x7F, 0x80,
    0xC0, 0x07, 0xF8, 0x03, 0xFC, 0x00, 0x00, 0x00, 0x00, 0x0F, 0xF1, 0xF3, 0xF8, 0xF8, 0xF0, 0x38,
    0x3C, 0x18, 0x1E, 0x0C, 0x0F, 0x8E, 0x03, 0xC6, 0x01, 0xE7, 0x00, 0x7B, 0x00, 0x3D, 0x80, 0x0F,
    0x80, 0x07, 0xC0, 0x01, 0xE0, 0x00, 0xE0, 0x07, 0xF0, 0x03, 0xF0, 0x01, 0xF0, 0x00, 0x60, 0x00,
    0x00, 0x00, 0x7F, 0x81, 0xFE, 0x00, 0x00, 0x00, 0x03, 0xF3, 0xFF, 0xC7, 0xDE, 0x0E, 0x78, 0x70,
    0xF1, 0xC3, 0xC7, 0x07, 0x38, 0x1E, 0xE0, 0x7B, 0x80, 0xEC, 0x03, 0xF0, 0x07, 0x80, 0x1E, 0x00,
    0x38, 0x00, 0xC0, 0x07, 0x00, 0xF8, 0x03, 0xE0, 0x0E, 0x00, 0x00, 0x00, 0x03, 0x9C, 0x01, 0xDE,
    0x00, 0xE7, 0x00, 0x23, 0x00, 0x00, 0x03, 0xFC, 0x7C, 0xFE, 0x3E, 0x3C, 0x0E, 0x0F, 0x06, 0x07,
    0x83, 0x03, 0xE3, 0x80, 0xF1, 0x80, 0x79, 0xC0, 0x1E, 0xC0, 0x0F, 0x60, 0x03, 0xE0, 0x01, 0xF0,
    0x00, 0x78, 0x00, 0x38, 0x01, 0xFC, 0x00, 0xFC, 0x00, 0x7C, 0x00, 0x18, 0x00, 0x18, 0x40, 0x73,
    0x83, 0xCE, 0x07, 0x38, 0x00, 0x00, 0x00, 0x0F, 0xCF, 0xFF, 0x1F, 0x78, 0x39, 0xE1, 0xC3, 0xC7,
    0x0F, 0x1C, 0x1C, 0xE0, 0x7B, 0x81, 0xEE, 0x03, 0xB0, 0x0F, 0xC0, 0x1E, 0x00, 0x78, 0x00, 0xE0,
    0x03, 0x00, 0x1C, 0x03, 0xE0, 0x0F, 0x80, 0x38, 0x00, 0x00, 0x00, 0x00, 0x63, 0x00, 0x73, 0x80,
    0x73, 0xC0, 0x73, 0xC0, 0x10, 0x80, 0x00, 0x01, 0xFE, 0x3E, 0x7F, 0x1F, 0x1E, 0x07, 0x07, 0x83,
    0x03, 0xC1, 0x81, 0xF1, 0xC0, 0x78, 0xC0, 0x3C, 0xE0, 0x0F, 0x60, 0x07, 0xB0, 0x01, 0xF0, 0x00,
    0xF8, 0x00, 0x3C, 0x00, 0x1C, 0x00, 0xFE, 0x00, 0x7E, 0x00, 0x3E, 0x00, 0x0C, 0x00, 0x00, 0x00,
    0x00, 0x0C, 0x60, 0x73, 0x83, 0xDE, 0x0E, 0x70, 0x73, 0x80, 0x00, 0x00, 0x00, 0xFC, 0xFF, 0xF1,
    0xF7, 0x83, 0x9E, 0x1C, 0x3C, 0x70, 0xF1, 0xC1, 0xCE, 0x07, 0xB8, 0x1E, 0xE0, 0x3B, 0x00, 0xFC,
    0x01, 0xE0, 0x07, 0x80, 0x0E, 0x00, 0x30, 0x01, 0xC0, 0x3E, 0x00, 0xF8, 0x03, 0x80, 0x00, 0x00,
    0x00, 0x0E, 0x70, 0x0F, 0x70, 0x0E, 0x70, 0x04, 0x20, 0x00, 0x00, 0xFE, 0x7F, 0xFE, 0x7F, 0x78,
    0x3C, 0x78, 0x3C, 0x78, 0x3C, 0x78, 0x3C, 0x78, 0x3C, 0x38, 0x3C, 0x3E, 0x7C, 0x1F, 0xFC, 0x0F,
    0xFC, 0x00, 0x3C, 0x00, 0x3C, 0x00, 0x3C, 0x00, 0x3C, 0x00, 0xFF, 0x00, 0xFF, 0x0C, 0x60, 0x39,
    0xE0, 0x73, 0xC0, 0xE7, 0x00, 0x00, 0x00, 0x00, 0x3F, 0x3F, 0x7E, 0x7E, 0x78, 0x78, 0xF0, 0xF1,
    0xE1, 0xE1, 0xC3, 0xC3, 0xEF, 0x83, 0xFF, 0x03, 0xDE, 0x00, 0x3C, 0x00, 0x78, 0x01, 0xF8, 0x07,
    0xF0, 0x00, 0x01, 0xFF, 0xF7, 0xFF, 0xC7, 0x87, 0x1E, 0x1C, 0x78, 0x31, 0xE0, 0xC7, 0x83, 0x1E,
    0x00, 0x78, 0x01, 0xE0, 0x07, 0x80, 0x1E, 0x00, 0x78, 0x01, 0xE0, 0x07, 0x80, 0x7F, 0xC1, 0xFF,
    0x80, 0x1C, 0x00, 0x70, 0x00, 0xC0, 0x03, 0x00, 0x00, 0x00, 0x7F, 0xF7, 0xFF, 0x3C, 0x73, 0xC7,
    0x3C, 0x73, 0xC2, 0x3C, 0x03, 0xC0, 0x3C, 0x03, 0xC0, 0x3C, 0x07, 0xF8, 0x7F, 0x80, 0x38, 0x03,
    0x80, 0x38, 0x03, 0x80, 0x00, 0x00, 0x00, 0x00, 0x00, 0x73, 0x80, 0x00, 0x77, 0x80, 0x00, 0x77,
    0x80, 0x00, 0x23, 0x00, 0x00, 0x00, 0x00, 0x7F, 0x80, 0xFF, 0x7F, 0x00, 0xFF, 0x1C, 0x00, 0x3C,
    0x1C, 0x00, 0x3C, 0x1C, 0x00, 0x3C, 0x1C, 0x00, 0x3C, 0x1F, 0xF0, 0x3C, 0x1F, 0xFC, 0x3C, 0x1C,
    0x3C, 0x3C, 0x1C, 0x1E, 0x3C, 0x1C, 0x1E, 0x3C, 0x1C, 0x1E, 0x3C, 0x1C, 0x1E, 0x3C, 0x1C, 0x1E,
    0x3C, 0x1C, 0x3C, 0x3C, 0x7F, 0xFC, 0xFE, 0x7F, 0xF0, 0xFF, 0x00, 0x00, 0x00, 0x01, 0x84, 0x00,
    0x1E, 0x70, 0x00, 0xF3, 0x80, 0x03, 0x9C, 0x00, 0x00, 0x00, 0x00, 0x00, 0x01, 0xFC, 0x1F, 0xCF,
    0xE0, 0xFE, 0x3C, 0x01, 0xE1, 0xE0, 0x0F, 0x0F, 0x00, 0x78, 0x7F, 0xC3, 0xC3, 0xFF, 0x1E, 0x1E,
    0x3C, 0xF0, 0xF1, 0xE7, 0x87, 0x8F, 0x3C, 0x3C, 0x79, 0xE3, 0xFF, 0x9F, 0x9F, 0xF9, 0xFC, 0x00,
    0x00, 0x00, 0x00, 0x03, 0xFF, 0xF7, 0xFF, 0xC7, 0x87, 0x1E, 0x1C, 0x78, 0x71, 0xE1, 0xC7, 0x82,
    0x1E, 0x01, 0xFE, 0x07, 0xF8, 0x07, 0x80, 0x1E, 0x00, 0x78, 0x01, 0xE0, 0x07, 0x80, 0x7F, 0xC3,
    0xFF, 0x00, 0x0C, 0x00, 0x38, 0x01, 0xC0, 0x1F, 0x00, 0x7C, 0x00, 0x00, 0x7F, 0xF7, 0xFF, 0x3C,
    0x73, 0xC7, 0x3C, 0x73, 0xC2, 0x3C, 0x07, 0xF8, 0x7F, 0x83, 0xC0, 0x3C, 0x07, 0xF8, 0x7F, 0xC0,
    0x0C, 0x00, 0xC0, 0x0C, 0x07, 0xC0, 0x78, 0x03, 0x00, 0x00, 0x00, 0x7F, 0x9F, 0xBF, 0xCF, 0xC7,
    0xC1, 0x81, 0xE1, 0x80, 0x79, 0xC0, 0x3E, 0xC0, 0x0F, 0xC0, 0x03, 0xC0, 0x01, 0xF0, 0x00, 0xFC,
    0x00, 0xDE, 0x00, 0xE7, 0x80, 0x63, 0xE0, 0x70, 0xF0, 0x70, 0x3C, 0xFC, 0x1E, 0x7F, 0x0F, 0x00,
    0x03, 0x80, 0x03, 0xC0, 0x01, 0xC0, 0x01, 0xC0, 0x00, 0xC0, 0xFE, 0x7F, 0xF9, 0xF3, 0xC3, 0x07,
    0x98, 0x1F, 0xE0, 0x3F, 0x00, 0x78, 0x03, 0xF0, 0x0D, 0xE0, 0x67, 0x83, 0x8F, 0x3F, 0x1E, 0xFC,
    0x78, 0x00, 0xE0, 0x03, 0x80, 0x0E, 0x00, 0x38, 0x01, 0xC0, 0x06, 0x00, 0x00, 0x00, 0x7F, 0x9F,
    0xBF, 0xCF, 0xC7, 0xC1, 0x81, 0xE1, 0x80, 0x79, 0xC0, 0x3C, 0xC0, 0x0F, 0xC0, 0x07, 0xE0, 0x0F,
    0xFE, 0x07, 0xFF, 0x00, 0xDE, 0x00, 0xEF, 0x80, 0x63, 0xC0, 0x70, 0xF0, 0x70, 0x7C, 0xFC, 0x7F,
    0x7F, 0x3F, 0xC0, 0xFE, 0x7F, 0xF9, 0xF3, 0xC3, 0x07, 0x98, 0x1F, 0xE0, 0x7F, 0x81, 0xFF, 0x03,
    0xF0, 0x0D, 0xE0, 0x67, 0xC3, 0x8F, 0x3F, 0x3F, 0xFD, 0xFC, 0x00, 0x00, 0x00, 0x7C, 0x00, 0x1F,
    0x00, 0x0F, 0xC0, 0x03, 0xF0, 0x00, 0xDE, 0x00, 0x77, 0x80, 0x1C, 0xE0, 0x06, 0x3C, 0x03, 0x8F,
    0x00, 0xE3, 0xC0, 0x38, 0x78, 0x1F, 0xFE, 0x07, 0xFF, 0x83, 0xC0, 0xF0, 0xE0, 0x3C, 0x7C, 0x1F,
    0xBF, 0x8F, 0xF0, 0x00, 0x00, 0x03, 0x00, 0x01, 0xE0, 0x00, 0x78, 0x00, 0x1E, 0x00, 0x00, 0x00,
    0x00, 0x00, 0xFE, 0x1F, 0xF8, 0xF7, 0xC0, 0x0E, 0x00, 0x70, 0x3F, 0x87, 0xFC, 0x78, 0xE7, 0x87,
    0x3C, 0x39, 0xF3, 0xC7, 0xFF, 0x1F, 0x7C, 0x00, 0x00, 0xE0, 0x0F, 0x00, 0x7C, 0x01, 0xC0, 0x00,
    0x00, 0x00, 0xC0, 0x00, 0x78, 0x00, 0x1F, 0x00, 0x01, 0x80, 0x00, 0xE0, 0x00, 0x30, 0x00, 0x00,
    0x00, 0x07, 0xC0, 0x01, 0xF0, 0x00, 0xFC, 0x00, 0x3F, 0x00, 0x0D, 0xE0, 0x07, 0x78, 0x01, 0xCE,
    0x00, 0x63, 0xC0, 0x38, 0xF0, 0x0E, 0x3C, 0x03, 0x87, 0x81, 0xFF, 0xE0, 0x7F, 0xF8, 0x3C, 0x0F,
    0x0E, 0x03, 0xC7, 0xC1, 0xFB, 0xF8, 0xFF, 0x06, 0x00, 0x7C, 0x03, 0xE0, 0x07, 0x00, 0x38, 0x03,
    0x80, 0x18, 0x00, 0x00, 0x1F, 0xC3, 0xFF, 0x1E, 0xF8, 0x01, 0xC0, 0x0E, 0x07, 0xF0, 0xFF, 0x8F,
    0x1C, 0xF0, 0xE7, 0x87, 0x3E, 0x78, 0xFF, 0xE3, 0xEF, 0x80, 0x00, 0x00, 0x00, 0x00, 0x01, 0x80,
    0x00, 0x70, 0x03, 0x38, 0x01, 0xE0, 0x00, 0xFC, 0x00, 0x73, 0x80, 0x08, 0x20, 0x00, 0x00, 0x00,
    0x7C, 0x00, 0x1F, 0x00, 0x0F, 0xC0, 0x03, 0xF0, 0x00, 0xDE, 0x00, 0x77, 0x80, 0x1C, 0xE0, 0x06,
    0x3C, 0x03, 0x8F, 0x00, 0xE3, 0xC0, 0x38, 0x78, 0x1F, 0xFE, 0x07, 0xFF, 0x83, 0xC0, 0xF0, 0xE0,
    0x3C, 0x7C, 0x1F, 0xBF, 0x8F, 0xF0, 0x00, 0x18, 0x00, 0x70, 0x03, 0x81, 0xDC, 0x0F, 0x80, 0x7E,
    0x01, 0x9C, 0x04, 0x10, 0x00, 0x00, 0x7F, 0x07, 0xFE, 0x1E, 0xF8, 0x00, 0xE0, 0x03, 0x80, 0xFE,
    0x0F, 0xF8, 0x78, 0xE3, 0xC3, 0x8F, 0x0E, 0x3E, 0x78, 0x7F, 0xF0, 0xFB, 0xE0, 0x00, 0x00, 0x00,
    0x00, 0x00, 0x06, 0x00, 0x01, 0xC0, 0x03, 0x30, 0x01, 0xE4, 0x00, 0xFC, 0x00, 0x73, 0x80, 0x08,
    0x20, 0x00, 0x00, 0x00, 0x7C, 0x00, 0x1F, 0x00, 0x0F, 0xC0, 0x03, 0xF0, 0x00, 0xDE, 0x00, 0x77,
    0x80, 0x1C, 0xE0, 0x06, 0x3C, 0x03, 0x8F, 0x00, 0xE3, 0xC0, 0x38, 0x78, 0x1F, 0xFE, 0x07, 0xFF,
    0x83, 0xC0, 0xF0, 0xE0, 0x3C, 0x7C, 0x1F, 0xBF, 0x8F, 0xF0, 0x00, 0x40, 0x07, 0x00, 0x1C, 0x0E,
    0x60, 0xF8, 0x0F, 0xE0, 0x67, 0x02, 0x08, 0x00, 0x00, 0xFE, 0x1F, 0xF8, 0xF7, 0xC0, 0x0E, 0x00,
    0x70, 0x3F, 0x87, 0xFC, 0x78, 0xE7, 0x87, 0x3C, 0x39, 0xF3, 0xC7, 0xFF, 0x1F, 0x7C, 0x00, 0x00,
    0x00, 0x0C, 0x00, 0x07, 0x80, 0x00, 0x60, 0x00, 0x18, 0x00, 0xCC, 0x00, 0x78, 0x00, 0x3F, 0x00,
    0x1C, 0xE0, 0x02, 0x08, 0x00, 0x00, 0x00, 0x1F, 0x00, 0x07, 0xC0, 0x03, 0xF0, 0x00, 0xFC, 0x00,
    0x37, 0x80, 0x1D, 0xE0, 0x07, 0x38, 0x01, 0x8F, 0x00, 0xE3, 0xC0, 0x38, 0xF0, 0x0E, 0x1E, 0x07,
    0xFF, 0x81, 0xFF, 0xE0, 0xF0, 0x3C, 0x38, 0x0F, 0x1F, 0x07, 0xEF, 0xE3, 0xFC, 0x00, 0x60, 0x07,
    0xC0, 0x0E, 0x00, 0x70, 0x77, 0x07, 0xD0, 0x7E, 0x03, 0x38, 0x10, 0x40, 0x00, 0x07, 0xF0, 0xFF,
    0xC7, 0xBE, 0x00, 0x70, 0x03, 0x81, 0xFC, 0x3F, 0xE3, 0xC7, 0x3C, 0x39, 0xE1, 0xCF, 0x9E, 0x3F,
    0xF8, 0xFB, 0xE0, 0x00, 0x00, 0x00, 0x00, 0xF6, 0x00, 0x3F, 0x80, 0x09, 0xC0, 0x00, 0xC0, 0x00,
    0x78, 0x00, 0x3F, 0x00, 0x1C, 0xE0, 0x02, 0x08, 0x00, 0x00, 0x00, 0x1F, 0x00, 0x07, 0xC0, 0x03,
    0xF0, 0x00, 0xFC, 0x00, 0x37, 0x80, 0x1D, 0xE0, 0x07, 0x38, 0x01, 0x8F, 0x00, 0xE3, 0xC0, 0x38,
    0xF0, 0x0E, 0x1E, 0x07, 0xFF, 0x81, 0xFF, 0xE0, 0xF0, 0x3C, 0x38, 0x0F, 0x1F, 0x07, 0xEF, 0xE3,
    0xFC, 0x0C, 0x00, 0xFE, 0x07, 0xF0, 0x03, 0x00, 0x70, 0x07, 0xC0, 0x7F, 0x07, 0x38, 0x10, 0x40,
    0x00, 0x07, 0xF0, 0xFF, 0xC7, 0xBE, 0x00, 0x70, 0x03, 0x81, 0xFC, 0x3F, 0xE3, 0xC7, 0x3C, 0x39,
    0xE1, 0xCF, 0x9E, 0x3F, 0xF8, 0xFB, 0xE0, 0x00, 0x00, 0xC0, 0x00, 0x78, 0x00, 0x3F, 0x00, 0x1C,
    0xE0, 0x02, 0x18, 0x00, 0x00, 0x00, 0x1F, 0x00, 0x07, 0xC0, 0x03, 0xF0, 0x00, 0xFC, 0x00, 0x37,
    0x80, 0x1D, 0xE0, 0x07, 0x38, 0x01, 0x8F, 0x00, 0xE3, 0xC0, 0x38, 0xF0, 0x0E, 0x1E, 0x07, 0xFF,
    0x81, 0xFF, 0xE0, 0xF0, 0x3C, 0x38, 0x0F, 0x1F, 0x07, 0xEF, 0xE3, 0xFC, 0x00, 0x00, 0x00, 0xC0,
    0x00, 0x78, 0x00, 0x1E, 0x00, 0x07, 0x80, 0x00, 0x00, 0x00, 0x07, 0x00, 0x7C, 0x03, 0xE0, 0x3B,
    0x83, 0x8E, 0x18, 0x20, 0x00, 0x03, 0xF8, 0x7F, 0xE3, 0xDF, 0x00, 0x38, 0x01, 0xC0, 0xFE, 0x1F,
    0xF1, 0xE3, 0x9E, 0x1C, 0xF0, 0xE7, 0xCF, 0x1F, 0xFC, 0x7D, 0xF0, 0x00, 0x03, 0x80, 0x3C, 0x01,
    0xF0, 0x07, 0x00, 0x00, 0x00, 0x00, 0x30, 0x00, 0x0E, 0x00, 0x07, 0x00, 0x03, 0x80, 0x00, 0x40,
    0x01, 0xC6, 0x00, 0x7F, 0x80, 0x0F, 0xC0, 0x00, 0xE0, 0x00, 0x00, 0x00, 0x1F, 0x00, 0x07, 0xC0,
    0x03, 0xF0, 0x00, 0xFC, 0x00, 0x37, 0x80, 0x1D, 0xE0, 0x07, 0x38, 0x01, 0x8F, 0x00, 0xE3, 0xC0,
    0x38, 0xF0, 0x0E, 0x1E, 0x07, 0xFF, 0x81, 0xFF, 0xE0, 0xF0, 0x3C, 0x38, 0x0F, 0x1F, 0x07, 0xEF,
    0xE3, 0xFC, 0x00, 0x00, 0x06, 0x00, 0x78, 0x07, 0x80, 0x78, 0x03, 0x80, 0x00, 0x00, 0x00, 0x30,
    0x61, 0xC7, 0x07, 0xF0, 0x3F, 0x00, 0x00, 0x00, 0x00, 0x7F, 0x0F, 0xFC, 0x7B, 0xE0, 0x07, 0x00,
    0x38, 0x1F, 0xC3, 0xFE, 0x3C, 0x73, 0xC3, 0x9E, 0x1C, 0xF9, 0xE3, 0xFF, 0x8F, 0xBE, 0x00, 0x00,
    0x01, 0x00, 0x00, 0xE0, 0x00, 0x3C, 0x00, 0x07, 0x00, 0x00, 0xC0, 0x01, 0xC6, 0x00, 0x7F, 0x80,
    0x0F, 0xC0, 0x00, 0xE0, 0x00, 0x00, 0x00, 0x1F, 0x00, 0x07, 0xC0, 0x03, 0xF0, 0x00, 0xFC, 0x00,
    0x37, 0x80, 0x1D, 0xE0, 0x07, 0x38, 0x01, 0x8F, 0x00, 0xE3, 0xC0, 0x38, 0xF0, 0x0E, 0x1E, 0x07,
    0xFF, 0x81, 0xFF, 0xE0, 0xF0, 0x3C, 0x38, 0x0F, 0x1F, 0x07, 0xEF, 0xE3, 0xFC, 0x00, 0x00, 0xC0,
    0x0F, 0x00, 0x3C, 0x00, 0xF0, 0x03, 0x80, 0x00, 0x00, 0x00, 0x30, 0x61, 0xC7, 0x07, 0xF0, 0x3F,
    0x00, 0x00, 0x00, 0x00, 0x7F, 0x0F, 0xFC, 0x7B, 0xE0, 0x07, 0x00, 0x38, 0x1F, 0xC3, 0xFE, 0x3C,
    0x73, 0xC3, 0x9E, 0x1C, 0xF9, 0xE3, 0xFF, 0x8F, 0xBE, 0x00, 0x00, 0x00, 0xC0, 0x00, 0x78, 0x00,
    0x1F, 0x00, 0x01, 0x80, 0x00, 0xE0, 0x00, 0x30, 0x00, 0x71, 0x80, 0x1F, 0xE0, 0x03, 0xF0, 0x00,
    0x38, 0x00, 0x00, 0x00, 0x07, 0xC0, 0x01, 0xF0, 0x00, 0xFC, 0x00, 0x3F, 0x00, 0x0D, 0xE0, 0x07,
    0x78, 0x01, 0xCE, 0x00, 0x63, 0xC0, 0x38, 0xF0, 0x0E, 0x3C, 0x03, 0x87, 0x81, 0xFF, 0xE0, 0x7F,
    0xF8, 0x3C, 0x0F, 0x0E, 0x03, 0xC7, 0xC1, 0xFB, 0xF8, 0xFF, 0x06, 0x00, 0x7C, 0x03, 0xE0, 0x07,
    0x00, 0x38, 0x03, 0x80, 0x18, 0x06, 0x0C, 0x38, 0xE0, 0xFE, 0x07, 0xE0, 0x00, 0x00, 0x00, 0x0F,
    0xE1, 0xFF, 0x8F, 0x7C, 0x00, 0xE0, 0x07, 0x03, 0xF8, 0x7F, 0xC7, 0x8E, 0x78, 0x73, 0xC3, 0x9F,
    0x3C, 0x7F, 0xF1, 0xF7, 0xC0, 0x00, 0x00, 0x00, 0x00, 0xE6, 0x00, 0x7F, 0x80, 0x1B, 0xE0, 0x02,
    0x30, 0x01, 0xC6, 0x00, 0x7F, 0x80, 0x0F, 0xC0, 0x00, 0xE0, 0x00, 0x00, 0x00, 0x1F, 0x00, 0x07,
    0xC0, 0x03, 0xF0, 0x00, 0xFC, 0x00, 0x37, 0x80, 0x1D, 0xE0, 0x07, 0x38, 0x01, 0x8F, 0x00, 0xE3,
    0xC0, 0x38, 0xF0, 0x0E, 0x1E, 0x07, 0xFF, 0x81, 0xFF, 0xE0, 0xF0, 0x3C, 0x38, 0x0F, 0x1F, 0x07,
    0xEF, 0xE3, 0xFC, 0x00, 0x00, 0xF2, 0x0F, 0xF8, 0x67, 0x80, 0x18, 0x00, 0x00, 0xC1, 0x87, 0x1C,
    0x1F, 0xC0, 0xFC, 0x00, 0x00, 0x00, 0x01, 0xFC, 0x3F, 0xF1, 0xEF, 0x80, 0x1C, 0x00, 0xE0, 0x7F,
    0x0F, 0xF8, 0xF1, 0xCF, 0x0E, 0x78, 0x73, 0xE7, 0x8F, 0xFE, 0x3E, 0xF8, 0x00, 0x00, 0x00, 0x00,
    0x01, 0xC6, 0x00, 0x7F, 0x80, 0x0F, 0xC0, 0x00, 0xE0, 0x00, 0x00, 0x00, 0x1F, 0x00, 0x07, 0xC0,
    0x03, 0xF0, 0x00, 0xFC, 0x00, 0x37, 0x80, 0x1D, 0xE0, 0x07, 0x38, 0x01, 0x8F, 0x00, 0xE3, 0xC0,
    0x38, 0xF0, 0x0E, 0x1E, 0x07, 0xFF, 0x81, 0xFF, 0xE0, 0xF0, 0x3C, 0x38, 0x0F, 0x1F, 0x07, 0xEF,
    0xE3, 0xFC, 0x00, 0x00, 0x00, 0xC0, 0x00, 0x78, 0x00, 0x1E, 0x00, 0x07, 0x80, 0x00, 0x00, 0x00,
    0x30, 0x61, 0xC7, 0x07, 0xF0, 0x3F, 0x00, 0x00, 0x00, 0x00, 0x7F, 0x0F, 0xFC, 0x7B, 0xE0, 0x07,
    0x00, 0x38, 0x1F, 0xC3, 0xFE, 0x3C, 0x73, 0xC3, 0x9E, 0x1C, 0xF9, 0xE3, 0xFF, 0x8F, 0xBE, 0x00,
    0x00, 0x70, 0x07, 0x80, 0x3E, 0x00, 0xE0, 0x00, 0x00, 0x00, 0x00, 0xFF, 0xF1, 0xFF, 0xF1, 0xE0,
    0xE3, 0xC0, 0xC7, 0x80, 0x0F, 0x08, 0x1E, 0x30, 0x3F, 0xE0, 0x7F, 0xC0, 0xF1, 0x81, 0xE3, 0x03,
    0xC0, 0x07, 0x80, 0x8F, 0x03, 0x9E, 0x07, 0x7F, 0xFE, 0xFF, 0xF8, 0x00, 0x00, 0x1C, 0x00, 0x7C,
    0x00, 0xF8, 0x00, 0xE0, 0x00, 0x00, 0x00, 0x00, 0xFC, 0x3F, 0xE3, 0x8F, 0x78, 0xF7, 0x0F, 0xFF,
    0xFF, 0xFF, 0xF0, 0x07, 0x80, 0x78, 0x07, 0xC2, 0x3F, 0xF1, 0xFC, 0x00, 0x00, 0x70, 0x0F, 0x00,
    0xF8, 0x07, 0x00, 0x00, 0x03, 0x00, 0x0F, 0x80, 0x1F, 0x00, 0x0E, 0x00, 0x18, 0x00, 0x70, 0x00,
    0x00, 0x3F, 0xFC, 0x7F, 0xFC, 0x78, 0x38, 0xF0, 0x31, 0xE0, 0x03, 0xC2, 0x07, 0x8C, 0x0F, 0xF8,
    0x1F, 0xF0, 0x3C, 0x60, 0x78, 0xC0, 0xF0, 0x01, 0xE0, 0x23, 0xC0, 0xE7, 0x81, 0xDF, 0xFF, 0xBF,
    0xFE, 0x06, 0x00, 0xF8, 0x0F, 0xC0, 0x3C, 0x03, 0x80, 0x70, 0x03, 0x00, 0x00, 0x0F, 0xC3, 0xFE,
    0x38, 0xF7, 0x8F, 0x70, 0xFF, 0xFF, 0xFF, 0xFF, 0x00, 0x78, 0x07, 0x80, 0x7C, 0x23, 0xFF, 0x1F,
    0xC0, 0x00, 0x00, 0x00, 0x0E, 0x40, 0x3F, 0xC0, 0x4F, 0x00, 0x0C, 0x00, 0x00, 0x1F, 0xFE, 0x3F,
    0xFE, 0x3C, 0x1C, 0x78, 0x18, 0xF0, 0x01, 0xE1, 0x03, 0xC6, 0x07, 0xFC, 0x0F, 0xF8, 0x1E, 0x30,
    0x3C, 0x60, 0x78, 0x00, 0xF0, 0x11, 0xE0, 0x73, 0xC0, 0xEF, 0xFF, 0xDF, 0xFF, 0x00, 0x00, 0x01,
    0xE6, 0x1F, 0xE1, 0xBC, 0x01, 0x80, 0x00, 0x0F, 0xC3, 0xFE, 0x38, 0xF7, 0x8F, 0x70, 0xFF, 0xFF,
    0xFF, 0xFF, 0x00, 0x78, 0x07, 0x80, 0x7C, 0x23, 0xFF, 0x1F, 0xC0, 0x00, 0x00, 0x00, 0x00, 0x18,
    0x00, 0x70, 0x0D, 0xC0, 0x3D, 0x01, 0xFC, 0x03, 0x9C, 0x04, 0x10, 0x00, 0x00, 0xFF, 0xF1, 0xFF,
    0xF1, 0xE0, 0xE3, 0xC0, 0xC7, 0x80, 0x0F, 0x08, 0x1E, 0x30, 0x3F, 0xE0, 0x7F, 0xC0, 0xF1, 0x81,
    0xE3, 0x03, 0xC0, 0x07, 0x80, 0x8F, 0x03, 0x9E, 0x07, 0x7F, 0xFE, 0xFF, 0xF8, 0x00, 0x08, 0x00,
    0x70, 0x03, 0x80, 0xDC, 0x07, 0x80, 0x3F, 0x01, 0xCE, 0x04, 0x10, 0x00, 0x00, 0x3F, 0x03, 0xFE,
    0x0E, 0x3C, 0x78, 0xF1, 0xC3, 0xCF, 0xFF, 0x3F, 0xFC, 0xF0, 0x01, 0xE0, 0x07, 0x80, 0x1F, 0x08,
    0x3F, 0xF0, 0x7F, 0x00, 0x00, 0x00, 0x00, 0x00, 0x00, 0x40, 0x01, 0xC0, 0x0D, 0xC0, 0x3D, 0x00,
    0xFC, 0x03, 0x9C, 0x04, 0x10, 0x00, 0x00, 0xFF, 0xF1, 0xFF, 0xF1, 0xE0, 0xE3, 0xC0, 0xC7, 0x80,
    0x0F, 0x08, 0x1E, 0x30, 0x3F, 0xE0, 0x7F, 0xC0, 0xF1, 0x81, 0xE3, 0x03, 0xC0, 0x07, 0x80, 0x8F,
    0x03, 0x9E, 0x07, 0x7F, 0xFE, 0xFF, 0xF8, 0x00, 0x40, 0x07, 0x00, 0x1C, 0x0E, 0x70, 0x78, 0x07,
    0xE0, 0x73, 0x82, 0x08, 0x00, 0x00, 0x7E, 0x0F, 0xF8, 0x71, 0xE7, 0x8F, 0x38, 0x7B, 0xFF, 0xDF,
    0xFE, 0xF0, 0x03, 0xC0, 0x1E, 0x00, 0xF8, 0x43, 0xFF, 0x0F, 0xE0, 0x00, 0x00, 0x00, 0x30, 0x00,
    0x78, 0x00, 0x70, 0x00, 0xE0, 0x1B, 0x80, 0x7A, 0x03, 0xF8, 0x07, 0x38, 0x08, 0x20, 0x00, 0x01,
    0xFF, 0xE3, 0xFF, 0xE3, 0xC1, 0xC7, 0x81, 0x8F, 0x00, 0x1E, 0x10, 0x3C, 0x60, 0x7F, 0xC0, 0xFF,
    0x81, 0xE3, 0x03, 0xC6, 0x07, 0x80, 0x0F, 0x01, 0x1E, 0x07, 0x3C, 0x0E, 0xFF, 0xFD, 0xFF, 0xF0,
    0x00, 0x60, 0x03, 0xC0, 0x06, 0x00, 0x70, 0x33, 0x03, 0xD0, 0x3F, 0x03, 0x9C, 0x10, 0x40, 0x00,
    0x03, 0xF0, 0x7F, 0xC3, 0x8F, 0x3C, 0x79, 0xC3, 0xDF, 0xFE, 0xFF, 0xF7, 0x80, 0x1E, 0x00, 0xF0,
    0x07, 0xC2, 0x1F, 0xF8, 0x7F, 0x00, 0x00, 0x00, 0x00, 0x0E, 0x40, 0x3F, 0x80, 0x06, 0x00, 0x18,
    0x00, 0x78, 0x03, 0xF8, 0x07, 0x38, 0x08, 0x20, 0x00, 0x01, 0xFF, 0xE3, 0xFF, 0xE3, 0xC1, 0xC7,
    0x81, 0x8F, 0x00, 0x1E, 0x10, 0x3C, 0x60, 0x7F, 0xC0, 0xFF, 0x81, 0xE3, 0x03, 0xC6, 0x07, 0x80,
    0x0F, 0x01, 0x1E, 0x07, 0x3C, 0x0E, 0xFF, 0xFD, 0xFF, 0xF0, 0x04, 0x00, 0xFC, 0x1F, 0xC0, 0x18,
    0x03, 0x00, 0x78, 0x0F, 0xC1, 0xCE, 0x10, 0x60, 0x00, 0x0F, 0xC3, 0xFE, 0x38, 0xF7, 0x8F, 0x70,
    0xFF, 0xFF, 0xFF, 0xFF, 0x00, 0x78, 0x07, 0x80, 0x7C, 0x23, 0xFF, 0x1F, 0xC0, 0x00, 0x01, 0x80,
    0x07, 0x80, 0x1F, 0x80, 0x73, 0x80, 0x82, 0x00, 0x00, 0x1F, 0xFE, 0x3F, 0xFE, 0x3C, 0x1C, 0x78,
    0x18, 0xF0, 0x01, 0xE1, 0x03, 0xC6, 0x07, 0xFC, 0x0F, 0xF8, 0x1E, 0x30, 0x3C, 0x60, 0x78, 0x00,
    0xF0, 0x11, 0xE0, 0x73, 0xC0, 0xEF, 0xFF, 0xDF, 0xFF, 0x00, 0x00, 0x03, 0x80, 0x0F, 0x80, 0x1F,
    0x00, 0x1C, 0x00, 0x00, 0x00, 0x07, 0x00, 0x78, 0x0F, 0xC1, 0xDC, 0x38, 0xE1, 0x06, 0x00, 0x00,
    0xFC, 0x3F, 0xE3, 0x8F, 0x78, 0xF7, 0x0F, 0xFF, 0xFF, 0xFF, 0xF0, 0x07, 0x80, 0x78, 0x07, 0xC2,
    0x3F, 0xF1, 0xFC, 0x00, 0x00, 0x70, 0x0F, 0x00, 0xF8, 0x07, 0x00, 0x00, 0x18, 0x1F, 0x0F, 0x81,
    0xC1, 0xC0, 0xC0, 0x00, 0xFF, 0x7F, 0x0F, 0x07, 0x83, 0xC1, 0xE0, 0xF0, 0x78, 0x3C, 0x1E, 0x0F,
    0x07, 0x83, 0xC1, 0xE0, 0xF1, 0xFC, 0xFF, 0x30, 0x7C, 0x7E, 0x0E, 0x1C, 0x18, 0x18, 0x00, 0x7C,
    0x7C, 0x3C, 0x3C, 0x3C, 0x3C, 0x3C, 0x3C, 0x3C, 0x3C, 0x3C, 0x7E, 0x7F, 0x00, 0x3F, 0xDF, 0xC3,
    0xC1, 0xE0, 0xF0, 0x78, 0x3C, 0x1E, 0x0F, 0x07, 0x83, 0xC1, 0xE0, 0xF0, 0x78, 0x3C, 0x7F, 0x3F,
    0xC0, 0x03, 0x81, 0xE1, 0xF0, 0x70, 0x00, 0x18, 0x3C, 0x3C, 0x3C, 0x00, 0x00, 0x7C, 0x7C, 0x3C,
    0x3C, 0x3C, 0x3C, 0x3C, 0x3C, 0x3C, 0x3C, 0x3C, 0x7E, 0x7F, 0x00, 0x18, 0x3C, 0x3C, 0x3C, 0x00,
    0x00, 0x00, 0x03, 0xFC, 0x07, 0xDF, 0x07, 0x83, 0xC3, 0xC1, 0xE3, 0xC0, 0x79, 0xE0, 0x3C, 0xF0,
    0x1E, 0xF8, 0x0F, 0x7C, 0x07, 0xBE, 0x03, 0xCF, 0x01, 0xE7, 0x80, 0xF3, 0xC0, 0x71, 0xE0, 0x78,
    0x78, 0x38, 0x1F, 0x78, 0x07, 0xF8, 0x00, 0x00, 0x00, 0x38, 0x00, 0x3C, 0x00, 0x1F, 0x00, 0x07,
    0x00, 0x00, 0x00, 0x00, 0x00, 0x3F, 0x03, 0xFE, 0x0E, 0x3C, 0x78, 0x79, 0xE1, 0xEF, 0x07, 0xBC,
    0x1E, 0xF0, 0x79, 0xE1, 0xE7, 0x87, 0x9E, 0x1C, 0x3F, 0xE0, 0x7F, 0x00, 0x00, 0x00, 0xC0, 0x07,
    0x80, 0x1E, 0x00, 0x78, 0x00, 0x00, 0x01, 0x80, 0x01, 0xF0, 0x00, 0xF8, 0x00, 0x1C, 0x00, 0x1C,
    0x00, 0x0C, 0x00, 0x00, 0x00, 0x0F, 0xF0, 0x1F, 0x7C, 0x1E, 0x0F, 0x0F, 0x07, 0x8F, 0x01, 0xE7,
    0x80, 0xF3, 0xC0, 0x7B, 0xE0, 0x3D, 0xF0, 0x1E, 0xF8, 0x0F, 0x3C, 0x07, 0x9E, 0x03, 0xCF, 0x01,
    0xC7, 0x81, 0xE1, 0xE0, 0xE0, 0x7D, 0xE0, 0x1F, 0xE0, 0x00, 0x00, 0x00, 0x06, 0x00, 0x3E, 0x00,
    0xFC, 0x00, 0x70, 0x03, 0x80, 0x0C, 0x00, 0x30, 0x00, 0x00, 0x0F, 0xC0, 0xFF, 0x83, 0x8F, 0x1E,
    0x1E, 0x78, 0x7B, 0xC1, 0xEF, 0x07, 0xBC, 0x1E, 0x78, 0x79, 0xE1, 0xE7, 0x87, 0x0F, 0xF8, 0x1F,
    0xC0, 0x00, 0x00, 0x00, 0x00, 0x00, 0x02, 0x00, 0x03, 0x80, 0x13, 0x80, 0x3E, 0x00, 0x3F, 0x80,
    0x39, 0xC0, 0x08, 0x20, 0x00, 0x00, 0x03, 0xFC, 0x07, 0xDF, 0x07, 0x83, 0xC3, 0xC1, 0xE3, 0xC0,
    0x79, 0xE0, 0x3C, 0xF0, 0x1E, 0xF8, 0x0F, 0x7C, 0x07, 0xBE, 0x03, 0xCF, 0x01, 0xE7, 0x80, 0xF3,
    0xC0, 0x71, 0xE0, 0x78, 0x78, 0x38, 0x1F, 0x78, 0x07, 0xF8, 0x00, 0x00, 0x00, 0x00, 0x08, 0x00,
    0x70, 0x03, 0x80, 0xCC, 0x07, 0x80, 0x3F, 0x01, 0xCE, 0x06, 0x18, 0x00, 0x00, 0x3F, 0x03, 0xFE,
    0x0E, 0x3C, 0x78, 0x79, 0xE1, 0xEF, 0x07, 0xBC, 0x1E, 0xF0, 0x79, 0xE1, 0xE7, 0x87, 0x9E, 0x1C,
    0x3F, 0xE0, 0x7F, 0x00, 0x00, 0x00, 0x00, 0x00, 0x00, 0x18, 0x00, 0x0E, 0x00, 0x13, 0x80, 0x3E,
    0x80, 0x3F, 0x80, 0x39, 0xC0, 0x08, 0x20, 0x00, 0x00, 0x03, 0xFC, 0x07, 0xDF, 0x07, 0x83, 0xC3,
    0xC1, 0xE3, 0xC0, 0x79, 0xE0, 0x3C, 0xF0, 0x1E, 0xF8, 0x0F, 0x7C, 0x07, 0xBE, 0x03, 0xCF, 0x01,
    0xE7, 0x80, 0xF3, 0xC0, 0x71, 0xE0, 0x78, 0x78, 0x38, 0x1F, 0x78, 0x07, 0xF8, 0x00, 0x00, 0x00,
    0x00, 0x60, 0x03, 0x80, 0x07, 0x00, 0xCE, 0x07, 0x80, 0x3F, 0x01, 0xCE, 0x04, 0x10, 0x00, 0x00,
    0x3F, 0x03, 0xFE, 0x0E, 0x3C, 0x78, 0x79, 0xE1, 0xEF, 0x07, 0xBC, 0x1E, 0xF0, 0x79, 0xE1, 0xE7,
    0x87, 0x9E, 0x1C, 0x3F, 0xE0, 0x7F, 0x00, 0x00, 0x00, 0x00, 0x18, 0x00, 0x1E, 0x00, 0x03, 0x80,
    0x01, 0x80, 0x09, 0x80, 0x1F, 0x40, 0x1F, 0xC0, 0x1C, 0xE0, 0x04, 0x10, 0x00, 0x00, 0x01, 0xFE,
    0x03, 0xEF, 0x83, 0xC1, 0xE1, 0xE0, 0xF1, 0xE0, 0x3C, 0xF0, 0x1E, 0x78, 0x0F, 0x7C, 0x07, 0xBE,
    0x03, 0xDF, 0x01, 0xE7, 0x80, 0xF3, 0xC0, 0x79, 0xE0, 0x38, 0xF0, 0x3C, 0x3C, 0x1C, 0x0F, 0xBC,
    0x03, 0xFC, 0x00, 0x00, 0x00, 0x00, 0x60, 0x01, 0xE0, 0x01, 0x80, 0x06, 0x03, 0x30, 0x1E, 0x80,
    0xFC, 0x07, 0x38, 0x18, 0x60, 0x00, 0x00, 0xFC, 0x0F, 0xF8, 0x38, 0xF1, 0xE1, 0xE7, 0x87, 0xBC,
    0x1E, 0xF0, 0x7B, 0xC1, 0xE7, 0x87, 0x9E, 0x1E, 0x78, 0x70, 0xFF, 0x81, 0xFC, 0x00, 0x00, 0x00,
    0x00, 0x03, 0xC8, 0x01, 0xFC, 0x00, 0x9C, 0x00, 0x08, 0x00, 0x1F, 0x00, 0x1F, 0xC0, 0x1C, 0xE0,
    0x04, 0x10, 0x00, 0x00, 0x01, 0xFE, 0x03, 0xEF, 0x83, 0xC1, 0xE1, 0xE0, 0xF1, 0xE0, 0x3C, 0xF0,
    0x1E, 0x78, 0x0F, 0x7C, 0x07, 0xBE, 0x03, 0xDF, 0x01, 0xE7, 0x80, 0xF3, 0xC0, 0x79, 0xE0, 0x38,
    0xF0, 0x3C, 0x3C, 0x1C, 0x0F, 0xBC, 0x03, 0xFC, 0x00, 0x00, 0x00, 0x04, 0x00, 0x3F, 0x81, 0xFC,
    0x00, 0x60, 0x03, 0x00, 0x1E, 0x00, 0xFC, 0x07, 0x38, 0x10, 0x60, 0x00, 0x00, 0xFC, 0x0F, 0xF8,
    0x38, 0xF1, 0xE1, 0xE7, 0x87, 0xBC, 0x1E, 0xF0, 0x7B, 0xC1, 0xE7, 0x87, 0x9E, 0x1E, 0x78, 0x70,
    0xFF, 0x81, 0xFC, 0x00, 0x00, 0x01, 0x80, 0x01, 0xE0, 0x01, 0xF8, 0x01, 0xCE, 0x00, 0x41, 0x00,
    0x00, 0x00, 0x1F, 0xE0, 0x3E, 0xF8, 0x3C, 0x1E, 0x1E, 0x0F, 0x1E, 0x03, 0xCF, 0x01, 0xE7, 0x80,
    0xF7, 0xC0, 0x7B, 0xE0, 0x3D, 0xF0, 0x1E, 0x78, 0x0F, 0x3C, 0x07, 0x9E, 0x03, 0x8F, 0x03, 0xC3,
    0xC1, 0xC0, 0xFB, 0xC0, 0x3F, 0xC0, 0x00, 0x00, 0x01, 0xC0, 0x01, 0xE0, 0x00, 0xF8, 0x00, 0x38,
    0x00, 0x00, 0x00, 0x07, 0x00, 0x1E, 0x00, 0xFC, 0x07, 0x30, 0x18, 0xE0, 0x41, 0x80, 0x00, 0x03,
    0xF0, 0x3F, 0xE0, 0xE3, 0xC7, 0x87, 0x9E, 0x1E, 0xF0, 0x7B, 0xC1, 0xEF, 0x07, 0x9E, 0x1E, 0x78,
    0x79, 0xE1, 0xC3, 0xFE, 0x07, 0xF0, 0x00, 0x00, 0x0C, 0x00, 0x78, 0x01, 0xE0, 0x07, 0x80, 0x00,
    0x00, 0x00, 0x20, 0x00, 0x1C, 0x00, 0x0F, 0x00, 0x07, 0x8E, 0x00, 0x83, 0x80, 0x00, 0xE0, 0x7F,
    0xF8, 0x7D, 0xFC, 0x3C, 0x1E, 0x0F, 0x07, 0x87, 0x80, 0xF1, 0xE0, 0x3C, 0x78, 0x0F, 0x3E, 0x03,
    0xCF, 0x80, 0xF3, 0xE0, 0x3C, 0x78, 0x0F, 0x1E, 0x03, 0xC7, 0x80, 0xE1, 0xE0, 0x78, 0x3C, 0x1C,
    0x07, 0xDE, 0x00, 0xFF, 0x00, 0x00, 0x00, 0x00, 0x00, 0x03, 0x00, 0x1E, 0x00, 0x78, 0x03, 0x80,
    0x1C, 0x70, 0x01, 0xC0, 0x07, 0x0F, 0xF8, 0xFF, 0xC3, 0x8F, 0x1E, 0x1E, 0x78, 0x7B, 0xC1, 0xEF,
    0x07, 0xBC, 0x1E, 0x78, 0x79, 0xE1, 0xE7, 0x87, 0x0F, 0xF8, 0x1F, 0xC0, 0x00, 0x00, 0x02, 0x00,
    0x01, 0xC0, 0x00, 0x78, 0x00, 0x0F, 0x0E, 0x00, 0x83, 0x80, 0x00, 0xE0, 0x7F, 0xF8, 0x7D, 0xFC,
    0x3C, 0x1E, 0x0F, 0x07, 0x87, 0x80, 0xF1, 0xE0, 0x3C, 0x78, 0x0F, 0x3E, 0x03, 0xCF, 0x80, 0xF3,
    0xE0, 0x3C, 0x78, 0x0F, 0x1E, 0x03, 0xC7, 0x80, 0xE1, 0xE0, 0x78, 0x3C, 0x1C, 0x07, 0xDE, 0x00,
    0xFF, 0x00, 0x00, 0x00, 0x00, 0x00, 0x70, 0x01, 0xE0, 0x07, 0x80, 0x0F, 0x00, 0x0E, 0x70, 0x01,
    0xC0, 0x07, 0x0F, 0xF8, 0xFF, 0xC3, 0x8F, 0x1E, 0x1E, 0x78, 0x7B, 0xC1, 0xEF, 0x07, 0xBC, 0x1E,
    0x78, 0x79, 0xE1, 0xE7, 0x87, 0x0F, 0xF8, 0x1F, 0xC0, 0x00, 0x00, 0x01, 0x80, 0x00, 0xF8, 0x00,
    0x3E, 0x00, 0x03, 0x80, 0x01, 0xC3, 0x80, 0x60, 0xE0, 0x00, 0x38, 0x1F, 0xFE, 0x1F, 0x7F, 0x0F,
    0x07, 0x83, 0xC1, 0xE1, 0xE0, 0x3C, 0x78, 0x0F, 0x1E, 0x03, 0xCF, 0x80, 0xF3, 0xE0, 0x3C, 0xF8,
    0x0F, 0x1E, 0x03, 0xC7, 0x80, 0xF1, 0xE0, 0x38, 0x78, 0x1E, 0x0F, 0x07, 0x01, 0xF7, 0x80, 0x3F,
    0xC0, 0x00, 0x00, 0x00, 0x06, 0x00, 0x3E, 0x00, 0xFC, 0x00, 0x70, 0x03, 0x80, 0x0C, 0x70, 0x31,
    0xC0, 0x07, 0x0F, 0xF8, 0xFF, 0xC3, 0x8F, 0x1E, 0x1E, 0x78, 0x7B, 0xC1, 0xEF, 0x07, 0xBC, 0x1E,
    0x78, 0x79, 0xE1, 0xE7, 0x87, 0x0F, 0xF8, 0x1F, 0xC0, 0x00, 0x00, 0x00, 0x00, 0x01, 0xE4, 0x00,
    0x7F, 0x00, 0x33, 0xCE, 0x00, 0x63, 0x80, 0x00, 0xE0, 0x7F, 0xF8, 0x7D, 0xFC, 0x3C, 0x1E, 0x0F,
    0x07, 0x87, 0x80, 0xF1, 0xE0, 0x3C, 0x78, 0x0F, 0x3E, 0x03, 0xCF, 0x80, 0xF3, 0xE0, 0x3C, 0x78,
    0x0F, 0x1E, 0x03, 0xC7, 0x80, 0xE1, 0xE0, 0x78, 0x3C, 0x1C, 0x07, 0xDE, 0x00, 0xFF, 0x00, 0x00,
    0x00, 0x00, 0x00, 0x39, 0x81, 0xFE, 0x06, 0xF7, 0x01, 0x9C, 0x00, 0x70, 0xFF, 0x8F, 0xFC, 0x38,
    0xF1, 0xE1, 0xE7, 0x87, 0xBC, 0x1E, 0xF0, 0x7B, 0xC1, 0xE7, 0x87, 0x9E, 0x1E, 0x78, 0x70, 0xFF,
    0x81, 0xFC, 0x00, 0x00, 0x00, 0x03, 0x80, 0x00, 0xE0, 0x00, 0x38, 0x1F, 0xFE, 0x1F, 0x7F, 0x0F,
    0x07, 0x83, 0xC1, 0xE1, 0xE0, 0x3C, 0x78, 0x0F, 0x1E, 0x03, 0xCF, 0x80, 0xF3, 0xE0, 0x3C, 0xF8,
    0x0F, 0x1E, 0x03, 0xC7, 0x80, 0xF1, 0xE0, 0x38, 0x78, 0x1E, 0x0F, 0x07, 0x01, 0xF7, 0x80, 0x3F,
    0xC0, 0x00, 0x00, 0x00, 0x70, 0x00, 0x3C, 0x00, 0x0F, 0x80, 0x01, 0xC0, 0x00, 0x00, 0x00, 0x00,
    0x1C, 0x00, 0x70, 0x01, 0xC3, 0xFE, 0x3F, 0xF0, 0xE3, 0xC7, 0x87, 0x9E, 0x1E, 0xF0, 0x7B, 0xC1,
    0xEF, 0x07, 0x9E, 0x1E, 0x78, 0x79, 0xE1, 0xC3, 0xFE, 0x07, 0xF0, 0x00, 0x00, 0x0C, 0x00, 0x78,
    0x01, 0xE0, 0x07, 0x80, 0x00, 0x00, 0x00, 0x00, 0x7F, 0x8F, 0xFF, 0x87, 0xE7, 0x80, 0xC3, 0xC0,
    0x61, 0xE0, 0x30, 0xF0, 0x18, 0x78, 0x0C, 0x3C, 0x06, 0x1E, 0x03, 0x0F, 0x01, 0x87, 0x80, 0xC3,
    0xC0, 0x61, 0xE0, 0x30, 0xF0, 0x38, 0x3C, 0x18, 0x1F, 0xFC, 0x03, 0xF8, 0x00, 0x00, 0x00, 0x38,
    0x00, 0x1E, 0x00, 0x1F, 0x00, 0x07, 0x00, 0x00, 0x00, 0x00, 0x03, 0xE3, 0xEF, 0x8F, 0x9E, 0x1E,
    0x78, 0x79, 0xE1, 0xE7, 0x87, 0x9E, 0x1E, 0x78, 0x78, 0xE1, 0xE3, 0x87, 0x8F, 0x1E, 0x3F, 0xFC,
    0x7E, 0xF0, 0x00, 0x00, 0xE0, 0x07, 0x80, 0x1E, 0x00, 0x38, 0x00, 0x00, 0x01, 0x80, 0x01, 0xF0,
    0x00, 0xF8, 0x00, 0x1C, 0x00, 0x0C, 0x00, 0x0E, 0x00, 0x00, 0x01, 0xFE, 0x3F, 0xFE, 0x1F, 0x9E,
    0x03, 0x0F, 0x01, 0x87, 0x80, 0xC3, 0xC0, 0x61, 0xE0, 0x30, 0xF0, 0x18, 0x78, 0x0C, 0x3C, 0x06,
    0x1E, 0x03, 0x0F, 0x01, 0x87, 0x80, 0xC3, 0xC0, 0xE0, 0xF0, 0x60, 0x7F, 0xF0, 0x0F, 0xE0, 0x00,
    0x00, 0x00, 0x07, 0x00, 0x3E, 0x00, 0xFC, 0x00, 0x70, 0x03, 0x80, 0x0C, 0x00, 0x30, 0x00, 0x00,
    0xF8, 0xFB, 0xE3, 0xE7, 0x87, 0x9E, 0x1E, 0x78, 0x79, 0xE1, 0xE7, 0x87, 0x9E, 0x1E, 0x38, 0x78,
    0xE1, 0xE3, 0xC7, 0x8F, 0xFF, 0x1F, 0xBC, 0x00, 0x00, 0x00, 0x20, 0x00, 0x0F, 0x00, 0x01, 0xC0,
    0x00, 0x70, 0x70, 0x04, 0x0E, 0x00, 0x03, 0xBF, 0xC7, 0xF7, 0xF0, 0xF8, 0x3C, 0x06, 0x07, 0x80,
    0xC0, 0xF0, 0x18, 0x1E, 0x03, 0x03, 0xC0, 0x60, 0x78, 0x0C, 0x0F, 0x01, 0x81, 0xE0, 0x30, 0x3C,
    0x06, 0x07, 0x80, 0xC0, 0xF0, 0x18, 0x1E, 0x07, 0x01, 0xE0, 0xC0, 0x3F, 0xF8, 0x01, 0xFC, 0x00,
    0x00, 0x00, 0x00, 0x00, 0x00, 0x70, 0x00, 0x38, 0x00, 0x3C, 0x00, 0x3C, 0x00, 0x38, 0x1C, 0x00,
    0x0E, 0x00, 0x07, 0xF8, 0xFF, 0x7C, 0x7F, 0x1E, 0x1E, 0x0F, 0x0F, 0x07, 0x87, 0x83, 0xC3, 0xC1,
    0xE1, 0xE0, 0xF0, 0xF0, 0x38, 0x78, 0x1C, 0x3C, 0x0F, 0x1E, 0x07, 0xFF, 0x81, 0xFB, 0xC0, 0x00,
    0x00, 0x01, 0x00, 0x00, 0xF0, 0x00, 0x0E, 0x00, 0x00, 0xE0, 0x70, 0x0C, 0x0E, 0x00, 0x03, 0xBF,
    0xC7, 0xF7, 0xF0, 0xF8, 0x3C, 0x06, 0x07, 0x80, 0xC0, 0xF0, 0x18, 0x1E, 0x03, 0x03, 0xC0, 0x60,
    0x78, 0x0C, 0x0F, 0x01, 0x81, 0xE0, 0x30, 0x3C, 0x06, 0x07, 0x80, 0xC0, 0xF0, 0x18, 0x1E, 0x07,
    0x01, 0xE0, 0xC0, 0x3F, 0xF8, 0x01, 0xFC, 0x00, 0x00, 0x00, 0x00, 0x00, 0x06, 0x00, 0x07, 0x80,
    0x01, 0xE0, 0x00, 0x70, 0x00, 0x1C, 0x1C, 0x00, 0x0E, 0x00, 0x07, 0xF8, 0xFF, 0x7C, 0x7F, 0x1E,
    0x1E, 0x0F, 0x0F, 0x07, 0x87, 0x83, 0xC3, 0xC1, 0xE1, 0xE0, 0xF0, 0xF0, 0x38, 0x78, 0x1C, 0x3C,
    0x0F, 0x1E, 0x07, 0xFF, 0x81, 0xFB, 0xC0, 0x00, 0x00, 0x01, 0x80, 0x00, 0x7C, 0x00, 0x07, 0xC0,
    0x00, 0x30, 0x00, 0x0C, 0x0E, 0x01, 0x81, 0xC0, 0x00, 0x77, 0xF8, 0xFE, 0xFE, 0x1F, 0x07, 0x80,
    0xC0, 0xF0, 0x18, 0x1E, 0x03, 0x03, 0xC0, 0x60, 0x78, 0x0C, 0x0F, 0x01, 0x81, 0xE0, 0x30, 0x3C,
    0x06, 0x07, 0x80, 0xC0, 0xF0, 0x18, 0x1E, 0x03, 0x03, 0xC0, 0xE0, 0x3C, 0x18, 0x07, 0xFF, 0x00,
    0x3F, 0x80, 0x00, 0x00, 0x00, 0x07, 0x00, 0x07, 0xC0, 0x03, 0xF0, 0x00, 0x38, 0x00, 0x38, 0x00,
    0x18, 0x1C, 0x0C, 0x0E, 0x00, 0x07, 0xF8, 0xFF, 0x7C, 0x7F, 0x1E, 0x1E, 0x0F, 0x0F, 0x07, 0x87,
    0x83, 0xC3, 0xC1, 0xE1, 0xE0, 0xF0, 0xF0, 0x38, 0x78, 0x1C, 0x3C, 0x0F, 0x1E, 0x07, 0xFF, 0x81,
    0xFB, 0xC0, 0x00, 0x00, 0x00, 0x00, 0x00, 0x73, 0x00, 0x1F, 0xE0, 0x03, 0x78, 0x70, 0x02, 0x0E,
    0x00, 0x03, 0xBF, 0xC7, 0xF7, 0xF0, 0xF8, 0x3C, 0x06, 0x07, 0x80, 0xC0, 0xF0, 0x18, 0x1E, 0x03,
    0x03, 0xC0, 0x60, 0x78, 0x0C, 0x0F, 0x01, 0x81, 0xE0, 0x30, 0x3C, 0x06, 0x07, 0x80, 0xC0, 0xF0,
    0x18, 0x1E, 0x07, 0x01, 0xE0, 0xC0, 0x3F, 0xF8, 0x01, 0xFC, 0x00, 0x00, 0x00, 0x00, 0x00, 0x07,
    0x30, 0x07, 0xF8, 0x03, 0x7C, 0x70, 0x08, 0x38, 0x00, 0x1F, 0xE3, 0xFD, 0xF1, 0xFC, 0x78, 0x78,
    0x3C, 0x3C, 0x1E, 0x1E, 0x0F, 0x0F, 0x07, 0x87, 0x83, 0xC3, 0xC0, 0xE1, 0xE0, 0x70, 0xF0, 0x3C,
    0x78, 0x1F, 0xFE, 0x07, 0xEF, 0x00, 0x00, 0x00, 0x00, 0x00, 0xE0, 0x00, 0x1C, 0x00, 0x07, 0x7F,
    0x8F, 0xEF, 0xE1, 0xF0, 0x78, 0x0C, 0x0F, 0x01, 0x81, 0xE0, 0x30, 0x3C, 0x06, 0x07, 0x80, 0xC0,
    0xF0, 0x18, 0x1E, 0x03, 0x03, 0xC0, 0x60, 0x78, 0x0C, 0x0F, 0x01, 0x81, 0xE0, 0x30, 0x3C, 0x0E,
    0x03, 0xC1, 0x80, 0x7F, 0xF0, 0x03, 0xF8, 0x00, 0x00, 0x00, 0x01, 0x80, 0x00, 0x78, 0x00, 0x0F,
    0x00, 0x01, 0xE0, 0x00, 0x00, 0x00, 0x00, 0x03, 0x80, 0x01, 0xC0, 0x00, 0xFF, 0x1F, 0xEF, 0x8F,
    0xE3, 0xC3, 0xC1, 0xE1, 0xE0, 0xF0, 0xF0, 0x78, 0x78, 0x3C, 0x3C, 0x1E, 0x1E, 0x07, 0x0F, 0x03,
    0x87, 0x81, 0xE3, 0xC0, 0xFF, 0xF0, 0x3F, 0x78, 0x00, 0x00, 0x01, 0xC0, 0x01, 0xE0, 0x00, 0xF0,
    0x00, 0x38, 0x00, 0x00, 0x00, 0x03, 0x00, 0x03, 0x80, 0x01, 0xE0, 0x00, 0x38, 0x00, 0x08, 0x00,
    0x00, 0x03, 0xFC, 0xFE, 0xFC, 0x3E, 0x3C, 0x0E, 0x0F, 0x0E, 0x07, 0x87, 0x01, 0xE7, 0x00, 0xF3,
    0x00, 0x3D, 0x80, 0x1F, 0x80, 0x07, 0xC0, 0x03, 0xC0, 0x01, 0xE0, 0x00, 0xF0, 0x00, 0x78, 0x00,
    0x3C, 0x00, 0x7F, 0xC0, 0x3F, 0xE0, 0x00, 0x00, 0x70, 0x01, 0xE0, 0x07, 0x80, 0x0F, 0x00, 0x0E,
    0x00, 0x00, 0x00, 0x00, 0xFC, 0xFF, 0xF1, 0xF7, 0x83, 0x9E, 0x1C, 0x3C, 0x70, 0xF1, 0xC1, 0xCE,
    0x07, 0xB8, 0x1E, 0xE0, 0x3B, 0x00, 0xFC, 0x01, 0xE0, 0x07, 0x80, 0x0E, 0x00, 0x30, 0x01, 0xC0,
    0x3E, 0x00, 0xF8, 0x03, 0x80, 0x00, 0x00, 0x00, 0x7F, 0x9F, 0xDF, 0x87, 0xC7, 0x81, 0xC1, 0xE1,
    0xC0, 0xF0, 0xE0, 0x3C, 0xE0, 0x1E, 0x60, 0x07, 0xB0, 0x03, 0xF0, 0x00, 0xF8, 0x00, 0x78, 0x00,
    0x3C, 0x00, 0x1E, 0x00, 0x0F, 0x00, 0x07, 0x80, 0x0F, 0xF8, 0x07, 0xFC, 0x00, 0x00, 0x00, 0x38,
    0x00, 0x3C, 0x00, 0x1F, 0x00, 0x07, 0x00, 0x00, 0x00, 0xFC, 0xFF, 0xF1, 0xF7, 0x83, 0x9E, 0x1C,
    0x3C, 0x70, 0xF1, 0xC1, 0xCE, 0x07, 0xB8, 0x1E, 0xE0, 0x3B, 0x00, 0xFC, 0x01, 0xE0, 0x07, 0x80,
    0x0E, 0x00, 0x33, 0x01, 0xDE, 0x3E, 0xF8, 0xF9, 0xC3, 0x80, 0x00, 0x01, 0x80, 0x01, 0xF0, 0x00,
    0xF8, 0x00, 0x1C, 0x00, 0x0E, 0x00, 0x0E, 0x00, 0x07, 0x00, 0x00, 0x00, 0xFF, 0x3F, 0xBF, 0x0F,
    0x8F, 0x03, 0x83, 0xC3, 0x81, 0xE1, 0xC0, 0x79, 0xC0, 0x3C, 0xC0, 0x0F, 0x60, 0x07, 0xE0, 0x01,
    0xF0, 0x00, 0xF0, 0x00, 0x78, 0x00, 0x3C, 0x00, 0x1E, 0x00, 0x0F, 0x00, 0x1F, 0xF0, 0x0F, 0xF8,
    0x00, 0x06, 0x00, 0x3E, 0x00, 0xFC, 0x00, 0x70, 0x03, 0x80, 0x0C, 0x00, 0x30, 0x00, 0x00, 0xFC,
    0xFF, 0xF1, 0xF7, 0x83, 0x9E, 0x1C, 0x3C, 0x70, 0xF1, 0xC1, 0xCE, 0x07, 0xB8, 0x1E, 0xE0, 0x3B,
    0x00, 0xFC, 0x01, 0xE0, 0x07, 0x80, 0x0E, 0x00, 0x30, 0x01, 0xC0, 0x3E, 0x00, 0xF8, 0x03, 0x80,
    0x00, 0x00, 0x00, 0x01, 0xC8, 0x01, 0xFE, 0x00, 0x9E, 0x00, 0x06, 0x00, 0x00, 0x03, 0xFC, 0xFE,
    0xFC, 0x3E, 0x3C, 0x0E, 0x0F, 0x0E, 0x07, 0x87, 0x01, 0xE7, 0x00, 0xF3, 0x00, 0x3D, 0x80, 0x1F,
    0x80, 0x07, 0xC0, 0x03, 0xC0, 0x01, 0xE0, 0x00, 0xF0, 0x00, 0x78, 0x00, 0x3C, 0x00, 0x7F, 0xC0,
    0x3F, 0xE0, 0x00, 0x00, 0x39, 0x81, 0xFE, 0x06, 0xF0, 0x01, 0x80, 0x00, 0x0F, 0xCF, 0xFF, 0x1F,
    0x78, 0x39, 0xE1, 0xC3, 0xC7, 0x0F, 0x1C, 0x1C, 0xE0, 0x7B, 0x81, 0xEE, 0x03, 0xB0, 0x0F, 0xC0,
    0x1E, 0x00, 0x78, 0x00, 0xE0, 0x03, 0x00, 0x1C, 0x03, 0xE0, 0x0F, 0x80, 0x38, 0x00, 0xFF, 0xBF,
    0xEF, 0xF8, 0xFF, 0xBF, 0xEF, 0xF8, 0xFF, 0xEF, 0xFE, 0xFF, 0xE0, 0xFF, 0xFF, 0xFF, 0xFF, 0xFF,
    0xC0, 0xFF, 0xFF, 0xFD, 0xFF, 0xFF, 0xFF, 0xFF, 0xFF, 0xF8, 0xFF, 0xFF, 0xFD, 0xFF, 0xFF, 0xFF,
    0xFF, 0xFF, 0xF8, 0xE7, 0xE7, 0xE7, 0xE7, 0xE7, 0xE7, 0xE7, 0xE7, 0xE7, 0xE7, 0xE7, 0xE7, 0xE7,
    0xE7, 0xE7, 0xE7, 0xE7, 0xE7, 0xE7, 0xE7, 0xE7, 0xE7, 0x00, 0x01, 0x9C, 0xCE, 0x73, 0xDE, 0x71,
    0x00, 0x03, 0xBE, 0xF3, 0x9C, 0xCE, 0x62, 0x00, 0x03, 0xBE, 0xF3, 0x9C, 0xCE, 0x62, 0x00, 0x03,
    0xBD, 0xEE, 0x73, 0x8C, 0x30, 0x80, 0x00, 0x0C, 0x37, 0x19, 0x8C, 0xE7, 0x39, 0xCF, 0x7B, 0xDF,
    0x73, 0xC8, 0x60, 0x00, 0x0E, 0x73, 0xEF, 0x3D, 0xE3, 0x9C, 0x73, 0x8C, 0x73, 0x8C, 0x63, 0x08,
    0x40, 0x00, 0x0E, 0x73, 0xEF, 0x3D, 0xE3, 0x9C, 0x73, 0x8C, 0x73, 0x8C, 0x63, 0x08, 0x40, 0x1C,
    0x0E, 0x07, 0x03, 0x8F, 0xFF, 0xFF, 0xFE, 0x38, 0x1C, 0x0E, 0x07, 0x03, 0x81, 0xC0, 0xE0, 0x70,
    0x38, 0x1C, 0x0E, 0x00, 0x00, 0x1C, 0x0E, 0x07, 0x03, 0x8F, 0xFF, 0xFF, 0xFE, 0x38, 0x1C, 0x0E,
    0x3F, 0xFF, 0xF1, 0xC0, 0xE0, 0x70, 0x38, 0x1C, 0x0E, 0x07, 0x00, 0x11, 0xEF, 0xFF, 0x7D, 0xE0,
    0x03, 0x8F, 0x3E, 0xF3, 0x00, 0x00, 0x20, 0xC1, 0xBC, 0x78, 0xFF, 0x9E, 0x3D, 0xC7, 0x8F, 0x00,
    0x00, 0x00, 0x77, 0xBC, 0xE0, 0x00, 0x00, 0x00, 0x00, 0x1F, 0x03, 0x80, 0x00, 0x1F, 0xC1, 0x80,
    0x00, 0x1C, 0x71, 0xC0, 0x00, 0x0E, 0x38, 0xE0, 0x00, 0x07, 0x1C, 0xE0, 0x00, 0x03, 0x8E, 0x70,
    0x00, 0x01, 0xC7, 0x30, 0x00, 0x00, 0xF3, 0xB9, 0xF8, 0x3E, 0x3F, 0x99, 0xFE, 0x3F, 0x8F, 0x9D,
    0xE7, 0x39, 0xE0, 0x0E, 0xE3, 0x9C, 0x70, 0x06, 0x71, 0xDE, 0x38, 0x07, 0x38, 0xEF, 0x1C, 0x03,
    0x1C, 0x73, 0x8E, 0x03, 0x87, 0x39, 0xCE, 0x01, 0x83, 0xF8, 0x7E, 0x01, 0xC0, 0x78, 0x1E, 0x00,
    0x03, 0x9C, 0xE7, 0x73, 0x9C, 0xE6, 0x00, 0x00, 0x1C, 0xE7, 0x79, 0xDE, 0x77, 0x39, 0xCE, 0x73,
    0x9C, 0xE6, 0x31, 0x80, 0x00, 0x01, 0xDE, 0xE7, 0x7B, 0x9D, 0xDE, 0x77, 0x73, 0x9D, 0xCE, 0x67,
    0x39, 0x9C, 0xEE, 0x63, 0x11, 0x80, 0x06, 0x0E, 0x1C, 0x38, 0x78, 0xF0, 0xF0, 0x78, 0x38, 0x1C,
    0x0E, 0x06, 0x40, 0x70, 0x78, 0x3C, 0x1E, 0x1E, 0x0E, 0x1E, 0x3C, 0x78, 0x70, 0x60, 0x71, 0xEF,
    0x1E, 0xF1, 0xEF, 0x1E, 0xF1, 0xE7, 0x1E, 0x70, 0xE7, 0x0E, 0x70, 0xE7, 0x0E, 0x70, 0xE7, 0x0E,
    0x70, 0xE7, 0x0E, 0x70, 0xE2, 0x04, 0x00, 0x02, 0x04, 0x71, 0xEF, 0x9F, 0x70, 0xE0, 0x00, 0x00,
    0x00, 0x00, 0x1C, 0x00, 0x09, 0xA0, 0x03, 0xBE, 0x00, 0x3F, 0x80, 0x03, 0xE0, 0x01, 0xFF, 0x00,
    0x13, 0x60, 0x00, 0x60, 0x00, 0x0C, 0x00, 0x30, 0x18, 0x06, 0x03, 0x86, 0xD9, 0xAE, 0xFF, 0x7F,
    0xC7, 0x83, 0xE3, 0xFC, 0xFE, 0x6F, 0xBA, 0xE9, 0x82, 0x68, 0x30, 0x1C, 0x00, 0x00, 0x00, 0x00,
    0x30, 0x03, 0x80, 0x18, 0x01, 0xC0, 0x0C, 0x00, 0xE0, 0x06, 0x00, 0x70, 0x03, 0x00, 0x38, 0x01,
    0xC0, 0x0C, 0x00, 0xE0, 0x06, 0x00, 0x70, 0x03, 0x00, 0x38, 0x01, 0x80, 0x1C, 0x00, 0xC0, 0x00,
    0x00, 0x00, 0x7F, 0xDF, 0xFF, 0xFF, 0xFF, 0xE0, 0x0C, 0x01, 0x80, 0x30, 0x06, 0x00, 0xC0, 0x18,
    0x03, 0x00, 0x60, 0x0C, 0x00, 0x18, 0x00, 0xE0, 0x03, 0x04, 0x1C, 0x7C, 0x61, 0xF3, 0x87, 0xCC,
    0x1F, 0x70, 0x39, 0x80, 0x0E, 0x00, 0x30, 0x01, 0xC8, 0x07, 0x78, 0x1B, 0xF0, 0xEF, 0xC3, 0x3E,
    0x1C, 0x78, 0x60, 0x03, 0x80, 0x0C, 0x00, 0x00, 0x00, 0x00, 0x07, 0xC3, 0xB9, 0xC7, 0x71, 0xFC,
    0x7F, 0x1F, 0xC7, 0x71, 0xDC, 0x77, 0x38, 0xFC, 0x00, 0x00, 0x10, 0xE7, 0x8E, 0x01, 0xE7, 0x8E,
    0x38, 0xE3, 0x8E, 0x39, 0xF7, 0xC0, 0x1E, 0x07, 0x01, 0xC0, 0xE0, 0x3B, 0x1D, 0xCE, 0x73, 0xFF,
    0xFF, 0x81, 0xC0, 0x70, 0x00, 0x3F, 0x9F, 0xCC, 0x06, 0x03, 0xF9, 0xFC, 0x0F, 0x03, 0x83, 0xC7,
    0xCF, 0xC0, 0x00, 0x00, 0x03, 0xC1, 0xC0, 0xE0, 0x70, 0x1F, 0xCF, 0xFB, 0xCE, 0xF3, 0x9C, 0xE7,
    0x38, 0xFC, 0x00, 0x00, 0x7F, 0xBF, 0xF8, 0xFC, 0x60, 0x70, 0x30, 0x38, 0x1C, 0x1C, 0x0E, 0x0F,
    0x00, 0x00, 0x0F, 0xC7, 0x39, 0xC6, 0x7B, 0x9F, 0xC3, 0xF1, 0xFE, 0x63, 0xF8, 0x77, 0x38, 0xFC,
    0x00, 0x00, 0x00, 0x0F, 0x87, 0x7B, 0x8E, 0xE3, 0xB8, 0xE7, 0x39, 0xFE, 0x1F, 0x81, 0xC1, 0xE0,
    0xF0, 0x00, 0x00, 0x00, 0x07, 0xFC, 0x7F, 0xE7, 0x9E, 0x79, 0xE7, 0x9E, 0x79, 0xE7, 0x9E, 0x79,
    0xE7, 0xDF, 0x79, 0xE0, 0x00, 0x07, 0xC3, 0xB9, 0xC7, 0x71, 0xFC, 0x7F, 0x1F, 0xC7, 0x71, 0xDC,
    0x77, 0x38, 0xFC, 0x00, 0x00, 0x00, 0x3C, 0xFC, 0xFC, 0x1C, 0x1C, 0x1C, 0x1C, 0x1C, 0x1C, 0x3C,
    0xFF, 0x00, 0x0F, 0x87, 0xF3, 0x1C, 0x07, 0x01, 0xC0, 0x70, 0x38, 0x1C, 0x0E, 0x6F, 0xFB, 0xFE,
    0x00, 0x3F, 0x3F, 0xC0, 0xE0, 0x70, 0xF0, 0xF8, 0x0E, 0x07, 0x83, 0xDF, 0xDF, 0xC0, 0x00, 0x1E,
    0x07, 0x01, 0xC0, 0xE0, 0x3B, 0x1D, 0xCE, 0x73, 0xFF, 0xFF, 0x81, 0xC0, 0x70, 0x00, 0x3F, 0x9F,
    0xCC, 0x06, 0x03, 0xF9, 0xFC, 0x0F, 0x03, 0x83, 0xC7, 0xCF, 0xC0, 0x00, 0x00, 0x03, 0xC1, 0xC0,
    0xE0, 0x70, 0x1F, 0xCF, 0xFB, 0xCE, 0xF3, 0x9C, 0xE7, 0x38, 0xFC, 0x00, 0x00, 0x7F, 0xBF, 0xF8,
    0xFC, 0x60, 0x70, 0x30, 0x38, 0x1C, 0x1C, 0x0E, 0x0F, 0x00, 0x00, 0x0F, 0xC7, 0x39, 0xC6, 0x7B,
    0x9F, 0xC3, 0xF1, 0xFE, 0x63, 0xF8, 0x77, 0x38, 0xFC, 0x00, 0x00, 0x00, 0x0F, 0x87, 0x7B, 0x8E,
    0xE3, 0xB8, 0xE7, 0x39, 0xFE, 0x1F, 0x81, 0xC1, 0xE0, 0xF0, 0x00, 0x00, 0x00, 0x00, 0x03, 0x60,
    0x06, 0xC0, 0x0D, 0x80, 0x7F, 0xE1, 0xFF, 0xC7, 0xEF, 0x9E, 0x9F, 0x79, 0x26, 0xF6, 0x41, 0xEC,
    0x83, 0xDB, 0x0F, 0xB6, 0x1F, 0x6C, 0x1E, 0xD8, 0x3D, 0xB0, 0x7B, 0x60, 0x7E, 0xDC, 0xFD, 0xB8,
    0xFB, 0xF0, 0xFF, 0xC0, 0x7C, 0x00, 0x90, 0x03, 0x20, 0x02, 0x40, 0x00, 0x00, 0x0F, 0xFC, 0x3F,
    0xF8, 0xF0, 0xF3, 0xC0, 0xE7, 0x81, 0xDE, 0x00, 0x3C, 0xE3, 0x7B, 0xDE, 0xF7, 0xFD, 0xE7, 0xFB,
    0xCF, 0x07, 0x9E, 0x0F, 0xBC, 0x8F, 0x7B, 0x9F, 0xF7, 0x1F, 0xFE, 0x0F, 0xF8, 0x00, 0x00, 0x00,
    0x00, 0xFF, 0xFC, 0xFF, 0xF8, 0xF0, 0x71, 0xE0, 0xE3, 0xC0, 0x07, 0x80, 0x0F, 0x00, 0x1F, 0xF0,
    0x3F, 0xE0, 0x78, 0x00, 0xF0, 0x07, 0xFC, 0x1F, 0xFC, 0x07, 0x80, 0x0F, 0x00, 0x3F, 0xC0, 0xFF,
    0x80, 0x00, 0x00, 0x00, 0xFE, 0x01, 0xFF, 0x00, 0xE1, 0x00, 0xF0, 0x00, 0x78, 0x00, 0x7F, 0x80,
    0x7F, 0xC0, 0x0F, 0x00, 0x07, 0x80, 0x0F, 0xF8, 0x01, 0xE0, 0x00, 0xF0, 0x70, 0x78, 0x3C, 0x38,
    0x1E, 0x7C, 0x1E, 0x7F, 0xFF, 0x38, 0xFE, 0x00, 0x00, 0x00, 0x00, 0x01, 0x80, 0x00, 0x07, 0x00,
    0x00, 0x0C, 0x00, 0x00, 0x38, 0x07, 0x9F, 0x7F, 0x0F, 0xFF, 0xFF, 0x0F, 0x9F, 0x9E, 0x1E, 0x1E,
    0x1C, 0x3C, 0x3C, 0x38, 0x78, 0x78, 0x70, 0xF0, 0xF0, 0xE1, 0xE1, 0xE1, 0xC3, 0xC7, 0xC3, 0x87,
    0x8F, 0x87, 0x0F, 0x3F, 0x0E, 0x3F, 0x7F, 0x3F, 0x7F, 0xFE, 0xFE, 0x03, 0x00, 0x00, 0x0E, 0x00,
    0x00, 0x18, 0x00, 0x00, 0x00, 0x00, 0x00, 0x00, 0x00, 0x07, 0xE0, 0x7E, 0x3F, 0x07, 0xE1, 0xF8,
    0x18, 0x1F, 0x81, 0x81, 0xFC, 0x18, 0x7F, 0xFF, 0xE7, 0xFF, 0xFF, 0x1C, 0xF1, 0x81, 0xCF, 0x18,
    0x7F, 0xFF, 0xEF, 0xFF, 0xFF, 0x1C, 0x3D, 0x81, 0xC1, 0xF8, 0x1C, 0x1F, 0x81, 0xC0, 0xF8, 0x3F,
    0x07, 0x87, 0xF0, 0x78, 0x00, 0x00, 0x3F, 0xFC, 0x1F, 0xFF, 0x03, 0xC3, 0xC1, 0xE1, 0xE3, 0xFF,
    0xF9, 0xFF, 0xFE, 0x3C, 0x3C, 0x1E, 0x1E, 0x0F, 0x1E, 0x07, 0xFE, 0x03, 0xFE, 0x01, 0xE0, 0x00,
    0xF0, 0x00, 0x78, 0x00, 0x3C, 0x00, 0x7F, 0x80, 0x3F, 0xE0, 0x00, 0x00, 0x00, 0x00, 0x07, 0xFF,
    0x80, 0x00, 0x7E, 0xFC, 0x00, 0x03, 0xC3, 0xC0, 0x00, 0x3C, 0x1E, 0x00, 0x03, 0xC1, 0xE1, 0xFE,
    0x3C, 0x1E, 0x3F, 0xE3, 0xC3, 0xC3, 0x8E, 0x3C, 0x3C, 0x78, 0x63, 0xFF, 0x87, 0xC0, 0x3F, 0xF0,
    0x3F, 0x83, 0xC7, 0x81, 0xFC, 0x3C, 0x3C, 0x0F, 0xE3, 0xC3, 0xC0, 0x3F, 0x3C, 0x3E, 0x70, 0xF3,
    0xC1, 0xE7, 0x0F, 0x7F, 0x1F, 0x79, 0xE7, 0xF0, 0xFB, 0xFC, 0x00, 0x00, 0x00, 0x00, 0x00, 0x00,
    0x00, 0x7F, 0x3F, 0xCF, 0xDF, 0x8F, 0xE7, 0xE7, 0x83, 0xC0, 0xC3, 0xC0, 0xE0, 0x67, 0xFF, 0xFF,
    0xFF, 0xFF, 0xFF, 0xFE, 0x3C, 0x3E, 0x18, 0x0E, 0x3F, 0x0C, 0x07, 0x1B, 0xCE, 0x1F, 0xFF, 0xFF,
    0xEF, 0xFF, 0xFF, 0xF0, 0x77, 0x3D, 0x80, 0x3F, 0x1F, 0xC0, 0x1F, 0x87, 0xC0, 0x07, 0xC3, 0xE0,
    0x03, 0xC1, 0xF0, 0x01, 0xE0, 0x70, 0x00, 0x00, 0x00, 0x00, 0x00, 0x00, 0x1F, 0xFE, 0x3B, 0xFF,
    0xE7, 0x78, 0x1C, 0xEF, 0x03, 0x9D, 0xEE, 0x73, 0xBD, 0xCE, 0x77, 0xB9, 0xCE, 0xF7, 0x39, 0xDE,
    0xE7, 0x3B, 0xDC, 0xE7, 0x7B, 0x9C, 0xEF, 0x73, 0x9D, 0xEE, 0x73, 0xBD, 0xC0, 0x77, 0xB8, 0x1E,
    0xF7, 0xFF, 0xDE, 0xFF, 0xF0, 0x03, 0xF0, 0x0F, 0xC0, 0x0F, 0x01, 0xFE, 0x07, 0xF8, 0x03, 0xC1,
    0xFF, 0x0F, 0xFC, 0x78, 0xF1, 0xC3, 0xC7, 0x0F, 0x1C, 0x3C, 0x70, 0xF1, 0xE3, 0xC3, 0xFF, 0x87,
    0xBE, 0x00, 0x01, 0xFF, 0xE7, 0xFF, 0x80, 0x00, 0x78, 0x01, 0xFF, 0x03, 0xCF, 0x07, 0x07, 0x0F,
    0x07, 0x0E, 0x03, 0x1E, 0x00, 0x7F, 0xF0, 0x7F, 0xF0, 0x1E, 0x00, 0x3F, 0xE0, 0x7F, 0xE0, 0x1E,
    0x00, 0x1E, 0x00, 0x0F, 0x03, 0x0F, 0x07, 0x07, 0xCF, 0x03, 0xFE, 0x00, 0x70, 0x00, 0x00, 0x3F,
    0x9F, 0xDF, 0xCF, 0xC7, 0x83, 0x83, 0xC3, 0x81, 0xE1, 0x80, 0xF1, 0x80, 0x79, 0x80, 0x7F, 0xFF,
    0x3F, 0xFF, 0x8F, 0x3C, 0x07, 0x9E, 0x03, 0xC7, 0x81, 0xE1, 0xE0, 0xF0, 0xF0, 0x78, 0x3C, 0x7F,
    0x1F, 0xBF, 0x87, 0xC0, 0x00, 0x00, 0xFF, 0xFF, 0xFF, 0xFF, 0xE3, 0xC7, 0xE3, 0xC7, 0xE3, 0xC3,
    0x03, 0xC0, 0x03, 0xF8, 0x07, 0xF8, 0x1F, 0xC0, 0x1B, 0xC8, 0x03, 0xF8, 0x0F, 0xF0, 0x1F, 0xC0,
    0x13, 0xC0, 0x03, 0xC0, 0x0F, 0xF0, 0x0F, 0xF0, 0x00, 0x00, 0x1F, 0xFE, 0x03, 0xF7, 0xC0, 0x78,
    0x78, 0x7F, 0xFF, 0xBF, 0xFF, 0xF1, 0xE0, 0xF0, 0x78, 0x3C, 0xFF, 0xFF, 0xDF, 0xFF, 0xE1, 0xE1,
    0xE0, 0x7F, 0xF0, 0x1F, 0xF0, 0x07, 0x80, 0x01, 0xE0, 0x00, 0x78, 0x00, 0x3F, 0x80, 0x1F, 0xF0,
    0x00, 0x00, 0xE0, 0x00, 0x70, 0x00, 0x38, 0x00, 0xFF, 0xC1, 0xFB, 0xE1, 0xF0, 0x70, 0xF0, 0x38,
    0xF0, 0x1C, 0x78, 0x00, 0x3C, 0x00, 0x1E, 0x00, 0x1F, 0x0F, 0xF7, 0x87, 0xFB, 0xC0, 0x79, 0xE0,
    0x3C, 0xF8, 0x1E, 0x3C, 0x0F, 0x1F, 0x07, 0x87, 0xEF, 0xC0, 0xFF, 0x80, 0x0E, 0x00, 0x07, 0x00,
    0x03, 0x80, 0x00, 0x01, 0xFF, 0x87, 0xDF, 0x1C, 0x1E, 0x70, 0x78, 0x01, 0xE0, 0x0F, 0x3F, 0xFF,
    0x7F, 0xF8, 0x3E, 0x0F, 0xFF, 0xBF, 0xFE, 0x78, 0x03, 0xE0, 0x4F, 0x03, 0x9C, 0x0E, 0x7C, 0xF8,
    0xFF, 0xC0, 0x00, 0x00, 0x00, 0x40, 0x01, 0x80, 0x03, 0x00, 0x06, 0x00, 0x7F, 0xC1, 0xFF, 0x87,
    0x37, 0x1E, 0x66, 0x38, 0xCC, 0xF1, 0x81, 0xE3, 0x03, 0xC6, 0x07, 0x8C, 0x0F, 0x18, 0x1E, 0x30,
    0x3C, 0xC0, 0x79, 0x80, 0x7B, 0x18, 0xF6, 0x70, 0xFF, 0xE0, 0xFF, 0xC0, 0x30, 0x00, 0x60, 0x00,
    0xC0, 0x01, 0x80, 0x00, 0x00, 0x7F, 0xFF, 0x7F, 0xFF, 0x00, 0x00, 0x00, 0x00, 0x7F, 0xFF, 0x7F,
    0xFF, 0x73, 0xC7, 0x63, 0xC7, 0x63, 0xC3, 0x63, 0xC3, 0x03, 0xC0, 0x03, 0xC0, 0x03, 0xC0, 0x03,
    0xC0, 0x03, 0xC0, 0x0F, 0xF8, 0x1F, 0xF8, 0x00, 0x01, 0xFF, 0xF7, 0xFF, 0xC0, 0xF8, 0x01, 0xE1,
    0xFF, 0xF7, 0xFF, 0xC0, 0x78, 0x03, 0xE0, 0x1F, 0x07, 0xF8, 0x1F, 0xE0, 0x07, 0x80, 0x0F, 0x00,
    0x3E, 0x00, 0x78, 0x01, 0xF8, 0x03, 0xE0, 0x00, 0x00, 0x0E, 0x00, 0x0E, 0x20, 0x0E, 0xE0, 0x0F,
    0xE0, 0x1F, 0x80, 0x7E, 0x00, 0xFE, 0x60, 0x4F, 0xE0, 0x0F, 0x80, 0x3E, 0x0C, 0x7E, 0x0E, 0x4E,
    0x0E, 0x0E, 0x1E, 0x0E, 0x1E, 0x0E, 0x7C, 0x0F, 0xF8, 0x0F, 0xE0, 0x00, 0xC0, 0x00, 0x30, 0x00,
    0x0C, 0x00, 0x03, 0x00, 0x03, 0xF0, 0x03, 0xFF, 0x01, 0xED, 0xE0, 0x73, 0x38, 0x3C, 0xCF, 0x0E,
    0x31, 0xC3, 0x8C, 0x70, 0xE3, 0x1C, 0x38, 0xC7, 0x0E, 0x31, 0xC3, 0x8C, 0x70, 0xE3, 0x1C, 0x38,
    0xC7, 0x0E, 0x01, 0xC7, 0xE1, 0xFB, 0xF8, 0x7F, 0x00, 0x00, 0xFF, 0xF0, 0xFD, 0xF0, 0xF0, 0xF1,
    0xE1, 0xE3, 0xC3, 0xC7, 0x87, 0x8F, 0x0F, 0x1E, 0x3C, 0xFF, 0xF1, 0xFF, 0xC0, 0xF0, 0x01, 0xE0,
    0x0F, 0xFC, 0x07, 0x80, 0x0F, 0x00, 0x3F, 0x80, 0xFF, 0x80, 0x00, 0x00, 0x00, 0xD8, 0x00, 0xFE,
    0x01, 0xFF, 0xE1, 0xFB, 0xF1, 0xED, 0xB8, 0xE6, 0xDC, 0xF3, 0x66, 0x79, 0xB0, 0x38, 0xD8, 0x1C,
    0x6C, 0x0E, 0x24, 0x07, 0x80, 0x03, 0xC0, 0x00, 0xE0, 0x00, 0x38, 0x00, 0x0E, 0x00, 0x1F, 0xFF,
    0x0F, 0xFF, 0x80, 0x06, 0x60, 0x06, 0x60, 0x06, 0xE0, 0x7F, 0xF8, 0x7E, 0x7C, 0x1C, 0x3C, 0x1C,
    0x1E, 0x1C, 0x1E, 0x1C, 0x1C, 0x1C, 0x3C, 0x1F, 0xF0, 0x1F, 0xFC, 0x1C, 0x3E, 0x1C, 0x1F, 0x1C,
    0x1F, 0x1C, 0x0F, 0x1C, 0x1F, 0x1C, 0x1E, 0x7F, 0xFC, 0x7F, 0xF8, 0x06, 0x60, 0x06, 0x60, 0x06,
    0x60, 0x00, 0x00, 0x03, 0x80, 0x07, 0x80, 0x0F, 0x00, 0x1E, 0x00, 0x3C, 0x00, 0x7F, 0xFF, 0x7F,
    0xFF, 0x3F, 0xFE, 0x1C, 0x00, 0x0E, 0x00, 0x07, 0x00, 0x03, 0x80, 0x01, 0x00, 0x00, 0x00, 0x06,
    0x00, 0x1E, 0x00, 0x7E, 0x01, 0xFE, 0x07, 0xFE, 0x1E, 0xEE, 0x39, 0xCE, 0x63, 0x88, 0x07, 0x00,
    0x0E, 0x00, 0x1C, 0x00, 0x38, 0x00, 0x70, 0x00, 0xE0, 0x01, 0xC0, 0x00, 0x00, 0x01, 0xC0, 0x01,
    0xE0, 0x00, 0xF0, 0x00, 0x78, 0x00, 0x3C, 0xFF, 0xFE, 0xFF, 0xFE, 0x7F, 0xFC, 0x00, 0x38, 0x00,
    0x70, 0x00, 0xE0, 0x01, 0xC0, 0x00, 0x80, 0x03, 0x80, 0x07, 0x00, 0x0E, 0x00, 0x1C, 0x00, 0x38,
    0x00, 0x70, 0x00, 0xE0, 0x31, 0xC6, 0x73, 0x9C, 0x77, 0x70, 0x7F, 0xC0, 0x7F, 0x00, 0x7C, 0x00,
    0x70, 0x00, 0x40, 0x00, 0x00, 0x00, 0x00, 0x00, 0x00, 0xE0, 0x1C, 0x00, 0x78, 0x07, 0x80, 0x3C,
    0x00, 0xF0, 0x1E, 0x00, 0x1E, 0x0F, 0x00, 0x03, 0xC7, 0xFF, 0xFF, 0xF9, 0xFF, 0xFF, 0xFE, 0x3F,
    0xFF, 0xFF, 0x07, 0x00, 0x03, 0x80, 0xE0, 0x01, 0xC0, 0x1C, 0x00, 0xE0, 0x03, 0x80, 0x70, 0x00,
    0x40, 0x08, 0x00, 0x00, 0x00, 0x07, 0x00, 0x1F, 0x00, 0x7E, 0x01, 0xFE, 0x07, 0xFE, 0x1E, 0xEE,
    0x39, 0xCE, 0x23, 0x88, 0x07, 0x00, 0x0E, 0x00, 0x1C, 0x00, 0x38, 0x00, 0x70, 0x18, 0xE7, 0x39,
    0xDE, 0x3B, 0xF8, 0x3F, 0xE0, 0x3F, 0x80, 0x3E, 0x00, 0x38, 0x00, 0x20, 0x00, 0xFF, 0xCF, 0xFC,
    0xFF, 0xCF, 0xC0, 0xFE, 0x0E, 0xF0, 0xE7, 0x8E, 0x3C, 0xE1, 0xEE, 0x0F, 0x00, 0x60, 0x00, 0x3F,
    0xF3, 0xFF, 0x3F, 0xF0, 0x3F, 0x07, 0xF0, 0xF7, 0x1E, 0x73, 0xC7, 0x78, 0x7F, 0x07, 0x60, 0x00,
    0x00, 0x60, 0x0F, 0x00, 0x78, 0x73, 0xC7, 0x1E, 0x70, 0xF7, 0x07, 0xF0, 0x3F, 0x01, 0xF3, 0xFF,
    0x3F, 0xF3, 0xFF, 0x00, 0x20, 0x07, 0xE0, 0xEE, 0x1C, 0xE3, 0x8E, 0x70, 0xEE, 0x0F, 0xC0, 0xF8,
    0x0F, 0xFC, 0xFF, 0xC7, 0xFC, 0x0F, 0x80, 0xFF, 0x83, 0xFF, 0x00, 0x1E, 0x00, 0x78, 0x00, 0xE0,
    0x03, 0x80, 0xEF, 0x1F, 0xFC, 0xF9, 0xE7, 0x83, 0x9E, 0x0E, 0x70, 0x3B, 0xC0, 0xEF, 0x07, 0x1E,
    0x1C, 0x78, 0xE0, 0xFF, 0x81, 0xF8, 0x01, 0x00, 0x00, 0x08, 0x1F, 0x61, 0xFF, 0x8F, 0xBE, 0x38,
    0x79, 0xC3, 0x77, 0x19, 0xD8, 0x63, 0x63, 0x1D, 0xD8, 0x77, 0xC1, 0xCF, 0x1E, 0x3F, 0xF0, 0xFF,
    0x86, 0x00, 0x00, 0x00, 0x00, 0x00, 0x01, 0x80, 0x03, 0x80, 0x03, 0xC0, 0x07, 0xC0, 0x07, 0xE0,
    0x07, 0xE0, 0x0E, 0xE0, 0x0C, 0xF0, 0x1C, 0xF0, 0x1C, 0x78, 0x18, 0x78, 0x38, 0x3C, 0x30, 0x3C,
    0x70, 0x3C, 0x70, 0x1E, 0xFF, 0xFE, 0xFF, 0xFE, 0x00, 0x00, 0x3F, 0xFF, 0xE7, 0xFF, 0xF8, 0xF0,
    0x38, 0x3C, 0x0E, 0x0F, 0x03, 0x83, 0xC0, 0xE0, 0xF0, 0x38, 0x3C, 0x0E, 0x0F, 0x03, 0x83, 0xC0,
    0xE0, 0xF0, 0x38, 0x3C, 0x0E, 0x0F, 0x03, 0x83, 0xC0, 0xE0, 0xF0, 0x38, 0x3C, 0x0E, 0x0F, 0x03,
    0x87, 0xE3, 0xFB, 0xFC, 0xFE, 0x00, 0x00, 0xFF, 0xF9, 0xFF, 0xF1, 0xE0, 0x63, 0xE0, 0xC3, 0xC0,
    0x03, 0xC0, 0x07, 0xC0, 0x07, 0xC0, 0x07, 0x80, 0x07, 0x00, 0x0E, 0x00, 0x38, 0x00, 0xE0, 0x03,
    0x80, 0x0F, 0x02, 0x1C, 0x06, 0x70, 0x1D, 0xFF, 0xFB, 0xFF, 0xF0, 0x00, 0x00, 0x7F, 0xFF, 0xFD,
    0xFF, 0x80, 0x03, 0x80, 0xE0, 0x38, 0x0C, 0x07, 0x01, 0xC0, 0x70, 0x18, 0x0E, 0x03, 0x80, 0xE0,
    0x70, 0x1C, 0x07, 0x01, 0x80, 0xE0, 0x38, 0x0E, 0x07, 0x01, 0xC0, 0x70, 0x18, 0x00, 0x00, 0x27,
    0xBC, 0xE0, 0x00, 0x00, 0x03, 0xC0, 0x00, 0xE0, 0x00, 0x38, 0x00, 0x1E, 0x00, 0x07, 0x00, 0x01,
    0xC0, 0x00, 0xF0, 0x00, 0x38, 0x00, 0x0E, 0x00, 0x03, 0x80, 0x01, 0xC0, 0x00, 0x70, 0x00, 0x1C,
    0x1E, 0x0E, 0x0F, 0xC3, 0x81, 0xF0, 0xE0, 0x1C, 0x70, 0x07, 0x9C, 0x00, 0xE7, 0x00, 0x39, 0x80,
    0x0F, 0xE0, 0x01, 0xF8, 0x00, 0x7C, 0x00, 0x0F, 0x00, 0x03, 0xC0, 0x00, 0x00, 0x00, 0x03, 0xE1,
    0xF0, 0xFE, 0x7F, 0x31, 0xF8, 0x64, 0x1E, 0x07, 0x81, 0xC0, 0xF0, 0x3C, 0x1B, 0x07, 0xC3, 0x73,
    0xBF, 0xC7, 0xE3, 0xF0, 0x20, 0x18, 0x00, 0x0F, 0x87, 0xF3, 0x89, 0xE0, 0x70, 0x1E, 0x07, 0x81,
    0xE0, 0x78, 0x0F, 0x03, 0xC0, 0x78, 0x1E, 0x03, 0xC0, 0xF0, 0x1E, 0x07, 0x80, 0xE0, 0x3C, 0x0F,
    0x03, 0x80, 0xE6, 0x7B, 0xFC, 0x3E, 0x00, 0x67, 0xBD, 0xE0, 0x00, 0x00, 0x03, 0x3D, 0xEF, 0x00,
    0x00, 0x03, 0xC6, 0x7F, 0xEF, 0xFE, 0xC3, 0xC0, 0x00, 0x00, 0x03, 0xC6, 0x7F, 0xEF, 0xFE, 0xC3,
    0xC0, 0x00, 0x01, 0x80, 0x73, 0xFF, 0xFF, 0xFF, 0xFE, 0x0C, 0x03, 0x80, 0x70, 0x1E, 0x1F, 0xFF,
    0xFF, 0x8C, 0x03, 0x80, 0x20, 0x00, 0x00, 0x10, 0x07, 0x03, 0xF0, 0xFC, 0x3F, 0x07, 0xC0, 0x7E,
    0x01, 0xF8, 0x07, 0xF0, 0x0F, 0x00, 0x30, 0x00, 0x00, 0x07, 0xFF, 0x7F, 0xF0, 0xC0, 0x0F, 0x00,
    0xFC, 0x03, 0xF0, 0x0F, 0xC0, 0x1F, 0x07, 0xE1, 0xF8, 0x7E, 0x0F, 0x80, 0xC0, 0x00, 0x00, 0x00,
    0x0F, 0xFF, 0xFF, 0xF0, 0x00, 0x00, 0x07, 0x03, 0xF1, 0xFE, 0x7E, 0x07, 0xF8, 0x0F, 0xF0, 0x1F,
    0x00, 0x17, 0xFE, 0x7F, 0xF7, 0xFF, 0x00, 0x07, 0xFF, 0x7F, 0xF0, 0x00, 0x0F, 0x00, 0xFE, 0x07,
    0xFC, 0x07, 0xF1, 0xFE, 0xFF, 0x0F, 0x80, 0xC0, 0x07, 0xFE, 0xFF, 0xFF, 0xFF, 0x00, 0x0F, 0xFF,
    0xFF, 0xF0, 0x00, 0x00, 0x03, 0xE7, 0x03, 0xF3, 0x83, 0xFB, 0xE1, 0xC0, 0xE1, 0xE0, 0x00, 0xF0,
    0x00, 0xFF, 0x7C, 0xFF, 0xBF, 0x1E, 0x0F, 0x8F, 0x03, 0xC7, 0x81, 0xE3, 0xC0, 0xF1, 0xE0, 0x78,
    0xF0, 0x3C, 0x78, 0x1E, 0x3C, 0x0F, 0x1E, 0x07, 0x9F, 0xC7, 0xEF, 0xF7, 0xF0, 0x00, 0x00, 0x03,
    0xFF, 0x03, 0xFF, 0x83, 0xF9, 0xC1, 0xC0, 0xE1, 0xE0, 0x70, 0xF0, 0x38, 0xFF, 0x1C, 0xFF, 0x8E,
    0x1E, 0x07, 0x0F, 0x03, 0x87, 0x81, 0xC3, 0xC0, 0xE1, 0xE0, 0x70, 0xF0, 0x38, 0x78, 0x1C, 0x3C,
    0x0E, 0x1E, 0x07, 0x1F, 0xCF, 0xEF, 0xF7, 0xF0,
};

static const EpdGlyph merri11_boldGlyphs[] = {
    { 0, 0, 87, 0, 0, 0, 0 }, // U+0020
    { 5, 22, 109, 1, 21, 14, 0 }, // !
    { 10, 10, 192, 1, 20, 13, 14 }, // "
    { 14, 18, 263, 1, 18, 32, 27 }, // #
    { 13, 23, 245, 1, 20, 38, 59 }, // $
    { 23, 18, 389, 1, 18, 52, 97 }, // %
    { 18, 19, 280, 0, 18, 43, 149 }, // &
    { 6, 10, 117, 1, 20, 8, 192 }, // '
    { 8, 25, 162, 1, 20, 25, 200 }, // (
    { 8, 25, 162, 1, 20, 25, 225 }, // )
    { 13, 14, 242, 1, 20, 23, 250 }, // *
    { 11, 12, 245, 2, 13, 17, 273 }, // +
    { 5, 10, 101, 1, 4, 7, 290 }, // ,
    { 10, 3, 211, 2, 9, 4, 297 }, // -
    { 5, 5, 101, 1, 4, 4, 301 }, // .
    { 9, 23, 149, 0, 18, 26, 305 }, // /
    { 14, 19, 243, 1, 18, 34, 331 }, // 0
    { 11, 18, 170, 0, 18, 25, 365 }, // 1
    { 13, 18, 216, 0, 18, 30, 390 }, // 2
    { 12, 19, 210, 0, 18, 29, 420 }, // 3
    { 15, 18, 233, 0, 18, 34, 449 }, // 4
    { 12, 19, 214, 1, 18, 29, 483 }, // 5
    { 13, 19, 226, 1, 18, 31, 512 }, // 6
    { 14, 19, 220, 0, 18, 34, 543 }, // 7
    { 13, 19, 228, 1, 18, 31, 577 }, // 8
    { 14, 20, 226, 0, 18, 35, 608 }, // 9
    { 5, 14, 103, 1, 13, 9, 643 }, // :
    { 5, 19, 103, 1, 13, 12, 652 }, // ;
    { 12, 13, 245, 1, 13, 20, 664 }, // <
    { 11, 9, 245, 2, 12, 13, 684 }, // =
    { 12, 14, 245, 2, 14, 21, 697 }, // >
    { 11, 22, 179, 0, 21, 31, 718 }, // ?
    { 22, 24, 387, 1, 18, 66, 749 }, // @
    { 18, 18, 259, -1, 18, 41, 815 }, // A
    { 16, 19, 256, 0, 18, 38, 856 }, // B
    { 15, 19, 243, 0, 18, 36, 894 }, // C
    { 17, 19, 280, 0, 18, 41, 930 }, // D
    { 15, 18, 239, 0, 18, 34, 971 }, // E
    { 14, 18, 230, 0, 18, 32, 1005 }, // F
    { 17, 19, 267, 0, 18, 41, 1037 }, // G
    { 19, 18, 303, 0, 18, 43, 1078 }, // H
    { 9, 18, 147, 0, 18, 21, 1121 }, // I
    { 10, 23, 147, -1, 18, 29, 1142 }, // J
    { 18, 18, 274, 0, 18, 41, 1171 }, // K
    { 15, 18, 233, 0, 18, 34, 1212 }, // L
    { 24, 18, 373, 0, 18, 54, 1246 }, // M
    { 18, 18, 290, 0, 18, 41, 1300 }, // N
    { 17, 19, 268, 0, 18, 41, 1341 }, // O
    { 15, 18, 242, 0, 18, 34, 1382 }, // P
    { 19, 23, 268, 0, 18, 55, 1416 }, // Q
    { 17, 18, 265, 0, 18, 39, 1471 }, // R
    { 13, 19, 221, 1, 18, 31, 1510 }, // S
    { 16, 18, 263, 0, 18, 36, 1541 }, // T
    { 17, 19, 272, 0, 18, 41, 1577 }, // U
    { 18, 18, 251, -1, 18, 41, 1618 }, // V
    { 25, 18, 373, -1, 18, 57, 1659 }, // W
    { 17, 18, 266, 0, 18, 39, 1716 }, // X
    { 17, 18, 238, -1, 18, 39, 1755 }, // Y
    { 15, 18, 239, 0, 18, 34, 1794 }, // Z
    { 7, 23, 164, 2, 19, 21, 1828 }, // [
    { 9, 23, 158, 0, 18, 26, 1849 }, // <backslash>
    { 6, 23, 162, 2, 19, 18, 1875 }, // ]
    { 13, 15, 244, 1, 18, 25, 1893 }, // ^
    { 13, 2, 183, -1, -1, 4, 1918 }, // _
    { 6, 7, 160, 2, 21, 6, 1922 }, // `
    { 13, 15, 205, 0, 14, 25, 1928 }, // a
    { 14, 20, 226, 0, 19, 35, 1953 }, // b
    { 12, 15, 187, 0, 14, 23, 1988 }, // c
    { 14, 20, 226, 0, 19, 35, 2011 }, // d
    { 12, 15, 198, 0, 14, 23, 2046 }, // e
    { 10, 20, 147, 0, 20, 25, 2069 }, // f
    { 14, 21, 229, 0, 14, 37, 2094 }, // g
    { 15, 19, 245, 0, 19, 36, 2131 }, // h
    { 8, 19, 125, 0, 19, 19, 2167 }, // i
    { 7, 25, 125, -1, 19, 22, 2186 }, // j
    { 15, 19, 237, 0, 19, 36, 2208 }, // k
    { 8, 19, 119, 0, 19, 19, 2244 }, // l
    { 23, 14, 369, 0, 14, 41, 2263 }, // m
    { 16, 14, 249, 0, 14, 28, 2304 }, // n
    { 14, 15, 219, 0, 14, 27, 2332 }, // o
    { 14, 20, 233, 0, 14, 35, 2359 }, // p
    { 14, 20, 223, 0, 14, 35, 2394 }, // q
    { 11, 14, 170, 0, 14, 20, 2429 }, // r
    { 10, 15, 190, 1, 14, 19, 2449 }, // s
    { 9, 18, 147, 0, 17, 21, 2468 }, // t
    { 14, 15, 235, 0, 14, 27, 2489 }, // u
    { 15, 14, 215, -1, 13, 27, 2516 }, // v
    { 21, 14, 316, -1, 13, 37, 2543 }, // w
    { 14, 13, 226, 0, 13, 23, 2580 }, // x
    { 14, 19, 217, 0, 13, 34, 2603 }, // y
    { 13, 13, 202, 0, 13, 22, 2637 }, // z
    { 10, 23, 194, 1, 19, 29, 2659 }, // {
    { 3, 23, 155, 3, 20, 9, 2688 }, // |
    { 10, 23, 194, 1, 19, 29, 2697 }, // }
    { 12, 6, 243, 2, 10, 9, 2726 }, // ~
    { 0, 0, 87, 0, 0, 0, 2735 }, // U+00A0
    { 5, 22, 109, 1, 18, 14, 2735 }, // U+00A1
    { 11, 19, 209, 1, 16, 27, 2749 }, // U+00A2
    { 17, 19, 281, 0, 18, 41, 2776 }, // U+00A3
    { 14, 15, 277, 2, 16, 27, 2817 }, // U+00A4
    { 16, 18, 292, 1, 18, 36, 2844 }, // U+00A5
    { 3, 23, 155, 3, 20, 9, 2880 }, // U+00A6
    { 12, 22, 250, 2, 19, 33, 2889 }, // U+00A7
    { 9, 5, 203, 2, 19, 6, 2922 }, // U+00A8
    { 20, 20, 381, 2, 21, 50, 2928 }, // U+00A9
    { 11, 12, 175, 0, 19, 17, 2978 }, // U+00AA
    { 14, 12, 255, 1, 13, 21, 2995 }, // U+00AB
    { 12, 7, 245, 2, 8, 11, 3016 }, // U+00AC
    { 20, 20, 381, 2, 21, 50, 3027 }, // U+00AE
    { 8, 3, 182, 2, 18, 3, 3077 }, // U+00AF
    { 9, 9, 180, 1, 19, 11, 3080 }, // U+00B0
    { 11, 13, 234, 2, 13, 18, 3091 }, // U+00B1
    { 10, 12, 152, 0, 22, 15, 3109 }, // U+00B2
    { 9, 13, 145, 0, 22, 15, 3124 }, // U+00B3
    { 6, 7, 160, 2, 21, 6, 3139 }, // U+00B4
    { 14, 19, 231, 0, 14, 34, 3145 }, // U+00B5
    { 16, 20, 288, 1, 20, 40, 3179 }, // U+00B6
    { 5, 4, 61, -1, 11, 3, 3219 }, // U+00B7
    { 5, 7, 143, 2, 1, 5, 3222 }, // U+00B8
    { 8, 12, 119, 0, 22, 12, 3227 }, // U+00B9
    { 11, 12, 182, 0, 19, 17, 3239 }, // U+00BA
    { 14, 12, 255, 1, 13, 21, 3256 }, // U+00BB
    { 21, 21, 333, 0, 19, 56, 3277 }, // U+00BC
    { 22, 21, 344, 0, 19, 58, 3333 }, // U+00BD
    { 22, 21, 353, 0, 19, 58, 3391 }, // U+00BE
    { 11, 22, 179, 0, 18, 31, 3449 }, // U+00BF
    { 18, 23, 259, -1, 23, 52, 3480 }, // U+00C0
    { 18, 23, 259, -1, 23, 52, 3532 }, // U+00C1
    { 18, 23, 259, -1, 23, 52, 3584 }, // U+00C2
    { 18, 23, 259, -1, 23, 52, 3636 }, // U+00C3
    { 18, 23, 259, -1, 23, 52, 3688 }, // U+00C4
    { 18, 25, 259, -1, 25, 57, 3740 }, // U+00C5
    { 24, 18, 356, -1, 18, 54, 3797 }, // U+00C6
    { 15, 24, 243, 0, 18, 45, 3851 }, // U+00C7
    { 15, 23, 239, 0, 23, 44, 3896 }, // U+00C8
    { 15, 23, 239, 0, 23, 44, 3940 }, // U+00C9
    { 15, 23, 239, 0, 23, 44, 3984 }, // U+00CA
    { 15, 23, 239, 0, 23, 44, 4028 }, // U+00CB
    { 9, 23, 147, 0, 23, 26, 4072 }, // U+00CC
    { 9, 23, 147, 0, 23, 26, 4098 }, // U+00CD
    { 9, 23, 147, 0, 23, 26, 4124 }, // U+00CE
    { 9, 23, 147, 0, 23, 26, 4150 }, // U+00CF
    { 17, 19, 280, 0, 18, 41, 4176 }, // U+00D0
    { 18, 23, 290, 0, 23, 52, 4217 }, // U+00D1
    { 17, 24, 268, 0, 23, 51, 4269 }, // U+00D2
    { 17, 24, 268, 0, 23, 51, 4320 }, // U+00D3
    { 17, 24, 268, 0, 23, 51, 4371 }, // U+00D4
    { 17, 24, 268, 0, 23, 51, 4422 }, // U+00D5
    { 17, 24, 268, 0, 23, 51, 4473 }, // U+00D6
    { 12, 12, 245, 2, 13, 18, 4524 }, // U+00D7
    { 17, 23, 268, 0, 20, 49, 4542 }, // U+00D8
    { 17, 24, 272, 0, 23, 51, 4591 }, // U+00D9
    { 17, 24, 272, 0, 23, 51, 4642 }, // U+00DA
    { 17, 24, 272, 0, 23, 51, 4693 }, // U+00DB
    { 17, 24, 272, 0, 23, 51, 4744 }, // U+00DC
    { 17, 23, 238, -1, 23, 49, 4795 }, // U+00DD
    { 15, 18, 243, 0, 18, 34, 4844 }, // U+00DE
    { 15, 20, 230, 0, 19, 38, 4878 }, // U+00DF
    { 13, 22, 205, 0, 21, 36, 4916 }, // U+00E0
    { 13, 22, 205, 0, 21, 36, 4952 }, // U+00E1
    { 13, 21, 205, 0, 20, 35, 4988 }, // U+00E2
    { 13, 20, 205, 0, 19, 33, 5023 }, // U+00E3
    { 13, 20, 205, 0, 19, 33, 5056 }, // U+00E4
    { 13, 21, 205, 0, 20, 35, 5089 }, // U+00E5
    { 19, 15, 313, 0, 14, 36, 5124 }, // U+00E6
    { 12, 20, 187, 0, 14, 30, 5160 }, // U+00E7
    { 12, 22, 198, 0, 21, 33, 5190 }, // U+00E8
    { 12, 22, 198, 0, 21, 33, 5223 }, // U+00E9
    { 12, 21, 198, 0, 20, 32, 5256 }, // U+00EA
    { 12, 20, 198, 0, 19, 30, 5288 }, // U+00EB
    { 9, 21, 125, -1, 21, 24, 5318 }, // U+00EC
    { 9, 21, 125, 0, 21, 24, 5342 }, // U+00ED
    { 10, 20, 125, -1, 20, 25, 5366 }, // U+00EE
    { 10, 19, 125, -1, 19, 24, 5391 }, // U+00EF
    { 13, 22, 217, 0, 21, 36, 5415 }, // U+00F0
    { 16, 19, 249, 0, 19, 38, 5451 }, // U+00F1
    { 14, 22, 219, 0, 21, 39, 5489 }, // U+00F2
    { 14, 22, 219, 0, 21, 39, 5528 }, // U+00F3
    { 14, 21, 219, 0, 20, 37, 5567 }, // U+00F4
    { 14, 20, 219, 0, 19, 35, 5604 }, // U+00F5
    { 14, 20, 219, 0, 19, 35, 5639 }, // U+00F6
    { 11, 14, 245, 2, 14, 20, 5674 }, // U+00F7
    { 14, 17, 219, 0, 15, 30, 5694 }, // U+00F8
    { 14, 22, 235, 0, 21, 39, 5724 }, // U+00F9
    { 14, 22, 235, 0, 21, 39, 5763 }, // U+00FA
    { 14, 21, 235, 0, 20, 37, 5802 }, // U+00FB
    { 14, 20, 235, 0, 19, 35, 5839 }, // U+00FC
    { 14, 27, 217, 0, 21, 48, 5874 }, // U+00FD
    { 14, 25, 226, 0, 19, 44, 5922 }, // U+00FE
    { 14, 25, 217, 0, 19, 44, 5966 }, // U+00FF
    { 18, 21, 259, -1, 21, 48, 6010 }, // U+0100
    { 13, 19, 205, 0, 18, 31, 6058 }, // U+0101
    { 18, 23, 259, -1, 23, 52, 6089 }, // U+0102
    { 13, 20, 205, 0, 19, 33, 6141 }, // U+0103
    { 18, 24, 259, -1, 18, 54, 6174 }, // U+0104
    { 13, 20, 205, 0, 14, 33, 6228 }, // U+0105
    { 15, 24, 243, 0, 23, 45, 6261 }, // U+0106
    { 12, 22, 187, 0, 21, 33, 6306 }, // U+0107
    { 15, 24, 243, 0, 23, 45, 6339 }, // U+0108
    { 12, 21, 187, 0, 20, 32, 6384 }, // U+0109
    { 15, 24, 243, 0, 23, 45, 6416 }, // U+010A
    { 12, 20, 187, 0, 19, 30, 6461 }, // U+010B
    { 15, 24, 243, 0, 23, 45, 6491 }, // U+010C
    { 12, 22, 187, 0, 21, 33, 6536 }, // U+010D
    { 17, 24, 280, 0, 23, 51, 6569 }, // U+010E
    { 17, 20, 226, 0, 19, 43, 6620 }, // U+010F
    { 17, 19, 280, 0, 18, 41, 6663 }, // U+0110
    { 14, 20, 226, 0, 19, 35, 6704 }, // U+0111
    { 15, 21, 239, 0, 21, 40, 6739 }, // U+0112
    { 12, 19, 198, 0, 18, 29, 6779 }, // U+0113
    { 15, 23, 239, 0, 23, 44, 6808 }, // U+0114
    { 12, 20, 198, 0, 19, 30, 6852 }, // U+0115
    { 15, 23, 239, 0, 23, 44, 6882 }, // U+0116
    { 12, 20, 198, 0, 19, 30, 6926 }, // U+0117
    { 15, 24, 239, 0, 18, 45, 6956 }, // U+0118
    { 12, 20, 198, 0, 14, 30, 7001 }, // U+0119
    { 15, 23, 239, 0, 23, 44, 7031 }, // U+011A
    { 12, 22, 198, 0, 21, 33, 7075 }, // U+011B
    { 17, 24, 267, 0, 23, 51, 7108 }, // U+011C
    { 14, 27, 229, 0, 20, 48, 7159 }, // U+011D
    { 17, 24, 267, 0, 23, 51, 7207 }, // U+011E
    { 14, 26, 229, 0, 19, 46, 7258 }, // U+011F
    { 17, 24, 267, 0, 23, 51, 7304 }, // U+0120
    { 14, 26, 229, 0, 19, 46, 7355 }, // U+0121
    { 17, 25, 267, 0, 18, 54, 7401 }, // U+0122
    { 14, 27, 229, 0, 20, 48, 7455 }, // U+0123
    { 19, 23, 303, 0, 23, 55, 7503 }, // U+0124
    { 16, 24, 245, -1, 24, 48, 7558 }, // U+0125
    { 18, 18, 307, 1, 18, 41, 7606 }, // U+0126
    { 15, 19, 245, 0, 19, 36, 7647 }, // U+0127
    { 9, 23, 147, 0, 23, 26, 7683 }, // U+0128
    { 10, 19, 125, -1, 19, 24, 7709 }, // U+0129
    { 9, 21, 147, 0, 21, 24, 7733 }, // U+012A
    { 8, 18, 125, 0, 18, 18, 7757 }, // U+012B
    { 9, 23, 147, 0, 23, 26, 7775 }, // U+012C
    { 8, 19, 125, 0, 19, 19, 7801 }, // U+012D
    { 9, 24, 147, 0, 18, 27, 7820 }, // U+012E
    { 8, 25, 125, 0, 19, 25, 7847 }, // U+012F
    { 9, 23, 147, 0, 23, 26, 7872 }, // U+0130
    { 8, 14, 125, 0, 14, 14, 7898 }, // U+0131
    { 18, 23, 290, 0, 18, 52, 7912 }, // U+0132
    { 14, 25, 241, 0, 19, 44, 7964 }, // U+0133
    { 10, 28, 147, -1, 23, 35, 8008 }, // U+0134
    { 10, 26, 125, -1, 20, 33, 8043 }, // U+0135
    { 18, 25, 274, 0, 18, 57, 8076 }, // U+0136
    { 15, 26, 237, 0, 19, 49, 8133 }, // U+0137
    { 16, 14, 244, 0, 14, 28, 8182 }, // U+0138
    { 15, 23, 233, 0, 23, 44, 8210 }, // U+0139
    { 8, 24, 119, 0, 24, 24, 8254 }, // U+013A
    { 15, 25, 233, 0, 18, 47, 8278 }, // U+013B
    { 8, 26, 119, 0, 19, 26, 8325 }, // U+013C
    { 15, 18, 233, 0, 18, 34, 8351 }, // U+013D
    { 10, 19, 119, 0, 19, 24, 8385 }, // U+013E
    { 17, 18, 265, 0, 18, 39, 8409 }, // U+013F
    { 11, 19, 175, 0, 19, 27, 8448 }, // U+0140
    { 15, 18, 233, 0, 18, 34, 8475 }, // U+0141
    { 9, 19, 138, 0, 19, 22, 8509 }, // U+0142
    { 18, 23, 290, 0, 23, 52, 8531 }, // U+0143
    { 16, 21, 249, 0, 21, 42, 8583 }, // U+0144
    { 18, 25, 290, 0, 18, 57, 8625 }, // U+0145
    { 16, 21, 249, 0, 14, 42, 8682 }, // U+0146
    { 18, 23, 290, 0, 23, 52, 8724 }, // U+0147
    { 16, 21, 249, 0, 21, 42, 8776 }, // U+0148
    { 17, 24, 276, 0, 18, 51, 8818 }, // U+014A
    { 14, 20, 245, 0, 14, 35, 8869 }, // U+014B
    { 17, 22, 268, 0, 21, 47, 8904 }, // U+014C
    { 14, 19, 219, 0, 18, 34, 8951 }, // U+014D
    { 17, 24, 268, 0, 23, 51, 8985 }, // U+014E
    { 14, 20, 219, 0, 19, 35, 9036 }, // U+014F
    { 17, 25, 268, 0, 24, 54, 9071 }, // U+0150
    { 14, 22, 219, 0, 21, 39, 9125 }, // U+0151
    { 24, 19, 373, 0, 18, 57, 9164 }, // U+0152
    { 21, 15, 343, 0, 14, 40, 9221 }, // U+0153
    { 17, 23, 265, 0, 23, 49, 9261 }, // U+0154
    { 11, 21, 170, 0, 21, 29, 9310 }, // U+0155
    { 17, 25, 265, 0, 18, 54, 9339 }, // U+0156
    { 11, 21, 170, 0, 14, 29, 9393 }, // U+0157
    { 17, 23, 265, 0, 23, 49, 9422 }, // U+0158
    { 11, 21, 170, 0, 21, 29, 9471 }, // U+0159
    { 13, 24, 221, 1, 23, 39, 9500 }, // U+015A
    { 10, 22, 190, 1, 21, 28, 9539 }, // U+015B
    { 13, 24, 221, 1, 23, 39, 9567 }, // U+015C
    { 10, 21, 190, 1, 20, 27, 9606 }, // U+015D
    { 13, 24, 221, 1, 18, 39, 9633 }, // U+015E
    { 10, 20, 190, 1, 14, 25, 9672 }, // U+015F
    { 13, 24, 221, 1, 23, 39, 9697 }, // U+0160
    { 10, 22, 190, 1, 21, 28, 9736 }, // U+0161
    { 16, 24, 263, 0, 18, 48, 9764 }, // U+0162
    { 9, 23, 147, 0, 17, 26, 9812 }, // U+0163
    { 16, 23, 263, 0, 23, 46, 9838 }, // U+0164
    { 10, 20, 147, 0, 19, 25, 9884 }, // U+0165
    { 16, 18, 263, 0, 18, 36, 9909 }, // U+0166
    { 9, 18, 147, 0, 17, 21, 9945 }, // U+0167
    { 17, 24, 272, 0, 23, 51, 9966 }, // U+0168
    { 14, 20, 235, 0, 19, 35, 10017 }, // U+0169
    { 17, 22, 272, 0, 21, 47, 10052 }, // U+016A
    { 14, 19, 235, 0, 18, 34, 10099 }, // U+016B
    { 17, 24, 272, 0, 23, 51, 10133 }, // U+016C
    { 14, 20, 235, 0, 19, 35, 10184 }, // U+016D
    { 17, 26, 272, 0, 25, 56, 10219 }, // U+016E
    { 14, 21, 235, 0, 20, 37, 10275 }, // U+016F
    { 17, 25, 272, 0, 24, 54, 10312 }, // U+0170
    { 14, 22, 235, 0, 21, 39, 10366 }, // U+0171
    { 17, 24, 272, 0, 18, 51, 10405 }, // U+0172
    { 14, 20, 235, 0, 14, 35, 10456 }, // U+0173
    { 25, 23, 373, -1, 23, 72, 10491 }, // U+0174
    { 21, 21, 316, -1, 20, 56, 10563 }, // U+0175
    { 17, 23, 238, -1, 23, 49, 10619 }, // U+0176
    { 14, 26, 217, 0, 20, 46, 10668 }, // U+0177
    { 17, 23, 238, -1, 23, 49, 10714 }, // U+0178
    { 15, 23, 239, 0, 23, 44, 10763 }, // U+0179
    { 13, 21, 202, 0, 21, 35, 10807 }, // U+017A
    { 15, 23, 239, 0, 23, 44, 10842 }, // U+017B
    { 13, 19, 202, 0, 19, 31, 10886 }, // U+017C
    { 15, 23, 239, 0, 23, 44, 10917 }, // U+017D
    { 13, 21, 202, 0, 21, 35, 10961 }, // U+017E
    { 10, 20, 139, 0, 20, 25, 10996 }, // U+017F
    { 18, 21, 268, 0, 20, 48, 11021 }, // U+01A0
    { 14, 17, 219, 0, 16, 30, 11069 }, // U+01A1
    { 19, 21, 272, 0, 20, 50, 11099 }, // U+01AF
    { 17, 17, 235, 0, 16, 37, 11149 }, // U+01B0
    { 32, 24, 512, 0, 23, 96, 11186 }, // U+01C4
    { 30, 22, 480, 0, 21, 83, 11282 }, // U+01C5
    { 27, 22, 429, 0, 21, 75, 11365 }, // U+01C6
    { 23, 23, 368, 0, 18, 67, 11440 }, // U+01C7
    { 20, 25, 349, 0, 19, 63, 11507 }, // U+01C8
    { 13, 25, 235, 0, 19, 41, 11570 }, // U+01C9
    { 27, 23, 435, 0, 18, 78, 11611 }, // U+01CA
    { 24, 25, 410, 0, 19, 75, 11689 }, // U+01CB
    { 21, 25, 364, 0, 19, 66, 11764 }, // U+01CC
    { 18, 23, 259, -1, 23, 52, 11830 }, // U+01CD
    { 13, 22, 205, 0, 21, 36, 11882 }, // U+01CE
    { 9, 23, 147, 0, 23, 26, 11918 }, // U+01CF
    { 10, 21, 125, -1, 21, 27, 11944 }, // U+01D0
    { 17, 24, 268, 0, 23, 51, 11971 }, // U+01D1
    { 14, 22, 219, 0, 21, 39, 12022 }, // U+01D2
    { 17, 24, 272, 0, 23, 51, 12061 }, // U+01D3
    { 14, 22, 235, 0, 21, 39, 12112 }, // U+01D4
    { 17, 26, 272, 0, 25, 56, 12151 }, // U+01D5
    { 14, 24, 235, 0, 23, 42, 12207 }, // U+01D6
    { 17, 28, 272, 0, 27, 60, 12249 }, // U+01D7
    { 14, 27, 235, 0, 26, 48, 12309 }, // U+01D8
    { 17, 28, 272, 0, 27, 60, 12357 }, // U+01D9
    { 14, 27, 235, 0, 26, 48, 12417 }, // U+01DA
    { 17, 28, 272, 0, 27, 60, 12465 }, // U+01DB
    { 14, 27, 235, 0, 26, 48, 12525 }, // U+01DC
    { 12, 14, 198, 0, 13, 21, 12573 }, // U+01DD
    { 18, 25, 259, -1, 25, 57, 12594 }, // U+01DE
    { 13, 24, 205, 0, 23, 39, 12651 }, // U+01DF
    { 18, 25, 259, -1, 25, 57, 12690 }, // U+01E0
    { 13, 24, 205, 0, 23, 39, 12747 }, // U+01E1
    { 24, 21, 356, -1, 21, 63, 12786 }, // U+01E2
    { 19, 19, 313, 0, 18, 46, 12849 }, // U+01E3
    { 17, 19, 267, 0, 18, 41, 12895 }, // U+01E4
    { 16, 21, 229, -1, 14, 42, 12936 }, // U+01E5
    { 17, 24, 267, 0, 23, 51, 12978 }, // U+01E6
    { 14, 28, 229, 0, 21, 49, 13029 }, // U+01E7
    { 18, 23, 274, 0, 23, 52, 13078 }, // U+01E8
    { 16, 24, 237, -1, 24, 48, 13130 }, // U+01E9
    { 17, 24, 268, 0, 18, 51, 13178 }, // U+01EA
    { 14, 20, 219, 0, 14, 35, 13229 }, // U+01EB
    { 17, 27, 268, 0, 21, 58, 13264 }, // U+01EC
    { 14, 24, 219, 0, 18, 42, 13322 }, // U+01ED
    { 13, 24, 214, 0, 23, 39, 13364 }, // U+01EE
    { 12, 27, 199, 0, 21, 41, 13403 }, // U+01EF
    { 10, 27, 125, -1, 21, 34, 13444 }, // U+01F0
    { 32, 19, 512, 0, 18, 76, 13478 }, // U+01F1
    { 30, 19, 480, 0, 18, 72, 13554 }, // U+01F2
    { 27, 20, 429, 0, 19, 68, 13626 }, // U+01F3
    { 17, 24, 267, 0, 23, 51, 13694 }, // U+01F4
    { 14, 28, 229, 0, 21, 49, 13745 }, // U+01F5
    { 18, 23, 290, 0, 23, 52, 13794 }, // U+01F8
    { 16, 21, 249, 0, 21, 42, 13846 }, // U+01F9
    { 18, 27, 259, -1, 27, 61, 13888 }, // U+01FA
    { 13, 24, 205, 0, 23, 39, 13949 }, // U+01FB
    { 24, 23, 356, -1, 23, 69, 13988 }, // U+01FC
    { 19, 22, 313, 0, 21, 53, 14057 }, // U+01FD
    { 17, 26, 268, 0, 23, 56, 14110 }, // U+01FE
    { 14, 23, 219, 0, 21, 41, 14166 }, // U+01FF
    { 18, 24, 259, -1, 24, 54, 14207 }, // U+0200
    { 13, 22, 205, 0, 21, 36, 14261 }, // U+0201
    { 18, 23, 259, -1, 23, 52, 14297 }, // U+0202
    { 13, 21, 205, 0, 20, 35, 14349 }, // U+0203
    { 15, 24, 239, 0, 24, 45, 14384 }, // U+0204
    { 12, 22, 198, 0, 21, 33, 14429 }, // U+0205
    { 15, 23, 239, 0, 23, 44, 14462 }, // U+0206
    { 12, 21, 198, 0, 20, 32, 14506 }, // U+0207
    { 11, 24, 147, -2, 24, 33, 14538 }, // U+0208
    { 11, 21, 125, -3, 21, 29, 14571 }, // U+0209
    { 9, 23, 147, 0, 23, 26, 14600 }, // U+020A
    { 9, 20, 125, -1, 20, 23, 14626 }, // U+020B
    { 17, 25, 268, 0, 24, 54, 14649 }, // U+020C
    { 14, 22, 219, 0, 21, 39, 14703 }, // U+020D
    { 17, 24, 268, 0, 23, 51, 14742 }, // U+020E
    { 14, 21, 219, 0, 20, 37, 14793 }, // U+020F
    { 17, 24, 265, 0, 24, 51, 14830 }, // U+0210
    { 13, 21, 170, -2, 21, 35, 14881 }, // U+0211
    { 17, 23, 265, 0, 23, 49, 14916 }, // U+0212
    { 11, 20, 170, 0, 20, 28, 14965 }, // U+0213
    { 17, 25, 272, 0, 24, 54, 14993 }, // U+0214
    { 14, 22, 235, 0, 21, 39, 15047 }, // U+0215
    { 17, 24, 272, 0, 23, 51, 15086 }, // U+0216
    { 14, 21, 235, 0, 20, 37, 15137 }, // U+0217
    { 13, 25, 221, 1, 18, 41, 15174 }, // U+0218
    { 10, 21, 190, 1, 14, 27, 15215 }, // U+0219
    { 16, 25, 263, 0, 18, 50, 15242 }, // U+021A
    { 9, 24, 147, 0, 17, 27, 15292 }, // U+021B
    { 12, 21, 204, 0, 18, 32, 15319 }, // U+021C
    { 11, 20, 183, 0, 13, 28, 15351 }, // U+021D
    { 19, 23, 303, 0, 23, 55, 15379 }, // U+021E
    { 16, 24, 245, -1, 24, 48, 15434 }, // U+021F
    { 6, 7, 0, 2, 21, 6, 15482 }, // U+0300
    { 6, 7, 0, 2, 21, 6, 15488 }, // U+0301
    { 9, 6, 0, 2, 20, 7, 15494 }, // U+0302
    { 9, 5, 0, 0, 19, 6, 15501 }, // U+0303
    { 8, 3, 0, 2, 18, 3, 15507 }, // U+0304
    { 9, 5, 0, 2, 19, 6, 15510 }, // U+0306
    { 4, 5, 0, 2, 19, 3, 15516 }, // U+0307
    { 9, 5, 0, 0, 19, 6, 15519 }, // U+0308
    { 6, 7, 0, 0, 21, 6, 15525 }, // U+0309
    { 7, 7, 0, 2, 21, 7, 15531 }, // U+030A
    { 11, 7, 0, 2, 21, 10, 15538 }, // U+030B
    { 9, 7, 0, 2, 21, 8, 15548 }, // U+030C
    { 3, 6, 0, 0, 20, 3, 15556 }, // U+030D
    { 11, 7, 0, 2, 21, 10, 15559 }, // U+030F
    { 9, 9, 0, 2, 23, 11, 15569 }, // U+0310
    { 9, 6, 0, 2, 20, 7, 15580 }, // U+0311
    { 4, 6, 0, 0, 20, 3, 15587 }, // U+0312
    { 4, 6, 0, 0, 20, 3, 15590 }, // U+0313
    { 4, 6, 0, 2, 22, 3, 15593 }, // U+0315
    { 6, 5, 0, 0, 16, 4, 15596 }, // U+031B
    { 6, 2, 0, 0, -2, 2, 15600 }, // U+0320
    { 5, 5, 0, 0, -1, 4, 15602 }, // U+0323
    { 9, 5, 0, 0, -1, 6, 15606 }, // U+0324
    { 6, 6, 0, 2, -1, 5, 15612 }, // U+0325
    { 4, 6, 0, 0, -1, 3, 15617 }, // U+0326
    { 6, 7, 0, 0, 1, 6, 15620 }, // U+0327
    { 7, 7, 0, 0, 1, 7, 15626 }, // U+0328
    { 3, 5, 0, 2, -1, 2, 15633 }, // U+0329
    { 9, 5, 0, 0, -1, 6, 15635 }, // U+032D
    { 9, 5, 0, 0, -1, 6, 15641 }, // U+032E
    { 9, 5, 0, 0, -1, 6, 15647 }, // U+032F
    { 9, 4, 0, 0, -1, 5, 15653 }, // U+0330
    { 7, 2, 0, 2, -2, 2, 15658 }, // U+0331
    { 10, 2, 0, 0, -2, 3, 15660 }, // U+0332
    { 10, 4, 0, 2, 9, 5, 15663 }, // U+0334
    { 8, 3, 0, 0, 8, 3, 15668 }, // U+0335
    { 11, 3, 0, 0, 8, 5, 15671 }, // U+0336
    { 9, 17, 0, 2, 15, 20, 15676 }, // U+0337
    { 10, 19, 0, 2, 17, 24, 15696 }, // U+0338
    { 5, 5, 0, 4, 19, 4, 15720 }, // U+0358
    { 12, 6, 0, 2, -1, 9, 15724 }, // U+035C
    { 12, 6, 0, 2, 20, 9, 15733 }, // U+035D
    { 15, 2, 0, -9, -2, 4, 15742 }, // U+035F
    { 12, 6, 0, 2, 20, 9, 15746 }, // U+0361
    { 17, 6, 0, -8, -1, 13, 15755 }, // U+0362
    { 15, 23, 239, 0, 23, 44, 15768 }, // U+0400
    { 15, 23, 239, 0, 23, 44, 15812 }, // U+0401
    { 20, 24, 319, 0, 18, 60, 15856 }, // U+0402
    { 14, 23, 232, 0, 23, 41, 15916 }, // U+0403
    { 15, 19, 243, 0, 18, 36, 15957 }, // U+0404
    { 13, 19, 221, 1, 18, 31, 15993 }, // U+0405
    { 9, 18, 147, 0, 18, 21, 16024 }, // U+0406
    { 9, 23, 147, 0, 23, 26, 16045 }, // U+0407
    { 10, 23, 147, -1, 18, 29, 16071 }, // U+0408
    { 24, 19, 377, 0, 18, 57, 16100 }, // U+0409
    { 25, 19, 405, 0, 18, 60, 16157 }, // U+040A
    { 21, 18, 338, 0, 18, 48, 16217 }, // U+040B
    { 17, 23, 271, 0, 23, 49, 16265 }, // U+040C
    { 19, 23, 306, 0, 23, 55, 16314 }, // U+040D
    { 17, 24, 236, -1, 23, 51, 16369 }, // U+040E
    { 18, 23, 297, 0, 18, 52, 16420 }, // U+040F
    { 18, 18, 259, -1, 18, 41, 16472 }, // U+0410
    { 16, 19, 257, 0, 18, 38, 16513 }, // U+0411
    { 16, 19, 256, 0, 18, 38, 16551 }, // U+0412
    { 14, 18, 232, 0, 18, 32, 16589 }, // U+0413
    { 17, 23, 275, 0, 18, 49, 16621 }, // U+0414
    { 15, 18, 239, 0, 18, 34, 16670 }, // U+0415
    { 25, 18, 400, 0, 18, 57, 16704 }, // U+0416
    { 14, 19, 222, 0, 18, 34, 16761 }, // U+0417
    { 19, 18, 306, 0, 18, 43, 16795 }, // U+0418
    { 19, 23, 306, 0, 23, 55, 16838 }, // U+0419
    { 17, 18, 271, 0, 18, 39, 16893 }, // U+041A
    { 17, 19, 277, 0, 18, 41, 16932 }, // U+041B
    { 24, 18, 373, 0, 18, 54, 16973 }, // U+041C
    { 19, 18, 303, 0, 18, 43, 17027 }, // U+041D
    { 17, 19, 268, 0, 18, 41, 17070 }, // U+041E
    { 18, 18, 300, 0, 18, 41, 17111 }, // U+041F
    { 15, 18, 242, 0, 18, 34, 17152 }, // U+0420
    { 15, 19, 243, 0, 18, 36, 17186 }, // U+0421
    { 16, 18, 263, 0, 18, 36, 17222 }, // U+0422
    { 17, 19, 236, -1, 18, 41, 17258 }, // U+0423
    { 21, 19, 338, 0, 18, 50, 17299 }, // U+0424
    { 17, 18, 266, 0, 18, 39, 17349 }, // U+0425
    { 18, 23, 298, 0, 18, 52, 17388 }, // U+0426
    { 16, 18, 270, 0, 18, 36, 17440 }, // U+0427
    { 26, 18, 424, 0, 18, 59, 17476 }, // U+0428
    { 26, 23, 424, 0, 18, 75, 17535 }, // U+0429
    { 19, 19, 307, 0, 18, 46, 17610 }, // U+042A
    { 24, 19, 393, 0, 18, 57, 17656 }, // U+042B
    { 16, 19, 248, 0, 18, 38, 17713 }, // U+042C
    { 14, 19, 245, 1, 18, 34, 17751 }, // U+042D
    { 25, 19, 404, 0, 18, 60, 17785 }, // U+042E
    { 16, 18, 269, 0, 18, 36, 17845 }, // U+042F
    { 13, 15, 205, 0, 14, 25, 17881 }, // U+0430
    { 14, 21, 219, 0, 20, 37, 17906 }, // U+0431
    { 14, 14, 226, 0, 13, 25, 17943 }, // U+0432
    { 12, 13, 194, 0, 13, 20, 17968 }, // U+0433
    { 15, 18, 236, -1, 13, 34, 17988 }, // U+0434
    { 12, 15, 198, 0, 14, 23, 18022 }, // U+0435
    { 22, 13, 347, 0, 13, 36, 18045 }, // U+0436
    { 12, 15, 189, 0, 14, 23, 18081 }, // U+0437
    { 16, 13, 259, 0, 13, 26, 18104 }, // U+0438
    { 16, 19, 259, 0, 19, 38, 18130 }, // U+0439
    { 15, 13, 243, 0, 13, 25, 18168 }, // U+043A
    { 14, 14, 228, 0, 13, 25, 18193 }, // U+043B
    { 19, 13, 307, 0, 13, 31, 18218 }, // U+043C
    { 16, 13, 258, 0, 13, 26, 18249 }, // U+043D
    { 14, 15, 219, 0, 14, 27, 18275 }, // U+043E
    { 16, 13, 255, 0, 13, 26, 18302 }, // U+043F
    { 14, 20, 233, 0, 14, 35, 18328 }, // U+0440
    { 12, 15, 187, 0, 14, 23, 18363 }, // U+0441
    { 14, 13, 226, 0, 13, 23, 18386 }, // U+0442
    { 14, 19, 217, 0, 13, 34, 18409 }, // U+0443
    { 20, 25, 320, 0, 19, 63, 18443 }, // U+0444
    { 14, 13, 226, 0, 13, 23, 18506 }, // U+0445
    { 16, 18, 263, 0, 13, 36, 18529 }, // U+0446
    { 15, 13, 239, 0, 13, 25, 18565 }, // U+0447
    { 22, 13, 365, 0, 13, 36, 18590 }, // U+0448
    { 23, 18, 367, 0, 13, 52, 18626 }, // U+0449
    { 16, 14, 263, 0, 13, 28, 18678 }, // U+044A
    { 21, 14, 334, 0, 13, 37, 18706 }, // U+044B
    { 13, 14, 213, 0, 13, 23, 18743 }, // U+044C
    { 12, 15, 196, 0, 14, 23, 18766 }, // U+044D
    { 21, 15, 340, 0, 14, 40, 18789 }, // U+044E
    { 14, 13, 226, 0, 13, 23, 18829 }, // U+044F
    { 12, 22, 198, 0, 21, 33, 18852 }, // U+0450
    { 12, 20, 198, 0, 19, 30, 18885 }, // U+0451
    { 14, 25, 239, 0, 19, 44, 18915 }, // U+0452
    { 12, 21, 194, 0, 21, 32, 18959 }, // U+0453
    { 12, 15, 195, 0, 14, 23, 18991 }, // U+0454
    { 10, 15, 190, 1, 14, 19, 19014 }, // U+0455
    { 8, 19, 125, 0, 19, 19, 19033 }, // U+0456
    { 10, 19, 125, -1, 19, 24, 19052 }, // U+0457
    { 7, 25, 125, -1, 19, 22, 19076 }, // U+0458
    { 19, 14, 310, 0, 13, 34, 19098 }, // U+0459
    { 22, 14, 344, 0, 13, 39, 19132 }, // U+045A
    { 15, 19, 245, 0, 19, 36, 19171 }, // U+045B
    { 15, 21, 243, 0, 21, 40, 19207 }, // U+045C
    { 16, 21, 259, 0, 21, 42, 19247 }, // U+045D
    { 14, 25, 217, 0, 19, 44, 19289 }, // U+045E
    { 15, 18, 252, 0, 13, 34, 19333 }, // U+045F
    { 20, 19, 327, 0, 18, 48, 19367 }, // U+0460
    { 18, 15, 298, 0, 14, 34, 19415 }, // U+0461
    { 18, 20, 290, 0, 19, 45, 19449 }, // U+0462
    { 17, 20, 269, 0, 19, 43, 19494 }, // U+0463
    { 24, 19, 385, 0, 18, 57, 19537 }, // U+0464
    { 19, 15, 312, 0, 14, 36, 19594 }, // U+0465
    { 18, 18, 259, -1, 18, 41, 19630 }, // U+0466
    { 18, 13, 258, -1, 13, 30, 19671 }, // U+0467
    { 25, 18, 399, 0, 18, 57, 19701 }, // U+046A
    { 24, 13, 353, -1, 13, 39, 19758 }, // U+046B
    { 14, 30, 222, 0, 23, 53, 19797 }, // U+046E
    { 12, 27, 202, 0, 20, 41, 19850 }, // U+046F
    { 17, 19, 268, 0, 18, 41, 19891 }, // U+0472
    { 14, 15, 219, 0, 14, 27, 19932 }, // U+0473
    { 18, 19, 268, -1, 18, 43, 19959 }, // U+0474
    { 15, 14, 222, -1, 13, 27, 20002 }, // U+0475
    { 18, 25, 268, -1, 24, 57, 20029 }, // U+0476
    { 15, 22, 222, -1, 21, 42, 20086 }, // U+0477
    { 31, 24, 491, 0, 18, 93, 20128 }, // U+0478
    { 28, 20, 433, 0, 14, 70, 20221 }, // U+0479
    { 16, 24, 243, 0, 18, 48, 20291 }, // U+0480
    { 13, 20, 187, 0, 14, 33, 20339 }, // U+0481
    { 15, 22, 247, 0, 18, 42, 20372 }, // U+0482
    { 21, 21, 0, -1, 17, 56, 20414 }, // U+0488
    { 22, 23, 0, 0, 17, 64, 20470 }, // U+0489
    { 19, 28, 306, 0, 23, 67, 20534 }, // U+048A
    { 16, 24, 259, 0, 19, 48, 20601 }, // U+048B
    { 16, 19, 248, 0, 18, 38, 20649 }, // U+048C
    { 15, 20, 217, -1, 19, 38, 20687 }, // U+048D
    { 15, 18, 242, 0, 18, 34, 20725 }, // U+048E
    { 14, 20, 233, 0, 14, 35, 20759 }, // U+048F
    { 14, 22, 222, 0, 22, 39, 20794 }, // U+0490
    { 12, 17, 186, 0, 17, 26, 20833 }, // U+0491
    { 14, 18, 232, 0, 18, 32, 20859 }, // U+0492
    { 12, 13, 194, 0, 13, 20, 20891 }, // U+0493
    { 17, 24, 269, 0, 18, 51, 20911 }, // U+0494
    { 15, 19, 234, 0, 13, 36, 20962 }, // U+0495
    { 25, 23, 400, 0, 18, 72, 20998 }, // U+0496
    { 22, 18, 347, 0, 13, 50, 21070 }, // U+0497
    { 14, 24, 222, 0, 18, 42, 21120 }, // U+0498
    { 12, 20, 189, 0, 14, 30, 21162 }, // U+0499
    { 17, 23, 271, 0, 18, 49, 21192 }, // U+049A
    { 15, 18, 243, 0, 13, 34, 21241 }, // U+049B
    { 19, 18, 302, 0, 18, 43, 21275 }, // U+049C
    { 17, 13, 268, 0, 13, 28, 21318 }, // U+049D
    { 17, 18, 271, 0, 18, 39, 21346 }, // U+049E
    { 15, 19, 237, 0, 19, 36, 21385 }, // U+049F
    { 21, 18, 331, 0, 18, 48, 21421 }, // U+04A0
    { 18, 13, 291, 0, 13, 30, 21469 }, // U+04A1
    { 19, 23, 303, 0, 18, 55, 21499 }, // U+04A2
    { 16, 18, 258, 0, 13, 36, 21554 }, // U+04A3
    { 23, 18, 368, 0, 18, 52, 21590 }, // U+04A4
    { 20, 13, 322, 0, 13, 33, 21642 }, // U+04A5
    { 26, 24, 414, 0, 18, 78, 21675 }, // U+04A6
    { 22, 19, 350, 0, 13, 53, 21753 }, // U+04A7
    { 20, 19, 322, 0, 18, 48, 21806 }, // U+04A8
    { 16, 15, 255, 0, 14, 30, 21854 }, // U+04A9
    { 15, 23, 243, 0, 18, 44, 21884 }, // U+04AA
    { 12, 19, 187, 0, 14, 29, 21928 }, // U+04AB
    { 16, 23, 263, 0, 18, 46, 21957 }, // U+04AC
    { 14, 18, 226, 0, 13, 32, 22003 }, // U+04AD
    { 17, 18, 238, -1, 18, 39, 22035 }, // U+04AE
    { 16, 19, 233, -1, 13, 38, 22074 }, // U+04AF
    { 17, 18, 238, -1, 18, 39, 22112 }, // U+04B0
    { 16, 19, 233, -1, 13, 38, 22151 }, // U+04B1
    { 17, 23, 266, 0, 18, 49, 22189 }, // U+04B2
    { 15, 18, 226, 0, 13, 34, 22238 }, // U+04B3
    { 23, 23, 380, 0, 18, 67, 22272 }, // U+04B4
    { 22, 18, 360, 0, 13, 50, 22339 }, // U+04B5
    { 17, 23, 270, 0, 18, 49, 22389 }, // U+04B6
    { 15, 18, 239, 0, 13, 34, 22438 }, // U+04B7
    { 16, 18, 270, 0, 18, 36, 22472 }, // U+04B8
    { 15, 13, 251, 0, 13, 25, 22508 }, // U+04B9
    { 17, 18, 276, 0, 18, 39, 22533 }, // U+04BA
    { 15, 19, 245, 0, 19, 36, 22572 }, // U+04BB
    { 19, 19, 311, 0, 18, 46, 22608 }, // U+04BC
    { 15, 15, 241, 0, 14, 29, 22654 }, // U+04BD
    { 19, 24, 311, 0, 18, 57, 22683 }, // U+04BE
    { 15, 20, 241, 0, 14, 38, 22740 }, // U+04BF
    { 9, 18, 147, 0, 18, 21, 22778 }, // U+04C0
    { 25, 23, 400, 0, 23, 72, 22799 }, // U+04C1
    { 22, 19, 347, 0, 19, 53, 22871 }, // U+04C2
    { 16, 24, 259, 0, 18, 48, 22924 }, // U+04C3
    { 15, 19, 242, 0, 13, 36, 22972 }, // U+04C4
    { 17, 23, 277, 0, 18, 49, 23008 }, // U+04C5
    { 14, 18, 228, 0, 13, 32, 23057 }, // U+04C6
    { 19, 23, 304, 0, 18, 55, 23089 }, // U+04C7
    { 16, 19, 254, 0, 13, 38, 23144 }, // U+04C8
    { 19, 23, 303, 0, 18, 55, 23182 }, // U+04C9
    { 16, 18, 258, 0, 13, 36, 23237 }, // U+04CA
    { 16, 23, 270, 0, 18, 46, 23273 }, // U+04CB
    { 15, 18, 239, 0, 13, 34, 23319 }, // U+04CC
    { 24, 23, 373, 0, 18, 69, 23353 }, // U+04CD
    { 19, 18, 307, 0, 13, 43, 23422 }, // U+04CE
    { 8, 19, 119, 0, 19, 19, 23465 }, // U+04CF
    { 18, 23, 259, -1, 23, 52, 23484 }, // U+04D0
    { 13, 20, 205, 0, 19, 33, 23536 }, // U+04D1
    { 18, 23, 259, -1, 23, 52, 23569 }, // U+04D2
    { 13, 20, 205, 0, 19, 33, 23621 }, // U+04D3
    { 24, 18, 356, -1, 18, 54, 23654 }, // U+04D4
    { 19, 15, 313, 0, 14, 36, 23708 }, // U+04D5
    { 15, 23, 239, 0, 23, 44, 23744 }, // U+04D6
    { 12, 20, 198, 0, 19, 30, 23788 }, // U+04D7
    { 16, 19, 255, 0, 18, 38, 23818 }, // U+04D8
    { 12, 15, 198, 0, 14, 23, 23856 }, // U+04D9
    { 16, 24, 255, 0, 23, 48, 23879 }, // U+04DA
    { 12, 20, 198, 0, 19, 30, 23927 }, // U+04DB
    { 25, 23, 400, 0, 23, 72, 23957 }, // U+04DC
    { 22, 19, 347, 0, 19, 53, 24029 }, // U+04DD
    { 14, 24, 222, 0, 23, 42, 24082 }, // U+04DE
    { 12, 20, 189, 0, 19, 30, 24124 }, // U+04DF
    { 13, 19, 214, 0, 18, 31, 24154 }, // U+04E0
    { 12, 19, 199, 0, 13, 29, 24185 }, // U+04E1
    { 19, 21, 306, 0, 21, 50, 24214 }, // U+04E2
    { 16, 18, 259, 0, 18, 36, 24264 }, // U+04E3
    { 19, 23, 306, 0, 23, 55, 24300 }, // U+04E4
    { 16, 19, 259, 0, 19, 38, 24355 }, // U+04E5
    { 17, 24, 268, 0, 23, 51, 24393 }, // U+04E6
    { 14, 20, 219, 0, 19, 35, 24444 }, // U+04E7
    { 17, 19, 268, 0, 18, 41, 24479 }, // U+04E8
    { 14, 15, 219, 0, 14, 27, 24520 }, // U+04E9
    { 17, 24, 268, 0, 23, 51, 24547 }, // U+04EA
    { 14, 20, 219, 0, 19, 35, 24598 }, // U+04EB
    { 14, 24, 245, 1, 23, 42, 24633 }, // U+04EC
    { 12, 20, 196, 0, 19, 30, 24675 }, // U+04ED
    { 17, 22, 236, -1, 21, 47, 24705 }, // U+04EE
    { 14, 24, 217, 0, 18, 42, 24752 }, // U+04EF
    { 17, 24, 236, -1, 23, 51, 24794 }, // U+04F0
    { 14, 25, 217, 0, 19, 44, 24845 }, // U+04F1
    { 17, 25, 236, -1, 24, 54, 24889 }, // U+04F2
    { 14, 27, 217, 0, 21, 48, 24943 }, // U+04F3
    { 16, 23, 270, 0, 23, 46, 24991 }, // U+04F4
    { 15, 19, 239, 0, 19, 36, 25037 }, // U+04F5
    { 14, 23, 231, 0, 18, 41, 25073 }, // U+04F6
    { 12, 18, 194, 0, 13, 27, 25114 }, // U+04F7
    { 24, 24, 393, 0, 23, 72, 25141 }, // U+04F8
    { 21, 20, 334, 0, 19, 53, 25213 }, // U+04F9
    { 14, 24, 224, 0, 18, 42, 25266 }, // U+04FA
    { 12, 19, 195, 0, 13, 29, 25308 }, // U+04FB
    { 17, 23, 261, 0, 18, 49, 25337 }, // U+04FC
    { 14, 19, 223, 0, 13, 34, 25386 }, // U+04FD
    { 17, 18, 266, 0, 18, 39, 25420 }, // U+04FE
    { 14, 13, 226, 0, 13, 23, 25459 }, // U+04FF
    { 18, 24, 259, -1, 18, 54, 25482 }, // U+1EA0
    { 13, 20, 205, 0, 14, 33, 25536 }, // U+1EA1
    { 18, 24, 259, -1, 24, 54, 25569 }, // U+1EA2
    { 13, 22, 205, 0, 21, 36, 25623 }, // U+1EA3
    { 18, 26, 259, -1, 26, 59, 25659 }, // U+1EA4
    { 14, 23, 205, 0, 22, 41, 25718 }, // U+1EA5
    { 18, 26, 259, -1, 26, 59, 25759 }, // U+1EA6
    { 13, 23, 205, 0, 22, 38, 25818 }, // U+1EA7
    { 18, 27, 259, -1, 27, 61, 25856 }, // U+1EA8
    { 13, 24, 205, 0, 23, 39, 25917 }, // U+1EA9
    { 18, 27, 259, -1, 27, 61, 25956 }, // U+1EAA
    { 13, 24, 205, 0, 23, 39, 26017 }, // U+1EAB
    { 18, 29, 259, -1, 23, 66, 26056 }, // U+1EAC
    { 13, 26, 205, 0, 20, 43, 26122 }, // U+1EAD
    { 18, 27, 259, -1, 27, 61, 26165 }, // U+1EAE
    { 13, 28, 205, 0, 27, 46, 26226 }, // U+1EAF
    { 18, 27, 259, -1, 27, 61, 26272 }, // U+1EB0
    { 13, 28, 205, 0, 27, 46, 26333 }, // U+1EB1
    { 18, 28, 259, -1, 28, 63, 26379 }, // U+1EB2
    { 13, 27, 205, 0, 26, 44, 26442 }, // U+1EB3
    { 18, 27, 259, -1, 27, 61, 26486 }, // U+1EB4
    { 13, 26, 205, 0, 25, 43, 26547 }, // U+1EB5
    { 18, 29, 259, -1, 23, 66, 26590 }, // U+1EB6
    { 13, 25, 205, 0, 19, 41, 26656 }, // U+1EB7
    { 15, 24, 239, 0, 18, 45, 26697 }, // U+1EB8
    { 12, 20, 198, 0, 14, 30, 26742 }, // U+1EB9
    { 15, 24, 239, 0, 24, 45, 26772 }, // U+1EBA
    { 12, 22, 198, 0, 21, 33, 26817 }, // U+1EBB
    { 15, 23, 239, 0, 23, 44, 26850 }, // U+1EBC
    { 12, 20, 198, 0, 19, 30, 26894 }, // U+1EBD
    { 15, 26, 239, 0, 26, 49, 26924 }, // U+1EBE
    { 14, 23, 198, 0, 22, 41, 26973 }, // U+1EBF
    { 15, 26, 239, 0, 26, 49, 27014 }, // U+1EC0
    { 13, 23, 198, 0, 22, 38, 27063 }, // U+1EC1
    { 15, 27, 239, 0, 27, 51, 27101 }, // U+1EC2
    { 13, 24, 198, 0, 23, 39, 27152 }, // U+1EC3
    { 15, 27, 239, 0, 27, 51, 27191 }, // U+1EC4
    { 12, 24, 198, 0, 23, 36, 27242 }, // U+1EC5
    { 15, 29, 239, 0, 23, 55, 27278 }, // U+1EC6
    { 12, 26, 198, 0, 20, 39, 27333 }, // U+1EC7
    { 9, 24, 147, 0, 24, 27, 27372 }, // U+1EC8
    { 8, 21, 125, 0, 21, 21, 27399 }, // U+1EC9
    { 9, 24, 147, 0, 18, 27, 27420 }, // U+1ECA
    { 8, 25, 125, 0, 19, 25, 27447 }, // U+1ECB
    { 17, 24, 268, 0, 18, 51, 27472 }, // U+1ECC
    { 14, 20, 219, 0, 14, 35, 27523 }, // U+1ECD
    { 17, 25, 268, 0, 24, 54, 27558 }, // U+1ECE
    { 14, 22, 219, 0, 21, 39, 27612 }, // U+1ECF
    { 17, 27, 268, 0, 26, 58, 27651 }, // U+1ED0
    { 14, 23, 219, 0, 22, 41, 27709 }, // U+1ED1
    { 17, 27, 268, 0, 26, 58, 27750 }, // U+1ED2
    { 14, 23, 219, 0, 22, 41, 27808 }, // U+1ED3
    { 17, 28, 268, 0, 27, 60, 27849 }, // U+1ED4
    { 14, 24, 219, 0, 23, 42, 27909 }, // U+1ED5
    { 17, 28, 268, 0, 27, 60, 27951 }, // U+1ED6
    { 14, 24, 219, 0, 23, 42, 28011 }, // U+1ED7
    { 17, 29, 268, 0, 23, 62, 28053 }, // U+1ED8
    { 14, 26, 219, 0, 20, 46, 28115 }, // U+1ED9
    { 18, 24, 268, 0, 23, 54, 28161 }, // U+1EDA
    { 14, 22, 219, 0, 21, 39, 28215 }, // U+1EDB
    { 18, 24, 268, 0, 23, 54, 28254 }, // U+1EDC
    { 14, 22, 219, 0, 21, 39, 28308 }, // U+1EDD
    { 18, 25, 268, 0, 24, 57, 28347 }, // U+1EDE
    { 14, 22, 219, 0, 21, 39, 28404 }, // U+1EDF
    { 18, 24, 268, 0, 23, 54, 28443 }, // U+1EE0
    { 14, 20, 219, 0, 19, 35, 28497 }, // U+1EE1
    { 18, 26, 268, 0, 20, 59, 28532 }, // U+1EE2
    { 14, 22, 219, 0, 16, 39, 28591 }, // U+1EE3
    { 17, 24, 272, 0, 18, 51, 28630 }, // U+1EE4
    { 14, 20, 235, 0, 14, 35, 28681 }, // U+1EE5
    { 17, 25, 272, 0, 24, 54, 28716 }, // U+1EE6
    { 14, 22, 235, 0, 21, 39, 28770 }, // U+1EE7
    { 19, 24, 272, 0, 23, 57, 28809 }, // U+1EE8
    { 17, 22, 235, 0, 21, 47, 28866 }, // U+1EE9
    { 19, 24, 272, 0, 23, 57, 28913 }, // U+1EEA
    { 17, 22, 235, 0, 21, 47, 28970 }, // U+1EEB
    { 19, 25, 272, 0, 24, 60, 29017 }, // U+1EEC
    { 17, 22, 235, 0, 21, 47, 29077 }, // U+1EED
    { 19, 24, 272, 0, 23, 57, 29124 }, // U+1EEE
    { 17, 20, 235, 0, 19, 43, 29181 }, // U+1EEF
    { 19, 26, 272, 0, 20, 62, 29224 }, // U+1EF0
    { 17, 22, 235, 0, 16, 47, 29286 }, // U+1EF1
    { 17, 23, 238, -1, 23, 49, 29333 }, // U+1EF2
    { 14, 27, 217, 0, 21, 48, 29382 }, // U+1EF3
    { 17, 24, 238, -1, 18, 51, 29430 }, // U+1EF4
    { 14, 19, 217, 0, 13, 34, 29481 }, // U+1EF5
    { 17, 25, 238, -1, 25, 54, 29515 }, // U+1EF6
    { 14, 27, 217, 0, 21, 48, 29569 }, // U+1EF7
    { 17, 23, 238, -1, 23, 49, 29617 }, // U+1EF8
    { 14, 25, 217, 0, 19, 44, 29666 }, // U+1EF9
    { 0, 0, 183, 0, 0, 0, 29710 }, // U+2000
    { 0, 0, 367, 0, 0, 0, 29710 }, // U+2001
    { 0, 0, 183, 0, 0, 0, 29710 }, // U+2002
    { 0, 0, 367, 0, 0, 0, 29710 }, // U+2003
    { 0, 0, 110, 0, 0, 0, 29710 }, // U+2004
    { 0, 0, 92, 0, 0, 0, 29710 }, // U+2005
    { 0, 0, 61, 0, 0, 0, 29710 }, // U+2006
    { 0, 0, 237, 0, 0, 0, 29710 }, // U+2007
    { 0, 0, 106, 0, 0, 0, 29710 }, // U+2008
    { 0, 0, 55, 0, 0, 0, 29710 }, // U+2009
    { 0, 0, 22, 0, 0, 0, 29710 }, // U+200A
    { 0, 0, 0, 0, 0, 0, 29710 }, // U+200B
    { 0, 0, 0, 0, 0, 0, 29710 }, // U+200C
    { 0, 0, 0, 0, 0, 0, 29710 }, // U+200D
    { 10, 3, 211, 2, 9, 4, 29710 }, // U+2010
    { 10, 3, 211, 2, 9, 4, 29714 }, // U+2011
    { 12, 3, 243, 2, 9, 5, 29718 }, // U+2012
    { 14, 3, 288, 2, 9, 6, 29723 }, // U+2013
    { 23, 3, 425, 2, 9, 9, 29729 }, // U+2014
    { 23, 3, 425, 2, 9, 9, 29738 }, // U+2015
    { 8, 23, 224, 3, 20, 23, 29747 }, // U+2016
    { 5, 10, 109, 1, 20, 7, 29770 }, // U+2018
    { 5, 10, 109, 1, 20, 7, 29777 }, // U+2019
    { 5, 10, 109, 1, 5, 7, 29784 }, // U+201A
    { 5, 10, 109, 1, 20, 7, 29791 }, // U+201B
    { 10, 10, 195, 1, 20, 13, 29798 }, // U+201C
    { 11, 10, 195, 1, 20, 14, 29811 }, // U+201D
    { 11, 10, 195, 1, 4, 14, 29825 }, // U+201E
    { 9, 19, 205, 2, 19, 22, 29839 }, // U+2020
    { 9, 19, 205, 2, 19, 22, 29861 }, // U+2021
    { 6, 6, 164, 2, 11, 5, 29883 }, // U+2022
    { 6, 7, 164, 2, 11, 6, 29888 }, // U+2023
    { 18, 5, 322, 1, 4, 12, 29894 }, // U+2026
    { 5, 4, 76, 0, 11, 3, 29906 }, // U+2027
    { 0, 0, 55, 0, 0, 0, 29909 }, // U+202F
    { 33, 18, 557, 1, 18, 75, 29909 }, // U+2030
    { 5, 10, 137, 2, 20, 7, 29984 }, // U+2032
    { 10, 10, 212, 2, 20, 13, 29991 }, // U+2033
    { 14, 10, 277, 2, 20, 18, 30004 }, // U+2034
    { 8, 12, 152, 1, 13, 12, 30022 }, // U+2039
    { 8, 12, 152, 1, 13, 12, 30034 }, // U+203A
    { 12, 22, 220, 1, 21, 33, 30046 }, // U+203C
    { 19, 20, 341, 1, 20, 48, 30079 }, // U+2042
    { 13, 21, 77, -4, 19, 35, 30127 }, // U+2044
    { 11, 13, 200, 0, 14, 18, 30162 }, // U+204A
    { 14, 21, 262, 1, 19, 37, 30180 }, // U+2052
    { 10, 13, 170, 0, 22, 17, 30217 }, // U+2070
    { 6, 15, 107, 0, 20, 12, 30234 }, // U+2071
    { 10, 11, 155, 0, 21, 14, 30246 }, // U+2074
    { 9, 13, 146, 0, 22, 15, 30260 }, // U+2075
    { 10, 13, 155, 0, 22, 17, 30275 }, // U+2076
    { 9, 11, 145, 0, 21, 13, 30292 }, // U+2077
    { 10, 13, 163, 0, 22, 17, 30305 }, // U+2078
    { 10, 13, 155, 0, 22, 17, 30322 }, // U+2079
    { 12, 11, 191, 0, 16, 17, 30339 }, // U+207F
    { 10, 13, 170, 0, 9, 17, 30356 }, // U+2080
    { 8, 12, 119, 0, 9, 12, 30373 }, // U+2081
    { 10, 12, 152, 0, 9, 15, 30385 }, // U+2082
    { 9, 13, 145, 0, 9, 15, 30400 }, // U+2083
    { 10, 11, 155, 0, 8, 14, 30415 }, // U+2084
    { 9, 13, 146, 0, 9, 15, 30429 }, // U+2085
    { 10, 13, 155, 0, 9, 17, 30444 }, // U+2086
    { 9, 11, 145, 0, 8, 13, 30461 }, // U+2087
    { 10, 13, 163, 0, 9, 17, 30474 }, // U+2088
    { 10, 13, 155, 0, 9, 17, 30491 }, // U+2089
    { 15, 25, 283, 1, 21, 47, 30508 }, // U+20A1
    { 15, 19, 279, 1, 18, 36, 30555 }, // U+20A2
    { 15, 18, 245, 0, 18, 34, 30591 }, // U+20A3
    { 17, 19, 279, 0, 18, 41, 30625 }, // U+20A4
    { 23, 21, 369, 0, 17, 61, 30666 }, // U+20A5
    { 20, 18, 349, 1, 18, 45, 30727 }, // U+20A6
    { 17, 18, 286, 1, 18, 39, 30772 }, // U+20A7
    { 28, 19, 454, 0, 18, 67, 30811 }, // U+20A8
    { 25, 19, 409, 0, 18, 60, 30878 }, // U+20A9
    { 19, 18, 363, 2, 18, 43, 30938 }, // U+20AA
    { 14, 19, 247, 1, 19, 34, 30981 }, // U+20AB
    { 16, 19, 272, 0, 18, 38, 31015 }, // U+20AC
    { 17, 18, 274, 0, 18, 39, 31053 }, // U+20AD
    { 16, 18, 288, 1, 18, 36, 31092 }, // U+20AE
    { 18, 18, 281, 0, 18, 41, 31128 }, // U+20B1
    { 17, 23, 277, 0, 20, 49, 31169 }, // U+20B2
    { 14, 19, 280, 2, 18, 34, 31218 }, // U+20B4
    { 15, 25, 270, 1, 21, 47, 31252 }, // U+20B5
    { 16, 18, 298, 1, 18, 36, 31299 }, // U+20B8
    { 14, 18, 259, 1, 18, 32, 31335 }, // U+20B9
    { 16, 18, 256, 0, 18, 36, 31367 }, // U+20BA
    { 18, 20, 288, 0, 20, 45, 31403 }, // U+20BC
    { 15, 18, 265, 1, 18, 34, 31448 }, // U+20BD
    { 17, 19, 301, 1, 19, 41, 31482 }, // U+20BE
    { 16, 23, 265, 0, 20, 46, 31523 }, // U+20BF
    { 16, 14, 257, 0, 16, 28, 31569 }, // U+2190
    { 15, 16, 236, 0, 17, 30, 31597 }, // U+2191
    { 16, 14, 257, 0, 16, 28, 31627 }, // U+2192
    { 15, 16, 237, 0, 16, 30, 31655 }, // U+2193
    { 26, 14, 417, 0, 16, 46, 31685 }, // U+2194
    { 15, 22, 236, 0, 20, 42, 31731 }, // U+2195
    { 12, 12, 226, 1, 15, 18, 31773 }, // U+2196
    { 12, 12, 226, 1, 15, 18, 31791 }, // U+2197
    { 12, 12, 226, 1, 15, 18, 31809 }, // U+2198
    { 12, 12, 226, 1, 15, 18, 31827 }, // U+2199
    { 14, 20, 224, 0, 19, 35, 31845 }, // U+2202
    { 14, 16, 270, 1, 14, 28, 31880 }, // U+2205
    { 16, 18, 317, 2, 18, 36, 31908 }, // U+2206
    { 18, 20, 279, 0, 18, 45, 31944 }, // U+220F
    { 15, 21, 285, 1, 18, 40, 31989 }, // U+2211
    { 11, 3, 245, 2, 9, 5, 32029 }, // U+2212
    { 10, 23, 158, 0, 18, 29, 32034 }, // U+2215
    { 5, 5, 138, 2, 11, 4, 32063 }, // U+2219
    { 18, 25, 264, 1, 21, 57, 32067 }, // U+221A
    { 19, 11, 309, 0, 13, 27, 32124 }, // U+221E
    { 10, 25, 197, 1, 19, 32, 32151 }, // U+222B
    { 5, 14, 103, 1, 13, 9, 32183 }, // U+2236
    { 12, 12, 243, 2, 14, 18, 32192 }, // U+2248
    { 11, 14, 245, 2, 14, 20, 32210 }, // U+2260
    { 12, 15, 245, 1, 15, 23, 32230 }, // U+2264
    { 12, 15, 245, 2, 15, 23, 32253 }, // U+2265
    { 12, 15, 245, 1, 15, 23, 32276 }, // U+2266
    { 12, 15, 245, 2, 15, 23, 32299 }, // U+2267
    { 17, 20, 278, 0, 20, 43, 32322 }, // U+FB01
    { 17, 20, 276, 0, 20, 43, 32365 }, // U+FB02
};

static const EpdUnicodeInterval merri11_boldIntervals[] = {
    { 0x20, 0x7E, 0x0 },
    { 0xA0, 0xAC, 0x5F },
    { 0xAE, 0x148, 0x6C },
    { 0x14A, 0x17F, 0x107 },
    { 0x1A0, 0x1A1, 0x13D },
    { 0x1AF, 0x1B0, 0x13F },
    { 0x1C4, 0x1F5, 0x141 },
    { 0x1F8, 0x21F, 0x173 },
    { 0x300, 0x304, 0x19B },
    { 0x306, 0x30D, 0x1A0 },
    { 0x30F, 0x313, 0x1A8 },
    { 0x315, 0x315, 0x1AD },
    { 0x31B, 0x31B, 0x1AE },
    { 0x320, 0x320, 0x1AF },
    { 0x323, 0x329, 0x1B0 },
    { 0x32D, 0x332, 0x1B7 },
    { 0x334, 0x338, 0x1BD },
    { 0x358, 0x358, 0x1C2 },
    { 0x35C, 0x35D, 0x1C3 },
    { 0x35F, 0x35F, 0x1C5 },
    { 0x361, 0x362, 0x1C6 },
    { 0x400, 0x467, 0x1C8 },
    { 0x46A, 0x46B, 0x230 },
    { 0x46E, 0x46F, 0x232 },
    { 0x472, 0x479, 0x234 },
    { 0x480, 0x482, 0x23C },
    { 0x488, 0x4FF, 0x23F },
    { 0x1EA0, 0x1EF9, 0x2B7 },
    { 0x2000, 0x200D, 0x311 },
    { 0x2010, 0x2016, 0x31F },
    { 0x2018, 0x201E, 0x326 },
    { 0x2020, 0x2023, 0x32D },
    { 0x2026, 0x2027, 0x331 },
    { 0x202F, 0x2030, 0x333 },
    { 0x2032, 0x2034, 0x335 },
    { 0x2039, 0x203A, 0x338 },
    { 0x203C, 0x203C, 0x33A },
    { 0x2042, 0x2042, 0x33B },
    { 0x2044, 0x2044, 0x33C },
    { 0x204A, 0x204A, 0x33D },
    { 0x2052, 0x2052, 0x33E },
    { 0x2070, 0x2071, 0x33F },
    { 0x2074, 0x2079, 0x341 },
    { 0x207F, 0x2089, 0x347 },
    { 0x20A1, 0x20AE, 0x352 },
    { 0x20B1, 0x20B2, 0x360 },
    { 0x20B4, 0x20B5, 0x362 },
    { 0x20B8, 0x20BA, 0x364 },
    { 0x20BC, 0x20BF, 0x367 },
    { 0x2190, 0x2199, 0x36B },
    { 0x2202, 0x2202, 0x375 },
    { 0x2205, 0x2206, 0x376 },
    { 0x220F, 0x220F, 0x378 },
    { 0x2211, 0x2212, 0x379 },
    { 0x2215, 0x2215, 0x37B },
    { 0x2219, 0x221A, 0x37C },
    { 0x221E, 0x221E, 0x37E },
    { 0x222B, 0x222B, 0x37F },
    { 0x2236, 0x2236, 0x380 },
    { 0x2248, 0x2248, 0x381 },
    { 0x2260, 0x2260, 0x382 },
    { 0x2264, 0x2267, 0x383 },
    { 0xFB01, 0xFB02, 0x387 },
};

static const uint16_t merri11_boldKernLeftCodepoints[] = {
    0x0021, 0x0022, 0x0023, 0x0024, 0x0025, 0x0026, 0x0027, 0x0028, 0x0029, 0x002A, 0x002B, 0x002C,
    0x002D, 0x002E, 0x002F, 0x0030, 0x0031, 0x0032, 0x0033, 0x0034, 0x0035, 0x0036, 0x0037, 0x0038,
    0x0039, 0x003A, 0x003B, 0x003C, 0x003D, 0x003E, 0x003F, 0x0040, 0x0041, 0x0042, 0x0043, 0x0044,
    0x0045, 0x0046, 0x0047, 0x0048, 0x0049, 0x004A, 0x004B, 0x004C, 0x004D, 0x004E, 0x004F, 0x0050,
    0x0051, 0x0052, 0x0053, 0x0054, 0x0055, 0x0056, 0x0057, 0x0058, 0x0059, 0x005A, 0x005B, 0x005C,
    0x005E, 0x005F, 0x0061, 0x0062, 0x0063, 0x0064, 0x0065, 0x0066, 0x0067, 0x0068, 0x0069, 0x006A,
    0x006B, 0x006C, 0x006D, 0x006E, 0x006F, 0x0070, 0x0071, 0x0072, 0x0073, 0x0074, 0x0075, 0x0076,
    0x0077, 0x0078, 0x0079, 0x007A, 0x007B, 0x007D, 0x007E, 0x00A1, 0x00A2, 0x00A3, 0x00A5, 0x00A7,
    0x00A9, 0x00AA, 0x00AB, 0x00AC, 0x00AE, 0x00B0, 0x00B1, 0x00B2, 0x00B3, 0x00B5, 0x00B9, 0x00BA,
    0x00BB, 0x00BF, 0x00C0, 0x00C1, 0x00C2, 0x00C3, 0x00C4, 0x00C5, 0x00C6, 0x00C7, 0x00C8, 0x00C9,
    0x00CA, 0x00CB, 0x00CC, 0x00CD, 0x00CE, 0x00CF, 0x00D0, 0x00D1, 0x00D2, 0x00D3, 0x00D4, 0x00D5,
    0x00D6, 0x00D7, 0x00D8, 0x00D9, 0x00DA, 0x00DB, 0x00DC, 0x00DD, 0x00DE, 0x00DF, 0x00E0, 0x00E1,
    0x00E2, 0x00E3, 0x00E4, 0x00E5, 0x00E6, 0x00E7, 0x00E8, 0x00E9, 0x00EA, 0x00EB, 0x00EC, 0x00ED,
    0x00EE, 0x00EF, 0x00F0, 0x00F1, 0x00F2, 0x00F3, 0x00F4, 0x00F5, 0x00F6, 0x00F7, 0x00F8, 0x00F9,
    0x00FA, 0x00FB, 0x00FC, 0x00FD, 0x00FE, 0x00FF, 0x2010, 0x2011, 0x2013, 0x2014, 0x2018, 0x2019,
    0x201A, 0x201C, 0x201D, 0x201E, 0x2020, 0x2021, 0x2026, 0x2030, 0x2032, 0x2033, 0x2039, 0x203A,
    0x203C, 0x20A1, 0x20A4, 0x20A6, 0x20A9, 0x20AA, 0x20AB, 0x20AC, 0x20AD, 0x20AE, 0x20B1, 0x20B2,
    0x20B4, 0x20B5, 0x20B8, 0x20B9, 0x20BA, 0x20BC, 0x20BD, 0x20BE, 0xFB01, 0xFB02,
};

static const uint8_t merri11_boldKernLeftClassIds[] = {
      1,   2,   3,   4,   5,   6,   7,   8,   9,  10,  11,  12,  13,  14,  15,  16,
     17,  18,  19,  20,  21,  22,  23,  24,  25,  26,  27,  28,  29,  30,  31,  32,
     33,  34,  35,  36,  37,  38,  39,  40,  41,  42,  43,  44,  45,  46,  47,  48,
     49,  50,  51,  52,  53,  54,  55,  56,  57,  58,  59,  60,  61,  62,  63,  64,
     65,  66,  67,  68,  69,  70,  71,  72,  73,  74,  75,  76,  77,  78,  79,  80,
     81,  82,  83,  84,  85,  86,  87,  88,  89,  90,  91,  92,  93,  94,  95,  96,
     97,  98,  99, 100, 101, 102, 103, 104, 105, 106, 107, 108, 109, 110, 111, 112,
    113, 114, 115, 116, 117, 118, 119, 120, 121, 122, 123, 124, 125, 126, 127, 128,
    129, 130, 131, 132, 133, 134, 135, 136, 137, 138, 139, 140, 141, 142, 143, 144,
    145, 146, 147, 148, 149, 150, 151, 152, 153, 154, 155, 156, 157, 158, 159, 160,
    161, 162, 163, 164, 165, 166, 167, 168, 169, 170, 171, 172, 173, 174,  13,  13,
    175, 176, 177, 178, 179, 180, 181, 182, 183, 184, 185, 186, 187, 188, 189, 190,
    191, 192, 193, 194, 195, 196, 197, 198, 199, 200, 201, 202, 203, 204, 205, 206,
    207, 208, 209, 210, 211,  74,
};

static const uint16_t merri11_boldKernRightCodepoints[] = {
    0x0021, 0x0022, 0x0023, 0x0024, 0x0025, 0x0026, 0x0027, 0x0028, 0x0029, 0x002A, 0x002B, 0x002C,
    0x002D, 0x002E, 0x002F, 0x0030, 0x0031, 0x0032, 0x0033, 0x0034, 0x0035, 0x0036, 0x0037, 0x0038,
    0x0039, 0x003A, 0x003B, 0x003C, 0x003D, 0x003E, 0x003F, 0x0040, 0x0041, 0x0042, 0x0043, 0x0044,
    0x0045, 0x0046, 0x0047, 0x0048, 0x0049, 0x004A, 0x004B, 0x004C, 0x004D, 0x004E, 0x004F, 0x0050,
    0x0051, 0x0052, 0x0053, 0x0054, 0x0055, 0x0056, 0x0057, 0x0058, 0x0059, 0x005A, 0x005C, 0x005D,
    0x005E, 0x005F, 0x0061, 0x0062, 0x0063, 0x0064, 0x0065, 0x0066, 0x0067, 0x0068, 0x0069, 0x006A,
    0x006B, 0x006C, 0x006D, 0x006E, 0x006F, 0x0070, 0x0071, 0x0072, 0x0073, 0x0074, 0x0075, 0x0076,
    0x0077, 0x0078, 0x0079, 0x007A, 0x007B, 0x007D, 0x007E, 0x00A1, 0x00A2, 0x00A3, 0x00A5, 0x00A7,
    0x00A9, 0x00AA, 0x00AB, 0x00AC, 0x00AE, 0x00B0, 0x00B1, 0x00B2, 0x00B3, 0x00B5, 0x00B9, 0x00BA,
    0x00BB, 0x00BF, 0x00C0, 0x00C1, 0x00C2, 0x00C3, 0x00C4, 0x00C5, 0x00C6, 0x00C7, 0x00C8, 0x00C9,
    0x00CA, 0x00CB, 0x00CC, 0x00CD, 0x00CE, 0x00CF, 0x00D0, 0x00D1, 0x00D2, 0x00D3, 0x00D4, 0x00D5,
    0x00D6, 0x00D7, 0x00D8, 0x00D9, 0x00DA, 0x00DB, 0x00DC, 0x00DD, 0x00DE, 0x00DF, 0x00E0, 0x00E1,
    0x00E2, 0x00E3, 0x00E4, 0x00E5, 0x00E6, 0x00E7, 0x00E8, 0x00E9, 0x00EA, 0x00EB, 0x00EC, 0x00ED,
    0x00EE, 0x00EF, 0x00F0, 0x00F1, 0x00F2, 0x00F3, 0x00F4, 0x00F5, 0x00F6, 0x00F7, 0x00F8, 0x00F9,
    0x00FA, 0x00FB, 0x00FC, 0x00FD, 0x00FE, 0x00FF, 0x2010, 0x2011, 0x2013, 0x2014, 0x2018, 0x2019,
    0x201A, 0x201C, 0x201D, 0x201E, 0x2020, 0x2021, 0x2026, 0x2027, 0x2030, 0x2032, 0x2033, 0x2039,
    0x203A, 0x203C, 0x2044, 0x20A1, 0x20A4, 0x20A6, 0x20A9, 0x20AA, 0x20AB, 0x20AC, 0x20AD, 0x20AE,
    0x20B1, 0x20B2, 0x20B4, 0x20B5, 0x20B8, 0x20B9, 0x20BA, 0x20BC, 0x20BD, 0x20BE, 0xFB01, 0xFB02,
};

static const uint8_t merri11_boldKernRightClassIds[] = {
      1,   2,   3,   4,   5,   6,   7,   8,   9,  10,  11,  12,  13,  14,  15,  16,
     17,  18,  19,  20,  21,  22,  23,  24,  25,  26,  27,  28,  29,  30,  31,  32,
     33,  34,  35,  36,  37,  38,  39,  40,  41,  42,  43,  44,  45,  46,  47,  48,
     49,  50,  51,  52,  53,  54,  55,  56,  57,  58,  59,  60,  61,  62,  63,  64,
     65,  66,  67,  68,  69,  70,  71,  72,  73,  74,  75,  76,  77,  78,  79,  80,
     81,  82,  83,  84,  85,  86,  87,  88,  89,  90,  91,  92,  93,  94,  95,  96,
     97,  98,  99, 100, 101, 102, 103, 104, 105, 106, 107, 108, 109, 110, 111, 112,
    113, 114, 115, 116, 117, 118, 119, 120, 121, 122, 123, 124, 125, 126, 127, 128,
    129, 130, 131, 132, 133, 134, 135, 136, 137, 138, 139, 140, 141, 142, 143, 144,
    145, 146, 147, 148, 149, 150, 151, 152, 153, 154, 155, 156, 157, 158, 159, 160,
    161, 162, 163, 164, 165, 166, 167, 168, 169, 170, 171, 172, 173, 174,  13,  13,
    175, 176, 177, 178, 179, 180, 181, 182, 183, 184, 185, 186, 187, 188, 189, 190,
    191, 192, 193, 194, 195, 196, 197, 198, 199, 200, 201, 202, 203, 204, 205, 206,
    207, 208, 209, 210, 211, 212,  68,  68,
};

static const uint16_t merri11_boldKernRowOffsets[] = {
        0,    84,   257,   351,   389,   416,   493,   669,   875,  1014,  1092,  1223,  1253,  1417,  1505,  1688,
     1801,  1930,  2056,  2183,  2311,  2440,  2563,  2682,  2801,  2907,  2975,  3004,  3073,  3173,  3243,  3321,
     3395,  3557,  3705,  3858,  4013,  4140,  4297,  4437,  4579,  4726,  4888,  5043,  5203,  5338,  5482,  5632,
     5786,  5932,  6088,  6254,  6396,  6531,  6695,  6856,  7013,  7175,  7310,  7478,  7553,  7632,  7716,  7855,
     7992,  8123,  8260,  8406,  8533,  8671,  8788,  8935,  9074,  9207,  9351,  9472,  9609,  9744,  9883,  9993,
    10141, 10263, 10412, 10560, 10694, 10830, 10954, 11089, 11205, 11294, 11360, 11451, 11511, 11538, 11566, 11591,
    11601, 11631, 11643, 11800, 11863, 11882, 11962, 12012, 12062, 12112, 12152, 12193, 12201, 12340, 12415, 12519,
    12631, 12719, 12803, 12909, 12993, 13060, 13178, 13252, 13335, 13404, 13475, 13552, 13648, 13734, 13805, 13874,
    13947, 14036, 14146, 14236, 14308, 14413, 14478, 14557, 14634, 14722, 14796, 14893, 14982, 15053, 15110, 15192,
    15282, 15356, 15417, 15506, 15565, 15626, 15702, 15785, 15886, 15958, 16044, 16114, 16199, 16279, 16342, 16403,
    16468, 16539, 16621, 16689, 16739, 16832, 16859, 16915, 16995, 17087, 17164, 17268, 17342, 17392, 17431, 17568,
    17660, 17823, 17951, 18054, 18222, 18332, 18455, 18480, 18508, 18613, 18630, 18650, 18662, 18819, 18953, 18957,
    18981, 19010, 19033, 19056, 19079, 19101, 19133, 19153, 19177, 19196, 19217, 19240, 19263, 19286, 19309, 19330,
    19351, 19373, 19398, 19544,
};

static const uint8_t merri11_boldKernSparseCols[] = {
      0,   1,   6,   8,   9,  12,  13,  15,  16,  17,  18,  19,  20,  21,  22,  23,
     24,  25,  30,  32,  33,  34,  35,  36,  37,  38,  39,  40,  41,  42,  43,  44,
     45,  46,  47,  48,  49,  50,  51,  52,  53,  54,  55,  56,  57,  59,  62,  64,
     65,  66,  67,  68,  69,  70,  71,  72,  73,  74,  75,  76,  77,  78,  79,  80,
     81,  82,  83,  84,  85,  86,  87,  89,  98, 103, 104, 106, 108, 175, 176, 177,
    179, 180, 189, 190,   0,   1,   2,   3,   4,   5,   6,   7,   8,   9,  10,  11,
     12,  13,  14,  15,  16,  17,  18,  19,  20,  21,  23,  24,  25,  26,  27,  28,
     29,  30,  31,  32,  33,  34,  35,  36,  37,  38,  39,  40,  41,  42,  43,  44,
     45,  46,  47,  48,  49,  50,  52,  53,  54,  55,  56,  57,  58,  59,  60,  61,
     62,  63,  64,  65,  66,  67,  68,  70,  71,  73,  74,  75,  76,  77,  78,  79,
     80,  81,  82,  83,  84,  85,  86,  87,  88,  89,  90,  91,  92,  93,  95,  98,
    101, 102, 108, 109, 110, 111, 112, 113, 114, 115, 116, 117, 118, 119, 120, 121,
    122, 123, 124, 126, 127, 128, 129, 130, 131, 132, 133, 134, 135, 136, 137, 138,
    139, 140, 141, 142, 143, 144, 145, 146, 147, 148, 149, 150, 151, 152, 153, 154,
    155, 156, 157, 158, 159, 160, 161, 162, 163, 164, 166, 167, 168, 169, 170, 171,
    172, 174, 175, 176, 177, 179, 180, 182, 183, 184, 189, 190, 194, 196, 199, 202,
    207,   0,   1,   6,   7,   8,   9,  11,  13,  14,  15,  16,  17,  18,  19,  20,
     21,  22,  23,  24,  25,  26,  30,  32,  33,  34,  35,  36,  37,  38,  39,  40,
     41,  42,  43,  44,  45,  46,  47,  48,  49,  50,  51,  52,  53,  54,  55,  56,
     57,  59,  62,  63,  64,  65,  66,  67,  68,  69,  70,  71,  72,  73,  74,  75,
     76,  77,  78,  79,  80,  81,  82,  83,  84,  85,  86,  87,  98, 108, 114, 115,
    117, 118, 119, 132, 136, 138, 146, 149, 150, 176, 177, 179, 180, 189, 190,   0,
      1,   6,   7,   8,   9,  10,  11,  12,  13,  14,  15,  16,  17,  18,  19,  20,
     21,  22,  23,  24,  25,  26,  28,  30,  59,  61,  98, 103, 104, 106, 108, 176,
    177, 179, 180, 189, 190,   0,   1,   6,   8,   9,  11,  12,  13,  14,  25,  26,
     30,  59,  98, 103, 104, 106, 108, 174, 175, 176, 177, 179, 180, 182, 189, 190,
      1,   6,   8,  12,  15,  16,  17,  18,  19,  20,  21,  22,  23,  32,  33,  34,
     35,  36,  37,  38,  39,  40,  41,  42,  43,  44,  45,  46,  47,  48,  49,  50,
     51,  52,  53,  54,  55,  56,  57,  59,  62,  63,  64,  65,  66,  67,  69,  70,
     71,  72,  73,  74,  75,  76,  77,  78,  79,  81,  82,  83,  84,  85,  86,  87,
     98, 108, 111, 117, 121, 129, 153, 176, 177, 179, 180, 189, 190,   0,   1,   2,
      3,   4,   5,   6,   7,   8,   9,  10,  11,  12,  13,  14,  15,  16,  17,  18,
     19,  20,  21,  23,  24,  25,  26,  27,  28,  29,  30,  31,  32,  33,  34,  35,
     36,  37,  38,  39,  40,  41,  42,  43,  44,  45,  46,  47,  48,  49,  50,  52,
     53,  54,  55,  56,  57,  58,  59,  60,  61,  62,  63,  64,  65,  66,  67,  68,
     70,  71,  73,  74,  75,  76,  77,  78,  79,  80,  81,  82,  83,  84,  85,  86,
     87,  88,  89,  90,  91,  92,  93,  95,  98, 100, 101, 102, 108, 109, 110, 111,
    112, 113, 114, 115, 116, 117, 118, 119, 120, 121, 122, 123, 124, 126, 127, 128,
    129, 130, 131, 132, 133, 134, 135, 136, 137, 138, 139, 140, 141, 142, 143, 144,
    145, 146, 147, 148, 149, 150, 151, 152, 153, 154, 155, 156, 157, 158, 159, 160,
    161, 162, 163, 164, 166, 167, 168, 169, 170, 171, 172, 173, 174, 175, 176, 177,
    179, 180, 182, 183, 184, 189, 190, 194, 196, 199, 202, 204, 207,   0,   1,   2,
      3,   4,   5,   6,   7,   8,   9,  10,  11,  12,  13,  14,  15,  16,  17,  18,
     19,  20,  21,  22,  23,  24,  25,  26,  27,  28,  29,  30,  31,  32,  33,  34,
     35,  36,  37,  38,  39,  40,  41,  42,  43,  44,  45,  46,  47,  48,  49,  50,
     51,  52,  53,  54,  55,  56,  57,  58,  59,  60,  61,  62,  63,  64,  65,  66,
     67,  68,  69,  70,  71,  72,  73,  74,  75,  76,  77,  78,  79,  80,  81,  82,
     83,  84,  85,  86,  87,  88,  90,  91,  92,  93,  94,  95,  96,  98,  99, 100,
    101, 102, 103, 104, 105, 106, 108, 109, 110, 111, 112, 113, 114, 115, 116, 117,
    118, 119, 120, 121, 122, 123, 124, 125, 126, 127, 128, 129, 130, 131, 132, 133,
    134, 135, 136, 137, 138, 139, 140, 141, 142, 143, 144, 145, 146, 147, 148, 149,
    150, 151, 152, 153, 154, 155, 156, 157, 158, 159, 160, 161, 162, 163, 164, 165,
    166, 167, 168, 169, 170, 171, 172, 173, 174, 175, 176, 177, 178, 179, 180, 181,
    182, 183, 184, 186, 187, 188, 189, 190, 193, 194, 195, 196, 197, 198, 199, 200,
    201, 202, 203, 204, 205, 206, 207, 208, 209, 210, 211,   0,   1,   6,   7,   8,
      9,  10,  11,  12,  13,  14,  16,  17,  18,  19,  20,  22,  23,  24,  25,  26,
     27,  28,  29,  30,  32,  33,  34,  35,  36,  37,  38,  39,  40,  41,  42,  43,
     44,  45,  46,  47,  48,  49,  50,  51,  52,  53,  54,  55,  56,  57,  59,  60,
     62,  63,  64,  66,  67,  68,  69,  70,  71,  72,  73,  74,  75,  76,  77,  79,
     80,  81,  83,  84,  85,  86,  87,  88,  89, 103, 104, 106, 108, 110, 111, 112,
    114, 115, 116, 117, 118, 119, 120, 121, 122, 123, 124, 126, 127, 128, 129, 131,
    132, 133, 134, 136, 137, 138, 139, 142, 143, 144, 146, 147, 148, 149, 150, 151,
    152, 153, 154, 155, 156, 158, 160, 161, 163, 164, 166, 171, 174, 175, 176, 177,
    179, 180, 182, 189, 190, 191,   0,   1,   6,   7,   8,   9,  11,  12,  13,  14,
     16,  17,  18,  19,  20,  21,  23,  24,  25,  26,  30,  32,  33,  35,  36,  37,
     39,  40,  41,  42,  43,  44,  45,  47,  49,  50,  51,  53,  54,  55,  56,  57,
     59,  62,  63,  64,  65,  66,  67,  68,  69,  70,  71,  72,  73,  74,  75,  76,
     77,  78,  79,  80,  81,  82,  84,  85,  87,  89,  98, 108, 174, 175, 176, 177,
    179, 180, 189, 190,   0,   1,   3,   6,   7,   8,   9,  10,  11,  12,  13,  14,
     15,  16,  17,  18,  19,  20,  21,  22,  23,  24,  25,  26,  28,  30,  32,  33,
     34,  35,  36,  37,  38,  39,  40,  41,  42,  43,  44,  45,  46,  47,  48,  49,
     50,  51,  52,  53,  54,  55,  56,  57,  59,  62,  63,  64,  65,  66,  67,  68,
     69,  70,  71,  72,  73,  74,  75,  76,  77,  78,  79,  80,  81,  82,  83,  84,
     85,  86,  87,  89,  92,  93,  94,  98, 100, 108, 110, 111, 114, 119, 120, 123,
    124, 127, 128, 129, 134, 135, 136, 137, 146, 151, 152, 156, 167, 169, 176, 177,
    179, 180, 189, 190, 193, 194, 195, 196, 197, 198, 199, 200, 201, 202, 203, 204,
    205, 206, 207, 208, 209, 210, 211,   1,   6,   8,   9,  12,  15,  16,  17,  18,
     19,  20,  21,  22,  24,  59,  89,  98, 103, 104, 106, 108, 174, 175, 176, 177,
    179, 180, 182, 189, 190,   0,   1,   3,   6,   7,   8,   9,  10,  11,  12,  13,
     14,  15,  16,  17,  18,  19,  20,  21,  22,  23,  24,  25,  26,  30,  32,  33,
     34,  35,  36,  37,  38,  39,  40,  41,  42,  43,  44,  45,  46,  47,  48,  49,
     50,  51,  52,  53,  54,  55,  56,  57,  59,  62,  63,  64,  65,  66,  67,  68,
     69,  70,  71,  72,  73,  74,  75,  76,  77,  78,  79,  80,  81,  82,  83,  84,
     85,  86,  87,  88,  89,  91,  92,  93,  94,  98, 103, 104, 106, 108, 109, 110,
    111, 112, 113, 114, 115, 116, 117, 118, 119, 120, 121, 122, 123, 124, 125, 126,
    127, 128, 129, 130, 131, 132, 134, 135, 136, 137, 138, 139, 140, 141, 142, 143,
    144, 145, 146, 147, 148, 149, 150, 151, 152, 153, 154, 155, 156, 157, 158, 159,
    160, 161, 162, 163, 164, 166, 167, 168, 169, 170, 171, 172, 173, 176, 177, 178,
    179, 180, 181, 189, 190, 194, 199, 201, 207,   0,   1,   6,   7,   8,   9,  12,
     13,  14,  15,  16,  17,  18,  19,  20,  21,  22,  24,  25,  30,  32,  33,  34,
     35,  36,  37,  38,  39,  40,  41,  42,  43,  44,  45,  46,  47,  48,  49,  50,
     51,  52,  53,  54,  55,  56,  57,  59,  63,  64,  65,  66,  67,  68,  69,  70,
     71,  72,  73,  74,  75,  76,  77,  78,  79,  81,  82,  83,  84,  85,  86,  87,
     89,  97,  98, 103, 104, 106, 107, 108, 174, 175, 176, 177, 179, 180, 188, 189,
    190,   0,   1,   2,   3,   4,   6,   7,   8,   9,  10,  11,  12,  13,  14,  15,
     16,  17,  18,  19,  20,  21,  22,  23,  24,  25,  27,  28,  29,  30,  32,  33,
     34,  35,  36,  37,  38,  39,  40,  41,  42,  43,  44,  45,  46,  47,  48,  49,
     50,  52,  53,  54,  55,  56,  57,  58,  59,  60,  61,  62,  63,  64,  65,  66,
     67,  68,  69,  70,  71,  72,  73,  74,  75,  76,  77,  78,  79,  80,  81,  82,
     83,  84,  85,  86,  87,  89,  92,  93,  94,  95,  98, 105, 108, 110, 111, 112,
    113, 114, 115, 116, 117, 118, 119, 120, 121, 122, 123, 124, 125, 126, 127, 128,
    129, 130, 131, 132, 134, 135, 136, 137, 138, 139, 140, 141, 142, 143, 144, 145,
    146, 147, 148, 149, 150, 151, 152, 153, 154, 155, 157, 158, 159, 160, 161, 162,
    163, 164, 166, 167, 168, 169, 170, 171, 172, 173, 174, 175, 176, 177, 178, 179,
    180, 181, 184, 189, 190, 193, 194, 195, 196, 197, 198, 199, 200, 201, 202, 203,
    204, 205, 206, 207, 208, 209, 210, 211,   0,   2,   3,   4,   5,   8,  10,  11,
     12,  13,  14,  15,  16,  17,  18,  19,  20,  21,  22,  23,  24,  25,  26,  27,
     28,  29,  30,  31,  32,  33,  34,  35,  36,  37,  38,  39,  40,  41,  42,  43,
     44,  45,  46,  47,  48,  49,  50,  51,  52,  53,  54,  55,  56,  57,  58,  59,
     60,  61,  64,  65,  66,  67,  69,  70,  71,  72,  73,  76,  77,  78,  81,  82,
     83,  84,  86,  87,  88,  89,  90,  92,  97,  98, 100, 101, 102, 104, 105, 106,
    115, 118, 120, 124, 127, 133, 136, 139, 150, 152, 165, 168, 171, 174, 175, 177,
    180, 182, 183, 184, 187, 188, 189, 191, 199,   0,   1,   2,   3,   4,   5,   6,
      7,   8,   9,  10,  11,  12,  13,  14,  15,  16,  17,  18,  19,  20,  21,  22,
     23,  24,  25,  26,  27,  28,  29,  30,  31,  32,  33,  34,  35,  36,  37,  38,
     39,  40,  41,  42,  43,  44,  45,  46,  47,  48,  49,  50,  51,  52,  53,  54,
     55,  56,  57,  58,  59,  60,  61,  63,  64,  65,  66,  67,  68,  69,  70,  71,
     72,  74,  75,  76,  77,  78,  79,  80,  81,  82,  83,  84,  85,  86,  88,  89,
     90,  92,  97,  98, 100, 101, 102, 103, 104, 105, 106, 107, 108, 115, 118, 120,
    124, 127, 133, 136, 139, 150, 152, 159, 165, 168, 171, 174, 175, 176, 177, 179,
    180, 182, 183, 184, 186, 187, 188, 189, 191, 199,   0,   1,   2,   3,   4,   5,
      6,   7,   8,   9,  10,  11,  12,  13,  14,  15,  16,  17,  18,  19,  20,  21,
     22,  23,  24,  25,  26,  27,  28,  29,  30,  31,  32,  33,  34,  35,  36,  37,
     38,  39,  40,  41,  42,  43,  44,  45,  46,  47,  48,  49,  50,  51,  52,  53,
     54,  55,  56,  57,  58,  59,  60,  61,  62,  63,  64,  65,  67,  68,  69,  70,
     71,  72,  74,  75,  76,  78,  79,  80,  81,  82,  83,  85,  86,  87,  88,  89,
     90,  92,  97,  98, 100, 101, 102, 103, 104, 105, 106, 107, 115, 118, 120, 124,
    127, 133, 136, 139, 147, 156, 159, 165, 168, 171, 174, 175, 176, 177, 179, 180,
    182, 183, 184, 186, 187, 188, 189, 199,   0,   1,   2,   3,   4,   6,   7,   8,
      9,  10,  11,  12,  13,  14,  15,  16,  17,  18,  19,  20,  21,  22,  23,  24,
     25,  26,  27,  28,  29,  30,  31,  32,  33,  34,  35,  36,  37,  39,  40,  41,
     42,  43,  44,  45,  47,  49,  50,  51,  52,  53,  54,  55,  56,  57,  58,  59,
     60,  61,  62,  63,  64,  65,  66,  67,  68,  69,  70,  71,  72,  73,  74,  75,
     76,  77,  78,  79,  80,  81,  82,  83,  84,  85,  86,  87,  88,  89,  90,  92,
     97, 100, 101, 102, 103, 104, 105, 106, 107, 108, 115, 118, 120, 124, 127, 133,
    136, 139, 147, 150, 152, 159, 165, 168, 171, 174, 175, 176, 177, 179, 180, 182,
    183, 184, 186, 187, 188, 190, 199,   0,   1,   2,   3,   4,   5,   6,   7,   8,
      9,  10,  11,  12,  14,  15,  16,  17,  18,  20,  21,  22,  23,  24,  25,  26,
     27,  28,  29,  30,  31,  32,  33,  34,  35,  36,  37,  39,  40,  41,  42,  43,
     44,  45,  47,  49,  50,  51,  52,  53,  54,  55,  56,  57,  58,  59,  60,  61,
     62,  63,  64,  65,  66,  67,  68,  69,  70,  71,  72,  73,  74,  75,  76,  77,
     78,  79,  80,  81,  82,  83,  84,  85,  86,  87,  88,  89,  90,  92,  97,  98,
    100, 101, 102, 103, 104, 105, 106, 107, 108, 115, 118, 120, 124, 127, 133, 136,
    139, 147, 150, 152, 156, 159, 165, 168, 171, 174, 175, 176, 177, 179, 180, 182,
    183, 184, 186, 187, 188, 189, 199,   0,   1,   2,   3,   4,   5,   6,   7,   8,
      9,  10,  11,  12,  13,  14,  15,  16,  17,  18,  19,  20,  21,  22,  23,  24,
     25,  26,  27,  28,  29,  30,  31,  32,  33,  34,  35,  36,  37,  38,  39,  40,
     41,  42,  43,  44,  45,  46,  47,  48,  49,  50,  51,  52,  55,  56,  57,  58,
     59,  60,  61,  64,  65,  66,  67,  68,  69,  70,  71,  72,  73,  74,  75,  76,
     77,  78,  79,  80,  81,  82,  83,  84,  85,  86,  87,  88,  89,  90,  92,  97,
     98, 100, 101, 102, 103, 104, 105, 106, 107, 108, 115, 118, 120, 124, 127, 133,
    136, 139, 150, 152, 156, 159, 165, 168, 171, 174, 175, 176, 177, 179, 180, 182,
    183, 184, 186, 187, 188, 189, 190, 199,   0,   1,   2,   3,   4,   5,   6,   8,
      9,  10,  11,  12,  13,  14,  15,  16,  17,  18,  20,  22,  23,  24,  25,  26,
     27,  28,  29,  30,  31,  32,  33,  34,  35,  36,  37,  38,  39,  40,  41,  42,
     43,  44,  45,  46,  47,  48,  49,  50,  51,  52,  53,  54,  55,  56,  57,  58,
     59,  60,  61,  62,  64,  65,  66,  67,  69,  70,  71,  72,  73,  74,  75,  76,
     77,  78,  79,  81,  83,  84,  85,  86,  87,  88,  89,  90,  97,  98, 100, 101,
    102, 103, 104, 106, 107, 108, 115, 118, 120, 124, 127, 133, 136, 139, 147, 150,
    152, 156, 159, 165, 171, 174, 175, 176, 177, 179, 180, 182, 183, 184, 186, 187,
    188, 189, 199,   0,   2,   3,   4,   5,   7,   8,  10,  11,  12,  13,  14,  15,
     16,  17,  18,  19,  20,  21,  22,  23,  24,  25,  26,  27,  28,  29,  30,  31,
     32,  33,  34,  35,  36,  37,  38,  39,  40,  41,  42,  43,  44,  45,  46,  47,
     48,  49,  50,  51,  53,  54,  56,  57,  58,  59,  60,  61,  62,  64,  65,  66,
     67,  68,  70,  71,  74,  75,  76,  77,  78,  79,  80,  81,  82,  83,  84,  85,
     86,  87,  88,  89,  90,  92,  98, 100, 101, 102, 103, 104, 105, 106, 107, 108,
    115, 118, 120, 124, 127, 133, 139, 147, 150, 152, 156, 159, 165, 168, 171, 174,
    175, 176, 179, 182, 183, 184, 186, 189, 190, 199,   0,   2,   3,   4,   5,   8,
      9,  10,  11,  12,  13,  14,  15,  16,  17,  18,  19,  20,  21,  22,  23,  24,
     25,  26,  27,  28,  29,  30,  31,  33,  34,  35,  36,  37,  38,  39,  40,  41,
     42,  43,  44,  45,  46,  47,  48,  49,  51,  52,  53,  54,  55,  56,  57,  58,
     59,  60,  61,  62,  63,  64,  65,  66,  67,  68,  69,  70,  71,  72,  73,  74,
     75,  76,  77,  78,  79,  80,  83,  84,  85,  86,  87,  88,  89,  90,  92,  97,
    100, 101, 102, 103, 104, 106, 107, 118, 120, 124, 127, 133, 136, 139, 147, 150,
    152, 156, 159, 165, 171, 174, 175, 177, 180, 182, 183, 184, 186, 187, 188, 189,
    199,   0,   2,   3,   4,   5,   8,  10,  11,  12,  13,  14,  16,  17,  18,  19,
     20,  21,  22,  23,  25,  26,  27,  28,  29,  30,  31,  32,  33,  34,  35,  36,
     37,  38,  39,  40,  41,  42,  43,  44,  45,  46,  47,  48,  49,  50,  51,  52,
     55,  56,  57,  58,  59,  60,  61,  62,  67,  68,  69,  70,  71,  72,  73,  77,
     81,  82,  83,  84,  86,  87,  88,  89,  90,  92,  97, 100, 101, 102, 104, 105,
    106, 107, 115, 118, 120, 124, 127, 133, 136, 139, 147, 152, 156, 165, 168, 171,
    174, 175, 176, 179, 182, 183, 184, 187, 188, 189, 199,   1,   6,   7,   8,   9,
     15,  16,  17,  18,  19,  20,  21,  22,  23,  24,  33,  34,  35,  36,  37,  39,
     40,  41,  42,  43,  44,  45,  47,  49,  50,  51,  52,  53,  54,  55,  56,  57,
     59,  63,  64,  65,  66,  68,  69,  70,  71,  72,  73,  76,  77,  78,  79,  81,
     82,  85,  88,  89,  98, 103, 104, 106, 174, 175, 176, 177, 179, 180, 189,   1,
      6,   8,   9,  12,  15,  16,  17,  18,  19,  20,  21,  22,  23,  24,  59,  89,
     98, 103, 104, 106, 174, 175, 176, 177, 179, 180, 182, 189,   1,   6,   7,   8,
     12,  15,  16,  17,  18,  19,  20,  21,  22,  23,  24,  27,  29,  32,  33,  34,
     35,  36,  37,  38,  39,  40,  41,  42,  43,  44,  45,  46,  47,  48,  49,  50,
     51,  52,  53,  54,  55,  56,  57,  62,  63,  64,  65,  66,  67,  68,  69,  70,
     71,  72,  73,  74,  75,  76,  77,  78,  79,  80,  81,  82,  83,  84,  85,  86,
     87,   1,   3,   6,   7,   8,  10,  11,  12,  13,  15,  16,  17,  18,  19,  20,
     21,  22,  23,  24,  28,  32,  33,  34,  35,  36,  37,  38,  39,  40,  41,  42,
     43,  44,  45,  46,  47,  48,  49,  50,  51,  52,  53,  54,  55,  56,  57,  59,
     62,  63,  64,  65,  66,  67,  68,  69,  70,  71,  72,  73,  74,  75,  76,  77,
     78,  79,  80,  81,  82,  83,  84,  85,  86,  87,  92,  93,  94, 102, 176, 177,
    179, 180, 193, 194, 195, 196, 197, 198, 199, 200, 201, 202, 203, 204, 205, 206,
    207, 208, 209, 210, 211,   1,   6,   7,   8,  12,  15,  16,  17,  18,  19,  20,
     21,  22,  23,  24,  27,  29,  32,  33,  34,  35,  36,  37,  38,  39,  40,  41,
     42,  43,  44,  45,  46,  47,  48,  49,  50,  51,  52,  53,  54,  55,  56,  57,
     59,  62,  63,  64,  65,  66,  67,  68,  69,  70,  71,  72,  73,  74,  75,  76,
     77,  78,  79,  80,  81,  82,  83,  84,  85,  86,  87,   0,   1,   6,   7,   8,
     11,  12,  13,  14,  25,  26,  30,  32,  33,  34,  35,  36,  37,  38,  39,  40,
     41,  42,  43,  44,  45,  46,  47,  48,  49,  50,  51,  52,  53,  54,  56,  57,
     59,  62,  63,  64,  65,  66,  67,  68,  69,  70,  71,  72,  73,  74,  75,  76,
     77,  78,  79,  80,  81,  82,  83,  84,  85,  86,  87,  89,  91,  98, 103, 104,
    106, 108, 109, 174, 175, 176, 179, 189, 190,   1,   6,   8,   9,  12,  16,  17,
     18,  19,  20,  22,  23,  32,  33,  34,  35,  36,  37,  38,  39,  40,  41,  42,
     43,  44,  45,  46,  47,  48,  49,  50,  51,  52,  53,  54,  55,  56,  57,  59,
     61,  62,  63,  64,  65,  66,  67,  68,  69,  70,  71,  72,  73,  74,  75,  76,
     77,  78,  79,  80,  81,  82,  83,  84,  85,  86,  87,  98, 108, 176, 177, 179,
    180, 189, 190,   1,   2,   3,   5,   6,   7,   8,   9,  10,  11,  12,  13,  14,
     15,  17,  18,  19,  20,  21,  22,  24,  27,  28,  29,  30,  31,  32,  33,  34,
     35,  36,  38,  39,  40,  41,  42,  43,  44,  45,  46,  47,  48,  49,  51,  52,
     53,  54,  55,  56,  57,  58,  59,  60,  61,  62,  63,  64,  65,  66,  67,  68,
     69,  70,  71,  72,  73,  74,  75,  76,  77,  78,  79,  80,  81,  82,  83,  84,
     85,  86,  87,  89,  90,  97,  98,  99, 100, 102, 103, 104, 106, 107, 108, 110,
    111, 112, 113, 114, 115, 116, 117, 118, 119, 120, 121, 122, 123, 124, 125, 126,
    127, 128, 129, 130, 131, 132, 133, 134, 135, 136, 137, 138, 139, 140, 141, 142,
    143, 144, 146, 147, 149, 150, 151, 154, 155, 156, 157, 158, 159, 160, 161, 162,
    164, 165, 167, 168, 169, 170, 171, 173, 174, 175, 176, 177, 179, 180, 182, 183,
    184, 185, 189, 190, 191,   0,   1,   2,   3,   5,   6,   8,   9,  10,  11,  12,
     13,  14,  15,  16,  17,  18,  19,  20,  21,  22,  23,  25,  26,  27,  28,  29,
     30,  31,  33,  34,  35,  36,  37,  38,  39,  40,  41,  42,  43,  45,  46,  47,
     48,  49,  50,  51,  53,  54,  55,  56,  57,  58,  59,  60,  61,  62,  63,  64,
     65,  66,  67,  68,  69,  70,  71,  72,  73,  74,  75,  76,  77,  78,  79,  80,
     81,  83,  84,  85,  86,  87,  89,  90,  98,  99, 100, 103, 104, 106, 107, 108,
    116, 117, 118, 119, 120, 121, 122, 123, 124, 125, 126, 127, 128, 129, 130, 131,
    132, 133, 134, 139, 140, 141, 142, 143, 144, 145, 146, 147, 148, 149, 150, 151,
    152, 153, 154, 155, 156, 157, 160, 161, 162, 163, 164, 166, 171, 173, 174, 175,
    177, 180, 182, 183, 184, 185, 189, 190, 191,   0,   1,   2,   3,   5,   6,   7,
      8,   9,  10,  11,  12,  13,  14,  15,  18,  19,  20,  21,  24,  25,  26,  27,
     28,  29,  30,  31,  32,  33,  34,  35,  36,  37,  38,  39,  40,  41,  42,  43,
     44,  45,  46,  47,  48,  49,  50,  51,  53,  54,  55,  56,  59,  60,  61,  63,
     64,  65,  66,  67,  68,  69,  70,  71,  72,  73,  74,  75,  76,  77,  78,  79,
     80,  81,  82,  83,  84,  85,  86,  87,  89,  90,  97,  98, 100, 102, 103, 104,
    106, 107, 108, 110, 111, 112, 113, 114, 115, 116, 117, 118, 119, 120, 121, 122,
    123, 124, 125, 126, 127, 128, 129, 130, 131, 132, 133, 134, 139, 140, 142, 144,
    145, 146, 147, 150, 151, 152, 153, 154, 155, 156, 159, 160, 161, 162, 163, 164,
    166, 167, 168, 169, 170, 171, 174, 175, 176, 177, 179, 180, 182, 184, 185, 189,
    190, 191,   1,   2,   3,   5,   6,   7,   8,  10,  11,  12,  13,  14,  15,  16,
     17,  18,  20,  21,  22,  24,  25,  27,  28,  29,  30,  31,  32,  33,  34,  35,
     36,  37,  38,  39,  40,  41,  42,  43,  44,  45,  46,  47,  48,  49,  50,  51,
     52,  53,  55,  56,  57,  58,  59,  60,  61,  62,  63,  64,  65,  66,  68,  69,
     72,  73,  74,  75,  76,  77,  78,  80,  81,  82,  83,  84,  86,  87,  89,  90,
     97,  98,  99, 100, 102, 104, 106, 108, 110, 111, 112, 113, 114, 115, 116, 117,
    118, 119, 120, 121, 122, 123, 124, 125, 126, 127, 128, 129, 130, 131, 132, 133,
    134, 135, 136, 137, 138, 139, 140, 142, 143, 144, 145, 146, 147, 149, 150, 151,
    152, 153, 156, 157, 159, 160, 161, 162, 163, 164, 166, 167, 168, 169, 170, 171,
    173, 174, 175, 176, 177, 179, 180, 182, 184, 185, 189, 190, 191,   1,   2,   3,
      5,   6,   7,   8,   9,  10,  12,  13,  14,  16,  17,  18,  20,  22,  23,  24,
     25,  26,  27,  28,  29,  30,  31,  32,  37,  38,  41,  44,  45,  46,  48,  50,
     51,  53,  54,  55,  57,  58,  59,  60,  61,  62,  63,  64,  65,  66,  68,  70,
     71,  72,  73,  74,  75,  76,  77,  78,  80,  81,  82,  83,  84,  85,  86,  89,
     90,  98,  99, 100, 103, 104, 106, 107, 108, 110, 111, 112, 113, 114, 115, 116,
    127, 128, 129, 130, 131, 132, 133, 134, 141, 142, 143, 145, 146, 149, 150, 151,
    152, 153, 154, 155, 156, 157, 159, 160, 161, 162, 164, 167, 168, 169, 170, 171,
    172, 173, 174, 175, 177, 180, 182, 184, 185, 189, 190, 191,   0,   2,   3,   5,
      7,   8,  10,  11,  12,  13,  14,  15,  16,  18,  19,  20,  21,  22,  23,  25,
     26,  27,  28,  29,  30,  31,  32,  33,  34,  35,  36,  37,  38,  39,  40,  41,
     42,  43,  44,  45,  46,  47,  48,  49,  50,  51,  52,  53,  54,  55,  56,  57,
     58,  59,  60,  61,  62,  63,  64,  65,  66,  67,  68,  70,  71,  74,  75,  76,
     77,  78,  79,  80,  81,  82,  85,  86,  87,  89,  90,  97,  98, 100, 103, 104,
    106, 107, 108, 110, 111, 112, 113, 114, 115, 116, 117, 118, 119, 120, 121, 122,
    123, 124, 125, 126, 127, 128, 129, 130, 131, 132, 133, 134, 135, 136, 137, 138,
    139, 140, 142, 143, 144, 145, 146, 147, 148, 150, 151, 152, 153, 154, 155, 156,
    157, 160, 161, 162, 163, 164, 166, 167, 168, 169, 170, 171, 173, 174, 175, 176,
    177, 179, 180, 182, 184, 185, 189, 190, 191,   1,   2,   3,   5,   6,   7,   8,
      9,  10,  11,  12,  13,  14,  15,  16,  17,  18,  20,  21,  22,  25,  26,  27,
     28,  29,  30,  31,  32,  33,  34,  35,  36,  37,  38,  39,  40,  41,  42,  43,
     45,  46,  47,  48,  49,  50,  51,  52,  55,  56,  57,  58,  59,  60,  61,  63,
     64,  65,  66,  67,  69,  70,  71,  73,  74,  75,  76,  77,  78,  79,  80,  83,
     84,  85,  86,  87,  89,  90,  98,  99, 100, 103, 104, 106, 108, 110, 111, 112,
    113, 114, 115, 116, 117, 118, 119, 120, 121, 122, 123, 124, 125, 127, 128, 129,
    130, 131, 132, 133, 134, 135, 136, 137, 138, 139, 140, 150, 151, 152, 153, 154,
    155, 156, 157, 160, 161, 162, 163, 164, 166, 171, 173, 174, 175, 177, 180, 182,
    183, 184, 189, 190, 191,   0,   1,   2,   5,   6,   7,   8,   9,  10,  11,  12,
     13,  14,  15,  16,  18,  19,  20,  21,  22,  23,  24,  25,  26,  27,  28,  29,
     30,  31,  32,  34,  37,  38,  41,  45,  46,  48,  50,  52,  53,  54,  55,  56,
     57,  59,  60,  61,  62,  63,  64,  65,  66,  67,  68,  70,  71,  73,  74,  75,
     76,  77,  78,  79,  80,  81,  82,  83,  84,  85,  86,  87,  89,  90,  98,  99,
    100, 102, 103, 104, 106, 107, 108, 110, 111, 112, 113, 114, 115, 116, 117, 127,
    128, 129, 130, 131, 132, 133, 134, 135, 136, 137, 138, 139, 142, 143, 144, 145,
    146, 147, 148, 149, 150, 151, 152, 153, 155, 156, 157, 159, 160, 161, 162, 163,
    164, 166, 167, 168, 169, 170, 171, 173, 174, 175, 177, 180, 182, 183, 184, 185,
    189, 190, 191,   0,   1,   2,   3,   5,   6,   7,   8,   9,  10,  11,  12,  13,
     14,  15,  16,  18,  19,  20,  21,  22,  23,  24,  25,  26,  27,  28,  29,  30,
     31,  32,  33,  34,  35,  37,  38,  41,  45,  46,  47,  48,  50,  51,  52,  53,
     54,  55,  56,  57,  58,  59,  60,  61,  62,  64,  65,  66,  67,  68,  70,  71,
     73,  74,  75,  76,  77,  78,  79,  80,  81,  82,  83,  84,  85,  86,  87,  89,
     90,  97,  98,  99, 100, 103, 104, 106, 107, 108, 110, 111, 112, 113, 114, 115,
    116, 117, 127, 128, 129, 130, 131, 132, 133, 134, 135, 136, 137, 138, 139, 141,
    142, 143, 144, 146, 148, 149, 150, 151, 152, 153, 155, 156, 158, 159, 160, 161,
    162, 163, 164, 166, 167, 168, 170, 171, 172, 174, 175, 176, 177, 179, 180, 182,
    183, 184, 185, 189, 190, 191,   0,   1,   2,   3,   5,   6,   7,   8,   9,  10,
     11,  12,  13,  14,  15,  16,  17,  18,  19,  20,  21,  22,  23,  24,  25,  26,
     27,  28,  29,  30,  31,  32,  33,  34,  35,  36,  37,  38,  39,  40,  41,  42,
     43,  44,  45,  46,  47,  48,  49,  50,  51,  52,  53,  54,  56,  57,  58,  59,
     60,  61,  62,  63,  64,  65,  66,  67,  68,  69,  70,  71,  72,  73,  74,  75,
     76,  77,  78,  79,  80,  81,  82,  83,  84,  85,  86,  87,  89,  90,  98, 100,
    103, 104, 106, 108, 110, 111, 112, 113, 114, 115, 116, 117, 118, 119, 120, 121,
    122, 123, 124, 125, 126, 127, 128, 129, 130, 131, 132, 134, 135, 136, 137, 138,
    139, 141, 142, 143, 144, 145, 146, 147, 148, 150, 151, 152, 153, 154, 155, 157,
    159, 160, 161, 162, 163, 164, 166, 167, 168, 169, 170, 171, 174, 175, 176, 177,
    179, 180, 182, 184, 185, 189, 190, 191,   0,   1,   2,   3,   5,   6,   7,   8,
      9,  10,  12,  13,  14,  15,  16,  17,  18,  19,  20,  21,  22,  24,  25,  27,
     28,  29,  30,  31,  32,  33,  34,  35,  36,  37,  38,  39,  40,  42,  43,  44,
     45,  46,  47,  48,  49,  50,  51,  52,  53,  54,  55,  56,  57,  59,  60,  61,
     62,  63,  64,  65,  66,  68,  69,  71,  72,  73,  74,  75,  76,  77,  78,  79,
     80,  81,  82,  83,  84,  85,  86,  87,  89,  90,  98,  99, 100, 103, 104, 106,
    110, 111, 112, 113, 114, 115, 116, 117, 118, 119, 120, 121, 122, 123, 124, 125,
    126, 127, 128, 129, 130, 131, 132, 133, 134, 135, 136, 137, 138, 139, 140, 143,
    144, 145, 146, 148, 149, 150, 151, 152, 153, 154, 156, 159, 160, 161, 162, 163,
    164, 165, 166, 167, 168, 169, 170, 171, 173, 174, 175, 177, 180, 182, 184, 185,
    189, 190, 191,   0,   1,   2,   3,   5,   6,   7,   8,   9,  10,  12,  14,  15,
     16,  17,  18,  19,  20,  21,  22,  23,  24,  25,  26,  27,  28,  29,  30,  31,
     32,  33,  34,  35,  36,  37,  38,  39,  40,  41,  42,  43,  44,  45,  46,  47,
     48,  49,  50,  51,  52,  53,  54,  56,  57,  58,  59,  60,  61,  62,  63,  64,
     65,  66,  67,  68,  69,  70,  71,  72,  74,  75,  76,  77,  78,  79,  81,  82,
     83,  84,  85,  86,  89,  90,  97,  99, 100, 103, 104, 106, 107, 110, 111, 112,
    113, 114, 115, 116, 117, 118, 119, 120, 121, 122, 123, 124, 125, 126, 127, 128,
    129, 130, 131, 132, 133, 134, 135, 136, 137, 138, 139, 140, 142, 143, 144, 145,
    146, 147, 148, 150, 151, 152, 153, 154, 155, 156, 157, 159, 160, 161, 162, 163,
    164, 166, 167, 168, 169, 170, 171, 173, 174, 175, 176, 177, 179, 180, 182, 184,
    185, 190, 191,   1,   2,   3,   5,   6,   7,   8,   9,  10,  12,  13,  14,  15,
     16,  17,  18,  19,  20,  21,  22,  24,  25,  27,  28,  29,  30,  31,  32,  34,
     38,  41,  44,  45,  46,  48,  50,  51,  52,  54,  55,  56,  57,  58,  59,  60,
     61,  64,  65,  66,  67,  68,  70,  71,  72,  73,  74,  75,  76,  77,  78,  79,
     80,  81,  82,  83,  84,  85,  86,  89,  90,  97,  98,  99, 100, 102, 103, 104,
    106, 107, 110, 111, 112, 113, 114, 115, 116, 117, 127, 128, 129, 130, 131, 132,
    133, 134, 135, 136, 137, 138, 139, 144, 145, 146, 149, 150, 151, 152, 153, 155,
    156, 157, 159, 160, 161, 162, 163, 164, 166, 167, 168, 169, 170, 171, 173, 174,
    175, 176, 177, 179, 180, 182, 184, 185, 189, 191,   0,   1,   2,   3,   5,   6,
      7,   8,  10,  11,  12,  13,  14,  15,  16,  19,  20,  21,  22,  23,  25,  26,
     27,  28,  29,  30,  31,  32,  33,  34,  36,  37,  39,  41,  42,  43,  44,  45,
     50,  51,  52,  53,  54,  55,  56,  57,  59,  60,  61,  62,  63,  64,  65,  66,
     67,  68,  70,  71,  73,  74,  75,  76,  77,  78,  79,  80,  81,  82,  83,  84,
     85,  86,  87,  89,  90,  97,  98,  99, 100, 101, 102, 103, 104, 106, 108, 110,
    111, 112, 113, 114, 115, 117, 118, 119, 120, 121, 126, 127, 133, 135, 136, 137,
    138, 139, 140, 142, 143, 144, 145, 146, 147, 148, 149, 150, 151, 152, 153, 154,
    155, 156, 157, 159, 160, 161, 162, 163, 164, 165, 166, 167, 168, 169, 170, 171,
    174, 175, 176, 179, 182, 184, 185, 189, 190, 191,   1,   2,   3,   5,   6,   7,
      8,  10,  11,  12,  13,  14,  15,  16,  17,  18,  21,  22,  23,  24,  27,  28,
     29,  30,  31,  32,  33,  34,  35,  36,  37,  38,  39,  40,  41,  42,  43,  44,
     45,  46,  47,  48,  49,  50,  51,  52,  53,  55,  56,  57,  58,  59,  60,  61,
     63,  64,  65,  66,  68,  69,  71,  72,  73,  74,  75,  76,  77,  78,  80,  81,
     82,  83,  84,  86,  87,  89,  90,  98,  99, 100, 104, 106, 107, 108, 110, 111,
    112, 113, 114, 115, 116, 117, 118, 119, 120, 121, 122, 123, 124, 125, 126, 127,
    128, 129, 130, 131, 132, 133, 134, 135, 136, 137, 138, 139, 140, 141, 149, 150,
    151, 152, 153, 156, 157, 158, 159, 160, 161, 162, 163, 164, 166, 167, 168, 169,
    170, 171, 172, 173, 174, 175, 176, 177, 179, 180, 182, 184, 185, 189, 190, 191,
      1,   2,   3,   5,   6,   7,   8,   9,  10,  11,  12,  13,  14,  15,  16,  18,
     19,  22,  24,  25,  27,  28,  29,  30,  31,  32,  33,  34,  35,  36,  37,  38,
     39,  40,  41,  42,  43,  44,  45,  46,  47,  48,  49,  50,  51,  52,  53,  54,
     55,  56,  57,  59,  60,  61,  62,  64,  65,  66,  68,  69,  72,  73,  74,  75,
     76,  77,  78,  80,  81,  82,  83,  84,  86,  87,  89,  90,  98,  99, 100, 102,
    103, 104, 106, 107, 110, 111, 112, 113, 114, 115, 116, 117, 118, 119, 120, 121,
    122, 123, 124, 125, 126, 127, 128, 129, 130, 131, 132, 133, 134, 135, 136, 137,
    138, 139, 140, 142, 143, 144, 145, 146, 147, 148, 149, 150, 151, 152, 153, 156,
    157, 159, 160, 161, 162, 163, 164, 166, 167, 168, 169, 170, 171, 173, 174, 175,
    176, 177, 179, 180, 182, 184, 185, 189, 190, 191,   1,   2,   3,   5,   6,   7,
      8,  10,  11,  12,  13,  14,  15,  16,  17,  18,  20,  21,  22,  23,  24,  26,
     27,  28,  29,  30,  31,  32,  33,  34,  35,  36,  37,  38,  39,  40,  41,  42,
     43,  44,  45,  46,  47,  48,  49,  50,  51,  52,  53,  55,  56,  57,  58,  60,
     61,  62,  63,  64,  65,  66,  67,  68,  69,  70,  71,  74,  75,  76,  77,  78,
     79,  80,  81,  82,  83,  84,  86,  87,  89,  90,  98, 100, 102, 104, 106, 108,
    110, 111, 112, 113, 114, 115, 116, 117, 118, 119, 120, 121, 122, 123, 124, 125,
    127, 128, 129, 130, 132, 133, 135, 136, 137, 138, 139, 140, 142, 143, 144, 146,
    149, 150, 151, 152, 153, 154, 155, 156, 157, 159, 161, 162, 164, 167, 168, 169,
    170, 172, 174, 175, 176, 177, 179, 180, 182, 184, 185, 189,   1,   2,   3,   5,
      6,   7,   8,   9,  10,  11,  12,  13,  14,  15,  16,  17,  18,  19,  20,  21,
     22,  24,  27,  28,  29,  30,  31,  32,  33,  34,  35,  36,  37,  38,  39,  40,
     41,  42,  43,  44,  45,  46,  47,  48,  49,  50,  51,  52,  53,  54,  55,  56,
     57,  58,  59,  60,  61,  62,  63,  64,  65,  66,  68,  71,  72,  73,  76,  77,
     78,  81,  82,  83,  84,  85,  86,  87,  89,  90,  97,  98,  99, 100, 103, 104,
    106, 107, 110, 111, 112, 113, 114, 115, 116, 117, 118, 119, 120, 121, 122, 123,
    124, 125, 126, 127, 128, 129, 130, 131, 132, 133, 134, 135, 136, 137, 138, 139,
    140, 142, 143, 144, 145, 146, 147, 148, 150, 151, 152, 153, 156, 157, 158, 160,
    161, 162, 163, 164, 165, 166, 167, 168, 169, 170, 171, 172, 173, 174, 175, 176,
    177, 179, 180, 182, 184, 185, 189, 191,   0,   1,   2,   3,   5,   6,   7,   8,
      9,  10,  11,  12,  13,  14,  15,  16,  17,  18,  19,  20,  21,  22,  23,  24,
     25,  26,  27,  28,  29,  30,  31,  32,  33,  34,  35,  36,  37,  38,  39,  40,
     41,  42,  43,  44,  45,  46,  47,  48,  49,  50,  51,  52,  53,  55,  56,  57,
     58,  59,  60,  61,  62,  64,  65,  66,  67,  68,  69,  70,  71,  72,  73,  74,
     75,  76,  77,  78,  79,  80,  81,  82,  83,  84,  85,  86,  87,  89,  90,  97,
     98,  99, 100, 102, 103, 104, 106, 108, 110, 111, 112, 113, 114, 115, 116, 117,
    118, 119, 120, 121, 122, 123, 124, 125, 126, 127, 128, 129, 130, 131, 132, 133,
    134, 135, 136, 137, 138, 139, 140, 142, 143, 144, 145, 146, 147, 148, 149, 150,
    151, 152, 153, 154, 155, 156, 157, 159, 160, 161, 162, 163, 164, 166, 167, 168,
    169, 170, 171, 173, 174, 175, 177, 180, 182, 184, 185, 189, 190, 191,   1,   2,
      3,   5,   6,   7,   8,   9,  10,  11,  12,  13,  14,  15,  19,  20,  21,  22,
     24,  25,  26,  27,  28,  29,  30,  31,  32,  33,  34,  35,  36,  37,  38,  40,
     41,  42,  43,  44,  45,  47,  51,  52,  53,  54,  55,  56,  57,  58,  59,  60,
     61,  62,  63,  64,  65,  66,  68,  70,  73,  74,  75,  76,  77,  78,  79,  80,
     81,  83,  84,  86,  87,  89,  90,  97,  98,  99, 100, 102, 103, 104, 106, 107,
    110, 111, 112, 113, 114, 115, 116, 117, 118, 119, 120, 121, 122, 123, 124, 125,
    127, 133, 135, 136, 137, 138, 139, 140, 142, 143, 144, 145, 146, 147, 148, 149,
    150, 151, 152, 153, 154, 155, 156, 157, 160, 161, 162, 163, 164, 165, 166, 171,
    174, 175, 176, 177, 179, 180, 182, 184, 185, 189, 190, 191,   0,   1,   2,   3,
      5,   6,   7,   8,  10,  11,  12,  13,  14,  15,  16,  17,  18,  19,  20,  21,
     22,  25,  26,  27,  28,  29,  30,  31,  32,  34,  35,  38,  41,  44,  45,  46,
     47,  48,  49,  50,  51,  52,  53,  54,  55,  56,  57,  58,  59,  60,  61,  62,
     63,  64,  65,  66,  67,  68,  70,  71,  72,  73,  74,  75,  76,  77,  78,  79,
     80,  81,  82,  83,  84,  85,  86,  87,  89,  90,  97,  98,  99, 100, 103, 104,
    106, 108, 110, 111, 112, 113, 114, 115, 116, 117, 127, 128, 129, 130, 131, 132,
    133, 134, 135, 136, 137, 138, 139, 141, 142, 143, 144, 146, 147, 148, 149, 150,
    151, 155, 158, 159, 160, 161, 166, 170, 171, 174, 175, 176, 179, 182, 184, 185,
    189, 190, 191,   0,   1,   2,   3,   5,   6,   7,   8,   9,  10,  11,  12,  13,
     14,  15,  17,  18,  19,  20,  21,  22,  23,  25,  26,  27,  28,  29,  30,  31,
     32,  33,  34,  35,  36,  37,  38,  39,  40,  41,  42,  43,  45,  46,  47,  48,
     49,  50,  51,  52,  53,  54,  55,  56,  57,  58,  59,  60,  61,  62,  63,  64,
     65,  66,  67,  68,  69,  70,  71,  72,  73,  74,  75,  76,  77,  78,  79,  80,
     81,  82,  83,  84,  85,  86,  87,  89,  90,  97,  98, 100, 103, 104, 106, 107,
    108, 110, 111, 112, 113, 114, 115, 116, 117, 118, 119, 120, 121, 122, 123, 124,
    125, 126, 127, 128, 129, 130, 131, 132, 133, 134, 135, 136, 137, 138, 139, 140,
    142, 143, 144, 145, 146, 147, 148, 149, 150, 151, 152, 153, 154, 155, 156, 157,
    160, 161, 162, 163, 164, 166, 167, 168, 169, 170, 171, 173, 174, 175, 176, 177,
    179, 180, 182, 184, 185, 189, 190,   0,   1,   2,   3,   5,   6,   7,   8,   9,
     10,  11,  12,  13,  14,  15,  17,  18,  19,  20,  21,  22,  23,  25,  26,  27,
     28,  29,  30,  31,  32,  33,  34,  35,  36,  37,  38,  39,  40,  41,  42,  43,
     44,  45,  46,  47,  48,  49,  50,  51,  52,  53,  54,  55,  56,  58,  59,  60,
     61,  62,  63,  64,  65,  66,  67,  68,  69,  70,  71,  72,  73,  74,  75,  76,
     77,  78,  79,  80,  81,  82,  83,  84,  85,  86,  87,  89,  90,  98,  99, 100,
    102, 103, 104, 106, 108, 110, 111, 112, 113, 114, 115, 116, 117, 118, 119, 120,
    121, 122, 123, 124, 125, 127, 128, 129, 130, 131, 132, 134, 135, 136, 137, 138,
    139, 140, 142, 143, 144, 145, 146, 147, 148, 150, 151, 152, 153, 154, 155, 156,
    157, 160, 161, 162, 163, 164, 166, 167, 168, 169, 170, 171, 173, 174, 175, 176,
    177, 179, 180, 182, 184, 185, 189, 190,   0,   1,   2,   3,   5,   6,   7,   8,
      9,  10,  12,  13,  14,  15,  16,  17,  18,  19,  20,  21,  22,  23,  24,  25,
     26,  27,  28,  29,  30,  31,  32,  33,  34,  35,  36,  37,  38,  39,  40,  41,
     42,  43,  44,  45,  46,  47,  48,  49,  50,  52,  53,  54,  55,  56,  57,  59,
     60,  61,  62,  63,  64,  65,  66,  67,  68,  69,  70,  71,  72,  73,  74,  75,
     76,  77,  78,  79,  80,  81,  82,  83,  84,  85,  86,  89,  90,  97,  98,  99,
    100, 103, 104, 106, 107, 108, 110, 111, 112, 113, 114, 115, 116, 117, 118, 119,
    120, 121, 122, 123, 124, 125, 126, 127, 128, 129, 130, 131, 132, 133, 134, 135,
    136, 137, 138, 139, 140, 142, 143, 144, 145, 146, 150, 151, 152, 153, 155, 156,
    157, 159, 160, 161, 162, 164, 167, 168, 169, 170, 174, 175, 176, 177, 179, 180,
    182, 184, 185, 189, 191,   0,   1,   2,   3,   5,   6,   7,   8,   9,  10,  11,
     12,  13,  14,  15,  17,  18,  19,  20,  21,  22,  23,  24,  25,  26,  27,  28,
     29,  30,  31,  32,  33,  34,  35,  36,  37,  38,  39,  40,  41,  42,  43,  44,
     45,  46,  47,  48,  49,  50,  51,  52,  53,  54,  55,  56,  57,  58,  59,  60,
     61,  62,  63,  64,  65,  66,  67,  68,  69,  70,  71,  72,  73,  74,  75,  76,
     77,  78,  79,  80,  81,  82,  83,  84,  85,  86,  87,  89,  90,  98,  99, 100,
    103, 104, 106, 108, 110, 111, 112, 113, 114, 115, 116, 117, 118, 119, 120, 121,
    122, 123, 124, 125, 126, 127, 128, 129, 130, 131, 132, 133, 134, 135, 136, 137,
    138, 139, 140, 142, 143, 144, 146, 147, 149, 150, 151, 152, 153, 155, 156, 158,
    159, 160, 161, 162, 164, 166, 167, 168, 169, 170, 171, 174, 175, 176, 177, 179,
    180, 182, 184, 185, 189, 190, 191,   0,   1,   2,   3,   6,   7,   8,   9,  10,
     12,  14,  15,  16,  17,  18,  20,  22,  23,  24,  25,  26,  27,  28,  29,  30,
     31,  32,  34,  36,  38,  39,  40,  41,  44,  45,  46,  48,  50,  52,  53,  54,
     55,  56,  57,  58,  59,  60,  61,  62,  63,  67,  68,  69,  70,  71,  72,  73,
     74,  75,  77,  79,  80,  81,  82,  83,  84,  85,  86,  87,  89,  90,  98,  99,
    100, 102, 103, 104, 106, 108, 110, 111, 112, 113, 114, 115, 116, 117, 118, 119,
    120, 121, 122, 123, 124, 125, 127, 128, 129, 130, 131, 132, 134, 135, 136, 137,
    138, 139, 142, 143, 144, 145, 146, 147, 148, 155, 156, 165, 167, 168, 169, 170,
    171, 173, 174, 175, 176, 177, 179, 180, 182, 184, 185, 189, 190, 191,   0,   1,
      2,   3,   4,   5,   6,   7,   9,  10,  11,  12,  13,  14,  15,  16,  17,  18,
     19,  20,  21,  22,  23,  24,  25,  26,  27,  28,  30,  31,  32,  33,  34,  35,
     36,  37,  38,  39,  40,  41,  42,  43,  44,  45,  46,  47,  48,  49,  50,  51,
     52,  53,  54,  55,  56,  57,  58,  59,  60,  61,  62,  63,  64,  65,  66,  67,
     68,  69,  70,  71,  72,  73,  74,  75,  76,  77,  78,  79,  80,  81,  82,  83,
     84,  85,  86,  87,  88,  90,  91,  98, 101, 102, 103, 104, 106, 108, 109, 110,
    111, 112, 113, 114, 115, 116, 117, 118, 119, 120, 121, 122, 123, 124, 126, 127,
    128, 129, 130, 131, 132, 134, 135, 136, 137, 138, 139, 140, 141, 142, 143, 144,
    145, 146, 147, 148, 149, 150, 151, 152, 153, 154, 155, 156, 158, 159, 160, 161,
    162, 163, 164, 166, 167, 168, 169, 170, 171, 172, 174, 175, 176, 177, 179, 180,
    181, 184, 189, 190, 191, 199,   1,   6,   8,   9,  15,  16,  17,  18,  19,  20,
     21,  22,  23,  24,  32,  33,  34,  35,  36,  37,  38,  39,  40,  42,  43,  44,
     45,  46,  47,  48,  49,  50,  51,  52,  53,  54,  55,  56,  57,  58,  59,  61,
     62,  63,  64,  65,  66,  67,  68,  69,  70,  72,  73,  74,  75,  76,  77,  78,
     79,  80,  81,  82,  83,  84,  85,  86,  87,  98, 108, 176, 177, 179, 180, 189,
    190,   0,   1,   6,   7,   8,   9,  11,  12,  13,  14,  15,  16,  17,  18,  19,
     20,  21,  22,  23,  24,  26,  30,  32,  33,  34,  35,  36,  37,  38,  39,  40,
     41,  42,  43,  44,  45,  46,  47,  48,  49,  50,  51,  52,  53,  54,  55,  56,
     57,  59,  62,  63,  64,  65,  66,  67,  68,  69,  70,  71,  72,  73,  74,  75,
     76,  77,  78,  79,  80,  81,  82,  83,  84,  85,  86,  87, 108, 177, 180, 190,
      1,   6,   7,   8,   9,  11,  13,  14,  15,  16,  17,  18,  19,  20,  21,  22,
     23,  24,  25,  26,  32,  33,  34,  35,  36,  37,  38,  39,  40,  41,  42,  43,
     44,  45,  46,  47,  48,  49,  50,  51,  52,  53,  54,  55,  56,  57,  59,  61,
     62,  63,  64,  65,  66,  67,  68,  69,  70,  71,  72,  73,  74,  75,  76,  77,
     78,  79,  80,  81,  82,  83,  84,  85,  86,  87, 114, 121, 127, 129, 132, 141,
    146, 161, 164, 180,   0,   1,   2,   3,   5,   6,   7,   8,   9,  10,  12,  13,
     14,  16,  18,  19,  20,  22,  23,  24,  25,  26,  27,  28,  29,  30,  31,  32,
     33,  34,  35,  36,  37,  38,  39,  40,  41,  42,  43,  44,  45,  47,  49,  50,
     51,  52,  53,  54,  56,  58,  59,  60,  61,  63,  65,  66,  67,  68,  69,  70,
     71,  72,  73,  74,  75,  77,  78,  79,  80,  81,  82,  83,  84,  85,  86,  89,
     90,  97,  98,  99, 100, 102, 103, 104, 106, 107, 108, 111, 112, 113, 114, 116,
    117, 118, 119, 123, 124, 125, 127, 133, 139, 141, 142, 143, 144, 145, 146, 147,
    148, 150, 151, 152, 153, 154, 155, 156, 157, 159, 165, 167, 168, 169, 170, 171,
    172, 173, 174, 175, 176, 177, 179, 180, 182, 183, 184, 185, 189, 190, 191,   0,
      1,   2,   3,   5,   6,   8,   9,  10,  11,  12,  13,  14,  15,  16,  17,  18,
     19,  20,  21,  22,  23,  25,  26,  27,  28,  29,  30,  31,  32,  33,  34,  35,
     36,  37,  38,  39,  40,  41,  42,  43,  44,  45,  46,  47,  48,  49,  50,  51,
     52,  53,  54,  55,  56,  57,  58,  59,  60,  61,  62,  63,  64,  65,  66,  67,
     69,  70,  71,  72,  73,  74,  75,  76,  77,  78,  79,  80,  83,  84,  85,  86,
     87,  89,  90,  98,  99, 100, 103, 104, 106, 108, 111, 118, 119, 133, 136, 137,
    141, 142, 143, 144, 145, 146, 147, 148, 149, 150, 151, 152, 153, 154, 155, 156,
    157, 158, 159, 160, 161, 162, 163, 164, 166, 171, 172, 173, 174, 175, 176, 177,
    179, 180, 182, 183, 184, 185, 189, 190,   0,   1,   2,   5,   6,   7,   8,   9,
     10,  11,  12,  13,  14,  15,  16,  17,  18,  19,  20,  21,  22,  23,  24,  27,
     28,  29,  30,  31,  32,  33,  34,  35,  36,  37,  38,  39,  40,  41,  42,  43,
     44,  45,  46,  47,  48,  49,  50,  51,  52,  53,  54,  55,  56,  57,  58,  59,
     60,  61,  62,  63,  64,  65,  66,  68,  69,  71,  72,  73,  76,  78,  81,  82,
     83,  84,  85,  86,  87,  89,  90,  98, 100, 103, 104, 106, 108, 115, 117, 119,
    120, 122, 124, 130, 133, 135, 136, 142, 143, 144, 145, 146, 147, 148, 149, 150,
    151, 152, 153, 158, 160, 161, 162, 163, 164, 166, 167, 168, 169, 170, 171, 172,
    173, 174, 175, 177, 180, 182, 184, 185, 189, 190, 191,   0,   1,   2,   3,   5,
      6,   7,   8,   9,  10,  12,  13,  14,  16,  18,  19,  20,  22,  25,  26,  27,
     28,  29,  30,  31,  32,  33,  34,  35,  36,  37,  38,  39,  40,  41,  42,  43,
     44,  45,  47,  49,  50,  52,  53,  55,  57,  58,  59,  60,  61,  62,  63,  64,
     65,  66,  67,  68,  69,  70,  71,  72,  73,  74,  75,  76,  77,  78,  79,  80,
     81,  82,  83,  84,  85,  86,  89,  90,  98,  99, 100, 103, 104, 106, 108, 111,
    114, 118, 119, 120, 121, 122, 123, 124, 133, 138, 140, 141, 142, 143, 144, 145,
    146, 147, 148, 149, 150, 151, 152, 153, 154, 155, 157, 159, 160, 161, 162, 163,
    164, 166, 167, 168, 169, 170, 171, 173, 174, 175, 176, 177, 179, 180, 182, 184,
    185, 189, 190, 191,   0,   1,   2,   3,   5,   6,   7,   8,   9,  10,  11,  12,
     13,  14,  15,  16,  17,  18,  19,  20,  21,  22,  23,  24,  27,  28,  29,  30,
     31,  32,  33,  34,  35,  36,  37,  38,  39,  40,  41,  42,  43,  44,  45,  46,
     47,  48,  49,  50,  51,  52,  53,  54,  55,  56,  57,  58,  59,  60,  61,  62,
     63,  64,  65,  66,  67,  69,  70,  71,  72,  73,  74,  75,  76,  77,  78,  79,
     80,  84,  85,  86,  87,  89,  90,  98,  99, 100, 103, 104, 106, 108, 111, 112,
    115, 116, 117, 119, 120, 121, 122, 123, 124, 125, 127, 129, 138, 139, 141, 142,
    143, 144, 145, 146, 147, 148, 149, 150, 151, 152, 153, 154, 155, 156, 157, 158,
    159, 160, 161, 162, 163, 164, 166, 171, 172, 173, 174, 175, 176, 177, 179, 180,
    182, 184, 185, 189, 190, 191,   0,   1,   2,   3,   5,   6,   7,   8,   9,  10,
     11,  12,  13,  14,  18,  19,  20,  21,  22,  24,  27,  28,  29,  30,  31,  33,
     35,  36,  37,  38,  39,  40,  41,  42,  43,  44,  45,  47,  49,  51,  52,  53,
     54,  55,  56,  57,  58,  59,  60,  61,  62,  63,  64,  65,  66,  67,  68,  69,
     70,  71,  72,  73,  74,  75,  76,  77,  78,  79,  80,  81,  83,  84,  85,  86,
     87,  89,  90,  97,  98, 100, 103, 104, 106, 108, 118, 120, 142, 143, 144, 145,
    146, 147, 148, 149, 150, 151, 152, 153, 154, 155, 156, 157, 158, 159, 160, 161,
    162, 163, 164, 166, 167, 169, 170, 171, 172, 174, 175, 176, 177, 179, 180, 182,
    184, 185, 189, 190, 191,   1,   2,   3,   5,   6,   7,   8,  10,  11,  12,  13,
     14,  16,  18,  19,  20,  21,  22,  24,  25,  26,  27,  28,  29,  30,  31,  32,
     33,  34,  35,  36,  37,  38,  39,  40,  41,  42,  43,  44,  45,  46,  47,  48,
     49,  51,  52,  53,  54,  55,  56,  57,  58,  59,  60,  62,  63,  64,  65,  66,
     67,  68,  69,  70,  71,  72,  73,  74,  75,  76,  77,  78,  79,  81,  82,  83,
     84,  85,  86,  89,  90,  98,  99, 100, 104, 106, 108, 114, 118, 119, 120, 123,
    124, 128, 132, 133, 138, 141, 142, 143, 144, 145, 146, 147, 149, 150, 151, 152,
    153, 154, 155, 156, 157, 158, 159, 160, 161, 162, 163, 164, 166, 167, 168, 169,
    170, 171, 173, 174, 175, 176, 177, 179, 180, 182, 184, 185, 189, 190, 191,   0,
      1,   2,   5,   6,   7,   8,   9,  10,  12,  13,  14,  15,  16,  17,  18,  19,
     20,  21,  22,  24,  25,  26,  27,  28,  29,  30,  31,  32,  33,  34,  35,  36,
     37,  39,  40,  41,  42,  43,  44,  45,  46,  47,  48,  49,  50,  51,  52,  53,
     54,  55,  56,  57,  58,  59,  60,  61,  63,  64,  67,  68,  69,  71,  72,  74,
     77,  81,  82,  83,  84,  85,  86,  89,  90,  98,  99, 100, 103, 104, 106, 108,
    111, 114, 118, 119, 120, 122, 123, 124, 127, 129, 133, 136, 141, 149, 158, 166,
    167, 168, 169, 170, 171, 172, 173, 174, 175, 176, 177, 179, 180, 182, 183, 184,
    185, 189, 190, 191,   0,   1,   2,   3,   5,   6,   7,   8,   9,  10,  12,  13,
     14,  15,  16,  18,  19,  20,  21,  22,  23,  24,  25,  26,  27,  28,  29,  30,
     31,  32,  33,  35,  36,  37,  38,  39,  40,  41,  42,  43,  44,  45,  46,  47,
     48,  49,  50,  51,  52,  53,  54,  56,  57,  58,  59,  60,  61,  62,  63,  64,
     65,  66,  67,  68,  69,  70,  71,  72,  74,  75,  76,  77,  78,  79,  81,  82,
     83,  84,  86,  89,  90,  98,  99, 100, 103, 104, 106, 107, 108, 110, 112, 115,
    118, 119, 122, 124, 127, 128, 129, 132, 133, 134, 141, 142, 143, 144, 145, 146,
    147, 148, 149, 150, 151, 152, 153, 154, 155, 156, 157, 158, 159, 160, 161, 162,
    163, 164, 166, 167, 168, 169, 170, 171, 172, 173, 174, 175, 176, 177, 179, 180,
    182, 183, 184, 185, 189, 190, 191,   0,   1,   2,   5,   6,   7,   8,   9,  10,
     11,  12,  13,  14,  15,  16,  17,  18,  19,  20,  21,  22,  23,  24,  25,  26,
     27,  28,  29,  30,  31,  32,  33,  34,  35,  36,  37,  38,  39,  40,  41,  42,
     43,  44,  45,  46,  47,  48,  49,  50,  51,  52,  53,  54,  55,  56,  57,  58,
     59,  60,  61,  62,  63,  64,  65,  66,  67,  68,  69,  70,  71,  72,  73,  74,
     75,  76,  77,  78,  79,  80,  81,  82,  83,  84,  85,  86,  87,  89,  90,  98,
    100, 103, 104, 106, 108, 111, 121, 124, 137, 141, 142, 143, 144, 145, 146, 147,
    148, 149, 150, 151, 152, 153, 154, 155, 156, 157, 158, 159, 160, 161, 162, 163,
    164, 166, 167, 168, 169, 170, 171, 174, 175, 176, 177, 179, 180, 182, 184, 185,
    189, 190,   1,   2,   3,   5,   6,   7,   8,   9,  10,  12,  13,  14,  15,  16,
     17,  19,  20,  21,  22,  25,  26,  27,  28,  29,  30,  31,  32,  33,  34,  35,
     36,  37,  38,  39,  40,  41,  42,  43,  44,  46,  47,  48,  49,  50,  51,  52,
     53,  54,  55,  56,  57,  58,  59,  60,  61,  62,  63,  64,  65,  66,  67,  68,
     69,  70,  71,  72,  73,  75,  76,  77,  78,  79,  81,  85,  87,  89,  90,  98,
     99, 100, 103, 104, 106, 117, 118, 119, 120, 121, 124, 128, 129, 133, 134, 137,
    138, 140, 141, 142, 143, 144, 145, 146, 147, 148, 149, 150, 151, 152, 153, 154,
    155, 156, 157, 158, 159, 160, 161, 162, 163, 164, 165, 166, 172, 174, 175, 177,
    180, 182, 184, 185, 189, 190, 191,   0,   1,   2,   3,   5,   6,   7,   8,   9,
     10,  12,  13,  14,  15,  16,  18,  19,  20,  21,  22,  24,  25,  26,  27,  28,
     29,  30,  31,  32,  33,  35,  36,  37,  38,  39,  40,  41,  42,  43,  44,  45,
     46,  47,  48,  49,  50,  51,  52,  53,  54,  55,  56,  58,  59,  60,  61,  62,
     63,  64,  66,  67,  68,  69,  70,  71,  74,  75,  76,  77,  81,  82,  83,  84,
     85,  86,  87,  89,  90,  98,  99, 100, 103, 104, 106, 107, 108, 110, 111, 112,
    113, 115, 118, 119, 120, 121, 122, 123, 124, 128, 129, 130, 131, 133, 134, 140,
    141, 142, 143, 144, 145, 146, 147, 149, 150, 151, 154, 155, 158, 159, 160, 161,
    162, 163, 164, 166, 167, 168, 169, 170, 171, 172, 173, 174, 175, 176, 177, 179,
    180, 182, 184, 185, 189, 190, 191,   0,   1,   2,   3,   5,   6,   7,   8,   9,
     10,  12,  13,  14,  15,  16,  17,  18,  19,  20,  21,  22,  24,  25,  26,  27,
     28,  29,  30,  31,  32,  33,  34,  35,  36,  37,  39,  40,  41,  42,  43,  44,
     45,  46,  47,  48,  49,  50,  51,  52,  53,  54,  55,  56,  57,  58,  59,  60,
     61,  63,  67,  68,  69,  71,  72,  73,  74,  77,  81,  82,  83,  84,  85,  86,
     89,  90,  97,  98,  99, 100, 102, 103, 104, 106, 107, 108, 111, 112, 114, 117,
    119, 122, 124, 128, 129, 133, 136, 137, 138, 141, 149, 158, 166, 167, 168, 169,
    170, 171, 172, 173, 174, 175, 176, 177, 179, 180, 182, 184, 185, 189, 190, 191,
      0,   1,   2,   3,   5,   6,   7,   8,   9,  10,  12,  13,  14,  15,  16,  17,
     18,  19,  20,  21,  22,  24,  25,  26,  27,  28,  29,  30,  31,  32,  33,  34,
     35,  36,  37,  39,  40,  41,  42,  43,  44,  45,  47,  49,  50,  51,  52,  53,
     54,  55,  56,  57,  58,  59,  60,  61,  63,  64,  65,  66,  67,  68,  69,  71,
     72,  73,  74,  76,  77,  78,  80,  81,  82,  83,  84,  85,  86,  87,  89,  90,
     97,  98,  99, 100, 101, 102, 103, 104, 106, 107, 108, 111, 114, 115, 117, 118,
    119, 120, 121, 122, 123, 124, 133, 136, 138, 141, 149, 150, 151, 152, 153, 160,
    161, 162, 163, 164, 165, 166, 167, 168, 169, 170, 171, 172, 173, 174, 175, 176,
    177, 179, 180, 182, 184, 185, 189, 190, 191,   0,   1,   2,   3,   5,   6,   7,
      8,   9,  10,  11,  12,  13,  14,  15,  16,  17,  18,  19,  20,  21,  22,  23,
     25,  26,  27,  28,  29,  30,  31,  32,  33,  34,  35,  36,  37,  38,  39,  40,
     41,  42,  43,  44,  45,  46,  47,  48,  49,  50,  51,  52,  53,  54,  55,  56,
     57,  58,  59,  60,  61,  62,  63,  64,  65,  66,  67,  68,  69,  70,  71,  72,
     73,  76,  77,  78,  83,  84,  85,  86,  87,  89,  90,  98,  99, 100, 103, 104,
    106, 107, 108, 112, 114, 117, 119, 124, 133, 136, 141, 142, 143, 144, 145, 146,
    147, 148, 149, 150, 151, 152, 153, 154, 155, 156, 157, 158, 160, 161, 162, 163,
    164, 166, 171, 172, 173, 174, 175, 176, 177, 179, 180, 182, 184, 189, 190, 191,
      0,   1,   2,   3,   5,   6,   8,   9,  10,  11,  12,  13,  14,  15,  16,  17,
     18,  19,  20,  21,  22,  23,  25,  26,  27,  28,  29,  30,  31,  32,  33,  34,
     35,  36,  37,  38,  39,  40,  41,  42,  43,  44,  45,  46,  47,  48,  49,  50,
     51,  52,  53,  54,  55,  56,  57,  58,  59,  60,  61,  62,  63,  64,  65,  66,
     67,  69,  70,  71,  72,  73,  74,  75,  76,  77,  78,  79,  80,  83,  84,  85,
     86,  87,  89,  90,  98,  99, 100, 102, 103, 104, 106, 108, 111, 112, 115, 117,
    119, 125, 129, 133, 141, 142, 143, 144, 145, 146, 147, 148, 149, 150, 151, 152,
    153, 154, 155, 156, 157, 158, 159, 160, 161, 162, 163, 164, 166, 171, 172, 173,
    174, 175, 176, 177, 179, 180, 182, 184, 189, 190, 191,   0,   1,   2,   5,   6,
      7,   8,   9,  10,  12,  13,  14,  16,  17,  18,  20,  22,  25,  26,  27,  28,
     29,  30,  31,  33,  34,  35,  36,  37,  38,  39,  40,  41,  42,  43,  44,  45,
     46,  47,  48,  49,  50,  51,  52,  53,  54,  55,  56,  57,  58,  59,  60,  61,
     63,  64,  65,  66,  67,  69,  70,  71,  72,  73,  74,  75,  76,  78,  79,  80,
     84,  85,  87,  89,  90,  98, 100, 102, 103, 104, 106, 108, 120, 121, 133, 148,
    149, 150, 151, 152, 153, 154, 155, 156, 157, 159, 160, 161, 162, 164, 174, 175,
    176, 177, 179, 180, 182, 184, 185, 189, 190,   0,   2,   3,   5,   7,   8,  10,
     11,  12,  13,  14,  15,  16,  17,  18,  19,  21,  22,  23,  24,  25,  26,  27,
     28,  29,  30,  31,  32,  33,  34,  35,  36,  37,  38,  39,  40,  41,  42,  43,
     44,  45,  46,  47,  48,  49,  50,  51,  52,  53,  54,  55,  56,  57,  58,  59,
     60,  61,  62,  63,  64,  65,  66,  68,  69,  71,  72,  73,  75,  76,  77,  78,
     79,  80,  81,  82,  83,  84,  85,  86,  89,  90,  97,  98,  99, 100, 104, 106,
    107, 110, 112, 113, 114, 117, 118, 119, 120, 123, 124, 129, 130, 131, 132, 133,
    137, 138, 139, 140, 141, 142, 143, 144, 145, 146, 147, 148, 149, 150, 151, 152,
    153, 158, 159, 160, 161, 162, 163, 164, 165, 166, 167, 168, 169, 170, 171, 172,
    173, 174, 175, 176, 177, 179, 180, 182, 184, 185, 189, 190, 191,   0,   1,   2,
      3,   5,   6,   7,   8,   9,  10,  11,  12,  14,  16,  17,  18,  20,  22,  24,
     25,  26,  27,  28,  29,  30,  31,  33,  34,  35,  36,  37,  39,  40,  41,  42,
     43,  44,  45,  47,  49,  50,  51,  52,  53,  54,  55,  56,  57,  58,  59,  60,
     61,  62,  63,  67,  68,  69,  70,  71,  72,  73,  74,  75,  77,  79,  80,  82,
     83,  84,  85,  86,  87,  89,  90,  98,  99, 100, 102, 103, 104, 106, 108, 118,
    120, 121, 123, 124, 133, 136, 138, 141, 142, 143, 144, 145, 146, 147, 148, 154,
    155, 156, 157, 159, 167, 168, 169, 170, 171, 172, 173, 174, 175, 176, 177, 179,
    180, 182, 184, 185, 189, 190, 191,   0,   1,   2,   3,   5,   6,   7,   8,   9,
     10,  11,  12,  13,  14,  16,  18,  19,  20,  21,  22,  23,  26,  27,  28,  29,
     30,  31,  32,  33,  35,  36,  37,  38,  39,  40,  41,  42,  43,  44,  45,  46,
     47,  48,  49,  50,  51,  52,  53,  54,  55,  56,  58,  59,  60,  61,  62,  63,
     64,  65,  66,  67,  68,  69,  70,  71,  72,  74,  75,  76,  77,  78,  79,  80,
     81,  83,  84,  85,  86,  89,  90,  97,  98,  99, 100, 102, 103, 104, 106, 107,
    108, 111, 112, 113, 114, 118, 119, 120, 121, 122, 123, 124, 125, 129, 131, 132,
    133, 134, 136, 138, 139, 141, 142, 143, 144, 145, 146, 147, 148, 149, 150, 151,
    152, 153, 154, 155, 156, 157, 158, 159, 160, 161, 162, 163, 164, 165, 166, 171,
    172, 173, 174, 175, 177, 180, 182, 184, 185, 189, 190, 191,   0,   1,   2,   3,
      5,   6,   7,   8,   9,  10,  11,  12,  13,  14,  15,  16,  17,  18,  19,  20,
     21,  22,  23,  24,  25,  26,  27,  28,  29,  30,  31,  32,  33,  34,  35,  36,
     37,  39,  40,  41,  42,  43,  45,  46,  47,  48,  49,  50,  51,  52,  53,  54,
     55,  56,  57,  58,  59,  60,  61,  62,  63,  64,  65,  66,  67,  68,  69,  70,
     71,  72,  73,  74,  75,  76,  77,  78,  79,  80,  81,  82,  83,  84,  85,  86,
     87,  89,  90,  97,  98,  99, 100, 103, 104, 106, 108, 112, 117, 118, 119, 121,
    123, 125, 132, 133, 141, 142, 143, 144, 145, 146, 147, 148, 149, 150, 151, 152,
    153, 154, 155, 156, 157, 158, 159, 160, 161, 162, 163, 164, 166, 167, 168, 169,
    170, 171, 172, 173, 174, 175, 176, 177, 179, 180, 182, 184, 185, 189, 190, 191,
      1,   2,   3,   5,   6,   7,   8,  10,  11,  12,  13,  14,  15,  16,  17,  18,
     19,  20,  23,  24,  27,  28,  29,  30,  31,  32,  33,  34,  35,  36,  37,  38,
     39,  40,  41,  42,  43,  44,  45,  46,  47,  48,  49,  50,  51,  52,  53,  54,
     55,  56,  57,  58,  59,  60,  61,  62,  63,  64,  65,  66,  67,  68,  69,  70,
     71,  72,  73,  74,  75,  76,  77,  78,  79,  80,  81,  82,  83,  84,  85,  86,
     87,  89,  98, 100, 103, 104, 106, 108, 118, 120, 124, 133, 142, 143, 144, 145,
    146, 147, 148, 149, 150, 151, 152, 153, 154, 155, 156, 157, 158, 159, 160, 161,
    162, 163, 164, 166, 167, 168, 169, 170, 171, 172, 173, 174, 175, 176, 177, 179,
    180, 182, 184, 185, 189, 190,   1,   2,   3,   5,   6,   8,   9,  10,  11,  12,
     13,  14,  15,  16,  17,  18,  19,  20,  23,  24,  27,  28,  29,  30,  31,  32,
     33,  34,  35,  36,  37,  38,  39,  40,  41,  42,  43,  44,  45,  46,  47,  48,
     49,  50,  51,  52,  53,  54,  55,  56,  57,  58,  59,  60,  61,  62,  64,  65,
     66,  67,  68,  69,  70,  71,  72,  73,  74,  75,  76,  77,  78,  79,  81,  82,
     83,  84,  85,  86,  87,  89,  90,  98,  99, 100, 103, 104, 106, 108, 114, 119,
    128, 129, 130, 132, 141, 142, 143, 144, 145, 146, 147, 148, 149, 150, 151, 152,
    153, 154, 155, 156, 157, 159, 160, 161, 162, 163, 164, 166, 167, 168, 169, 170,
    171, 173, 174, 175, 176, 177, 179, 180, 182, 184, 185, 189, 190, 191,   1,   2,
      3,   5,   6,   7,   8,   9,  10,  12,  13,  14,  16,  18,  19,  20,  21,  22,
     24,  25,  26,  27,  28,  29,  30,  31,  32,  33,  35,  36,  37,  38,  39,  40,
     41,  42,  43,  44,  45,  47,  49,  50,  52,  53,  54,  55,  56,  57,  58,  59,
     60,  61,  62,  63,  64,  65,  66,  67,  68,  69,  70,  71,  73,  74,  75,  76,
     77,  78,  79,  81,  83,  84,  85,  86,  87,  89,  90,  98,  99, 100, 103, 104,
    106, 107, 108, 120, 142, 143, 144, 145, 146, 147, 148, 149, 150, 151, 152, 153,
    154, 155, 156, 157, 158, 159, 160, 161, 162, 163, 164, 166, 171, 172, 174, 175,
    176, 177, 179, 180, 182, 184, 185, 189, 190, 191,   0,   1,   2,   3,   5,   6,
      7,   8,  10,  11,  12,  13,  14,  15,  16,  17,  18,  19,  20,  23,  24,  25,
     26,  27,  28,  29,  30,  31,  32,  33,  34,  35,  36,  37,  38,  39,  40,  41,
     42,  43,  44,  45,  46,  47,  48,  49,  50,  51,  52,  53,  54,  55,  56,  57,
     58,  59,  60,  61,  62,  63,  64,  65,  66,  68,  69,  71,  72,  73,  74,  75,
     76,  77,  78,  80,  81,  82,  83,  84,  85,  86,  87,  89,  90,  98,  99, 100,
    103, 104, 106, 108, 111, 118, 119, 120, 132, 133, 139, 142, 143, 144, 145, 146,
    147, 148, 149, 150, 151, 152, 153, 158, 159, 160, 161, 162, 163, 164, 166, 167,
    168, 169, 170, 171, 172, 174, 175, 176, 177, 179, 180, 182, 184, 185, 189, 190,
    191,   0,   1,   2,   3,   5,   6,   7,   8,   9,  10,  12,  14,  16,  18,  19,
     20,  22,  23,  24,  27,  28,  29,  30,  31,  32,  33,  34,  35,  36,  37,  38,
     39,  40,  41,  42,  43,  45,  46,  47,  48,  49,  52,  53,  54,  56,  57,  58,
     59,  60,  61,  62,  63,  67,  68,  69,  70,  72,  74,  75,  77,  79,  80,  81,
     82,  83,  84,  85,  86,  87,  89,  90,  98,  99, 100, 102, 103, 104, 106, 108,
    117, 122, 124, 137, 141, 142, 143, 144, 145, 146, 147, 148, 154, 155, 156, 157,
    159, 165, 166, 167, 168, 169, 170, 171, 173, 174, 175, 176, 177, 179, 180, 182,
    184, 185, 189, 190, 191,   1,   6,   7,   9,  10,  11,  12,  13,  14,  15,  16,
     17,  18,  19,  20,  21,  22,  23,  24,  25,  30,  31,  32,  33,  34,  35,  36,
     37,  38,  39,  40,  41,  42,  43,  44,  45,  46,  47,  48,  49,  50,  51,  52,
     53,  54,  55,  56,  57,  58,  60,  62,  63,  64,  65,  66,  67,  68,  69,  70,
     71,  72,  73,  74,  75,  76,  77,  78,  79,  80,  81,  82,  83,  84,  85,  86,
     87,  88,  89,  98,  99, 101, 108, 177, 179, 180, 181, 184, 189, 190,   1,   6,
      7,   8,   9,  10,  11,  12,  13,  25,  26,  28,  32,  33,  34,  35,  36,  37,
     38,  39,  40,  41,  42,  43,  44,  45,  46,  47,  49,  50,  51,  52,  53,  54,
     55,  56,  57,  59,  60,  62,  64,  65,  66,  67,  68,  69,  70,  71,  72,  74,
     75,  76,  77,  79,  80,  81,  82,  84,  85,  87,  88,  89, 108, 177, 180, 190,
      0,   1,   6,   7,   8,   9,  11,  12,  13,  14,  15,  16,  17,  18,  19,  20,
     21,  22,  23,  24,  25,  26,  30,  32,  33,  34,  35,  36,  37,  38,  39,  40,
     41,  42,  43,  44,  45,  46,  47,  48,  49,  50,  51,  52,  53,  54,  55,  56,
     57,  59,  62,  63,  64,  65,  66,  67,  68,  69,  70,  71,  72,  73,  74,  75,
     76,  77,  78,  79,  80,  81,  82,  83,  84,  85,  86,  87,  98, 108, 111, 121,
    134, 140, 143, 153, 172, 176, 177, 179, 180, 189, 190,   1,   6,   8,  15,  16,
     17,  18,  19,  20,  21,  22,  23,  24,  33,  35,  36,  37,  39,  40,  42,  43,
     44,  45,  47,  49,  50,  51,  52,  53,  54,  55,  56,  57,  63,  67,  69,  70,
     71,  72,  73,  74,  75,  77,  79,  80,  81,  82,  83,  86,  87,  91,  98, 108,
    109, 119, 127, 136, 180, 189, 190,   0,   1,   6,   8,  11,  12,  13,  14,  15,
     16,  17,  18,  19,  20,  21,  22,  23,  24,  25,  26,  30,  59, 103, 104, 106,
    108, 190,   0,   1,   6,   8,  11,  12,  13,  14,  15,  16,  17,  18,  19,  20,
     21,  22,  23,  24,  25,  26,  30,  59, 103, 104, 106, 108, 177, 190,   0,   1,
      6,   8,  11,  12,  13,  14,  15,  16,  17,  18,  19,  20,  21,  22,  23,  24,
     25,  26,  30,  59, 103, 104, 106,  15,  16,  17,  18,  19,  20,  21,  22,  23,
     24,   8,  16,  17,  24,  32,  33,  34,  35,  36,  37,  38,  39,  40,  41,  42,
     43,  44,  45,  46,  47,  48,  49,  50,  51,  52,  53,  54,  55,  56,  57,   1,
      6,   8,  11,  12,  13,  25,  26, 108, 177, 180, 190,   0,   1,   2,   3,   5,
      6,   7,   8,   9,  10,  11,  12,  13,  14,  15,  16,  17,  18,  19,  20,  21,
     22,  27,  28,  30,  31,  32,  33,  35,  36,  37,  38,  39,  40,  41,  42,  43,
     45,  46,  47,  48,  49,  50,  52,  53,  54,  55,  56,  57,  58,  59,  60,  62,
     63,  64,  65,  66,  68,  69,  71,  72,  73,  76,  77,  78,  79,  80,  82,  83,
     84,  85,  86,  87,  88,  89,  90,  91,  93,  95,  96,  98,  99, 101, 103, 104,
    106, 108, 109, 110, 111, 112, 113, 114, 115, 116, 118, 119, 120, 121, 122, 123,
    124, 125, 127, 128, 129, 130, 131, 132, 133, 134, 135, 136, 137, 138, 139, 141,
    142, 143, 144, 145, 146, 147, 148, 149, 150, 151, 152, 153, 160, 161, 162, 163,
    164, 165, 166, 167, 168, 169, 170, 171, 174, 175, 176, 177, 178, 179, 180, 181,
    182, 183, 184, 188, 189, 190, 194, 199,   7,   8,  12,  15,  16,  17,  18,  19,
     20,  21,  22,  23,  24,  32,  33,  34,  35,  36,  37,  38,  39,  40,  41,  42,
     43,  44,  45,  46,  47,  48,  49,  50,  51,  53,  54,  55,  56,  57,  62,  63,
     64,  65,  66,  67,  68,  69,  70,  71,  72,  73,  74,  75,  76,  77,  78,  79,
     80,  81,  83,  84,  85,  86,  87,   0,   1,   6,   8,  11,  12,  13,  14,  25,
     26,  30,  98, 108, 176, 177, 179, 180, 189, 190,   0,   1,   6,   8,   9,  11,
     12,  13,  14,  15,  16,  17,  18,  19,  20,  21,  22,  23,  24,  25,  26,  30,
     32,  33,  34,  35,  36,  37,  38,  39,  40,  41,  42,  43,  44,  45,  46,  47,
     49,  50,  51,  52,  54,  55,  56,  57,  59,  62,  63,  64,  65,  66,  67,  68,
     70,  71,  72,  73,  74,  75,  76,  77,  79,  80,  81,  82,  83,  85,  86,  87,
    103, 104, 106, 108, 174, 175, 177, 179, 180, 190,   1,   6,   7,   8,  12,  15,
     16,  17,  18,  19,  20,  21,  22,  23,  24,  32,  33,  34,  35,  36,  37,  38,
     39,  40,  41,  42,  43,  44,  47,  49,  50,  53,  55,  57,  62,  63,  64,  65,
     66,  67,  70,  71,  72,  73,  77,  79,  80,  83,  85,  87,   0,   7,   8,  10,
     11,  12,  13,  14,  25,  26,  28,  30,  32,  33,  34,  35,  36,  37,  39,  40,
     42,  43,  44,  45,  47,  49,  50,  51,  52,  53,  54,  55,  56,  57,  59,  89,
     98, 102, 103, 104, 106, 133, 174, 175, 177, 179, 180, 189, 190, 192,   1,   6,
      7,   8,   9,  10,  11,  12,  13,  14,  25,  26,  28,  30,  32,  33,  34,  35,
     36,  37,  38,  39,  40,  42,  43,  44,  45,  46,  47,  49,  50,  51,  52,  53,
     54,  55,  57,  59,  89,  98, 102, 103, 104, 108, 133, 177, 179, 189, 190, 192,
      1,   6,   8,  12,  13,  32,  33,  34,  35,  37,  39,  41,  42,  43,  45,  47,
     50,  51,  53,  54,  62,  63,  68,  70,  72,  73,  74,  77,  79,  80,  81,  82,
     84,  86, 103, 104, 108, 177, 180, 190,   0,   1,   6,   8,   9,  10,  11,  12,
     13,  14,  25,  26,  30,  32,  33,  34,  35,  36,  37,  38,  39,  40,  42,  43,
     44,  45,  47,  49,  50,  51,  52,  55,  56,  57,  59,  98, 103, 108, 189, 190,
    192,   8,   9,  11,  12,  13,  14,  25,  26,   0,   1,   2,   3,   4,   5,   6,
      8,   9,  10,  11,  12,  13,  14,  15,  16,  17,  18,  19,  20,  21,  22,  25,
     26,  28,  29,  30,  31,  32,  33,  34,  35,  36,  37,  38,  39,  40,  41,  42,
     43,  44,  45,  46,  47,  48,  49,  50,  51,  52,  53,  54,  55,  56,  57,  59,
     62,  63,  64,  65,  66,  67,  69,  70,  71,  72,  73,  74,  75,  76,  77,  78,
     79,  80,  81,  82,  83,  84,  85,  86,  87,  89,  90,  91,  95,  98,  99, 103,
    104, 106, 108, 109, 110, 111, 112, 114, 115, 116, 117, 119, 123, 124, 127, 129,
    130, 132, 134, 136, 138, 141, 142, 143, 144, 146, 147, 148, 149, 151, 155, 156,
    161, 164, 166, 168, 170, 174, 175, 176, 177, 178, 179, 180, 181, 182, 183, 184,
    188, 189, 190, 199,   1,   6,   8,  15,  16,  17,  18,  19,  20,  21,  22,  23,
     24,  32,  33,  34,  35,  36,  37,  38,  39,  40,  41,  42,  43,  44,  45,  46,
     47,  48,  49,  50,  51,  52,  53,  54,  55,  56,  57,  62,  63,  64,  65,  66,
     67,  68,  69,  70,  71,  72,  73,  74,  75,  76,  77,  78,  79,  80,  81,  82,
     83,  84,  85,  86,  87,  91, 108, 109, 119, 129, 136, 168, 177, 179, 190,   1,
      6,   7,   8,   9,  11,  12,  13,  14,  17,  30,  32,  33,  34,  35,  36,  38,
     39,  40,  41,  42,  43,  44,  45,  46,  47,  48,  49,  51,  52,  53,  54,  55,
     56,  57,  59,  62,  63,  64,  65,  66,  67,  68,  69,  70,  71,  72,  73,  74,
     75,  76,  77,  78,  79,  80,  81,  82,  83,  84,  85,  86,  87,  98, 103, 104,
    106, 108, 110, 111, 112, 114, 117, 118, 119, 121, 122, 123, 125, 126, 127, 128,
    129, 134, 135, 136, 138, 142, 143, 146, 154, 155, 157, 160, 174, 175, 176, 177,
    179, 180, 182, 184, 185, 189, 190,   1,   6,   7,   8,   9,  11,  12,  13,  14,
     18,  30,  32,  33,  34,  35,  36,  38,  39,  40,  41,  42,  43,  44,  45,  46,
     47,  48,  49,  51,  52,  53,  54,  55,  56,  57,  59,  62,  63,  64,  65,  66,
     67,  68,  69,  70,  71,  72,  73,  74,  75,  76,  77,  78,  79,  80,  81,  82,
     83,  84,  85,  86,  87,  98, 100, 103, 104, 106, 108, 110, 111, 112, 113, 114,
    116, 117, 118, 119, 120, 122, 123, 125, 126, 127, 128, 129, 130, 132, 135, 136,
    138, 139, 140, 142, 143, 148, 149, 154, 155, 157, 158, 159, 174, 175, 176, 177,
    179, 180, 182, 184, 185, 189, 190,   1,   6,   7,   8,  11,  12,  13,  14,  21,
     30,  32,  33,  34,  35,  36,  38,  39,  40,  41,  42,  43,  44,  45,  46,  47,
     48,  49,  51,  52,  53,  54,  55,  56,  57,  59,  62,  63,  64,  65,  67,  68,
     69,  70,  71,  72,  73,  74,  75,  76,  77,  78,  79,  80,  81,  82,  83,  84,
     85,  86,  87,  98, 103, 104, 106, 108, 110, 112, 113, 117, 118, 119, 120, 124,
    125, 128, 137, 138, 139, 144, 149, 176, 177, 179, 180, 182, 185, 189, 190,   1,
      6,   7,   8,   9,  11,  12,  13,  14,  15,  30,  32,  33,  34,  35,  36,  38,
     39,  40,  41,  42,  43,  44,  45,  46,  47,  49,  51,  52,  53,  54,  55,  56,
     57,  59,  63,  65,  66,  67,  68,  69,  70,  71,  73,  74,  75,  76,  77,  79,
     80,  81,  82,  83,  84,  87,  97,  98, 103, 104, 106, 108, 111, 113, 114, 119,
    123, 127, 129, 131, 135, 139, 140, 145, 163, 175, 176, 177, 179, 180, 182, 184,
    185, 189, 190,   1,   6,   7,   8,  11,  12,  13,  14,  17,  30,  32,  33,  34,
     35,  36,  38,  39,  40,  41,  42,  43,  44,  45,  46,  47,  48,  49,  51,  52,
     53,  54,  55,  56,  57,  59,  61,  62,  63,  64,  65,  66,  67,  68,  69,  70,
     71,  72,  73,  74,  75,  76,  77,  78,  79,  80,  81,  82,  83,  84,  85,  86,
     87,  98, 100, 103, 104, 106, 108, 111, 112, 114, 115, 117, 118, 119, 120, 121,
    122, 123, 124, 125, 126, 127, 129, 131, 132, 135, 136, 138, 139, 144, 146, 158,
    164, 170, 174, 175, 176, 177, 179, 180, 182, 184, 185, 189, 190,   1,   6,   7,
      8,   9,  11,  12,  13,  14,  15,  30,  32,  33,  34,  35,  36,  38,  39,  40,
     41,  42,  43,  44,  45,  46,  47,  48,  49,  51,  52,  53,  54,  55,  56,  57,
     59,  62,  63,  64,  65,  66,  67,  68,  69,  70,  71,  72,  73,  74,  75,  77,
     79,  80,  81,  82,  83,  84,  85,  86,  87,  98, 103, 104, 106, 108, 114, 115,
    116, 117, 127, 132, 134, 147, 148, 159, 174, 176, 177, 179, 180, 182, 185, 189,
    190,   1,   6,   7,   8,  12,  13,  14,  25,  26,  30,  32,  37,  38,  41,  44,
     45,  46,  48,  50,  51,  52,  55,  57,  59,  62,  63,  64,  65,  66,  68,  70,
     72,  73,  74,  75,  76,  77,  78,  80,  81,  83,  84,  85,  98, 103, 104, 106,
    108, 111, 116, 127, 129, 132, 134, 136, 148, 151, 159, 161, 172, 174, 177, 180,
    182, 185, 189, 190,   0,   1,   6,   7,   8,   9,  11,  12,  13,  14,  20,  25,
     26,  30,  32,  33,  34,  35,  36,  37,  38,  39,  40,  41,  42,  43,  44,  45,
     46,  47,  48,  49,  50,  51,  53,  54,  55,  56,  59,  63,  64,  65,  66,  67,
     68,  69,  70,  71,  72,  73,  74,  75,  76,  77,  78,  79,  81,  82,  83,  84,
     85,  86,  87,  98, 103, 104, 106, 108, 110, 111, 112, 113, 114, 115, 116, 117,
    118, 119, 120, 121, 122, 123, 124, 125, 128, 129, 130, 131, 132, 134, 139, 142,
    144, 145, 146, 149, 150, 151, 152, 153, 154, 155, 156, 160, 164, 168, 169, 170,
    171, 175, 176, 177, 179, 180, 182, 185, 189, 190,   1,   6,   7,   8,  12,  13,
     14,  16,  25,  26,  30,  32,  37,  38,  41,  44,  45,  46,  48,  50,  51,  53,
     54,  55,  57,  59,  62,  63,  64,  65,  66,  68,  70,  71,  72,  73,  74,  75,
     76,  77,  78,  80,  81,  82,  83,  84,  85,  86,  98, 103, 104, 106, 108, 110,
    111, 112, 114, 127, 128, 129, 132, 134, 149, 150, 151, 174, 175, 177, 180, 182,
    184, 185, 189, 190,   1,   5,   6,   7,   8,   9,  12,  13,  14,  16,  17,  18,
     25,  26,  30,  32,  37,  38,  41,  44,  45,  46,  48,  50,  51,  53,  54,  55,
     57,  59,  61,  62,  63,  64,  65,  66,  68,  70,  71,  72,  73,  74,  75,  76,
     77,  78,  80,  81,  82,  83,  84,  85,  86,  98, 103, 104, 106, 108, 110, 111,
    112, 114, 115, 127, 128, 129, 130, 132, 134, 150, 151, 155, 161, 167, 174, 175,
    177, 180, 182, 184, 185, 189, 190,   1,   6,   7,   8,   9,  12,  13,  14,  16,
     17,  25,  26,  30,  32,  37,  38,  41,  44,  45,  46,  48,  50,  51,  53,  54,
     55,  57,  59,  62,  63,  64,  65,  66,  68,  70,  71,  72,  73,  74,  75,  77,
     78,  80,  81,  82,  83,  84,  85,  86,  98, 103, 104, 106, 108, 110, 112, 129,
    130, 149, 151, 152, 174, 177, 180, 182, 184, 185, 189, 190,   1,   6,   7,   8,
      9,  12,  13,  14,  16,  17,  18,  20,  25,  26,  30,  32,  37,  38,  41,  44,
     45,  46,  48,  50,  51,  53,  54,  55,  57,  59,  62,  64,  65,  66,  68,  70,
     71,  72,  73,  74,  75,  76,  77,  80,  81,  82,  83,  84,  98, 103, 104, 106,
    108, 110, 111, 114, 127, 128, 129, 130, 132, 153, 174, 175, 177, 180, 182, 184,
    185, 189, 190,   0,   1,   6,   7,   8,  11,  12,  13,  14,  25,  26,  30,  32,
     33,  34,  35,  37,  38,  41,  45,  46,  47,  48,  50,  51,  52,  53,  54,  55,
     56,  57,  59,  62,  63,  64,  65,  66,  67,  68,  70,  71,  73,  74,  75,  76,
     77,  79,  80,  81,  82,  84,  85,  86,  87,  98, 103, 104, 106, 108, 110, 111,
    114, 117, 128, 129, 135, 136, 175, 176, 177, 179, 180, 182, 184, 185, 189, 190,
      0,   1,   6,   7,   8,   9,  11,  12,  13,  14,  15,  16,  25,  26,  30,  32,
     33,  34,  35,  37,  38,  41,  45,  46,  47,  48,  50,  51,  52,  53,  54,  55,
     56,  57,  59,  62,  63,  64,  65,  66,  67,  68,  70,  71,  73,  74,  75,  76,
     77,  78,  79,  80,  81,  82,  83,  84,  85,  86,  87,  97,  98, 103, 104, 106,
    108, 110, 111, 112, 113, 116, 117, 127, 128, 129, 130, 132, 134, 135, 136, 143,
    155, 158, 159, 161, 172, 174, 175, 176, 177, 179, 180, 182, 184, 185, 189, 190,
      1,   5,   6,   7,   8,  11,  12,  13,  14,  16,  19,  25,  26,  30,  32,  33,
     34,  35,  37,  38,  41,  45,  46,  47,  48,  50,  51,  52,  53,  54,  55,  56,
     57,  59,  62,  63,  64,  65,  67,  68,  69,  70,  71,  72,  73,  74,  75,  76,
     77,  78,  79,  80,  81,  82,  83,  84,  85,  86,  87,  97,  98, 103, 104, 108,
    110, 112, 114, 116, 117, 127, 128, 130, 132, 137, 149, 152, 156, 174, 175, 177,
    180, 182, 184, 185, 189, 190,   0,   1,   6,   7,   8,  11,  12,  13,  14,  25,
     26,  30,  32,  33,  34,  35,  37,  38,  41,  45,  46,  47,  48,  50,  51,  52,
     53,  54,  55,  56,  57,  59,  62,  63,  65,  74,  75,  76,  79,  80,  81,  84,
     86,  98, 103, 104, 106, 108, 110, 111, 112, 114, 117, 127, 128, 129, 130, 132,
    135, 136, 142, 157, 176, 177, 179, 180, 182, 184, 185, 189, 190,   1,   6,   7,
      8,  11,  12,  13,  14,  16,  25,  30,  32,  33,  34,  35,  36,  37,  38,  39,
     40,  41,  42,  43,  44,  45,  46,  47,  49,  50,  51,  52,  53,  56,  57,  59,
     62,  66,  76,  82,  98, 104, 106, 110, 111, 112, 116, 118, 119, 122, 123, 126,
    129, 130, 132, 134, 136, 138, 139, 140, 142, 158, 176, 177, 179, 180, 182, 184,
    185, 189,   0,   1,   6,   7,   8,  11,  12,  13,  14,  15,  25,  26,  30,  32,
     33,  34,  36,  37,  39,  41,  42,  43,  44,  45,  50,  51,  52,  53,  54,  55,
     56,  57,  59,  62,  66,  68,  70,  76,  79,  82,  86, 103, 104, 106, 108, 110,
    111, 112, 113, 114, 115, 117, 118, 119, 121, 127, 135, 136, 138, 139, 142, 143,
    146, 151, 153, 155, 159, 161, 168, 182, 184, 185, 190,   1,   6,   7,   8,  11,
     12,  13,  14,  30,  32,  33,  34,  35,  36,  37,  38,  39,  40,  41,  42,  43,
     44,  45,  46,  47,  48,  49,  50,  51,  52,  53,  55,  56,  57,  59,  61,  63,
     64,  65,  66,  68,  69,  71,  72,  73,  74,  75,  76,  77,  80,  81,  82,  83,
     84,  86,  87,  98, 104, 106, 108, 110, 111, 117, 118, 119, 120, 121, 122, 123,
    125, 126, 127, 128, 129, 132, 135, 136, 160, 161, 174, 176, 177, 179, 180, 182,
    184, 185, 189, 190,   1,   6,   7,   8,  11,  12,  13,  14,  16,  17,  18,  21,
     22,  30,  32,  33,  34,  35,  36,  37,  38,  39,  40,  41,  42,  43,  44,  45,
     46,  47,  48,  49,  50,  51,  52,  53,  55,  56,  57,  59,  63,  64,  65,  66,
     68,  69,  71,  72,  73,  74,  75,  76,  77,  78,  80,  81,  82,  83,  84,  86,
     87,  98, 100, 104, 106, 108, 110, 111, 114, 116, 117, 118, 119, 120, 121, 122,
    123, 125, 126, 127, 128, 129, 130, 131, 132, 134, 135, 136, 138, 139, 140, 151,
    158, 159, 160, 161, 164, 168, 172, 174, 175, 176, 177, 179, 180, 182, 184, 185,
    189, 190,   1,   6,   7,   8,  11,  12,  13,  14,  16,  24,  30,  32,  33,  34,
     35,  36,  37,  38,  39,  40,  41,  42,  43,  44,  45,  46,  47,  48,  49,  50,
     51,  52,  53,  55,  56,  57,  59,  63,  64,  65,  68,  69,  71,  72,  73,  74,
     75,  76,  77,  80,  81,  82,  83,  84,  87,  98, 104, 106, 108, 111, 112, 116,
    117, 118, 120, 121, 122, 123, 124, 125, 126, 127, 128, 130, 135, 138, 140, 149,
    162, 170, 174, 175, 176, 177, 179, 180, 182, 185, 189, 190,   1,   6,   7,   8,
     11,  12,  13,  14,  30,  32,  33,  34,  35,  36,  37,  38,  39,  40,  41,  42,
     43,  44,  45,  46,  47,  48,  49,  50,  51,  52,  53,  56,  57,  59,  63,  64,
     65,  66,  68,  69,  72,  73,  74,  75,  77,  80,  81,  82,  83,  84,  87, 104,
    106, 108, 113, 114, 118, 123, 127, 131, 132, 138, 163, 164, 174, 177, 179, 180,
    182, 184, 185, 190,   1,   6,   7,   8,  11,  12,  13,  14,  16,  17,  18,  30,
     32,  33,  34,  35,  36,  37,  38,  39,  40,  41,  42,  43,  44,  45,  46,  47,
     48,  49,  50,  51,  52,  53,  55,  56,  57,  59,  61,  63,  64,  65,  66,  68,
     69,  71,  72,  73,  74,  75,  76,  77,  78,  80,  81,  82,  83,  84,  86,  87,
     98, 104, 106, 108, 110, 111, 112, 114, 115, 117, 118, 119, 120, 121, 122, 123,
    124, 125, 126, 127, 128, 129, 130, 131, 132, 134, 135, 138, 139, 140, 149, 158,
    159, 164, 170, 171, 174, 176, 177, 179, 180, 182, 185, 189, 190,   1,   6,   7,
      8,  12,  15,  16,  17,  18,  19,  20,  21,  22,  23,  24,  32,  33,  34,  35,
     36,  37,  38,  39,  40,  41,  42,  43,  44,  45,  46,  47,  48,  49,  50,  51,
     52,  53,  54,  55,  56,  57,  62,  63,  64,  65,  66,  67,  68,  69,  70,  72,
     73,  74,  75,  77,  78,  79,  80,  81,  83,  84,  86,  87, 179, 180,   1,   6,
      7,   8,  11,  12,  13,  14,  15,  16,  17,  18,  22,  23,  30,  32,  33,  34,
     35,  36,  37,  38,  39,  40,  41,  42,  43,  44,  45,  46,  47,  49,  50,  51,
     52,  53,  55,  56,  57,  59,  63,  64,  65,  66,  68,  69,  71,  72,  73,  74,
     75,  77,  80,  81,  83,  84,  86,  98, 104, 106, 108, 115, 116, 123, 126, 132,
    134, 158, 166, 174, 175, 176, 177, 179, 180, 182, 185, 189, 190,   0,   1,   6,
      7,   8,  11,  12,  13,  14,  16,  25,  26,  30,  32,  34,  35,  38,  41,  44,
     45,  46,  47,  48,  49,  50,  51,  52,  53,  54,  55,  56,  57,  59,  63,  64,
     65,  67,  68,  70,  71,  72,  73,  74,  75,  76,  77,  78,  79,  80,  81,  82,
     84,  87,  98, 103, 104, 106, 108, 110, 111, 112, 117, 128, 130, 132, 135, 136,
    167, 174, 175, 176, 179, 182, 184, 185, 189, 190,   0,   1,   6,   7,   8,  11,
     12,  13,  14,  16,  22,  25,  26,  30,  32,  34,  35,  38,  41,  44,  45,  46,
     47,  48,  49,  50,  51,  52,  53,  54,  55,  56,  57,  59,  62,  63,  64,  65,
     67,  68,  70,  71,  72,  73,  74,  75,  76,  77,  79,  80,  81,  82,  83,  86,
     87,  98, 103, 104, 106, 108, 110, 111, 116, 117, 127, 128, 129, 130, 132, 134,
    135, 136, 138, 139, 155, 159, 160, 168, 171, 174, 175, 176, 179, 182, 184, 185,
    189, 190,   0,   1,   6,   7,   8,  11,  12,  13,  14,  16,  25,  26,  30,  32,
     34,  35,  38,  41,  44,  45,  46,  47,  48,  49,  50,  51,  52,  53,  54,  55,
     56,  57,  59,  62,  63,  64,  65,  66,  67,  68,  72,  73,  74,  75,  76,  77,
     79,  80,  81,  84,  85,  86,  87,  98, 103, 104, 106, 108, 110, 111, 112, 114,
    116, 117, 128, 137, 149, 169, 179, 182, 184, 185, 189, 190,   0,   1,   6,   7,
      8,  11,  12,  13,  14,  16,  17,  19,  20,  25,  26,  30,  32,  34,  35,  38,
     41,  44,  45,  46,  47,  48,  49,  50,  51,  52,  53,  54,  55,  56,  57,  59,
     62,  63,  64,  65,  66,  67,  68,  70,  71,  72,  73,  74,  75,  76,  77,  78,
     79,  80,  81,  82,  83,  84,  85,  86,  87,  98, 103, 104, 106, 108, 110, 111,
    112, 114, 116, 117, 127, 128, 129, 130, 131, 132, 135, 136, 137, 138, 139, 146,
    149, 150, 170, 171, 174, 175, 176, 179, 182, 184, 185, 189, 190,   0,   1,   6,
      7,   8,  11,  12,  13,  14,  17,  25,  26,  30,  32,  33,  34,  35,  36,  37,
     38,  39,  40,  41,  42,  43,  44,  45,  46,  47,  48,  49,  50,  51,  52,  53,
     54,  55,  56,  57,  59,  62,  65,  66,  67,  70,  71,  72,  73,  74,  76,  79,
     80,  81,  82,  83,  84,  86,  98, 103, 104, 106, 108, 111, 114, 116, 117, 123,
    126, 129, 132, 134, 136, 138, 139, 140, 146, 164, 170, 171, 175, 176, 177, 179,
    180, 182, 184, 185, 189, 190,   0,   1,   6,   8,  11,  12,  13,  14,  25,  26,
     30,  32,  33,  34,  35,  36,  37,  38,  39,  40,  41,  42,  43,  44,  45,  46,
     47,  49,  50,  51,  52,  53,  54,  56,  59,  62,  66,  70,  71,  76,  79,  80,
     82,  83,  86, 104, 106, 111, 116, 119, 123, 125, 126, 129, 130, 132, 136, 139,
    140, 143, 148, 151, 155, 161, 164, 168, 171, 172, 174, 182, 185,   0,   1,   6,
      7,   8,  11,  12,  13,  14,  25,  26,  30,  32,  34,  41,  44,  50,  59,  62,
     64,  65,  66,  67,  68,  69,  70,  71,  72,  73,  74,  75,  76,  77,  78,  79,
     80,  81,  82,  83,  84,  86,  98, 103, 104, 106, 146, 164, 170, 174, 176, 177,
    179, 180, 182, 185, 189, 190,   0,   1,   6,   7,   8,   9,  12,  13,  14,  16,
     25,  26,  30,  32,  33,  34,  37,  38,  39,  40,  41,  44,  45,  49,  51,  53,
     59,  62,  63,  65,  66,  67,  68,  69,  70,  71,  72,  73,  74,  75,  77,  78,
     79,  80,  81,  82,  83,  84,  85,  86,  98, 103, 104, 106, 108, 110, 135, 142,
    143, 144, 146, 150, 151, 153, 154, 155, 157, 159, 167, 168, 170, 174, 175, 176,
    177, 179, 180, 182, 184, 185, 189, 190,   0,   1,   6,   7,   8,   9,  12,  13,
     14,  16,  18,  25,  26,  30,  33,  34,  35,  36,  37,  39,  40,  41,  42,  43,
     44,  45,  50,  51,  52,  56,  59,  62,  63,  65,  66,  67,  68,  69,  70,  71,
     72,  73,  74,  75,  77,  78,  79,  80,  81,  82,  83,  84,  85,  86,  98, 103,
    104, 106, 108, 111, 122, 123, 142, 143, 144, 145, 146, 148, 150, 151, 152, 154,
    155, 159, 167, 168, 170, 171, 172, 174, 175, 176, 177, 179, 180, 182, 184, 185,
    189, 190,   0,   1,   6,   7,   8,  12,  13,  14,  25,  26,  30,  32,  33,  34,
     35,  38,  40,  42,  43,  44,  45,  47,  49,  51,  59,  62,  63,  65,  66,  67,
     68,  69,  70,  71,  72,  73,  74,  75,  77,  78,  79,  80,  81,  82,  83,  84,
     85,  86,  98, 103, 104, 106, 108, 112, 142, 144, 145, 150, 151, 152, 156, 157,
    169, 170, 171, 173, 176, 177, 179, 180, 182, 185, 189, 190,   0,   1,   6,   7,
      8,   9,  12,  13,  14,  25,  26,  30,  40,  59,  62,  63,  65,  66,  67,  68,
     69,  70,  71,  72,  73,  74,  75,  77,  79,  80,  81,  82,  83,  84,  85,  86,
     98, 103, 104, 106, 108, 113, 143, 145, 146, 151, 155, 159, 167, 171, 172, 175,
    176, 177, 179, 180, 182, 184, 185, 189, 190,   0,   1,   6,   7,   8,  12,  13,
     14,  25,  26,  30,  32,  35,  38,  39,  40,  41,  42,  43,  44,  45,  47,  49,
     50,  51,  52,  53,  59,  61,  62,  63,  65,  66,  67,  68,  69,  70,  71,  72,
     73,  74,  75,  77,  78,  79,  80,  81,  82,  83,  84,  85,  86,  98, 103, 104,
    106, 108, 114, 117, 141, 143, 144, 146, 147, 150, 151, 152, 153, 154, 155, 156,
    157, 159, 167, 168, 170, 171, 173, 174, 175, 176, 177, 179, 180, 182, 184, 185,
    189, 190,   0,   1,   6,   7,   8,  12,  13,  14,  16,  25,  26,  30,  32,  33,
     41,  51,  59,  62,  63,  65,  66,  67,  68,  69,  70,  71,  72,  73,  74,  75,
     77,  78,  79,  80,  81,  82,  83,  84,  85,  86,  98, 103, 104, 106, 108, 146,
    147, 148, 159, 173, 174, 176, 177, 179, 180, 182, 185, 189, 190,   0,   1,   6,
      7,   8,  11,  12,  13,  14,  30,  43,  59,  62,  63,  64,  65,  66,  67,  69,
     70,  71,  72,  73,  74,  75,  76,  77,  78,  79,  80,  84,  85,  86,  87,  98,
    103, 104, 106, 108, 127, 143, 148, 149, 151, 153, 155, 158, 159, 161, 164, 166,
    172, 174, 176, 177, 179, 180, 182, 185, 189, 190,   0,   1,   6,   7,   8,   9,
     11,  12,  13,  14,  16,  20,  30,  32,  33,  35,  40,  46,  59,  62,  63,  64,
     65,  66,  68,  69,  71,  72,  73,  76,  78,  81,  82,  83,  84,  85,  86,  87,
     98, 103, 104, 106, 108, 112, 117, 132, 142, 143, 144, 145, 146, 147, 148, 149,
    150, 151, 152, 153, 160, 161, 162, 163, 164, 166, 167, 168, 169, 170, 171, 175,
    177, 180, 182, 185, 189, 190,   0,   1,   6,   7,   8,  11,  12,  13,  14,  16,
     30,  32,  33,  34,  36,  37,  38,  40,  42,  45,  49,  50,  51,  52,  53,  59,
     62,  63,  64,  65,  66,  67,  69,  70,  71,  72,  73,  74,  75,  76,  77,  78,
     79,  80,  84,  85,  86,  87,  98, 103, 104, 106, 108, 118, 142, 143, 144, 146,
    149, 150, 151, 152, 153, 154, 155, 156, 157, 159, 160, 161, 164, 166, 174, 175,
    176, 177, 179, 180, 182, 184, 185, 189, 190,   1,   5,   6,   7,   8,   9,  11,
     12,  13,  14,  16,  17,  18,  19,  30,  32,  33,  34,  35,  36,  37,  38,  39,
     40,  41,  42,  43,  45,  46,  47,  49,  50,  51,  52,  54,  55,  56,  59,  61,
     62,  63,  64,  65,  66,  67,  69,  70,  71,  72,  73,  74,  75,  76,  77,  78,
     79,  80,  84,  85,  86,  87,  98, 103, 104, 106, 108, 118, 119, 142, 143, 144,
    146, 147, 149, 150, 151, 152, 153, 154, 155, 156, 157, 158, 159, 160, 161, 162,
    164, 166, 172, 174, 175, 176, 177, 179, 180, 182, 184, 185, 189, 190,   1,   6,
      7,   8,   9,  11,  12,  13,  14,  16,  17,  30,  32,  36,  38,  39,  41,  42,
     45,  48,  50,  51,  55,  59,  62,  63,  64,  65,  66,  67,  69,  70,  71,  72,
     73,  74,  75,  76,  77,  78,  79,  80,  84,  85,  86,  87,  98, 103, 104, 106,
    108, 120, 142, 144, 149, 150, 151, 152, 153, 155, 161, 162, 174, 176, 177, 179,
    180, 182, 184, 185, 189, 190,   1,   6,   7,   8,  11,  12,  13,  14,  15,  16,
     17,  18,  20,  21,  30,  32,  33,  34,  35,  36,  37,  38,  39,  40,  42,  43,
     46,  47,  49,  50,  51,  53,  55,  57,  59,  62,  64,  65,  66,  67,  69,  70,
     71,  72,  73,  74,  75,  76,  77,  78,  79,  80,  84,  85,  86,  87,  98, 103,
    104, 106, 108, 117, 121, 142, 143, 146, 149, 151, 152, 153, 159, 160, 161, 162,
    164, 174, 175, 176, 177, 179, 180, 182, 184, 185, 189, 190,   0,   1,   6,   7,
      8,  12,  13,  14,  25,  26,  30,  32,  33,  40,  46,  50,  59,  62,  63,  64,
     65,  66,  67,  68,  69,  70,  71,  72,  74,  75,  76,  77,  78,  79,  81,  82,
     83,  84,  86,  98, 103, 104, 106, 108, 122, 123, 142, 143, 146, 149, 150, 151,
    153, 154, 155, 156, 160, 161, 167, 168, 175, 176, 177, 179, 180, 182, 184, 185,
    189, 190,   0,   1,   6,   7,   8,   9,  12,  13,  14,  15,  16,  25,  26,  30,
     32,  38,  39,  41,  44,  45,  46,  49,  50,  56,  59,  62,  63,  64,  65,  66,
     67,  68,  70,  71,  74,  75,  76,  77,  78,  79,  81,  82,  83,  84,  86,  97,
     98, 103, 104, 106, 108, 128, 142, 143, 144, 145, 148, 149, 150, 151, 152, 154,
    155, 156, 158, 159, 160, 161, 162, 164, 166, 167, 168, 172, 174, 175, 176, 177,
    179, 180, 182, 184, 185, 189, 190,   0,   1,   6,   7,   8,  12,  13,  14,  16,
     17,  19,  25,  26,  30,  34,  36,  39,  42,  45,  48,  49,  50,  53,  55,  56,
     57,  59,  62,  63,  64,  65,  66,  67,  68,  69,  70,  71,  72,  74,  75,  76,
     77,  78,  79,  81,  82,  83,  84,  86,  97,  98, 103, 104, 106, 108, 124, 142,
    144, 146, 148, 149, 150, 151, 154, 156, 158, 159, 160, 162, 164, 169, 174, 175,
    176, 179, 182, 184, 185, 189, 190,   0,   1,   6,   7,   8,  12,  13,  25,  26,
     30,  59,  62,  63,  64,  65,  66,  67,  68,  69,  70,  71,  72,  73,  74,  75,
     76,  77,  78,  79,  81,  82,  83,  84,  86,  98, 103, 104, 106, 108, 125, 142,
    143, 144, 149, 150, 151, 154, 157, 159, 160, 161, 162, 164, 167, 176, 177, 179,
    180, 182, 184, 185, 189, 190,   1,   6,   7,   8,  11,  12,  13,  14,  16,  30,
     32,  38,  39,  59,  62,  63,  64,  65,  66,  68,  69,  70,  72,  74,  75,  76,
     77,  79,  80,  81,  82,  83,  84,  86,  98, 103, 104, 106, 142, 143, 144, 148,
    150, 151, 154, 155, 158, 161, 162, 164, 166, 168, 170, 171, 172, 177, 180, 182,
    184, 185, 189,   0,   1,   6,   7,   8,   9,  12,  13,  14,  15,  25,  26,  30,
     35,  36,  44,  49,  59,  63,  64,  65,  66,  67,  68,  69,  71,  72,  73,  74,
     76,  77,  78,  80,  81,  82,  83,  84,  85,  86,  87, 103, 104, 106, 108, 127,
    149, 150, 151, 153, 160, 161, 162, 163, 164, 167, 168, 170, 171, 173, 177, 180,
    182, 184, 185, 190,   0,   1,   6,   7,   8,   9,  11,  12,  13,  14,  25,  26,
     30,  33,  44,  45,  49,  51,  59,  61,  62,  63,  64,  65,  66,  67,  68,  69,
     70,  71,  72,  73,  76,  77,  78,  83,  84,  85,  86,  87,  98, 103, 104, 106,
    108, 122, 128, 142, 143, 149, 150, 151, 152, 153, 154, 155, 157, 158, 160, 161,
    164, 173, 174, 176, 177, 179, 180, 182, 184, 189, 190,   0,   1,   6,   7,   8,
      9,  11,  12,  13,  14,  16,  17,  18,  21,  22,  25,  26,  30,  36,  40,  42,
     44,  45,  47,  59,  62,  63,  64,  65,  66,  67,  68,  69,  70,  71,  72,  73,
     76,  77,  78,  83,  84,  85,  86,  87,  98, 100, 103, 104, 106, 108, 129, 142,
    143, 146, 148, 149, 150, 151, 152, 153, 155, 157, 158, 160, 161, 162, 163, 164,
    166, 171, 172, 174, 175, 176, 177, 179, 180, 182, 184, 189, 190,   0,   1,   6,
      7,   8,  11,  12,  13,  14,  16,  25,  26,  30,  39,  40,  49,  51,  59,  62,
     63,  64,  65,  66,  67,  68,  69,  70,  71,  72,  73,  76,  77,  78,  83,  84,
     85,  86,  87,  98, 103, 104, 106, 108, 130, 143, 144, 148, 149, 150, 152, 153,
    154, 155, 156, 157, 158, 160, 162, 172, 174, 175, 176, 177, 179, 180, 182, 189,
    190,   0,   1,   6,   7,   8,  11,  12,  13,  14,  25,  26,  30,  59,  62,  63,
     64,  65,  66,  67,  68,  69,  70,  71,  72,  73,  76,  77,  78,  83,  84,  86,
     87, 103, 104, 106, 108, 131, 145, 146, 150, 155, 163, 164, 174, 177, 179, 180,
    182, 184, 190,   0,   1,   6,   7,   8,   9,  11,  12,  13,  14,  17,  18,  25,
     26,  30,  33,  34,  35,  36,  37,  38,  39,  40,  42,  43,  44,  45,  47,  49,
     50,  51,  53,  59,  61,  62,  63,  64,  65,  66,  67,  68,  69,  70,  71,  72,
     73,  76,  77,  78,  83,  84,  85,  86,  87,  98, 103, 104, 106, 108, 114, 126,
    132, 141, 142, 143, 144, 146, 147, 149, 150, 151, 152, 153, 154, 155, 156, 158,
    160, 161, 162, 163, 164, 166, 171, 172, 174, 176, 177, 179, 180, 182, 189, 190,
      7,   8,  15,  16,  17,  18,  19,  20,  21,  22,  23,  24,  32,  33,  36,  40,
     49,  56,  62,  63,  66,  70,  79,  86, 177, 179, 180,   0,   1,   6,   7,   8,
     11,  12,  13,  14,  22,  25,  26,  30,  35,  37,  47,  59,  62,  63,  64,  65,
     66,  67,  68,  69,  70,  71,  72,  73,  76,  77,  83,  84,  85,  86,  87,  98,
    103, 104, 106, 108, 147, 148, 155, 158, 164, 166, 174, 175, 176, 177, 179, 180,
    182, 189, 190,   0,   1,   6,   7,   8,  11,  12,  13,  14,  16,  25,  26,  30,
     33,  37,  42,  45,  49,  50,  57,  59,  62,  63,  64,  65,  66,  67,  68,  69,
     70,  71,  72,  73,  74,  75,  76,  77,  78,  79,  80,  81,  82,  83,  84,  85,
     86,  87,  98, 103, 104, 106, 108, 135, 142, 143, 144, 149, 150, 151, 152, 153,
    154, 155, 156, 160, 162, 164, 167, 168, 174, 175, 176, 177, 179, 180, 182, 184,
    185, 189, 190,   0,   1,   6,   7,   8,  11,  12,  13,  14,  16,  22,  25,  26,
     30,  32,  33,  34,  36,  37,  40,  42,  43,  47,  51,  53,  54,  59,  62,  63,
     64,  65,  66,  67,  68,  69,  70,  71,  72,  73,  74,  75,  76,  77,  78,  79,
     80,  81,  82,  83,  84,  85,  86,  87,  98, 103, 104, 106, 108, 122, 128, 136,
    142, 143, 148, 149, 150, 151, 154, 155, 158, 159, 160, 161, 162, 164, 166, 167,
    168, 170, 171, 172, 174, 175, 176, 177, 179, 180, 182, 184, 185, 189, 190,   0,
      1,   6,   7,   8,  11,  12,  13,  14,  16,  25,  26,  30,  32,  33,  35,  39,
     43,  45,  49,  50,  53,  59,  62,  63,  64,  65,  66,  67,  68,  69,  70,  71,
     72,  73,  74,  75,  76,  77,  78,  79,  80,  81,  82,  83,  84,  85,  86,  87,
     98, 103, 104, 106, 108, 137, 142, 143, 144, 146, 148, 149, 150, 151, 152, 153,
    156, 157, 160, 169, 177, 179, 180, 182, 184, 185, 189, 190,   0,   1,   6,   7,
      8,  11,  12,  13,  14,  16,  17,  19,  20,  23,  25,  26,  30,  32,  33,  34,
     35,  36,  39,  40,  42,  43,  45,  47,  49,  50,  51,  52,  53,  59,  62,  63,
     64,  65,  66,  67,  68,  69,  70,  71,  72,  73,  74,  75,  76,  77,  78,  79,
     80,  81,  82,  83,  84,  85,  86,  87,  98, 103, 104, 106, 108, 114, 138, 141,
    142, 143, 144, 146, 148, 149, 150, 151, 152, 153, 154, 155, 157, 159, 160, 161,
    162, 163, 164, 167, 168, 169, 170, 171, 172, 174, 175, 176, 177, 179, 180, 182,
    184, 185, 189, 190,   0,   1,   6,   7,   8,  11,  12,  13,  14,  17,  25,  26,
     30,  35,  38,  40,  42,  43,  44,  46,  50,  51,  54,  59,  62,  63,  64,  65,
     66,  68,  69,  71,  72,  73,  74,  75,  76,  77,  78,  80,  81,  82,  83,  84,
     85,  86,  87,  98, 103, 104, 106, 108, 143, 146, 148, 149, 158, 161, 164, 166,
    168, 170, 171, 172, 175, 176, 177, 179, 180, 182, 184, 185, 189, 190,   0,   1,
      6,   8,  11,  12,  13,  14,  25,  26,  30,  49,  59,  62,  63,  64,  65,  66,
     67,  69,  70,  71,  72,  73,  74,  75,  76,  77,  79,  80,  83,  84,  86, 103,
    104, 106, 143, 148, 151, 155, 157, 158, 161, 162, 164, 171, 172, 174, 182, 185,
      0,   6,   8,  11,  12,  13,  25,  26,  30,  59,  62,  63,  64,  65,  66,  68,
     69,  72,  73,  74,  75,  76,  77,  80,  81,  82,  83,  84,  86,  87, 103, 104,
    106, 142, 147, 151, 173, 182, 185,   0,   1,   2,   3,   6,   7,   8,  11,  13,
     14,  15,  16,  17,  18,  19,  20,  21,  22,  23,  24,  25,  26,  30,  32,  33,
     34,  35,  36,  37,  38,  39,  40,  41,  42,  43,  44,  45,  46,  47,  48,  49,
     50,  51,  52,  53,  54,  55,  56,  57,  59,  62,  63,  64,  65,  66,  67,  68,
     69,  70,  71,  72,  73,  74,  75,  76,  77,  78,  79,  80,  81,  82,  83,  84,
     85,  86,  87,  93,  98, 103, 104, 106, 108, 109, 110, 111, 112, 113, 114, 115,
    117, 118, 119, 120, 121, 122, 123, 124, 127, 128, 129, 132, 134, 136, 138, 139,
    140, 142, 143, 145, 146, 147, 149, 150, 151, 152, 153, 154, 155, 156, 159, 160,
    161, 164, 166, 168, 170, 171, 172, 174, 176, 177, 179, 180, 181, 189, 190, 194,
      0,   1,   3,   6,   7,   8,  11,  13,  14,  15,  16,  17,  18,  19,  20,  21,
     22,  23,  24,  25,  26,  30,  32,  33,  34,  35,  36,  37,  38,  39,  40,  41,
     42,  43,  44,  45,  46,  47,  48,  49,  50,  51,  52,  53,  54,  55,  56,  57,
     62,  63,  64,  65,  66,  67,  68,  69,  70,  71,  72,  73,  74,  75,  76,  77,
     78,  79,  80,  81,  82,  83,  84,  85,  86,  87,  91,  93,  98, 103, 104, 106,
    108, 109, 175, 176, 177, 179, 180, 181, 189, 190, 194, 202,   0,   1,   2,   3,
      5,   6,   7,   8,   9,  10,  11,  12,  13,  14,  15,  16,  17,  18,  19,  20,
     21,  22,  23,  25,  26,  28,  30,  31,  32,  33,  35,  36,  37,  38,  39,  40,
     41,  42,  43,  44,  45,  46,  47,  48,  49,  50,  51,  52,  53,  54,  55,  56,
     57,  59,  62,  63,  64,  65,  66,  67,  68,  69,  70,  71,  72,  73,  74,  75,
     76,  77,  78,  79,  80,  81,  82,  83,  84,  85,  86,  87,  89,  90,  91,  93,
     95,  96,  98,  99, 101, 103, 104, 106, 108, 109, 110, 111, 112, 113, 114, 115,
    116, 118, 119, 120, 121, 122, 123, 124, 127, 128, 129, 130, 131, 132, 133, 134,
    135, 136, 137, 138, 140, 142, 143, 144, 145, 146, 147, 148, 149, 150, 151, 152,
    153, 154, 155, 156, 159, 160, 161, 162, 163, 164, 165, 166, 167, 168, 169, 170,
    172, 174, 175, 176, 177, 179, 180, 181, 182, 183, 184, 189, 190, 194, 196,   1,
      2,   6,   7,   8,   9,  10,  11,  12,  13,  14,  15,  16,  17,  18,  19,  20,
     21,  22,  25,  26,  28,  30,  31,  32,  34,  38,  44,  45,  46,  48,  50,  51,
     52,  53,  54,  55,  56,  59,  62,  63,  64,  65,  66,  67,  68,  70,  71,  72,
     73,  74,  75,  76,  77,  78,  79,  80,  81,  82,  83,  84,  85,  87,  89,  90,
     98, 108, 109, 110, 111, 112, 113, 114, 115, 116, 117, 124, 125, 127, 128, 129,
    130, 131, 132, 134, 135, 136, 137, 138, 139, 142, 143, 144, 145, 146, 147, 148,
    149, 150, 151, 152, 153, 154, 155, 156, 157, 159, 160, 161, 162, 163, 164, 166,
    167, 168, 169, 170, 174, 175, 176, 177, 179, 180, 181, 184, 189, 190, 199,   2,
      3,   4,   7,   9,  10,  11,  12,  13,  15,  17,  18,  19,  20,  21,  22,  24,
     25,  28,  30,  31,  32,  34,  38,  44,  45,  46,  48,  51,  52,  53,  54,  55,
     56,  57,  62,  63,  64,  66,  68,  70,  71,  72,  73,  75,  76,  77,  78,  79,
     80,  81,  82,  83,  84,  85,  86,  87,  95,  96,  98, 108, 110, 111, 112, 114,
    115, 116, 117, 127, 129, 130, 132, 134, 135, 136, 138, 141, 142, 143, 144, 146,
    147, 148, 149, 151, 153, 155, 156, 161, 164, 166, 168, 170, 175, 176, 177, 178,
    179, 181, 189, 190, 194, 199,   0,   1,   2,   3,   5,   6,   7,   8,   9,  10,
     11,  12,  13,  14,  15,  16,  17,  18,  19,  20,  21,  22,  23,  25,  26,  27,
     28,  30,  31,  32,  33,  35,  36,  37,  38,  39,  40,  41,  42,  43,  44,  45,
     46,  47,  48,  49,  50,  51,  52,  53,  54,  55,  56,  57,  59,  60,  61,  62,
     63,  64,  65,  66,  67,  68,  69,  70,  71,  72,  73,  74,  75,  76,  77,  78,
     79,  80,  81,  82,  83,  84,  85,  86,  87,  88,  89,  90,  91,  93,  95,  96,
     98, 101, 103, 104, 106, 108, 109, 110, 111, 112, 113, 114, 115, 116, 118, 119,
    120, 121, 122, 123, 124, 127, 128, 129, 130, 131, 132, 133, 134, 135, 136, 137,
    138, 139, 140, 142, 143, 144, 145, 146, 147, 148, 149, 150, 151, 152, 153, 154,
    155, 156, 159, 160, 161, 162, 163, 164, 165, 166, 168, 169, 170, 171, 174, 175,
    176, 177, 179, 180, 181, 182, 183, 184, 189, 190, 194, 196, 202, 211,   1,   2,
      6,   7,   8,   9,  10,  11,  12,  13,  14,  15,  16,  17,  18,  19,  20,  21,
     22,  25,  26,  28,  30,  31,  32,  34,  38,  44,  45,  46,  48,  50,  51,  52,
     53,  54,  55,  56,  59,  62,  63,  64,  65,  66,  67,  68,  70,  71,  72,  73,
     74,  75,  76,  77,  78,  79,  80,  81,  82,  83,  84,  85,  87,  89,  90,  98,
    108, 109, 110, 111, 112, 114, 115, 116, 117, 124, 127, 129, 131, 132, 134, 136,
    138, 139, 143, 144, 146, 147, 148, 149, 150, 151, 152, 153, 155, 156, 164, 166,
    168, 170, 174, 175, 176, 177, 178, 179, 180, 184, 189, 190,   2,   3,   4,   5,
      7,   9,  10,  11,  12,  13,  14,  15,  17,  18,  19,  20,  21,  22,  23,  24,
     28,  30,  31,  32,  34,  38,  41,  44,  45,  46,  48,  51,  52,  53,  54,  55,
     56,  57,  62,  63,  64,  65,  66,  68,  70,  71,  73,  76,  77,  78,  81,  82,
     83,  84,  85,  86,  87,  95,  96,  98, 108, 110, 111, 112, 113, 114, 115, 116,
    117, 127, 128, 129, 130, 131, 132, 133, 134, 135, 136, 137, 138, 139, 141, 142,
    143, 144, 145, 146, 147, 148, 149, 150, 151, 153, 154, 155, 156, 160, 161, 162,
    163, 164, 165, 166, 167, 168, 169, 170, 171, 172, 174, 175, 176, 177, 178, 179,
    180, 181, 184, 189, 190, 199, 211,   1,   6,   8,   9,  11,  13,  14,  16,  17,
     18,  19,  20,  21,  22,  23,  24,  25,  30, 108, 177, 179, 180, 182, 183, 190,
      1,   6,   8,  11,  13,  15,  25,  32,  34,  36,  39,  42,  45,  46,  50,  62,
     64,  66,  98, 108, 115, 147, 177, 179, 180, 183, 189, 190,   0,   1,   6,   7,
      8,   9,  11,  13,  14,  15,  16,  17,  18,  19,  20,  21,  22,  23,  24,  25,
     26,  30,  32,  33,  34,  35,  36,  37,  38,  39,  40,  41,  42,  43,  44,  45,
     46,  47,  48,  49,  50,  51,  52,  53,  54,  55,  56,  57,  59,  62,  63,  64,
     65,  66,  67,  68,  69,  70,  71,  72,  73,  74,  75,  76,  77,  78,  79,  80,
     81,  82,  83,  84,  85,  86,  87,  89,  98, 103, 104, 106, 108, 110, 117, 119,
    120, 123, 132, 136, 137, 139, 142, 151, 164, 169, 174, 175, 176, 177, 179, 180,
    182, 184, 189, 190, 191,   0,   8,   9,  11,  13,  14,  25,  26,  30,  98, 108,
    176, 177, 179, 180, 189, 190,   6,   8,  11,  12,  13,  15,  16,  17,  18,  19,
     20,  21,  22,  23,  24, 108, 177, 180, 187, 190,   8,  11,  12,  13,  14,  25,
     98, 108, 176, 179, 189, 190,   0,   1,   2,   3,   5,   6,   7,   8,   9,  10,
     11,  12,  13,  14,  16,  18,  19,  20,  21,  27,  28,  30,  31,  32,  33,  34,
     35,  36,  37,  39,  40,  41,  42,  43,  45,  46,  47,  48,  49,  50,  51,  52,
     53,  54,  56,  58,  59,  60,  62,  63,  64,  65,  66,  67,  68,  69,  70,  71,
     72,  73,  74,  75,  76,  77,  78,  79,  80,  81,  83,  84,  85,  86,  88,  89,
     90,  91,  93,  95,  96,  98,  99, 101, 103, 104, 106, 108, 110, 111, 112, 113,
    114, 115, 116, 117, 118, 119, 120, 121, 122, 123, 124, 125, 127, 128, 129, 130,
    131, 132, 133, 134, 135, 136, 137, 138, 139, 141, 142, 143, 144, 145, 146, 147,
    148, 149, 150, 151, 152, 153, 154, 155, 156, 157, 159, 160, 161, 162, 163, 164,
    165, 166, 171, 174, 175, 176, 177, 178, 179, 180, 181, 182, 183, 184, 188, 189,
    190, 194, 199,   0,   1,   2,   3,   4,   6,   7,   8,   9,  10,  11,  12,  13,
     14,  15,  16,  17,  18,  19,  20,  21,  22,  23,  25,  26,  28,  29,  30,  31,
     32,  33,  34,  35,  36,  37,  38,  39,  40,  41,  42,  43,  44,  45,  46,  47,
     48,  49,  50,  51,  52,  53,  54,  55,  56,  57,  59,  63,  64,  65,  66,  67,
     68,  69,  70,  71,  72,  73,  74,  75,  76,  77,  78,  79,  80,  81,  82,  83,
     84,  85,  86,  87,  89,  90,  91,  95,  98,  99, 103, 104, 106, 108, 109, 110,
    111, 112, 114, 115, 116, 117, 119, 123, 124, 127, 129, 130, 132, 134, 136, 138,
    141, 149, 151, 155, 156, 161, 164, 166, 168, 170, 174, 175, 176, 177, 178, 179,
    180, 181, 182, 183, 184, 188, 189, 190, 199,   0,  13,  59, 191,   0,   1,   6,
      8,  11,  13,  14,  15,  16,  17,  18,  19,  20,  21,  22,  23,  24,  25,  26,
     30,  59, 103, 104, 106,   0,   1,   6,   8,  11,  12,  13,  14,  15,  16,  17,
     18,  19,  20,  21,  22,  23,  24,  25,  26,  30,  59, 103, 104, 106, 108, 177,
    180, 190,   0,   1,   6,   8,  11,  13,  14,  15,  16,  17,  18,  19,  20,  21,
     22,  23,  24,  25,  26,  30, 103, 104, 106,   1,   6,   8,  11,  13,  14,  16,
     17,  18,  19,  20,  21,  22,  23,  24,  25,  26,  30, 103, 104, 106, 177, 180,
      0,   1,   6,   8,  11,  13,  14,  15,  16,  17,  18,  19,  20,  21,  22,  23,
     24,  25,  26,  30, 103, 104, 106,   0,   1,   6,   8,  11,  13,  14,  15,  16,
     18,  19,  20,  21,  22,  23,  24,  25,  26,  30, 103, 104, 106,   0,   1,   6,
      8,  10,  11,  12,  13,  14,  15,  17,  19,  20,  21,  22,  23,  24,  25,  26,
     30,  59,  98, 103, 104, 106, 108, 176, 177, 179, 180, 189, 190,   1,   6,   8,
     11,  13,  14,  15,  16,  18,  19,  20,  21,  22,  23,  24,  25,  30, 103, 104,
    106,   0,   1,   6,   8,  11,  13,  14,  15,  16,  17,  18,  19,  20,  21,  22,
     23,  24,  25,  26,  30,  59, 103, 104, 106,   1,   6,   8,  11,  13,  14,  15,
     16,  17,  18,  19,  20,  24,  25,  26,  30, 104, 106, 180,   0,   1,   6,   8,
     11,  13,  14,  16,  17,  18,  19,  20,  22,  23,  24,  25,  26,  30, 103, 104,
    106,   0,   1,   6,   8,  11,  13,  14,  15,  16,  17,  18,  19,  20,  21,  22,
     23,  24,  25,  26,  30, 103, 104, 106,   0,   1,   6,   8,  11,  13,  14,  15,
     16,  17,  18,  19,  20,  21,  22,  23,  24,  25,  26,  30, 103, 104, 106,   0,
      1,   6,   8,  11,  13,  14,  15,  16,  17,  18,  19,  20,  21,  22,  23,  24,
     25,  26,  30, 103, 104, 106,   0,   1,   6,   8,  11,  13,  14,  15,  16,  17,
     18,  19,  20,  21,  22,  23,  24,  25,  26,  30, 103, 104, 106,   0,   1,   6,
      8,  11,  13,  14,  15,  16,  17,  18,  20,  22,  23,  24,  25,  26,  30, 103,
    104, 106,   0,   1,   6,   8,  13,  14,  15,  16,  18,  19,  20,  21,  22,  23,
     24,  25,  26,  30, 103, 104, 106,   0,   1,   6,   8,  11,  13,  14,  16,  17,
     18,  19,  20,  21,  22,  23,  24,  25,  26,  30, 103, 104, 106,   0,   1,   6,
      8,  11,  13,  14,  15,  16,  17,  18,  19,  20,  21,  22,  23,  24,  25,  26,
     30, 103, 104, 106, 179, 180,   0,   1,   2,   3,   5,   6,   7,   8,   9,  10,
     12,  13,  14,  15,  16,  18,  19,  20,  21,  22,  23,  24,  25,  26,  27,  28,
     29,  30,  31,  32,  33,  35,  36,  37,  38,  39,  40,  41,  42,  43,  44,  45,
     46,  47,  48,  49,  50,  51,  52,  53,  54,  56,  58,  59,  60,  61,  62,  63,
     64,  65,  66,  67,  68,  69,  70,  71,  72,  74,  75,  76,  77,  78,  79,  81,
     82,  83,  84,  86,  89,  90,  98,  99, 100, 103, 104, 106, 107, 108, 110, 112,
    115, 118, 119, 122, 124, 127, 128, 129, 132, 133, 134, 141, 142, 143, 144, 145,
    146, 147, 148, 149, 150, 151, 152, 153, 154, 155, 156, 157, 158, 159, 160, 161,
    162, 163, 164, 166, 167, 168, 169, 170, 171, 172, 173, 174, 175, 176, 177, 179,
    180, 182, 183, 184, 185, 189, 190, 191,
};

static const int8_t merri11_boldKernSparseValues[] = {
      -3,  -17,  -17,  -22,  -11,  -29,   -6,   -6,   -6,   -2,   -5,  -12,   -8,   -8,   -7,   -7,
      -3,   -7,   -6,   -1,   -8,   -2,   -8,   -8,   -8,   -5,   -8,   -8,  -10,   -8,   -8,   -4,
      -6,   -6,   -8,   -6,   -8,   -8,   -2,   -5,   -1,   -1,   -3,   -1,   -2,  -27,   -6,   -9,
      -8,   -9,   -8,  -10,   -4,   -6,  -10,   -3,   -3,   -8,   -8,   -9,  -10,   -9,   -8,   -7,
      -6,   -8,   -8,   -7,   -5,   -8,   -6,  -21,  -13,   -5,   -6,   -6,  -12,  -31,   -3,   -9,
      -3,   -9,  -12,  -11,   -1,  -23,  -36,  -26,   -3,  -32,  -23,  -29,  -13,  -25,  -53,  -51,
     -45,  -61,  -53,   -7,   -2,   -2,   -2,  -38,   -5,  -21,   -6,   -3,  -13,  -12,  -65,  -37,
     -35,    2,  -45,  -53,   -8,  -16,   -8,   -7,   -7,  -17,   -7,   -7,   -7,   -7,   -8,  -11,
      -6,  -19,   -8,  -19,   -8,  -17,   -1,    8,    8,   -1,    8,  -11,    5,  -18,  -55,  -91,
     -27,    3,  -36,  -37,  -35,  -19,  -32,  -13,  -14,    1,  -20,  -20,  -36,  -19,  -37,  -20,
     -30,  -17,  -17,  -11,  -12,  -16,  -13,  -24,  -31,  -13,  -69,  -18,  -43,  -44,  -24,  -62,
     -12,  -53,  -40,  -44,  -50,  -53,  -38,  -40,  -40,  -48,  -33,  -16,   -7,   -7,   -7,   -7,
      -6,   -7,    1,   -8,   -6,  -19,  -19,  -19,  -19,  -19,  -34,  -19,   -1,   -1,   -1,   -1,
       8,   -7,  -24,  -20,  -27,  -23,  -22,  -16,  -25,  -27,  -36,  -23,  -35,  -27,  -20,    3,
     -19,    1,   13,  -16,  -20,  -24,  -36,  -28,  -26,  -21,  -36,  -16,  -17,  -17,  -16,  -13,
       3,  -53,  -53,  -16,  -18,  -16,  -18,  -26,  -26,  -96,  -61,  -39,  -39,   -3,  -31,   -8,
     -18,  -14,  -14,  -14,  -15,  -41,  -14,  -38,  -38,  -38,   -8,  -16,  -16,  -23,  -15,  -13,
     -11,  -12,  -10,   -5,  -14,  -14,  -30,  -31,  -23,   -6,  -23,  -23,  -24,   -8,  -23,  -24,
     -24,  -23,  -23,  -27,  -22,   -8,  -23,   -8,  -23,  -15,   -8,  -14,  -14,  -14,  -25,  -16,
     -19,  -44,  -14,  -12,  -15,  -15,  -15,  -12,  -17,  -17,  -12,  -13,  -16,  -17,  -12,  -12,
     -15,  -11,  -16,  -12,  -17,   -9,  -10,   -5,   -6,  -10,   -6,  -16,  -16,  -14,  -31,  -31,
      -6,  -23,  -23,   -8,  -14,  -14,  -13,  -15,  -14,   -8,  -13,   -8,  -13,  -15,  -13,  -15,
     -27,  -27,  -12,  -40,  -24,  -32,  -14,  -30,  -14,  -25,   -8,  -15,  -10,  -14,   -4,  -22,
      -6,  -16,   -6,  -16,  -17,  -16,  -24,  -28,  -41,  -43,   -8,  -30,  -30,  -30,  -18,  -12,
     -26,  -12,  -26,   -7,  -17,  -10,  -33,  -33,  -50,  -26,  -10,  -18,  -11,  -20,  -11,  -11,
     -21,  -47,    1,  -25,  -26,  -26,  -13,  -20,  -20,  -36,  -30,  -36,  -30,  -43,    1,  -12,
     -14,  -14,  -37,  -13,    1,  -10,   -2,   -4,   -5,    1,    2,  -26,   -5,    3,   -6,    7,
      -6,   -6,   -6,    4,   -5,   -6,  -13,   -6,   -6,   -1,   -5,    3,   -6,    3,   -5,   -8,
     -11,   -7,  -21,  -18,   -3,  -25,   -4,  -34,   -4,   -2,    2,    1,    2,   -5,   -3,   -4,
      -9,   -3,   -1,   -5,   -5,    2,   -6,    1,   -4,   -4,   -4,   -8,   -8,   -3,   -8,   -2,
       1,   -9,    3,    7,   -6,    3,    2,  -17,  -13,  -17,  -13,    2,   -8,   -1,  -23,  -36,
     -26,   -3,  -32,  -23,  -29,  -13,  -25,  -53,  -51,  -45,  -51,  -53,   -7,   -2,   -2,   -2,
     -38,   -5,  -21,   -6,   -3,  -13,  -12,  -58,  -37,  -35,    2,  -45,  -53,   -8,  -16,   -8,
      -7,   -7,  -17,   -7,   -7,   -7,   -7,   -8,  -11,   -6,  -19,   -8,  -19,   -8,  -17,   -1,
       8,    8,   -1,    8,  -11,    5,  -18,  -55,  -58,  -27,    3,  -36,  -37,  -35,  -19,  -32,
     -13,  -14,    1,  -20,  -20,  -36,  -19,  -37,  -20,  -30,  -17,  -17,  -11,  -12,  -16,  -13,
     -24,  -31,  -13,  -58,  -18,  -43,  -44,  -24,  -57,  -29,  -12,  -53,  -40,  -44,  -50,  -53,
     -38,  -40,  -40,  -48,  -33,  -16,   -7,   -7,   -7,   -7,   -6,   -7,    1,   -8,   -6,  -19,
     -19,  -19,  -19,  -19,  -34,  -19,   -1,   -1,   -1,   -1,    8,   -7,  -24,  -20,  -27,  -23,
     -22,  -16,  -25,  -27,  -36,  -23,  -35,  -27,  -20,    3,  -19,    1,   13,  -16,  -20,  -24,
     -36,  -28,  -26,  -21,  -36,  -16,  -17,  -17,  -16,  -13,    3,  -12,  -53,  -53,  -16,  -18,
     -16,  -18,  -26,  -26,  -58,  -57,  -39,  -39,   -3,  -31,   -8,  -31,  -18,  -16,  -26,  -54,
     -46,  -34,  -46,  -26,  -48,  -21,  -27,  -66,  -18,  -66,  -40,  -16,  -44,  -28,  -26,  -24,
     -46,  -29,  -49,  -22,  -38,  -35,  -41,  -18,  -64,  -59,  -55,  -17,  -39,  -29,  -20,  -43,
     -21,  -20,  -20,  -44,  -20,  -20,   -6,  -20,  -20,  -19,  -19,  -45,  -21,  -45,  -20,  -37,
     -19,  -18,  -12,  -12,  -15,  -12,  -26,  -10,  -27,  -59,  -17,  -37,   -8,  -46,  -46,  -46,
     -36,  -15,  -12,  -28,  -12,  -12,  -12,  -38,  -38,  -46,  -21,  -46,  -38,  -39,  -41,  -42,
     -39,  -39,  -34,  -30,  -36,  -41,  -67,  -21,  -56,  -41,  -28,  -35,  -45,  -49,  -68,  -45,
     -31,  -50,  -13,  -17,  -22,  -14,  -45,  -25,  -29,  -29,  -29,  -29,  -29,  -29,  -22,  -43,
     -20,  -20,  -20,  -20,  -19,  -20,  -15,  -16,  -21,  -19,  -45,  -45,  -45,  -45,  -45,  -56,
     -43,  -18,  -18,  -18,  -18,  -12,  -20,  -34,  -29,  -37,  -35,  -32,  -29,  -34,  -37,  -41,
     -36,  -46,  -41,  -36,   -8,  -35,  -16,   -8,  -32,  -38,  -36,  -46,  -41,  -38,  -37,  -66,
     -40,  -35,  -42,  -42,  -34,  -30,   -5,  -27,  -67,  -67,  -21,  -16,  -17,  -21,  -16,  -19,
     -48,  -47,  -46,  -36,  -30,  -30,  -48,  -43,  -58,  -40,  -35,  -20,  -36,  -48,  -52,  -21,
     -28,  -25,  -47,  -46,  -60,  -34,  -35,  -44,  -35,  -36,  -55,   -8,  -15,  -15,   -2,  -48,
     -10,  -20,  -13,  -19,  -12,  -23,  -13,   -9,  -14,   -1,   -6,  -11,   -2,   -1,   -6,   -6,
     -18,  -17,  -25,  -18,   -5,  -13,    6,  -13,  -13,  -14,    3,  -12,  -13,  -21,  -13,  -13,
      -7,  -12,    3,  -13,    3,  -12,   -8,   -6,   -8,  -11,  -10,  -12,  -14,  -10,  -43,  -18,
      -2,   -5,    2,    1,   -5,   -2,  -10,   -5,   -8,   -9,   -7,   -4,   -4,    2,   -3,   -4,
      -3,   -1,   -1,   -1,   -5,   -2,   -6,  -16,  -39,   -9,  -12,  -12,  -11,   -5,   -5,   -5,
      -5,   -5,   -1,    6,  -13,  -13,  -13,  -13,  -13,  -13,  -13,   -7,  -12,    3,    3,    3,
       3,  -16,    3,   -8,   -8,   -8,  -14,   -2,   -2,   -2,   -2,   -2,   -2,    2,    1,    1,
       1,    1,   -5,   -5,   -3,    1,    2,    2,    2,    2,    2,   -2,  -21,  -21,   -8,  -14,
      -8,  -14,  -28,    1,  -10,  -12,   -2,  -23,  -23,  -10,  -27,  -18,  -42,  -21,  -42,  -39,
      -1,   -1,   -1,  -15,   -2,   -1,   -2,    1,   -1,   -1,   -8,  -36,   -8,   -8,   -7,   -8,
      -7,   -8,   -7,   -7,   -7,  -11,   -6,   -8,   -7,  -10,    5,    8,    8,   -1,    8,  -11,
     -28,  -10,   -4,  -11,  -14,  -10,   -6,   -8,   -9,   -6,   -7,   -8,   -9,   -6,   -6,  -11,
      -6,  -14,   -6,   -6,   -3,   -5,    1,   -4,   -7,  -22,  -38,  -26,  -32,  -32,  -15,  -21,
     -15,  -21,  -38,  -24,  -25,  -38,  -44,  -38,  -20,  -66,  -31,  -28,  -48,  -28,  -48,  -42,
     -14,  -46,  -54,  -41,  -19,  -24,  -14,  -53,  -23,  -19,  -30,  -29,  -40,  -35,  -36,  -34,
     -12,  -33,  -34,  -34,  -14,  -32,  -35,  -37,  -34,  -33,  -32,  -32,  -14,  -33,  -14,  -33,
     -37,  -45,  -26,  -43,  -39,  -54,  -54,  -44,  -60,  -26,  -24,  -15,  -16,  -15,  -30,  -19,
     -28,  -29,  -30,  -28,  -28,  -30,  -30,  -15,  -29,  -16,  -30,  -21,  -26,  -25,  -29,  -27,
     -41,  -30,  -32,  -61,  -22,  -37,  -40,  -12,  -35,  -37,  -36,  -36,  -36,  -34,  -34,  -35,
     -35,  -32,  -14,  -14,  -14,  -26,  -26,  -26,  -26,  -15,  -15,  -28,  -25,  -25,  -43,  -37,
     -43,  -37,  -11,  -36,  -25,  -32,  -29,  -22,  -34,  -25,  -22,  -21,  -50,  -23,  -16,  -33,
     -27,  -32,  -32,  -19,  -27,  -28,  -27,  -51,  -51,  -18,  -40,  -34,   -8,   -1,   12,    5,
      -5,   -2,   -4,  -22,  -19,  -18,  -14,   -2,  -51,  -51,  -51,   11,  -47,  -48,  -51,  -51,
     -51,  -51,  -48,   -4,   12,  -23,  -28,  -40,  -28,  -19,  -65,  -21,  -28,  -35,  -29,  -35,
     -41,  -10,  -43,  -58,  -38,  -18,  -22,  -11,  -54,  -22,  -17,  -28,  -28,  -32,  -35,  -31,
     -10,  -31,  -31,  -32,  -12,  -30,  -33,  -34,  -31,  -31,  -32,  -30,  -13,  -31,  -13,  -31,
     -34,  -38,  -25,  -41,  -38,  -59,  -54,  -45,  -60,  -25,  -23,  -13,  -14,  -13,  -29,  -18,
     -27,  -27,  -29,  -27,  -27,  -29,  -29,  -13,  -27,  -14,  -29,  -19,  -25,  -23,  -26,  -25,
     -42,  -27,  -29,  -24,  -61,  -29,  -21,  -36,  -37,   -2,  -30,  -32,  -30,  -30,  -40,  -35,
     -35,  -35,  -35,  -35,  -35,  -33,  -10,  -31,  -31,  -31,  -31,  -33,  -33,  -33,  -33,  -22,
     -30,  -13,  -13,  -13,  -13,  -13,  -13,  -25,  -25,  -25,  -25,  -54,  -31,  -21,  -25,  -25,
     -25,  -25,  -25,  -25,  -25,  -13,  -13,  -13,  -13,  -13,  -27,  -27,  -27,  -27,  -14,  -29,
     -13,  -13,  -13,  -13,  -13,  -13,  -23,  -23,  -23,  -23,  -27,  -23,  -27,  -32,  -26,  -34,
     -32,  -26,  -43,   -1,  -28,  -29,  -19,  -48,  -29,   -3,  -51,  -51,  -12,  -41,  -40,  -34,
     -12,  -10,  -10,   -3,    7,    1,   -4,   -4,   -6,  -28,  -24,   -2,  -14,    2,   -9,  -10,
      -9,  -10,  -10,  -16,   -9,  -10,  -18,   -9,   -9,   -2,   -8,  -12,   -9,  -12,   -9,   -5,
     -32,  -22,  -48,  -44,   -3,  -30,   -1,  -35,   -4,   -4,   -3,   -4,   -8,   -5,   -7,   -9,
     -17,   -6,   -6,   -8,   -8,   -4,  -12,   -3,   -8,  -10,  -11,  -39,  -33,   -3,  -40,   -2,
     -30,  -51,   -6,  -51,  -51,  -51,  -51,    6,  -47,  -48,  -51,  -51,  -51,  -51,  -51,   -6,
       7,   -3,   -8,  -28,  -19,   -6,   -8,  -20,  -16,   -5,  -40,  -43,  -38,  -43,  -53,  -11,
      -7,   -4,   -6,  -26,   -9,  -19,   -3,  -12,   -5,  -17,  -41,  -30,  -31,  -12,  -30,   -7,
      -8,   -8,   -7,   -7,   -9,   -7,   -7,   -7,   -7,   -7,  -11,   -6,  -10,   -8,  -10,   -7,
     -12,   -1,    5,    4,   -3,    4,  -10,    3,  -23,  -46,  -47,  -18,    1,  -19,  -20,  -18,
     -13,  -19,   -3,  -11,  -12,   -3,   -3,  -15,  -14,  -19,  -14,  -20,  -15,  -19,  -11,  -12,
      -8,   -9,  -14,   -9,  -17,  -19,  -29,  -32,  -12,  -18,  -24,  -12,  -20,  -30,  -30,  -30,
     -30,  -30,  -30,  -23,   -8,   -7,   -7,   -7,   -7,   -7,   -7,   -6,   -7,   -6,   -6,  -10,
     -10,  -10,  -10,  -10,  -10,   -1,   -1,   -1,   -1,    4,   -7,  -15,  -15,  -17,  -15,  -15,
     -12,  -16,  -17,  -19,  -17,  -18,  -17,  -13,   -2,  -13,    5,  -14,  -14,  -18,  -19,  -18,
     -18,  -14,  -19,  -12,  -12,  -11,  -10,   -9,    1,   -7,  -40,  -40,    1,   -4,  -40,    1,
      -4,  -41,  -48,  -23,  -19,  -26,  -29,  -18,   -2,  -17,  -29,  -22,   -6,   -9,   -7,  -12,
     -26,  -28,  -14,  -16,  -14,  -29,  -22,  -28,   -8,   -8,  -10,   -5,   -2,  -40,  -14,  -12,
     -10,  -12,  -23,    2,  -14,  -11,  -15,   -5,   -6,   -1,  -10,   -3,   -1,   -8,   -8,  -13,
      -9,  -17,  -19,   -4,   -7,  -10,   12,  -10,  -10,  -11,    9,   -9,  -11,  -12,  -10,  -10,
      -9,   -8,    8,  -10,    8,   -9,   -1,    3,   -2,   -1,   -1,  -11,   -5,   -7,  -11,  -39,
     -16,  -38,    5,    4,    6,   -1,   -4,   -1,   -2,   -3,   -4,    5,    1,    4,    2,    1,
       7,    6,    5,   -1,  -10,  -35,  -16,   -1,    5,    2,   -8,  -12,  -13,   -5,    2,   -6,
      -7,  -10,  -10,  -11,   -8,  -10,   -2,   -5,    6,    6,  -14,    1,    5,  -14,  -14,   -1,
      -1,  -18,   -8,  -23,   -1,   -1,    3,   -4,   -1,   -9,  -13,  -21,  -12,  -23,   -8,  -13,
     -12,  -31,   -8,  -35,    4,  -33,    6,  -10,  -15,  -10,   -3,   -7,  -19,   -9,  -14,  -21,
     -11,  -17,   -8,   -9,  -32,  -26,  -18,  -23,   -9,   12,   -3,   -5,   -3,   -4,   -5,   -8,
      -3,   -4,  -13,   -3,   -3,    6,   -2,   -9,   -3,   -9,   -3,   -6,  -10,  -14,   -8,   -8,
       5,   -6,   -1,  -19,  -24,  -23,   -1,   -8,   -7,   -7,   -8,   -3,   -6,   -3,   -3,  -13,
      -2,   -4,   -4,   -7,   -9,   -8,   -3,   -3,   -9,  -11,  -11,  -11,    2,  -12,  -21,  -19,
     -37,  -16,  -13,   -5,  -32,  -25,  -12,  -16,  -20,   -6,  -20,  -13,   -1,   12,   -4,   -4,
      -4,   -2,  -24,  -14,   -6,   -7,   -7,   -4,  -32,  -10,  -12,  -36,  -36,   -4,  -11,   -4,
     -11,  -31,  -30,   -8,  -18,  -18,  -18,   -4,   -7,  -20,   -6,   -2,  -14,   -6,  -10,   -2,
      -2,   -3,  -35,   -3,  -31,    2,  -31,    3,   -8,   -5,  -10,   -4,   -9,   -7,   -9,   -6,
     -11,   -3,   -6,   -7,   -7,  -26,  -14,  -14,  -21,   -4,    7,   -1,    2,   -1,   -1,   -2,
      -1,   -1,   -2,  -10,   -1,   -1,    1,   -1,   -1,   -1,   -1,   -1,   -1,   -1,   -5,   -2,
      -2,   -1,   -3,    3,  -14,  -30,  -16,   -8,    6,   -1,   -1,   -1,   -1,   -2,   -2,   -1,
      -3,   -1,   -1,   -1,   -1,   -1,   -1,    1,   -1,   -2,   -1,    3,   -1,    2,  -23,  -25,
     -27,   -7,   -2,   -3,  -17,  -12,  -15,   -4,  -11,   -1,  -12,   -2,    7,   -1,   -1,   -2,
      -1,  -10,   -5,   -3,    6,    2,   -1,  -31,   -2,   -1,  -31,  -32,   -2,   -3,   -2,   -3,
     -19,  -18,   -5,   -6,   -3,   -3,   -3,  -13,  -13,   -3,   -9,  -12,  -13,   -3,   -2,  -40,
      -3,  -19,   -8,  -17,   -7,  -18,   -4,  -14,  -10,  -15,   -5,  -16,   -5,  -14,   -4,  -10,
     -17,  -16,  -15,  -15,  -25,  -27,   -6,   -3,  -10,    5,  -11,  -11,  -11,  -10,  -11,  -12,
     -10,  -10,   -6,   -9,  -11,  -10,   -6,   -3,   -4,   -3,   -2,   -9,   -3,   -7,  -15,  -38,
     -14,  -36,    2,   -3,    3,    2,    2,   -7,   -6,   -9,   -7,   -9,   -8,   -7,   -6,   -6,
       3,   -5,    2,   -6,   -5,   -1,   -1,   -4,   -4,   -6,   -5,   -8,  -16,  -33,  -17,   -4,
      -8,  -22,  -15,  -16,  -12,  -16,   -1,  -19,   -5,   -3,   -3,  -11,  -11,  -11,   -9,  -14,
      -4,   -3,    2,    2,    3,   -6,  -19,   -1,   -5,  -19,  -19,   -1,   -3,   -1,   -3,  -22,
     -16,  -18,  -10,   -5,   -5,   -2,   -7,  -13,  -29,   -8,   -8,  -33,    1,  -29,   -1,  -43,
     -23,  -17,   -1,  -17,  -11,   -5,  -23,  -15,  -23,  -26,   -2,  -37,   -2,  -23,  -14,  -14,
     -13,   -8,  -21,  -26,   -1,   -2,   -7,    3,   -7,   -9,  -10,   -7,   -9,  -12,   -7,   -7,
      -2,   -5,   -7,   -7,   -1,  -26,   -5,  -26,  -24,  -10,  -29,   -3,  -28,  -38,   -8,  -24,
       5,   -1,    4,    4,    3,   -7,   -5,   -4,   -7,  -10,   -3,   -3,   -6,   -6,    3,   -6,
       4,   -6,   -3,   -3,   -1,  -16,  -13,  -10,  -17,   -4,  -16,  -33,  -14,   -1,  -23,    3,
     -26,  -49,  -16,  -26,  -29,   -1,  -28,  -30,   -1,   -2,   -9,   -9,   -9,   -5,  -10,   -5,
     -29,    5,    3,    3,   -7,   -6,  -17,   -1,  -17,  -17,  -17,  -26,  -25,  -26,  -25,  -41,
     -20,  -13,  -31,  -32,  -32,    5,   -5,  -12,   -4,  -10,  -16,  -17,   -3,   -4,   -2,  -24,
      -3,  -16,  -11,  -12,  -12,  -21,   -4,  -16,  -13,  -14,   -6,  -15,   -4,  -18,   -7,  -10,
     -18,  -17,  -13,  -16,  -29,  -19,   -6,   -7,   -7,    7,   -7,   -7,   -7,    3,   -6,   -7,
      -8,   -7,   -7,   -6,   -5,    2,   -7,    2,   -6,   -9,   -5,   -1,   -2,   -1,  -10,   -9,
     -28,  -15,  -42,    4,    3,    3,  -12,   -3,   -2,  -10,  -12,   -2,   -1,  -10,  -10,    4,
      -9,    3,  -10,   -4,   -6,   -3,  -10,   -9,  -15,  -11,  -10,  -12,  -22,  -16,   -2,   -5,
       1,  -19,  -17,  -14,  -13,  -13,   -3,  -12,   -8,   -4,   -7,   -7,   -7,   -7,   -5,  -17,
      -1,   -1,    3,    3,   -1,  -10,  -16,   -3,  -11,  -16,  -16,   -1,   -3,   -1,   -3,  -31,
     -15,  -23,  -14,   -8,   -8,    1,   -3,   -6,  -10,  -17,   -6,  -10,  -19,    5,  -17,  -39,
      -4,  -13,   -2,   -9,   -2,  -12,   -1,  -22,  -13,  -19,  -13,  -30,   -2,  -10,  -13,  -12,
     -10,  -12,  -21,  -21,   -1,   -1,   -7,   10,   -7,   -7,   -8,    7,   -6,   -8,  -12,   -7,
      -7,   -1,   -6,    6,   -7,    6,   -6,   -1,  -16,   -2,  -11,  -10,   -7,  -12,   -2,  -20,
     -36,   -9,  -29,    8,    8,    8,    8,   -6,   -2,   -5,   -8,   -1,   -1,   -3,   -3,    8,
      -4,    8,   -2,   -1,   -8,   -7,   -6,   -8,   -4,  -10,  -30,  -13,   -7,    6,  -16,  -33,
     -10,  -14,  -15,  -15,  -14,   -1,   -1,   -7,   -7,   -8,   -6,  -11,   -2,  -12,    8,    8,
       8,   -3,   -3,  -13,   -8,  -13,  -13,  -11,  -14,  -11,  -14,  -37,  -13,  -13,  -14,  -18,
     -18,    7,   -3,   -6,  -25,  -13,   -8,  -19,  -14,  -19,  -39,  -41,  -36,  -40,  -45,  -12,
      -8,   -6,   -6,  -35,  -11,  -24,   -5,  -12,   -7,  -21,  -21,  -40,  -27,  -26,  -30,  -34,
     -37,   -3,   -3,   -3,   -3,   -3,   -4,   -2,   -3,   -2,   -3,   -3,   -6,   -2,   -6,   -3,
      -6,   -3,   -7,    6,   12,   12,   11,   -3,   -2,  -19,  -47,  -52,  -16,  -18,  -20,  -17,
      -8,  -17,   -7,   -7,  -10,  -10,  -17,   -9,  -20,  -10,  -16,   -6,   -8,   -3,   -3,  -10,
      -4,  -12,  -21,  -14,  -45,  -28,  -13,  -14,   -4,  -38,   -6,   -7,   -8,   -6,    1,   -2,
     -37,   -3,   -3,   -3,   -2,  -25,   11,  -14,  -17,  -13,    7,   -9,  -38,   -8,   -4,  -40,
     -40,    7,    7,  -16,  -15,  -53,   -4,  -12,   -2,  -18,  -10,   -8,   -9,  -12,    2,  -38,
      -2,  -21,   -1,  -20,   -1,  -14,   -3,  -12,   -8,  -13,   -3,  -15,   -3,  -12,   -2,   -8,
     -14,  -13,  -15,  -13,  -20,  -26,   -4,   -8,    5,   -8,   -8,   -8,    2,   -7,   -9,  -11,
      -8,   -8,   -1,   -6,    1,   -8,    1,   -7,   -1,   -2,   -1,   -1,   -5,   -2,   -1,  -13,
     -37,  -12,  -30,    6,   -1,    4,    3,    3,   -4,   -5,   -6,   -4,   -6,   -4,   -4,   -3,
      -3,    3,   -3,    3,   -3,   -2,   -3,   -3,   -3,   -4,   -5,  -17,  -31,  -18,   -3,   -6,
     -20,  -13,  -16,  -10,  -15,  -16,   -3,   -8,   -8,   -9,   -6,  -12,   -2,   -2,    6,    3,
       3,    1,   -3,  -22,   -4,  -22,  -22,   -1,   -1,  -20,  -16,  -14,   -8,   -3,   -3,    1,
      -7,   -8,  -10,  -11,   -4,   -8,  -38,  -16,  -22,  -13,  -23,  -28,  -13,  -12,  -15,  -10,
      -7,   -2,   -8,   -7,  -10,   -9,  -16,  -11,  -17,  -20,   -9,  -17,   -9,   10,  -10,  -10,
     -10,    8,   -8,  -10,  -11,   -9,   -9,  -13,   -8,    6,  -10,    6,   -9,   -1,    5,   -1,
     -12,   -1,   -8,   -9,  -38,  -23,  -51,   -1,   -1,   -1,   -5,   -1,   -1,   -4,   -5,    1,
       2,    1,    8,    8,    7,   -1,  -10,  -33,  -20,   -5,    6,   -8,   -9,  -16,   -4,    1,
      -5,    2,  -17,  -10,  -10,  -10,   -8,  -11,   -1,   -1,   -1,    1,    1,  -16,    1,    7,
     -16,  -16,    1,    1,  -16,   -9,  -35,   -1,   -1,    1,   -2,   -1,   -1,   -6,  -41,   -1,
      -8,  -17,   -9,  -14,  -20,  -10,  -11,  -17,  -11,   -6,   -6,    2,   -6,   -7,   -7,   -6,
      -7,  -16,   -6,   -6,   -1,   -5,   -6,   -6,   -2,   -1,  -10,  -16,  -14,   -3,  -20,   -1,
     -36,   -5,   -5,   -5,   -4,   -4,   -4,   -1,   -5,   -3,   -3,   -4,   -2,   -5,   -1,   -1,
      -1,    2,  -22,  -32,   -3,   -2,   -8,   -9,  -30,  -30,   -2,   -1,   -2,   -1,   -2,   -1,
      -1,  -22,   -1,  -29,   -8,  -15,   -7,  -11,  -22,  -10,  -11,  -18,  -11,   -6,  -24,  -19,
      -3,   -3,   -8,   -9,  -30,  -30,   -2,   -1,   -2,   -1,  -25,   -2,  -25,  -25,  -23,  -53,
     -49,  -17,  -21,  -16,  -21,  -27,  -19,  -22,  -22,  -20,  -14,  -59,  -35,  -12,  -23,  -14,
     -23,  -24,  -24,  -16,  -23,  -24,  -33,  -23,  -23,  -17,  -22,  -17,  -23,  -17,  -23,  -21,
     -15,  -26,  -32,  -31,  -18,  -34,  -17,  -17,  -23,  -23,  -23,  -23,  -16,  -22,  -22,  -17,
     -21,  -21,  -19,  -16,  -16,  -23,  -18,  -23,  -17,  -18,  -16,  -17,  -13,  -14,  -14,  -14,
     -15,  -22,  -25,  -22,  -16,  -58,  -40,  -25,  -37,  -25,   -9,  -30,  -26,  -26,  -12,  -18,
     -11,  -22,  -12,  -11,  -23,  -24,  -29,   -9,  -29,  -29,  -29,  -11,  -28,  -29,  -32,  -29,
     -29,  -25,  -28,  -12,  -29,  -12,  -28,  -18,  -16,  -22,  -31,  -29,  -36,  -38,  -25,  -57,
     -12,  -19,  -14,  -14,  -14,  -19,  -17,  -23,  -17,  -20,  -22,  -22,  -17,  -17,  -14,  -17,
     -14,  -17,  -17,  -15,  -16,  -12,  -13,  -16,  -13,  -17,  -20,  -29,  -36,  -36,  -18,  -18,
     -18,  -18,  -20,  -28,  -24,  -19,  -30,  -24,  -19,  -20,  -32,  -19,  -12,  -27,  -24,  -24,
     -30,  -13,  -21,  -29,  -24,  -46,  -46,  -18,  -65,  -26,  -12,  -45,  -53,  -43,  -15,  -24,
     -12,  -58,  -19,  -20,  -26,  -59,  -33,  -32,  -10,  -32,  -32,  -33,  -11,  -31,  -34,  -34,
     -32,  -32,  -31,  -31,  -12,  -32,  -12,  -31,  -34,  -47,  -24,  -43,  -40,  -54,  -56,  -41,
     -59,  -22,  -22,  -13,  -14,  -13,  -31,  -18,  -28,  -30,  -32,  -27,  -27,  -29,  -29,  -13,
     -28,  -14,  -29,  -22,  -25,  -23,  -29,  -27,  -43,  -30,  -32,   -1,   -3,   -3,  -15,  -15,
     -42,  -60,  -42,  -43,  -17,  -17,  -12,  -31,   -4,   -8,   -4,   -3,   -4,   -9,   -3,   -4,
      -4,   -3,   -3,   -7,   -2,   -9,   -4,   -9,   -4,   -7,    5,    1,   12,   12,   11,   -4,
     -22,  -22,    1,  -29,  -30,  -29,  -10,  -28,   -1,   -8,   -9,   -1,   -1,  -14,  -14,  -29,
     -14,  -30,  -14,  -25,   -9,  -12,   -5,   -6,  -10,   -6,  -17,  -15,  -11,  -41,   -4,   -7,
      -4,  -15,  -31,  -63,  -63,   13,   13,  -41,  -15,  -13,  -13,  -52,   -9,  -21,  -16,  -14,
     -17,   -6,   -6,  -10,   -6,  -18,  -20,    4,  -20,  -20,  -21,    2,  -19,  -21,  -21,  -20,
     -20,  -20,  -18,    1,  -20,    1,  -19,  -10,   -5,  -10,  -11,  -10,  -23,  -14,  -15,  -49,
     -57,   -8,   -7,   -3,   -3,   -2,   -8,   -5,  -13,   -7,   -8,  -12,  -13,   -6,   -6,   -3,
      -5,   -3,   -7,   -6,   -2,   -3,   -1,   -1,   -9,   -3,   -9,   -3,  -12,   -6,  -12,   -6,
     -12,   -2,  -11,  -38,  -15,   -7,   -2,  -38,   -4,  -30,  -34,  -34,    4,  -33,    2,   -5,
      -5,    9,    7,   -3,   -2,   -2,  -20,  -14,  -30,  -23,  -14,  -10,   -2,   20,    1,   -2,
       1,    1,   -5,    1,    1,   -9,    1,    1,   14,    3,   -4,    1,   -4,    1,  -17,  -12,
     -31,  -29,   12,  -17,    8,  -29,  -28,  -20,  -25,    5,   -1,   -1,   -1,   -1,    3,   -1,
       4,    2,   -9,    5,    7,    1,    2,   -1,   -5,   -1,    3,    1,   -4,   -5,  -21,  -18,
      11,  -22,    7,  -31,  -33,  -24,  -12,  -32,  -37,   -8,  -30,  -34,  -36,  -30,    1,   20,
      20,   20,   20,   20,   20,   30,   -2,    1,    1,    1,    1,    1,    1,    1,    1,    1,
       3,   -4,   -4,   -4,   -4,   -4,  -19,   -3,  -12,  -12,  -12,  -12,  -17,    1,   15,    5,
       5,    5,    5,    5,   -1,   -1,   -1,    2,    2,    2,    2,   -1,    2,   -1,   -1,   -1,
      -1,  -32,   -5,   -5,   -5,   -5,  -22,  -22,  -35,  -36,  -33,  -36,  -33,  -36,  -41,  -29,
      -1,  -21,  -12,    1,   -1,   -1,  -12,   -7,   -9,    4,  -12,  -36,  -12,  -16,   -2,  -15,
      -1,  -12,    4,   -6,   -1,   -6,    7,   -8,    6,   -6,    6,   -6,   -5,  -12,  -12,  -19,
     -16,   -3,   -5,   11,   -5,   -5,   -6,    8,   -4,   -6,   -8,   -5,   -5,   -3,    7,   -5,
       7,   -4,   -1,   -3,   -3,   -2,   -5,   -5,   -2,   -7,  -35,  -12,  -41,    7,    1,    9,
       8,    8,   -2,   -1,   -3,   -2,   -6,   -2,   -3,   -2,   -2,    8,   -3,    8,   -2,    1,
      -1,   -1,   -1,   -4,   -2,   -4,  -30,  -15,    7,  -16,  -18,  -13,  -16,  -18,   -5,   -5,
       5,   11,   -5,   -5,   -5,   -5,   -6,   -6,   -6,   -6,   -3,   -3,    7,    7,    7,    7,
       7,  -12,    7,   -5,   -5,    4,    8,    7,    8,    8,    8,    8,    7,    9,    8,    8,
       8,    8,   -1,   -2,    5,    3,    8,    8,    8,    8,    8,    8,   -2,   -2,  -16,  -16,
     -14,  -14,  -22,  -15,  -14,  -10,    8,   -3,   -5,   -2,   -8,  -19,  -11,   -5,   -8,  -10,
     -25,   -5,  -44,   -4,  -40,   -3,  -16,   -6,   -1,   -6,   -7,   -5,   -3,   -6,   -6,  -33,
     -19,  -20,  -16,  -11,   -1,   -3,   -3,   -3,   -3,   -3,   -6,   -3,   -3,   -6,   -3,   -3,
      -1,   -1,   -5,   -3,   -5,   -3,   -4,    2,    3,    3,    2,    3,  -28,  -22,  -35,    1,
      -6,   -6,   -6,   -5,  -12,   -3,   -6,   -8,   -1,   -1,   -5,   -5,   -6,   -7,   -6,   -6,
      -5,   -3,   -5,   -7,   -6,   -3,   -8,   -5,  -21,  -33,   -8,  -14,  -19,  -23,  -13,  -16,
     -16,   -3,   -6,   -1,   -1,   -1,   -1,   -1,   -1,    6,   -3,   -3,   -3,   -3,   -3,   -3,
      -3,   -3,   -3,   -3,   -1,   -5,   -5,   -5,   -5,   -5,  -16,   -5,    3,   -3,    1,    1,
       1,    1,    1,   -6,   -6,   -5,   -5,   -3,   -6,    6,   -5,   -6,   -6,   -5,   -6,   -5,
      -6,   -5,   -5,   -5,   -5,   -8,  -45,  -45,    2,   -8,    2,   -8,  -20,  -14,  -27,  -14,
      -5,   -7,   -3,   -9,  -10,   -3,   -3,    2,  -42,  -15,  -21,  -13,  -21,  -21,    8,   -9,
      -4,  -10,    1,    5,   -1,    8,   -1,  -14,  -11,  -17,  -11,   -6,  -10,   -6,   17,   -6,
      -6,   -7,   14,   -6,   -7,   -9,   -6,   -6,   -7,   -5,   13,   -6,   13,   -6,   -2,    2,
       1,   -2,  -13,   -7,   -6,   -3,  -38,  -17,  -53,   -1,    1,    7,    5,    7,    2,   -3,
      -1,   -3,    1,    1,    7,    2,    5,    1,    6,    5,    7,    7,    6,   -1,  -32,  -17,
       7,    7,  -17,   -8,  -14,   -5,   -5,   -3,  -10,  -10,  -10,  -10,  -10,  -10,   -5,   17,
      -6,   -6,   -6,   -6,   -7,   -7,   -7,   -7,   -1,   -5,   13,   13,   13,   13,   13,  -10,
      13,    1,    1,    1,    1,   -7,   -6,   -1,   -1,   -1,   -1,   -1,   -1,    7,    7,    7,
       7,    7,    3,    2,    1,    7,    7,    7,    7,    7,    7,    5,    5,    5,    5,    6,
       6,  -15,  -16,    3,   -1,    3,   -1,  -18,  -30,    3,    8,   -1,   -4,  -12,  -12,   -5,
       3,  -12,   -2,  -24,  -11,  -37,  -35,    1,   -8,   -1,    7,   -1,   -5,   -5,    5,   -8,
       1,    1,  -25,  -14,  -14,  -11,   -3,   12,   -1,   -1,   -4,    6,    1,   -1,   -1,    1,
      -3,    1,    1,    4,    5,   -3,  -26,  -13,  -25,    9,    1,    1,    1,    1,   -4,   -1,
      -7,    1,    2,   -2,   -2,    1,   -5,    1,    2,   -4,   -3,  -10,   -8,    1,  -10,  -21,
     -26,   -9,  -25,  -22,  -18,  -17,  -19,   -7,    1,   12,   12,   12,   12,   12,   12,   21,
       1,   -1,   -1,   -1,   -1,   -1,  -10,   -1,    8,    9,    9,    9,   10,    1,    1,    1,
       1,    1,    1,   -2,    8,    7,   -2,    1,    1,    1,    1,   -3,   -3,   -3,   -3,  -10,
       1,  -10,  -39,  -40,  -13,  -13,  -22,   -4,  -24,   -9,    2,   -2,   -1,  -21,  -12,  -15,
     -10,  -19,  -33,  -42,  -33,  -43,  -37,   -3,   -1,   -1,  -21,   -2,  -12,    4,   -3,  -15,
     -14,  -35,  -28,  -25,  -17,  -27,  -27,   -3,   -1,   -3,   -3,   -3,   -1,   -3,   -3,   -3,
      -3,   -3,   -6,   -1,   -2,   -3,   -2,   -3,   -6,    9,    4,   16,   15,    1,   14,   -2,
       6,  -25,  -35,  -46,  -17,    4,  -14,  -15,  -14,   -6,  -16,   -6,   -6,   -9,   -9,  -14,
      -8,  -15,  -10,  -15,   -3,   -5,   -4,   -1,  -13,  -19,  -38,   -2,  -17,  -13,   -9,  -10,
      -8,    3,  -10,  -27,  -27,  -27,  -27,  -27,  -27,  -20,   -1,   -3,   -3,   -3,   -3,   -3,
      -3,   -3,   -3,   -2,   -1,   -2,   -2,   -2,   -2,   -2,  -25,   -2,    4,    4,    4,    4,
      14,   -3,  -14,  -15,  -10,  -12,   -9,  -13,  -17,  -14,  -14,  -10,  -10,   -4,   -7,   11,
      11,  -14,  -14,  -11,  -13,  -11,  -14,   -5,   -5,   -5,   -5,   -1,   -1,  -36,  -36,   15,
      -1,   15,   -1,  -16,  -53,  -17,  -16,   -9,   -4,  -13,  -10,  -12,   -2,  -13,    3,  -29,
      -7,  -12,   -3,  -10,   -5,  -14,    6,   -4,   -1,   -3,   -2,    6,   -4,   -2,   -2,  -13,
     -14,  -22,  -10,   -3,   -1,   -3,   13,   -3,   -3,   -3,   10,   -2,   -3,   -5,   -3,   -3,
      -1,    9,   -3,    9,   -3,   -5,   -1,    1,   -2,   -1,   -1,   -2,  -28,  -15,  -40,    3,
       8,    7,    8,   -4,   -1,   -4,   -6,   -1,   -5,   -5,    8,   -4,    7,   -5,    1,   -4,
      -3,   -5,   -5,   -3,  -24,  -16,    6,  -15,  -12,   -9,  -11,  -12,   -7,   -1,   -1,   -1,
      -1,   -1,   -1,    5,   13,   -3,   -3,   -3,   -3,   -3,   -3,   -3,   -3,   -1,    9,    9,
       9,    9,    9,  -16,    9,    1,    1,    1,    1,   -1,   -3,    8,    8,    9,    9,   -2,
      -4,    6,    5,    8,    8,    9,    9,    9,    8,   -4,   -4,  -12,  -12,  -13,  -13,  -22,
     -11,  -15,    8,   -6,   -2,   -4,  -13,  -22,  -10,  -13,  -12,  -21,   -7,  -32,   -5,  -30,
      -9,  -15,   -9,   -1,    2,  -11,   -6,   -9,   -4,   -7,   -6,   -6,   -6,  -31,  -28,  -24,
     -14,  -12,    1,   -3,    1,   -5,   -4,    1,   -5,   -5,   -7,   -2,    4,    4,    5,    4,
      -1,  -21,  -27,  -25,   -4,    1,   -7,   -7,   -7,   -6,   -8,   -4,   -9,    1,   -7,   -6,
      -8,  -11,   -7,   -6,   -6,  -10,  -10,  -10,  -10,   -3,  -11,   -3,  -18,  -35,  -14,  -34,
     -24,  -17,  -12,  -13,  -11,   -5,  -10,    1,    1,    1,    1,    1,    1,   11,   -3,    1,
      -5,   -5,   -5,   -5,   -5,  -25,   -5,   -2,   -2,   -2,   -2,    4,   -4,   -4,   -2,   -2,
      -1,   -3,   -4,   -7,   -6,   -7,   -6,   -6,   -6,    7,   11,   -6,   -7,   -8,   -6,   -6,
      -6,   -8,  -10,  -10,  -10,  -10,  -11,   -9,  -33,  -33,   -8,   -8,  -26,  -21,  -14,  -15,
     -13,  -10,   -6,   -4,  -13,  -24,  -16,  -12,  -13,  -13,  -20,   -7,  -36,   -8,  -34,  -10,
     -16,  -13,   -1,    2,  -14,   -6,  -12,   -4,  -10,   -8,   -8,   -7,  -34,  -30,  -25,  -13,
     -14,    1,   -1,   -5,   -1,    1,   -8,   -4,    1,   -8,   -1,   -8,   -8,   -1,   -2,    4,
       3,    5,    4,   -1,   -1,  -21,  -30,  -25,   -6,  -10,   -9,   -9,   -7,  -10,   -6,  -10,
       1,   -7,   -7,  -10,  -13,   -9,   -7,   -8,  -12,  -13,  -13,  -13,   -4,  -14,   -5,  -18,
     -38,   -5,  -17,  -38,  -25,  -13,  -14,  -12,   -6,  -10,    1,    1,    1,    1,    1,    1,
      10,   -5,    1,   -8,   -8,   -8,   -8,   -8,  -28,   -8,   -2,   -2,   -2,   -2,    4,   -2,
      -6,   -6,   -4,   -3,   -6,   -9,   -9,   -9,   -8,   -7,   -6,    7,   -9,   -7,  -10,  -10,
      -8,   -8,   -8,  -10,  -12,  -12,  -11,  -14,    1,  -37,  -37,   -1,   -8,   -1,   -8,  -27,
     -23,  -15,  -18,  -16,  -10,   -7,   -8,  -14,  -27,  -23,  -17,  -14,  -21,  -23,   -8,  -36,
     -22,  -33,  -21,  -29,  -13,   -8,   -4,   -4,  -14,  -12,  -15,   -5,  -11,   -8,  -19,  -18,
     -33,  -31,  -34,  -18,  -25,  -12,   -6,   -6,   -6,   -6,   -6,   -8,   -6,   -6,   -8,   -6,
      -6,   -5,   -4,   -9,   -6,   -9,   -6,  -13,   -2,   -3,    3,    3,    3,   -7,   -1,  -26,
     -32,  -29,  -12,   -3,  -13,  -14,  -13,  -15,  -19,   -5,  -11,  -12,   -5,   -4,  -16,  -16,
     -13,  -18,  -14,  -16,  -18,  -14,  -15,  -13,  -13,  -14,  -14,  -16,  -22,  -38,  -17,  -25,
     -13,  -14,  -12,  -22,  -12,  -12,  -12,  -12,  -12,  -12,   -7,   -6,   -6,   -6,   -6,   -6,
      -6,   -6,   -6,   -6,   -5,   -4,   -9,   -9,   -9,   -9,   -9,   -9,   -3,   -3,   -3,   -3,
       3,  -12,  -12,  -12,  -10,  -10,   -9,  -12,  -12,  -13,  -13,  -12,  -11,   -5,  -14,    2,
     -16,  -12,  -12,  -12,  -12,  -12,  -12,  -14,  -14,  -14,  -13,  -14,  -36,  -36,   -2,   -9,
      -2,   -9,  -28,  -28,  -17,  -16,  -21,  -11,    1,  -12,  -20,   -8,   -5,  -12,  -10,  -17,
      -4,  -47,  -49,   -1,   -7,  -10,   -1,    7,    4,  -13,   -3,   -7,   -1,  -10,   -1,  -42,
     -28,  -16,  -10,   -7,   16,    4,   -9,    4,    3,    3,  -12,    4,    3,    4,    4,   11,
       6,  -11,    4,  -11,    4,   -2,   -2,    1,    7,    7,   14,   12,    7,  -19,  -25,  -25,
      -1,    3,   -7,   -6,   -7,   -5,    2,   -8,    4,    5,   -2,   -1,   -7,  -10,   -6,   -1,
      -2,   -7,  -10,  -27,  -24,    8,  -28,    3,  -15,  -45,  -25,  -46,  -28,  -14,  -16,  -11,
      16,   16,   16,   16,   16,   16,   27,   -9,    3,    3,    3,    3,    3,    3,    3,    3,
       4,    6,  -11,  -11,  -11,  -11,  -11,  -24,  -10,    1,    1,    1,    1,   12,    4,   -1,
       1,    1,    2,   -1,   -6,   -6,   -6,   -5,   -5,    1,   11,   -1,   -6,   -7,   -5,   -5,
      -5,  -44,   -7,   -9,   -9,   -9,   -8,  -27,  -16,  -49,  -50,   -6,   -6,  -25,   -4,  -37,
     -24,    1,   -2,   -2,  -65,   -9,   -6,    5,  -58,   -2,  -35,  -42,  -21,  -19,   -9,    2,
      -8,   -1,   -3,    7,  -11,    6,  -28,    6,  -17,   -1,   -1,  -15,  -12,  -16,  -13,   -2,
      11,   -3,    6,   -3,   -3,   -4,    2,   -2,   -3,  -11,   -3,   -3,    4,   -1,    2,   -3,
       2,   -2,   -1,  -31,   -7,  -28,  -24,  -27,    2,  -21,  -34,  -11,  -26,   11,   -1,    6,
       7,    6,   -2,   -2,   -1,   -2,  -10,   -1,   -2,   -1,    6,   -5,    7,   -1,   -5,   -3,
     -18,  -15,   -1,  -18,  -29,  -18,  -42,  -19,  -30,  -63,  -64,  -59,  -49,   11,   11,   11,
      11,   11,   11,   18,    6,   -3,   -3,   -3,   -3,   -3,   -3,   -3,   -3,   -3,   -1,    2,
       2,    2,    2,    2,  -12,    2,   -7,   -7,   -7,   -7,  -27,   -3,   11,   11,   11,   11,
      11,   11,   11,    6,    6,    6,    6,   -2,   -2,   -1,   -1,   -1,    6,    6,    6,    6,
       6,    6,   -3,   -3,   -3,   -3,  -18,  -18,  -21,  -21,  -54,  -54,  -56,  -60,  -38,   -6,
     -17,    1,   -7,  -15,  -18,   -9,   -4,  -15,   -7,  -19,  -10,  -32,  -32,   -2,   -8,   -7,
      -4,    4,    1,   -9,   -4,   -5,   -6,  -10,   -1,  -30,  -26,  -18,  -12,   -6,   14,   -2,
      -5,   -2,    8,    2,   -5,   -5,   -3,   -3,   -2,   -1,   10,    6,    2,   -5,  -22,  -22,
     -25,   -2,   -1,   -3,   -1,   -4,   -1,  -10,    1,    2,   -2,   -2,   -3,   -8,   -1,   -1,
      -1,   -7,   -8,  -14,  -13,    5,  -15,  -18,  -34,   -8,  -13,  -33,  -28,  -11,  -15,  -16,
     -13,  -10,   14,   14,   14,   14,   14,   14,   24,   -2,    2,   -5,   -5,   -5,   -5,   -5,
     -22,   -5,   -2,   -2,   -2,   -2,    6,    1,    1,    1,   -2,   -3,   -3,   -2,   -1,   -2,
       8,   12,   -2,   -3,   -3,   -2,   -3,   -1,   -2,   -8,   -8,   -8,   -7,  -15,  -13,  -34,
     -34,   -5,  -11,   -5,  -11,  -28,   -7,  -18,  -13,   -4,   -1,   -6,  -18,  -13,   -9,   -6,
     -10,  -17,  -28,  -12,  -26,  -11,  -21,   -3,   -1,   -7,   -3,   -5,    1,   -1,   -8,   -8,
     -26,  -23,  -26,  -13,  -16,   -4,    1,    3,    1,    1,    1,   -2,    1,    1,    2,    2,
      -4,    9,    4,   14,   13,   10,   13,   -1,  -20,  -24,  -28,   -5,    3,   -4,   -5,   -4,
      -7,   -9,   -3,   -6,    1,   -7,   -8,   -4,   -9,   -5,   -8,   -8,   -6,   -6,   -5,   -5,
      -6,   -6,   -8,  -14,  -29,    1,   -8,  -28,  -15,   -7,  -23,   -6,   -8,   -6,  -12,   -4,
      -4,   -4,   -4,   -4,   -4,    3,    1,    1,    1,    1,    1,    2,  -20,    4,    4,    4,
       4,   13,    1,   -3,   -4,   -1,   -3,   -1,   -3,   -5,   -4,   -4,   -4,   -2,   -1,    1,
      -6,   11,   14,   -7,   -4,   -4,   -3,   -3,   -1,  -27,   -4,   -6,   -6,   -5,   -5,   -6,
     -28,  -28,    6,    6,  -20,  -19,  -10,   -7,  -11,   -2,   -4,   -9,  -10,   -3,   -4,    3,
     -42,  -15,  -18,  -13,  -18,  -21,    8,   -8,   -4,   -9,    5,   -1,    1,    7,  -13,  -12,
     -17,  -11,   -6,   -8,   -5,   17,   -5,   -6,   -6,   14,   -4,   -6,   -8,   -5,   -5,   -6,
      -4,   12,   -5,   12,   -5,   -2,    2,    1,   -1,  -12,   -6,   -6,   -3,  -38,  -16,  -50,
       1,    7,    6,    7,    1,   -3,   -1,   -1,   -3,    1,    1,    7,    2,    6,    1,    6,
       4,    7,    7,    6,   -2,  -33,  -16,    7,  -16,   -9,   -6,   -5,    1,   -3,   -8,   -8,
      -8,   -8,   -8,   -8,   -3,   17,   -6,   -6,   -6,   -6,   -6,   -6,   -6,   -6,   -1,   -4,
      12,   12,   12,   12,   12,  -10,   12,    1,    1,    1,    1,   -6,   -6,    4,    7,    7,
       7,    7,    7,    3,    2,    6,    1,    7,    7,    7,    7,    7,    7,    5,    5,    5,
       5,    6,    1,    6,  -15,  -16,    3,   -2,    3,   -2,  -18,  -28,    3,    8,   -1,   -4,
       2,  -15,   -8,  -13,    2,   -3,  -28,    3,  -26,  -51,  -23,  -51,  -29,    3,   -1,   -2,
     -14,    5,   11,   -1,  -31,  -14,  -14,  -15,  -15,  -24,   -3,   10,   -4,   -3,   -3,    8,
      -3,   -4,   -4,   -3,   -3,   -8,   -2,    6,   -4,    6,   -3,   -1,   13,    2,    6,    7,
      -5,    3,   -5,  -32,  -28,  -58,   -6,   -5,   -6,   -4,   -3,   -3,   -2,   -3,    1,    1,
      -4,    2,   -6,   -1,    6,    2,    9,    9,    8,   -1,  -28,  -36,   -7,  -34,   -7,  -26,
       1,   -2,   -2,   10,  -24,  -24,  -24,  -24,  -24,  -24,  -23,   10,   -3,   -3,   -3,   -3,
      -4,   -4,   -4,   -4,   -1,   -2,    6,    6,    6,    6,    6,  -12,    6,    2,    2,    2,
       2,    3,   -3,   -5,   -5,   -3,   -4,   -3,   -4,   -5,   -5,   -4,   -4,   -2,   -2,   10,
       7,    1,   -4,   -4,   -3,   -4,   -3,   -4,    2,    2,    3,    3,    8,    9,  -27,  -27,
      15,    1,   15,    1,  -12,  -66,   -1,   -6,    1,   -2,   -4,   -8,   -9,   -3,   -4,    6,
       7,  -15,   10,  -13,  -14,   20,    8,   -7,   -2,   -7,   -1,    5,   -1,    1,    8,   13,
     -13,  -12,  -16,  -11,    1,   -7,   -5,   17,   -5,   -5,   -6,   14,   -4,   -6,   27,   -5,
      -5,   -5,   -3,   12,   -5,   12,   -4,   -2,    3,    1,   -1,  -12,   -6,   -5,   -3,  -16,
      27,    1,    2,    8,    7,    8,    1,   30,   -1,    1,   25,    1,    2,    8,   16,    7,
       2,    2,    6,    6,    7,    8,   12,   -1,    7,  -16,    7,   -9,  -12,   -6,   -5,   -2,
      -7,   -7,   -7,   -7,   -7,   -7,   -2,   17,   -5,   -5,   -5,   -5,   -6,   -6,   -6,   -6,
      -3,   12,   12,   12,   12,  -10,    1,    1,    1,    1,   -6,   -5,    1,    1,    1,    1,
      10,    8,    8,    8,    8,    1,    1,    4,    3,    2,    8,    8,    8,    6,    6,    7,
       6,   21,  -15,  -16,    3,   -2,    3,   -2,  -18,  -23,    3,    8,  -15,  -17,   -7,   -3,
     -15,   -7,  -33,  -16,  -40,    1,  -42,   -1,   -7,   -6,   -3,    5,    2,  -10,   -3,   -5,
      -8,   -6,  -37,  -22,  -16,  -12,   -6,   14,   -1,   -2,   -1,   -1,   -1,   -5,   -1,   -2,
     -10,   -1,   -1,    9,   -1,   -5,   -1,   -5,   -1,   -1,   -6,  -10,   -9,   -8,    7,   -7,
       5,  -12,  -32,  -23,  -25,    1,   -2,   -2,   -3,   -2,   -3,   -9,    1,    2,   -2,   -5,
      -3,   -3,   -5,   -8,   -7,    8,   -8,    3,  -32,  -41,  -11,  -21,  -42,  -24,  -14,  -18,
     -20,   -9,   14,   14,   14,   14,   14,   14,   25,   -2,   -1,   -1,   -1,   -1,   -2,   -2,
      -2,   -2,   -1,   -1,   -5,   -5,   -5,   -5,   -5,  -19,   -5,  -10,  -10,  -10,  -10,   -7,
      -1,    1,    1,    2,    1,    1,    1,    1,   -2,   -2,   -2,   -2,    3,    1,   -2,   -2,
      -2,   -2,   -2,   -2,  -39,   -2,   -5,   -5,   -4,   -5,   -8,   -1,   -8,  -43,  -43,   -6,
     -17,   -6,  -17,  -26,   -5,  -18,  -20,   -2,   -3,  -14,   -9,  -10,    2,  -14,   -1,  -31,
     -12,  -18,   -2,  -17,   -1,  -13,    2,   -6,   -1,   -3,    6,  -10,    4,   -6,    4,   -5,
      -7,   -6,  -14,  -13,  -20,  -17,   -5,   -1,   -4,    7,   -4,   -4,   -4,    3,   -3,   -4,
      -6,   -4,   -4,   -1,   -2,    3,   -4,    3,   -3,   -3,   -4,   -1,   -1,   -2,   -2,   -1,
      -5,  -32,  -13,  -40,    6,    6,    6,    6,   -5,   -4,   -1,   -5,   -8,   -1,   -2,   -6,
      -6,    6,   -5,    6,   -6,   -1,   -2,   -3,   -7,   -6,   -7,   -8,   -5,  -26,  -16,  -11,
       4,  -17,  -20,  -16,  -18,  -19,  -20,   -6,   -1,   -1,   -1,   -1,   -1,   -1,    5,    7,
      -4,   -4,   -4,   -4,   -4,   -4,   -4,   -4,   -3,   -2,    3,    3,    3,    3,    3,  -13,
       3,   -1,   -1,   -1,   -1,   -2,   -4,    6,    6,    7,    6,    7,    6,    6,    6,    6,
       6,    6,    6,   -3,   -6,    5,    4,   -5,    6,    6,    6,    6,    6,    6,   -3,   -3,
      -3,   -3,   -8,   -8,  -18,  -18,  -15,  -15,  -23,  -14,  -12,    5,   -5,   -6,    3,  -16,
      -8,  -14,    3,   -5,  -19,    5,  -45,  -32,  -38,  -32,  -30,    1,  -21,   -1,   -5,    6,
       9,   -2,   -2,  -52,  -16,  -15,  -15,  -22,  -18,   -1,    4,   -1,   -1,   -1,    2,   -1,
      -1,   -1,   -1,   -3,    1,   -1,   15,    7,   15,   15,    1,   13,   -1,    6,  -25,  -31,
     -36,   -7,    6,  -13,  -14,  -12,   -9,    1,    1,   -2,   -2,  -12,   -1,  -14,   -2,   -8,
       1,    7,    6,    5,   -2,  -20,  -54,    5,  -18,  -62,   -9,  -36,   -1,   -3,   -1,    9,
     -18,  -18,  -18,  -18,  -18,  -18,  -12,    4,   -1,   -1,   -1,   -1,   -1,   -1,   -1,   -1,
       1,  -13,    7,    7,    7,    7,   13,   -1,   -7,   -7,   -4,   -5,   -4,   -6,   -7,  -13,
     -10,  -11,   -8,   -8,    1,   -1,   14,   15,  -10,  -11,   -9,  -10,   -9,  -43,  -12,    5,
     -49,  -49,   13,    4,   13,    4,  -11,  -41,   -7,  -18,    1,   -1,   -1,   -4,  -16,  -12,
      -8,   -4,   -7,  -16,  -25,  -21,  -23,  -21,  -28,   -1,   -1,   -1,   -1,   -6,   -2,   -1,
       1,   -9,   -8,  -22,  -21,  -25,  -13,  -14,  -12,    5,   -1,    2,   -2,   -1,    1,    2,
      -1,    2,   -1,   -3,   10,    7,   15,   15,    5,   15,   -2,    3,  -19,  -24,  -49,   -7,
       5,   -3,   -3,   -2,   -7,   -7,   -3,   -3,    1,    1,   -8,   -8,   -3,   -7,   -3,   -8,
      -7,   -3,   -3,   -1,   -2,   -7,   -3,  -10,  -13,  -26,    2,   -5,  -25,  -13,   -4,   -5,
      -4,  -13,  -12,  -12,  -12,  -12,  -12,  -12,   -7,    5,    1,    2,    2,    2,    2,    2,
     -18,    2,    7,    7,    7,    7,   15,   -5,   -4,   -6,   -2,   -1,   -4,   -7,   -3,   -2,
      -2,   -6,   -1,   -8,   -2,   -3,   -3,   -1,   -3,  -25,  -25,    9,    9,  -19,  -30,   -7,
      -3,  -12,   -1,    3,    3,  -28,  -11,  -16,    3,  -11,  -12,    9,  -43,  -49,  -41,  -49,
     -38,   -4,    2,    6,  -29,   -1,  -19,   10,   -2,  -17,  -17,  -45,  -31,  -30,   -8,  -35,
     -33,    4,   -3,    4,    5,    5,   -4,    5,    5,    5,    5,    5,    7,   -5,    4,   -5,
       4,   -3,   15,   13,   26,   26,   13,   26,    1,   13,  -11,  -40,  -62,  -21,   15,  -21,
     -23,  -20,   -7,  -21,    9,   -2,   -2,    9,    8,  -14,  -14,  -21,  -13,  -22,  -15,  -19,
      -7,  -12,   -8,   -8,  -13,   -8,  -17,   -6,  -50,    5,  -26,  -11,   -2,   -4,   -2,    7,
     -16,  -33,  -33,  -32,  -33,  -33,  -33,  -15,   -2,    5,    5,    5,    5,    5,    5,    5,
       5,    4,    7,   -5,   -5,   -5,   -5,   -5,  -28,   -5,   13,   13,   13,   13,   26,    5,
     -13,  -19,   -6,   -6,   -4,  -11,  -21,  -21,  -13,  -20,   -7,   -6,    2,   -6,   21,   25,
     -14,  -21,   -8,   -9,   -6,  -21,  -11,  -11,   -7,   -6,   -8,   -1,  -44,  -44,   18,    4,
      18,    4,  -13,  -57,  -19,  -26,  -15,    2,    3,  -25,  -10,  -14,    3,  -10,  -12,    8,
     -38,  -43,  -37,  -43,  -38,   -4,    2,    5,  -27,   -1,  -16,    9,   -2,  -15,  -15,  -40,
     -29,  -29,   -8,  -32,  -29,    3,   -2,    3,    4,    4,   -2,    4,    3,    4,    3,    3,
      -1,    6,   -3,    3,   -3,    3,   -3,   14,   13,   25,   24,   12,   24,   12,  -12,  -38,
     -52,  -15,   14,  -17,  -18,  -16,   -7,  -17,    7,   -2,   -2,    8,    7,  -12,  -12,  -17,
     -12,  -18,  -13,  -17,   -6,  -10,   -6,   -7,  -12,   -7,  -15,   -7,  -44,  -21,  -43,  -11,
     -37,   -3,   -5,   -1,  -15,  -29,  -29,  -28,  -29,  -29,  -29,  -13,   -2,    4,    4,    4,
       4,    3,    3,    3,    3,    6,   -3,   -3,   -3,   -3,   -3,   -3,   13,   13,   13,   13,
      24,    4,  -11,  -15,   -6,   -6,   -3,  -10,  -15,  -11,  -16,   -6,   -4,    2,   -6,   20,
      24,  -12,  -17,   -7,   -7,   -4,  -17,   -9,  -10,   -6,   -5,   -7,   -1,  -39,  -39,   18,
       3,   18,    3,  -14,  -49,  -16,  -20,  -14,    1,   -8,  -23,  -10,   -7,   -8,  -12,  -16,
      -1,  -53,  -56,   -2,   -9,  -12,    5,    4,    4,  -16,   -3,  -11,   -2,   -3,   -9,   -3,
      -2,  -48,  -33,  -19,   -3,  -10,   12,    3,  -12,    3,    3,    4,  -14,    3,    4,    1,
       3,    3,    9,    6,  -13,    3,  -13,    3,   -4,    1,   11,   11,   12,   11,    3,  -17,
     -30,  -25,   -3,    3,  -10,   -9,  -10,   -3,   -8,    7,   -2,   -6,    8,    3,   -4,   -4,
     -11,  -11,   -9,   -3,   -3,   -9,  -12,  -24,  -20,    4,  -25,  -13,  -52,   -5,  -29,  -52,
     -24,  -12,  -15,   -9,   -6,   -2,   12,   12,   12,   12,   12,   12,   23,  -12,    3,    3,
       3,    3,    4,    4,    4,    4,    3,    6,  -13,  -13,  -13,  -13,  -13,  -27,  -12,    1,
       1,    1,    1,   11,    3,   -1,   -2,   -1,   -1,   -1,   -9,   -9,   -8,   -6,   -2,   15,
      19,   -4,   -9,  -10,   -8,   -7,  -11,  -12,  -11,  -10,  -56,  -57,    1,   -1,    1,   -1,
     -23,   -7,  -38,  -29,   -3,    2,    2,  -32,  -12,  -17,    2,  -14,  -12,    8,  -55,  -30,
     -55,  -30,  -34,   -8,    2,    6,  -31,   -2,  -24,    6,   -5,   -1,  -22,  -22,  -58,  -39,
     -33,   -8,  -36,  -17,    3,   -8,    3,    4,    4,   -9,    4,    4,    4,    4,    4,    5,
       6,  -10,    3,  -10,    3,   -6,   12,   12,   25,   25,   12,   25,   -1,   11,  -12,  -40,
     -35,  -24,   13,  -30,  -30,  -29,   -8,  -27,    7,   -4,   -5,    8,    8,  -16,  -16,  -29,
     -18,  -30,  -16,  -24,  -10,  -18,  -12,  -13,  -13,  -13,  -19,   -6,  -63,  -39,  -63,  -13,
      -3,   -7,   -3,  -21,  -17,  -17,  -17,  -17,  -17,  -17,  -10,   -8,    4,    4,    4,    4,
       4,    4,    4,    4,    3,    6,  -10,  -10,  -10,  -10,  -10,  -34,   -9,   12,   12,   12,
      12,   25,    4,  -14,  -23,   -7,   -6,  -12,  -30,  -18,  -28,  -10,   -9,   -7,   20,  -14,
     -12,  -19,  -28,  -11,  -10,  -29,  -14,  -17,  -10,   -8,  -12,  -57,  -57,   17,    3,   17,
       3,  -14,  -39,  -30,  -38,  -20,   -1,   -2,  -10,  -12,   -8,  -10,   -4,  -23,   -6,  -32,
     -28,  -12,   -1,   -1,    4,    2,   -6,   -3,    3,   -8,   -2,   -2,  -21,  -15,  -18,  -11,
      -5,    6,   -1,    1,   -2,    1,    1,   -1,    3,    2,   -2,   -2,   -1,    2,    6,    6,
       6,    6,    4,   -1,  -22,  -15,  -27,    5,    4,   -3,   -6,    3,   -2,   -8,    3,    2,
      -4,   -3,   -8,   -2,   -1,   -6,   -6,  -13,  -12,   -2,  -14,   -2,  -18,  -23,   -6,  -23,
     -22,  -16,  -18,  -16,  -15,   -3,    6,    6,    6,    6,    6,    6,   15,   -1,    1,    1,
       1,    1,    1,    1,    1,    1,    2,   -2,   -2,   -2,   -2,   -2,   -2,    2,    2,    2,
       2,    6,    6,    6,    6,    6,    6,    6,    6,   -3,    9,  -32,   -6,   -6,   -5,   -5,
     -13,  -11,  -32,  -33,    3,   -9,    3,   -9,  -23,   -8,  -29,   -6,   -2,   -5,  -21,  -29,
     -50,  -44,  -35,  -44,  -29,  -43,  -28,  -60,  -28,  -60,  -35,  -25,  -41,  -27,  -26,  -23,
     -42,  -30,  -45,  -26,  -37,  -35,  -36,  -29,  -59,  -57,  -25,  -41,  -29,  -21,  -36,  -22,
     -21,  -21,  -38,  -21,  -21,  -14,  -21,  -21,  -22,  -20,  -39,  -22,  -39,  -21,  -38,  -25,
     -22,  -12,  -12,  -16,  -12,  -29,  -16,  -31,  -57,  -15,  -36,  -16,  -40,  -40,  -40,  -36,
     -22,  -18,  -32,  -25,  -18,  -18,  -37,  -37,  -40,  -34,  -40,  -37,  -39,  -41,  -43,  -38,
     -38,  -34,  -35,  -37,  -43,  -62,  -28,  -43,  -35,  -46,  -22,  -26,  -23,  -44,  -26,  -29,
     -29,  -29,  -29,  -29,  -29,  -25,  -36,  -21,  -21,  -21,  -21,  -21,  -21,  -20,  -21,  -20,
     -39,  -39,  -39,  -39,  -39,  -38,  -22,  -22,  -22,  -22,  -12,  -21,  -32,  -31,  -36,  -33,
     -32,  -30,  -35,  -36,  -40,  -36,  -40,  -37,  -33,  -14,  -36,  -19,  -34,  -37,  -36,  -40,
     -38,  -36,  -34,  -35,  -39,  -43,  -41,  -35,  -35,  -12,  -61,  -61,  -22,  -21,  -22,  -21,
     -28,  -44,  -42,  -44,  -25,  -46,  -42,  -42,  -16,  -37,  -30,  -25,  -18,  -20,  -25,  -25,
     -27,  -44,  -23,  -38,   -6,  -16,  -20,  -16,  -16,  -16,  -24,  -15,  -16,  -16,  -16,   -9,
     -14,  -24,  -16,  -24,  -15,  -16,  -34,  -34,  -44,  -44,  -10,  -40,  -11,  -58,  -24,   -4,
     -11,  -19,  -17,  -17,  -18,  -14,   -1,  -15,  -15,  -13,  -11,  -16,  -15,  -18,   -8,  -17,
     -14,  -14,  -25,  -26,  -35,  -36,  -11,  -20,  -11,  -17,  -13,  -35,  -39,  -35,  -39,  -16,
     -12,  -23,  -43,  -43,  -19,  -60,  -38,  -22,  -36,  -22,  -32,  -15,  -29,  -23,  -23,  -11,
     -28,  -12,  -41,  -12,  -27,  -23,  -34,  -21,  -28,  -12,  -28,  -28,  -29,  -14,  -27,  -29,
     -32,  -28,  -28,  -22,  -26,  -14,  -28,  -14,  -28,  -21,  -32,  -25,  -41,  -40,  -32,  -41,
     -23,  -57,  -13,  -20,  -13,  -14,  -14,  -26,  -21,  -24,  -26,  -29,  -23,  -22,  -25,  -25,
     -13,  -25,  -14,  -25,  -19,  -22,  -21,  -28,  -28,  -30,  -29,  -25,  -23,  -41,  -41,  -23,
     -91,  -58,  -29,  -17,  -92,  -12,  -13,   -5,  -35,   -8,   -4,   -4,  -74,   -7,  -32,  -27,
     -28,  -23,  -14,  -12,  -25,  -25,  -46,  -25,  -25,  -26,  -49,  -25,  -25,   -2,  -25,  -25,
     -25,  -25,  -46,  -25,  -45,  -25,  -35,  -36,  -50,  -62,  -54,  -25,  -35,  -26,  -15,   10,
     -31,  -33,  -40,  -38,  -40,  -25,   -1,  -26,  -25,  -14,  -25,  -25,  -25,  -25,  -40,  -14,
     -37,  -25,  -32,  -34,  -37,  -51,  -44,  -25,  -27,  -26,  -25,  -25,  -25,  -46,  -46,  -25,
     -31,  -40,  -40,  -91,   -3,  -22,  -14,  -12,   -4,  -22,   -5,  -38,  -16,  -25,  -24,   -2,
     -10,   -7,   -3,   -3,   -2,  -18,   -1,   -5,   -2,   -2,  -22,  -19,  -20,  -16,   -5,    8,
      -4,    4,   -4,   -4,   -5,    1,   -3,   -4,  -14,   -4,   -4,    2,   -3,   -4,   -3,   -4,
     -12,  -15,  -25,  -23,  -24,  -22,  -37,  -20,  -23,   -3,    1,    1,   -1,   -2,   -1,   -1,
      -9,   -1,    1,   -2,   -1,   -6,    1,   -1,    1,   -3,   -5,   -6,   -5,    1,   -7,  -35,
     -25,   -8,   -4,  -25,  -22,  -14,  -12,  -16,  -18,  -15,   -7,    8,    8,    8,    8,   17,
       4,   -4,   -4,   -4,   -4,   -4,   -3,  -19,  -24,    8,    1,    1,    1,    1,    1,    1,
       1,    1,    1,    1,    1,   -1,   -1,   -1,   -1,   -1,  -25,   -5,   -5,   -5,   -5,   -7,
      -1,   -7,  -25,  -25,  -17,  -18,  -17,  -18,  -36,  -22,  -10,   -8,   -4,   -6,   -6,   -3,
     -16,  -10,  -13,   -1,  -16,  -48,   -7,  -16,  -12,  -14,  -11,  -18,    5,  -22,  -13,  -16,
       2,   -3,    4,  -18,    1,   -5,   -4,  -14,  -14,  -23,  -14,   -4,   -5,  -11,   12,  -11,
     -11,  -12,    9,  -10,  -12,  -15,  -11,  -11,   -6,   -9,    8,  -11,    8,  -10,   -6,   -9,
      -5,  -19,  -16,  -15,  -27,  -10,  -13,  -42,  -15,  -45,    1,   -1,    7,    6,    7,   -3,
      -6,   -2,   -5,   -5,   -5,   -1,   -1,    7,   -2,    6,   -1,   -1,   -2,   -1,   -6,   -3,
      -4,  -37,  -16,    7,  -16,  -14,   -8,  -11,  -11,  -10,   -5,  -11,  -11,  -14,   -5,   -5,
       3,    1,    1,    1,    1,    1,    1,    1,    7,    7,    7,    7,    7,   -2,   -2,   -2,
      -2,    7,   -1,    7,    7,    7,    7,    7,    7,   -3,   -1,   -3,  -16,  -16,  -12,  -13,
     -12,  -13,  -32,  -15,  -21,    1,    9,   -9,   -1,   -5,  -16,   -9,   -5,   -4,  -38,   -1,
     -26,   -5,  -24,   -6,  -16,    1,   -8,   -1,   -6,  -12,   -2,   -1,   -7,   -2,    6,  -32,
     -15,  -16,  -13,  -10,    4,   -6,    5,   -6,   -6,   -7,    2,   -6,   -7,  -15,   -6,   -6,
      -1,   -5,    1,   -6,    1,   -6,   -4,   -1,   -7,  -13,  -11,   -1,  -16,   -3,   -7,  -38,
     -23,  -33,   -1,   -4,   -2,   -3,   -1,   -2,   -4,   -2,   -2,   -1,   -2,   -3,    2,    1,
       5,    4,    3,    3,    1,  -35,  -37,   -9,  -12,   -1,   -8,   -8,    1,    4,    5,   -6,
      -6,   -7,   -7,    1,  -12,   -7,   -7,   -1,   -1,   -1,   -1,   -1,   -1,   -1,   -2,   -1,
      -1,   -1,   -1,   -2,   -2,   -2,   -2,   -2,   -2,   -2,    1,    1,    1,    1,    3,   -4,
       3,  -26,  -26,   -2,   -2,  -22,  -12,   -3,   -9,    2,   -5,   -1,  -12,  -13,   -9,   -4,
     -12,   -5,  -22,   -9,  -25,  -24,   -1,  -10,   -1,   -2,   -4,   -1,   -5,   -1,   -1,  -23,
     -19,  -19,  -10,   -6,    8,   -3,    4,   -3,   -3,   -3,    1,   -2,   -3,   -6,   -2,   -2,
       2,   -1,   -3,   -2,   -1,   -2,    1,    2,    1,   -2,  -28,  -20,  -21,    1,   -1,    1,
       1,    1,   -1,   -1,   -1,   -1,   -6,   -1,    1,   -1,   -1,    1,   -3,    1,   -1,    1,
      -1,   -1,   -2,   -2,    1,   -3,  -21,  -26,   -5,  -25,  -19,   -6,  -12,   -8,   -7,    8,
       8,   -3,   -3,   -3,   -3,   -3,   -3,   -2,  -17,   -2,   -3,    8,    1,    1,    1,    1,
       1,    1,    1,    1,    1,    1,    1,    1,   -1,   -1,    1,   -1,    1,    1,    1,    1,
       1,    1,   -1,   -1,   -1,   -1,   -3,   -3,  -25,  -25,   -1,   -8,   -1,   -8,  -23,  -11,
      -8,   -4,   -6,   -2,   -1,  -13,  -14,  -12,   -7,  -13,   -1,  -41,   -4,  -15,   -6,  -14,
      -7,  -15,    3,  -11,   -3,   -7,   -2,   -1,    2,  -14,   -2,    4,  -16,  -16,  -19,  -11,
      -8,    1,   -6,   10,   -6,   -6,   -7,    7,   -6,   -7,  -15,   -6,   -6,   -1,   -5,    6,
      -6,    6,   -6,   -6,   -6,   -6,  -16,  -14,   -4,  -23,   -4,  -10,  -38,  -19,  -35,   -1,
      -2,    4,    3,    4,   -2,   -3,   -2,   -5,   -2,   -2,   -2,   -2,    4,   -3,    3,   -1,
       1,    1,   -1,   -1,   -1,  -36,  -19,    4,  -20,  -12,   -5,   -8,   -8,   -6,    1,    1,
       1,    9,   10,   -6,   -6,   -6,   -7,   -7,   -7,   -7,   -5,    6,   -6,  -23,    4,   -1,
      -1,   -1,   -1,   -1,   -1,   -1,    4,    4,    4,    4,    4,   -2,   -2,   -2,   -2,    3,
      -2,    4,    4,    4,    4,    4,    4,   -1,   -2,   -1,  -16,  -16,   -7,  -10,   -7,  -10,
     -30,  -13,    3,    5,   -5,   -5,   12,   10,  -13,   -8,  -10,   10,   -5,   -3,    8,  -38,
      -9,  -35,  -10,  -16,    4,  -15,    3,   -4,    2,    1,  -38,  -17,  -15,    2,  -14,   11,
      11,   11,   10,    1,   11,   11,    5,   11,   11,   12,   13,   11,   11,   13,   12,   24,
      24,   21,   24,    4,   14,   -7,  -28,  -25,   -1,   17,   -7,   -8,   -6,    2,   -7,   10,
       3,   -1,   10,   10,    3,    3,   -6,    2,   -7,    3,   -4,    3,    7,    7,    7,    6,
      -1,   -3,  -42,    2,  -21,  -11,   15,   10,   12,    2,   11,   11,   -1,   -1,   -1,   -1,
      -1,   -1,   -1,   -7,   -5,   -6,   -5,   -5,   14,    3,    5,   21,   -5,    3,   -6,   -6,
      -6,   -6,   -5,   -6,    1,    1,    1,    6,   17,  -40,  -41,   18,   17,   18,   17,  -16,
     -16,  -10,  -20,    3,    8,    2,  -13,   -8,  -12,    2,   -1,  -17,  -29,   -3,  -26,   -9,
      -3,   -1,   -2,  -15,    2,   -1,   -1,    6,    1,    2,  -34,  -16,  -14,  -15,  -10,    1,
      -5,    6,   -5,   -5,   -6,    3,   -5,   -6,    4,   -5,   -5,   -1,   -4,    1,   -5,    1,
      -5,    8,   -5,   -8,   -6,   -2,  -11,   -2,   -3,  -21,  -29,   -1,   -2,   -4,   -5,   -3,
       3,    1,   -4,    3,    1,   -3,   -2,    4,    4,   -4,    4,   -5,    3,    2,    1,    9,
       9,    8,    8,  -15,  -38,  -14,  -37,  -10,   -5,   -5,    2,    1,   -5,   -5,   -5,   -6,
      -6,    1,    1,  -10,   -5,    1,   -1,   -1,   -1,   -1,   -1,   -1,   -4,   -3,   -3,   -3,
      -3,    3,    3,    3,    3,   -4,    4,   -4,   -4,   -4,   -4,   -4,   -3,    1,    1,    1,
       1,    8,    8,  -30,  -30,    8,    1,    8,    1,  -18,  -15,   -6,  -13,    3,   -4,   -3,
     -23,  -15,   -5,  -23,   -4,  -37,  -17,  -25,  -24,   -4,  -10,   -2,   -6,   -1,   -3,   -4,
      -3,   -1,  -17,   -6,   -1,   -1,  -23,  -20,  -20,  -16,   -5,    9,   -4,    3,   -4,   -4,
      -5,   -3,   -5,  -13,   -4,   -4,    3,   -3,   -1,   -4,   -1,   -3,   -3,  -11,  -16,  -26,
     -23,    2,  -23,   -1,  -23,  -36,  -21,  -25,   -2,    1,   -1,   -3,   -1,  -11,    1,   -1,
      -6,   -3,   -5,   -7,   -6,    2,   -8,  -35,  -27,   -6,  -26,  -24,  -13,  -17,  -20,   -6,
       9,    9,   -4,   -4,   -4,   -5,   -5,   -5,   -3,   -1,  -20,  -16,    9,    1,   -1,    1,
      -5,   -5,   -5,   -5,   -8,   -1,   -8,  -25,  -26,  -17,  -18,  -17,  -18,  -35,  -23,   -9,
      -9,   -5,   -5,   -6,   -3,  -17,  -16,  -11,   -6,  -17,   -7,  -26,  -14,  -27,  -27,   -6,
     -11,   -4,   -7,   -4,   -7,   -2,   -3,  -10,   -4,   -5,   -3,   -3,  -27,  -21,  -21,  -16,
      -8,    6,   -3,   -3,   -4,   -4,   -1,   -3,   -4,  -11,   -3,   -3,    1,   -2,   -2,   -3,
      -2,   -3,   -3,   -7,   -6,   -4,   -4,   -2,   -1,   -8,  -29,  -23,  -25,   -1,   -4,   -2,
      -2,   -2,   -3,   -4,   -2,   -1,  -10,   -1,   -2,   -1,   -2,   -7,   -2,   -1,   -4,   -4,
      -5,   -5,   -6,  -23,  -30,   -9,  -29,  -23,  -11,  -15,  -15,  -12,   -8,    6,    6,    6,
      -4,   -4,   -4,   -4,   -2,   -2,   -2,   -2,  -20,   -2,    6,   -1,   -1,   -1,   -1,   -1,
      -1,   -1,   -2,   -2,   -2,   -2,   -1,   -1,   -1,   -1,   -1,   -2,   -1,   -2,   -2,   -2,
      -2,   -2,   -1,   -4,   -4,   -4,   -4,   -6,   -3,   -6,  -28,  -28,   -8,  -13,   -8,  -13,
     -31,  -23,  -12,  -11,   -8,   -7,   -5,  -10,  -16,  -17,   -9,  -16,   -9,  -25,  -14,  -27,
     -10,  -26,  -10,  -14,   -3,  -12,   -7,   -9,   -6,   -9,   -3,  -11,   -6,   -4,   -8,   -8,
     -26,  -23,  -27,  -21,  -16,   -4,  -11,    1,  -11,  -11,  -10,   -1,  -10,  -11,   -7,  -11,
     -11,   -6,   -9,   -1,  -11,   -1,  -10,  -11,   -7,   -6,   -4,   -4,   -6,   -5,   -7,   -8,
     -28,  -23,  -13,   -5,   -8,   -3,   -4,   -4,   -8,   -8,  -10,   -7,  -12,   -9,   -8,   -6,
      -7,   -4,   -9,   -4,   -8,   -7,   -6,   -6,   -5,   -5,   -6,   -6,   -7,  -22,  -29,   -8,
     -22,  -11,  -14,  -15,  -12,   -4,  -11,  -10,   -6,   -1,   -5,   -5,   -5,   -5,   -5,   -5,
      -4,   -3,   -4,   -4,   -4,   -4,   -7,   -7,   -6,   -5,   -4,   -7,   -4,   -4,   -4,   -4,
      -4,   -3,   -6,   -6,   -6,   -6,   -6,  -27,  -28,   -7,  -13,   -7,  -13,  -30,  -19,  -10,
      -7,  -11,   -8,  -14,   -8,   -5,   -8,   -6,  -34,   -8,  -44,  -49,   -2,   -8,   -1,   -3,
       3,  -13,   -2,   -5,   -3,    2,    3,  -42,  -18,  -14,  -13,   -7,   14,   -1,   -1,   -1,
      -1,   -2,   -2,   -1,   -2,  -11,   -1,   -1,    8,   -3,   -1,   -3,   -1,   -1,   -1,  -10,
     -15,  -14,    7,  -12,    4,  -10,  -32,  -25,  -25,    1,   -3,   -6,   -6,   -6,    3,   -6,
      -1,    2,   -1,    1,    3,    1,   -6,    1,   -6,    2,    1,   10,    3,  -33,  -46,  -24,
     -46,  -19,   -3,   -9,  -10,   -1,   -1,   -1,   -1,   -1,   -2,   -3,   -3,  -13,   -3,  -10,
     -10,   -2,   10,    1,    1,    1,    1,    1,    1,    1,   -6,   -6,   -6,   -6,   -6,    2,
       2,    2,    2,   -7,    1,   -6,   -6,   -6,   -6,   -6,  -42,   -6,   -1,  -50,  -50,   -6,
      -6,  -21,   -6,  -16,  -24,    1,   -4,   -2,  -15,  -15,  -10,   -6,  -15,   -5,  -24,  -13,
     -27,  -26,   -6,  -10,   -3,   -4,   -2,   -6,   -2,   -2,   -8,   -2,   -2,   -2,  -26,  -21,
     -19,  -12,   -7,    8,   -3,   -3,   -3,   -4,   -1,   -2,   -4,  -10,   -3,   -3,    2,   -2,
      -1,   -3,   -1,   -2,   -2,   -3,   -6,   -2,   -1,    3,   -2,   -6,  -28,  -21,  -25,   -1,
      -3,   -1,   -1,   -2,   -3,   -1,   -1,  -10,   -1,   -1,   -1,   -6,   -4,   -3,   -5,   -4,
       2,   -6,    1,  -23,  -29,   -8,  -28,  -23,   -9,  -14,  -11,  -10,   -6,    8,    8,    8,
       8,    8,   -3,   -3,   -3,   -3,   -3,   -4,   -3,   -1,   -1,   -1,   -1,  -19,   -1,   -3,
       8,   -1,   -1,   -1,   -1,   -1,   -1,   -1,   -1,   -1,   -1,   -1,   -1,   -1,   -1,   -1,
      -1,   -1,   -1,   -1,   -3,   -3,   -3,   -3,   -6,   -2,   -6,  -28,  -28,   -5,  -12,   -5,
     -12,  -26,  -10,  -11,   -7,   -6,   -3,   -3,  -23,  -15,  -11,   -5,  -23,   -4,  -37,  -17,
     -25,  -24,   -4,  -10,   -2,   -6,   -1,   -3,   -4,   -3,   -1,  -17,   -6,   -1,   -1,  -23,
     -20,  -20,  -16,   -5,    9,   -4,    3,   -4,   -5,   -5,   -4,   -5,  -14,   -4,   -4,    3,
      -3,   -1,   -4,   -1,   -4,   -4,  -12,  -16,  -26,  -23,    2,  -23,   -1,  -23,  -36,  -21,
     -25,   -2,   -1,   -3,   -1,  -11,    1,    1,   -1,   -6,   -3,   -5,   -7,   -6,    2,   -8,
     -35,  -27,  -10,   -6,  -26,  -24,  -12,  -13,  -17,  -20,  -15,   -6,    9,    9,    9,    3,
      -5,   -5,   -5,   -1,   -1,  -20,  -16,  -16,  -16,   10,    1,   -1,    1,   -5,   -5,   -5,
      -5,   -8,   -1,   -8,  -25,  -25,  -17,  -19,  -17,  -19,  -35,   -9,   -9,   -5,   -5,   -6,
      -2,  -22,  -14,  -10,   -4,  -22,   -3,  -37,  -16,  -25,  -24,   -3,  -10,   -2,   -6,   -1,
      -3,   -3,   -3,   -1,  -17,   -5,   -1,   -1,  -23,  -19,  -20,  -16,   -5,    9,   -4,    4,
      -4,   -4,   -5,   -3,   -5,  -13,   -4,   -4,    4,   -2,   -4,   -3,   -3,  -12,  -15,  -25,
     -23,    2,  -23,   -1,  -22,  -36,  -21,  -25,   -1,    1,    1,    1,   -1,   -2,   -1,  -10,
       1,    2,   -1,    1,   -6,    1,    1,   -3,   -5,   -6,   -5,    2,   -7,    1,  -35,  -25,
      -9,   -5,  -25,  -23,  -35,  -12,  -12,  -16,  -19,  -15,   -6,    9,    9,    9,    4,   -4,
      -4,   -4,   -4,   -5,   -5,   -5,  -19,  -15,  -15,   10,    1,    1,    1,    1,    1,    1,
       1,    1,    1,    1,  -25,    2,   -5,   -5,   -5,   -5,   -7,   -1,   -7,  -25,  -25,  -16,
     -18,  -16,  -18,  -34,   -9,   -8,   -4,   -5,   -5,   -2,  -18,  -10,  -11,    1,  -18,    2,
     -47,   -9,  -15,   -8,  -13,   -7,  -15,    6,  -19,  -10,  -14,    5,   -3,    6,  -20,    2,
      -5,   -4,  -12,  -14,  -23,  -13,   -3,   -2,   -9,   12,   -9,   -9,  -10,   10,   -8,  -10,
     -13,   -9,   -9,   -4,   -7,    9,   -9,    9,   -8,   -5,  -11,   -4,  -19,  -17,  -13,  -27,
      -8,  -14,  -40,  -13,  -42,    3,    1,    9,    8,    9,   -2,    1,   -4,   -1,   -6,   -3,
      -2,    9,   -2,    8,   -2,   -1,   -7,   -3,   -4,  -36,  -15,    9,  -16,  -14,   -9,  -11,
     -11,  -10,   -9,   -2,   -2,   12,   -9,  -10,  -12,   -4,    6,    3,    3,    3,    3,    3,
       3,    3,    9,    9,    9,    9,    9,   -1,   -1,   -1,   -1,    8,    9,    9,    9,    9,
       9,    9,   -3,    1,   -3,  -15,  -15,  -15,  -15,  -15,  -15,  -33,  -18,   10,   -8,   -8,
      -3,  -17,  -11,  -13,   -1,  -17,  -48,   -7,  -16,  -11,  -14,  -11,  -18,    5,  -23,  -13,
     -16,    2,   -3,    4,  -19,    1,   -5,   -4,  -14,  -14,  -23,  -14,   -4,   -5,  -11,   12,
     -11,  -11,  -12,    9,  -10,  -12,  -15,  -11,  -11,   -6,   -9,    8,  -11,    8,  -10,   -6,
      -9,   -5,  -19,  -16,  -16,  -27,  -10,  -13,  -42,  -15,  -43,    1,   -1,    7,    6,    7,
      -3,   -6,   -2,   -6,   -5,   -5,   -1,   -1,    7,   -2,    6,   -1,   -1,   -2,   -1,   -6,
      -3,   -4,  -37,  -16,    7,  -16,  -14,  -15,   -8,  -11,  -11,  -10,   -5,   -5,   -5,   12,
     -11,  -12,    8,  -14,    3,    1,    1,    1,    1,    1,    1,    1,    7,    7,    7,    7,
       7,   -2,   -2,   -2,   -2,    7,   -1,    7,    7,    7,    7,    7,    7,   -3,   -1,   -3,
     -16,  -16,  -12,  -14,  -12,  -14,  -33,  -21,    9,   -9,   -9,   -5,  -11,  -13,   -4,  -11,
      -2,  -14,  -10,  -23,  -22,   -4,   -1,   -9,   -2,   -8,   -5,  -11,   -4,    1,  -21,  -17,
     -21,  -20,   -8,   -8,    7,   -8,   -9,   -9,    4,   -7,  -10,    6,   -8,   -8,   -2,   -6,
       3,   -8,    3,   -7,   -6,   -4,  -12,  -16,  -14,   -7,  -21,   -4,  -12,  -27,  -19,   -8,
      -9,    2,    1,    2,   -3,   -4,   -2,    3,   -3,   -2,   -1,   -2,    1,    1,   -2,   -2,
       1,   -1,   -2,  -22,  -23,   -3,  -18,  -17,   -8,  -12,  -14,   -6,   -9,   -9,  -14,    1,
       2,    2,    2,    2,    2,   -2,   -2,   -2,   -2,   -2,    2,    2,    2,    2,  -23,  -23,
      -5,  -12,   -5,  -12,  -28,  -16,   -5,   -2,   -5,   -2,  -16,  -11,  -15,   -5,  -38,  -33,
     -23,  -29,  -23,  -26,    4,   -6,   -6,   -8,  -16,   -1,   -4,   -3,    8,    1,    1,  -41,
     -15,  -16,  -18,  -16,  -12,  -11,    5,  -11,  -11,  -12,    2,  -11,  -13,  -15,  -11,  -11,
     -11,  -10,    1,  -11,    1,  -11,   -3,    6,   -7,   -9,   -8,  -14,  -14,   -9,   -4,  -39,
     -29,  -29,   -4,   -5,   -7,   -8,   -6,   -6,   -8,   -2,   -7,   -7,    1,   -6,    1,   -8,
       1,   -3,    2,    1,   10,   10,    2,    8,  -36,  -45,    4,  -13,  -41,  -11,   -5,   -5,
       2,  -12,  -12,  -12,  -12,    5,  -11,  -11,  -11,  -13,  -13,    1,    1,    1,    1,  -12,
      -7,   -7,  -14,  -11,   -1,   -4,   -4,   -4,   -4,   -4,   -4,   -3,   -6,   -6,   -6,   -6,
      -6,   -7,    1,   -6,   -6,   -6,   -6,   -6,  -33,   -6,    1,    1,    1,    1,    8,   -5,
       8,  -35,  -35,    5,    1,    5,    1,  -19,  -31,   -4,  -13,    1,   -7,   -6,  -14,  -13,
     -11,   -2,  -14,   -4,  -44,  -12,  -29,   -1,  -28,  -15,  -13,   -3,  -10,   -8,  -12,   -2,
      -4,   -3,  -23,  -15,  -19,  -19,   -7,  -10,    3,  -10,  -10,  -10,   -8,  -10,  -17,  -10,
      -9,   -2,   -8,   -9,   -9,   -4,   -9,  -10,  -19,  -17,   -7,  -23,   -5,  -15,  -40,  -16,
     -35,    4,   -4,   -4,   -6,   -5,   -4,   -7,   -4,   -3,   -4,   -3,   -4,   -4,   -2,   -2,
      -3,   -3,   -3,   -5,   -2,  -37,  -25,   -5,  -25,  -19,  -19,   -9,  -14,  -15,   -4,  -10,
     -10,  -10,  -10,  -10,  -12,  -10,  -10,    1,    4,    4,    4,    4,    4,    4,    3,   -4,
      -4,   -4,   -4,   -3,   -2,   -2,   -2,   -2,   -5,   -3,   -5,  -30,  -31,   -8,  -13,   -8,
     -13,  -30,  -14,  -12,   -4,   -3,   -9,   -1,   -4,  -14,   -9,   -7,   -4,   -7,  -35,   -7,
     -42,   -2,  -44,   -1,  -12,   -5,   -2,  -13,   -2,   -6,   -5,   -1,    1,  -44,  -17,  -14,
     -14,  -10,   11,   -3,   -3,   -4,   -4,   -2,   -3,   -4,  -14,   -3,   -3,    4,   -2,   -2,
      -3,   -2,   -3,   -1,   -1,   -8,  -12,  -11,    3,  -12,   -8,  -35,  -27,  -29,    1,   -5,
      -8,   -8,   -8,    2,   -7,   -3,    1,   -2,   -1,    1,    1,   -8,    2,   -8,    1,   -1,
       3,    4,    3,    6,    2,  -35,  -49,   -3,  -24,  -51,  -17,  -15,   -3,   -8,   -8,   -3,
       1,   11,   11,   11,   11,   -4,   -4,   -4,   -4,   -4,   -4,   -4,   -4,   -2,   -2,   -2,
     -13,   -2,   -8,   -8,  -12,    5,    1,    1,    1,    1,    1,    1,    1,   -8,   -8,   -8,
      -8,   -8,    1,    1,    1,    1,   -8,    1,   -8,   -8,   -8,   -8,   -8,  -39,   -8,    2,
      -3,    2,  -46,  -46,   -5,   -5,  -21,   -8,  -13,  -23,    3,   -5,   -6,  -17,  -15,  -13,
      -6,  -17,   -9,  -40,  -16,  -28,   -2,  -26,   -4,  -12,   -3,  -10,   -1,   -6,   -6,   -4,
      -4,  -14,   -5,   -4,   -4,   -3,  -26,  -21,  -22,  -20,   -8,    4,   -6,    1,   -6,   -6,
      -7,   -6,   -7,  -16,   -6,   -6,   -5,   -1,   -6,   -1,   -6,   -6,   -8,  -19,  -22,  -19,
      -3,  -23,   -2,  -18,  -39,  -23,  -24,   -1,   -6,   -2,   -2,   -2,   -4,   -5,   -4,   -3,
      -9,   -3,   -1,   -3,   -3,   -2,   -6,   -2,   -3,   -1,   -4,   -4,   -5,   -4,   -1,   -6,
      -1,  -37,  -29,   -9,   -8,  -28,  -23,  -12,  -16,  -19,   -9,    4,    1,   -6,   -6,   -6,
      -7,   -7,   -1,  -20,    3,   -1,   -1,   -1,   -1,   -1,   -1,   -1,   -2,   -2,   -2,   -2,
      -2,   -3,   -3,   -3,   -3,   -2,   -3,   -2,   -2,   -2,   -2,   -2,   -2,   -4,   -4,   -4,
      -4,   -6,   -5,   -6,  -28,  -28,  -10,  -16,  -10,  -16,  -33,  -13,  -10,   -7,   -8,   -8,
       3,  -12,   -9,  -11,    3,   -2,  -38,  -30,  -41,  -27,  -41,  -29,    5,   -3,   -4,  -12,
     -13,    1,   -2,   10,  -32,  -12,  -13,  -19,  -15,  -23,  -12,    9,  -12,  -12,  -12,    7,
     -11,  -13,  -14,  -12,  -12,  -15,  -10,    5,  -12,    5,  -11,   -3,    6,   -4,   -7,   -7,
     -21,  -11,   -6,   -3,  -38,  -28,  -51,   -2,   -2,   -4,   -6,   -3,    1,   -4,   -7,    1,
      -1,   -6,   -6,    1,    1,   -4,    3,   -5,    1,   -3,    4,    5,   14,   14,    4,   13,
      -1,  -35,  -12,  -10,    4,   -1,   -2,    3,  -12,  -12,  -13,   -8,   -2,   -2,   -2,   -2,
      -2,   -2,   -2,   -4,   -3,   -3,   -3,   -3,    1,    1,    1,    1,   -4,    1,   -4,   -4,
      -4,   -4,   -4,   -4,    5,    5,    5,    5,   13,   -2,   13,  -30,  -30,    7,    3,    7,
       3,  -13,  -46,   -5,  -11,    3,    4,  -10,   -7,   -8,    4,  -36,    1,  -26,  -33,  -24,
     -32,  -27,    8,   -3,   -2,  -10,  -10,    3,   -1,   13,  -28,  -11,  -12,  -17,  -12,  -18,
      -9,   12,   -9,  -10,  -10,    9,   -8,  -11,  -12,   -9,   -9,  -12,   -8,    8,   -9,    8,
      -9,   -1,    8,   -1,   -6,   -6,  -17,  -10,   -5,   -1,  -36,  -26,  -43,   -1,   -1,   -3,
      -1,    1,   -2,   -4,    3,    1,   -3,   -3,    4,    4,   -1,    6,   -2,    3,    7,    8,
      17,   16,    6,   15,    1,  -33,  -31,   -8,  -31,   -8,    6,   -1,   -2,    3,  -18,  -10,
       8,    8,    8,    8,    2,   -1,   -1,   -1,   -1,   -1,   -1,   -1,   -1,   -1,   -1,   -1,
      -1,    3,    3,    3,    3,    4,   -1,   -1,   -1,   -1,   -1,   -1,    8,    8,    8,    8,
      15,   15,  -27,  -27,    9,    4,    9,    4,  -12,  -37,   -4,   -7,    4,   -4,   -6,  -14,
      -9,   -7,   -6,   -5,  -34,   -6,  -42,  -43,   -3,   -9,   -4,   -2,  -15,   -1,   -5,   -2,
       1,    2,    2,  -45,  -17,  -15,  -14,  -10,   11,   -3,   -3,   -3,   -3,   -1,   -2,   -3,
     -12,   -3,   -3,    6,   -1,   -3,   -3,   -2,   -9,  -13,  -12,    4,  -12,    1,   -9,  -34,
     -27,  -25,    1,   -3,   -6,   -6,   -6,    3,   -5,   -1,    1,   -1,    1,    2,    2,   -7,
       2,   -6,    1,    2,    3,    3,   10,    2,    3,  -32,  -50,  -24,  -50,  -16,   -2,   -6,
      -7,   -2,    2,   -3,    1,    1,    1,    1,    1,    1,    1,   -6,   -6,   -6,   -6,   -6,
       1,    1,    1,    1,   -7,    2,   -7,   -7,   -7,   -7,   -7,   -6,    2,   -3,  -45,  -45,
       1,   -3,    1,   -3,  -19,   -8,  -14,  -24,    3,   -5,   -1,    1,  -12,   -9,  -10,    1,
      -2,  -39,  -28,  -38,  -26,  -37,  -30,    5,   -3,   -4,  -12,  -13,    1,   -1,   10,   -1,
      -1,  -30,  -12,  -14,  -19,  -14,  -21,  -12,    9,  -12,  -12,  -12,    7,  -11,  -13,  -13,
     -12,  -12,  -14,  -10,    5,  -12,    5,  -11,   -3,    6,   -4,   -8,   -7,  -20,  -11,   -7,
      -2,  -38,  -28,  -46,   -3,   -1,   -3,   -5,   -2,   -3,   -6,   -1,   -5,   -6,    1,    1,
      -3,    2,   -5,   -3,    4,    5,   14,   14,    3,   13,   -1,  -35,  -35,  -10,  -33,  -10,
       4,   -2,   -2,    1,  -21,  -12,  -12,  -12,    5,   -8,  -11,   -3,   -3,   -3,   -3,   -3,
      -3,   -3,   -3,   -2,   -2,   -2,   -2,   -3,    1,   -3,   -3,   -3,   -3,   -3,   -3,    5,
       5,    5,    5,   13,   -1,  -28,  -28,    7,    2,    7,    2,  -14,  -42,   -5,  -10,    2,
      -6,   -1,   -5,  -12,   -6,   -1,   -5,   -2,  -34,   -3,  -33,  -33,  -11,   -6,   -3,   -1,
      -2,   -5,    2,    2,  -30,  -13,  -13,  -14,   -5,    7,   -3,    6,   -3,   -4,   -4,    2,
      -2,   -4,  -13,   -3,   -3,   -1,    2,   -3,    2,   -3,   -7,  -14,  -12,  -15,    1,   -9,
     -35,  -16,  -26,    7,   -1,    2,   -2,   -1,    1,   -1,    3,    3,    2,    2,    2,    4,
       4,    3,    3,    6,    2,    3,  -31,  -32,  -12,  -29,  -15,  -16,   -2,   -7,   -8,    2,
       6,   -4,   -4,   -7,    8,    7,    7,    7,    7,    7,    7,    8,    1,    1,    1,    1,
       3,  -32,    1,    4,    4,    4,    4,    2,    2,  -34,  -35,   -1,   -4,   -1,   -4,  -21,
      -7,  -10,  -11,    3,   -5,  -25,  -25,  -38,  -22,  -61,  -24,  -61,  -30,  -20,  -36,  -23,
     -22,  -17,  -39,  -24,  -40,  -21,  -32,  -29,  -32,  -19,  -34,  -31,  -18,  -32,  -19,  -18,
     -18,  -33,  -18,  -18,   -8,  -18,  -18,  -19,  -17,  -34,  -19,  -34,  -18,  -34,  -20,  -15,
      -6,   -7,  -12,   -7,  -24,  -11,  -55,  -33,  -10,  -35,  -35,  -35,  -33,  -16,  -13,  -25,
     -21,  -13,  -13,  -35,  -35,  -35,  -28,  -35,  -34,  -37,  -36,  -40,  -34,  -35,  -32,  -31,
     -35,  -39,  -19,  -42,  -61,  -30,  -41,  -14,  -18,  -14,  -23,  -42,  -41,  -40,  -30,  -30,
     -16,  -42,  -25,  -27,  -30,  -24,  -30,  -21,  -21,  -35,  -18,  -22,   -8,  -22,  -22,  -22,
      -9,  -22,  -23,  -21,  -22,  -22,  -19,  -21,  -10,  -22,  -22,  -25,  -18,  -17,  -15,  -15,
     -19,  -16,  -23,  -43,  -34,  -20,  -12,  -11,  -11,  -22,  -12,  -19,  -22,  -24,  -18,  -21,
     -21,  -12,  -22,  -21,  -15,  -21,  -19,  -19,  -23,  -19,  -22,  -39,  -30,  -28,  -28,  -29,
     -26,  -40,  -40,  -20,  -68,  -32,  -51,  -28,  -51,  -45,  -14,  -48,  -62,  -41,  -22,  -24,
     -15,  -54,  -25,  -19,  -31,  -30,  -34,  -38,  -36,  -13,  -36,  -36,  -36,  -14,  -35,  -37,
     -37,  -36,  -35,  -36,  -34,  -15,  -35,  -15,  -35,  -40,  -43,  -27,  -44,  -41,  -62,  -57,
     -50,  -62,  -30,  -24,  -16,  -17,  -16,  -34,  -19,  -30,  -32,  -34,  -29,  -29,  -30,  -30,
     -16,  -29,  -17,  -31,  -23,  -26,  -24,  -30,  -29,  -43,  -30,  -31,  -14,  -38,  -38,  -36,
     -15,  -36,  -30,  -16,  -24,  -44,  -39,  -45,  -39,  -13,  -37,   -2,   -2,  -16,   -8,   -9,
      -7,  -10,  -10,  -14,   -9,  -11,   -8,   -8,   -7,   -7,   -7,   -7,   -6,   -7,   -7,   -7,
      -2,   -5,   -7,   -7,   -4,   -1,   -6,   -3,   -3,   -4,   -4,   -1,   -4,   -2,   -5,   -2,
      -2,   -4,   -3,   -2,   -1,   -3,   -2,   -5,   -4,   -4,   -3,   -2,   -3,   -3,   -2,   -2,
      -1,   -7,   -5,   -6,   -2,   -1,   -2,   -6,  -11,  -11,  -45,  -10,  -28,  -11,  -20,   -2,
     -13,   -6,  -10,  -17,   -4,   -6,  -11,   -8,   -1,   -4,   -3,  -20,  -43,   -6,  -11,  -12,
      -5,   -4,  -10,  -34,  -34,  -43,   -5,  -29,   -5,  -17,   -5,  -17,   -8,  -13,   -1,  -22,
      -1,  -25,   -1,  -25,  -11,  -10,  -23,  -41,  -41,  -38,  -39,  -10,  -33,   -9,  -11,  -16,
     -16,  -26,  -29,  -33,  -29,  -36,  -12,  -12,  -11,   -8,  -15,  -14,  -14,  -10,  -15,  -14,
     -25,  -25,  -19,  -30,  -17,  -19,  -16,   -6,  -18,  -11,  -14,  -10,  -12,   -6,  -21,  -11,
      -9,  -45,  -17,  -15,   -6,  -39,  -24,   -6,  -25,  -24,  -24,   -8,  -24,  -25,  -25,  -24,
     -24,  -28,  -23,   -9,  -25,   -9,  -24,  -18,   -9,  -15,  -11,  -10,  -23,  -13,  -22,   -8,
      -8,  -28,  -51,  -17,  -51,   -6,   -6,  -10,   -8,   -8,   -8,   -2,  -29,  -20,  -14,   -7,
     -29,  -11,  -45,  -27,  -37,    6,  -30,    6,  -20,   -1,   -2,   -1,   -2,   -1,   -2,   -1,
      -1,  -37,  -19,  -16,  -15,    1,  -10,  -10,  -11,  -11,   -2,  -10,  -11,  -22,  -10,  -10,
     -10,   -3,  -10,   -3,  -10,   -5,  -14,  -16,  -15,   -2,  -20,   -1,   -3,  -44,  -23,    1,
      -9,   -9,   -8,   -8,  -11,  -10,   -6,   -9,   -8,   -9,   -3,   -8,   -1,   -5,   -1,    2,
       3,    1,    2,   -2,  -30,  -41,  -39,  -11,  -11,  -21,  -20,  -37,  -39,  -19,   -3,   -9,
     -12,  -19,   -1,    1,    1,    1,    1,    1,    1,    6,  -11,  -11,  -11,  -11,  -11,  -11,
     -11,  -11,  -10,   -3,   -3,   -3,   -3,   -3,  -16,   -3,  -14,  -14,  -14,  -14,  -20,   -3,
       1,    1,    1,    1,    1,    1,    2,   -9,   -8,   -8,   -8,   -8,   -9,   -9,   -9,   -9,
      -9,  -37,   -9,   -1,   -1,   -1,   -1,    2,  -37,  -37,  -21,  -28,  -25,  -21,  -28,  -25,
     -21,  -21,  -13,  -32,  -36,  -18,  -10,  -17,  -14,  -52,  -31,   -9,  -23,  -13,  -20,   -8,
     -25,   -8,  -46,   -8,  -25,  -10,  -21,   -8,  -21,  -21,  -21,  -11,  -20,  -21,  -28,  -21,
     -21,  -14,  -19,  -11,  -21,  -11,  -20,  -17,  -49,  -43,  -39,  -16,  -46,  -14,   -8,  -17,
      -8,   -8,   -8,  -20,  -15,  -17,  -19,  -26,  -16,  -16,  -18,  -18,   -8,  -22,   -8,  -18,
     -15,  -19,  -30,  -27,  -16,  -31,  -16,  -19,  -19,  -19,  -44,  -51,  -33,  -51,  -46,  -16,
     -15,  -31,  -19,  -20,   -8,  -19,   -8,  -19,  -18,  -19,   -9,  -12,  -12,  -30,  -11,  -51,
     -64,  -51,  -50,  -13,   -8,   -5,   -8,  -40,  -12,  -24,   -5,  -12,   -6,  -23,  -23,  -29,
     -49,  -14,  -14,  -14,  -14,  -14,  -15,  -13,  -14,  -14,  -14,  -14,  -18,  -12,  -15,  -14,
     -14,  -14,   -3,   -8,   -1,   -9,   -1,  -13,  -35,  -26,   -9,  -36,  -37,  -34,  -16,  -32,
     -15,  -16,  -13,  -14,  -17,  -17,  -35,  -16,  -18,  -29,  -14,  -16,   -9,  -14,  -10,  -22,
     -16,  -18,  -17,  -19,  -65,  -65,  -13,    1,  -13,  -18,  -38,  -38,  -18,  -53,  -28,  -13,
     -23,  -15,  -17,  -18,  -18,  -12,  -47,  -18,  -18,  -10,  -20,  -11,  -20,  -20,  -21,  -12,
     -19,  -20,  -30,  -20,  -20,  -12,  -20,  -19,  -23,  -42,  -14,  -16,  -17,  -20,  -14,  -14,
     -14,  -19,  -19,  -28,  -17,  -16,  -24,  -18,  -16,  -28,  -15,  -17,   -1,   -6,  -19,  -35,
     -51,  -31,  -51,  -35,   -2,   -1,  -15,   -7,  -33,   -7,    3,   -7,   -6,   -6,   -6,   -6,
      -6,   -7,  -11,   -5,   -7,   -7,   -5,    7,   -1,    3,    4,   -6,    1,   -9,  -25,  -20,
     -17,  -35,    3,   -1,   -1,  -12,  -35,  -35,    1,    6,    1,  -17,    1,  -12,   -1,   -1,
     -10,  -17,   -3,  -45,  -51,  -44,  -51,  -37,   -7,   -7,  -21,   -5,  -36,   -7,   -1,   -8,
      -7,   -7,   -2,   -7,   -8,   -7,   -7,  -13,   -6,   -2,   -8,   -7,   -4,    7,   -2,    3,
       3,   -7,   -6,  -25,  -19,  -28,  -45,    1,   -2,   -3,  -16,    2,   12,  -27,   -2,  -17,
     -13,  -13,  -39,  -24,   -2,    5,   -5,    5,   -5,   -6,   -4,  -14,   -5,   -5,   -4,   -5,
      -4,   -6,  -18,  -16,    1,   -3,   -1,   -2,   -1,   -1,   -2,   -3,   -2,   -1,   -1,   -1,
      -2,   -3,  -10,  -13,   -7,  -14,  -14,   -6,   -3,   -6,   -6,  -25,    1,  -32,  -51,  -26,
     -51,  -34,   -3,   -3,   -7,  -31,  -11,    1,  -12,  -11,  -11,    1,  -12,  -12,  -11,  -11,
     -15,  -10,  -12,  -12,   -7,    1,   -5,  -11,   -2,  -15,  -29,  -12,    4,   -6,  -12,   -5,
     -10,  -24,    1,  -51,  -34,  -51,  -37,   -5,   -4,   -2,  -49,   -8,  -22,   -3,   -1,  -49,
     -49,  -38,  -12,   -7,   -2,   -7,  -24,    2,  -19,  -22,  -15,    1,   -2,    2,  -25,   -3,
      -3,  -19,  -36,   -6,   -7,  -14,  -15,   12,  -15,  -15,  -16,    9,  -14,  -16,  -17,  -15,
     -15,  -13,  -14,    8,  -15,    8,  -14,  -14,  -18,   -7,  -26,  -23,  -31,  -38,  -22,  -43,
      -1,   -4,    9,    8,    9,  -14,   -9,  -12,  -14,   -9,   -9,  -11,  -11,    9,  -10,    8,
     -11,   -3,   -7,   -5,  -11,   -9,  -24,  -12,  -15,  -42,  -14,  -12,  -12,  -12,  -13,  -16,
     -17,  -16,  -37,  -17,  -14,  -14,  -14,  -14,  -14,  -11,   12,  -15,  -16,  -16,  -14,    8,
       8,    8,    8,   -7,   -7,   -2,   -1,   -1,   -1,   -1,   -1,   -1,    9,    9,  -12,  -12,
       9,    9,    9,   -5,   -5,  -13,  -13,  -47,  -48,  -41,  -49,  -49,  -47,  -42,  -14,  -33,
     -49,  -12,  -36,   -4,  -16,  -16,  -12,  -19,  -23,  -21,  -21,  -29,  -22,  -20,  -25,  -29,
     -20,  -12,  -16,   -9,  -16,  -16,  -16,  -10,  -16,  -16,    3,  -16,  -16,  -14,  -15,  -11,
     -16,  -11,  -16,  -24,  -12,  -16,   -8,   -8,  -12,   -8,  -19,  -24,  -16,  -14,  -15,  -13,
     -16,   -1,  -17,  -17,   -2,  -17,  -15,  -18,  -17,  -13,   -9,  -15,  -18,  -17,  -21,  -20,
     -17,  -18,  -14,  -14,  -18,   -8,  -19,  -12,  -16,  -11,  -16,  -20,  -14,   -4,  -18,  -38,
     -38,   -4,  -30,  -34,    4,  -33,    2,   -5,    9,  -10,   20,    1,   -2,    1,    1,   -5,
       1,    1,   -9,    1,    1,   14,    3,   -4,    1,   -4,    1,  -17,  -12,  -31,  -29,   12,
     -17,    8,  -28,    5,   -1,   -1,   -1,   -1,    3,   -1,    4,    2,   -9,    5,    7,    1,
       2,   -1,   -5,   -1,    3,    1,   -4,   -5,  -21,  -18,   11,  -22,    7,  -12,  -30,  -34,
     -36,    1,   20,   20,   20,   20,   -2,    1,    1,    1,    1,    1,    1,    1,    3,   -3,
      -3,   -3,  -12,  -12,  -12,    5,    5,    5,    2,    2,    2,   -1,  -35,  -36,  -33,  -36,
     -33,  -36,  -41,   -1,  -21,  -12,    1,  -38,  -38,   -4,  -29,  -34,    4,  -33,    2,   -5,
       7,  -10,   20,    1,   -2,    1,    1,   -5,    1,    1,   -9,    1,    1,   14,    3,   -4,
       1,   -4,    1,  -17,  -12,  -31,  -29,   12,  -17,    8,  -28,    5,   -1,   -1,   -1,   -1,
       3,   -1,    4,    2,   -9,    5,    7,    1,    2,   -1,   -5,   -1,    3,    1,   -4,   -5,
     -21,  -18,   11,  -22,    7,  -12,  -37,  -30,  -34,  -36,    1,   20,   20,   20,   20,   20,
      30,   -2,    1,    1,    1,    1,    1,    1,    1,    3,   -3,   -3,   -3,   -3,  -12,  -12,
     -12,  -17,    1,    5,    5,    5,   -1,    2,    2,    2,   -1,    2,  -35,  -36,  -33,  -36,
     -33,  -36,  -41,   -1,  -21,  -12,    1,  -38,  -38,   -4,  -29,    4,  -33,    2,   -5,   -2,
     -10,   20,    1,   -2,    1,    1,   -5,    1,    1,   -9,    1,    1,   14,    3,   -4,    1,
      -4,    1,  -17,  -12,  -30,  -29,   12,  -17,    8,  -28,    5,   -1,   -1,   -1,    3,   -1,
       4,    2,   -9,    5,    7,    1,    2,   -1,   -5,   -1,    3,    1,   -4,   -5,  -21,  -18,
      11,  -22,    7,  -12,  -29,  -31,  -31,    1,   20,   20,   20,   -2,    1,    1,    1,    1,
       1,   -3,  -12,  -12,  -17,    5,   -1,  -33,  -35,  -33,  -35,  -41,  -21,  -12,    1,  -38,
     -38,   -4,  -29,  -34,    4,  -33,    2,   -5,   -5,  -10,   20,    1,   -2,    1,    1,   -5,
       1,    1,   -9,    1,    1,   14,    3,   -4,    1,    1,  -17,  -12,  -31,  -29,   12,  -17,
       8,  -28,   -1,   -1,   -1,    3,   -1,    4,    2,   -9,    7,    1,    2,   -1,   -5,    3,
       1,   -4,   -5,  -21,  -18,    7,  -24,  -12,  -30,  -33,  -35,    1,   20,   20,   20,    1,
       1,    3,   -3,   -3,  -12,  -17,    1,    5,   -1,  -36,  -33,  -36,  -33,  -36,  -41,   -1,
     -21,  -12,    1,  -38,  -38,   -4,  -29,    4,  -33,    2,   -5,    9,  -10,   20,    1,   -2,
       1,    1,   -5,    1,    1,   -9,    1,    1,   14,    3,   -4,    1,   -4,    1,  -17,  -12,
     -31,  -29,   12,  -17,    8,  -28,  -25,    5,   -1,   -1,   -1,   -1,    3,   -1,    4,    2,
      -9,    5,    7,    1,    2,   -1,   -5,   -1,    3,    1,   -4,   -5,  -21,  -18,   11,  -22,
       7,  -12,  -37,  -29,  -31,  -32,    1,   20,   20,   20,   20,   -2,    1,    1,    1,    1,
       1,    1,    1,    1,    1,    3,   -3,   -3,   -3,  -12,  -12,  -12,  -17,    5,    5,   -1,
      -1,   -5,  -35,  -36,  -33,  -36,  -33,  -36,  -41,   -1,  -21,  -12,    1,  -38,  -38,   -4,
     -29,  -34,    4,  -33,    2,   -5,   -5,  -10,   20,    1,   -2,    1,    1,   -5,    1,    1,
      -9,    1,    1,   14,    3,   -4,    1,   -4,    1,  -17,  -12,  -31,  -29,   12,  -17,    8,
     -28,    5,   -1,   -1,   -1,   -1,    3,   -1,    4,    2,   -9,    5,    7,    1,    2,   -5,
       3,    1,   -4,   -5,  -21,  -18,   11,  -22,    7,  -12,  -30,  -34,  -36,    1,   20,   20,
      30,   -2,    3,   -3,   -3,    5,    5,    2,  -35,  -33,  -36,  -33,  -36,  -41,  -21,  -12,
       1,  -13,  -13,   -2,  -25,  -35,    1,   -8,    1,    1,  -11,   12,   -1,   -1,   -4,    6,
       1,   -1,   -1,    2,   -3,   -1,    4,    5,  -26,    9,    1,    1,    1,    1,   -4,   -1,
       1,    2,   -2,   -2,    1,   -5,    1,    2,   -4,  -10,   -8,    1,  -10,  -18,  -18,  -19,
       1,   12,   21,    1,   -1,   -1,   -1,   -1,    9,    1,   -2,    1,    1,  -39,  -14,  -14,
     -23,  -24,   -9,    2,   -2,   -8,   -8,   -9,  -25,   -5,   -4,  -40,   -3,  -16,   -7,   -6,
      -5,  -16,   -1,   -3,   -3,   -3,   -3,   -3,   -6,   -3,   -3,   -6,   -3,   -3,   -1,   -1,
      -5,   -3,   -5,   -3,   -4,    2,    3,    3,    2,    3,  -28,    1,   -6,   -6,   -6,   -4,
     -12,   -3,   -6,   -7,   -1,   -1,   -5,   -5,   -6,   -6,   -6,   -6,   -3,   -5,   -7,   -6,
      -3,   -8,   -5,  -14,  -13,  -16,  -16,   -6,   -1,   -1,   -1,   -1,   -1,   -1,    6,   -3,
      -3,   -3,   -3,   -3,   -3,   -3,   -3,   -3,   -5,   -5,   -5,   -5,   -5,   -5,    3,    1,
       1,    1,    1,   -6,   -6,   -6,   -5,   -5,   -3,   -6,    6,   -6,   -5,   -5,   -4,   -4,
      -8,  -45,    2,   -8,    2,   -8,  -20,  -27,  -14,   -5,  -12,  -12,   -2,  -24,  -35,    1,
      -8,   -1,    1,    1,  -11,   12,   -1,   -1,   -4,    6,    1,   -1,   -1,    1,   -3,    1,
       1,    4,    5,  -26,    9,    1,    1,    1,    1,   -4,   -1,   -7,    1,    2,   -2,   -2,
       1,   -5,    1,    2,   -4,   -3,   -9,   -7,    1,  -10,   -9,  -18,  -17,  -19,    1,   12,
      12,   12,   12,    1,   -1,   -1,   -1,   -1,    1,    1,    1,  -39,  -40,  -13,  -13,  -22,
      -4,  -24,   -9,    2,  -12,    3,  -12,   -2,  -24,  -11,  -35,    1,   -8,   -1,    7,   -1,
       1,    1,  -11,   12,   -1,   -1,   -4,    6,    1,   -1,   -1,    1,   -3,    1,    1,    4,
       5,  -26,  -25,    9,    1,    1,    1,    1,   -4,   -1,   -7,    1,    2,   -2,   -2,    1,
      -5,    1,    2,   -4,   -3,   -9,   -7,    1,  -10,   -9,  -18,  -17,  -19,    1,   12,   12,
      12,   12,   12,    1,   -1,   -1,   -1,   -1,   -1,    1,    1,   -2,    1,   -3,  -39,  -40,
     -13,  -13,  -22,   -4,  -24,   -9,    2,  -12,  -12,   -2,  -24,  -11,  -35,    1,   -8,   -1,
       7,    1,    1,  -11,   12,   -1,   -1,   -4,    6,    1,   -1,   -1,    1,   -3,    1,    1,
       4,    5,  -26,    9,    1,    1,    1,    1,   -4,   -1,   -7,    1,    3,   -2,   -2,   -5,
       1,    2,   -4,   -3,   -9,   -7,    1,  -10,   -9,  -18,  -17,  -16,    1,   12,   12,   -1,
      -1,    1,    1,    1,  -39,  -13,  -13,  -22,   -4,  -24,   -9,    2,  -12,  -12,   -2,  -24,
     -11,  -35,    1,   -8,   -1,    7,   -1,   -5,    1,    1,  -11,   12,   -1,   -1,   -4,    6,
       1,   -1,   -1,    1,   -3,    1,    1,    4,    5,  -26,    9,    1,    1,    1,   -4,   -1,
      -7,    1,    3,   -2,   -2,    1,   -5,    2,   -4,   -3,  -10,   -7,   -9,  -18,  -17,  -16,
       1,   12,   12,   12,    1,   -1,   -1,   -1,   -1,    1,  -39,  -40,  -13,  -13,  -22,   -4,
     -24,   -9,    2,   -4,  -13,  -13,  -13,  -20,   -8,  -34,  -10,  -16,   -8,   -7,  -13,    1,
      -1,   -5,   -1,    1,   -8,   -4,    1,   -8,   -1,   -8,   -8,   -1,   -2,    4,    3,    5,
       4,   -1,  -21,   -6,    1,  -10,   -9,   -9,   -7,  -10,   -6,  -10,    1,   -7,   -7,  -10,
     -13,   -7,   -8,  -12,  -13,  -13,   -4,  -14,   -5,  -17,  -13,  -14,  -11,  -10,    1,    1,
       1,   -5,   -8,   -8,   -2,   -2,  -37,   -1,   -8,   -1,   -8,  -26,  -15,  -18,  -16,  -10,
      -1,  -13,  -13,  -13,  -19,   -7,   -8,  -34,  -10,  -16,  -13,   -1,   -8,   -7,   -7,    1,
      -1,   -5,   -1,    1,   -8,   -4,    1,   -8,   -1,   -8,   -8,   -1,   -2,    4,    3,    5,
       4,   -1,  -21,   -6,    1,  -10,   -8,   -9,   -7,  -10,   -6,  -10,    1,   -7,   -7,  -10,
     -13,   -9,   -7,   -8,  -12,  -13,  -13,  -13,   -4,  -14,   -5,   -5,  -17,  -10,  -10,  -10,
     -10,    1,    1,    1,    1,   10,   -5,    1,   -8,   -8,   -8,   -8,   -8,   -2,   -2,   -5,
      -6,   -7,   -7,  -10,    2,  -37,  -37,   -1,   -8,   -1,   -8,  -26,  -15,  -18,  -16,  -10,
      -9,  -12,   -9,  -13,  -15,   -8,  -34,  -10,  -16,   -1,  -14,   -8,   -7,   -1,    1,   -1,
      -5,   -1,    1,   -8,   -4,    1,   -8,   -1,   -8,   -8,   -1,   -2,    4,    3,    5,    4,
      -1,  -20,   -6,    3,  -10,   -8,   -6,  -10,    1,   -5,  -10,    1,    3,   -7,   -7,  -10,
     -13,   -9,   -7,   -8,  -12,  -13,  -13,  -13,   -4,  -14,   -5,   -5,  -17,   -2,   -2,  -10,
       1,    1,    1,   10,   -5,    1,   -8,   -8,   -8,   -2,  -10,   -8,    8,  -37,  -37,   -3,
      -3,  -26,  -15,  -18,  -16,  -10,   -1,   -9,   -9,  -13,  -17,   -8,  -34,  -10,  -16,   -8,
      -7,   -1,    1,   -1,   -5,   -1,    1,   -8,   -4,    1,   -8,   -1,   -8,   -8,   -1,   -2,
       4,    3,    5,    4,   -1,  -21,   -6,    2,   -8,   -7,   -7,  -10,   -7,   -8,  -12,  -13,
     -14,  -17,   -3,   -1,   -2,  -10,    1,    1,    1,    1,   -5,    1,   -8,   -8,   -8,   -8,
      -2,   -2,   -3,   12,   -1,   -4,   -1,   -4,  -26,  -15,  -18,  -16,  -10,   -3,   -3,    2,
     -42,  -21,  -13,  -21,  -21,   -9,   -1,  -11,  -10,   -6,   17,   -6,   -6,   -7,   14,   -6,
      -7,   -9,   -6,   -6,   -7,   -5,   13,   -6,   -6,   -2,    2,    1,   -2,   -7,   -6,  -38,
      -1,    7,    7,    5,    7,   -5,   -5,  -10,  -10,  -10,   -5,   -6,   -6,   -7,   -7,   -1,
      13,   13,   13,   13,    1,    1,   -7,   -6,   -1,    6,    3,   -1,    3,   -1,  -18,  -30,
       3,    8,   -1,   -6,   -6,  -10,  -17,  -12,  -26,  -11,  -21,   -3,   -8,   -8,  -13,   -4,
       1,    3,    1,    1,    1,   -2,    1,    1,    2,    2,   -4,    9,    4,   14,   13,   10,
      13,   -1,  -20,   -5,   -4,   -9,   -3,   -4,   -8,   -6,   -6,   -6,   -8,   -6,  -12,   -4,
      -4,   -4,   -4,   -4,   -4,    3,    1,    1,    1,    2,    4,    4,    4,   13,   -3,   -4,
      -1,   -4,   -1,   -6,   -7,   -4,   -6,  -20,  -19,  -10,  -11,   -4,   -4,    3,  -42,  -18,
     -13,  -18,  -21,  -11,   -8,   -5,   17,   -5,   -6,   -6,   14,   -4,   -6,   -8,   -5,   -5,
      -6,   -4,   12,   -5,   12,   -5,   -2,    2,    1,   -1,  -12,   -6,   -6,  -38,  -50,    1,
       7,    6,    7,    1,   -3,   -1,   -1,   -3,    1,    1,    7,    2,    1,    6,    4,    7,
       7,    6,   -2,    7,   -6,   -5,   -3,   -8,   -8,   17,   -6,   -6,   -6,   -6,   -6,   -6,
      -6,   -1,   -4,   12,   12,   12,    1,    1,    7,    7,  -15,    3,   -2,    3,   -2,  -18,
     -28,    3,    8,   -1,   -4,   -4,    3,  -42,  -18,  -13,  -18,  -21,   -8,   -4,   -9,    5,
      -1,  -11,   -8,   -5,   17,   -5,   -6,   -6,   14,   -4,   -6,   -8,   -5,   -5,   -6,   -4,
      12,   -5,   12,   -5,   -2,    2,    1,   -1,  -12,   -6,   -6,  -38,    1,    7,    6,    7,
       1,   -3,   -1,   -1,   -3,    1,    1,    7,    2,    6,    1,    6,    4,    7,    7,    6,
      -2,    7,   -9,   -5,   -5,   -3,   -8,   -8,   -8,   -3,   17,   -6,   -6,   -6,   -6,   -6,
      -6,   -6,   -1,   -4,   12,   12,   12,   12,   12,   12,    1,    1,    1,   -6,   -6,    7,
       6,    1,    7,    7,    7,    5,    1,  -15,  -16,    3,   -2,    3,   -2,  -18,  -28,    3,
       8,   -1,   -4,   -4,    3,  -42,  -18,  -13,  -18,  -21,   -8,    7,  -11,   -8,   -5,   17,
      -5,   -6,   -6,   14,   -4,   -6,   -8,   -5,   -5,   -6,   -4,   12,   -5,   12,   -5,   -2,
       2,    1,   -1,  -12,   -6,   -6,  -38,    1,    7,    6,    1,   -3,   -1,   -1,   -3,    1,
       1,    7,    2,    1,    6,    4,    7,    7,   -2,    7,   -5,   -5,   -3,   -8,   -8,   -3,
      17,   -6,   -6,   -6,   -6,   -6,   -6,   -6,   -1,   -4,   12,   12,    1,    1,   -6,    7,
       7,    5,  -15,  -16,    3,   -2,    3,   -2,  -18,    3,    8,   -1,   -4,   -4,    3,  -42,
     -18,  -13,  -18,  -21,  -11,   -8,   -5,   17,   -5,   -6,   -6,   14,   -4,   -6,   -8,   -5,
      -5,   -6,   -4,   12,   -5,   12,   -5,   -2,    2,    1,   -1,   -6,   -6,  -38,    1,    7,
       6,    7,    1,   -3,   -1,   -3,    1,    1,    2,    1,    6,    4,    7,    7,   -2,   -5,
      -5,   -3,   -8,   -8,   -6,   -6,   -4,   12,   12,    1,    7,    7,  -15,   -2,    3,   -2,
     -18,  -28,    3,   -1,   -4,   -4,    3,  -42,  -18,  -13,  -18,  -21,   -8,   -4,   -9,  -11,
      -8,   -5,   17,   -5,   -6,   -6,   14,   -4,   -6,   -8,   -5,   -5,   -6,   -4,   12,   -5,
      12,   -5,   -2,    2,    1,   -1,  -12,   -6,   -6,  -38,  -50,    1,    7,    6,    7,    1,
      -3,   -1,   -1,   -3,    1,    1,    7,    2,    6,    1,    6,    4,    7,    7,    6,   -2,
       7,   -5,   -5,   -3,   -8,   -8,   -8,   -8,   -8,   17,   -6,   -6,   -6,   -6,   -6,   -6,
      -6,   -6,   -1,   -4,   12,   12,   12,   12,   12,   12,    1,    1,   -6,   -6,    7,    6,
       1,    7,    5,    6,  -15,    3,   -2,    3,   -2,  -18,    3,    8,   -1,  -20,  -20,  -16,
     -56,  -44,  -10,  -28,  -21,  -26,  -11,  -17,  -12,  -19,  -10,   -9,  -18,  -26,   -7,  -26,
     -26,  -27,   -9,  -25,  -27,  -29,  -26,  -26,  -22,  -25,  -10,  -26,  -10,  -25,  -14,  -13,
     -19,  -28,  -27,  -27,  -33,  -19,  -10,  -16,  -12,  -12,  -13,  -14,  -17,  -21,  -15,  -20,
     -20,  -14,  -14,  -14,  -12,  -14,  -14,  -11,   -7,   -8,   -9,  -14,  -15,  -16,   -4,   -4,
       3,  -38,  -18,  -13,  -18,  -21,    8,   -8,   -4,   -9,   -1,    1,  -11,   -8,   -5,   17,
      -5,   -6,   -6,   14,   -4,   -6,   -8,   -5,   -5,   -6,   -4,   12,   -5,   -5,   -2,    2,
       1,   -1,  -12,   -6,   -6,  -38,    1,    7,    6,    7,    1,   -3,   -1,   -1,   -3,    1,
       1,    2,    1,    6,    7,    7,    6,    7,   -5,   -5,   -3,   -8,   -3,   -6,   -1,   12,
      12,    6,    7,  -15,  -16,    3,   -2,    3,   -2,  -18,    3,    8,   -1,   -1,   -4,   -4,
      -7,  -16,  -21,  -23,  -21,  -28,   -1,   -9,   -8,  -13,  -12,    5,   -1,    2,   -2,   -1,
       1,    2,   -1,    2,   -1,   -3,   10,    7,   15,   15,    5,   15,   -2,  -19,    5,   -3,
      -3,   -7,   -7,   -3,   -3,    1,    1,   -8,   -8,   -3,   -7,   -3,   -8,   -7,   -3,   -3,
      -2,  -10,   -5,   -4,   -5,   -4,  -13,  -12,  -12,  -12,    5,    2,    2,    2,    7,    7,
      -2,  -25,  -25,    9,    9,  -19,  -30,   -7,   -3,  -12,   -1,   -4,   -4,   -7,  -16,  -21,
     -23,  -21,  -28,   -1,    1,   -9,   -8,  -13,  -12,    5,   -1,    2,   -2,   -1,    1,    2,
      -1,    2,   -1,   -3,   10,    7,   15,   15,    5,   15,   -2,  -19,   -7,    5,   -3,   -3,
      -7,   -7,   -3,   -3,    1,    1,   -8,   -8,   -3,   -7,   -8,   -7,   -3,   -3,   -1,   -3,
     -10,   -5,   -4,   -5,   -4,  -13,  -12,  -12,   -7,    5,    1,    2,    2,    2,    2,    2,
       7,    7,    7,   15,   -6,   -8,   -2,   -2,   -3,  -25,  -25,    9,    9,  -19,  -30,   -7,
      -3,  -12,   -1,   -4,   -4,   -7,  -16,  -21,  -23,  -21,  -28,   -1,   -9,   -8,  -13,  -12,
       5,   -1,    2,   -2,   -1,    1,    2,   -1,    2,   -1,   -3,   10,    7,   15,   15,    5,
      15,   -2,  -19,   -7,    5,   -3,   -3,   -2,   -7,   -7,    1,    1,   -8,   -8,   -3,   -7,
      -8,   -7,   -3,   -2,   -7,   -3,  -10,   -5,   -4,   -5,   -4,  -13,  -12,  -12,  -12,  -12,
      -7,    5,    2,    7,   -3,   -2,    9,  -19,  -30,   -7,   -3,  -12,   -1,   -4,   -4,   -7,
     -16,  -21,  -23,  -21,  -28,   -1,   -1,   -6,   -2,   -9,   -8,  -13,  -12,    5,   -1,    2,
      -2,   -1,    1,    2,   -1,    2,   -1,   -3,   10,    7,   15,   15,    5,   15,   -2,  -19,
      -7,    5,   -3,   -3,   -2,   -7,   -7,   -3,   -3,    1,    1,   -8,   -8,   -3,   -7,   -3,
      -8,   -7,   -3,   -3,   -1,   -2,   -7,   -3,  -10,   -5,   -4,   -5,   -4,  -13,  -12,  -12,
     -12,  -12,   -7,    5,    1,    2,    2,    2,    2,    2,    7,    7,    7,    7,   15,   -1,
      -3,   -2,   -1,   -3,  -25,  -25,    9,    9,  -19,  -30,   -7,   -3,  -12,    2,    2,    2,
     -14,  -12,  -30,  -55,  -30,  -34,    2,  -22,  -22,   -8,  -17,    3,   -8,    3,    4,    4,
      -9,    4,    4,    4,    4,    4,    5,    6,  -10,    3,  -10,    3,   -6,   12,   12,   25,
      25,   12,   25,   -1,  -12,  -24,  -30,  -29,   -8,   -4,   -5,    8,    8,  -16,  -29,  -16,
     -24,  -10,  -18,  -12,  -13,  -13,  -39,   -3,   -6,   -2,  -21,  -17,  -17,  -10,   -8,    4,
       3,   -9,   -9,   -9,   12,   12,   25,    4,   -5,  -10,   -8,  -12,  -57,   17,    3,   17,
       3,  -14,  -39,  -30,  -38,  -20,   -1,   -7,   -7,  -44,  -34,  -12,  -34,  -23,   -1,   -1,
     -10,  -15,  -10,   15,  -10,  -11,  -11,   12,  -10,  -12,  -13,  -10,  -10,  -12,   -9,   11,
     -10,  -10,   -6,   -1,   -3,  -11,  -10,  -18,  -38,   -2,    7,   -1,   -1,    7,   -1,    1,
       1,    6,    4,   -5,   -5,  -15,  -13,  -11,  -12,  -12,   -2,   11,   11,   11,   -3,  -18,
     -11,   -2,   -2,    7,   -1,    7,    7,    1,    4,   -2,  -14,  -26,    6,   -1,  -16,  -16,
       2,  -30,    2,  -16,    2,   -8,   -2,   -1,  -12,    7,   11,   -4,    4,    1,  -29,   14,
      12,   12,   12,   -2,   -1,   -1,   -1,   -6,   -1,    1,   -1,   -1,   12,   -3,   12,   -1,
       2,   -2,   -1,   -8,   -7,   -9,    5,  -20,  -21,  -21,   14,   12,   -1,  -19,   -2,  -18,
      -2,  -18,  -25,  -14,    6,    1,   -3,  -22,  -22,   -5,  -38,  -16,  -24,   -2,  -10,   -7,
      -2,   -2,  -16,    8,   -4,    4,   -5,    1,   -3,   -4,  -14,    2,   -3,   -3,  -12,  -23,
     -37,    1,   -3,    1,    1,   -1,   -1,   -1,   -1,   -9,   -1,    1,   -2,   -1,   -6,    1,
      -1,    1,   -3,   -5,   -6,   -5,    1,   -7,   -4,  -12,  -16,  -18,   -7,    8,  -15,    1,
       1,    1,    1,    1,    1,    1,   -1,   -1,   -1,   -1,   -5,   -5,   -5,  -25,  -25,  -17,
     -18,  -17,  -18,  -36,  -10,   -8,   -4,   -6,   -3,  -22,  -22,   -5,  -25,  -16,  -24,   -2,
     -10,   -7,   -3,   -2,   -2,  -11,   -4,    4,   -4,   -4,   -4,   -3,   -4,  -13,   -4,   -4,
       2,   -3,   -4,  -10,  -10,  -12,  -33,    1,   -3,    1,    1,   -1,   -1,   -1,   -1,   -9,
      -1,    1,   -2,   -1,   -6,    1,   -1,    1,   -3,   -5,   -6,   -5,    1,   -7,   -4,  -11,
     -14,  -13,   -7,    8,   -4,   -4,    1,    1,    1,    1,    1,    1,    1,    1,    1,   -1,
      -1,   -1,   -5,   -5,   -5,   -7,   -1,  -25,  -25,  -17,  -16,  -17,  -16,  -35,  -10,   -8,
      -4,   -6,   -3,  -21,  -21,   -5,  -35,  -24,   -2,  -10,   -2,   -1,  -16,    8,   -3,    4,
      -3,    1,   -4,   -3,   -3,    2,   -2,   -3,   -3,   -7,  -37,    1,   -3,    1,    1,   -1,
      -1,   -1,   -1,   -9,   -1,    1,   -2,   -1,   -6,    1,   -1,    1,   -3,   -5,   -6,   -5,
       1,   -7,   -4,  -12,  -15,  -16,   -7,    8,    1,    1,    1,    1,    1,    1,   -1,   -1,
      -5,   -5,   -7,   -7,  -11,  -18,  -11,  -18,  -32,   -8,   -4,   -6,   -3,  -22,  -22,   -5,
     -28,  -16,  -24,   -2,  -10,   -2,   -1,  -16,   -4,  -32,    1,   -3,    1,    1,   -1,   -1,
      -1,   -1,   -9,   -1,    1,   -2,   -1,   -6,   -1,    1,   -3,   -5,   -6,   -5,    1,   -7,
      -4,  -12,  -14,  -15,   -7,    8,    1,    1,    1,    1,   -1,   -1,   -5,   -7,   -1,  -25,
     -14,  -16,  -14,  -16,  -34,  -10,   -8,   -4,   -6,   -3,  -21,  -21,   -5,  -26,  -24,   -2,
     -10,   -2,   -1,  -14,    8,   -3,    1,   -2,   -3,  -10,   -3,   -3,    2,   -1,   -3,   -2,
      -3,   -7,   -5,   -6,  -29,  -23,    1,   -2,    1,    1,   -1,   -1,   -1,   -1,   -9,   -1,
       1,   -2,   -1,   -6,    1,   -1,    1,   -3,   -5,   -6,   -5,    1,   -7,   -4,  -11,  -14,
     -14,   -7,    8,    4,    8,    1,    1,    1,    1,    1,    1,    1,    1,   -1,   -1,   -1,
      -1,   -1,   -5,   -5,   -5,   -7,   -7,  -25,  -25,  -10,  -15,  -10,  -15,  -34,  -10,   -8,
      -4,   -6,   -3,  -22,  -22,   -5,  -33,  -24,   -2,  -10,   -7,   -2,   -1,  -16,    8,   -4,
     -13,  -10,  -37,    1,   -3,    1,    1,   -1,   -1,   -1,   -1,   -9,   -1,    1,   -2,   -1,
      -6,    1,   -1,    1,   -3,   -5,   -6,   -5,    1,   -7,   -4,  -12,  -15,  -15,   -7,    1,
       1,    1,   -1,   -7,  -25,  -16,  -18,  -16,  -18,  -34,   -8,   -4,   -6,   -1,  -13,  -13,
      -1,  -41,   -6,  -14,   -7,  -15,  -11,   -6,  -38,   -1,   -2,    4,    3,    4,   -2,   -3,
      -2,   -5,   -2,   -2,   -2,   -2,    4,   -3,    3,   -1,    1,    1,   -1,   -1,   -1,    4,
      -5,   -8,   -8,   -6,   -5,   -1,   -1,    4,    4,    4,   -2,    3,   -2,    4,    4,    4,
      -2,  -16,   -7,  -10,   -7,  -10,  -30,    3,    5,   -5,   -1,   -5,   -5,   -4,  -34,   -1,
      -2,  -24,   -4,  -12,   -8,   -2,  -13,    4,   -6,   -6,   -6,    1,  -35,   -1,   -4,   -2,
      -3,   -1,   -2,   -4,   -2,   -2,   -1,   -2,   -3,    2,    1,    5,    4,    3,    3,    1,
      -9,   -1,   -8,   -8,    1,    4,    6,    1,   -1,   -1,   -1,   -1,   -1,   -1,   -1,   -2,
      -1,   -1,   -1,   -1,   -1,   -1,   -1,   -1,   -1,   -1,    1,    1,    1,    1,    3,  -26,
      -2,   -2,  -22,   -3,   -9,    2,   -1,  -13,  -13,   -1,  -41,   -6,  -14,   -7,  -15,  -11,
     -11,    1,   -6,   10,   -6,   -7,    8,   -6,   -6,   -5,   -5,   -5,   -6,   -5,  -14,  -38,
      -1,   -2,    4,    3,    4,   -2,   -3,   -2,   -5,   -2,   -2,   -2,   -2,    4,   -3,    3,
      -1,    1,    1,   -1,   -1,   -1,    4,   -5,   -8,   -8,   -6,   -6,   -1,   -1,   -1,   -1,
       4,    4,    4,    4,    4,   -2,   -2,   -2,   -2,   -2,    4,    4,    4,    4,  -16,  -16,
      -7,  -10,   -7,  -10,  -29,  -13,    3,    5,   -5,  -12,   -6,  -12,   -1,  -23,   -4,   -6,
     -14,   -7,  -15,  -11,   -3,   -6,   -2,   -6,    1,   -5,   10,   -5,   -5,   -6,    8,   -4,
      -6,  -10,   -5,   -5,   -3,    7,   -5,   -4,   -5,   -5,   -3,   -5,   -3,   -8,  -29,  -35,
      -1,   -2,    4,    3,    4,   -2,   -3,   -2,   -5,   -1,   -2,   -2,   -2,    4,   -3,    3,
      -1,    1,    1,   -1,   -1,   -1,    4,   -2,   -6,   -5,   -6,   -5,   -5,   -1,   -1,   -1,
      -1,   -1,    4,    4,    4,    4,    4,   -2,   -2,   -2,   -2,    3,   -2,    4,    4,    4,
       4,    4,   -1,  -16,  -16,   -6,   -6,   -6,   -6,  -29,  -13,    3,    5,   -5,  -12,  -12,
      -1,  -31,   -3,   -6,  -14,   -7,  -15,   -5,   -1,  -11,    1,   -3,    8,   -2,   -6,   -2,
      -1,    7,   -4,   -1,   -1,  -32,   -1,   -1,    4,    3,    4,   -2,   -2,   -2,   -5,   -1,
      -2,   -2,   -2,    4,   -3,    3,   -1,    1,    1,   -1,   -1,   -1,    4,   -4,   -6,   -6,
      -6,   -2,   -1,   -1,    4,    4,    4,    4,    4,   -2,    4,    4,  -16,   -2,   -8,   -2,
      -8,  -26,  -13,    3,    5,   -5,  -11,  -11,   -1,  -24,   -6,  -14,   -7,  -15,    3,   -9,
      -1,   -4,   -1,    2,   -8,    1,   -2,   10,   -2,   -2,   -2,    8,   -1,   -2,   -2,   -2,
       7,   -2,   -1,   -4,   -1,    1,   -1,   -3,  -27,   -1,    4,    3,    4,   -2,   -3,   -2,
      -5,   -1,   -1,   -2,   -2,    4,   -3,    3,   -1,    1,    1,   -1,   -1,   -1,    4,   -3,
      -6,   -6,   -6,   10,   -2,   -1,   -1,   -1,    4,    4,    4,    4,   -2,    4,    4,    4,
       4,  -16,  -16,   -3,   -4,   -3,   -4,  -28,  -13,    3,    5,   -5,   -4,  -18,  -18,   -7,
     -34,  -27,   -6,  -11,   -3,   -3,  -19,    6,   -5,   -5,   -2,   -3,  -37,   -1,   -4,   -2,
      -2,   -2,   -3,   -4,   -2,   -1,  -10,   -1,   -2,   -1,   -2,   -7,   -2,   -1,   -4,   -4,
      -5,   -5,   -6,   -9,  -12,  -16,  -18,   -8,   -5,   -5,   -1,   -1,   -1,   -2,   -2,   -2,
      -2,   -1,   -1,   -1,   -2,   -2,   -4,   -4,  -28,   -8,  -16,   -8,  -16,  -30,  -12,  -11,
      -8,   -7,    6,   -5,   -5,   -7,   -7,   -9,  -27,   -6,  -11,   -4,   -7,   -3,   -3,    2,
       6,   -1,    1,   -1,    2,    2,   -2,    1,   -2,    4,  -13,   -1,    1,   -2,   -2,   -2,
      -2,   -4,   -1,   -8,   -2,   -1,   -2,   -7,   -2,   -1,   -4,   -4,   -5,   -5,   -6,   -8,
      -9,   10,    3,    7,   -8,   -2,   -1,   -1,   -1,   -1,   -1,   -2,   -1,   -2,   -1,    5,
      -1,   -1,   -1,   -1,   -1,   -2,   -2,   -1,   -1,   -4,   -4,    1,  -28,  -28,    1,    2,
       1,    2,  -29,  -12,  -11,   -8,   -7,    4,    2,    2,   -3,  -16,  -27,   -6,  -11,    7,
      14,   -7,   -3,   -2,   -9,    6,    7,    7,    7,    9,    3,    7,    1,   20,   15,   20,
       6,  -19,   -1,   -1,   -2,   -2,   -1,   -2,   -4,   -2,   -1,   -8,   -1,   -2,   -1,   -2,
      -6,   -2,   -1,   -4,   -4,   -5,   -5,   -6,   -6,   -9,   -6,   -4,   -6,   -8,    8,   -1,
      -1,   -1,   -1,   -2,   -1,   -1,   -1,    9,   -2,   -1,   -2,   -1,   -1,   -4,  -28,  -28,
      13,   13,  -12,  -12,  -11,   -8,   -7,    8,    2,    2,   -6,   -7,  -27,   -6,   -3,   -3,
      -3,  -11,   -1,    7,   -2,   -2,   -2,   -2,   -4,    3,   -1,   -6,    3,    3,   -2,   -1,
      -2,   -7,   -2,   -1,   -4,   -4,   -5,   -5,   -6,   -9,    1,   -1,    2,   -8,   13,   -1,
      -1,   -1,   -2,   -1,   -2,    2,   17,   -1,   -2,   -2,   -1,   -1,   -4,   14,    9,   14,
       9,  -18,  -12,  -11,   -8,   -7,   -6,   -6,    5,  -44,  -10,  -12,  -10,  -17,   -9,  -11,
      -2,   14,   -7,  -39,    3,    1,   10,    9,   11,    3,   -1,    1,   -1,    3,    3,   10,
       3,    3,    3,    7,    7,    6,    6,    4,    9,   -2,   -7,   -6,    3,    3,    3,    3,
      11,   11,    1,    1,   10,   10,   10,   10,   10,    7,    7,    4,    1,   -5,   -5,  -23,
     -19,    3,   11,   -2,  -22,  -22,   -3,  -37,  -16,  -24,   -3,   -9,   -2,   -1,   -1,  -16,
      -3,   -3,    4,   -3,  -36,   -1,    1,    1,    1,   -1,   -2,   -1,  -10,    1,    2,   -1,
       1,   -6,    1,    1,   -3,   -5,   -6,   -5,    2,   -7,    1,  -12,  -16,  -18,   -6,   -2,
       1,    1,    1,    1,    1,    1,    1,    1,    1,   -5,   -5,   -5,   -7,   -7,  -18,  -18,
     -34,   -9,   -8,   -5,   -2,  -18,  -18,    2,  -47,   -9,   -8,  -13,   -7,  -15,   -5,   -4,
     -13,   -9,   -4,   -7,   -8,  -10,  -40,  -42,    3,    1,    9,    8,    9,   -2,    1,   -4,
      -1,   -6,   -3,   -2,    9,   -2,    8,   -2,   -1,   -7,   -3,   -4,    9,   -9,  -11,  -11,
      -9,  -10,    9,    3,    3,    9,    9,    9,    9,    9,   -1,   -1,   -1,    8,    9,    9,
       9,   -3,  -15,  -15,  -15,  -15,  -15,  -32,  -18,   10,   -8,   -2,  -18,  -18,    2,  -36,
      -9,   -8,  -13,   -7,  -15,  -19,  -10,  -14,    6,  -19,   -5,   -4,  -12,   -8,   -9,   -8,
      -4,   -6,   -8,  -35,    3,    1,    9,    8,    9,   -2,    1,   -4,   -1,   -6,   -3,   -2,
       9,   -2,    8,   -2,   -1,   -7,   -3,   -4,    9,  -13,   -8,  -11,  -10,   -9,    9,    3,
       3,    3,    3,    9,    9,    9,    9,    9,   -1,   -1,    8,    9,    9,    9,    9,    9,
       9,   -3,    1,  -15,  -15,  -15,  -15,  -15,  -15,  -32,  -18,   10,   -8,   -2,  -18,  -18,
       2,  -41,   -8,  -13,   -7,  -15,  -15,   -5,   -4,  -13,   -7,   -9,   -7,   -8,  -38,    3,
       1,    9,    8,    9,   -2,    1,   -4,   -1,   -6,   -3,   -2,    9,   -2,    8,   -2,   -1,
      -7,   -3,   -4,    9,   -9,  -11,  -10,   -9,    9,    3,    3,    3,    9,    9,    9,    9,
      -1,   -1,   -1,   -1,    8,    9,    9,    1,  -15,  -15,  -13,  -15,  -13,  -15,  -31,   10,
      -8,   -2,  -18,  -18,    2,  -37,   -8,  -13,   -7,  -15,   -5,   -4,  -13,  -34,    3,    1,
       9,    8,    9,   -2,    1,   -4,   -1,   -6,   -3,   -2,    9,   -2,    8,   -2,   -1,   -3,
      -4,   -9,  -11,  -10,   -9,    9,    3,    3,    9,   -1,    9,    9,  -15,  -15,  -14,  -15,
     -32,  -18,   -8,   -2,  -18,  -18,    2,  -37,   -9,   -8,  -13,   -7,  -15,  -10,  -12,   -5,
      -4,  -13,   -7,   12,   -7,   -7,   -8,   10,   -7,   -8,   -7,   -7,   -3,   -6,   -7,   -7,
      -4,   -8,   -6,  -34,  -42,    3,    1,    9,    8,    9,   -2,    1,   -4,   -1,   -6,   -3,
      -2,    9,   -2,    8,   -2,   -1,   -7,   -3,   -4,    9,   -8,  -11,   -9,   -9,   -2,   -1,
       9,    6,    3,    3,    3,    3,    3,    9,    9,    9,    9,    9,   -1,   -1,   -1,    8,
       9,    9,    9,    9,    9,    9,   -3,    1,  -15,  -13,  -14,  -13,  -14,  -32,   10,   -8,
     -21,  -65,  -14,  -45,  -47,  -40,  -19,  -24,  -14,  -49,  -23,  -19,  -33,  -31,  -31,  -33,
     -31,  -50,  -26,  -24,  -15,  -28,  -29,  -29,  -38,  -41,  -38,   -2,  -18,  -18,    2,  -47,
      -8,  -13,   -7,  -15,  -16,   -5,   -4,  -13,   -8,   -9,   -8,  -40,    3,    1,    9,    8,
       9,   -2,    1,   -4,   -1,   -6,   -3,   -2,    9,   -1,   -2,   -1,   -6,   -3,   -4,    9,
      -9,  -11,  -11,   -9,    3,    3,   -1,    8,    9,    9,  -15,  -15,  -12,  -15,  -12,  -15,
     -30,   10,   -8,   -6,  -17,  -17,   -9,  -40,   -2,  -26,   -4,  -12,  -10,   -4,   -3,  -20,
      -6,   -7,   -6,   -5,   -6,   -5,   -2,  -39,   -1,   -6,   -2,   -2,   -2,   -4,   -5,   -4,
      -3,   -9,   -3,   -1,   -3,   -3,   -2,   -6,   -2,   -3,   -1,   -4,   -4,   -4,   -4,   -1,
      -6,   -1,   -8,  -12,  -16,  -19,   -9,  -19,   -1,   -1,   -1,   -2,   -2,   -2,   -2,   -2,
      -3,   -3,   -3,   -2,   -2,   -2,   -4,   -4,  -28,  -28,  -10,  -16,  -10,  -16,  -33,  -13,
     -10,   -7,   -8,   -6,  -17,  -17,   -9,  -36,   -2,  -26,   -4,  -12,  -10,  -14,   -4,   -3,
     -20,    4,   -6,    1,   -6,   -7,   -7,   -6,   -6,   -6,   -8,  -18,  -17,  -39,   -1,   -6,
      -2,   -2,   -2,   -4,   -5,   -4,   -3,   -9,   -3,   -1,   -3,   -3,   -2,   -6,   -2,   -3,
      -1,   -4,   -4,   -4,   -4,   -1,   -6,   -1,   -8,  -12,  -15,  -17,   -9,   -7,   -1,  -19,
      -1,   -1,   -1,   -2,   -2,   -2,   -3,   -3,   -2,   -3,   -2,   -2,   -2,   -2,   -2,   -4,
      -4,   -4,   -5,   -5,  -28,  -28,   -9,  -16,   -9,  -16,  -33,  -13,  -10,   -7,   -8,   -6,
     -17,  -17,   -9,  -40,   -2,  -26,   -4,  -12,  -10,   -4,   -3,  -20,    4,   -6,   -6,   -6,
      -6,   -5,   -6,   -5,  -14,  -39,   -1,   -6,   -2,   -2,   -2,   -4,   -5,   -4,   -3,   -9,
      -3,   -1,   -3,   -3,   -2,   -6,   -2,   -3,   -1,   -4,   -4,   -4,   -4,   -1,   -6,   -1,
      -8,  -12,  -16,  -18,   -9,  -19,   -1,   -1,   -1,   -1,   -1,   -2,   -2,   -2,   -2,   -2,
      -3,   -3,   -2,   -4,  -16,   -9,  -16,  -33,  -13,  -10,   -7,   -8,   -6,  -17,  -17,   -9,
     -36,   -2,  -26,   -4,  -12,  -10,   -1,   -6,   -4,   -5,   -4,   -3,  -20,    4,   -6,    1,
      -6,   -6,   -6,   -7,   -6,   -6,   -5,   -6,   -6,   -5,   -8,  -18,  -12,  -38,   -1,   -6,
      -2,   -2,   -2,   -4,   -5,   -4,   -3,   -9,   -3,   -1,   -3,   -3,   -2,   -6,   -2,   -3,
      -1,   -4,   -4,   -4,   -4,   -1,   -6,   -1,   -8,  -12,  -16,  -17,   -9,    4,  -18,    3,
      -1,   -1,   -1,   -1,   -1,   -2,   -2,   -2,   -2,   -2,   -3,   -3,   -3,   -3,   -2,   -2,
      -2,   -2,   -2,   -4,   -4,   -4,   -4,   -5,   -5,  -28,  -28,   -9,  -16,   -9,  -16,  -33,
     -13,  -10,   -7,   -8,   -1,    1,    1,   -2,  -30,  -38,  -26,  -37,  -30,   -4,   -1,   -1,
     -15,  -11,    7,  -12,  -11,  -11,  -14,    6,   -3,    6,   -5,  -34,   -3,   -1,   -3,   -5,
      -2,   -3,   -6,   -1,   -5,   -6,    1,    1,   -3,    2,   -4,   -3,    4,    5,   14,   14,
       3,   13,   -1,  -10,    4,   -2,   -2,    1,   -3,   -3,   -3,   -3,   -3,   -3,   -3,   -3,
       5,    5,   13,   -1,  -28,    7,    2,    7,    2,  -14,  -42,   -5,  -10,    2,   -3,  -16,
     -16,  -48,  -12,  -14,  -11,  -18,   -5,   -4,  -14,  -10,  -42,    1,   -1,    7,    6,    7,
      -3,   -6,   -2,   -5,   -5,   -5,   -1,   -1,    7,   -1,   -1,   -1,   -2,   -1,   -3,   -8,
     -11,  -11,    1,    1,    7,   -2,   -2,    7,    7,    7,    7,   -3,   -1,  -16,  -32,    1,
      -1,    1,  -31,  -38,  -26,  -37,   -1,   -1,  -17,  -33,   -3,   -1,   -3,   -5,   -2,   -3,
      -6,   -5,   -6,    1,    1,   -3,    2,   -3,    4,    5,   14,   14,   13,   -1,    4,   -2,
      -2,   -3,   -3,   -2,   13,  -14,   -5,  -25,  -38,  -31,  -45,  -38,  -21,  -67,  -48,  -48,
     -42,  -14,  -47,  -59,  -41,  -19,  -24,  -14,  -57,  -23,  -19,  -30,  -29,  -35,  -37,  -34,
     -12,  -34,  -34,  -35,  -14,  -33,  -36,  -37,  -34,  -34,  -34,  -33,  -15,  -34,  -15,  -34,
     -37,  -49,  -27,  -44,  -40,  -60,  -56,  -45,  -61,  -27,  -24,  -15,  -16,  -15,  -34,  -20,
     -29,  -31,  -30,  -28,  -29,  -30,  -30,  -15,  -29,  -16,  -30,  -21,  -27,  -25,  -29,  -28,
     -43,  -30,  -33,  -37,  -13,  -34,  -35,  -35,  -37,  -43,  -37,  -37,  -37,  -37,  -37,  -37,
     -12,  -34,  -34,  -34,  -34,  -36,  -36,  -36,  -33,  -15,  -15,  -15,  -15,  -27,  -27,  -56,
     -34,  -27,  -27,  -27,  -27,  -27,  -15,  -15,  -15,  -15,  -15,  -31,  -31,  -32,  -30,  -15,
     -15,  -15,  -15,  -25,  -25,  -30,  -24,  -29,  -43,  -38,  -43,  -38,  -52,  -11,  -36,  -32,
     -25,  -38,  -45,  -38,  -21,  -67,  -49,  -49,  -43,  -14,  -47,  -59,  -41,  -20,  -24,  -14,
     -57,  -24,  -19,  -30,  -29,  -35,  -37,  -34,  -12,  -34,  -35,  -35,  -14,  -33,  -36,  -37,
     -34,  -34,  -34,  -33,  -16,  -34,  -16,  -34,  -38,  -49,  -27,  -44,  -40,  -60,  -56,  -46,
     -27,  -24,  -16,  -16,  -16,  -34,  -20,  -29,  -32,  -33,  -28,  -29,  -30,  -30,  -16,  -30,
     -16,  -30,  -21,  -27,  -25,  -29,  -28,  -43,  -30,  -33,  -31,  -39,  -13,  -34,  -35,  -35,
     -37,  -44,  -29,  -43,  -38,  -43,  -38,  -52,  -12,  -36,  -32,  -23,   -1,  -21,  -21,  -16,
     -23,  -21,  -11,  -16,  -23,  -41,  -51,  -30,  -51,  -41,   -1,   -2,   -1,   -2,  -21,   -2,
      -3,    1,   -1,   -2,   -2,  -20,   -1,  -30,  -39,  -11,  -12,  -11,  -11,   -1,  -11,  -11,
     -11,  -11,  -11,  -14,   -9,   -3,  -12,   -3,  -11,   -7,    4,   -4,    3,    3,   -6,    2,
     -13,  -21,  -11,    1,  -19,  -22,  -18,   -4,  -15,   -5,   -2,   -4,   -5,   -5,   -3,   -3,
     -18,   -2,  -21,   -3,  -13,   -1,   -2,    6,    5,   -1,    4,   -7,  -16,  -54,  -10,  -27,
     -22,  -17,  -48,  -52,  -13,    3,    1,    2,  -26,  -47,  -39,  -39,  -36,  -38,  -37,  -39,
     -34,  -11,  -11,  -11,  -11,  -10,  -11,   -6,   -9,   -3,   -3,   -3,   -3,   -3,  -17,   -3,
      -4,   -4,   -4,   -4,  -11,  -10,  -11,  -11,  -11,  -10,  -11,  -11,  -19,  -16,  -18,  -18,
     -17,    6,   -4,    2,   -3,  -17,  -18,  -18,  -18,  -18,  -41,  -18,   -2,   -2,   -2,   -2,
       1,  -41,  -41,  -14,  -17,  -14,  -17,  -54,  -21,  -21,  -54,  -48,  -24,  -22,   -1,  -16,
     -24,  -16,  -13,  -14,  -14,  -53,  -51,  -42,  -51,  -42,   -2,    7,   10,    9,  -24,   -2,
      -5,    3,   -4,   -4,  -27,   -2,  -36,  -41,   -2,   -5,   -1,    1,   -6,   -6,   -1,   12,
       9,   23,   22,    9,   22,  -16,  -18,    6,  -27,  -29,  -26,   -7,  -24,   -3,   -4,    1,
       1,   -9,   -9,  -27,   -9,  -28,   -9,  -21,   -3,   -6,    1,    1,   -4,  -13,  -11,  -54,
     -54,  -29,  -34,  -41,  -41,  -39,  -40,  -40,  -41,  -25,   -2,    3,    3,    1,   -6,   -6,
      -6,   -6,   -6,   -6,    9,    9,    9,    9,   22,  -16,  -18,  -11,  -12,   -8,  -17,  -18,
     -27,  -22,  -26,  -17,  -13,    6,   -7,   16,   21,   -9,  -23,  -27,  -18,  -18,  -14,  -27,
      -6,   -6,   -4,   -3,  -53,  -53,   -6,  -14,   -6,  -14,  -54,  -54,  -54,  -28,  -23,  -22,
      -6,  -53,   -8,  -54,  -44,   16,  -36,   18,   -2,   12,    6,   -1,   -1,   -1,  -19,  -15,
       1,  -20,   -4,   -4,   18,   -7,  -12,    8,    1,  -10,  -10,  -24,  -18,  -44,  -38,    7,
     -22,   10,    8,   -2,   -1,   -3,    4,    1,   -7,    2,    3,    1,   -3,   -6,   -1,    1,
       4,   -7,   -8,  -33,  -28,    8,  -25,    8,   -6,  -49,  -40,  -18,   18,   18,   18,   18,
      18,   26,   -7,    1,  -10,  -10,  -10,  -10,  -18,  -18,  -18,   12,    8,    8,    8,    8,
       8,    9,   -1,   -3,   -3,    1,    1,   -3,   -3,   -3,   -8,   -8,  -45,  -54,  -54,  -14,
     -54,  -14,  -40,  -18,    1,  -30,   -1,  -21,  -21,  -16,  -23,  -21,  -11,  -16,  -23,  -41,
     -51,  -30,  -51,  -41,   -1,   -2,   -1,   -2,  -21,   -2,   -3,    1,   -1,   -2,   -2,  -55,
     -20,   -1,  -30,  -39,  -11,  -12,  -11,  -11,   -1,  -11,  -11,  -11,  -11,  -11,  -14,   -9,
      -3,  -12,   -3,  -11,   -7,    4,   -4,    3,    3,   -6,    2,  -13,  -21,  -41,  -91,  -11,
       1,  -19,  -22,  -18,   -4,  -15,   -5,   -2,   -4,   -5,   -5,   -3,   -3,  -18,   -2,  -21,
      -3,  -13,   -1,   -2,    6,    5,   -1,    4,   -7,  -32,  -16,  -57,  -10,  -27,  -22,  -17,
     -50,  -13,    3,    1,    2,  -26,  -47,  -39,  -39,  -36,  -38,  -37,  -39,  -34,  -11,  -11,
     -11,  -11,  -10,  -11,   -6,   -9,   -3,   -3,   -3,   -3,   -3,  -17,   -3,   -4,   -4,   -4,
      -4,    2,  -11,  -10,  -11,  -11,  -11,  -10,  -11,  -11,  -19,  -16,  -18,  -18,  -17,    6,
      -4,    2,   -3,  -17,  -18,  -18,  -18,  -18,  -41,  -18,   -2,   -2,   -2,    4,  -41,  -41,
     -14,  -17,  -14,  -17,  -97,  -21,  -21,  -97,  -50,  -24,  -22,   -1,   -2,  -19,  -16,  -24,
     -16,  -13,  -14,  -14,  -53,  -51,  -44,  -51,  -42,   -2,    7,   10,    9,  -24,   -2,   -5,
       3,   -4,   -4,  -27,   -2,  -36,  -41,   -2,   -5,   -1,    1,   -6,   -6,   -1,   12,    9,
      23,   22,    9,   22,  -16,  -18,    6,  -27,  -29,  -26,   -7,  -24,   -3,   -4,    1,    1,
      -9,   -9,  -27,   -9,  -28,   -9,  -21,   -3,   -6,    1,    1,   -4,  -13,  -11,  -68,  -58,
     -29,  -34,  -41,  -41,  -39,  -40,  -41,  -25,   -2,    3,    1,   -6,   -6,   -6,   -6,    9,
       9,   22,  -18,  -11,   -8,  -17,  -18,  -27,  -22,  -26,  -17,  -13,   -7,   16,  -14,  -27,
      -6,   -3,  -54,  -54,   -6,  -14,  -54,   -6,  -14,  -97,  -58,  -28,  -24,   -8,  -57,   -2,
     -10,  -97,  -52,   15,  -44,   16,    1,   -4,   10,    6,   -3,   -1,   -3,  -19,   -1,  -14,
     -24,   -4,   -5,   16,  -12,  -16,    3,    7,    1,  -14,  -14,  -25,  -21,  -47,  -40,    6,
     -22,    8,    4,   -4,   -6,   -4,   -6,    6,    1,   -4,    2,   -6,   -5,   -5,   -9,  -10,
     -36,  -30,    5,  -21,    6,   -6,  -55,  -48,  -21,   16,   16,   16,   16,   16,   16,   24,
     -12,    1,  -14,  -14,  -14,  -14,  -14,  -22,  -14,  -21,  -21,  -21,  -21,  -22,   10,    4,
       4,    4,    4,    4,    4,    4,   -6,   -6,   -6,   -6,    1,    1,    1,   -6,   -6,   -6,
      -6,   -6,  -47,   -6,  -10,  -10,  -10,  -10,  -21,    1,  -54,  -54,  -54,  -54,  -14,  -97,
     -97,  -14,   -2,  -48,  -20,  -36,  -23,  -21,  -21,  -48,  -20,  -51,  -50,  -52,  -16,  -14,
     -19,  -40,  -20,  -30,  -15,  -19,  -13,  -26,  -47,  -21,  -23,   -7,  -23,  -29,  -28,  -20,
     -20,  -20,  -47,  -48,  -48,   -9,  -23,  -30,   -8,  -21,  -21,  -21,  -19,  -11,  -19,  -24,
     -16,  -15,  -14,  -21,  -30,  -23,  -22,   -7,  -22,  -23,  -13,  -20,  -12,  -96,  -58,  -21,
     -47,  -89,   -5,   -6,  -20,  -21,  -16,   -7,  -12,  -18,  -18,  -17,  -41,  -12,  -37,  -10,
     -10,  -26,   -2,  -14,  -20,  -14,  -15,  -15,  -26,  -14,  -15,  -24,  -14,  -14,   -7,  -13,
     -22,  -14,  -22,  -14,  -14,  -41,  -31,  -57,  -51,   -8,  -39,   -8,  -44,   -8,  -17,  -16,
     -16,  -16,  -14,  -18,  -14,  -14,  -23,  -13,  -12,  -14,  -14,  -16,  -20,  -16,  -14,  -11,
     -20,  -20,  -45,  -37,   -8,  -44,   -9,  -42,  -32,  -76,  -72,  -59,  -13,   -2,  -20,  -15,
     -15,  -15,  -22,  -31,  -31,  -39,   -8,  -16,  -16,  -20,  -71,  -72,  -54,  -54,  -97,  -97,
     -58,  -16,  -32,  -12,  -16,  -10,  -50,  -26,  -10,  -11,  -20,  -11,  -11,  -21,    1,  -13,
     -36,  -31,  -36,  -31,    1,  -12,  -35,  -23,  -51,  -50,  -51,  -19,   -4,   -3,   -3,  -45,
     -13,  -29,   -2,  -19,   -7,  -47,  -27,  -27,  -38,  -46,  -23,  -51,  -50,  -51,  -62,  -22,
     -66,  -47,  -26,  -26,  -66,  -46,   -1,  -28,  -19,  -13,   -6,  -28,   -9,  -44,  -25,  -36,
       7,  -28,    7,  -19,   -2,   -2,   -1,   -1,   -1,  -36,  -17,  -14,  -13,    1,  -10,    1,
     -10,  -10,  -11,  -10,  -10,  -21,  -10,  -10,   -9,   -1,  -10,   -1,  -10,   -4,    1,  -13,
     -15,  -14,  -19,   -3,  -44,  -23,    3,   -7,   -8,   -8,   -8,    1,  -10,  -10,    1,   -5,
      -8,   -7,    1,    1,   -8,   -2,   -8,    1,   -3,    1,    3,    4,    2,    3,  -29,  -40,
     -38,  -10,  -10,  -20,  -19,  -36,  -38,  -18,   -2,   -9,  -11,  -18,    1,    1,    1,    1,
       1,    1,    7,    1,  -10,  -10,  -10,  -10,  -10,  -10,  -10,  -10,   -9,   -1,   -1,   -1,
      -1,   -1,  -15,   -1,  -13,  -13,  -13,  -13,  -19,   -2,    3,    3,    3,    3,    3,    3,
       3,   -8,   -8,   -8,   -8,   -8,    1,    1,    1,    1,    1,   -8,   -8,   -8,   -8,   -8,
     -36,   -8,    3,  -36,  -36,  -20,  -26,  -24,  -20,  -26,  -24,  -20,  -20,  -12,  -30,  -36,
     -17,   -8,  -16,   -1,  -50,   -8,  -22,   -2,  -50,    1,  -48,  -37,  -11,   -7,   -1,   -7,
     -23,    3,  -18,  -22,  -14,    2,   -2,    3,  -25,    1,   -2,   -2,  -19,  -36,   -4,   -6,
     -13,  -14,   14,  -14,  -15,  -15,   11,  -13,  -16,  -17,  -14,  -14,  -13,  -13,    9,  -14,
       9,  -14,  -14,  -18,   -5,  -25,  -22,  -31,  -38,  -21,  -42,   -3,   10,    9,   10,  -14,
       1,   -8,  -12,  -14,   -8,   -8,  -10,  -10,   10,   -8,    9,  -10,   -2,   -6,   -3,  -10,
      -9,  -24,  -11,  -14,  -41,  -14,  -11,  -11,  -12,  -12,  -15,  -17,  -16,  -36,  -17,  -13,
     -13,  -13,  -13,  -13,  -11,   14,  -15,  -16,  -16,  -13,    9,    9,    9,    9,   -5,   -5,
      -1,   10,   10,  -12,  -12,   10,   10,   10,   -3,   -3,  -11,  -12,  -48,  -48,  -41,  -50,
     -49,  -47,  -41,  -13,  -33,  -50,  -11,  -36,   -3,   -3,   -6,  -27,   -7,  -11,  -18,  -18,
     -32,  -14,  -14,  -26,  -15,   -9,   -5,   -7,  -15,  -15,  -17,   -8,  -10,  -12,  -14,  -14,
     -24,  -36,  -21,  -23,  -23,  -10,  -38,  -38,  -45,   -5,  -29,   -5,  -17,   -5,  -19,   -8,
     -14,   -1,  -22,   -2,  -29,   -1,  -28,  -11,  -11,  -24,  -43,  -43,  -43,  -41,  -10,  -36,
     -36,   -9,  -10,  -14,  -14,  -33,  -34,  -32,  -31,   -3,  -16,  -14,  -14,  -12,   -9,   -6,
     -11,  -10,   -2,  -11,  -10,  -19,   -7,  -11,  -12,   -2,   -2,  -20,  -41,  -41,  -29,   -5,
      -5,   -2,  -10,   -3,   -3,    1,   -3,    1,   -9,   -8,  -13,   -4,   -8,   -8,    2,    2,
     -20,  -23,  -23,  -37,  -23,  -25,  -35,  -11,  -16,  -11,  -14,  -12,  -17,  -12,  -13,  -14,
      -9,  -17,  -17,  -28,  -17,  -20,  -21,   -6,  -15,  -15,  -30,  -12,  -14,  -19,  -11,   -1,
      -1,   -9,  -10,  -10,   -7,   -7,  -10,  -11,  -11,  -20,  -16,  -15,  -16,   -1,   -8,   -8,
     -25,  -48,   -3,  -46,   -4,  -16,   -6,    3,   -7,   -7,   -7,    1,   -2,   -3,   -6,   -6,
     -16,  -26,  -19,  -15,  -16,  -16,   -6,    5,  -10,    5,  -10,  -19,   -5,  -11,  -11,  -19,
      -1,   -4,  -11,   -4,   -5,   -1,  -14,   -2,   -5,   -4,   -5,   -3,   -1,   -9,  -10,  -12,
     -10,   -6,   -9,   -9,  -27,  -46,  -47,  -45,  -10,   -7,   -2,   -6,  -32,   -9,  -21,   -3,
     -10,   -3,  -17,  -16,  -22,  -32,  -13,  -15,  -16,    1,    1,  -34,  -51,  -51,  -28,    2,
      -2,   -1,   -6,  -11,   -1,   10,   -1,   -1,  -15,   -3,   -2,    2,   -6,  -18,  -18,  -34,
     -11,  -11,  -19,   -9,   -6,   -7,   -3,   -5,   -9,   -4,   -2,   -8,   -8,  -16,  -15,  -15,
     -15,  -20,  -23,  -23,  -50,  -25,  -25,  -35,  -11,  -18,  -14,  -19,  -16,  -17,  -12,  -17,
     -16,  -10,  -16,  -16,  -31,  -16,  -19,  -21,   -9,  -16,  -16,  -30,  -11,  -11,  -23,  -13,
      -7,   -2,   -3,  -13,  -14,  -14,   -7,   -8,  -10,  -12,  -11,  -23,  -20,  -22,  -22,  -11,
     -15,  -15,  -34,  -43,  -44,  -38,   -6,  -15,  -13,  -13,  -21,   -9,   -9,  -10,  -15,   -3,
     -12,  -11,  -21,  -10,  -14,  -15,   -8,  -11,  -11,  -26,  -23,  -23,  -30,  -12,   -9,   -5,
      -4,  -30,  -10,  -19,   -6,  -13,   -7,  -11,  -11,  -20,  -11,  -15,  -14,  -10,  -47,  -47,
     -52,  -15,  -15,  -22,   -1,  -25,  -16,  -22,  -17,  -41,   -1,  -14,  -16,  -16,  -22,  -43,
     -43,  -46,   -3,  -22,  -22,  -36,   -5,  -11,   -3,   -8,   -3,   -6,   -3,   -3,  -15,   -2,
      -6,   -2,   -2,  -19,  -14,  -18,  -20,   -1,   -1,   -1,  -30,  -48,  -48,  -36,   -1,   -1,
      -3,  -20,   -1,   -5,    2,   -1,    7,   -3,   -3,  -21,   -1,   -6,   -5,  -11,  -14,  -14,
     -37,  -28,  -28,  -34,  -11,   -8,   -5,   -8,  -34,  -12,  -21,   -6,  -13,   -6,  -15,  -15,
     -32,  -15,  -18,  -20,   -1,  -15,   -3,  -17,  -16,  -11,   -6,  -17,   -7,  -26,  -14,  -27,
     -27,   -6,  -11,   -4,   -7,   -4,   -7,   -2,   -3,  -10,   -4,   -5,   -3,   -3,  -27,  -21,
     -21,  -16,   -8,    6,   -3,   -3,   -4,   -4,   -1,   -3,   -4,  -11,   -3,   -3,    1,   -2,
      -2,   -3,   -2,   -3,   -3,   -7,   -6,   -4,   -4,   -2,   -8,  -29,  -22,  -25,   -1,   -4,
      -2,   -2,   -2,   -3,   -4,   -2,   -1,  -10,   -1,   -2,   -1,   -2,   -7,   -2,   -1,   -4,
      -4,   -5,   -5,   -6,  -23,  -30,   -9,  -29,  -23,  -11,  -15,  -15,  -12,   -8,    6,    6,
       6,   -4,   -4,   -4,   -4,   -2,   -2,   -2,   -2,  -20,   -2,    6,   -1,   -1,   -1,   -1,
      -1,   -1,   -1,   -2,   -2,   -2,   -2,   -1,   -1,   -1,   -1,   -1,   -2,   -1,   -2,   -2,
      -2,   -2,   -2,   -1,   -4,   -4,   -4,   -4,   -6,   -3,   -6,  -28,  -28,   -8,  -13,   -8,
     -13,  -31,  -23,  -12,  -11,   -8,   -7,   -5,
};

static const EpdLigaturePair merri11_boldLigaturePairs[] = {
    { 0x00660069, 0xFB01 }, // f i -> U+FB01
    { 0x0066006C, 0xFB02 }, // f l -> U+FB02
};

static const EpdFontData merri11_bold = {
    merri11_boldBitmaps,
    merri11_boldGlyphs,
    merri11_boldIntervals,
    63,
    29,
    23,
    -7,
    false,
    nullptr,
    0,
    nullptr,
    nullptr,  // kernLeftClasses: built-in fonts use the split arrays below
    nullptr,  // kernRightClasses
    merri11_boldKernLeftCodepoints,
    merri11_boldKernLeftClassIds,
    merri11_boldKernRightCodepoints,
    merri11_boldKernRightClassIds,
    nullptr,  // kernMatrix: built-in fonts use the sparse form below
    merri11_boldKernRowOffsets,
    merri11_boldKernSparseCols,
    merri11_boldKernSparseValues,
    214,
    216,
    211,
    212,
    merri11_boldLigaturePairs,
    2,
};
