/**
 * generated by fontconvert.py
 * name: merri11_regular
 * size: 11
 * mode: 1-bit
 * Command used: fontconvert.py merri11_regular 11 Merriweather-Regular-Kern.ttf Merriweather-Regular-Rest.ttf --pnum --mono-threshold 4 (see README)
 */
#pragma once
#include "EpdFontData.h"

static const uint8_t merri11_regularBitmaps[30965] = {
    0x77, 0x77, 0x77, 0x77, 0x66, 0x66, 0x66, 0x66, 0x00, 0x77, 0x70, 0x7B, 0xB9, 0xDC, 0xCE, 0xE6,
    0x73, 0x31, 0x98, 0x8C, 0x06, 0x30, 0x18, 0xC0, 0x43, 0x03, 0x0C, 0x0C, 0x21, 0xFF, 0xF7, 0xFF,
    0xC3, 0x18, 0x08, 0x60, 0x61, 0x81, 0x86, 0x1F, 0xFE, 0xFF, 0xF9, 0xFF, 0xC1, 0x0C, 0x0C, 0x30,
    0x30, 0xC0, 0xC2, 0x00, 0x06, 0x00, 0x60, 0x06, 0x03, 0xFC, 0x71, 0xCE, 0x0C, 0xE0, 0xCE, 0x04,
    0xF0, 0x07, 0x80, 0x3E, 0x01, 0xF8, 0x07, 0xC0, 0x1E, 0x00, 0xEC, 0x0E, 0xC0, 0xEC, 0x0E, 0xF1,
    0xCF, 0xF8, 0x0E, 0x00, 0xC0, 0x0C, 0x00, 0x00, 0x00, 0x00, 0xF8, 0x18, 0x07, 0xF0, 0x60, 0x18,
    0xE3, 0x00, 0xE3, 0x8C, 0x03, 0x8E, 0x70, 0x0E, 0x39, 0x80, 0x38, 0xE6, 0x00, 0x63, 0x31, 0xF1,
    0xFC, 0xCF, 0xE1, 0xC7, 0x71, 0x80, 0x19, 0x87, 0x00, 0xE6, 0x1C, 0x03, 0x18, 0x70, 0x0C, 0x71,
    0x80, 0x61, 0xCE, 0x01, 0x83, 0xF0, 0x0E, 0x07, 0x80, 0x00, 0x00, 0x0F, 0xC0, 0x18, 0xE0, 0x38,
    0xE0, 0x38, 0xE0, 0x38, 0xE0, 0x38, 0xC0, 0x1D, 0xC0, 0x1F, 0x1F, 0x1E, 0x1F, 0x3F, 0x0E, 0x77,
    0x8C, 0xE3, 0xCC, 0xE1, 0xEC, 0xE0, 0xF8, 0xF0, 0x78, 0x78, 0xFE, 0x3F, 0xDF, 0x00, 0x00, 0x7B,
    0x9C, 0xE6, 0x31, 0x88, 0x06, 0x0E, 0x1C, 0x18, 0x38, 0x30, 0x70, 0x70, 0x60, 0xE0, 0xE0, 0xE0,
    0xE0, 0xE0, 0x60, 0x70, 0x70, 0x70, 0x38, 0x38, 0x1C, 0x0E, 0x06, 0x00, 0x00, 0x60, 0x70, 0x38,
    0x18, 0x1C, 0x0C, 0x0E, 0x0E, 0x0E, 0x06, 0x07, 0x07, 0x07, 0x06, 0x06, 0x0E, 0x0E, 0x0C, 0x1C,
    0x18, 0x38, 0x70, 0x60, 0x00, 0x07, 0x00, 0x38, 0x19, 0x88, 0xEC, 0xE7, 0xFE, 0x0F, 0xC0, 0x3E,
    0x0F, 0xFE, 0x76, 0x73, 0x39, 0x01, 0xC0, 0x0E, 0x00, 0x06, 0x01, 0xC0, 0x38, 0x07, 0x06, 0xED,
    0xFF, 0xFF, 0xF8, 0x70, 0x0E, 0x01, 0xC0, 0x38, 0x00, 0x00, 0x33, 0xDE, 0x73, 0x98, 0xCC, 0x00,
    0x00, 0x3F, 0xFF, 0xF8, 0x6F, 0xE0, 0x03, 0x01, 0x81, 0xC0, 0xE0, 0x60, 0x30, 0x38, 0x1C, 0x0C,
    0x06, 0x07, 0x03, 0x81, 0x80, 0xC0, 0xE0, 0x70, 0x30, 0x18, 0x1C, 0x0E, 0x06, 0x03, 0x00, 0x00,
    0x00, 0x00, 0xFE, 0x0E, 0x38, 0xE0, 0xE7, 0x07, 0x30, 0x3B, 0x81, 0xFC, 0x07, 0xE0, 0x3F, 0x01,
    0xF8, 0x0F, 0xC0, 0x7E, 0x07, 0xF8, 0x39, 0xC1, 0xCE, 0x0C, 0x38, 0xE0, 0xFC, 0x00, 0x00, 0x00,
    0x0E, 0x1F, 0x1F, 0x81, 0xC0, 0xE0, 0x70, 0x38, 0x1C, 0x0E, 0x07, 0x03, 0x81, 0xC0, 0xE0, 0x70,
    0x38, 0x3E, 0x7F, 0xC0, 0x00, 0x00, 0xFE, 0x1F, 0xF8, 0xC1, 0xC4, 0x0F, 0x00, 0x38, 0x01, 0xC0,
    0x0C, 0x00, 0xE0, 0x07, 0x00, 0x70, 0x07, 0x00, 0x30, 0x03, 0x00, 0x30, 0x67, 0x03, 0x7F, 0xF3,
    0xFF, 0x80, 0x00, 0x03, 0xFC, 0x7F, 0xE4, 0x0E, 0x00, 0xE0, 0x0E, 0x01, 0xC0, 0x3C, 0x0F, 0x01,
    0xFC, 0x00, 0xE0, 0x0F, 0x00, 0x70, 0x07, 0x00, 0xF0, 0x1E, 0x07, 0xC7, 0xF8, 0x38, 0x00, 0x00,
    0x00, 0x0E, 0x00, 0x38, 0x01, 0xC0, 0x07, 0x00, 0x38, 0x00, 0xE0, 0x07, 0x00, 0x1C, 0xE0, 0xE3,
    0x83, 0x8E, 0x1C, 0x38, 0x70, 0xFB, 0xFF, 0xF7, 0xFF, 0xC0, 0x38, 0x00, 0xE0, 0x03, 0x80, 0x00,
    0x4F, 0xFD, 0xFF, 0x38, 0x07, 0x00, 0xC0, 0x18, 0x03, 0x78, 0x7F, 0xCC, 0x7C, 0x03, 0x80, 0x70,
    0x0E, 0x01, 0xC0, 0x70, 0x1E, 0x0F, 0x8F, 0xC1, 0xC0, 0x00, 0x01, 0xC0, 0x78, 0x0E, 0x01, 0xC0,
    0x38, 0x03, 0x80, 0x70, 0x07, 0xFC, 0xFF, 0xEF, 0x0F, 0xE0, 0x7E, 0x07, 0xE0, 0x7E, 0x07, 0xE0,
    0x77, 0x0E, 0x38, 0xE1, 0xFC, 0x06, 0x00, 0x00, 0x03, 0xFF, 0xDF, 0xFC, 0xC0, 0x66, 0x07, 0x30,
    0x30, 0x03, 0x80, 0x1C, 0x00, 0xC0, 0x0E, 0x00, 0x70, 0x07, 0x00, 0x38, 0x01, 0xC0, 0x1C, 0x00,
    0xE0, 0x0F, 0x00, 0x70, 0x00, 0x00, 0x00, 0x01, 0xFC, 0x30, 0xE6, 0x0E, 0x60, 0x66, 0x06, 0x70,
    0xE7, 0xCC, 0x3F, 0x81, 0xF8, 0x37, 0xC6, 0x1E, 0xE0, 0xFE, 0x07, 0xE0, 0x7E, 0x0E, 0x71, 0xE3,
    0xF8, 0x00, 0x00, 0x00, 0x00, 0xFE, 0x0E, 0x38, 0x60, 0xE7, 0x07, 0x38, 0x1D, 0xC0, 0xEE, 0x07,
    0x70, 0x3B, 0x83, 0xCF, 0x3E, 0x3F, 0xE0, 0x67, 0x00, 0x70, 0x03, 0x80, 0x38, 0x03, 0x80, 0x78,
    0x07, 0x00, 0x00, 0x00, 0x0F, 0xF6, 0x00, 0x00, 0x00, 0x6F, 0xE0, 0x03, 0xDE, 0xE0, 0x00, 0x00,
    0x00, 0x0C, 0xF7, 0x9C, 0xE6, 0x73, 0x00, 0x00, 0x10, 0x07, 0x01, 0xF0, 0x7C, 0x1F, 0x07, 0xC0,
    0x70, 0x07, 0xC0, 0x1F, 0x00, 0x7C, 0x01, 0xF0, 0x07, 0x00, 0x10, 0x7F, 0xFF, 0xFD, 0xFF, 0x80,
    0x00, 0x00, 0x00, 0x00, 0x07, 0xFF, 0xFF, 0xE0, 0x00, 0x0C, 0x00, 0xF0, 0x07, 0xC0, 0x1F, 0x00,
    0x3C, 0x00, 0xF0, 0x0F, 0x03, 0xC0, 0xF8, 0x3E, 0x0F, 0x80, 0xE0, 0x00, 0x00, 0xFC, 0x3F, 0xC0,
    0x78, 0x0E, 0x01, 0x80, 0x60, 0x18, 0x0E, 0x07, 0x03, 0x81, 0xC0, 0xE0, 0x38, 0x0E, 0x03, 0x80,
    0x40, 0x00, 0x00, 0x03, 0x80, 0xF0, 0x38, 0x00, 0x00, 0x00, 0x1E, 0x00, 0x07, 0xFC, 0x00, 0xF0,
    0xF8, 0x0E, 0x01, 0xE0, 0xC0, 0x03, 0x0C, 0x00, 0x1C, 0xC1, 0xFC, 0x66, 0x1F, 0xE3, 0x61, 0x87,
    0x1B, 0x1C, 0x38, 0xD8, 0xC1, 0x86, 0xC6, 0x1C, 0x3E, 0x70, 0xE1, 0xF3, 0x8F, 0x1B, 0x9C, 0x78,
    0xDC, 0xE6, 0xCC, 0x63, 0xF7, 0xC3, 0x0F, 0x3C, 0x1C, 0x20, 0x00, 0x60, 0x00, 0x03, 0x80, 0x00,
    0x0F, 0x03, 0x00, 0x3F, 0xF8, 0x00, 0x7F, 0x00, 0x00, 0x00, 0x00, 0x78, 0x00, 0x1E, 0x00, 0x07,
    0xC0, 0x03, 0xF0, 0x00, 0xDC, 0x00, 0x33, 0x80, 0x1C, 0xE0, 0x06, 0x38, 0x01, 0x87, 0x00, 0xE1,
    0xC0, 0x30, 0x70, 0x0F, 0xFE, 0x07, 0xFF, 0x81, 0x80, 0xE0, 0xE0, 0x3C, 0x38, 0x0F, 0x9F, 0x87,
    0xF0, 0x00, 0x00, 0xFF, 0xE0, 0xF1, 0xE0, 0xE0, 0xE1, 0xC1, 0xC3, 0x83, 0x87, 0x06, 0x0E, 0x1C,
    0x1F, 0xF0, 0x3F, 0xF0, 0x70, 0xF0, 0xE0, 0xF1, 0xC0, 0xE3, 0x81, 0xC7, 0x03, 0x8E, 0x0E, 0x3C,
    0x7C, 0xFF, 0xE0, 0x00, 0x00, 0x00, 0x40, 0x0F, 0xF8, 0x78, 0x70, 0xE0, 0xE3, 0x80, 0xCE, 0x01,
    0x9C, 0x00, 0x38, 0x00, 0xF0, 0x01, 0xE0, 0x03, 0xC0, 0x03, 0x80, 0x07, 0x00, 0x0E, 0x00, 0x1E,
    0x03, 0x1E, 0x06, 0x1E, 0x1C, 0x1F, 0xF0, 0x00, 0x00, 0x00, 0x00, 0x3F, 0xFC, 0x0F, 0x1F, 0x03,
    0x81, 0xC1, 0xC0, 0xF0, 0xE0, 0x38, 0x70, 0x1C, 0x38, 0x0F, 0x1C, 0x03, 0x8E, 0x01, 0xC7, 0x01,
    0xE3, 0x80, 0xE1, 0xC0, 0x70, 0xE0, 0x38, 0x70, 0x38, 0x38, 0x38, 0x3C, 0x7C, 0x3F, 0xF8, 0x00,
    0x00, 0x00, 0x00, 0x00, 0xFF, 0xF0, 0xF1, 0xE0, 0xE0, 0xC1, 0xC0, 0x83, 0x80, 0x07, 0x08, 0x0E,
    0x30, 0x1F, 0xE0, 0x3F, 0xC0, 0x71, 0x80, 0xE3, 0x01, 0xC0, 0x03, 0x80, 0x87, 0x03, 0x8E, 0x06,
    0x3F, 0xFC, 0xFF, 0xF8, 0x00, 0x01, 0xFF, 0xE3, 0xCF, 0xC7, 0x07, 0x1C, 0x0C, 0x70, 0x01, 0xC0,
    0x07, 0x18, 0x1C, 0x60, 0x7F, 0x81, 0xC6, 0x07, 0x18, 0x1C, 0x00, 0x70, 0x01, 0xC0, 0x07, 0x00,
    0x3E, 0x01, 0xFE, 0x00, 0x00, 0x00, 0x03, 0xFF, 0x07, 0x87, 0x87, 0x01, 0xC3, 0x80, 0x63, 0x80,
    0x31, 0xC0, 0x00, 0xE0, 0x00, 0xF0, 0x00, 0x78, 0x1F, 0xBC, 0x1F, 0xDE, 0x01, 0xC7, 0x00, 0xE3,
    0x80, 0x70, 0xE0, 0x38, 0x78, 0x1C, 0x1E, 0x1E, 0x03, 0xFE, 0x00, 0x00, 0x00, 0x00, 0x00, 0x1F,
    0x87, 0xF3, 0xC0, 0xF8, 0xE0, 0x1C, 0x38, 0x07, 0x0E, 0x01, 0xC3, 0x80, 0x70, 0xE0, 0x1C, 0x3F,
    0xFF, 0x0F, 0xFF, 0xC3, 0x80, 0x70, 0xE0, 0x1C, 0x38, 0x07, 0x0E, 0x01, 0xC3, 0x80, 0x70, 0xE0,
    0x1C, 0x3C, 0x0F, 0x9F, 0x87, 0xF0, 0x00, 0x7F, 0x3E, 0x1C, 0x1C, 0x1C, 0x1C, 0x1C, 0x1C, 0x1C,
    0x1C, 0x1C, 0x1C, 0x1C, 0x1C, 0x1C, 0x3C, 0x7F, 0x00, 0x1F, 0xC7, 0xC1, 0xC0, 0xE0, 0x70, 0x38,
    0x1C, 0x0E, 0x07, 0x03, 0x81, 0xC0, 0xE0, 0x70, 0x38, 0x1C, 0x0E, 0x07, 0x07, 0x03, 0x83, 0x83,
    0x80, 0x00, 0x00, 0x00, 0x3F, 0x1F, 0x8F, 0x07, 0x83, 0x83, 0x01, 0xC3, 0x00, 0xE3, 0x00, 0x73,
    0x80, 0x3B, 0x80, 0x1D, 0xC0, 0x0F, 0xF0, 0x07, 0xB8, 0x03, 0x8E, 0x01, 0xC7, 0x80, 0xE1, 0xC0,
    0x70, 0xF0, 0x38, 0x3C, 0x3C, 0x0F, 0x3F, 0x87, 0xC0, 0x00, 0x01, 0xFC, 0x03, 0xE0, 0x07, 0x00,
    0x1C, 0x00, 0x70, 0x01, 0xC0, 0x07, 0x00, 0x1C, 0x00, 0x70, 0x01, 0xC0, 0x07, 0x00, 0x1C, 0x00,
    0x70, 0x31, 0xC0, 0xC7, 0x07, 0x3F, 0xFD, 0xFF, 0xE0, 0x00, 0x00, 0x00, 0xFE, 0x03, 0xF8, 0xFC,
    0x0F, 0xC0, 0xFC, 0x1F, 0x01, 0xB8, 0x36, 0x03, 0x70, 0x6C, 0x06, 0xE1, 0x9C, 0x0C, 0xE3, 0x38,
    0x19, 0xC6, 0x70, 0x33, 0x98, 0xE0, 0x63, 0xB1, 0xC1, 0xC7, 0x63, 0x83, 0x8F, 0xC7, 0x06, 0x0F,
    0x0E, 0x0C, 0x1E, 0x0E, 0x18, 0x3C, 0x1C, 0x78, 0x30, 0x7D, 0xF8, 0x01, 0xFC, 0x00, 0x00, 0x1F,
    0x03, 0xF3, 0xC0, 0x78, 0xF8, 0x0C, 0x3F, 0x03, 0x0D, 0xC0, 0xC3, 0x38, 0x30, 0xCF, 0x0C, 0x31,
    0xC3, 0x0C, 0x38, 0xC3, 0x0F, 0x30, 0xC1, 0xCC, 0x30, 0x3B, 0x0C, 0x0F, 0xC3, 0x01, 0xF0, 0xC0,
    0x3C, 0x38, 0x0F, 0x1F, 0x81, 0xC0, 0x00, 0x00, 0x07, 0xF0, 0x1E, 0x3C, 0x38, 0x1C, 0x38, 0x0E,
    0x70, 0x0E, 0x70, 0x07, 0x70, 0x07, 0x70, 0x07, 0x70, 0x07, 0x70, 0x07, 0x70, 0x07, 0x70, 0x0F,
    0x70, 0x0E, 0x38, 0x0E, 0x38, 0x1C, 0x1E, 0x38, 0x0F, 0xF0, 0x00, 0x00, 0x00, 0x00, 0xFF, 0xE0,
    0xF1, 0xE0, 0xE0, 0xE1, 0xC1, 0xC3, 0x83, 0x87, 0x07, 0x0E, 0x0E, 0x1C, 0x1C, 0x38, 0x70, 0x7F,
    0xC0, 0xFE, 0x01, 0xC0, 0x03, 0x80, 0x07, 0x00, 0x0E, 0x00, 0x3E, 0x00, 0xFF, 0x00, 0x00, 0x00,
    0x01, 0xFC, 0x01, 0xE3, 0xC0, 0xE0, 0x70, 0x38, 0x0E, 0x1C, 0x03, 0x87, 0x00, 0x71, 0xC0, 0x1C,
    0x70, 0x07, 0x1C, 0x01, 0xC7, 0x00, 0x71, 0xC0, 0x1C, 0x70, 0x0F, 0x1C, 0x03, 0x83, 0x80, 0xE0,
    0xE0, 0x70, 0x1E, 0x38, 0x03, 0xFC, 0x00, 0x03, 0x80, 0x00, 0x78, 0x00, 0x0F, 0xC0, 0x01, 0xF0,
    0x00, 0x00, 0x00, 0x00, 0x7F, 0xF0, 0x3C, 0x78, 0x1C, 0x3C, 0x1C, 0x1C, 0x1C, 0x1C, 0x1C, 0x1C,
    0x1C, 0x1C, 0x1C, 0x38, 0x1F, 0xF0, 0x1F, 0xE0, 0x1C, 0x70, 0x1C, 0x78, 0x1C, 0x38, 0x1C, 0x3C,
    0x1C, 0x1C, 0x3C, 0x1E, 0x7F, 0x0F, 0x00, 0x01, 0xFE, 0x78, 0xE6, 0x06, 0xE0, 0x6E, 0x06, 0x70,
    0x07, 0xC0, 0x3F, 0x01, 0xFC, 0x07, 0xE0, 0x1F, 0x00, 0xFC, 0x07, 0xE0, 0x7E, 0x06, 0xF1, 0xE7,
    0xFC, 0x00, 0x00, 0x00, 0x00, 0x7F, 0xFE, 0x7B, 0xDE, 0xE3, 0x86, 0xE3, 0x87, 0xE3, 0x87, 0xC3,
    0x83, 0x03, 0x80, 0x03, 0x80, 0x03, 0x80, 0x03, 0x80, 0x03, 0x80, 0x03, 0x80, 0x03, 0x80, 0x03,
    0x80, 0x03, 0x80, 0x07, 0xE0, 0x1F, 0xF8, 0x00, 0x00, 0x7F, 0x0F, 0xDF, 0x03, 0xC7, 0x00, 0xC3,
    0x80, 0x61, 0xC0, 0x30, 0xE0, 0x18, 0x70, 0x0C, 0x38, 0x06, 0x1C, 0x03, 0x0E, 0x01, 0x87, 0x00,
    0xC3, 0x80, 0x61, 0xC0, 0x30, 0xF0, 0x38, 0x38, 0x18, 0x0F, 0x38, 0x03, 0xF8, 0x00, 0x00, 0x00,
    0x00, 0x00, 0x7F, 0x0F, 0xDF, 0x03, 0xC7, 0x00, 0xC3, 0xC0, 0xE0, 0xE0, 0x60, 0x70, 0x30, 0x1C,
    0x38, 0x0E, 0x18, 0x07, 0x0C, 0x01, 0xCE, 0x00, 0xE6, 0x00, 0x73, 0x00, 0x1F, 0x00, 0x0F, 0x80,
    0x07, 0xC0, 0x01, 0xC0, 0x00, 0xE0, 0x00, 0x00, 0x00, 0x00, 0x7F, 0x3F, 0x8F, 0xDF, 0x0F, 0x83,
    0xC7, 0x03, 0x80, 0xC3, 0x81, 0xE0, 0xC0, 0xE0, 0xF0, 0x60, 0x70, 0x78, 0x30, 0x38, 0x3C, 0x38,
    0x0E, 0x37, 0x18, 0x07, 0x1B, 0x8C, 0x03, 0x8D, 0xC6, 0x00, 0xEC, 0x76, 0x00, 0x76, 0x3B, 0x00,
    0x3B, 0x1D, 0x80, 0x0F, 0x06, 0x80, 0x07, 0x83, 0xC0, 0x03, 0xC1, 0xE0, 0x01, 0xC0, 0x70, 0x00,
    0x00, 0x00, 0x7F, 0x9F, 0x9F, 0x07, 0x83, 0x83, 0x81, 0xE1, 0x80, 0x71, 0x80, 0x1D, 0x80, 0x0F,
    0xC0, 0x03, 0xC0, 0x00, 0xE0, 0x00, 0xF8, 0x00, 0xDC, 0x00, 0x67, 0x00, 0x63, 0xC0, 0x70, 0xE0,
    0x30, 0x38, 0x78, 0x1E, 0x7F, 0x3F, 0xC0, 0x00, 0x00, 0x7F, 0x0F, 0x9F, 0x03, 0x87, 0x81, 0x81,
    0xC1, 0xC0, 0x70, 0xC0, 0x38, 0xE0, 0x0E, 0x60, 0x07, 0x60, 0x01, 0xF0, 0x00, 0xF0, 0x00, 0x38,
    0x00, 0x1C, 0x00, 0x0E, 0x00, 0x07, 0x00, 0x03, 0x80, 0x03, 0xE0, 0x07, 0xF8, 0x00, 0x00, 0x00,
    0xFF, 0xF3, 0xC3, 0xCC, 0x1E, 0x60, 0x70, 0x83, 0xC0, 0x1E, 0x00, 0x70, 0x03, 0xC0, 0x1E, 0x00,
    0x70, 0x03, 0xC0, 0x1E, 0x00, 0x70, 0x33, 0xC0, 0xDE, 0x07, 0x7F, 0xFD, 0xFF, 0xF0, 0x73, 0xFE,
    0x38, 0xE3, 0x8E, 0x38, 0xE3, 0x8E, 0x38, 0xE3, 0x8E, 0x38, 0xE3, 0x8E, 0x38, 0xFB, 0xF0, 0x00,
    0x60, 0x30, 0x1C, 0x0E, 0x03, 0x01, 0x80, 0xE0, 0x30, 0x18, 0x0E, 0x07, 0x01, 0x80, 0xC0, 0x70,
    0x18, 0x0C, 0x07, 0x03, 0x80, 0xC0, 0x60, 0x38, 0x0C, 0x00, 0x3B, 0xF1, 0xC7, 0x1C, 0x71, 0xC7,
    0x1C, 0x71, 0xC7, 0x1C, 0x71, 0xC7, 0x1C, 0x71, 0xC7, 0x7F, 0xF0, 0x00, 0x00, 0x00, 0x38, 0x01,
    0xC0, 0x1F, 0x00, 0xF8, 0x06, 0xC0, 0x77, 0x03, 0x98, 0x18, 0xC0, 0xC7, 0x0E, 0x18, 0x60, 0xC3,
    0x07, 0x38, 0x19, 0x80, 0xC0, 0x7F, 0xF8, 0x01, 0x8E, 0x1C, 0x38, 0x60, 0x00, 0x1F, 0x87, 0xFC,
    0x61, 0xC0, 0x0E, 0x00, 0xE0, 0xFE, 0x3F, 0xE7, 0x0E, 0xF0, 0xEE, 0x0E, 0xF0, 0xE7, 0xFE, 0x3E,
    0xF0, 0x00, 0x78, 0x01, 0xE0, 0x01, 0x80, 0x06, 0x00, 0x18, 0x00, 0x60, 0x01, 0xBF, 0x07, 0xFE,
    0x1C, 0x38, 0x60, 0x71, 0x81, 0xC6, 0x07, 0x18, 0x1C, 0x60, 0x71, 0x81, 0xC6, 0x06, 0x18, 0x38,
    0x71, 0xC1, 0xFE, 0x00, 0x00, 0x00, 0x01, 0xFC, 0x77, 0x9C, 0x77, 0x06, 0xE0, 0x1C, 0x03, 0x80,
    0x70, 0x0E, 0x01, 0xC0, 0x3C, 0x03, 0xFE, 0x3F, 0x80, 0x00, 0x01, 0xF0, 0x07, 0xC0, 0x07, 0x00,
    0x1C, 0x00, 0x70, 0x01, 0xC0, 0xFF, 0x07, 0xBC, 0x38, 0x71, 0xC1, 0xC7, 0x07, 0x1C, 0x1C, 0x70,
    0x71, 0xC1, 0xC7, 0x07, 0x1C, 0x1C, 0x78, 0x70, 0xFF, 0xC1, 0xFB, 0x80, 0x00, 0x00, 0x00, 0xFC,
    0x3F, 0xE3, 0x0E, 0x70, 0xE7, 0x06, 0xFF, 0xEF, 0xFE, 0xF0, 0x07, 0x00, 0x70, 0x07, 0x80, 0x3F,
    0xE1, 0xFC, 0x00, 0x00, 0x00, 0x01, 0xF0, 0xFC, 0x70, 0x1C, 0x06, 0x01, 0x81, 0xFE, 0xFF, 0x86,
    0x01, 0x80, 0x60, 0x18, 0x06, 0x01, 0x80, 0x60, 0x18, 0x06, 0x03, 0xC1, 0xFC, 0x00, 0x00, 0x00,
    0x00, 0x3F, 0xF3, 0xDF, 0xCC, 0x1C, 0x70, 0x71, 0xC1, 0xC7, 0x07, 0x0E, 0x38, 0x3F, 0xC0, 0x7C,
    0x03, 0x00, 0x0C, 0x00, 0x3F, 0xF0, 0xFF, 0xE7, 0x03, 0x98, 0x07, 0x60, 0x19, 0xC0, 0xE7, 0x8F,
    0x0F, 0xF0, 0x00, 0x00, 0x78, 0x01, 0xF0, 0x00, 0xE0, 0x01, 0xC0, 0x03, 0x80, 0x07, 0x00, 0x0E,
    0xFC, 0x1F, 0xFC, 0x3C, 0x38, 0x70, 0x70, 0xE0, 0xE1, 0xC1, 0xC3, 0x83, 0x87, 0x07, 0x0E, 0x0E,
    0x1C, 0x1C, 0x38, 0x38, 0x78, 0x79, 0xF9, 0xF8, 0x00, 0x70, 0xF1, 0xC0, 0x00, 0x1E, 0x3C, 0x38,
    0x70, 0xE1, 0xC3, 0x87, 0x0E, 0x1C, 0x38, 0x79, 0xF8, 0x00, 0x38, 0x70, 0xE0, 0x00, 0x0F, 0x1E,
    0x1C, 0x38, 0x70, 0xE1, 0xC3, 0x87, 0x0E, 0x1C, 0x38, 0x70, 0xE1, 0xC3, 0x87, 0x3C, 0x60, 0x78,
    0x01, 0xF0, 0x00, 0xE0, 0x01, 0xC0, 0x03, 0x80, 0x07, 0x00, 0x0E, 0x3F, 0x1C, 0x7E, 0x38, 0x60,
    0x71, 0x80, 0xE7, 0x01, 0xDC, 0x03, 0xFC, 0x07, 0xB8, 0x0E, 0x38, 0x1C, 0x38, 0x38, 0x70, 0x70,
    0xF9, 0xF9, 0xF8, 0x79, 0xF0, 0xE1, 0xC3, 0x87, 0x0E, 0x1C, 0x38, 0x70, 0xE1, 0xC3, 0x87, 0x0E,
    0x1C, 0x38, 0x73, 0xF8, 0x00, 0x00, 0x00, 0xF7, 0xE7, 0xC1, 0xFF, 0xFF, 0xC1, 0xE1, 0xC3, 0xC3,
    0x83, 0x83, 0x87, 0x07, 0x07, 0x0E, 0x0E, 0x0E, 0x1C, 0x1C, 0x1C, 0x38, 0x38, 0x38, 0x70, 0x70,
    0x70, 0xE0, 0xE0, 0xE1, 0xC1, 0xC1, 0xC3, 0xC3, 0xC3, 0x8F, 0xCF, 0xCF, 0x80, 0x00, 0x00, 0xF7,
    0xE1, 0xFF, 0xE1, 0xE1, 0xC3, 0x83, 0x87, 0x07, 0x0E, 0x0E, 0x1C, 0x1C, 0x38, 0x38, 0x70, 0x70,
    0xE0, 0xE1, 0xC1, 0xC3, 0xC3, 0xCF, 0xCF, 0xC0, 0x00, 0x00, 0x7E, 0x07, 0xF8, 0x70, 0xE7, 0x07,
    0x38, 0x1D, 0xC0, 0xEE, 0x07, 0x70, 0x3B, 0x81, 0xDC, 0x1C, 0xF0, 0xE3, 0xCE, 0x0F, 0xE0, 0x00,
    0x00, 0x00, 0x03, 0xDF, 0x8F, 0xFF, 0x0E, 0x1E, 0x38, 0x38, 0xE0, 0xE3, 0x83, 0x8E, 0x0F, 0x38,
    0x38, 0xE0, 0xE3, 0x83, 0x8E, 0x1C, 0x38, 0xE0, 0xFF, 0x03, 0x80, 0x0E, 0x00, 0x38, 0x00, 0xE0,
    0x0F, 0xE0, 0x3F, 0x80, 0x00, 0x00, 0x3F, 0xC1, 0xCF, 0x0E, 0x1C, 0x70, 0x71, 0xC1, 0xC7, 0x07,
    0x1C, 0x1C, 0x70, 0x71, 0xC1, 0xC7, 0x07, 0x1E, 0x1C, 0x3F, 0xF0, 0x7F, 0xC0, 0x07, 0x00, 0x1C,
    0x00, 0x70, 0x01, 0xC0, 0x1F, 0xC0, 0x7F, 0x00, 0x1E, 0x77, 0xFC, 0xFF, 0x3C, 0x0E, 0x03, 0x80,
    0xE0, 0x38, 0x0E, 0x03, 0x80, 0xE0, 0x3C, 0x1F, 0xC0, 0x00, 0x0F, 0xC7, 0x7B, 0x86, 0xE1, 0xBC,
    0x0F, 0xC1, 0xFC, 0x1F, 0x81, 0xEC, 0x1F, 0x06, 0xE3, 0xBF, 0xC0, 0x00, 0x00, 0x0C, 0x0E, 0x07,
    0x07, 0xF7, 0xF8, 0xE0, 0x70, 0x38, 0x1C, 0x0E, 0x07, 0x03, 0x81, 0xC0, 0xE0, 0x7F, 0x3F, 0x00,
    0x00, 0x00, 0x01, 0xE3, 0xC7, 0x8F, 0x0E, 0x1C, 0x38, 0x70, 0xE1, 0xC3, 0x87, 0x0E, 0x1C, 0x38,
    0x70, 0xE1, 0xC3, 0x87, 0x0E, 0x1C, 0x3F, 0xF8, 0x7E, 0xF0, 0x00, 0x00, 0x7C, 0x7C, 0xF8, 0x78,
    0xE0, 0x61, 0xE1, 0xC1, 0xC3, 0x03, 0x8E, 0x03, 0x98, 0x07, 0x30, 0x0E, 0xE0, 0x0F, 0x80, 0x1F,
    0x00, 0x1C, 0x00, 0x38, 0x00, 0x00, 0x00, 0x7C, 0x38, 0xFB, 0xE3, 0xC7, 0xCE, 0x1E, 0x18, 0x70,
    0xF0, 0xC1, 0xC7, 0xC6, 0x0E, 0x6E, 0x60, 0x73, 0x73, 0x01, 0x99, 0x98, 0x0F, 0x8E, 0x80, 0x7C,
    0x7C, 0x01, 0xE1, 0xE0, 0x0F, 0x0F, 0x00, 0x70, 0x70, 0x00, 0x00, 0x00, 0xFC, 0xF9, 0xF1, 0xE3,
    0x86, 0x07, 0x38, 0x0E, 0xC0, 0x3E, 0x00, 0x78, 0x01, 0xE0, 0x0D, 0xC0, 0x67, 0x83, 0x8F, 0x1C,
    0x3E, 0xFD, 0xFC, 0xFC, 0xFB, 0xF1, 0xE7, 0x03, 0x0E, 0x1C, 0x38, 0x60, 0xE1, 0x81, 0xCE, 0x07,
    0x30, 0x0C, 0xC0, 0x3B, 0x00, 0xF8, 0x01, 0xE0, 0x07, 0x80, 0x0C, 0x00, 0x30, 0x01, 0x80, 0x3E,
    0x00, 0xF0, 0x03, 0x80, 0x00, 0x7F, 0xF7, 0xFF, 0x60, 0xE6, 0x1C, 0x03, 0xC0, 0x78, 0x07, 0x00,
    0xE0, 0x1C, 0x03, 0xC3, 0x38, 0x37, 0xFF, 0x7F, 0xF0, 0x0F, 0x0F, 0xCF, 0x07, 0x03, 0x81, 0xC0,
    0x60, 0x38, 0x1C, 0x0E, 0x3E, 0x1E, 0x03, 0x80, 0xE0, 0x70, 0x38, 0x18, 0x1C, 0x0E, 0x07, 0x03,
    0xF8, 0xFC, 0x00, 0x6D, 0xB6, 0xDB, 0x6D, 0xB6, 0xDB, 0x6D, 0xB6, 0xC0, 0x38, 0x1F, 0x80, 0xE0,
    0x1C, 0x06, 0x01, 0x80, 0xE0, 0x38, 0x0C, 0x03, 0x80, 0x78, 0x0F, 0x0F, 0x03, 0x80, 0xE0, 0x38,
    0x0E, 0x01, 0x80, 0x70, 0x1C, 0x7E, 0x1F, 0x80, 0x00, 0x10, 0x1F, 0x3F, 0xFB, 0x1C, 0x07, 0xF7,
    0x00, 0x26, 0x67, 0x77, 0x77, 0x77, 0x77, 0x77, 0x77, 0x03, 0x00, 0x60, 0x0C, 0x07, 0xE3, 0xDE,
    0x61, 0xDC, 0x3B, 0x80, 0xE0, 0x1C, 0x03, 0xC0, 0x38, 0x07, 0x00, 0xF0, 0x0F, 0xF8, 0xFE, 0x06,
    0x00, 0xC0, 0x18, 0x00, 0x00, 0x00, 0x07, 0xF0, 0x1D, 0xE0, 0x70, 0xC1, 0xC0, 0x03, 0x80, 0x07,
    0x00, 0x0E, 0x00, 0x7F, 0xC0, 0xFF, 0x00, 0x70, 0x00, 0xE0, 0x01, 0xC0, 0xE3, 0x81, 0xC7, 0x03,
    0xBC, 0x07, 0xFF, 0xFD, 0xC7, 0xF0, 0x00, 0x00, 0x00, 0x06, 0x01, 0xF9, 0xDE, 0xFF, 0xE3, 0x9E,
    0x18, 0x31, 0xC1, 0xCE, 0x0E, 0x70, 0x61, 0x83, 0x0F, 0xF8, 0xFF, 0xEE, 0x63, 0xA0, 0x08, 0x00,
    0x00, 0xFE, 0x3F, 0x78, 0x1C, 0x3C, 0x18, 0x1C, 0x38, 0x0E, 0x30, 0x0F, 0x60, 0x07, 0x60, 0x3F,
    0xFC, 0x7F, 0xFC, 0x01, 0x80, 0x01, 0x80, 0x03, 0xC0, 0x7F, 0xFC, 0x01, 0x80, 0x01, 0x80, 0x03,
    0xC0, 0x0F, 0xF0, 0x6D, 0xB6, 0xDB, 0x6C, 0x00, 0xDB, 0x6D, 0xB6, 0xC0, 0x1F, 0xC7, 0xFE, 0x60,
    0xEE, 0x0E, 0xE0, 0x47, 0x00, 0x7E, 0x07, 0xF8, 0xCF, 0xCC, 0x1E, 0xE0, 0xFF, 0x07, 0x7C, 0x73,
    0xF6, 0x0F, 0xC0, 0x3E, 0xC0, 0xEC, 0x06, 0xC0, 0x6F, 0x1E, 0xFF, 0x80, 0x40, 0x00, 0xE7, 0xE7,
    0xE7, 0x00, 0x00, 0x00, 0x00, 0x3F, 0xC0, 0x0F, 0x9F, 0x01, 0xC0, 0x38, 0x30, 0x01, 0xC7, 0x0F,
    0x8C, 0x61, 0xFC, 0x6C, 0x30, 0xC6, 0xC7, 0x08, 0x3C, 0x60, 0x03, 0xC6, 0x00, 0x3C, 0x60, 0x03,
    0xC7, 0x00, 0x3C, 0x70, 0x03, 0x63, 0xFC, 0x66, 0x1F, 0x86, 0x30, 0x00, 0xC1, 0x80, 0x18, 0x0E,
    0x07, 0x00, 0x7F, 0xE0, 0x01, 0xF0, 0x00, 0x1E, 0x1F, 0xC6, 0x38, 0x0E, 0x03, 0x8F, 0xE7, 0x1B,
    0x86, 0xE1, 0xBD, 0xE7, 0xDC, 0x00, 0x04, 0x18, 0x38, 0xE1, 0xC7, 0x0E, 0x38, 0x71, 0xE3, 0xCF,
    0x0F, 0x3C, 0x1C, 0x70, 0x38, 0xE0, 0x71, 0xC0, 0xC3, 0x81, 0x06, 0x00, 0x0F, 0xFE, 0xFF, 0xE0,
    0x06, 0x00, 0x60, 0x06, 0x00, 0x60, 0x00, 0x00, 0x00, 0x3F, 0xC0, 0x0F, 0x9F, 0x01, 0xC0, 0x38,
    0x30, 0x01, 0xC7, 0x7F, 0x8C, 0x67, 0xFC, 0x6C, 0x38, 0xC6, 0xC3, 0x8C, 0x3C, 0x38, 0xC3, 0xC3,
    0xFC, 0x3C, 0x3F, 0x83, 0xC3, 0x98, 0x3C, 0x39, 0xC3, 0x63, 0x8C, 0x66, 0x7C, 0xE6, 0x30, 0x00,
    0xC1, 0x80, 0x18, 0x0E, 0x07, 0x00, 0x7F, 0xE0, 0x01, 0xF0, 0x00, 0xFF, 0xFC, 0x18, 0x3F, 0x19,
    0xD8, 0x6C, 0x3E, 0x19, 0x9C, 0xFC, 0x1C, 0x00, 0x0C, 0x01, 0x80, 0x30, 0x06, 0x00, 0xC1, 0xFF,
    0xFF, 0xF0, 0x60, 0x0C, 0x01, 0x80, 0x10, 0x7F, 0xEF, 0xFC, 0x00, 0x0F, 0x87, 0xF1, 0x1C, 0x03,
    0x00, 0xC0, 0x70, 0x38, 0x0C, 0x0E, 0x27, 0xFB, 0xFE, 0x00, 0x3F, 0x3F, 0xC0, 0xE0, 0x70, 0xF0,
    0xF8, 0x0E, 0x03, 0x83, 0x83, 0xDF, 0xC0, 0x00, 0x00, 0x63, 0xDE, 0x73, 0x80, 0x00, 0x00, 0x01,
    0xE3, 0xC7, 0x8F, 0x0E, 0x1C, 0x38, 0x70, 0xE1, 0xC3, 0x87, 0x0E, 0x1C, 0x38, 0x70, 0xE1, 0xC3,
    0x87, 0x0E, 0x1C, 0x3F, 0xF8, 0xFE, 0xF3, 0x00, 0x0C, 0x00, 0x30, 0x00, 0xC0, 0x00, 0x00, 0x00,
    0x00, 0x00, 0x3F, 0xF9, 0xFF, 0xF3, 0xF1, 0xCF, 0xE3, 0x9F, 0xC7, 0x3F, 0x8E, 0x7F, 0x1C, 0xFE,
    0x38, 0xFC, 0x70, 0xF8, 0xE0, 0x31, 0xC0, 0x63, 0x80, 0xC7, 0x01, 0x8E, 0x03, 0x1C, 0x06, 0x38,
    0x0C, 0x70, 0x38, 0xE0, 0xF1, 0xE0, 0x77, 0x72, 0x01, 0x8C, 0x73, 0xFB, 0x80, 0x00, 0x38, 0xF8,
    0x58, 0x18, 0x18, 0x18, 0x18, 0x18, 0x18, 0x18, 0x7E, 0x0E, 0x07, 0xF1, 0xC7, 0x38, 0xE6, 0x0C,
    0xC1, 0x98, 0x33, 0x06, 0x71, 0xC6, 0x30, 0xFC, 0x00, 0x00, 0x40, 0x81, 0x87, 0x03, 0x0E, 0x0E,
    0x1C, 0x1E, 0x78, 0x38, 0xE0, 0xE3, 0x87, 0x9E, 0x3C, 0x70, 0xE3, 0x87, 0x1C, 0x10, 0x60, 0x00,
    0x06, 0x03, 0x80, 0x60, 0xF8, 0x0C, 0x05, 0x80, 0xC0, 0x18, 0x18, 0x01, 0x81, 0x80, 0x18, 0x30,
    0x01, 0x83, 0x00, 0x18, 0x73, 0x81, 0x86, 0x38, 0x18, 0xE3, 0x07, 0xEC, 0x70, 0x01, 0xC6, 0x40,
    0x18, 0xEE, 0x03, 0x9C, 0xE0, 0x31, 0xFF, 0x07, 0x1F, 0xF0, 0x60, 0x0E, 0x06, 0x00, 0xE0, 0xC0,
    0x00, 0x00, 0x00, 0x00, 0x00, 0x06, 0x01, 0xC0, 0x30, 0x3E, 0x03, 0x00, 0xB0, 0x18, 0x01, 0x81,
    0x80, 0x0C, 0x0C, 0x00, 0x60, 0xC0, 0x03, 0x06, 0x00, 0x18, 0x73, 0xE0, 0xC3, 0x7F, 0x86, 0x3B,
    0x1C, 0xFD, 0x80, 0xE0, 0x1C, 0x07, 0x00, 0xC0, 0x30, 0x0E, 0x03, 0x80, 0x60, 0x38, 0x07, 0x03,
    0x98, 0x30, 0x3F, 0xC1, 0x83, 0xFE, 0x18, 0x00, 0x00, 0x00, 0x00, 0x00, 0x00, 0x01, 0x01, 0xF8,
    0x0C, 0x0F, 0xF0, 0x30, 0x01, 0xC1, 0x80, 0x07, 0x06, 0x00, 0x78, 0x30, 0x03, 0xE0, 0xC0, 0x01,
    0xC6, 0x00, 0x03, 0x98, 0xE0, 0x1C, 0xC7, 0x00, 0xF3, 0x1C, 0x3F, 0x98, 0xE0, 0x00, 0x63, 0x30,
    0x03, 0x1D, 0xC0, 0x0C, 0x67, 0x00, 0x63, 0xFE, 0x01, 0x87, 0xF8, 0x0C, 0x01, 0xC0, 0x30, 0x07,
    0x01, 0x80, 0x00, 0x00, 0x00, 0x00, 0x00, 0x01, 0xC0, 0xF0, 0x1C, 0x00, 0x00, 0x00, 0x20, 0x1C,
    0x03, 0x00, 0xC0, 0x70, 0x38, 0x1C, 0x0E, 0x07, 0x01, 0x80, 0x60, 0x18, 0x07, 0x01, 0xE0, 0x3F,
    0xC3, 0xF0, 0x01, 0x00, 0x00, 0xE0, 0x00, 0x38, 0x00, 0x07, 0x00, 0x00, 0x40, 0x00, 0x00, 0x00,
    0x1E, 0x00, 0x07, 0x80, 0x01, 0xF0, 0x00, 0xFC, 0x00, 0x37, 0x00, 0x0C, 0xE0, 0x07, 0x38, 0x01,
    0x8E, 0x00, 0x61, 0xC0, 0x38, 0x70, 0x0C, 0x1C, 0x03, 0xFF, 0x81, 0xFF, 0xE0, 0x60, 0x38, 0x38,
    0x0F, 0x0E, 0x03, 0xE7, 0xE1, 0xFC, 0x00, 0x10, 0x00, 0x0E, 0x00, 0x07, 0x00, 0x03, 0x80, 0x00,
    0x40, 0x00, 0x00, 0x00, 0x1E, 0x00, 0x07, 0x80, 0x01, 0xF0, 0x00, 0xFC, 0x00, 0x37, 0x00, 0x0C,
    0xE0, 0x07, 0x38, 0x01, 0x8E, 0x00, 0x61, 0xC0, 0x38, 0x70, 0x0C, 0x1C, 0x03, 0xFF, 0x81, 0xFF,
    0xE0, 0x60, 0x38, 0x38, 0x0F, 0x0E, 0x03, 0xE7, 0xE1, 0xFC, 0x00, 0x00, 0x00, 0x78, 0x00, 0x3F,
    0x00, 0x0C, 0xE0, 0x02, 0x08, 0x00, 0x00, 0x00, 0x1E, 0x00, 0x07, 0x80, 0x01, 0xF0, 0x00, 0xFC,
    0x00, 0x37, 0x00, 0x0C, 0xE0, 0x07, 0x38, 0x01, 0x8E, 0x00, 0x61, 0xC0, 0x38, 0x70, 0x0C, 0x1C,
    0x03, 0xFF, 0x81, 0xFF, 0xE0, 0x60, 0x38, 0x38, 0x0F, 0x0E, 0x03, 0xE7, 0xE1, 0xFC, 0x01, 0x80,
    0x00, 0xF6, 0x00, 0x27, 0x80, 0x00, 0x80, 0x00, 0x00, 0x00, 0x78, 0x00, 0x1E, 0x00, 0x07, 0xC0,
    0x03, 0xF0, 0x00, 0xDC, 0x00, 0x33, 0x80, 0x1C, 0xE0, 0x06, 0x38, 0x01, 0x87, 0x00, 0xE1, 0xC0,
    0x30, 0x70, 0x0F, 0xFE, 0x07, 0xFF, 0x81, 0x80, 0xE0, 0xE0, 0x3C, 0x38, 0x0F, 0x9F, 0x87, 0xF0,
    0x03, 0x38, 0x00, 0xEE, 0x00, 0x3B, 0x80, 0x00, 0x40, 0x00, 0x00, 0x00, 0x78, 0x00, 0x1E, 0x00,
    0x07, 0xC0, 0x03, 0xF0, 0x00, 0xDC, 0x00, 0x33, 0x80, 0x1C, 0xE0, 0x06, 0x38, 0x01, 0x87, 0x00,
    0xE1, 0xC0, 0x30, 0x70, 0x0F, 0xFE, 0x07, 0xFF, 0x81, 0x80, 0xE0, 0xE0, 0x3C, 0x38, 0x0F, 0x9F,
    0x87, 0xF0, 0x01, 0xE0, 0x00, 0xFC, 0x00, 0x31, 0x00, 0x0C, 0x40, 0x03, 0xF0, 0x00, 0x78, 0x00,
    0x00, 0x00, 0x07, 0x80, 0x01, 0xE0, 0x00, 0x7C, 0x00, 0x3F, 0x00, 0x0D, 0xC0, 0x03, 0x38, 0x01,
    0xCE, 0x00, 0x63, 0x80, 0x18, 0x70, 0x0E, 0x1C, 0x03, 0x07, 0x00, 0xFF, 0xE0, 0x7F, 0xF8, 0x18,
    0x0E, 0x0E, 0x03, 0xC3, 0x80, 0xF9, 0xF8, 0x7F, 0x00, 0x00, 0x00, 0x0F, 0xFF, 0xF0, 0x07, 0x70,
    0xF0, 0x0E, 0xE0, 0x60, 0x19, 0xC0, 0xC0, 0x73, 0x80, 0x00, 0xC7, 0x08, 0x01, 0x8E, 0x18, 0x07,
    0x1F, 0xF0, 0x0C, 0x3F, 0xE0, 0x38, 0x71, 0xC0, 0x7F, 0xE1, 0x01, 0xFF, 0xC0, 0x03, 0x83, 0x80,
    0x06, 0x07, 0x01, 0x9C, 0x0E, 0x07, 0x78, 0x3F, 0xFF, 0xF8, 0xFF, 0xFC, 0x00, 0x40, 0x0F, 0xF8,
    0x78, 0x70, 0xE0, 0xE3, 0x80, 0xCE, 0x01, 0x9C, 0x00, 0x38, 0x00, 0xF0, 0x01, 0xE0, 0x03, 0xC0,
    0x03, 0x80, 0x07, 0x00, 0x0E, 0x00, 0x1E, 0x03, 0x1E, 0x06, 0x1E, 0x1C, 0x1F, 0xF0, 0x03, 0x00,
    0x06, 0x00, 0x0E, 0x00, 0x1C, 0x00, 0xF0, 0x01, 0xC0, 0x04, 0x00, 0x1C, 0x00, 0x3C, 0x00, 0x38,
    0x00, 0x10, 0x00, 0x00, 0x1F, 0xFE, 0x1E, 0x3C, 0x1C, 0x18, 0x38, 0x10, 0x70, 0x00, 0xE1, 0x01,
    0xC6, 0x03, 0xFC, 0x07, 0xF8, 0x0E, 0x30, 0x1C, 0x60, 0x38, 0x00, 0x70, 0x10, 0xE0, 0x71, 0xC0,
    0xC7, 0xFF, 0x9F, 0xFF, 0x00, 0x00, 0x40, 0x01, 0xC0, 0x07, 0x80, 0x0E, 0x00, 0x10, 0x00, 0x00,
    0x1F, 0xFE, 0x1E, 0x3C, 0x1C, 0x18, 0x38, 0x10, 0x70, 0x00, 0xE1, 0x01, 0xC6, 0x03, 0xFC, 0x07,
    0xF8, 0x0E, 0x30, 0x1C, 0x60, 0x38, 0x00, 0x70, 0x10, 0xE0, 0x71, 0xC0, 0xC7, 0xFF, 0x9F, 0xFF,
    0x00, 0x00, 0x00, 0x07, 0x00, 0x1F, 0x00, 0x63, 0x00, 0x82, 0x00, 0x00, 0x1F, 0xFE, 0x1E, 0x3C,
    0x1C, 0x18, 0x38, 0x10, 0x70, 0x00, 0xE1, 0x01, 0xC6, 0x03, 0xFC, 0x07, 0xF8, 0x0E, 0x30, 0x1C,
    0x60, 0x38, 0x00, 0x70, 0x10, 0xE0, 0x71, 0xC0, 0xC7, 0xFF, 0x9F, 0xFF, 0x00, 0x0C, 0x60, 0x1D,
    0xC0, 0x3B, 0x80, 0x22, 0x00, 0x00, 0x0F, 0xFF, 0x0F, 0x1E, 0x0E, 0x0C, 0x1C, 0x08, 0x38, 0x00,
    0x70, 0x80, 0xE3, 0x01, 0xFE, 0x03, 0xFC, 0x07, 0x18, 0x0E, 0x30, 0x1C, 0x00, 0x38, 0x08, 0x70,
    0x38, 0xE0, 0x63, 0xFF, 0xCF, 0xFF, 0x80, 0x20, 0x70, 0x70, 0x38, 0x08, 0x00, 0x7F, 0x3E, 0x1C,
    0x1C, 0x1C, 0x1C, 0x1C, 0x1C, 0x1C, 0x1C, 0x1C, 0x1C, 0x1C, 0x1C, 0x1C, 0x3C, 0x7F, 0x02, 0x07,
    0x0E, 0x1C, 0x08, 0x00, 0x7F, 0x3E, 0x1C, 0x1C, 0x1C, 0x1C, 0x1C, 0x1C, 0x1C, 0x1C, 0x1C, 0x1C,
    0x1C, 0x1C, 0x1C, 0x3C, 0x7F, 0x00, 0x1E, 0x1F, 0x8C, 0xE4, 0x10, 0x01, 0xFC, 0x7C, 0x1C, 0x0E,
    0x07, 0x03, 0x81, 0xC0, 0xE0, 0x70, 0x38, 0x1C, 0x0E, 0x07, 0x03, 0x81, 0xC1, 0xE1, 0xFC, 0x67,
    0x77, 0x77, 0x22, 0x00, 0x7F, 0x3E, 0x1C, 0x1C, 0x1C, 0x1C, 0x1C, 0x1C, 0x1C, 0x1C, 0x1C, 0x1C,
    0x1C, 0x1C, 0x1C, 0x3C, 0x7F, 0x00, 0x00, 0x3F, 0xFC, 0x0F, 0x1F, 0x03, 0x81, 0xC1, 0xC0, 0xF0,
    0xE0, 0x38, 0x70, 0x1C, 0x38, 0x0F, 0x7F, 0x83, 0xBF, 0xC1, 0xC7, 0x01, 0xE3, 0x80, 0xE1, 0xC0,
    0x70, 0xE0, 0x38, 0x70, 0x38, 0x38, 0x38, 0x3C, 0x7C, 0x3F, 0xF8, 0x00, 0x00, 0x00, 0x01, 0x80,
    0x00, 0xF6, 0x00, 0x6F, 0x00, 0x00, 0x80, 0x00, 0x00, 0x1F, 0x03, 0xF3, 0xC0, 0x78, 0xF8, 0x0C,
    0x3F, 0x03, 0x0D, 0xC0, 0xC3, 0x38, 0x30, 0xCF, 0x0C, 0x31, 0xC3, 0x0C, 0x38, 0xC3, 0x0F, 0x30,
    0xC1, 0xCC, 0x30, 0x3B, 0x0C, 0x0F, 0xC3, 0x01, 0xF0, 0xC0, 0x3C, 0x38, 0x0F, 0x1F, 0x81, 0xC0,
    0x02, 0x00, 0x07, 0x00, 0x07, 0x00, 0x03, 0x80, 0x00, 0x80, 0x00, 0x00, 0x07, 0xF0, 0x1E, 0x3C,
    0x38, 0x1C, 0x38, 0x0E, 0x70, 0x0E, 0x70, 0x07, 0x70, 0x07, 0x70, 0x07, 0x70, 0x07, 0x70, 0x07,
    0x70, 0x07, 0x70, 0x0F, 0x70, 0x0E, 0x38, 0x0E, 0x38, 0x1C, 0x1E, 0x38, 0x0F, 0xF0, 0x00, 0x00,
    0x00, 0x20, 0x00, 0x70, 0x00, 0xE0, 0x01, 0xC0, 0x00, 0x80, 0x00, 0x00, 0x07, 0xF0, 0x1E, 0x3C,
    0x38, 0x1C, 0x38, 0x0E, 0x70, 0x0E, 0x70, 0x07, 0x70, 0x07, 0x70, 0x07, 0x70, 0x07, 0x70, 0x07,
    0x70, 0x07, 0x70, 0x0F, 0x70, 0x0E, 0x38, 0x0E, 0x38, 0x1C, 0x1E, 0x38, 0x0F, 0xF0, 0x00, 0x00,
    0x00, 0x00, 0x03, 0xC0, 0x07, 0xE0, 0x06, 0x70, 0x04, 0x10, 0x00, 0x00, 0x07, 0xF0, 0x1E, 0x3C,
    0x38, 0x1C, 0x38, 0x0E, 0x70, 0x0E, 0x70, 0x07, 0x70, 0x07, 0x70, 0x07, 0x70, 0x07, 0x70, 0x07,
    0x70, 0x07, 0x70, 0x0F, 0x70, 0x0E, 0x38, 0x0E, 0x38, 0x1C, 0x1E, 0x38, 0x0F, 0xF0, 0x00, 0x00,
    0x03, 0x00, 0x07, 0xB0, 0x04, 0xF0, 0x00, 0x40, 0x00, 0x00, 0x07, 0xF0, 0x1E, 0x3C, 0x38, 0x1C,
    0x38, 0x0E, 0x70, 0x0E, 0x70, 0x07, 0x70, 0x07, 0x70, 0x07, 0x70, 0x07, 0x70, 0x07, 0x70, 0x07,
    0x70, 0x0F, 0x70, 0x0E, 0x38, 0x0E, 0x38, 0x1C, 0x1E, 0x38, 0x0F, 0xF0, 0x00, 0x00, 0x06, 0x70,
    0x07, 0x70, 0x07, 0x70, 0x02, 0x20, 0x00, 0x00, 0x07, 0xF0, 0x1E, 0x3C, 0x38, 0x1C, 0x38, 0x0E,
    0x70, 0x0E, 0x70, 0x07, 0x70, 0x07, 0x70, 0x07, 0x70, 0x07, 0x70, 0x07, 0x70, 0x07, 0x70, 0x0F,
    0x70, 0x0E, 0x38, 0x0E, 0x38, 0x1C, 0x1E, 0x38, 0x0F, 0xF0, 0x00, 0x00, 0x00, 0x0C, 0x1D, 0xC7,
    0x1D, 0xC1, 0xF0, 0x1C, 0x07, 0xC1, 0xDC, 0x71, 0xCC, 0x1D, 0x81, 0x00, 0x00, 0x00, 0x00, 0x08,
    0x00, 0x18, 0x07, 0xF0, 0x1E, 0x3C, 0x38, 0x3C, 0x38, 0x2E, 0x70, 0x6E, 0x70, 0x47, 0x70, 0xC7,
    0x70, 0x87, 0x70, 0x87, 0x71, 0x87, 0x71, 0x07, 0x73, 0x0F, 0x72, 0x0E, 0x3A, 0x0E, 0x3E, 0x1C,
    0x1E, 0x38, 0x0F, 0xF0, 0x08, 0x00, 0x08, 0x00, 0x00, 0x00, 0x02, 0x00, 0x03, 0x80, 0x01, 0xE0,
    0x00, 0x38, 0x00, 0x08, 0x00, 0x00, 0x03, 0xF8, 0x7E, 0xF8, 0x1E, 0x38, 0x06, 0x1C, 0x03, 0x0E,
    0x01, 0x87, 0x00, 0xC3, 0x80, 0x61, 0xC0, 0x30, 0xE0, 0x18, 0x70, 0x0C, 0x38, 0x06, 0x1C, 0x03,
    0x0E, 0x01, 0x87, 0x81, 0xC1, 0xC0, 0xC0, 0x79, 0xC0, 0x1F, 0xC0, 0x00, 0x00, 0x00, 0x20, 0x00,
    0x38, 0x00, 0x1C, 0x00, 0x1C, 0x00, 0x08, 0x00, 0x00, 0x03, 0xF8, 0x7E, 0xF8, 0x1E, 0x38, 0x06,
    0x1C, 0x03, 0x0E, 0x01, 0x87, 0x00, 0xC3, 0x80, 0x61, 0xC0, 0x30, 0xE0, 0x18, 0x70, 0x0C, 0x38,
    0x06, 0x1C, 0x03, 0x0E, 0x01, 0x87, 0x81, 0xC1, 0xC0, 0xC0, 0x79, 0xC0, 0x1F, 0xC0, 0x00, 0x00,
    0x00, 0x00, 0x00, 0xF0, 0x00, 0xF8, 0x00, 0xC6, 0x00, 0x41, 0x00, 0x00, 0x03, 0xF8, 0x7E, 0xF8,
    0x1E, 0x38, 0x06, 0x1C, 0x03, 0x0E, 0x01, 0x87, 0x00, 0xC3, 0x80, 0x61, 0xC0, 0x30, 0xE0, 0x18,
    0x70, 0x0C, 0x38, 0x06, 0x1C, 0x03, 0x0E, 0x01, 0x87, 0x81, 0xC1, 0xC0, 0xC0, 0x79, 0xC0, 0x1F,
    0xC0, 0x00, 0x00, 0x07, 0x30, 0x03, 0xB8, 0x01, 0xDC, 0x00, 0x44, 0x00, 0x00, 0x07, 0xF0, 0xFD,
    0xF0, 0x3C, 0x70, 0x0C, 0x38, 0x06, 0x1C, 0x03, 0x0E, 0x01, 0x87, 0x00, 0xC3, 0x80, 0x61, 0xC0,
    0x30, 0xE0, 0x18, 0x70, 0x0C, 0x38, 0x06, 0x1C, 0x03, 0x0F, 0x03, 0x83, 0x81, 0x80, 0xF3, 0x80,
    0x3F, 0x80, 0x00, 0x00, 0x00, 0x20, 0x00, 0x38, 0x00, 0x3C, 0x00, 0x1C, 0x00, 0x08, 0x00, 0x00,
    0x03, 0xF8, 0x7C, 0xF8, 0x1C, 0x3C, 0x0C, 0x0E, 0x0E, 0x03, 0x86, 0x01, 0xC7, 0x00, 0x73, 0x00,
    0x3B, 0x00, 0x0F, 0x80, 0x07, 0x80, 0x01, 0xC0, 0x00, 0xE0, 0x00, 0x70, 0x00, 0x38, 0x00, 0x1C,
    0x00, 0x1F, 0x00, 0x3F, 0xC0, 0x00, 0x00, 0xFE, 0x00, 0xF0, 0x00, 0xE0, 0x01, 0xFE, 0x03, 0xFF,
    0x07, 0x0F, 0x0E, 0x0E, 0x1C, 0x1C, 0x38, 0x38, 0x70, 0x70, 0xE0, 0xE1, 0xC7, 0x83, 0xFE, 0x07,
    0x00, 0x0E, 0x00, 0x3C, 0x00, 0xFE, 0x00, 0x07, 0xE0, 0x3F, 0xC1, 0x87, 0x0E, 0x0C, 0x38, 0x70,
    0xC1, 0x87, 0x0C, 0x1C, 0x70, 0x71, 0xC1, 0xC7, 0x87, 0x0F, 0x1C, 0x1E, 0x70, 0x39, 0xC0, 0x77,
    0x01, 0xDC, 0x07, 0x73, 0xFB, 0xCF, 0xC0, 0x00, 0x00, 0x00, 0x01, 0x80, 0x3C, 0x01, 0xC0, 0x0E,
    0x00, 0x70, 0x00, 0x00, 0x00, 0x1F, 0x87, 0xFC, 0x61, 0xC0, 0x0E, 0x00, 0xE0, 0xFE, 0x3F, 0xE7,
    0x0E, 0xF0, 0xEE, 0x0E, 0xF0, 0xE7, 0xFE, 0x3E, 0xF0, 0x00, 0x00, 0x00, 0x08, 0x01, 0xC0, 0x38,
    0x07, 0x00, 0x60, 0x00, 0x00, 0x00, 0x1F, 0x87, 0xFC, 0x61, 0xC0, 0x0E, 0x00, 0xE0, 0xFE, 0x3F,
    0xE7, 0x0E, 0xF0, 0xEE, 0x0E, 0xF0, 0xE7, 0xFE, 0x3E, 0xF0, 0x00, 0x06, 0x00, 0xF0, 0x0F, 0x81,
    0x98, 0x30, 0xC0, 0x04, 0x00, 0x01, 0xF8, 0x7F, 0xC6, 0x1C, 0x00, 0xE0, 0x0E, 0x0F, 0xE3, 0xFE,
    0x70, 0xEF, 0x0E, 0xE0, 0xEF, 0x0E, 0x7F, 0xE3, 0xEF, 0x00, 0x00, 0x1C, 0x03, 0xFC, 0x37, 0xC0,
    0x18, 0x00, 0x01, 0xF8, 0x7F, 0xC6, 0x1C, 0x00, 0xE0, 0x0E, 0x0F, 0xE3, 0xFE, 0x70, 0xEF, 0x0E,
    0xE0, 0xEF, 0x0E, 0x7F, 0xE3, 0xEF, 0x00, 0x00, 0x00, 0x03, 0x9C, 0x39, 0xC3, 0x9C, 0x00, 0x00,
    0x00, 0x1F, 0x87, 0xFC, 0x61, 0xC0, 0x0E, 0x00, 0xE0, 0xFE, 0x3F, 0xE7, 0x0E, 0xF0, 0xEE, 0x0E,
    0xF0, 0xE7, 0xFE, 0x3E, 0xF0, 0x00, 0x00, 0x00, 0xF8, 0x19, 0x81, 0x88, 0x19, 0x80, 0xF8, 0x02,
    0x00, 0x00, 0x1F, 0x87, 0xFC, 0x61, 0xC0, 0x0E, 0x00, 0xE0, 0xFE, 0x3F, 0xE7, 0x0E, 0xF0, 0xEE,
    0x0E, 0xF0, 0xE7, 0xFE, 0x3E, 0xF0, 0x00, 0x00, 0x00, 0x03, 0xF3, 0xF1, 0xFF, 0xFF, 0x30, 0xF0,
    0xE0, 0x0E, 0x0E, 0x01, 0xC1, 0xC3, 0xFF, 0xF9, 0xFF, 0xFF, 0x70, 0xE0, 0x1E, 0x1C, 0x03, 0x83,
    0x80, 0x78, 0x78, 0x07, 0xFF, 0xFC, 0x7C, 0x7F, 0x00, 0x00, 0x00, 0x00, 0x01, 0xFC, 0x77, 0x9C,
    0x77, 0x06, 0xE0, 0x1C, 0x03, 0x80, 0x70, 0x0E, 0x01, 0xC0, 0x3C, 0x03, 0xFE, 0x3F, 0x81, 0xC0,
    0x18, 0x03, 0x00, 0xE0, 0x7C, 0x07, 0x00, 0x00, 0x01, 0x80, 0x1C, 0x01, 0xE0, 0x0F, 0x00, 0x30,
    0x00, 0x00, 0x00, 0x0F, 0xC3, 0xFE, 0x30, 0xE7, 0x0E, 0x70, 0x6F, 0xFE, 0xFF, 0xEF, 0x00, 0x70,
    0x07, 0x00, 0x78, 0x03, 0xFE, 0x1F, 0xC0, 0x00, 0x00, 0x00, 0x0C, 0x01, 0xE0, 0x3C, 0x03, 0x80,
    0x70, 0x00, 0x00, 0x00, 0x0F, 0xC3, 0xFE, 0x30, 0xE7, 0x0E, 0x70, 0x6F, 0xFE, 0xFF, 0xEF, 0x00,
    0x70, 0x07, 0x00, 0x78, 0x03, 0xFE, 0x1F, 0xC0, 0x00, 0x07, 0x00, 0x70, 0x0F, 0x81, 0xDC, 0x18,
    0xC1, 0x04, 0x00, 0x00, 0xFC, 0x3F, 0xE3, 0x0E, 0x70, 0xE7, 0x06, 0xFF, 0xEF, 0xFE, 0xF0, 0x07,
    0x00, 0x70, 0x07, 0x80, 0x3F, 0xE1, 0xFC, 0x00, 0x00, 0x00, 0x01, 0xCC, 0x3D, 0xE1, 0x8C, 0x00,
    0x00, 0x00, 0x0F, 0xC3, 0xFE, 0x30, 0xE7, 0x0E, 0x70, 0x6F, 0xFE, 0xFF, 0xEF, 0x00, 0x70, 0x07,
    0x00, 0x78, 0x03, 0xFE, 0x1F, 0xC0, 0x00, 0x00, 0x60, 0x70, 0x78, 0x1C, 0x0C, 0x00, 0x00, 0x3C,
    0x3C, 0x1C, 0x1C, 0x1C, 0x1C, 0x1C, 0x1C, 0x1C, 0x1C, 0x1C, 0x1E, 0x3F, 0x00, 0x06, 0x0F, 0x0E,
    0x1C, 0x38, 0x00, 0x00, 0x78, 0x78, 0x38, 0x38, 0x38, 0x38, 0x38, 0x38, 0x38, 0x38, 0x38, 0x3C,
    0x7E, 0x0C, 0x0F, 0x0F, 0x8E, 0x66, 0x3A, 0x08, 0x00, 0x78, 0x3C, 0x0E, 0x07, 0x03, 0x81, 0xC0,
    0xE0, 0x70, 0x38, 0x1C, 0x0E, 0x07, 0x87, 0xE0, 0x00, 0x39, 0xDC, 0xEE, 0x60, 0x00, 0x00, 0xF0,
    0x78, 0x1C, 0x0E, 0x07, 0x03, 0x81, 0xC0, 0xE0, 0x70, 0x38, 0x1C, 0x0F, 0x0F, 0xC0, 0x02, 0x01,
    0xD8, 0x07, 0x80, 0x1E, 0x01, 0xF8, 0x04, 0xE0, 0x03, 0x80, 0x0C, 0x0F, 0xF0, 0xE7, 0x8E, 0x1C,
    0xE0, 0xF7, 0x03, 0xB8, 0x1D, 0xC0, 0xEE, 0x07, 0x70, 0x73, 0x83, 0x9E, 0x1C, 0x79, 0xC1, 0xFC,
    0x00, 0x00, 0x07, 0x20, 0x1F, 0xE0, 0x27, 0x80, 0x06, 0x00, 0x00, 0x0F, 0x7E, 0x1F, 0xFE, 0x1E,
    0x1C, 0x38, 0x38, 0x70, 0x70, 0xE0, 0xE1, 0xC1, 0xC3, 0x83, 0x87, 0x07, 0x0E, 0x0E, 0x1C, 0x1C,
    0x3C, 0x3C, 0xFC, 0xFC, 0x00, 0x00, 0xC0, 0x07, 0x00, 0x3C, 0x00, 0xF0, 0x01, 0x80, 0x00, 0x00,
    0x00, 0x0F, 0xC0, 0xFF, 0x0E, 0x1C, 0xE0, 0xE7, 0x03, 0xB8, 0x1D, 0xC0, 0xEE, 0x07, 0x70, 0x3B,
    0x83, 0x9E, 0x1C, 0x79, 0xC1, 0xFC, 0x00, 0x00, 0x00, 0x00, 0x06, 0x00, 0x78, 0x03, 0x80, 0x38,
    0x03, 0x80, 0x00, 0x00, 0x00, 0x0F, 0xC0, 0xFF, 0x0E, 0x1C, 0xE0, 0xE7, 0x03, 0xB8, 0x1D, 0xC0,
    0xEE, 0x07, 0x70, 0x3B, 0x83, 0x9E, 0x1C, 0x79, 0xC1, 0xFC, 0x00, 0x00, 0x03, 0x00, 0x3C, 0x03,
    0xE0, 0x3B, 0x81, 0x8E, 0x08, 0x20, 0x00, 0x01, 0xF8, 0x1F, 0xE1, 0xC3, 0x9C, 0x1C, 0xE0, 0x77,
    0x03, 0xB8, 0x1D, 0xC0, 0xEE, 0x07, 0x70, 0x73, 0xC3, 0x8F, 0x38, 0x3F, 0x80, 0x00, 0x00, 0x0E,
    0x40, 0xFF, 0x06, 0xF0, 0x03, 0x00, 0x00, 0x07, 0xE0, 0x7F, 0x87, 0x0E, 0x70, 0x73, 0x81, 0xDC,
    0x0E, 0xE0, 0x77, 0x03, 0xB8, 0x1D, 0xC1, 0xCF, 0x0E, 0x3C, 0xE0, 0xFE, 0x00, 0x00, 0x00, 0x00,
    0xE7, 0x07, 0x38, 0x39, 0x80, 0x00, 0x00, 0x00, 0x3F, 0x03, 0xFC, 0x38, 0x73, 0x83, 0x9C, 0x0E,
    0xE0, 0x77, 0x03, 0xB8, 0x1D, 0xC0, 0xEE, 0x0E, 0x78, 0x71, 0xE7, 0x07, 0xF0, 0x00, 0x00, 0x06,
    0x01, 0xE0, 0x38, 0x02, 0x00, 0x00, 0x00, 0x3F, 0xFF, 0xFF, 0x00, 0x00, 0x00, 0x38, 0x07, 0x00,
    0xE0, 0x00, 0x20, 0x03, 0x03, 0xF0, 0x3F, 0xC3, 0x8F, 0x38, 0xF9, 0xC5, 0xEE, 0x27, 0x72, 0x3B,
    0x91, 0xDD, 0x8E, 0xE8, 0xE7, 0xC7, 0x1E, 0x70, 0x7F, 0x02, 0x00, 0x10, 0x00, 0x00, 0x00, 0x20,
    0x01, 0xC0, 0x03, 0x80, 0x07, 0x00, 0x0C, 0x00, 0x00, 0x00, 0x00, 0x78, 0xF1, 0xE3, 0xC3, 0x87,
    0x0E, 0x1C, 0x38, 0x70, 0xE1, 0xC3, 0x87, 0x0E, 0x1C, 0x38, 0x70, 0xE1, 0xC3, 0x87, 0x0F, 0xFE,
    0x1F, 0xBC, 0x00, 0x00, 0x00, 0x00, 0x03, 0x00, 0x1E, 0x00, 0x70, 0x03, 0x80, 0x1C, 0x00, 0x00,
    0x00, 0x00, 0x78, 0xF1, 0xE3, 0xC3, 0x87, 0x0E, 0x1C, 0x38, 0x70, 0xE1, 0xC3, 0x87, 0x0E, 0x1C,
    0x38, 0x70, 0xE1, 0xC3, 0x87, 0x0F, 0xFE, 0x1F, 0xBC, 0x00, 0x00, 0x03, 0x00, 0x1E, 0x00, 0xF8,
    0x03, 0x30, 0x18, 0x60, 0x41, 0x00, 0x00, 0x1E, 0x3C, 0x78, 0xF0, 0xE1, 0xC3, 0x87, 0x0E, 0x1C,
    0x38, 0x70, 0xE1, 0xC3, 0x87, 0x0E, 0x1C, 0x38, 0x70, 0xE1, 0xC3, 0xFF, 0x87, 0xEF, 0x00, 0x00,
    0x00, 0x00, 0x73, 0x81, 0xCE, 0x07, 0x38, 0x00, 0x00, 0x00, 0x07, 0x8F, 0x1E, 0x3C, 0x38, 0x70,
    0xE1, 0xC3, 0x87, 0x0E, 0x1C, 0x38, 0x70, 0xE1, 0xC3, 0x87, 0x0E, 0x1C, 0x38, 0x70, 0xFF, 0xE1,
    0xFB, 0xC0, 0x00, 0x00, 0x00, 0x03, 0x00, 0x1E, 0x00, 0x70, 0x03, 0x80, 0x1C, 0x00, 0x00, 0x00,
    0x00, 0xFC, 0xFB, 0xF1, 0xE7, 0x03, 0x0E, 0x1C, 0x38, 0x60, 0xE1, 0x81, 0xCE, 0x07, 0x30, 0x0C,
    0xC0, 0x3B, 0x00, 0xF8, 0x01, 0xE0, 0x07, 0x80, 0x0C, 0x00, 0x30, 0x01, 0x80, 0x3E, 0x00, 0xF0,
    0x03, 0x80, 0x00, 0x78, 0x01, 0xE0, 0x01, 0x80, 0x06, 0x00, 0x18, 0x00, 0x60, 0x01, 0xBF, 0x07,
    0xFE, 0x1C, 0x38, 0x60, 0x71, 0x81, 0xC6, 0x07, 0x18, 0x1C, 0x60, 0x71, 0x81, 0xC6, 0x06, 0x18,
    0x38, 0x71, 0xC1, 0xFE, 0x06, 0x00, 0x18, 0x00, 0x60, 0x01, 0x80, 0x1F, 0xC0, 0x7F, 0x00, 0x00,
    0x00, 0x73, 0x81, 0xCE, 0x07, 0x30, 0x00, 0x00, 0x00, 0x0F, 0xCF, 0xBF, 0x1E, 0x70, 0x30, 0xE1,
    0xC3, 0x86, 0x0E, 0x18, 0x1C, 0xE0, 0x73, 0x00, 0xCC, 0x03, 0xB0, 0x0F, 0x80, 0x1E, 0x00, 0x78,
    0x00, 0xC0, 0x03, 0x00, 0x18, 0x03, 0xE0, 0x0F, 0x00, 0x38, 0x00, 0x03, 0xF0, 0x00, 0xFE, 0x00,
    0x00, 0x00, 0x00, 0x00, 0x01, 0xE0, 0x00, 0x78, 0x00, 0x1F, 0x00, 0x0F, 0xC0, 0x03, 0x70, 0x00,
    0xCE, 0x00, 0x73, 0x80, 0x18, 0xE0, 0x06, 0x1C, 0x03, 0x87, 0x00, 0xC1, 0xC0, 0x3F, 0xF8, 0x1F,
    0xFE, 0x06, 0x03, 0x83, 0x80, 0xF0, 0xE0, 0x3E, 0x7E, 0x1F, 0xC0, 0x1F, 0xC1, 0xFC, 0x00, 0x00,
    0x00, 0x1F, 0x87, 0xFC, 0x61, 0xC0, 0x0E, 0x00, 0xE0, 0xFE, 0x3F, 0xE7, 0x0E, 0xF0, 0xEE, 0x0E,
    0xF0, 0xE7, 0xFE, 0x3E, 0xF0, 0x00, 0x00, 0x00, 0x00, 0x86, 0x00, 0x3B, 0x80, 0x0F, 0xC0, 0x00,
    0xE0, 0x00, 0x00, 0x00, 0x1E, 0x00, 0x07, 0x80, 0x01, 0xF0, 0x00, 0xFC, 0x00, 0x37, 0x00, 0x0C,
    0xE0, 0x07, 0x38, 0x01, 0x8E, 0x00, 0x61, 0xC0, 0x38, 0x70, 0x0C, 0x1C, 0x03, 0xFF, 0x81, 0xFF,
    0xE0, 0x60, 0x38, 0x38, 0x0F, 0x0E, 0x03, 0xE7, 0xE1, 0xFC, 0x30, 0xC3, 0x0C, 0x1F, 0xC1, 0xF8,
    0x00, 0x00, 0x00, 0x1F, 0x87, 0xFC, 0x61, 0xC0, 0x0E, 0x00, 0xE0, 0xFE, 0x3F, 0xE7, 0x0E, 0xF0,
    0xEE, 0x0E, 0xF0, 0xE7, 0xFE, 0x3E, 0xF0, 0x00, 0x00, 0x00, 0x00, 0x78, 0x00, 0x1E, 0x00, 0x07,
    0xC0, 0x03, 0xF0, 0x00, 0xDC, 0x00, 0x33, 0x80, 0x1C, 0xE0, 0x06, 0x38, 0x01, 0x87, 0x00, 0xE1,
    0xC0, 0x30, 0x70, 0x0F, 0xFE, 0x07, 0xFF, 0x81, 0x80, 0xE0, 0xE0, 0x3C, 0x38, 0x0F, 0x9F, 0x87,
    0xF0, 0x00, 0x70, 0x00, 0x38, 0x00, 0x0C, 0x00, 0x07, 0x00, 0x00, 0xF8, 0x00, 0x1C, 0x1F, 0x87,
    0xFC, 0x61, 0xC0, 0x0E, 0x00, 0xE0, 0xFE, 0x3F, 0xE7, 0x0E, 0xF0, 0xEE, 0x0E, 0xF0, 0xE7, 0xFE,
    0x3E, 0xF0, 0x0C, 0x01, 0x80, 0x30, 0x03, 0x00, 0x3F, 0x01, 0xE0, 0x00, 0x20, 0x00, 0xE0, 0x01,
    0xC0, 0x07, 0x00, 0x08, 0x00, 0x08, 0x01, 0xFF, 0x0F, 0x0E, 0x1C, 0x1C, 0x70, 0x19, 0xC0, 0x33,
    0x80, 0x07, 0x00, 0x1E, 0x00, 0x3C, 0x00, 0x78, 0x00, 0x70, 0x00, 0xE0, 0x01, 0xC0, 0x03, 0xC0,
    0x63, 0xC0, 0xC3, 0xC3, 0x83, 0xFE, 0x00, 0x00, 0x00, 0x00, 0x18, 0x03, 0x80, 0xE0, 0x38, 0x0E,
    0x00, 0x00, 0x00, 0x0F, 0xE3, 0xBC, 0xE3, 0xB8, 0x37, 0x00, 0xE0, 0x1C, 0x03, 0x80, 0x70, 0x0E,
    0x01, 0xE0, 0x1F, 0xF1, 0xFC, 0x00, 0x00, 0x00, 0x00, 0x03, 0xC0, 0x0F, 0xC0, 0x39, 0x80, 0x41,
    0x00, 0x08, 0x01, 0xFF, 0x0F, 0x0E, 0x1C, 0x1C, 0x70, 0x19, 0xC0, 0x33, 0x80, 0x07, 0x00, 0x1E,
    0x00, 0x3C, 0x00, 0x78, 0x00, 0x70, 0x00, 0xE0, 0x01, 0xC0, 0x03, 0xC0, 0x63, 0xC0, 0xC3, 0xC3,
    0x83, 0xFE, 0x00, 0x00, 0x03, 0x00, 0xF0, 0x3E, 0x06, 0x61, 0x86, 0x20, 0x40, 0x00, 0x7F, 0x1D,
    0xE7, 0x1D, 0xC1, 0xB8, 0x07, 0x00, 0xE0, 0x1C, 0x03, 0x80, 0x70, 0x0F, 0x00, 0xFF, 0x8F, 0xE0,
    0x00, 0x00, 0xC0, 0x03, 0xC0, 0x07, 0x00, 0x04, 0x00, 0x04, 0x00, 0xFF, 0x87, 0x87, 0x0E, 0x0E,
    0x38, 0x0C, 0xE0, 0x19, 0xC0, 0x03, 0x80, 0x0F, 0x00, 0x1E, 0x00, 0x3C, 0x00, 0x38, 0x00, 0x70,
    0x00, 0xE0, 0x01, 0xE0, 0x31, 0xE0, 0x61, 0xE1, 0xC1, 0xFF, 0x00, 0x00, 0x00, 0x00, 0x00, 0xE0,
    0x1E, 0x03, 0x80, 0x00, 0x00, 0x03, 0xF8, 0xEF, 0x38, 0xEE, 0x0D, 0xC0, 0x38, 0x07, 0x00, 0xE0,
    0x1C, 0x03, 0x80, 0x78, 0x07, 0xFC, 0x7F, 0x00, 0x00, 0x00, 0x00, 0x0C, 0x70, 0x0D, 0xC0, 0x0F,
    0x00, 0x0C, 0x00, 0x08, 0x01, 0xFF, 0x0F, 0x0E, 0x1C, 0x1C, 0x70, 0x19, 0xC0, 0x33, 0x80, 0x07,
    0x00, 0x1E, 0x00, 0x3C, 0x00, 0x78, 0x00, 0x70, 0x00, 0xE0, 0x01, 0xC0, 0x03, 0xC0, 0x63, 0xC0,
    0xC3, 0xC3, 0x83, 0xFE, 0x00, 0x00, 0x18, 0x63, 0x9C, 0x37, 0x03, 0xC0, 0x78, 0x00, 0x00, 0x00,
    0x7F, 0x1D, 0xE7, 0x1D, 0xC1, 0xB8, 0x07, 0x00, 0xE0, 0x1C, 0x03, 0x80, 0x70, 0x0F, 0x00, 0xFF,
    0x8F, 0xE0, 0x00, 0x00, 0x00, 0x03, 0x1C, 0x00, 0xDC, 0x00, 0x7C, 0x00, 0x1C, 0x00, 0x00, 0x01,
    0xFF, 0xE0, 0x78, 0xF8, 0x1C, 0x0E, 0x0E, 0x07, 0x87, 0x01, 0xC3, 0x80, 0xE1, 0xC0, 0x78, 0xE0,
    0x1C, 0x70, 0x0E, 0x38, 0x0F, 0x1C, 0x07, 0x0E, 0x03, 0x87, 0x01, 0xC3, 0x81, 0xC1, 0xC1, 0xC1,
    0xE3, 0xE1, 0xFF, 0xC0, 0x00, 0x00, 0x01, 0xF3, 0x00, 0xF9, 0x80, 0x1C, 0xC0, 0x0E, 0x60, 0x07,
    0x30, 0x03, 0x90, 0x3F, 0xC0, 0x3D, 0xE0, 0x38, 0x70, 0x38, 0x38, 0x1C, 0x1C, 0x0E, 0x0E, 0x07,
    0x07, 0x03, 0x83, 0x81, 0xC1, 0xC0, 0xE0, 0xE0, 0x78, 0x70, 0x1F, 0xF8, 0x07, 0xEE, 0x00, 0x00,
    0x00, 0x00, 0x00, 0x3F, 0xFC, 0x0F, 0x1F, 0x03, 0x81, 0xC1, 0xC0, 0xF0, 0xE0, 0x38, 0x70, 0x1C,
    0x38, 0x0F, 0x7F, 0x83, 0xBF, 0xC1, 0xC7, 0x01, 0xE3, 0x80, 0xE1, 0xC0, 0x70, 0xE0, 0x38, 0x70,
    0x38, 0x38, 0x38, 0x3C, 0x7C, 0x3F, 0xF8, 0x00, 0x00, 0x00, 0x01, 0xF0, 0x07, 0xC0, 0x07, 0x00,
    0xFF, 0x03, 0xF8, 0x01, 0xC0, 0xFF, 0x07, 0xBC, 0x38, 0x71, 0xC1, 0xC7, 0x07, 0x1C, 0x1C, 0x70,
    0x71, 0xC1, 0xC7, 0x07, 0x1C, 0x1C, 0x78, 0x70, 0xFF, 0xC1, 0xFB, 0x80, 0x00, 0x0F, 0xE0, 0x1F,
    0xC0, 0x00, 0x00, 0x00, 0x07, 0xFF, 0x87, 0x8F, 0x07, 0x06, 0x0E, 0x04, 0x1C, 0x00, 0x38, 0x40,
    0x71, 0x80, 0xFF, 0x01, 0xFE, 0x03, 0x8C, 0x07, 0x18, 0x0E, 0x00, 0x1C, 0x04, 0x38, 0x1C, 0x70,
    0x31, 0xFF, 0xE7, 0xFF, 0xC0, 0x1F, 0xC1, 0xFC, 0x00, 0x00, 0x00, 0x0F, 0xC3, 0xFE, 0x30, 0xE7,
    0x0E, 0x70, 0x6F, 0xFE, 0xFF, 0xEF, 0x00, 0x70, 0x07, 0x00, 0x78, 0x03, 0xFE, 0x1F, 0xC0, 0x00,
    0x00, 0x00, 0x18, 0xC0, 0x3B, 0x80, 0x3E, 0x00, 0x38, 0x00, 0x00, 0x1F, 0xFE, 0x1E, 0x3C, 0x1C,
    0x18, 0x38, 0x10, 0x70, 0x00, 0xE1, 0x01, 0xC6, 0x03, 0xFC, 0x07, 0xF8, 0x0E, 0x30, 0x1C, 0x60,
    0x38, 0x00, 0x70, 0x10, 0xE0, 0x71, 0xC0, 0xC7, 0xFF, 0x9F, 0xFF, 0x00, 0x10, 0x61, 0x8E, 0x1F,
    0xC0, 0xF8, 0x00, 0x00, 0x00, 0x0F, 0xC3, 0xFE, 0x30, 0xE7, 0x0E, 0x70, 0x6F, 0xFE, 0xFF, 0xEF,
    0x00, 0x70, 0x07, 0x00, 0x78, 0x03, 0xFE, 0x1F, 0xC0, 0x00, 0x03, 0x80, 0x07, 0x00, 0x0E, 0x00,
    0x08, 0x00, 0x00, 0x0F, 0xFF, 0x0F, 0x1E, 0x0E, 0x0C, 0x1C, 0x08, 0x38, 0x00, 0x70, 0x80, 0xE3,
    0x01, 0xFE, 0x03, 0xFC, 0x07, 0x18, 0x0E, 0x30, 0x1C, 0x00, 0x38, 0x08, 0x70, 0x38, 0xE0, 0x63,
    0xFF, 0xCF, 0xFF, 0x80, 0x00, 0x00, 0x70, 0x07, 0x00, 0x70, 0x00, 0x00, 0x00, 0x0F, 0xC3, 0xFE,
    0x30, 0xE7, 0x0E, 0x70, 0x6F, 0xFE, 0xFF, 0xEF, 0x00, 0x70, 0x07, 0x00, 0x78, 0x03, 0xFE, 0x1F,
    0xC0, 0x00, 0x00, 0x00, 0xFF, 0xF0, 0xF1, 0xE0, 0xE0, 0xC1, 0xC0, 0x83, 0x80, 0x07, 0x08, 0x0E,
    0x30, 0x1F, 0xE0, 0x3F, 0xC0, 0x71, 0x80, 0xE3, 0x01, 0xC0, 0x03, 0x80, 0x87, 0x03, 0x8E, 0x06,
    0x3F, 0xFC, 0xFF, 0xF8, 0x01, 0xC0, 0x06, 0x00, 0x1C, 0x00, 0x38, 0x00, 0x3E, 0x00, 0x38, 0x00,
    0x00, 0xFC, 0x3F, 0xE3, 0x0E, 0x70, 0xE7, 0x06, 0xFF, 0xEF, 0xFE, 0xF0, 0x07, 0x00, 0x70, 0x07,
    0x80, 0x3F, 0xE1, 0xFC, 0x03, 0x80, 0x70, 0x06, 0x00, 0xE0, 0x07, 0xC0, 0x78, 0x00, 0x00, 0x18,
    0xC0, 0x3B, 0x80, 0x3E, 0x00, 0x38, 0x00, 0x00, 0x1F, 0xFE, 0x1E, 0x3C, 0x1C, 0x18, 0x38, 0x10,
    0x70, 0x00, 0xE1, 0x01, 0xC6, 0x03, 0xFC, 0x07, 0xF8, 0x0E, 0x30, 0x1C, 0x60, 0x38, 0x00, 0x70,
    0x10, 0xE0, 0x71, 0xC0, 0xC7, 0xFF, 0x9F, 0xFF, 0x00, 0x10, 0x41, 0x8C, 0x0D, 0xC0, 0xF8, 0x07,
    0x00, 0x00, 0x00, 0x00, 0xFC, 0x3F, 0xE3, 0x0E, 0x70, 0xE7, 0x06, 0xFF, 0xEF, 0xFE, 0xF0, 0x07,
    0x00, 0x70, 0x07, 0x80, 0x3F, 0xE1, 0xFC, 0x00, 0x00, 0x00, 0x00, 0x00, 0xF0, 0x00, 0xF8, 0x00,
    0xE6, 0x00, 0x41, 0x00, 0x00, 0x00, 0x1F, 0xF8, 0x3C, 0x3C, 0x38, 0x0E, 0x1C, 0x03, 0x1C, 0x01,
    0x8E, 0x00, 0x07, 0x00, 0x07, 0x80, 0x03, 0xC0, 0xFD, 0xE0, 0xFE, 0xF0, 0x0E, 0x38, 0x07, 0x1C,
    0x03, 0x87, 0x01, 0xC3, 0xC0, 0xE0, 0xF0, 0xF0, 0x1F, 0xF0, 0x00, 0x00, 0x03, 0x00, 0x1E, 0x00,
    0xF8, 0x07, 0x70, 0x18, 0xE0, 0x41, 0x00, 0x00, 0x03, 0xFF, 0x3D, 0xFC, 0xC1, 0xC7, 0x07, 0x1C,
    0x1C, 0x70, 0x70, 0xE3, 0x83, 0xFC, 0x07, 0xC0, 0x30, 0x00, 0xC0, 0x03, 0xFF, 0x0F, 0xFE, 0x70,
    0x39, 0x80, 0x76, 0x01, 0x9C, 0x0E, 0x78, 0xF0, 0xFF, 0x00, 0x00, 0x00, 0x00, 0x00, 0x03, 0x18,
    0x01, 0xDC, 0x00, 0x7E, 0x00, 0x1C, 0x00, 0x00, 0x00, 0x1F, 0xF8, 0x3C, 0x3C, 0x38, 0x0E, 0x1C,
    0x03, 0x1C, 0x01, 0x8E, 0x00, 0x07, 0x00, 0x07, 0x80, 0x03, 0xC0, 0xFD, 0xE0, 0xFE, 0xF0, 0x0E,
    0x38, 0x07, 0x1C, 0x03, 0x87, 0x01, 0xC3, 0xC0, 0xE0, 0xF0, 0xF0, 0x1F, 0xF0, 0x00, 0x00, 0x10,
    0x60, 0x61, 0x81, 0xFC, 0x03, 0xE0, 0x00, 0x00, 0x00, 0x00, 0xFF, 0xCF, 0x7F, 0x30, 0x71, 0xC1,
    0xC7, 0x07, 0x1C, 0x1C, 0x38, 0xE0, 0xFF, 0x01, 0xF0, 0x0C, 0x00, 0x30, 0x00, 0xFF, 0xC3, 0xFF,
    0x9C, 0x0E, 0x60, 0x1D, 0x80, 0x67, 0x03, 0x9E, 0x3C, 0x3F, 0xC0, 0x00, 0x00, 0x01, 0xC0, 0x00,
    0xE0, 0x00, 0x70, 0x00, 0x10, 0x00, 0x00, 0x00, 0x3F, 0xF0, 0x78, 0x78, 0x70, 0x1C, 0x38, 0x06,
    0x38, 0x03, 0x1C, 0x00, 0x0E, 0x00, 0x0F, 0x00, 0x07, 0x81, 0xFB, 0xC1, 0xFD, 0xE0, 0x1C, 0x70,
    0x0E, 0x38, 0x07, 0x0E, 0x03, 0x87, 0x81, 0xC1, 0xE1, 0xE0, 0x3F, 0xE0, 0x00, 0x00, 0x00, 0x00,
    0x1C, 0x00, 0x70, 0x01, 0xC0, 0x00, 0x00, 0x00, 0x00, 0xFF, 0xCF, 0x7F, 0x30, 0x71, 0xC1, 0xC7,
    0x07, 0x1C, 0x1C, 0x38, 0xE0, 0xFF, 0x01, 0xF0, 0x0C, 0x00, 0x30, 0x00, 0xFF, 0xC3, 0xFF, 0x9C,
    0x0E, 0x60, 0x1D, 0x80, 0x67, 0x03, 0x9E, 0x3C, 0x3F, 0xC0, 0x00, 0x00, 0x00, 0x00, 0x03, 0xFF,
    0x07, 0x87, 0x87, 0x01, 0xC3, 0x80, 0x63, 0x80, 0x31, 0xC0, 0x00, 0xE0, 0x00, 0xF0, 0x00, 0x78,
    0x1F, 0xBC, 0x1F, 0xDE, 0x01, 0xC7, 0x00, 0xE3, 0x80, 0x70, 0xE0, 0x38, 0x78, 0x1C, 0x1E, 0x1E,
    0x03, 0xFE, 0x00, 0x00, 0x00, 0x10, 0x00, 0x1C, 0x00, 0x0E, 0x00, 0x03, 0x00, 0x03, 0x00, 0x00,
    0x00, 0x00, 0x01, 0x00, 0x0C, 0x00, 0x60, 0x01, 0xC0, 0x07, 0x00, 0x08, 0x00, 0x00, 0x03, 0xFF,
    0x3D, 0xFC, 0xC1, 0xC7, 0x07, 0x1C, 0x1C, 0x70, 0x70, 0xE3, 0x83, 0xFC, 0x07, 0xC0, 0x30, 0x00,
    0xC0, 0x03, 0xFF, 0x0F, 0xFE, 0x70, 0x39, 0x80, 0x76, 0x01, 0x9C, 0x0E, 0x78, 0xF0, 0xFF, 0x00,
    0x00, 0x00, 0x00, 0x00, 0x00, 0x78, 0x00, 0x3F, 0x00, 0x0C, 0xE0, 0x02, 0x08, 0x00, 0x00, 0x07,
    0xE1, 0xFC, 0xF0, 0x3E, 0x38, 0x07, 0x0E, 0x01, 0xC3, 0x80, 0x70, 0xE0, 0x1C, 0x38, 0x07, 0x0F,
    0xFF, 0xC3, 0xFF, 0xF0, 0xE0, 0x1C, 0x38, 0x07, 0x0E, 0x01, 0xC3, 0x80, 0x70, 0xE0, 0x1C, 0x38,
    0x07, 0x0F, 0x03, 0xE7, 0xE1, 0xFC, 0x00, 0x00, 0x1C, 0x00, 0x3E, 0x00, 0x63, 0x00, 0x41, 0x00,
    0x3C, 0x00, 0x7C, 0x00, 0x1C, 0x00, 0x1C, 0x00, 0x1C, 0x00, 0x1C, 0x00, 0x1D, 0xF8, 0x1F, 0xFC,
    0x1E, 0x1C, 0x1C, 0x1C, 0x1C, 0x1C, 0x1C, 0x1C, 0x1C, 0x1C, 0x1C, 0x1C, 0x1C, 0x1C, 0x1C, 0x1C,
    0x1C, 0x1C, 0x1E, 0x1E, 0x3F, 0x3F, 0x00, 0x00, 0x7F, 0x1F, 0xDE, 0x07, 0xC7, 0x01, 0xC3, 0x80,
    0xE7, 0xFF, 0xFF, 0xFF, 0xFE, 0x70, 0x1C, 0x38, 0x0E, 0x1F, 0xFF, 0x0F, 0xFF, 0x87, 0x01, 0xC3,
    0x80, 0xE1, 0xC0, 0x70, 0xE0, 0x38, 0x70, 0x1C, 0x78, 0x1F, 0x7F, 0x1F, 0xC0, 0x78, 0x01, 0xF0,
    0x00, 0xE0, 0x03, 0xF8, 0x07, 0xF0, 0x07, 0x00, 0x0E, 0xFC, 0x1F, 0xFC, 0x3C, 0x38, 0x70, 0x70,
    0xE0, 0xE1, 0xC1, 0xC3, 0x83, 0x87, 0x07, 0x0E, 0x0E, 0x1C, 0x1C, 0x38, 0x38, 0x78, 0x79, 0xF9,
    0xF8, 0x30, 0x7B, 0x4F, 0x04, 0x00, 0x7F, 0x3E, 0x1C, 0x1C, 0x1C, 0x1C, 0x1C, 0x1C, 0x1C, 0x1C,
    0x1C, 0x1C, 0x1C, 0x1C, 0x1C, 0x3C, 0x7F, 0x39, 0x3F, 0xDB, 0xC0, 0xC0, 0x01, 0xE0, 0xF0, 0x38,
    0x1C, 0x0E, 0x07, 0x03, 0x81, 0xC0, 0xE0, 0x70, 0x38, 0x1E, 0x1F, 0x80, 0x7E, 0x7F, 0x00, 0x00,
    0x7F, 0x3E, 0x1C, 0x1C, 0x1C, 0x1C, 0x1C, 0x1C, 0x1C, 0x1C, 0x1C, 0x1C, 0x1C, 0x1C, 0x1C, 0x3C,
    0x7F, 0xFE, 0xFE, 0x00, 0x00, 0x78, 0x78, 0x38, 0x38, 0x38, 0x38, 0x38, 0x38, 0x38, 0x38, 0x38,
    0x3C, 0x7E, 0x00, 0x43, 0x67, 0x7E, 0x1C, 0x00, 0x7F, 0x3E, 0x1C, 0x1C, 0x1C, 0x1C, 0x1C, 0x1C,
    0x1C, 0x1C, 0x1C, 0x1C, 0x1C, 0x1C, 0x1C, 0x3C, 0x7F, 0xC2, 0xC3, 0xFE, 0x7C, 0x00, 0x00, 0x78,
    0x78, 0x38, 0x38, 0x38, 0x38, 0x38, 0x38, 0x38, 0x38, 0x38, 0x3C, 0x7E, 0x00, 0x7F, 0x3E, 0x1C,
    0x1C, 0x1C, 0x1C, 0x1C, 0x1C, 0x1C, 0x1C, 0x1C, 0x1C, 0x1C, 0x1C, 0x1C, 0x3C, 0x7F, 0x0C, 0x18,
    0x30, 0x30, 0x3F, 0x1E, 0x00, 0x70, 0xF1, 0xC0, 0x00, 0x1E, 0x3C, 0x38, 0x70, 0xE1, 0xC3, 0x87,
    0x0E, 0x1C, 0x38, 0x79, 0xF8, 0xC3, 0x0C, 0x18, 0x3F, 0x3C, 0x1C, 0x3C, 0x1C, 0x08, 0x00, 0x7F,
    0x3E, 0x1C, 0x1C, 0x1C, 0x1C, 0x1C, 0x1C, 0x1C, 0x1C, 0x1C, 0x1C, 0x1C, 0x1C, 0x1C, 0x3C, 0x7F,
    0x00, 0xF1, 0xE1, 0xC3, 0x87, 0x0E, 0x1C, 0x38, 0x70, 0xE1, 0xC3, 0xCF, 0xC0, 0x00, 0x00, 0x7F,
    0x7F, 0x3E, 0x3E, 0x1C, 0x1C, 0x1C, 0x1C, 0x1C, 0x1C, 0x1C, 0x1C, 0x1C, 0x1C, 0x1C, 0x1C, 0x1C,
    0x1C, 0x1C, 0x1C, 0x1C, 0x1C, 0x1C, 0x1C, 0x1C, 0x1C, 0x1C, 0x1C, 0x1C, 0x1C, 0x3C, 0x1C, 0x7F,
    0x1C, 0x00, 0x1C, 0x00, 0x38, 0x00, 0x70, 0x00, 0xE0, 0x00, 0x00, 0x00, 0x01, 0xC3, 0x8F, 0x1C,
    0x70, 0xE0, 0x00, 0x00, 0x01, 0xE3, 0xCF, 0x1E, 0x38, 0x71, 0xC3, 0x8E, 0x1C, 0x70, 0xE3, 0x87,
    0x1C, 0x38, 0xE1, 0xC7, 0x0E, 0x38, 0x71, 0xE3, 0x9F, 0x9C, 0x00, 0xE0, 0x07, 0x00, 0x38, 0x03,
    0x80, 0x7C, 0x01, 0x80, 0x00, 0x07, 0x81, 0xF0, 0xC6, 0x20, 0x80, 0x03, 0xF8, 0x7C, 0x0E, 0x03,
    0x80, 0xE0, 0x38, 0x0E, 0x03, 0x80, 0xE0, 0x38, 0x0E, 0x03, 0x80, 0xE0, 0x38, 0x0E, 0x03, 0x80,
    0xE0, 0x70, 0x1C, 0x0E, 0x07, 0x00, 0x00, 0x0C, 0x0F, 0x0F, 0x8E, 0xE6, 0x3A, 0x08, 0x00, 0x78,
    0x3C, 0x0E, 0x07, 0x03, 0x81, 0xC0, 0xE0, 0x70, 0x38, 0x1C, 0x0E, 0x07, 0x03, 0x81, 0xC0, 0xE0,
    0x70, 0x38, 0x78, 0x30, 0x00, 0x00, 0x00, 0x3F, 0x1F, 0x8F, 0x07, 0x83, 0x83, 0x01, 0xC3, 0x00,
    0xE3, 0x00, 0x73, 0x80, 0x3B, 0x80, 0x1D, 0xC0, 0x0F, 0xF0, 0x07, 0xB8, 0x03, 0x8E, 0x01, 0xC7,
    0x80, 0xE1, 0xC0, 0x70, 0xF0, 0x38, 0x3C, 0x3C, 0x0F, 0x3F, 0x87, 0xC0, 0x00, 0x00, 0x18, 0x00,
    0x1C, 0x00, 0x06, 0x00, 0x03, 0x00, 0x03, 0x00, 0x00, 0x00, 0x00, 0x78, 0x01, 0xF0, 0x00, 0xE0,
    0x01, 0xC0, 0x03, 0x80, 0x07, 0x00, 0x0E, 0x3F, 0x1C, 0x7E, 0x38, 0x60, 0x71, 0x80, 0xE7, 0x01,
    0xDC, 0x03, 0xFC, 0x07, 0xB8, 0x0E, 0x38, 0x1C, 0x38, 0x38, 0x70, 0x70, 0xF9, 0xF9, 0xF8, 0x00,
    0x00, 0x30, 0x00, 0x70, 0x00, 0xE0, 0x01, 0xC0, 0x03, 0x00, 0x00, 0x00, 0x00, 0x00, 0xF1, 0xF9,
    0xE3, 0xF1, 0xC3, 0x83, 0x8E, 0x07, 0x38, 0x0E, 0xE0, 0x1F, 0xE0, 0x3F, 0xE0, 0x79, 0xC0, 0xE1,
    0xC1, 0xC3, 0xC3, 0x83, 0xDF, 0xCF, 0xC0, 0x00, 0x00, 0x1C, 0x00, 0xE0, 0x07, 0x00, 0x18, 0x00,
    0x00, 0x07, 0xF0, 0x0F, 0x80, 0x1C, 0x00, 0x70, 0x01, 0xC0, 0x07, 0x00, 0x1C, 0x00, 0x70, 0x01,
    0xC0, 0x07, 0x00, 0x1C, 0x00, 0x70, 0x01, 0xC0, 0xC7, 0x03, 0x1C, 0x1C, 0xFF, 0xF7, 0xFF, 0x80,
    0x04, 0x0E, 0x1E, 0x1C, 0x10, 0x78, 0xF8, 0x38, 0x38, 0x38, 0x38, 0x38, 0x38, 0x38, 0x38, 0x38,
    0x38, 0x38, 0x38, 0x38, 0x38, 0x38, 0x38, 0xFE, 0x00, 0x01, 0xFC, 0x03, 0xE0, 0x07, 0x00, 0x1C,
    0x00, 0x70, 0x01, 0xC0, 0x07, 0x00, 0x1C, 0x00, 0x70, 0x01, 0xC0, 0x07, 0x00, 0x1C, 0x00, 0x70,
    0x31, 0xC0, 0xC7, 0x07, 0x3F, 0xFD, 0xFF, 0xE0, 0x00, 0x00, 0xC0, 0x03, 0x80, 0x0E, 0x00, 0x30,
    0x00, 0xC0, 0x00, 0x00, 0x79, 0xF0, 0xE1, 0xC3, 0x87, 0x0E, 0x1C, 0x38, 0x70, 0xE1, 0xC3, 0x87,
    0x0E, 0x1C, 0x38, 0x73, 0xF8, 0x03, 0x07, 0x0E, 0x0C, 0x30, 0x00, 0x00, 0x31, 0xFC, 0xE3, 0xE3,
    0x87, 0x0C, 0x1C, 0x30, 0x70, 0xC1, 0xC0, 0x07, 0x00, 0x1C, 0x00, 0x70, 0x01, 0xC0, 0x07, 0x00,
    0x1C, 0x00, 0x70, 0x31, 0xC0, 0xC7, 0x07, 0x3F, 0xFD, 0xFF, 0xE0, 0x7B, 0x7D, 0x8E, 0xC7, 0x63,
    0xB1, 0xD0, 0xE0, 0x70, 0x38, 0x1C, 0x0E, 0x07, 0x03, 0x81, 0xC0, 0xE0, 0x70, 0x38, 0x1C, 0x3F,
    0x80, 0x00, 0x00, 0x7F, 0x00, 0x3E, 0x00, 0x1C, 0x00, 0x1C, 0x00, 0x1C, 0x00, 0x1C, 0x00, 0x1C,
    0x07, 0x1C, 0x07, 0x1C, 0x07, 0x1C, 0x02, 0x1C, 0x00, 0x1C, 0x00, 0x1C, 0x0C, 0x1C, 0x0C, 0x1C,
    0x1C, 0x3F, 0xFC, 0x7F, 0xF8, 0x78, 0x3E, 0x03, 0x80, 0xE0, 0x38, 0x0E, 0x03, 0x80, 0xE0, 0x39,
    0x8E, 0xF3, 0xBC, 0xE2, 0x38, 0x0E, 0x03, 0x80, 0xE0, 0x38, 0x0E, 0x0F, 0xE0, 0x00, 0x01, 0xFC,
    0x03, 0xE0, 0x07, 0x00, 0x1C, 0x00, 0x71, 0x81, 0xDE, 0x07, 0xF0, 0x3F, 0x01, 0xF0, 0x07, 0xC0,
    0x07, 0x00, 0x1C, 0x00, 0x70, 0x31, 0xC0, 0xC7, 0x07, 0x3F, 0xFD, 0xFF, 0xE0, 0x78, 0x78, 0x18,
    0x18, 0x18, 0x18, 0x1B, 0x1F, 0x7C, 0xF8, 0x98, 0x18, 0x18, 0x18, 0x18, 0x18, 0x18, 0x3C, 0x7E,
    0x00, 0x00, 0x00, 0x0E, 0x00, 0x07, 0x00, 0x03, 0x80, 0x00, 0x40, 0x00, 0x00, 0x07, 0xC0, 0xFC,
    0xF0, 0x1E, 0x3E, 0x03, 0x0F, 0xC0, 0xC3, 0x70, 0x30, 0xCE, 0x0C, 0x33, 0xC3, 0x0C, 0x70, 0xC3,
    0x0E, 0x30, 0xC3, 0xCC, 0x30, 0x73, 0x0C, 0x0E, 0xC3, 0x03, 0xF0, 0xC0, 0x7C, 0x30, 0x0F, 0x0E,
    0x03, 0xC7, 0xE0, 0x70, 0x00, 0x00, 0x00, 0xC0, 0x03, 0xC0, 0x0F, 0x00, 0x1C, 0x00, 0x70, 0x00,
    0x00, 0x00, 0x00, 0x7B, 0xF0, 0xFF, 0xF0, 0xF0, 0xE1, 0xC1, 0xC3, 0x83, 0x87, 0x07, 0x0E, 0x0E,
    0x1C, 0x1C, 0x38, 0x38, 0x70, 0x70, 0xE0, 0xE1, 0xE1, 0xE7, 0xE7, 0xE0, 0x00, 0x00, 0x1F, 0x03,
    0xF3, 0xC0, 0x78, 0xF8, 0x0C, 0x3F, 0x03, 0x0D, 0xC0, 0xC3, 0x38, 0x30, 0xCF, 0x0C, 0x31, 0xC3,
    0x0C, 0x38, 0xC3, 0x0F, 0x30, 0xC1, 0xCC, 0x30, 0x3B, 0x0C, 0x0F, 0xC3, 0x01, 0xF0, 0xC0, 0x3C,
    0x38, 0x0F, 0x1F, 0x81, 0xC0, 0x00, 0x00, 0x03, 0x00, 0x01, 0xC0, 0x00, 0x38, 0x00, 0x0C, 0x00,
    0x03, 0x00, 0x00, 0x00, 0x00, 0x00, 0x00, 0xF7, 0xE1, 0xFF, 0xE1, 0xE1, 0xC3, 0x83, 0x87, 0x07,
    0x0E, 0x0E, 0x1C, 0x1C, 0x38, 0x38, 0x70, 0x70, 0xE0, 0xE1, 0xC1, 0xC3, 0xC3, 0xCF, 0xCF, 0xC0,
    0x00, 0x00, 0xC0, 0x03, 0x80, 0x03, 0x00, 0x06, 0x00, 0x18, 0x00, 0x00, 0x00, 0x00, 0x00, 0x01,
    0x86, 0x00, 0x3F, 0x00, 0x07, 0x80, 0x00, 0xC0, 0x00, 0x00, 0x07, 0xC0, 0xFC, 0xF0, 0x1E, 0x3E,
    0x03, 0x0F, 0xC0, 0xC3, 0x70, 0x30, 0xCE, 0x0C, 0x33, 0xC3, 0x0C, 0x70, 0xC3, 0x0E, 0x30, 0xC3,
    0xCC, 0x30, 0x73, 0x0C, 0x0E, 0xC3, 0x03, 0xF0, 0xC0, 0x7C, 0x30, 0x0F, 0x0E, 0x03, 0xC7, 0xE0,
    0x70, 0x08, 0x20, 0x18, 0xC0, 0x1B, 0x80, 0x3E, 0x00, 0x38, 0x00, 0x00, 0x00, 0x00, 0x3D, 0xF8,
    0x7F, 0xF8, 0x78, 0x70, 0xE0, 0xE1, 0xC1, 0xC3, 0x83, 0x87, 0x07, 0x0E, 0x0E, 0x1C, 0x1C, 0x38,
    0x38, 0x70, 0x70, 0xF0, 0xF3, 0xF3, 0xF0, 0x00, 0x10, 0x79, 0xFC, 0x3B, 0xFE, 0x3E, 0x0F, 0x3C,
    0x07, 0x38, 0x07, 0x38, 0x07, 0x38, 0x07, 0x38, 0x07, 0x38, 0x07, 0x38, 0x07, 0x38, 0x07, 0x38,
    0x07, 0x38, 0x07, 0x38, 0x07, 0x38, 0x07, 0x3C, 0x07, 0x7F, 0x07, 0x00, 0x07, 0x00, 0x07, 0x00,
    0x0E, 0x00, 0x1E, 0x00, 0x3C, 0x00, 0x10, 0x00, 0x01, 0xEF, 0xC7, 0xFF, 0x8F, 0x0E, 0x38, 0x38,
    0xE0, 0xE3, 0x83, 0x8E, 0x0E, 0x38, 0x38, 0xE0, 0xE3, 0x83, 0x8E, 0x0E, 0x3C, 0x39, 0xF8, 0xE0,
    0x03, 0x80, 0x0E, 0x00, 0x38, 0x00, 0xE0, 0x0F, 0x00, 0x38, 0x07, 0xE0, 0x07, 0xF0, 0x00, 0x00,
    0x00, 0x00, 0x07, 0xF0, 0x1E, 0x3C, 0x38, 0x1C, 0x38, 0x0E, 0x70, 0x0E, 0x70, 0x07, 0x70, 0x07,
    0x70, 0x07, 0x70, 0x07, 0x70, 0x07, 0x70, 0x07, 0x70, 0x0F, 0x70, 0x0E, 0x38, 0x0E, 0x38, 0x1C,
    0x1E, 0x38, 0x0F, 0xF0, 0x00, 0x00, 0x1F, 0xC0, 0xFE, 0x00, 0x00, 0x00, 0x00, 0xFC, 0x0F, 0xF0,
    0xE1, 0xCE, 0x0E, 0x70, 0x3B, 0x81, 0xDC, 0x0E, 0xE0, 0x77, 0x03, 0xB8, 0x39, 0xE1, 0xC7, 0x9C,
    0x1F, 0xC0, 0x00, 0x00, 0x00, 0x00, 0x06, 0x30, 0x07, 0x70, 0x07, 0xE0, 0x01, 0xC0, 0x00, 0x00,
    0x07, 0xF0, 0x1E, 0x3C, 0x38, 0x1C, 0x38, 0x0E, 0x70, 0x0E, 0x70, 0x07, 0x70, 0x07, 0x70, 0x07,
    0x70, 0x07, 0x70, 0x07, 0x70, 0x07, 0x70, 0x0F, 0x70, 0x0E, 0x38, 0x0E, 0x38, 0x1C, 0x1E, 0x38,
    0x0F, 0xF0, 0x00, 0x00, 0x10, 0x60, 0xC3, 0x07, 0xF0, 0x1F, 0x00, 0x00, 0x00, 0x00, 0x3F, 0x03,
    0xFC, 0x38, 0x73, 0x83, 0x9C, 0x0E, 0xE0, 0x77, 0x03, 0xB8, 0x1D, 0xC0, 0xEE, 0x0E, 0x78, 0x71,
    0xE7, 0x07, 0xF0, 0x00, 0x00, 0x01, 0x88, 0x01, 0x9C, 0x03, 0xB8, 0x07, 0x30, 0x06, 0x20, 0x00,
    0x00, 0x07, 0xF0, 0x1E, 0x3C, 0x38, 0x1C, 0x38, 0x0E, 0x70, 0x0E, 0x70, 0x07, 0x70, 0x07, 0x70,
    0x07, 0x70, 0x07, 0x70, 0x07, 0x70, 0x07, 0x70, 0x0F, 0x70, 0x0E, 0x38, 0x0E, 0x38, 0x1C, 0x1E,
    0x38, 0x0F, 0xF0, 0x00, 0x00, 0x00, 0x00, 0x19, 0x81, 0xCE, 0x0C, 0xE0, 0xEE, 0x06, 0x60, 0x00,
    0x00, 0x00, 0x0F, 0xC0, 0xFF, 0x0E, 0x1C, 0xE0, 0xE7, 0x03, 0xB8, 0x1D, 0xC0, 0xEE, 0x07, 0x70,
    0x3B, 0x83, 0x9E, 0x1C, 0x79, 0xC1, 0xFC, 0x00, 0x00, 0x00, 0x80, 0x00, 0x0F, 0xFF, 0xF0, 0x78,
    0xF1, 0xF1, 0xC0, 0xE0, 0x63, 0x81, 0xC0, 0xCE, 0x03, 0x80, 0x1C, 0x07, 0x08, 0x38, 0x0E, 0x18,
    0x70, 0x1F, 0xF0, 0xE0, 0x3F, 0xE1, 0xC0, 0x70, 0xC3, 0x80, 0xE1, 0x07, 0x01, 0xC0, 0x0E, 0x03,
    0x80, 0x0E, 0x07, 0x01, 0x9C, 0x0E, 0x07, 0x1E, 0x3F, 0xFE, 0x1F, 0xFF, 0xFC, 0x00, 0x00, 0x00,
    0x00, 0x00, 0x00, 0x7E, 0x3F, 0x07, 0xFB, 0xFC, 0x70, 0xF8, 0x77, 0x07, 0x83, 0xB8, 0x1C, 0x1D,
    0xC0, 0xFF, 0xEE, 0x07, 0xFF, 0x70, 0x38, 0x03, 0x81, 0xC0, 0x1C, 0x1F, 0x00, 0xF0, 0xF8, 0x03,
    0xCF, 0xFF, 0x8F, 0xE3, 0xF8, 0x00, 0x00, 0x00, 0x00, 0x40, 0x00, 0xE0, 0x00, 0xE0, 0x01, 0xC0,
    0x01, 0x00, 0x00, 0x00, 0x7F, 0xF0, 0x3C, 0x78, 0x1C, 0x3C, 0x1C, 0x1C, 0x1C, 0x1C, 0x1C, 0x1C,
    0x1C, 0x1C, 0x1C, 0x38, 0x1F, 0xF0, 0x1F, 0xE0, 0x1C, 0x70, 0x1C, 0x78, 0x1C, 0x38, 0x1C, 0x3C,
    0x1C, 0x1C, 0x3C, 0x1E, 0x7F, 0x0F, 0x00, 0x00, 0x40, 0x38, 0x1C, 0x0E, 0x03, 0x00, 0x00, 0x00,
    0x79, 0xDF, 0xF3, 0xFC, 0xF0, 0x38, 0x0E, 0x03, 0x80, 0xE0, 0x38, 0x0E, 0x03, 0x80, 0xF0, 0x7F,
    0x00, 0x00, 0x00, 0x7F, 0xF0, 0x3C, 0x78, 0x1C, 0x3C, 0x1C, 0x1C, 0x1C, 0x1C, 0x1C, 0x1C, 0x1C,
    0x1C, 0x1C, 0x38, 0x1F, 0xF0, 0x1F, 0xE0, 0x1C, 0x70, 0x1C, 0x78, 0x1C, 0x38, 0x1C, 0x3C, 0x1C,
    0x1C, 0x3C, 0x1E, 0x7F, 0x0F, 0x00, 0x00, 0x01, 0x80, 0x03, 0xC0, 0x01, 0xC0, 0x01, 0x80, 0x01,
    0x80, 0x00, 0x00, 0x00, 0x1E, 0x77, 0xFC, 0xFF, 0x3C, 0x0E, 0x03, 0x80, 0xE0, 0x38, 0x0E, 0x03,
    0x80, 0xE0, 0x3C, 0x1F, 0xC0, 0x00, 0x60, 0x38, 0x06, 0x01, 0x80, 0x40, 0x00, 0x00, 0x00, 0x00,
    0x0C, 0x70, 0x06, 0xE0, 0x03, 0xC0, 0x03, 0x80, 0x00, 0x00, 0x7F, 0xF0, 0x3C, 0x78, 0x1C, 0x3C,
    0x1C, 0x1C, 0x1C, 0x1C, 0x1C, 0x1C, 0x1C, 0x1C, 0x1C, 0x38, 0x1F, 0xF0, 0x1F, 0xE0, 0x1C, 0x70,
    0x1C, 0x78, 0x1C, 0x38, 0x1C, 0x3C, 0x1C, 0x1C, 0x3C, 0x1E, 0x7F, 0x0F, 0x61, 0x8C, 0x63, 0xB0,
    0x78, 0x0E, 0x00, 0x00, 0x01, 0xE7, 0x7F, 0xCF, 0xF3, 0xC0, 0xE0, 0x38, 0x0E, 0x03, 0x80, 0xE0,
    0x38, 0x0E, 0x03, 0xC1, 0xFC, 0x01, 0x00, 0x18, 0x03, 0x80, 0x70, 0x06, 0x00, 0x00, 0x1F, 0xE7,
    0x8E, 0x60, 0x6E, 0x06, 0xE0, 0x67, 0x00, 0x7C, 0x03, 0xF0, 0x1F, 0xC0, 0x7E, 0x01, 0xF0, 0x0F,
    0xC0, 0x7E, 0x07, 0xE0, 0x6F, 0x1E, 0x7F, 0xC0, 0x00, 0x00, 0x00, 0xC0, 0x78, 0x3C, 0x0E, 0x07,
    0x00, 0x00, 0x00, 0x3F, 0x1D, 0xEE, 0x1B, 0x86, 0xF0, 0x3F, 0x07, 0xF0, 0x7E, 0x07, 0xB0, 0x7C,
    0x1B, 0x8E, 0xFF, 0x00, 0x00, 0x00, 0x00, 0xF0, 0x1F, 0x83, 0x9C, 0x20, 0x80, 0x00, 0x1F, 0xE7,
    0x8E, 0x60, 0x6E, 0x06, 0xE0, 0x67, 0x00, 0x7C, 0x03, 0xF0, 0x1F, 0xC0, 0x7E, 0x01, 0xF0, 0x0F,
    0xC0, 0x7E, 0x07, 0xE0, 0x6F, 0x1E, 0x7F, 0xC0, 0x00, 0x1C, 0x07, 0x83, 0xE1, 0xDC, 0x63, 0x90,
    0x40, 0x00, 0xFC, 0x77, 0xB8, 0x6E, 0x1B, 0xC0, 0xFC, 0x1F, 0xC1, 0xF8, 0x1E, 0xC1, 0xF0, 0x6E,
    0x3B, 0xFC, 0x00, 0x00, 0x00, 0x01, 0xFE, 0x78, 0xE6, 0x06, 0xE0, 0x6E, 0x06, 0x70, 0x07, 0xC0,
    0x3F, 0x01, 0xFC, 0x07, 0xE0, 0x1F, 0x00, 0xFC, 0x07, 0xE0, 0x7E, 0x06, 0xF1, 0xE7, 0xFC, 0x06,
    0x00, 0x30, 0x03, 0x00, 0x70, 0x1F, 0x00, 0xE0, 0x00, 0x0F, 0xC7, 0x7B, 0x86, 0xE1, 0xBC, 0x0F,
    0xC1, 0xFC, 0x1F, 0x81, 0xEC, 0x1F, 0x06, 0xE3, 0xBF, 0xC0, 0xC0, 0x30, 0x0E, 0x03, 0x83, 0xC0,
    0xE0, 0x00, 0x03, 0x0C, 0x1F, 0x80, 0xF0, 0x06, 0x00, 0x00, 0x1F, 0xE7, 0x8E, 0x60, 0x6E, 0x06,
    0xE0, 0x67, 0x00, 0x7C, 0x03, 0xF0, 0x1F, 0xC0, 0x7E, 0x01, 0xF0, 0x0F, 0xC0, 0x7E, 0x07, 0xE0,
    0x6F, 0x1E, 0x7F, 0xC0, 0x00, 0x41, 0x18, 0xC3, 0x70, 0xF8, 0x1C, 0x00, 0x00, 0x00, 0xFC, 0x77,
    0xB8, 0x6E, 0x1B, 0xC0, 0xFC, 0x1F, 0xC1, 0xF8, 0x1E, 0xC1, 0xF0, 0x6E, 0x3B, 0xFC, 0x00, 0x00,
    0x00, 0x00, 0x7F, 0xFE, 0x7B, 0xDE, 0xE3, 0x86, 0xE3, 0x87, 0xE3, 0x87, 0xC3, 0x83, 0x03, 0x80,
    0x03, 0x80, 0x03, 0x80, 0x03, 0x80, 0x03, 0x80, 0x03, 0x80, 0x03, 0x80, 0x03, 0x80, 0x03, 0x80,
    0x07, 0xE0, 0x1F, 0xF8, 0x00, 0xC0, 0x00, 0xC0, 0x00, 0xC0, 0x01, 0xC0, 0x07, 0xC0, 0x03, 0x80,
    0x00, 0x0C, 0x0E, 0x07, 0x07, 0xF7, 0xF8, 0xE0, 0x70, 0x38, 0x1C, 0x0E, 0x07, 0x03, 0x81, 0xC0,
    0xE0, 0x7F, 0x3F, 0x06, 0x03, 0x01, 0xC0, 0xE1, 0xE0, 0xE0, 0x00, 0x00, 0x0C, 0x30, 0x07, 0xE0,
    0x03, 0xC0, 0x01, 0x80, 0x00, 0x00, 0x7F, 0xFE, 0x7B, 0xDE, 0xE3, 0x86, 0xE3, 0x87, 0xE3, 0x87,
    0xC3, 0x83, 0x03, 0x80, 0x03, 0x80, 0x03, 0x80, 0x03, 0x80, 0x03, 0x80, 0x03, 0x80, 0x03, 0x80,
    0x03, 0x80, 0x03, 0x80, 0x07, 0xE0, 0x1F, 0xF8, 0x01, 0x80, 0x70, 0x1C, 0x66, 0x39, 0x8E, 0x47,
    0xF3, 0xFC, 0x38, 0x0E, 0x03, 0x80, 0xE0, 0x38, 0x0E, 0x03, 0x80, 0xE0, 0x38, 0x0F, 0xE3, 0xF0,
    0x00, 0x00, 0x00, 0x7F, 0xFE, 0x7B, 0xDE, 0xE3, 0x86, 0xE3, 0x87, 0xE3, 0x87, 0xC3, 0x83, 0x03,
    0x80, 0x0F, 0xF0, 0x0F, 0xF0, 0x03, 0x80, 0x03, 0x80, 0x03, 0x80, 0x03, 0x80, 0x03, 0x80, 0x03,
    0x80, 0x07, 0xE0, 0x1F, 0xF8, 0x00, 0x0C, 0x0E, 0x07, 0x07, 0xF7, 0xF8, 0xE0, 0x70, 0x38, 0x7F,
    0xBF, 0xC7, 0x03, 0x81, 0xC0, 0xE0, 0x7F, 0x3F, 0x00, 0x00, 0x03, 0x10, 0x03, 0xF8, 0x01, 0xBC,
    0x00, 0x0C, 0x00, 0x00, 0x07, 0xF0, 0xFD, 0xF0, 0x3C, 0x70, 0x0C, 0x38, 0x06, 0x1C, 0x03, 0x0E,
    0x01, 0x87, 0x00, 0xC3, 0x80, 0x61, 0xC0, 0x30, 0xE0, 0x18, 0x70, 0x0C, 0x38, 0x06, 0x1C, 0x03,
    0x0F, 0x03, 0x83, 0x81, 0x80, 0xF3, 0x80, 0x3F, 0x80, 0x00, 0x00, 0x0E, 0x00, 0x7F, 0x81, 0xBC,
    0x00, 0x60, 0x00, 0x01, 0xE3, 0xC7, 0x8F, 0x0E, 0x1C, 0x38, 0x70, 0xE1, 0xC3, 0x87, 0x0E, 0x1C,
    0x38, 0x70, 0xE1, 0xC3, 0x87, 0x0E, 0x1C, 0x3F, 0xF8, 0x7E, 0xF0, 0x00, 0x00, 0x07, 0xF0, 0x03,
    0xF8, 0x00, 0x00, 0x00, 0x00, 0x0F, 0xE1, 0xFB, 0xE0, 0x78, 0xE0, 0x18, 0x70, 0x0C, 0x38, 0x06,
    0x1C, 0x03, 0x0E, 0x01, 0x87, 0x00, 0xC3, 0x80, 0x61, 0xC0, 0x30, 0xE0, 0x18, 0x70, 0x0C, 0x38,
    0x06, 0x1E, 0x07, 0x07, 0x03, 0x01, 0xE7, 0x00, 0x7F, 0x00, 0x00, 0x00, 0x1F, 0xC0, 0x7F, 0x00,
    0x00, 0x00, 0x00, 0x78, 0xF1, 0xE3, 0xC3, 0x87, 0x0E, 0x1C, 0x38, 0x70, 0xE1, 0xC3, 0x87, 0x0E,
    0x1C, 0x38, 0x70, 0xE1, 0xC3, 0x87, 0x0F, 0xFE, 0x1F, 0xBC, 0x00, 0x00, 0x00, 0x00, 0x03, 0x18,
    0x01, 0xDC, 0x00, 0x7C, 0x00, 0x1C, 0x00, 0x00, 0x03, 0xF8, 0x7E, 0xF8, 0x1E, 0x38, 0x06, 0x1C,
    0x03, 0x0E, 0x01, 0x87, 0x00, 0xC3, 0x80, 0x61, 0xC0, 0x30, 0xE0, 0x18, 0x70, 0x0C, 0x38, 0x06,
    0x1C, 0x03, 0x0E, 0x01, 0x87, 0x81, 0xC1, 0xC0, 0xC0, 0x79, 0xC0, 0x1F, 0xC0, 0x00, 0x00, 0x18,
    0x60, 0x61, 0x81, 0xFC, 0x03, 0xF0, 0x00, 0x00, 0x00, 0x07, 0x8F, 0x1E, 0x3C, 0x38, 0x70, 0xE1,
    0xC3, 0x87, 0x0E, 0x1C, 0x38, 0x70, 0xE1, 0xC3, 0x87, 0x0E, 0x1C, 0x38, 0x70, 0xFF, 0xE1, 0xFB,
    0xC0, 0x00, 0x01, 0xC0, 0x01, 0xF0, 0x01, 0x8C, 0x00, 0xC6, 0x00, 0x3E, 0x00, 0x0E, 0x00, 0x00,
    0x01, 0xFC, 0x3F, 0x7C, 0x0F, 0x1C, 0x03, 0x0E, 0x01, 0x87, 0x00, 0xC3, 0x80, 0x61, 0xC0, 0x30,
    0xE0, 0x18, 0x70, 0x0C, 0x38, 0x06, 0x1C, 0x03, 0x0E, 0x01, 0x87, 0x00, 0xC3, 0xC0, 0xE0, 0xE0,
    0x60, 0x3C, 0xE0, 0x0F, 0xE0, 0x00, 0x00, 0x00, 0x00, 0x00, 0x3E, 0x00, 0xCC, 0x02, 0x30, 0x0C,
    0xC0, 0x3E, 0x00, 0x20, 0x00, 0x00, 0x78, 0xF1, 0xE3, 0xC3, 0x87, 0x0E, 0x1C, 0x38, 0x70, 0xE1,
    0xC3, 0x87, 0x0E, 0x1C, 0x38, 0x70, 0xE1, 0xC3, 0x87, 0x0F, 0xFE, 0x1F, 0xBC, 0x00, 0x00, 0x00,
    0x8C, 0x00, 0xEE, 0x00, 0xE7, 0x00, 0xE7, 0x00, 0x22, 0x00, 0x00, 0x03, 0xF8, 0x7E, 0xF8, 0x1E,
    0x38, 0x06, 0x1C, 0x03, 0x0E, 0x01, 0x87, 0x00, 0xC3, 0x80, 0x61, 0xC0, 0x30, 0xE0, 0x18, 0x70,
    0x0C, 0x38, 0x06, 0x1C, 0x03, 0x0E, 0x01, 0x87, 0x81, 0xC1, 0xC0, 0xC0, 0x79, 0xC0, 0x1F, 0xC0,
    0x00, 0x00, 0x00, 0x00, 0x0C, 0xC0, 0x73, 0x81, 0xDC, 0x0E, 0x60, 0x33, 0x00, 0x00, 0x00, 0x00,
    0x78, 0xF1, 0xE3, 0xC3, 0x87, 0x0E, 0x1C, 0x38, 0x70, 0xE1, 0xC3, 0x87, 0x0E, 0x1C, 0x38, 0x70,
    0xE1, 0xC3, 0x87, 0x0F, 0xFE, 0x1F, 0xBC, 0x00, 0x00, 0x00, 0x00, 0x7F, 0x0F, 0xDF, 0x03, 0xC7,
    0x00, 0xC3, 0x80, 0x61, 0xC0, 0x30, 0xE0, 0x18, 0x70, 0x0C, 0x38, 0x06, 0x1C, 0x03, 0x0E, 0x01,
    0x87, 0x00, 0xC3, 0x80, 0x61, 0xC0, 0x30, 0xF0, 0x38, 0x38, 0x18, 0x0F, 0x38, 0x03, 0xF8, 0x00,
    0x70, 0x00, 0x30, 0x00, 0x30, 0x00, 0x18, 0x00, 0x0F, 0xC0, 0x03, 0xC0, 0x00, 0x01, 0xE3, 0xC7,
    0x8F, 0x0E, 0x1C, 0x38, 0x70, 0xE1, 0xC3, 0x87, 0x0E, 0x1C, 0x38, 0x70, 0xE1, 0xC3, 0x87, 0x0E,
    0x1C, 0x3F, 0xF8, 0x7E, 0xF0, 0x07, 0x00, 0x38, 0x00, 0xC0, 0x07, 0x00, 0x0F, 0x80, 0x1C, 0x00,
    0x00, 0x00, 0x00, 0x1E, 0x00, 0x00, 0x0F, 0x80, 0x00, 0x0C, 0x60, 0x00, 0x04, 0x10, 0x00, 0x00,
    0x00, 0x03, 0xF9, 0xFC, 0x7E, 0xF8, 0x7C, 0x1E, 0x38, 0x1C, 0x06, 0x1C, 0x0F, 0x06, 0x07, 0x07,
    0x83, 0x03, 0x83, 0xC1, 0x81, 0xC1, 0xE1, 0xC0, 0x71, 0xB8, 0xC0, 0x38, 0xDC, 0x60, 0x1C, 0x6E,
    0x30, 0x07, 0x63, 0xB0, 0x03, 0xB1, 0xD8, 0x01, 0xD8, 0xEC, 0x00, 0x78, 0x34, 0x00, 0x3C, 0x1E,
    0x00, 0x1E, 0x0F, 0x00, 0x0E, 0x03, 0x80, 0x00, 0x30, 0x00, 0x03, 0xC0, 0x00, 0x3F, 0x00, 0x01,
    0x98, 0x00, 0x18, 0x60, 0x00, 0x81, 0x00, 0x00, 0x00, 0x0F, 0x87, 0x1F, 0x7C, 0x78, 0xF9, 0xC3,
    0xC3, 0x0E, 0x1E, 0x18, 0x38, 0xF8, 0xC1, 0xCD, 0xCC, 0x0E, 0x6E, 0x60, 0x33, 0x33, 0x01, 0xF1,
    0xD0, 0x0F, 0x8F, 0x80, 0x3C, 0x3C, 0x01, 0xE1, 0xE0, 0x0E, 0x0E, 0x00, 0x00, 0x00, 0x00, 0x00,
    0x00, 0x00, 0xE0, 0x00, 0xF8, 0x00, 0xC6, 0x00, 0x41, 0x00, 0x00, 0x03, 0xF8, 0x7C, 0xF8, 0x1C,
    0x3C, 0x0C, 0x0E, 0x0E, 0x03, 0x86, 0x01, 0xC7, 0x00, 0x73, 0x00, 0x3B, 0x00, 0x0F, 0x80, 0x07,
    0x80, 0x01, 0xC0, 0x00, 0xE0, 0x00, 0x70, 0x00, 0x38, 0x00, 0x1C, 0x00, 0x1F, 0x00, 0x3F, 0xC0,
    0x03, 0x00, 0x1E, 0x00, 0xF8, 0x07, 0x70, 0x18, 0xE0, 0x41, 0x00, 0x00, 0x3F, 0x3E, 0xFC, 0x79,
    0xC0, 0xC3, 0x87, 0x0E, 0x18, 0x38, 0x60, 0x73, 0x81, 0xCC, 0x03, 0x30, 0x0E, 0xC0, 0x3E, 0x00,
    0x78, 0x01, 0xE0, 0x03, 0x00, 0x0C, 0x00, 0x60, 0x0F, 0x80, 0x3C, 0x00, 0xE0, 0x00, 0x06, 0x30,
    0x03, 0xB8, 0x01, 0xDC, 0x00, 0x44, 0x00, 0x00, 0x07, 0xF0, 0xF9, 0xF0, 0x38, 0x78, 0x18, 0x1C,
    0x1C, 0x07, 0x0C, 0x03, 0x8E, 0x00, 0xE6, 0x00, 0x76, 0x00, 0x1F, 0x00, 0x0F, 0x00, 0x03, 0x80,
    0x01, 0xC0, 0x00, 0xE0, 0x00, 0x70, 0x00, 0x38, 0x00, 0x3E, 0x00, 0x7F, 0x80, 0x00, 0x40, 0x03,
    0x80, 0x1E, 0x00, 0x70, 0x01, 0x00, 0x00, 0x03, 0xFF, 0xCF, 0x0F, 0x30, 0x79, 0x81, 0xC2, 0x0F,
    0x00, 0x78, 0x01, 0xC0, 0x0F, 0x00, 0x78, 0x01, 0xC0, 0x0F, 0x00, 0x78, 0x01, 0xC0, 0xCF, 0x03,
    0x78, 0x1D, 0xFF, 0xF7, 0xFF, 0xC0, 0x00, 0x00, 0x0C, 0x01, 0xC0, 0x3C, 0x07, 0x80, 0x60, 0x00,
    0x00, 0x00, 0x7F, 0xF7, 0xFF, 0x60, 0xE6, 0x1C, 0x03, 0xC0, 0x78, 0x07, 0x00, 0xE0, 0x1C, 0x03,
    0xC3, 0x38, 0x37, 0xFF, 0x7F, 0xF0, 0x03, 0x80, 0x0E, 0x00, 0x38, 0x00, 0x40, 0x00, 0x00, 0xFF,
    0xF3, 0xC3, 0xCC, 0x1E, 0x60, 0x70, 0x83, 0xC0, 0x1E, 0x00, 0x70, 0x03, 0xC0, 0x1E, 0x00, 0x70,
    0x03, 0xC0, 0x1E, 0x00, 0x70, 0x33, 0xC0, 0xDE, 0x07, 0x7F, 0xFD, 0xFF, 0xF0, 0x00, 0x00, 0x70,
    0x07, 0x00, 0x70, 0x00, 0x00, 0x00, 0x7F, 0xF7, 0xFF, 0x60, 0xE6, 0x1C, 0x03, 0xC0, 0x78, 0x07,
    0x00, 0xE0, 0x1C, 0x03, 0xC3, 0x38, 0x37, 0xFF, 0x7F, 0xF0, 0x00, 0x00, 0x31, 0x80, 0xEE, 0x01,
    0xF0, 0x03, 0x80, 0x00, 0x03, 0xFF, 0xCF, 0x0F, 0x30, 0x79, 0x81, 0xC2, 0x0F, 0x00, 0x78, 0x01,
    0xC0, 0x0F, 0x00, 0x78, 0x01, 0xC0, 0x0F, 0x00, 0x78, 0x01, 0xC0, 0xCF, 0x03, 0x78, 0x1D, 0xFF,
    0xF7, 0xFF, 0xC0, 0x10, 0x41, 0x8C, 0x1D, 0x80, 0xF8, 0x07, 0x00, 0x00, 0x00, 0x07, 0xFF, 0x7F,
    0xF6, 0x0E, 0x61, 0xC0, 0x3C, 0x07, 0x80, 0x70, 0x0E, 0x01, 0xC0, 0x3C, 0x33, 0x83, 0x7F, 0xF7,
    0xFF, 0x00, 0x03, 0xC3, 0xE3, 0x81, 0x81, 0xC0, 0xE0, 0x70, 0x38, 0x1C, 0x0E, 0x07, 0x03, 0x81,
    0xC0, 0xE0, 0x70, 0x38, 0x1C, 0x0F, 0x1F, 0xE0, 0x00, 0x01, 0x80, 0x00, 0xC0, 0x00, 0xE0, 0xFF,
    0xE1, 0xE3, 0xE1, 0xC0, 0xE0, 0xE0, 0x38, 0xE0, 0x1C, 0x70, 0x07, 0x38, 0x03, 0x9C, 0x01, 0xCE,
    0x00, 0xE7, 0x00, 0x73, 0x80, 0x39, 0xC0, 0x3C, 0xE0, 0x1C, 0x38, 0x0E, 0x1C, 0x0E, 0x07, 0x8E,
    0x01, 0xFE, 0x00, 0x00, 0x00, 0x00, 0x18, 0x00, 0x60, 0x01, 0x83, 0xFE, 0x1F, 0xE0, 0xE1, 0xC7,
    0x07, 0x1C, 0x0E, 0x70, 0x39, 0xC0, 0xE7, 0x03, 0x9C, 0x0E, 0x70, 0x71, 0xE1, 0xC3, 0xCE, 0x07,
    0xF0, 0x00, 0x00, 0x00, 0x00, 0xC0, 0x00, 0x18, 0x00, 0x07, 0x7F, 0x0F, 0xC7, 0xC0, 0xE0, 0x70,
    0x0C, 0x0E, 0x01, 0x81, 0xC0, 0x30, 0x38, 0x06, 0x07, 0x00, 0xC0, 0xE0, 0x18, 0x1C, 0x03, 0x03,
    0x80, 0x60, 0x70, 0x0C, 0x0E, 0x01, 0x81, 0xC0, 0x30, 0x3C, 0x0E, 0x03, 0x81, 0x80, 0x3C, 0xE0,
    0x03, 0xF8, 0x00, 0x00, 0x00, 0x00, 0x03, 0x00, 0x03, 0x00, 0x03, 0x78, 0xFE, 0x78, 0xFC, 0x38,
    0x70, 0x38, 0x70, 0x38, 0x70, 0x38, 0x70, 0x38, 0x70, 0x38, 0x70, 0x38, 0x70, 0x38, 0x70, 0x38,
    0x70, 0x3F, 0xF8, 0x1F, 0xBC, 0x00, 0x00, 0x00, 0x00, 0x00, 0x00, 0x00, 0x00, 0x1C, 0x60, 0x00,
    0x00, 0x1D, 0x80, 0x00, 0x00, 0x1E, 0x00, 0x00, 0x00, 0x18, 0x00, 0x00, 0x00, 0x00, 0x1F, 0xFE,
    0x07, 0xFF, 0x9E, 0x3E, 0x1F, 0x0E, 0x1C, 0x0E, 0x38, 0x3C, 0x38, 0x1E, 0x60, 0x70, 0x70, 0x1C,
    0x01, 0xC0, 0xE0, 0x38, 0x07, 0x81, 0xC0, 0x78, 0x0E, 0x03, 0x80, 0x70, 0x38, 0x07, 0x00, 0xE0,
    0xF0, 0x0E, 0x03, 0xC3, 0xC0, 0x1C, 0x07, 0x07, 0x00, 0x38, 0x0E, 0x1E, 0x00, 0x70, 0x1C, 0x78,
    0x18, 0xE0, 0x70, 0xE0, 0x31, 0xC1, 0xC3, 0xC0, 0xE7, 0x8F, 0x8F, 0xFF, 0xDF, 0xFC, 0x1F, 0xFF,
    0x00, 0x00, 0x00, 0x00, 0x00, 0x00, 0x08, 0x20, 0x00, 0x00, 0x31, 0x80, 0x00, 0x00, 0x6C, 0x1F,
    0xFE, 0x01, 0xF0, 0x3C, 0x7C, 0x03, 0x80, 0x70, 0x38, 0x00, 0x01, 0xC0, 0xF0, 0x00, 0x07, 0x01,
    0xCF, 0xFE, 0x1C, 0x07, 0x3F, 0xF8, 0x70, 0x1E, 0xE1, 0xC1, 0xC0, 0x3B, 0x0E, 0x07, 0x00, 0xE0,
    0x78, 0x1C, 0x07, 0x83, 0xC0, 0x70, 0x1C, 0x0E, 0x01, 0xC0, 0x70, 0x70, 0x07, 0x01, 0xC3, 0xC0,
    0x1C, 0x0E, 0x1E, 0x18, 0x70, 0x70, 0x70, 0x63, 0xC7, 0xC3, 0xFF, 0x9F, 0xFC, 0x0F, 0xFE, 0x00,
    0x00, 0x00, 0x00, 0x00, 0x00, 0xC3, 0x00, 0x7C, 0x18, 0xC0, 0x1F, 0x07, 0x60, 0x01, 0xC0, 0xF8,
    0x00, 0x70, 0x1C, 0x00, 0x1C, 0x00, 0x00, 0x07, 0x00, 0x00, 0x3F, 0xC7, 0xFE, 0x1E, 0xF1, 0xFF,
    0xCE, 0x1C, 0x60, 0xE7, 0x07, 0x18, 0x71, 0xC1, 0xC0, 0x38, 0x70, 0x70, 0x1E, 0x1C, 0x1C, 0x0F,
    0x07, 0x07, 0x03, 0x81, 0xC1, 0xC1, 0xC0, 0x70, 0x70, 0xF0, 0xDE, 0x1C, 0x78, 0x73, 0xFF, 0x1F,
    0xFC, 0x7E, 0xEF, 0xFE, 0x00, 0x00, 0x00, 0x00, 0x00, 0x00, 0x01, 0xFC, 0x0F, 0xE3, 0xE0, 0x1F,
    0x07, 0x00, 0x38, 0x1C, 0x00, 0xE0, 0x70, 0x03, 0x81, 0xC0, 0x0E, 0x07, 0x00, 0x38, 0x1C, 0x00,
    0xE0, 0x70, 0x03, 0x81, 0xC0, 0x0E, 0x07, 0x00, 0x38, 0x1C, 0x00, 0xE0, 0x70, 0x33, 0x81, 0xC0,
    0xCE, 0x07, 0x07, 0x38, 0x3F, 0xFC, 0xE1, 0xFF, 0xE3, 0x80, 0x00, 0x0E, 0x00, 0x00, 0x70, 0x00,
    0x03, 0x80, 0x00, 0x1C, 0x00, 0x00, 0x00, 0x00, 0x00, 0x00, 0x00, 0x00, 0x1D, 0xFC, 0x07, 0x9F,
    0x00, 0x71, 0xC0, 0x00, 0x38, 0x00, 0x07, 0x00, 0xF8, 0xE0, 0x1F, 0x1C, 0x00, 0xE3, 0x80, 0x1C,
    0x70, 0x03, 0x8E, 0x00, 0x71, 0xC0, 0x0E, 0x38, 0x01, 0xC7, 0x03, 0x38, 0xE0, 0x67, 0x1C, 0x1C,
    0xE7, 0xFF, 0x9D, 0xFF, 0xE3, 0x80, 0x00, 0x70, 0x00, 0x0E, 0x00, 0x01, 0xC0, 0x00, 0x70, 0x00,
    0x3C, 0x00, 0x07, 0x00, 0x78, 0x0F, 0x87, 0x38, 0xF3, 0x87, 0x38, 0x03, 0x80, 0x39, 0xF3, 0x9F,
    0x38, 0x73, 0x87, 0x38, 0x73, 0x87, 0x38, 0x73, 0x87, 0x38, 0x73, 0x87, 0x38, 0x73, 0x87, 0xFE,
    0x70, 0x07, 0x00, 0x70, 0x06, 0x00, 0xE0, 0x3C, 0x03, 0x80, 0x00, 0x00, 0x00, 0x1F, 0x03, 0xFF,
    0xF3, 0xC0, 0x79, 0xF0, 0xF8, 0x0C, 0x1C, 0x3F, 0x03, 0x07, 0x0D, 0xC0, 0xC1, 0xC3, 0x38, 0x30,
    0x70, 0xCF, 0x0C, 0x1C, 0x31, 0xC3, 0x07, 0x0C, 0x38, 0xC1, 0xC3, 0x0F, 0x30, 0x70, 0xC1, 0xCC,
    0x1C, 0x30, 0x3B, 0x07, 0x0C, 0x0F, 0xC1, 0xC3, 0x01, 0xF0, 0x70, 0xC0, 0x3C, 0x18, 0x38, 0x0F,
    0x0E, 0x1F, 0x81, 0xC3, 0x80, 0x00, 0x00, 0xE0, 0x00, 0x00, 0x70, 0x00, 0x00, 0x3C, 0x00, 0x00,
    0x1C, 0x00, 0x00, 0x00, 0x00, 0x00, 0x00, 0x00, 0x00, 0x00, 0x1D, 0xF0, 0x3F, 0x79, 0xE0, 0x3C,
    0x73, 0xE0, 0x30, 0x07, 0xE0, 0x60, 0x0D, 0xC0, 0xCF, 0x99, 0xC1, 0x9F, 0x33, 0xC3, 0x0E, 0x63,
    0x86, 0x1C, 0xC3, 0x8C, 0x39, 0x87, 0x98, 0x73, 0x07, 0x30, 0xE6, 0x07, 0x61, 0xCC, 0x0F, 0xC3,
    0x98, 0x0F, 0x87, 0x30, 0x0F, 0x0E, 0x70, 0x1E, 0x1D, 0xF8, 0x1C, 0x38, 0x00, 0x00, 0x70, 0x00,
    0x00, 0xE0, 0x00, 0x01, 0x80, 0x00, 0x07, 0x00, 0x00, 0x3C, 0x00, 0x00, 0x70, 0x00, 0x00, 0x00,
    0x00, 0x07, 0x00, 0x00, 0xF0, 0x00, 0x07, 0x00, 0x00, 0x00, 0x00, 0x00, 0x7B, 0xF1, 0xF7, 0xFF,
    0x9F, 0x3C, 0x38, 0x73, 0x83, 0x87, 0x38, 0x38, 0x73, 0x83, 0x87, 0x38, 0x38, 0x73, 0x83, 0x87,
    0x38, 0x38, 0x73, 0x83, 0x87, 0x38, 0x38, 0x73, 0xC3, 0xC7, 0x7E, 0x7E, 0x70, 0x00, 0x07, 0x00,
    0x00, 0x70, 0x00, 0x06, 0x00, 0x00, 0xE0, 0x00, 0x3C, 0x00, 0x03, 0x80, 0x00, 0x00, 0x01, 0xC6,
    0x00, 0x3B, 0x00, 0x07, 0xC0, 0x00, 0xE0, 0x00, 0x00, 0x00, 0x1E, 0x00, 0x07, 0x80, 0x01, 0xF0,
    0x00, 0xFC, 0x00, 0x37, 0x00, 0x0C, 0xE0, 0x07, 0x38, 0x01, 0x8E, 0x00, 0x61, 0xC0, 0x38, 0x70,
    0x0C, 0x1C, 0x03, 0xFF, 0x81, 0xFF, 0xE0, 0x60, 0x38, 0x38, 0x0F, 0x0E, 0x03, 0xE7, 0xE1, 0xFC,
    0x30, 0xC1, 0x9C, 0x1D, 0x80, 0xF0, 0x0F, 0x00, 0x00, 0x00, 0x01, 0xF8, 0x7F, 0xC6, 0x1C, 0x00,
    0xE0, 0x0E, 0x0F, 0xE3, 0xFE, 0x70, 0xEF, 0x0E, 0xE0, 0xEF, 0x0E, 0x7F, 0xE3, 0xEF, 0x00, 0x00,
    0x00, 0x71, 0x9D, 0x87, 0xC1, 0xC0, 0x01, 0xFC, 0x7C, 0x1C, 0x0E, 0x07, 0x03, 0x81, 0xC0, 0xE0,
    0x70, 0x38, 0x1C, 0x0E, 0x07, 0x03, 0x81, 0xC1, 0xE1, 0xFC, 0x41, 0xB1, 0x8D, 0xC7, 0xC1, 0xC0,
    0x00, 0x00, 0x78, 0x3C, 0x0E, 0x07, 0x03, 0x81, 0xC0, 0xE0, 0x70, 0x38, 0x1C, 0x0E, 0x07, 0x87,
    0xE0, 0x00, 0x00, 0x0E, 0x30, 0x07, 0x60, 0x03, 0xE0, 0x01, 0xC0, 0x00, 0x00, 0x07, 0xF0, 0x1E,
    0x3C, 0x38, 0x1C, 0x38, 0x0E, 0x70, 0x0E, 0x70, 0x07, 0x70, 0x07, 0x70, 0x07, 0x70, 0x07, 0x70,
    0x07, 0x70, 0x07, 0x70, 0x0F, 0x70, 0x0E, 0x38, 0x0E, 0x38, 0x1C, 0x1E, 0x38, 0x0F, 0xF0, 0x00,
    0x00, 0x10, 0x60, 0xC6, 0x03, 0x70, 0x1F, 0x00, 0x70, 0x00, 0x00, 0x00, 0x01, 0xF8, 0x1F, 0xE1,
    0xC3, 0x9C, 0x1C, 0xE0, 0x77, 0x03, 0xB8, 0x1D, 0xC0, 0xEE, 0x07, 0x70, 0x73, 0xC3, 0x8F, 0x38,
    0x3F, 0x80, 0x00, 0x00, 0x00, 0x00, 0x03, 0x18, 0x01, 0xDC, 0x00, 0x7C, 0x00, 0x1C, 0x00, 0x00,
    0x03, 0xF8, 0x7E, 0xF8, 0x1E, 0x38, 0x06, 0x1C, 0x03, 0x0E, 0x01, 0x87, 0x00, 0xC3, 0x80, 0x61,
    0xC0, 0x30, 0xE0, 0x18, 0x70, 0x0C, 0x38, 0x06, 0x1C, 0x03, 0x0E, 0x01, 0x87, 0x81, 0xC1, 0xC0,
    0xC0, 0x79, 0xC0, 0x1F, 0xC0, 0x00, 0x00, 0x18, 0x60, 0x63, 0x00, 0xDC, 0x01, 0xE0, 0x07, 0x00,
    0x00, 0x00, 0x00, 0x1E, 0x3C, 0x78, 0xF0, 0xE1, 0xC3, 0x87, 0x0E, 0x1C, 0x38, 0x70, 0xE1, 0xC3,
    0x87, 0x0E, 0x1C, 0x38, 0x70, 0xE1, 0xC3, 0xFF, 0x87, 0xEF, 0x00, 0x00, 0x07, 0xF0, 0x03, 0xF8,
    0x00, 0x00, 0x00, 0xE6, 0x00, 0x77, 0x00, 0x3B, 0x80, 0x08, 0x80, 0x00, 0x00, 0xFE, 0x1F, 0xBE,
    0x07, 0x8E, 0x01, 0x87, 0x00, 0xC3, 0x80, 0x61, 0xC0, 0x30, 0xE0, 0x18, 0x70, 0x0C, 0x38, 0x06,
    0x1C, 0x03, 0x0E, 0x01, 0x87, 0x00, 0xC3, 0x80, 0x61, 0xE0, 0x70, 0x70, 0x30, 0x1E, 0x70, 0x07,
    0xF0, 0x00, 0x00, 0x00, 0x1F, 0xC0, 0x7F, 0x00, 0x00, 0x07, 0x38, 0x1C, 0xE0, 0x73, 0x80, 0x00,
    0x00, 0x00, 0x78, 0xF1, 0xE3, 0xC3, 0x87, 0x0E, 0x1C, 0x38, 0x70, 0xE1, 0xC3, 0x87, 0x0E, 0x1C,
    0x38, 0x70, 0xE1, 0xC3, 0x87, 0x0F, 0xFE, 0x1F, 0xBC, 0x00, 0x00, 0x00, 0x20, 0x00, 0x38, 0x00,
    0x1C, 0x00, 0x1C, 0x00, 0x08, 0x00, 0x39, 0x80, 0x1D, 0xC0, 0x0E, 0xE0, 0x02, 0x20, 0x00, 0x00,
    0x3F, 0x87, 0xEF, 0x81, 0xE3, 0x80, 0x61, 0xC0, 0x30, 0xE0, 0x18, 0x70, 0x0C, 0x38, 0x06, 0x1C,
    0x03, 0x0E, 0x01, 0x87, 0x00, 0xC3, 0x80, 0x61, 0xC0, 0x30, 0xE0, 0x18, 0x78, 0x1C, 0x1C, 0x0C,
    0x07, 0x9C, 0x01, 0xFC, 0x00, 0x00, 0x00, 0x00, 0x00, 0x03, 0x00, 0x1E, 0x00, 0x70, 0x03, 0x80,
    0x1C, 0x00, 0x00, 0x07, 0x38, 0x1C, 0xE0, 0x73, 0x80, 0x00, 0x00, 0x00, 0x78, 0xF1, 0xE3, 0xC3,
    0x87, 0x0E, 0x1C, 0x38, 0x70, 0xE1, 0xC3, 0x87, 0x0E, 0x1C, 0x38, 0x70, 0xE1, 0xC3, 0x87, 0x0F,
    0xFE, 0x1F, 0xBC, 0x00, 0x00, 0x00, 0x00, 0x03, 0x18, 0x01, 0xDC, 0x00, 0x7C, 0x00, 0x1C, 0x00,
    0x39, 0x80, 0x1D, 0xC0, 0x0E, 0xE0, 0x02, 0x20, 0x00, 0x00, 0x3F, 0x87, 0xEF, 0x81, 0xE3, 0x80,
    0x61, 0xC0, 0x30, 0xE0, 0x18, 0x70, 0x0C, 0x38, 0x06, 0x1C, 0x03, 0x0E, 0x01, 0x87, 0x00, 0xC3,
    0x80, 0x61, 0xC0, 0x30, 0xE0, 0x18, 0x78, 0x1C, 0x1C, 0x0C, 0x07, 0x9C, 0x01, 0xFC, 0x00, 0x00,
    0x00, 0x18, 0x60, 0x63, 0x00, 0xDC, 0x01, 0xE0, 0x07, 0x00, 0x00, 0x01, 0xCE, 0x07, 0x38, 0x1C,
    0xE0, 0x00, 0x00, 0x00, 0x1E, 0x3C, 0x78, 0xF0, 0xE1, 0xC3, 0x87, 0x0E, 0x1C, 0x38, 0x70, 0xE1,
    0xC3, 0x87, 0x0E, 0x1C, 0x38, 0x70, 0xE1, 0xC3, 0xFF, 0x87, 0xEF, 0x00, 0x00, 0x02, 0x00, 0x03,
    0x80, 0x01, 0xE0, 0x00, 0x38, 0x00, 0x08, 0x00, 0x39, 0x80, 0x1D, 0xC0, 0x0E, 0xE0, 0x02, 0x20,
    0x00, 0x00, 0x3F, 0x87, 0xEF, 0x81, 0xE3, 0x80, 0x61, 0xC0, 0x30, 0xE0, 0x18, 0x70, 0x0C, 0x38,
    0x06, 0x1C, 0x03, 0x0E, 0x01, 0x87, 0x00, 0xC3, 0x80, 0x61, 0xC0, 0x30, 0xE0, 0x18, 0x78, 0x1C,
    0x1C, 0x0C, 0x07, 0x9C, 0x01, 0xFC, 0x00, 0x00, 0x00, 0x00, 0x00, 0x20, 0x01, 0xC0, 0x03, 0x80,
    0x07, 0x00, 0x0C, 0x00, 0x00, 0x07, 0x38, 0x1C, 0xE0, 0x73, 0x80, 0x00, 0x00, 0x00, 0x78, 0xF1,
    0xE3, 0xC3, 0x87, 0x0E, 0x1C, 0x38, 0x70, 0xE1, 0xC3, 0x87, 0x0E, 0x1C, 0x38, 0x70, 0xE1, 0xC3,
    0x87, 0x0F, 0xFE, 0x1F, 0xBC, 0x00, 0x00, 0x3F, 0x87, 0xFC, 0x41, 0xE0, 0x0E, 0x00, 0xE0, 0x0E,
    0x7F, 0xF7, 0xFE, 0xE0, 0xE6, 0x0E, 0x70, 0xE7, 0x9C, 0x3F, 0x80, 0xC0, 0x03, 0xF0, 0x00, 0xFE,
    0x00, 0x00, 0x00, 0x0C, 0xE0, 0x03, 0xB8, 0x00, 0xEE, 0x00, 0x01, 0x00, 0x00, 0x00, 0x01, 0xE0,
    0x00, 0x78, 0x00, 0x1F, 0x00, 0x0F, 0xC0, 0x03, 0x70, 0x00, 0xCE, 0x00, 0x73, 0x80, 0x18, 0xE0,
    0x06, 0x1C, 0x03, 0x87, 0x00, 0xC1, 0xC0, 0x3F, 0xF8, 0x1F, 0xFE, 0x06, 0x03, 0x83, 0x80, 0xF0,
    0xE0, 0x3E, 0x7E, 0x1F, 0xC0, 0x1F, 0xC1, 0xFC, 0x00, 0x03, 0x9C, 0x39, 0xC3, 0x9C, 0x00, 0x00,
    0x00, 0x1F, 0x87, 0xFC, 0x61, 0xC0, 0x0E, 0x00, 0xE0, 0xFE, 0x3F, 0xE7, 0x0E, 0xF0, 0xEE, 0x0E,
    0xF0, 0xE7, 0xFE, 0x3E, 0xF0, 0x00, 0x03, 0xF8, 0x00, 0xFE, 0x00, 0x00, 0x00, 0x03, 0x80, 0x01,
    0xE0, 0x00, 0x38, 0x00, 0x04, 0x00, 0x00, 0x00, 0x01, 0xE0, 0x00, 0x78, 0x00, 0x1F, 0x00, 0x0F,
    0xC0, 0x03, 0x70, 0x00, 0xCE, 0x00, 0x73, 0x80, 0x18, 0xE0, 0x06, 0x1C, 0x03, 0x87, 0x00, 0xC1,
    0xC0, 0x3F, 0xF8, 0x1F, 0xFE, 0x06, 0x03, 0x83, 0x80, 0xF0, 0xE0, 0x3E, 0x7E, 0x1F, 0xC0, 0x1F,
    0xC1, 0xFC, 0x00, 0x00, 0x70, 0x0F, 0x00, 0x70, 0x00, 0x00, 0x00, 0x1F, 0x87, 0xFC, 0x61, 0xC0,
    0x0E, 0x00, 0xE0, 0xFE, 0x3F, 0xE7, 0x0E, 0xF0, 0xEE, 0x0E, 0xF0, 0xE7, 0xFE, 0x3E, 0xF0, 0x00,
    0x00, 0x7E, 0x00, 0x00, 0xFE, 0x00, 0x00, 0x00, 0x00, 0x00, 0x00, 0x00, 0x7F, 0xFF, 0x80, 0x3B,
    0x87, 0x80, 0x77, 0x03, 0x00, 0xCE, 0x06, 0x03, 0x9C, 0x00, 0x06, 0x38, 0x40, 0x0C, 0x70, 0xC0,
    0x38, 0xFF, 0x80, 0x61, 0xFF, 0x01, 0xC3, 0x8E, 0x03, 0xFF, 0x08, 0x0F, 0xFE, 0x00, 0x1C, 0x1C,
    0x00, 0x30, 0x38, 0x0C, 0xE0, 0x70, 0x3B, 0xC1, 0xFF, 0xFF, 0xC7, 0xFF, 0xE0, 0x03, 0xF8, 0x00,
    0x7F, 0x00, 0x00, 0x00, 0x00, 0x00, 0x01, 0xF9, 0xF8, 0xFF, 0xFF, 0x98, 0x78, 0x70, 0x07, 0x07,
    0x00, 0xE0, 0xE1, 0xFF, 0xFC, 0xFF, 0xFF, 0xB8, 0x70, 0x0F, 0x0E, 0x01, 0xC1, 0xC0, 0x3C, 0x3C,
    0x03, 0xFF, 0xFE, 0x3E, 0x3F, 0x80, 0x00, 0x00, 0x00, 0x00, 0x03, 0xFF, 0x07, 0x87, 0x87, 0x01,
    0xC3, 0x80, 0x63, 0x80, 0x31, 0xC0, 0x00, 0xE0, 0x00, 0xF0, 0x00, 0x78, 0x1F, 0xBC, 0x1F, 0xDE,
    0x01, 0xC7, 0x07, 0xFB, 0x83, 0xFC, 0xE0, 0x38, 0x78, 0x1C, 0x1E, 0x1E, 0x03, 0xFE, 0x00, 0x00,
    0x00, 0x00, 0x00, 0x07, 0xFE, 0x1E, 0xFE, 0x18, 0x38, 0x38, 0x38, 0x38, 0x38, 0x38, 0x38, 0x1C,
    0x70, 0x1F, 0xE0, 0x0F, 0x80, 0x18, 0x00, 0x18, 0x00, 0x1F, 0xF8, 0x1F, 0xFC, 0x38, 0x1C, 0x7F,
    0xFE, 0xFF, 0xFF, 0x38, 0x1C, 0x3C, 0x78, 0x1F, 0xE0, 0x00, 0x00, 0x00, 0x00, 0x03, 0x1C, 0x00,
    0xDC, 0x00, 0x7C, 0x00, 0x1C, 0x00, 0x00, 0x00, 0x1F, 0xF8, 0x3C, 0x3C, 0x38, 0x0E, 0x1C, 0x03,
    0x1C, 0x01, 0x8E, 0x00, 0x07, 0x00, 0x07, 0x80, 0x03, 0xC0, 0xFD, 0xE0, 0xFE, 0xF0, 0x0E, 0x38,
    0x07, 0x1C, 0x03, 0x87, 0x01, 0xC3, 0xC0, 0xE0, 0xF0, 0xF0, 0x1F, 0xF0, 0x00, 0x00, 0x10, 0x60,
    0x63, 0x00, 0xDC, 0x03, 0xE0, 0x07, 0x00, 0x00, 0x00, 0x00, 0x03, 0xFF, 0x3D, 0xFC, 0xC1, 0xC7,
    0x07, 0x1C, 0x1C, 0x70, 0x70, 0xE3, 0x83, 0xFC, 0x07, 0xC0, 0x30, 0x00, 0xC0, 0x03, 0xFF, 0x0F,
    0xFE, 0x70, 0x39, 0x80, 0x76, 0x01, 0x9C, 0x0E, 0x78, 0xF0, 0xFF, 0x00, 0x00, 0x00, 0x00, 0x00,
    0x03, 0x1C, 0x00, 0xDC, 0x00, 0x7C, 0x00, 0x1C, 0x00, 0x00, 0x01, 0xF8, 0xFC, 0x78, 0x3C, 0x1C,
    0x18, 0x0E, 0x18, 0x07, 0x18, 0x03, 0x9C, 0x01, 0xDC, 0x00, 0xEE, 0x00, 0x7F, 0x80, 0x3D, 0xC0,
    0x1C, 0x70, 0x0E, 0x3C, 0x07, 0x0E, 0x03, 0x87, 0x81, 0xC1, 0xE1, 0xE0, 0x79, 0xFC, 0x3E, 0x00,
    0x00, 0x63, 0x00, 0x77, 0x00, 0x3E, 0x00, 0x1C, 0x00, 0x3C, 0x00, 0x7C, 0x00, 0x1C, 0x00, 0x1C,
    0x00, 0x1C, 0x00, 0x1C, 0x00, 0x1C, 0x7E, 0x1C, 0x7E, 0x1C, 0x30, 0x1C, 0x60, 0x1C, 0xE0, 0x1D,
    0xC0, 0x1F, 0xE0, 0x1E, 0xE0, 0x1C, 0x70, 0x1C, 0x38, 0x1C, 0x38, 0x1C, 0x3E, 0x3F, 0x3F, 0x00,
    0x00, 0x07, 0xF0, 0x1E, 0x3C, 0x38, 0x1C, 0x38, 0x0E, 0x70, 0x0E, 0x70, 0x07, 0x70, 0x07, 0x70,
    0x07, 0x70, 0x07, 0x70, 0x07, 0x70, 0x07, 0x70, 0x0F, 0x70, 0x0E, 0x38, 0x0E, 0x38, 0x1C, 0x1E,
    0x38, 0x0F, 0xF0, 0x01, 0xC0, 0x03, 0x00, 0x03, 0x00, 0x07, 0x00, 0x03, 0xE0, 0x01, 0xC0, 0x00,
    0x00, 0x7E, 0x07, 0xF8, 0x70, 0xE7, 0x07, 0x38, 0x1D, 0xC0, 0xEE, 0x07, 0x70, 0x3B, 0x81, 0xDC,
    0x1C, 0xF0, 0xE3, 0xCE, 0x0F, 0xE0, 0x1C, 0x01, 0xC0, 0x0C, 0x00, 0xE0, 0x07, 0xE0, 0x1E, 0x00,
    0x07, 0xE0, 0x07, 0xF0, 0x00, 0x00, 0x00, 0x00, 0x07, 0xF0, 0x1E, 0x3C, 0x38, 0x1C, 0x38, 0x0E,
    0x70, 0x0E, 0x70, 0x07, 0x70, 0x07, 0x70, 0x07, 0x70, 0x07, 0x70, 0x07, 0x70, 0x07, 0x70, 0x0F,
    0x70, 0x0E, 0x38, 0x0E, 0x38, 0x1C, 0x1E, 0x38, 0x0F, 0xF0, 0x01, 0xC0, 0x03, 0x00, 0x03, 0x00,
    0x07, 0x00, 0x03, 0xE0, 0x01, 0xC0, 0x1F, 0xC0, 0xFE, 0x00, 0x00, 0x00, 0x00, 0xFC, 0x0F, 0xF0,
    0xE1, 0xCE, 0x0E, 0x70, 0x3B, 0x81, 0xDC, 0x0E, 0xE0, 0x77, 0x03, 0xB8, 0x39, 0xE1, 0xC7, 0x9C,
    0x1F, 0xC0, 0x38, 0x03, 0x80, 0x18, 0x01, 0xC0, 0x0F, 0xC0, 0x3C, 0x00, 0x00, 0x00, 0xC6, 0x07,
    0x70, 0x1F, 0x00, 0x70, 0x00, 0x03, 0xFF, 0xDF, 0xFE, 0xE0, 0xE6, 0x0E, 0x00, 0xE0, 0x0E, 0x00,
    0xE0, 0x07, 0xE0, 0x0F, 0x80, 0x0E, 0x00, 0x78, 0x03, 0xD8, 0x1E, 0xC0, 0xE6, 0x0F, 0x79, 0xF1,
    0xFF, 0x00, 0x00, 0x30, 0xC3, 0x9C, 0x1D, 0x80, 0xF0, 0x0F, 0x00, 0x00, 0x00, 0x07, 0xFE, 0xFF,
    0xF6, 0x0E, 0x61, 0xC0, 0x38, 0x07, 0x00, 0xF0, 0x0E, 0x01, 0xFC, 0x11, 0xE0, 0x0E, 0x00, 0xF0,
    0x07, 0x00, 0x76, 0x0F, 0xE0, 0xEE, 0x1E, 0xFF, 0xC3, 0xF0, 0x41, 0xB1, 0x8D, 0xC7, 0xC1, 0xC0,
    0x00, 0x00, 0x78, 0x3C, 0x0E, 0x07, 0x03, 0x81, 0xC0, 0xE0, 0x70, 0x38, 0x1C, 0x0E, 0x07, 0x03,
    0x81, 0xC0, 0xE0, 0x70, 0x38, 0x78, 0x30, 0x00, 0x00, 0x00, 0x00, 0x00, 0xFF, 0xF0, 0x3F, 0xFC,
    0xF1, 0xF0, 0xF8, 0x70, 0xE0, 0x71, 0xC1, 0xE1, 0xC0, 0xF3, 0x03, 0x83, 0x80, 0xE0, 0x0E, 0x07,
    0x01, 0xC0, 0x3C, 0x0E, 0x03, 0xC0, 0x70, 0x1C, 0x03, 0x81, 0xC0, 0x38, 0x07, 0x07, 0x80, 0x70,
    0x1E, 0x1E, 0x00, 0xE0, 0x38, 0x38, 0x01, 0xC0, 0x70, 0xF0, 0x03, 0x80, 0xE3, 0xC0, 0xC7, 0x03,
    0x87, 0x01, 0x8E, 0x0E, 0x1E, 0x07, 0x3C, 0x7C, 0x7F, 0xFE, 0xFF, 0xE0, 0xFF, 0xF8, 0x00, 0x00,
    0x00, 0x00, 0x00, 0x00, 0x00, 0x01, 0xFF, 0xE0, 0x00, 0x03, 0xC7, 0xC0, 0x00, 0x07, 0x03, 0x80,
    0x00, 0x1C, 0x0F, 0x00, 0x00, 0x70, 0x1C, 0xFF, 0xE1, 0xC0, 0x73, 0xFF, 0x87, 0x01, 0xEE, 0x1C,
    0x1C, 0x03, 0xB0, 0xE0, 0x70, 0x0E, 0x07, 0x81, 0xC0, 0x78, 0x3C, 0x07, 0x01, 0xC0, 0xE0, 0x1C,
    0x07, 0x07, 0x00, 0x70, 0x1C, 0x3C, 0x01, 0xC0, 0xE1, 0xE1, 0x87, 0x07, 0x07, 0x06, 0x3C, 0x7C,
    0x3F, 0xF9, 0xFF, 0xC0, 0xFF, 0xE0, 0x00, 0x00, 0x00, 0x00, 0x01, 0xF0, 0x00, 0x00, 0x7C, 0x00,
    0x00, 0x07, 0x00, 0x00, 0x01, 0xC0, 0x00, 0x00, 0x70, 0x00, 0x00, 0x1C, 0x00, 0x00, 0xFF, 0x1F,
    0xF8, 0x7B, 0xC7, 0xFF, 0x38, 0x71, 0x83, 0x9C, 0x1C, 0x61, 0xC7, 0x07, 0x00, 0xE1, 0xC1, 0xC0,
    0x78, 0x70, 0x70, 0x3C, 0x1C, 0x1C, 0x0E, 0x07, 0x07, 0x07, 0x01, 0xC1, 0xC3, 0xC3, 0x78, 0x71,
    0xE1, 0xCF, 0xFC, 0x7F, 0xF1, 0xFB, 0xBF, 0xF8, 0x00, 0x00, 0x00, 0x00, 0x20, 0x00, 0x38, 0x00,
    0x1C, 0x00, 0x1C, 0x00, 0x08, 0x00, 0x00, 0x00, 0x1F, 0xF8, 0x3C, 0x3C, 0x38, 0x0E, 0x1C, 0x03,
    0x1C, 0x01, 0x8E, 0x00, 0x07, 0x00, 0x07, 0x80, 0x03, 0xC0, 0xFD, 0xE0, 0xFE, 0xF0, 0x0E, 0x38,
    0x07, 0x1C, 0x03, 0x87, 0x01, 0xC3, 0xC0, 0xE0, 0xF0, 0xF0, 0x1F, 0xF0, 0x00, 0x00, 0x00, 0x00,
    0x03, 0x00, 0x1E, 0x00, 0x70, 0x03, 0x80, 0x1C, 0x00, 0x00, 0x00, 0x00, 0x0F, 0xFC, 0xF7, 0xF3,
    0x07, 0x1C, 0x1C, 0x70, 0x71, 0xC1, 0xC3, 0x8E, 0x0F, 0xF0, 0x1F, 0x00, 0xC0, 0x03, 0x00, 0x0F,
    0xFC, 0x3F, 0xF9, 0xC0, 0xE6, 0x01, 0xD8, 0x06, 0x70, 0x39, 0xE3, 0xC3, 0xFC, 0x00, 0x00, 0x01,
    0x00, 0x00, 0xC0, 0x00, 0x38, 0x00, 0x07, 0x00, 0x00, 0xC0, 0x00, 0x00, 0x07, 0xC0, 0xFC, 0xF0,
    0x1E, 0x3E, 0x03, 0x0F, 0xC0, 0xC3, 0x70, 0x30, 0xCE, 0x0C, 0x33, 0xC3, 0x0C, 0x70, 0xC3, 0x0E,
    0x30, 0xC3, 0xCC, 0x30, 0x73, 0x0C, 0x0E, 0xC3, 0x03, 0xF0, 0xC0, 0x7C, 0x30, 0x0F, 0x0E, 0x03,
    0xC7, 0xE0, 0x70, 0x00, 0x00, 0x18, 0x00, 0x38, 0x00, 0x78, 0x00, 0x78, 0x00, 0x30, 0x00, 0x00,
    0x00, 0x00, 0x7B, 0xF0, 0xFF, 0xF0, 0xF0, 0xE1, 0xC1, 0xC3, 0x83, 0x87, 0x07, 0x0E, 0x0E, 0x1C,
    0x1C, 0x38, 0x38, 0x70, 0x70, 0xE0, 0xE1, 0xE1, 0xE7, 0xE7, 0xE0, 0x00, 0x00, 0x00, 0x06, 0x00,
    0x01, 0x80, 0x07, 0xC0, 0x03, 0xF0, 0x00, 0xC4, 0x00, 0x31, 0x00, 0x0F, 0xC0, 0x01, 0xE0, 0x00,
    0x00, 0x00, 0x1E, 0x00, 0x07, 0x80, 0x01, 0xF0, 0x00, 0xFC, 0x00, 0x37, 0x00, 0x0C, 0xE0, 0x07,
    0x38, 0x01, 0x8E, 0x00, 0x61, 0xC0, 0x38, 0x70, 0x0C, 0x1C, 0x03, 0xFF, 0x81, 0xFF, 0xE0, 0x60,
    0x38, 0x38, 0x0F, 0x0E, 0x03, 0xE7, 0xE1, 0xFC, 0x00, 0x00, 0x0C, 0x01, 0xC0, 0xF8, 0x19, 0x81,
    0x88, 0x19, 0x80, 0xF8, 0x02, 0x00, 0x00, 0x1F, 0x87, 0xFC, 0x61, 0xC0, 0x0E, 0x00, 0xE0, 0xFE,
    0x3F, 0xE7, 0x0E, 0xF0, 0xEE, 0x0E, 0xF0, 0xE7, 0xFE, 0x3E, 0xF0, 0x00, 0x00, 0x00, 0x00, 0x00,
    0x0E, 0x00, 0x00, 0x38, 0x00, 0x00, 0xE0, 0x00, 0x00, 0x80, 0x00, 0x00, 0x00, 0x01, 0xFF, 0xFE,
    0x00, 0xEE, 0x1E, 0x01, 0xDC, 0x0C, 0x03, 0x38, 0x18, 0x0E, 0x70, 0x00, 0x18, 0xE1, 0x00, 0x31,
    0xC3, 0x00, 0xE3, 0xFE, 0x01, 0x87, 0xFC, 0x07, 0x0E, 0x38, 0x0F, 0xFC, 0x20, 0x3F, 0xF8, 0x00,
    0x70, 0x70, 0x00, 0xC0, 0xE0, 0x33, 0x81, 0xC0, 0xEF, 0x07, 0xFF, 0xFF, 0x1F, 0xFF, 0x80, 0x00,
    0x00, 0x00, 0x03, 0x00, 0x00, 0xF0, 0x00, 0x1C, 0x00, 0x07, 0x00, 0x01, 0xC0, 0x00, 0x00, 0x00,
    0x00, 0x00, 0x1F, 0x9F, 0x8F, 0xFF, 0xF9, 0x87, 0x87, 0x00, 0x70, 0x70, 0x0E, 0x0E, 0x1F, 0xFF,
    0xCF, 0xFF, 0xFB, 0x87, 0x00, 0xF0, 0xE0, 0x1C, 0x1C, 0x03, 0xC3, 0xC0, 0x3F, 0xFF, 0xE3, 0xE3,
    0xF8, 0x00, 0x00, 0x00, 0x00, 0x20, 0x00, 0x70, 0x00, 0xE0, 0x01, 0xC0, 0x00, 0x88, 0x00, 0x18,
    0x07, 0xF0, 0x1E, 0x3C, 0x38, 0x3C, 0x38, 0x2E, 0x70, 0x6E, 0x70, 0x47, 0x70, 0xC7, 0x70, 0x87,
    0x70, 0x87, 0x71, 0x87, 0x71, 0x07, 0x73, 0x0F, 0x72, 0x0E, 0x3A, 0x0E, 0x3E, 0x1C, 0x1E, 0x38,
    0x0F, 0xF0, 0x08, 0x00, 0x08, 0x00, 0x00, 0x00, 0x00, 0x00, 0x06, 0x00, 0x78, 0x03, 0x80, 0x38,
    0x03, 0x80, 0x00, 0x80, 0x0C, 0x0F, 0xC0, 0xFF, 0x0E, 0x3C, 0xE3, 0xE7, 0x17, 0xB8, 0x9D, 0xC8,
    0xEE, 0x47, 0x76, 0x3B, 0xA3, 0x9F, 0x1C, 0x79, 0xC1, 0xFC, 0x08, 0x00, 0x40, 0x00, 0x08, 0x40,
    0x07, 0x38, 0x00, 0xE7, 0x00, 0x1C, 0xC0, 0x03, 0x10, 0x00, 0x00, 0x00, 0x1E, 0x00, 0x07, 0x80,
    0x01, 0xF0, 0x00, 0xFC, 0x00, 0x37, 0x00, 0x0C, 0xE0, 0x07, 0x38, 0x01, 0x8E, 0x00, 0x61, 0xC0,
    0x38, 0x70, 0x0C, 0x1C, 0x03, 0xFF, 0x81, 0xFF, 0xE0, 0x60, 0x38, 0x38, 0x0F, 0x0E, 0x03, 0xE7,
    0xE1, 0xFC, 0x00, 0x06, 0x20, 0xE7, 0x07, 0x38, 0x3B, 0x81, 0x98, 0x00, 0x00, 0x00, 0x1F, 0x87,
    0xFC, 0x61, 0xC0, 0x0E, 0x00, 0xE0, 0xFE, 0x3F, 0xE7, 0x0E, 0xF0, 0xEE, 0x0E, 0xF0, 0xE7, 0xFE,
    0x3E, 0xF0, 0x00, 0x00, 0xE0, 0x00, 0xFC, 0x00, 0x3F, 0x80, 0x18, 0x60, 0x02, 0x08, 0x00, 0x00,
    0x00, 0x1E, 0x00, 0x07, 0x80, 0x01, 0xF0, 0x00, 0xFC, 0x00, 0x37, 0x00, 0x0C, 0xE0, 0x07, 0x38,
    0x01, 0x8E, 0x00, 0x61, 0xC0, 0x38, 0x70, 0x0C, 0x1C, 0x03, 0xFF, 0x81, 0xFF, 0xE0, 0x60, 0x38,
    0x38, 0x0F, 0x0E, 0x03, 0xE7, 0xE1, 0xFC, 0x0F, 0x81, 0xFC, 0x30, 0xC3, 0x0C, 0x00, 0x00, 0x00,
    0x1F, 0x87, 0xFC, 0x61, 0xC0, 0x0E, 0x00, 0xE0, 0xFE, 0x3F, 0xE7, 0x0E, 0xF0, 0xEE, 0x0E, 0xF0,
    0xE7, 0xFE, 0x3E, 0xF0, 0x00, 0x31, 0x00, 0x77, 0x00, 0xE7, 0x00, 0xE7, 0x00, 0x44, 0x00, 0x00,
    0x1F, 0xFE, 0x1E, 0x3C, 0x1C, 0x18, 0x38, 0x10, 0x70, 0x00, 0xE1, 0x01, 0xC6, 0x03, 0xFC, 0x07,
    0xF8, 0x0E, 0x30, 0x1C, 0x60, 0x38, 0x00, 0x70, 0x10, 0xE0, 0x71, 0xC0, 0xC7, 0xFF, 0x9F, 0xFF,
    0x00, 0x00, 0x06, 0x30, 0x77, 0x07, 0x38, 0x39, 0xC1, 0x8C, 0x00, 0x00, 0x00, 0x0F, 0xC3, 0xFE,
    0x30, 0xE7, 0x0E, 0x70, 0x6F, 0xFE, 0xFF, 0xEF, 0x00, 0x70, 0x07, 0x00, 0x78, 0x03, 0xFE, 0x1F,
    0xC0, 0x00, 0x03, 0x80, 0x1F, 0x80, 0x3F, 0x80, 0x63, 0x00, 0x82, 0x00, 0x00, 0x1F, 0xFE, 0x1E,
    0x3C, 0x1C, 0x18, 0x38, 0x10, 0x70, 0x00, 0xE1, 0x01, 0xC6, 0x03, 0xFC, 0x07, 0xF8, 0x0E, 0x30,
    0x1C, 0x60, 0x38, 0x00, 0x70, 0x10, 0xE0, 0x71, 0xC0, 0xC7, 0xFF, 0x9F, 0xFF, 0x00, 0x0F, 0x81,
    0xFC, 0x18, 0xC1, 0x06, 0x00, 0x00, 0x00, 0x0F, 0xC3, 0xFE, 0x30, 0xE7, 0x0E, 0x70, 0x6F, 0xFE,
    0xFF, 0xEF, 0x00, 0x70, 0x07, 0x00, 0x78, 0x03, 0xFE, 0x1F, 0xC0, 0x00, 0x62, 0x39, 0xC7, 0x38,
    0xE6, 0x18, 0x80, 0x01, 0xFC, 0x3E, 0x07, 0x01, 0xC0, 0x70, 0x1C, 0x07, 0x01, 0xC0, 0x70, 0x1C,
    0x07, 0x01, 0xC0, 0x70, 0x1C, 0x07, 0x03, 0xC1, 0xFC, 0x00, 0x31, 0x8E, 0x71, 0xDC, 0x73, 0x8C,
    0x60, 0x00, 0x00, 0x1E, 0x07, 0x80, 0xE0, 0x38, 0x0E, 0x03, 0x80, 0xE0, 0x38, 0x0E, 0x03, 0x80,
    0xE0, 0x3C, 0x1F, 0x80, 0x1C, 0x7E, 0x7F, 0xC3, 0x41, 0x00, 0x7F, 0x3E, 0x1C, 0x1C, 0x1C, 0x1C,
    0x1C, 0x1C, 0x1C, 0x1C, 0x1C, 0x1C, 0x1C, 0x1C, 0x1C, 0x3C, 0x7F, 0x3E, 0x3F, 0x98, 0xEC, 0x30,
    0x00, 0x00, 0xF0, 0x78, 0x1C, 0x0E, 0x07, 0x03, 0x81, 0xC0, 0xE0, 0x70, 0x38, 0x1C, 0x0F, 0x0F,
    0xC0, 0x10, 0x80, 0x39, 0xC0, 0x1C, 0xE0, 0x0E, 0x60, 0x06, 0x20, 0x00, 0x00, 0x07, 0xF0, 0x1E,
    0x3C, 0x38, 0x1C, 0x38, 0x0E, 0x70, 0x0E, 0x70, 0x07, 0x70, 0x07, 0x70, 0x07, 0x70, 0x07, 0x70,
    0x07, 0x70, 0x07, 0x70, 0x0F, 0x70, 0x0E, 0x38, 0x0E, 0x38, 0x1C, 0x1E, 0x38, 0x0F, 0xF0, 0x00,
    0x00, 0x00, 0x03, 0x18, 0x1C, 0xC0, 0x77, 0x03, 0x9C, 0x0C, 0x60, 0x00, 0x00, 0x00, 0x0F, 0xC0,
    0xFF, 0x0E, 0x1C, 0xE0, 0xE7, 0x03, 0xB8, 0x1D, 0xC0, 0xEE, 0x07, 0x70, 0x3B, 0x83, 0x9E, 0x1C,
    0x79, 0xC1, 0xFC, 0x00, 0x00, 0x01, 0xC0, 0x07, 0xE0, 0x07, 0xF0, 0x0C, 0x30, 0x04, 0x10, 0x00,
    0x00, 0x07, 0xF0, 0x1E, 0x3C, 0x38, 0x1C, 0x38, 0x0E, 0x70, 0x0E, 0x70, 0x07, 0x70, 0x07, 0x70,
    0x07, 0x70, 0x07, 0x70, 0x07, 0x70, 0x07, 0x70, 0x0F, 0x70, 0x0E, 0x38, 0x0E, 0x38, 0x1C, 0x1E,
    0x38, 0x0F, 0xF0, 0x00, 0x00, 0x0F, 0x80, 0xFE, 0x06, 0x38, 0x20, 0xC0, 0x00, 0x00, 0x00, 0x3F,
    0x03, 0xFC, 0x38, 0x73, 0x83, 0x9C, 0x0E, 0xE0, 0x77, 0x03, 0xB8, 0x1D, 0xC0, 0xEE, 0x0E, 0x78,
    0x71, 0xE7, 0x07, 0xF0, 0x00, 0x00, 0x11, 0x80, 0x39, 0x80, 0x1D, 0xC0, 0x0C, 0xE0, 0x04, 0x60,
    0x00, 0x00, 0x7F, 0xF0, 0x3C, 0x78, 0x1C, 0x3C, 0x1C, 0x1C, 0x1C, 0x1C, 0x1C, 0x1C, 0x1C, 0x1C,
    0x1C, 0x38, 0x1F, 0xF0, 0x1F, 0xE0, 0x1C, 0x70, 0x1C, 0x78, 0x1C, 0x38, 0x1C, 0x3C, 0x1C, 0x1C,
    0x3C, 0x1E, 0x7F, 0x0F, 0x00, 0x0C, 0x43, 0x9C, 0x39, 0xC3, 0xB8, 0x33, 0x00, 0x00, 0x00, 0x3C,
    0xE7, 0xFC, 0x7F, 0x8F, 0x01, 0xC0, 0x38, 0x07, 0x00, 0xE0, 0x1C, 0x03, 0x80, 0x70, 0x0F, 0x03,
    0xF8, 0x03, 0x80, 0x07, 0xE0, 0x0F, 0xE0, 0x0C, 0x30, 0x08, 0x20, 0x00, 0x00, 0x7F, 0xF0, 0x3C,
    0x78, 0x1C, 0x3C, 0x1C, 0x1C, 0x1C, 0x1C, 0x1C, 0x1C, 0x1C, 0x1C, 0x1C, 0x38, 0x1F, 0xF0, 0x1F,
    0xE0, 0x1C, 0x70, 0x1C, 0x78, 0x1C, 0x38, 0x1C, 0x3C, 0x1C, 0x1C, 0x3C, 0x1E, 0x7F, 0x0F, 0x1F,
    0x0F, 0xE6, 0x19, 0x86, 0x00, 0x00, 0x07, 0x9D, 0xFF, 0x3F, 0xCF, 0x03, 0x80, 0xE0, 0x38, 0x0E,
    0x03, 0x80, 0xE0, 0x38, 0x0F, 0x07, 0xF0, 0x08, 0x80, 0x0E, 0xE0, 0x07, 0x38, 0x00, 0xCE, 0x00,
    0x22, 0x00, 0x00, 0x03, 0xF8, 0x7E, 0xF8, 0x1E, 0x38, 0x06, 0x1C, 0x03, 0x0E, 0x01, 0x87, 0x00,
    0xC3, 0x80, 0x61, 0xC0, 0x30, 0xE0, 0x18, 0x70, 0x0C, 0x38, 0x06, 0x1C, 0x03, 0x0E, 0x01, 0x87,
    0x81, 0xC1, 0xC0, 0xC0, 0x79, 0xC0, 0x1F, 0xC0, 0x00, 0x00, 0x00, 0x00, 0x8C, 0x07, 0x38, 0x0E,
    0xE0, 0x19, 0xC0, 0x73, 0x00, 0x00, 0x00, 0x00, 0x78, 0xF1, 0xE3, 0xC3, 0x87, 0x0E, 0x1C, 0x38,
    0x70, 0xE1, 0xC3, 0x87, 0x0E, 0x1C, 0x38, 0x70, 0xE1, 0xC3, 0x87, 0x0F, 0xFE, 0x1F, 0xBC, 0x00,
    0x00, 0x01, 0xC0, 0x01, 0xF8, 0x01, 0xFC, 0x00, 0xC2, 0x00, 0x41, 0x00, 0x00, 0x03, 0xF8, 0x7E,
    0xF8, 0x1E, 0x38, 0x06, 0x1C, 0x03, 0x0E, 0x01, 0x87, 0x00, 0xC3, 0x80, 0x61, 0xC0, 0x30, 0xE0,
    0x18, 0x70, 0x0C, 0x38, 0x06, 0x1C, 0x03, 0x0E, 0x01, 0x87, 0x81, 0xC1, 0xC0, 0xC0, 0x79, 0xC0,
    0x1F, 0xC0, 0x00, 0x00, 0x0F, 0x80, 0x7F, 0x01, 0x86, 0x06, 0x18, 0x00, 0x00, 0x00, 0x07, 0x8F,
    0x1E, 0x3C, 0x38, 0x70, 0xE1, 0xC3, 0x87, 0x0E, 0x1C, 0x38, 0x70, 0xE1, 0xC3, 0x87, 0x0E, 0x1C,
    0x38, 0x70, 0xFF, 0xE1, 0xFB, 0xC0, 0x00, 0x00, 0x01, 0xFE, 0x78, 0xE6, 0x06, 0xE0, 0x6E, 0x06,
    0x70, 0x07, 0xC0, 0x3F, 0x01, 0xFC, 0x07, 0xE0, 0x1F, 0x00, 0xFC, 0x07, 0xE0, 0x7E, 0x06, 0xF1,
    0xE7, 0xFC, 0x00, 0x00, 0x60, 0x0E, 0x00, 0x60, 0x06, 0x00, 0x40, 0x00, 0x00, 0x00, 0x0F, 0xC7,
    0x7B, 0x86, 0xE1, 0xBC, 0x0F, 0xC1, 0xFC, 0x1F, 0x81, 0xEC, 0x1F, 0x06, 0xE3, 0xBF, 0xC0, 0x00,
    0x60, 0x1C, 0x07, 0x00, 0xC0, 0x60, 0x00, 0x00, 0x00, 0x00, 0x7F, 0xFE, 0x7B, 0xDE, 0xE3, 0x86,
    0xE3, 0x87, 0xE3, 0x87, 0xC3, 0x83, 0x03, 0x80, 0x03, 0x80, 0x03, 0x80, 0x03, 0x80, 0x03, 0x80,
    0x03, 0x80, 0x03, 0x80, 0x03, 0x80, 0x03, 0x80, 0x07, 0xE0, 0x1F, 0xF8, 0x00, 0x00, 0x01, 0x80,
    0x03, 0xC0, 0x01, 0xC0, 0x01, 0x80, 0x01, 0x80, 0x00, 0x00, 0x00, 0x0C, 0x0E, 0x07, 0x07, 0xF7,
    0xF8, 0xE0, 0x70, 0x38, 0x1C, 0x0E, 0x07, 0x03, 0x81, 0xC0, 0xE0, 0x7F, 0x3F, 0x00, 0x06, 0x03,
    0x81, 0xC0, 0x60, 0x60, 0x00, 0x00, 0x07, 0xF8, 0xF3, 0xCE, 0x1C, 0xC1, 0xE4, 0x1E, 0x01, 0xC0,
    0x38, 0x0F, 0x01, 0xF8, 0x01, 0xC0, 0x0E, 0x00, 0xE0, 0x0E, 0x00, 0xE0, 0x0E, 0x01, 0xC0, 0x38,
    0x07, 0x01, 0xE0, 0x38, 0x00, 0x00, 0x00, 0x0F, 0xE3, 0xCE, 0x70, 0xEC, 0x1C, 0x03, 0x80, 0xE0,
    0x38, 0x1E, 0x07, 0xF0, 0x07, 0x00, 0xE0, 0x0C, 0x01, 0x80, 0x70, 0x0E, 0x03, 0x80, 0xE0, 0x78,
    0x0C, 0x00, 0x00, 0x00, 0x01, 0xC6, 0x00, 0x3B, 0x00, 0x07, 0xC0, 0x00, 0xE0, 0x00, 0x00, 0x07,
    0xE1, 0xFC, 0xF0, 0x3E, 0x38, 0x07, 0x0E, 0x01, 0xC3, 0x80, 0x70, 0xE0, 0x1C, 0x38, 0x07, 0x0F,
    0xFF, 0xC3, 0xFF, 0xF0, 0xE0, 0x1C, 0x38, 0x07, 0x0E, 0x01, 0xC3, 0x80, 0x70, 0xE0, 0x1C, 0x38,
    0x07, 0x0F, 0x03, 0xE7, 0xE1, 0xFC, 0x00, 0x00, 0x63, 0x00, 0x77, 0x00, 0x3E, 0x00, 0x1C, 0x00,
    0x3C, 0x00, 0x7C, 0x00, 0x1C, 0x00, 0x1C, 0x00, 0x1C, 0x00, 0x1C, 0x00, 0x1D, 0xF8, 0x1F, 0xFC,
    0x1E, 0x1C, 0x1C, 0x1C, 0x1C, 0x1C, 0x1C, 0x1C, 0x1C, 0x1C, 0x1C, 0x1C, 0x1C, 0x1C, 0x1C, 0x1C,
    0x1C, 0x1C, 0x1E, 0x1E, 0x3F, 0x3F, 0x01, 0x8E, 0x1C, 0x38, 0x60, 0x00, 0x00, 0x63, 0xDE, 0x73,
    0x80, 0x00, 0x18, 0x1E, 0x1F, 0x8C, 0xCC, 0x34, 0x08, 0x71, 0x3F, 0xB3, 0xC0, 0xC0, 0xFF, 0xFC,
    0xC3, 0xC3, 0xFE, 0x7E, 0x00, 0x0E, 0xEE, 0x00, 0x73, 0xB9, 0xDC, 0xE0, 0x00, 0x21, 0xE7, 0xC7,
    0x18, 0xC3, 0x00, 0x01, 0xEC, 0xF3, 0xCD, 0xE3, 0x00, 0x00, 0x0C, 0x63, 0xB9, 0xCC, 0xE7, 0x31,
    0x80, 0x00, 0xC3, 0xE7, 0x7E, 0x3C, 0x3C, 0x00, 0xDB, 0x6C, 0x80, 0x00, 0x11, 0x8E, 0x71, 0xDC,
    0x73, 0x8E, 0x60, 0x00, 0x18, 0x3C, 0x3C, 0xC3, 0xC3, 0xFF, 0x7E, 0x00, 0x7C, 0xFE, 0xC3, 0xC3,
    0x7B, 0x7E, 0x80, 0xFD, 0xBC, 0xDF, 0xBC, 0x00, 0x18, 0x61, 0x9E, 0x60, 0xFB, 0xE0, 0x4E, 0xEE,
    0x42, 0x73, 0xB9, 0xDC, 0x60, 0x7B, 0x6C, 0xF2, 0x78, 0x00, 0xDF, 0xBC, 0x00, 0x01, 0x8E, 0x33,
    0xFD, 0x80, 0x00, 0x71, 0x87, 0x0E, 0x1F, 0x9E, 0x00, 0xDB, 0x6C, 0x1C, 0x1F, 0x1D, 0x9C, 0x6C,
    0x10, 0xC3, 0xE7, 0x7E, 0x3C, 0x7C, 0xFE, 0xC3, 0x83, 0x30, 0x3D, 0xB7, 0xC1, 0xC0, 0xFF, 0xFC,
    0xFF, 0xFF, 0xC0, 0x20, 0x7D, 0xBF, 0xD1, 0xC0, 0x01, 0xFC, 0x00, 0x00, 0x1F, 0xFF, 0xFF, 0x00,
    0x01, 0x03, 0x02, 0x06, 0x04, 0x04, 0x0C, 0x08, 0x18, 0x10, 0x30, 0x20, 0x20, 0x60, 0x40, 0xC0,
    0x80, 0x00, 0x80, 0x60, 0x10, 0x0C, 0x02, 0x00, 0x80, 0x60, 0x10, 0x0C, 0x02, 0x01, 0x80, 0x40,
    0x10, 0x0C, 0x02, 0x01, 0x80, 0x40, 0x30, 0x08, 0x00, 0x0E, 0xFE, 0x80, 0x38, 0x0F, 0x83, 0xBF,
    0xE3, 0xF8, 0x00, 0x00, 0x80, 0x38, 0x0F, 0x83, 0xBF, 0xE3, 0xF8, 0x00, 0x00, 0x7F, 0xFD, 0xFF,
    0xF0, 0x0E, 0x07, 0xF1, 0xEF, 0x60, 0x3C, 0x06, 0x00, 0x00, 0x00, 0x04, 0x00, 0x03, 0x1F, 0xFF,
    0xCF, 0xFF, 0xE0, 0x00, 0x60, 0x00, 0x00, 0x04, 0x00, 0x1C, 0x00, 0x3C, 0x00, 0x38, 0x00, 0x10,
    0x00, 0x00, 0x1F, 0xFE, 0x1E, 0x3C, 0x1C, 0x18, 0x38, 0x10, 0x70, 0x00, 0xE1, 0x01, 0xC6, 0x03,
    0xFC, 0x07, 0xF8, 0x0E, 0x30, 0x1C, 0x60, 0x38, 0x00, 0x70, 0x10, 0xE0, 0x71, 0xC0, 0xC7, 0xFF,
    0x9F, 0xFF, 0x00, 0x0C, 0x60, 0x1D, 0xC0, 0x3B, 0x80, 0x22, 0x00, 0x00, 0x0F, 0xFF, 0x0F, 0x1E,
    0x0E, 0x0C, 0x1C, 0x08, 0x38, 0x00, 0x70, 0x80, 0xE3, 0x01, 0xFE, 0x03, 0xFC, 0x07, 0x18, 0x0E,
    0x30, 0x1C, 0x00, 0x38, 0x08, 0x70, 0x38, 0xE0, 0x63, 0xFF, 0xCF, 0xFF, 0x80, 0x00, 0x00, 0x0F,
    0xFF, 0xE3, 0xEF, 0x7C, 0x71, 0xC3, 0x8E, 0x38, 0x31, 0x87, 0x06, 0x00, 0xE0, 0x00, 0x1C, 0x00,
    0x03, 0xFF, 0x00, 0x7F, 0xF0, 0x0F, 0x0F, 0x01, 0xC0, 0xE0, 0x38, 0x1C, 0x07, 0x03, 0x80, 0xE0,
    0x70, 0x1C, 0x0E, 0x07, 0xC1, 0xC1, 0xFE, 0x38, 0x00, 0x06, 0x00, 0x01, 0xC0, 0x00, 0x70, 0x00,
    0x3C, 0x00, 0x06, 0x00, 0x00, 0x40, 0x07, 0x00, 0x78, 0x03, 0x80, 0x10, 0x00, 0x03, 0xFF, 0xEF,
    0xBF, 0x38, 0x39, 0xC0, 0xCE, 0x06, 0x70, 0x33, 0x80, 0x1C, 0x00, 0xE0, 0x07, 0x00, 0x38, 0x01,
    0xC0, 0x0E, 0x00, 0x70, 0x03, 0x80, 0x3F, 0x03, 0xFE, 0x00, 0x00, 0x00, 0x0F, 0xF8, 0x38, 0x70,
    0xC0, 0xE3, 0x80, 0xCE, 0x01, 0x9C, 0x00, 0x38, 0x00, 0xFF, 0xE1, 0xFF, 0xC3, 0xC0, 0x03, 0x80,
    0x07, 0x00, 0x0E, 0x00, 0x1E, 0x03, 0x1E, 0x06, 0x1E, 0x1C, 0x1F, 0xF0, 0x00, 0x00, 0x00, 0x01,
    0xFE, 0x78, 0xE6, 0x06, 0xE0, 0x6E, 0x06, 0x70, 0x07, 0xC0, 0x3F, 0x01, 0xFC, 0x07, 0xE0, 0x1F,
    0x00, 0xFC, 0x07, 0xE0, 0x7E, 0x06, 0xF1, 0xE7, 0xFC, 0x00, 0x00, 0x00, 0x7F, 0x3E, 0x1C, 0x1C,
    0x1C, 0x1C, 0x1C, 0x1C, 0x1C, 0x1C, 0x1C, 0x1C, 0x1C, 0x1C, 0x1C, 0x3C, 0x7F, 0x76, 0x77, 0x76,
    0x24, 0x00, 0x7F, 0x3E, 0x1C, 0x1C, 0x1C, 0x1C, 0x1C, 0x1C, 0x1C, 0x1C, 0x1C, 0x1C, 0x1C, 0x1C,
    0x1C, 0x3C, 0x7F, 0x00, 0x1F, 0xC7, 0xC1, 0xC0, 0xE0, 0x70, 0x38, 0x1C, 0x0E, 0x07, 0x03, 0x81,
    0xC0, 0xE0, 0x70, 0x38, 0x1C, 0x0E, 0x07, 0x07, 0x03, 0x83, 0x83, 0x80, 0x00, 0x00, 0x00, 0x00,
    0x3F, 0xFE, 0x00, 0x3F, 0xF8, 0x00, 0x30, 0xE0, 0x00, 0x61, 0xC0, 0x00, 0xC3, 0x80, 0x01, 0x87,
    0x00, 0x03, 0x0F, 0xF0, 0x0C, 0x1F, 0xF8, 0x18, 0x38, 0x78, 0x30, 0x70, 0x78, 0x60, 0xE0, 0x70,
    0xC1, 0xC0, 0xE1, 0x83, 0x81, 0xC6, 0x07, 0x07, 0x1C, 0x0E, 0x0E, 0xF8, 0x3C, 0x79, 0xE0, 0xFF,
    0xE0, 0x00, 0x00, 0x00, 0x00, 0x00, 0x00, 0x3F, 0x1F, 0xE0, 0x0F, 0x03, 0xC0, 0x07, 0x01, 0xC0,
    0x03, 0x80, 0xE0, 0x01, 0xC0, 0x70, 0x00, 0xE0, 0x38, 0x00, 0x70, 0x1F, 0xF0, 0x3F, 0xFF, 0xFE,
    0x1F, 0xFF, 0x07, 0x8E, 0x03, 0x81, 0xC7, 0x01, 0xC0, 0xE3, 0x80, 0xE0, 0x71, 0xC0, 0x70, 0x38,
    0xE0, 0x38, 0x1C, 0x70, 0x1C, 0x1C, 0x3C, 0x0F, 0x1E, 0x3F, 0x0F, 0xFC, 0x00, 0x00, 0x00, 0x00,
    0x00, 0x00, 0x07, 0xFF, 0xF0, 0xFB, 0xDF, 0x0E, 0x38, 0x30, 0xE3, 0x83, 0x0C, 0x38, 0x30, 0x43,
    0x83, 0x00, 0x38, 0x00, 0x03, 0xBF, 0x00, 0x3F, 0xF8, 0x03, 0xC3, 0xC0, 0x38, 0x1C, 0x03, 0x81,
    0xC0, 0x38, 0x1C, 0x03, 0x81, 0xC0, 0x38, 0x1C, 0x07, 0xC1, 0xE1, 0xFF, 0x3F, 0x00, 0x40, 0x01,
    0xC0, 0x03, 0x80, 0x0E, 0x00, 0x10, 0x00, 0x00, 0x3F, 0x9F, 0xBC, 0x1E, 0x38, 0x30, 0x70, 0xE0,
    0xE3, 0x81, 0xC6, 0x03, 0x98, 0x07, 0x60, 0x0F, 0xE0, 0x1D, 0xE0, 0x39, 0xE0, 0x71, 0xC0, 0xE1,
    0xC1, 0xC3, 0x83, 0x83, 0x8F, 0x07, 0xFF, 0x87, 0x80, 0x02, 0x00, 0x03, 0x80, 0x01, 0xE0, 0x00,
    0x30, 0x00, 0x08, 0x00, 0x00, 0x03, 0xF8, 0xFE, 0xF8, 0x3E, 0x38, 0x0E, 0x1C, 0x0F, 0x0E, 0x0F,
    0x87, 0x0D, 0xC3, 0x86, 0xE1, 0xC6, 0x70, 0xE6, 0x38, 0x73, 0x1C, 0x3B, 0x0E, 0x1F, 0x07, 0x0F,
    0x03, 0x87, 0x81, 0xC3, 0x80, 0xE3, 0xC0, 0xFB, 0xF8, 0xFE, 0x0C, 0x18, 0x0E, 0x18, 0x06, 0x38,
    0x07, 0xF0, 0x01, 0xC0, 0x00, 0x00, 0xFE, 0x1F, 0x7C, 0x0E, 0x3C, 0x0C, 0x1C, 0x0C, 0x1C, 0x1C,
    0x0E, 0x18, 0x0E, 0x18, 0x07, 0x30, 0x07, 0x30, 0x03, 0xE0, 0x03, 0xE0, 0x01, 0xE0, 0x01, 0xC0,
    0x01, 0xC0, 0x01, 0x80, 0x1F, 0x80, 0x1F, 0x00, 0x04, 0x00, 0x00, 0x00, 0x1F, 0xCF, 0xE3, 0xE0,
    0xF0, 0x70, 0x38, 0x1C, 0x0E, 0x07, 0x03, 0x81, 0xC0, 0xE0, 0x70, 0x38, 0x1C, 0x0E, 0x07, 0x03,
    0x81, 0xC0, 0xE0, 0x70, 0x38, 0x1C, 0x0E, 0x07, 0x03, 0x81, 0xC0, 0xE0, 0x70, 0x38, 0x3F, 0xFF,
    0x1F, 0xFF, 0xE0, 0x0E, 0x00, 0x03, 0x00, 0x00, 0xC0, 0x00, 0x30, 0x00, 0x04, 0x00, 0x00, 0x00,
    0x00, 0x78, 0x00, 0x1E, 0x00, 0x07, 0xC0, 0x03, 0xF0, 0x00, 0xDC, 0x00, 0x33, 0x80, 0x1C, 0xE0,
    0x06, 0x38, 0x01, 0x87, 0x00, 0xE1, 0xC0, 0x30, 0x70, 0x0F, 0xFE, 0x07, 0xFF, 0x81, 0x80, 0xE0,
    0xE0, 0x3C, 0x38, 0x0F, 0x9F, 0x87, 0xF0, 0x00, 0x03, 0xFF, 0xE7, 0x9F, 0x8E, 0x0E, 0x38, 0x18,
    0xE0, 0x43, 0x80, 0x0E, 0x60, 0x3F, 0xF0, 0xE1, 0xE3, 0x83, 0xCE, 0x07, 0x38, 0x1C, 0xE0, 0x73,
    0x81, 0xCE, 0x0E, 0x78, 0xF3, 0xFF, 0x80, 0x00, 0x00, 0x00, 0x00, 0xFF, 0xE0, 0xF1, 0xE0, 0xE0,
    0xE1, 0xC1, 0xC3, 0x83, 0x87, 0x06, 0x0E, 0x1C, 0x1F, 0xF0, 0x3F, 0xF0, 0x70, 0xF0, 0xE0, 0xF1,
    0xC0, 0xE3, 0x81, 0xC7, 0x03, 0x8E, 0x0E, 0x3C, 0x7C, 0xFF, 0xE0, 0x00, 0x00, 0x00, 0x07, 0xFF,
    0xDF, 0x7E, 0x70, 0x73, 0x81, 0x9C, 0x0C, 0xE0, 0x67, 0x00, 0x38, 0x01, 0xC0, 0x0E, 0x00, 0x70,
    0x03, 0x80, 0x1C, 0x00, 0xE0, 0x07, 0x00, 0x7E, 0x07, 0xFC, 0x00, 0x00, 0x00, 0x3F, 0xFF, 0x1F,
    0xFC, 0x0C, 0x1C, 0x0C, 0x1C, 0x0C, 0x1C, 0x0C, 0x1C, 0x0C, 0x1C, 0x0C, 0x1C, 0x0C, 0x1C, 0x0C,
    0x1C, 0x1C, 0x1C, 0x18, 0x1C, 0x18, 0x1C, 0x18, 0x1C, 0x30, 0x1C, 0x7F, 0xFE, 0xFF, 0xFE, 0xE0,
    0x06, 0xE0, 0x06, 0xC0, 0x06, 0xC0, 0x06, 0x00, 0x00, 0x00, 0x00, 0xFF, 0xF0, 0xF1, 0xE0, 0xE0,
    0xC1, 0xC0, 0x83, 0x80, 0x07, 0x08, 0x0E, 0x30, 0x1F, 0xE0, 0x3F, 0xC0, 0x71, 0x80, 0xE3, 0x01,
    0xC0, 0x03, 0x80, 0x87, 0x03, 0x8E, 0x06, 0x3F, 0xFC, 0xFF, 0xF8, 0x00, 0x00, 0x00, 0xFC, 0x7F,
    0x3F, 0x78, 0x3C, 0x1E, 0x18, 0x1C, 0x18, 0x0C, 0x1C, 0x30, 0x0E, 0x1C, 0x70, 0x07, 0x1C, 0x60,
    0x03, 0x1C, 0xC0, 0x01, 0xBD, 0x80, 0x03, 0xFF, 0xC0, 0x07, 0x9D, 0xE0, 0x07, 0x1C, 0xF0, 0x0E,
    0x1C, 0x70, 0x1E, 0x1C, 0x38, 0x1C, 0x1C, 0x38, 0x38, 0x1C, 0x1C, 0x78, 0x3C, 0x1E, 0xF0, 0x7F,
    0x0F, 0x00, 0x03, 0xFE, 0x1C, 0x78, 0xC0, 0xE6, 0x07, 0x30, 0x38, 0x01, 0xC0, 0x1C, 0x0F, 0xC0,
    0x7F, 0x00, 0x3C, 0x00, 0xE0, 0x03, 0x80, 0x1D, 0x81, 0xEC, 0x0E, 0x70, 0xE3, 0xFE, 0x00, 0x00,
    0x00, 0x00, 0x7F, 0x1F, 0xDF, 0x07, 0xC7, 0x01, 0xC3, 0x81, 0xE1, 0xC1, 0xF0, 0xE1, 0xB8, 0x70,
    0xDC, 0x38, 0xCE, 0x1C, 0xC7, 0x0E, 0x63, 0x87, 0x61, 0xC3, 0xE0, 0xE1, 0xE0, 0x70, 0xF0, 0x38,
    0x70, 0x1C, 0x78, 0x1F, 0x7F, 0x1F, 0xC0, 0x0C, 0x18, 0x07, 0x0C, 0x03, 0x8E, 0x00, 0xFE, 0x00,
    0x1C, 0x00, 0x00, 0x03, 0xF8, 0xFE, 0xF8, 0x3E, 0x38, 0x0E, 0x1C, 0x0F, 0x0E, 0x0F, 0x87, 0x0D,
    0xC3, 0x86, 0xE1, 0xC6, 0x70, 0xE6, 0x38, 0x73, 0x1C, 0x3B, 0x0E, 0x1F, 0x07, 0x0F, 0x03, 0x87,
    0x81, 0xC3, 0x80, 0xE3, 0xC0, 0xFB, 0xF8, 0xFE, 0x00, 0x01, 0xFC, 0xFD, 0xE0, 0xF1, 0xC1, 0x83,
    0x87, 0x07, 0x1C, 0x0E, 0x30, 0x1C, 0xC0, 0x3B, 0x00, 0x7F, 0x00, 0xEF, 0x01, 0xCF, 0x03, 0x8E,
    0x07, 0x0E, 0x0E, 0x1C, 0x1C, 0x1C, 0x78, 0x3F, 0xFC, 0x3C, 0x00, 0x00, 0x3F, 0xFF, 0x0F, 0xFE,
    0x06, 0x1C, 0x06, 0x1C, 0x04, 0x1C, 0x0C, 0x1C, 0x0C, 0x1C, 0x0C, 0x1C, 0x0C, 0x1C, 0x0C, 0x1C,
    0x0C, 0x1C, 0x0C, 0x1C, 0x0C, 0x1C, 0x18, 0x1C, 0x38, 0x1C, 0xF0, 0x3E, 0xF0, 0xFF, 0x00, 0x00,
    0x00, 0x00, 0x00, 0xFE, 0x03, 0xF8, 0xFC, 0x0F, 0xC0, 0xFC, 0x1F, 0x01, 0xB8, 0x36, 0x03, 0x70,
    0x6C, 0x06, 0xE1, 0x9C, 0x0C, 0xE3, 0x38, 0x19, 0xC6, 0x70, 0x33, 0x98, 0xE0, 0x63, 0xB1, 0xC1,
    0xC7, 0x63, 0x83, 0x8F, 0xC7, 0x06, 0x0F, 0x0E, 0x0C, 0x1E, 0x0E, 0x18, 0x3C, 0x1C, 0x78, 0x30,
    0x7D, 0xF8, 0x01, 0xFC, 0x00, 0x00, 0x1F, 0x87, 0xF3, 0xC0, 0xF8, 0xE0, 0x1C, 0x38, 0x07, 0x0E,
    0x01, 0xC3, 0x80, 0x70, 0xE0, 0x1C, 0x3F, 0xFF, 0x0F, 0xFF, 0xC3, 0x80, 0x70, 0xE0, 0x1C, 0x38,
    0x07, 0x0E, 0x01, 0xC3, 0x80, 0x70, 0xE0, 0x1C, 0x3C, 0x0F, 0x9F, 0x87, 0xF0, 0x00, 0x00, 0x07,
    0xF0, 0x1E, 0x3C, 0x38, 0x1C, 0x38, 0x0E, 0x70, 0x0E, 0x70, 0x07, 0x70, 0x07, 0x70, 0x07, 0x70,
    0x07, 0x70, 0x07, 0x70, 0x07, 0x70, 0x0F, 0x70, 0x0E, 0x38, 0x0E, 0x38, 0x1C, 0x1E, 0x38, 0x0F,
    0xF0, 0x00, 0x00, 0x00, 0x00, 0x7F, 0xFF, 0x9F, 0xFF, 0x87, 0x01, 0x83, 0x80, 0xC1, 0xC0, 0x60,
    0xE0, 0x30, 0x70, 0x18, 0x38, 0x0C, 0x1C, 0x06, 0x0E, 0x03, 0x07, 0x01, 0x83, 0x80, 0xC1, 0xC0,
    0x60, 0xE0, 0x30, 0x70, 0x18, 0x7C, 0x1E, 0x7F, 0x1F, 0x80, 0x00, 0x00, 0xFF, 0xE0, 0xF1, 0xE0,
    0xE0, 0xE1, 0xC1, 0xC3, 0x83, 0x87, 0x07, 0x0E, 0x0E, 0x1C, 0x1C, 0x38, 0x70, 0x7F, 0xC0, 0xFE,
    0x01, 0xC0, 0x03, 0x80, 0x07, 0x00, 0x0E, 0x00, 0x3E, 0x00, 0xFF, 0x00, 0x00, 0x40, 0x0F, 0xF8,
    0x78, 0x70, 0xE0, 0xE3, 0x80, 0xCE, 0x01, 0x9C, 0x00, 0x38, 0x00, 0xF0, 0x01, 0xE0, 0x03, 0xC0,
    0x03, 0x80, 0x07, 0x00, 0x0E, 0x00, 0x1E, 0x03, 0x1E, 0x06, 0x1E, 0x1C, 0x1F, 0xF0, 0x00, 0x00,
    0x00, 0x00, 0x7F, 0xFE, 0x7B, 0xDE, 0xE3, 0x86, 0xE3, 0x87, 0xE3, 0x87, 0xC3, 0x83, 0x03, 0x80,
    0x03, 0x80, 0x03, 0x80, 0x03, 0x80, 0x03, 0x80, 0x03, 0x80, 0x03, 0x80, 0x03, 0x80, 0x03, 0x80,
    0x07, 0xE0, 0x1F, 0xF8, 0x00, 0x00, 0xFE, 0x1F, 0x7C, 0x0E, 0x3C, 0x0C, 0x1C, 0x0C, 0x1C, 0x1C,
    0x0E, 0x18, 0x0E, 0x18, 0x07, 0x30, 0x07, 0x30, 0x03, 0xE0, 0x03, 0xE0, 0x01, 0xE0, 0x01, 0xC0,
    0x01, 0xC0, 0x01, 0x80, 0x1F, 0x80, 0x1F, 0x00, 0x04, 0x00, 0x01, 0xFC, 0x00, 0x3F, 0xC0, 0x00,
    0x60, 0x00, 0x3F, 0xE0, 0x0F, 0xFF, 0x83, 0xC6, 0x1C, 0x70, 0x60, 0xE7, 0x06, 0x0E, 0x70, 0x60,
    0xF7, 0x06, 0x07, 0x70, 0x60, 0xE7, 0x06, 0x0E, 0x78, 0x61, 0xC3, 0xC6, 0x38, 0x0F, 0xFF, 0x00,
    0x0F, 0x00, 0x00, 0x60, 0x00, 0x3F, 0xC0, 0x01, 0xFC, 0x00, 0x00, 0x00, 0x7F, 0x9F, 0x9F, 0x07,
    0x83, 0x83, 0x81, 0xE1, 0x80, 0x71, 0x80, 0x1D, 0x80, 0x0F, 0xC0, 0x03, 0xC0, 0x00, 0xE0, 0x00,
    0xF8, 0x00, 0xDC, 0x00, 0x67, 0x00, 0x63, 0xC0, 0x70, 0xE0, 0x30, 0x38, 0x78, 0x1E, 0x7F, 0x3F,
    0xC0, 0x00, 0x00, 0xFE, 0x3F, 0x7C, 0x1E, 0x38, 0x1C, 0x38, 0x1C, 0x38, 0x1C, 0x38, 0x1C, 0x38,
    0x1C, 0x38, 0x1C, 0x38, 0x1C, 0x38, 0x1C, 0x38, 0x1C, 0x38, 0x1C, 0x38, 0x1C, 0x38, 0x1C, 0x38,
    0x1C, 0x7F, 0xFF, 0xFF, 0xFF, 0x00, 0x07, 0x00, 0x07, 0x00, 0x07, 0x00, 0x03, 0x00, 0x00, 0x00,
    0x00, 0xFC, 0x7F, 0x78, 0x3C, 0x70, 0x1C, 0x70, 0x1C, 0x70, 0x1C, 0x70, 0x1C, 0x70, 0x1C, 0x38,
    0x1C, 0x3C, 0x3C, 0x1F, 0xFC, 0x07, 0x9C, 0x00, 0x1C, 0x00, 0x1C, 0x00, 0x1C, 0x00, 0x1C, 0x00,
    0x3C, 0x00, 0xFF, 0x00, 0x00, 0x00, 0xFE, 0x7E, 0x7E, 0x7C, 0x3C, 0x3C, 0x38, 0x38, 0x1C, 0x38,
    0x38, 0x1C, 0x38, 0x38, 0x1C, 0x38, 0x38, 0x1C, 0x38, 0x38, 0x1C, 0x38, 0x38, 0x1C, 0x38, 0x38,
    0x1C, 0x38, 0x38, 0x1C, 0x38, 0x38, 0x1C, 0x38, 0x38, 0x1C, 0x38, 0x38, 0x1C, 0x38, 0x38, 0x1C,
    0x38, 0x38, 0x1C, 0x7F, 0xFF, 0xFE, 0xFF, 0xFF, 0xFF, 0x00, 0x00, 0x00, 0xFE, 0x7E, 0x7E, 0x7C,
    0x3C, 0x3C, 0x38, 0x38, 0x1C, 0x38, 0x38, 0x1C, 0x38, 0x38, 0x1C, 0x38, 0x38, 0x1C, 0x38, 0x38,
    0x1C, 0x38, 0x38, 0x1C, 0x38, 0x38, 0x1C, 0x38, 0x38, 0x1C, 0x38, 0x38, 0x1C, 0x38, 0x38, 0x1C,
    0x38, 0x38, 0x1C, 0x38, 0x38, 0x1C, 0x38, 0x38, 0x1C, 0x7F, 0xFF, 0xFF, 0xFF, 0xFF, 0xFF, 0x00,
    0x00, 0x07, 0x00, 0x00, 0x07, 0x00, 0x00, 0x07, 0x00, 0x00, 0x06, 0x00, 0x00, 0x00, 0x00, 0x00,
    0x0F, 0xFE, 0x01, 0xEF, 0x00, 0x31, 0xC0, 0x0E, 0x38, 0x01, 0xC7, 0x00, 0x30, 0xE0, 0x00, 0x1F,
    0xF0, 0x03, 0xFF, 0x80, 0x70, 0x78, 0x0E, 0x07, 0x01, 0xC0, 0xE0, 0x38, 0x1C, 0x07, 0x03, 0x80,
    0xE0, 0x70, 0x1C, 0x1C, 0x03, 0x8F, 0x81, 0xFF, 0xC0, 0x00, 0x00, 0x00, 0x00, 0x00, 0x03, 0xF8,
    0x0F, 0xF7, 0x80, 0x0F, 0x8E, 0x00, 0x1C, 0x38, 0x00, 0x70, 0xE0, 0x01, 0xC3, 0x80, 0x07, 0x0F,
    0xF0, 0x1C, 0x3F, 0xF0, 0x70, 0xE1, 0xE1, 0xC3, 0x83, 0x87, 0x0E, 0x07, 0x1C, 0x38, 0x1C, 0x70,
    0xE0, 0x71, 0xC3, 0x83, 0x87, 0x0E, 0x0E, 0x1C, 0x78, 0xF0, 0xF3, 0xFF, 0x8F, 0xF0, 0x00, 0x00,
    0x00, 0x00, 0x03, 0xF8, 0x07, 0x80, 0x0E, 0x00, 0x38, 0x00, 0xE0, 0x03, 0x80, 0x0F, 0xF0, 0x3F,
    0xF0, 0xE1, 0xE3, 0x83, 0x8E, 0x07, 0x38, 0x1C, 0xE0, 0x73, 0x83, 0x8E, 0x0E, 0x78, 0xF3, 0xFF,
    0x80, 0x00, 0x00, 0x00, 0x00, 0xFF, 0x81, 0xC3, 0xC3, 0x03, 0xC6, 0x03, 0x8C, 0x07, 0x80, 0x07,
    0x00, 0x0E, 0x0F, 0xFC, 0x1F, 0xF8, 0x00, 0x70, 0x00, 0xE0, 0x01, 0xC0, 0x03, 0x98, 0x0E, 0x30,
    0x38, 0x70, 0xE0, 0xFF, 0x80, 0x00, 0x00, 0x00, 0x00, 0x01, 0xFC, 0x1F, 0xC1, 0xE0, 0x71, 0xE1,
    0xC1, 0xC1, 0xC3, 0x87, 0x01, 0xC7, 0x0E, 0x03, 0x8E, 0x38, 0x03, 0x9C, 0x70, 0x07, 0x3F, 0xE0,
    0x0E, 0x7F, 0xC0, 0x1C, 0xE3, 0x80, 0x39, 0xC7, 0x00, 0x73, 0x8E, 0x00, 0xE7, 0x1E, 0x03, 0x8E,
    0x1C, 0x07, 0x1C, 0x3C, 0x1C, 0x78, 0x3C, 0x71, 0xFC, 0x1F, 0xC0, 0x00, 0x00, 0x00, 0x00, 0x00,
    0x07, 0xFF, 0x1F, 0x1C, 0x1C, 0x1C, 0x38, 0x1C, 0x38, 0x1C, 0x38, 0x1C, 0x38, 0x1C, 0x1C, 0x1C,
    0x0F, 0xFC, 0x07, 0xFC, 0x06, 0x1C, 0x0E, 0x1C, 0x1C, 0x1C, 0x1C, 0x1C, 0x38, 0x1C, 0x78, 0x3C,
    0xF0, 0xFF, 0x1F, 0x87, 0xFC, 0x61, 0xC0, 0x0E, 0x00, 0xE0, 0xFE, 0x3F, 0xE7, 0x0E, 0xF0, 0xEE,
    0x0E, 0xF0, 0xE7, 0xFE, 0x3E, 0xF0, 0x00, 0x00, 0x30, 0x03, 0x81, 0xFC, 0x1F, 0xE1, 0xE0, 0x18,
    0x01, 0xC0, 0x0C, 0xF8, 0x7F, 0xE3, 0x83, 0x9C, 0x1C, 0xE0, 0x77, 0x03, 0xB8, 0x1D, 0xC0, 0xEE,
    0x07, 0x70, 0x71, 0xC3, 0x8F, 0x38, 0x3F, 0x80, 0x00, 0x00, 0x7F, 0xC3, 0xFF, 0x8E, 0x1C, 0x70,
    0xE3, 0x87, 0x1C, 0xF0, 0xFF, 0xC7, 0x0F, 0x38, 0x39, 0xC1, 0xCE, 0x0E, 0x71, 0xE7, 0xFE, 0x00,
    0x00, 0x7F, 0xE7, 0xFE, 0x38, 0x63, 0x86, 0x38, 0x63, 0x80, 0x38, 0x03, 0x80, 0x38, 0x03, 0x80,
    0x38, 0x03, 0xC0, 0x7F, 0x00, 0x1F, 0xFC, 0x3F, 0xF8, 0x18, 0xE0, 0x31, 0xC0, 0x43, 0x81, 0x87,
    0x03, 0x0E, 0x06, 0x1C, 0x0C, 0x38, 0x18, 0x70, 0x60, 0xE3, 0xFF, 0xE7, 0xFF, 0xCE, 0x01, 0x98,
    0x03, 0x30, 0x06, 0x60, 0x0C, 0x00, 0x00, 0x00, 0x00, 0xFC, 0x3F, 0xE3, 0x0E, 0x70, 0xE7, 0x06,
    0xFF, 0xEF, 0xFE, 0xF0, 0x07, 0x00, 0x70, 0x07, 0x80, 0x3F, 0xE1, 0xFC, 0x00, 0x00, 0x7C, 0xF9,
    0xF3, 0xE7, 0xCF, 0x86, 0x1C, 0x30, 0x18, 0xE3, 0x00, 0xC7, 0x30, 0x03, 0x3B, 0x80, 0x1F, 0xFC,
    0x01, 0xCE, 0x70, 0x1C, 0x71, 0xC0, 0xE3, 0x8E, 0x0E, 0x1C, 0x38, 0xE0, 0xE1, 0xEF, 0x1F, 0x87,
    0x80, 0x00, 0x07, 0xF1, 0xEF, 0x30, 0xE6, 0x1C, 0x03, 0x81, 0xE0, 0x7C, 0x03, 0xC0, 0x3D, 0x03,
    0xB0, 0x77, 0x1C, 0xFF, 0x00, 0x00, 0x7E, 0x7E, 0xFC, 0xFC, 0xE0, 0xF1, 0xC1, 0xE3, 0x87, 0xC7,
    0x1B, 0x8E, 0x67, 0x1D, 0x8E, 0x3E, 0x1C, 0x7C, 0x38, 0xF0, 0x71, 0xE1, 0xE7, 0xE7, 0xE0, 0x0C,
    0x30, 0x18, 0xE0, 0x39, 0xC0, 0x3F, 0x00, 0x00, 0x00, 0x00, 0x1F, 0x9F, 0xBF, 0x3F, 0x38, 0x3C,
    0x70, 0x78, 0xE1, 0xF1, 0xC6, 0xE3, 0x99, 0xC7, 0x63, 0x8F, 0x87, 0x1F, 0x0E, 0x3C, 0x1C, 0x78,
    0x79, 0xF9, 0xF8, 0x7E, 0xFC, 0xFC, 0xF8, 0xE1, 0xC1, 0xC3, 0x03, 0x8C, 0x07, 0x30, 0x0F, 0xF0,
    0x1C, 0xE0, 0x38, 0xE0, 0x70, 0xE0, 0xE1, 0xC1, 0xE1, 0xE7, 0xE3, 0xC0, 0x3F, 0xF9, 0xFF, 0xC2,
    0x1C, 0x10, 0xE1, 0x87, 0x0C, 0x38, 0x61, 0xC3, 0x0E, 0x18, 0x70, 0xC3, 0x9E, 0x1D, 0xE1, 0xEE,
    0x1F, 0x80, 0x00, 0x7E, 0x0F, 0x87, 0xE3, 0xF0, 0x7C, 0x7C, 0x0F, 0x8F, 0x81, 0xF1, 0x70, 0x37,
    0x6E, 0x0E, 0xED, 0xC1, 0x9D, 0x38, 0x31, 0xE7, 0x06, 0x3C, 0x60, 0xC7, 0x8E, 0x3C, 0xE3, 0xCF,
    0xCC, 0xFC, 0x7E, 0x7E, 0xFC, 0xFC, 0xE0, 0x71, 0xC0, 0xE3, 0x81, 0xC7, 0xFF, 0x8F, 0xFF, 0x1C,
    0x0E, 0x38, 0x1C, 0x70, 0x38, 0xE0, 0x71, 0xE1, 0xE7, 0xE7, 0xE0, 0x00, 0x00, 0x7E, 0x07, 0xF8,
    0x70, 0xE7, 0x07, 0x38, 0x1D, 0xC0, 0xEE, 0x07, 0x70, 0x3B, 0x81, 0xDC, 0x1C, 0xF0, 0xE3, 0xCE,
    0x0F, 0xE0, 0x00, 0x00, 0x7F, 0xFE, 0xFF, 0xF8, 0xE0, 0xE1, 0xC1, 0xC3, 0x83, 0x87, 0x07, 0x0E,
    0x0E, 0x1C, 0x1C, 0x38, 0x38, 0x70, 0x70, 0xE0, 0xE1, 0xE1, 0xE7, 0xEF, 0xE0, 0x00, 0x03, 0xDF,
    0x8F, 0xFF, 0x0E, 0x1E, 0x38, 0x38, 0xE0, 0xE3, 0x83, 0x8E, 0x0F, 0x38, 0x38, 0xE0, 0xE3, 0x83,
    0x8E, 0x1C, 0x38, 0xE0, 0xFF, 0x03, 0x80, 0x0E, 0x00, 0x38, 0x00, 0xE0, 0x0F, 0xE0, 0x3F, 0x80,
    0x00, 0x01, 0xFC, 0x77, 0x9C, 0x77, 0x06, 0xE0, 0x1C, 0x03, 0x80, 0x70, 0x0E, 0x01, 0xC0, 0x3C,
    0x03, 0xFE, 0x3F, 0x80, 0x00, 0x7F, 0xF9, 0xFF, 0xE6, 0x31, 0x98, 0xC6, 0x63, 0x18, 0x0C, 0x00,
    0x30, 0x00, 0xC0, 0x03, 0x00, 0x0C, 0x00, 0x30, 0x03, 0xF0, 0x1F, 0xE0, 0xFC, 0xFB, 0xF1, 0xE7,
    0x03, 0x0E, 0x1C, 0x38, 0x60, 0xE1, 0x81, 0xCE, 0x07, 0x30, 0x0C, 0xC0, 0x3B, 0x00, 0xF8, 0x01,
    0xE0, 0x07, 0x80, 0x0C, 0x00, 0x30, 0x01, 0x80, 0x3E, 0x00, 0xF0, 0x03, 0x80, 0x00, 0x01, 0xE0,
    0x00, 0x3C, 0x00, 0x03, 0x80, 0x00, 0x70, 0x00, 0x0E, 0x00, 0x01, 0xC0, 0x03, 0xFF, 0xC1, 0xEF,
    0xFE, 0x38, 0xE1, 0xCE, 0x1C, 0x3D, 0xC3, 0x83, 0xB8, 0x70, 0x77, 0x0E, 0x0E, 0xE1, 0xC1, 0xDC,
    0x38, 0x3B, 0x87, 0x0E, 0x78, 0xE1, 0xC7, 0xFE, 0x70, 0x7F, 0xFC, 0x02, 0x70, 0x00, 0x0E, 0x00,
    0x01, 0xC0, 0x00, 0x38, 0x00, 0x0F, 0xC0, 0x01, 0xF8, 0x00, 0xFC, 0xF9, 0xF1, 0xE3, 0x86, 0x07,
    0x38, 0x0E, 0xC0, 0x3E, 0x00, 0x78, 0x01, 0xE0, 0x0D, 0xC0, 0x67, 0x83, 0x8F, 0x1C, 0x3E, 0xFD,
    0xFC, 0x7E, 0xFE, 0xFC, 0xF8, 0xE0, 0xE1, 0xC1, 0xC3, 0x83, 0x87, 0x07, 0x0E, 0x0E, 0x1C, 0x1C,
    0x38, 0x38, 0x70, 0x70, 0xE0, 0xE1, 0xFF, 0xE7, 0xFF, 0xE0, 0x01, 0xC0, 0x03, 0x00, 0x06, 0x00,
    0x0C, 0x00, 0x00, 0xFC, 0xFF, 0xF3, 0xF3, 0x07, 0x0C, 0x1C, 0x30, 0x70, 0xE1, 0xC3, 0xC7, 0x07,
    0xFC, 0x07, 0x70, 0x01, 0xC0, 0x07, 0x00, 0x1E, 0x01, 0xFC, 0x7E, 0xFD, 0xF9, 0xF3, 0xF7, 0xE3,
    0x83, 0x07, 0x0E, 0x0C, 0x1C, 0x38, 0x30, 0x70, 0xE0, 0xC1, 0xC3, 0x83, 0x07, 0x0E, 0x0C, 0x1C,
    0x38, 0x30, 0x70, 0xE0, 0xC1, 0xC3, 0x83, 0x07, 0x0F, 0xFF, 0xFC, 0x7F, 0xFF, 0xF8, 0x7E, 0xFD,
    0xF9, 0xF3, 0xF7, 0xE3, 0x83, 0x07, 0x0E, 0x0C, 0x1C, 0x38, 0x30, 0x70, 0xE0, 0xC1, 0xC3, 0x83,
    0x07, 0x0E, 0x0C, 0x1C, 0x38, 0x30, 0x70, 0xE0, 0xC1, 0xC3, 0x83, 0x07, 0x0F, 0xFF, 0xFE, 0x7F,
    0xFF, 0xFC, 0x00, 0x00, 0x60, 0x00, 0x01, 0x80, 0x00, 0x06, 0x00, 0x00, 0x18, 0x00, 0x00, 0x00,
    0x7F, 0xE0, 0x7F, 0xC0, 0x63, 0x00, 0x63, 0x00, 0x63, 0x00, 0x03, 0xFC, 0x03, 0xFE, 0x03, 0x0F,
    0x03, 0x07, 0x03, 0x07, 0x03, 0x0E, 0x07, 0x9E, 0x1F, 0xFC, 0x00, 0x00, 0x7E, 0x07, 0xEF, 0xC0,
    0xFC, 0xE0, 0x0E, 0x1C, 0x01, 0xC3, 0x80, 0x38, 0x7F, 0x87, 0x0F, 0xFC, 0xE1, 0xC3, 0x9C, 0x38,
    0x73, 0x87, 0x0E, 0x70, 0xE1, 0xCE, 0x1C, 0x79, 0xE7, 0xFC, 0x7E, 0x00, 0x00, 0x00, 0x7E, 0x03,
    0xF0, 0x0E, 0x00, 0x70, 0x03, 0x80, 0x1F, 0xE0, 0xFF, 0xC7, 0x0E, 0x38, 0x71, 0xC3, 0x8E, 0x1C,
    0x71, 0xE7, 0xFC, 0x00, 0x00, 0x00, 0x1F, 0xC3, 0xBE, 0x61, 0xEC, 0x1C, 0x03, 0x84, 0x70, 0xFE,
    0x19, 0xC0, 0x3B, 0x07, 0x60, 0xCE, 0x79, 0xFC, 0x00, 0x00, 0x00, 0x00, 0x07, 0xE1, 0xF8, 0x7E,
    0x3F, 0xC3, 0x87, 0x0E, 0x38, 0x60, 0x73, 0x8E, 0x07, 0x3F, 0xE0, 0x73, 0xFE, 0x07, 0x38, 0xE0,
    0x73, 0x8E, 0x07, 0x38, 0xE0, 0x73, 0x87, 0x0E, 0x3C, 0x79, 0xC7, 0xE3, 0xF8, 0x00, 0x00, 0x00,
    0x1F, 0xF9, 0xFF, 0xDC, 0x38, 0xE1, 0xC7, 0x0E, 0x38, 0x70, 0xFF, 0x81, 0xFC, 0x1C, 0xE0, 0xC7,
    0x0E, 0x38, 0xE1, 0xEF, 0x1F, 0x80, 0x00, 0x01, 0x80, 0x1C, 0x01, 0xE0, 0x0F, 0x00, 0x30, 0x00,
    0x00, 0x00, 0x0F, 0xC3, 0xFE, 0x30, 0xE7, 0x0E, 0x70, 0x6F, 0xFE, 0xFF, 0xEF, 0x00, 0x70, 0x07,
    0x00, 0x78, 0x03, 0xFE, 0x1F, 0xC0, 0x00, 0x00, 0x01, 0xCC, 0x3D, 0xE1, 0x8C, 0x00, 0x00, 0x00,
    0x0F, 0xC3, 0xFE, 0x30, 0xE7, 0x0E, 0x70, 0x6F, 0xFE, 0xFF, 0xEF, 0x00, 0x70, 0x07, 0x00, 0x78,
    0x03, 0xFE, 0x1F, 0xC0, 0x00, 0x78, 0x03, 0xE0, 0x03, 0x80, 0x1F, 0xC0, 0x7F, 0x00, 0xE0, 0x03,
    0x80, 0x0E, 0xFC, 0x3F, 0xF8, 0xF0, 0xE3, 0x83, 0x8E, 0x0E, 0x38, 0x38, 0xE0, 0xE3, 0x83, 0x8E,
    0x0E, 0x38, 0x38, 0xF0, 0xE7, 0xE3, 0x80, 0x0E, 0x00, 0x38, 0x00, 0xE0, 0x03, 0x80, 0x3C, 0x00,
    0xE0, 0x00, 0x00, 0x18, 0x03, 0xC0, 0x78, 0x07, 0x00, 0xE0, 0x00, 0x00, 0x00, 0x7F, 0xE7, 0xFE,
    0x38, 0x63, 0x86, 0x38, 0x63, 0x80, 0x38, 0x03, 0x80, 0x38, 0x03, 0x80, 0x38, 0x03, 0xC0, 0x7F,
    0x00, 0x00, 0x01, 0xFC, 0x7B, 0x98, 0x37, 0x06, 0xE0, 0x1D, 0xC3, 0xF8, 0x70, 0x0E, 0x01, 0xC1,
    0xBC, 0x33, 0xCE, 0x3F, 0xC0, 0x80, 0x00, 0x0F, 0xC7, 0x7B, 0x86, 0xE1, 0xBC, 0x0F, 0xC1, 0xFC,
    0x1F, 0x81, 0xEC, 0x1F, 0x06, 0xE3, 0xBF, 0xC0, 0x00, 0x00, 0x70, 0xF1, 0xC0, 0x00, 0x1E, 0x3C,
    0x38, 0x70, 0xE1, 0xC3, 0x87, 0x0E, 0x1C, 0x38, 0x79, 0xF8, 0x00, 0x39, 0xDC, 0xEE, 0x60, 0x00,
    0x00, 0xF0, 0x78, 0x1C, 0x0E, 0x07, 0x03, 0x81, 0xC0, 0xE0, 0x70, 0x38, 0x1C, 0x0F, 0x0F, 0xC0,
    0x00, 0x38, 0x70, 0xE0, 0x00, 0x0F, 0x1E, 0x1C, 0x38, 0x70, 0xE1, 0xC3, 0x87, 0x0E, 0x1C, 0x38,
    0x70, 0xE1, 0xC3, 0x87, 0x3C, 0x60, 0x3F, 0xF8, 0x07, 0xFF, 0x00, 0x21, 0x80, 0x0C, 0x30, 0x01,
    0x86, 0x00, 0x30, 0xFF, 0x06, 0x1F, 0xF0, 0xC3, 0x0E, 0x18, 0x60, 0xE3, 0x0C, 0x1D, 0xE1, 0x87,
    0x78, 0x79, 0xEE, 0x1F, 0xF8, 0x00, 0x00, 0x00, 0x7E, 0x7E, 0x03, 0xF3, 0xF0, 0x0E, 0x06, 0x00,
    0x70, 0x30, 0x03, 0x81, 0x80, 0x1F, 0xFF, 0xF0, 0xFF, 0xFF, 0xC7, 0x03, 0x0F, 0x38, 0x18, 0x39,
    0xC0, 0xC1, 0xCE, 0x06, 0x1C, 0x78, 0x79, 0xE7, 0xE7, 0xFE, 0x00, 0x00, 0x00, 0x78, 0x01, 0xF0,
    0x00, 0xE0, 0x03, 0xF8, 0x07, 0xF0, 0x07, 0x00, 0x0E, 0xFC, 0x1F, 0xFC, 0x3C, 0x38, 0x70, 0x70,
    0xE0, 0xE1, 0xC1, 0xC3, 0x83, 0x87, 0x07, 0x0E, 0x0E, 0x1C, 0x1C, 0x38, 0x38, 0x78, 0x79, 0xF9,
    0xF8, 0x00, 0x00, 0x00, 0xC0, 0x03, 0xC0, 0x0F, 0x00, 0x1C, 0x00, 0x70, 0x00, 0x00, 0x00, 0x00,
    0x7E, 0xFC, 0xFC, 0xF8, 0xE1, 0xC1, 0xC3, 0x03, 0x8C, 0x07, 0x30, 0x0F, 0xF0, 0x1C, 0xE0, 0x38,
    0xE0, 0x70, 0xE0, 0xE1, 0xC1, 0xE1, 0xE7, 0xE3, 0xC0, 0x00, 0x00, 0x0C, 0x00, 0x38, 0x00, 0x38,
    0x00, 0x38, 0x00, 0x30, 0x00, 0x00, 0x00, 0x00, 0x7E, 0x7E, 0xFC, 0xFC, 0xE0, 0xF1, 0xC1, 0xE3,
    0x87, 0xC7, 0x1B, 0x8E, 0x67, 0x1D, 0x8E, 0x3E, 0x1C, 0x7C, 0x38, 0xF0, 0x71, 0xE1, 0xE7, 0xE7,
    0xE0, 0x18, 0x60, 0x63, 0x81, 0xCC, 0x03, 0xF0, 0x00, 0x00, 0x00, 0x0F, 0xCF, 0xBF, 0x1E, 0x70,
    0x30, 0xE1, 0xC3, 0x86, 0x0E, 0x18, 0x1C, 0xE0, 0x73, 0x00, 0xCC, 0x03, 0xB0, 0x0F, 0x80, 0x1E,
    0x00, 0x78, 0x00, 0xC0, 0x03, 0x00, 0x18, 0x03, 0xE0, 0x0F, 0x00, 0x38, 0x00, 0x7E, 0xFE, 0xFC,
    0xF8, 0xE0, 0xE1, 0xC1, 0xC3, 0x83, 0x87, 0x07, 0x0E, 0x0E, 0x1C, 0x1C, 0x38, 0x38, 0x70, 0x70,
    0xE0, 0xE1, 0xFF, 0xE7, 0xFF, 0xE0, 0x70, 0x00, 0xE0, 0x00, 0xC0, 0x01, 0x80, 0x02, 0x00, 0x00,
    0x00, 0x01, 0x80, 0x60, 0x60, 0x0E, 0x1C, 0x00, 0xC3, 0x00, 0x1C, 0xE0, 0x03, 0x9C, 0x38, 0x3B,
    0x87, 0x07, 0xF0, 0xE0, 0xFE, 0x1C, 0x1F, 0xC3, 0x83, 0xF8, 0x70, 0x77, 0x06, 0x0E, 0xE0, 0xC1,
    0xDC, 0x38, 0x73, 0xCF, 0x8E, 0x3F, 0xBF, 0x83, 0xE3, 0xE0, 0x00, 0x00, 0x00, 0x0C, 0x0C, 0x0E,
    0x07, 0x0E, 0x01, 0xCE, 0x00, 0xE7, 0x1C, 0x3B, 0x8E, 0x1D, 0xC7, 0x0E, 0xE3, 0x87, 0x71, 0xC3,
    0xB8, 0x61, 0xDC, 0x71, 0xC7, 0x7C, 0xE1, 0xF3, 0xE0, 0x00, 0x00, 0x0F, 0xC0, 0x07, 0xE0, 0x01,
    0xC0, 0x00, 0xE0, 0x0F, 0xFF, 0xC7, 0xFF, 0xE3, 0x1C, 0x31, 0x8E, 0x18, 0x07, 0x00, 0x03, 0xFC,
    0x01, 0xFF, 0x80, 0xE1, 0xE0, 0x70, 0x78, 0x38, 0x1C, 0x1C, 0x0E, 0x0E, 0x07, 0x07, 0x07, 0x03,
    0x87, 0x87, 0xFF, 0x00, 0x00, 0x00, 0x0F, 0x00, 0x0F, 0x00, 0x07, 0x00, 0x07, 0x00, 0x07, 0x00,
    0x07, 0x00, 0x7F, 0xF8, 0x7F, 0xF8, 0x67, 0x18, 0x67, 0x18, 0x07, 0x00, 0x07, 0xFC, 0x07, 0xFE,
    0x07, 0x0F, 0x07, 0x07, 0x07, 0x07, 0x07, 0x07, 0x07, 0x9E, 0x1F, 0xFC, 0x00, 0x00, 0x00, 0x00,
    0x40, 0xFE, 0x07, 0xFC, 0xF8, 0x3C, 0x78, 0xE0, 0xE0, 0x71, 0xC3, 0x80, 0xE3, 0x87, 0x00, 0x87,
    0x0E, 0x00, 0x0E, 0x3C, 0x00, 0x1C, 0x78, 0x00, 0x3F, 0xFF, 0xC0, 0x71, 0xE0, 0x00, 0xE3, 0xC0,
    0x01, 0xC7, 0x80, 0x03, 0x87, 0x00, 0x07, 0x0F, 0x01, 0x8E, 0x0E, 0x07, 0x3C, 0x0F, 0x1E, 0xFE,
    0x0F, 0xF8, 0x00, 0x00, 0x00, 0x00, 0x00, 0x1F, 0x87, 0xF7, 0xE3, 0x9C, 0xE1, 0xC3, 0x38, 0xE0,
    0xCE, 0x38, 0x03, 0x8E, 0x00, 0xFF, 0xF8, 0x38, 0xE0, 0x0E, 0x38, 0x03, 0x8E, 0x00, 0xE1, 0xC0,
    0x3C, 0x7F, 0xDF, 0x8F, 0xE0, 0x00, 0x00, 0x00, 0x00, 0x00, 0x78, 0x00, 0x1E, 0x00, 0x07, 0xC0,
    0x03, 0xF0, 0x00, 0xDC, 0x00, 0x33, 0x80, 0x1C, 0xE0, 0x06, 0x38, 0x01, 0x87, 0x00, 0xE1, 0xC0,
    0x30, 0x70, 0x0F, 0xFE, 0x07, 0xFF, 0x81, 0x8C, 0xE0, 0xE3, 0x3C, 0x38, 0xCF, 0x9F, 0xB7, 0xF0,
    0x01, 0xE0, 0x00, 0xF0, 0x00, 0xDC, 0x00, 0x6E, 0x00, 0x77, 0x00, 0x31, 0xC0, 0x3F, 0xE0, 0x1F,
    0xF8, 0x0C, 0xDC, 0x0E, 0x6E, 0x06, 0x33, 0x87, 0x19, 0xC7, 0xCD, 0xF8, 0x00, 0x00, 0x00, 0x0F,
    0xFF, 0xF0, 0x07, 0xFF, 0xF0, 0x07, 0x00, 0xE0, 0x03, 0x81, 0xC0, 0x01, 0xC1, 0x80, 0x00, 0xC3,
    0x00, 0x00, 0x66, 0x00, 0x00, 0x3E, 0x00, 0x01, 0xFF, 0xC0, 0x07, 0x9D, 0xE0, 0x07, 0x1C, 0xF0,
    0x0E, 0x1C, 0x70, 0x1E, 0x1C, 0x78, 0x1C, 0x1C, 0x3C, 0x3C, 0x1C, 0x1C, 0x78, 0x3C, 0x1E, 0xF0,
    0x7F, 0x0F, 0x07, 0xFF, 0xC0, 0x0F, 0xFF, 0x80, 0x0E, 0x06, 0x00, 0x0E, 0x18, 0x00, 0x0E, 0x60,
    0x00, 0x0F, 0x80, 0x00, 0xFF, 0xE0, 0x03, 0x9C, 0xE0, 0x0E, 0x38, 0xE0, 0x3C, 0x70, 0xE0, 0x70,
    0xE1, 0xE1, 0xC1, 0xC1, 0xE7, 0x8F, 0xE3, 0xE0, 0x00, 0x00, 0xC7, 0x07, 0x70, 0x1F, 0x00, 0x70,
    0x00, 0x00, 0xFF, 0x0F, 0x3C, 0x70, 0x73, 0x03, 0x88, 0x1C, 0x00, 0xE0, 0x0E, 0x0F, 0xE0, 0x7F,
    0x80, 0x1E, 0x00, 0x78, 0x01, 0xC0, 0x0E, 0x00, 0x70, 0x07, 0x00, 0x78, 0xFF, 0x0F, 0x80, 0x70,
    0x03, 0x03, 0x1C, 0x18, 0xFF, 0xC1, 0xFC, 0x00, 0x00, 0x03, 0x0C, 0x19, 0xC0, 0xF8, 0x0F, 0x00,
    0x00, 0x00, 0x03, 0xF8, 0x39, 0xC3, 0x0E, 0x30, 0xE0, 0x0E, 0x01, 0xC0, 0xFC, 0x0F, 0xE0, 0x0F,
    0x00, 0x70, 0x0F, 0x00, 0xE1, 0xFC, 0x7F, 0x07, 0x00, 0x60, 0xC7, 0x0C, 0x7F, 0xC1, 0xF8, 0x00,
    0x00, 0x07, 0xF0, 0x1E, 0x3C, 0x38, 0x1C, 0x38, 0x0E, 0x70, 0x0E, 0x70, 0x07, 0x70, 0x07, 0x7F,
    0x87, 0x7F, 0xFF, 0x70, 0xFF, 0x70, 0x07, 0x70, 0x0F, 0x70, 0x0E, 0x38, 0x0E, 0x38, 0x1C, 0x1E,
    0x38, 0x0F, 0xF0, 0x00, 0x00, 0x00, 0x00, 0x7E, 0x07, 0xF8, 0x70, 0xE7, 0x07, 0x38, 0x1D, 0xF8,
    0xEF, 0xFF, 0x73, 0xFB, 0x81, 0xDC, 0x1C, 0xF0, 0xE3, 0xCE, 0x0F, 0xE0, 0x00, 0x00, 0x00, 0x00,
    0x3F, 0x80, 0xF7, 0xC0, 0x78, 0xE0, 0x18, 0x3C, 0x0E, 0x07, 0x03, 0x01, 0xC0, 0xC0, 0x38, 0x70,
    0x0E, 0x18, 0x03, 0x86, 0x00, 0x71, 0x80, 0x1C, 0xC0, 0x07, 0x30, 0x00, 0xEC, 0x00, 0x3E, 0x00,
    0x07, 0x80, 0x01, 0xE0, 0x00, 0x70, 0x00, 0x00, 0x00, 0x7C, 0x0E, 0xF8, 0x3C, 0xE0, 0x61, 0xE1,
    0xC1, 0xC3, 0x03, 0x86, 0x03, 0x98, 0x07, 0x30, 0x0E, 0x60, 0x0F, 0x80, 0x1F, 0x00, 0x1E, 0x00,
    0x38, 0x00, 0x00, 0x00, 0x08, 0x40, 0x07, 0x38, 0x00, 0xE7, 0x00, 0x1C, 0xC0, 0x03, 0x10, 0x00,
    0x00, 0x0F, 0xE0, 0x3D, 0xF0, 0x1E, 0x38, 0x06, 0x0F, 0x03, 0x81, 0xC0, 0xC0, 0x70, 0x30, 0x0E,
    0x1C, 0x03, 0x86, 0x00, 0xE1, 0x80, 0x1C, 0x60, 0x07, 0x30, 0x01, 0xCC, 0x00, 0x3B, 0x00, 0x0F,
    0x80, 0x01, 0xE0, 0x00, 0x78, 0x00, 0x1C, 0x00, 0x00, 0x00, 0x00, 0x00, 0x31, 0x00, 0xE7, 0x00,
    0xE7, 0x00, 0xEE, 0x00, 0xCC, 0x00, 0x00, 0x00, 0x00, 0x7C, 0x0E, 0xF8, 0x3C, 0xE0, 0x61, 0xE1,
    0xC1, 0xC3, 0x03, 0x86, 0x03, 0x98, 0x07, 0x30, 0x0E, 0x60, 0x0F, 0x80, 0x1F, 0x00, 0x1E, 0x00,
    0x38, 0x00, 0x00, 0x00, 0x00, 0x00, 0x00, 0x00, 0x0F, 0xE0, 0x00, 0x00, 0x78, 0xF0, 0x00, 0x01,
    0xC0, 0xE0, 0x00, 0x03, 0x80, 0xE0, 0x00, 0x0E, 0x01, 0xCF, 0xCF, 0x9C, 0x01, 0xDF, 0x0F, 0x38,
    0x03, 0x9C, 0x0C, 0x70, 0x07, 0x1C, 0x38, 0xE0, 0x0E, 0x38, 0x61, 0xC0, 0x1C, 0x70, 0xC3, 0x80,
    0x38, 0x73, 0x87, 0x00, 0xF0, 0xE6, 0x0E, 0x01, 0xC1, 0xCC, 0x0E, 0x03, 0x81, 0xF8, 0x1C, 0x0E,
    0x03, 0xE0, 0x1E, 0x38, 0x03, 0xC0, 0x1F, 0xE0, 0x07, 0x80, 0x00, 0x00, 0x06, 0x00, 0x00, 0x00,
    0x0C, 0x00, 0x00, 0x00, 0x30, 0x00, 0x00, 0x03, 0xE0, 0x00, 0x00, 0x07, 0x80, 0x00, 0x00, 0x0E,
    0x00, 0x00, 0x00, 0x00, 0x01, 0xF8, 0xFC, 0x7C, 0x7F, 0x9F, 0x8F, 0x1C, 0x39, 0xE0, 0xC7, 0x07,
    0x1C, 0x18, 0xE0, 0x73, 0x87, 0x1C, 0x0E, 0x38, 0xC3, 0x81, 0xC7, 0x18, 0x70, 0x38, 0xE7, 0x0E,
    0x07, 0x0E, 0xC1, 0xC1, 0xC1, 0xD8, 0x3C, 0x38, 0x3F, 0x03, 0xCE, 0x03, 0xC0, 0x3F, 0x80, 0x78,
    0x00, 0x00, 0x06, 0x00, 0x00, 0x00, 0xC0, 0x00, 0x00, 0x38, 0x00, 0x00, 0x3E, 0x00, 0x00, 0x07,
    0x80, 0x00, 0x00, 0xE0, 0x00, 0x00, 0x00, 0x07, 0xFC, 0x0E, 0x3C, 0x1C, 0x1C, 0x38, 0x0C, 0x70,
    0x0C, 0x70, 0x00, 0x70, 0x00, 0xF0, 0x00, 0xF0, 0x00, 0xF0, 0x00, 0x70, 0x00, 0x70, 0x00, 0x70,
    0x00, 0x78, 0x0C, 0x3C, 0x0C, 0x1E, 0x1C, 0x0F, 0xFC, 0x00, 0x1C, 0x00, 0x1C, 0x00, 0x1C, 0x00,
    0x1C, 0x00, 0x7F, 0x00, 0x7F, 0x00, 0x00, 0x7F, 0x07, 0x78, 0x71, 0xC7, 0x06, 0x38, 0x01, 0xC0,
    0x0E, 0x00, 0x70, 0x03, 0x80, 0x1C, 0x00, 0xF0, 0x03, 0xFE, 0x0F, 0xF0, 0x03, 0x80, 0x1C, 0x00,
    0xE0, 0x07, 0x00, 0xFE, 0x07, 0xE0, 0x00, 0x00, 0x00, 0x30, 0x00, 0xE0, 0x01, 0x80, 0x87, 0x03,
    0x8C, 0x03, 0xF8, 0x01, 0xE0, 0x01, 0xF0, 0x03, 0xF1, 0x86, 0x7B, 0xDC, 0x23, 0xF0, 0x01, 0xE0,
    0x01, 0xF0, 0x03, 0x78, 0x0E, 0x70, 0x18, 0x20, 0x70, 0x00, 0xC0, 0x03, 0x80, 0x06, 0x00, 0x00,
    0x00, 0x30, 0x00, 0x03, 0xC0, 0x00, 0x32, 0x00, 0x00, 0x00, 0x01, 0xE0, 0x1C, 0x09, 0x01, 0xB0,
    0x00, 0x08, 0x80, 0x00, 0x00, 0x00, 0x00, 0x03, 0xC0, 0x07, 0x92, 0x00, 0x26, 0x00, 0x00, 0x00,
    0x00, 0x00, 0x00, 0x00, 0x00, 0x78, 0x07, 0x02, 0x40, 0x44, 0x00, 0x00, 0x00, 0x00, 0x00, 0x00,
    0x1E, 0x00, 0x01, 0x90, 0x00, 0x00, 0x00, 0x00, 0x00, 0x00, 0x00, 0x00, 0xC0, 0x00, 0x06, 0x00,
    0x04, 0x1C, 0x00, 0x18, 0x30, 0xE0, 0x78, 0x06, 0x00, 0xE0, 0x18, 0x00, 0x00, 0x00, 0x00, 0x00,
    0x00, 0x00, 0x00, 0x09, 0x00, 0x07, 0x3E, 0x00, 0x1E, 0x30, 0x00, 0x40, 0x00, 0x00, 0x00, 0x00,
    0x00, 0x01, 0x00, 0x40, 0x0E, 0x01, 0xC0, 0x30, 0x07, 0x01, 0x87, 0x04, 0x00, 0x0C, 0x10, 0x00,
    0x30, 0x00, 0x00, 0x80, 0x00, 0x00, 0x00, 0x00, 0x0C, 0x18, 0x07, 0x0C, 0x03, 0x8E, 0x00, 0xFE,
    0x00, 0x1C, 0x00, 0x00, 0x03, 0xF8, 0xFE, 0xF8, 0x3E, 0x38, 0x0E, 0x1C, 0x0F, 0x0E, 0x0F, 0x87,
    0x0D, 0xC3, 0x86, 0xE1, 0xC6, 0x70, 0xE6, 0x38, 0x73, 0x1C, 0x3B, 0x0E, 0x1F, 0x07, 0x0F, 0x03,
    0x87, 0x81, 0xC3, 0x80, 0xE3, 0xC0, 0xFF, 0xF8, 0xFE, 0x00, 0x07, 0x00, 0x03, 0x80, 0x01, 0xC0,
    0x00, 0xE0, 0x00, 0x00, 0x0C, 0x30, 0x0C, 0x70, 0x0E, 0x70, 0x07, 0xE0, 0x00, 0x00, 0x00, 0x00,
    0x7E, 0x7E, 0x7E, 0x7E, 0x38, 0x3C, 0x38, 0x3C, 0x38, 0x7C, 0x38, 0xDC, 0x39, 0x9C, 0x3B, 0x1C,
    0x3E, 0x1C, 0x3E, 0x1C, 0x3C, 0x1C, 0x3C, 0x3E, 0x7E, 0x7E, 0x00, 0x0E, 0x00, 0x06, 0x00, 0x06,
    0x00, 0x06, 0x00, 0x00, 0x00, 0x00, 0xFE, 0x00, 0xF0, 0x00, 0xE0, 0x0F, 0xFE, 0x1F, 0xF8, 0x07,
    0x00, 0x0F, 0xF0, 0x1F, 0xF8, 0x38, 0x78, 0x70, 0x70, 0xE0, 0x71, 0xC0, 0xE3, 0x81, 0xC7, 0x07,
    0x0E, 0x0E, 0x3C, 0x78, 0xFF, 0xE0, 0x00, 0x00, 0x7C, 0x03, 0xE0, 0x07, 0x00, 0x38, 0x01, 0xC0,
    0x0E, 0x03, 0xFF, 0x0F, 0xF8, 0x1C, 0x00, 0xE0, 0x07, 0x00, 0x3F, 0xC1, 0xFF, 0x0E, 0x1C, 0x70,
    0xE3, 0x87, 0x1C, 0x38, 0xE3, 0xDF, 0xFC, 0x00, 0x00, 0x00, 0x00, 0xFF, 0xE0, 0xF1, 0xE0, 0xE0,
    0xE1, 0xC1, 0xC3, 0x83, 0x87, 0x07, 0x0E, 0x4E, 0x1C, 0xDC, 0x39, 0xF0, 0x7F, 0xC0, 0xFF, 0x81,
    0xC3, 0x03, 0x82, 0x07, 0x00, 0x0E, 0x00, 0x3E, 0x00, 0xFF, 0x00, 0x00, 0x03, 0xDF, 0x8F, 0xFF,
    0x0E, 0x1E, 0x38, 0x38, 0xE0, 0xE3, 0x83, 0x8E, 0x0F, 0x38, 0x38, 0xE0, 0xE3, 0x9B, 0x8E, 0x7C,
    0x38, 0xE0, 0xFF, 0x83, 0x86, 0x0E, 0x0C, 0x38, 0x00, 0xE0, 0x0F, 0xE0, 0x3F, 0x80, 0x00, 0x00,
    0x01, 0x80, 0x0C, 0x00, 0x60, 0x03, 0x7F, 0xF9, 0xF3, 0xC7, 0x00, 0x38, 0x01, 0xC0, 0x0E, 0x00,
    0x70, 0x03, 0x80, 0x1C, 0x00, 0xE0, 0x07, 0x00, 0x38, 0x01, 0xC0, 0x0E, 0x00, 0x70, 0x07, 0xE0,
    0x7F, 0xC0, 0x00, 0x60, 0x0C, 0x01, 0x80, 0x37, 0xFE, 0xFF, 0xCE, 0x01, 0xC0, 0x38, 0x07, 0x00,
    0xE0, 0x1C, 0x03, 0x80, 0x70, 0x0E, 0x01, 0xE0, 0x7F, 0x00, 0x00, 0x07, 0xFF, 0xDF, 0x7E, 0x70,
    0x73, 0x81, 0x9C, 0x0C, 0xE0, 0x67, 0x00, 0x38, 0x03, 0xF8, 0x1F, 0xE0, 0x70, 0x03, 0x80, 0x1C,
    0x00, 0xE0, 0x07, 0x00, 0x7E, 0x07, 0xFC, 0x00, 0x7F, 0xE7, 0xFE, 0x38, 0x63, 0x86, 0x38, 0x63,
    0x80, 0x38, 0x07, 0xF0, 0x7F, 0x03, 0x80, 0x38, 0x03, 0xC0, 0x7F, 0x00, 0x00, 0x01, 0xFF, 0xF1,
    0xF7, 0xE1, 0xC1, 0xC3, 0x81, 0x87, 0x03, 0x0E, 0x00, 0x1C, 0x00, 0x3B, 0xF0, 0x7F, 0xF0, 0xE0,
    0xF1, 0xC0, 0xE3, 0x81, 0xC7, 0x03, 0x8E, 0x07, 0x1C, 0x0E, 0x7E, 0x1D, 0xFF, 0x38, 0x00, 0xE0,
    0x01, 0xC0, 0x0F, 0x00, 0x3C, 0x00, 0xE0, 0x00, 0x7F, 0xE3, 0xFF, 0x0E, 0x18, 0x70, 0xC3, 0x86,
    0x1C, 0x00, 0xEF, 0x07, 0xFE, 0x38, 0x79, 0xC1, 0xCE, 0x0E, 0x78, 0x77, 0xF3, 0x80, 0x1C, 0x00,
    0xE0, 0x06, 0x00, 0x70, 0x1F, 0x00, 0xE0, 0x00, 0x00, 0x00, 0xFC, 0x7F, 0x3F, 0x78, 0x3C, 0x1E,
    0x18, 0x1C, 0x18, 0x0C, 0x1C, 0x30, 0x0E, 0x1C, 0x70, 0x07, 0x1C, 0x60, 0x03, 0x1C, 0xC0, 0x01,
    0xBD, 0x80, 0x03, 0xFF, 0xC0, 0x07, 0x9D, 0xE0, 0x07, 0x1C, 0xF0, 0x0E, 0x1C, 0x70, 0x1E, 0x1C,
    0x38, 0x1C, 0x1C, 0x38, 0x38, 0x1C, 0x1C, 0x78, 0x3C, 0x1F, 0xF0, 0x7F, 0x0F, 0x00, 0x00, 0x07,
    0x00, 0x00, 0x07, 0x00, 0x00, 0x07, 0x00, 0x00, 0x03, 0x00, 0x00, 0x00, 0x7C, 0xF9, 0xF3, 0xE7,
    0xCF, 0x86, 0x1C, 0x30, 0x18, 0xE3, 0x00, 0xC7, 0x30, 0x03, 0x3B, 0x80, 0x1F, 0xFC, 0x01, 0xCE,
    0x70, 0x1C, 0x71, 0xC0, 0xE3, 0x8E, 0x0E, 0x1C, 0x38, 0xE0, 0xE1, 0xEF, 0x1F, 0x87, 0x80, 0x00,
    0x1C, 0x00, 0x00, 0xE0, 0x00, 0x07, 0x00, 0x00, 0x30, 0x00, 0x00, 0x00, 0x00, 0x03, 0xFE, 0x1C,
    0x78, 0xC0, 0xE6, 0x07, 0x30, 0x38, 0x01, 0xC0, 0x1C, 0x0F, 0xC0, 0x7F, 0x00, 0x3C, 0x00, 0xE0,
    0x03, 0x80, 0x1D, 0x81, 0xEC, 0x0E, 0x70, 0xE3, 0xFE, 0x00, 0xC0, 0x06, 0x00, 0x38, 0x05, 0xC0,
    0x3C, 0x01, 0xC0, 0x00, 0x07, 0xF1, 0xEF, 0x30, 0xE6, 0x1C, 0x03, 0x81, 0xE0, 0x7C, 0x03, 0xC0,
    0x3D, 0x03, 0xB0, 0x77, 0x1C, 0xFF, 0x01, 0x80, 0x18, 0x03, 0x00, 0xE0, 0x7C, 0x06, 0x00, 0x00,
    0x00, 0xFE, 0x7E, 0x78, 0x3C, 0x38, 0x30, 0x38, 0x70, 0x38, 0xE0, 0x38, 0xC0, 0x39, 0x80, 0x3B,
    0x00, 0x3F, 0x80, 0x3B, 0xC0, 0x39, 0xE0, 0x38, 0xE0, 0x38, 0x70, 0x38, 0x70, 0x38, 0x38, 0x78,
    0x3E, 0xFE, 0x1E, 0x00, 0x0E, 0x00, 0x06, 0x00, 0x06, 0x00, 0x06, 0x00, 0x00, 0x7E, 0xFC, 0xFC,
    0xF8, 0xE1, 0xC1, 0xC3, 0x03, 0x8C, 0x07, 0x30, 0x0F, 0xF0, 0x1C, 0xE0, 0x38, 0xE0, 0x70, 0xE0,
    0xE1, 0xC1, 0xE1, 0xE7, 0xE3, 0xE0, 0x01, 0x80, 0x03, 0x00, 0x06, 0x00, 0x0C, 0x00, 0x00, 0x00,
    0x00, 0x7E, 0x1F, 0x9E, 0x07, 0x87, 0x03, 0x83, 0x81, 0x81, 0xD1, 0x80, 0xED, 0xC0, 0x76, 0xC0,
    0x3B, 0xC0, 0x1F, 0xF0, 0x0E, 0xFC, 0x07, 0x6E, 0x03, 0xB3, 0x81, 0xD9, 0xE0, 0xE0, 0x70, 0x70,
    0x3C, 0x78, 0x0F, 0x7F, 0x03, 0xC0, 0x7E, 0x3E, 0x7E, 0x3E, 0x38, 0x18, 0x3B, 0x30, 0x3B, 0x30,
    0x3B, 0x60, 0x3F, 0xF0, 0x3B, 0x70, 0x3B, 0x38, 0x3B, 0x38, 0x38, 0x1C, 0x3C, 0x1E, 0x7E, 0x0F,
    0x00, 0x01, 0xFC, 0xFD, 0xE0, 0xF1, 0xC1, 0x8F, 0xC7, 0x1F, 0x9C, 0x0E, 0x30, 0x1C, 0xC0, 0x3B,
    0x00, 0x7F, 0x00, 0xEF, 0x01, 0xCF, 0x03, 0x8E, 0x07, 0x0E, 0x0E, 0x1C, 0x1C, 0x1C, 0x78, 0x3F,
    0xFC, 0x3C, 0x78, 0x01, 0xF0, 0x00, 0xE0, 0x07, 0xF8, 0x07, 0xF0, 0x07, 0x00, 0x0E, 0x3F, 0x1C,
    0x7E, 0x38, 0x60, 0x71, 0x80, 0xE7, 0x01, 0xDC, 0x03, 0xFC, 0x07, 0xB8, 0x0E, 0x38, 0x1C, 0x38,
    0x38, 0x70, 0x70, 0xF9, 0xF9, 0xF8, 0x00, 0x00, 0x07, 0xFE, 0x7F, 0x7B, 0xC1, 0xE6, 0x38, 0x18,
    0x63, 0x83, 0x06, 0x38, 0x60, 0x63, 0x8E, 0x00, 0x38, 0xC0, 0x03, 0x98, 0x00, 0x3F, 0xC0, 0x03,
    0x9E, 0x00, 0x38, 0xE0, 0x03, 0x87, 0x00, 0x38, 0x78, 0x03, 0x83, 0x80, 0x38, 0x3C, 0x03, 0xC1,
    0xE0, 0xFE, 0x0F, 0x7F, 0xCF, 0x9F, 0xF3, 0xE6, 0x30, 0x61, 0x8C, 0x30, 0x63, 0x18, 0x00, 0xEC,
    0x00, 0x3F, 0x80, 0x0C, 0xF0, 0x03, 0x1C, 0x00, 0xC3, 0x80, 0x30, 0xF0, 0x1E, 0x1E, 0x1F, 0xC3,
    0xC0, 0x00, 0x00, 0x1F, 0x87, 0xF3, 0xC0, 0xF8, 0xE0, 0x1C, 0x38, 0x07, 0x0E, 0x01, 0xC3, 0x80,
    0x70, 0xE0, 0x1C, 0x3F, 0xFF, 0x0F, 0xFF, 0xC3, 0x80, 0x70, 0xE0, 0x1C, 0x38, 0x07, 0x0E, 0x01,
    0xC3, 0x80, 0x70, 0xE0, 0x1C, 0x3C, 0x0F, 0xDF, 0x87, 0xF0, 0x00, 0x1C, 0x00, 0x07, 0x00, 0x01,
    0xC0, 0x00, 0x60, 0x00, 0x00, 0x7E, 0x7E, 0x7E, 0x7E, 0x38, 0x1C, 0x38, 0x1C, 0x38, 0x1C, 0x3F,
    0xFC, 0x3F, 0xFC, 0x38, 0x1C, 0x38, 0x1C, 0x38, 0x1C, 0x38, 0x1C, 0x3C, 0x3E, 0x7E, 0x7E, 0x00,
    0x0E, 0x00, 0x0E, 0x00, 0x06, 0x00, 0x06, 0x00, 0x00, 0x00, 0x00, 0x03, 0xF8, 0xFF, 0xE7, 0xC1,
    0xEF, 0x8E, 0x03, 0x86, 0x38, 0x0E, 0x18, 0xE0, 0x38, 0x63, 0x80, 0xE1, 0x8E, 0x03, 0x80, 0x3F,
    0xFE, 0x00, 0xFF, 0xF8, 0x03, 0x80, 0xE0, 0x0E, 0x03, 0x80, 0x38, 0x0E, 0x00, 0xE0, 0x38, 0x03,
    0x80, 0xE0, 0x0E, 0x03, 0x80, 0x78, 0x1F, 0x03, 0xF8, 0xFE, 0x00, 0x7E, 0x7F, 0xEF, 0xCF, 0xFC,
    0xE0, 0x71, 0x9C, 0x0E, 0x33, 0x81, 0xC6, 0x7F, 0xF8, 0x0F, 0xFF, 0x01, 0xC0, 0xE0, 0x38, 0x1C,
    0x07, 0x03, 0x80, 0xE0, 0x70, 0x1E, 0x1E, 0x07, 0xE7, 0xF0, 0x00, 0x00, 0x00, 0xFF, 0xFF, 0x00,
    0x7F, 0xFE, 0x00, 0x38, 0x0C, 0x00, 0x38, 0x0C, 0x00, 0x38, 0x0C, 0x00, 0x38, 0x0C, 0x00, 0x38,
    0x0C, 0x00, 0x38, 0x0F, 0xF8, 0x38, 0x0F, 0xFC, 0x38, 0x0E, 0x1E, 0x38, 0x0C, 0x0E, 0x38, 0x0C,
    0x0E, 0x38, 0x0C, 0x0E, 0x38, 0x0C, 0x0E, 0x38, 0x0C, 0x0E, 0x7C, 0x1E, 0x0E, 0xFE, 0x3F, 0x0E,
    0x00, 0x00, 0x0C, 0x00, 0x00, 0x1C, 0x00, 0x00, 0x38, 0x00, 0x00, 0xF0, 0x00, 0x00, 0xC0, 0x7F,
    0xFE, 0x03, 0xFF, 0xE0, 0x0E, 0x0E, 0x00, 0x70, 0x70, 0x03, 0x83, 0x80, 0x1C, 0x1C, 0x00, 0xE0,
    0xFF, 0x07, 0x07, 0xFC, 0x38, 0x38, 0x71, 0xC1, 0xC3, 0x8E, 0x0E, 0x0C, 0x78, 0x78, 0x67, 0xEF,
    0xE3, 0x00, 0x00, 0x38, 0x00, 0x01, 0xC0, 0x00, 0x0E, 0x00, 0x00, 0xE0, 0x00, 0x3E, 0x00, 0x01,
    0xE0, 0x00, 0x00, 0x00, 0x7C, 0x00, 0x1E, 0x00, 0x03, 0x80, 0x00, 0x38, 0x3E, 0x07, 0x07, 0x70,
    0x70, 0xE3, 0x87, 0x0C, 0x38, 0x71, 0xC3, 0xC7, 0x1C, 0x1C, 0x71, 0xC1, 0xC7, 0x1C, 0x38, 0x70,
    0xE3, 0x87, 0x0E, 0x38, 0x38, 0xF3, 0x03, 0xC7, 0xE0, 0x1E, 0x3E, 0x20, 0xFF, 0xFE, 0x00, 0x00,
    0x00, 0x00, 0x00, 0x0F, 0xC0, 0x1E, 0x80, 0x38, 0x00, 0x70, 0xF8, 0x71, 0xDC, 0x71, 0x8E, 0x73,
    0x8E, 0x73, 0x8E, 0x73, 0x8E, 0x71, 0x8E, 0x39, 0xDC, 0x1C, 0xF8, 0x0F, 0xFE, 0x00, 0x00, 0x00,
    0x40, 0x0F, 0xF8, 0x78, 0x70, 0xE0, 0xE3, 0x80, 0xCE, 0x01, 0x9C, 0x00, 0x38, 0x00, 0xF0, 0x01,
    0xE0, 0x03, 0xC0, 0x03, 0x80, 0x07, 0x00, 0x0E, 0x00, 0x1E, 0x03, 0x1E, 0x06, 0x1E, 0x1C, 0x1F,
    0xF0, 0x07, 0x00, 0x0E, 0x00, 0x1C, 0x00, 0x38, 0x00, 0x00, 0x00, 0x00, 0x01, 0xFC, 0x77, 0x9C,
    0x77, 0x06, 0xE0, 0x1C, 0x03, 0x80, 0x70, 0x0E, 0x01, 0xC0, 0x3C, 0x03, 0xFE, 0x3F, 0x81, 0x80,
    0x30, 0x06, 0x00, 0xC0, 0x00, 0x00, 0x00, 0x00, 0x7F, 0xFE, 0x7B, 0xDE, 0xE3, 0x86, 0xE3, 0x87,
    0xE3, 0x87, 0xC3, 0x83, 0x03, 0x80, 0x03, 0x80, 0x03, 0x80, 0x03, 0x80, 0x03, 0x80, 0x03, 0x80,
    0x03, 0x80, 0x03, 0x80, 0x03, 0x80, 0x07, 0xF8, 0x1F, 0xF8, 0x00, 0x38, 0x00, 0x18, 0x00, 0x18,
    0x00, 0x18, 0x00, 0x00, 0x7F, 0xF9, 0xFF, 0xE6, 0x31, 0x98, 0xC6, 0x63, 0x18, 0x0C, 0x00, 0x30,
    0x00, 0xC0, 0x03, 0x00, 0x0C, 0x00, 0x30, 0x03, 0xF8, 0x1F, 0xF0, 0x01, 0x80, 0x06, 0x00, 0x18,
    0x00, 0x60, 0x00, 0x00, 0x00, 0x00, 0x7F, 0x0F, 0x9F, 0x03, 0x87, 0x81, 0x81, 0xC1, 0xC0, 0x70,
    0xC0, 0x38, 0xE0, 0x0E, 0x60, 0x07, 0x60, 0x01, 0xF0, 0x00, 0xF0, 0x00, 0x38, 0x00, 0x1C, 0x00,
    0x0E, 0x00, 0x07, 0x00, 0x03, 0x80, 0x03, 0xE0, 0x07, 0xF8, 0x00, 0x7E, 0x3E, 0x7E, 0x3E, 0x3C,
    0x1C, 0x1C, 0x18, 0x1C, 0x18, 0x0E, 0x30, 0x0E, 0x30, 0x07, 0x70, 0x07, 0x60, 0x03, 0x60, 0x03,
    0xC0, 0x03, 0xC0, 0x01, 0xC0, 0x01, 0xC0, 0x01, 0xC0, 0x01, 0xC0, 0x01, 0xC0, 0x07, 0xF0, 0x07,
    0xF0, 0x00, 0x00, 0x7F, 0x0F, 0x9F, 0x03, 0x87, 0x81, 0x81, 0xC1, 0xC1, 0xFF, 0xF0, 0xFF, 0xF8,
    0x0E, 0x60, 0x07, 0x60, 0x01, 0xF0, 0x00, 0xF0, 0x00, 0x38, 0x00, 0x1C, 0x00, 0x0E, 0x00, 0x07,
    0x00, 0x03, 0x80, 0x03, 0xE0, 0x07, 0xF8, 0x00, 0x7E, 0x3E, 0x7E, 0x3E, 0x3C, 0x1C, 0x1C, 0x18,
    0x1C, 0x18, 0x0E, 0x30, 0x0E, 0x30, 0x07, 0x70, 0x07, 0x60, 0x03, 0x60, 0x03, 0xC0, 0x03, 0xC0,
    0x1F, 0xFC, 0x01, 0xC0, 0x01, 0xC0, 0x01, 0xC0, 0x01, 0xC0, 0x07, 0xF0, 0x07, 0xF0, 0x00, 0x00,
    0x7F, 0x9F, 0x9F, 0x07, 0x83, 0x83, 0x81, 0xE1, 0x80, 0x71, 0x80, 0x1D, 0x80, 0x0F, 0xC0, 0x03,
    0xC0, 0x00, 0xE0, 0x00, 0xF8, 0x00, 0xDC, 0x00, 0x67, 0x00, 0x63, 0xC0, 0x70, 0xE0, 0x30, 0x38,
    0x78, 0x1F, 0x7F, 0x3F, 0xC0, 0x00, 0xC0, 0x00, 0x60, 0x00, 0x30, 0x00, 0x18, 0x00, 0x00, 0xFC,
    0xF9, 0xF1, 0xE3, 0x86, 0x07, 0x38, 0x0E, 0xC0, 0x3E, 0x00, 0x78, 0x01, 0xE0, 0x0D, 0xC0, 0x67,
    0x83, 0x8F, 0x1C, 0x3E, 0xFD, 0xFC, 0x00, 0x70, 0x01, 0xC0, 0x06, 0x00, 0x18, 0x00, 0x00, 0x00,
    0x00, 0x03, 0xFF, 0xE7, 0xEF, 0xFF, 0x8F, 0x39, 0xC6, 0x38, 0xE7, 0x18, 0xE3, 0x1C, 0x63, 0x8C,
    0x71, 0x8E, 0x01, 0xC0, 0x38, 0x07, 0x00, 0xE0, 0x1C, 0x03, 0x80, 0x70, 0x0E, 0x01, 0xC0, 0x38,
    0x07, 0x00, 0xE0, 0x1C, 0x03, 0x80, 0x70, 0x0E, 0x01, 0xC0, 0x38, 0x07, 0xFF, 0xF8, 0x7F, 0xFF,
    0xE0, 0x00, 0x03, 0x80, 0x00, 0x0E, 0x00, 0x00, 0x38, 0x00, 0x00, 0x60, 0x00, 0x00, 0x00, 0x7F,
    0xFB, 0xFB, 0xFF, 0xCF, 0x98, 0xC6, 0x38, 0xC6, 0x31, 0xC6, 0x31, 0x8E, 0x01, 0x80, 0x70, 0x0C,
    0x03, 0x80, 0x60, 0x1C, 0x03, 0x00, 0xE0, 0x18, 0x07, 0x00, 0xC0, 0x38, 0x0F, 0xFF, 0xE1, 0xFF,
    0xFF, 0x80, 0x00, 0x1C, 0x00, 0x00, 0xE0, 0x00, 0x07, 0x00, 0x00, 0x30, 0x00, 0x00, 0x00, 0x00,
    0x00, 0xFC, 0x7F, 0x78, 0x3C, 0x70, 0x1C, 0x70, 0x1C, 0x70, 0x1C, 0x70, 0x1C, 0x70, 0x1C, 0x38,
    0x1C, 0x3C, 0x3C, 0x1F, 0xFC, 0x07, 0x9C, 0x00, 0x1C, 0x00, 0x1C, 0x00, 0x1C, 0x00, 0x1C, 0x00,
    0x3E, 0x00, 0xFF, 0x00, 0x07, 0x00, 0x07, 0x00, 0x07, 0x00, 0x06, 0x00, 0x00, 0xFC, 0xFF, 0xF3,
    0xF3, 0x07, 0x0C, 0x1C, 0x30, 0x70, 0xE1, 0xC3, 0xC7, 0x07, 0xFC, 0x07, 0x70, 0x01, 0xC0, 0x07,
    0x00, 0x1F, 0x01, 0xFC, 0x00, 0x70, 0x01, 0xC0, 0x07, 0x00, 0x1C, 0x00, 0x00, 0x00, 0x00, 0xFC,
    0x7F, 0x78, 0x3C, 0x70, 0x1C, 0x70, 0x1C, 0x70, 0x1C, 0x71, 0x1C, 0x71, 0x1C, 0x39, 0x1C, 0x3D,
    0xBC, 0x1F, 0xFC, 0x07, 0x9C, 0x01, 0x1C, 0x01, 0x1C, 0x00, 0x1C, 0x00, 0x1C, 0x00, 0x3C, 0x00,
    0xFF, 0xFC, 0xFD, 0xF9, 0xF9, 0xC0, 0xE3, 0x81, 0xC3, 0x33, 0x87, 0x67, 0x0F, 0xDE, 0x0F, 0xFC,
    0x07, 0x38, 0x06, 0x70, 0x0C, 0xE0, 0x03, 0xC0, 0x0F, 0xC0, 0x00, 0x00, 0xFE, 0x00, 0x7C, 0x00,
    0x38, 0x00, 0x38, 0x00, 0x38, 0x00, 0x38, 0x00, 0x3B, 0xE0, 0x3F, 0xF8, 0x3C, 0x38, 0x38, 0x1C,
    0x38, 0x1C, 0x38, 0x1C, 0x38, 0x1C, 0x38, 0x1C, 0x38, 0x1C, 0x7C, 0x3E, 0xFE, 0x7E, 0x78, 0x01,
    0xF0, 0x00, 0xE0, 0x01, 0xC0, 0x03, 0x80, 0x07, 0x00, 0x0E, 0xFC, 0x1F, 0xFC, 0x3C, 0x38, 0x70,
    0x70, 0xE0, 0xE1, 0xC1, 0xC3, 0x83, 0x87, 0x07, 0x0E, 0x0E, 0x1C, 0x1C, 0x38, 0x38, 0x78, 0x79,
    0xF9, 0xF8, 0x00, 0x00, 0x00, 0x3F, 0x80, 0x1C, 0xF0, 0x0C, 0x1E, 0x07, 0x03, 0xB3, 0x80, 0xEC,
    0xE0, 0x1F, 0x38, 0x07, 0xFF, 0xFF, 0xDF, 0xFF, 0xF0, 0xE0, 0x00, 0x38, 0x00, 0x0E, 0x00, 0x03,
    0x80, 0x00, 0x70, 0x18, 0x1C, 0x06, 0x03, 0xC7, 0x80, 0x7F, 0xE0, 0x00, 0x00, 0x00, 0x00, 0x07,
    0xE0, 0x1F, 0xE2, 0x70, 0xEC, 0xE1, 0xDB, 0x83, 0xBF, 0xFF, 0x1F, 0xFE, 0x1C, 0x00, 0x3C, 0x00,
    0x38, 0x00, 0x78, 0x00, 0x7F, 0xC0, 0x7F, 0x00, 0x00, 0x00, 0x00, 0x00, 0x00, 0x3F, 0x80, 0x1C,
    0xF0, 0x0C, 0x1E, 0x07, 0x03, 0xB3, 0x80, 0xEC, 0xE0, 0x1F, 0x38, 0x07, 0xFF, 0xFF, 0xDF, 0xFF,
    0xF0, 0xE0, 0x00, 0x38, 0x00, 0x0E, 0x00, 0x03, 0x80, 0x00, 0x70, 0x18, 0x1C, 0x06, 0x03, 0xC7,
    0x80, 0x7F, 0xE0, 0x03, 0x80, 0x00, 0x60, 0x00, 0x18, 0x00, 0x0F, 0x00, 0x0F, 0x80, 0x01, 0xC0,
    0x00, 0x00, 0x07, 0xE0, 0x1F, 0xE2, 0x70, 0xEC, 0xE1, 0xDB, 0x83, 0xBF, 0xFF, 0x1F, 0xFE, 0x1C,
    0x00, 0x3C, 0x00, 0x38, 0x00, 0x78, 0x00, 0x7F, 0xC0, 0x7F, 0x00, 0x38, 0x00, 0x30, 0x00, 0x60,
    0x01, 0xC0, 0x0F, 0x80, 0x0E, 0x00, 0x00, 0x7F, 0x3E, 0x1C, 0x1C, 0x1C, 0x1C, 0x1C, 0x1C, 0x1C,
    0x1C, 0x1C, 0x1C, 0x1C, 0x1C, 0x1C, 0x3C, 0x7F, 0x00, 0xC3, 0x00, 0x00, 0xC3, 0x80, 0x00, 0xC3,
    0x00, 0x00, 0x7F, 0x00, 0x00, 0x1C, 0x00, 0x00, 0x00, 0x00, 0xFC, 0x7F, 0x3F, 0x78, 0x3C, 0x1E,
    0x18, 0x1C, 0x18, 0x0C, 0x1C, 0x30, 0x0E, 0x1C, 0x70, 0x07, 0x1C, 0x60, 0x03, 0x1C, 0xC0, 0x01,
    0xBD, 0x80, 0x03, 0xFF, 0xC0, 0x07, 0x9D, 0xE0, 0x07, 0x1C, 0xF0, 0x0E, 0x1C, 0x70, 0x1E, 0x1C,
    0x38, 0x1C, 0x1C, 0x38, 0x38, 0x1C, 0x1C, 0x78, 0x3C, 0x1E, 0xF0, 0x7F, 0x0F, 0x03, 0x8C, 0x00,
    0x1C, 0x60, 0x00, 0x67, 0x00, 0x01, 0xF0, 0x00, 0x00, 0x00, 0x00, 0x00, 0x01, 0xF3, 0xE7, 0xCF,
    0x9F, 0x3E, 0x18, 0x70, 0xC0, 0x63, 0x8C, 0x03, 0x1C, 0xC0, 0x0C, 0xEE, 0x00, 0x7F, 0xF0, 0x07,
    0x39, 0xC0, 0x71, 0xC7, 0x03, 0x8E, 0x38, 0x38, 0x70, 0xE3, 0x83, 0x87, 0xBC, 0x7E, 0x1E, 0x00,
    0x03, 0xF1, 0xF7, 0x87, 0x8E, 0x1C, 0x38, 0x60, 0xE3, 0x83, 0x8C, 0x0E, 0x60, 0x3F, 0xE0, 0xFF,
    0xC3, 0x83, 0x8E, 0x0F, 0x38, 0x1C, 0xE0, 0x73, 0x81, 0xCE, 0x07, 0x78, 0x1B, 0xF8, 0xE0, 0x03,
    0x80, 0x1C, 0x00, 0xE0, 0x0F, 0x00, 0x30, 0x00, 0x7E, 0xFD, 0xF9, 0xE3, 0x86, 0x0E, 0x18, 0x38,
    0xC0, 0xE6, 0x03, 0xFE, 0x0E, 0x1C, 0x38, 0x38, 0xE0, 0xE3, 0x83, 0x8F, 0x0E, 0x7E, 0x38, 0x00,
    0xE0, 0x03, 0x80, 0x0E, 0x00, 0x70, 0x0F, 0x80, 0x3C, 0x00, 0x00, 0x00, 0x3F, 0xFF, 0x0F, 0xFE,
    0x06, 0x1C, 0x06, 0x1C, 0x04, 0x1C, 0x0C, 0x1C, 0x0C, 0x1C, 0x0C, 0x1C, 0x0C, 0x1C, 0x0C, 0x1C,
    0x0C, 0x1C, 0x0C, 0x1C, 0x0C, 0x1C, 0x18, 0x1C, 0x38, 0x1C, 0xF0, 0x3F, 0xF0, 0xFF, 0x00, 0x07,
    0x00, 0x06, 0x00, 0x06, 0x00, 0x0C, 0x00, 0x00, 0x3F, 0xF8, 0xFF, 0xE0, 0x87, 0x02, 0x1C, 0x18,
    0x70, 0x61, 0xC1, 0x87, 0x06, 0x1C, 0x18, 0x70, 0x61, 0xC7, 0x87, 0x3C, 0x3E, 0xE1, 0xF8, 0x00,
    0xE0, 0x03, 0x80, 0x0C, 0x00, 0x30, 0x00, 0x00, 0x00, 0x00, 0x7F, 0x1F, 0xDF, 0x07, 0xC7, 0x01,
    0xC3, 0x80, 0xE1, 0xC0, 0x70, 0xE0, 0x38, 0x70, 0x1C, 0x3F, 0xFE, 0x1F, 0xFF, 0x0E, 0x03, 0x87,
    0x01, 0xC3, 0x80, 0xE1, 0xC0, 0x70, 0xE0, 0x38, 0x70, 0x1C, 0x78, 0x0E, 0x7F, 0x07, 0x00, 0x03,
    0x80, 0x03, 0x80, 0x03, 0x80, 0x03, 0x80, 0x00, 0x00, 0x7E, 0x7E, 0xFC, 0xFC, 0xE0, 0x61, 0xC0,
    0xC3, 0x81, 0x87, 0xFF, 0x0F, 0xFE, 0x1C, 0x0C, 0x38, 0x18, 0x70, 0x30, 0xE0, 0x61, 0xE0, 0xC7,
    0xE1, 0x80, 0x03, 0x00, 0x0E, 0x00, 0x1C, 0x00, 0x30, 0x01, 0xE0, 0x03, 0x00, 0x00, 0x00, 0x1F,
    0x87, 0xF3, 0xC0, 0xF8, 0xE0, 0x1C, 0x38, 0x07, 0x0E, 0x01, 0xC3, 0x80, 0x70, 0xE0, 0x1C, 0x3F,
    0xFF, 0x0F, 0xFF, 0xC3, 0x80, 0x70, 0xE0, 0x1C, 0x38, 0x07, 0x0E, 0x01, 0xC3, 0x80, 0x70, 0xE0,
    0x1C, 0x3C, 0x0F, 0x9F, 0x87, 0xF0, 0x00, 0x1C, 0x00, 0x06, 0x00, 0x03, 0x80, 0x00, 0xC0, 0x00,
    0x00, 0x7E, 0x7E, 0xFC, 0xFC, 0xE0, 0x71, 0xC0, 0xE3, 0x81, 0xC7, 0xFF, 0x8F, 0xFF, 0x1C, 0x0E,
    0x38, 0x1C, 0x70, 0x38, 0xE0, 0x71, 0xE1, 0xF7, 0xE7, 0xE0, 0x01, 0xC0, 0x03, 0x80, 0x06, 0x00,
    0x1C, 0x00, 0x00, 0x00, 0x00, 0xFC, 0x7F, 0x78, 0x3C, 0x70, 0x1C, 0x70, 0x1C, 0x70, 0x1C, 0x70,
    0x1C, 0x70, 0x1C, 0x38, 0x1C, 0x3C, 0x3C, 0x1F, 0xFC, 0x07, 0x9C, 0x00, 0x1C, 0x00, 0x1C, 0x00,
    0x1C, 0x00, 0x1C, 0x00, 0xFC, 0x01, 0xFF, 0x01, 0xC0, 0x01, 0xC0, 0x01, 0x80, 0x01, 0x80, 0x00,
    0x00, 0xFC, 0xFF, 0xF3, 0xF3, 0x07, 0x0C, 0x1C, 0x30, 0x70, 0xE1, 0xC3, 0xC7, 0x07, 0xFC, 0x07,
    0x70, 0x01, 0xC0, 0x07, 0x00, 0x3E, 0x01, 0xFC, 0x07, 0x00, 0x1C, 0x00, 0x60, 0x01, 0x80, 0x00,
    0x00, 0x00, 0x00, 0x00, 0xFE, 0x03, 0xF8, 0xFC, 0x0F, 0xC0, 0xFC, 0x1F, 0x01, 0xB8, 0x36, 0x03,
    0x70, 0x6C, 0x06, 0xE1, 0x9C, 0x0C, 0xE3, 0x38, 0x19, 0xC6, 0x70, 0x33, 0x98, 0xE0, 0x63, 0xB1,
    0xC1, 0xC7, 0x63, 0x83, 0x8F, 0xC7, 0x06, 0x0F, 0x0E, 0x0C, 0x1E, 0x0E, 0x18, 0x3C, 0x1C, 0x78,
    0x30, 0x7D, 0xF8, 0x01, 0xFC, 0x00, 0x00, 0x38, 0x00, 0x00, 0x60, 0x00, 0x01, 0xC0, 0x00, 0x03,
    0x00, 0x00, 0x00, 0x00, 0x7E, 0x0F, 0x87, 0xE3, 0xF0, 0x7C, 0x7C, 0x0F, 0x8F, 0x81, 0xF1, 0x70,
    0x37, 0x6E, 0x0E, 0xED, 0xC1, 0x9D, 0x38, 0x31, 0xE7, 0x06, 0x3C, 0x60, 0xC7, 0x8E, 0x3C, 0xE3,
    0xEF, 0xCC, 0xFC, 0x00, 0x01, 0x80, 0x00, 0x70, 0x00, 0x0C, 0x00, 0x01, 0x80, 0x00, 0x00, 0x79,
    0xF0, 0xE1, 0xC3, 0x87, 0x0E, 0x1C, 0x38, 0x70, 0xE1, 0xC3, 0x87, 0x0E, 0x1C, 0x38, 0x73, 0xF8,
    0x06, 0x0C, 0x01, 0x87, 0x00, 0x71, 0x80, 0x0F, 0xE0, 0x00, 0xE0, 0x00, 0x00, 0x00, 0x1E, 0x00,
    0x07, 0x80, 0x01, 0xF0, 0x00, 0xFC, 0x00, 0x37, 0x00, 0x0C, 0xE0, 0x07, 0x38, 0x01, 0x8E, 0x00,
    0x61, 0xC0, 0x38, 0x70, 0x0C, 0x1C, 0x03, 0xFF, 0x81, 0xFF, 0xE0, 0x60, 0x38, 0x38, 0x0F, 0x0E,
    0x03, 0xE7, 0xE1, 0xFC, 0x30, 0xC3, 0x8C, 0x39, 0xC1, 0xF8, 0x00, 0x00, 0x00, 0x1F, 0x87, 0xFC,
    0x61, 0xC0, 0x0E, 0x00, 0xE0, 0xFE, 0x3F, 0xE7, 0x0E, 0xF0, 0xEE, 0x0E, 0xF0, 0xE7, 0xFE, 0x3E,
    0xF0, 0x00, 0x03, 0x38, 0x00, 0xEE, 0x00, 0x3B, 0x80, 0x00, 0x40, 0x00, 0x00, 0x00, 0x78, 0x00,
    0x1E, 0x00, 0x07, 0xC0, 0x03, 0xF0, 0x00, 0xDC, 0x00, 0x33, 0x80, 0x1C, 0xE0, 0x06, 0x38, 0x01,
    0x87, 0x00, 0xE1, 0xC0, 0x30, 0x70, 0x0F, 0xFE, 0x07, 0xFF, 0x81, 0x80, 0xE0, 0xE0, 0x3C, 0x38,
    0x0F, 0x9F, 0x87, 0xF0, 0x00, 0x03, 0x9C, 0x39, 0xC3, 0x9C, 0x00, 0x00, 0x00, 0x1F, 0x87, 0xFC,
    0x61, 0xC0, 0x0E, 0x00, 0xE0, 0xFE, 0x3F, 0xE7, 0x0E, 0xF0, 0xEE, 0x0E, 0xF0, 0xE7, 0xFE, 0x3E,
    0xF0, 0x00, 0x00, 0x00, 0x00, 0x0F, 0xFF, 0xF0, 0x07, 0x70, 0xF0, 0x0E, 0xE0, 0x60, 0x19, 0xC0,
    0xC0, 0x73, 0x80, 0x00, 0xC7, 0x08, 0x01, 0x8E, 0x18, 0x07, 0x1F, 0xF0, 0x0C, 0x3F, 0xE0, 0x38,
    0x71, 0xC0, 0x7F, 0xE1, 0x01, 0xFF, 0xC0, 0x03, 0x83, 0x80, 0x06, 0x07, 0x01, 0x9C, 0x0E, 0x07,
    0x78, 0x3F, 0xFF, 0xF8, 0xFF, 0xFC, 0x00, 0x00, 0x03, 0xF3, 0xF1, 0xFF, 0xFF, 0x30, 0xF0, 0xE0,
    0x0E, 0x0E, 0x01, 0xC1, 0xC3, 0xFF, 0xF9, 0xFF, 0xFF, 0x70, 0xE0, 0x1E, 0x1C, 0x03, 0x83, 0x80,
    0x78, 0x78, 0x07, 0xFF, 0xFC, 0x7C, 0x7F, 0x00, 0x00, 0x00, 0x18, 0x30, 0x30, 0xE0, 0x71, 0xC0,
    0x7F, 0x00, 0x38, 0x00, 0x00, 0x1F, 0xFE, 0x1E, 0x3C, 0x1C, 0x18, 0x38, 0x10, 0x70, 0x00, 0xE1,
    0x01, 0xC6, 0x03, 0xFC, 0x07, 0xF8, 0x0E, 0x30, 0x1C, 0x60, 0x38, 0x00, 0x70, 0x10, 0xE0, 0x71,
    0xC0, 0xC7, 0xFF, 0x9F, 0xFF, 0x00, 0x18, 0xC3, 0x8E, 0x18, 0xC0, 0xF8, 0x00, 0x00, 0x00, 0x0F,
    0xC3, 0xFE, 0x30, 0xE7, 0x0E, 0x70, 0x6F, 0xFE, 0xFF, 0xEF, 0x00, 0x70, 0x07, 0x00, 0x78, 0x03,
    0xFE, 0x1F, 0xC0, 0x00, 0x00, 0x00, 0xFF, 0xC1, 0xE1, 0xC3, 0x01, 0xC6, 0x01, 0xC0, 0x03, 0x80,
    0x07, 0x80, 0x07, 0x00, 0x0F, 0xFF, 0xFF, 0xFF, 0xFF, 0x00, 0x7F, 0x00, 0xEE, 0x03, 0x9C, 0x07,
    0x1C, 0x1C, 0x3C, 0x70, 0x1F, 0xC0, 0x00, 0x00, 0x00, 0x03, 0xF8, 0x7F, 0xC4, 0x1E, 0x00, 0xE0,
    0x0E, 0x00, 0xE7, 0xFF, 0x7F, 0xEE, 0x0E, 0x70, 0xE7, 0x0E, 0x79, 0xC3, 0xF8, 0x04, 0x00, 0x06,
    0x60, 0x1D, 0xC0, 0x3B, 0x80, 0x22, 0x00, 0x00, 0x0F, 0xFC, 0x1E, 0x1C, 0x30, 0x1C, 0x60, 0x1C,
    0x00, 0x38, 0x00, 0x78, 0x00, 0x70, 0x00, 0xFF, 0xFF, 0xFF, 0xFF, 0xF0, 0x07, 0xF0, 0x0E, 0xE0,
    0x39, 0xC0, 0x71, 0xC1, 0xC3, 0xC7, 0x01, 0xFC, 0x00, 0x00, 0x00, 0x00, 0x03, 0x9C, 0x39, 0xC3,
    0x9C, 0x00, 0x00, 0x00, 0x3F, 0x87, 0xFC, 0x41, 0xE0, 0x0E, 0x00, 0xE0, 0x0E, 0x7F, 0xF7, 0xFE,
    0xE0, 0xE7, 0x0E, 0x70, 0xE7, 0x9C, 0x3F, 0x80, 0x40, 0x00, 0x66, 0x00, 0x00, 0xF7, 0x00, 0x00,
    0xE7, 0x00, 0x00, 0x42, 0x00, 0x00, 0x00, 0x00, 0xFC, 0x7F, 0x3F, 0x78, 0x3C, 0x1E, 0x18, 0x1C,
    0x18, 0x0C, 0x1C, 0x30, 0x0E, 0x1C, 0x70, 0x07, 0x1C, 0x60, 0x03, 0x1C, 0xC0, 0x01, 0xBD, 0x80,
    0x03, 0xFF, 0xC0, 0x07, 0x9D, 0xE0, 0x07, 0x1C, 0xF0, 0x0E, 0x1C, 0x70, 0x1E, 0x1C, 0x38, 0x1C,
    0x1C, 0x38, 0x38, 0x1C, 0x1C, 0x78, 0x3C, 0x1E, 0xF0, 0x7F, 0x0F, 0x00, 0x00, 0x00, 0x0C, 0xE0,
    0x00, 0xF7, 0x80, 0x03, 0x38, 0x00, 0x00, 0x00, 0x00, 0x00, 0x01, 0xF3, 0xE7, 0xCF, 0x9F, 0x3E,
    0x18, 0x70, 0xC0, 0x63, 0x8C, 0x03, 0x1C, 0xC0, 0x0C, 0xEE, 0x00, 0x7F, 0xF0, 0x07, 0x39, 0xC0,
    0x71, 0xC7, 0x03, 0x8E, 0x38, 0x38, 0x70, 0xE3, 0x83, 0x87, 0xBC, 0x7E, 0x1E, 0x19, 0xC0, 0xEE,
    0x07, 0x70, 0x11, 0x00, 0x00, 0x3F, 0xE1, 0xC7, 0x8C, 0x0E, 0x60, 0x73, 0x03, 0x80, 0x1C, 0x01,
    0xC0, 0xFC, 0x07, 0xF0, 0x03, 0xC0, 0x0E, 0x00, 0x38, 0x01, 0xD8, 0x1E, 0xC0, 0xE7, 0x0E, 0x3F,
    0xE0, 0x00, 0x00, 0x00, 0x07, 0x38, 0xE7, 0x1C, 0xC0, 0x00, 0x00, 0x0F, 0xE3, 0xDE, 0x61, 0xCC,
    0x38, 0x07, 0x03, 0xC0, 0xF8, 0x07, 0x80, 0x7A, 0x07, 0x60, 0xEE, 0x39, 0xFE, 0x00, 0x00, 0x00,
    0x07, 0xFF, 0xBF, 0xFD, 0xC1, 0xCC, 0x1C, 0x01, 0xC0, 0x1C, 0x01, 0xC0, 0x0F, 0xC0, 0x1F, 0x00,
    0x1C, 0x00, 0xF0, 0x07, 0xB0, 0x3D, 0x81, 0xCC, 0x1E, 0xF3, 0xE3, 0xFE, 0x00, 0x00, 0x7F, 0xEF,
    0xFF, 0x60, 0xE6, 0x1C, 0x03, 0x80, 0x70, 0x0F, 0x00, 0xE0, 0x1F, 0xC1, 0x1E, 0x00, 0xE0, 0x0F,
    0x00, 0x70, 0x07, 0x60, 0xFE, 0x0E, 0xE1, 0xEF, 0xFC, 0x3F, 0x00, 0x07, 0xF0, 0x03, 0xF8, 0x00,
    0x00, 0x00, 0x00, 0x0F, 0xE3, 0xFB, 0xE0, 0xF8, 0xE0, 0x38, 0x70, 0x3C, 0x38, 0x3E, 0x1C, 0x37,
    0x0E, 0x1B, 0x87, 0x19, 0xC3, 0x98, 0xE1, 0xCC, 0x70, 0xEC, 0x38, 0x7C, 0x1C, 0x3C, 0x0E, 0x1E,
    0x07, 0x0E, 0x03, 0x8F, 0x03, 0xEF, 0xE3, 0xF8, 0x0F, 0xF0, 0x1F, 0xE0, 0x00, 0x00, 0x00, 0x07,
    0xE7, 0xEF, 0xCF, 0xCE, 0x0F, 0x1C, 0x1E, 0x38, 0x7C, 0x71, 0xB8, 0xE6, 0x71, 0xD8, 0xE3, 0xE1,
    0xC7, 0xC3, 0x8F, 0x07, 0x1E, 0x1E, 0x7E, 0x7E, 0x07, 0x30, 0x03, 0xB8, 0x01, 0xDC, 0x00, 0x44,
    0x00, 0x00, 0x07, 0xF1, 0xFD, 0xF0, 0x7C, 0x70, 0x1C, 0x38, 0x1E, 0x1C, 0x1F, 0x0E, 0x1B, 0x87,
    0x0D, 0xC3, 0x8C, 0xE1, 0xCC, 0x70, 0xE6, 0x38, 0x76, 0x1C, 0x3E, 0x0E, 0x1E, 0x07, 0x0F, 0x03,
    0x87, 0x01, 0xC7, 0x81, 0xF7, 0xF1, 0xFC, 0x00, 0x00, 0x1C, 0xE0, 0x39, 0xC0, 0x73, 0x80, 0x00,
    0x00, 0x00, 0x1F, 0x9F, 0xBF, 0x3F, 0x38, 0x3C, 0x70, 0x78, 0xE1, 0xF1, 0xC6, 0xE3, 0x99, 0xC7,
    0x63, 0x8F, 0x87, 0x1F, 0x0E, 0x3C, 0x1C, 0x78, 0x79, 0xF9, 0xF8, 0x06, 0x70, 0x07, 0x70, 0x07,
    0x70, 0x02, 0x20, 0x00, 0x00, 0x07, 0xF0, 0x1E, 0x3C, 0x38, 0x1C, 0x38, 0x0E, 0x70, 0x0E, 0x70,
    0x07, 0x70, 0x07, 0x70, 0x07, 0x70, 0x07, 0x70, 0x07, 0x70, 0x07, 0x70, 0x0F, 0x70, 0x0E, 0x38,
    0x0E, 0x38, 0x1C, 0x1E, 0x38, 0x0F, 0xF0, 0x00, 0x00, 0x00, 0x00, 0xE7, 0x07, 0x38, 0x39, 0x80,
    0x00, 0x00, 0x00, 0x3F, 0x03, 0xFC, 0x38, 0x73, 0x83, 0x9C, 0x0E, 0xE0, 0x77, 0x03, 0xB8, 0x1D,
    0xC0, 0xEE, 0x0E, 0x78, 0x71, 0xE7, 0x07, 0xF0, 0x00, 0x00, 0x00, 0x00, 0x07, 0xF0, 0x1E, 0x3C,
    0x38, 0x1C, 0x38, 0x0E, 0x70, 0x0E, 0x70, 0x07, 0x70, 0x07, 0x70, 0x07, 0x7F, 0xFF, 0x70, 0x07,
    0x70, 0x07, 0x70, 0x0F, 0x70, 0x0E, 0x38, 0x0E, 0x38, 0x1C, 0x1E, 0x38, 0x0F, 0xF0, 0x00, 0x00,
    0x00, 0x00, 0x7E, 0x07, 0xF8, 0x70, 0xE7, 0x07, 0x38, 0x1D, 0xC0, 0xEF, 0xFF, 0x70, 0x3B, 0x81,
    0xDC, 0x1C, 0xF0, 0xE3, 0xCE, 0x0F, 0xE0, 0x00, 0x00, 0x06, 0x70, 0x07, 0x70, 0x07, 0x70, 0x02,
    0x20, 0x00, 0x00, 0x07, 0xF0, 0x1E, 0x3C, 0x38, 0x1C, 0x38, 0x0E, 0x70, 0x0E, 0x70, 0x07, 0x70,
    0x07, 0x70, 0x07, 0x7F, 0xFF, 0x70, 0x07, 0x70, 0x07, 0x70, 0x0F, 0x70, 0x0E, 0x38, 0x0E, 0x38,
    0x1C, 0x1E, 0x38, 0x0F, 0xF0, 0x00, 0x00, 0x00, 0x00, 0xE7, 0x07, 0x38, 0x39, 0x80, 0x00, 0x00,
    0x00, 0x3F, 0x03, 0xFC, 0x38, 0x73, 0x83, 0x9C, 0x0E, 0xE0, 0x77, 0xFF, 0xB8, 0x1D, 0xC0, 0xEE,
    0x0E, 0x78, 0x71, 0xE7, 0x07, 0xF0, 0x00, 0x00, 0x0C, 0xC0, 0x39, 0xC0, 0x73, 0x00, 0x40, 0x00,
    0x00, 0x0F, 0xF8, 0x1C, 0x3C, 0x30, 0x3C, 0x60, 0x38, 0xC0, 0x78, 0x00, 0x70, 0x00, 0xE0, 0xFF,
    0xC1, 0xFF, 0x80, 0x07, 0x00, 0x0E, 0x00, 0x1C, 0x00, 0x39, 0x80, 0xE3, 0x03, 0x87, 0x0E, 0x0F,
    0xF8, 0x00, 0x00, 0x00, 0x00, 0x0C, 0xE3, 0xDC, 0x73, 0x80, 0x00, 0x00, 0x3F, 0x87, 0x7C, 0xC3,
    0xD8, 0x38, 0x07, 0x08, 0xE1, 0xFC, 0x33, 0x80, 0x76, 0x0E, 0xC1, 0x9C, 0xF3, 0xF8, 0x00, 0x00,
    0x03, 0xF0, 0x07, 0xF0, 0x00, 0x00, 0x00, 0x00, 0xFE, 0x1F, 0x7C, 0x0E, 0x3C, 0x0C, 0x1C, 0x0C,
    0x1C, 0x1C, 0x0E, 0x18, 0x0E, 0x18, 0x07, 0x30, 0x07, 0x30, 0x03, 0xE0, 0x03, 0xE0, 0x01, 0xE0,
    0x01, 0xC0, 0x01, 0xC0, 0x01, 0x80, 0x1F, 0x80, 0x1F, 0x00, 0x04, 0x00, 0x1F, 0xC0, 0x7F, 0x00,
    0x00, 0x00, 0x00, 0xFC, 0xFB, 0xF1, 0xE7, 0x03, 0x0E, 0x1C, 0x38, 0x60, 0xE1, 0x81, 0xCE, 0x07,
    0x30, 0x0C, 0xC0, 0x3B, 0x00, 0xF8, 0x01, 0xE0, 0x07, 0x80, 0x0C, 0x00, 0x30, 0x01, 0x80, 0x3E,
    0x00, 0xF0, 0x03, 0x80, 0x00, 0x03, 0x30, 0x07, 0x70, 0x07, 0x70, 0x02, 0x20, 0x00, 0x00, 0xFE,
    0x1F, 0x7C, 0x0E, 0x3C, 0x0C, 0x1C, 0x0C, 0x1C, 0x1C, 0x0E, 0x18, 0x0E, 0x18, 0x07, 0x30, 0x07,
    0x30, 0x03, 0xE0, 0x03, 0xE0, 0x01, 0xE0, 0x01, 0xC0, 0x01, 0xC0, 0x01, 0x80, 0x1F, 0x80, 0x1F,
    0x00, 0x04, 0x00, 0x00, 0x00, 0x73, 0x81, 0xCE, 0x07, 0x30, 0x00, 0x00, 0x00, 0x0F, 0xCF, 0xBF,
    0x1E, 0x70, 0x30, 0xE1, 0xC3, 0x86, 0x0E, 0x18, 0x1C, 0xE0, 0x73, 0x00, 0xCC, 0x03, 0xB0, 0x0F,
    0x80, 0x1E, 0x00, 0x78, 0x00, 0xC0, 0x03, 0x00, 0x18, 0x03, 0xE0, 0x0F, 0x00, 0x38, 0x00, 0x00,
    0x84, 0x01, 0xCE, 0x03, 0x9C, 0x03, 0x38, 0x02, 0x30, 0x00, 0x00, 0xFE, 0x1F, 0x7C, 0x0E, 0x3C,
    0x0C, 0x1C, 0x0C, 0x1C, 0x1C, 0x0E, 0x18, 0x0E, 0x18, 0x07, 0x30, 0x07, 0x30, 0x03, 0xE0, 0x03,
    0xE0, 0x01, 0xE0, 0x01, 0xC0, 0x01, 0xC0, 0x01, 0x80, 0x1F, 0x80, 0x1F, 0x00, 0x04, 0x00, 0x00,
    0x00, 0x0C, 0xC0, 0x73, 0x81, 0x9C, 0x0E, 0xE0, 0x33, 0x00, 0x00, 0x00, 0x00, 0xFC, 0xFB, 0xF1,
    0xE7, 0x03, 0x0E, 0x1C, 0x38, 0x60, 0xE1, 0x81, 0xCE, 0x07, 0x30, 0x0C, 0xC0, 0x3B, 0x00, 0xF8,
    0x01, 0xE0, 0x07, 0x80, 0x0C, 0x00, 0x30, 0x01, 0x80, 0x3E, 0x00, 0xF0, 0x03, 0x80, 0x00, 0x06,
    0x60, 0x0E, 0xE0, 0x0E, 0xE0, 0x04, 0x40, 0x00, 0x00, 0xFC, 0x7F, 0x78, 0x3C, 0x70, 0x1C, 0x70,
    0x1C, 0x70, 0x1C, 0x70, 0x1C, 0x70, 0x1C, 0x38, 0x1C, 0x3C, 0x3C, 0x1F, 0xFC, 0x07, 0x9C, 0x00,
    0x1C, 0x00, 0x1C, 0x00, 0x1C, 0x00, 0x1C, 0x00, 0x3C, 0x00, 0xFF, 0x00, 0x00, 0x73, 0x81, 0xCE,
    0x07, 0x38, 0x00, 0x00, 0x00, 0x0F, 0xCF, 0xFF, 0x3F, 0x30, 0x70, 0xC1, 0xC3, 0x07, 0x0E, 0x1C,
    0x3C, 0x70, 0x7F, 0xC0, 0x77, 0x00, 0x1C, 0x00, 0x70, 0x01, 0xE0, 0x1F, 0xC0, 0x00, 0x07, 0xFF,
    0xDF, 0x7E, 0x70, 0x73, 0x81, 0x9C, 0x0C, 0xE0, 0x67, 0x00, 0x38, 0x01, 0xC0, 0x0E, 0x00, 0x70,
    0x03, 0x80, 0x1C, 0x00, 0xE0, 0x07, 0x00, 0x7F, 0x87, 0xFC, 0x00, 0xE0, 0x07, 0x00, 0x38, 0x00,
    0xC0, 0x00, 0x00, 0x7F, 0xE7, 0xFE, 0x38, 0x63, 0x86, 0x38, 0x63, 0x80, 0x38, 0x03, 0x80, 0x38,
    0x03, 0x80, 0x38, 0x03, 0xF0, 0x7F, 0x00, 0x70, 0x07, 0x00, 0x30, 0x03, 0x00, 0x00, 0x00, 0xCE,
    0x00, 0x03, 0xB8, 0x00, 0x0E, 0xE0, 0x00, 0x01, 0x00, 0x00, 0x00, 0x03, 0xF8, 0x0F, 0xF7, 0x80,
    0x0F, 0x8E, 0x00, 0x1C, 0x38, 0x00, 0x70, 0xE0, 0x01, 0xC3, 0x80, 0x07, 0x0F, 0xF0, 0x1C, 0x3F,
    0xF0, 0x70, 0xE1, 0xE1, 0xC3, 0x83, 0x87, 0x0E, 0x07, 0x1C, 0x38, 0x1C, 0x70, 0xE0, 0x71, 0xC3,
    0x83, 0x87, 0x0E, 0x0E, 0x1C, 0x78, 0xF0, 0xF3, 0xFF, 0x8F, 0xF0, 0x00, 0x00, 0x00, 0x00, 0x00,
    0x00, 0x73, 0x80, 0x0E, 0x70, 0x01, 0xCE, 0x00, 0x00, 0x00, 0x00, 0x00, 0x1F, 0x81, 0xFB, 0xF0,
    0x3F, 0x38, 0x03, 0x87, 0x00, 0x70, 0xE0, 0x0E, 0x1F, 0xE1, 0xC3, 0xFF, 0x38, 0x70, 0xE7, 0x0E,
    0x1C, 0xE1, 0xC3, 0x9C, 0x38, 0x73, 0x87, 0x1E, 0x79, 0xFF, 0x1F, 0x80, 0x00, 0x00, 0x00, 0x03,
    0xFF, 0xE3, 0xCF, 0x87, 0x06, 0x1C, 0x18, 0x70, 0x61, 0xC1, 0x87, 0x00, 0x1C, 0x01, 0xFE, 0x07,
    0xF8, 0x07, 0x00, 0x1C, 0x00, 0x70, 0x01, 0xC0, 0x07, 0x00, 0x3E, 0x03, 0xFF, 0x00, 0x1C, 0x00,
    0x70, 0x01, 0xC0, 0x3E, 0x00, 0x78, 0x00, 0x7F, 0xE7, 0xFE, 0x38, 0x63, 0x86, 0x38, 0x63, 0x80,
    0x38, 0x07, 0xF0, 0x7F, 0x03, 0x80, 0x38, 0x03, 0xE0, 0x7F, 0x80, 0x18, 0x01, 0x80, 0x18, 0x07,
    0x80, 0x70, 0x00, 0x00, 0x00, 0x00, 0xFF, 0x3F, 0x7C, 0x1E, 0x1C, 0x1C, 0x1E, 0x18, 0x0E, 0x30,
    0x07, 0x60, 0x07, 0xE0, 0x03, 0xC0, 0x01, 0xC0, 0x03, 0xE0, 0x06, 0xF0, 0x06, 0x70, 0x0C, 0x38,
    0x1C, 0x3C, 0x18, 0x1C, 0x78, 0x1E, 0xFE, 0x0E, 0x00, 0x0E, 0x00, 0x0C, 0x00, 0x1C, 0x00, 0x38,
    0x00, 0x20, 0xFC, 0xF9, 0xF1, 0xE3, 0x86, 0x07, 0x38, 0x0E, 0xC0, 0x3E, 0x00, 0x78, 0x01, 0xE0,
    0x0D, 0xC0, 0x67, 0x83, 0x8E, 0x1C, 0x1C, 0xFC, 0x70, 0x00, 0xE0, 0x03, 0x80, 0x0E, 0x00, 0x30,
    0x01, 0xC0, 0x04, 0x00, 0x00, 0x00, 0x7F, 0x9F, 0x9F, 0x07, 0x83, 0x83, 0x81, 0xE1, 0x80, 0x71,
    0x80, 0x1D, 0x80, 0x0F, 0xC0, 0x03, 0xC0, 0x0F, 0xFE, 0x07, 0xFE, 0x00, 0xDC, 0x00, 0x67, 0x00,
    0x63, 0xC0, 0x70, 0xE0, 0x30, 0x38, 0x78, 0x1E, 0x7F, 0x3F, 0xC0, 0xFC, 0xF9, 0xF1, 0xE3, 0x86,
    0x07, 0x38, 0x0E, 0xC0, 0x7F, 0x81, 0xFE, 0x01, 0xE0, 0x0D, 0xC0, 0x67, 0x83, 0x8F, 0x1C, 0x3E,
    0xFD, 0xFC, 0x00, 0x00, 0x00, 0x78, 0x00, 0x1E, 0x00, 0x07, 0xC0, 0x03, 0xF0, 0x00, 0xDC, 0x00,
    0x33, 0x80, 0x1C, 0xE0, 0x06, 0x38, 0x01, 0x87, 0x00, 0xE1, 0xC0, 0x30, 0x70, 0x0F, 0xFE, 0x07,
    0xFF, 0x81, 0x80, 0xE0, 0xE0, 0x3C, 0x38, 0x0F, 0x9F, 0x87, 0xF0, 0x00, 0x00, 0x03, 0x00, 0x01,
    0xE0, 0x00, 0x78, 0x00, 0x0C, 0x00, 0x1F, 0x87, 0xFC, 0x61, 0xC0, 0x0E, 0x00, 0xE0, 0xFE, 0x3F,
    0xE7, 0x0E, 0xF0, 0xEE, 0x0E, 0xF0, 0xE7, 0xFE, 0x3E, 0xF0, 0x00, 0x06, 0x00, 0xF0, 0x0F, 0x00,
    0x60, 0x00, 0x00, 0x00, 0x78, 0x00, 0x1F, 0x00, 0x01, 0x80, 0x00, 0xE0, 0x00, 0x30, 0x00, 0x00,
    0x00, 0x07, 0x80, 0x01, 0xE0, 0x00, 0x7C, 0x00, 0x3F, 0x00, 0x0D, 0xC0, 0x03, 0x38, 0x01, 0xCE,
    0x00, 0x63, 0x80, 0x18, 0x70, 0x0E, 0x1C, 0x03, 0x07, 0x00, 0xFF, 0xE0, 0x7F, 0xF8, 0x18, 0x0E,
    0x0E, 0x03, 0xC3, 0x80, 0xF9, 0xF8, 0x7F, 0x04, 0x00, 0xF0, 0x0F, 0x80, 0x38, 0x03, 0x00, 0x60,
    0x06, 0x00, 0x00, 0x1F, 0x87, 0xFC, 0x61, 0xC0, 0x0E, 0x00, 0xE0, 0xFE, 0x3F, 0xE7, 0x0E, 0xF0,
    0xEE, 0x0E, 0xF0, 0xE7, 0xFE, 0x3E, 0xF0, 0x00, 0x00, 0x02, 0x00, 0x01, 0xC0, 0x00, 0xE0, 0x07,
    0xA0, 0x03, 0xF0, 0x01, 0xCE, 0x00, 0x20, 0x80, 0x00, 0x00, 0x01, 0xE0, 0x00, 0x78, 0x00, 0x1F,
    0x00, 0x0F, 0xC0, 0x03, 0x70, 0x00, 0xCE, 0x00, 0x73, 0x80, 0x18, 0xE0, 0x06, 0x1C, 0x03, 0x87,
    0x00, 0xC1, 0xC0, 0x3F, 0xF8, 0x1F, 0xFE, 0x06, 0x03, 0x83, 0x80, 0xF0, 0xE0, 0x3E, 0x7E, 0x1F,
    0xC0, 0x00, 0x10, 0x00, 0xE0, 0x03, 0x01, 0x98, 0x0F, 0x00, 0x7E, 0x03, 0x9C, 0x04, 0x10, 0x00,
    0x00, 0x7E, 0x07, 0xFC, 0x18, 0x70, 0x00, 0xE0, 0x03, 0x80, 0xFE, 0x0F, 0xF8, 0x70, 0xE3, 0xC3,
    0x8E, 0x0E, 0x3C, 0x38, 0x7F, 0xE0, 0xFB, 0xC0, 0x00, 0x00, 0x00, 0x10, 0x00, 0x0E, 0x00, 0x01,
    0xC0, 0x07, 0x90, 0x03, 0xF0, 0x01, 0xCE, 0x00, 0x20, 0x80, 0x00, 0x00, 0x01, 0xE0, 0x00, 0x78,
    0x00, 0x1F, 0x00, 0x0F, 0xC0, 0x03, 0x70, 0x00, 0xCE, 0x00, 0x73, 0x80, 0x18, 0xE0, 0x06, 0x1C,
    0x03, 0x87, 0x00, 0xC1, 0xC0, 0x3F, 0xF8, 0x1F, 0xFE, 0x06, 0x03, 0x83, 0x80, 0xF0, 0xE0, 0x3E,
    0x7E, 0x1F, 0xC0, 0x00, 0x80, 0x0C, 0x00, 0xE0, 0x67, 0x0F, 0x01, 0xF8, 0x39, 0xC1, 0x04, 0x00,
    0x01, 0xF8, 0x7F, 0xC6, 0x1C, 0x00, 0xE0, 0x0E, 0x0F, 0xE3, 0xFE, 0x70, 0xEF, 0x0E, 0xE0, 0xEF,
    0x0E, 0x7F, 0xE3, 0xEF, 0x00, 0x00, 0x00, 0x00, 0x00, 0x07, 0x80, 0x01, 0xE0, 0x00, 0x18, 0x00,
    0x0C, 0x00, 0x7A, 0x00, 0x3F, 0x00, 0x1C, 0xE0, 0x02, 0x08, 0x00, 0x00, 0x00, 0x1E, 0x00, 0x07,
    0x80, 0x01, 0xF0, 0x00, 0xFC, 0x00, 0x37, 0x00, 0x0C, 0xE0, 0x07, 0x38, 0x01, 0x8E, 0x00, 0x61,
    0xC0, 0x38, 0x70, 0x0C, 0x1C, 0x03, 0xFF, 0x81, 0xFF, 0xE0, 0x60, 0x38, 0x38, 0x0F, 0x0E, 0x03,
    0xE7, 0xE1, 0xFC, 0x00, 0x00, 0x07, 0x80, 0x0C, 0x00, 0x60, 0x66, 0x07, 0xA0, 0x7E, 0x07, 0x38,
    0x10, 0x40, 0x00, 0x07, 0xE0, 0xFF, 0x86, 0x1C, 0x00, 0x70, 0x03, 0x81, 0xFC, 0x3F, 0xE3, 0x87,
    0x3C, 0x39, 0xC1, 0xCF, 0x0E, 0x3F, 0xF0, 0xFB, 0xC0, 0x00, 0x01, 0x80, 0x00, 0xFE, 0x00, 0x27,
    0x00, 0x00, 0x00, 0x01, 0xE0, 0x00, 0xFC, 0x00, 0x73, 0x80, 0x08, 0x20, 0x00, 0x00, 0x00, 0x78,
    0x00, 0x1E, 0x00, 0x07, 0xC0, 0x03, 0xF0, 0x00, 0xDC, 0x00, 0x33, 0x80, 0x1C, 0xE0, 0x06, 0x38,
    0x01, 0x87, 0x00, 0xE1, 0xC0, 0x30, 0x70, 0x0F, 0xFE, 0x07, 0xFF, 0x81, 0x80, 0xE0, 0xE0, 0x3C,
    0x38, 0x0F, 0x9F, 0x87, 0xF0, 0x00, 0x01, 0xEC, 0x1F, 0x80, 0x30, 0x06, 0x00, 0xF0, 0x1F, 0x83,
    0x9C, 0x10, 0x40, 0x00, 0x1F, 0x87, 0xFC, 0x61, 0xC0, 0x0E, 0x00, 0xE0, 0xFE, 0x3F, 0xE7, 0x0E,
    0xF0, 0xEE, 0x0E, 0xF0, 0xE7, 0xFE, 0x3E, 0xF0, 0x00, 0x00, 0x00, 0x00, 0x78, 0x00, 0x3F, 0x00,
    0x0C, 0xE0, 0x02, 0x08, 0x00, 0x00, 0x00, 0x1E, 0x00, 0x07, 0x80, 0x01, 0xF0, 0x00, 0xFC, 0x00,
    0x37, 0x00, 0x0C, 0xE0, 0x07, 0x38, 0x01, 0x8E, 0x00, 0x61, 0xC0, 0x38, 0x70, 0x0C, 0x1C, 0x03,
    0xFF, 0x81, 0xFF, 0xE0, 0x60, 0x38, 0x38, 0x0F, 0x0E, 0x03, 0xE7, 0xE1, 0xFC, 0x00, 0x00, 0x00,
    0xC0, 0x00, 0x78, 0x00, 0x1E, 0x00, 0x03, 0x00, 0x06, 0x00, 0xF0, 0x0F, 0x81, 0x98, 0x30, 0xC0,
    0x04, 0x00, 0x01, 0xF8, 0x7F, 0xC6, 0x1C, 0x00, 0xE0, 0x0E, 0x0F, 0xE3, 0xFE, 0x70, 0xEF, 0x0E,
    0xE0, 0xEF, 0x0E, 0x7F, 0xE3, 0xEF, 0x00, 0x00, 0x60, 0x0F, 0x00, 0xF0, 0x06, 0x00, 0x00, 0x10,
    0x00, 0x0E, 0x00, 0x07, 0x00, 0x03, 0x80, 0x00, 0x40, 0x00, 0x86, 0x00, 0x3B, 0x80, 0x0F, 0xC0,
    0x00, 0xE0, 0x00, 0x00, 0x00, 0x1E, 0x00, 0x07, 0x80, 0x01, 0xF0, 0x00, 0xFC, 0x00, 0x37, 0x00,
    0x0C, 0xE0, 0x07, 0x38, 0x01, 0x8E, 0x00, 0x61, 0xC0, 0x38, 0x70, 0x0C, 0x1C, 0x03, 0xFF, 0x81,
    0xFF, 0xE0, 0x60, 0x38, 0x38, 0x0F, 0x0E, 0x03, 0xE7, 0xE1, 0xFC, 0x00, 0x00, 0x0C, 0x01, 0xC0,
    0x3C, 0x07, 0x80, 0x60, 0x00, 0x00, 0x00, 0x30, 0x43, 0x0C, 0x1F, 0xC1, 0xF8, 0x00, 0x00, 0x00,
    0x1F, 0x87, 0xFC, 0x61, 0xC0, 0x0E, 0x00, 0xE0, 0xFE, 0x3F, 0xE7, 0x0E, 0xF0, 0xEE, 0x0E, 0xF0,
    0xE7, 0xFE, 0x3E, 0xF0, 0x00, 0x01, 0x00, 0x00, 0xE0, 0x00, 0x38, 0x00, 0x07, 0x00, 0x00, 0x40,
    0x00, 0x86, 0x00, 0x3B, 0x80, 0x0F, 0xC0, 0x00, 0xE0, 0x00, 0x00, 0x00, 0x1E, 0x00, 0x07, 0x80,
    0x01, 0xF0, 0x00, 0xFC, 0x00, 0x37, 0x00, 0x0C, 0xE0, 0x07, 0x38, 0x01, 0x8E, 0x00, 0x61, 0xC0,
    0x38, 0x70, 0x0C, 0x1C, 0x03, 0xFF, 0x81, 0xFF, 0xE0, 0x60, 0x38, 0x38, 0x0F, 0x0E, 0x03, 0xE7,
    0xE1, 0xFC, 0x00, 0x01, 0x80, 0x3C, 0x01, 0xC0, 0x0E, 0x00, 0x70, 0x00, 0x00, 0x00, 0x30, 0xC3,
    0x0C, 0x1F, 0xC1, 0xF8, 0x00, 0x00, 0x00, 0x1F, 0x87, 0xFC, 0x61, 0xC0, 0x0E, 0x00, 0xE0, 0xFE,
    0x3F, 0xE7, 0x0E, 0xF0, 0xEE, 0x0E, 0xF0, 0xE7, 0xFE, 0x3E, 0xF0, 0x00, 0x00, 0x00, 0x00, 0x78,
    0x00, 0x1F, 0x00, 0x01, 0x80, 0x00, 0xE0, 0x00, 0x30, 0x00, 0x21, 0x80, 0x0E, 0xE0, 0x03, 0xF0,
    0x00, 0x38, 0x00, 0x00, 0x00, 0x07, 0x80, 0x01, 0xE0, 0x00, 0x7C, 0x00, 0x3F, 0x00, 0x0D, 0xC0,
    0x03, 0x38, 0x01, 0xCE, 0x00, 0x63, 0x80, 0x18, 0x70, 0x0E, 0x1C, 0x03, 0x07, 0x00, 0xFF, 0xE0,
    0x7F, 0xF8, 0x18, 0x0E, 0x0E, 0x03, 0xC3, 0x80, 0xF9, 0xF8, 0x7F, 0x04, 0x00, 0xF0, 0x0F, 0x80,
    0x38, 0x03, 0x00, 0x60, 0x06, 0x03, 0x0C, 0x30, 0xC1, 0xFC, 0x1F, 0x80, 0x00, 0x00, 0x01, 0xF8,
    0x7F, 0xC6, 0x1C, 0x00, 0xE0, 0x0E, 0x0F, 0xE3, 0xFE, 0x70, 0xEF, 0x0E, 0xE0, 0xEF, 0x0E, 0x7F,
    0xE3, 0xEF, 0x00, 0x00, 0x01, 0x80, 0x00, 0xF6, 0x00, 0x27, 0x80, 0x00, 0x80, 0x02, 0x18, 0x00,
    0xEE, 0x00, 0x3F, 0x00, 0x03, 0x80, 0x00, 0x00, 0x00, 0x78, 0x00, 0x1E, 0x00, 0x07, 0xC0, 0x03,
    0xF0, 0x00, 0xDC, 0x00, 0x33, 0x80, 0x1C, 0xE0, 0x06, 0x38, 0x01, 0x87, 0x00, 0xE1, 0xC0, 0x30,
    0x70, 0x0F, 0xFE, 0x07, 0xFF, 0x81, 0x80, 0xE0, 0xE0, 0x3C, 0x38, 0x0F, 0x9F, 0x87, 0xF0, 0x1C,
    0x41, 0xFC, 0x37, 0xC0, 0x18, 0x00, 0x03, 0x0C, 0x30, 0xC1, 0xFC, 0x1F, 0x80, 0x00, 0x00, 0x01,
    0xF8, 0x7F, 0xC6, 0x1C, 0x00, 0xE0, 0x0E, 0x0F, 0xE3, 0xFE, 0x70, 0xEF, 0x0E, 0xE0, 0xEF, 0x0E,
    0x7F, 0xE3, 0xEF, 0x00, 0x00, 0x00, 0x00, 0x00, 0x86, 0x00, 0x3B, 0x80, 0x0F, 0xC0, 0x00, 0xE0,
    0x00, 0x00, 0x00, 0x1E, 0x00, 0x07, 0x80, 0x01, 0xF0, 0x00, 0xFC, 0x00, 0x37, 0x00, 0x0C, 0xE0,
    0x07, 0x38, 0x01, 0x8E, 0x00, 0x61, 0xC0, 0x38, 0x70, 0x0C, 0x1C, 0x03, 0xFF, 0x81, 0xFF, 0xE0,
    0x60, 0x38, 0x38, 0x0F, 0x0E, 0x03, 0xE7, 0xE1, 0xFC, 0x00, 0x00, 0x00, 0xC0, 0x00, 0x78, 0x00,
    0x1E, 0x00, 0x03, 0x00, 0x30, 0xC3, 0x0C, 0x1F, 0xC1, 0xF8, 0x00, 0x00, 0x00, 0x1F, 0x87, 0xFC,
    0x61, 0xC0, 0x0E, 0x00, 0xE0, 0xFE, 0x3F, 0xE7, 0x0E, 0xF0, 0xEE, 0x0E, 0xF0, 0xE7, 0xFE, 0x3E,
    0xF0, 0x00, 0x06, 0x00, 0xF0, 0x0F, 0x00, 0x60, 0x00, 0x00, 0xFF, 0xF0, 0xF1, 0xE0, 0xE0, 0xC1,
    0xC0, 0x83, 0x80, 0x07, 0x08, 0x0E, 0x30, 0x1F, 0xE0, 0x3F, 0xC0, 0x71, 0x80, 0xE3, 0x01, 0xC0,
    0x03, 0x80, 0x87, 0x03, 0x8E, 0x06, 0x3F, 0xFC, 0xFF, 0xF8, 0x00, 0x00, 0x08, 0x00, 0x38, 0x00,
    0xF0, 0x00, 0xC0, 0x00, 0x00, 0x00, 0xFC, 0x3F, 0xE3, 0x0E, 0x70, 0xE7, 0x06, 0xFF, 0xEF, 0xFE,
    0xF0, 0x07, 0x00, 0x70, 0x07, 0x80, 0x3F, 0xE1, 0xFC, 0x00, 0x00, 0x60, 0x07, 0x00, 0xF0, 0x06,
    0x00, 0x00, 0x00, 0x0F, 0x00, 0x1F, 0x00, 0x0E, 0x00, 0x38, 0x00, 0x60, 0x00, 0x00, 0x3F, 0xFC,
    0x3C, 0x78, 0x38, 0x30, 0x70, 0x20, 0xE0, 0x01, 0xC2, 0x03, 0x8C, 0x07, 0xF8, 0x0F, 0xF0, 0x1C,
    0x60, 0x38, 0xC0, 0x70, 0x00, 0xE0, 0x21, 0xC0, 0xE3, 0x81, 0x8F, 0xFF, 0x3F, 0xFE, 0x06, 0x00,
    0xF8, 0x0F, 0x80, 0x18, 0x03, 0x80, 0x60, 0x06, 0x00, 0x00, 0x0F, 0xC3, 0xFE, 0x30, 0xE7, 0x0E,
    0x70, 0x6F, 0xFE, 0xFF, 0xEF, 0x00, 0x70, 0x07, 0x00, 0x78, 0x03, 0xFE, 0x1F, 0xC0, 0x00, 0x06,
    0x20, 0x1F, 0xC0, 0x27, 0x80, 0x06, 0x00, 0x00, 0x0F, 0xFF, 0x0F, 0x1E, 0x0E, 0x0C, 0x1C, 0x08,
    0x38, 0x00, 0x70, 0x80, 0xE3, 0x01, 0xFE, 0x03, 0xFC, 0x07, 0x18, 0x0E, 0x30, 0x1C, 0x00, 0x38,
    0x08, 0x70, 0x38, 0xE0, 0x63, 0xFF, 0xCF, 0xFF, 0x80, 0x0E, 0x41, 0xFE, 0x13, 0xC0, 0x18, 0x00,
    0x00, 0xFC, 0x3F, 0xE3, 0x0E, 0x70, 0xE7, 0x06, 0xFF, 0xEF, 0xFE, 0xF0, 0x07, 0x00, 0x70, 0x07,
    0x80, 0x3F, 0xE1, 0xFC, 0x00, 0x00, 0x00, 0x08, 0x00, 0x38, 0x00, 0xE0, 0x1D, 0x00, 0x7C, 0x01,
    0xDC, 0x02, 0x08, 0x00, 0x00, 0x7F, 0xF8, 0x78, 0xF0, 0x70, 0x60, 0xE0, 0x41, 0xC0, 0x03, 0x84,
    0x07, 0x18, 0x0F, 0xF0, 0x1F, 0xE0, 0x38, 0xC0, 0x71, 0x80, 0xE0, 0x01, 0xC0, 0x43, 0x81, 0xC7,
    0x03, 0x1F, 0xFE, 0x7F, 0xFC, 0x00, 0x08, 0x00, 0x70, 0x03, 0x80, 0xDC, 0x07, 0x80, 0x3E, 0x01,
    0x8C, 0x04, 0x10, 0x00, 0x00, 0x3F, 0x03, 0xFE, 0x0C, 0x38, 0x70, 0xE1, 0xC1, 0x8F, 0xFE, 0x3F,
    0xF8, 0xF0, 0x01, 0xC0, 0x07, 0x00, 0x1E, 0x00, 0x3F, 0xE0, 0x7F, 0x00, 0x00, 0x00, 0x00, 0x60,
    0x00, 0xC0, 0x00, 0xC0, 0x1C, 0x80, 0x7C, 0x01, 0xDC, 0x02, 0x08, 0x00, 0x00, 0x7F, 0xF8, 0x78,
    0xF0, 0x70, 0x60, 0xE0, 0x41, 0xC0, 0x03, 0x84, 0x07, 0x18, 0x0F, 0xF0, 0x1F, 0xE0, 0x38, 0xC0,
    0x71, 0x80, 0xE0, 0x01, 0xC0, 0x43, 0x81, 0xC7, 0x03, 0x1F, 0xFE, 0x7F, 0xFC, 0x00, 0x40, 0x07,
    0x00, 0x18, 0x0E, 0x60, 0x78, 0x07, 0xC0, 0x63, 0x02, 0x08, 0x00, 0x00, 0x7E, 0x0F, 0xF8, 0x61,
    0xC7, 0x0E, 0x38, 0x33, 0xFF, 0x9F, 0xFC, 0xF0, 0x03, 0x80, 0x1C, 0x00, 0xF0, 0x03, 0xFE, 0x0F,
    0xE0, 0x00, 0x00, 0x00, 0x00, 0x00, 0xF0, 0x00, 0xE0, 0x00, 0xC0, 0x03, 0x00, 0x76, 0x01, 0xF0,
    0x07, 0x70, 0x08, 0x20, 0x00, 0x01, 0xFF, 0xE1, 0xE3, 0xC1, 0xC1, 0x83, 0x81, 0x07, 0x00, 0x0E,
    0x10, 0x1C, 0x60, 0x3F, 0xC0, 0x7F, 0x80, 0xE3, 0x01, 0xC6, 0x03, 0x80, 0x07, 0x01, 0x0E, 0x07,
    0x1C, 0x0C, 0x7F, 0xF9, 0xFF, 0xF0, 0x00, 0x00, 0x07, 0x80, 0x0E, 0x00, 0x60, 0x37, 0x03, 0xD0,
    0x3E, 0x03, 0x18, 0x10, 0x40, 0x00, 0x03, 0xF0, 0x7F, 0xC3, 0x0E, 0x38, 0x71, 0xC1, 0x9F, 0xFC,
    0xFF, 0xE7, 0x80, 0x1C, 0x00, 0xE0, 0x07, 0x80, 0x1F, 0xF0, 0x7F, 0x00, 0x00, 0x07, 0x20, 0x1F,
    0xC0, 0x27, 0x00, 0x00, 0x00, 0x38, 0x00, 0xF8, 0x03, 0xB8, 0x04, 0x10, 0x00, 0x00, 0xFF, 0xF0,
    0xF1, 0xE0, 0xE0, 0xC1, 0xC0, 0x83, 0x80, 0x07, 0x08, 0x0E, 0x30, 0x1F, 0xE0, 0x3F, 0xC0, 0x71,
    0x80, 0xE3, 0x01, 0xC0, 0x03, 0x80, 0x87, 0x03, 0x8E, 0x06, 0x3F, 0xFC, 0xFF, 0xF8, 0x00, 0x00,
    0xE4, 0x1F, 0xC0, 0x18, 0x03, 0x00, 0x78, 0x0F, 0x81, 0x8C, 0x10, 0x40, 0x00, 0x0F, 0xC3, 0xFE,
    0x30, 0xE7, 0x0E, 0x70, 0x6F, 0xFE, 0xFF, 0xEF, 0x00, 0x70, 0x07, 0x00, 0x78, 0x03, 0xFE, 0x1F,
    0xC0, 0x00, 0x00, 0x00, 0x07, 0x00, 0x1F, 0x00, 0x63, 0x00, 0x82, 0x00, 0x00, 0x1F, 0xFE, 0x1E,
    0x3C, 0x1C, 0x18, 0x38, 0x10, 0x70, 0x00, 0xE1, 0x01, 0xC6, 0x03, 0xFC, 0x07, 0xF8, 0x0E, 0x30,
    0x1C, 0x60, 0x38, 0x00, 0x70, 0x10, 0xE0, 0x71, 0xC0, 0xC7, 0xFF, 0x9F, 0xFF, 0x00, 0x00, 0x01,
    0x00, 0x07, 0x00, 0x1E, 0x00, 0x18, 0x00, 0x07, 0x00, 0x70, 0x0F, 0x81, 0xDC, 0x18, 0xC1, 0x04,
    0x00, 0x00, 0xFC, 0x3F, 0xE3, 0x0E, 0x70, 0xE7, 0x06, 0xFF, 0xEF, 0xFE, 0xF0, 0x07, 0x00, 0x70,
    0x07, 0x80, 0x3F, 0xE1, 0xFC, 0x00, 0x00, 0x60, 0x07, 0x00, 0xF0, 0x06, 0x00, 0x00, 0x3C, 0x3E,
    0x0E, 0x1C, 0x18, 0x00, 0x7F, 0x3E, 0x1C, 0x1C, 0x1C, 0x1C, 0x1C, 0x1C, 0x1C, 0x1C, 0x1C, 0x1C,
    0x1C, 0x1C, 0x1C, 0x3C, 0x7F, 0x10, 0xF9, 0xF0, 0x61, 0xC3, 0x04, 0x00, 0x78, 0xF0, 0xE1, 0xC3,
    0x87, 0x0E, 0x1C, 0x38, 0x70, 0xE1, 0xE7, 0xE0, 0x00, 0x7F, 0x3E, 0x1C, 0x1C, 0x1C, 0x1C, 0x1C,
    0x1C, 0x1C, 0x1C, 0x1C, 0x1C, 0x1C, 0x1C, 0x1C, 0x3C, 0x7F, 0x00, 0x08, 0x1C, 0x3C, 0x18, 0x00,
    0x70, 0xF1, 0xC0, 0x00, 0x1E, 0x3C, 0x38, 0x70, 0xE1, 0xC3, 0x87, 0x0E, 0x1C, 0x38, 0x79, 0xF8,
    0x01, 0x07, 0x0E, 0x1C, 0x00, 0x00, 0x07, 0xF0, 0x1E, 0x3C, 0x38, 0x1C, 0x38, 0x0E, 0x70, 0x0E,
    0x70, 0x07, 0x70, 0x07, 0x70, 0x07, 0x70, 0x07, 0x70, 0x07, 0x70, 0x07, 0x70, 0x0F, 0x70, 0x0E,
    0x38, 0x0E, 0x38, 0x1C, 0x1E, 0x38, 0x0F, 0xF0, 0x00, 0x00, 0x00, 0x80, 0x01, 0xC0, 0x03, 0xC0,
    0x01, 0x80, 0x00, 0x00, 0x7E, 0x07, 0xF8, 0x70, 0xE7, 0x07, 0x38, 0x1D, 0xC0, 0xEE, 0x07, 0x70,
    0x3B, 0x81, 0xDC, 0x1C, 0xF0, 0xE3, 0xCE, 0x0F, 0xE0, 0x00, 0x00, 0x40, 0x07, 0x00, 0x38, 0x01,
    0xC0, 0x00, 0x00, 0x03, 0xC0, 0x03, 0xE0, 0x00, 0xE0, 0x01, 0xC0, 0x01, 0x80, 0x00, 0x00, 0x07,
    0xF0, 0x1E, 0x3C, 0x38, 0x1C, 0x38, 0x0E, 0x70, 0x0E, 0x70, 0x07, 0x70, 0x07, 0x70, 0x07, 0x70,
    0x07, 0x70, 0x07, 0x70, 0x07, 0x70, 0x0F, 0x70, 0x0E, 0x38, 0x0E, 0x38, 0x1C, 0x1E, 0x38, 0x0F,
    0xF0, 0x00, 0x00, 0x02, 0x00, 0x7C, 0x03, 0xE0, 0x03, 0x00, 0x38, 0x03, 0x80, 0x08, 0x00, 0x00,
    0x0F, 0xC0, 0xFF, 0x0E, 0x1C, 0xE0, 0xE7, 0x03, 0xB8, 0x1D, 0xC0, 0xEE, 0x07, 0x70, 0x3B, 0x83,
    0x9E, 0x1C, 0x79, 0xC1, 0xFC, 0x00, 0x00, 0x00, 0x04, 0x00, 0x0E, 0x00, 0x1C, 0x03, 0xD0, 0x03,
    0xE0, 0x06, 0x70, 0x04, 0x10, 0x00, 0x00, 0x07, 0xF0, 0x1E, 0x3C, 0x38, 0x1C, 0x38, 0x0E, 0x70,
    0x0E, 0x70, 0x07, 0x70, 0x07, 0x70, 0x07, 0x70, 0x07, 0x70, 0x07, 0x70, 0x07, 0x70, 0x0F, 0x70,
    0x0E, 0x38, 0x0E, 0x38, 0x1C, 0x1E, 0x38, 0x0F, 0xF0, 0x00, 0x00, 0x00, 0x08, 0x00, 0x70, 0x03,
    0x80, 0xDC, 0x07, 0x80, 0x3F, 0x01, 0x8C, 0x04, 0x10, 0x00, 0x00, 0x3F, 0x01, 0xFE, 0x0E, 0x1C,
    0x70, 0x71, 0xC0, 0xE7, 0x03, 0x9C, 0x0E, 0x70, 0x39, 0xC0, 0xE7, 0x07, 0x1E, 0x1C, 0x3C, 0xE0,
    0x7F, 0x00, 0x00, 0x00, 0x00, 0x20, 0x00, 0x70, 0x00, 0x38, 0x03, 0xC8, 0x03, 0xE0, 0x06, 0x70,
    0x04, 0x10, 0x00, 0x00, 0x07, 0xF0, 0x1E, 0x3C, 0x38, 0x1C, 0x38, 0x0E, 0x70, 0x0E, 0x70, 0x07,
    0x70, 0x07, 0x70, 0x07, 0x70, 0x07, 0x70, 0x07, 0x70, 0x07, 0x70, 0x0F, 0x70, 0x0E, 0x38, 0x0E,
    0x38, 0x1C, 0x1E, 0x38, 0x0F, 0xF0, 0x00, 0x00, 0x00, 0x40, 0x07, 0x00, 0x1C, 0x06, 0x60, 0x78,
    0x07, 0xE0, 0x63, 0x82, 0x08, 0x00, 0x00, 0x7E, 0x07, 0xF8, 0x70, 0xE7, 0x07, 0x38, 0x1D, 0xC0,
    0xEE, 0x07, 0x70, 0x3B, 0x81, 0xDC, 0x1C, 0xF0, 0xE3, 0xCE, 0x0F, 0xE0, 0x00, 0x00, 0x00, 0x00,
    0x00, 0x3C, 0x00, 0x3C, 0x00, 0x0C, 0x00, 0x18, 0x03, 0xD0, 0x07, 0xE0, 0x06, 0x70, 0x04, 0x10,
    0x00, 0x00, 0x07, 0xF0, 0x1E, 0x3C, 0x38, 0x1C, 0x38, 0x0E, 0x70, 0x0E, 0x70, 0x07, 0x70, 0x07,
    0x70, 0x07, 0x70, 0x07, 0x70, 0x07, 0x70, 0x07, 0x70, 0x0F, 0x70, 0x0E, 0x38, 0x0E, 0x38, 0x1C,
    0x1E, 0x38, 0x0F, 0xF0, 0x00, 0x00, 0x00, 0x00, 0x03, 0x80, 0x0E, 0x00, 0x70, 0x33, 0x03, 0xD0,
    0x3F, 0x03, 0x18, 0x10, 0x40, 0x00, 0x03, 0xF0, 0x3F, 0xC3, 0x87, 0x38, 0x39, 0xC0, 0xEE, 0x07,
    0x70, 0x3B, 0x81, 0xDC, 0x0E, 0xE0, 0xE7, 0x87, 0x1E, 0x70, 0x7F, 0x00, 0x00, 0x03, 0x00, 0x07,
    0xF0, 0x04, 0xE0, 0x00, 0x00, 0x03, 0xC0, 0x03, 0xE0, 0x06, 0x70, 0x04, 0x10, 0x00, 0x00, 0x07,
    0xF0, 0x1E, 0x3C, 0x38, 0x1C, 0x38, 0x0E, 0x70, 0x0E, 0x70, 0x07, 0x70, 0x07, 0x70, 0x07, 0x70,
    0x07, 0x70, 0x07, 0x70, 0x07, 0x70, 0x0F, 0x70, 0x0E, 0x38, 0x0E, 0x38, 0x1C, 0x1E, 0x38, 0x0F,
    0xF0, 0x00, 0x00, 0x00, 0x00, 0x72, 0x07, 0xF0, 0x03, 0x00, 0x30, 0x03, 0xC0, 0x3F, 0x03, 0x1C,
    0x10, 0x40, 0x00, 0x03, 0xF0, 0x3F, 0xC3, 0x87, 0x38, 0x39, 0xC0, 0xEE, 0x07, 0x70, 0x3B, 0x81,
    0xDC, 0x0E, 0xE0, 0xE7, 0x87, 0x1E, 0x70, 0x7F, 0x00, 0x00, 0x00, 0x00, 0x03, 0xC0, 0x07, 0xE0,
    0x06, 0x70, 0x04, 0x10, 0x00, 0x00, 0x07, 0xF0, 0x1E, 0x3C, 0x38, 0x1C, 0x38, 0x0E, 0x70, 0x0E,
    0x70, 0x07, 0x70, 0x07, 0x70, 0x07, 0x70, 0x07, 0x70, 0x07, 0x70, 0x07, 0x70, 0x0F, 0x70, 0x0E,
    0x38, 0x0E, 0x38, 0x1C, 0x1E, 0x38, 0x0F, 0xF0, 0x00, 0x00, 0x00, 0x80, 0x01, 0xC0, 0x03, 0xC0,
    0x01, 0x80, 0x03, 0x00, 0x3C, 0x03, 0xE0, 0x3B, 0x81, 0x8E, 0x08, 0x20, 0x00, 0x01, 0xF8, 0x1F,
    0xE1, 0xC3, 0x9C, 0x1C, 0xE0, 0x77, 0x03, 0xB8, 0x1D, 0xC0, 0xEE, 0x07, 0x70, 0x73, 0xC3, 0x8F,
    0x38, 0x3F, 0x80, 0x00, 0x01, 0x00, 0x1C, 0x00, 0xE0, 0x07, 0x00, 0x00, 0x20, 0x00, 0x38, 0x00,
    0x38, 0x00, 0x38, 0x30, 0x08, 0x18, 0x00, 0x1C, 0x1F, 0xFC, 0x3C, 0x7C, 0x38, 0x1C, 0x1C, 0x07,
    0x1C, 0x03, 0x8E, 0x00, 0xE7, 0x00, 0x73, 0x80, 0x39, 0xC0, 0x1C, 0xE0, 0x0E, 0x70, 0x07, 0x38,
    0x07, 0x9C, 0x03, 0x87, 0x01, 0xC3, 0x81, 0xC0, 0xF1, 0xC0, 0x3F, 0xC0, 0x00, 0x00, 0x00, 0x00,
    0x03, 0x00, 0x1E, 0x00, 0x70, 0x03, 0x80, 0x1C, 0x60, 0x01, 0x80, 0x06, 0x0F, 0xF8, 0x7F, 0x83,
    0x87, 0x1C, 0x1C, 0x70, 0x39, 0xC0, 0xE7, 0x03, 0x9C, 0x0E, 0x70, 0x39, 0xC1, 0xC7, 0x87, 0x0F,
    0x38, 0x1F, 0xC0, 0x00, 0x00, 0x02, 0x00, 0x03, 0x80, 0x01, 0xC0, 0x00, 0x70, 0x30, 0x08, 0x18,
    0x00, 0x1C, 0x1F, 0xFC, 0x3C, 0x7C, 0x38, 0x1C, 0x1C, 0x07, 0x1C, 0x03, 0x8E, 0x00, 0xE7, 0x00,
    0x73, 0x80, 0x39, 0xC0, 0x1C, 0xE0, 0x0E, 0x70, 0x07, 0x38, 0x07, 0x9C, 0x03, 0x87, 0x01, 0xC3,
    0x81, 0xC0, 0xF1, 0xC0, 0x3F, 0xC0, 0x00, 0x00, 0x00, 0x00, 0x60, 0x01, 0xC0, 0x07, 0x80, 0x0F,
    0x00, 0x0C, 0x60, 0x01, 0x80, 0x06, 0x0F, 0xF8, 0x7F, 0x83, 0x87, 0x1C, 0x1C, 0x70, 0x39, 0xC0,
    0xE7, 0x03, 0x9C, 0x0E, 0x70, 0x39, 0xC1, 0xC7, 0x87, 0x0F, 0x38, 0x1F, 0xC0, 0x00, 0x00, 0x00,
    0x00, 0x01, 0xE0, 0x00, 0xF8, 0x00, 0x1C, 0x00, 0x1C, 0x18, 0x0C, 0x0C, 0x00, 0x0E, 0x0F, 0xFE,
    0x1E, 0x3E, 0x1C, 0x0E, 0x0E, 0x03, 0x8E, 0x01, 0xC7, 0x00, 0x73, 0x80, 0x39, 0xC0, 0x1C, 0xE0,
    0x0E, 0x70, 0x07, 0x38, 0x03, 0x9C, 0x03, 0xCE, 0x01, 0xC3, 0x80, 0xE1, 0xC0, 0xE0, 0x78, 0xE0,
    0x1F, 0xE0, 0x00, 0x00, 0x00, 0x02, 0x00, 0x3E, 0x00, 0xF8, 0x00, 0x60, 0x03, 0x80, 0x1C, 0x60,
    0x21, 0x80, 0x06, 0x0F, 0xF8, 0x7F, 0x83, 0x87, 0x1C, 0x1C, 0x70, 0x39, 0xC0, 0xE7, 0x03, 0x9C,
    0x0E, 0x70, 0x39, 0xC1, 0xC7, 0x87, 0x0F, 0x38, 0x1F, 0xC0, 0x00, 0x00, 0x03, 0x00, 0x03, 0xD8,
    0x01, 0x3C, 0x60, 0x08, 0x30, 0x00, 0x38, 0x3F, 0xF8, 0x78, 0xF8, 0x70, 0x38, 0x38, 0x0E, 0x38,
    0x07, 0x1C, 0x01, 0xCE, 0x00, 0xE7, 0x00, 0x73, 0x80, 0x39, 0xC0, 0x1C, 0xE0, 0x0E, 0x70, 0x0F,
    0x38, 0x07, 0x0E, 0x03, 0x87, 0x03, 0x81, 0xE3, 0x80, 0x7F, 0x80, 0x00, 0x00, 0x0E, 0x40, 0x7F,
    0x81, 0xBD, 0x80, 0x66, 0x00, 0x18, 0x3F, 0xE1, 0xFE, 0x0E, 0x1C, 0x70, 0x71, 0xC0, 0xE7, 0x03,
    0x9C, 0x0E, 0x70, 0x39, 0xC0, 0xE7, 0x07, 0x1E, 0x1C, 0x3C, 0xE0, 0x7F, 0x00, 0x00, 0x00, 0x00,
    0x01, 0x80, 0x00, 0xC0, 0x00, 0xE0, 0xFF, 0xE1, 0xE3, 0xE1, 0xC0, 0xE0, 0xE0, 0x38, 0xE0, 0x1C,
    0x70, 0x07, 0x38, 0x03, 0x9C, 0x01, 0xCE, 0x00, 0xE7, 0x00, 0x73, 0x80, 0x39, 0xC0, 0x3C, 0xE0,
    0x1C, 0x38, 0x0E, 0x1C, 0x0E, 0x07, 0x8E, 0x01, 0xFE, 0x00, 0x00, 0x00, 0x04, 0x00, 0x07, 0x00,
    0x07, 0x80, 0x01, 0x80, 0x00, 0x00, 0x18, 0x00, 0x60, 0x01, 0x83, 0xFE, 0x1F, 0xE0, 0xE1, 0xC7,
    0x07, 0x1C, 0x0E, 0x70, 0x39, 0xC0, 0xE7, 0x03, 0x9C, 0x0E, 0x70, 0x71, 0xE1, 0xC3, 0xCE, 0x07,
    0xF0, 0x00, 0x00, 0x08, 0x00, 0x70, 0x01, 0xC0, 0x07, 0x00, 0x00, 0x00, 0x7F, 0x0F, 0xDF, 0x03,
    0xC7, 0x00, 0xC3, 0x80, 0x61, 0xC0, 0x30, 0xE0, 0x18, 0x70, 0x0C, 0x38, 0x06, 0x1C, 0x03, 0x0E,
    0x01, 0x87, 0x00, 0xC3, 0x80, 0x61, 0xC0, 0x30, 0xF0, 0x38, 0x38, 0x18, 0x0F, 0x38, 0x03, 0xF8,
    0x00, 0x00, 0x00, 0x10, 0x00, 0x1C, 0x00, 0x0E, 0x00, 0x07, 0x00, 0x00, 0x01, 0xE3, 0xC7, 0x8F,
    0x0E, 0x1C, 0x38, 0x70, 0xE1, 0xC3, 0x87, 0x0E, 0x1C, 0x38, 0x70, 0xE1, 0xC3, 0x87, 0x0E, 0x1C,
    0x3F, 0xF8, 0x7E, 0xF0, 0x00, 0x00, 0xC0, 0x03, 0x80, 0x1E, 0x00, 0x30, 0x00, 0x00, 0x00, 0x01,
    0xE0, 0x00, 0xF8, 0x00, 0x1C, 0x00, 0x0C, 0x00, 0x04, 0x00, 0x00, 0x01, 0xFC, 0x3F, 0x7C, 0x0F,
    0x1C, 0x03, 0x0E, 0x01, 0x87, 0x00, 0xC3, 0x80, 0x61, 0xC0, 0x30, 0xE0, 0x18, 0x70, 0x0C, 0x38,
    0x06, 0x1C, 0x03, 0x0E, 0x01, 0x87, 0x00, 0xC3, 0xC0, 0xE0, 0xE0, 0x60, 0x3C, 0xE0, 0x0F, 0xE0,
    0x00, 0x00, 0x00, 0x02, 0x00, 0x3E, 0x00, 0xF8, 0x00, 0x60, 0x03, 0x80, 0x0C, 0x00, 0x20, 0x00,
    0x00, 0x78, 0xF1, 0xE3, 0xC3, 0x87, 0x0E, 0x1C, 0x38, 0x70, 0xE1, 0xC3, 0x87, 0x0E, 0x1C, 0x38,
    0x70, 0xE1, 0xC3, 0x87, 0x0F, 0xFE, 0x1F, 0xBC, 0x00, 0x00, 0x00, 0x20, 0x00, 0x06, 0x00, 0x01,
    0xC0, 0x00, 0x70, 0x60, 0x0C, 0x0C, 0x00, 0x03, 0xBF, 0x87, 0xE3, 0xE0, 0x70, 0x38, 0x06, 0x07,
    0x00, 0xC0, 0xE0, 0x18, 0x1C, 0x03, 0x03, 0x80, 0x60, 0x70, 0x0C, 0x0E, 0x01, 0x81, 0xC0, 0x30,
    0x38, 0x06, 0x07, 0x00, 0xC0, 0xE0, 0x18, 0x1E, 0x07, 0x01, 0xC0, 0xC0, 0x1E, 0x70, 0x01, 0xFC,
    0x00, 0x00, 0x00, 0x00, 0x00, 0x00, 0xC0, 0x01, 0xE0, 0x01, 0xC0, 0x03, 0x80, 0x07, 0x03, 0x00,
    0x03, 0x00, 0x03, 0x78, 0xFE, 0x78, 0xFC, 0x38, 0x70, 0x38, 0x70, 0x38, 0x70, 0x38, 0x70, 0x38,
    0x70, 0x38, 0x70, 0x38, 0x70, 0x38, 0x70, 0x38, 0x70, 0x3F, 0xF8, 0x1F, 0xBC, 0x00, 0x00, 0x00,
    0x00, 0x00, 0xE0, 0x00, 0x0E, 0x00, 0x00, 0xE0, 0x60, 0x08, 0x0C, 0x00, 0x03, 0xBF, 0x87, 0xE3,
    0xE0, 0x70, 0x38, 0x06, 0x07, 0x00, 0xC0, 0xE0, 0x18, 0x1C, 0x03, 0x03, 0x80, 0x60, 0x70, 0x0C,
    0x0E, 0x01, 0x81, 0xC0, 0x30, 0x38, 0x06, 0x07, 0x00, 0xC0, 0xE0, 0x18, 0x1E, 0x07, 0x01, 0xC0,
    0xC0, 0x1E, 0x70, 0x01, 0xFC, 0x00, 0x00, 0x00, 0x00, 0x00, 0x08, 0x00, 0x1C, 0x00, 0x0E, 0x00,
    0x07, 0x00, 0x03, 0x03, 0x00, 0x03, 0x00, 0x03, 0x78, 0xFE, 0x78, 0xFC, 0x38, 0x70, 0x38, 0x70,
    0x38, 0x70, 0x38, 0x70, 0x38, 0x70, 0x38, 0x70, 0x38, 0x70, 0x38, 0x70, 0x38, 0x70, 0x3F, 0xF8,
    0x1F, 0xBC, 0x00, 0x00, 0x00, 0x00, 0x00, 0x7C, 0x00, 0x07, 0x80, 0x00, 0x30, 0x00, 0x0C, 0x0C,
    0x01, 0x01, 0x80, 0x00, 0x77, 0xF0, 0xFC, 0x7C, 0x0E, 0x07, 0x00, 0xC0, 0xE0, 0x18, 0x1C, 0x03,
    0x03, 0x80, 0x60, 0x70, 0x0C, 0x0E, 0x01, 0x81, 0xC0, 0x30, 0x38, 0x06, 0x07, 0x00, 0xC0, 0xE0,
    0x18, 0x1C, 0x03, 0x03, 0xC0, 0xE0, 0x38, 0x18, 0x03, 0xCE, 0x00, 0x3F, 0x80, 0x00, 0x00, 0x00,
    0x02, 0x00, 0x0F, 0x80, 0x0F, 0x80, 0x01, 0x80, 0x03, 0x80, 0x03, 0x03, 0x02, 0x03, 0x00, 0x03,
    0x78, 0xFE, 0x78, 0xFC, 0x38, 0x70, 0x38, 0x70, 0x38, 0x70, 0x38, 0x70, 0x38, 0x70, 0x38, 0x70,
    0x38, 0x70, 0x38, 0x70, 0x38, 0x70, 0x3F, 0xF8, 0x1F, 0xBC, 0x00, 0x00, 0x03, 0x90, 0x00, 0xFA,
    0x00, 0x1B, 0xC3, 0x00, 0x30, 0x60, 0x00, 0x1D, 0xFC, 0x3F, 0x1F, 0x03, 0x81, 0xC0, 0x30, 0x38,
    0x06, 0x07, 0x00, 0xC0, 0xE0, 0x18, 0x1C, 0x03, 0x03, 0x80, 0x60, 0x70, 0x0C, 0x0E, 0x01, 0x81,
    0xC0, 0x30, 0x38, 0x06, 0x07, 0x00, 0xC0, 0xF0, 0x38, 0x0E, 0x06, 0x00, 0xF3, 0x80, 0x0F, 0xE0,
    0x00, 0x00, 0x00, 0x0E, 0x00, 0x1F, 0xE0, 0x1B, 0xC3, 0x01, 0x83, 0x00, 0x03, 0x78, 0xFE, 0x78,
    0xFC, 0x38, 0x70, 0x38, 0x70, 0x38, 0x70, 0x38, 0x70, 0x38, 0x70, 0x38, 0x70, 0x38, 0x70, 0x38,
    0x70, 0x38, 0x70, 0x3F, 0xF8, 0x1F, 0xBC, 0x00, 0x00, 0x00, 0x00, 0xC0, 0x00, 0x18, 0x00, 0x07,
    0x7F, 0x0F, 0xC7, 0xC0, 0xE0, 0x70, 0x0C, 0x0E, 0x01, 0x81, 0xC0, 0x30, 0x38, 0x06, 0x07, 0x00,
    0xC0, 0xE0, 0x18, 0x1C, 0x03, 0x03, 0x80, 0x60, 0x70, 0x0C, 0x0E, 0x01, 0x81, 0xC0, 0x30, 0x3C,
    0x0E, 0x03, 0x81, 0x80, 0x3C, 0xE0, 0x03, 0xF8, 0x00, 0x00, 0x00, 0x01, 0x80, 0x00, 0x78, 0x00,
    0x0F, 0x00, 0x00, 0xC0, 0x00, 0x00, 0x03, 0x00, 0x03, 0x00, 0x03, 0x78, 0xFE, 0x78, 0xFC, 0x38,
    0x70, 0x38, 0x70, 0x38, 0x70, 0x38, 0x70, 0x38, 0x70, 0x38, 0x70, 0x38, 0x70, 0x38, 0x70, 0x38,
    0x70, 0x3F, 0xF8, 0x1F, 0xBC, 0x00, 0x00, 0x03, 0x00, 0x03, 0x80, 0x07, 0x80, 0x03, 0x00, 0x02,
    0x00, 0x03, 0x80, 0x01, 0xE0, 0x00, 0x70, 0x00, 0x08, 0x00, 0x00, 0x03, 0xF8, 0x7C, 0xF8, 0x1C,
    0x3C, 0x0C, 0x0E, 0x0E, 0x03, 0x86, 0x01, 0xC7, 0x00, 0x73, 0x00, 0x3B, 0x00, 0x0F, 0x80, 0x07,
    0x80, 0x01, 0xC0, 0x00, 0xE0, 0x00, 0x70, 0x00, 0x38, 0x00, 0x1C, 0x00, 0x1F, 0x00, 0x3F, 0xC0,
    0x00, 0x00, 0x60, 0x01, 0xC0, 0x07, 0x80, 0x0F, 0x00, 0x0C, 0x00, 0x00, 0x00, 0x00, 0xFC, 0xFB,
    0xF1, 0xE7, 0x03, 0x0E, 0x1C, 0x38, 0x60, 0xE1, 0x81, 0xCE, 0x07, 0x30, 0x0C, 0xC0, 0x3B, 0x00,
    0xF8, 0x01, 0xE0, 0x07, 0x80, 0x0C, 0x00, 0x30, 0x01, 0x80, 0x3E, 0x00, 0xF0, 0x03, 0x80, 0x00,
    0x00, 0x00, 0x7F, 0x0F, 0x9F, 0x03, 0x87, 0x81, 0x81, 0xC1, 0xC0, 0x70, 0xC0, 0x38, 0xE0, 0x0E,
    0x60, 0x07, 0x60, 0x01, 0xF0, 0x00, 0xF0, 0x00, 0x38, 0x00, 0x1C, 0x00, 0x0E, 0x00, 0x07, 0x00,
    0x03, 0x80, 0x03, 0xE0, 0x07, 0xF8, 0x00, 0x00, 0x00, 0x10, 0x00, 0x1C, 0x00, 0x0E, 0x00, 0x06,
    0x00, 0xFC, 0xFB, 0xF1, 0xE7, 0x03, 0x0E, 0x1C, 0x38, 0x60, 0xE1, 0x81, 0xCE, 0x07, 0x30, 0x0C,
    0xC0, 0x3B, 0x00, 0xF8, 0x01, 0xE0, 0x07, 0x80, 0x0C, 0x00, 0x36, 0x01, 0xBC, 0x3E, 0xF0, 0xF1,
    0x83, 0x80, 0x00, 0x01, 0x00, 0x01, 0xE0, 0x00, 0xF8, 0x00, 0x1C, 0x00, 0x0C, 0x00, 0x0C, 0x00,
    0x06, 0x00, 0x00, 0x00, 0xFE, 0x1F, 0x3E, 0x07, 0x0F, 0x03, 0x03, 0x83, 0x80, 0xE1, 0x80, 0x71,
    0xC0, 0x1C, 0xC0, 0x0E, 0xC0, 0x03, 0xE0, 0x01, 0xE0, 0x00, 0x70, 0x00, 0x38, 0x00, 0x1C, 0x00,
    0x0E, 0x00, 0x07, 0x00, 0x07, 0xC0, 0x0F, 0xF0, 0x00, 0x02, 0x00, 0x3E, 0x00, 0xF8, 0x00, 0x60,
    0x03, 0x80, 0x1C, 0x00, 0x20, 0x00, 0x00, 0xFC, 0xFB, 0xF1, 0xE7, 0x03, 0x0E, 0x1C, 0x38, 0x60,
    0xE1, 0x81, 0xCE, 0x07, 0x30, 0x0C, 0xC0, 0x3B, 0x00, 0xF8, 0x01, 0xE0, 0x07, 0x80, 0x0C, 0x00,
    0x30, 0x01, 0x80, 0x3E, 0x00, 0xF0, 0x03, 0x80, 0x00, 0x03, 0x10, 0x03, 0xD8, 0x01, 0x3C, 0x00,
    0x0C, 0x00, 0x00, 0x07, 0xF0, 0xF9, 0xF0, 0x38, 0x78, 0x18, 0x1C, 0x1C, 0x07, 0x0C, 0x03, 0x8E,
    0x00, 0xE6, 0x00, 0x76, 0x00, 0x1F, 0x00, 0x0F, 0x00, 0x03, 0x80, 0x01, 0xC0, 0x00, 0xE0, 0x00,
    0x70, 0x00, 0x38, 0x00, 0x3E, 0x00, 0x7F, 0x80, 0x0E, 0x40, 0x7F, 0x81, 0xBC, 0x00, 0x60, 0x00,
    0x03, 0xF3, 0xEF, 0xC7, 0x9C, 0x0C, 0x38, 0x70, 0xE1, 0x83, 0x86, 0x07, 0x38, 0x1C, 0xC0, 0x33,
    0x00, 0xEC, 0x03, 0xE0, 0x07, 0x80, 0x1E, 0x00, 0x30, 0x00, 0xC0, 0x06, 0x00, 0xF8, 0x03, 0xC0,
    0x0E, 0x00, 0x00, 0x3F, 0xFF, 0xF8, 0x00, 0x3F, 0xFF, 0xF8, 0x00, 0x1F, 0xFF, 0xFF, 0x80, 0x00,
    0x01, 0xFF, 0xFB, 0xFF, 0xF0, 0x00, 0x00, 0x01, 0xFF, 0xFF, 0xFB, 0xFF, 0xFF, 0xF0, 0x00, 0x00,
    0x01, 0xFF, 0xFF, 0xFB, 0xFF, 0xFF, 0xF0, 0x66, 0xCD, 0x9B, 0x36, 0x6C, 0xD9, 0xB3, 0x66, 0xCD,
    0x9B, 0x36, 0x6C, 0xD9, 0xB3, 0x66, 0xCD, 0x9B, 0x36, 0x6C, 0xC0, 0x00, 0x36, 0xEC, 0xEF, 0x77,
    0x63, 0x9C, 0x63, 0x19, 0x88, 0x63, 0x9C, 0x63, 0x19, 0x88, 0x7F, 0xEE, 0xC6, 0x73, 0x31, 0xB1,
    0xB9, 0xD8, 0xCE, 0x77, 0xB9, 0xDE, 0xE6, 0x63, 0x1D, 0xE7, 0x38, 0xC6, 0x31, 0x8C, 0x66, 0x31,
    0x18, 0x63, 0x1D, 0xE7, 0x38, 0xC6, 0x31, 0x8C, 0x66, 0x31, 0x18, 0x0C, 0x03, 0x00, 0xC0, 0x30,
    0x0C, 0x1F, 0xF7, 0xF8, 0x30, 0x0C, 0x03, 0x00, 0xC0, 0x30, 0x0C, 0x03, 0x00, 0xC0, 0x30, 0x0C,
    0x03, 0x00, 0x0C, 0x03, 0x00, 0xC0, 0x30, 0x0C, 0x1F, 0xF7, 0xF8, 0x30, 0x0C, 0x03, 0x07, 0xFD,
    0xFE, 0x0C, 0x03, 0x00, 0xC0, 0x30, 0x0C, 0x03, 0x00, 0xC0, 0x79, 0xEF, 0x9E, 0x30, 0x03, 0x8F,
    0x3E, 0xF3, 0x00, 0x61, 0xC7, 0xF3, 0xCF, 0xF3, 0xC7, 0x00, 0x00, 0x6F, 0xE4, 0x00, 0x00, 0x00,
    0x00, 0x3E, 0x06, 0x00, 0x00, 0x7F, 0x06, 0x00, 0x00, 0x63, 0x8C, 0x00, 0x00, 0xE3, 0x8C, 0x00,
    0x00, 0xE3, 0x9C, 0x00, 0x00, 0xE3, 0x98, 0x00, 0x00, 0xE3, 0x98, 0x00, 0x00, 0x63, 0x31, 0xF0,
    0x7C, 0x7F, 0x33, 0xF8, 0xFE, 0x1C, 0x77, 0x19, 0xC6, 0x00, 0x66, 0x1D, 0xC7, 0x00, 0xE6, 0x1D,
    0x87, 0x00, 0xC6, 0x1D, 0x87, 0x00, 0xC7, 0x19, 0xC7, 0x01, 0x87, 0x39, 0xC6, 0x01, 0x83, 0xF0,
    0xFC, 0x03, 0x81, 0xE0, 0x38, 0x77, 0x66, 0xEC, 0xCC, 0x77, 0x77, 0x66, 0x66, 0xEE, 0xCE, 0xCC,
    0xCC, 0x77, 0x77, 0x77, 0x66, 0x66, 0xEE, 0xEE, 0xEC, 0xCC, 0xCC, 0xCC, 0xCC, 0x04, 0x1C, 0x71,
    0xC7, 0x1E, 0x38, 0x38, 0x38, 0x38, 0x38, 0x20, 0x40, 0xC1, 0xC1, 0xC1, 0xC1, 0xC3, 0x8F, 0x3C,
    0xF1, 0x82, 0x00, 0x71, 0xCE, 0x3D, 0xC7, 0x38, 0xE7, 0x1C, 0xE3, 0x9C, 0x33, 0x86, 0x60, 0xCC,
    0x19, 0x83, 0x30, 0x66, 0x0C, 0xC1, 0x98, 0x33, 0x06, 0x00, 0x00, 0x01, 0xC3, 0x38, 0xF7, 0x1E,
    0x00, 0x00, 0x00, 0x60, 0x00, 0x0C, 0x00, 0x0D, 0xB0, 0x01, 0xFC, 0x00, 0x0E, 0x00, 0x07, 0xF8,
    0x00, 0xDB, 0x00, 0x03, 0x00, 0x00, 0x60, 0x01, 0x80, 0x60, 0x30, 0x0C, 0x26, 0xC9, 0xB7, 0xF9,
    0xFE, 0x3C, 0x0F, 0x0F, 0xC3, 0xF3, 0x7C, 0xD7, 0x0C, 0x03, 0x01, 0x80, 0x60, 0x00, 0x00, 0x00,
    0x00, 0x30, 0x07, 0x00, 0x60, 0x0E, 0x00, 0xC0, 0x0C, 0x01, 0x80, 0x18, 0x03, 0x00, 0x30, 0x06,
    0x00, 0x60, 0x0C, 0x00, 0xC0, 0x18, 0x01, 0x80, 0x30, 0x03, 0x00, 0x60, 0x06, 0x00, 0x00, 0x00,
    0x7F, 0xDF, 0xFF, 0xFF, 0x80, 0x20, 0x04, 0x01, 0x80, 0x30, 0x06, 0x00, 0xC0, 0x18, 0x03, 0x00,
    0x60, 0x0C, 0x00, 0x30, 0x01, 0x80, 0x18, 0x70, 0xC7, 0xCC, 0x3E, 0x61, 0xE6, 0x06, 0x30, 0x03,
    0x00, 0x18, 0x01, 0x80, 0x0C, 0x00, 0xC0, 0x06, 0x70, 0x67, 0x83, 0x3E, 0x31, 0xE1, 0x86, 0x18,
    0x00, 0xC0, 0x00, 0x00, 0x00, 0x1F, 0x0C, 0xE7, 0x19, 0x87, 0xE1, 0xF8, 0x7E, 0x1D, 0x87, 0x71,
    0x9C, 0xE3, 0xF0, 0x00, 0x00, 0xE7, 0x8C, 0x01, 0xE7, 0x8E, 0x38, 0xE3, 0x8E, 0x39, 0xF7, 0x80,
    0x00, 0x03, 0x01, 0xC0, 0x70, 0x38, 0x0C, 0x87, 0x71, 0x9C, 0xFF, 0xBF, 0xE0, 0x70, 0x1C, 0x00,
    0x3F, 0x9F, 0xCC, 0x06, 0x03, 0xF1, 0xFC, 0x07, 0x03, 0x83, 0x83, 0xCF, 0x80, 0x00, 0x00, 0x03,
    0xC1, 0xC0, 0xE0, 0x70, 0x1F, 0xCF, 0x3B, 0x86, 0xE1, 0x98, 0x67, 0x38, 0xFC, 0x00, 0x00, 0x7F,
    0xFF, 0xF8, 0xD8, 0xE0, 0x60, 0x30, 0x38, 0x18, 0x1C, 0x0E, 0x0E, 0x00, 0x00, 0x0F, 0xC3, 0x39,
    0xC6, 0x71, 0x8F, 0xC1, 0xF0, 0xFE, 0x63, 0x98, 0x67, 0x38, 0xFC, 0x00, 0x00, 0x00, 0x1F, 0x1C,
    0xDC, 0x7E, 0x3F, 0x1D, 0x8E, 0xFF, 0x03, 0x03, 0x83, 0x87, 0x80, 0x00, 0x77, 0x87, 0xFC, 0x31,
    0xC3, 0x0C, 0x30, 0xC3, 0x0C, 0x30, 0xC3, 0x0C, 0x79, 0xE7, 0x9E, 0x1F, 0x0C, 0xE7, 0x19, 0x87,
    0xE1, 0xF8, 0x7E, 0x1D, 0x87, 0x71, 0x9C, 0xE3, 0xF0, 0x00, 0x00, 0x38, 0xF8, 0x58, 0x18, 0x18,
    0x18, 0x18, 0x18, 0x18, 0x18, 0x7E, 0x00, 0x0F, 0x87, 0xF1, 0x1C, 0x03, 0x00, 0xC0, 0x70, 0x38,
    0x0C, 0x0E, 0x27, 0xFB, 0xFE, 0x00, 0x3F, 0x3F, 0xC0, 0xE0, 0x70, 0xF0, 0xF8, 0x0E, 0x03, 0x83,
    0x83, 0xDF, 0xC0, 0x00, 0x00, 0x03, 0x01, 0xC0, 0x70, 0x38, 0x0C, 0x87, 0x71, 0x9C, 0xFF, 0xBF,
    0xE0, 0x70, 0x1C, 0x00, 0x3F, 0x9F, 0xCC, 0x06, 0x03, 0xF1, 0xFC, 0x07, 0x03, 0x83, 0x83, 0xCF,
    0x80, 0x00, 0x00, 0x03, 0xC1, 0xC0, 0xE0, 0x70, 0x1F, 0xCF, 0x3B, 0x86, 0xE1, 0x98, 0x67, 0x38,
    0xFC, 0x00, 0x00, 0x7F, 0xFF, 0xF8, 0xD8, 0xE0, 0x60, 0x30, 0x38, 0x18, 0x1C, 0x0E, 0x0E, 0x00,
    0x00, 0x0F, 0xC3, 0x39, 0xC6, 0x71, 0x8F, 0xC1, 0xF0, 0xFE, 0x63, 0x98, 0x67, 0x38, 0xFC, 0x00,
    0x00, 0x00, 0x1F, 0x1C, 0xDC, 0x7E, 0x3F, 0x1D, 0x8E, 0xFF, 0x03, 0x03, 0x83, 0x87, 0x80, 0x00,
    0x00, 0x00, 0x0D, 0x80, 0x26, 0x00, 0xD8, 0x0F, 0xF8, 0x79, 0xE3, 0xE5, 0x9D, 0x96, 0x76, 0x43,
    0x9B, 0x0E, 0x6C, 0x39, 0xB0, 0xE6, 0xC3, 0x9B, 0x0E, 0x6C, 0x39, 0xB0, 0xF6, 0xC1, 0xD3, 0x67,
    0xCD, 0x8F, 0x3E, 0x0F, 0xF8, 0x37, 0x00, 0xC8, 0x03, 0x60, 0x04, 0x80, 0x00, 0x00, 0x1F, 0xF1,
    0xE3, 0xCE, 0x07, 0x70, 0x1D, 0xC0, 0x27, 0x00, 0x3C, 0xE3, 0xE7, 0xBF, 0x8F, 0xFE, 0x3C, 0x3C,
    0xE0, 0xF3, 0x81, 0xCE, 0x07, 0xB8, 0xCE, 0xE7, 0x1F, 0xBC, 0x3F, 0xE0, 0x00, 0x00, 0x00, 0x00,
    0xFF, 0xF8, 0xF3, 0xF0, 0xE0, 0x61, 0xC0, 0xC3, 0x80, 0x07, 0x00, 0x0E, 0x00, 0x1F, 0xF0, 0x3F,
    0xE0, 0x70, 0x00, 0xE0, 0x07, 0xF8, 0x1F, 0xF8, 0x07, 0x00, 0x0E, 0x00, 0x3F, 0x00, 0xFF, 0x00,
    0x00, 0x00, 0x07, 0xF0, 0x1D, 0xE0, 0x70, 0x81, 0xC0, 0x03, 0x80, 0x0F, 0xE0, 0x3F, 0xE0, 0x1C,
    0x00, 0x38, 0x01, 0xFF, 0x00, 0xE0, 0x01, 0xC0, 0xE3, 0x81, 0xC7, 0x03, 0xBC, 0x07, 0xFF, 0xFD,
    0xC7, 0xF0, 0x00, 0x00, 0x00, 0x03, 0x00, 0x00, 0x06, 0x00, 0x00, 0x1C, 0x00, 0x00, 0x30, 0x07,
    0xBF, 0xFE, 0x0F, 0xFF, 0xFE, 0x0F, 0x0F, 0x1E, 0x1C, 0x1C, 0x1C, 0x38, 0x38, 0x38, 0x70, 0x70,
    0x70, 0xE1, 0xE0, 0xE1, 0xC3, 0xC1, 0xC3, 0x87, 0x83, 0x87, 0x1F, 0x07, 0x0E, 0x3E, 0x0E, 0x1E,
    0xDE, 0x1C, 0x7F, 0xFE, 0x7C, 0x06, 0x00, 0x00, 0x0C, 0x00, 0x00, 0x30, 0x00, 0x00, 0x00, 0x00,
    0x00, 0x00, 0x00, 0x07, 0xC0, 0xFE, 0x3E, 0x03, 0x81, 0xF0, 0x18, 0x1F, 0x01, 0x81, 0xB8, 0x18,
    0x1B, 0xC3, 0x8F, 0xFF, 0xFE, 0x18, 0xE1, 0x81, 0x8F, 0x18, 0x18, 0x71, 0x8F, 0xFF, 0xFE, 0x18,
    0x3D, 0x81, 0x81, 0xD8, 0x18, 0x0F, 0x81, 0x80, 0xF8, 0x1C, 0x07, 0x87, 0xE0, 0x38, 0x00, 0x00,
    0x7F, 0xF0, 0x38, 0x78, 0x38, 0x1C, 0x38, 0x1C, 0x7F, 0xFF, 0x7F, 0xFF, 0x38, 0x1C, 0x38, 0x38,
    0x38, 0x38, 0x3F, 0xF0, 0x3F, 0xC0, 0x38, 0x00, 0x38, 0x00, 0x38, 0x00, 0x38, 0x00, 0x3E, 0x00,
    0xFF, 0x00, 0x00, 0x00, 0x00, 0x0F, 0xFE, 0x00, 0x00, 0xF1, 0xE0, 0x00, 0x0E, 0x1E, 0x00, 0x01,
    0xC1, 0xC0, 0x00, 0x38, 0x38, 0x3F, 0x07, 0x07, 0x0E, 0xF0, 0xE0, 0xE3, 0x86, 0x1C, 0x38, 0x70,
    0xC3, 0xFE, 0x0F, 0x00, 0x7F, 0x81, 0xF8, 0x0E, 0x38, 0x1F, 0xC1, 0xC7, 0x80, 0xFC, 0x38, 0x70,
    0x07, 0x87, 0x0F, 0x18, 0x38, 0xE0, 0xE3, 0x06, 0x3C, 0x1E, 0x71, 0xCF, 0xE1, 0xEF, 0xF0, 0x00,
    0x00, 0x00, 0x00, 0x00, 0x00, 0x00, 0x7F, 0x3F, 0x8F, 0xDE, 0x0F, 0x83, 0xC7, 0x03, 0x81, 0xC3,
    0x81, 0xC0, 0xC7, 0xFF, 0xFF, 0xFB, 0xFF, 0xFF, 0xFC, 0x38, 0x7C, 0x38, 0x0C, 0x37, 0x18, 0x07,
    0x1B, 0x8C, 0x1F, 0xFF, 0xFF, 0xCF, 0xFF, 0xFF, 0xE0, 0x76, 0x3B, 0x00, 0x3B, 0x1D, 0x80, 0x1F,
    0x06, 0xC0, 0x07, 0x83, 0xC0, 0x03, 0xC1, 0xE0, 0x01, 0xC0, 0xF0, 0x00, 0x00, 0x00, 0x00, 0x00,
    0x00, 0x3F, 0xF1, 0xDF, 0xFC, 0xEC, 0x0E, 0x76, 0x03, 0x3B, 0x39, 0x9D, 0x9C, 0xCE, 0xCE, 0x67,
    0x67, 0x33, 0xB3, 0x99, 0xD9, 0xCC, 0xEC, 0xE6, 0x76, 0x73, 0x3B, 0x39, 0x9D, 0x9C, 0x0E, 0xCE,
    0x07, 0x67, 0xFF, 0x33, 0xFF, 0x00, 0x01, 0xE0, 0x1F, 0x00, 0x38, 0x0F, 0xF0, 0x7F, 0x80, 0x70,
    0x7F, 0x87, 0x1C, 0x70, 0xE3, 0x87, 0x1C, 0x38, 0xE1, 0xC7, 0x0E, 0x38, 0x70, 0xFF, 0xC3, 0xEE,
    0x00, 0x01, 0xFF, 0x9F, 0xFE, 0x00, 0x78, 0x01, 0xFF, 0x07, 0x87, 0x06, 0x07, 0x0E, 0x03, 0x0C,
    0x00, 0x1C, 0x00, 0x7F, 0xF0, 0x7F, 0xF0, 0x1C, 0x00, 0x3F, 0xC0, 0x7F, 0xE0, 0x1C, 0x00, 0x1C,
    0x00, 0x0E, 0x03, 0x0E, 0x07, 0x07, 0x8E, 0x03, 0xFE, 0x00, 0x60, 0x00, 0x00, 0xFE, 0x7E, 0x78,
    0x3C, 0x38, 0x30, 0x38, 0x60, 0x38, 0xE0, 0x39, 0xC0, 0x39, 0x80, 0xFF, 0xFC, 0xFF, 0xFC, 0x39,
    0x80, 0x39, 0xC0, 0x38, 0xE0, 0x38, 0xF0, 0x38, 0x70, 0x38, 0x38, 0x78, 0x3E, 0xFE, 0x1E, 0x00,
    0x00, 0xFF, 0xFE, 0xFB, 0x9E, 0xC3, 0x86, 0xC3, 0x86, 0xC3, 0x86, 0x03, 0x80, 0x03, 0xF8, 0x0F,
    0xE0, 0x1F, 0x80, 0x13, 0x88, 0x03, 0xF8, 0x0F, 0xE0, 0x3F, 0x80, 0x03, 0x80, 0x03, 0x80, 0x07,
    0xC0, 0x0F, 0xF0, 0x00, 0x00, 0x7F, 0xF8, 0x0E, 0x1E, 0x07, 0x07, 0x0F, 0xFF, 0xF7, 0xFF, 0xF8,
    0xE0, 0x70, 0x70, 0x38, 0xFF, 0xFF, 0x7F, 0xFF, 0x8E, 0x0E, 0x07, 0x1E, 0x03, 0xFE, 0x01, 0xC0,
    0x00, 0xE0, 0x00, 0x70, 0x00, 0x3C, 0x00, 0x7F, 0x80, 0x00, 0x00, 0xC0, 0x00, 0x60, 0x00, 0x30,
    0x00, 0xFF, 0xC1, 0xE1, 0xE1, 0xC0, 0x71, 0xE0, 0x38, 0xE0, 0x08, 0x70, 0x00, 0x78, 0x00, 0x3C,
    0x00, 0x1E, 0x0F, 0xEF, 0x07, 0xF7, 0x80, 0x71, 0xC0, 0x38, 0xE0, 0x1C, 0x78, 0x0E, 0x1C, 0x07,
    0x07, 0x87, 0x81, 0xFF, 0x80, 0x0C, 0x00, 0x06, 0x00, 0x03, 0x00, 0x00, 0x03, 0xFF, 0x1E, 0x3C,
    0xC0, 0xE6, 0x07, 0x00, 0x38, 0x03, 0x9F, 0xFF, 0x7F, 0xF0, 0x78, 0x3F, 0xFD, 0xFF, 0xE7, 0x00,
    0x70, 0x03, 0x80, 0xDC, 0x0E, 0x70, 0xF1, 0xFF, 0x00, 0x00, 0x00, 0x80, 0x0C, 0x00, 0x60, 0x03,
    0x00, 0xFF, 0x8F, 0xDC, 0xE6, 0x6E, 0x33, 0x71, 0x83, 0x8C, 0x38, 0x61, 0xC3, 0x0E, 0x10, 0x70,
    0x83, 0x8C, 0x1E, 0x60, 0x73, 0x03, 0x98, 0xCE, 0xC6, 0x7E, 0xF0, 0xFF, 0x01, 0xC0, 0x0C, 0x00,
    0x60, 0x03, 0x00, 0x00, 0x00, 0x7F, 0xFE, 0x7F, 0xFE, 0x00, 0x00, 0x00, 0x00, 0x7F, 0xFE, 0x7F,
    0xFE, 0x63, 0xC6, 0x63, 0xC6, 0x63, 0xC6, 0x03, 0xC0, 0x03, 0xC0, 0x03, 0xC0, 0x03, 0xC0, 0x03,
    0xC0, 0x03, 0xC0, 0x07, 0xE0, 0x0F, 0xF8, 0x00, 0x01, 0xFF, 0xF0, 0xFC, 0x00, 0xF0, 0x01, 0xC1,
    0xFF, 0xE7, 0xFF, 0x80, 0x70, 0x03, 0xC0, 0x0E, 0x07, 0xF0, 0x1F, 0x80, 0x07, 0x00, 0x0E, 0x00,
    0x3C, 0x00, 0x70, 0x01, 0xF0, 0x03, 0xC0, 0x00, 0x00, 0x1C, 0x00, 0x38, 0x00, 0x77, 0x00, 0xFC,
    0x01, 0xE0, 0x1F, 0x80, 0x3F, 0x30, 0x0F, 0xE0, 0x1F, 0x00, 0xF8, 0x33, 0xF0, 0x74, 0xE0, 0xE1,
    0xC3, 0x83, 0x87, 0x07, 0x1C, 0x0F, 0xF0, 0x1F, 0xC0, 0x00, 0xC0, 0x00, 0xE0, 0x00, 0x70, 0x00,
    0x38, 0x00, 0x3F, 0x00, 0x7F, 0xE0, 0x77, 0x70, 0x33, 0x9C, 0x39, 0xCE, 0x1C, 0xE3, 0x0E, 0x71,
    0x87, 0x38, 0xE3, 0x9C, 0x71, 0xCE, 0x38, 0xE7, 0x1C, 0x73, 0x8E, 0x38, 0xC7, 0x1C, 0x03, 0x9F,
    0x03, 0xDF, 0xC3, 0xF0, 0x00, 0x00, 0xFF, 0xF0, 0xF0, 0xF0, 0xE0, 0xE1, 0xC1, 0xC3, 0x83, 0x87,
    0x07, 0x0E, 0x0E, 0x1C, 0x1C, 0xFF, 0xF1, 0xFF, 0x80, 0xE0, 0x01, 0xC0, 0x0F, 0xF8, 0x07, 0x00,
    0x0E, 0x00, 0x3E, 0x00, 0xFF, 0x00, 0x00, 0x00, 0x06, 0xC0, 0x0F, 0x80, 0x7F, 0xF1, 0xF7, 0xE7,
    0x6D, 0xDC, 0xD9, 0xB9, 0xB3, 0xE3, 0x61, 0xC6, 0xC3, 0x8D, 0x87, 0x12, 0x0E, 0x00, 0x0E, 0x00,
    0x1C, 0x00, 0x1C, 0x00, 0x1C, 0x00, 0xFF, 0xF9, 0xFF, 0xF0, 0x06, 0xC0, 0x0D, 0x80, 0x1B, 0x03,
    0xFF, 0x83, 0x87, 0x87, 0x07, 0x8E, 0x07, 0x1C, 0x0E, 0x38, 0x38, 0x70, 0x70, 0xFF, 0xC1, 0xFF,
    0xC3, 0x83, 0xC7, 0x03, 0xCE, 0x03, 0x9C, 0x07, 0x38, 0x1E, 0x70, 0x38, 0xF1, 0xE3, 0xFF, 0x80,
    0x6C, 0x00, 0xD8, 0x01, 0xB0, 0x00, 0x00, 0x00, 0x03, 0x00, 0x07, 0x00, 0x0E, 0x00, 0x1C, 0x00,
    0x38, 0x00, 0x7F, 0xFE, 0x7F, 0xFF, 0x3F, 0xFE, 0x1C, 0x00, 0x0E, 0x00, 0x07, 0x00, 0x03, 0x00,
    0x01, 0x00, 0x00, 0x00, 0x00, 0x00, 0x0C, 0x00, 0x78, 0x03, 0xF0, 0x1F, 0xE0, 0xED, 0xC7, 0x33,
    0x98, 0xC7, 0x03, 0x08, 0x0C, 0x00, 0x30, 0x00, 0xC0, 0x03, 0x00, 0x0C, 0x00, 0x30, 0x00, 0xC0,
    0x00, 0x00, 0x00, 0xC0, 0x00, 0xE0, 0x00, 0x70, 0x00, 0x38, 0x00, 0x1C, 0x7F, 0xFE, 0xFF, 0xFE,
    0x7F, 0xFC, 0x00, 0x38, 0x00, 0x70, 0x00, 0xE0, 0x01, 0xC0, 0x00, 0x80, 0x00, 0x00, 0x03, 0x00,
    0x0C, 0x00, 0x30, 0x00, 0xC0, 0x03, 0x00, 0x0C, 0x00, 0x30, 0x18, 0xC3, 0x73, 0x1C, 0xEC, 0xE1,
    0xFF, 0x03, 0xF8, 0x07, 0xC0, 0x0E, 0x00, 0x10, 0x00, 0x00, 0x00, 0x00, 0x00, 0xC0, 0x1C, 0x00,
    0x70, 0x03, 0x80, 0x38, 0x00, 0x70, 0x1C, 0x00, 0x0E, 0x0E, 0x00, 0x01, 0xC7, 0xFF, 0xFF, 0xF9,
    0xFF, 0xFF, 0xFE, 0x3F, 0xFF, 0xFF, 0x07, 0x00, 0x03, 0x80, 0xE0, 0x01, 0xC0, 0x1C, 0x00, 0xE0,
    0x03, 0x00, 0x70, 0x00, 0x40, 0x08, 0x00, 0x00, 0x00, 0x00, 0x00, 0x00, 0x0C, 0x00, 0x78, 0x03,
    0xF0, 0x1F, 0xE0, 0xED, 0xC7, 0x33, 0x98, 0xC7, 0x43, 0x08, 0x0C, 0x00, 0x30, 0x00, 0xC0, 0x03,
    0x00, 0x0C, 0x06, 0x30, 0xDC, 0xC7, 0x3B, 0x38, 0x7D, 0xC0, 0xFE, 0x01, 0xF0, 0x03, 0x80, 0x04,
    0x00, 0xFF, 0xCF, 0xFC, 0xF0, 0x0F, 0x80, 0xDC, 0x0C, 0xE0, 0xC7, 0x0C, 0x38, 0xC1, 0xCC, 0x0E,
    0x00, 0x60, 0x00, 0x3F, 0xF3, 0xFF, 0x00, 0xF0, 0x3F, 0x07, 0xF0, 0xF7, 0x1E, 0x73, 0xC7, 0x78,
    0x7F, 0x02, 0x60, 0x00, 0x00, 0x40, 0x0E, 0x00, 0x70, 0x73, 0x87, 0x1C, 0x70, 0xE7, 0x07, 0x70,
    0x3F, 0x01, 0xF3, 0xFF, 0x3F, 0xF0, 0x00, 0x00, 0x20, 0x06, 0xC0, 0xEC, 0x1C, 0xC3, 0x8C, 0x70,
    0xCE, 0x0F, 0xC0, 0xF8, 0x0F, 0xFC, 0xFF, 0xC0, 0x00, 0x1F, 0x81, 0xFF, 0x08, 0x3C, 0x00, 0xE0,
    0x03, 0x80, 0x1C, 0x00, 0xE0, 0x77, 0x1F, 0xF9, 0xE3, 0xCC, 0x0E, 0xE0, 0x77, 0x03, 0xB0, 0x19,
    0x80, 0xCE, 0x0E, 0x70, 0xE1, 0xFE, 0x07, 0xE0, 0x08, 0x00, 0x00, 0x08, 0x1F, 0x21, 0xFF, 0x8E,
    0x0E, 0x30, 0x79, 0x83, 0x76, 0x08, 0xD8, 0x43, 0x63, 0x0D, 0x98, 0x37, 0xC1, 0xCE, 0x0E, 0x1F,
    0xF0, 0xFF, 0x86, 0x00, 0x00, 0x00, 0x00, 0x00, 0x03, 0x00, 0x0E, 0x00, 0x1C, 0x00, 0x7C, 0x00,
    0xF8, 0x01, 0xB8, 0x06, 0x70, 0x0C, 0x70, 0x38, 0xE0, 0x61, 0xC0, 0xC1, 0xC3, 0x83, 0x86, 0x03,
    0x9C, 0x07, 0x30, 0x0E, 0x60, 0x0F, 0xFF, 0xFC, 0x00, 0x00, 0x7F, 0xFF, 0x8F, 0xFF, 0x87, 0x01,
    0x83, 0x80, 0xC1, 0xC0, 0x60, 0xE0, 0x30, 0x70, 0x18, 0x38, 0x0C, 0x1C, 0x06, 0x0E, 0x03, 0x07,
    0x01, 0x83, 0x80, 0xC1, 0xC0, 0x60, 0xE0, 0x30, 0x70, 0x18, 0x38, 0x0C, 0x1C, 0x06, 0x1F, 0x07,
    0x9F, 0xC7, 0xE0, 0x00, 0x03, 0xFF, 0xE7, 0xFF, 0x9E, 0x06, 0x38, 0x18, 0x70, 0x00, 0xE0, 0x03,
    0xC0, 0x07, 0x00, 0x0E, 0x00, 0x38, 0x00, 0xE0, 0x07, 0x00, 0x38, 0x00, 0xC0, 0x07, 0x00, 0x38,
    0x0D, 0xC0, 0x77, 0xFF, 0xBF, 0xFE, 0x00, 0x00, 0x00, 0x1F, 0xFD, 0xFF, 0x80, 0x01, 0x80, 0xE0,
    0x38, 0x0C, 0x03, 0x01, 0xC0, 0x60, 0x18, 0x0E, 0x03, 0x80, 0xC0, 0x30, 0x1C, 0x06, 0x01, 0x80,
    0xE0, 0x38, 0x0C, 0x03, 0x01, 0xC0, 0x60, 0x18, 0x00, 0x00, 0x6F, 0xF0, 0x00, 0x03, 0x80, 0x01,
    0xC0, 0x00, 0xC0, 0x00, 0xE0, 0x00, 0x70, 0x00, 0x30, 0x00, 0x38, 0x00, 0x1C, 0x00, 0x0C, 0x00,
    0x0E, 0x00, 0x07, 0x00, 0x03, 0x00, 0x01, 0x83, 0xC1, 0xC3, 0xE0, 0xE0, 0xB8, 0x60, 0x1C, 0x70,
    0x0E, 0x38, 0x03, 0x98, 0x01, 0xDC, 0x00, 0x6E, 0x00, 0x3E, 0x00, 0x0F, 0x00, 0x07, 0x80, 0x03,
    0x80, 0x00, 0x00, 0x00, 0x01, 0xF0, 0x7C, 0x3F, 0x8F, 0xE6, 0x1D, 0x86, 0x40, 0xF0, 0x24, 0x0E,
    0x03, 0x40, 0x70, 0x26, 0x0F, 0x86, 0x7B, 0xBE, 0xE3, 0xF0, 0xFC, 0x0C, 0x07, 0x00, 0x0F, 0x87,
    0xF3, 0x88, 0xC0, 0x70, 0x1C, 0x07, 0x00, 0xE0, 0x38, 0x0E, 0x01, 0xC0, 0x70, 0x0E, 0x03, 0x80,
    0x70, 0x1C, 0x07, 0x80, 0xE0, 0x38, 0x0E, 0x03, 0x80, 0xE4, 0x73, 0xF8, 0x7C, 0x00, 0x0F, 0xF6,
    0x00, 0x00, 0x00, 0x6F, 0xE0, 0x10, 0x1F, 0x3F, 0xFB, 0x1C, 0x00, 0x00, 0x01, 0x01, 0xF3, 0xFF,
    0xB1, 0xC0, 0x01, 0x80, 0x71, 0xFF, 0xFF, 0xF7, 0xFE, 0x0C, 0x01, 0x80, 0x70, 0x0C, 0x1F, 0xFF,
    0xFF, 0x8C, 0x03, 0x80, 0x00, 0x00, 0x00, 0x00, 0x07, 0x01, 0xF0, 0x7C, 0x3F, 0x07, 0x80, 0x7C,
    0x01, 0xF0, 0x07, 0xC0, 0x1F, 0x00, 0x30, 0x00, 0x00, 0x07, 0xFF, 0x7F, 0xF0, 0x00, 0x0E, 0x00,
    0xF8, 0x03, 0xF0, 0x07, 0xC0, 0x1F, 0x01, 0xE0, 0xF8, 0x3E, 0x0F, 0x80, 0xE0, 0x00, 0x00, 0x00,
    0x0F, 0xFF, 0xFF, 0xF0, 0x00, 0x00, 0x0F, 0x07, 0xF3, 0xF8, 0x7C, 0x03, 0xF8, 0x07, 0xF0, 0x0F,
    0x00, 0x07, 0xFF, 0x7F, 0xF0, 0x00, 0x7F, 0xF7, 0xFF, 0x00, 0x0F, 0x00, 0xFE, 0x01, 0xFC, 0x01,
    0xF1, 0xFC, 0x7E, 0x0F, 0x00, 0x00, 0x0F, 0xFF, 0xFF, 0xF0, 0x00, 0xFF, 0xFF, 0xFF, 0x00, 0x00,
    0x07, 0xC0, 0x0F, 0xDC, 0x1C, 0x1E, 0x1C, 0x1C, 0x18, 0x00, 0x18, 0x00, 0x7F, 0xBC, 0xFF, 0xBC,
    0x18, 0x1C, 0x18, 0x1C, 0x18, 0x1C, 0x18, 0x1C, 0x18, 0x1C, 0x18, 0x1C, 0x18, 0x1C, 0x18, 0x1C,
    0x18, 0x1C, 0x3C, 0x1E, 0x7F, 0x3F, 0x00, 0x00, 0x00, 0x00, 0x03, 0xFE, 0x03, 0xFF, 0x03, 0x83,
    0x81, 0xC1, 0xC0, 0xC0, 0xE0, 0x60, 0x70, 0xFF, 0x38, 0xFF, 0x9C, 0x0C, 0x0E, 0x06, 0x07, 0x03,
    0x03, 0x81, 0x81, 0xC0, 0xC0, 0xE0, 0x60, 0x70, 0x30, 0x38, 0x18, 0x1C, 0x0C, 0x0E, 0x0F, 0x07,
    0x8F, 0xE7, 0xE0, 0x00, 0x00,
};

static const EpdGlyph merri11_regularGlyphs[] = {
    { 0, 0, 87, 0, 0, 0, 0 }, // U+0020
    { 4, 22, 106, 1, 21, 11, 0 }, // !
    { 9, 8, 182, 1, 19, 9, 11 }, // "
    { 14, 18, 261, 1, 18, 32, 20 }, // #
    { 12, 23, 242, 2, 20, 35, 52 }, // $
    { 22, 18, 380, 1, 18, 50, 87 }, // %
    { 16, 19, 279, 1, 18, 38, 137 }, // &
    { 5, 8, 111, 1, 19, 5, 175 }, // '
    { 8, 24, 158, 1, 19, 24, 180 }, // (
    { 8, 25, 158, 1, 20, 25, 204 }, // )
    { 13, 12, 236, 1, 19, 20, 229 }, // *
    { 11, 12, 245, 2, 13, 17, 249 }, // +
    { 5, 9, 93, 0, 3, 6, 266 }, // ,
    { 10, 3, 213, 2, 9, 4, 272 }, // -
    { 4, 4, 93, 1, 3, 2, 276 }, // .
    { 9, 23, 143, 0, 18, 26, 278 }, // /
    { 13, 19, 237, 1, 18, 31, 304 }, // 0
    { 9, 18, 166, 1, 18, 21, 335 }, // 1
    { 13, 18, 218, 0, 18, 30, 356 }, // 2
    { 12, 19, 210, 0, 18, 29, 386 }, // 3
    { 14, 18, 226, 0, 18, 32, 415 }, // 4
    { 11, 19, 214, 1, 18, 27, 447 }, // 5
    { 12, 19, 222, 1, 18, 29, 474 }, // 6
    { 13, 19, 209, 0, 18, 31, 503 }, // 7
    { 12, 19, 218, 1, 18, 29, 534 }, // 8
    { 13, 20, 222, 0, 18, 33, 563 }, // 9
    { 4, 14, 94, 1, 13, 7, 596 }, // :
    { 5, 19, 94, 0, 13, 12, 603 }, // ;
    { 12, 13, 245, 1, 13, 20, 615 }, // <
    { 11, 9, 245, 2, 12, 13, 635 }, // =
    { 12, 14, 245, 2, 14, 21, 648 }, // >
    { 10, 22, 176, 1, 21, 28, 669 }, // ?
    { 21, 24, 374, 1, 18, 63, 697 }, // @
    { 18, 18, 259, -1, 18, 41, 760 }, // A
    { 15, 19, 246, 0, 18, 36, 801 }, // B
    { 15, 19, 240, 0, 18, 36, 837 }, // C
    { 17, 19, 276, 0, 18, 41, 873 }, // D
    { 15, 18, 233, 0, 18, 34, 914 }, // E
    { 14, 18, 226, 0, 18, 32, 948 }, // F
    { 17, 19, 266, 0, 18, 41, 980 }, // G
    { 18, 18, 295, 0, 18, 41, 1021 }, // H
    { 8, 18, 137, 0, 18, 18, 1062 }, // I
    { 9, 23, 137, -1, 18, 26, 1080 }, // J
    { 17, 18, 264, 0, 18, 39, 1106 }, // K
    { 14, 18, 228, 0, 18, 32, 1145 }, // L
    { 23, 18, 363, 0, 18, 52, 1177 }, // M
    { 18, 18, 284, 0, 18, 41, 1229 }, // N
    { 16, 19, 265, 0, 18, 38, 1270 }, // O
    { 15, 18, 235, 0, 18, 34, 1308 }, // P
    { 18, 23, 265, 0, 18, 52, 1342 }, // Q
    { 16, 18, 256, 0, 18, 36, 1394 }, // R
    { 12, 19, 218, 1, 18, 29, 1430 }, // S
    { 16, 18, 255, 0, 18, 36, 1459 }, // T
    { 17, 19, 271, 0, 18, 41, 1495 }, // U
    { 17, 18, 244, -1, 18, 39, 1536 }, // V
    { 25, 18, 365, -1, 18, 57, 1575 }, // W
    { 17, 18, 263, 0, 18, 39, 1632 }, // X
    { 17, 18, 236, -1, 18, 39, 1671 }, // Y
    { 14, 18, 237, 0, 18, 32, 1710 }, // Z
    { 6, 23, 160, 2, 19, 18, 1742 }, // [
    { 9, 23, 158, 0, 18, 26, 1760 }, // <backslash>
    { 6, 23, 158, 2, 19, 18, 1786 }, // ]
    { 13, 15, 244, 1, 18, 25, 1804 }, // ^
    { 13, 1, 183, -1, -1, 2, 1829 }, // _
    { 6, 7, 153, 2, 21, 6, 1831 }, // `
    { 12, 14, 197, 0, 13, 21, 1837 }, // a
    { 14, 20, 219, -1, 19, 35, 1858 }, // b
    { 11, 15, 185, 0, 14, 21, 1893 }, // c
    { 14, 20, 221, 0, 19, 35, 1914 }, // d
    { 12, 15, 191, 0, 14, 23, 1949 }, // e
    { 10, 21, 139, 0, 20, 27, 1972 }, // f
    { 14, 21, 222, 0, 14, 37, 1999 }, // g
    { 15, 19, 243, 0, 19, 36, 2036 }, // h
    { 7, 19, 119, 0, 19, 17, 2072 }, // i
    { 7, 25, 119, -1, 19, 22, 2089 }, // j
    { 15, 19, 232, 0, 19, 36, 2111 }, // k
    { 7, 19, 114, 0, 19, 17, 2147 }, // l
    { 23, 14, 364, 0, 14, 41, 2164 }, // m
    { 15, 14, 243, 0, 14, 27, 2205 }, // n
    { 13, 15, 214, 0, 14, 25, 2232 }, // o
    { 14, 20, 225, 0, 14, 35, 2257 }, // p
    { 14, 20, 217, 0, 14, 35, 2292 }, // q
    { 10, 14, 165, 0, 14, 18, 2327 }, // r
    { 10, 15, 180, 1, 14, 19, 2345 }, // s
    { 9, 18, 143, 0, 17, 21, 2364 }, // t
    { 14, 15, 231, 0, 14, 27, 2385 }, // u
    { 15, 14, 208, -1, 13, 27, 2412 }, // v
    { 21, 14, 310, -1, 13, 37, 2439 }, // w
    { 14, 13, 218, 0, 13, 23, 2476 }, // x
    { 14, 19, 213, 0, 13, 34, 2499 }, // y
    { 12, 13, 200, 0, 13, 20, 2533 }, // z
    { 9, 23, 188, 1, 19, 26, 2553 }, // {
    { 3, 23, 155, 3, 20, 9, 2579 }, // |
    { 10, 23, 188, 1, 19, 29, 2588 }, // }
    { 10, 4, 224, 2, 9, 5, 2617 }, // ~
    { 0, 0, 87, 0, 0, 0, 2622 }, // U+00A0
    { 4, 22, 106, 1, 18, 11, 2622 }, // U+00A1
    { 11, 19, 208, 1, 16, 27, 2633 }, // U+00A2
    { 15, 19, 273, 1, 18, 36, 2660 }, // U+00A3
    { 13, 14, 270, 2, 16, 23, 2696 }, // U+00A4
    { 16, 18, 282, 1, 18, 36, 2719 }, // U+00A5
    { 3, 23, 155, 3, 20, 9, 2755 }, // U+00A6
    { 12, 22, 246, 2, 19, 33, 2764 }, // U+00A7
    { 8, 5, 191, 2, 19, 5, 2797 }, // U+00A8
    { 20, 21, 381, 2, 22, 53, 2802 }, // U+00A9
    { 10, 12, 167, 0, 19, 15, 2855 }, // U+00AA
    { 14, 12, 251, 1, 13, 21, 2870 }, // U+00AB
    { 12, 7, 245, 2, 8, 11, 2891 }, // U+00AC
    { 20, 21, 381, 2, 22, 53, 2902 }, // U+00AE
    { 7, 2, 174, 2, 17, 2, 2955 }, // U+00AF
    { 9, 9, 170, 1, 19, 11, 2957 }, // U+00B0
    { 11, 13, 231, 2, 13, 18, 2968 }, // U+00B1
    { 10, 12, 154, 0, 22, 15, 2986 }, // U+00B2
    { 9, 13, 142, 0, 22, 15, 3001 }, // U+00B3
    { 6, 7, 153, 2, 21, 6, 3016 }, // U+00B4
    { 14, 19, 229, 0, 14, 34, 3022 }, // U+00B5
    { 15, 20, 268, 1, 20, 38, 3056 }, // U+00B6
    { 4, 4, 42, -1, 11, 2, 3094 }, // U+00B7
    { 5, 7, 137, 2, 1, 5, 3096 }, // U+00B8
    { 8, 12, 117, 0, 22, 12, 3101 }, // U+00B9
    { 11, 12, 175, 0, 19, 17, 3113 }, // U+00BA
    { 14, 12, 251, 1, 13, 21, 3130 }, // U+00BB
    { 20, 21, 325, 0, 19, 53, 3151 }, // U+00BC
    { 21, 21, 341, 0, 19, 56, 3204 }, // U+00BD
    { 22, 21, 345, 0, 19, 58, 3260 }, // U+00BE
    { 10, 22, 176, 0, 18, 28, 3318 }, // U+00BF
    { 18, 23, 259, -1, 23, 52, 3346 }, // U+00C0
    { 18, 23, 259, -1, 23, 52, 3398 }, // U+00C1
    { 18, 23, 259, -1, 23, 52, 3450 }, // U+00C2
    { 18, 22, 259, -1, 22, 50, 3502 }, // U+00C3
    { 18, 22, 259, -1, 22, 50, 3552 }, // U+00C4
    { 18, 24, 259, -1, 24, 54, 3602 }, // U+00C5
    { 23, 18, 353, -1, 18, 52, 3656 }, // U+00C6
    { 15, 24, 240, 0, 18, 45, 3708 }, // U+00C7
    { 15, 23, 233, 0, 23, 44, 3753 }, // U+00C8
    { 15, 23, 233, 0, 23, 44, 3797 }, // U+00C9
    { 15, 23, 233, 0, 23, 44, 3841 }, // U+00CA
    { 15, 22, 233, 0, 22, 42, 3885 }, // U+00CB
    { 8, 23, 137, 0, 23, 23, 3927 }, // U+00CC
    { 8, 23, 137, 0, 23, 23, 3950 }, // U+00CD
    { 9, 23, 137, 0, 23, 26, 3973 }, // U+00CE
    { 8, 22, 137, 0, 22, 22, 3999 }, // U+00CF
    { 17, 19, 276, 0, 18, 41, 4021 }, // U+00D0
    { 18, 22, 284, 0, 22, 50, 4062 }, // U+00D1
    { 16, 24, 265, 0, 23, 48, 4112 }, // U+00D2
    { 16, 24, 265, 0, 23, 48, 4160 }, // U+00D3
    { 16, 24, 265, 0, 23, 48, 4208 }, // U+00D4
    { 16, 23, 265, 0, 22, 46, 4256 }, // U+00D5
    { 16, 23, 265, 0, 22, 46, 4302 }, // U+00D6
    { 11, 11, 245, 2, 13, 16, 4348 }, // U+00D7
    { 16, 23, 265, 0, 20, 46, 4364 }, // U+00D8
    { 17, 24, 271, 0, 23, 51, 4410 }, // U+00D9
    { 17, 24, 271, 0, 23, 51, 4461 }, // U+00DA
    { 17, 24, 271, 0, 23, 51, 4512 }, // U+00DB
    { 17, 23, 271, 0, 22, 49, 4563 }, // U+00DC
    { 17, 23, 236, -1, 23, 49, 4612 }, // U+00DD
    { 15, 18, 235, 0, 18, 34, 4661 }, // U+00DE
    { 14, 19, 225, 0, 18, 34, 4695 }, // U+00DF
    { 12, 22, 197, 0, 21, 33, 4729 }, // U+00E0
    { 12, 22, 197, 0, 21, 33, 4762 }, // U+00E1
    { 12, 21, 197, 0, 20, 32, 4795 }, // U+00E2
    { 12, 19, 197, 0, 18, 29, 4827 }, // U+00E3
    { 12, 20, 197, 0, 19, 30, 4856 }, // U+00E4
    { 12, 22, 197, 0, 21, 33, 4886 }, // U+00E5
    { 19, 15, 308, 0, 14, 36, 4919 }, // U+00E6
    { 11, 20, 185, 0, 14, 28, 4955 }, // U+00E7
    { 12, 22, 191, 0, 21, 33, 4983 }, // U+00E8
    { 12, 22, 191, 0, 21, 33, 5016 }, // U+00E9
    { 12, 21, 191, 0, 20, 32, 5049 }, // U+00EA
    { 12, 20, 191, 0, 19, 30, 5081 }, // U+00EB
    { 8, 21, 119, -1, 21, 21, 5111 }, // U+00EC
    { 8, 21, 119, 0, 21, 21, 5132 }, // U+00ED
    { 9, 20, 119, -1, 20, 23, 5153 }, // U+00EE
    { 9, 19, 119, -1, 19, 22, 5176 }, // U+00EF
    { 13, 22, 213, 0, 21, 36, 5198 }, // U+00F0
    { 15, 18, 243, 0, 18, 34, 5234 }, // U+00F1
    { 13, 22, 214, 0, 21, 36, 5268 }, // U+00F2
    { 13, 22, 214, 0, 21, 36, 5304 }, // U+00F3
    { 13, 21, 214, 0, 20, 35, 5340 }, // U+00F4
    { 13, 19, 214, 0, 18, 31, 5375 }, // U+00F5
    { 13, 20, 214, 0, 19, 33, 5406 }, // U+00F6
    { 11, 13, 245, 2, 14, 18, 5439 }, // U+00F7
    { 13, 17, 214, 0, 15, 28, 5457 }, // U+00F8
    { 14, 22, 231, 0, 21, 39, 5485 }, // U+00F9
    { 14, 22, 231, 0, 21, 39, 5524 }, // U+00FA
    { 14, 21, 231, 0, 20, 37, 5563 }, // U+00FB
    { 14, 20, 231, 0, 19, 35, 5600 }, // U+00FC
    { 14, 27, 213, 0, 21, 48, 5635 }, // U+00FD
    { 14, 25, 219, -1, 19, 44, 5683 }, // U+00FE
    { 14, 25, 213, 0, 19, 44, 5727 }, // U+00FF
    { 18, 21, 259, -1, 21, 48, 5771 }, // U+0100
    { 12, 18, 197, 0, 17, 27, 5819 }, // U+0101
    { 18, 23, 259, -1, 23, 52, 5846 }, // U+0102
    { 12, 20, 197, 0, 19, 30, 5898 }, // U+0103
    { 18, 24, 259, -1, 18, 54, 5928 }, // U+0104
    { 12, 19, 197, 0, 13, 29, 5982 }, // U+0105
    { 15, 24, 240, 0, 23, 45, 6011 }, // U+0106
    { 11, 22, 185, 0, 21, 31, 6056 }, // U+0107
    { 15, 24, 240, 0, 23, 45, 6087 }, // U+0108
    { 11, 21, 185, 0, 20, 29, 6132 }, // U+0109
    { 15, 23, 240, 0, 22, 44, 6161 }, // U+010A
    { 11, 20, 185, 0, 19, 28, 6205 }, // U+010B
    { 15, 24, 240, 0, 23, 45, 6233 }, // U+010C
    { 11, 21, 185, 0, 20, 29, 6278 }, // U+010D
    { 17, 24, 276, 0, 23, 51, 6307 }, // U+010E
    { 17, 20, 221, 0, 19, 43, 6358 }, // U+010F
    { 17, 19, 276, 0, 18, 41, 6401 }, // U+0110
    { 14, 20, 221, 0, 19, 35, 6442 }, // U+0111
    { 15, 21, 233, 0, 21, 40, 6477 }, // U+0112
    { 12, 18, 191, 0, 17, 27, 6517 }, // U+0113
    { 15, 23, 233, 0, 23, 44, 6544 }, // U+0114
    { 12, 20, 191, 0, 19, 30, 6588 }, // U+0115
    { 15, 22, 233, 0, 22, 42, 6618 }, // U+0116
    { 12, 20, 191, 0, 19, 30, 6660 }, // U+0117
    { 15, 24, 233, 0, 18, 45, 6690 }, // U+0118
    { 12, 20, 191, 0, 14, 30, 6735 }, // U+0119
    { 15, 23, 233, 0, 23, 44, 6765 }, // U+011A
    { 12, 21, 191, 0, 20, 32, 6809 }, // U+011B
    { 17, 24, 266, 0, 23, 51, 6841 }, // U+011C
    { 14, 27, 222, 0, 20, 48, 6892 }, // U+011D
    { 17, 24, 266, 0, 23, 51, 6940 }, // U+011E
    { 14, 26, 222, 0, 19, 46, 6991 }, // U+011F
    { 17, 23, 266, 0, 22, 49, 7037 }, // U+0120
    { 14, 26, 222, 0, 19, 46, 7086 }, // U+0121
    { 17, 25, 266, 0, 18, 54, 7132 }, // U+0122
    { 14, 27, 222, 0, 20, 48, 7186 }, // U+0123
    { 18, 23, 295, 0, 23, 52, 7234 }, // U+0124
    { 16, 24, 243, -1, 24, 48, 7286 }, // U+0125
    { 17, 18, 299, 1, 18, 39, 7334 }, // U+0126
    { 15, 19, 243, 0, 19, 36, 7373 }, // U+0127
    { 8, 22, 137, 0, 22, 22, 7409 }, // U+0128
    { 9, 18, 119, -1, 18, 21, 7431 }, // U+0129
    { 8, 21, 137, 0, 21, 21, 7452 }, // U+012A
    { 8, 17, 119, 0, 17, 17, 7473 }, // U+012B
    { 8, 23, 137, 0, 23, 23, 7490 }, // U+012C
    { 8, 19, 119, 0, 19, 19, 7513 }, // U+012D
    { 8, 24, 137, 0, 18, 24, 7532 }, // U+012E
    { 7, 25, 119, 0, 19, 22, 7556 }, // U+012F
    { 8, 22, 137, 0, 22, 22, 7578 }, // U+0130
    { 7, 14, 119, 0, 14, 13, 7600 }, // U+0131
    { 16, 23, 270, 0, 18, 46, 7613 }, // U+0132
    { 13, 25, 227, 0, 19, 41, 7659 }, // U+0133
    { 10, 28, 137, -1, 23, 35, 7700 }, // U+0134
    { 9, 26, 119, -1, 20, 30, 7735 }, // U+0135
    { 17, 25, 264, 0, 18, 54, 7765 }, // U+0136
    { 15, 26, 232, 0, 19, 49, 7819 }, // U+0137
    { 15, 14, 238, 0, 14, 27, 7868 }, // U+0138
    { 14, 23, 228, 0, 23, 41, 7895 }, // U+0139
    { 8, 24, 114, 0, 24, 24, 7936 }, // U+013A
    { 14, 25, 228, 0, 18, 44, 7960 }, // U+013B
    { 7, 26, 114, 0, 19, 23, 8004 }, // U+013C
    { 14, 18, 228, 0, 18, 32, 8027 }, // U+013D
    { 9, 19, 114, 0, 19, 22, 8059 }, // U+013E
    { 16, 18, 249, 0, 18, 36, 8081 }, // U+013F
    { 10, 19, 151, 0, 19, 24, 8117 }, // U+0140
    { 14, 18, 228, 0, 18, 32, 8141 }, // U+0141
    { 8, 19, 128, 0, 19, 19, 8173 }, // U+0142
    { 18, 23, 284, 0, 23, 52, 8192 }, // U+0143
    { 15, 21, 243, 0, 21, 40, 8244 }, // U+0144
    { 18, 25, 284, 0, 18, 57, 8284 }, // U+0145
    { 15, 21, 243, 0, 14, 40, 8341 }, // U+0146
    { 18, 23, 284, 0, 23, 52, 8381 }, // U+0147
    { 15, 20, 243, 0, 20, 38, 8433 }, // U+0148
    { 16, 24, 275, 0, 18, 48, 8471 }, // U+014A
    { 14, 20, 239, 0, 14, 35, 8519 }, // U+014B
    { 16, 22, 265, 0, 21, 44, 8554 }, // U+014C
    { 13, 18, 214, 0, 17, 30, 8598 }, // U+014D
    { 16, 24, 265, 0, 23, 48, 8628 }, // U+014E
    { 13, 20, 214, 0, 19, 33, 8676 }, // U+014F
    { 16, 24, 265, 0, 23, 48, 8709 }, // U+0150
    { 13, 22, 214, 0, 21, 36, 8757 }, // U+0151
    { 23, 19, 369, 0, 18, 55, 8793 }, // U+0152
    { 21, 15, 343, 0, 14, 40, 8848 }, // U+0153
    { 16, 23, 256, 0, 23, 46, 8888 }, // U+0154
    { 10, 21, 165, 0, 21, 27, 8934 }, // U+0155
    { 16, 25, 256, 0, 18, 50, 8961 }, // U+0156
    { 10, 21, 165, 0, 14, 27, 9011 }, // U+0157
    { 16, 23, 256, 0, 23, 46, 9038 }, // U+0158
    { 10, 20, 165, 0, 20, 25, 9084 }, // U+0159
    { 12, 24, 218, 1, 23, 36, 9109 }, // U+015A
    { 10, 22, 180, 1, 21, 28, 9145 }, // U+015B
    { 12, 24, 218, 1, 23, 36, 9173 }, // U+015C
    { 10, 21, 180, 1, 20, 27, 9209 }, // U+015D
    { 12, 24, 218, 1, 18, 36, 9236 }, // U+015E
    { 10, 20, 180, 1, 14, 25, 9272 }, // U+015F
    { 12, 24, 218, 1, 23, 36, 9297 }, // U+0160
    { 10, 21, 180, 1, 20, 27, 9333 }, // U+0161
    { 16, 24, 255, 0, 18, 48, 9360 }, // U+0162
    { 9, 23, 143, 0, 17, 26, 9408 }, // U+0163
    { 16, 23, 255, 0, 23, 46, 9434 }, // U+0164
    { 10, 20, 143, 0, 19, 25, 9480 }, // U+0165
    { 16, 18, 255, 0, 18, 36, 9505 }, // U+0166
    { 9, 18, 143, 0, 17, 21, 9541 }, // U+0167
    { 17, 23, 271, 0, 22, 49, 9562 }, // U+0168
    { 14, 19, 231, 0, 18, 34, 9611 }, // U+0169
    { 17, 22, 271, 0, 21, 47, 9645 }, // U+016A
    { 14, 18, 231, 0, 17, 32, 9692 }, // U+016B
    { 17, 24, 271, 0, 23, 51, 9724 }, // U+016C
    { 14, 20, 231, 0, 19, 35, 9775 }, // U+016D
    { 17, 25, 271, 0, 24, 54, 9810 }, // U+016E
    { 14, 22, 231, 0, 21, 39, 9864 }, // U+016F
    { 17, 24, 271, 0, 23, 51, 9903 }, // U+0170
    { 14, 22, 231, 0, 21, 39, 9954 }, // U+0171
    { 17, 24, 271, 0, 18, 51, 9993 }, // U+0172
    { 14, 20, 231, 0, 14, 35, 10044 }, // U+0173
    { 25, 23, 365, -1, 23, 72, 10079 }, // U+0174
    { 21, 21, 310, -1, 20, 56, 10151 }, // U+0175
    { 17, 23, 236, -1, 23, 49, 10207 }, // U+0176
    { 14, 26, 213, 0, 20, 46, 10256 }, // U+0177
    { 17, 22, 236, -1, 22, 47, 10302 }, // U+0178
    { 14, 23, 237, 0, 23, 41, 10349 }, // U+0179
    { 12, 21, 200, 0, 21, 32, 10390 }, // U+017A
    { 14, 22, 237, 0, 22, 39, 10422 }, // U+017B
    { 12, 19, 200, 0, 19, 29, 10461 }, // U+017C
    { 14, 23, 237, 0, 23, 41, 10490 }, // U+017D
    { 12, 20, 200, 0, 20, 30, 10531 }, // U+017E
    { 9, 20, 131, 0, 20, 23, 10561 }, // U+017F
    { 17, 21, 265, 0, 20, 45, 10584 }, // U+01A0
    { 14, 17, 214, 0, 16, 30, 10629 }, // U+01A1
    { 19, 21, 271, 0, 20, 50, 10659 }, // U+01AF
    { 16, 17, 231, 0, 16, 34, 10709 }, // U+01B0
    { 31, 24, 505, 0, 23, 93, 10743 }, // U+01C4
    { 30, 21, 474, 0, 20, 79, 10836 }, // U+01C5
    { 26, 21, 420, 0, 20, 69, 10915 }, // U+01C6
    { 22, 23, 352, 0, 18, 64, 10984 }, // U+01C7
    { 19, 25, 336, 0, 19, 60, 11048 }, // U+01C8
    { 12, 25, 222, 0, 19, 38, 11108 }, // U+01C9
    { 26, 23, 420, 0, 18, 75, 11146 }, // U+01CA
    { 23, 25, 398, 0, 19, 72, 11221 }, // U+01CB
    { 20, 25, 350, 0, 19, 63, 11293 }, // U+01CC
    { 18, 23, 259, -1, 23, 52, 11356 }, // U+01CD
    { 12, 21, 197, 0, 20, 32, 11408 }, // U+01CE
    { 9, 23, 137, 0, 23, 26, 11440 }, // U+01CF
    { 9, 20, 119, -1, 20, 23, 11466 }, // U+01D0
    { 16, 24, 265, 0, 23, 48, 11489 }, // U+01D1
    { 13, 21, 214, 0, 20, 35, 11537 }, // U+01D2
    { 17, 24, 271, 0, 23, 51, 11572 }, // U+01D3
    { 14, 21, 231, 0, 20, 37, 11623 }, // U+01D4
    { 17, 26, 271, 0, 25, 56, 11660 }, // U+01D5
    { 14, 22, 231, 0, 21, 39, 11716 }, // U+01D6
    { 17, 28, 271, 0, 27, 60, 11755 }, // U+01D7
    { 14, 26, 231, 0, 25, 46, 11815 }, // U+01D8
    { 17, 28, 271, 0, 27, 60, 11861 }, // U+01D9
    { 14, 25, 231, 0, 24, 44, 11921 }, // U+01DA
    { 17, 28, 271, 0, 27, 60, 11965 }, // U+01DB
    { 14, 26, 231, 0, 25, 46, 12025 }, // U+01DC
    { 12, 14, 191, 0, 13, 21, 12071 }, // U+01DD
    { 18, 25, 259, -1, 25, 57, 12092 }, // U+01DE
    { 12, 22, 197, 0, 21, 33, 12149 }, // U+01DF
    { 18, 25, 259, -1, 25, 57, 12182 }, // U+01E0
    { 12, 22, 197, 0, 21, 33, 12239 }, // U+01E1
    { 23, 21, 353, -1, 21, 61, 12272 }, // U+01E2
    { 19, 18, 308, 0, 17, 43, 12333 }, // U+01E3
    { 17, 19, 266, 0, 18, 41, 12376 }, // U+01E4
    { 16, 21, 222, -1, 14, 42, 12417 }, // U+01E5
    { 17, 24, 266, 0, 23, 51, 12459 }, // U+01E6
    { 14, 27, 222, 0, 20, 48, 12510 }, // U+01E7
    { 17, 23, 264, 0, 23, 49, 12558 }, // U+01E8
    { 16, 24, 232, -1, 24, 48, 12607 }, // U+01E9
    { 16, 24, 265, 0, 18, 48, 12655 }, // U+01EA
    { 13, 20, 214, 0, 14, 33, 12703 }, // U+01EB
    { 16, 27, 265, 0, 21, 54, 12736 }, // U+01EC
    { 13, 23, 214, 0, 17, 38, 12790 }, // U+01ED
    { 13, 24, 208, 0, 23, 39, 12828 }, // U+01EE
    { 12, 26, 195, 0, 20, 39, 12867 }, // U+01EF
    { 9, 26, 119, -1, 20, 30, 12906 }, // U+01F0
    { 31, 19, 505, 0, 18, 74, 12936 }, // U+01F1
    { 30, 19, 474, 0, 18, 72, 13010 }, // U+01F2
    { 26, 20, 420, 0, 19, 65, 13082 }, // U+01F3
    { 17, 24, 266, 0, 23, 51, 13147 }, // U+01F4
    { 14, 28, 222, 0, 21, 49, 13198 }, // U+01F5
    { 18, 23, 284, 0, 23, 52, 13247 }, // U+01F8
    { 15, 21, 243, 0, 21, 40, 13299 }, // U+01F9
    { 18, 27, 259, -1, 27, 61, 13339 }, // U+01FA
    { 12, 24, 197, 0, 23, 36, 13400 }, // U+01FB
    { 23, 23, 353, -1, 23, 67, 13436 }, // U+01FC
    { 19, 22, 308, 0, 21, 53, 13503 }, // U+01FD
    { 16, 26, 265, 0, 23, 52, 13556 }, // U+01FE
    { 13, 23, 214, 0, 21, 38, 13608 }, // U+01FF
    { 18, 23, 259, -1, 23, 52, 13646 }, // U+0200
    { 12, 22, 197, 0, 21, 33, 13698 }, // U+0201
    { 18, 23, 259, -1, 23, 52, 13731 }, // U+0202
    { 12, 20, 197, 0, 19, 30, 13783 }, // U+0203
    { 15, 23, 233, 0, 23, 44, 13813 }, // U+0204
    { 12, 22, 191, 0, 21, 33, 13857 }, // U+0205
    { 15, 23, 233, 0, 23, 44, 13890 }, // U+0206
    { 12, 20, 191, 0, 19, 30, 13934 }, // U+0207
    { 10, 23, 137, -2, 23, 29, 13964 }, // U+0208
    { 10, 21, 119, -2, 21, 27, 13993 }, // U+0209
    { 8, 23, 137, 0, 23, 23, 14020 }, // U+020A
    { 9, 19, 119, -1, 19, 22, 14043 }, // U+020B
    { 16, 24, 265, 0, 23, 48, 14065 }, // U+020C
    { 13, 22, 214, 0, 21, 36, 14113 }, // U+020D
    { 16, 24, 265, 0, 23, 48, 14149 }, // U+020E
    { 13, 20, 214, 0, 19, 33, 14197 }, // U+020F
    { 16, 23, 256, 0, 23, 46, 14230 }, // U+0210
    { 11, 21, 165, -1, 21, 29, 14276 }, // U+0211
    { 16, 23, 256, 0, 23, 46, 14305 }, // U+0212
    { 10, 19, 165, 0, 19, 24, 14351 }, // U+0213
    { 17, 24, 271, 0, 23, 51, 14375 }, // U+0214
    { 14, 22, 231, 0, 21, 39, 14426 }, // U+0215
    { 17, 24, 271, 0, 23, 51, 14465 }, // U+0216
    { 14, 20, 231, 0, 19, 35, 14516 }, // U+0217
    { 12, 25, 218, 1, 18, 38, 14551 }, // U+0218
    { 10, 21, 180, 1, 14, 27, 14589 }, // U+0219
    { 16, 25, 255, 0, 18, 50, 14616 }, // U+021A
    { 9, 24, 143, 0, 17, 27, 14666 }, // U+021B
    { 12, 22, 200, 0, 18, 33, 14693 }, // U+021C
    { 11, 20, 175, 0, 14, 28, 14726 }, // U+021D
    { 18, 23, 295, 0, 23, 52, 14754 }, // U+021E
    { 16, 24, 243, -1, 24, 48, 14806 }, // U+021F
    { 6, 7, 0, 2, 21, 6, 14854 }, // U+0300
    { 6, 7, 0, 2, 21, 6, 14860 }, // U+0301
    { 9, 6, 0, 2, 20, 7, 14866 }, // U+0302
    { 9, 4, 0, 0, 18, 5, 14873 }, // U+0303
    { 7, 2, 0, 2, 17, 2, 14878 }, // U+0304
    { 8, 5, 0, 2, 19, 5, 14880 }, // U+0306
    { 4, 4, 0, 2, 19, 2, 14885 }, // U+0307
    { 9, 5, 0, 0, 19, 6, 14887 }, // U+0308
    { 6, 7, 0, -1, 21, 6, 14893 }, // U+0309
    { 6, 7, 0, 2, 21, 6, 14899 }, // U+030A
    { 10, 7, 0, 2, 21, 9, 14905 }, // U+030B
    { 8, 6, 0, 2, 20, 6, 14914 }, // U+030C
    { 3, 6, 0, 0, 20, 3, 14920 }, // U+030D
    { 10, 7, 0, 2, 21, 9, 14923 }, // U+030F
    { 8, 8, 0, 2, 22, 8, 14932 }, // U+0310
    { 8, 4, 0, 2, 19, 4, 14940 }, // U+0311
    { 3, 6, 0, 0, 20, 3, 14944 }, // U+0312
    { 3, 5, 0, 0, 20, 2, 14947 }, // U+0313
    { 3, 6, 0, 2, 22, 3, 14949 }, // U+0315
    { 6, 5, 0, 0, 16, 4, 14952 }, // U+031B
    { 6, 2, 0, 0, -2, 2, 14956 }, // U+0320
    { 4, 4, 0, 0, -1, 2, 14958 }, // U+0323
    { 9, 4, 0, 0, -1, 5, 14960 }, // U+0324
    { 6, 6, 0, 2, -1, 5, 14965 }, // U+0325
    { 3, 6, 0, 0, -1, 3, 14970 }, // U+0326
    { 5, 7, 0, 0, 1, 5, 14973 }, // U+0327
    { 7, 7, 0, 0, 1, 7, 14978 }, // U+0328
    { 3, 5, 0, 2, -1, 2, 14985 }, // U+0329
    { 9, 5, 0, 0, -1, 6, 14987 }, // U+032D
    { 8, 4, 0, 0, -2, 4, 14993 }, // U+032E
    { 8, 4, 0, 0, -2, 4, 14997 }, // U+032F
    { 9, 4, 0, 0, -1, 5, 15001 }, // U+0330
    { 7, 2, 0, 2, -2, 2, 15006 }, // U+0331
    { 9, 2, 0, 0, -2, 3, 15008 }, // U+0332
    { 9, 4, 0, 2, 9, 5, 15011 }, // U+0334
    { 7, 3, 0, 1, 8, 3, 15016 }, // U+0335
    { 11, 3, 0, 0, 8, 5, 15019 }, // U+0336
    { 8, 17, 0, 2, 15, 17, 15024 }, // U+0337
    { 10, 19, 0, 2, 17, 24, 15041 }, // U+0338
    { 4, 4, 0, 4, 19, 2, 15065 }, // U+0358
    { 11, 6, 0, 2, -1, 9, 15067 }, // U+035C
    { 11, 6, 0, 2, 20, 9, 15076 }, // U+035D
    { 14, 2, 0, -9, -2, 4, 15085 }, // U+035F
    { 11, 6, 0, 2, 20, 9, 15089 }, // U+0361
    { 17, 6, 0, -8, -1, 13, 15098 }, // U+0362
    { 15, 23, 233, 0, 23, 44, 15111 }, // U+0400
    { 15, 22, 233, 0, 22, 42, 15155 }, // U+0401
    { 19, 23, 304, 0, 18, 55, 15197 }, // U+0402
    { 13, 23, 228, 1, 23, 38, 15252 }, // U+0403
    { 15, 19, 240, 0, 18, 36, 15290 }, // U+0404
    { 12, 19, 218, 1, 18, 29, 15326 }, // U+0405
    { 8, 18, 137, 0, 18, 18, 15355 }, // U+0406
    { 8, 22, 137, 0, 22, 22, 15373 }, // U+0407
    { 9, 23, 137, -1, 18, 26, 15395 }, // U+0408
    { 23, 19, 367, 0, 18, 55, 15421 }, // U+0409
    { 25, 19, 392, 0, 18, 60, 15476 }, // U+040A
    { 20, 18, 325, 0, 18, 45, 15536 }, // U+040B
    { 15, 23, 261, 1, 23, 44, 15581 }, // U+040C
    { 17, 23, 299, 1, 23, 49, 15625 }, // U+040D
    { 16, 24, 232, -1, 23, 48, 15674 }, // U+040E
    { 18, 23, 288, 0, 18, 52, 15722 }, // U+040F
    { 18, 18, 259, -1, 18, 41, 15774 }, // U+0410
    { 14, 19, 252, 1, 18, 34, 15815 }, // U+0411
    { 15, 19, 246, 0, 18, 36, 15849 }, // U+0412
    { 13, 18, 228, 1, 18, 30, 15885 }, // U+0413
    { 16, 23, 263, 0, 18, 46, 15915 }, // U+0414
    { 15, 18, 233, 0, 18, 34, 15961 }, // U+0415
    { 24, 18, 387, 0, 18, 54, 15995 }, // U+0416
    { 13, 19, 211, 0, 18, 31, 16049 }, // U+0417
    { 17, 18, 299, 1, 18, 39, 16080 }, // U+0418
    { 17, 23, 299, 1, 23, 49, 16119 }, // U+0419
    { 15, 18, 261, 1, 18, 34, 16168 }, // U+041A
    { 16, 19, 268, 0, 18, 38, 16202 }, // U+041B
    { 23, 18, 363, 0, 18, 52, 16240 }, // U+041C
    { 18, 18, 295, 0, 18, 41, 16292 }, // U+041D
    { 16, 19, 265, 0, 18, 38, 16333 }, // U+041E
    { 17, 18, 293, 1, 18, 39, 16371 }, // U+041F
    { 15, 18, 235, 0, 18, 34, 16410 }, // U+0420
    { 15, 19, 240, 0, 18, 36, 16444 }, // U+0421
    { 16, 18, 255, 0, 18, 36, 16480 }, // U+0422
    { 16, 19, 232, -1, 18, 38, 16516 }, // U+0423
    { 20, 19, 322, 0, 18, 48, 16554 }, // U+0424
    { 17, 18, 263, 0, 18, 39, 16602 }, // U+0425
    { 16, 23, 290, 1, 18, 46, 16641 }, // U+0426
    { 16, 18, 262, 0, 18, 36, 16687 }, // U+0427
    { 24, 18, 409, 1, 18, 54, 16723 }, // U+0428
    { 24, 23, 409, 1, 18, 69, 16777 }, // U+0429
    { 19, 19, 295, 0, 18, 46, 16846 }, // U+042A
    { 22, 19, 375, 1, 18, 53, 16892 }, // U+042B
    { 14, 19, 237, 1, 18, 34, 16945 }, // U+042C
    { 15, 19, 238, 0, 18, 36, 16979 }, // U+042D
    { 23, 19, 393, 1, 18, 55, 17015 }, // U+042E
    { 16, 18, 265, 0, 18, 36, 17070 }, // U+042F
    { 12, 14, 197, 0, 13, 21, 17106 }, // U+0430
    { 13, 21, 214, 0, 20, 35, 17127 }, // U+0431
    { 13, 14, 215, 0, 13, 23, 17162 }, // U+0432
    { 12, 13, 189, 0, 13, 20, 17185 }, // U+0433
    { 15, 18, 229, -1, 13, 34, 17205 }, // U+0434
    { 12, 15, 191, 0, 14, 23, 17239 }, // U+0435
    { 21, 13, 334, 0, 13, 35, 17262 }, // U+0436
    { 11, 15, 184, 0, 14, 21, 17297 }, // U+0437
    { 15, 13, 253, 0, 13, 25, 17318 }, // U+0438
    { 15, 19, 253, 0, 19, 36, 17343 }, // U+0439
    { 15, 13, 232, 0, 13, 25, 17379 }, // U+043A
    { 13, 14, 222, 0, 13, 23, 17404 }, // U+043B
    { 19, 13, 296, 0, 13, 31, 17427 }, // U+043C
    { 15, 13, 253, 0, 13, 25, 17458 }, // U+043D
    { 13, 15, 214, 0, 14, 25, 17483 }, // U+043E
    { 15, 13, 245, 0, 13, 25, 17508 }, // U+043F
    { 14, 20, 225, 0, 14, 35, 17533 }, // U+0440
    { 11, 15, 185, 0, 14, 21, 17568 }, // U+0441
    { 14, 13, 223, 0, 13, 23, 17589 }, // U+0442
    { 14, 19, 213, 0, 13, 34, 17612 }, // U+0443
    { 19, 25, 311, 0, 19, 60, 17646 }, // U+0444
    { 14, 13, 218, 0, 13, 23, 17706 }, // U+0445
    { 15, 18, 249, 0, 13, 34, 17729 }, // U+0446
    { 14, 13, 233, 0, 13, 23, 17763 }, // U+0447
    { 22, 13, 353, 0, 13, 36, 17786 }, // U+0448
    { 22, 18, 356, 0, 13, 50, 17822 }, // U+0449
    { 16, 14, 258, 0, 13, 28, 17872 }, // U+044A
    { 19, 14, 315, 0, 13, 34, 17900 }, // U+044B
    { 13, 14, 205, 0, 13, 23, 17934 }, // U+044C
    { 11, 15, 192, 1, 14, 21, 17957 }, // U+044D
    { 20, 15, 330, 0, 14, 38, 17978 }, // U+044E
    { 13, 13, 218, 0, 13, 22, 18016 }, // U+044F
    { 12, 22, 191, 0, 21, 33, 18038 }, // U+0450
    { 12, 20, 191, 0, 19, 30, 18071 }, // U+0451
    { 14, 25, 239, 0, 19, 44, 18101 }, // U+0452
    { 12, 21, 189, 0, 21, 32, 18145 }, // U+0453
    { 11, 15, 191, 0, 14, 21, 18177 }, // U+0454
    { 10, 15, 180, 1, 14, 19, 18198 }, // U+0455
    { 7, 19, 119, 0, 19, 17, 18217 }, // U+0456
    { 9, 19, 119, -1, 19, 22, 18234 }, // U+0457
    { 7, 25, 119, -1, 19, 22, 18256 }, // U+0458
    { 19, 14, 305, 0, 13, 34, 18278 }, // U+0459
    { 21, 14, 339, 0, 13, 37, 18312 }, // U+045A
    { 15, 19, 243, 0, 19, 36, 18349 }, // U+045B
    { 15, 21, 232, 0, 21, 40, 18385 }, // U+045C
    { 15, 21, 253, 0, 21, 40, 18425 }, // U+045D
    { 14, 25, 213, 0, 19, 44, 18465 }, // U+045E
    { 15, 18, 244, 0, 13, 34, 18509 }, // U+045F
    { 19, 19, 310, 0, 18, 46, 18543 }, // U+0460
    { 17, 14, 279, 0, 13, 30, 18589 }, // U+0461
    { 17, 20, 274, 0, 19, 43, 18619 }, // U+0462
    { 16, 20, 259, 0, 19, 40, 18662 }, // U+0463
    { 23, 19, 379, 0, 18, 55, 18702 }, // U+0464
    { 18, 15, 300, 0, 14, 34, 18757 }, // U+0465
    { 18, 18, 259, -1, 18, 41, 18791 }, // U+0466
    { 17, 13, 248, -1, 13, 28, 18832 }, // U+0467
    { 24, 18, 387, 0, 18, 54, 18860 }, // U+046A
    { 23, 13, 340, -1, 13, 38, 18914 }, // U+046B
    { 13, 29, 215, 0, 23, 48, 18952 }, // U+046E
    { 12, 26, 197, 0, 20, 39, 19000 }, // U+046F
    { 16, 19, 265, 0, 18, 38, 19039 }, // U+0472
    { 13, 15, 214, 0, 14, 25, 19077 }, // U+0473
    { 18, 19, 263, -1, 18, 43, 19102 }, // U+0474
    { 15, 14, 213, -1, 13, 27, 19145 }, // U+0475
    { 18, 24, 263, -1, 23, 54, 19172 }, // U+0476
    { 15, 22, 213, -1, 21, 42, 19226 }, // U+0477
    { 31, 24, 484, 0, 18, 93, 19268 }, // U+0478
    { 27, 20, 424, 0, 14, 68, 19361 }, // U+0479
    { 16, 24, 240, 0, 18, 48, 19429 }, // U+0480
    { 13, 20, 185, 0, 14, 33, 19477 }, // U+0481
    { 15, 22, 249, 0, 18, 42, 19510 }, // U+0482
    { 21, 21, 0, -1, 17, 56, 19552 }, // U+0488
    { 22, 23, 0, 0, 17, 64, 19608 }, // U+0489
    { 17, 28, 299, 1, 23, 60, 19672 }, // U+048A
    { 16, 24, 253, 0, 19, 48, 19732 }, // U+048B
    { 15, 19, 237, 0, 18, 36, 19780 }, // U+048C
    { 13, 20, 201, -1, 19, 33, 19816 }, // U+048D
    { 15, 18, 235, 0, 18, 34, 19849 }, // U+048E
    { 14, 20, 225, 0, 14, 35, 19883 }, // U+048F
    { 13, 22, 217, 1, 22, 36, 19918 }, // U+0490
    { 11, 17, 180, 0, 17, 24, 19954 }, // U+0491
    { 13, 18, 228, 1, 18, 30, 19978 }, // U+0492
    { 12, 13, 189, 0, 13, 20, 20008 }, // U+0493
    { 15, 23, 253, 1, 18, 44, 20028 }, // U+0494
    { 13, 19, 216, 0, 13, 31, 20072 }, // U+0495
    { 24, 23, 387, 0, 18, 69, 20103 }, // U+0496
    { 21, 18, 334, 0, 13, 48, 20172 }, // U+0497
    { 13, 24, 211, 0, 18, 39, 20220 }, // U+0498
    { 11, 20, 184, 0, 14, 28, 20259 }, // U+0499
    { 16, 23, 261, 1, 18, 46, 20287 }, // U+049A
    { 15, 18, 232, 0, 13, 34, 20333 }, // U+049B
    { 17, 18, 286, 1, 18, 39, 20367 }, // U+049C
    { 16, 13, 253, 0, 13, 26, 20406 }, // U+049D
    { 15, 18, 261, 1, 18, 34, 20432 }, // U+049E
    { 15, 19, 232, 0, 19, 36, 20466 }, // U+049F
    { 20, 18, 320, 0, 18, 45, 20502 }, // U+04A0
    { 18, 13, 282, 0, 13, 30, 20547 }, // U+04A1
    { 18, 23, 295, 0, 18, 52, 20577 }, // U+04A2
    { 16, 18, 253, 0, 13, 36, 20629 }, // U+04A3
    { 22, 18, 364, 1, 18, 50, 20665 }, // U+04A4
    { 19, 13, 315, 0, 13, 31, 20715 }, // U+04A5
    { 24, 23, 400, 1, 18, 69, 20746 }, // U+04A6
    { 21, 19, 334, 0, 13, 50, 20815 }, // U+04A7
    { 20, 19, 312, 0, 18, 48, 20865 }, // U+04A8
    { 16, 15, 247, 0, 14, 30, 20913 }, // U+04A9
    { 15, 23, 240, 0, 18, 44, 20943 }, // U+04AA
    { 11, 19, 185, 0, 14, 27, 20987 }, // U+04AB
    { 16, 23, 255, 0, 18, 46, 21014 }, // U+04AC
    { 14, 18, 223, 0, 13, 32, 21060 }, // U+04AD
    { 17, 18, 236, -1, 18, 39, 21092 }, // U+04AE
    { 16, 19, 225, -1, 13, 38, 21131 }, // U+04AF
    { 17, 18, 236, -1, 18, 39, 21169 }, // U+04B0
    { 16, 19, 225, -1, 13, 38, 21208 }, // U+04B1
    { 17, 23, 263, 0, 18, 49, 21246 }, // U+04B2
    { 14, 18, 218, 0, 13, 32, 21295 }, // U+04B3
    { 22, 23, 354, 0, 18, 64, 21327 }, // U+04B4
    { 21, 18, 347, 0, 13, 48, 21391 }, // U+04B5
    { 16, 23, 262, 0, 18, 46, 21439 }, // U+04B6
    { 14, 18, 233, 0, 13, 32, 21485 }, // U+04B7
    { 16, 18, 262, 0, 18, 36, 21517 }, // U+04B8
    { 15, 13, 239, 0, 13, 25, 21553 }, // U+04B9
    { 16, 18, 270, 1, 18, 36, 21578 }, // U+04BA
    { 15, 19, 243, 0, 19, 36, 21614 }, // U+04BB
    { 18, 19, 299, 0, 18, 43, 21650 }, // U+04BC
    { 15, 15, 236, 0, 14, 29, 21693 }, // U+04BD
    { 18, 24, 299, 0, 18, 54, 21722 }, // U+04BE
    { 15, 20, 236, 0, 14, 38, 21776 }, // U+04BF
    { 8, 18, 137, 0, 18, 18, 21814 }, // U+04C0
    { 24, 23, 387, 0, 23, 69, 21832 }, // U+04C1
    { 21, 19, 334, 0, 19, 50, 21901 }, // U+04C2
    { 14, 23, 242, 1, 18, 41, 21951 }, // U+04C3
    { 14, 19, 230, 0, 13, 34, 21992 }, // U+04C4
    { 16, 23, 268, 0, 18, 46, 22026 }, // U+04C5
    { 14, 18, 222, 0, 13, 32, 22072 }, // U+04C6
    { 17, 23, 295, 1, 18, 49, 22104 }, // U+04C7
    { 15, 19, 251, 0, 13, 36, 22153 }, // U+04C8
    { 18, 23, 295, 0, 18, 52, 22189 }, // U+04C9
    { 15, 18, 253, 0, 13, 34, 22241 }, // U+04CA
    { 16, 23, 262, 0, 18, 46, 22275 }, // U+04CB
    { 14, 18, 233, 0, 13, 32, 22321 }, // U+04CC
    { 23, 23, 363, 0, 18, 67, 22353 }, // U+04CD
    { 19, 18, 296, 0, 13, 43, 22420 }, // U+04CE
    { 7, 19, 114, 0, 19, 17, 22463 }, // U+04CF
    { 18, 23, 259, -1, 23, 52, 22480 }, // U+04D0
    { 12, 20, 197, 0, 19, 30, 22532 }, // U+04D1
    { 18, 22, 259, -1, 22, 50, 22562 }, // U+04D2
    { 12, 20, 197, 0, 19, 30, 22612 }, // U+04D3
    { 23, 18, 353, -1, 18, 52, 22642 }, // U+04D4
    { 19, 15, 308, 0, 14, 36, 22694 }, // U+04D5
    { 15, 23, 233, 0, 23, 44, 22730 }, // U+04D6
    { 12, 20, 191, 0, 19, 30, 22774 }, // U+04D7
    { 15, 19, 249, 0, 18, 36, 22804 }, // U+04D8
    { 12, 15, 191, 0, 14, 23, 22840 }, // U+04D9
    { 15, 23, 249, 0, 22, 44, 22863 }, // U+04DA
    { 12, 20, 191, 0, 19, 30, 22907 }, // U+04DB
    { 24, 22, 387, 0, 22, 66, 22937 }, // U+04DC
    { 21, 19, 334, 0, 19, 50, 23003 }, // U+04DD
    { 13, 23, 211, 0, 22, 38, 23053 }, // U+04DE
    { 11, 20, 184, 0, 19, 28, 23091 }, // U+04DF
    { 13, 19, 208, 0, 18, 31, 23119 }, // U+04E0
    { 12, 19, 195, 0, 13, 29, 23150 }, // U+04E1
    { 17, 21, 299, 1, 21, 45, 23179 }, // U+04E2
    { 15, 17, 253, 0, 17, 32, 23224 }, // U+04E3
    { 17, 22, 299, 1, 22, 47, 23256 }, // U+04E4
    { 15, 19, 253, 0, 19, 36, 23303 }, // U+04E5
    { 16, 23, 265, 0, 22, 46, 23339 }, // U+04E6
    { 13, 20, 214, 0, 19, 33, 23385 }, // U+04E7
    { 16, 19, 265, 0, 18, 38, 23418 }, // U+04E8
    { 13, 15, 214, 0, 14, 25, 23456 }, // U+04E9
    { 16, 23, 265, 0, 22, 46, 23481 }, // U+04EA
    { 13, 20, 214, 0, 19, 33, 23527 }, // U+04EB
    { 15, 23, 238, 0, 22, 44, 23560 }, // U+04EC
    { 11, 20, 192, 1, 19, 28, 23604 }, // U+04ED
    { 16, 22, 232, -1, 21, 44, 23632 }, // U+04EE
    { 14, 23, 213, 0, 17, 41, 23676 }, // U+04EF
    { 16, 23, 232, -1, 22, 46, 23717 }, // U+04F0
    { 14, 25, 213, 0, 19, 44, 23763 }, // U+04F1
    { 16, 24, 232, -1, 23, 48, 23807 }, // U+04F2
    { 14, 27, 213, 0, 21, 48, 23855 }, // U+04F3
    { 16, 22, 262, 0, 22, 44, 23903 }, // U+04F4
    { 14, 19, 233, 0, 19, 34, 23947 }, // U+04F5
    { 13, 23, 227, 1, 18, 38, 23981 }, // U+04F6
    { 12, 18, 189, 0, 13, 27, 24019 }, // U+04F7
    { 22, 23, 375, 1, 22, 64, 24046 }, // U+04F8
    { 19, 20, 315, 0, 19, 48, 24110 }, // U+04F9
    { 14, 23, 219, 0, 18, 41, 24158 }, // U+04FA
    { 12, 19, 191, 0, 13, 29, 24199 }, // U+04FB
    { 16, 23, 257, 0, 18, 46, 24228 }, // U+04FC
    { 14, 19, 217, 0, 13, 34, 24274 }, // U+04FD
    { 17, 18, 263, 0, 18, 39, 24308 }, // U+04FE
    { 14, 13, 218, 0, 13, 23, 24347 }, // U+04FF
    { 18, 23, 259, -1, 18, 52, 24370 }, // U+1EA0
    { 12, 18, 197, 0, 13, 27, 24422 }, // U+1EA1
    { 18, 24, 259, -1, 24, 54, 24449 }, // U+1EA2
    { 12, 22, 197, 0, 21, 33, 24503 }, // U+1EA3
    { 18, 25, 259, -1, 25, 57, 24536 }, // U+1EA4
    { 14, 23, 197, 0, 22, 41, 24593 }, // U+1EA5
    { 18, 25, 259, -1, 25, 57, 24634 }, // U+1EA6
    { 12, 23, 197, 0, 22, 35, 24691 }, // U+1EA7
    { 18, 27, 259, -1, 27, 61, 24726 }, // U+1EA8
    { 13, 24, 197, 0, 23, 39, 24787 }, // U+1EA9
    { 18, 26, 259, -1, 26, 59, 24826 }, // U+1EAA
    { 12, 24, 197, 0, 23, 36, 24885 }, // U+1EAB
    { 18, 28, 259, -1, 23, 63, 24921 }, // U+1EAC
    { 12, 25, 197, 0, 20, 38, 24984 }, // U+1EAD
    { 18, 27, 259, -1, 27, 61, 25022 }, // U+1EAE
    { 12, 28, 197, 0, 27, 42, 25083 }, // U+1EAF
    { 18, 27, 259, -1, 27, 61, 25125 }, // U+1EB0
    { 12, 28, 197, 0, 27, 42, 25186 }, // U+1EB1
    { 18, 28, 259, -1, 28, 63, 25228 }, // U+1EB2
    { 12, 27, 197, 0, 26, 41, 25291 }, // U+1EB3
    { 18, 26, 259, -1, 26, 59, 25332 }, // U+1EB4
    { 12, 25, 197, 0, 24, 38, 25391 }, // U+1EB5
    { 18, 28, 259, -1, 23, 63, 25429 }, // U+1EB6
    { 12, 24, 197, 0, 19, 36, 25492 }, // U+1EB7
    { 15, 23, 233, 0, 18, 44, 25528 }, // U+1EB8
    { 12, 19, 191, 0, 14, 29, 25572 }, // U+1EB9
    { 15, 24, 233, 0, 24, 45, 25601 }, // U+1EBA
    { 12, 22, 191, 0, 21, 33, 25646 }, // U+1EBB
    { 15, 22, 233, 0, 22, 42, 25679 }, // U+1EBC
    { 12, 19, 191, 0, 18, 29, 25721 }, // U+1EBD
    { 15, 25, 233, 0, 25, 47, 25750 }, // U+1EBE
    { 14, 23, 191, 0, 22, 41, 25797 }, // U+1EBF
    { 15, 25, 233, 0, 25, 47, 25838 }, // U+1EC0
    { 13, 23, 191, 0, 22, 38, 25885 }, // U+1EC1
    { 15, 27, 233, 0, 27, 51, 25923 }, // U+1EC2
    { 13, 24, 191, 0, 23, 39, 25974 }, // U+1EC3
    { 15, 26, 233, 0, 26, 49, 26013 }, // U+1EC4
    { 12, 24, 191, 0, 23, 36, 26062 }, // U+1EC5
    { 15, 28, 233, 0, 23, 53, 26098 }, // U+1EC6
    { 12, 25, 191, 0, 20, 38, 26151 }, // U+1EC7
    { 8, 24, 137, 0, 24, 24, 26189 }, // U+1EC8
    { 7, 21, 119, 0, 21, 19, 26213 }, // U+1EC9
    { 8, 23, 137, 0, 18, 23, 26232 }, // U+1ECA
    { 7, 24, 119, 0, 19, 21, 26255 }, // U+1ECB
    { 16, 23, 265, 0, 18, 46, 26276 }, // U+1ECC
    { 13, 19, 214, 0, 14, 31, 26322 }, // U+1ECD
    { 16, 25, 265, 0, 24, 50, 26353 }, // U+1ECE
    { 13, 22, 214, 0, 21, 36, 26403 }, // U+1ECF
    { 16, 26, 265, 0, 25, 52, 26439 }, // U+1ED0
    { 14, 23, 214, 0, 22, 41, 26491 }, // U+1ED1
    { 16, 26, 265, 0, 25, 52, 26532 }, // U+1ED2
    { 13, 23, 214, 0, 22, 38, 26584 }, // U+1ED3
    { 16, 28, 265, 0, 27, 56, 26622 }, // U+1ED4
    { 13, 24, 214, 0, 23, 39, 26678 }, // U+1ED5
    { 16, 27, 265, 0, 26, 54, 26717 }, // U+1ED6
    { 13, 24, 214, 0, 23, 39, 26771 }, // U+1ED7
    { 16, 28, 265, 0, 23, 56, 26810 }, // U+1ED8
    { 13, 25, 214, 0, 20, 41, 26866 }, // U+1ED9
    { 17, 24, 265, 0, 23, 51, 26907 }, // U+1EDA
    { 14, 22, 214, 0, 21, 39, 26958 }, // U+1EDB
    { 17, 24, 265, 0, 23, 51, 26997 }, // U+1EDC
    { 14, 22, 214, 0, 21, 39, 27048 }, // U+1EDD
    { 17, 25, 265, 0, 24, 54, 27087 }, // U+1EDE
    { 14, 22, 214, 0, 21, 39, 27141 }, // U+1EDF
    { 17, 23, 265, 0, 22, 49, 27180 }, // U+1EE0
    { 14, 19, 214, 0, 18, 34, 27229 }, // U+1EE1
    { 17, 25, 265, 0, 20, 54, 27263 }, // U+1EE2
    { 14, 21, 214, 0, 16, 37, 27317 }, // U+1EE3
    { 17, 23, 271, 0, 18, 49, 27354 }, // U+1EE4
    { 14, 19, 231, 0, 14, 34, 27403 }, // U+1EE5
    { 17, 25, 271, 0, 24, 54, 27437 }, // U+1EE6
    { 14, 22, 231, 0, 21, 39, 27491 }, // U+1EE7
    { 19, 24, 271, 0, 23, 57, 27530 }, // U+1EE8
    { 16, 22, 231, 0, 21, 44, 27587 }, // U+1EE9
    { 19, 24, 271, 0, 23, 57, 27631 }, // U+1EEA
    { 16, 22, 231, 0, 21, 44, 27688 }, // U+1EEB
    { 19, 25, 271, 0, 24, 60, 27732 }, // U+1EEC
    { 16, 22, 231, 0, 21, 44, 27792 }, // U+1EED
    { 19, 23, 271, 0, 22, 55, 27836 }, // U+1EEE
    { 16, 19, 231, 0, 18, 38, 27891 }, // U+1EEF
    { 19, 25, 271, 0, 20, 60, 27929 }, // U+1EF0
    { 16, 21, 231, 0, 16, 42, 27989 }, // U+1EF1
    { 17, 23, 236, -1, 23, 49, 28031 }, // U+1EF2
    { 14, 27, 213, 0, 21, 48, 28080 }, // U+1EF3
    { 17, 23, 236, -1, 18, 49, 28128 }, // U+1EF4
    { 14, 19, 213, 0, 13, 34, 28177 }, // U+1EF5
    { 17, 25, 236, -1, 25, 54, 28211 }, // U+1EF6
    { 14, 27, 213, 0, 21, 48, 28265 }, // U+1EF7
    { 17, 22, 236, -1, 22, 47, 28313 }, // U+1EF8
    { 14, 24, 213, 0, 18, 42, 28360 }, // U+1EF9
    { 0, 0, 183, 0, 0, 0, 28402 }, // U+2000
    { 0, 0, 367, 0, 0, 0, 28402 }, // U+2001
    { 0, 0, 183, 0, 0, 0, 28402 }, // U+2002
    { 0, 0, 367, 0, 0, 0, 28402 }, // U+2003
    { 0, 0, 110, 0, 0, 0, 28402 }, // U+2004
    { 0, 0, 92, 0, 0, 0, 28402 }, // U+2005
    { 0, 0, 61, 0, 0, 0, 28402 }, // U+2006
    { 0, 0, 232, 0, 0, 0, 28402 }, // U+2007
    { 0, 0, 94, 0, 0, 0, 28402 }, // U+2008
    { 0, 0, 55, 0, 0, 0, 28402 }, // U+2009
    { 0, 0, 22, 0, 0, 0, 28402 }, // U+200A
    { 0, 0, 0, 0, 0, 0, 28402 }, // U+200B
    { 0, 0, 0, 0, 0, 0, 28402 }, // U+200C
    { 0, 0, 0, 0, 0, 0, 28402 }, // U+200D
    { 10, 3, 213, 2, 9, 4, 28402 }, // U+2010
    { 10, 3, 213, 2, 9, 4, 28406 }, // U+2011
    { 11, 3, 237, 2, 9, 5, 28410 }, // U+2012
    { 15, 3, 291, 2, 9, 6, 28415 }, // U+2013
    { 23, 3, 418, 2, 9, 9, 28421 }, // U+2014
    { 23, 3, 418, 2, 9, 9, 28430 }, // U+2015
    { 7, 23, 217, 3, 20, 21, 28439 }, // U+2016
    { 4, 8, 104, 1, 19, 4, 28460 }, // U+2018
    { 5, 8, 104, 1, 19, 5, 28464 }, // U+2019
    { 5, 8, 104, 1, 4, 5, 28469 }, // U+201A
    { 4, 8, 104, 1, 19, 4, 28474 }, // U+201B
    { 9, 8, 182, 1, 19, 9, 28478 }, // U+201C
    { 10, 8, 182, 1, 19, 10, 28487 }, // U+201D
    { 10, 8, 182, 1, 3, 10, 28497 }, // U+201E
    { 10, 18, 197, 1, 19, 23, 28507 }, // U+2020
    { 10, 19, 197, 1, 19, 24, 28530 }, // U+2021
    { 6, 5, 156, 2, 10, 4, 28554 }, // U+2022
    { 6, 6, 156, 2, 11, 5, 28558 }, // U+2023
    { 16, 4, 291, 1, 3, 8, 28563 }, // U+2026
    { 4, 4, 56, 0, 11, 2, 28571 }, // U+2027
    { 0, 0, 55, 0, 0, 0, 28573 }, // U+202F
    { 32, 18, 542, 1, 18, 72, 28573 }, // U+2030
    { 4, 8, 128, 2, 19, 4, 28645 }, // U+2032
    { 8, 8, 193, 2, 19, 8, 28649 }, // U+2033
    { 12, 8, 255, 2, 19, 12, 28657 }, // U+2034
    { 7, 12, 148, 1, 13, 11, 28669 }, // U+2039
    { 7, 12, 148, 1, 13, 11, 28680 }, // U+203A
    { 11, 22, 213, 1, 21, 31, 28691 }, // U+203C
    { 19, 19, 345, 1, 19, 46, 28722 }, // U+2042
    { 12, 21, 74, -4, 19, 32, 28768 }, // U+2044
    { 11, 13, 200, 0, 14, 18, 28800 }, // U+204A
    { 13, 21, 234, 1, 19, 35, 28818 }, // U+2052
    { 10, 12, 166, 0, 21, 15, 28853 }, // U+2070
    { 6, 15, 98, 0, 20, 12, 28868 }, // U+2071
    { 10, 12, 151, 0, 22, 15, 28880 }, // U+2074
    { 9, 13, 142, 0, 22, 15, 28895 }, // U+2075
    { 10, 13, 153, 0, 22, 17, 28910 }, // U+2076
    { 9, 11, 140, 0, 21, 13, 28927 }, // U+2077
    { 10, 13, 161, 0, 22, 17, 28940 }, // U+2078
    { 9, 13, 153, 0, 22, 15, 28957 }, // U+2079
    { 12, 10, 184, 0, 15, 15, 28972 }, // U+207F
    { 10, 12, 166, 0, 8, 15, 28987 }, // U+2080
    { 8, 12, 117, 0, 9, 12, 29002 }, // U+2081
    { 10, 12, 154, 0, 9, 15, 29014 }, // U+2082
    { 9, 13, 142, 0, 9, 15, 29029 }, // U+2083
    { 10, 12, 151, 0, 9, 15, 29044 }, // U+2084
    { 9, 13, 142, 0, 9, 15, 29059 }, // U+2085
    { 10, 13, 153, 0, 9, 17, 29074 }, // U+2086
    { 9, 11, 140, 0, 8, 13, 29091 }, // U+2087
    { 10, 13, 161, 0, 9, 17, 29104 }, // U+2088
    { 9, 13, 153, 0, 9, 15, 29121 }, // U+2089
    { 14, 25, 276, 2, 21, 44, 29136 }, // U+20A1
    { 14, 19, 284, 2, 18, 34, 29180 }, // U+20A2
    { 15, 18, 239, 0, 18, 34, 29214 }, // U+20A3
    { 15, 19, 272, 1, 18, 36, 29248 }, // U+20A4
    { 23, 21, 364, 0, 17, 61, 29284 }, // U+20A5
    { 20, 18, 340, 1, 18, 45, 29345 }, // U+20A6
    { 16, 18, 275, 1, 18, 36, 29390 }, // U+20A7
    { 27, 19, 436, 0, 18, 65, 29426 }, // U+20A8
    { 25, 19, 397, 0, 18, 60, 29491 }, // U+20A9
    { 17, 18, 341, 2, 18, 39, 29551 }, // U+20AA
    { 13, 19, 242, 1, 19, 31, 29590 }, // U+20AB
    { 16, 19, 263, 0, 18, 38, 29621 }, // U+20AC
    { 16, 18, 267, 1, 18, 36, 29659 }, // U+20AD
    { 16, 18, 277, 1, 18, 36, 29695 }, // U+20AE
    { 17, 18, 275, 1, 18, 39, 29731 }, // U+20B1
    { 17, 23, 270, 0, 20, 49, 29770 }, // U+20B2
    { 13, 19, 264, 2, 18, 31, 29819 }, // U+20B4
    { 13, 25, 270, 2, 21, 41, 29850 }, // U+20B5
    { 16, 18, 288, 1, 18, 36, 29891 }, // U+20B8
    { 14, 18, 249, 1, 18, 32, 29927 }, // U+20B9
    { 15, 18, 249, 0, 18, 34, 29959 }, // U+20BA
    { 17, 20, 281, 0, 20, 43, 29993 }, // U+20BC
    { 15, 18, 255, 1, 18, 34, 30036 }, // U+20BD
    { 15, 19, 302, 2, 19, 36, 30070 }, // U+20BE
    { 15, 23, 249, 0, 20, 44, 30106 }, // U+20BF
    { 16, 15, 255, 0, 16, 30, 30150 }, // U+2190
    { 14, 16, 235, 0, 17, 28, 30180 }, // U+2191
    { 16, 15, 255, 0, 16, 30, 30208 }, // U+2192
    { 14, 15, 235, 0, 16, 27, 30238 }, // U+2193
    { 26, 15, 413, 0, 16, 49, 30265 }, // U+2194
    { 14, 22, 235, 0, 20, 39, 30314 }, // U+2195
    { 12, 12, 222, 1, 15, 18, 30353 }, // U+2196
    { 12, 12, 222, 1, 15, 18, 30371 }, // U+2197
    { 12, 12, 222, 1, 15, 18, 30389 }, // U+2198
    { 12, 12, 222, 1, 15, 18, 30407 }, // U+2199
    { 13, 20, 217, 0, 19, 33, 30425 }, // U+2202
    { 14, 16, 270, 1, 14, 28, 30458 }, // U+2205
    { 15, 18, 312, 2, 18, 34, 30486 }, // U+2206
    { 17, 20, 265, 0, 18, 43, 30520 }, // U+220F
    { 14, 21, 285, 2, 18, 37, 30563 }, // U+2211
    { 11, 3, 245, 2, 9, 5, 30600 }, // U+2212
    { 10, 23, 158, 0, 18, 29, 30605 }, // U+2215
    { 4, 4, 130, 2, 10, 2, 30634 }, // U+2219
    { 17, 25, 264, 1, 21, 54, 30636 }, // U+221A
    { 20, 11, 321, 0, 13, 28, 30690 }, // U+221E
    { 10, 25, 194, 1, 19, 32, 30718 }, // U+222B
    { 4, 14, 94, 1, 13, 7, 30750 }, // U+2236
    { 10, 10, 224, 2, 13, 13, 30757 }, // U+2248
    { 11, 14, 245, 2, 14, 20, 30770 }, // U+2260
    { 12, 15, 245, 1, 15, 23, 30790 }, // U+2264
    { 12, 15, 245, 2, 15, 23, 30813 }, // U+2265
    { 12, 14, 245, 1, 14, 21, 30836 }, // U+2266
    { 12, 14, 245, 2, 14, 21, 30857 }, // U+2267
    { 16, 21, 264, 0, 20, 42, 30878 }, // U+FB01
    { 17, 21, 264, 0, 20, 45, 30920 }, // U+FB02
};

static const EpdUnicodeInterval merri11_regularIntervals[] = {
    { 0x20, 0x7E, 0x0 },
    { 0xA0, 0xAC, 0x5F },
    { 0xAE, 0x148, 0x6C },
    { 0x14A, 0x17F, 0x107 },
    { 0x1A0, 0x1A1, 0x13D },
    { 0x1AF, 0x1B0, 0x13F },
    { 0x1C4, 0x1F5, 0x141 },
    { 0x1F8, 0x21F, 0x173 },
    { 0x300, 0x304, 0x19B },
    { 0x306, 0x30D, 0x1A0 },
    { 0x30F, 0x313, 0x1A8 },
    { 0x315, 0x315, 0x1AD },
    { 0x31B, 0x31B, 0x1AE },
    { 0x320, 0x320, 0x1AF },
    { 0x323, 0x329, 0x1B0 },
    { 0x32D, 0x332, 0x1B7 },
    { 0x334, 0x338, 0x1BD },
    { 0x358, 0x358, 0x1C2 },
    { 0x35C, 0x35D, 0x1C3 },
    { 0x35F, 0x35F, 0x1C5 },
    { 0x361, 0x362, 0x1C6 },
    { 0x400, 0x467, 0x1C8 },
    { 0x46A, 0x46B, 0x230 },
    { 0x46E, 0x46F, 0x232 },
    { 0x472, 0x479, 0x234 },
    { 0x480, 0x482, 0x23C },
    { 0x488, 0x4FF, 0x23F },
    { 0x1EA0, 0x1EF9, 0x2B7 },
    { 0x2000, 0x200D, 0x311 },
    { 0x2010, 0x2016, 0x31F },
    { 0x2018, 0x201E, 0x326 },
    { 0x2020, 0x2023, 0x32D },
    { 0x2026, 0x2027, 0x331 },
    { 0x202F, 0x2030, 0x333 },
    { 0x2032, 0x2034, 0x335 },
    { 0x2039, 0x203A, 0x338 },
    { 0x203C, 0x203C, 0x33A },
    { 0x2042, 0x2042, 0x33B },
    { 0x2044, 0x2044, 0x33C },
    { 0x204A, 0x204A, 0x33D },
    { 0x2052, 0x2052, 0x33E },
    { 0x2070, 0x2071, 0x33F },
    { 0x2074, 0x2079, 0x341 },
    { 0x207F, 0x2089, 0x347 },
    { 0x20A1, 0x20AE, 0x352 },
    { 0x20B1, 0x20B2, 0x360 },
    { 0x20B4, 0x20B5, 0x362 },
    { 0x20B8, 0x20BA, 0x364 },
    { 0x20BC, 0x20BF, 0x367 },
    { 0x2190, 0x2199, 0x36B },
    { 0x2202, 0x2202, 0x375 },
    { 0x2205, 0x2206, 0x376 },
    { 0x220F, 0x220F, 0x378 },
    { 0x2211, 0x2212, 0x379 },
    { 0x2215, 0x2215, 0x37B },
    { 0x2219, 0x221A, 0x37C },
    { 0x221E, 0x221E, 0x37E },
    { 0x222B, 0x222B, 0x37F },
    { 0x2236, 0x2236, 0x380 },
    { 0x2248, 0x2248, 0x381 },
    { 0x2260, 0x2260, 0x382 },
    { 0x2264, 0x2267, 0x383 },
    { 0xFB01, 0xFB02, 0x387 },
};

static const uint16_t merri11_regularKernLeftCodepoints[] = {
    0x0021, 0x0022, 0x0023, 0x0024, 0x0025, 0x0026, 0x0027, 0x0028, 0x0029, 0x002A, 0x002B, 0x002C,
    0x002D, 0x002E, 0x002F, 0x0030, 0x0031, 0x0032, 0x0033, 0x0034, 0x0035, 0x0036, 0x0037, 0x0038,
    0x0039, 0x003A, 0x003B, 0x003C, 0x003D, 0x003E, 0x003F, 0x0040, 0x0041, 0x0042, 0x0043, 0x0044,
    0x0045, 0x0046, 0x0047, 0x0048, 0x0049, 0x004A, 0x004B, 0x004C, 0x004D, 0x004E, 0x004F, 0x0050,
    0x0051, 0x0052, 0x0053, 0x0054, 0x0055, 0x0056, 0x0057, 0x0058, 0x0059, 0x005A, 0x005B, 0x005C,
    0x005E, 0x005F, 0x0061, 0x0062, 0x0063, 0x0064, 0x0065, 0x0066, 0x0067, 0x0068, 0x0069, 0x006A,
    0x006B, 0x006C, 0x006D, 0x006E, 0x006F, 0x0070, 0x0071, 0x0072, 0x0073, 0x0074, 0x0075, 0x0076,
    0x0077, 0x0078, 0x0079, 0x007A, 0x007B, 0x007D, 0x007E, 0x00A1, 0x00A2, 0x00A3, 0x00A5, 0x00A7,
    0x00A9, 0x00AA, 0x00AB, 0x00AC, 0x00AE, 0x00B0, 0x00B1, 0x00B2, 0x00B3, 0x00B5, 0x00B9, 0x00BA,
    0x00BB, 0x00BF, 0x00C0, 0x00C1, 0x00C2, 0x00C3, 0x00C4, 0x00C5, 0x00C6, 0x00C7, 0x00C8, 0x00C9,
    0x00CA, 0x00CB, 0x00CC, 0x00CD, 0x00CE, 0x00CF, 0x00D0, 0x00D1, 0x00D2, 0x00D3, 0x00D4, 0x00D5,
    0x00D6, 0x00D7, 0x00D8, 0x00D9, 0x00DA, 0x00DB, 0x00DC, 0x00DD, 0x00DE, 0x00DF, 0x00E0, 0x00E1,
    0x00E2, 0x00E3, 0x00E4, 0x00E5, 0x00E6, 0x00E7, 0x00E8, 0x00E9, 0x00EA, 0x00EB, 0x00EC, 0x00ED,
    0x00EE, 0x00EF, 0x00F0, 0x00F1, 0x00F2, 0x00F3, 0x00F4, 0x00F5, 0x00F6, 0x00F7, 0x00F8, 0x00F9,
    0x00FA, 0x00FB, 0x00FC, 0x00FD, 0x00FE, 0x00FF, 0x2010, 0x2011, 0x2013, 0x2014, 0x2018, 0x2019,
    0x201A, 0x201C, 0x201D, 0x201E, 0x2020, 0x2021, 0x2026, 0x2030, 0x2032, 0x2033, 0x2039, 0x203A,
    0x203C, 0x20A1, 0x20A4, 0x20A6, 0x20A9, 0x20AA, 0x20AB, 0x20AC, 0x20AD, 0x20AE, 0x20B1, 0x20B2,
    0x20B4, 0x20B5, 0x20B8, 0x20B9, 0x20BA, 0x20BC, 0x20BD, 0x20BE, 0xFB01, 0xFB02,
};

static const uint8_t merri11_regularKernLeftClassIds[] = {
      1,   2,   3,   4,   5,   6,   7,   8,   9,  10,  11,  12,  13,  14,  15,  16,
     17,  18,  19,  20,  21,  22,  23,  24,  25,  26,  27,  28,  29,  30,  31,  32,
     33,  34,  35,  36,  37,  38,  39,  40,  41,  42,  43,  44,  45,  46,  47,  48,
     49,  50,  51,  52,  53,  54,  55,  56,  57,  58,  59,  60,  61,  62,  63,  64,
     65,  66,  67,  68,  69,  70,  71,  72,  73,  74,  75,  76,  77,  78,  79,  80,
     81,  82,  83,  84,  85,  86,  87,  88,  89,  90,  91,  92,  93,  94,  95,  96,
     97,  98,  99, 100, 101, 102, 103, 104, 105, 106, 107, 108, 109, 110, 111, 112,
    113, 114, 115, 116, 117, 118, 119, 120, 121, 122, 123, 124, 125, 126, 127, 128,
    129, 130, 131, 132, 133, 134, 135, 136, 137, 138, 139, 140, 141, 142, 143, 144,
    145, 146, 147, 148, 149, 150, 151, 152, 153, 154, 155, 156, 157, 158, 159, 160,
    161, 162, 163, 164, 165, 166, 167, 168, 169, 170, 171, 172, 173, 174,  13,  13,
    175, 176, 177, 178, 179, 180, 181, 182, 183, 184, 185, 186, 187, 188, 189, 190,
    191, 192, 193, 194, 195, 196, 197, 198, 199, 200, 201, 202, 203, 204, 205, 206,
    207, 208, 209, 210, 211,  74,
};

static const uint16_t merri11_regularKernRightCodepoints[] = {
    0x0021, 0x0022, 0x0023, 0x0024, 0x0025, 0x0026, 0x0027, 0x0028, 0x0029, 0x002A, 0x002B, 0x002C,
    0x002D, 0x002E, 0x002F, 0x0030, 0x0031, 0x0032, 0x0033, 0x0034, 0x0035, 0x0036, 0x0037, 0x0038,
    0x0039, 0x003A, 0x003B, 0x003C, 0x003D, 0x003E, 0x003F, 0x0040, 0x0041, 0x0042, 0x0043, 0x0044,
    0x0045, 0x0046, 0x0047, 0x0048, 0x0049, 0x004A, 0x004B, 0x004C, 0x004D, 0x004E, 0x004F, 0x0050,
    0x0051, 0x0052, 0x0053, 0x0054, 0x0055, 0x0056, 0x0057, 0x0058, 0x0059, 0x005A, 0x005C, 0x005D,
    0x005E, 0x005F, 0x0061, 0x0062, 0x0063, 0x0064, 0x0065, 0x0066, 0x0067, 0x0068, 0x0069, 0x006A,
    0x006B, 0x006C, 0x006D, 0x006E, 0x006F, 0x0070, 0x0071, 0x0072, 0x0073, 0x0074, 0x0075, 0x0076,
    0x0077, 0x0078, 0x0079, 0x007A, 0x007B, 0x007D, 0x007E, 0x00A1, 0x00A2, 0x00A3, 0x00A5, 0x00A7,
    0x00A9, 0x00AA, 0x00AB, 0x00AC, 0x00AE, 0x00B0, 0x00B1, 0x00B2, 0x00B3, 0x00B5, 0x00B9, 0x00BA,
    0x00BB, 0x00BF, 0x00C0, 0x00C1, 0x00C2, 0x00C3, 0x00C4, 0x00C5, 0x00C6, 0x00C7, 0x00C8, 0x00C9,
    0x00CA, 0x00CB, 0x00CC, 0x00CD, 0x00CE, 0x00CF, 0x00D0, 0x00D1, 0x00D2, 0x00D3, 0x00D4, 0x00D5,
    0x00D6, 0x00D7, 0x00D8, 0x00D9, 0x00DA, 0x00DB, 0x00DC, 0x00DD, 0x00DE, 0x00DF, 0x00E0, 0x00E1,
    0x00E2, 0x00E3, 0x00E4, 0x00E5, 0x00E6, 0x00E7, 0x00E8, 0x00E9, 0x00EA, 0x00EB, 0x00EC, 0x00ED,
    0x00EE, 0x00EF, 0x00F0, 0x00F1, 0x00F2, 0x00F3, 0x00F4, 0x00F5, 0x00F6, 0x00F7, 0x00F8, 0x00F9,
    0x00FA, 0x00FB, 0x00FC, 0x00FD, 0x00FE, 0x00FF, 0x2010, 0x2011, 0x2013, 0x2014, 0x2018, 0x2019,
    0x201A, 0x201C, 0x201D, 0x201E, 0x2020, 0x2021, 0x2026, 0x2027, 0x2030, 0x2032, 0x2033, 0x2039,
    0x203A, 0x203C, 0x2044, 0x20A1, 0x20A4, 0x20A6, 0x20A9, 0x20AA, 0x20AB, 0x20AC, 0x20AD, 0x20AE,
    0x20B1, 0x20B2, 0x20B4, 0x20B5, 0x20B8, 0x20B9, 0x20BA, 0x20BC, 0x20BD, 0x20BE, 0xFB01, 0xFB02,
};

static const uint8_t merri11_regularKernRightClassIds[] = {
      1,   2,   3,   4,   5,   6,   7,   8,   9,  10,  11,  12,  13,  14,  15,  16,
     17,  18,  19,  20,  21,  22,  23,  24,  25,  26,  27,  28,  29,  30,  31,  32,
     33,  34,  35,  36,  37,  38,  39,  40,  41,  42,  43,  44,  45,  46,  47,  48,
     49,  50,  51,  52,  53,  54,  55,  56,  57,  58,  59,  60,  61,  62,  63,  64,
     65,  66,  67,  68,  69,  70,  71,  72,  73,  74,  75,  76,  77,  78,  79,  80,
     81,  82,  83,  84,  85,  86,  87,  88,  89,  90,  91,  92,  93,  94,  95,  96,
     97,  98,  99, 100, 101, 102, 103, 104, 105, 106, 107, 108, 109, 110, 111, 112,
    113, 114, 115, 116, 117, 118, 119, 120, 121, 122, 123, 124, 125, 126, 127, 128,
    129, 130, 131, 132, 133, 134, 135, 136, 137, 138, 139, 140, 141, 142, 143, 144,
    145, 146, 147, 148, 149, 150, 151, 152, 153, 154, 155, 156, 157, 158, 159, 160,
    161, 162, 163, 164, 165, 166, 167, 168, 169, 170, 171, 172, 173, 174,  13,  13,
    175, 176, 177, 178, 179, 180, 181, 182, 183, 184, 185, 186, 187, 188, 189, 190,
    191, 192, 193, 194, 195, 196, 197, 198, 199, 200, 201, 202, 203, 204, 205, 206,
    207, 208, 209, 210, 211, 212,  68,  68,
};

static const uint16_t merri11_regularKernRowOffsets[] = {
        0,    85,   261,   355,   393,   420,   498,   677,   883,  1029,  1110,  1241,  1272,  1436,  1522,  1701,
     1814,  1945,  2072,  2201,  2329,  2459,  2586,  2713,  2832,  2938,  3008,  3037,  3106,  3206,  3276,  3355,
     3428,  3577,  3725,  3882,  4036,  4165,  4329,  4470,  4607,  4745,  4905,  5060,  5214,  5354,  5506,  5661,
     5820,  5962,  6118,  6283,  6414,  6554,  6717,  6879,  7033,  7197,  7321,  7489,  7563,  7642,  7726,  7878,
     8017,  8136,  8265,  8395,  8530,  8663,  8782,  8927,  9067,  9199,  9332,  9459,  9596,  9732,  9869,  9982,
    10133, 10266, 10422, 10572, 10704, 10837, 10961, 11099, 11219, 11308, 11374, 11465, 11525, 11552, 11580, 11605,
    11615, 11645, 11657, 11811, 11874, 11893, 11974, 12024, 12073, 12122, 12166, 12206, 12218, 12357, 12432, 12523,
    12622, 12697, 12771, 12862, 12939, 13002, 13121, 13195, 13280, 13352, 13422, 13491, 13579, 13663, 13726, 13795,
    13876, 13966, 14078, 14169, 14244, 14351, 14416, 14498, 14577, 14669, 14746, 14847, 14936, 15006, 15066, 15155,
    15250, 15327, 15391, 15486, 15549, 15606, 15670, 15744, 15834, 15897, 15973, 16044, 16126, 16202, 16262, 16325,
    16384, 16457, 16542, 16612, 16664, 16759, 16786, 16844, 16925, 17018, 17096, 17201, 17277, 17326, 17366, 17503,
    17595, 17757, 17895, 18013, 18180, 18297, 18424, 18449, 18477, 18582, 18599, 18619, 18631, 18797, 18938, 18942,
    18966, 18995, 19018, 19041, 19064, 19087, 19119, 19141, 19165, 19184, 19205, 19228, 19251, 19274, 19297, 19319,
    19341, 19363, 19388, 19533,
};

static const uint8_t merri11_regularKernSparseCols[] = {
      0,   1,   6,   8,   9,  12,  13,  15,  16,  17,  18,  19,  20,  21,  22,  23,
     24,  25,  30,  32,  33,  34,  35,  36,  37,  38,  39,  40,  41,  42,  43,  44,
     45,  46,  47,  48,  49,  50,  51,  52,  53,  54,  55,  56,  57,  59,  62,  63,
     64,  65,  66,  67,  68,  69,  70,  71,  72,  73,  74,  75,  76,  77,  78,  79,
     80,  81,  82,  83,  84,  85,  86,  87,  89,  98, 103, 104, 106, 108, 175, 176,
    177, 179, 180, 189, 190,   0,   1,   2,   3,   4,   5,   6,   7,   8,   9,  10,
     11,  12,  13,  14,  15,  16,  17,  18,  19,  20,  21,  23,  24,  25,  26,  27,
     28,  29,  30,  31,  32,  33,  34,  35,  36,  37,  38,  39,  40,  41,  42,  43,
     44,  45,  46,  47,  48,  49,  50,  52,  53,  54,  55,  56,  57,  58,  59,  60,
     61,  62,  63,  64,  65,  66,  67,  68,  69,  70,  71,  72,  73,  74,  75,  76,
     77,  78,  79,  80,  81,  82,  83,  84,  85,  86,  87,  88,  89,  90,  91,  92,
     93,  95,  98, 101, 102, 106, 108, 109, 110, 111, 112, 113, 114, 115, 116, 117,
    118, 119, 120, 121, 122, 123, 124, 126, 127, 128, 129, 130, 131, 132, 133, 134,
    135, 136, 137, 138, 139, 140, 141, 142, 143, 144, 145, 146, 147, 148, 149, 150,
    151, 152, 153, 154, 155, 156, 157, 158, 159, 160, 161, 162, 163, 164, 166, 167,
    168, 169, 170, 171, 172, 174, 175, 176, 177, 179, 180, 182, 183, 184, 189, 190,
    194, 196, 199, 202, 207,   0,   1,   6,   7,   8,   9,  11,  13,  14,  15,  16,
     17,  18,  19,  20,  21,  22,  23,  24,  25,  26,  30,  32,  33,  34,  35,  36,
     37,  38,  39,  40,  41,  42,  43,  44,  45,  46,  47,  48,  49,  50,  51,  52,
     53,  54,  55,  56,  57,  59,  62,  63,  64,  65,  66,  67,  68,  69,  70,  71,
     72,  73,  74,  75,  76,  77,  78,  79,  80,  81,  82,  83,  84,  85,  86,  87,
     98, 108, 114, 115, 117, 118, 119, 132, 136, 138, 146, 149, 150, 176, 177, 179,
    180, 189, 190,   0,   1,   6,   7,   8,   9,  10,  11,  12,  13,  14,  15,  16,
     17,  18,  19,  20,  21,  22,  23,  24,  25,  26,  28,  30,  59,  61,  98, 103,
    104, 106, 108, 176, 177, 179, 180, 189, 190,   0,   1,   6,   8,   9,  11,  12,
     13,  14,  25,  26,  30,  59,  98, 103, 104, 106, 108, 174, 175, 176, 177, 179,
    180, 182, 189, 190,   1,   6,   8,  12,  15,  16,  17,  18,  19,  20,  21,  22,
     23,  32,  33,  34,  35,  36,  37,  38,  39,  40,  41,  42,  43,  44,  45,  46,
     47,  48,  49,  50,  51,  52,  53,  54,  55,  56,  57,  59,  62,  63,  64,  65,
     66,  67,  68,  69,  70,  71,  72,  73,  74,  75,  76,  77,  78,  79,  81,  82,
     83,  84,  85,  86,  87,  98, 108, 111, 117, 121, 129, 153, 176, 177, 179, 180,
    189, 190,   0,   1,   2,   3,   4,   5,   6,   7,   8,   9,  10,  11,  12,  13,
     14,  15,  16,  17,  18,  19,  20,  21,  23,  24,  25,  26,  27,  28,  29,  30,
     31,  32,  33,  34,  35,  36,  37,  38,  39,  40,  41,  42,  43,  44,  45,  46,
     47,  48,  49,  50,  52,  53,  54,  55,  56,  57,  58,  59,  60,  61,  62,  63,
     64,  65,  66,  67,  68,  69,  70,  71,  72,  73,  74,  75,  76,  77,  78,  79,
     80,  81,  82,  83,  84,  85,  86,  87,  88,  89,  90,  91,  92,  93,  95,  98,
    100, 101, 102, 106, 108, 109, 110, 111, 112, 113, 114, 115, 116, 117, 118, 119,
    120, 121, 122, 123, 124, 126, 127, 128, 129, 130, 131, 132, 133, 134, 135, 136,
    137, 138, 139, 140, 141, 142, 143, 144, 145, 146, 147, 148, 149, 150, 151, 152,
    153, 154, 155, 156, 157, 158, 159, 160, 161, 162, 163, 164, 166, 167, 168, 169,
    170, 171, 172, 173, 174, 175, 176, 177, 179, 180, 182, 183, 184, 189, 190, 194,
    196, 199, 202, 204, 207,   0,   1,   2,   3,   4,   5,   6,   7,   8,   9,  10,
     11,  12,  13,  14,  15,  16,  17,  18,  19,  20,  21,  22,  23,  24,  25,  26,
     27,  28,  29,  30,  31,  32,  33,  34,  35,  36,  37,  38,  39,  40,  41,  42,
     43,  44,  45,  46,  47,  48,  49,  50,  51,  52,  53,  54,  55,  56,  57,  58,
     59,  60,  61,  62,  63,  64,  65,  66,  67,  68,  69,  70,  71,  72,  73,  74,
     75,  76,  77,  78,  79,  80,  81,  82,  83,  84,  85,  86,  87,  88,  90,  91,
     92,  93,  94,  95,  96,  98,  99, 100, 101, 102, 103, 104, 105, 106, 108, 109,
    110, 111, 112, 113, 114, 115, 116, 117, 118, 119, 120, 121, 122, 123, 124, 125,
    126, 127, 128, 129, 130, 131, 132, 133, 134, 135, 136, 137, 138, 139, 140, 141,
    142, 143, 144, 145, 146, 147, 148, 149, 150, 151, 152, 153, 154, 155, 156, 157,
    158, 159, 160, 161, 162, 163, 164, 165, 166, 167, 168, 169, 170, 171, 172, 173,
    174, 175, 176, 177, 178, 179, 180, 181, 182, 183, 184, 186, 187, 188, 189, 190,
    193, 194, 195, 196, 197, 198, 199, 200, 201, 202, 203, 204, 205, 206, 207, 208,
    209, 210, 211,   0,   1,   6,   7,   8,   9,  10,  11,  12,  13,  14,  16,  17,
     18,  19,  20,  22,  23,  24,  25,  26,  27,  28,  29,  30,  32,  33,  34,  35,
     36,  37,  38,  39,  40,  41,  42,  43,  44,  45,  46,  47,  48,  49,  50,  51,
     52,  53,  54,  55,  56,  57,  59,  60,  62,  63,  64,  65,  66,  67,  68,  69,
     70,  71,  72,  73,  74,  75,  76,  77,  78,  79,  80,  81,  82,  83,  84,  85,
     86,  87,  88,  89, 103, 104, 106, 108, 110, 111, 112, 114, 115, 116, 117, 118,
    119, 120, 121, 122, 123, 124, 126, 127, 128, 129, 131, 132, 133, 134, 136, 137,
    138, 139, 141, 142, 143, 144, 146, 147, 148, 149, 150, 151, 152, 153, 154, 155,
    156, 158, 160, 161, 163, 164, 166, 168, 169, 170, 171, 174, 175, 176, 177, 179,
    180, 182, 189, 190, 191,   0,   1,   6,   7,   8,   9,  11,  12,  13,  14,  15,
     16,  17,  18,  19,  20,  21,  23,  24,  25,  26,  30,  32,  33,  35,  36,  37,
     39,  40,  41,  42,  43,  44,  45,  47,  49,  50,  51,  52,  53,  54,  55,  56,
     57,  59,  62,  63,  64,  65,  66,  67,  68,  69,  70,  71,  72,  73,  74,  75,
     76,  77,  78,  79,  80,  81,  82,  83,  84,  85,  87,  89,  98, 108, 174, 175,
    176, 177, 179, 180, 189, 190,   0,   1,   3,   6,   7,   8,   9,  10,  11,  12,
     13,  14,  15,  16,  17,  18,  19,  20,  21,  22,  23,  24,  25,  26,  28,  30,
     32,  33,  34,  35,  36,  37,  38,  39,  40,  41,  42,  43,  44,  45,  46,  47,
     48,  49,  50,  51,  52,  53,  54,  55,  56,  57,  59,  62,  63,  64,  65,  66,
     67,  68,  69,  70,  71,  72,  73,  74,  75,  76,  77,  78,  79,  80,  81,  82,
     83,  84,  85,  86,  87,  89,  92,  93,  94,  98, 100, 108, 110, 111, 114, 119,
    120, 123, 124, 127, 128, 129, 134, 135, 136, 137, 146, 151, 152, 156, 167, 169,
    176, 177, 179, 180, 189, 190, 193, 194, 195, 196, 197, 198, 199, 200, 201, 202,
    203, 204, 205, 206, 207, 208, 209, 210, 211,   1,   6,   8,   9,  12,  15,  16,
     17,  18,  19,  20,  21,  22,  23,  24,  59,  89,  98, 103, 104, 106, 108, 174,
    175, 176, 177, 179, 180, 182, 189, 190,   0,   1,   3,   6,   7,   8,   9,  10,
     11,  12,  13,  14,  15,  16,  17,  18,  19,  20,  21,  22,  23,  24,  25,  26,
     30,  32,  33,  34,  35,  36,  37,  38,  39,  40,  41,  42,  43,  44,  45,  46,
     47,  48,  49,  50,  51,  52,  53,  54,  55,  56,  57,  59,  62,  63,  64,  65,
     66,  67,  68,  69,  70,  71,  72,  73,  74,  75,  76,  77,  78,  79,  80,  81,
     82,  83,  84,  85,  86,  87,  88,  89,  91,  92,  93,  94,  98, 103, 104, 106,
    108, 109, 110, 111, 112, 113, 114, 115, 116, 117, 118, 119, 120, 121, 122, 123,
    124, 125, 126, 127, 128, 129, 130, 131, 132, 134, 135, 136, 137, 138, 139, 140,
    141, 142, 143, 144, 145, 146, 147, 148, 149, 150, 151, 152, 153, 154, 155, 156,
    157, 158, 159, 160, 161, 162, 163, 164, 166, 167, 168, 169, 170, 171, 172, 173,
    176, 177, 178, 179, 180, 181, 189, 190, 194, 199, 201, 207,   0,   1,   6,   7,
      8,   9,  12,  13,  14,  15,  16,  18,  19,  20,  21,  22,  24,  25,  30,  33,
     34,  35,  36,  37,  38,  39,  40,  41,  42,  43,  44,  45,  46,  47,  48,  49,
     50,  51,  52,  53,  54,  55,  56,  57,  59,  63,  64,  65,  66,  67,  68,  69,
     70,  71,  72,  73,  74,  75,  76,  77,  78,  79,  81,  82,  83,  84,  85,  86,
     87,  89,  97,  98, 103, 104, 106, 107, 108, 174, 175, 176, 177, 179, 180, 188,
    189, 190,   0,   1,   2,   3,   4,   6,   7,   8,   9,  10,  11,  12,  13,  14,
     15,  16,  17,  18,  19,  20,  21,  22,  23,  24,  25,  27,  28,  29,  30,  32,
     33,  34,  35,  36,  37,  38,  39,  40,  41,  42,  43,  44,  45,  46,  47,  48,
     49,  50,  51,  53,  54,  55,  56,  57,  58,  59,  60,  61,  62,  63,  64,  65,
     66,  67,  68,  69,  70,  71,  72,  73,  74,  75,  76,  77,  78,  79,  80,  81,
     82,  83,  84,  85,  86,  87,  89,  92,  93,  94,  95,  98, 105, 108, 110, 111,
    112, 113, 114, 115, 116, 117, 118, 119, 120, 121, 122, 123, 124, 125, 126, 127,
    128, 129, 130, 131, 132, 134, 139, 140, 141, 142, 143, 144, 145, 146, 147, 148,
    149, 150, 151, 152, 153, 154, 155, 156, 157, 158, 159, 160, 161, 162, 163, 164,
    166, 167, 168, 169, 170, 171, 172, 173, 174, 175, 176, 177, 178, 179, 180, 181,
    184, 189, 190, 193, 194, 195, 197, 198, 199, 200, 201, 202, 203, 204, 205, 206,
    207, 208, 209, 210, 211,   0,   2,   3,   4,   5,   8,   9,  10,  11,  12,  13,
     14,  15,  16,  17,  18,  19,  20,  22,  23,  24,  25,  26,  27,  28,  29,  30,
     31,  32,  33,  34,  35,  36,  37,  38,  39,  40,  41,  42,  43,  44,  45,  46,
     47,  48,  49,  50,  51,  52,  54,  55,  56,  57,  58,  59,  60,  61,  64,  65,
     66,  67,  69,  70,  71,  72,  73,  76,  77,  78,  79,  81,  82,  83,  84,  86,
     87,  88,  89,  90,  92,  97,  98, 100, 101, 102, 104, 105, 106, 108, 115, 118,
    120, 124, 127, 133, 136, 139, 150, 152, 165, 168, 171, 174, 175, 177, 180, 182,
    183, 184, 187, 188, 189, 191,   0,   1,   2,   3,   4,   5,   6,   7,   8,   9,
     10,  11,  12,  13,  14,  15,  16,  17,  18,  19,  20,  21,  22,  23,  24,  25,
     26,  27,  28,  29,  30,  31,  32,  33,  34,  35,  36,  37,  38,  39,  40,  41,
     42,  43,  44,  45,  46,  47,  48,  49,  50,  51,  52,  53,  54,  55,  56,  57,
     58,  59,  60,  61,  63,  64,  65,  66,  67,  68,  69,  70,  71,  72,  73,  74,
     75,  76,  77,  78,  79,  80,  81,  82,  83,  84,  85,  86,  87,  88,  89,  90,
     92,  97,  98, 100, 101, 102, 103, 104, 105, 106, 107, 108, 115, 118, 120, 124,
    127, 133, 136, 139, 150, 152, 159, 165, 168, 171, 174, 175, 176, 177, 179, 180,
    182, 183, 184, 186, 187, 188, 189, 191, 199,   0,   1,   2,   3,   4,   5,   6,
      7,   8,   9,  10,  11,  12,  13,  14,  15,  16,  17,  18,  19,  20,  21,  22,
     23,  24,  25,  26,  27,  28,  29,  30,  31,  32,  33,  34,  35,  36,  37,  38,
     39,  40,  41,  42,  43,  45,  46,  47,  48,  49,  50,  51,  52,  53,  54,  55,
     56,  57,  58,  59,  60,  61,  62,  63,  64,  65,  67,  68,  69,  70,  71,  72,
     73,  74,  75,  76,  77,  78,  79,  80,  81,  82,  83,  84,  85,  86,  88,  89,
     90,  92,  97,  98, 100, 101, 102, 103, 104, 105, 106, 107, 108, 115, 118, 120,
    124, 127, 133, 136, 139, 147, 159, 165, 168, 171, 174, 175, 176, 177, 179, 180,
    182, 183, 184, 186, 187, 188, 189, 199,   0,   1,   2,   3,   4,   5,   6,   7,
      8,   9,  10,  11,  12,  13,  14,  15,  16,  17,  18,  19,  20,  21,  22,  23,
     24,  25,  26,  27,  28,  29,  30,  31,  32,  33,  34,  35,  36,  37,  39,  40,
     41,  42,  43,  44,  45,  47,  49,  50,  51,  52,  53,  54,  55,  56,  57,  58,
     59,  60,  61,  62,  63,  64,  65,  66,  67,  68,  69,  70,  71,  72,  73,  74,
     75,  76,  77,  78,  79,  80,  81,  82,  83,  84,  85,  86,  87,  88,  89,  90,
     92,  97, 100, 101, 102, 103, 104, 105, 106, 107, 108, 115, 118, 120, 124, 127,
    133, 136, 139, 147, 150, 152, 159, 165, 168, 171, 174, 175, 176, 177, 179, 180,
    182, 183, 184, 186, 187, 188, 189, 190, 199,   0,   1,   2,   3,   4,   6,   7,
      8,   9,  10,  11,  12,  13,  14,  15,  16,  17,  18,  20,  21,  22,  23,  24,
     25,  26,  27,  28,  29,  30,  31,  32,  33,  34,  35,  36,  37,  39,  40,  41,
     42,  43,  44,  45,  47,  49,  50,  51,  52,  53,  54,  55,  56,  57,  58,  59,
     60,  61,  62,  63,  64,  65,  66,  67,  68,  69,  70,  71,  72,  73,  74,  75,
     76,  77,  78,  79,  80,  81,  82,  83,  84,  85,  86,  87,  88,  89,  90,  92,
     97,  98, 100, 101, 102, 103, 104, 105, 106, 107, 108, 115, 118, 120, 124, 127,
    133, 136, 139, 147, 150, 152, 156, 159, 165, 168, 171, 174, 175, 176, 177, 179,
    180, 182, 183, 184, 186, 187, 188, 189, 199,   0,   1,   2,   3,   4,   5,   6,
      7,   8,   9,  10,  11,  12,  13,  14,  15,  16,  17,  18,  19,  20,  21,  22,
     23,  24,  25,  26,  27,  28,  29,  30,  31,  32,  33,  34,  35,  36,  37,  38,
     39,  40,  41,  42,  43,  44,  45,  46,  47,  48,  49,  50,  51,  52,  55,  56,
     57,  58,  59,  60,  61,  62,  64,  65,  66,  67,  68,  69,  70,  71,  72,  73,
     74,  75,  76,  77,  78,  79,  80,  81,  82,  83,  84,  85,  86,  87,  88,  89,
     90,  92,  97, 100, 101, 102, 103, 104, 105, 106, 107, 108, 115, 118, 120, 124,
    127, 133, 136, 139, 147, 150, 152, 156, 159, 165, 168, 171, 174, 175, 176, 177,
    179, 180, 182, 183, 184, 186, 187, 188, 189, 190, 199,   0,   1,   2,   3,   4,
      5,   6,   8,   9,  10,  11,  12,  13,  14,  15,  16,  17,  18,  20,  21,  22,
     23,  24,  25,  26,  27,  28,  29,  30,  31,  32,  33,  34,  35,  36,  37,  38,
     39,  40,  41,  42,  43,  44,  45,  46,  47,  48,  49,  50,  51,  52,  53,  54,
     55,  56,  57,  58,  59,  60,  61,  62,  64,  65,  66,  67,  69,  70,  71,  72,
     73,  74,  75,  76,  77,  78,  79,  81,  82,  83,  84,  85,  86,  87,  88,  89,
     90,  97,  98, 100, 101, 102, 103, 104, 106, 107, 108, 115, 118, 120, 124, 127,
    133, 136, 139, 147, 150, 152, 156, 159, 165, 168, 171, 174, 175, 176, 177, 179,
    180, 182, 183, 184, 186, 187, 188, 189, 190, 199,   0,   1,   2,   3,   4,   5,
      6,   7,   8,  10,  11,  12,  13,  14,  15,  16,  17,  18,  19,  20,  21,  22,
     23,  24,  25,  26,  27,  28,  29,  30,  31,  32,  33,  34,  35,  36,  37,  38,
     39,  40,  41,  42,  43,  44,  45,  46,  47,  48,  49,  50,  51,  52,  53,  54,
     56,  57,  58,  59,  60,  61,  62,  64,  65,  66,  67,  68,  70,  71,  74,  75,
     76,  77,  78,  79,  80,  81,  82,  83,  84,  85,  86,  87,  88,  89,  90,  92,
     98, 100, 101, 102, 103, 104, 105, 106, 107, 108, 115, 118, 120, 124, 127, 133,
    136, 139, 147, 150, 152, 156, 159, 165, 168, 171, 174, 175, 176, 177, 179, 180,
    182, 183, 184, 186, 187, 188, 189, 190, 199,   0,   2,   3,   4,   5,   7,   8,
      9,  10,  11,  12,  13,  14,  15,  16,  17,  18,  19,  20,  21,  22,  23,  24,
     25,  26,  27,  28,  29,  30,  31,  33,  34,  35,  36,  37,  38,  39,  40,  41,
     42,  43,  45,  46,  47,  48,  49,  50,  52,  53,  55,  56,  57,  58,  59,  60,
     61,  62,  63,  64,  65,  66,  67,  68,  69,  70,  71,  72,  73,  74,  75,  76,
     77,  78,  79,  80,  83,  85,  86,  87,  88,  89,  90,  92,  97,  98, 100, 101,
    102, 103, 104, 106, 107, 108, 118, 120, 124, 127, 133, 136, 139, 147, 150, 152,
    156, 159, 165, 171, 174, 175, 177, 180, 182, 183, 184, 186, 187, 188, 189, 199,
      0,   2,   3,   4,   5,   8,  10,  11,  12,  13,  14,  16,  17,  18,  19,  20,
     21,  22,  23,  25,  26,  27,  28,  29,  30,  31,  32,  33,  34,  35,  36,  37,
     38,  39,  40,  41,  42,  43,  44,  45,  46,  47,  48,  49,  50,  51,  52,  55,
     56,  57,  58,  59,  60,  61,  62,  66,  68,  69,  70,  71,  72,  73,  77,  79,
     81,  83,  84,  86,  87,  88,  89,  90,  92,  97, 100, 101, 102, 104, 106, 107,
    115, 118, 120, 124, 127, 133, 136, 139, 147, 150, 152, 165, 171, 174, 175, 176,
    177, 179, 180, 182, 183, 184, 187, 188, 189, 199,   1,   6,   7,   8,   9,  15,
     16,  17,  18,  19,  20,  21,  22,  23,  24,  32,  33,  35,  36,  37,  39,  40,
     41,  42,  43,  44,  45,  47,  49,  50,  51,  52,  53,  54,  55,  56,  57,  59,
     63,  64,  65,  66,  68,  69,  70,  71,  72,  73,  74,  75,  76,  77,  78,  79,
     81,  82,  85,  88,  89,  98, 103, 104, 106, 174, 175, 176, 177, 179, 180, 189,
      1,   6,   8,   9,  12,  15,  16,  17,  18,  19,  20,  21,  22,  23,  24,  59,
     89,  98, 103, 104, 106, 174, 175, 176, 177, 179, 180, 182, 189,   1,   6,   7,
      8,  12,  15,  16,  17,  18,  19,  20,  21,  22,  23,  24,  27,  29,  32,  33,
     34,  35,  36,  37,  38,  39,  40,  41,  42,  43,  44,  45,  46,  47,  48,  49,
     50,  51,  52,  53,  54,  55,  56,  57,  62,  63,  64,  65,  66,  67,  68,  69,
     70,  71,  72,  73,  74,  75,  76,  77,  78,  79,  80,  81,  82,  83,  84,  85,
     86,  87,   1,   3,   6,   7,   8,  10,  11,  12,  13,  15,  16,  17,  18,  19,
     20,  21,  22,  23,  24,  28,  32,  33,  34,  35,  36,  37,  38,  39,  40,  41,
     42,  43,  44,  45,  46,  47,  48,  49,  50,  51,  52,  53,  54,  55,  56,  57,
     59,  62,  63,  64,  65,  66,  67,  68,  69,  70,  71,  72,  73,  74,  75,  76,
     77,  78,  79,  80,  81,  82,  83,  84,  85,  86,  87,  92,  93,  94, 102, 176,
    177, 179, 180, 193, 194, 195, 196, 197, 198, 199, 200, 201, 202, 203, 204, 205,
    206, 207, 208, 209, 210, 211,   1,   6,   7,   8,  12,  15,  16,  17,  18,  19,
     20,  21,  22,  23,  24,  27,  29,  32,  33,  34,  35,  36,  37,  38,  39,  40,
     41,  42,  43,  44,  45,  46,  47,  48,  49,  50,  51,  52,  53,  54,  55,  56,
     57,  59,  62,  63,  64,  65,  66,  67,  68,  69,  70,  71,  72,  73,  74,  75,
     76,  77,  78,  79,  80,  81,  82,  83,  84,  85,  86,  87,   0,   1,   6,   7,
      8,  11,  12,  13,  14,  25,  26,  30,  32,  33,  34,  35,  36,  37,  38,  39,
     40,  41,  42,  43,  44,  45,  46,  47,  48,  49,  50,  51,  52,  53,  54,  55,
     56,  57,  59,  62,  63,  64,  65,  66,  67,  68,  69,  70,  71,  72,  73,  74,
     75,  76,  77,  78,  79,  80,  81,  82,  83,  84,  85,  86,  87,  89,  91,  98,
    103, 104, 106, 108, 109, 174, 175, 176, 179, 189, 190,   1,   6,   8,   9,  12,
     16,  17,  18,  19,  20,  22,  23,  32,  33,  34,  35,  36,  37,  38,  39,  40,
     41,  42,  43,  44,  45,  46,  47,  48,  49,  50,  51,  52,  53,  54,  55,  56,
     57,  59,  61,  62,  63,  64,  65,  66,  67,  68,  69,  70,  71,  72,  73,  74,
     75,  76,  77,  78,  79,  80,  81,  82,  83,  84,  85,  86,  87,  98, 108, 176,
    177, 179, 180, 190,   0,   1,   2,   3,   5,   6,   7,   8,   9,  10,  11,  12,
     14,  15,  16,  17,  19,  20,  21,  22,  24,  27,  28,  29,  30,  31,  32,  34,
     37,  38,  39,  41,  44,  45,  46,  48,  50,  51,  52,  53,  54,  55,  56,  57,
     58,  59,  60,  61,  62,  63,  64,  65,  66,  68,  69,  70,  71,  72,  73,  75,
     76,  77,  78,  79,  80,  81,  82,  83,  84,  85,  86,  87,  89,  90,  97,  98,
     99, 100, 102, 103, 104, 106, 107, 108, 110, 111, 112, 113, 114, 115, 116, 117,
    126, 127, 128, 129, 130, 131, 132, 133, 134, 135, 136, 137, 138, 139, 140, 141,
    142, 143, 144, 146, 147, 149, 150, 151, 152, 153, 154, 155, 156, 157, 158, 159,
    160, 161, 162, 164, 165, 167, 168, 169, 170, 171, 172, 173, 174, 175, 176, 177,
    179, 180, 182, 183, 184, 185, 189, 190, 191,   0,   1,   2,   3,   5,   6,   8,
      9,  10,  11,  12,  13,  14,  15,  16,  17,  18,  19,  20,  21,  22,  23,  25,
     26,  27,  28,  29,  30,  31,  33,  34,  35,  36,  37,  38,  39,  40,  41,  42,
     43,  45,  46,  47,  48,  49,  50,  51,  52,  53,  54,  55,  56,  57,  58,  59,
     60,  61,  62,  63,  64,  65,  66,  67,  69,  70,  71,  72,  73,  74,  75,  76,
     78,  79,  80,  83,  85,  86,  87,  89,  90,  98,  99, 100, 103, 104, 106, 107,
    108, 116, 117, 118, 119, 120, 121, 122, 123, 124, 125, 126, 127, 128, 129, 130,
    131, 132, 133, 134, 135, 136, 137, 138, 139, 140, 141, 142, 143, 144, 145, 146,
    147, 148, 149, 150, 151, 152, 153, 154, 155, 156, 157, 160, 161, 162, 163, 164,
    166, 171, 173, 174, 175, 177, 180, 182, 183, 184, 185, 189, 191,   0,   1,   2,
      3,   5,   6,   7,   8,   9,  10,  11,  12,  13,  14,  15,  16,  18,  19,  20,
     21,  22,  24,  25,  26,  27,  28,  29,  30,  31,  32,  33,  34,  35,  36,  37,
     38,  39,  40,  41,  42,  43,  44,  45,  46,  47,  48,  49,  50,  51,  53,  54,
     55,  56,  59,  60,  61,  62,  63,  64,  65,  66,  67,  68,  69,  70,  71,  72,
     74,  75,  76,  77,  78,  79,  80,  81,  82,  83,  84,  85,  86,  87,  89,  90,
     97,  98, 100, 102, 103, 104, 106, 107, 108, 110, 111, 112, 113, 114, 115, 116,
    117, 118, 119, 120, 121, 122, 123, 124, 125, 126, 127, 128, 129, 130, 131, 132,
    133, 134, 139, 140, 142, 143, 144, 145, 146, 147, 148, 150, 151, 152, 153, 154,
    155, 156, 159, 160, 161, 162, 163, 164, 166, 167, 168, 169, 170, 171, 174, 175,
    176, 177, 179, 180, 182, 184, 185, 189, 190, 191,   1,   2,   3,   5,   6,   7,
      8,  10,  11,  12,  13,  14,  15,  16,  17,  18,  20,  21,  22,  23,  24,  25,
     27,  28,  29,  30,  31,  32,  33,  34,  35,  36,  37,  38,  39,  40,  41,  42,
     43,  44,  45,  46,  47,  48,  49,  50,  51,  53,  54,  55,  56,  57,  58,  59,
     60,  61,  62,  63,  64,  65,  66,  68,  69,  72,  73,  74,  75,  76,  77,  78,
     80,  81,  82,  83,  84,  86,  87,  89,  90,  97,  98,  99, 100, 102, 103, 104,
    106, 108, 110, 111, 112, 113, 114, 115, 116, 117, 118, 119, 120, 121, 122, 123,
    124, 125, 126, 127, 128, 129, 130, 131, 132, 133, 134, 139, 140, 142, 143, 144,
    145, 146, 147, 148, 149, 150, 151, 152, 153, 156, 157, 159, 160, 161, 162, 163,
    164, 166, 167, 168, 169, 170, 171, 173, 174, 175, 176, 177, 179, 180, 182, 184,
    185, 189, 190, 191,   0,   1,   2,   3,   5,   6,   7,   8,   9,  10,  12,  14,
     16,  17,  18,  20,  22,  23,  24,  27,  28,  29,  30,  31,  32,  33,  38,  39,
     41,  42,  43,  44,  45,  50,  51,  52,  53,  54,  55,  57,  58,  59,  60,  61,
     62,  63,  64,  65,  66,  68,  71,  72,  73,  74,  75,  76,  77,  78,  80,  81,
     82,  83,  84,  85,  86,  87,  89,  90,  98,  99, 100, 103, 104, 106, 107, 108,
    110, 111, 112, 113, 114, 115, 116, 127, 133, 135, 136, 137, 138, 140, 141, 142,
    143, 145, 146, 149, 150, 151, 152, 153, 154, 155, 156, 157, 158, 159, 160, 161,
    162, 164, 167, 168, 169, 170, 171, 172, 173, 174, 175, 176, 177, 179, 180, 182,
    184, 185, 189, 190, 191,   0,   1,   2,   3,   5,   6,   7,   8,  10,  11,  12,
     13,  14,  15,  16,  18,  19,  20,  21,  22,  23,  25,  26,  27,  28,  29,  30,
     31,  32,  33,  34,  35,  36,  37,  38,  39,  40,  41,  42,  43,  44,  45,  46,
     47,  48,  49,  50,  51,  52,  53,  54,  55,  56,  57,  58,  59,  60,  61,  62,
     63,  64,  65,  66,  67,  68,  69,  70,  71,  72,  73,  74,  75,  76,  77,  78,
     79,  80,  81,  82,  83,  84,  85,  86,  87,  89,  90,  97,  98, 100, 103, 104,
    106, 107, 108, 110, 111, 112, 113, 114, 115, 116, 117, 118, 119, 120, 121, 122,
    123, 124, 125, 126, 127, 128, 129, 130, 131, 132, 133, 134, 135, 136, 137, 138,
    139, 140, 142, 143, 144, 145, 146, 147, 148, 150, 151, 152, 153, 154, 155, 156,
    157, 160, 161, 162, 163, 164, 166, 167, 168, 169, 170, 171, 173, 174, 175, 176,
    177, 179, 180, 182, 184, 185, 189, 190, 191,   1,   2,   3,   5,   6,   7,   8,
      9,  10,  11,  12,  13,  14,  15,  16,  17,  18,  20,  21,  22,  25,  26,  27,
     28,  29,  30,  31,  32,  33,  34,  35,  36,  37,  38,  39,  40,  41,  42,  43,
     45,  46,  47,  48,  49,  50,  51,  55,  56,  57,  58,  59,  60,  61,  63,  64,
     65,  66,  67,  69,  70,  71,  72,  74,  75,  76,  77,  78,  79,  80,  82,  83,
     84,  85,  86,  87,  89,  90,  98,  99, 100, 103, 104, 106, 108, 110, 111, 112,
    113, 114, 115, 116, 117, 118, 119, 120, 121, 122, 123, 124, 125, 127, 128, 129,
    130, 131, 132, 133, 134, 139, 140, 150, 151, 152, 153, 154, 155, 156, 157, 160,
    161, 162, 163, 164, 166, 167, 168, 169, 170, 171, 173, 174, 175, 177, 180, 182,
    183, 184, 185, 189, 190, 191,   0,   1,   2,   5,   6,   7,   8,   9,  10,  11,
     12,  13,  14,  15,  16,  18,  19,  20,  21,  22,  23,  24,  25,  26,  27,  28,
     29,  30,  31,  34,  37,  38,  41,  44,  45,  46,  48,  50,  51,  52,  53,  54,
     55,  56,  57,  59,  60,  61,  62,  63,  64,  65,  66,  67,  68,  70,  71,  73,
     74,  75,  76,  77,  78,  79,  80,  81,  82,  83,  84,  85,  86,  87,  89,  90,
     98,  99, 100, 102, 103, 104, 106, 107, 108, 116, 117, 127, 128, 129, 130, 131,
    132, 133, 134, 135, 136, 137, 138, 139, 142, 143, 144, 145, 146, 147, 148, 149,
    150, 151, 152, 153, 155, 156, 157, 159, 160, 161, 162, 163, 164, 166, 167, 168,
    169, 170, 171, 173, 174, 175, 177, 180, 182, 183, 184, 185, 189, 190, 191,   0,
      1,   2,   3,   5,   6,   7,   8,   9,  10,  11,  12,  13,  14,  15,  16,  17,
     18,  19,  20,  21,  22,  23,  24,  25,  26,  27,  28,  29,  30,  31,  34,  35,
     37,  38,  41,  45,  46,  47,  48,  50,  51,  52,  53,  54,  55,  56,  57,  58,
     59,  60,  61,  62,  63,  64,  65,  66,  67,  68,  70,  71,  74,  75,  76,  77,
     78,  79,  80,  81,  82,  83,  84,  85,  86,  87,  89,  90,  97,  98,  99, 100,
    103, 104, 106, 107, 108, 116, 117, 127, 128, 129, 130, 131, 132, 133, 134, 135,
    136, 137, 138, 139, 141, 142, 143, 144, 146, 148, 149, 150, 151, 152, 153, 155,
    156, 158, 159, 160, 161, 162, 163, 164, 166, 167, 168, 170, 171, 172, 174, 175,
    177, 180, 182, 183, 184, 185, 189, 190, 191,   0,   1,   2,   3,   5,   6,   7,
      8,   9,  10,  11,  12,  13,  14,  15,  16,  17,  18,  19,  20,  21,  22,  23,
     24,  25,  26,  27,  28,  29,  30,  31,  32,  33,  34,  35,  36,  37,  38,  39,
     40,  41,  42,  43,  44,  45,  46,  47,  48,  49,  50,  51,  52,  53,  54,  56,
     57,  58,  59,  60,  61,  62,  63,  64,  65,  66,  67,  68,  69,  70,  71,  72,
     73,  74,  75,  76,  77,  78,  79,  80,  81,  82,  83,  84,  85,  86,  87,  89,
     90,  98, 100, 103, 104, 106, 108, 110, 111, 112, 113, 114, 115, 116, 117, 118,
    119, 120, 121, 122, 123, 124, 125, 126, 127, 128, 129, 130, 131, 132, 134, 135,
    136, 137, 138, 139, 141, 142, 143, 144, 145, 146, 147, 148, 150, 151, 152, 153,
    154, 155, 157, 159, 160, 161, 162, 163, 164, 166, 167, 168, 169, 170, 171, 174,
    175, 177, 180, 182, 184, 185, 189, 190, 191,   0,   1,   2,   3,   5,   6,   7,
      8,   9,  10,  12,  13,  14,  15,  16,  17,  19,  20,  21,  23,  24,  25,  27,
     28,  29,  30,  31,  32,  33,  34,  35,  36,  37,  38,  39,  40,  42,  43,  44,
     45,  46,  47,  48,  49,  50,  51,  53,  54,  55,  56,  57,  58,  59,  60,  61,
     62,  63,  64,  65,  66,  67,  68,  69,  70,  71,  72,  73,  74,  75,  76,  77,
     78,  79,  80,  81,  82,  83,  84,  85,  86,  87,  89,  90,  98,  99, 100, 103,
    104, 106, 110, 111, 112, 113, 114, 115, 116, 117, 118, 119, 120, 121, 122, 123,
    124, 125, 126, 127, 128, 129, 130, 131, 132, 133, 134, 139, 140, 142, 144, 145,
    146, 147, 149, 150, 151, 152, 153, 154, 155, 156, 159, 160, 161, 162, 163, 164,
    165, 166, 167, 168, 169, 170, 171, 173, 174, 175, 176, 177, 179, 180, 182, 184,
    185, 189, 190, 191,   0,   1,   2,   3,   5,   6,   7,   8,   9,  10,  12,  14,
     15,  16,  17,  18,  19,  20,  21,  22,  23,  24,  25,  26,  27,  28,  29,  30,
     31,  32,  33,  34,  35,  36,  37,  38,  39,  40,  41,  42,  43,  44,  45,  47,
     49,  50,  51,  52,  53,  54,  55,  56,  57,  58,  59,  60,  61,  62,  63,  64,
     65,  66,  67,  68,  69,  70,  71,  72,  74,  75,  76,  77,  78,  79,  80,  81,
     82,  83,  84,  86,  87,  89,  90,  97,  99, 100, 103, 104, 106, 107, 110, 111,
    112, 113, 114, 115, 116, 117, 118, 119, 120, 121, 122, 123, 124, 125, 126, 127,
    133, 135, 136, 137, 138, 139, 140, 142, 143, 144, 145, 146, 147, 148, 150, 151,
    152, 153, 154, 155, 156, 157, 159, 160, 161, 162, 163, 164, 166, 167, 168, 169,
    170, 171, 173, 174, 175, 176, 177, 179, 180, 182, 184, 185, 190, 191,   0,   1,
      2,   3,   5,   6,   7,   8,   9,  10,  12,  13,  14,  15,  16,  17,  18,  19,
     20,  21,  22,  23,  24,  25,  26,  27,  28,  29,  30,  31,  32,  34,  38,  41,
     44,  45,  46,  48,  50,  51,  52,  53,  54,  55,  56,  57,  58,  59,  60,  61,
     64,  65,  66,  67,  68,  70,  71,  73,  74,  75,  76,  77,  78,  79,  80,  81,
     82,  83,  84,  85,  86,  89,  90,  97,  98,  99, 100, 102, 103, 104, 106, 107,
    110, 111, 112, 113, 114, 115, 116, 117, 127, 128, 129, 130, 131, 132, 133, 134,
    135, 136, 137, 138, 139, 144, 145, 146, 149, 150, 151, 152, 153, 154, 155, 156,
    157, 159, 160, 161, 162, 163, 164, 166, 167, 168, 169, 170, 171, 173, 174, 175,
    176, 177, 179, 180, 182, 184, 185, 189, 190, 191,   0,   1,   2,   3,   5,   6,
      7,   8,  10,  11,  12,  13,  14,  15,  16,  19,  20,  21,  22,  23,  25,  26,
     27,  28,  29,  30,  31,  32,  33,  34,  35,  36,  37,  39,  40,  41,  42,  43,
     44,  45,  47,  49,  50,  51,  52,  53,  54,  55,  56,  57,  59,  60,  61,  62,
     63,  64,  65,  66,  67,  68,  70,  71,  73,  74,  75,  76,  77,  78,  79,  80,
     81,  82,  83,  84,  85,  86,  87,  89,  90,  97,  98,  99, 100, 101, 102, 103,
    104, 106, 108, 110, 111, 112, 113, 114, 115, 117, 118, 119, 120, 121, 122, 123,
    124, 125, 126, 127, 133, 135, 136, 137, 138, 139, 140, 142, 143, 145, 146, 147,
    148, 149, 150, 151, 152, 154, 155, 156, 157, 159, 160, 161, 162, 163, 164, 165,
    166, 167, 168, 169, 170, 171, 174, 175, 176, 177, 179, 180, 182, 184, 185, 189,
    190, 191,   1,   2,   3,   5,   6,   7,   8,  10,  11,  12,  13,  14,  15,  16,
     17,  18,  20,  21,  22,  23,  24,  25,  27,  28,  29,  30,  31,  32,  33,  34,
     35,  36,  37,  38,  39,  40,  41,  42,  43,  44,  45,  46,  47,  48,  49,  50,
     51,  53,  55,  56,  57,  58,  59,  60,  61,  62,  63,  64,  65,  66,  67,  68,
     69,  72,  73,  74,  75,  76,  77,  78,  79,  80,  81,  82,  83,  84,  86,  87,
     89,  90,  98,  99, 100, 103, 104, 106, 107, 108, 110, 111, 112, 113, 114, 115,
    116, 117, 118, 119, 120, 121, 122, 123, 124, 125, 126, 127, 128, 129, 130, 131,
    132, 133, 134, 139, 140, 141, 142, 143, 144, 145, 146, 149, 150, 151, 152, 153,
    156, 157, 158, 159, 160, 161, 162, 163, 164, 166, 167, 168, 169, 170, 171, 172,
    173, 174, 175, 176, 177, 179, 180, 182, 184, 185, 189, 190, 191,   1,   2,   3,
      5,   6,   7,   8,   9,  10,  11,  12,  13,  14,  15,  16,  17,  18,  19,  20,
     22,  24,  25,  26,  27,  28,  29,  30,  31,  32,  33,  34,  35,  36,  37,  38,
     39,  40,  41,  42,  43,  44,  45,  46,  47,  48,  49,  50,  51,  52,  53,  54,
     55,  56,  57,  59,  60,  61,  62,  64,  65,  66,  68,  69,  72,  73,  74,  75,
     76,  77,  78,  80,  81,  82,  83,  84,  85,  86,  87,  89,  90,  98,  99, 100,
    102, 104, 106, 107, 108, 110, 111, 112, 113, 114, 115, 116, 117, 118, 119, 120,
    121, 122, 123, 124, 125, 126, 127, 128, 129, 130, 131, 132, 133, 134, 135, 136,
    137, 138, 139, 140, 142, 143, 144, 145, 146, 147, 148, 149, 150, 151, 152, 153,
    154, 156, 157, 159, 160, 161, 162, 163, 164, 166, 167, 168, 169, 170, 171, 173,
    174, 175, 176, 177, 179, 180, 182, 184, 185, 189, 190, 191,   1,   2,   3,   5,
      6,   7,   8,  10,  11,  12,  13,  14,  15,  16,  17,  18,  20,  21,  22,  23,
     24,  26,  27,  28,  29,  30,  31,  32,  33,  34,  35,  36,  37,  38,  39,  40,
     41,  42,  43,  44,  45,  46,  47,  48,  49,  50,  51,  53,  55,  56,  57,  58,
     59,  60,  61,  62,  63,  64,  65,  66,  68,  69,  70,  71,  74,  75,  76,  77,
     78,  79,  80,  81,  82,  83,  84,  86,  87,  89,  90,  98, 100, 102, 103, 104,
    106, 110, 111, 112, 113, 114, 115, 116, 117, 118, 119, 120, 121, 122, 123, 124,
    125, 127, 128, 129, 130, 132, 133, 139, 140, 142, 143, 144, 146, 149, 150, 151,
    152, 153, 154, 155, 156, 157, 159, 161, 162, 164, 167, 168, 169, 170, 172, 174,
    175, 176, 177, 179, 180, 182, 184, 185, 189, 190,   0,   1,   2,   3,   5,   6,
      7,   8,   9,  10,  11,  12,  13,  14,  15,  16,  17,  18,  19,  20,  21,  22,
     24,  27,  28,  29,  30,  31,  32,  33,  34,  35,  36,  37,  38,  40,  41,  42,
     43,  44,  46,  47,  48,  49,  50,  51,  52,  53,  54,  55,  56,  57,  58,  59,
     60,  61,  62,  63,  64,  65,  66,  68,  69,  71,  72,  73,  76,  77,  78,  79,
     81,  82,  83,  84,  85,  86,  87,  89,  90,  97,  98,  99, 100, 103, 104, 106,
    107, 110, 111, 112, 113, 114, 115, 116, 117, 118, 119, 120, 121, 122, 123, 124,
    125, 128, 129, 130, 131, 132, 133, 134, 135, 136, 137, 138, 139, 140, 142, 143,
    144, 145, 146, 147, 148, 150, 151, 152, 153, 156, 157, 158, 160, 161, 162, 163,
    164, 165, 166, 167, 168, 169, 170, 171, 172, 173, 174, 175, 176, 177, 179, 180,
    182, 184, 185, 189, 190, 191,   0,   1,   2,   3,   5,   6,   7,   8,   9,  10,
     11,  12,  13,  14,  15,  16,  17,  18,  19,  20,  21,  22,  23,  24,  25,  26,
     27,  28,  29,  30,  31,  32,  33,  34,  35,  36,  37,  38,  39,  40,  41,  42,
     43,  44,  45,  46,  47,  48,  49,  50,  51,  52,  55,  56,  57,  58,  59,  60,
     61,  62,  64,  65,  66,  67,  68,  69,  70,  71,  72,  73,  74,  75,  76,  77,
     78,  79,  80,  81,  82,  83,  84,  85,  86,  87,  89,  90,  97,  98,  99, 100,
    102, 103, 104, 106, 108, 110, 111, 112, 113, 114, 115, 116, 117, 118, 119, 120,
    121, 122, 123, 124, 125, 126, 127, 128, 129, 130, 131, 132, 133, 134, 135, 136,
    137, 138, 139, 140, 142, 143, 144, 145, 146, 147, 148, 149, 150, 151, 152, 153,
    154, 155, 156, 157, 159, 160, 161, 162, 163, 164, 166, 167, 168, 169, 170, 171,
    173, 174, 175, 177, 180, 182, 184, 185, 189, 190, 191,   1,   2,   3,   5,   6,
      7,   8,   9,  10,  11,  12,  13,  14,  15,  18,  19,  20,  21,  22,  24,  25,
     26,  27,  28,  29,  30,  31,  32,  34,  37,  38,  39,  40,  44,  45,  50,  51,
     52,  53,  54,  56,  57,  58,  59,  60,  61,  62,  63,  64,  65,  66,  68,  70,
     73,  74,  75,  76,  77,  78,  79,  80,  81,  83,  84,  86,  87,  89,  90,  97,
     98,  99, 100, 102, 103, 104, 106, 107, 110, 111, 112, 113, 114, 115, 116, 117,
    122, 123, 124, 125, 127, 133, 135, 136, 137, 138, 139, 142, 143, 144, 145, 146,
    147, 148, 149, 150, 151, 152, 153, 154, 156, 157, 160, 161, 162, 163, 164, 165,
    166, 171, 174, 175, 176, 177, 179, 180, 182, 184, 185, 189, 190, 191,   0,   1,
      2,   3,   5,   6,   7,   8,  10,  11,  12,  13,  14,  15,  16,  17,  18,  19,
     20,  21,  22,  25,  26,  27,  28,  29,  30,  31,  32,  34,  35,  37,  38,  41,
     45,  46,  47,  48,  49,  50,  51,  52,  53,  54,  55,  56,  57,  58,  59,  60,
     61,  62,  63,  64,  65,  66,  67,  68,  69,  70,  71,  72,  73,  74,  75,  76,
     77,  78,  79,  80,  81,  82,  83,  84,  85,  86,  87,  89,  90,  97,  98,  99,
    100, 103, 104, 106, 108, 110, 111, 112, 113, 114, 115, 116, 117, 126, 127, 128,
    129, 130, 131, 132, 133, 134, 135, 136, 137, 138, 139, 141, 142, 143, 144, 146,
    147, 148, 149, 150, 151, 155, 158, 159, 160, 161, 162, 166, 170, 171, 174, 175,
    176, 177, 179, 180, 182, 184, 185, 189, 190, 191,   0,   1,   2,   3,   5,   6,
      7,   8,   9,  10,  11,  12,  13,  14,  15,  17,  18,  19,  20,  21,  22,  23,
     25,  26,  27,  28,  29,  30,  31,  32,  33,  34,  35,  36,  37,  38,  39,  40,
     41,  42,  43,  45,  46,  47,  48,  49,  50,  51,  52,  53,  54,  55,  56,  58,
     59,  60,  61,  62,  63,  64,  65,  66,  67,  68,  69,  70,  71,  72,  73,  74,
     75,  76,  77,  78,  79,  80,  81,  82,  83,  84,  85,  86,  87,  89,  90,  97,
     98, 100, 103, 104, 106, 107, 108, 110, 111, 112, 113, 114, 115, 116, 117, 118,
    119, 120, 121, 122, 123, 124, 125, 126, 127, 128, 129, 130, 131, 132, 133, 134,
    135, 136, 137, 138, 139, 140, 142, 143, 144, 145, 146, 147, 148, 149, 150, 151,
    152, 153, 154, 155, 156, 157, 160, 161, 162, 163, 164, 166, 167, 168, 169, 170,
    171, 173, 174, 175, 176, 177, 179, 180, 182, 184, 185, 189, 190,   0,   1,   2,
      3,   5,   6,   7,   8,   9,  10,  11,  12,  13,  14,  15,  17,  18,  19,  20,
     21,  22,  23,  25,  26,  27,  28,  29,  30,  31,  32,  33,  34,  35,  36,  37,
     38,  39,  40,  41,  42,  43,  44,  45,  46,  47,  48,  49,  50,  51,  52,  53,
     54,  55,  56,  57,  58,  59,  60,  61,  62,  63,  64,  65,  66,  67,  68,  69,
     70,  71,  72,  73,  74,  75,  76,  77,  78,  79,  80,  81,  82,  83,  84,  85,
     86,  87,  89,  90,  98,  99, 100, 102, 103, 104, 106, 108, 110, 111, 112, 113,
    114, 115, 116, 117, 118, 119, 120, 121, 122, 123, 124, 125, 127, 128, 129, 130,
    131, 132, 134, 135, 136, 137, 138, 139, 140, 142, 143, 144, 145, 146, 147, 148,
    150, 151, 152, 153, 154, 155, 156, 157, 160, 161, 162, 163, 164, 166, 167, 168,
    169, 170, 171, 173, 174, 175, 176, 177, 179, 180, 182, 184, 185, 189, 190,   1,
      2,   3,   5,   6,   7,   8,   9,  10,  12,  13,  14,  15,  17,  19,  20,  21,
     22,  23,  24,  25,  26,  27,  28,  29,  30,  31,  32,  33,  34,  35,  36,  37,
     38,  39,  40,  42,  43,  44,  45,  46,  47,  48,  49,  50,  51,  52,  53,  54,
     55,  56,  57,  59,  60,  61,  62,  63,  64,  65,  66,  67,  68,  69,  70,  71,
     72,  73,  74,  75,  76,  77,  78,  79,  80,  81,  82,  83,  84,  85,  86,  87,
     89,  90,  97,  98,  99, 100, 103, 104, 106, 107, 108, 110, 111, 112, 113, 114,
    115, 116, 117, 118, 119, 120, 121, 122, 123, 124, 125, 126, 127, 128, 129, 130,
    131, 132, 133, 134, 135, 136, 137, 138, 139, 140, 142, 143, 150, 151, 152, 153,
    154, 155, 156, 157, 159, 160, 161, 162, 164, 167, 168, 169, 170, 174, 175, 176,
    177, 179, 180, 182, 184, 185, 189, 190, 191,   0,   1,   2,   3,   5,   6,   7,
      8,   9,  10,  11,  12,  13,  14,  15,  16,  17,  18,  19,  20,  21,  22,  23,
     24,  25,  26,  27,  28,  29,  30,  31,  32,  33,  34,  35,  36,  37,  38,  39,
     40,  41,  42,  43,  44,  45,  46,  47,  48,  49,  50,  51,  52,  53,  54,  55,
     56,  57,  58,  59,  60,  61,  62,  63,  64,  65,  66,  67,  68,  69,  70,  71,
     72,  73,  74,  75,  76,  77,  78,  79,  80,  81,  82,  83,  84,  85,  86,  87,
     89,  90,  98,  99, 100, 103, 104, 106, 108, 110, 111, 112, 113, 114, 115, 116,
    117, 118, 119, 120, 121, 122, 123, 124, 125, 126, 127, 128, 129, 130, 131, 132,
    133, 134, 135, 136, 137, 138, 139, 140, 142, 143, 144, 146, 147, 149, 150, 151,
    152, 153, 154, 155, 156, 158, 159, 160, 161, 162, 164, 166, 167, 168, 169, 170,
    171, 174, 175, 176, 177, 179, 180, 182, 184, 185, 189, 190, 191,   0,   1,   2,
      3,   5,   6,   7,   8,   9,  10,  12,  14,  15,  16,  17,  18,  20,  21,  22,
     23,  24,  25,  26,  27,  28,  29,  30,  31,  32,  34,  35,  38,  41,  44,  45,
     46,  47,  48,  49,  50,  53,  54,  55,  56,  57,  58,  59,  60,  61,  62,  63,
     67,  68,  69,  70,  71,  72,  73,  74,  75,  77,  79,  80,  81,  82,  83,  84,
     85,  86,  87,  89,  90,  98,  99, 100, 102, 103, 104, 106, 108, 110, 111, 112,
    113, 114, 115, 116, 117, 127, 128, 129, 130, 131, 132, 134, 139, 142, 143, 144,
    145, 146, 147, 148, 155, 156, 165, 167, 168, 169, 170, 171, 173, 174, 175, 176,
    177, 179, 180, 182, 184, 185, 189, 190, 191,   0,   1,   2,   3,   4,   5,   6,
      7,   9,  10,  11,  12,  13,  14,  15,  16,  17,  18,  19,  20,  21,  22,  23,
     24,  25,  26,  27,  28,  30,  31,  32,  33,  34,  35,  36,  37,  38,  39,  40,
     41,  42,  43,  44,  45,  46,  47,  48,  49,  50,  51,  52,  53,  54,  55,  56,
     57,  58,  59,  60,  61,  62,  63,  64,  65,  66,  67,  68,  69,  70,  71,  72,
     73,  74,  75,  76,  77,  78,  79,  80,  81,  82,  83,  84,  85,  86,  87,  88,
     90,  91,  98, 101, 102, 103, 104, 106, 108, 109, 110, 111, 112, 113, 114, 115,
    116, 117, 118, 119, 120, 121, 122, 123, 124, 126, 127, 128, 129, 130, 131, 132,
    134, 135, 136, 137, 138, 139, 140, 141, 142, 143, 144, 145, 146, 147, 148, 149,
    150, 151, 152, 153, 154, 155, 156, 158, 159, 160, 161, 162, 163, 164, 166, 167,
    168, 169, 170, 171, 172, 174, 175, 176, 177, 179, 180, 181, 184, 189, 190, 191,
    199,   1,   6,   8,   9,  15,  16,  17,  18,  19,  20,  21,  22,  23,  24,  32,
     33,  34,  35,  36,  37,  38,  39,  40,  42,  43,  44,  45,  46,  47,  48,  49,
     50,  51,  52,  53,  54,  55,  56,  57,  58,  59,  61,  62,  63,  64,  65,  66,
     67,  69,  70,  72,  73,  74,  75,  76,  77,  78,  79,  80,  81,  82,  83,  84,
     85,  86,  87,  98, 108, 176, 177, 179, 180, 189, 190,   0,   1,   6,   7,   8,
      9,  11,  12,  13,  14,  15,  16,  17,  18,  19,  20,  21,  22,  23,  24,  26,
     30,  32,  33,  34,  35,  36,  37,  38,  39,  40,  41,  42,  43,  44,  45,  46,
     47,  48,  49,  50,  51,  52,  53,  54,  55,  56,  57,  59,  62,  63,  64,  65,
     66,  67,  68,  69,  70,  71,  72,  73,  74,  75,  76,  77,  78,  79,  80,  81,
     82,  83,  84,  85,  86,  87, 108, 177, 180, 190,   1,   6,   7,   8,   9,  11,
     13,  14,  15,  16,  17,  18,  19,  20,  21,  22,  23,  24,  25,  26,  32,  33,
     34,  35,  36,  37,  38,  39,  40,  41,  42,  43,  44,  45,  46,  47,  48,  49,
     50,  51,  52,  53,  54,  55,  56,  57,  59,  61,  62,  63,  64,  65,  66,  67,
     68,  69,  70,  71,  72,  73,  74,  75,  76,  77,  78,  79,  80,  81,  82,  83,
     84,  85,  86,  87, 114, 121, 127, 129, 132, 141, 146, 161, 164, 180,   0,   1,
      2,   3,   5,   6,   7,   8,   9,  10,  12,  13,  14,  16,  17,  18,  19,  20,
     22,  23,  24,  25,  26,  27,  28,  29,  30,  31,  32,  33,  34,  35,  36,  37,
     38,  39,  40,  41,  42,  43,  44,  45,  46,  47,  48,  49,  50,  51,  52,  53,
     54,  56,  57,  58,  59,  60,  61,  62,  63,  64,  65,  66,  67,  68,  69,  70,
     71,  72,  73,  74,  75,  76,  77,  78,  80,  81,  82,  83,  84,  85,  86,  89,
     90,  97,  98,  99, 100, 102, 103, 104, 106, 107, 108, 111, 112, 113, 114, 116,
    117, 118, 119, 123, 124, 125, 127, 132, 133, 139, 141, 142, 143, 144, 145, 146,
    147, 148, 149, 150, 151, 152, 153, 154, 155, 156, 157, 159, 160, 161, 162, 163,
    164, 165, 166, 167, 168, 169, 170, 171, 173, 174, 175, 176, 177, 179, 180, 182,
    183, 184, 185, 189, 190, 191,   0,   1,   2,   3,   5,   6,   7,   8,   9,  10,
     11,  12,  13,  14,  15,  16,  17,  18,  19,  20,  21,  22,  23,  25,  26,  27,
     28,  29,  30,  31,  32,  33,  34,  35,  36,  37,  38,  39,  40,  41,  42,  43,
     44,  45,  46,  47,  48,  49,  50,  51,  52,  53,  54,  55,  56,  57,  58,  59,
     60,  61,  62,  63,  64,  65,  66,  67,  68,  69,  70,  71,  72,  73,  76,  77,
     78,  79,  82,  83,  85,  86,  87,  89,  90,  98,  99, 100, 103, 104, 106, 108,
    111, 118, 119, 133, 136, 137, 141, 142, 143, 144, 145, 146, 147, 148, 149, 150,
    151, 152, 153, 154, 155, 156, 157, 158, 160, 161, 162, 163, 164, 166, 167, 168,
    169, 170, 171, 172, 173, 174, 175, 176, 177, 179, 180, 182, 183, 184, 185, 189,
    190,   0,   1,   2,   5,   6,   7,   8,   9,  10,  11,  12,  13,  14,  15,  16,
     17,  18,  19,  20,  21,  22,  23,  24,  27,  28,  29,  30,  31,  32,  33,  34,
     35,  36,  37,  38,  39,  40,  41,  42,  43,  44,  45,  46,  47,  48,  49,  50,
     51,  52,  53,  54,  55,  56,  57,  58,  59,  60,  61,  63,  64,  65,  66,  68,
     69,  71,  72,  73,  76,  77,  78,  81,  83,  84,  85,  86,  87,  89,  90,  98,
    100, 103, 104, 106, 108, 115, 117, 119, 120, 122, 124, 130, 133, 135, 136, 149,
    150, 151, 152, 153, 158, 160, 161, 162, 163, 164, 166, 171, 172, 173, 174, 175,
    177, 180, 182, 184, 185, 189, 190, 191,   0,   1,   2,   3,   5,   6,   7,   8,
      9,  10,  12,  13,  14,  16,  18,  19,  20,  22,  25,  27,  28,  29,  30,  31,
     32,  33,  34,  35,  36,  37,  38,  40,  41,  42,  43,  44,  45,  47,  50,  52,
     53,  54,  55,  57,  58,  59,  60,  61,  62,  63,  64,  65,  66,  68,  69,  70,
     71,  73,  74,  75,  76,  78,  80,  82,  83,  84,  85,  86,  89,  90,  98,  99,
    100, 103, 104, 106, 108, 111, 114, 118, 119, 120, 121, 122, 123, 124, 133, 138,
    140, 141, 142, 143, 144, 145, 146, 147, 148, 149, 150, 151, 152, 153, 154, 155,
    156, 157, 159, 160, 161, 162, 163, 164, 166, 167, 168, 169, 170, 171, 173, 174,
    175, 177, 180, 182, 184, 185, 189, 190, 191,   0,   1,   2,   3,   5,   6,   7,
      8,   9,  10,  11,  12,  13,  14,  15,  16,  17,  18,  19,  20,  21,  22,  23,
     24,  27,  28,  29,  30,  31,  33,  34,  35,  36,  37,  38,  39,  40,  41,  42,
     43,  44,  45,  46,  47,  48,  49,  50,  51,  52,  53,  54,  55,  56,  57,  58,
     59,  60,  61,  62,  63,  64,  65,  66,  67,  69,  70,  71,  72,  73,  74,  75,
     76,  78,  79,  80,  83,  84,  89,  90,  98,  99, 100, 103, 104, 106, 108, 116,
    117, 119, 120, 121, 122, 123, 124, 125, 127, 129, 138, 139, 141, 142, 149, 150,
    151, 152, 153, 154, 155, 156, 157, 158, 159, 160, 161, 162, 163, 164, 166, 172,
    174, 175, 176, 177, 179, 180, 182, 184, 185, 189, 191,   0,   1,   2,   3,   5,
      6,   7,   8,   9,  10,  11,  12,  13,  14,  18,  19,  20,  21,  22,  24,  27,
     28,  29,  30,  31,  32,  33,  35,  36,  37,  38,  39,  40,  41,  42,  43,  44,
     45,  46,  47,  48,  49,  51,  52,  53,  54,  55,  56,  57,  58,  59,  60,  61,
     62,  63,  64,  65,  66,  67,  68,  69,  70,  71,  72,  73,  74,  75,  76,  77,
     78,  79,  80,  81,  82,  83,  84,  85,  86,  87,  89,  90,  97,  98, 100, 103,
    104, 106, 107, 108, 118, 120, 132, 141, 142, 143, 144, 145, 146, 147, 148, 149,
    150, 151, 152, 153, 154, 155, 156, 157, 158, 159, 160, 161, 162, 163, 164, 166,
    167, 168, 169, 170, 171, 172, 174, 175, 176, 177, 179, 180, 182, 184, 185, 189,
    190, 191,   0,   1,   2,   3,   5,   6,   7,   8,  10,  11,  12,  13,  14,  16,
     18,  19,  21,  22,  24,  26,  27,  28,  29,  30,  31,  33,  34,  35,  36,  37,
     38,  39,  40,  41,  42,  43,  45,  46,  47,  48,  49,  50,  51,  52,  53,  54,
     55,  56,  57,  58,  59,  60,  61,  63,  64,  65,  66,  67,  68,  69,  70,  71,
     72,  73,  74,  75,  76,  77,  78,  79,  81,  82,  83,  84,  85,  86,  87,  89,
     90,  98,  99, 100, 103, 104, 106, 108, 118, 119, 120, 123, 124, 128, 132, 133,
    138, 141, 148, 149, 150, 151, 152, 153, 154, 155, 156, 157, 158, 159, 160, 161,
    162, 163, 164, 166, 167, 168, 169, 170, 171, 172, 173, 174, 175, 176, 177, 179,
    180, 182, 184, 185, 189, 190, 191,   0,   1,   2,   5,   6,   7,   8,   9,  10,
     12,  13,  14,  15,  16,  17,  18,  19,  20,  21,  22,  23,  24,  25,  26,  27,
     28,  29,  30,  31,  32,  33,  34,  35,  36,  37,  38,  39,  40,  41,  42,  43,
     44,  45,  46,  47,  48,  49,  50,  51,  52,  53,  54,  56,  57,  58,  59,  60,
     61,  63,  64,  67,  68,  69,  71,  72,  74,  76,  77,  79,  81,  82,  83,  84,
     85,  86,  87,  89,  90,  98,  99, 100, 103, 104, 106, 108, 111, 114, 118, 119,
    120, 122, 123, 124, 127, 129, 133, 136, 141, 158, 167, 168, 169, 170, 171, 172,
    173, 174, 175, 176, 177, 179, 180, 182, 183, 184, 185, 189, 190, 191,   0,   1,
      2,   3,   5,   6,   7,   8,   9,  10,  12,  13,  14,  15,  16,  18,  19,  20,
     21,  22,  23,  24,  25,  26,  27,  28,  29,  30,  31,  32,  33,  34,  35,  36,
     37,  38,  39,  40,  41,  42,  43,  46,  47,  48,  49,  50,  51,  52,  53,  54,
     56,  57,  58,  59,  60,  61,  62,  63,  64,  65,  66,  67,  68,  69,  70,  71,
     72,  74,  75,  76,  77,  78,  81,  82,  83,  84,  86,  87,  89,  90,  98,  99,
    100, 103, 104, 106, 107, 108, 110, 112, 115, 117, 118, 119, 122, 124, 128, 129,
    132, 133, 134, 141, 142, 143, 144, 145, 146, 147, 149, 150, 151, 152, 153, 154,
    155, 156, 157, 158, 159, 160, 161, 162, 163, 164, 166, 167, 168, 169, 170, 171,
    172, 173, 174, 175, 176, 177, 179, 180, 182, 183, 184, 185, 189, 190, 191,   0,
      1,   2,   5,   6,   7,   8,   9,  10,  11,  12,  13,  14,  15,  16,  17,  18,
     19,  20,  21,  22,  23,  24,  25,  26,  27,  28,  29,  30,  31,  32,  33,  34,
     35,  36,  37,  38,  39,  40,  41,  42,  43,  44,  45,  46,  47,  48,  49,  50,
     51,  52,  53,  54,  55,  56,  57,  58,  59,  60,  61,  62,  63,  64,  65,  66,
     67,  68,  69,  70,  71,  72,  73,  74,  75,  76,  77,  78,  79,  80,  81,  82,
     83,  84,  85,  86,  87,  89,  90,  98, 100, 103, 104, 106, 108, 111, 116, 121,
    124, 137, 141, 142, 143, 144, 145, 146, 147, 148, 149, 150, 151, 152, 153, 154,
    155, 156, 157, 158, 159, 160, 161, 162, 163, 164, 166, 167, 168, 169, 170, 171,
    174, 175, 176, 177, 179, 180, 182, 184, 185, 189, 190,   0,   1,   2,   3,   5,
      6,   7,   8,   9,  10,  12,  13,  14,  15,  16,  17,  18,  19,  20,  21,  22,
     23,  25,  26,  27,  28,  29,  30,  31,  32,  33,  34,  35,  36,  37,  38,  39,
     40,  41,  42,  43,  44,  45,  46,  47,  48,  49,  50,  51,  52,  53,  54,  55,
     56,  57,  58,  59,  60,  61,  63,  64,  65,  66,  67,  68,  69,  70,  71,  72,
     73,  74,  75,  76,  77,  78,  79,  85,  87,  89,  90,  98,  99, 100, 103, 104,
    106, 117, 118, 119, 120, 121, 124, 128, 129, 133, 134, 137, 138, 140, 141, 148,
    149, 150, 151, 152, 153, 154, 155, 156, 157, 158, 159, 160, 161, 162, 163, 164,
    165, 166, 172, 174, 175, 176, 177, 179, 180, 182, 184, 185, 189, 190, 191,   0,
      1,   2,   3,   5,   6,   7,   8,   9,  10,  12,  13,  14,  15,  16,  18,  19,
     20,  21,  22,  23,  24,  25,  26,  27,  28,  29,  30,  31,  32,  33,  34,  35,
     36,  37,  38,  39,  40,  41,  42,  43,  44,  46,  47,  48,  49,  50,  51,  52,
     53,  54,  55,  56,  58,  59,  60,  61,  63,  64,  65,  67,  68,  69,  71,  75,
     76,  77,  78,  81,  82,  83,  84,  85,  86,  89,  90,  98,  99, 100, 103, 104,
    106, 107, 108, 110, 111, 112, 113, 115, 117, 118, 119, 120, 121, 122, 123, 124,
    128, 129, 130, 131, 133, 134, 140, 141, 149, 158, 159, 160, 161, 162, 163, 164,
    166, 167, 168, 169, 170, 171, 172, 173, 174, 175, 176, 177, 179, 180, 182, 184,
    185, 189, 190, 191,   0,   1,   2,   3,   5,   6,   7,   8,   9,  10,  12,  13,
     14,  15,  16,  17,  18,  19,  20,  21,  22,  23,  24,  25,  26,  27,  28,  29,
     30,  31,  32,  33,  34,  35,  36,  37,  38,  39,  40,  41,  42,  43,  44,  45,
     46,  47,  48,  49,  50,  51,  52,  53,  54,  56,  57,  58,  59,  60,  61,  63,
     64,  67,  68,  69,  71,  72,  74,  76,  77,  79,  81,  82,  83,  84,  86,  87,
     89,  90,  97,  98,  99, 100, 102, 103, 104, 106, 107, 108, 111, 112, 114, 117,
    119, 122, 124, 128, 129, 133, 136, 137, 138, 141, 149, 158, 160, 161, 163, 164,
    167, 168, 169, 170, 171, 172, 173, 174, 175, 176, 177, 179, 180, 182, 184, 185,
    189, 190, 191,   0,   1,   2,   3,   5,   6,   7,   8,   9,  10,  12,  13,  14,
     15,  16,  17,  18,  19,  20,  21,  22,  23,  24,  25,  26,  27,  28,  29,  30,
     31,  32,  33,  34,  35,  36,  37,  38,  39,  40,  41,  42,  43,  44,  45,  46,
     47,  48,  49,  50,  51,  52,  53,  54,  56,  57,  58,  59,  60,  61,  63,  64,
     66,  67,  68,  69,  71,  72,  73,  74,  77,  79,  80,  81,  82,  83,  84,  85,
     86,  87,  89,  90,  97,  98,  99, 100, 101, 102, 103, 104, 106, 107, 108, 111,
    114, 115, 117, 118, 119, 120, 121, 122, 123, 124, 128, 129, 131, 132, 133, 136,
    138, 141, 148, 150, 151, 152, 153, 158, 165, 167, 168, 169, 170, 171, 172, 173,
    174, 175, 176, 177, 179, 180, 182, 184, 185, 189, 190, 191,   0,   1,   2,   3,
      5,   6,   7,   8,   9,  10,  11,  12,  13,  14,  15,  16,  17,  18,  19,  20,
     21,  22,  23,  25,  26,  27,  28,  29,  30,  32,  33,  34,  35,  36,  37,  38,
     39,  40,  41,  42,  43,  44,  45,  46,  47,  48,  49,  50,  51,  52,  53,  54,
     55,  56,  57,  58,  59,  60,  61,  62,  63,  64,  65,  66,  67,  68,  69,  70,
     71,  72,  73,  76,  77,  78,  79,  83,  84,  85,  86,  87,  89,  90,  98,  99,
    100, 103, 104, 106, 107, 108, 112, 114, 117, 119, 124, 133, 136, 141, 142, 143,
    144, 145, 146, 147, 148, 149, 150, 151, 152, 153, 154, 155, 156, 157, 158, 160,
    161, 162, 163, 164, 166, 171, 172, 173, 174, 175, 176, 177, 179, 180, 182, 184,
    185, 189, 190, 191,   0,   1,   2,   3,   5,   6,   7,   8,   9,  10,  11,  12,
     13,  14,  15,  16,  17,  18,  19,  20,  21,  22,  23,  25,  26,  27,  28,  29,
     30,  31,  32,  33,  34,  35,  36,  37,  38,  39,  40,  41,  42,  43,  44,  45,
     46,  47,  48,  49,  50,  51,  52,  53,  54,  55,  56,  57,  58,  59,  60,  61,
     62,  63,  64,  65,  66,  67,  68,  69,  70,  71,  72,  73,  76,  77,  78,  79,
     83,  85,  86,  87,  89,  90,  98,  99, 100, 102, 103, 104, 106, 108, 111, 112,
    115, 117, 119, 125, 129, 133, 141, 142, 143, 144, 145, 146, 147, 148, 149, 150,
    151, 152, 153, 154, 155, 156, 157, 158, 160, 161, 162, 163, 164, 166, 171, 172,
    173, 174, 175, 176, 177, 179, 180, 182, 184, 185, 189, 190, 191,   0,   1,   2,
      5,   6,   7,   8,   9,  10,  12,  13,  16,  17,  18,  20,  22,  25,  26,  27,
     28,  29,  30,  31,  33,  34,  35,  36,  37,  38,  39,  40,  41,  42,  43,  44,
     45,  46,  47,  48,  49,  50,  51,  52,  53,  54,  55,  56,  57,  58,  59,  60,
     61,  62,  63,  64,  65,  66,  67,  69,  70,  71,  72,  73,  76,  77,  78,  79,
     80,  84,  85,  87,  89,  90,  98, 100, 102, 103, 104, 106, 108, 120, 121, 133,
    142, 143, 144, 145, 146, 147, 148, 149, 150, 151, 152, 153, 154, 155, 156, 157,
    160, 161, 162, 164, 174, 175, 176, 177, 179, 180, 182, 184, 185, 190,   0,   2,
      3,   5,   7,   8,   9,  10,  11,  12,  13,  14,  15,  16,  17,  18,  19,  20,
     21,  22,  23,  24,  25,  26,  27,  28,  29,  30,  31,  32,  33,  34,  35,  36,
     37,  38,  39,  40,  41,  42,  43,  44,  45,  47,  49,  50,  51,  52,  53,  54,
     55,  56,  57,  58,  59,  60,  61,  62,  63,  64,  65,  66,  68,  69,  70,  71,
     72,  73,  75,  76,  77,  78,  79,  80,  81,  82,  83,  84,  85,  86,  87,  89,
     90,  97,  98,  99, 100, 103, 104, 106, 107, 110, 112, 113, 114, 117, 118, 119,
    120, 123, 124, 133, 137, 138, 139, 140, 141, 142, 143, 144, 145, 146, 147, 148,
    149, 150, 151, 152, 153, 154, 155, 156, 157, 158, 159, 160, 161, 162, 163, 164,
    165, 166, 167, 168, 169, 170, 171, 172, 173, 174, 175, 176, 177, 179, 180, 182,
    184, 185, 189, 190, 191,   0,   1,   2,   3,   5,   6,   7,   8,   9,  10,  11,
     12,  14,  16,  17,  18,  20,  22,  24,  25,  26,  27,  28,  29,  30,  31,  32,
     33,  34,  35,  36,  37,  39,  40,  41,  42,  43,  44,  45,  47,  49,  50,  51,
     52,  53,  54,  55,  56,  57,  58,  59,  60,  61,  62,  63,  65,  66,  67,  68,
     69,  70,  71,  72,  73,  74,  75,  77,  78,  79,  80,  82,  83,  84,  85,  86,
     87,  89,  90,  98,  99, 100, 102, 103, 104, 106, 108, 110, 112, 114, 118, 120,
    121, 123, 124, 133, 136, 138, 141, 142, 143, 144, 145, 146, 147, 148, 150, 151,
    152, 153, 154, 155, 156, 157, 159, 167, 168, 169, 170, 171, 172, 173, 174, 175,
    176, 177, 179, 180, 182, 184, 185, 189, 190, 191,   0,   1,   2,   3,   5,   6,
      7,   8,   9,  10,  11,  12,  14,  15,  16,  18,  19,  20,  21,  22,  23,  26,
     27,  28,  29,  30,  31,  32,  33,  34,  35,  36,  37,  38,  39,  40,  41,  42,
     43,  44,  45,  46,  47,  48,  49,  50,  52,  53,  54,  55,  56,  58,  59,  60,
     61,  62,  63,  64,  65,  66,  67,  68,  69,  70,  71,  72,  73,  74,  75,  76,
     77,  78,  79,  80,  81,  82,  83,  84,  85,  86,  89,  90,  97,  98,  99, 100,
    102, 103, 104, 106, 107, 108, 111, 112, 113, 114, 117, 118, 119, 120, 121, 122,
    123, 124, 125, 129, 131, 132, 133, 134, 136, 138, 139, 141, 142, 143, 144, 145,
    146, 147, 148, 149, 150, 151, 152, 153, 154, 155, 156, 157, 158, 159, 160, 161,
    162, 163, 164, 165, 166, 167, 168, 169, 170, 171, 172, 173, 174, 175, 177, 180,
    182, 184, 185, 189, 190, 191,   0,   1,   2,   3,   5,   6,   7,   8,   9,  10,
     11,  12,  13,  14,  15,  16,  17,  18,  19,  20,  21,  22,  23,  24,  25,  26,
     27,  28,  29,  30,  31,  32,  33,  34,  35,  36,  37,  38,  39,  40,  41,  42,
     43,  44,  45,  46,  47,  48,  49,  50,  51,  52,  53,  54,  55,  56,  57,  58,
     59,  60,  61,  62,  63,  64,  65,  66,  67,  68,  69,  70,  71,  72,  73,  74,
     75,  76,  77,  78,  79,  80,  81,  82,  83,  84,  85,  86,  87,  89,  90,  97,
     98,  99, 100, 103, 104, 106, 108, 112, 117, 118, 119, 121, 123, 125, 132, 133,
    141, 142, 143, 144, 145, 146, 147, 148, 149, 150, 151, 152, 153, 154, 155, 156,
    157, 158, 159, 160, 161, 162, 163, 164, 166, 167, 168, 169, 170, 171, 172, 173,
    174, 175, 176, 177, 179, 180, 182, 184, 185, 189, 190, 191,   1,   2,   3,   5,
      6,   7,   8,   9,  10,  11,  12,  13,  14,  15,  16,  17,  18,  19,  20,  23,
     24,  27,  28,  29,  30,  31,  32,  33,  34,  35,  36,  37,  38,  39,  40,  41,
     42,  43,  44,  45,  46,  47,  48,  49,  50,  51,  52,  53,  54,  55,  56,  57,
     58,  59,  60,  61,  62,  63,  64,  65,  66,  67,  68,  69,  70,  71,  72,  73,
     74,  75,  76,  77,  78,  79,  80,  81,  82,  83,  84,  85,  86,  89,  98, 100,
    104, 106, 108, 118, 120, 124, 133, 142, 143, 144, 145, 146, 147, 149, 150, 151,
    152, 153, 154, 155, 156, 157, 158, 159, 160, 161, 162, 163, 164, 166, 167, 168,
    169, 170, 171, 172, 173, 174, 175, 176, 177, 179, 180, 182, 184, 185, 189, 190,
      1,   2,   3,   5,   6,   8,   9,  10,  11,  12,  13,  14,  15,  16,  17,  18,
     19,  20,  22,  24,  27,  28,  29,  30,  31,  32,  33,  34,  35,  36,  37,  38,
     39,  40,  41,  42,  43,  44,  45,  46,  47,  48,  49,  51,  52,  53,  54,  55,
     56,  57,  58,  59,  60,  61,  62,  63,  64,  65,  67,  68,  69,  70,  71,  72,
     73,  74,  75,  76,  77,  78,  79,  80,  81,  82,  83,  84,  85,  86,  87,  89,
     90,  98,  99, 100, 103, 104, 106, 108, 114, 119, 128, 129, 130, 132, 141, 142,
    143, 144, 145, 146, 147, 148, 149, 154, 155, 156, 157, 159, 160, 161, 162, 163,
    164, 166, 167, 168, 169, 170, 171, 172, 173, 174, 175, 176, 177, 179, 180, 182,
    184, 185, 189, 190, 191,   0,   1,   2,   3,   5,   6,   7,   8,   9,  10,  12,
     13,  14,  16,  18,  19,  20,  21,  22,  24,  25,  26,  27,  28,  29,  30,  31,
     32,  33,  35,  36,  37,  39,  40,  41,  42,  43,  44,  45,  47,  49,  50,  52,
     53,  54,  55,  56,  58,  59,  60,  61,  62,  63,  64,  65,  66,  67,  68,  69,
     70,  71,  73,  74,  75,  76,  77,  78,  79,  80,  81,  83,  84,  85,  86,  87,
     89,  90,  98,  99, 100, 103, 104, 106, 107, 108, 120, 142, 143, 144, 145, 146,
    147, 148, 149, 150, 151, 152, 153, 154, 155, 156, 157, 158, 159, 160, 161, 162,
    163, 164, 166, 171, 172, 174, 175, 176, 177, 179, 180, 182, 184, 185, 189, 190,
    191,   0,   1,   2,   3,   5,   6,   7,   8,  10,  11,  12,  13,  14,  15,  16,
     17,  18,  19,  20,  23,  24,  25,  26,  27,  28,  29,  30,  31,  32,  33,  34,
     35,  36,  37,  38,  39,  40,  41,  42,  43,  44,  45,  46,  47,  48,  49,  50,
     51,  52,  53,  54,  55,  56,  57,  58,  59,  60,  61,  62,  63,  64,  65,  66,
     68,  69,  70,  71,  72,  73,  74,  75,  76,  77,  78,  80,  81,  82,  83,  84,
     85,  86,  87,  89,  90,  98,  99, 100, 103, 104, 106, 108, 111, 118, 119, 120,
    132, 133, 139, 142, 143, 144, 145, 146, 147, 148, 149, 150, 151, 152, 153, 154,
    155, 158, 159, 160, 161, 162, 163, 164, 166, 167, 168, 169, 170, 171, 172, 174,
    175, 176, 177, 179, 180, 182, 184, 185, 189, 190, 191,   0,   1,   2,   3,   5,
      6,   7,   8,   9,  10,  12,  14,  16,  18,  19,  20,  22,  23,  24,  27,  28,
     29,  30,  31,  32,  33,  34,  35,  36,  37,  38,  39,  40,  41,  42,  43,  45,
     46,  47,  48,  49,  50,  51,  52,  53,  54,  55,  56,  58,  59,  60,  61,  62,
     63,  64,  67,  68,  69,  72,  74,  75,  76,  77,  79,  80,  81,  82,  83,  84,
     85,  86,  87,  89,  90,  98,  99, 100, 102, 103, 104, 106, 108, 117, 122, 124,
    137, 141, 142, 143, 144, 145, 146, 147, 148, 149, 159, 160, 161, 162, 163, 164,
    165, 167, 168, 169, 170, 171, 173, 174, 175, 176, 177, 179, 180, 182, 184, 185,
    189, 190, 191,   1,   6,   7,   9,  10,  11,  12,  13,  14,  15,  16,  17,  18,
     19,  20,  21,  22,  23,  24,  25,  30,  31,  32,  33,  34,  35,  36,  37,  38,
     39,  40,  41,  42,  43,  44,  45,  46,  47,  48,  49,  50,  51,  52,  53,  54,
     55,  56,  57,  58,  60,  62,  63,  64,  65,  66,  67,  68,  69,  70,  71,  72,
     73,  74,  75,  76,  77,  78,  79,  80,  81,  82,  83,  84,  85,  86,  87,  88,
     89,  98,  99, 101, 108, 177, 179, 180, 181, 184, 189, 190,   1,   6,   7,   8,
      9,  10,  11,  12,  13,  25,  26,  28,  32,  33,  34,  35,  36,  37,  38,  39,
     40,  41,  42,  43,  44,  45,  46,  47,  49,  50,  51,  52,  53,  54,  55,  56,
     57,  59,  60,  62,  64,  65,  66,  67,  68,  69,  70,  71,  72,  74,  75,  76,
     77,  79,  80,  81,  82,  84,  85,  87,  88,  89, 108, 177, 180, 190,   0,   1,
      6,   7,   8,   9,  11,  12,  13,  14,  15,  16,  17,  18,  19,  20,  21,  22,
     23,  24,  25,  26,  30,  32,  33,  34,  35,  36,  37,  38,  39,  40,  41,  42,
     43,  44,  45,  46,  47,  48,  49,  50,  51,  52,  53,  54,  55,  56,  57,  59,
     62,  63,  64,  65,  66,  67,  68,  69,  70,  71,  72,  73,  74,  75,  76,  77,
     78,  79,  80,  81,  82,  83,  84,  85,  86,  87,  98, 108, 111, 121, 134, 140,
    143, 153, 172, 176, 177, 179, 180, 189, 190,   1,   6,   8,  15,  16,  17,  18,
     19,  20,  21,  22,  23,  24,  33,  35,  36,  37,  39,  40,  42,  43,  44,  45,
     47,  49,  50,  51,  52,  53,  54,  55,  56,  57,  63,  67,  69,  70,  71,  72,
     73,  74,  75,  77,  79,  80,  81,  82,  83,  86,  87,  91,  98, 108, 109, 119,
    127, 136, 180, 189, 190,   0,   1,   6,   8,  11,  12,  13,  14,  15,  16,  17,
     18,  19,  20,  21,  22,  23,  24,  25,  26,  30,  59, 103, 104, 106, 108, 190,
      0,   1,   6,   8,  11,  12,  13,  14,  15,  16,  17,  18,  19,  20,  21,  22,
     23,  24,  25,  26,  30,  59, 103, 104, 106, 108, 177, 190,   0,   1,   6,   8,
     11,  12,  13,  14,  15,  16,  17,  18,  19,  20,  21,  22,  23,  24,  25,  26,
     30,  59, 103, 104, 106,  15,  16,  17,  18,  19,  20,  21,  22,  23,  24,   8,
     16,  17,  24,  32,  33,  34,  35,  36,  37,  38,  39,  40,  41,  42,  43,  44,
     45,  46,  47,  48,  49,  50,  51,  52,  53,  54,  55,  56,  57,   1,   6,   8,
     11,  12,  13,  25,  26, 108, 177, 180, 190,   0,   1,   2,   3,   5,   6,   7,
      8,   9,  10,  11,  12,  13,  14,  15,  16,  17,  18,  19,  20,  21,  22,  27,
     28,  30,  31,  32,  33,  35,  36,  37,  38,  39,  40,  41,  42,  43,  45,  46,
     47,  48,  49,  50,  52,  53,  54,  55,  56,  57,  58,  59,  60,  62,  63,  64,
     65,  66,  68,  69,  71,  72,  73,  76,  77,  78,  82,  83,  84,  85,  86,  87,
     88,  89,  90,  91,  93,  95,  96,  98,  99, 101, 103, 104, 106, 108, 110, 111,
    112, 113, 114, 115, 116, 118, 119, 120, 121, 122, 123, 124, 125, 127, 128, 129,
    130, 131, 132, 133, 134, 135, 136, 137, 138, 139, 141, 142, 143, 144, 145, 146,
    147, 148, 149, 150, 151, 152, 153, 160, 161, 162, 163, 164, 165, 166, 167, 168,
    169, 170, 171, 174, 175, 176, 177, 178, 179, 180, 181, 182, 183, 184, 188, 189,
    190, 194, 199,   7,   8,  12,  15,  16,  17,  18,  19,  20,  21,  22,  23,  24,
     32,  33,  34,  35,  36,  37,  38,  39,  40,  41,  42,  43,  44,  45,  46,  47,
     48,  49,  50,  51,  53,  54,  55,  56,  57,  62,  63,  64,  65,  66,  67,  68,
     69,  70,  71,  72,  73,  74,  75,  76,  77,  78,  79,  80,  81,  83,  84,  85,
     86,  87,   0,   1,   6,   8,  11,  12,  13,  14,  25,  26,  30,  98, 108, 176,
    177, 179, 180, 189, 190,   0,   1,   6,   8,   9,  11,  12,  13,  14,  15,  16,
     17,  18,  19,  20,  21,  22,  23,  24,  25,  26,  30,  32,  33,  34,  35,  36,
     37,  38,  39,  40,  41,  42,  43,  44,  45,  46,  47,  49,  50,  51,  52,  53,
     54,  55,  56,  57,  59,  62,  63,  64,  65,  66,  67,  68,  70,  71,  72,  73,
     74,  75,  76,  77,  79,  80,  81,  82,  83,  85,  86,  87, 103, 104, 106, 108,
    174, 175, 177, 179, 180, 190,   1,   6,   7,   8,  12,  15,  16,  17,  18,  19,
     20,  21,  22,  23,  24,  32,  33,  34,  35,  36,  37,  38,  39,  40,  41,  42,
     43,  44,  47,  49,  50,  53,  55,  57,  62,  63,  64,  65,  66,  67,  70,  71,
     72,  73,  77,  79,  80,  83,  85,  87,   0,   7,   8,  10,  11,  12,  13,  14,
     25,  26,  28,  30,  32,  33,  34,  35,  36,  37,  39,  40,  42,  43,  44,  45,
     47,  49,  50,  51,  52,  53,  54,  55,  57,  59,  89,  98, 102, 103, 104, 106,
    133, 174, 175, 177, 179, 180, 189, 190, 192,   1,   6,   7,   8,   9,  10,  11,
     12,  13,  14,  25,  26,  28,  30,  32,  33,  34,  35,  36,  37,  38,  39,  40,
     42,  43,  44,  45,  46,  47,  49,  50,  51,  52,  53,  54,  55,  57,  59,  89,
     98, 102, 104, 106, 108, 133, 177, 179, 189, 192,   1,   6,   8,  12,  13,  32,
     33,  34,  35,  37,  39,  41,  42,  43,  45,  46,  47,  50,  51,  53,  54,  63,
     64,  66,  68,  70,  72,  73,  74,  76,  77,  79,  80,  81,  82,  84,  85,  86,
    103, 104, 108, 177, 180, 190,   0,   1,   6,   8,   9,  10,  11,  12,  13,  14,
     25,  26,  30,  32,  33,  35,  36,  37,  38,  39,  40,  42,  43,  44,  45,  46,
     47,  49,  50,  51,  52,  55,  56,  57,  59,  98, 103, 108, 189, 192,   1,   6,
      8,   9,  11,  12,  13,  14,  25,  26, 177, 180,   0,   1,   2,   3,   4,   5,
      6,   8,   9,  10,  11,  12,  13,  14,  15,  16,  17,  18,  19,  20,  21,  22,
     25,  26,  28,  29,  30,  31,  32,  33,  34,  35,  36,  37,  38,  39,  40,  41,
     42,  43,  44,  45,  46,  47,  48,  49,  50,  51,  52,  53,  54,  55,  56,  57,
     59,  62,  63,  64,  65,  66,  67,  69,  70,  71,  72,  73,  74,  75,  76,  77,
     78,  79,  80,  81,  82,  83,  84,  85,  86,  87,  89,  90,  91,  95,  98,  99,
    103, 104, 106, 108, 109, 110, 111, 112, 114, 115, 116, 117, 119, 123, 124, 127,
    129, 130, 132, 134, 136, 138, 141, 142, 143, 144, 146, 147, 148, 149, 151, 155,
    156, 161, 164, 166, 168, 170, 174, 175, 176, 177, 178, 179, 180, 181, 182, 183,
    184, 188, 189, 190, 199,   1,   6,   8,  15,  16,  17,  18,  19,  20,  21,  22,
     23,  24,  32,  33,  34,  35,  36,  37,  38,  39,  40,  41,  42,  43,  44,  45,
     46,  47,  48,  49,  50,  51,  52,  53,  54,  55,  56,  57,  62,  63,  64,  65,
     66,  67,  68,  69,  70,  71,  72,  73,  74,  75,  76,  77,  78,  79,  80,  81,
     82,  83,  84,  85,  86,  87,  91, 108, 109, 119, 129, 136, 168, 177, 179, 190,
      0,   1,   6,   7,   8,   9,  11,  12,  14,  16,  17,  30,  32,  34,  37,  38,
     39,  41,  44,  45,  46,  48,  50,  51,  52,  53,  54,  55,  56,  57,  59,  62,
     63,  64,  65,  66,  68,  69,  70,  71,  72,  73,  75,  76,  77,  78,  79,  80,
     81,  82,  83,  84,  85,  86,  87,  98, 103, 104, 106, 108, 110, 111, 112, 114,
    117, 126, 127, 128, 129, 134, 135, 136, 138, 142, 143, 146, 154, 155, 157, 160,
    174, 175, 176, 177, 179, 180, 182, 184, 185, 189, 190,   0,   1,   6,   7,   8,
      9,  11,  12,  14,  16,  30,  32,  34,  37,  38,  39,  41,  44,  45,  46,  48,
     50,  51,  52,  53,  54,  55,  56,  57,  59,  62,  63,  64,  65,  66,  68,  69,
     70,  71,  72,  73,  75,  76,  77,  78,  79,  80,  81,  82,  83,  84,  85,  86,
     87,  98, 100, 103, 104, 106, 108, 110, 111, 112, 113, 114, 116, 117, 126, 127,
    128, 129, 130, 132, 135, 136, 138, 139, 140, 142, 143, 148, 149, 154, 155, 157,
    158, 159, 172, 174, 175, 176, 177, 179, 180, 182, 184, 185, 189, 190,   0,   1,
      6,   7,   8,  11,  12,  14,  21,  30,  32,  34,  37,  38,  39,  41,  44,  45,
     46,  48,  50,  51,  52,  53,  54,  55,  56,  57,  59,  62,  63,  64,  65,  68,
     69,  70,  71,  72,  73,  75,  76,  77,  78,  79,  80,  81,  82,  83,  84,  85,
     86,  87,  98, 103, 104, 106, 108, 110, 112, 113, 117, 128, 137, 138, 139, 144,
    149, 176, 177, 179, 180, 182, 185, 189, 190,   0,   1,   6,   7,   8,   9,  11,
     12,  14,  15,  30,  32,  34,  37,  38,  39,  41,  44,  45,  46,  50,  51,  52,
     53,  54,  55,  56,  57,  59,  63,  65,  66,  68,  69,  70,  71,  73,  75,  76,
     77,  79,  80,  81,  82,  83,  84,  87,  97,  98, 103, 104, 106, 108, 111, 113,
    114, 127, 129, 131, 135, 139, 140, 145, 163, 175, 176, 177, 179, 180, 182, 184,
    185, 189, 190,   0,   1,   6,   7,   8,  11,  12,  14,  17,  30,  32,  34,  37,
     38,  39,  41,  44,  45,  46,  48,  50,  51,  52,  53,  54,  55,  56,  57,  59,
     61,  62,  63,  64,  65,  66,  68,  69,  70,  71,  72,  73,  75,  76,  77,  78,
     79,  80,  81,  82,  83,  84,  85,  86,  87,  98, 100, 103, 104, 106, 108, 111,
    112, 114, 115, 117, 126, 127, 129, 131, 132, 135, 136, 138, 139, 144, 146, 152,
    158, 164, 170, 174, 175, 176, 177, 179, 180, 182, 184, 185, 189, 190,   0,   1,
      6,   7,   8,   9,  11,  12,  14,  15,  16,  30,  32,  34,  37,  38,  39,  41,
     44,  45,  46,  48,  50,  51,  52,  53,  54,  55,  56,  57,  59,  62,  63,  64,
     65,  66,  68,  69,  70,  71,  72,  73,  75,  77,  79,  80,  81,  82,  83,  84,
     85,  86,  87,  98, 103, 104, 106, 108, 114, 115, 116, 117, 127, 132, 134, 147,
    148, 159, 174, 176, 177, 179, 180, 182, 185, 189, 190,   1,   6,   7,   8,  12,
     14,  30,  32,  33,  37,  38,  39,  41,  44,  45,  50,  51,  52,  53,  55,  57,
     59,  62,  63,  64,  65,  66,  68,  70,  72,  73,  74,  75,  76,  77,  78,  80,
     81,  83,  84,  85,  98, 103, 104, 106, 108, 111, 116, 127, 136, 148, 151, 158,
    159, 161, 172, 174, 177, 180, 182, 185, 189, 190,   0,   1,   6,   7,   8,   9,
     11,  12,  13,  14,  20,  25,  26,  30,  32,  33,  34,  35,  36,  37,  38,  39,
     40,  41,  42,  43,  44,  45,  46,  47,  48,  49,  50,  51,  53,  54,  55,  56,
     59,  62,  63,  64,  65,  66,  67,  68,  69,  70,  71,  72,  74,  75,  76,  77,
     78,  79,  81,  82,  83,  84,  85,  86,  87,  98, 103, 104, 106, 108, 110, 111,
    112, 113, 114, 115, 116, 117, 118, 119, 120, 121, 122, 123, 124, 125, 128, 129,
    130, 131, 132, 134, 139, 142, 144, 145, 146, 148, 149, 150, 151, 152, 153, 154,
    155, 156, 160, 164, 168, 169, 170, 171, 175, 176, 177, 179, 180, 182, 185, 189,
    190,   0,   1,   6,   7,   8,  12,  14,  16,  30,  32,  33,  38,  39,  41,  42,
     43,  44,  45,  50,  51,  52,  53,  54,  55,  57,  59,  62,  63,  64,  65,  66,
     68,  71,  72,  73,  74,  75,  76,  77,  78,  80,  81,  82,  83,  84,  85,  86,
     87,  98, 103, 104, 106, 108, 110, 111, 112, 114, 127, 135, 138, 149, 150, 151,
    174, 175, 176, 177, 179, 180, 182, 184, 185, 189, 190,   0,   1,   5,   6,   7,
      8,   9,  12,  14,  16,  17,  18,  30,  32,  33,  38,  39,  41,  42,  43,  44,
     45,  50,  51,  52,  53,  54,  55,  57,  59,  61,  62,  63,  64,  65,  66,  68,
     71,  72,  73,  74,  75,  76,  77,  78,  80,  81,  82,  83,  84,  85,  86,  87,
     98, 103, 104, 106, 108, 110, 111, 112, 114, 115, 127, 135, 136, 137, 138, 140,
    150, 151, 155, 161, 167, 174, 175, 176, 177, 179, 180, 182, 184, 185, 189, 190,
      0,   1,   6,   7,   8,   9,  12,  14,  16,  17,  30,  32,  33,  38,  39,  41,
     42,  43,  44,  45,  50,  51,  52,  53,  54,  55,  57,  59,  62,  63,  64,  65,
     66,  68,  71,  72,  73,  74,  75,  77,  78,  80,  81,  82,  83,  84,  85,  86,
     87,  98, 103, 104, 106, 108, 110, 112, 135, 136, 137, 149, 151, 152, 174, 176,
    177, 179, 180, 182, 184, 185, 189, 190,   0,   1,   6,   7,   8,   9,  12,  14,
     16,  17,  18,  20,  30,  32,  33,  38,  39,  41,  42,  43,  44,  45,  50,  51,
     52,  53,  54,  55,  57,  59,  62,  64,  65,  66,  68,  71,  72,  73,  74,  75,
     76,  77,  80,  81,  82,  83,  84,  87,  98, 103, 104, 106, 108, 110, 111, 114,
    127, 135, 153, 174, 175, 176, 177, 179, 180, 182, 184, 185, 189, 190,   0,   1,
      6,   7,   8,  11,  12,  13,  14,  25,  26,  30,  34,  35,  37,  38,  41,  45,
     46,  47,  48,  50,  51,  52,  53,  54,  55,  56,  57,  59,  62,  63,  64,  65,
     66,  67,  68,  70,  71,  74,  75,  76,  77,  79,  80,  81,  82,  84,  85,  86,
     87,  98, 103, 104, 106, 108, 117, 128, 129, 135, 136, 175, 177, 180, 182, 184,
    185, 189, 190,   0,   1,   6,   7,   8,   9,  11,  12,  13,  14,  15,  16,  25,
     26,  30,  34,  35,  37,  38,  41,  45,  46,  47,  48,  50,  51,  52,  53,  54,
     55,  56,  57,  59,  62,  63,  64,  65,  66,  67,  68,  70,  71,  74,  75,  76,
     77,  78,  79,  80,  81,  82,  83,  84,  85,  86,  87,  97,  98, 103, 104, 106,
    108, 116, 117, 122, 127, 128, 129, 130, 132, 134, 135, 136, 143, 155, 158, 159,
    161, 172, 174, 175, 177, 180, 182, 184, 185, 189, 190,   1,   5,   6,   7,   8,
     11,  12,  13,  14,  16,  19,  25,  26,  30,  34,  35,  37,  38,  41,  45,  46,
     47,  48,  50,  51,  52,  53,  54,  55,  56,  57,  59,  62,  63,  64,  65,  67,
     68,  69,  70,  71,  72,  73,  74,  75,  76,  77,  78,  79,  80,  81,  82,  83,
     84,  85,  86,  87,  97,  98, 103, 104, 108, 116, 117, 124, 127, 128, 130, 132,
    137, 149, 152, 156, 174, 175, 176, 177, 179, 180, 182, 184, 185, 189, 190,   0,
      1,   6,   7,   8,  11,  12,  13,  14,  25,  26,  30,  34,  35,  37,  38,  41,
     45,  46,  47,  48,  50,  51,  52,  53,  54,  55,  56,  57,  59,  62,  63,  65,
     74,  75,  76,  79,  80,  81,  84,  86,  98, 103, 104, 106, 108, 117, 127, 128,
    129, 130, 132, 135, 136, 142, 157, 177, 180, 182, 184, 185, 189, 190,   1,   6,
      7,   8,  11,  12,  13,  14,  16,  25,  30,  32,  33,  34,  35,  36,  37,  38,
     39,  40,  41,  42,  43,  44,  45,  46,  47,  49,  50,  51,  53,  54,  56,  57,
     59,  62,  66,  76,  82,  98, 103, 104, 106, 110, 111, 112, 116, 118, 119, 122,
    123, 126, 129, 130, 132, 134, 139, 140, 142, 148, 158, 176, 177, 179, 180, 182,
    184, 185, 189,   0,   1,   6,   7,   8,  11,  12,  13,  14,  15,  25,  26,  30,
     32,  33,  34,  35,  36,  37,  39,  40,  41,  42,  43,  44,  45,  47,  49,  50,
     51,  52,  53,  54,  55,  56,  57,  59,  62,  66,  68,  70,  76,  79,  82,  86,
    103, 104, 106, 108, 110, 111, 112, 113, 114, 115, 117, 118, 119, 121, 122, 123,
    124, 127, 135, 136, 138, 139, 142, 143, 146, 151, 155, 159, 161, 168, 177, 180,
    182, 184, 185, 190,   1,   6,   7,   8,  11,  12,  13,  14,  25,  30,  32,  33,
     34,  35,  36,  37,  38,  39,  40,  41,  42,  43,  44,  45,  46,  47,  48,  49,
     50,  51,  53,  55,  56,  57,  59,  61,  62,  63,  64,  65,  66,  67,  68,  69,
     72,  73,  74,  75,  76,  77,  79,  80,  81,  82,  83,  84,  86,  87,  98, 103,
    104, 106, 108, 110, 111, 117, 118, 119, 120, 121, 122, 123, 125, 126, 127, 128,
    129, 132, 160, 161, 174, 176, 177, 179, 180, 182, 184, 185, 189, 190,   1,   6,
      7,   8,  11,  12,  13,  14,  16,  17,  18,  21,  22,  25,  30,  32,  33,  34,
     35,  36,  37,  38,  39,  40,  41,  42,  43,  44,  45,  46,  47,  48,  49,  50,
     51,  53,  55,  56,  57,  59,  62,  63,  64,  65,  66,  67,  68,  69,  72,  73,
     74,  75,  76,  77,  78,  79,  80,  81,  82,  83,  84,  86,  87,  98, 100, 103,
    104, 106, 108, 110, 111, 114, 116, 117, 118, 119, 120, 121, 122, 123, 125, 126,
    127, 128, 129, 130, 131, 132, 134, 139, 140, 143, 148, 151, 158, 159, 160, 161,
    164, 168, 172, 174, 175, 176, 177, 179, 180, 182, 184, 185, 189, 190,   1,   6,
      7,   8,  11,  12,  13,  14,  16,  24,  25,  30,  32,  33,  34,  35,  36,  37,
     38,  39,  40,  41,  42,  43,  44,  45,  46,  47,  48,  49,  50,  51,  53,  55,
     56,  57,  59,  62,  63,  64,  65,  67,  68,  69,  72,  73,  74,  75,  76,  77,
     79,  80,  81,  82,  83,  84,  87,  98, 103, 104, 106, 108, 111, 112, 116, 117,
    118, 120, 121, 122, 123, 124, 125, 126, 127, 128, 130, 140, 149, 162, 170, 174,
    175, 176, 177, 179, 180, 182, 185, 189, 190,   1,   6,   7,   8,  11,  12,  13,
     14,  25,  30,  32,  33,  34,  35,  36,  37,  38,  39,  40,  41,  42,  43,  44,
     45,  46,  47,  48,  49,  50,  51,  53,  56,  57,  59,  62,  63,  64,  65,  66,
     67,  68,  69,  72,  73,  74,  75,  77,  79,  80,  81,  82,  83,  84,  87, 103,
    104, 106, 108, 113, 114, 118, 123, 127, 131, 132, 163, 164, 174, 177, 179, 180,
    182, 184, 185, 190,   1,   6,   7,   8,  11,  12,  13,  14,  16,  17,  18,  25,
     30,  32,  33,  34,  35,  36,  37,  38,  39,  40,  41,  42,  43,  44,  45,  46,
     47,  48,  49,  50,  51,  53,  55,  56,  57,  59,  61,  62,  63,  64,  65,  66,
     67,  68,  69,  72,  73,  74,  75,  76,  77,  78,  79,  80,  81,  82,  83,  84,
     86,  87,  98, 103, 104, 106, 108, 110, 111, 112, 114, 115, 117, 118, 119, 120,
    121, 122, 123, 124, 125, 126, 127, 128, 129, 130, 131, 132, 134, 139, 140, 146,
    149, 158, 159, 164, 170, 171, 174, 176, 177, 179, 180, 182, 185, 189, 190,   1,
      6,   7,   8,  12,  15,  16,  17,  18,  19,  20,  21,  22,  23,  24,  32,  33,
     34,  35,  36,  37,  38,  39,  40,  41,  42,  43,  44,  45,  46,  47,  48,  49,
     50,  51,  52,  53,  54,  55,  56,  57,  62,  63,  64,  65,  66,  67,  68,  69,
     70,  72,  73,  74,  75,  77,  78,  79,  80,  81,  83,  84,  86,  87, 179, 180,
      1,   6,   7,   8,  11,  12,  13,  14,  15,  16,  17,  18,  20,  22,  23,  25,
     30,  32,  33,  34,  35,  36,  37,  38,  39,  40,  41,  42,  43,  44,  45,  46,
     47,  49,  50,  51,  53,  55,  56,  57,  59,  63,  64,  65,  66,  67,  68,  69,
     72,  73,  74,  75,  77,  79,  80,  81,  83,  84,  86,  98, 103, 104, 106, 108,
    115, 116, 123, 126, 132, 134, 158, 166, 174, 175, 176, 177, 179, 180, 182, 185,
    189, 190,   0,   1,   6,   7,   8,  11,  12,  13,  14,  16,  25,  26,  30,  32,
     34,  35,  37,  38,  41,  45,  46,  47,  48,  49,  50,  51,  52,  53,  54,  55,
     56,  57,  59,  63,  64,  65,  67,  68,  70,  71,  72,  73,  74,  75,  76,  77,
     78,  79,  80,  81,  82,  84,  87,  98, 103, 104, 106, 108, 110, 111, 112, 117,
    128, 130, 132, 135, 136, 167, 174, 175, 176, 177, 179, 180, 182, 184, 185, 189,
    190,   0,   1,   6,   7,   8,  11,  12,  13,  14,  16,  22,  25,  26,  30,  32,
     34,  35,  37,  38,  41,  45,  46,  47,  48,  49,  50,  51,  52,  53,  54,  55,
     56,  57,  59,  62,  63,  64,  65,  67,  68,  69,  70,  71,  72,  73,  74,  75,
     76,  77,  79,  80,  81,  82,  83,  86,  87,  98, 103, 104, 106, 108, 110, 111,
    116, 117, 126, 127, 128, 129, 130, 132, 134, 135, 136, 138, 139, 155, 159, 160,
    168, 171, 174, 175, 176, 177, 179, 180, 182, 184, 185, 189, 190,   0,   1,   6,
      7,   8,  11,  12,  13,  14,  16,  25,  26,  30,  32,  34,  35,  37,  38,  41,
     45,  46,  47,  48,  49,  50,  51,  52,  53,  54,  55,  56,  57,  59,  62,  63,
     64,  65,  66,  67,  68,  69,  72,  73,  74,  75,  76,  77,  79,  80,  81,  84,
     85,  86,  87,  98, 103, 104, 106, 108, 110, 111, 112, 114, 116, 117, 128, 137,
    149, 169, 177, 179, 180, 182, 184, 185, 189, 190,   0,   1,   6,   7,   8,  11,
     12,  13,  14,  16,  17,  19,  20,  25,  26,  30,  32,  34,  35,  37,  38,  41,
     45,  46,  47,  48,  49,  50,  51,  52,  53,  54,  55,  56,  57,  59,  62,  63,
     64,  65,  66,  67,  68,  69,  70,  71,  72,  73,  74,  75,  76,  77,  78,  79,
     80,  81,  82,  83,  84,  85,  86,  87,  98, 103, 104, 106, 108, 110, 111, 112,
    114, 116, 117, 127, 128, 129, 130, 131, 132, 135, 136, 137, 138, 139, 146, 149,
    150, 164, 170, 171, 174, 175, 176, 177, 179, 180, 182, 184, 185, 189, 190,   0,
      1,   6,   7,   8,  11,  12,  13,  14,  17,  25,  26,  30,  32,  33,  34,  35,
     36,  37,  38,  39,  40,  41,  42,  43,  44,  45,  46,  47,  48,  49,  50,  51,
     52,  53,  54,  55,  56,  57,  59,  62,  65,  66,  67,  70,  71,  72,  73,  74,
     76,  79,  80,  81,  82,  83,  84,  86,  98, 103, 104, 106, 108, 111, 114, 116,
    117, 123, 126, 129, 132, 134, 136, 138, 139, 140, 146, 164, 170, 171, 175, 176,
    177, 179, 180, 182, 184, 185, 189, 190,   0,   1,   6,   8,  11,  12,  13,  14,
     25,  26,  30,  32,  33,  34,  35,  36,  37,  38,  39,  40,  41,  42,  43,  44,
     45,  46,  47,  49,  50,  51,  52,  53,  54,  56,  59,  62,  66,  70,  71,  76,
     79,  80,  83,  86, 103, 104, 106, 111, 116, 119, 123, 125, 126, 129, 130, 132,
    136, 139, 140, 143, 148, 151, 155, 161, 164, 171, 172, 174, 182, 185,   0,   1,
      6,   7,   8,  11,  12,  13,  14,  25,  26,  30,  32,  34,  35,  36,  41,  43,
     44,  59,  62,  63,  64,  65,  66,  67,  68,  69,  70,  71,  72,  74,  75,  76,
     77,  78,  79,  80,  81,  82,  83,  84,  86,  87,  98, 103, 104, 106, 146, 164,
    170, 174, 176, 177, 179, 180, 182, 185, 189, 190,   0,   1,   6,   7,   8,   9,
     12,  13,  14,  16,  17,  25,  26,  30,  32,  33,  34,  37,  38,  39,  40,  41,
     44,  45,  46,  49,  51,  53,  59,  62,  63,  64,  65,  66,  67,  68,  69,  70,
     71,  72,  73,  74,  75,  76,  77,  78,  80,  81,  82,  83,  84,  85,  86,  98,
    103, 104, 106, 108, 110, 135, 142, 143, 144, 146, 149, 150, 151, 153, 154, 155,
    157, 159, 160, 161, 166, 167, 168, 170, 174, 175, 176, 177, 179, 180, 182, 184,
    185, 189, 190,   0,   1,   6,   7,   8,   9,  12,  13,  14,  16,  18,  25,  26,
     30,  33,  34,  35,  36,  37,  39,  40,  41,  42,  43,  44,  45,  50,  51,  52,
     56,  59,  62,  63,  64,  65,  66,  67,  68,  69,  70,  71,  72,  73,  74,  75,
     76,  77,  78,  80,  81,  82,  83,  84,  85,  86,  98, 103, 104, 106, 108, 111,
    122, 123, 142, 143, 144, 145, 146, 148, 149, 150, 151, 152, 154, 155, 159, 160,
    161, 162, 164, 167, 168, 170, 171, 174, 175, 176, 177, 179, 180, 182, 184, 185,
    189, 190,   0,   1,   6,   7,   8,  12,  13,  14,  25,  26,  30,  32,  33,  34,
     35,  38,  40,  42,  43,  44,  45,  47,  49,  51,  59,  62,  63,  64,  65,  66,
     67,  68,  69,  70,  71,  72,  73,  74,  75,  76,  77,  78,  80,  81,  82,  83,
     84,  85,  86,  98, 103, 104, 106, 108, 112, 142, 144, 145, 149, 150, 151, 152,
    156, 157, 160, 169, 170, 171, 173, 176, 177, 179, 180, 182, 185, 189, 190,   0,
      1,   6,   7,   8,   9,  12,  13,  14,  25,  26,  30,  40,  46,  59,  62,  63,
     64,  65,  66,  67,  68,  69,  70,  71,  72,  73,  74,  75,  76,  77,  80,  81,
     82,  83,  84,  85,  86,  98, 103, 104, 106, 108, 113, 143, 145, 146, 151, 155,
    159, 161, 163, 167, 171, 175, 176, 177, 179, 180, 182, 184, 185, 189, 190,   0,
      1,   6,   7,   8,  12,  13,  14,  25,  26,  30,  32,  35,  38,  39,  40,  41,
     42,  43,  44,  45,  47,  49,  50,  51,  52,  53,  59,  61,  62,  63,  64,  65,
     66,  67,  68,  69,  70,  71,  72,  73,  74,  75,  76,  77,  78,  80,  81,  82,
     83,  84,  85,  86,  98, 103, 104, 106, 108, 114, 117, 129, 141, 143, 144, 146,
    147, 149, 150, 151, 152, 153, 154, 155, 156, 157, 159, 161, 163, 164, 167, 168,
    170, 171, 173, 174, 175, 176, 177, 179, 180, 182, 184, 185, 189, 190,   0,   1,
      6,   7,   8,  12,  13,  14,  16,  25,  26,  30,  32,  33,  41,  51,  59,  62,
     63,  64,  65,  66,  67,  68,  69,  70,  71,  72,  73,  74,  75,  76,  77,  78,
     80,  81,  82,  83,  84,  85,  86,  98, 103, 104, 106, 108, 146, 147, 148, 149,
    159, 164, 166, 173, 174, 176, 177, 179, 180, 182, 185, 189, 190,   0,   1,   6,
      7,   8,  11,  12,  13,  14,  30,  43,  59,  62,  63,  64,  65,  66,  67,  69,
     70,  71,  72,  73,  74,  75,  76,  78,  79,  80,  83,  84,  85,  98, 103, 104,
    106, 108, 127, 143, 149, 151, 153, 155, 158, 159, 161, 164, 166, 172, 174, 176,
    177, 179, 180, 182, 185, 189,   0,   1,   6,   7,   8,   9,  11,  12,  13,  14,
     16,  20,  30,  32,  33,  35,  40,  46,  59,  63,  64,  65,  66,  68,  69,  71,
     72,  73,  76,  77,  78,  81,  83,  84,  85,  86,  87,  98, 103, 104, 106, 108,
    112, 117, 132, 149, 150, 151, 152, 153, 160, 161, 162, 163, 164, 166, 171, 175,
    177, 180, 182, 185, 189, 190,   0,   1,   6,   7,   8,  11,  12,  13,  14,  16,
     30,  33,  34,  36,  37,  38,  40,  42,  45,  49,  50,  51,  52,  53,  59,  62,
     63,  64,  65,  66,  67,  69,  70,  71,  72,  73,  74,  75,  76,  78,  79,  80,
     83,  84,  98, 103, 104, 106, 108, 118, 149, 150, 151, 152, 153, 154, 155, 156,
    157, 159, 160, 161, 164, 166, 174, 175, 176, 177, 179, 180, 182, 184, 185, 189,
      1,   5,   6,   7,   8,   9,  11,  12,  13,  14,  16,  17,  18,  19,  30,  33,
     34,  35,  36,  37,  38,  39,  40,  41,  42,  43,  45,  46,  47,  49,  50,  51,
     52,  54,  55,  56,  59,  61,  62,  63,  64,  65,  66,  67,  69,  70,  71,  72,
     73,  74,  75,  76,  78,  79,  80,  83,  84,  98, 103, 104, 106, 108, 118, 119,
    149, 150, 151, 152, 153, 154, 155, 156, 157, 158, 159, 160, 161, 162, 164, 166,
    174, 175, 176, 177, 179, 180, 182, 184, 185, 189,   1,   6,   7,   8,   9,  11,
     12,  13,  14,  16,  17,  30,  36,  38,  39,  41,  42,  48,  50,  55,  59,  62,
     63,  64,  65,  66,  67,  69,  70,  71,  72,  73,  74,  75,  76,  78,  79,  80,
     83,  84,  98, 103, 104, 106, 108, 120, 149, 150, 151, 152, 153, 155, 161, 162,
    174, 176, 177, 179, 180, 182, 184, 185, 189,   1,   6,   7,   8,  11,  12,  13,
     14,  15,  16,  17,  18,  20,  21,  30,  33,  34,  35,  36,  37,  38,  40,  42,
     43,  45,  46,  47,  50,  51,  53,  57,  59,  62,  64,  65,  66,  67,  69,  70,
     71,  72,  73,  74,  75,  76,  78,  79,  80,  83,  84,  98, 103, 104, 106, 108,
    117, 121, 149, 151, 152, 153, 159, 160, 161, 162, 164, 174, 175, 176, 177, 179,
    180, 182, 184, 185, 189,   0,   1,   6,   7,   8,  12,  13,  14,  25,  26,  30,
     32,  33,  34,  40,  46,  50,  59,  62,  63,  64,  65,  66,  67,  68,  69,  70,
     71,  72,  74,  75,  76,  77,  78,  81,  82,  83,  84,  86,  87,  98, 103, 104,
    106, 108, 122, 123, 142, 143, 146, 149, 150, 151, 153, 154, 155, 156, 160, 161,
    167, 168, 175, 176, 177, 179, 180, 182, 184, 185, 189, 190,   0,   1,   6,   7,
      8,   9,  12,  13,  14,  15,  16,  25,  26,  30,  32,  34,  38,  40,  41,  44,
     45,  46,  50,  56,  59,  62,  63,  64,  65,  66,  67,  68,  70,  71,  73,  74,
     75,  76,  77,  78,  81,  82,  83,  84,  86,  87,  97,  98, 103, 104, 106, 108,
    128, 143, 144, 145, 149, 151, 152, 154, 155, 158, 159, 160, 161, 162, 164, 166,
    167, 168, 172, 174, 175, 176, 177, 179, 180, 182, 184, 185, 189, 190,   0,   1,
      6,   7,   8,  12,  13,  14,  16,  17,  19,  25,  26,  30,  34,  36,  39,  42,
     45,  48,  49,  53,  55,  56,  57,  59,  62,  64,  65,  66,  67,  68,  69,  70,
     71,  73,  74,  75,  76,  77,  78,  81,  82,  83,  84,  86,  87,  97,  98, 103,
    104, 106, 108, 124, 149, 150, 151, 154, 156, 158, 159, 160, 162, 164, 169, 174,
    175, 176, 177, 179, 180, 182, 184, 185, 189, 190,   0,   1,   6,   7,   8,  12,
     13,  25,  26,  30,  59,  62,  63,  64,  65,  66,  67,  68,  69,  70,  71,  72,
     73,  74,  75,  76,  77,  78,  81,  82,  83,  84,  86,  87,  98, 103, 104, 106,
    108, 125, 143, 149, 151, 154, 157, 159, 160, 161, 162, 164, 167, 176, 177, 179,
    180, 182, 184, 185, 189, 190,   1,   6,   7,   8,  11,  12,  13,  14,  16,  25,
     30,  32,  38,  39,  59,  62,  63,  64,  65,  66,  68,  69,  72,  73,  74,  75,
     76,  77,  79,  80,  81,  82,  83,  84,  86,  87,  98, 103, 104, 106, 142, 143,
    144, 148, 150, 151, 158, 161, 162, 164, 166, 168, 170, 171, 172, 176, 177, 179,
    180, 182, 184, 185, 189,   0,   1,   6,   7,   8,   9,  12,  13,  14,  15,  25,
     26,  30,  35,  36,  44,  46,  49,  59,  63,  65,  66,  67,  68,  69,  71,  72,
     73,  74,  77,  78,  79,  80,  81,  82,  83,  84,  85,  86,  87, 103, 104, 106,
    108, 127, 150, 151, 153, 167, 168, 170, 171, 173, 177, 180, 182, 184, 185, 190,
      0,   1,   6,   7,   8,   9,  11,  12,  13,  14,  25,  26,  30,  33,  44,  45,
     49,  51,  59,  61,  62,  63,  64,  65,  66,  67,  68,  69,  70,  71,  72,  73,
     76,  77,  78,  79,  83,  84,  85,  86,  87,  98, 103, 104, 106, 108, 122, 128,
    142, 143, 149, 150, 151, 152, 153, 154, 155, 157, 158, 160, 161, 164, 173, 174,
    176, 177, 179, 180, 182, 184, 185, 189, 190,   0,   1,   6,   7,   8,   9,  11,
     12,  13,  14,  16,  17,  18,  21,  22,  25,  26,  30,  36,  40,  42,  44,  45,
     47,  59,  62,  63,  64,  65,  66,  67,  68,  69,  70,  71,  72,  73,  76,  77,
     78,  79,  83,  84,  85,  86,  87,  98, 100, 103, 104, 106, 108, 129, 142, 143,
    146, 148, 149, 150, 151, 152, 153, 154, 155, 157, 158, 160, 161, 162, 163, 164,
    166, 171, 172, 174, 175, 176, 177, 179, 180, 182, 184, 185, 189, 190,   0,   1,
      6,   7,   8,  11,  12,  13,  14,  16,  25,  26,  30,  39,  40,  49,  51,  59,
     62,  63,  64,  65,  66,  67,  68,  69,  70,  71,  72,  73,  76,  77,  78,  79,
     83,  84,  85,  86,  87,  98, 103, 104, 106, 108, 130, 143, 144, 148, 149, 150,
    152, 153, 154, 155, 156, 157, 158, 160, 162, 172, 174, 175, 176, 177, 179, 180,
    182, 185, 189, 190,   0,   1,   6,   7,   8,  11,  12,  13,  14,  25,  26,  30,
     59,  62,  63,  64,  65,  66,  67,  68,  69,  70,  71,  72,  73,  76,  77,  78,
     79,  83,  84,  86,  87, 103, 104, 106, 108, 131, 145, 146, 150, 155, 163, 164,
    174, 177, 179, 180, 182, 184, 185, 190,   0,   1,   6,   7,   8,   9,  11,  12,
     13,  14,  17,  18,  25,  26,  30,  33,  34,  35,  36,  37,  38,  39,  40,  42,
     43,  44,  45,  47,  49,  50,  51,  53,  59,  61,  62,  63,  64,  65,  66,  67,
     68,  69,  70,  71,  72,  73,  76,  77,  78,  79,  83,  84,  85,  86,  87,  98,
    103, 104, 106, 108, 114, 132, 141, 142, 143, 144, 146, 147, 149, 150, 151, 152,
    153, 154, 155, 156, 157, 158, 160, 161, 162, 163, 164, 166, 171, 172, 174, 176,
    177, 179, 180, 182, 185, 189, 190,   7,   8,  15,  16,  17,  18,  19,  20,  21,
     22,  23,  24,  32,  33,  36,  40,  49,  56,  62,  63,  66,  70,  79,  86, 177,
    179, 180,   0,   1,   6,   7,   8,  11,  12,  13,  14,  22,  25,  26,  30,  35,
     37,  47,  59,  62,  63,  64,  65,  66,  67,  68,  69,  70,  71,  72,  73,  76,
     77,  79,  83,  84,  85,  86,  87,  98, 103, 104, 106, 108, 147, 148, 155, 158,
    164, 166, 174, 175, 176, 177, 179, 180, 182, 185, 189, 190,   0,   1,   6,   7,
      8,  11,  12,  13,  14,  16,  25,  26,  30,  33,  37,  38,  42,  45,  49,  50,
     57,  59,  62,  63,  64,  65,  66,  67,  68,  69,  70,  71,  72,  73,  74,  75,
     76,  77,  78,  79,  80,  81,  82,  83,  84,  85,  86,  87,  98, 103, 104, 106,
    108, 135, 142, 143, 144, 149, 150, 151, 152, 153, 154, 155, 156, 160, 162, 164,
    167, 168, 174, 175, 176, 177, 179, 180, 182, 184, 185, 189, 190,   0,   1,   6,
      7,   8,  11,  12,  13,  14,  16,  22,  25,  26,  30,  32,  33,  34,  36,  37,
     40,  42,  43,  44,  47,  51,  53,  54,  59,  62,  63,  64,  65,  66,  67,  68,
     69,  70,  71,  72,  73,  74,  75,  76,  77,  78,  79,  80,  81,  82,  83,  84,
     85,  86,  87,  98, 103, 104, 106, 108, 122, 128, 136, 142, 143, 148, 149, 150,
    151, 154, 155, 158, 159, 160, 161, 162, 164, 166, 167, 168, 170, 171, 172, 174,
    175, 176, 177, 179, 180, 182, 184, 185, 189, 190,   0,   1,   6,   7,   8,  11,
     12,  13,  14,  16,  25,  26,  30,  32,  33,  35,  39,  43,  44,  45,  49,  50,
     53,  59,  62,  63,  64,  65,  66,  67,  68,  69,  70,  71,  72,  73,  74,  75,
     76,  77,  78,  79,  80,  81,  82,  83,  84,  85,  86,  87,  98, 103, 104, 106,
    108, 137, 142, 143, 144, 146, 148, 149, 150, 151, 152, 153, 156, 157, 160, 169,
    177, 179, 180, 182, 184, 185, 189, 190,   0,   1,   6,   7,   8,  11,  12,  13,
     14,  16,  17,  19,  20,  23,  25,  26,  30,  32,  33,  34,  35,  36,  38,  39,
     40,  42,  43,  45,  47,  49,  50,  51,  52,  53,  59,  62,  63,  64,  65,  66,
     67,  68,  69,  70,  71,  72,  73,  74,  75,  76,  77,  78,  79,  80,  81,  82,
     83,  84,  85,  86,  87,  98, 103, 104, 106, 108, 114, 138, 141, 142, 143, 144,
    146, 148, 149, 150, 151, 152, 153, 154, 155, 157, 159, 160, 161, 162, 163, 164,
    167, 168, 169, 170, 171, 172, 174, 175, 176, 177, 179, 180, 182, 184, 185, 189,
    190,   0,   1,   6,   7,   8,  11,  12,  13,  14,  17,  25,  26,  30,  35,  38,
     40,  42,  43,  44,  46,  50,  51,  54,  59,  62,  63,  64,  65,  66,  68,  69,
     70,  71,  72,  73,  74,  75,  76,  77,  78,  80,  81,  82,  83,  84,  85,  86,
     87,  98, 103, 104, 106, 108, 143, 146, 148, 149, 155, 158, 161, 164, 166, 168,
    170, 171, 172, 175, 176, 177, 179, 180, 182, 184, 185, 189, 190,   0,   1,   6,
      8,  11,  12,  13,  14,  25,  26,  30,  49,  59,  62,  63,  64,  65,  66,  67,
     68,  69,  70,  71,  72,  73,  76,  77,  79,  82,  83,  86, 103, 104, 106, 143,
    148, 151, 155, 157, 158, 161, 162, 164, 168, 171, 172, 174, 182, 185,   0,   6,
      8,  11,  12,  13,  25,  26,  30,  59,  62,  63,  64,  65,  66,  68,  69,  70,
     72,  73,  74,  75,  76,  77,  80,  81,  82,  83,  84,  86,  87, 103, 104, 106,
    142, 147, 151, 173, 182, 185,   0,   1,   2,   3,   6,   7,   8,  11,  13,  14,
     15,  16,  17,  18,  19,  20,  21,  22,  23,  24,  25,  26,  30,  32,  33,  34,
     35,  36,  37,  38,  39,  40,  41,  42,  43,  44,  45,  46,  47,  48,  49,  50,
     51,  52,  53,  54,  55,  56,  57,  59,  62,  63,  64,  65,  66,  67,  68,  69,
     70,  71,  72,  73,  74,  75,  76,  77,  78,  79,  80,  81,  82,  83,  84,  85,
     86,  87,  93,  98, 103, 104, 106, 108, 109, 110, 111, 112, 113, 114, 115, 117,
    118, 119, 120, 121, 122, 123, 124, 127, 128, 129, 132, 134, 136, 138, 139, 140,
    142, 143, 145, 146, 147, 149, 150, 151, 152, 153, 154, 155, 156, 159, 160, 161,
    164, 166, 168, 170, 171, 172, 174, 176, 177, 179, 180, 181, 189, 190, 194,   0,
      1,   3,   6,   7,   8,  11,  13,  14,  15,  16,  17,  18,  19,  20,  21,  22,
     23,  24,  25,  26,  30,  32,  33,  34,  35,  36,  37,  38,  39,  40,  41,  42,
     43,  44,  45,  46,  47,  48,  49,  50,  51,  52,  53,  54,  55,  56,  57,  62,
     63,  64,  65,  66,  67,  68,  69,  70,  71,  72,  73,  74,  75,  76,  77,  78,
     79,  80,  81,  82,  83,  84,  85,  86,  87,  91,  93,  98, 103, 104, 106, 108,
    109, 175, 176, 177, 179, 180, 181, 189, 190, 194, 202,   0,   1,   2,   3,   5,
      6,   7,   8,   9,  10,  11,  12,  13,  14,  15,  16,  17,  18,  19,  20,  21,
     22,  23,  25,  26,  28,  30,  31,  32,  33,  34,  35,  36,  37,  38,  39,  40,
     41,  42,  43,  44,  45,  46,  47,  48,  49,  50,  51,  52,  53,  54,  55,  56,
     57,  59,  62,  63,  64,  65,  66,  67,  68,  69,  70,  71,  72,  73,  74,  75,
     76,  77,  78,  79,  80,  82,  83,  84,  86,  87,  89,  90,  91,  93,  95,  96,
     98,  99, 101, 103, 106, 108, 109, 110, 111, 112, 113, 114, 115, 116, 117, 118,
    119, 120, 121, 122, 123, 124, 127, 128, 129, 130, 131, 132, 133, 134, 135, 136,
    137, 138, 140, 142, 143, 144, 145, 146, 147, 148, 149, 150, 151, 152, 153, 154,
    155, 156, 159, 160, 161, 162, 163, 164, 165, 166, 167, 168, 169, 170, 172, 174,
    175, 176, 177, 179, 180, 181, 182, 183, 184, 189, 190, 194, 196,   1,   2,   6,
      7,   8,   9,  10,  11,  12,  13,  14,  15,  16,  17,  18,  19,  20,  21,  22,
     23,  25,  26,  28,  30,  31,  32,  34,  37,  38,  40,  44,  45,  46,  48,  50,
     51,  52,  53,  54,  55,  56,  59,  62,  63,  64,  65,  66,  67,  68,  69,  70,
     71,  72,  73,  74,  75,  76,  77,  78,  79,  80,  81,  82,  83,  84,  85,  86,
     87,  89,  90,  98, 106, 108, 109, 110, 111, 112, 113, 114, 115, 116, 117, 122,
    123, 124, 125, 127, 128, 129, 130, 131, 132, 134, 135, 136, 137, 138, 139, 142,
    143, 144, 145, 146, 147, 148, 149, 150, 151, 152, 153, 154, 155, 156, 157, 159,
    160, 161, 162, 163, 164, 166, 167, 168, 169, 170, 171, 173, 174, 175, 176, 177,
    179, 180, 181, 184, 189, 190, 199,   2,   3,   4,   5,   7,   9,  10,  11,  12,
     13,  15,  16,  17,  18,  19,  20,  21,  22,  24,  28,  30,  31,  32,  33,  34,
     35,  36,  38,  39,  40,  42,  43,  44,  45,  46,  47,  48,  49,  51,  52,  53,
     54,  55,  56,  57,  62,  63,  64,  66,  67,  68,  70,  71,  72,  73,  74,  75,
     76,  77,  79,  80,  81,  82,  83,  84,  85,  86,  87,  95,  96,  98, 108, 110,
    111, 112, 114, 115, 116, 117, 119, 121, 123, 124, 127, 129, 130, 132, 134, 135,
    136, 138, 140, 141, 142, 143, 144, 146, 147, 148, 149, 151, 153, 155, 156, 161,
    164, 166, 168, 170, 175, 176, 177, 178, 179, 181, 189, 190, 199,   0,   1,   2,
      3,   5,   6,   7,   8,   9,  10,  11,  12,  13,  14,  15,  16,  17,  18,  19,
     20,  21,  22,  23,  25,  26,  27,  28,  30,  31,  32,  33,  34,  35,  36,  37,
     38,  39,  40,  41,  42,  43,  44,  45,  46,  47,  48,  49,  50,  51,  52,  53,
     54,  55,  56,  57,  59,  60,  61,  62,  63,  64,  65,  66,  67,  68,  69,  70,
     71,  72,  73,  74,  75,  76,  77,  78,  79,  80,  82,  83,  84,  86,  87,  88,
     89,  90,  91,  93,  95,  96,  98, 101, 103, 106, 108, 109, 110, 111, 112, 113,
    114, 115, 116, 117, 118, 119, 120, 121, 122, 123, 124, 127, 128, 129, 130, 131,
    132, 133, 134, 135, 136, 137, 138, 139, 140, 142, 143, 144, 145, 146, 147, 148,
    149, 150, 151, 152, 153, 154, 155, 156, 159, 160, 161, 162, 163, 164, 165, 166,
    168, 169, 170, 171, 174, 175, 176, 177, 179, 180, 181, 182, 183, 184, 189, 190,
    194, 196, 202, 211,   1,   2,   6,   7,   8,   9,  10,  11,  12,  13,  14,  15,
     16,  17,  18,  19,  20,  21,  22,  23,  25,  26,  28,  30,  31,  32,  34,  37,
     38,  40,  44,  45,  46,  48,  50,  51,  52,  53,  54,  55,  56,  59,  62,  63,
     64,  65,  66,  67,  68,  69,  70,  71,  72,  73,  74,  75,  76,  77,  78,  79,
     80,  81,  82,  83,  84,  85,  86,  87,  89,  90,  98, 106, 108, 109, 110, 111,
    112, 114, 115, 116, 117, 123, 124, 127, 129, 131, 132, 134, 136, 138, 139, 143,
    144, 146, 147, 148, 149, 150, 151, 152, 153, 155, 156, 164, 166, 168, 170, 174,
    175, 176, 177, 178, 179, 180, 184, 189, 190,   2,   3,   4,   5,   7,   9,  10,
     11,  12,  13,  14,  15,  16,  17,  19,  20,  21,  22,  23,  24,  28,  30,  31,
     32,  34,  37,  38,  41,  44,  45,  46,  48,  50,  51,  52,  53,  54,  55,  56,
     57,  62,  63,  64,  65,  66,  68,  69,  70,  71,  73,  76,  77,  78,  80,  81,
     82,  83,  84,  85,  86,  87,  95,  96,  98, 108, 110, 111, 112, 113, 114, 115,
    116, 117, 127, 128, 129, 130, 131, 132, 133, 134, 135, 136, 137, 138, 139, 141,
    142, 143, 144, 145, 146, 147, 148, 149, 150, 151, 153, 154, 155, 156, 160, 161,
    162, 163, 164, 165, 166, 167, 168, 169, 170, 171, 172, 174, 175, 176, 177, 178,
    179, 180, 181, 184, 189, 190, 199, 211,   1,   6,   8,   9,  11,  13,  14,  16,
     17,  18,  19,  20,  21,  22,  23,  24,  25,  30, 108, 177, 179, 180, 182, 183,
    190,   1,   6,   8,  11,  13,  15,  25,  32,  34,  36,  39,  42,  45,  46,  50,
     62,  64,  66,  98, 108, 115, 147, 177, 179, 180, 183, 189, 190,   0,   1,   6,
      7,   8,   9,  11,  13,  14,  15,  16,  17,  18,  19,  20,  21,  22,  23,  24,
     25,  26,  30,  32,  33,  34,  35,  36,  37,  38,  39,  40,  41,  42,  43,  44,
     45,  46,  47,  48,  49,  50,  51,  52,  53,  54,  55,  56,  57,  59,  62,  63,
     64,  65,  66,  67,  68,  69,  70,  71,  72,  73,  74,  75,  76,  77,  78,  79,
     80,  81,  82,  83,  84,  85,  86,  87,  89,  98, 103, 104, 106, 108, 110, 117,
    119, 120, 123, 132, 136, 137, 139, 142, 151, 164, 169, 174, 175, 176, 177, 179,
    180, 182, 184, 189, 190, 191,   0,   8,   9,  11,  13,  14,  25,  26,  30,  98,
    108, 176, 177, 179, 180, 189, 190,   6,   8,  11,  12,  13,  15,  16,  17,  18,
     19,  20,  21,  22,  23,  24, 108, 177, 180, 187, 190,   8,  11,  12,  13,  14,
     25,  98, 108, 176, 179, 189, 190,   0,   1,   2,   3,   5,   6,   7,   8,   9,
     10,  11,  12,  13,  14,  16,  18,  19,  20,  21,  27,  28,  30,  31,  32,  33,
     34,  35,  36,  37,  38,  39,  40,  41,  42,  43,  44,  45,  46,  47,  48,  49,
     50,  51,  52,  53,  54,  55,  56,  58,  59,  60,  62,  63,  64,  65,  66,  67,
     68,  69,  70,  71,  72,  73,  74,  75,  76,  77,  78,  79,  80,  81,  82,  83,
     84,  85,  86,  87,  88,  89,  90,  91,  93,  95,  96,  98,  99, 101, 103, 104,
    106, 108, 110, 111, 112, 113, 114, 115, 116, 117, 118, 119, 120, 121, 122, 123,
    124, 125, 127, 128, 129, 130, 131, 132, 133, 134, 135, 136, 137, 138, 139, 141,
    142, 143, 144, 145, 146, 147, 148, 149, 150, 151, 152, 153, 154, 155, 156, 157,
    159, 160, 161, 162, 163, 164, 165, 166, 167, 168, 169, 170, 171, 174, 175, 176,
    177, 178, 179, 180, 181, 182, 183, 184, 188, 189, 190, 194, 199,   0,   1,   2,
      3,   4,   5,   6,   7,   8,   9,  10,  11,  12,  13,  14,  15,  16,  17,  18,
     19,  20,  21,  22,  23,  25,  26,  28,  29,  30,  31,  32,  33,  34,  35,  36,
     37,  38,  39,  40,  41,  42,  43,  44,  45,  46,  47,  48,  49,  50,  51,  52,
     53,  54,  55,  56,  57,  59,  62,  63,  64,  65,  66,  67,  68,  69,  70,  71,
     72,  73,  74,  75,  76,  77,  78,  79,  80,  81,  82,  83,  84,  85,  86,  87,
     89,  90,  91,  95,  98,  99, 103, 104, 106, 108, 109, 110, 111, 112, 114, 115,
    116, 117, 119, 123, 124, 127, 129, 130, 132, 134, 136, 138, 142, 143, 144, 146,
    147, 148, 149, 151, 155, 156, 161, 164, 166, 168, 170, 174, 175, 176, 177, 178,
    179, 180, 181, 182, 183, 184, 188, 189, 190, 199,   0,  13,  59, 191,   0,   1,
      6,   8,  11,  13,  14,  15,  16,  17,  18,  19,  20,  21,  22,  23,  24,  25,
     26,  30,  59, 103, 104, 106,   0,   1,   6,   8,  11,  12,  13,  14,  15,  16,
     17,  18,  19,  20,  21,  22,  23,  24,  25,  26,  30,  59, 103, 104, 106, 108,
    177, 180, 190,   0,   1,   6,   8,  11,  13,  14,  15,  16,  17,  18,  19,  20,
     21,  22,  23,  24,  25,  26,  30, 103, 104, 106,   1,   6,   8,  11,  13,  14,
     16,  17,  18,  19,  20,  21,  22,  23,  24,  25,  26,  30, 103, 104, 106, 177,
    180,   0,   1,   6,   8,  11,  13,  14,  15,  16,  17,  18,  19,  20,  21,  22,
     23,  24,  25,  26,  30, 103, 104, 106,   0,   1,   6,   8,  11,  13,  14,  15,
     16,  17,  18,  19,  20,  21,  22,  23,  24,  25,  26,  30, 103, 104, 106,   0,
      1,   6,   8,  10,  11,  12,  13,  14,  15,  17,  19,  20,  21,  22,  23,  24,
     25,  26,  30,  59,  98, 103, 104, 106, 108, 176, 177, 179, 180, 189, 190,   0,
      1,   6,   8,  11,  13,  14,  15,  16,  18,  19,  20,  21,  22,  23,  24,  25,
     26,  30, 103, 104, 106,   0,   1,   6,   8,  11,  13,  14,  15,  16,  17,  18,
     19,  20,  21,  22,  23,  24,  25,  26,  30,  59, 103, 104, 106,   1,   6,   8,
     11,  13,  14,  15,  16,  17,  18,  19,  20,  24,  25,  26,  30, 104, 106, 180,
      0,   1,   6,   8,  11,  13,  14,  16,  17,  18,  19,  20,  22,  23,  24,  25,
     26,  30, 103, 104, 106,   0,   1,   6,   8,  11,  13,  14,  15,  16,  17,  18,
     19,  20,  21,  22,  23,  24,  25,  26,  30, 103, 104, 106,   0,   1,   6,   8,
     11,  13,  14,  15,  16,  17,  18,  19,  20,  21,  22,  23,  24,  25,  26,  30,
    103, 104, 106,   0,   1,   6,   8,  11,  13,  14,  15,  16,  17,  18,  19,  20,
     21,  22,  23,  24,  25,  26,  30, 103, 104, 106,   0,   1,   6,   8,  11,  13,
     14,  15,  16,  17,  18,  19,  20,  21,  22,  23,  24,  25,  26,  30, 103, 104,
    106,   0,   1,   6,   8,  11,  13,  14,  15,  16,  17,  18,  20,  21,  22,  23,
     24,  25,  26,  30, 103, 104, 106,   0,   1,   6,   8,  13,  14,  15,  16,  17,
     18,  19,  20,  21,  22,  23,  24,  25,  26,  30, 103, 104, 106,   0,   1,   6,
      8,  11,  13,  14,  16,  17,  18,  19,  20,  21,  22,  23,  24,  25,  26,  30,
    103, 104, 106,   0,   1,   6,   8,  11,  13,  14,  15,  16,  17,  18,  19,  20,
     21,  22,  23,  24,  25,  26,  30, 103, 104, 106, 179, 180,   0,   1,   2,   3,
      5,   6,   7,   8,   9,  10,  12,  13,  14,  15,  16,  18,  19,  20,  21,  22,
     23,  24,  25,  26,  27,  28,  29,  30,  31,  32,  33,  34,  35,  36,  37,  38,
     39,  40,  41,  42,  43,  46,  47,  48,  49,  50,  51,  52,  53,  54,  56,  57,
     58,  59,  60,  61,  62,  63,  64,  65,  66,  67,  68,  69,  70,  71,  72,  74,
     75,  76,  77,  78,  81,  82,  83,  84,  86,  87,  89,  90,  98,  99, 100, 103,
    104, 106, 107, 108, 110, 112, 115, 117, 118, 119, 122, 124, 128, 129, 132, 133,
    134, 141, 142, 143, 144, 145, 146, 147, 149, 150, 151, 152, 153, 154, 155, 156,
    157, 158, 159, 160, 161, 162, 163, 164, 166, 167, 168, 169, 170, 171, 172, 173,
    174, 175, 176, 177, 179, 180, 182, 183, 184, 185, 189, 190, 191,
};

static const int8_t merri11_regularKernSparseValues[] = {
      -8,  -13,  -13,  -21,  -12,  -27,   -9,   -9,  -10,   -5,  -10,  -13,  -13,  -11,   -7,   -8,
      -6,   -9,  -11,   -4,   -8,   -4,   -9,   -8,   -9,   -4,   -8,   -9,  -11,   -8,   -8,   -5,
      -7,   -6,   -9,   -6,   -9,  -10,   -5,   -7,   -1,   -1,   -5,   -4,   -6,  -29,   -7,   -1,
     -10,   -9,   -9,   -8,  -12,   -6,   -7,  -11,   -5,   -4,   -9,   -9,  -10,   -7,  -10,   -9,
      -7,   -8,   -9,   -8,   -6,   -6,   -8,   -8,  -21,  -11,   -8,   -8,   -8,  -10,  -28,   -5,
      -9,   -5,   -9,  -10,   -9,   -3,  -20,  -33,  -25,   -9,  -32,  -20,  -28,   -9,  -26,  -54,
     -47,  -51,  -61,  -49,  -15,   -6,   -5,   -5,  -42,  -13,  -25,  -12,   -9,  -19,  -19,  -65,
     -33,  -32,   -2,  -41,  -55,   -6,  -18,   -6,   -6,   -5,  -17,   -6,   -5,   -5,   -6,   -6,
      -9,   -4,  -18,   -6,  -18,   -6,  -17,   -2,   10,   10,   -1,    8,  -11,    2,  -15,  -54,
     -89,  -22,    8,  -33,  -34,  -32,  -16,  -31,    1,  -12,  -12,    1,    2,  -16,  -16,  -33,
     -14,  -34,  -17,  -25,  -14,  -14,   -9,   -9,  -13,  -10,  -21,  -28,  -10,  -70,  -13,  -41,
     -42,  -20,  -67,   -9,  -54,    1,  -41,  -41,  -49,  -55,  -38,  -41,  -43,  -48,  -34,  -18,
      -6,   -6,   -6,   -6,   -4,   -5,    2,   -6,   -4,  -18,  -18,  -18,  -18,  -18,  -32,  -18,
      -2,   -2,   -2,   -2,    8,   -6,  -22,  -14,  -22,  -20,  -18,  -14,  -21,  -21,  -33,  -18,
     -32,  -24,  -19,    8,  -15,    2,   10,  -12,  -15,  -19,  -33,  -26,  -23,  -20,  -33,  -14,
     -14,  -14,  -14,  -10,    8,  -54,  -54,  -16,  -17,  -16,  -17,  -21,  -21,  -91,  -66,  -38,
     -35,   -1,  -25,   -9,  -14,  -15,  -10,  -10,  -15,  -38,  -11,  -37,  -38,  -35,   -8,  -19,
     -17,  -25,  -14,  -15,  -11,  -10,  -10,   -5,  -15,  -15,  -31,  -31,  -22,   -8,  -22,  -22,
     -22,   -7,  -21,  -22,  -23,  -22,  -22,  -26,  -19,   -8,  -22,   -8,  -22,  -15,   -7,  -15,
     -12,  -12,  -23,  -14,  -19,  -43,  -11,  -12,  -14,  -14,  -13,  -11,  -17,  -17,  -11,  -12,
     -16,  -16,  -10,  -10,  -14,   -8,  -14,  -12,  -15,   -8,   -9,   -4,   -3,  -10,   -6,  -14,
     -13,   -9,  -31,  -31,   -8,  -22,  -22,   -8,  -15,  -15,  -10,  -14,  -12,   -6,   -8,   -6,
      -8,  -11,   -8,  -19,  -21,  -21,  -15,  -38,  -21,  -33,  -15,  -33,  -15,  -25,  -11,  -17,
     -12,  -17,   -7,  -26,   -9,  -15,   -7,  -19,  -19,  -18,  -23,  -33,  -42,  -39,   -8,  -30,
     -29,  -31,  -14,  -12,  -21,  -12,  -21,   -6,  -12,  -12,  -32,  -32,  -53,  -21,  -12,  -17,
     -14,  -19,  -13,  -13,  -24,  -51,    1,  -24,  -25,  -27,  -10,  -19,  -19,  -36,  -31,  -36,
     -31,  -43,    4,   -8,  -12,  -12,  -37,  -13,    1,  -13,   -6,  -10,   -7,   -4,    1,  -33,
      -6,   -1,   -7,    4,   -7,   -7,   -8,    5,   -6,   -7,  -15,   -7,   -7,   -2,   -5,    3,
      -7,    3,   -6,  -11,  -18,   -9,  -20,  -19,   -5,  -28,   -7,  -36,   -5,   -3,    1,    1,
       2,   -6,   -1,   -6,   -5,  -11,   -5,   -2,   -6,   -6,    1,   -6,    1,   -6,   -7,   -6,
      -9,   -8,   -5,   -9,   -4,    2,   -7,   -1,    5,   -7,    3,    2,  -18,  -12,  -18,  -12,
       4,   -5,   -3,  -20,  -33,  -25,   -9,  -32,  -20,  -28,   -9,  -26,  -53,  -47,  -50,  -47,
     -49,  -15,   -6,   -5,   -5,  -42,  -13,  -25,  -12,   -9,  -19,  -19,  -55,  -33,  -32,   -2,
     -41,  -53,   -6,  -18,   -6,   -6,   -5,  -17,   -6,   -5,   -5,   -6,   -6,   -9,   -4,  -18,
      -6,  -18,   -6,  -17,   -2,   10,   10,   -1,    8,  -11,    2,  -15,  -54,  -55,  -22,    8,
     -33,  -34,  -32,  -16,  -31,    1,  -12,  -12,    1,    2,  -16,  -16,  -33,  -14,  -34,  -17,
     -25,  -14,  -14,   -9,   -9,  -13,  -10,  -21,  -28,  -10,  -55,  -13,  -41,  -42,  -20,  -55,
     -25,   -9,  -53,    1,  -41,  -41,  -49,  -53,  -38,  -41,  -43,  -48,  -34,  -18,   -6,   -6,
      -6,   -6,   -4,   -5,    2,   -6,   -4,  -18,  -18,  -18,  -18,  -18,  -32,  -18,   -2,   -2,
      -2,   -2,    8,   -6,  -22,  -14,  -22,  -20,  -18,  -14,  -21,  -21,  -33,  -18,  -32,  -24,
     -19,    8,  -15,    2,   10,  -12,  -15,  -19,  -33,  -26,  -23,  -20,  -33,  -14,  -14,  -14,
     -14,  -10,    8,  -10,  -53,  -53,  -16,  -17,  -16,  -17,  -21,  -21,  -55,  -55,  -38,  -35,
      -1,  -25,   -9,  -26,  -14,  -16,  -18,  -55,  -45,  -34,  -50,  -18,  -48,  -17,  -23,  -66,
     -11,  -67,  -35,  -14,  -46,  -28,  -27,  -25,  -47,  -30,  -54,  -19,  -36,  -35,  -39,  -14,
     -64,  -59,  -54,  -19,  -34,  -29,  -18,  -47,  -18,  -18,  -18,  -44,  -18,  -17,   -6,  -18,
     -18,  -17,  -16,  -46,  -18,  -46,  -18,  -37,  -18,  -18,  -10,  -11,  -15,  -12,  -24,  -11,
     -25,  -60,  -16,  -36,   -7,  -47,  -46,  -46,  -34,  -13,  -12,  -26,  -12,  -12,  -11,  -35,
     -35,  -47,  -18,  -46,  -36,  -36,  -39,  -41,  -37,  -36,  -31,  -28,  -34,  -38,  -67,  -20,
     -58,  -39,  -26,  -31,  -42,  -46,  -69,  -42,  -28,  -47,  -13,  -16,  -19,  -14,  -40,  -24,
     -28,  -29,  -28,  -28,  -28,  -28,  -21,  -47,  -18,  -18,  -18,  -18,  -17,  -17,  -12,  -14,
     -18,  -16,  -46,  -46,  -46,  -46,  -46,  -58,  -43,  -18,  -18,  -18,  -18,  -12,  -18,  -29,
     -25,  -36,  -33,  -30,  -27,  -32,  -35,  -39,  -33,  -46,  -40,  -35,   -7,  -32,  -15,   -8,
     -30,  -35,  -34,  -47,  -41,  -38,  -36,  -66,  -38,  -33,  -41,  -40,  -33,  -27,   -2,  -25,
     -68,  -68,  -15,  -12,  -11,  -15,  -12,  -11,  -47,  -45,  -43,  -36,  -23,  -23,  -44,  -38,
     -61,  -39,  -33,  -17,  -35,  -46,  -51,  -20,  -24,  -25,  -43,  -42,  -63,  -33,  -34,  -45,
     -33,  -34,  -55,  -12,  -12,  -12,   -4,  -48,   -9,  -19,  -13,  -19,  -14,  -24,  -17,  -12,
     -19,   -2,  -10,  -12,   -1,   -2,   -8,   -8,  -17,  -18,  -26,  -24,   -8,  -14,    3,  -14,
     -14,  -16,    4,  -14,  -14,  -24,  -14,  -14,   -8,  -13,    3,  -14,    3,  -14,  -10,   -7,
     -11,  -12,  -11,  -13,  -16,  -12,  -47,  -19,   -2,   -6,    2,    1,    3,   -6,   -4,  -14,
      -5,   -8,  -12,   -8,   -4,   -4,    2,   -2,    1,   -6,   -2,   -3,   -2,   -2,   -1,   -6,
      -3,   -8,  -12,  -40,   -9,  -12,  -13,   -9,   -8,   -8,   -8,   -8,   -8,   -4,    3,  -14,
     -14,  -14,  -14,  -14,  -14,  -14,   -7,  -13,    3,    3,    3,    3,  -18,    3,  -11,  -11,
     -11,  -16,   -2,   -2,   -2,   -2,   -2,   -2,   -2,    2,    3,    3,    3,    3,   -5,   -5,
      -4,    1,    2,    2,    2,    2,    2,   -2,   -2,   -2,   -3,  -19,  -20,   -9,  -12,   -9,
     -12,  -26,    1,   -8,  -14,   -6,  -21,  -21,   -9,  -22,  -18,  -37,  -22,  -38,  -34,   -1,
      -3,   -2,   -3,  -19,   -6,   -4,   -7,    1,   -3,   -3,  -16,  -35,   -6,   -6,   -6,   -6,
      -5,   -6,   -6,   -6,   -6,   -9,   -4,   -6,   -6,  -10,    6,   -1,    8,    8,   -2,    6,
     -10,  -26,   -6,   -1,   -8,  -10,   -7,   -3,   -7,   -9,   -4,   -5,   -8,   -8,   -4,   -4,
      -8,   -2,  -10,   -5,   -3,   -1,   -3,    1,    2,   -2,   -5,  -18,  -38,  -26,  -27,  -27,
     -15,  -23,  -15,  -23,  -37,  -23,  -25,  -38,  -45,  -38,  -19,  -66,  -26,  -25,  -46,  -26,
     -46,  -39,  -13,  -50,  -57,  -44,  -18,  -28,  -13,  -56,  -21,  -18,  -31,  -31,  -39,  -35,
     -36,  -30,  -12,  -30,  -30,  -31,  -11,  -29,  -34,  -36,  -30,  -30,  -30,  -28,  -12,  -30,
     -12,  -30,  -37,  -48,  -25,  -41,  -38,  -55,  -56,  -46,  -62,  -26,  -21,  -13,  -13,  -12,
     -30,  -18,  -27,  -28,  -28,  -26,  -26,  -27,  -27,  -13,  -25,  -13,  -28,  -20,  -25,  -23,
     -27,  -24,  -42,  -28,  -32,  -62,  -20,  -36,  -39,  -10,  -31,  -32,  -36,  -36,  -36,  -30,
     -30,  -34,  -34,  -28,  -12,  -12,  -12,  -25,  -25,  -25,  -26,  -12,  -12,  -27,  -23,  -23,
     -45,  -39,  -45,  -39,   -8,  -30,  -24,  -31,  -27,  -19,  -31,  -23,  -19,  -22,  -46,  -24,
     -10,  -31,  -26,  -30,  -31,  -19,  -26,  -26,  -26,  -47,  -47,  -15,  -36,  -40,  -12,   -7,
       5,   -4,  -13,  -10,   -8,  -27,   -1,  -22,  -19,  -15,   -1,  -47,  -47,  -47,   18,  -45,
     -46,  -47,  -47,  -47,  -47,  -46,   -2,   21,  -24,  -34,  -41,  -34,  -19,  -67,  -22,  -26,
     -41,  -27,  -41,  -38,  -13,  -48,  -65,  -42,  -18,  -27,  -13,  -65,  -22,  -18,  -31,  -31,
     -34,  -36,  -30,  -10,  -30,  -30,  -30,   -9,  -28,  -33,  -34,  -30,  -30,  -30,  -28,  -11,
     -30,  -11,  -29,  -34,  -47,  -24,  -40,  -37,  -61,  -58,  -47,  -63,  -26,  -21,  -12,  -12,
     -11,  -30,  -18,  -27,  -27,  -28,  -25,  -26,  -26,  -26,  -11,  -24,  -12,  -27,  -18,  -24,
     -22,  -25,  -24,  -43,  -27,  -30,  -20,  -64,  -27,  -20,  -34,  -36,   -5,  -29,  -30,  -30,
     -29,  -38,  -36,  -36,  -36,  -36,  -36,  -36,  -35,  -10,  -30,  -30,  -30,  -30,  -33,  -33,
     -33,  -33,  -22,  -28,  -11,  -11,  -11,  -11,  -11,  -11,  -24,  -24,  -24,  -24,  -58,  -29,
     -20,  -26,  -26,  -26,  -26,  -26,  -26,  -27,  -12,  -11,  -11,  -11,  -11,  -27,  -27,  -27,
     -27,  -14,  -26,  -11,  -11,  -11,  -11,  -11,  -11,  -22,  -22,  -22,  -22,  -27,  -21,  -27,
     -41,  -35,  -34,  -41,  -35,  -50,   -4,  -28,  -30,  -17,  -46,  -30,   -8,  -47,  -47,  -13,
     -38,  -36,  -40,  -12,   -6,  -14,   -9,   -8,  -11,  -12,  -11,  -33,  -27,   -5,  -20,   -9,
     -14,   -9,   -9,  -10,  -16,   -9,   -9,  -17,   -9,   -9,   -3,   -8,  -14,   -9,  -14,   -9,
      -8,  -31,  -24,  -46,  -44,   -3,  -31,   -1,  -35,   -2,   -4,   -2,   -2,   -9,   -3,   -8,
      -8,  -16,   -7,   -6,   -8,   -8,   -4,   -8,   -2,   -8,  -12,  -12,  -39,  -31,   -4,  -40,
      -3,  -29,  -47,   -3,  -47,  -47,  -47,  -47,   16,  -45,  -46,  -47,  -47,  -47,  -47,  -47,
      -3,   19,   -4,   -3,  -26,  -20,   -7,   -3,  -21,  -14,   -3,  -37,  -40,  -36,  -41,  -52,
     -11,   -8,   -5,   -7,  -25,  -13,  -19,   -1,  -12,   -5,  -17,  -38,  -28,  -28,  -15,  -30,
      -6,   -8,   -6,   -5,   -6,   -7,   -5,   -6,   -6,   -6,   -6,   -9,   -4,   -8,   -6,   -8,
      -6,  -12,    1,    8,    7,   -3,    4,  -10,    2,  -24,  -45,  -45,  -15,    2,  -17,  -18,
     -16,  -11,  -20,   -3,  -10,  -11,   -2,   -2,  -12,  -12,  -17,  -10,  -18,  -13,  -16,   -9,
     -11,   -6,   -6,  -12,   -7,  -15,  -17,  -29,  -31,  -11,  -16,  -19,  -11,  -14,  -30,  -30,
     -29,  -30,  -30,  -30,  -23,   -8,   -5,   -5,   -5,   -5,   -5,   -6,   -3,   -5,   -5,   -4,
      -8,   -8,   -8,   -8,   -8,   -8,    4,   -5,  -14,  -12,  -14,  -12,  -12,  -11,  -13,  -14,
     -17,  -14,  -16,  -15,  -12,   -1,  -11,    1,    6,  -13,  -12,  -15,  -17,  -17,  -16,  -14,
     -17,  -10,  -11,  -10,   -9,   -7,    2,   -6,  -37,  -37,    3,   -1,  -34,    3,   -1,  -37,
     -47,  -17,  -13,  -28,  -27,  -16,  -16,  -29,  -18,   -6,   -6,   -8,   -5,  -23,  -30,  -12,
     -13,  -14,  -29,  -19,  -31,   -8,   -8,  -14,   -5,   -5,  -39,   -1,  -14,  -15,  -13,  -17,
     -23,    3,  -14,  -11,  -17,   -4,   -8,   -9,   -1,   -1,   -9,   -8,  -12,  -10,  -18,  -21,
      -2,  -10,  -11,   10,  -12,  -12,  -11,   11,  -11,  -12,  -13,  -11,  -11,   -9,   -9,    9,
     -12,    9,  -12,   -3,    1,   -4,   -1,  -12,   -7,   -8,  -12,  -40,  -18,  -37,    5,    5,
       7,   -1,   -8,   -1,   -2,   -6,   -6,    6,    3,    5,   -1,    1,    1,    6,    7,    4,
      -2,   -6,  -36,  -15,   -2,    4,    3,   -8,  -10,  -13,   -4,    2,   -6,   -1,   -9,  -12,
     -12,  -12,   -9,  -11,   -4,   -7,    7,    7,  -14,    1,    4,  -14,  -14,   -2,   -2,  -16,
      -8,  -24,   -4,   -4,    5,   -6,  -10,  -18,  -21,  -13,  -26,  -12,  -18,  -15,  -32,  -17,
     -36,   -1,  -37,   -2,  -10,  -16,  -12,   -5,  -11,  -21,  -12,  -15,  -21,  -11,  -18,   -9,
      -9,  -34,  -30,  -19,  -26,   -8,    7,   -5,  -10,   -5,   -5,   -6,  -10,   -4,   -5,  -14,
      -5,   -5,    2,   -3,  -11,   -5,  -11,   -5,   -7,  -13,  -18,  -10,  -10,    2,  -10,   -2,
     -22,  -29,  -26,   -3,   -8,  -10,   -8,   -8,   -4,   -7,   -6,   -3,  -14,   -4,   -1,   -6,
      -5,  -10,   -8,   -9,   -4,   -1,  -12,  -14,  -13,  -13,    1,  -14,   -1,  -20,  -23,  -38,
     -19,  -16,  -13,  -34,  -27,  -14,  -19,  -23,   -8,  -23,  -17,   -2,    7,   -5,   -5,   -5,
      -3,  -28,  -18,  -10,   -8,   -8,   -5,  -36,  -13,  -14,  -38,  -38,  -12,  -16,  -12,  -16,
     -32,  -31,   -9,  -23,  -23,  -23,  -11,   -9,  -20,  -10,   -6,  -15,  -10,  -12,   -6,   -6,
      -7,  -35,   -9,  -35,    1,  -35,    1,  -11,   -8,  -13,   -7,  -13,  -11,  -14,   -9,  -12,
      -5,   -9,  -10,   -9,  -32,  -17,  -18,  -25,   -5,    3,   -4,   -2,   -4,   -4,   -5,   -2,
      -4,   -5,  -15,   -4,   -4,   -3,   -3,   -4,   -3,   -4,   -4,   -3,  -10,   -6,   -6,   -2,
      -9,   -1,  -18,  -34,  -19,  -11,    2,   -4,   -2,   -1,   -3,   -6,   -4,   -3,   -7,   -3,
      -1,   -2,   -2,   -2,   -1,   -1,   -3,    1,   -4,   -4,   -3,   -1,    1,   -3,  -22,  -30,
     -33,  -10,   -4,  -10,  -21,  -14,  -16,  -10,  -14,   -4,  -17,   -5,   -1,    3,   -4,   -4,
      -5,   -3,  -14,  -10,   -9,    2,   -2,  -36,   -4,   -3,  -36,  -36,   -5,   -7,   -5,   -7,
     -21,  -19,   -8,  -10,   -9,   -9,   -8,  -13,  -15,   -7,   -9,  -16,  -14,   -5,   -7,   -5,
     -38,   -9,  -18,  -12,  -18,  -13,  -20,   -4,  -16,  -12,  -17,   -5,  -21,   -4,  -13,   -4,
     -11,  -19,  -18,  -14,  -15,  -27,  -29,   -6,   -8,  -12,    2,  -13,  -12,  -12,  -12,  -13,
     -14,  -12,  -12,   -9,  -10,  -13,  -13,   -8,   -4,   -6,   -4,   -4,  -11,   -7,  -10,  -17,
     -40,  -15,  -37,    1,   -5,    1,    1,    1,   -8,   -7,  -13,   -8,  -10,  -12,   -9,   -6,
      -6,    1,   -4,    1,   -8,   -5,   -4,   -4,   -5,   -4,   -7,   -6,  -11,  -12,  -35,  -16,
      -6,   -8,  -23,  -14,  -16,  -14,  -16,   -3,  -22,   -6,   -7,   -8,  -12,  -12,  -12,  -10,
     -16,   -6,   -7,    1,    1,    1,   -6,  -18,   -4,   -6,  -18,  -19,   -3,   -8,   -3,   -8,
     -22,  -16,  -21,  -12,  -11,  -11,    1,   -6,   -6,  -15,  -33,   -8,  -10,  -34,  -33,   -3,
     -44,  -27,  -19,   -8,  -19,   -8,  -12,   -5,  -26,  -19,  -32,  -32,   -3,  -37,   -1,  -23,
     -19,  -19,  -12,   -9,  -24,  -28,   -1,   -6,  -10,    1,  -10,  -10,  -11,   -9,  -12,  -14,
     -10,  -10,   -6,   -7,  -10,  -10,   -3,  -30,   -8,  -25,  -24,  -13,  -30,   -7,  -29,  -42,
      -9,  -28,    6,   -2,    3,    3,    4,  -10,   -6,   -7,   -9,  -12,   -6,   -6,   -7,   -7,
       3,   -6,    3,   -8,   -1,   -6,   -4,  -17,  -13,  -12,  -18,   -8,  -15,  -37,  -14,   -3,
     -24,    2,  -25,  -48,  -18,  -30,  -32,   -3,  -33,  -32,   -1,   -6,  -10,  -10,  -12,   -7,
     -11,   -8,  -30,    6,    4,    4,   -8,   -7,  -20,   -4,  -18,  -20,  -20,  -31,  -33,  -31,
     -33,  -38,  -25,  -16,  -32,  -37,  -37,    5,   -5,  -15,   -8,  -12,  -19,  -20,   -7,   -8,
      -6,  -24,   -8,  -17,  -17,  -16,  -19,  -24,   -6,  -19,  -16,  -17,   -7,  -20,   -6,  -16,
      -8,  -12,  -20,  -19,  -14,  -17,  -33,  -22,   -7,  -12,   -9,    3,   -9,   -9,   -9,    1,
      -8,   -9,  -11,   -9,   -9,   -8,   -6,    1,   -9,    1,   -9,  -12,   -7,   -3,   -4,   -4,
     -15,  -11,  -31,  -19,  -42,   -1,    1,    1,    1,  -17,   -7,   -6,  -15,  -17,   -5,   -4,
     -14,  -14,    1,  -11,    1,  -16,   -6,  -12,   -8,  -14,  -13,  -18,  -16,  -13,  -10,  -25,
     -17,   -7,   -7,  -22,  -16,  -16,  -13,  -14,   -8,  -13,  -10,  -10,  -12,   -9,   -9,   -8,
      -6,  -21,   -3,   -4,   -1,    1,    1,   -3,  -14,  -17,   -8,  -16,  -17,  -17,   -4,   -7,
      -4,   -7,  -32,  -16,  -26,  -18,  -14,  -14,    1,   -8,   -7,  -11,  -19,   -5,  -11,  -17,
       1,  -19,  -37,   -8,  -13,   -5,  -11,   -6,  -13,   -1,  -25,  -15,  -23,  -15,   -1,  -28,
      -1,  -10,  -13,  -13,   -9,  -12,  -22,  -22,   -1,   -3,   -7,    7,   -7,   -8,   -8,    7,
      -7,  -10,  -15,   -7,   -7,   -1,   -6,    6,   -7,    6,   -7,   -4,  -17,   -5,  -11,  -11,
      -8,  -14,   -5,  -21,  -36,  -11,  -30,    6,    7,    7,    8,   -7,   -5,   -6,  -10,   -3,
      -1,   -4,   -4,    7,   -2,    7,   -5,   -3,   -1,   -8,   -6,   -7,   -9,   -6,   -6,  -31,
     -13,   -6,    6,  -16,  -33,  -11,  -12,  -14,  -14,  -13,   -3,   -3,   -8,   -8,   -9,   -6,
     -12,   -5,  -14,    6,    8,    8,   -5,   -4,  -13,   -1,   -9,  -13,  -13,  -16,  -16,  -16,
     -16,  -37,  -13,  -14,  -14,  -21,  -21,    9,   -1,   -1,   -6,    1,  -23,  -14,   -8,  -22,
       1,  -16,  -16,  -37,  -43,  -36,  -43,  -44,  -10,   -8,   -6,   -7,  -32,  -11,  -21,   -2,
     -10,   -6,  -19,  -19,  -38,  -25,  -24,  -29,  -32,  -37,   -1,   -4,   -1,   -1,   -1,   -2,
      -1,   -1,   -1,   -1,   -1,   -4,   -1,   -5,   -1,   -5,   -1,   -7,    8,    1,   15,   14,
      11,   -4,   -1,  -21,  -50,  -52,  -14,  -18,  -19,  -16,   -7,  -19,   -6,   -6,   -8,   -8,
     -18,   -6,  -19,   -9,  -14,   -5,   -7,   -1,   -1,   -8,   -2,  -11,  -19,  -14,  -43,  -29,
     -16,  -13,   -2,  -37,   -7,   -7,   -7,   -6,    1,   -6,  -37,   -1,   -1,   -1,   -1,  -25,
       1,   11,  -12,  -16,  -12,   10,   -7,  -37,   -6,   -2,  -38,  -38,   10,    1,   10,    1,
     -14,  -13,  -52,   -4,   -1,   -1,  -14,   -5,  -14,  -10,   -7,  -10,  -10,   -1,   -1,  -33,
      -5,  -20,   -3,  -20,   -3,  -14,   -1,  -11,   -7,  -13,   -2,  -15,   -1,   -8,   -1,   -6,
     -13,  -13,  -14,  -12,  -19,  -27,   -2,   -6,    4,   -6,   -6,   -6,    4,   -5,   -7,  -10,
      -6,   -6,   -3,    3,   -6,    3,   -6,   -1,   -2,   -1,   -4,   -2,   -2,  -11,  -36,  -12,
     -30,    6,   -1,    4,    4,    5,   -2,   -6,   -6,   -1,   -4,   -4,   -2,   -1,   -1,    4,
       1,    4,   -2,   -1,   -1,   -1,   -2,   -5,  -12,  -31,  -16,   -4,   -3,    1,  -17,   -9,
     -15,  -11,  -14,  -16,   -1,   -1,   -6,   -6,   -7,   -3,  -12,   -2,   -2,    6,    5,    5,
       3,   -1,  -21,   -2,  -21,  -21,   -3,   -3,  -17,  -13,  -14,   -6,   -6,   -6,    3,   -4,
      -8,  -10,  -14,   -4,  -12,  -36,  -15,  -26,  -14,  -28,  -29,  -14,  -11,  -16,  -10,   -9,
      -1,   -7,   -6,   -9,   -9,  -15,  -12,  -17,  -23,   -8,  -20,  -10,    8,  -10,  -10,  -10,
       9,   -9,  -11,  -12,  -10,   -9,  -14,   -7,    7,  -10,    7,  -10,   -4,    2,   -2,  -13,
      -4,  -10,  -10,  -39,  -25,  -52,   -1,    1,   -2,   -9,   -1,   -1,   -7,   -7,    2,   -1,
       1,    8,    9,    6,   -2,   -7,  -34,  -20,   -6,    5,   -7,   -7,  -15,   -4,   -6,    1,
     -20,  -10,  -10,  -11,   -7,  -12,   -2,   -4,   -1,    1,    1,  -16,    6,  -16,  -16,    1,
      -1,    1,   -1,  -14,   -9,  -38,   -2,   -2,    2,   -1,   -4,   -4,   -8,  -40,   -3,   -8,
     -17,   -9,  -16,  -22,  -12,  -11,  -20,  -11,   -6,   -1,   -7,   -7,   -7,   -8,   -7,   -8,
     -19,   -7,   -7,   -1,   -6,   -7,   -7,   -6,   -4,  -12,  -17,  -16,   -4,  -25,   -4,  -38,
      -6,   -5,   -6,   -4,   -5,   -6,   -1,   -6,   -5,   -3,   -1,   -1,   -5,   -1,   -6,   -3,
      -3,   -3,    2,  -19,  -33,   -8,   -4,   -8,  -10,  -32,  -32,   -6,   -4,   -6,   -4,   -7,
      -4,   -4,  -20,   -3,  -32,   -8,  -16,   -8,  -14,  -23,  -12,  -11,  -20,  -12,   -6,  -26,
     -19,   -8,   -4,   -8,  -10,  -32,  -32,   -6,   -4,   -6,   -4,  -26,   -7,  -19,  -19,  -25,
     -52,  -53,  -18,  -25,  -16,  -26,  -30,  -23,  -23,  -22,  -20,  -14,  -59,  -33,  -13,  -22,
     -16,  -22,  -22,  -23,  -16,  -22,  -23,  -33,  -22,  -22,  -16,  -21,  -17,  -22,  -17,  -22,
     -22,  -14,  -28,  -29,  -29,  -16,  -35,  -17,  -15,  -22,  -24,  -23,  -22,  -14,  -23,  -22,
     -16,  -20,  -21,  -17,  -14,  -14,  -23,  -15,  -23,  -15,  -16,  -16,  -16,  -12,  -12,  -12,
     -13,  -15,  -16,  -25,  -16,  -17,  -59,  -39,  -25,  -37,  -25,  -10,  -35,  -31,  -34,  -11,
     -20,  -11,  -24,  -12,  -11,  -20,  -23,  -28,  -10,  -28,  -28,  -29,  -10,  -28,  -29,  -33,
     -28,  -28,  -23,  -26,  -11,  -28,  -11,  -28,  -18,  -15,  -23,  -29,  -28,  -37,  -38,  -24,
     -60,  -10,  -18,  -12,  -12,  -12,  -18,  -17,  -25,  -17,  -20,  -23,  -22,  -16,  -16,  -12,
     -14,  -12,  -17,  -14,  -16,  -15,  -12,  -11,  -16,  -12,  -17,  -19,  -27,  -34,  -36,  -16,
     -14,  -16,  -14,  -22,  -25,  -20,  -16,  -29,  -24,  -16,  -20,  -28,  -21,   -8,  -23,  -26,
     -22,  -27,  -13,  -22,  -28,  -27,  -45,  -45,  -17,  -64,  -24,  -11,  -47,  -56,  -45,  -14,
     -29,  -11,  -61,  -16,  -18,  -22,  -59,  -33,  -29,  -10,  -29,  -29,  -29,   -9,  -28,  -31,
     -33,  -29,  -29,  -28,  -27,  -10,  -29,  -10,  -28,  -33,  -49,  -23,  -41,  -38,  -53,  -57,
     -41,  -60,  -19,  -20,  -11,  -11,  -10,  -29,  -17,  -26,  -27,  -28,  -25,  -25,  -26,  -26,
     -11,  -23,  -11,  -27,  -19,  -23,  -21,  -26,  -23,  -43,  -27,  -32,   -3,   -1,   -1,  -16,
     -14,  -41,  -61,  -42,  -41,  -18,  -18,  -15,  -32,   -3,   -9,   -4,   -3,   -3,   -8,   -3,
      -4,   -4,   -3,   -3,   -7,   -1,   -9,   -4,   -9,   -4,   -9,    5,    1,   12,   12,   -1,
       9,   -6,  -23,  -19,    2,  -27,  -28,  -25,   -8,  -26,   -3,   -8,   -9,   -2,   -1,  -12,
     -12,  -26,   -9,  -28,  -14,  -21,   -8,  -11,   -6,   -5,  -10,   -7,  -15,  -16,  -10,  -36,
      -6,   -7,   -5,  -11,  -32,  -63,  -63,   12,   12,  -35,  -10,   -8,   -8,  -53,   -7,  -19,
     -19,  -14,  -20,   -5,   -8,  -10,   -5,  -18,  -20,    4,  -20,  -20,  -21,    5,  -19,  -22,
     -23,  -20,  -20,  -20,  -17,    3,  -20,    3,  -20,  -11,   -5,  -10,  -11,  -11,  -23,  -15,
     -16,  -52,  -51,   -6,   -6,   -2,   -2,   -1,   -7,   -5,  -15,   -7,   -8,  -12,  -13,   -5,
      -5,   -1,   -2,   -2,   -6,   -4,   -2,   -2,   -1,   -1,   -8,   -3,   -9,   -1,   -9,   -6,
     -10,   -6,  -10,   -7,   -1,  -37,  -14,   -8,   -6,  -37,   -7,  -30,  -33,  -35,    1,  -35,
      -5,   -8,   -3,    5,   -8,   -6,   -5,  -25,  -16,  -30,  -22,  -14,  -14,   -2,   16,   -6,
      -1,   -6,    1,  -11,   12,    2,   -6,   -6,   -1,  -19,  -15,  -34,  -32,   10,  -23,    4,
     -33,  -30,  -20,  -15,    5,   -2,   -3,   -2,   -2,   -3,    1,    1,  -10,    2,    6,    1,
      -3,   -4,   -2,    1,    1,   -6,   -8,  -24,  -20,    8,  -25,    4,  -30,  -33,  -26,  -13,
     -34,  -40,   -9,  -33,  -35,  -38,  -33,    1,   16,   16,   16,   16,   16,   16,   26,   -6,
       1,    2,   -6,   -6,   -6,   -6,   -6,  -20,   -6,  -15,  -15,  -15,  -15,  -23,    1,   13,
       5,    5,    5,    5,    5,   -3,   -1,   -2,   -1,   -1,    1,    1,    1,    1,   -3,    1,
      -2,   -3,   -2,   -3,  -34,   -7,   -7,   -7,   -7,  -25,   -1,  -25,  -36,  -36,  -36,  -36,
     -36,  -36,  -42,  -30,   -3,  -20,  -11,    4,   -4,   -3,   -8,   -5,   -9,    1,   -8,  -35,
     -10,  -15,   -1,  -14,   -2,  -11,    5,   -8,   -2,   -9,    7,  -11,    6,   -5,    7,   -7,
      -6,  -11,  -11,  -18,  -19,   -1,   -4,   11,   -4,   -4,   -6,   12,   -4,   -5,   -8,   -4,
      -4,   -2,   10,   -4,   10,   -4,   -1,   -2,   -1,   -2,   -1,   -5,   -6,   -3,  -10,  -37,
     -11,  -36,   10,    1,    9,    9,   10,   -1,   -3,   -1,   -4,   -2,   -2,   -1,   -1,    9,
       9,   -1,    2,   -1,   -4,   -2,   -5,  -31,  -14,   10,  -16,  -16,  -13,  -15,  -18,   -5,
      -2,    3,   11,   -4,   -4,   -4,   -4,   -5,   -5,   -5,   -5,   -1,   -2,   10,   10,   10,
      10,   10,  -11,   10,   -1,   -1,   -1,   -1,   -6,   -4,    5,   10,   10,   11,   11,   11,
      10,   10,    9,   10,   10,   10,   10,   -1,   -1,    5,    3,    9,    9,    9,    9,    9,
       9,   -2,   -1,  -16,  -16,  -10,  -10,  -20,  -13,  -14,   -8,   12,   -5,   -4,   -3,  -17,
     -11,   -7,   -3,  -10,  -21,   -2,  -47,   -1,  -46,   -2,  -14,   -5,   -1,   -1,   -7,   -9,
      -5,    1,   -2,   -6,   -6,  -34,  -18,  -18,  -18,   -8,   -1,   -1,   -4,   -1,   -1,   -1,
      -4,   -1,   -1,   -4,   -1,   -1,   -1,    1,   -5,   -1,   -5,   -1,   -3,    5,    6,    6,
       2,    3,  -27,  -19,  -28,    2,    1,   -5,   -5,   -4,   -3,  -11,   -2,   -5,   -6,   -1,
      -3,   -3,   -5,   -4,   -5,   -5,   -2,   -3,   -5,   -6,   -5,   -2,   -7,   -4,  -21,  -34,
      -7,  -11,  -17,  -20,  -16,  -15,  -15,   -1,   -2,   -1,   -1,   -1,   -1,   -1,   -1,    6,
      -4,   -1,   -1,   -1,   -1,   -1,   -1,   -1,   -1,   -1,    1,   -5,   -5,   -5,   -5,   -5,
     -16,   -5,    3,   -1,    3,    2,    3,    3,    3,    3,    2,   -4,   -4,   -4,   -4,   -1,
      -5,    8,   -3,   -5,   -5,   -5,   -5,   -5,   -5,   -5,   -5,   -4,   -4,   -7,  -50,  -50,
       6,   -3,    6,   -3,  -18,  -12,  -24,  -10,   -1,   -7,   -1,   -9,  -12,   -5,   -1,    2,
     -41,  -13,  -21,  -12,  -21,  -20,    8,  -11,   -6,  -12,   -2,    6,   -2,    1,    6,   -1,
     -12,  -11,  -17,  -15,   -2,  -11,   -8,   15,   -8,   -8,   -8,   16,   -7,   -9,  -11,   -8,
      -8,   -8,   -5,   14,   -8,   14,   -7,   -4,    2,   -2,   -1,  -13,   -8,   -8,   -6,  -41,
     -16,  -50,    1,    1,    7,    6,    9,    1,   -5,   -3,   -4,    2,    2,    7,    5,    6,
       2,    6,    5,    8,    9,    6,   -1,  -34,  -15,    9,    8,  -17,   -6,  -13,   -1,   -4,
      -5,   -1,  -11,  -11,  -11,  -11,  -11,  -11,   -7,   15,   -8,   -8,   -8,   -8,   -9,   -9,
      -9,   -9,   -1,   -5,   14,   14,   14,   14,   14,  -11,   14,   -8,   -8,    1,    1,    2,
       2,    2,    1,    2,    7,    9,    9,    9,    9,    3,    2,    2,    7,    7,    7,    7,
       7,    7,    5,    5,    6,    5,    6,    6,  -14,  -14,    1,   -1,    1,   -1,  -16,  -30,
       8,   11,    2,   -4,   -1,   -7,  -10,   -6,    1,   -7,   -3,  -21,   -8,  -37,  -36,   -7,
      -2,    5,   -3,   -7,   -3,    7,   -8,  -24,  -12,  -13,  -14,   -1,   11,    1,    1,    1,
      -5,    1,    1,    7,    3,    2,   -2,   -1,    2,    1,    4,    4,   -5,  -26,  -12,  -16,
      13,    2,    2,    3,    4,   -3,   -6,    1,    4,   -1,   -1,    2,   -2,    3,    6,   -3,
      -3,  -10,   -7,    2,  -10,    1,  -20,  -25,   -5,  -29,  -20,  -18,  -16,  -20,   -6,    3,
      11,   11,   11,   11,   11,   11,   19,    3,  -10,   -1,   -1,   -1,   -1,    1,    9,   13,
      13,   13,   13,    2,    4,    4,    4,    4,    2,   -1,    8,    8,    1,   -1,    2,    2,
       2,    2,   -3,   -3,   -3,   -3,   -9,    3,   -9,  -38,  -39,    1,   -9,    1,   -9,  -20,
      -5,  -21,   -4,    6,   -3,   -3,    3,  -21,  -14,  -18,    3,  -13,  -18,  -33,  -43,  -33,
     -44,  -37,   -5,   -3,   -3,  -22,   -7,  -12,    5,   -4,  -17,  -17,  -33,  -28,  -24,  -23,
     -27,  -33,   -3,   -4,   -4,   -3,   -3,   -3,   -3,   -4,   -4,   -3,   -3,   -6,   -1,   -4,
      -4,   -4,   -4,   -6,    9,    1,   14,   13,   -1,   10,   -4,    2,  -26,  -37,  -47,  -17,
       2,  -16,  -16,  -15,   -7,  -19,   -2,   -6,   -7,   -1,   -1,  -10,  -10,  -16,   -7,  -16,
     -12,  -16,   -5,   -7,   -2,   -1,   -7,   -3,  -15,  -19,  -38,   -2,  -15,  -12,  -11,  -10,
     -11,    2,   -7,  -33,  -33,  -33,  -33,  -33,  -33,  -25,   -4,   -3,   -3,   -3,   -3,   -4,
      -4,   -4,   -4,   -2,   -1,   -4,   -4,   -4,   -4,   -4,  -28,   -4,    1,    1,    1,    1,
      10,   -3,  -14,  -16,  -10,  -11,  -10,  -13,  -16,  -15,  -15,  -11,  -12,   -3,   -7,    9,
      10,  -15,  -16,  -13,  -14,  -13,  -16,   -7,   -7,   -6,   -7,   -3,   -3,  -34,  -34,   13,
       1,   13,    1,  -16,  -58,  -14,  -13,   -6,   -6,  -10,  -10,  -14,   -5,  -10,    1,  -28,
      -5,  -12,   -2,  -11,   -8,  -14,    5,   -6,   -3,   -7,   -4,    5,   -4,   -5,   -5,  -11,
     -14,  -23,  -13,   -1,   -2,   -2,   11,   -3,   -2,   -2,   12,   -1,   -3,   -6,   -2,   -2,
      -1,   10,   -3,   10,   -3,   -7,   -1,   -2,   -2,   -3,   -4,  -30,  -15,  -34,    3,    8,
       8,   10,   -5,   -1,   -3,   -6,   -1,   -4,   -5,    9,   -2,    8,   -6,    2,   -1,   -5,
      -3,   -6,   -5,   -4,  -24,  -15,    9,  -16,  -11,  -10,  -11,  -13,   -6,   -2,   -2,   -2,
      -2,   -2,   -2,    3,   11,   -2,   -2,   -2,   -2,   -3,   -3,   -3,   -3,   -1,   10,   10,
      10,   10,   10,  -17,   10,   -2,   -2,   10,   10,   11,   11,   -1,   -3,    5,    5,    9,
       9,   10,   10,   10,    9,   -1,   -1,   -1,   -1,   -5,   -4,  -12,  -12,  -10,  -10,  -21,
     -10,  -16,    3,   12,   -4,   -3,   -3,   -7,  -21,  -12,   -7,  -14,  -18,   -5,  -29,   -3,
     -28,   -9,  -13,  -12,   -3,   -1,  -12,   -9,  -10,   -2,   -6,   -7,   -7,   -6,  -28,  -28,
     -24,  -16,  -10,   -6,    2,   -5,   -4,    1,    1,   -6,   -6,   -8,    1,   -2,    6,    6,
       4,    3,   -1,  -21,  -26,  -16,   -3,    1,   -7,   -6,   -6,   -5,   -8,   -3,   -9,    1,
      -5,   -4,   -7,   -8,   -6,   -5,   -4,   -9,   -9,  -10,   -9,   -2,  -11,   -4,  -17,  -34,
     -12,  -33,  -22,  -15,  -11,  -12,  -12,   -4,   -7,    9,   -6,    1,   -6,   -6,   -6,   -6,
      -6,  -26,   -6,   -2,   -2,   -2,   -2,    3,   -3,   -3,   -1,   -1,   -1,   -2,   -3,   -7,
      -5,   -6,   -5,   -5,   -3,    6,   11,   -4,   -6,   -7,   -6,   -6,   -6,   -7,   -9,   -9,
      -9,   -9,  -10,   -9,  -30,  -30,   -4,   -4,  -25,  -19,  -13,  -12,  -10,   -5,   -6,   -5,
      -8,  -23,  -16,  -14,   -8,  -14,  -18,   -6,  -34,   -6,  -33,   -9,  -14,  -14,   -2,   -1,
       1,  -15,   -9,  -12,   -2,   -9,   -9,   -8,   -7,  -31,  -29,  -24,  -14,  -11,   -8,   -1,
       2,   -8,   -4,    1,   -9,   -1,   -9,   -8,   -1,   -2,    5,    4,    4,    3,   -1,   -1,
     -21,  -29,  -16,   -5,    1,   -9,   -8,   -8,   -6,  -10,   -4,  -10,   -6,   -6,   -9,  -11,
      -8,   -6,   -5,  -12,  -12,  -13,  -12,   -3,  -14,   -5,  -16,  -36,   -4,  -15,  -36,  -22,
     -13,  -14,  -13,   -6,   -7,    8,   -8,    1,   -9,   -9,   -9,   -9,   -9,  -29,   -9,   -2,
      -2,   -2,   -2,    3,   -1,   -4,   -4,   -3,   -2,   -5,   -9,   -8,   -8,   -7,   -7,   -4,
       6,   -9,   -5,   -9,   -9,   -8,   -8,   -8,   -9,  -12,  -12,  -11,  -13,    2,  -34,  -34,
      -5,   -5,  -26,  -22,  -14,  -15,  -13,   -6,   -8,   -9,   -8,  -25,  -22,  -20,   -8,  -22,
     -20,   -5,  -32,  -19,  -31,  -20,  -29,  -14,   -8,   -5,   -6,  -14,  -14,  -16,   -3,  -10,
      -8,  -20,  -19,  -30,  -31,  -33,  -22,  -23,  -12,   -4,   -8,   -4,   -4,   -3,   -8,   -4,
      -3,   -7,   -4,   -4,   -3,   -2,   -9,   -4,   -9,   -5,  -12,   -1,   -1,    6,    5,    2,
      -7,   -1,  -25,  -31,  -27,  -11,   -1,  -12,  -12,  -11,  -14,  -20,   -5,  -10,  -11,   -4,
      -3,  -14,  -14,  -11,  -14,  -12,  -15,  -15,  -14,  -14,  -12,  -11,  -13,  -12,  -16,  -20,
     -36,  -14,  -21,  -12,  -13,  -13,  -18,  -12,  -12,  -12,  -12,  -12,  -12,   -8,   -8,   -4,
      -4,   -4,   -4,   -3,   -3,   -3,   -3,   -2,   -2,   -9,   -9,   -9,   -9,   -9,   -9,   -1,
      -1,   -1,   -1,    2,  -11,  -10,  -11,   -9,   -8,   -7,  -10,  -11,  -10,  -10,  -10,   -9,
      -2,  -12,    4,  -14,  -11,  -11,  -11,  -10,  -10,  -11,  -13,  -14,  -13,  -12,  -12,  -32,
     -33,   -5,   -5,  -26,  -27,  -14,  -13,  -16,  -10,    1,   -7,  -18,   -9,   -8,   -7,  -11,
     -16,   -4,  -49,  -52,   -2,   -6,  -11,   -2,    5,  -16,   -6,   -8,   -1,  -10,   -2,  -42,
     -31,  -15,  -12,   -5,   14,    4,  -11,    4,    4,    3,  -11,    4,    3,    4,    4,   11,
       6,  -11,    4,  -11,    4,   -3,   -1,    7,    7,   12,    7,    5,   -1,  -18,  -27,  -15,
      -1,    5,   -8,   -6,   -7,   -1,   -5,    1,    1,   -9,    3,    6,   -1,   -1,   -8,   -8,
      -7,   -1,   -1,   -8,  -11,  -26,  -21,    7,  -26,    1,  -13,  -46,  -23,  -50,  -25,  -17,
     -16,  -14,   14,   14,   14,   14,   14,   14,   24,  -11,    4,    4,    4,    4,    3,    3,
       3,    3,    4,    6,  -11,  -11,  -11,  -11,  -11,  -26,  -10,    7,    4,    1,    1,    2,
       2,    1,   -7,   -6,   -6,   -5,   -5,    3,    1,   10,   -1,   -6,   -7,   -6,   -6,   -6,
     -47,   -7,  -10,  -10,   -9,   -9,  -25,  -16,  -52,  -52,    1,   -3,    1,   -3,  -26,   -5,
     -28,  -22,    3,   -3,   -6,  -64,   -9,   -8,    1,  -55,   -4,  -35,  -49,  -28,  -25,   -9,
      -1,  -10,   -1,   -9,    3,  -15,    2,  -31,    4,  -21,   -3,   -3,  -16,  -11,  -16,  -19,
      -1,    8,   -4,    1,   -4,   -4,   -5,    1,   -3,   -5,  -13,   -4,   -4,    2,   -2,   -4,
      -3,   -1,  -33,   -9,  -31,  -27,   -1,  -32,    1,  -26,  -36,  -11,  -17,   11,   -1,    3,
       5,    4,   -5,   -5,   -4,   -3,  -11,   -3,   -3,   -3,    3,   -5,    4,   -3,    1,   -7,
      -5,  -20,  -16,  -20,   -1,  -31,  -19,  -51,  -23,  -32,  -68,  -68,  -58,  -57,    8,    8,
       8,    8,    8,    8,   14,    1,   -4,   -4,   -4,   -4,   -5,   -5,   -5,   -5,   -4,   -2,
     -13,   -9,   -9,   -9,   -9,  -32,   -4,   11,   11,   11,   11,   11,   11,   11,    4,    4,
       4,    4,   -3,   -3,   -3,   -3,   -3,    3,    3,    3,    3,    3,    3,   -5,   -5,   -5,
      -5,  -20,  -20,  -28,  -28,  -52,  -52,  -57,  -62,  -37,   -7,  -20,    3,   -9,   -1,  -11,
     -17,  -10,   -8,  -11,   -9,  -18,   -9,  -32,  -32,   -3,   -7,   -8,   -6,    1,   -4,  -10,
      -6,   -6,   -6,   -1,  -11,   -2,   -1,  -28,  -24,  -16,  -16,   -5,   11,   -6,   -6,   -3,
       8,    2,   -7,   -7,   -3,   -4,   -3,   -1,   -1,    8,    2,    1,   -7,  -22,  -23,  -15,
      -3,   -2,   -3,   -2,   -4,   -1,  -10,    3,   -1,   -1,   -3,   -6,   -3,   -1,   -1,   -8,
      -9,  -14,  -13,    3,  -15,  -18,  -33,   -9,  -13,  -32,  -27,  -11,  -14,  -15,  -15,  -11,
      11,   11,   11,   11,   11,   11,   19,   -6,    2,   -7,   -7,   -7,   -7,   -7,  -23,   -7,
      -3,   -3,   -3,   -3,    2,    1,    1,    1,   -3,   -2,   -3,   -2,   -1,    1,   -1,    5,
       8,   -1,   -3,   -3,   -3,   -3,   -3,   -3,   -9,   -9,   -9,   -8,  -15,  -14,  -32,  -32,
      -4,   -9,   -4,   -9,  -28,   -7,  -15,  -11,    1,   -5,   -2,   -2,  -16,  -15,  -12,   -2,
     -11,  -15,  -25,  -10,  -24,  -10,  -19,   -4,   -1,   -6,   -6,   -5,    2,   -1,  -10,   -9,
     -23,  -22,  -26,  -17,  -12,   -5,    1,    1,    1,    1,    1,    1,    1,   -1,    1,    1,
       2,    3,    1,    1,   -6,    9,    5,   15,   14,    8,   12,   -2,  -21,  -23,  -23,   -5,
       4,   -3,   -3,   -2,   -6,   -9,   -3,   -5,    2,   -5,   -5,   -3,   -6,   -3,   -8,   -6,
      -5,   -6,   -4,   -3,   -6,   -5,   -8,  -14,  -26,    1,   -7,  -27,  -14,   -5,  -22,   -6,
      -8,   -8,  -10,   -5,   -5,   -5,   -5,   -5,   -5,    1,    1,    1,    1,    1,    1,    1,
       1,    1,    2,    3,  -21,    5,    5,    5,    5,   12,    1,   -2,   -3,   -1,   -1,   -1,
      -4,   -3,   -1,   -2,   -1,    4,   -5,   10,   14,   -5,   -3,   -3,   -3,   -2,   -1,  -25,
      -3,   -6,   -6,   -5,   -4,   -5,  -25,  -25,    7,    1,    7,    1,  -20,  -18,   -7,   -4,
      -8,   -3,   -1,   -8,  -11,   -4,   -1,    3,  -41,  -13,  -18,  -11,  -18,  -19,    8,  -11,
      -6,  -12,   -2,    7,   -3,    2,    6,   -1,  -11,  -11,  -17,  -15,   -2,   -9,   -7,   16,
      -7,   -7,   -7,   16,   -6,   -8,  -10,   -7,   -7,   -7,   -4,   14,   -7,   14,   -7,   -3,
       2,   -1,  -13,   -7,   -7,   -6,  -40,  -15,  -46,    1,    2,    8,    7,   10,   -1,    1,
      -5,   -3,   -3,    3,    3,    8,    6,    7,    1,    2,    6,    5,    8,    9,    6,   -1,
     -35,  -15,    9,  -17,   -6,   -1,   -5,   -6,    2,   -1,   -9,   -9,   -9,   -9,   -9,   -9,
      -5,   16,   -7,   -7,   -7,   -7,   -8,   -8,   -8,   -8,   -1,   -4,   14,   14,   14,   14,
      14,  -11,   14,   -7,   -7,    4,    2,    2,    2,    2,    2,    8,   10,   10,   10,   10,
       3,    3,    6,    3,    8,    8,    8,    8,    8,    8,    6,    6,    6,    6,    6,    2,
       6,  -13,  -14,    1,   -2,    1,   -2,  -16,  -28,    8,   12,    2,   -3,    6,  -14,   -9,
     -15,    6,   -4,  -27,    5,  -28,  -47,  -27,  -47,  -30,    1,   -2,   -1,   -4,  -17,   -1,
       5,    9,   -2,   -1,  -32,  -12,  -14,  -20,  -14,  -28,   -5,    7,   -5,   -5,   -5,    9,
      -4,   -5,   -6,   -5,   -4,   -8,   -3,    6,   -5,    6,   -5,   -1,   13,   -1,    7,    7,
      -6,    1,   -6,  -33,  -30,  -58,   -4,   -6,   -7,   -4,   -6,   -5,   -3,   -3,    2,    2,
      -6,    7,   -7,   -1,    5,    2,   10,   11,    1,    8,   -1,  -28,  -36,   -6,  -37,   -6,
     -28,   -3,   -3,   10,    1,  -28,  -28,  -27,  -27,  -28,  -28,  -27,    7,   -5,   -5,   -5,
      -5,   -5,   -5,   -5,   -5,   -1,   -3,    6,    6,    6,    6,    6,  -12,    6,   -1,   -1,
      -1,   -1,    1,   -5,   -3,   -4,   -1,   -2,   -2,   -2,   -2,   -6,   -4,   -4,   -2,   -2,
       1,   10,    7,    2,   -6,   -6,   -3,   -4,   -3,   -6,    3,    3,    3,    3,    8,   10,
     -30,  -30,   14,    3,   14,    3,  -11,  -69,    2,   -4,    3,   -3,   -1,   -8,  -10,   -4,
      -1,    4,    3,  -13,   12,  -11,  -11,   17,    8,   -9,   -4,  -10,   -2,    7,   -2,    2,
       7,   15,  -11,  -11,  -15,  -14,    3,   -8,   -7,   16,   -7,   -7,   -7,   16,   -5,   -8,
      23,   -7,   -6,   -7,   -4,   14,   -6,   14,   -6,   -3,    2,   -1,  -12,   -7,   -6,   -6,
      -5,  -15,    9,    2,    2,    9,    9,   11,   27,   -3,    2,   22,    4,    4,   10,   18,
       9,    2,    6,    6,    7,    8,   10,   12,   -1,    2,  -15,    9,   -6,  -11,   -1,   -5,
      -6,   -8,   -8,   -8,   -8,   -8,   -8,   -4,   16,   -7,   -7,   -7,   -7,   -8,   -8,   -8,
      -8,   -4,   14,   14,   14,   14,  -11,   -7,   -6,    2,    2,    3,    3,   12,   11,   11,
      11,   11,    2,    2,    4,    3,    4,   10,   10,   10,    7,    7,    7,    7,   21,  -13,
     -14,    1,   -2,    1,   -2,  -16,  -21,    8,   12,    2,   -1,  -12,  -16,   -8,   -7,  -12,
      -9,  -30,  -14,  -41,    1,  -43,   -2,   -7,   -7,   -5,    2,   -3,  -14,   -5,   -8,   -8,
      -7,  -38,  -23,  -16,  -16,   -5,   11,   -1,   -6,   -1,   -1,   -1,   -6,   -2,  -11,   -1,
      -1,    7,   -6,   -1,   -6,   -1,   -2,   -6,  -11,   -9,   -9,    5,  -10,    2,  -17,  -32,
     -25,  -15,    1,   -2,   -5,   -4,   -3,   -4,   -1,   -9,    1,    3,   -4,   -4,   -4,   -1,
      -5,   -6,   -8,   -6,    6,   -9,    1,  -29,  -42,  -10,  -21,  -46,  -23,  -16,  -18,  -21,
      -9,   11,   11,   11,   11,   11,   11,   21,   -6,   -1,   -1,   -1,   -1,   -2,   -2,   -2,
      -2,   -6,   -6,   -6,   -6,   -6,  -21,   -6,  -11,  -11,  -11,  -11,  -10,   -1,    1,    1,
       1,    1,    1,    1,    1,   -3,   -3,   -2,   -2,    2,    1,   -5,   -4,   -4,   -4,   -4,
      -4,  -41,   -4,   -6,   -6,   -6,   -6,   -8,   -1,   -8,  -44,  -44,   -6,  -13,   -6,  -13,
     -24,   -5,  -15,  -19,    1,   -4,   -7,  -10,   -8,  -11,   -2,  -10,   -3,  -29,  -10,  -20,
      -3,  -18,   -2,  -14,    1,   -7,   -3,   -8,    4,  -14,    1,   -5,    1,   -7,  -10,   -9,
     -14,  -13,  -20,  -23,   -3,   -2,   -4,    3,   -5,   -4,   -4,    3,   -4,   -4,   -7,   -4,
      -4,   -2,   -1,    2,   -5,    2,   -4,   -4,   -4,   -2,   -4,   -3,   -4,   -6,  -33,  -13,
     -36,    7,    5,    5,    6,   -5,   -6,   -3,   -5,   -8,   -3,   -2,   -6,   -6,    4,   -3,
       5,   -7,   -2,   -3,   -4,   -8,   -6,   -7,   -9,   -7,  -26,  -16,  -11,    4,  -19,  -20,
     -16,  -18,  -18,  -19,   -3,   -2,   -2,   -2,   -2,   -2,   -2,    2,    3,   -4,   -4,   -4,
      -4,   -4,   -4,   -4,   -4,   -4,   -1,    2,    2,    2,    2,    2,  -14,    2,   -2,   -2,
      -2,   -2,   -3,   -4,    7,    7,    7,    7,    7,    7,    7,    5,    6,    6,    6,    6,
      -3,   -5,    5,    3,   -5,    4,    4,    4,    4,    4,    4,   -4,   -4,   -3,   -3,   -8,
      -8,  -20,  -20,  -11,  -11,  -22,  -15,  -14,    6,   -2,   -8,    8,  -15,  -10,  -15,    8,
      -7,  -17,    6,  -48,  -31,  -47,  -31,  -30,    1,   -1,  -22,   -1,   -6,    8,    6,   -4,
      -4,  -55,  -15,  -14,  -19,  -19,  -20,    1,   -1,    2,    1,   -1,   -3,    3,   -1,   17,
       7,   16,   16,   11,   -1,    3,  -25,  -31,  -33,   -6,    9,  -13,  -14,  -11,  -11,    1,
       1,   -1,   -1,  -13,    2,  -14,   -1,   -7,    2,    7,    8,    5,   -4,  -19,  -61,    6,
     -16,  -71,   -8,  -36,   -2,   -4,   -3,    9,  -20,  -20,  -20,  -20,  -20,  -20,  -15,    1,
      -1,   -1,   -1,   -1,    3,  -14,    7,    7,    7,    7,   11,   -5,   -6,   -3,   -3,   -3,
      -5,   -5,  -13,  -10,  -10,   -8,   -8,    3,   14,   15,  -11,  -12,   -9,   -9,   -9,  -47,
     -12,    5,  -59,  -59,   14,    7,   14,    7,  -11,  -42,   -7,  -15,    3,   -3,   -3,   -2,
     -16,  -15,  -13,   -2,   -9,  -15,  -23,  -22,  -23,  -23,  -30,   -2,   -4,   -3,   -3,   -6,
      -6,   -3,    2,  -11,  -10,  -21,  -22,  -26,  -17,  -13,  -14,    2,   -1,    1,    1,   -1,
       2,    1,   -1,    1,   -1,   -6,   10,    6,   15,   15,    2,   12,   -3,    1,  -21,  -25,
     -47,   -7,    4,   -3,   -3,   -1,   -7,   -9,   -2,   -4,   -4,   -1,   -1,   -7,   -7,   -3,
      -5,   -3,   -9,   -8,   -4,   -5,   -2,   -2,   -8,   -3,  -12,  -14,  -25,    3,   -5,  -25,
     -13,   -6,   -7,   -7,  -11,  -14,  -14,  -14,  -14,  -14,  -14,  -10,    2,    1,    2,    1,
       1,    1,    1,    1,  -20,    1,    6,    6,    6,    6,   12,   -7,   -4,   -6,   -2,   -1,
      -5,   -6,   -3,   -1,   -1,   -6,   -3,   -7,   -3,   -3,   -1,   -3,   -3,   -3,  -23,  -23,
       9,    1,    9,    1,  -19,  -31,   -6,   -1,  -10,   -3,    2,    9,  -25,  -11,  -16,    9,
     -12,  -10,    9,  -41,  -46,  -41,  -46,  -35,   -4,    1,    2,  -31,   -3,  -17,   14,   -1,
     -19,  -19,  -43,  -29,  -28,  -18,  -34,  -38,    6,   -5,    5,    6,    7,   -3,    6,    6,
       5,    6,    6,    9,   -5,    5,   -5,    5,   -4,   17,   13,   26,   26,   11,   24,   12,
     -13,  -39,  -61,  -18,   15,  -22,  -23,  -20,   -8,  -22,    6,   -2,   -1,    7,    7,  -13,
     -13,  -21,  -10,  -22,  -15,  -18,   -7,  -12,   -6,   -6,  -12,   -7,  -16,   -6,  -50,    5,
     -23,   -9,   -3,   -5,   -5,    8,  -13,  -38,  -38,  -35,  -36,  -37,  -38,  -19,   -5,    6,
       6,    6,    6,    6,    6,    6,    6,    6,    9,   -5,   -5,   -5,   -5,   -5,  -28,   -5,
      13,   13,   13,   13,   24,    6,  -10,  -16,   -5,   -5,   -3,   -9,  -18,  -22,  -11,  -20,
      -7,   -5,    4,   -5,   19,   24,  -13,  -21,   -9,   -8,   -6,  -21,   -9,  -11,   -7,   -6,
      -7,   -2,  -42,  -42,   21,   10,   21,   10,  -14,  -59,  -15,  -22,  -11,    2,    8,  -24,
     -11,  -16,    8,  -11,  -10,    9,  -37,  -44,  -36,  -44,  -35,   -4,    1,    2,  -28,   -3,
     -16,   13,   -1,  -16,  -16,  -38,  -27,  -27,  -17,  -31,  -34,    5,   -4,    5,    6,    6,
      -1,    6,    5,    4,    5,    5,   -1,    8,   -3,    5,   -3,    4,   -4,   16,   12,   25,
      25,   10,   23,   -1,   12,  -13,  -38,  -51,  -15,   15,  -17,  -18,  -15,   -7,  -19,    6,
      -1,   -1,    6,    7,  -11,  -11,  -17,   -9,  -18,  -12,  -15,   -6,  -10,   -5,   -5,  -11,
      -6,  -15,   -7,  -44,  -19,  -43,   -9,  -36,   -4,   -4,   -4,  -12,  -34,  -34,  -31,  -34,
     -34,  -34,  -17,   -4,    6,    6,    6,    6,    5,    5,    5,    5,    8,   -3,   -3,   -3,
      -3,   -3,   -3,   12,   12,   12,   12,   23,    5,   -8,  -14,   -5,   -4,   -2,   -8,  -14,
      -9,  -15,   -5,   -3,    4,   -4,   19,   23,  -11,  -17,   -7,   -6,   -5,  -17,   -8,   -9,
      -6,   -5,   -5,   -1,  -38,  -38,   20,    9,   20,    9,  -15,  -51,  -12,  -17,  -10,   -5,
     -20,  -10,  -10,   -5,  -13,  -15,   -2,  -54,  -60,   -3,   -8,  -13,    1,  -20,   -6,  -12,
      -1,   -3,   -9,   -4,   -2,  -48,  -36,  -17,   -9,   -8,   10,    3,  -14,    2,    3,    4,
     -14,    3,    4,    3,    3,    8,    6,  -13,    2,  -13,    2,   -5,   -1,    1,   10,   10,
      10,    8,    2,  -17,  -30,  -15,   -1,    4,  -11,   -9,  -10,   -3,   -8,    3,   -1,   -7,
       3,    3,   -4,   -3,  -11,  -10,  -10,   -3,   -2,  -10,  -13,  -23,  -19,    3,  -24,   -1,
     -12,  -52,   -6,  -26,  -56,  -23,  -15,  -15,  -13,   -6,   -1,   10,   10,   10,   10,   10,
      10,   19,  -14,    3,    3,    3,    3,    4,    4,    4,    4,    2,    6,  -13,  -13,  -13,
     -13,  -13,  -29,  -13,    1,    1,    1,    1,    8,    3,   -1,   -1,   -8,   -9,   -8,   -7,
       1,   -1,   12,   18,   -3,   -9,  -10,   -9,   -8,  -12,  -13,  -11,  -10,  -60,  -60,    3,
      -1,    3,   -1,  -25,   -7,  -28,  -26,    1,   -4,    1,    5,  -32,  -14,  -19,    5,  -16,
     -11,    6,  -56,  -30,  -59,  -30,  -33,  -10,   -1,    1,    2,  -35,   -5,  -23,    9,   -5,
      -2,  -27,  -26,  -59,  -39,  -34,  -19,  -36,  -22,    3,  -11,    2,    3,    3,   -9,    3,
       3,    2,    3,    3,    2,    6,  -11,    2,  -11,    2,   -7,   10,   10,   23,   23,    9,
      21,   -2,    8,  -14,  -41,  -33,  -24,   11,  -31,  -32,  -30,  -10,  -29,    3,   -4,   -6,
       4,    5,  -15,  -15,  -30,  -16,  -32,  -17,  -25,  -11,  -19,  -14,  -14,  -13,  -15,  -21,
      -8,  -65,  -37,  -65,  -13,   -7,   -8,   -7,  -19,  -22,  -22,  -22,  -22,  -22,  -22,  -15,
     -11,    3,    3,    3,    3,    3,    3,    3,    3,    2,    6,  -11,  -11,  -11,  -11,  -11,
     -36,  -10,   10,   10,   10,   10,   21,    3,  -12,  -22,   -8,   -6,  -12,  -31,  -17,  -28,
     -12,   -9,    1,   -7,   16,  -15,  -13,  -18,  -29,  -13,  -10,  -30,  -14,  -18,  -11,   -9,
     -14,  -60,  -60,   17,    7,   17,    7,  -17,  -42,  -25,  -36,  -17,   -3,   -5,   -6,  -12,
     -10,   -4,   -6,   -7,  -21,   -6,  -33,  -30,  -12,   -2,   -4,    1,   -3,  -11,   -1,   -3,
       1,  -11,   -5,   -5,  -21,  -14,  -19,  -16,   -5,    2,   -3,   -1,   -2,   -3,    2,    2,
      -2,   -1,   -2,   -1,   -2,    5,    5,    3,    3,    1,   -3,  -23,  -15,  -19,    6,    3,
      -5,   -8,    1,   -3,   -9,    1,    1,   -5,   -5,   -8,   -5,   -1,   -8,   -8,  -15,  -13,
      -3,  -15,   -3,  -18,  -23,   -4,  -26,  -23,  -16,  -20,  -17,  -17,   -1,    2,    2,    2,
       2,    2,    2,   10,   -3,    2,   -2,   -2,   -2,   -2,   -2,   -2,    3,    6,    6,    6,
       6,    6,    6,    6,   -3,    6,  -33,   -7,   -8,   -7,   -7,  -14,  -12,  -33,  -33,    2,
      -8,    2,   -8,  -24,   -9,  -25,   -3,   -1,   -8,  -23,  -23,  -51,  -45,  -37,  -50,  -23,
     -47,  -26,  -62,  -25,  -63,  -34,  -25,  -44,  -30,  -29,  -24,  -45,  -33,  -50,  -26,  -37,
     -35,  -37,  -27,  -60,  -60,  -30,  -39,  -30,  -21,  -42,  -21,  -21,  -21,  -41,  -21,  -21,
     -16,  -21,  -21,  -21,  -20,  -43,  -21,  -43,  -21,  -38,  -25,  -23,  -13,  -13,  -17,  -15,
     -29,  -20,  -31,  -60,  -17,  -36,  -16,  -44,  -43,  -43,  -35,  -23,  -19,  -31,  -25,  -19,
     -18,  -36,  -36,  -44,  -31,  -43,  -36,  -38,  -40,  -44,  -39,  -38,  -32,  -36,  -36,  -42,
     -64,  -28,  -42,  -34,  -46,  -23,  -26,  -24,  -43,  -28,  -30,  -30,  -30,  -30,  -30,  -30,
     -25,  -42,  -21,  -21,  -21,  -21,  -20,  -21,  -19,  -21,  -20,  -43,  -43,  -43,  -43,  -43,
     -42,  -23,  -23,  -23,  -23,  -15,  -21,  -31,  -30,  -36,  -34,  -32,  -30,  -34,  -36,  -44,
     -36,  -43,  -39,  -36,  -14,  -34,  -19,  -34,  -36,  -37,  -44,  -41,  -38,  -37,  -36,  -38,
     -44,  -43,  -37,  -36,  -12,  -64,  -65,  -17,  -17,  -17,  -17,  -22,  -44,  -40,  -41,  -27,
     -47,  -41,  -41,  -13,  -37,  -30,  -23,  -16,  -19,  -22,  -24,  -27,  -43,  -20,  -33,   -5,
     -13,  -23,  -13,  -13,  -14,  -23,  -13,  -14,  -13,  -13,   -7,  -12,  -24,  -13,  -24,  -13,
     -16,  -35,  -35,  -43,  -43,   -9,  -39,  -11,  -61,  -25,   -4,   -9,  -18,  -18,  -17,  -17,
     -13,  -14,  -12,  -12,   -9,  -14,  -13,  -18,   -3,  -17,  -12,  -11,  -26,  -27,  -34,  -34,
      -9,  -18,  -10,  -19,  -13,  -39,  -41,  -39,  -41,  -17,  -11,  -26,  -38,  -38,  -20,  -60,
     -34,  -23,  -36,  -22,  -30,  -17,  -32,  -27,  -31,  -11,  -31,  -14,  -39,  -12,  -29,  -25,
     -36,  -21,  -27,  -14,  -27,  -27,  -28,  -13,  -26,  -29,  -33,  -27,  -27,  -22,  -25,  -14,
     -27,  -14,  -27,  -20,  -32,  -27,  -40,  -39,  -31,  -41,  -25,  -60,  -11,  -19,  -13,  -13,
     -12,  -26,  -22,  -24,  -25,  -29,  -23,  -21,  -25,  -24,  -13,  -23,  -13,  -26,  -17,  -22,
     -21,  -28,  -27,  -28,  -29,  -25,  -17,  -37,  -37,  -15,  -89,  -55,  -30,  -17,  -92,  -10,
     -11,   -5,  -35,   -9,   -5,   -7,  -74,  -10,  -32,  -30,  -29,  -22,  -13,  -10,  -15,  -15,
     -42,  -15,  -15,  -16,  -43,  -15,  -15,   -5,  -15,  -15,  -15,  -15,  -41,  -15,  -41,  -15,
     -30,  -34,  -47,  -60,  -52,  -15,  -33,  -17,  -17,   11,  -24,  -27,  -36,  -34,  -35,  -16,
      -1,  -16,  -15,  -14,  -16,  -15,  -16,  -16,  -36,  -12,  -34,  -15,  -24,  -29,  -34,  -49,
     -40,  -15,  -32,  -16,  -15,  -15,  -15,  -41,  -41,  -15,  -24,  -36,  -36,  -89,   -4,  -16,
     -13,  -12,   -7,  -16,   -6,  -34,  -12,  -22,  -22,   -2,   -8,   -9,   -1,   -7,   -3,   -6,
     -18,   -1,   -5,   -2,   -1,  -20,  -19,  -18,  -19,   -2,    6,   -2,    2,   -2,   -2,   -3,
       2,   -2,   -3,  -14,   -2,   -2,    3,   -1,    1,   -2,    1,   -2,   -5,  -11,  -16,  -25,
     -24,  -26,   -1,  -25,  -35,  -19,  -15,    3,   -2,    1,    2,    2,   -1,   -2,   -2,    1,
      -8,   -1,    3,   -1,   -1,    1,   -3,    1,    1,   -3,   -5,   -6,   -2,    2,   -7,  -33,
     -22,   -7,   -2,  -24,  -21,  -12,  -12,  -15,  -17,  -14,   -3,    6,    6,    6,    6,   14,
       2,   -2,   -2,   -3,   -3,   -3,   -1,    1,  -19,  -26,    9,    3,    3,    3,    3,    3,
       3,    4,    1,    2,    2,    2,    2,    1,    1,    1,    1,   -1,    1,    1,    1,    1,
       1,  -22,    1,   -5,   -5,   -5,   -5,   -7,   -7,  -22,  -22,  -16,  -14,  -16,  -14,  -33,
     -21,   -9,   -5,   -1,   -3,   -7,   -4,  -12,   -8,  -13,   -3,  -12,    1,  -50,   -5,  -13,
     -12,  -12,  -13,  -15,    6,  -23,  -14,  -19,    2,   -6,    5,  -20,    2,   -5,   -3,  -11,
     -13,  -23,  -16,   -1,   -6,   -9,   10,   -9,   -9,  -10,   11,   -9,  -11,  -14,   -9,   -9,
      -6,   -7,   10,   -9,   10,   -9,   -6,   -9,   -5,  -18,  -16,  -14,  -28,  -11,  -17,  -44,
     -14,  -39,    4,    1,    9,    8,   10,   -3,    1,   -6,   -1,   -5,   -4,   -4,    9,    2,
       9,   -2,    1,   -1,   -5,   -2,   -4,  -40,  -14,    9,  -16,  -12,   -7,  -10,  -10,   -7,
      -6,   -9,   -9,  -14,   -5,   -5,    3,    4,    4,    4,    4,    4,    4,    4,    9,   10,
      10,   10,   10,   -1,   -1,   -1,   -1,    7,    9,    9,    9,    9,    9,    9,    1,    1,
       1,    1,   -2,    1,   -2,  -13,  -14,  -12,  -11,  -12,  -11,  -29,  -12,  -20,    5,   12,
      -4,   -4,   -3,  -16,  -12,   -3,   -7,  -38,   -1,  -27,   -6,  -26,   -6,  -14,    1,   -9,
      -3,   -9,  -14,   -5,   -2,   -7,   -3,    2,  -34,  -14,  -16,  -19,   -9,    2,   -7,    2,
      -7,   -7,   -8,    1,   -6,   -8,  -17,   -7,   -7,   -2,   -5,    1,   -7,    1,   -6,   -6,
      -2,  -11,  -13,  -12,   -2,  -18,   -5,  -10,  -40,  -24,  -27,   -5,   -3,   -5,   -2,   -5,
      -6,   -3,   -4,   -2,   -3,    1,   -4,    1,    3,    4,    2,    1,    1,  -37,  -39,   -6,
     -12,   -3,   -8,   -8,    2,    2,    2,   -7,   -7,   -8,   -8,    1,  -13,  -11,  -11,   -3,
      -2,   -2,   -2,   -2,   -5,   -3,   -3,   -3,   -3,   -3,   -3,    1,   -5,    1,  -28,  -28,
      -3,   -3,  -22,  -11,   -1,   -6,    5,   -7,   -2,   -8,  -13,  -10,   -6,   -8,   -6,  -19,
      -8,  -22,  -22,   -1,   -8,   -3,   -4,   -4,   -4,   -4,   -1,  -20,  -18,  -18,  -13,   -2,
       6,   -1,    1,   -1,   -1,   -1,    3,   -1,   -6,   -1,   -1,    4,    1,   -1,   -1,   -3,
       2,    1,    3,    1,   -3,  -26,  -19,  -14,    3,   -1,    2,    2,    3,   -1,   -1,    2,
      -5,    3,    1,    2,    2,    2,    2,   -1,   -1,   -1,    2,   -2,  -19,  -22,   -2,  -25,
     -17,   -7,  -10,   -9,   -3,    6,    6,   -1,   -1,   -1,   -1,   -1,   -1,   -1,  -18,   -3,
      -1,    9,    3,    3,    3,    3,    3,    3,    3,    2,    3,    3,    3,    3,    2,    1,
       2,    2,    2,    2,    2,    2,    2,    2,    2,   -1,   -1,   -1,   -1,   -2,   -2,  -23,
     -23,   -6,   -6,  -22,   -9,   -5,   -2,   -2,   -3,   -3,   -8,  -14,  -13,   -9,   -8,   -1,
     -39,   -1,  -12,   -6,  -12,   -7,  -13,    3,  -11,   -5,  -10,   -2,   -3,    2,  -13,   -1,
       3,  -14,  -14,  -17,  -14,   -5,   -5,    9,   -5,   -5,   -6,   10,   -4,   -6,  -14,   -5,
      -5,   -1,   -3,    8,   -5,    8,   -5,   -7,   -5,   -7,  -15,  -14,   -4,  -24,   -5,  -13,
     -39,  -17,  -28,   -1,   -1,    5,    5,    7,   -1,   -4,   -1,   -5,   -2,   -1,   -1,   -1,
       6,    5,   -1,    3,    2,    3,  -36,  -18,    6,  -20,  -10,   -4,   -7,   -8,   -3,    6,
       9,   -5,   -5,   -5,   -6,   -6,   -6,   -6,   -3,    8,   -7,  -24,    6,   -1,    5,    7,
       7,    7,    7,   -1,   -1,   -1,   -1,    4,   -1,    6,    6,    6,    6,    6,    6,   -1,
     -14,  -14,   -7,   -7,   -7,   -7,  -27,  -12,    8,    8,   -6,   10,   19,  -11,   -8,  -11,
      19,   -5,   -1,    8,  -38,   -8,  -36,  -10,  -13,    1,  -16,    1,   -2,    6,    3,  -37,
     -15,  -12,    1,  -11,   -1,   11,   11,   11,   11,    3,   11,   11,    6,   11,   11,   12,
      13,    1,   11,    1,   11,   15,   12,   26,   26,   18,   24,    3,   14,   -8,  -27,  -16,
       2,   20,   -5,   -6,   -3,    4,   -6,   10,    5,   -1,   10,   11,    5,    6,   -5,    6,
      -6,    4,   -2,    4,    1,    9,   10,    9,    7,   -1,   -2,  -40,    4,  -16,   -8,   16,
      11,   13,    2,    5,   11,   11,    1,    1,    2,    2,    2,    2,    2,    2,    2,   -5,
      -2,   -3,   -2,   -2,   17,    5,    8,   18,   -3,    6,   -3,   -5,   -5,   -5,   -4,   -5,
       2,    1,    2,    2,    7,   20,  -39,  -40,   22,   22,   22,   22,  -13,  -16,   -8,  -15,
       8,    9,   -1,    3,  -11,   -9,  -13,    3,   -1,  -14,  -27,   -1,  -25,   -8,   -1,   -3,
      -5,  -18,   -1,   -1,    6,    3,  -29,  -15,  -12,  -19,   -6,   -4,    5,   -4,   -4,   -5,
       6,   -4,   -5,    6,   -4,   -4,   -2,    4,   -4,    4,   -4,   -1,    6,   -6,   -7,   -6,
      -2,  -12,   -2,   -4,  -20,  -29,    1,   -1,   -4,   -4,   -2,    5,    1,   -4,    5,    1,
      -3,   -1,    7,    7,   -3,    8,   -4,    4,    3,    3,   10,   10,   10,    8,    1,  -14,
     -35,  -10,  -34,   -8,   -3,   -5,   -7,    5,   -4,   -4,   -4,   -5,   -5,    4,    4,  -11,
      -6,    4,    2,   -3,   -2,   -2,   -2,   -2,    5,    5,    5,    5,   -5,    7,   -3,   -3,
      -3,   -3,   -3,   -3,    3,    3,    3,    3,    8,    1,    8,  -27,  -27,    7,    4,    7,
       4,  -16,  -13,   -3,   -8,    7,   -4,   -5,  -19,  -16,   -8,  -19,   -8,  -34,  -15,  -25,
     -24,   -5,   -9,   -5,   -9,   -2,   -7,   -6,   -7,   -3,  -20,   -1,   -8,   -3,   -3,  -23,
     -22,  -20,  -23,   -5,    5,   -3,   -1,   -3,   -3,   -4,   -1,   -3,   -5,  -14,   -3,   -3,
       2,   -2,   -2,   -3,   -2,   -3,   -6,  -13,  -20,  -28,  -26,  -26,   -2,  -29,  -35,  -22,
     -15,   -3,   -1,   -2,   -5,   -2,  -12,   -1,   -1,   -1,   -5,   -1,   -6,   -8,   -9,   -7,
       1,  -10,   -1,  -33,  -26,   -7,  -27,  -24,  -14,  -17,  -21,   -3,    5,    5,   -3,   -3,
      -3,   -5,   -5,   -5,   -2,   -2,  -22,  -20,    9,   -3,   -8,   -8,   -8,   -8,  -10,   -2,
     -10,  -25,  -25,  -18,  -17,  -18,  -17,  -34,  -23,   -9,   -8,   -4,   -2,   -7,   -5,  -14,
     -16,  -12,  -10,  -14,   -9,  -24,  -13,  -26,  -26,   -6,  -10,   -7,   -8,   -7,   -8,   -6,
      -5,  -10,   -4,   -7,   -4,   -3,  -25,  -24,  -20,  -22,   -6,    4,   -2,   -3,   -2,   -2,
      -3,   -1,   -2,   -3,  -11,   -2,   -2,   -4,   -2,   -4,   -2,   -5,   -8,   -7,   -3,   -3,
      -4,   -1,  -10,  -29,  -23,  -15,   -1,   -4,   -3,   -2,   -1,   -2,   -5,   -3,   -1,  -11,
      -1,   -1,   -1,   -3,   -5,   -2,   -6,   -4,   -7,   -5,   -8,   -1,  -22,  -29,   -9,  -29,
     -24,  -13,  -15,  -15,  -14,   -4,    4,    4,    4,   -3,   -2,   -2,   -3,   -3,   -4,   -4,
      -4,  -23,   -4,    6,   -1,   -1,   -1,   -1,   -1,   -1,   -3,   -1,   -1,   -1,   -1,   -1,
      -1,   -1,   -1,   -4,   -1,   -3,   -3,   -3,   -3,   -3,   -2,   -4,   -4,   -4,   -4,   -8,
      -3,   -8,  -26,  -27,   -7,  -11,   -7,  -11,  -29,  -22,  -11,   -9,   -7,   -3,   -7,  -15,
     -13,  -17,  -14,  -13,  -13,  -24,  -13,  -26,  -10,  -25,  -12,  -15,   -6,  -13,   -9,  -11,
      -8,  -16,   -7,  -11,   -9,   -7,  -11,  -10,  -25,  -24,  -28,  -26,  -14,   -6,  -10,   -2,
     -10,  -10,  -11,   -1,  -10,  -10,   -7,  -10,  -10,   -7,   -8,   -3,  -10,   -3,  -10,  -13,
      -9,   -8,   -4,   -3,   -7,   -6,   -9,  -10,  -30,  -24,  -14,   -5,  -10,   -5,   -5,   -3,
     -10,  -10,  -11,   -9,  -13,  -10,   -9,   -7,   -7,   -4,   -7,   -5,   -9,   -8,   -8,   -8,
      -6,   -5,   -7,   -7,   -9,  -22,  -28,   -8,  -23,  -12,  -15,  -15,  -11,   -6,   -1,  -10,
      -9,   -8,   -3,   -5,   -5,   -5,   -5,   -5,   -5,   -5,   -5,   -3,   -3,   -3,   -3,   -8,
      -9,   -7,   -6,   -6,   -7,   -4,   -4,   -4,   -4,   -4,   -4,   -8,   -8,   -8,   -8,   -7,
     -26,  -26,   -7,  -11,   -7,  -11,  -29,  -19,   -8,   -6,  -10,   -1,   -4,  -14,  -10,  -10,
      -4,   -8,  -32,   -6,  -47,  -53,   -3,   -8,   -3,   -6,    1,   -4,  -16,   -5,   -6,   -4,
      -1,    1,    1,  -44,  -18,  -14,  -17,   -6,   10,   -2,   -3,   -2,   -2,   -3,   -2,   -2,
      -3,  -13,   -2,   -2,    5,   -1,   -3,   -2,   -3,   -2,   -3,   -2,  -12,  -15,  -14,    5,
     -14,    1,  -12,  -32,  -27,  -15,   -4,   -9,   -8,   -8,    2,   -7,   -3,    3,   -1,   -1,
       2,    1,    2,   -9,    3,   -8,    2,   10,    2,  -31,  -49,  -22,  -52,  -16,   -8,  -13,
     -15,   -3,   -2,   -2,   -2,   -2,   -3,   -3,   -3,  -14,   -3,  -12,  -12,   -3,    9,    1,
      -9,   -8,   -8,   -8,   -8,    3,    3,    3,    3,  -10,    2,   -9,   -9,   -9,   -9,   -9,
     -45,   -8,   -2,  -54,  -54,   -1,   -3,   -1,   -3,  -20,   -7,  -15,  -21,    2,   -6,   -3,
     -13,  -16,  -11,   -9,  -13,   -8,  -23,  -13,  -26,  -26,   -6,   -8,   -6,   -6,   -5,   -8,
      -5,   -5,   -9,   -1,   -5,   -3,   -2,  -25,  -24,  -18,  -17,   -5,    6,   -2,   -3,   -2,
      -2,   -3,   -2,   -1,   -3,  -11,   -2,   -2,    1,   -3,   -2,   -3,   -2,   -3,   -6,   -7,
      -3,   -2,    1,   -4,   -9,  -29,  -22,  -15,   -3,   -2,   -1,   -2,   -5,   -2,  -11,    1,
      -1,   -5,   -1,   -6,   -4,   -6,   -5,    2,   -8,  -23,  -29,   -9,  -29,  -24,  -11,  -14,
     -13,  -11,   -3,    6,    6,    6,    6,    6,   -3,   -2,   -2,   -2,   -2,   -3,   -3,   -2,
      -3,   -3,   -3,   -3,  -22,   -3,   -2,    8,   -2,   -3,    1,   -1,   -1,   -1,   -1,   -1,
      -1,   -4,   -4,   -4,   -4,   -7,   -3,   -7,  -27,  -27,   -6,  -11,   -6,  -11,  -25,  -10,
      -9,   -7,   -2,   -5,   -5,  -19,  -16,  -13,   -9,  -19,   -8,  -34,  -16,  -25,  -24,   -5,
     -10,   -5,   -9,   -2,   -7,   -6,   -7,   -4,  -20,   -1,   -9,   -4,   -3,  -23,  -22,  -20,
     -23,   -4,    5,   -4,   -1,   -4,   -4,   -5,   -1,   -4,   -6,  -16,   -4,   -4,    1,   -2,
      -3,   -4,   -3,   -4,   -6,  -13,  -20,  -28,  -26,  -27,   -2,  -29,  -35,  -22,  -15,   -3,
      -1,   -2,   -5,   -2,  -12,   -1,   -1,   -1,   -6,   -1,   -6,   -8,   -9,   -8,  -10,   -1,
     -33,  -26,  -10,   -7,  -27,  -25,  -12,  -14,  -17,  -21,  -17,   -3,    5,    5,    5,   -1,
      -4,   -6,   -6,   -3,   -3,  -23,  -20,  -20,  -20,    9,   -1,   -3,   -1,   -1,   -1,   -1,
      -8,   -8,   -8,   -8,  -10,   -2,  -10,  -25,  -25,  -18,  -17,  -18,  -17,  -35,   -9,   -8,
      -5,   -2,   -8,   -5,  -19,  -16,  -12,   -8,  -19,   -8,  -34,  -15,  -24,  -24,   -5,  -10,
      -5,   -9,   -2,   -7,   -6,   -7,   -3,  -20,   -1,   -8,   -3,   -3,  -23,  -22,  -20,  -23,
      -4,    5,   -4,   -1,   -4,   -4,   -5,   -1,   -3,   -6,  -16,   -4,   -4,    2,   -1,   -2,
      -4,   -2,   -4,   -6,  -13,  -20,  -27,  -26,  -27,   -2,  -28,  -35,  -22,  -15,   -3,   -1,
       1,   -2,   -5,   -2,  -12,   -1,    1,   -1,   -5,   -1,    1,   -6,   -8,   -9,   -7,    1,
     -10,   -1,  -32,  -25,  -10,   -6,  -26,  -24,  -34,  -12,  -14,  -17,  -20,  -16,   -3,    5,
       5,    5,   -1,   -4,   -4,   -4,   -4,   -6,   -6,   -6,   -2,   -2,   -2,   -2,  -22,  -20,
     -20,    9,    1,    1,    1,    1,    1,   -2,  -24,   -8,   -8,   -8,   -8,  -10,   -2,  -10,
     -24,  -25,  -18,  -17,  -18,  -17,  -34,   -9,   -7,   -4,   -2,   -8,   -4,  -13,   -8,  -12,
      -2,  -13,    1,  -49,   -6,  -13,   -8,  -11,   -8,  -14,    7,  -22,  -12,  -18,    4,   -6,
       6,  -22,    3,   -5,   -4,  -10,  -12,  -23,  -17,   -4,   -8,   10,   -8,   -8,   -9,   11,
      -8,  -10,  -14,   -8,   -8,   -4,   -6,   10,   -8,   10,   -8,   -5,  -10,   -5,  -19,  -17,
     -13,  -29,   -9,  -17,  -44,  -13,  -38,    6,    1,   10,    9,   11,   -3,    2,   -5,   -1,
      -6,   -4,   -2,   10,    1,    9,   -2,   -2,   -1,   -6,   -3,   -4,  -39,  -14,   10,  -16,
     -12,   -8,  -10,  -11,   -9,   -6,   -4,   -4,   10,   -8,  -10,  -13,   -5,    6,    6,    6,
       6,    6,    6,    6,    6,   10,   11,   11,   11,   11,   -1,   -1,   -1,   -1,    8,   10,
      10,   10,   10,   10,   10,   -3,    1,   -3,  -13,  -13,  -14,  -12,  -14,  -12,  -32,  -18,
       3,   13,   -4,   -9,   -4,  -12,   -8,  -13,   -3,  -12,    1,  -50,   -5,  -13,  -12,  -12,
     -12,  -15,    6,  -24,  -14,  -19,    2,   -6,    5,  -20,    2,   -5,   -4,  -11,  -13,  -23,
     -16,   -1,   -6,   -9,   10,   -9,   -9,  -10,   11,   -9,  -11,  -14,   -9,   -9,   -6,   -7,
      10,   -9,   10,   -9,   -6,   -9,   -5,  -18,  -16,  -15,  -28,  -11,  -17,  -44,  -14,  -39,
       4,    1,    9,    8,   10,   -3,    1,   -6,   -2,   -5,   -4,   -4,    9,    2,    8,   -2,
      -1,   -5,   -2,   -4,  -40,  -14,    9,  -16,  -12,  -12,   -7,  -10,  -10,   -7,   -6,   -6,
      -6,   10,   -9,  -11,   10,  -14,    3,    4,    4,    4,    4,    4,    4,    4,    9,   10,
      10,   10,   10,   -1,   -1,   -1,   -1,    7,    9,    9,    9,    9,    9,    9,   -2,    1,
      -2,  -13,  -14,  -12,  -11,  -12,  -11,  -31,  -20,    5,   12,   -4,   -8,   -7,   -7,  -11,
      -6,   -7,   -4,  -14,   -8,  -20,  -20,   -1,  -11,   -4,  -11,   -8,  -10,   -4,    2,  -18,
     -16,  -20,  -24,   -5,   -6,    6,   -6,   -6,   -7,    7,   -6,   -8,    5,   -6,   -6,   -1,
      -4,    4,   -6,    4,   -6,   -6,   -6,  -12,  -15,  -14,   -6,  -21,   -5,  -14,  -26,  -17,
      -7,    1,   -7,    3,    3,    5,   -1,   -5,   -1,    4,   -3,   -1,    3,    1,    3,   -1,
      -1,    2,   -1,   -2,  -20,  -20,   -1,  -15,  -16,   -8,  -11,  -13,   -3,   -6,   -6,  -15,
       1,    1,    1,    1,    1,    1,    2,    3,    5,    5,    5,    5,   -1,   -1,   -1,   -1,
       3,    3,    3,    3,  -20,  -20,   -4,   -9,   -4,   -9,  -24,  -14,   -2,   -2,   -5,  -15,
     -13,  -18,   -8,  -38,   -1,  -41,  -21,  -35,  -22,  -25,    1,  -10,   -7,  -11,  -20,   -4,
      -4,   -4,   -4,    5,   -1,   -1,  -46,  -15,  -14,  -25,  -16,  -14,  -12,    1,  -12,  -13,
     -13,    1,  -12,  -14,  -16,  -12,  -12,  -12,  -11,  -12,  -12,   -5,    2,  -10,  -10,   -9,
     -15,  -16,  -10,   -7,  -41,  -32,  -24,   -4,   -5,  -10,  -11,   -8,   -8,  -11,    1,   -3,
      -9,   -8,    1,  -10,    3,  -11,    2,   -4,    1,    1,    8,    9,    2,    6,   -1,  -38,
     -53,    3,  -12,  -55,  -11,   -2,   -6,   -7,    2,  -14,  -14,  -14,  -14,    1,  -13,  -13,
     -13,  -14,  -14,  -13,  -10,  -10,  -16,  -12,   -2,   -4,   -4,   -4,   -4,   -4,   -4,   -1,
     -10,   -8,   -8,   -8,   -8,    1,    1,    1,    1,  -11,    1,  -10,  -10,  -10,  -10,  -10,
     -41,   -9,    1,    1,    1,    1,    6,   -4,    6,  -46,  -46,    3,    1,    3,    1,  -18,
     -30,   -5,  -12,    2,   -9,   -7,  -10,  -12,  -11,   -4,  -10,   -5,  -43,   -9,  -29,   -1,
     -30,  -13,  -14,   -6,  -13,  -11,  -12,   -3,   -4,   -3,  -20,  -13,  -18,  -24,   -4,   -1,
      -8,    1,   -8,   -9,   -9,   -8,  -10,  -17,   -9,   -8,   -3,   -7,   -8,   -8,   -4,   -8,
     -11,  -18,  -17,   -7,  -24,   -5,  -16,  -42,  -15,  -30,    7,   -3,    1,    1,   -3,   -6,
      -6,   -4,   -6,   -5,   -3,   -3,   -3,   -2,    1,   -4,   -1,   -2,   -2,   -1,   -2,   -4,
      -2,  -38,  -23,   -3,  -26,  -18,  -18,   -8,  -13,  -14,   -1,   -1,   -1,   -1,   -8,   -8,
      -9,  -10,  -10,  -13,  -11,  -11,    1,    7,    7,    7,    7,    7,    7,    7,    1,    1,
       1,    1,   -4,   -4,   -3,   -3,   -3,   -2,   -2,   -2,   -2,   -3,   -2,   -3,  -32,  -32,
      -8,   -9,   -8,   -9,  -27,  -13,   -8,   -2,    2,   -9,   -1,   -2,  -12,   -9,   -9,   -2,
      -8,  -33,   -3,  -44,   -1,  -50,   -9,   -1,   -6,   -5,  -16,   -5,   -5,   -3,   -1,    1,
     -44,  -16,  -12,  -16,   -7,   10,   -2,   -1,   -2,   -3,   -3,   -1,   -2,   -3,  -14,   -2,
      -2,    4,   -1,   -1,   -2,   -1,   -2,   -2,  -10,  -12,  -11,    4,  -13,   -9,  -36,  -25,
     -21,    3,   -3,   -7,   -7,   -6,    5,   -7,   -3,    3,   -1,   -1,    1,    4,    4,   -7,
       6,   -7,    2,    2,    2,    1,    4,    5,    7,    2,  -34,  -51,   -1,  -19,  -54,  -14,
     -13,   -6,   -8,  -10,   -1,    3,   10,   10,   10,   10,   -1,   -3,   -3,   -3,   -3,   -3,
      -3,   -3,   -3,   -1,   -1,   -1,  -13,   -1,  -10,  -10,  -13,    6,    3,    3,    3,    3,
       3,    3,    3,   -7,   -6,   -6,   -6,   -6,    3,    3,    3,    3,   -8,    4,   -7,   -7,
      -7,   -7,   -7,  -42,   -7,    1,    1,    1,    1,    2,   -2,    2,  -51,  -51,   -1,   -1,
     -19,   -7,  -11,  -18,    6,   -5,   -9,  -14,  -16,  -15,  -10,  -14,  -12,  -38,  -14,  -26,
      -1,  -25,   -6,  -12,   -6,  -12,   -4,  -10,   -8,   -9,   -7,  -16,   -5,   -7,   -5,   -5,
     -25,  -23,  -22,  -25,   -7,    1,   -6,   -2,   -6,   -6,   -7,   -1,   -6,   -8,  -17,   -6,
      -6,   -1,   -4,   -3,   -6,   -3,   -6,   -8,  -10,  -22,  -22,  -21,   -4,  -26,   -5,  -23,
     -38,  -24,  -17,   -1,   -7,   -3,   -3,   -2,   -5,   -7,   -6,   -2,  -10,   -5,   -1,   -3,
      -2,   -3,   -4,   -3,   -3,   -2,   -5,   -5,   -6,   -5,   -1,   -7,   -2,  -35,  -28,   -9,
      -8,  -28,  -23,  -14,  -16,  -19,   -6,    1,   -2,   -6,   -6,   -6,   -8,   -8,   -3,  -22,
       3,   -1,   -1,   -1,   -1,   -1,   -1,   -1,   -3,   -2,   -2,   -2,   -2,   -2,   -2,   -2,
      -2,   -5,   -2,   -3,   -3,   -3,   -3,   -3,   -3,   -5,   -5,   -5,   -5,   -7,   -6,   -7,
     -26,  -26,  -11,  -14,  -11,  -14,  -30,  -12,   -8,   -6,   -5,  -10,    7,  -10,   -9,  -13,
       7,   -2,  -35,    1,  -27,  -40,  -25,  -40,  -27,    5,   -8,   -7,  -16,  -14,   -1,   -1,
      12,  -28,  -11,  -12,  -22,  -12,  -25,  -10,    8,  -10,  -10,  -11,    9,   -9,  -12,  -14,
     -10,  -10,  -13,   -8,    7,  -10,    7,  -10,   -3,    8,   -4,   -6,   -6,  -21,  -13,   -8,
      -3,  -38,  -28,  -49,   -1,   -1,   -4,   -5,   -2,    2,   -5,   -7,    1,    1,   -6,   -6,
       4,    4,   -3,    8,   -4,    2,   -1,    5,    6,   15,   16,    5,   13,  -36,  -10,   -7,
      -4,   -5,    7,  -10,  -10,  -12,   -8,   -1,   -1,   -1,   -1,   -1,   -1,   -4,   -2,   -2,
      -2,   -2,    1,    1,    2,    1,   -5,    4,   -3,   -3,   -3,   -3,   -3,   -3,    6,    6,
       6,    6,   13,   -1,   13,  -27,  -27,    9,    8,    9,    8,  -11,  -47,   -2,   -8,    9,
       9,   -9,   -8,  -10,    9,  -34,    2,  -23,  -32,  -23,  -31,  -25,    7,   -7,   -6,  -15,
     -11,    1,    1,   14,  -24,  -10,  -11,  -21,  -10,  -20,   -8,   11,   -8,   -8,   -9,   12,
      -8,  -10,  -12,   -8,   -8,  -12,   -6,   10,   -8,   10,   -8,   10,   -2,   -5,   -5,  -17,
     -12,   -6,   -1,  -37,  -26,  -40,   -1,    1,   -1,   -2,    3,   -2,   -5,    4,    3,   -3,
      -3,    7,    7,   -1,   11,   -2,    4,    2,    7,    8,   17,   18,    8,   15,    3,  -35,
     -29,   -6,  -29,   -5,    1,   -3,   -4,    8,  -20,   -8,   10,   10,   10,   10,    4,   -1,
      -1,   -1,   -1,   -1,   -1,    1,   -1,    4,    4,    4,    4,    7,   -1,   -1,   -1,   -1,
      -1,   -1,    8,    8,    8,    8,   15,    1,   15,  -24,  -24,   11,   10,   11,   10,  -10,
     -37,   -1,   -4,   11,   -3,   -1,   -1,  -12,   -9,  -10,   -1,   -5,  -32,   -3,  -42,  -44,
      -4,   -8,   -5,   -5,  -16,   -3,   -3,   -1,    2,    2,    2,  -43,  -16,  -12,  -18,   -7,
       9,   -3,   -3,   -3,   -3,   -2,   -3,  -12,   -3,   -3,    4,   -1,   -3,   -3,   -2,   -9,
     -12,  -12,    3,  -13,   -9,  -32,  -27,  -15,    2,   -2,   -6,   -6,   -5,    5,   -6,   -1,
       3,   -1,    2,    5,    5,   -6,    6,   -6,    3,    1,    2,    5,    6,   11,    3,    3,
     -30,  -50,  -20,  -52,  -13,   -6,   -8,  -10,   -1,    4,   -3,    2,    2,    2,    2,    2,
       2,    3,   -6,   -5,   -5,   -5,   -5,    3,    3,    3,    3,   -8,    5,   -6,   -6,   -6,
      -6,   -6,   -6,    3,   -1,  -44,  -44,    1,    1,    1,    1,  -17,   -7,  -10,  -19,    7,
      -5,   -3,    4,  -12,  -10,  -14,    4,   -3,  -37,  -27,  -38,  -26,  -37,  -29,    2,   -9,
      -8,  -17,  -16,   -3,   -1,    9,   -2,   -2,  -28,  -12,  -14,  -24,  -13,  -24,  -12,    6,
     -12,  -12,  -12,    8,  -11,  -13,  -14,  -12,  -12,  -14,  -10,    5,  -12,    5,  -11,   -4,
       5,   -6,   -8,   -7,  -22,  -14,  -10,   -5,  -40,  -29,  -45,   -3,   -1,   -4,   -4,   -3,
      -5,   -8,   -1,   -1,   -7,   -7,    1,    1,   -3,    5,   -4,   -2,    2,    3,   13,   13,
       2,   11,   -1,  -38,  -35,   -9,  -32,   -8,   -1,   -5,   -6,    4,  -24,  -12,  -12,  -12,
       5,  -11,  -14,   -3,   -3,   -3,   -3,   -3,   -3,   -2,   -4,   -2,   -2,   -2,   -3,   -1,
      -1,   -5,    1,   -3,   -3,   -3,   -3,   -3,   -3,    3,    3,    3,    3,   11,   -1,  -27,
     -27,    7,    6,    7,    6,  -13,  -44,   -3,   -8,    6,   -6,   -3,   -3,  -12,   -8,   -4,
      -3,   -4,  -33,   -3,  -35,  -36,  -10,   -8,   -8,   -3,   -6,   -6,    1,    1,  -30,  -14,
     -13,  -19,   -3,    5,   -4,    2,   -4,   -4,   -4,    1,   -3,   -5,  -14,   -4,   -4,   -2,
       1,   -4,    1,   -3,   -1,   -1,   -9,  -14,  -13,   -1,  -17,  -11,  -34,  -16,  -17,    9,
      -2,   -1,    1,   -4,   -2,   -2,    3,    3,   -1,    4,    1,    3,    3,    2,    3,    4,
       6,    1,    2,  -31,  -33,   -9,  -34,  -13,  -14,   -6,   -9,  -11,    4,    2,   -5,   -5,
      -9,    7,    9,    9,    9,    9,    9,    9,   10,   -1,    3,   -1,   -1,   -1,   -1,   -1,
     -35,    3,    3,    3,    3,    1,    1,  -36,  -36,   -2,   -2,   -2,   -2,  -21,   -7,   -8,
      -7,    7,   -7,  -17,  -17,  -40,  -18,  -62,  -20,  -64,  -28,  -18,  -36,  -25,  -24,  -17,
     -41,  -28,  -45,  -18,  -31,  -30,  -32,  -23,  -31,  -30,  -17,  -37,  -17,  -16,  -16,  -36,
     -17,  -16,   -8,  -17,  -17,  -17,  -15,  -37,  -17,  -37,  -17,  -33,  -19,  -16,   -7,   -7,
     -12,   -8,  -23,  -12,  -58,  -33,   -9,  -39,  -38,  -38,  -32,  -15,  -13,  -24,  -20,  -12,
     -11,  -33,  -32,  -39,  -25,  -38,  -32,  -34,  -35,  -42,  -36,  -36,  -30,  -32,  -33,  -37,
     -16,  -41,  -64,  -29,  -39,  -11,  -12,  -11,  -16,  -39,  -39,  -38,  -24,  -24,  -12,  -38,
     -16,  -22,  -24,  -20,  -26,  -18,  -17,  -30,  -16,  -19,   -5,  -19,  -19,  -19,   -4,  -19,
     -21,  -19,  -19,  -19,  -17,  -17,   -5,  -19,  -19,  -22,  -18,  -15,  -13,  -13,  -18,  -16,
     -22,  -42,  -30,  -16,   -7,   -6,   -6,  -19,   -9,  -17,  -19,  -20,  -16,  -17,  -17,   -7,
     -16,  -18,  -11,  -17,  -15,  -15,  -19,  -16,  -14,  -37,  -22,  -24,  -24,  -20,  -27,  -42,
     -42,  -19,  -68,  -28,  -47,  -27,  -47,  -42,  -14,  -51,  -65,  -46,  -20,  -29,  -14,  -65,
     -22,  -19,  -33,  -33,  -36,  -39,  -34,  -13,  -34,  -34,  -35,  -12,  -34,  -36,  -37,  -34,
     -34,  -34,  -32,  -14,  -34,  -14,  -34,  -41,  -54,  -27,  -43,  -40,  -63,  -60,  -51,  -64,
     -26,  -21,  -14,  -14,  -14,  -34,  -19,  -30,  -32,  -33,  -28,  -28,  -29,  -29,  -14,  -25,
     -14,  -31,  -22,  -26,  -22,  -28,  -27,  -45,  -29,  -33,  -10,  -34,  -39,  -34,  -14,  -34,
     -26,  -14,  -21,  -48,  -43,  -49,  -43,   -8,  -32,   -6,   -6,  -16,   -8,  -11,   -9,  -11,
     -10,  -17,   -9,  -11,   -8,  -10,   -4,   -5,   -4,   -4,   -4,   -4,   -4,   -4,   -1,   -2,
      -5,   -5,   -8,   -3,   -6,   -1,   -1,   -2,   -2,   -4,   -3,   -5,   -4,   -5,   -4,   -3,
      -3,   -4,   -4,   -4,   -6,   -4,   -7,   -7,   -5,   -5,   -5,   -8,   -5,   -7,   -3,   -4,
      -2,   -6,   -6,   -2,   -5,   -9,   -9,   -9,  -44,  -10,  -30,  -11,  -19,   -4,  -15,   -8,
     -13,  -20,   -9,   -8,  -11,   -8,   -3,   -6,   -4,  -25,  -45,   -7,  -12,  -13,   -4,   -2,
     -13,  -25,  -25,  -39,   -5,  -30,   -5,  -17,   -6,  -18,  -10,  -15,   -2,  -26,   -4,  -21,
      -1,  -25,  -12,  -12,  -28,  -40,  -42,  -36,  -38,   -7,  -26,   -5,  -13,  -11,  -11,  -25,
     -31,  -34,  -31,  -36,  -13,  -15,  -13,  -10,  -15,  -18,  -15,   -9,  -16,  -14,  -25,  -24,
     -25,  -31,  -16,  -18,  -17,   -7,  -17,  -11,  -16,  -10,  -16,   -7,  -19,  -10,  -11,  -41,
     -18,  -15,   -6,  -41,  -22,   -6,  -23,  -22,  -22,   -5,  -22,  -22,  -23,  -22,  -22,  -26,
     -20,   -7,  -23,   -7,  -23,  -18,   -8,  -15,   -9,   -9,  -22,  -13,  -21,   -4,   -4,  -24,
     -47,  -15,  -47,   -7,   -7,   -6,   -5,   -5,   -4,   -6,  -26,  -15,  -12,   -7,  -26,   -9,
     -41,  -27,  -32,   16,  -29,   16,  -14,   -2,   -6,   -2,   -6,   -4,   -6,   -4,   -2,  -31,
     -13,  -20,   -9,    1,   -7,   -7,   -7,   -8,    1,   -7,   -7,  -20,   -7,   -7,   -6,   -1,
      -7,   -1,   -7,   -4,  -12,  -13,  -12,   -1,  -19,   -1,   -8,  -43,  -17,    6,   -6,   -5,
      -4,   -4,   -8,   -7,   -4,   -6,   -4,   -5,    1,   -5,   -1,    6,    7,    3,    4,   -1,
     -22,  -39,  -33,  -11,   -8,  -14,  -14,  -35,  -33,  -13,   -2,   -5,   -7,  -17,    1,    1,
       1,    1,    1,    1,    9,   -7,   -7,   -7,   -7,   -7,   -7,   -7,   -7,   -6,   -1,   -1,
      -1,   -1,   -1,  -12,   -1,  -12,  -12,  -12,  -12,  -19,   -1,    6,    6,    6,    6,    6,
       6,    7,   -5,   -4,   -4,   -4,   -4,   -5,   -5,   -5,   -5,   -5,  -33,   -5,   -1,   -1,
      -1,   -1,    4,  -33,  -33,  -23,  -25,  -23,  -23,  -25,  -24,  -15,  -14,   -9,  -31,  -34,
     -15,   -7,   -9,  -14,  -51,  -31,   -9,  -24,  -13,  -24,   -7,  -28,   -8,  -48,   -7,  -25,
     -10,  -19,  -10,  -19,  -19,  -20,   -9,  -19,  -20,  -28,  -19,  -19,  -13,  -17,  -10,  -19,
     -10,  -19,  -15,  -50,  -42,  -38,  -15,  -48,  -13,   -6,  -16,   -7,   -7,   -6,  -19,  -15,
     -17,  -18,  -25,  -16,  -14,  -17,  -16,   -7,  -19,   -7,  -17,  -12,  -19,  -29,  -26,  -15,
     -30,  -14,  -20,  -12,  -12,  -41,  -47,  -31,  -47,  -43,  -15,  -14,  -34,  -14,  -14,   -8,
     -13,   -8,  -13,  -12,  -12,   -9,   -5,   -5,  -26,   -6,  -47,  -65,  -47,  -46,  -11,   -7,
      -5,   -8,  -40,  -13,  -21,   -2,  -10,   -4,  -20,  -20,  -32,  -51,  -11,  -13,  -12,  -11,
     -11,  -12,  -11,  -12,  -12,  -11,  -11,  -16,  -10,  -13,  -12,  -12,  -13,   -1,   -7,    2,
       1,   -8,   -1,  -12,  -34,  -21,   -7,  -30,  -32,  -28,  -13,  -28,  -12,  -12,  -12,  -12,
     -13,  -13,  -30,  -11,  -14,  -22,  -10,  -13,   -6,  -11,   -7,  -18,  -15,  -16,  -15,  -12,
     -66,  -66,   -6,    4,   -6,  -11,  -38,  -38,  -18,  -53,  -26,  -13,  -26,  -16,  -23,  -17,
     -21,  -12,  -50,  -17,  -18,  -11,  -18,  -11,  -18,  -18,  -20,  -10,  -17,  -18,  -32,  -18,
     -18,  -12,  -18,  -18,  -23,  -40,  -15,  -16,  -16,  -19,  -12,  -12,  -12,  -18,  -16,  -28,
     -16,  -14,  -23,  -17,  -16,  -27,  -15,  -16,   -3,   -8,  -17,  -33,  -47,  -30,  -47,  -33,
      -3,   -3,  -14,  -10,  -35,   -8,    1,   -8,   -8,   -7,   -7,   -8,   -8,   -8,  -11,   -6,
      -8,   -8,   -7,    6,   -3,    4,    4,   -8,  -12,  -27,  -19,  -12,  -33,    1,   -2,   -2,
     -13,  -34,  -34,    2,    5,    2,  -10,    2,  -11,    4,    4,  -11,  -15,   -1,  -46,  -47,
     -45,  -47,  -35,   -8,   -7,  -20,   -8,  -39,   -7,   -2,   -8,   -7,   -7,   -1,   -7,   -8,
      -7,   -7,  -12,   -6,   -1,   -8,   -8,   -5,   10,   -2,    5,    5,   -6,   -7,  -25,  -18,
     -22,  -46,   -1,   -1,   -1,  -16,    6,   13,  -21,  -16,  -12,  -12,  -37,  -24,   -5,    1,
      -6,   -1,   -6,   -6,   -5,  -16,   -6,   -6,   -4,   -2,   -6,   -8,   -9,  -21,  -20,   -6,
      -2,   -1,   -4,   -2,   -4,   -1,   -2,   -2,   -3,   -3,   -1,   -4,   -4,   -3,   -1,   -6,
     -13,  -15,   -6,  -13,  -13,   -4,   -4,   -2,   -2,  -22,    3,  -28,  -47,  -25,  -47,  -31,
      -3,   -3,  -10,  -33,  -11,  -11,  -11,  -11,    3,  -11,  -11,  -11,  -11,  -14,   -9,    1,
     -11,  -11,   -9,    1,   -6,  -12,   -3,  -16,  -31,   -6,    1,   -3,   -5,   -9,    3,    3,
     -21,    2,  -47,  -34,  -47,  -35,   -6,   -5,    3,    3,   -5,  -50,   -7,  -18,   -7,   -2,
     -50,  -46,  -37,  -10,   -4,   -5,   -3,  -19,    3,  -25,  -25,  -20,    3,   -6,    3,  -29,
      -7,   -7,  -14,  -33,  -11,   -3,  -14,  -13,   11,  -13,  -13,  -14,   12,  -12,  -15,  -16,
     -13,  -13,  -12,  -11,    9,  -13,    9,  -13,  -11,  -16,   -7,  -23,  -21,  -27,  -37,  -20,
     -42,    1,   -2,   10,    9,   11,  -13,   -9,  -11,  -12,   -8,   -8,   -9,   -9,   10,   -6,
       9,  -10,   -1,   -7,   -3,   -9,   -7,  -20,  -10,  -11,  -41,  -10,  -10,  -10,  -12,  -10,
     -10,  -10,  -11,  -35,  -12,  -14,  -14,  -14,  -14,  -14,  -12,   11,  -13,  -15,  -15,  -11,
       9,    9,    9,    9,   -7,   -7,   -1,    1,    1,    1,    1,    1,    1,   10,   11,  -11,
     -11,   10,   10,   10,   -3,   -3,  -10,  -10,  -49,  -49,  -39,  -54,  -51,  -51,  -38,  -10,
     -30,  -52,  -10,  -34,   -1,  -20,  -20,  -14,  -21,  -25,  -24,  -23,  -31,  -27,  -22,  -24,
     -31,  -22,  -22,  -18,  -14,  -18,  -18,  -18,  -13,  -18,  -18,    1,  -18,  -18,  -19,  -16,
     -15,  -18,  -15,  -18,  -28,  -16,  -21,  -10,  -10,  -16,  -12,  -25,  -24,  -17,  -17,  -18,
     -16,  -19,   -4,  -22,  -21,   -6,  -22,  -18,  -21,  -21,  -17,   -8,  -18,  -23,  -20,  -23,
     -22,  -18,  -18,  -19,  -16,  -22,  -12,  -22,  -16,  -18,  -15,  -21,  -22,  -19,  -10,  -20,
      -1,  -37,  -37,   -7,  -30,  -33,    1,  -35,   -5,   -3,    5,  -14,   16,   -6,   -1,   -6,
       1,  -11,   12,    2,   -6,   -6,   -1,  -19,  -15,  -34,  -32,   10,  -23,    4,  -30,    5,
      -2,   -3,   -2,   -2,   -3,    1,    1,  -10,    2,    6,    1,   -3,   -4,   -2,    1,    1,
      -6,   -8,  -24,  -20,    8,  -25,    4,  -13,  -33,  -34,  -38,    1,   16,   16,   16,   16,
      -6,    1,    2,   -6,   -6,   -6,  -15,  -15,  -15,    5,    5,    5,    1,    1,    1,   -2,
     -36,  -36,  -36,  -36,  -36,  -36,  -42,   -3,  -20,  -11,    4,   -1,  -37,  -37,   -7,  -29,
     -33,    1,  -35,   -5,   -3,  -14,   16,   -6,   -1,   -6,    1,  -11,   12,    2,   -6,   -6,
      -1,  -19,  -15,  -34,  -32,   10,  -23,    4,  -30,    5,   -2,   -3,   -2,   -2,   -3,    1,
       1,  -10,    2,    6,    1,   -3,   -4,   -2,    1,    1,   -6,   -8,  -24,  -20,    8,  -25,
       4,  -13,  -40,  -33,  -33,  -37,    1,   16,   16,   16,   16,   16,   26,   -6,    1,    2,
      -6,   -6,   -6,   -6,  -15,  -15,  -15,  -23,    1,    5,    5,    5,   -3,    1,    1,    1,
      -3,    1,   -1,  -36,  -36,  -36,  -36,  -36,  -36,  -42,   -3,  -20,  -11,    4,   -1,  -36,
     -36,   -7,  -28,    1,  -35,   -5,   -5,  -14,   16,   -6,   -1,   -6,    1,  -11,   12,    2,
      -6,   -6,   -1,  -19,  -15,  -33,  -31,   10,  -23,    4,  -30,    5,   -2,   -3,   -2,   -3,
       1,    1,  -10,    2,    6,    1,   -3,   -4,   -2,    1,    1,   -6,   -8,  -24,  -20,    8,
     -25,    4,  -13,  -29,  -30,  -30,    1,   16,   16,   16,   -6,   -6,  -15,  -15,  -23,    5,
      -3,  -35,  -33,  -35,  -33,  -42,  -20,  -11,    4,   -1,  -37,  -37,   -7,  -29,  -33,    1,
     -35,   -5,   -8,  -14,   16,   -6,   -1,   -6,    1,  -11,   12,    2,   -6,   -1,  -19,  -15,
     -34,  -32,   10,  -23,    4,  -30,   -2,   -2,   -2,   -3,    1,    1,  -10,    6,    1,   -3,
      -4,    1,    1,   -6,   -8,  -24,  -20,    4,  -26,  -13,  -32,  -33,  -34,    1,   16,   16,
      16,    2,   -6,   -6,  -15,  -23,    1,    5,   -2,  -36,  -36,  -36,  -36,  -36,  -42,   -3,
     -20,  -11,    4,   -1,  -37,  -37,   -7,  -29,    1,  -35,   -5,    5,  -14,   16,   -6,   -1,
      -6,    1,  -11,   12,    2,   -6,   -6,   -1,  -19,  -15,  -34,  -32,   10,  -23,    4,  -30,
     -15,    5,   -2,   -3,   -2,   -2,   -3,    1,    1,  -10,    2,    6,    1,   -3,   -4,   -2,
       1,    1,   -6,   -8,  -24,  -20,    8,  -25,    4,  -13,  -40,  -32,  -32,  -33,    1,   16,
      16,   16,   16,   -6,    1,    2,   -6,   -6,   -6,  -15,  -15,  -15,  -23,    5,    5,   -1,
      -3,   -2,   -7,  -36,  -36,  -36,  -36,  -36,  -36,  -42,   -3,  -20,  -11,    4,   -1,  -37,
     -37,   -7,  -29,  -33,    1,  -35,   -5,   -8,   -3,  -14,   16,   -6,   -1,   -6,    1,  -11,
      12,    2,   -6,   -6,   -1,  -19,  -15,  -34,  -32,   10,  -23,    4,  -30,    5,   -2,   -3,
      -2,   -2,   -3,    1,    1,  -10,    2,    6,    1,   -4,    1,    1,   -6,   -8,  -24,  -20,
       8,  -25,    4,  -13,  -33,  -34,  -37,    1,   16,   16,   26,   -6,    2,   -6,   -6,    5,
       5,    1,  -36,  -36,  -36,  -36,  -36,  -42,  -20,  -11,    4,   -8,   -8,   -3,  -22,  -36,
      -7,  -14,   11,    1,   -1,    1,    1,   -5,    7,    2,    2,   -3,   -2,    1,    4,    4,
     -26,   13,    1,    2,    3,    3,   -3,   -1,    1,    3,   -1,   -1,    2,   -2,    3,    6,
      -3,  -11,   -7,    3,   -5,  -17,  -17,  -21,    4,   11,   19,    2,   -2,   13,    4,    1,
      -1,    2,    2,  -38,  -10,  -10,  -21,  -21,   -5,    7,   -4,   -3,   -3,   -9,  -21,   -2,
      -1,  -46,   -2,  -13,   -9,   -6,   -5,  -18,   -1,   -1,   -4,   -1,   -1,   -1,   -4,   -1,
      -1,   -4,   -1,   -1,   -1,    1,   -5,   -1,   -5,   -1,   -3,    5,    6,    6,    2,    3,
     -26,    2,    1,   -5,   -5,   -4,   -2,  -10,   -2,   -5,   -5,   -1,   -3,   -3,   -5,   -2,
      -5,   -5,   -3,   -5,   -6,   -5,   -2,   -7,   -4,  -11,  -16,  -15,  -15,   -2,   -1,   -1,
      -1,   -1,   -1,   -1,    6,   -4,   -1,   -1,   -1,   -1,   -1,   -1,   -1,   -1,   -5,   -5,
      -5,   -5,   -5,   -5,    3,    3,    3,    3,    3,    2,   -5,   -4,   -4,   -3,   -3,   -1,
      -5,    9,   -5,   -4,   -5,   -4,   -4,   -7,  -50,    6,   -3,    6,   -3,  -18,  -24,  -10,
      -1,   -1,   -7,   -7,   -3,  -21,  -36,   -7,   -2,  -14,   11,    1,    1,    1,   -5,    1,
       1,    7,    3,    2,   -2,   -1,    2,    1,    4,    4,  -26,   13,    2,    2,    3,    4,
      -3,   -6,    1,    4,   -1,   -1,    2,   -2,    3,    6,   -3,   -3,   -9,   -7,    2,  -10,
       1,   -5,  -18,  -16,  -20,    3,   11,   11,   11,   11,    3,   -1,   -1,    2,    4,    4,
     -38,  -39,    1,   -9,    1,   -9,  -20,   -5,  -21,   -4,    6,   -1,   -7,    1,   -7,   -3,
     -21,   -8,  -36,   -7,   -2,    5,   -3,  -14,   11,    1,    1,    1,   -5,    1,    1,    7,
       3,    2,   -2,   -1,    2,    2,    4,    4,  -26,  -16,   13,    2,    2,    3,    4,   -3,
      -6,    1,    5,   -1,   -1,    2,   -2,    3,    6,   -3,   -3,   -9,   -7,    2,  -10,    1,
      -5,  -18,  -16,  -19,    3,   11,   11,   11,   11,   11,    3,   -1,   -1,   -1,   -1,    1,
       4,    4,   -1,    2,   -3,  -38,  -39,    1,   -9,    1,   -9,  -20,   -5,  -21,   -4,    6,
      -1,   -7,   -7,   -3,  -21,   -8,  -36,   -7,   -2,    5,  -14,   11,    1,    1,    1,   -5,
       1,    1,    7,    3,    2,   -2,   -1,    2,    2,    4,    4,  -25,   13,    2,    2,    3,
       4,   -3,   -6,    1,    5,   -1,   -1,   -2,    3,    6,   -3,   -3,   -9,   -7,    2,  -10,
       1,   -5,  -17,  -16,  -17,    3,   11,   11,   -1,   -1,   -1,    2,    4,    4,  -38,    1,
      -9,    1,   -9,  -20,   -5,  -21,   -4,    6,   -1,   -7,   -7,   -3,  -21,   -8,  -36,   -7,
      -2,    5,   -3,   -7,  -14,   11,    1,    1,    1,   -5,    1,    1,    7,    3,    2,   -2,
      -1,    2,    2,    4,    4,  -25,   13,    2,    3,    4,   -3,   -6,    1,    5,   -1,   -1,
       2,   -2,    6,   -3,   -3,  -10,   -7,    1,   -5,  -18,  -16,  -18,    3,   11,   11,   11,
       3,   -1,    4,  -38,  -39,    1,   -9,    1,   -9,  -20,   -5,  -21,   -4,    6,   -4,   -8,
      -8,  -14,  -18,   -6,  -33,   -9,  -14,   -8,   -7,  -14,   -8,   -1,    2,   -8,   -4,    1,
      -9,   -1,   -9,   -8,   -1,   -2,    5,    4,    4,    3,   -1,  -20,   -5,    2,   -9,   -8,
      -8,   -6,  -10,   -4,  -10,   -6,   -6,   -9,  -11,   -6,   -5,  -12,  -12,  -12,   -3,  -13,
      -5,  -15,  -13,  -13,  -13,   -7,   -8,   -9,   -9,   -2,   -2,  -34,   -5,   -5,  -25,  -14,
     -15,  -13,   -6,   -3,   -7,   -7,  -14,  -16,   -6,   -6,  -33,   -9,  -14,  -14,   -2,   -8,
      -7,   -6,   -8,   -1,    2,   -8,   -4,    1,   -9,   -1,   -9,   -8,   -1,   -2,    5,    4,
       4,    3,   -1,  -20,   -5,    3,   -9,   -8,   -8,   -6,  -10,   -4,  -10,   -6,   -6,   -9,
     -11,   -8,   -6,   -5,  -12,  -12,  -13,  -12,   -3,  -13,   -5,   -4,  -15,   -9,   -8,   -9,
      -7,    8,   -8,    1,    1,   -9,   -9,   -9,   -9,   -9,   -2,   -2,   -4,   -4,   -6,   -5,
      -9,    5,  -34,  -34,   -5,   -5,  -25,  -14,  -15,  -13,   -6,   -4,  -14,   -4,  -14,  -12,
      -6,  -33,   -9,  -14,   -2,  -15,   -8,   -7,   -3,   -8,   -1,    2,   -8,   -4,    1,   -9,
      -1,   -9,   -8,   -1,   -2,    5,    4,    4,    3,   -1,  -19,   -5,    7,   -9,   -8,   -6,
     -10,    2,   -3,   -9,    2,    6,   -6,   -6,   -9,  -11,   -8,   -6,   -5,  -12,  -12,  -13,
     -12,   -3,  -13,   -5,   -4,  -15,   -1,   -1,   -7,    8,   -8,    1,    1,   -9,   -9,   -9,
      -2,   -9,   -7,    8,  -34,  -34,    1,   -1,    1,   -1,  -24,  -14,  -15,  -13,   -6,   -2,
      -4,   -4,  -14,  -15,   -6,  -33,   -9,  -14,   -8,   -7,   -3,   -8,   -1,    2,   -8,   -4,
       1,   -9,   -1,   -9,   -8,   -1,   -2,    5,    4,    4,    3,   -1,  -20,   -5,    5,   -8,
      -6,   -6,   -9,   -6,   -5,  -12,  -12,  -14,  -15,   -4,   -2,   -3,   -7,   -8,    1,   -9,
      -9,   -9,   -9,   -2,   -2,   -1,   12,   -1,   -1,  -24,  -14,  -15,  -13,   -6,   -1,   -1,
       2,  -41,  -21,  -12,  -21,  -20,  -11,   -1,  -15,  -11,   -8,   15,   -8,   -8,   -8,   16,
      -7,   -9,  -11,   -8,   -8,   -8,   -5,   14,   -8,   -7,   -4,    2,   -2,   -1,   -8,   -8,
     -41,    1,    9,    7,    5,    8,   -1,   -4,   -5,  -11,  -11,  -11,   -7,   -8,   -8,   -9,
      -9,   -1,   14,   14,   14,   14,   -8,   -8,    1,    2,    5,    1,   -1,    1,   -1,  -16,
     -30,    8,   11,   -2,   -2,   -2,  -11,  -15,  -10,  -24,  -10,  -19,   -4,  -10,   -9,  -17,
      -5,    1,    1,    1,    1,    1,    1,    1,   -1,    1,    1,    2,    3,    1,    1,   -6,
       9,    5,   15,   14,    8,   12,   -2,  -21,   -5,   -2,   -9,   -3,   -3,   -8,   -6,   -5,
      -6,   -8,   -8,  -10,   -5,   -5,   -5,   -5,   -5,   -5,    1,    1,    1,    1,    1,    1,
       1,    3,    5,    5,    5,   12,   -2,   -3,   -1,   -2,   -5,   -5,   -3,   -6,    1,    1,
     -20,  -18,   -7,   -8,   -1,   -1,    3,  -41,  -18,  -11,  -18,  -19,   -1,  -15,   -9,   -7,
      16,   -7,   -7,   -7,   16,   -6,   -8,  -10,   -7,   -7,   -7,   -4,   14,   -7,   14,   -7,
      -3,    2,   -1,  -13,   -7,   -7,  -40,  -46,    1,    2,    8,    7,   10,   -1,    1,   -5,
      -3,   -3,    3,    3,    8,    6,    1,    2,    6,    5,    8,    9,    6,   -1,    9,   -1,
      -5,   -6,   -1,   -9,   -9,   16,   -7,   -7,   -7,   -7,   -8,   -8,   -8,   -1,   -4,   14,
      14,   14,    8,    8,  -13,    1,   -2,    1,   -2,  -16,  -28,    8,   12,    2,   -1,   -1,
       3,  -41,  -18,  -11,  -18,  -19,  -10,   -6,  -12,    7,   -2,   -1,  -15,   -9,   -7,   16,
      -7,   -7,   -7,   16,   -6,   -8,  -10,   -7,   -7,   -7,   -4,   14,   -7,   14,   -7,   -3,
       2,   -1,  -13,   -7,   -7,  -40,    1,    2,    8,    7,   10,   -1,    1,   -5,   -3,   -3,
       3,    3,    8,    6,    7,    1,    2,    6,    5,    8,    9,    6,   -1,    9,   -6,   -1,
      -4,   -5,   -1,   -9,   -9,   -9,   -5,   16,   -7,   -7,   -7,   -7,   -8,   -8,   -8,   -1,
      -4,   14,   14,   14,   14,   14,   14,   -7,   -7,    2,    3,   10,    6,    3,    8,    8,
       8,    6,    2,  -13,  -14,    1,   -2,    1,   -2,  -16,  -28,    8,   12,    2,   -1,   -1,
       3,  -41,  -18,  -11,  -18,  -19,  -10,    6,   -1,  -15,   -9,   -7,   16,   -7,   -7,   -7,
      16,   -6,   -8,  -10,   -7,   -7,   -7,   -4,   14,   -7,   14,   -7,   -3,    2,   -1,  -13,
      -7,   -7,  -40,    1,    2,    8,    7,   -1,    1,   -5,   -3,   -3,    3,    3,    8,    6,
       1,    2,    6,    5,    8,    9,   -1,    9,   -1,   -4,   -5,   -1,   -9,   -9,   -5,   16,
      -7,   -7,   -7,   -8,   -8,   -8,   -8,   -1,   -4,   14,   14,   -7,    8,    8,    6,  -13,
     -14,    1,   -2,    1,   -2,  -16,    8,   12,    2,   -1,   -1,    3,  -41,  -18,  -11,  -18,
     -19,   -1,  -15,   -9,   -7,   16,   -7,   -7,   -7,   16,   -6,   -8,  -10,   -7,   -7,   -7,
      -4,   14,   -7,   14,   -7,   -3,    2,   -1,   -7,   -7,  -40,    1,    2,    8,    7,   10,
      -1,    1,   -5,   -3,   -3,    3,    3,    6,    1,    2,    6,    5,    8,    9,   -1,   -1,
      -4,   -5,   -1,   -9,   -9,   -7,   -8,   -4,   14,   14,    8,    8,  -13,   -2,    1,   -2,
     -16,  -28,    8,    2,   -1,   -1,    3,  -41,  -18,  -11,  -18,  -19,  -10,   -6,  -12,   -1,
     -15,   -9,   -7,   16,   -7,   -7,   -7,   16,   -6,   -8,  -10,   -7,   -7,   -7,   -4,   14,
      -7,   14,   -7,   -3,    2,   -1,  -13,   -7,   -7,  -40,  -46,    1,    2,    8,    7,   10,
      -1,    1,   -5,   -3,   -3,    3,    3,    8,    6,    7,    1,    2,    6,    5,    8,    9,
       6,   -1,    9,   -1,   -4,   -5,   -1,   -9,   -9,   -9,   -9,   -9,   16,   -7,   -7,   -7,
      -7,   -8,   -8,   -8,   -8,   -1,   -4,   14,   14,   14,   14,   14,   14,   -7,   -7,    2,
       8,    6,    3,    8,    6,    6,  -13,    1,   -2,    1,   -2,  -16,    8,   12,    2,  -15,
     -15,  -18,  -58,  -45,  -11,  -33,  -24,  -33,  -12,  -21,  -13,  -23,  -11,  -11,  -20,  -27,
     -10,  -27,  -27,  -27,  -10,  -26,  -28,  -31,  -27,  -27,  -22,  -25,  -11,  -27,  -11,  -26,
     -17,  -14,  -22,  -28,  -28,  -29,  -36,  -21,   -9,  -17,  -13,  -13,  -13,  -14,  -19,  -23,
     -16,  -22,  -21,  -15,  -15,  -13,  -13,  -16,  -13,  -13,   -9,   -8,  -11,  -15,  -15,  -13,
      -1,   -1,    3,  -35,  -18,  -11,  -18,  -19,    8,  -10,   -6,  -12,   -2,   -2,    2,   -1,
     -15,   -9,   -7,   16,   -7,   -7,   -7,   16,   -6,   -8,  -10,   -7,   -7,   -7,   -4,   14,
      -7,   -7,   -3,    2,   -1,  -13,   -7,   -7,  -40,    2,    8,    7,   10,   -1,    1,   -5,
      -3,   -3,    3,    3,    6,    1,    2,    6,    8,    9,    6,    9,   -1,   -4,   -5,   -1,
      -9,   -5,   -8,   -1,   14,   14,    6,    8,  -13,  -14,    1,   -2,    1,   -2,  -16,    8,
      12,    2,   -3,   -2,   -2,   -9,  -15,  -22,  -23,  -23,  -30,   -4,  -11,  -10,  -17,  -14,
       2,   -1,    1,    1,   -1,    2,    1,   -1,    1,   -1,   -6,   10,    6,   15,   15,    2,
      12,   -3,  -21,    4,   -3,   -3,   -7,   -9,   -4,   -4,   -1,   -1,   -7,   -7,   -3,   -5,
      -3,   -9,   -8,   -4,   -5,   -2,  -12,   -5,   -6,   -7,   -7,  -11,  -14,  -14,  -14,    2,
       1,    1,    1,    6,    6,   -4,  -23,  -23,    9,    1,    9,    1,  -19,  -31,   -6,   -1,
     -10,   -3,   -2,   -2,   -9,  -15,  -22,  -23,  -23,  -30,   -4,    2,  -11,  -10,  -17,  -14,
       2,   -1,    1,    1,   -1,    2,    1,   -1,    1,   -1,   -6,   10,    6,   15,   15,    2,
      12,   -3,  -21,   -7,    4,   -3,   -3,   -7,   -9,   -2,   -4,   -4,   -1,   -1,   -7,   -7,
      -3,   -5,   -9,   -8,   -4,   -5,   -2,   -3,  -12,   -5,   -6,   -7,   -7,  -11,  -14,  -14,
     -10,    2,    1,    2,    1,    1,    1,    1,    1,    6,    6,    6,   12,   -6,   -7,   -3,
      -4,   -3,  -23,  -23,    9,    1,    9,    1,  -19,  -31,   -6,   -1,  -10,   -3,   -2,   -2,
      -9,  -15,  -22,  -23,  -23,  -30,   -4,  -11,  -10,  -17,  -14,    2,   -1,    1,    1,   -1,
       2,    1,   -1,    1,   -1,   -6,   10,    6,   15,   15,    2,   12,   -3,  -21,   -7,    4,
      -3,   -3,   -1,   -7,   -9,   -2,   -1,   -1,   -7,   -7,   -3,   -5,   -9,   -8,   -4,   -2,
      -8,   -3,  -12,   -5,   -6,   -7,   -7,  -11,  -14,  -14,  -14,  -14,  -10,    2,    1,    6,
      -3,   -3,    1,    9,    1,  -19,  -31,   -6,   -1,  -10,   -3,   -2,   -2,   -9,  -15,  -22,
     -23,  -23,  -30,   -4,   -3,   -6,   -6,  -11,  -10,  -17,  -14,    2,   -1,    1,    1,   -1,
       2,    1,   -1,    1,   -1,   -6,   10,    6,   15,   15,    2,   12,   -3,  -21,   -7,    4,
      -3,   -3,   -1,   -7,   -9,   -2,   -4,   -4,   -1,   -1,   -7,   -7,   -3,   -5,   -3,   -9,
      -8,   -4,   -5,   -2,   -2,   -8,   -3,  -12,   -5,   -6,   -7,   -7,  -11,  -14,  -14,  -14,
     -14,  -10,    2,    2,    1,    1,    1,    1,    1,    6,    6,    6,    6,   12,   -1,   -3,
      -1,   -1,   -3,   -3,  -23,  -23,    9,    1,    9,    1,  -19,  -31,   -6,   -1,  -10,    1,
       5,    5,  -16,  -11,  -30,  -59,  -30,  -33,    1,  -27,  -26,  -18,  -22,    3,  -11,    2,
       3,    3,   -9,    3,    3,    2,    3,    3,    2,    6,  -11,    2,  -11,    2,   -7,   10,
      10,   23,   23,    9,   21,   -2,  -14,  -24,  -32,  -30,  -10,   -4,   -5,    4,    5,  -15,
     -30,  -17,  -25,  -11,  -19,  -14,  -14,  -15,  -37,   -7,   -8,   -6,  -19,  -22,  -22,  -15,
     -11,    3,    2,  -10,  -10,  -10,   10,   10,   21,    3,   -6,  -10,   -9,  -14,  -60,   17,
       7,   17,    7,  -17,  -42,  -25,  -36,  -17,   -4,   -4,   -4,  -45,  -36,  -11,  -36,  -22,
      -2,   -1,  -14,  -18,  -10,   12,  -10,  -10,  -11,   13,  -10,  -13,  -14,  -10,  -10,  -12,
      -9,   11,  -10,  -10,   -8,   -3,   -5,  -11,  -10,  -21,  -42,   -1,    8,   -2,   -1,    6,
      -3,    2,    6,    4,   -1,   -5,   -6,  -18,  -17,  -10,  -13,  -13,   -1,   11,   11,   11,
      -5,  -21,  -10,   -1,   -1,    8,   -2,    6,    6,    4,   -2,  -13,  -23,   10,   -3,  -12,
     -12,   -1,  -30,    1,  -20,    1,   -9,   -4,   -4,  -18,    3,    6,   -1,   -1,   -6,   -1,
       2,  -31,   14,   -1,    9,   10,   10,   -3,   -2,   -3,   -2,   -8,   -2,   -3,   -2,    9,
      -3,   10,   -2,    2,   -3,   -2,   -9,   -6,  -10,   -2,    5,  -21,  -21,  -23,   14,    9,
      -2,  -21,   -2,  -14,   -2,  -14,  -23,  -16,    7,    3,   -4,  -16,  -16,   -6,  -34,  -12,
     -22,   -2,   -8,   -9,   -1,   -2,   -1,  -19,    6,   -2,    2,   -3,    2,   -1,   -2,  -13,
       3,   -1,    1,   -2,  -11,  -23,  -35,    3,   -2,    1,    2,    2,   -1,   -1,   -2,    1,
      -8,   -1,    3,   -1,   -1,    1,   -3,    1,    1,   -3,   -5,   -6,   -2,    2,   -7,   -2,
     -12,  -15,  -17,   -3,    6,  -16,    3,    3,    3,    3,    1,    2,    2,    2,    1,    1,
       1,   -1,    1,    1,    1,   -5,   -5,   -5,  -22,  -22,  -16,  -14,  -16,  -14,  -33,   -9,
      -5,   -1,   -3,   -4,  -16,  -16,   -6,  -21,  -12,  -22,   -2,   -8,   -9,   -7,   -2,   -1,
     -14,   -2,    2,   -2,   -2,   -3,   -1,   -2,  -12,   -2,   -2,    3,   -1,   -4,  -10,  -11,
     -12,  -32,    3,   -1,    1,    2,    2,   -1,   -1,   -2,    1,   -8,   -1,    3,   -1,   -1,
       1,   -3,    1,    1,   -3,   -5,   -6,   -2,    2,   -7,   -2,  -10,  -12,  -12,   -3,    6,
      -2,   -2,    3,    3,    3,    3,    3,    4,    1,    2,    2,    2,    1,    1,   -1,    1,
       1,    1,    1,   -5,   -5,   -5,   -7,  -22,  -22,  -15,  -12,  -15,  -12,  -32,   -9,   -5,
      -1,   -3,   -4,  -15,  -15,   -6,  -31,  -22,   -2,   -8,   -2,   -1,  -19,    6,   -2,    2,
      -2,    3,   -2,   -2,   -2,    3,   -1,   -2,   -1,   -8,  -35,    3,   -2,    1,    2,    2,
      -1,   -1,   -2,    1,   -8,   -1,    3,   -1,   -1,    1,   -3,    1,    1,   -3,   -5,   -6,
      -2,    2,   -7,   -2,  -12,  -13,  -15,   -3,    6,    3,    3,    3,    1,    2,    2,    2,
       1,    1,    1,   -5,   -5,   -7,   -7,  -10,  -14,  -10,  -14,  -29,   -5,   -1,   -3,   -4,
     -15,  -15,   -6,  -25,  -12,  -22,   -2,   -8,   -2,   -1,  -18,   -2,    1,  -31,    3,   -1,
       1,    2,    2,   -1,   -1,   -2,    1,   -8,   -1,    3,   -1,   -1,    1,   -3,    1,   -3,
      -5,   -6,   -2,    2,   -7,   -2,  -12,  -13,  -15,   -3,    6,    3,    3,    3,    2,    1,
      -1,    1,    1,   -5,   -7,  -22,  -11,  -12,  -11,  -12,  -32,   -9,   -5,   -1,   -3,   -3,
     -15,  -15,   -6,  -24,  -22,   -2,   -8,   -2,   -1,  -17,    6,   -1,    2,   -1,   -1,   -9,
      -1,   -1,    3,    1,   -1,   -1,   -3,   -8,   -6,   -5,  -29,  -15,    3,   -1,    1,    2,
       2,   -1,   -1,   -2,    1,   -8,   -1,    3,   -1,   -1,    1,   -3,    1,    1,   -3,   -5,
      -6,   -2,    2,   -7,   -2,  -11,  -13,  -14,   -3,    6,    2,    1,    9,    3,    3,    3,
       3,    1,    2,    2,    2,    2,    1,    1,    1,    1,   -1,    1,    1,    1,   -5,   -5,
      -5,   -7,   -7,  -22,  -22,   -9,  -12,   -9,  -12,  -31,   -9,   -5,   -1,   -3,   -4,  -16,
     -16,   -6,  -30,  -22,   -2,   -8,   -9,   -2,   -1,  -18,    6,   -2,  -12,  -10,  -35,    3,
      -2,    1,    2,    2,   -1,   -1,   -2,    1,   -8,   -1,    3,   -1,   -1,    1,   -3,    1,
       1,   -3,   -5,   -6,   -2,    2,   -7,   -2,  -12,  -14,  -15,   -3,    3,    3,    4,    1,
      -1,    1,    1,   -7,  -22,  -15,  -14,  -15,  -14,  -32,   -5,   -1,   -3,   -3,   -8,   -8,
      -1,  -39,   -6,  -12,   -7,  -13,  -14,   -5,  -39,   -1,   -1,    6,    5,    7,   -1,   -4,
      -1,   -5,   -2,   -1,   -1,   -1,    6,    5,   -1,    3,    2,    3,   -1,    6,   -4,   -7,
      -8,   -2,   -3,   -1,    6,    7,    7,   -1,    3,   -1,    6,    6,    6,   -1,  -14,   -7,
      -7,   -7,   -7,  -27,    8,    8,   -4,   -3,   -3,   -6,  -34,   -1,   -1,  -26,   -5,  -12,
      -9,   -5,  -19,    2,   -6,   -6,   -7,    1,  -38,   -5,   -3,   -4,   -2,   -5,   -6,   -3,
      -4,   -1,   -3,    1,   -4,    1,    3,    4,    2,    1,    1,   -6,   -3,   -8,   -8,    2,
       2,    2,    1,   -3,   -2,   -2,   -2,   -2,   -3,   -3,   -3,   -3,   -3,   -3,    1,  -28,
      -3,   -3,  -22,   -1,   -6,    5,   -3,   -8,   -8,   -1,  -39,   -6,  -12,   -7,  -13,  -11,
     -14,   -4,    9,   -4,   -5,   10,   -5,   -4,   -3,   -4,   -6,   -5,   -6,  -13,  -39,   -1,
      -1,    5,    5,    7,   -1,   -4,   -1,   -5,   -2,   -1,   -1,   -1,    6,    5,   -1,    3,
       2,    3,    6,   -4,   -7,   -8,   -3,   -4,    5,    7,    7,    7,    7,   -1,   -1,   -1,
      -1,   -1,    6,    6,    6,    6,  -14,  -14,   -7,   -7,   -7,   -7,  -25,  -12,    8,    8,
      -7,   -8,   -7,   -1,  -20,   -1,   -6,  -12,   -7,  -13,  -11,   -4,   -9,   -1,   -8,   -4,
       9,   -4,   -4,   -4,   10,   -3,   -4,   -9,   -4,   -3,   -1,    8,   -4,   -4,   -5,   -4,
      -3,   -3,   -3,   -8,  -28,  -28,   -1,   -1,    5,    5,    7,   -1,   -3,   -1,   -5,   -1,
      -1,   -1,   -1,    6,    5,   -1,    3,    2,    3,    6,   -1,   -4,   -4,   -3,   -3,   -4,
       5,    7,    7,    7,    7,   -1,   -1,   -1,   -1,    4,   -1,    6,    6,    6,    6,    6,
     -14,  -14,   -6,   -3,   -6,   -3,  -25,  -12,    8,    8,   -6,   -6,   -1,  -29,   -1,   -6,
     -12,   -7,  -13,   -6,   -2,  -14,   -1,   10,   -1,   -6,   -1,    8,   -4,   -1,  -31,   -1,
      -1,    5,    5,    7,   -1,   -3,   -1,   -5,   -1,   -1,   -1,   -1,    6,    5,   -1,    3,
       2,    3,    6,   -3,   -5,   -6,   -3,   -1,    5,    7,    7,    7,    7,   -1,    6,    6,
     -14,   -1,   -6,   -1,   -6,  -22,  -12,    8,    8,   -6,   -6,   -1,  -21,   -6,  -12,   -7,
     -13,    4,   -8,   -3,   -7,   -2,    3,  -11,   -1,    9,   -1,   -1,   -1,   10,   -1,   -1,
      -1,    1,    8,   -1,   -5,   -1,    2,   -4,  -27,   -1,    5,    5,    7,   -1,   -3,   -1,
      -5,   -1,   -1,   -1,   -1,    6,    5,   -1,    3,    2,    3,    6,   -2,   -5,   -6,   -3,
       9,   -1,    5,    7,    7,    7,   -1,    6,    6,    6,    6,  -14,  -14,   -1,   -3,   -1,
      -3,  -24,  -12,    8,    8,   -5,  -14,  -14,   -9,  -31,  -26,   -6,  -10,   -4,   -3,  -23,
       4,   -3,   -3,   -4,   -4,   -5,  -34,   -1,   -5,   -3,   -2,   -1,   -2,   -5,   -3,   -1,
     -11,   -1,   -1,   -1,   -3,   -5,   -2,   -6,   -4,   -7,   -5,   -8,   -1,   -9,  -14,  -16,
     -19,   -4,   -4,   -4,   -1,   -1,   -1,   -3,   -1,   -1,   -1,   -1,   -1,   -1,   -3,   -3,
      -4,   -4,  -27,   -8,  -14,   -8,  -14,  -29,  -11,   -9,   -7,   -3,    3,   -1,   -1,   -9,
      -6,   -8,  -26,   -6,  -10,   -7,   -7,   -4,   -3,    1,    4,   -3,   -1,   -1,   -1,    3,
       2,   -4,   -4,    3,  -13,   -1,    3,   -3,   -2,   -1,   -2,   -5,   -1,  -10,    1,   -1,
      -1,   -3,   -5,   -2,   -6,   -4,   -7,   -5,   -8,   -1,   -7,   -9,    7,    1,    4,   -4,
      -4,   -1,   -1,   -1,   -3,   -1,   -1,    6,   -1,   -2,   -1,   -2,   -3,   -2,   -2,   -2,
      -4,   -4,    3,  -26,  -27,    2,    6,    2,    6,  -27,  -11,   -9,   -7,   -3,    2,    6,
       6,   -5,  -14,  -26,   -6,   -9,    3,   11,   -8,   -4,   -3,  -11,    2,    8,    8,    8,
       9,    1,    7,   19,   12,   16,    4,  -19,   -1,   -3,   -2,   -1,   -2,   -5,   -2,   -1,
      -9,    1,   -1,   -1,   -3,   -5,   -2,   -5,   -4,   -6,   -5,   -8,   -1,   -6,   -9,   -7,
      -5,   -6,   -4,    9,   -3,   -1,   -1,   -1,    7,   -4,   -1,   -2,   -2,   -2,   -4,  -27,
     -27,   16,    1,   16,    1,  -14,  -11,   -9,   -7,   -3,    3,    6,    6,   -9,   -7,  -26,
      -6,   -4,   -3,   -7,  -12,   -1,    3,   -3,   -2,   -1,   -2,   -5,    1,   -1,   -7,    1,
       1,   -1,   -1,   -3,   -5,   -2,   -6,   -4,   -7,   -5,   -8,   -1,   -9,   -2,   -3,   -2,
      -4,   13,   -1,   -3,   -1,    1,   12,   -1,   -2,   -3,   -2,   -2,   -4,   16,   10,   16,
      10,  -18,  -11,   -9,   -7,   -3,   -3,   -3,    4,  -43,  -11,  -11,  -11,  -15,  -11,   -1,
     -15,   -4,   16,   -7,  -43,    5,    2,   10,   10,   13,    3,   -4,   -3,   -1,    3,    3,
      11,    6,    1,    3,    6,    7,    6,    7,    4,   -1,   10,   -3,   -6,   -7,    5,    5,
       5,    5,   13,   13,    9,   11,   11,   11,   11,    7,    7,    4,    2,   -1,   -4,   -1,
      -4,  -20,  -19,    7,   13,   -5,  -19,  -19,   -8,  -34,  -15,  -24,   -5,   -9,   -5,   -3,
      -3,  -23,   -3,   -3,    2,   -2,   -2,  -35,   -3,    1,    1,   -2,   -4,   -2,  -12,   -1,
       1,   -1,   -5,    1,   -1,    1,   -6,   -8,   -8,   -7,    1,  -10,   -1,  -14,  -16,  -19,
      -3,   -1,    1,    1,    1,   -8,   -8,   -8,  -10,  -10,  -17,  -17,  -34,   -9,   -7,   -2,
      -4,  -13,  -13,    1,  -49,   -6,   -8,  -11,   -8,  -14,   -5,   -4,  -17,   -8,   -4,   -6,
      -8,  -10,  -44,  -38,    6,    1,   10,    9,   11,   -3,    2,   -5,   -1,   -6,   -4,   -2,
      10,    1,    9,   -2,   -2,   -1,   -6,   -3,   -4,   10,   -8,  -10,  -11,   -6,  -10,   10,
       6,    6,   10,   11,   11,   11,   11,   -1,   -1,   -1,    8,   10,   10,   10,   -3,  -13,
     -14,  -12,  -14,  -12,  -30,  -18,    3,   13,   -4,   -3,  -13,  -13,    1,  -34,   -6,   -8,
     -11,   -8,  -14,  -22,  -12,  -18,    6,  -19,   -5,   -4,  -15,   -7,   -9,   -7,   -4,   -6,
      -7,  -37,    6,    1,   10,    9,   11,   -3,    2,   -5,   -1,   -6,   -4,   -2,   10,    1,
       9,   -2,   -2,   -1,   -6,   -3,   -4,   10,  -12,   -7,   -9,  -10,   -6,   10,    6,    6,
       6,    6,   10,   11,   11,   11,   11,   -1,   -1,   -1,    8,   10,   10,   10,   10,   10,
      10,   -3,    1,  -13,  -13,  -14,  -12,  -14,  -12,  -30,  -18,    3,   13,   -4,   -3,  -13,
     -13,    1,  -41,   -8,  -11,   -8,  -14,  -17,   -5,   -4,  -17,   -7,   -9,   -7,   -8,  -41,
       6,    1,   10,    9,   11,   -3,    2,   -5,   -1,   -6,   -4,   -2,   10,    1,    9,   -2,
      -2,   -1,   -6,   -3,   -4,   10,   -8,  -10,  -10,   -6,   10,    6,    6,    6,   10,   11,
      11,   11,   -1,   -1,   -1,   -1,    8,   10,   10,    1,  -13,  -13,  -12,  -12,  -12,  -12,
     -28,    3,   13,   -4,   -3,  -13,  -13,    1,  -35,   -8,  -11,   -8,  -14,   -5,   -4,  -17,
     -37,    6,    1,   10,    9,   11,   -3,    2,   -5,   -1,   -6,   -4,   -2,   10,    1,    9,
      -2,   -2,   -1,   -3,   -4,   -8,  -10,  -10,   -6,   10,    6,    6,   11,   -1,   10,   10,
     -13,  -12,  -13,  -12,  -30,  -18,    3,   -4,   -3,  -13,  -13,    1,  -35,   -6,   -8,  -11,
      -8,  -14,  -12,  -16,   -5,   -4,  -16,   -7,   10,   -7,   -7,   -8,   11,   -7,   -8,   -7,
      -7,   -3,   -5,   -7,   -7,   -4,   -8,   -6,  -37,  -38,    6,    1,   10,    9,   11,   -3,
       2,   -5,   -1,   -6,   -4,   -2,   10,    1,    9,   -2,   -2,   -1,   -6,   -3,   -4,   10,
      -7,  -10,  -10,   -6,   -4,   10,    6,    6,    6,    6,    6,    6,   10,   11,   11,   11,
      11,   -1,   -1,   -1,   -1,    8,   10,   10,   10,   10,   10,   10,   -3,    1,  -13,  -13,
     -12,  -13,  -12,  -30,    3,   13,   -4,  -19,  -66,  -14,  -49,  -51,  -44,  -18,  -28,  -14,
     -51,  -23,  -19,  -35,  -29,  -30,  -33,  -29,  -54,  -27,  -22,  -13,  -27,  -27,  -28,  -40,
     -41,  -40,   -3,  -13,  -13,    1,  -48,   -8,  -11,   -8,  -14,  -15,   -5,   -4,  -17,   -7,
      -8,   -7,  -44,    6,    1,   10,    9,   11,   -3,    2,   -5,   -1,   -6,   -4,   -2,   10,
       2,   -2,   -2,   -1,   -6,   -3,   -4,   10,   -8,  -10,  -11,   -6,    6,    6,   -1,    8,
      10,   10,  -13,  -13,  -10,  -12,  -10,  -12,  -27,    3,   13,   -4,   -9,  -14,  -14,  -12,
     -38,   -1,  -25,   -6,  -12,  -12,   -5,   -5,  -25,   -6,   -7,   -1,   -6,   -4,   -6,   -8,
      -4,  -38,   -1,   -7,   -3,   -3,   -2,   -5,   -7,   -5,   -2,  -10,   -4,   -1,   -3,   -2,
      -3,   -4,   -3,   -3,   -2,   -5,   -5,   -6,   -5,   -1,   -7,   -2,   -8,  -14,  -16,  -19,
      -6,  -22,   -1,   -1,   -1,   -3,   -2,   -2,   -2,   -2,   -2,   -2,   -2,   -3,   -3,   -3,
      -5,   -5,  -26,  -26,  -11,  -14,  -11,  -14,  -30,  -12,   -8,   -6,   -5,   -9,  -14,  -14,
     -12,  -34,   -1,  -25,   -6,  -12,  -12,  -15,   -5,   -5,  -24,    1,   -6,   -2,   -6,   -7,
      -7,   -6,   -6,   -1,   -6,  -10,  -18,  -18,  -38,   -1,   -7,   -3,   -3,   -2,   -5,   -7,
      -5,   -2,  -10,   -4,   -1,   -3,   -2,   -3,   -4,   -3,   -3,   -2,   -5,   -5,   -6,   -5,
      -1,   -7,   -2,   -8,  -14,  -15,  -18,   -6,   -7,   -3,  -22,   -1,   -1,   -1,   -3,   -2,
      -2,   -2,   -2,   -5,   -2,   -3,   -3,   -3,   -3,   -3,   -5,   -5,   -5,   -7,   -6,  -26,
     -26,  -11,  -14,  -11,  -14,  -30,  -12,   -8,   -6,   -5,   -9,  -14,  -14,  -12,  -38,   -1,
     -25,   -6,  -11,  -12,   -5,   -5,  -25,    1,   -6,   -6,   -5,   -6,   -1,   -4,   -6,   -8,
     -15,  -38,   -1,   -7,   -3,   -3,   -2,   -5,   -7,   -5,   -2,  -10,   -4,   -1,   -3,   -2,
      -3,   -4,   -3,   -3,   -2,   -5,   -5,   -6,   -5,   -1,   -7,   -2,   -8,  -14,  -16,  -19,
      -6,  -22,   -1,   -1,   -1,   -1,   -1,   -3,   -2,   -2,   -2,   -2,   -2,   -2,   -3,   -5,
     -14,  -11,  -14,  -30,  -12,   -8,   -6,   -5,   -9,  -14,  -14,  -12,  -35,   -1,  -25,   -6,
     -11,  -12,   -3,   -8,   -9,   -5,   -5,   -5,  -25,    1,   -6,   -2,   -6,   -6,   -1,   -5,
      -7,   -6,   -6,   -4,   -6,   -6,   -8,  -10,  -21,  -14,  -37,   -1,   -7,   -3,   -3,   -2,
      -5,   -7,   -5,   -2,  -10,   -4,   -1,   -3,   -2,   -3,   -4,   -3,   -3,   -2,   -5,   -5,
      -6,   -5,   -1,   -7,   -2,   -8,  -14,  -16,  -18,   -6,    1,  -21,    3,   -1,   -1,   -1,
      -1,   -1,   -3,   -2,   -2,   -2,   -2,   -2,   -2,   -2,   -2,   -3,   -3,   -3,   -3,   -3,
      -5,   -5,   -5,   -5,   -7,   -6,  -26,  -26,  -11,  -14,  -11,  -14,  -30,  -12,   -8,   -6,
      -5,   -3,    4,    4,   -3,  -29,  -38,  -26,  -37,  -29,   -8,   -2,   -2,  -19,  -11,    8,
     -12,  -11,  -11,  -14,    6,   -3,    5,   -5,  -36,   -3,   -1,   -4,   -4,   -2,   -5,   -8,
      -1,   -1,   -7,   -7,    1,    1,   -3,    5,   -4,   -2,    2,    3,   13,   13,    2,   11,
      -1,   -9,   -1,   -4,   -5,    4,   -3,   -3,   -2,   -4,   -1,   -5,   -3,   -3,   -3,    3,
       3,   11,   -1,  -27,    7,    6,    7,    6,  -13,  -44,   -3,   -8,    6,   -4,  -12,  -12,
     -50,  -12,  -12,  -13,  -15,   -5,   -3,  -16,   -9,  -44,    4,    1,    9,    8,   10,   -3,
       1,   -6,   -1,   -5,   -4,   -4,    9,    2,   -2,    1,   -1,   -2,   -7,  -10,  -10,    4,
       4,   10,   -1,   -1,    7,    9,    9,    9,    1,   -2,    1,  -13,  -29,    5,   -3,    4,
     -30,  -38,  -26,  -37,   -2,   -2,  -21,  -35,   -3,   -1,   -4,   -4,   -2,   -5,   -8,   -1,
      -7,   -7,    1,    1,   -3,    5,   -2,    2,    3,   13,   13,   11,   -1,   -1,   -5,   -5,
      -3,   -3,   -2,   11,  -13,   -3,  -25,  -39,  -31,  -47,  -39,  -19,  -68,  -46,  -46,  -39,
     -14,  -50,  -66,  -45,  -18,  -28,  -14,  -67,  -23,  -19,  -32,  -32,  -36,  -37,  -31,  -12,
     -31,  -31,  -32,  -11,  -30,  -34,  -36,  -31,  -31,  -31,  -29,  -13,  -31,  -13,  -30,  -37,
     -59,  -25,  -41,  -38,  -62,  -60,  -47,  -64,  -27,  -22,  -14,  -14,  -13,  -31,  -18,  -27,
     -28,  -28,  -26,  -26,  -27,  -27,  -13,  -25,  -14,  -28,  -20,  -25,  -23,  -27,  -25,  -44,
     -28,  -32,  -36,  -10,  -32,  -33,  -33,  -33,  -42,  -37,  -37,  -37,  -37,  -37,  -37,  -12,
     -31,  -31,  -31,  -31,  -34,  -34,  -34,  -29,  -13,  -13,  -13,  -13,  -25,  -25,  -60,  -31,
     -27,  -27,  -27,  -27,  -27,  -14,  -13,  -13,  -13,  -13,  -28,  -28,  -29,  -27,  -13,  -13,
     -13,  -13,  -23,  -23,  -28,  -22,  -27,  -46,  -41,  -46,  -41,  -54,   -8,  -31,  -31,  -25,
     -39,  -47,  -39,  -20,  -68,  -46,  -46,  -39,  -14,  -50,  -66,  -45,  -19,  -28,  -14,  -67,
     -23,  -19,  -32,  -32,  -36,  -37,  -31,  -12,  -31,  -31,  -32,  -11,  -30,  -34,  -36,  -31,
     -31,  -31,  -29,  -13,  -31,  -13,  -30,  -37,  -59,  -25,  -41,  -38,  -62,  -60,  -47,  -27,
     -22,  -14,  -14,  -13,  -31,  -18,  -27,  -29,  -30,  -26,  -26,  -27,  -27,  -14,  -25,  -14,
     -28,  -20,  -25,  -23,  -27,  -25,  -44,  -28,  -33,  -28,  -36,  -10,  -32,  -33,  -33,  -33,
     -42,  -27,  -46,  -41,  -46,  -41,  -54,   -9,  -31,  -31,  -25,   -4,  -17,  -16,  -13,  -21,
     -17,  -11,  -10,  -25,  -42,  -47,  -38,  -47,  -37,   -1,   -4,   -2,   -6,  -26,   -6,   -8,
       1,   -3,   -6,   -6,  -16,   -4,  -24,  -39,   -6,   -1,   -7,   -6,   -6,   -1,   -6,   -6,
      -6,   -6,   -6,   -9,   -4,   -1,   -7,   -1,   -6,   -5,    7,   -1,    7,    7,   -3,    4,
      -9,  -16,   -7,    8,  -16,  -18,  -14,   -2,  -14,   -2,   -3,   -4,   -1,   -1,   -2,   -2,
     -16,    1,  -17,   -3,  -10,   -1,    7,    8,    5,   -7,  -11,  -52,  -10,  -25,  -17,  -12,
     -49,  -51,   -5,    2,    1,  -26,  -42,  -39,  -39,  -36,  -38,  -38,  -39,  -36,   -1,   -6,
      -6,   -6,   -6,   -5,   -6,   -3,   -4,   -1,   -1,   -1,   -1,   -1,  -14,   -1,   -1,   -1,
      -1,   -1,   -6,   -6,   -7,   -7,   -7,   -7,   -7,   -6,  -16,  -13,  -14,  -14,  -14,   10,
      -3,    5,   -2,  -15,  -16,  -16,  -16,  -16,  -43,  -16,   -1,   -1,   -1,   -1,    8,  -43,
     -43,  -14,  -16,  -14,  -16,  -52,  -14,  -13,  -52,  -49,  -23,  -18,    4,  -13,  -19,  -13,
     -13,  -10,  -15,  -51,  -47,  -47,  -47,  -38,   -4,    3,    6,    3,  -30,   -6,  -11,    7,
      -1,  -10,  -10,  -23,   -7,  -31,  -42,   -4,    1,   -3,    1,   -2,    2,   -5,   -5,   -2,
      13,    7,   23,   23,    8,   20,  -14,  -13,   10,  -23,  -24,  -22,   -4,  -21,    1,   -1,
      -2,    2,    3,   -6,   -6,  -22,   -4,  -24,   -6,  -16,   -1,   -4,    2,    4,   -3,    1,
     -10,   -9,  -52,  -52,   -1,  -32,  -32,  -42,  -42,  -38,  -41,  -42,  -42,  -28,   -4,    1,
       1,    4,    3,    2,   -5,   -5,   -5,   -5,   -5,   -5,    7,    7,    7,    7,   20,  -12,
     -13,   -8,   -8,   -7,  -13,  -12,  -23,  -18,  -22,  -14,  -12,   10,   -4,   17,   20,   -6,
     -20,  -22,  -15,  -15,  -13,  -22,   -4,   -4,   -3,   -3,    1,    1,  -51,  -51,   -7,  -13,
      -7,  -13,  -52,  -52,  -52,  -29,  -17,  -16,   -6,  -51,   -1,   -8,  -52,  -41,   28,  -37,
      29,   -6,   -2,    9,    1,   -3,   -4,   -3,  -22,  -16,  -15,  -10,   -2,   17,    1,   -7,
       1,    1,   -8,    1,    1,    1,    1,   11,    2,   -7,    1,   -7,    1,  -21,  -16,  -42,
     -37,   10,  -21,    9,   12,   -1,   -1,   -1,    1,    3,    3,   -7,    2,    6,    1,    1,
      -1,   -3,    2,    8,   -6,   -7,  -31,  -24,   10,  -23,    8,   -5,  -42,  -38,  -18,   17,
      17,   17,   17,   17,   27,   -7,    1,    1,    1,    1,    2,   -7,   -7,   -7,   -7,  -16,
     -16,  -16,    1,   13,   12,   12,   12,   12,   12,   12,   -1,   -1,   -1,    3,    3,   -1,
      -1,   -1,   -7,   -7,  -41,  -52,  -52,  -13,  -52,  -13,  -38,  -16,  -23,   -4,  -17,  -16,
     -13,  -21,  -17,  -11,  -10,  -25,  -42,  -47,  -38,  -47,  -37,   -1,   -4,   -2,   -6,  -26,
      -6,   -8,    1,   -3,   -6,   -6,  -56,  -16,   -4,  -24,  -39,   -6,   -1,   -7,   -6,   -6,
      -1,   -6,   -6,   -6,   -6,   -6,   -9,   -4,   -1,   -7,   -1,   -6,   -5,    7,   -1,    7,
       7,   -3,    4,   -9,  -16,  -38,  -89,   -7,    8,  -16,  -18,  -14,   -2,  -14,   -2,   -3,
      -4,   -1,   -1,   -2,   -2,  -16,    1,  -17,   -3,  -10,   -1,    7,    8,    5,   -7,  -26,
     -11,  -59,  -10,  -25,  -17,  -12,  -54,   -5,    2,    1,  -26,  -42,  -39,  -39,  -36,  -38,
     -38,  -39,  -36,   -1,   -6,   -6,   -6,   -6,   -5,   -6,   -3,   -4,   -1,   -1,   -1,   -1,
      -1,  -14,   -1,   -1,   -1,   -1,   -1,    4,   -6,   -6,   -7,   -7,   -7,   -7,   -7,   -6,
     -16,  -13,  -14,  -14,  -14,   10,   -3,    5,   -2,  -15,  -16,  -16,  -16,  -16,  -43,  -16,
      -1,   -1,   -1,    5,  -43,  -43,  -14,  -16,  -14,  -16,  -91,  -14,  -13,  -91,  -54,  -23,
     -18,    4,   -3,  -19,  -13,  -19,  -13,  -13,  -10,  -15,  -52,  -47,  -50,  -47,  -38,   -4,
       3,    6,    3,  -30,   -6,  -11,    7,   -1,  -10,  -10,  -23,   -7,  -31,  -42,   -4,    1,
      -3,    1,   -2,    2,   -5,   -5,   -2,   13,    7,   23,   23,    8,   20,  -14,  -13,   10,
     -23,  -24,  -22,   -4,  -21,    1,   -1,   -2,    2,    3,   -6,   -6,  -22,   -4,  -24,   -6,
     -16,   -1,   -4,    2,    4,   -3,    1,  -10,   -9,  -70,  -61,   -1,  -32,  -32,  -42,  -42,
     -38,  -42,  -42,  -28,   -4,    1,    4,    2,   -5,   -5,   -5,   -5,    7,    7,   20,  -13,
      -8,   -7,  -13,  -12,  -23,  -18,  -22,  -14,  -12,   -4,   17,  -13,  -22,   -4,   -3,  -55,
     -55,   -7,  -13,  -52,   -7,  -13,  -91,  -61,  -29,  -19,   -8,  -57,   -7,  -12,  -91,  -52,
      26,  -52,   26,    3,  -10,   -2,    5,   -8,   -5,   -8,  -24,   -2,  -16,  -21,  -12,   -3,
      16,  -13,   -1,  -14,    7,   10,    1,  -13,  -13,   -1,  -22,  -21,  -46,  -40,    9,  -21,
       5,    5,   -3,   -7,   -5,   -5,    7,   -1,    2,   -2,    6,   -6,   -2,   -5,    1,   -9,
     -11,  -35,  -28,    8,  -15,    5,   -4,  -52,  -52,  -23,   16,   16,   16,   16,   16,   16,
      25,  -13,    1,  -13,  -13,  -13,  -13,  -13,  -19,  -13,  -21,  -21,  -21,  -21,  -21,   12,
       5,    5,    5,    5,    5,    5,    5,   -7,   -5,   -5,   -5,    2,    2,    2,   -6,   -6,
      -6,   -6,   -6,  -48,   -6,  -11,  -11,  -11,  -11,  -15,    1,  -57,  -57,  -52,  -52,  -14,
     -91,  -91,  -13,   -1,  -52,  -21,  -33,  -19,  -13,  -13,  -46,  -14,  -47,  -47,  -50,  -17,
     -14,  -21,  -39,  -22,  -28,  -11,  -18,  -12,  -27,  -47,  -15,  -14,   -6,  -14,  -25,  -24,
     -13,  -12,  -12,  -45,  -46,  -46,   -9,  -20,  -31,   -8,  -19,  -19,  -20,  -18,   -9,  -18,
     -20,  -14,  -13,  -10,  -14,  -31,  -19,  -14,   -6,  -14,  -18,   -9,  -13,  -13,  -91,  -55,
     -21,  -46,  -88,   -2,   -7,  -17,  -22,  -16,   -7,  -15,  -22,  -22,  -17,  -42,  -12,  -37,
     -10,   -9,  -28,   -3,  -13,  -23,  -13,  -13,  -14,  -25,  -13,  -14,  -25,  -13,  -13,   -7,
     -12,  -22,  -13,  -22,  -13,  -14,  -43,  -32,  -58,  -52,   -8,  -43,   -8,  -45,   -7,  -16,
     -16,  -15,  -15,  -13,  -17,  -13,  -12,  -23,  -12,  -10,  -13,  -13,  -16,  -18,  -15,  -12,
     -10,  -19,  -20,  -47,  -36,   -7,  -46,   -8,  -39,  -29,  -77,  -71,  -58,   -9,   -3,  -23,
     -13,  -13,  -14,  -22,  -32,  -32,  -43,   -7,  -15,  -16,  -20,  -83,  -84,  -52,  -52,  -91,
     -91,  -58,  -14,  -27,   -8,  -16,  -12,  -53,  -21,  -12,  -14,  -19,  -13,  -13,  -25,    1,
     -10,  -36,  -31,  -36,  -31,    4,   -8,  -29,  -15,  -47,  -54,  -47,  -22,   -9,   -8,   -8,
     -47,  -20,  -30,   -4,  -20,  -13,  -46,  -25,  -25,  -35,  -44,  -15,  -47,  -54,  -47,  -56,
     -26,  -71,  -46,  -24,  -24,  -70,  -44,   -4,  -24,  -13,  -10,   -5,  -24,   -7,  -39,  -24,
     -30,   19,  -28,   19,  -13,   -5,   -5,   -3,   -4,   -2,  -29,  -11,  -18,   -7,    4,   -6,
       3,   -6,   -6,   -6,    4,   -5,   -6,  -18,   -6,   -6,    1,   -4,    2,   -6,    2,   -6,
      -2,    3,  -11,  -11,  -11,    1,  -16,   -7,  -41,  -15,    9,   -3,   -3,   -3,   -3,    3,
      -6,   -6,    1,   -3,   -5,   -3,    3,    3,   -3,    3,   -3,    1,    3,    2,    1,    8,
      10,    6,    7,    2,  -20,  -38,  -31,  -10,   -6,  -13,  -12,  -34,  -32,  -12,   -1,   -4,
      -6,  -15,    4,    4,    4,    4,    4,    4,   12,    3,   -6,   -6,   -6,   -6,   -6,   -6,
      -6,   -6,   -4,    2,    2,    2,    2,    2,  -11,    2,  -11,  -11,  -11,  -11,  -16,    1,
       9,    9,    9,    9,    9,    9,   10,   -3,   -3,   -3,   -3,   -3,    1,    1,    1,    1,
       3,   -3,   -3,   -3,   -3,   -3,  -31,   -3,    1,    1,    1,    1,    7,  -31,  -31,  -22,
     -23,  -21,  -22,  -23,  -22,  -13,  -13,   -8,  -28,  -32,  -14,   -5,   -8,   -3,  -50,   -5,
     -16,   -6,   -1,  -50,    1,  -45,  -36,   -8,   -3,   -4,   -3,  -17,    5,  -23,  -25,  -18,
       5,   -5,    6,  -28,    2,   -6,   -6,  -13,  -32,   -9,   -2,  -12,  -11,   14,  -11,  -11,
     -12,   15,  -10,  -13,  -15,  -11,  -11,  -10,  -10,   12,  -11,   12,  -11,  -10,  -15,   -4,
     -21,  -19,  -27,  -35,  -19,  -40,    3,   -1,   12,   12,   14,  -11,    2,   -8,  -10,  -11,
      -6,   -6,   -7,   -7,   12,   -3,   12,   -9,    2,   -4,   -1,   -7,   -5,  -19,   -8,   -9,
     -39,   -8,   -8,   -8,  -10,   -9,   -9,  -10,  -10,  -34,  -11,  -12,  -12,  -12,  -12,  -12,
     -11,   14,  -11,  -13,  -13,  -10,   12,   12,   12,   12,   -4,   -4,    3,    3,    3,    3,
       3,    3,   12,   14,  -10,  -10,   12,   12,   12,   -1,   -1,   -8,   -9,  -49,  -49,  -39,
     -54,  -51,  -49,  -36,   -9,  -29,  -52,   -8,  -32,    2,   -8,   -9,  -29,  -10,  -15,  -14,
     -14,  -30,  -13,  -15,  -24,  -17,  -10,   -7,  -10,  -17,  -19,  -16,   -8,  -10,  -13,  -15,
     -14,  -28,  -36,  -24,  -23,  -24,  -13,  -30,  -30,  -41,   -5,  -30,   -6,  -17,   -7,  -22,
     -10,  -20,   -2,  -26,   -5,  -25,   -1,  -29,  -13,  -12,  -28,  -42,  -43,  -41,  -42,   -7,
     -30,  -30,   -4,  -11,   -8,   -8,  -30,  -30,  -32,  -28,   -3,  -17,  -15,  -16,  -10,  -11,
      -5,  -10,   -8,   -2,  -10,   -9,  -21,   -7,  -10,  -11,    3,    3,  -17,  -43,  -43,  -27,
      -5,   -5,   -4,   -9,   -4,   -1,    3,   -1,    3,   -8,   -8,  -14,   -5,   -8,   -8,    5,
       5,  -25,  -18,  -18,  -35,  -21,  -23,  -33,  -13,  -17,  -13,  -17,  -13,  -23,  -14,  -12,
     -15,  -12,  -19,  -19,  -30,  -17,  -19,  -21,   -8,  -10,  -10,  -27,  -12,  -13,  -16,  -11,
      -4,   -2,   -4,   -9,  -13,  -11,   -6,   -6,  -10,  -12,  -11,  -24,  -17,  -15,  -17,   -2,
      -2,   -2,  -20,  -49,   -1,  -50,   -4,  -13,   -6,    3,   -8,   -8,   -6,    3,   -1,   -2,
      -6,   -5,  -16,  -24,  -14,  -15,  -14,  -14,   -2,    9,   -3,    9,   -3,  -13,   -2,   -1,
      -5,   -5,  -17,   -1,   -5,  -10,   -5,   -5,   -2,  -16,   -6,   -7,   -2,   -5,   -5,   -2,
      -1,  -12,  -10,  -12,  -11,   -7,   -3,   -3,  -23,  -44,  -45,  -40,   -8,   -6,   -3,   -6,
     -30,  -10,  -17,   -1,   -8,   -1,  -15,  -15,  -26,  -31,  -13,  -13,  -14,    3,    3,  -33,
     -47,  -47,  -25,    2,   -5,   -4,   -9,  -11,   -2,    8,   -2,   -2,  -17,   -2,   -3,    5,
      -7,  -14,  -14,  -32,  -11,  -12,  -19,  -11,   -8,  -10,   -5,   -9,   -9,   -2,   -3,   -9,
      -9,  -18,  -15,  -15,  -16,  -21,  -16,  -16,  -43,  -21,  -22,  -31,  -10,  -17,  -13,  -18,
     -15,  -18,  -11,  -14,  -14,   -9,  -15,  -14,  -32,  -14,  -16,  -19,  -15,  -13,  -13,  -30,
     -12,  -14,  -23,  -17,  -10,   -6,   -9,  -17,  -19,  -16,   -8,  -10,  -12,  -14,  -14,  -28,
     -25,  -24,  -25,  -13,  -10,  -10,  -31,  -39,  -40,  -34,   -5,  -16,  -14,  -16,  -19,  -11,
      -8,  -10,  -15,   -3,  -11,  -11,  -24,   -9,  -12,  -14,   -8,   -4,   -4,  -23,  -21,  -21,
     -28,  -11,  -10,   -6,   -7,  -31,  -12,  -17,   -5,  -12,   -7,  -11,  -10,  -24,  -11,  -14,
     -14,  -12,  -40,  -40,  -55,  -16,  -16,  -21,   -2,  -28,  -19,  -29,  -22,   -1,  -37,   -2,
     -15,  -19,  -18,  -23,  -40,  -40,  -41,   -5,  -17,  -17,  -34,   -6,  -10,   -6,  -10,   -1,
      -8,   -7,   -7,   -5,  -15,   -1,   -8,   -4,   -3,  -24,  -15,  -17,  -20,   -3,    3,    3,
     -28,  -46,  -46,  -34,   -4,   -2,   -6,  -22,   -4,   -5,    2,   -2,    5,   -5,   -5,  -25,
      -3,   -6,   -6,  -16,  -11,  -11,  -37,  -22,  -22,  -29,  -14,  -10,   -7,  -10,  -34,  -19,
     -22,   -8,  -16,   -9,  -17,  -16,  -36,  -20,  -20,  -23,   -3,  -12,   -4,  -14,  -16,  -12,
     -10,  -14,   -9,  -24,  -13,  -26,  -26,   -6,  -10,   -7,   -8,   -7,   -8,   -6,   -5,  -10,
      -4,   -7,   -4,   -3,  -25,  -24,  -20,  -22,   -6,    4,   -2,   -3,   -2,   -2,   -3,   -1,
      -2,   -3,  -11,   -2,   -2,   -4,   -2,   -4,   -2,   -5,   -8,   -7,   -3,   -3,   -4,   -1,
     -10,  -29,  -22,  -15,   -1,   -4,   -3,   -2,   -1,   -2,   -5,   -3,   -1,  -11,   -1,   -1,
      -1,   -3,   -5,   -2,   -6,   -4,   -7,   -5,   -8,   -1,  -22,  -29,   -9,  -29,  -24,  -13,
     -15,  -15,  -14,   -4,    4,    4,    4,   -3,   -2,   -2,   -3,   -3,   -4,   -4,   -4,  -23,
      -4,    6,   -1,   -1,   -1,   -1,   -1,   -1,   -3,   -1,   -1,   -1,   -1,   -1,   -1,   -1,
      -1,   -4,   -1,   -3,   -3,   -3,   -3,   -3,   -2,   -4,   -4,   -4,   -4,   -8,   -3,   -8,
     -26,  -27,   -7,  -11,   -7,  -11,  -29,  -22,  -11,   -9,   -7,   -3,   -7,
};

static const EpdLigaturePair merri11_regularLigaturePairs[] = {
    { 0x00660069, 0xFB01 }, // f i -> U+FB01
    { 0x0066006C, 0xFB02 }, // f l -> U+FB02
};

static const EpdFontData merri11_regular = {
    merri11_regularBitmaps,
    merri11_regularGlyphs,
    merri11_regularIntervals,
    63,
    29,
    23,
    -7,
    false,
    nullptr,
    0,
    nullptr,
    nullptr,  // kernLeftClasses: built-in fonts use the split arrays below
    nullptr,  // kernRightClasses
    merri11_regularKernLeftCodepoints,
    merri11_regularKernLeftClassIds,
    merri11_regularKernRightCodepoints,
    merri11_regularKernRightClassIds,
    nullptr,  // kernMatrix: built-in fonts use the sparse form below
    merri11_regularKernRowOffsets,
    merri11_regularKernSparseCols,
    merri11_regularKernSparseValues,
    214,
    216,
    211,
    212,
    merri11_regularLigaturePairs,
    2,
};
