/**
 * generated by fontconvert.py
 * name: merri11_italic
 * size: 11
 * mode: 1-bit
 * Command used: fontconvert.py merri11_italic 11 Merriweather-Italic-Kern.ttf Merriweather-Italic-Rest.ttf --pnum --mono-threshold 4 (see README)
 */
#pragma once
#include "EpdFontData.h"

static const uint8_t merri11_italicBitmaps[30156] = {
    0x1C, 0x38, 0x70, 0xE1, 0xC3, 0x0E, 0x1C, 0x38, 0x70, 0xC1, 0x83, 0x06, 0x08, 0x00, 0x00, 0xC3,
    0xC7, 0x00, 0x00, 0x77, 0x33, 0x99, 0xDC, 0xCE, 0x66, 0x33, 0x11, 0x08, 0x04, 0x30, 0x30, 0xC0,
    0xC3, 0x03, 0x08, 0x0C, 0x61, 0xFF, 0xF7, 0xFF, 0xC2, 0x18, 0x18, 0x60, 0x61, 0x01, 0x8C, 0x3F,
    0xFE, 0xFF, 0xF9, 0xFF, 0xC3, 0x0C, 0x0C, 0x30, 0x30, 0x80, 0xC6, 0x00, 0x00, 0x80, 0x18, 0x01,
    0x80, 0xFF, 0x1C, 0x73, 0x83, 0x30, 0x33, 0x00, 0x38, 0x03, 0xC0, 0x1F, 0x00, 0xF8, 0x03, 0xC0,
    0x1E, 0x00, 0xE0, 0x06, 0x60, 0x6E, 0x0E, 0xE1, 0xCF, 0xF8, 0x0C, 0x00, 0xC0, 0x0C, 0x00, 0x00,
    0x06, 0x00, 0x03, 0x01, 0xC0, 0xC0, 0xFC, 0x60, 0x63, 0x18, 0x30, 0xCC, 0x0C, 0x33, 0x03, 0x0D,
    0x80, 0xC6, 0x60, 0x1F, 0xB0, 0x03, 0x8C, 0xF8, 0x06, 0x66, 0x01, 0xB1, 0xC0, 0xCC, 0x70, 0x33,
    0x1C, 0x18, 0xC6, 0x06, 0x33, 0x83, 0x0F, 0xC0, 0xC0, 0xC0, 0x60, 0x00, 0x00, 0x00, 0x00, 0x00,
    0x00, 0x01, 0xF8, 0x03, 0x8C, 0x01, 0x87, 0x01, 0xC3, 0x80, 0xE1, 0x80, 0x71, 0xC0, 0x1D, 0xC0,
    0x0F, 0x80, 0x07, 0x8F, 0xCF, 0xC7, 0xEE, 0x70, 0xC6, 0x38, 0x67, 0x0E, 0x73, 0x87, 0xB0, 0xE1,
    0xF0, 0x78, 0x7C, 0x1F, 0xFF, 0x80, 0x00, 0x00, 0x76, 0x6E, 0xEC, 0xC8, 0x01, 0x03, 0x83, 0x83,
    0x81, 0x81, 0xC0, 0xC0, 0xE0, 0x60, 0x70, 0x38, 0x1C, 0x0E, 0x07, 0x03, 0x81, 0xC0, 0xE0, 0x70,
    0x18, 0x0E, 0x07, 0x01, 0x80, 0x60, 0x10, 0x08, 0x06, 0x03, 0x80, 0xC0, 0x70, 0x18, 0x0E, 0x07,
    0x03, 0x81, 0xC0, 0xE0, 0x70, 0x38, 0x1C, 0x0E, 0x06, 0x07, 0x03, 0x83, 0x81, 0x81, 0xC1, 0xC1,
    0xC0, 0xC0, 0x07, 0x00, 0x70, 0x46, 0x27, 0x67, 0x7F, 0xE1, 0xF8, 0x1F, 0x07, 0xFC, 0xE6, 0xEC,
    0x66, 0x0E, 0x00, 0xE0, 0x06, 0x00, 0xC0, 0x18, 0x03, 0x06, 0x6C, 0xFF, 0xDF, 0xF8, 0x70, 0x0E,
    0x01, 0x80, 0x30, 0x00, 0x11, 0x8E, 0x73, 0x99, 0xCC, 0x40, 0x00, 0x1F, 0xF7, 0xFC, 0x6F, 0xE0,
    0x00, 0x30, 0x03, 0x80, 0x18, 0x00, 0xC0, 0x0C, 0x00, 0x60, 0x07, 0x00, 0x30, 0x03, 0x80, 0x18,
    0x00, 0xC0, 0x0C, 0x00, 0x60, 0x07, 0x00, 0x30, 0x03, 0x80, 0x18, 0x01, 0xC0, 0x0C, 0x00, 0x60,
    0x06, 0x00, 0x30, 0x00, 0x00, 0x00, 0x01, 0x00, 0x7F, 0x07, 0x3C, 0x70, 0xE3, 0x03, 0xB8, 0x1D,
    0xC0, 0xFC, 0x07, 0xE0, 0x3F, 0x01, 0xF8, 0x0F, 0xC0, 0x7E, 0x07, 0x70, 0x3B, 0x81, 0x8E, 0x1C,
    0x79, 0xC1, 0xF8, 0x00, 0x00, 0x00, 0x03, 0x87, 0xC7, 0xE0, 0x70, 0x38, 0x18, 0x1C, 0x0E, 0x07,
    0x03, 0x81, 0xC0, 0xE0, 0x70, 0x30, 0x38, 0x1C, 0x3F, 0xC0, 0x00, 0x00, 0x3F, 0x07, 0xFC, 0x30,
    0x70, 0x03, 0x80, 0x1C, 0x00, 0xE0, 0x07, 0x00, 0x70, 0x03, 0x80, 0x38, 0x03, 0x80, 0x38, 0x03,
    0x80, 0x38, 0x63, 0x03, 0x7F, 0xFB, 0xFF, 0x80, 0x00, 0x03, 0xF8, 0xFF, 0x90, 0x70, 0x0E, 0x01,
    0xC0, 0x70, 0x1C, 0x0F, 0x03, 0xF8, 0x07, 0x80, 0x70, 0x0E, 0x01, 0xC0, 0x70, 0x1E, 0x5F, 0x9F,
    0xC0, 0x00, 0x00, 0x00, 0x00, 0x0C, 0x00, 0xE0, 0x07, 0x00, 0x70, 0x03, 0x80, 0x38, 0x01, 0x80,
    0x1C, 0x61, 0xC3, 0x0C, 0x38, 0xE1, 0xC7, 0xFF, 0xFF, 0xFC, 0x03, 0x00, 0x18, 0x01, 0xC0, 0x0E,
    0x00, 0x00, 0x10, 0xFF, 0x87, 0xFC, 0x38, 0x01, 0x80, 0x0C, 0x00, 0xE0, 0x07, 0xF0, 0x3F, 0xE1,
    0x07, 0x00, 0x1C, 0x00, 0xE0, 0x07, 0x00, 0x70, 0x03, 0x80, 0x38, 0x0F, 0x83, 0xF0, 0x00, 0x00,
    0x00, 0x40, 0x1C, 0x07, 0x80, 0xE0, 0x1C, 0x03, 0x80, 0x30, 0x07, 0xFC, 0x7F, 0xEF, 0x0E, 0xE0,
    0xFE, 0x07, 0xE0, 0x7E, 0x0E, 0xE0, 0xEE, 0x0C, 0x71, 0xC3, 0xF0, 0x00, 0x00, 0x00, 0x07, 0xFF,
    0x7F, 0xF6, 0x06, 0xE0, 0x60, 0x0E, 0x00, 0xC0, 0x1C, 0x01, 0x80, 0x38, 0x03, 0x00, 0x70, 0x06,
    0x00, 0xE0, 0x0E, 0x01, 0xC0, 0x1C, 0x03, 0x80, 0x00, 0x00, 0x00, 0x00, 0x7F, 0x07, 0x1C, 0x30,
    0x73, 0x83, 0x9C, 0x18, 0x71, 0xC3, 0xDC, 0x0F, 0xC0, 0x7E, 0x07, 0x78, 0xE1, 0xC7, 0x07, 0x30,
    0x3B, 0x81, 0xCE, 0x0C, 0x78, 0xE1, 0xFC, 0x00, 0x00, 0x00, 0x00, 0xFC, 0x38, 0xE3, 0x06, 0x70,
    0x76, 0x07, 0xE0, 0x7E, 0x07, 0xE0, 0x77, 0x0F, 0x7F, 0xE3, 0xFE, 0x00, 0xC0, 0x1C, 0x03, 0x80,
    0x70, 0x0E, 0x03, 0xC0, 0x30, 0x00, 0x33, 0xCC, 0x00, 0x00, 0x00, 0x03, 0x3D, 0xC0, 0x00, 0x18,
    0xF1, 0x80, 0x00, 0x00, 0x00, 0x00, 0x43, 0x0E, 0x38, 0xE3, 0x1C, 0xE1, 0x00, 0x00, 0x10, 0x03,
    0x80, 0x7C, 0x0F, 0x81, 0xF0, 0x3C, 0x03, 0x80, 0x0F, 0x00, 0x3C, 0x00, 0x78, 0x00, 0xF0, 0x03,
    0xC0, 0x06, 0x00, 0x00, 0x00, 0x0F, 0xFC, 0xFF, 0x80, 0x00, 0x00, 0x00, 0x1F, 0xF3, 0xFE, 0x7F,
    0xC0, 0x20, 0x03, 0x80, 0x3C, 0x00, 0xF0, 0x03, 0xC0, 0x1E, 0x00, 0x70, 0x1F, 0x07, 0xC1, 0xF0,
    0x7C, 0x0F, 0x00, 0xC0, 0x00, 0x00, 0x18, 0x3F, 0x9F, 0xE0, 0x70, 0x38, 0x0C, 0x06, 0x07, 0x07,
    0x07, 0x0F, 0x0E, 0x06, 0x03, 0x01, 0x80, 0xC0, 0x00, 0x00, 0x1C, 0x0E, 0x07, 0x00, 0x00, 0x00,
    0x1C, 0x00, 0x07, 0xFC, 0x00, 0xE0, 0x70, 0x0C, 0x00, 0xC0, 0xC0, 0x07, 0x0C, 0x00, 0x18, 0xC3,
    0xFC, 0xCE, 0x3F, 0xE7, 0x63, 0x86, 0x1B, 0x18, 0x31, 0xB9, 0xC3, 0x8D, 0x8E, 0x1C, 0x6C, 0x60,
    0xE3, 0x63, 0x0F, 0x33, 0x1C, 0x79, 0x98, 0xE7, 0xD8, 0xC3, 0xEF, 0xC7, 0x1F, 0x78, 0x18, 0x21,
    0x00, 0xE0, 0x00, 0x03, 0x80, 0x00, 0x0E, 0x00, 0x00, 0x3F, 0xF0, 0x00, 0x7F, 0x00, 0x00, 0x00,
    0x00, 0x1E, 0x00, 0x07, 0x80, 0x03, 0xE0, 0x00, 0xF8, 0x00, 0x76, 0x00, 0x19, 0xC0, 0x0E, 0x70,
    0x03, 0x1C, 0x01, 0xC7, 0x00, 0x61, 0xC0, 0x3F, 0xF8, 0x0F, 0xFE, 0x03, 0x03, 0x81, 0x80, 0xE0,
    0x60, 0x38, 0x38, 0x0F, 0x3F, 0x0F, 0xE0, 0x00, 0x00, 0xFF, 0xC1, 0xC3, 0x87, 0x07, 0x1C, 0x1C,
    0x70, 0x71, 0xC1, 0xC7, 0x0E, 0x1F, 0xF0, 0xFF, 0xC3, 0x83, 0x8E, 0x07, 0x38, 0x1C, 0xE0, 0x73,
    0x81, 0xCE, 0x0E, 0x78, 0xF3, 0xFF, 0x80, 0x00, 0x00, 0x00, 0x00, 0x1F, 0xF0, 0xE1, 0xC7, 0x06,
    0x38, 0x19, 0xC0, 0x67, 0x00, 0x1C, 0x00, 0xE0, 0x03, 0x80, 0x0E, 0x00, 0x38, 0x00, 0xE0, 0x03,
    0xC0, 0x47, 0x03, 0x1E, 0x0C, 0x3C, 0xF0, 0x7F, 0x80, 0x00, 0x00, 0x00, 0x00, 0x0F, 0xFE, 0x03,
    0x87, 0x81, 0xC0, 0xE0, 0xE0, 0x70, 0x70, 0x1C, 0x38, 0x0E, 0x1C, 0x07, 0x0E, 0x03, 0x8E, 0x01,
    0xC7, 0x00, 0xE3, 0x80, 0xE1, 0xC0, 0x70, 0xE0, 0x38, 0x70, 0x38, 0x38, 0x38, 0x3C, 0x78, 0x3F,
    0xF8, 0x00, 0x00, 0x00, 0x00, 0x00, 0xFF, 0xE1, 0xC1, 0x87, 0x06, 0x1C, 0x08, 0x70, 0x01, 0xC0,
    0x07, 0x00, 0x1F, 0xE0, 0xFF, 0x83, 0x80, 0x0E, 0x00, 0x38, 0x00, 0xE0, 0x03, 0x81, 0x8E, 0x06,
    0x7F, 0xFB, 0xFF, 0xE0, 0x00, 0x00, 0x3F, 0xFC, 0x38, 0x38, 0x70, 0x70, 0xE0, 0x61, 0xC0, 0x03,
    0x80, 0x07, 0x00, 0x0F, 0xF0, 0x3F, 0xE0, 0x70, 0x00, 0xE0, 0x01, 0xC0, 0x03, 0x80, 0x07, 0x00,
    0x0E, 0x00, 0x3C, 0x00, 0xFE, 0x00, 0x00, 0x00, 0x1F, 0xF1, 0xE1, 0xCE, 0x07, 0x30, 0x19, 0xC0,
    0x06, 0x00, 0x38, 0x00, 0xE0, 0x03, 0x80, 0x0E, 0x0F, 0xB8, 0x0E, 0xE0, 0x3B, 0x80, 0xE7, 0x03,
    0x9C, 0x0E, 0x3C, 0xF8, 0x7F, 0x80, 0x00, 0x00, 0x00, 0x00, 0x03, 0xF0, 0xFC, 0x38, 0x0E, 0x07,
    0x01, 0xC0, 0xE0, 0x38, 0x1C, 0x07, 0x03, 0x80, 0xE0, 0x70, 0x18, 0x0F, 0xFF, 0x03, 0xFF, 0xE0,
    0x70, 0x1C, 0x0E, 0x03, 0x81, 0xC0, 0x70, 0x38, 0x0E, 0x07, 0x01, 0xC0, 0xE0, 0x70, 0x3C, 0x0E,
    0x0F, 0xC7, 0xF0, 0x00, 0x1F, 0x87, 0x83, 0x81, 0xC0, 0xE0, 0x70, 0x38, 0x1C, 0x0E, 0x0E, 0x07,
    0x03, 0x81, 0xC0, 0xE0, 0x70, 0x38, 0x7E, 0x00, 0x00, 0x00, 0x7E, 0x03, 0x80, 0x38, 0x03, 0x80,
    0x38, 0x03, 0x80, 0x38, 0x03, 0x80, 0x38, 0x03, 0x00, 0x70, 0x07, 0x00, 0x70, 0x07, 0x00, 0x70,
    0x07, 0x00, 0xE0, 0x0E, 0x01, 0xC0, 0x78, 0x06, 0x00, 0x00, 0x00, 0x07, 0xE3, 0xE0, 0xE0, 0x70,
    0x38, 0x38, 0x0E, 0x1C, 0x03, 0x8E, 0x00, 0xE7, 0x00, 0x3B, 0x80, 0x0C, 0xC0, 0x07, 0xF8, 0x01,
    0xFE, 0x00, 0x79, 0xC0, 0x1C, 0x70, 0x07, 0x0E, 0x01, 0xC3, 0x80, 0x70, 0x70, 0x3C, 0x1E, 0x1F,
    0x83, 0xC0, 0x00, 0x01, 0xF8, 0x07, 0x00, 0x38, 0x01, 0xC0, 0x0E, 0x00, 0x70, 0x03, 0x80, 0x1C,
    0x01, 0xC0, 0x0E, 0x00, 0x70, 0x03, 0x81, 0x9C, 0x0C, 0xE0, 0xE7, 0x06, 0x79, 0xF7, 0xFF, 0x80,
    0x00, 0x00, 0x00, 0x1F, 0x80, 0xF8, 0x1F, 0x03, 0xE0, 0x3E, 0x07, 0x80, 0x7C, 0x1B, 0x00, 0xD8,
    0x36, 0x01, 0xB8, 0x6C, 0x06, 0x71, 0x98, 0x0C, 0xE3, 0x30, 0x19, 0xCC, 0xE0, 0x33, 0x99, 0xC0,
    0xC3, 0x63, 0x81, 0x86, 0xC7, 0x03, 0x0F, 0x0E, 0x06, 0x1E, 0x1C, 0x1C, 0x3C, 0x38, 0x30, 0x70,
    0x71, 0xF8, 0x63, 0xF8, 0x00, 0x00, 0x00, 0x00, 0x00, 0x0F, 0x83, 0xF1, 0xE0, 0x30, 0x7C, 0x0C,
    0x1F, 0x03, 0x06, 0xE0, 0xC1, 0xB8, 0x60, 0x6E, 0x18, 0x19, 0xC6, 0x0E, 0x71, 0x83, 0x0E, 0x60,
    0xC3, 0x98, 0x30, 0x76, 0x0C, 0x1D, 0x83, 0x07, 0xC0, 0xC0, 0xF0, 0x70, 0x3C, 0x3F, 0x07, 0x00,
    0x00, 0x80, 0x0F, 0xE0, 0x79, 0xE1, 0xC0, 0xE3, 0x81, 0xCE, 0x03, 0x9C, 0x07, 0x38, 0x0F, 0xE0,
    0x1F, 0xC0, 0x3B, 0x80, 0x77, 0x00, 0xEE, 0x01, 0xDC, 0x03, 0x1C, 0x0E, 0x38, 0x38, 0x38, 0xE0,
    0x3F, 0x80, 0x00, 0x00, 0x00, 0x00, 0x7F, 0xE0, 0x70, 0xE0, 0xE0, 0xE1, 0xC1, 0xC3, 0x83, 0x87,
    0x07, 0x0E, 0x0E, 0x1C, 0x1C, 0x70, 0x70, 0xF3, 0xC1, 0xFE, 0x03, 0x80, 0x07, 0x00, 0x0E, 0x00,
    0x1C, 0x00, 0x78, 0x01, 0xFC, 0x00, 0x00, 0x80, 0x0F, 0xE0, 0x79, 0xE1, 0xC0, 0xE3, 0x81, 0xCE,
    0x03, 0x9C, 0x07, 0x38, 0x0F, 0xE0, 0x1F, 0xC0, 0x3B, 0x80, 0x77, 0x00, 0xEE, 0x01, 0xDC, 0x03,
    0x1C, 0x0E, 0x38, 0x38, 0x38, 0xE0, 0x3F, 0x80, 0x1C, 0x00, 0x18, 0x00, 0x3F, 0x80, 0x3F, 0x00,
    0x10, 0x00, 0x00, 0x00, 0x7F, 0xF0, 0x70, 0xF0, 0xE0, 0xE1, 0xC1, 0xC3, 0x83, 0x87, 0x07, 0x0E,
    0x0E, 0x18, 0x38, 0x7F, 0xE0, 0xFF, 0x01, 0xC7, 0x03, 0x86, 0x07, 0x0E, 0x0E, 0x1C, 0x1C, 0x1C,
    0x78, 0x3D, 0xF8, 0x3C, 0x00, 0x00, 0xFF, 0x1C, 0x73, 0x83, 0x38, 0x33, 0x80, 0x38, 0x03, 0xC0,
    0x1F, 0x00, 0xF8, 0x03, 0xC0, 0x1E, 0x00, 0xE0, 0x0E, 0xC0, 0xEE, 0x0E, 0xE1, 0xCF, 0xF8, 0x00,
    0x00, 0x00, 0x00, 0xFF, 0xFD, 0x8E, 0x3B, 0x1C, 0x6C, 0x38, 0xD8, 0x71, 0xB0, 0xE1, 0x01, 0x80,
    0x07, 0x00, 0x0E, 0x00, 0x1C, 0x00, 0x38, 0x00, 0x70, 0x00, 0xE0, 0x01, 0xC0, 0x07, 0x00, 0x0E,
    0x00, 0x7F, 0x80, 0x00, 0x00, 0xFE, 0x1F, 0x38, 0x0C, 0x38, 0x0C, 0x30, 0x0C, 0x70, 0x0C, 0x70,
    0x0C, 0x70, 0x0C, 0x70, 0x1C, 0x70, 0x18, 0x70, 0x18, 0x70, 0x18, 0x60, 0x18, 0x60, 0x18, 0x70,
    0x30, 0x70, 0x30, 0x38, 0xE0, 0x1F, 0xC0, 0x00, 0x00, 0x00, 0x00, 0x7E, 0x1F, 0x38, 0x0C, 0x38,
    0x0C, 0x38, 0x18, 0x38, 0x18, 0x1C, 0x38, 0x1C, 0x30, 0x1C, 0x70, 0x1C, 0x60, 0x1C, 0x60, 0x1C,
    0xC0, 0x0C, 0xC0, 0x0F, 0x80, 0x0F, 0x80, 0x0F, 0x00, 0x0F, 0x00, 0x0E, 0x00, 0x00, 0x00, 0x00,
    0x00, 0x00, 0xFE, 0x7E, 0x3E, 0x38, 0x38, 0x1C, 0x38, 0x38, 0x18, 0x38, 0x38, 0x18, 0x38, 0x3C,
    0x30, 0x38, 0x7C, 0x30, 0x18, 0x7C, 0x70, 0x18, 0x7C, 0x60, 0x1C, 0xDC, 0x60, 0x1C, 0xDC, 0xC0,
    0x1C, 0x9C, 0xC0, 0x1D, 0x8D, 0x80, 0x1D, 0x8D, 0x80, 0x0F, 0x0F, 0x80, 0x0F, 0x0F, 0x00, 0x0F,
    0x0F, 0x00, 0x0E, 0x0E, 0x00, 0x00, 0x00, 0x00, 0x00, 0x00, 0x1F, 0xCF, 0xC3, 0x83, 0x81, 0xC1,
    0x80, 0x71, 0xC0, 0x38, 0xC0, 0x0E, 0xC0, 0x07, 0xC0, 0x01, 0xC0, 0x00, 0xE0, 0x00, 0xF8, 0x00,
    0x7C, 0x00, 0x6E, 0x00, 0x63, 0x80, 0x71, 0xC0, 0x30, 0x70, 0x30, 0x3C, 0x7E, 0x7F, 0x00, 0x00,
    0x00, 0x7E, 0x3E, 0x38, 0x1C, 0x38, 0x18, 0x1C, 0x38, 0x1C, 0x30, 0x0E, 0x60, 0x0E, 0x60, 0x0E,
    0xC0, 0x07, 0xC0, 0x07, 0x80, 0x03, 0x00, 0x07, 0x00, 0x07, 0x00, 0x07, 0x00, 0x07, 0x00, 0x07,
    0x00, 0x3F, 0xC0, 0x00, 0x00, 0x3F, 0xFC, 0x70, 0x78, 0xC0, 0xE1, 0x83, 0x80, 0x0E, 0x00, 0x3C,
    0x00, 0x70, 0x01, 0xC0, 0x07, 0x80, 0x1E, 0x00, 0x38, 0x00, 0xE0, 0x03, 0xC1, 0x8F, 0x03, 0x1C,
    0x0E, 0x71, 0xF8, 0xFF, 0xF0, 0x07, 0x07, 0xC7, 0x03, 0x81, 0x80, 0xC0, 0x60, 0x70, 0x38, 0x1C,
    0x0E, 0x06, 0x03, 0x01, 0x80, 0xC0, 0xE0, 0x70, 0x38, 0x1C, 0x0C, 0x06, 0x03, 0x01, 0xF0, 0xF8,
    0x60, 0x18, 0x07, 0x00, 0xC0, 0x30, 0x0E, 0x03, 0x80, 0x60, 0x18, 0x07, 0x00, 0xC0, 0x30, 0x0E,
    0x01, 0x80, 0x60, 0x18, 0x07, 0x00, 0xC0, 0x30, 0x0E, 0x01, 0x80, 0x60, 0x00, 0x0F, 0x0F, 0x80,
    0xE0, 0x60, 0x30, 0x18, 0x1C, 0x0E, 0x07, 0x03, 0x81, 0x80, 0xC0, 0x60, 0x30, 0x38, 0x1C, 0x0E,
    0x07, 0x03, 0x01, 0x80, 0xC0, 0xE3, 0xF0, 0xF0, 0x00, 0x00, 0x38, 0x03, 0x80, 0x7C, 0x07, 0xC0,
    0xEC, 0x0C, 0xC1, 0xCE, 0x18, 0xE3, 0x86, 0x30, 0x67, 0x07, 0x60, 0x74, 0x03, 0x7F, 0xF8, 0x21,
    0x87, 0x0E, 0x18, 0x20, 0x00, 0x00, 0x3F, 0x83, 0xFC, 0x38, 0xE3, 0x87, 0x18, 0x39, 0xC1, 0x8E,
    0x1C, 0x70, 0xE3, 0x87, 0x1C, 0x38, 0xE3, 0xC7, 0xFF, 0x1F, 0x78, 0x00, 0x00, 0x3C, 0x01, 0xE0,
    0x07, 0x00, 0x30, 0x01, 0x80, 0x1C, 0x00, 0xEF, 0x87, 0xFC, 0x3C, 0x71, 0xC3, 0x8E, 0x1C, 0x60,
    0xE7, 0x07, 0x38, 0x39, 0xC1, 0x8E, 0x1C, 0x70, 0xC3, 0x9C, 0x1F, 0xC0, 0x00, 0x00, 0x00, 0x00,
    0xF8, 0x7F, 0x1C, 0x23, 0x00, 0xE0, 0x1C, 0x03, 0x80, 0x60, 0x0C, 0x01, 0xC0, 0x38, 0x47, 0xF8,
    0x7E, 0x00, 0x00, 0x00, 0x78, 0x03, 0xC0, 0x0E, 0x00, 0x70, 0x03, 0x80, 0x1C, 0x1F, 0xC1, 0xFE,
    0x1C, 0x71, 0xC3, 0x8C, 0x1C, 0xE0, 0xE7, 0x07, 0x38, 0x31, 0xC3, 0x8E, 0x1C, 0x70, 0xE3, 0xFF,
    0x8F, 0xBC, 0x00, 0x00, 0x00, 0x00, 0xF8, 0x7F, 0x9C, 0x73, 0x0E, 0xE1, 0xDC, 0x73, 0xFC, 0x7C,
    0x0E, 0x01, 0xC0, 0x38, 0x23, 0xFC, 0x7F, 0x00, 0x00, 0x00, 0x78, 0x07, 0xC0, 0x70, 0x03, 0x00,
    0x38, 0x01, 0xC0, 0x1F, 0x81, 0xFC, 0x03, 0x00, 0x38, 0x01, 0xC0, 0x0E, 0x00, 0x70, 0x03, 0x80,
    0x1C, 0x00, 0xE0, 0x06, 0x00, 0x70, 0x03, 0x80, 0x1C, 0x00, 0xE0, 0x06, 0x00, 0x30, 0x0F, 0x00,
    0xF0, 0x00, 0x00, 0x00, 0x3F, 0x83, 0xFC, 0x38, 0xE3, 0x87, 0x18, 0x39, 0xC1, 0xCE, 0x0C, 0x70,
    0x63, 0x87, 0x1C, 0x38, 0xE1, 0xC7, 0xFE, 0x1F, 0x70, 0x03, 0x00, 0x38, 0x01, 0xC1, 0x0C, 0x1F,
    0xC0, 0xFC, 0x00, 0x78, 0x07, 0x80, 0x38, 0x03, 0x80, 0x38, 0x03, 0x00, 0x33, 0xE7, 0x7E, 0x7C,
    0xE7, 0x86, 0x70, 0x67, 0x0E, 0x70, 0xE6, 0x0E, 0xE0, 0xEE, 0x0E, 0xE0, 0xCE, 0x1F, 0xE0, 0xE0,
    0x00, 0x18, 0xE3, 0x84, 0x01, 0xEF, 0x1C, 0x71, 0xC7, 0x1C, 0x71, 0x8E, 0x38, 0xFB, 0xC0, 0x00,
    0x01, 0x80, 0xF0, 0x38, 0x06, 0x00, 0x01, 0xE0, 0x78, 0x0C, 0x07, 0x01, 0xC0, 0x70, 0x1C, 0x07,
    0x01, 0xC0, 0x70, 0x18, 0x06, 0x03, 0x80, 0xE0, 0x38, 0x0E, 0x07, 0x0F, 0x83, 0xC0, 0x38, 0x07,
    0x80, 0x38, 0x03, 0x80, 0x38, 0x03, 0x00, 0x30, 0xE7, 0x0E, 0x70, 0xE7, 0x1C, 0x73, 0x07, 0xE0,
    0x7C, 0x06, 0xE0, 0xEE, 0x0E, 0x70, 0xE3, 0x8E, 0x3E, 0xE1, 0xE0, 0x00, 0x3B, 0xCE, 0x73, 0x98,
    0xCE, 0x73, 0x9C, 0xE6, 0x33, 0x9C, 0xE7, 0xBC, 0x00, 0x00, 0x00, 0x07, 0x3E, 0x7C, 0x77, 0xEF,
    0xC7, 0xCF, 0x8E, 0x78, 0x70, 0xE7, 0x06, 0x0C, 0x70, 0xE0, 0xC7, 0x0E, 0x1C, 0x60, 0xE1, 0xC6,
    0x0E, 0x1C, 0xE0, 0xE1, 0xCE, 0x0E, 0x1C, 0xE0, 0xC1, 0xEE, 0x1C, 0x1E, 0x00, 0x00, 0x00, 0x00,
    0x07, 0x3E, 0x77, 0xE7, 0xCE, 0x78, 0x67, 0x0E, 0x70, 0xE7, 0x0E, 0x60, 0xE6, 0x0E, 0xE0, 0xCE,
    0x1C, 0xE1, 0xFE, 0x0E, 0x00, 0x00, 0x00, 0x00, 0x3E, 0x07, 0xB8, 0x70, 0xE3, 0x87, 0x38, 0x39,
    0xC1, 0xCE, 0x0E, 0x70, 0x73, 0x83, 0x9C, 0x18, 0xE1, 0xC3, 0x9C, 0x1F, 0xC0, 0x00, 0x00, 0x00,
    0x03, 0xDF, 0x1F, 0xFC, 0x78, 0xE3, 0x87, 0x1C, 0x38, 0xE1, 0xC6, 0x0E, 0x30, 0x73, 0x83, 0x9C,
    0x38, 0xE1, 0xC7, 0x3C, 0x3F, 0x81, 0xC0, 0x0C, 0x00, 0xE0, 0x07, 0x00, 0x38, 0x01, 0xC0, 0x00,
    0x00, 0x00, 0x7F, 0x0F, 0xF1, 0x87, 0x38, 0x77, 0x07, 0x70, 0x67, 0x06, 0x70, 0xE7, 0x0E, 0x70,
    0xE7, 0x0E, 0x7F, 0xE3, 0xEE, 0x00, 0xC0, 0x1C, 0x01, 0xC0, 0x1C, 0x01, 0xF0, 0x1E, 0x00, 0x39,
    0xDD, 0xEF, 0xE7, 0x83, 0x81, 0xC0, 0xE0, 0x60, 0x30, 0x38, 0x1C, 0x0E, 0x07, 0x00, 0x00, 0x0F,
    0xCF, 0xEE, 0x07, 0x03, 0xC0, 0xF0, 0x7C, 0x0F, 0x03, 0x80, 0xC0, 0x6E, 0xF7, 0xF0, 0x00, 0x18,
    0x70, 0xC3, 0xFF, 0xEE, 0x1C, 0x38, 0x70, 0xC3, 0x87, 0x0E, 0x1C, 0x3F, 0x7C, 0x00, 0xF0, 0x6F,
    0x0E, 0x70, 0xE7, 0x0E, 0x70, 0xE6, 0x0E, 0x60, 0xCE, 0x0C, 0xE1, 0xCE, 0x1C, 0xE3, 0xCF, 0xFF,
    0x7D, 0xE0, 0x00, 0x00, 0x07, 0x06, 0xF0, 0x73, 0x87, 0x38, 0x73, 0x86, 0x38, 0x63, 0x8C, 0x18,
    0xC1, 0x98, 0x1F, 0x01, 0xF0, 0x1E, 0x01, 0xC0, 0x00, 0x00, 0x00, 0x00, 0x1E, 0x0E, 0x1B, 0xC1,
    0xC3, 0xB8, 0x78, 0x73, 0x0F, 0x0C, 0x73, 0xE1, 0x8E, 0x6C, 0x71, 0xCD, 0x8C, 0x3B, 0x39, 0x87,
    0x67, 0x60, 0x78, 0xEC, 0x0F, 0x1F, 0x01, 0xE3, 0xC0, 0x38, 0x30, 0x00, 0x00, 0x00, 0x3C, 0x39,
    0xE3, 0x83, 0x98, 0x1D, 0xC0, 0x7C, 0x03, 0xC0, 0x1C, 0x00, 0xF0, 0x0F, 0x80, 0xEC, 0x0E, 0x70,
    0x63, 0xE7, 0x0F, 0x00, 0x00, 0x38, 0x3B, 0xE1, 0xC7, 0x0E, 0x38, 0x31, 0xC3, 0x8E, 0x18, 0x30,
    0xC1, 0xCE, 0x0E, 0x60, 0x73, 0x03, 0xB0, 0x0F, 0x80, 0x78, 0x03, 0x80, 0x0C, 0x00, 0xC0, 0x0C,
    0x07, 0xE0, 0x3C, 0x00, 0x1F, 0xF8, 0xFF, 0x86, 0x18, 0x21, 0xC0, 0x1C, 0x00, 0xC0, 0x0C, 0x00,
    0xC0, 0x0E, 0x00, 0xE1, 0x8E, 0x0C, 0x7F, 0xC7, 0xFE, 0x00, 0x00, 0x03, 0x83, 0xF0, 0xE0, 0x70,
    0x1C, 0x07, 0x01, 0xC0, 0x70, 0x0C, 0x07, 0x01, 0x83, 0xE0, 0xF0, 0x0E, 0x01, 0x80, 0x60, 0x38,
    0x0C, 0x03, 0x01, 0xC0, 0x70, 0x1C, 0x07, 0xE0, 0xF8, 0xFF, 0xFF, 0xFF, 0xFF, 0xFF, 0xF0, 0x0E,
    0x07, 0xE0, 0x38, 0x06, 0x03, 0x80, 0xE0, 0x30, 0x0C, 0x07, 0x01, 0x80, 0x70, 0x0F, 0x03, 0xC1,
    0xC0, 0x60, 0x38, 0x0E, 0x03, 0x80, 0xE0, 0x38, 0x0E, 0x03, 0x8F, 0xC1, 0xE0, 0x10, 0x03, 0xC0,
    0x7F, 0xE4, 0x7C, 0x01, 0x80, 0x00, 0x73, 0xC6, 0x00, 0x01, 0x0C, 0x30, 0xC3, 0x0C, 0x71, 0xC7,
    0x1C, 0x63, 0x8E, 0x38, 0xE0, 0x01, 0x00, 0x60, 0x0C, 0x07, 0xE1, 0xFC, 0x71, 0x8C, 0x03, 0x80,
    0x70, 0x0C, 0x03, 0x80, 0x70, 0x07, 0x00, 0xE1, 0x1F, 0xE1, 0xF8, 0x0C, 0x03, 0x00, 0x60, 0x00,
    0x00, 0x38, 0x00, 0xFC, 0x01, 0xCC, 0x03, 0x80, 0x03, 0x00, 0x07, 0x00, 0x07, 0x00, 0x07, 0x00,
    0x3F, 0xE0, 0x3F, 0xE0, 0x0E, 0x00, 0x0E, 0x0C, 0x0E, 0x0E, 0x0C, 0x0E, 0x0C, 0x06, 0x18, 0x0E,
    0xFE, 0x1E, 0xE7, 0xFC, 0x00, 0x40, 0x60, 0x19, 0xDE, 0xE3, 0xFF, 0x07, 0x3C, 0x38, 0x70, 0xC0,
    0xC3, 0x03, 0x0C, 0x0C, 0x38, 0x70, 0xFF, 0xC7, 0xFF, 0x98, 0x06, 0x00, 0x00, 0x00, 0x00, 0xFE,
    0x3E, 0x38, 0x1C, 0x38, 0x38, 0x18, 0x30, 0x1C, 0x60, 0x0C, 0xE0, 0x0E, 0xC0, 0x7F, 0xF0, 0x7F,
    0xF8, 0x07, 0x00, 0x07, 0x00, 0x7F, 0xF0, 0x7F, 0xF0, 0x07, 0x00, 0x06, 0x00, 0x06, 0x00, 0x3F,
    0xC0, 0xFF, 0xFF, 0xF0, 0xFF, 0xFF, 0xF0, 0x03, 0xF0, 0x7F, 0xC7, 0x06, 0x30, 0x31, 0x81, 0x8E,
    0x00, 0x7C, 0x03, 0xF8, 0x33, 0xF1, 0x87, 0x9C, 0x0E, 0x70, 0x73, 0xE3, 0x0F, 0xD8, 0x1F, 0x80,
    0x3C, 0x60, 0x73, 0x03, 0x98, 0x18, 0xF3, 0xC7, 0xF8, 0x00, 0x00, 0x00, 0xEE, 0xEE, 0xE6, 0x01,
    0xFC, 0x00, 0x3E, 0xF8, 0x03, 0x80, 0x70, 0x30, 0x01, 0x83, 0x07, 0xC6, 0x18, 0xFF, 0x19, 0x86,
    0x38, 0xCC, 0x60, 0x86, 0x63, 0x00, 0x1B, 0x18, 0x00, 0xD8, 0xC0, 0x06, 0xC7, 0x00, 0x36, 0x38,
    0x03, 0x30, 0xFF, 0x18, 0xC3, 0xF1, 0x83, 0x00, 0x0C, 0x1C, 0x00, 0xC0, 0x78, 0x1C, 0x00, 0xFF,
    0xC0, 0x01, 0xF0, 0x00, 0x06, 0x07, 0xE3, 0x19, 0x86, 0x63, 0xB8, 0xEE, 0x33, 0x8C, 0xE7, 0x1F,
    0xE7, 0xB0, 0x02, 0x08, 0x18, 0x71, 0xC3, 0x8F, 0x1C, 0x79, 0xE3, 0xC7, 0x0E, 0x1C, 0x1C, 0x70,
    0x38, 0xE0, 0x61, 0x81, 0xC3, 0x03, 0x00, 0x00, 0x0F, 0xFF, 0x7F, 0xF0, 0x07, 0x00, 0x60, 0x06,
    0x00, 0x60, 0x01, 0xFC, 0x00, 0x3E, 0xF8, 0x03, 0x80, 0x70, 0x30, 0x01, 0x83, 0x3F, 0x86, 0x19,
    0xFF, 0x19, 0x86, 0x38, 0xCC, 0x30, 0xC6, 0x61, 0x8E, 0x1B, 0x0F, 0xE0, 0xD8, 0x7E, 0x06, 0xC3,
    0x38, 0x36, 0x18, 0xE3, 0x30, 0xC7, 0x18, 0xCF, 0x9D, 0x83, 0x00, 0x0C, 0x1C, 0x00, 0xC0, 0x78,
    0x1C, 0x00, 0xFF, 0xC0, 0x01, 0xF0, 0x00, 0xFD, 0xF8, 0x00, 0x00, 0x3E, 0x77, 0xC3, 0xC3, 0xC3,
    0x67, 0x7E, 0x00, 0x03, 0x00, 0x70, 0x07, 0x00, 0x70, 0x27, 0x67, 0xFE, 0x7F, 0xE0, 0x60, 0x06,
    0x00, 0xE0, 0x00, 0x0F, 0xFC, 0xFF, 0xC0, 0x00, 0x07, 0xC3, 0x38, 0x06, 0x01, 0x80, 0x60, 0x38,
    0x1C, 0x0E, 0x07, 0x23, 0xB9, 0xFE, 0x00, 0x3E, 0x67, 0x03, 0x07, 0x0E, 0x3E, 0x07, 0x07, 0x07,
    0x0E, 0xFC, 0x00, 0x10, 0xE3, 0x9C, 0xC0, 0x00, 0x38, 0x3B, 0xC1, 0xCE, 0x0C, 0x70, 0x63, 0x87,
    0x1C, 0x38, 0xE1, 0xC7, 0x0E, 0x30, 0x73, 0xC3, 0x9E, 0x38, 0xFF, 0xF7, 0xFF, 0x30, 0x01, 0x80,
    0x0C, 0x00, 0xE0, 0x00, 0x00, 0x00, 0x00, 0x00, 0x3F, 0xFC, 0xFF, 0xE3, 0xF9, 0xC7, 0xF3, 0x9F,
    0xE7, 0x3F, 0xCC, 0x3F, 0x18, 0x7E, 0x30, 0xFC, 0xE0, 0x79, 0xC0, 0x73, 0x80, 0xE7, 0x01, 0xCE,
    0x03, 0x98, 0x07, 0x30, 0x0C, 0x60, 0x19, 0xC0, 0x33, 0x83, 0xE7, 0xC0, 0x6F, 0x60, 0x10, 0xC6,
    0x3F, 0xF8, 0x1C, 0xF9, 0xF0, 0xC1, 0x83, 0x06, 0x0C, 0x38, 0x73, 0xF0, 0x06, 0x07, 0xC7, 0x39,
    0x87, 0xE1, 0xF8, 0x7E, 0x1B, 0x86, 0xE3, 0x9F, 0xC3, 0xC0, 0x20, 0xC0, 0xC3, 0x03, 0x86, 0x07,
    0x1C, 0x0E, 0x38, 0x38, 0xF0, 0xE3, 0xC7, 0x1E, 0x38, 0xF1, 0xC7, 0x0E, 0x38, 0x10, 0x40, 0x00,
    0x0C, 0x03, 0x03, 0x01, 0xE0, 0x60, 0x2C, 0x18, 0x01, 0x83, 0x00, 0x30, 0xE0, 0x0E, 0x18, 0x01,
    0xC7, 0x00, 0x30, 0xC6, 0x06, 0x38, 0xC0, 0xC6, 0x38, 0x7E, 0xC6, 0x00, 0x31, 0x98, 0x06, 0x73,
    0x01, 0x8C, 0x60, 0x33, 0xFF, 0x0C, 0x3F, 0xC1, 0x80, 0x70, 0x60, 0x0C, 0x0C, 0x00, 0x00, 0x00,
    0x00, 0x00, 0x0C, 0x03, 0x03, 0x01, 0xE0, 0x60, 0x2C, 0x18, 0x01, 0x83, 0x00, 0x30, 0xE0, 0x0E,
    0x18, 0x01, 0xC7, 0x00, 0x30, 0xCF, 0x86, 0x3B, 0x38, 0xC6, 0x03, 0x7E, 0xC0, 0x60, 0x30, 0x1C,
    0x06, 0x03, 0x01, 0x80, 0xE0, 0x30, 0x38, 0x0C, 0x0E, 0x41, 0x83, 0xB8, 0x60, 0xFF, 0x0C, 0x00,
    0x00, 0x00, 0x00, 0x00, 0x03, 0x01, 0xF8, 0x18, 0x0C, 0xE1, 0x80, 0x07, 0x0C, 0x00, 0x30, 0xC0,
    0x07, 0x06, 0x00, 0x7C, 0x70, 0x00, 0x63, 0x00, 0x03, 0xB8, 0xC0, 0x19, 0x8E, 0x01, 0xDC, 0x60,
    0xF8, 0xC7, 0x00, 0x06, 0x33, 0x00, 0x63, 0x38, 0x03, 0x39, 0xC0, 0x31, 0xFF, 0x01, 0x8F, 0xF8,
    0x18, 0x03, 0x00, 0xC0, 0x18, 0x0C, 0x00, 0x00, 0x00, 0x00, 0x00, 0x00, 0x01, 0xC0, 0xE0, 0x60,
    0x00, 0x00, 0x04, 0x03, 0x01, 0x81, 0xC0, 0xE1, 0xE1, 0xC1, 0x81, 0x80, 0xC0, 0x60, 0x30, 0x1C,
    0x0F, 0xF3, 0xF8, 0x70, 0x00, 0x40, 0x00, 0x38, 0x00, 0x0F, 0x00, 0x00, 0xE0, 0x00, 0x10, 0x00,
    0x00, 0x00, 0x07, 0x80, 0x01, 0xE0, 0x00, 0xF8, 0x00, 0x3E, 0x00, 0x1D, 0x80, 0x06, 0x70, 0x03,
    0x9C, 0x00, 0xC7, 0x00, 0x71, 0xC0, 0x18, 0x70, 0x0F, 0xFE, 0x03, 0xFF, 0x80, 0xC0, 0xE0, 0x60,
    0x38, 0x18, 0x0E, 0x0E, 0x03, 0xCF, 0xC3, 0xF8, 0x00, 0x04, 0x00, 0x03, 0x80, 0x01, 0xC0, 0x00,
    0xE0, 0x00, 0x30, 0x00, 0x00, 0x00, 0x07, 0x80, 0x01, 0xE0, 0x00, 0xF8, 0x00, 0x3E, 0x00, 0x1D,
    0x80, 0x06, 0x70, 0x03, 0x9C, 0x00, 0xC7, 0x00, 0x71, 0xC0, 0x18, 0x70, 0x0F, 0xFE, 0x03, 0xFF,
    0x80, 0xC0, 0xE0, 0x60, 0x38, 0x18, 0x0E, 0x0E, 0x03, 0xCF, 0xC3, 0xF8, 0x00, 0x38, 0x00, 0x1F,
    0x00, 0x0E, 0xC0, 0x07, 0x18, 0x00, 0x02, 0x00, 0x00, 0x00, 0x07, 0x80, 0x01, 0xE0, 0x00, 0xF8,
    0x00, 0x3E, 0x00, 0x1D, 0x80, 0x06, 0x70, 0x03, 0x9C, 0x00, 0xC7, 0x00, 0x71, 0xC0, 0x18, 0x70,
    0x0F, 0xFE, 0x03, 0xFF, 0x80, 0xC0, 0xE0, 0x60, 0x38, 0x18, 0x0E, 0x0E, 0x03, 0xCF, 0xC3, 0xF8,
    0x00, 0x72, 0x00, 0x3F, 0x80, 0x09, 0xE0, 0x00, 0x00, 0x00, 0x00, 0x00, 0x1E, 0x00, 0x07, 0x80,
    0x03, 0xE0, 0x00, 0xF8, 0x00, 0x76, 0x00, 0x19, 0xC0, 0x0E, 0x70, 0x03, 0x1C, 0x01, 0xC7, 0x00,
    0x61, 0xC0, 0x3F, 0xF8, 0x0F, 0xFE, 0x03, 0x03, 0x81, 0x80, 0xE0, 0x60, 0x38, 0x38, 0x0F, 0x3F,
    0x0F, 0xE0, 0x00, 0x46, 0x00, 0x3B, 0x80, 0x0E, 0xE0, 0x00, 0x00, 0x00, 0x00, 0x00, 0x1E, 0x00,
    0x07, 0x80, 0x03, 0xE0, 0x00, 0xF8, 0x00, 0x76, 0x00, 0x19, 0xC0, 0x0E, 0x70, 0x03, 0x1C, 0x01,
    0xC7, 0x00, 0x61, 0xC0, 0x3F, 0xF8, 0x0F, 0xFE, 0x03, 0x03, 0x81, 0x80, 0xE0, 0x60, 0x38, 0x38,
    0x0F, 0x3F, 0x0F, 0xE0, 0x00, 0x00, 0x00, 0x0F, 0x00, 0x06, 0x60, 0x03, 0x18, 0x00, 0xC6, 0x00,
    0x3F, 0x80, 0x03, 0x80, 0x00, 0x00, 0x00, 0x78, 0x00, 0x1E, 0x00, 0x0F, 0x80, 0x03, 0xE0, 0x01,
    0xD8, 0x00, 0x67, 0x00, 0x39, 0xC0, 0x0C, 0x70, 0x07, 0x1C, 0x01, 0x87, 0x00, 0xFF, 0xE0, 0x3F,
    0xF8, 0x0C, 0x0E, 0x06, 0x03, 0x81, 0x80, 0xE0, 0xE0, 0x3C, 0xFC, 0x3F, 0x80, 0x00, 0x00, 0x00,
    0x07, 0xFF, 0xFC, 0x01, 0xDC, 0x38, 0x03, 0x38, 0x70, 0x06, 0x70, 0x40, 0x19, 0xC0, 0x00, 0x73,
    0x80, 0x00, 0xC7, 0x00, 0x03, 0x8F, 0xF0, 0x06, 0x1F, 0xE0, 0x1C, 0x38, 0x00, 0x3F, 0xF0, 0x00,
    0xFF, 0xE0, 0x01, 0x83, 0x80, 0x07, 0x07, 0x01, 0x9C, 0x0E, 0x06, 0x38, 0x1D, 0xFD, 0xFC, 0xFF,
    0xF8, 0x00, 0x00, 0x1F, 0xF0, 0xE1, 0xC7, 0x06, 0x38, 0x19, 0xC0, 0x67, 0x00, 0x1C, 0x00, 0xE0,
    0x03, 0x80, 0x0E, 0x00, 0x38, 0x00, 0xE0, 0x03, 0xC0, 0x47, 0x03, 0x1E, 0x0C, 0x3C, 0xF0, 0x7F,
    0x80, 0x30, 0x00, 0xC0, 0x03, 0x00, 0x7C, 0x01, 0xE0, 0x02, 0x00, 0x02, 0x00, 0x1C, 0x00, 0x38,
    0x00, 0x70, 0x00, 0x80, 0x00, 0x03, 0xFF, 0x87, 0x06, 0x1C, 0x18, 0x70, 0x21, 0xC0, 0x07, 0x00,
    0x1C, 0x00, 0x7F, 0x83, 0xFE, 0x0E, 0x00, 0x38, 0x00, 0xE0, 0x03, 0x80, 0x0E, 0x06, 0x38, 0x19,
    0xFF, 0xEF, 0xFF, 0x80, 0x00, 0x20, 0x01, 0xC0, 0x0F, 0x00, 0x70, 0x00, 0x80, 0x00, 0x03, 0xFF,
    0x87, 0x06, 0x1C, 0x18, 0x70, 0x21, 0xC0, 0x07, 0x00, 0x1C, 0x00, 0x7F, 0x83, 0xFE, 0x0E, 0x00,
    0x38, 0x00, 0xE0, 0x03, 0x80, 0x0E, 0x06, 0x38, 0x19, 0xFF, 0xEF, 0xFF, 0x80, 0x00, 0xC0, 0x07,
    0x80, 0x37, 0x01, 0x8C, 0x04, 0x10, 0x00, 0x03, 0xFF, 0x87, 0x06, 0x1C, 0x18, 0x70, 0x21, 0xC0,
    0x07, 0x00, 0x1C, 0x00, 0x7F, 0x83, 0xFE, 0x0E, 0x00, 0x38, 0x00, 0xE0, 0x03, 0x80, 0x0E, 0x06,
    0x38, 0x19, 0xFF, 0xEF, 0xFF, 0x80, 0x03, 0x30, 0x1D, 0xC0, 0x77, 0x00, 0x00, 0x00, 0x00, 0xFF,
    0xE1, 0xC1, 0x87, 0x06, 0x1C, 0x08, 0x70, 0x01, 0xC0, 0x07, 0x00, 0x1F, 0xE0, 0xFF, 0x83, 0x80,
    0x0E, 0x00, 0x38, 0x00, 0xE0, 0x03, 0x81, 0x8E, 0x06, 0x7F, 0xFB, 0xFF, 0xE0, 0x10, 0x1C, 0x0F,
    0x01, 0xC0, 0x40, 0x00, 0xFC, 0x3C, 0x1C, 0x0E, 0x07, 0x03, 0x81, 0xC0, 0xE0, 0x70, 0x70, 0x38,
    0x1C, 0x0E, 0x07, 0x03, 0x81, 0xC3, 0xF0, 0x01, 0x00, 0xE0, 0x78, 0x38, 0x04, 0x00, 0x03, 0xF0,
    0x78, 0x1C, 0x07, 0x01, 0xC0, 0x70, 0x1C, 0x07, 0x01, 0xC0, 0xE0, 0x38, 0x0E, 0x03, 0x80, 0xE0,
    0x38, 0x0E, 0x0F, 0xC0, 0x06, 0x03, 0xC1, 0xB0, 0xC6, 0x20, 0x80, 0x03, 0xF0, 0x78, 0x1C, 0x07,
    0x01, 0xC0, 0x70, 0x1C, 0x07, 0x01, 0xC0, 0xE0, 0x38, 0x0E, 0x03, 0x80, 0xE0, 0x38, 0x0E, 0x0F,
    0xC0, 0x19, 0x9D, 0xCE, 0xE0, 0x00, 0x01, 0xF8, 0x78, 0x38, 0x1C, 0x0E, 0x07, 0x03, 0x81, 0xC0,
    0xE0, 0xE0, 0x70, 0x38, 0x1C, 0x0E, 0x07, 0x03, 0x87, 0xE0, 0x00, 0x00, 0x0F, 0xFE, 0x03, 0x87,
    0x81, 0xC0, 0xE0, 0xE0, 0x70, 0x70, 0x1C, 0x38, 0x0E, 0x1C, 0x07, 0x3F, 0x83, 0x9F, 0xC1, 0xC7,
    0x00, 0xE3, 0x80, 0xE1, 0xC0, 0x70, 0xE0, 0x38, 0x70, 0x38, 0x38, 0x38, 0x3C, 0x78, 0x3F, 0xF8,
    0x00, 0x00, 0x00, 0x01, 0xE4, 0x00, 0x7F, 0x00, 0x13, 0x80, 0x00, 0x00, 0x00, 0x00, 0x0F, 0x83,
    0xF1, 0xE0, 0x30, 0x7C, 0x0C, 0x1F, 0x03, 0x06, 0xE0, 0xC1, 0xB8, 0x60, 0x6E, 0x18, 0x19, 0xC6,
    0x0E, 0x71, 0x83, 0x0E, 0x60, 0xC3, 0x98, 0x30, 0x76, 0x0C, 0x1D, 0x83, 0x07, 0xC0, 0xC0, 0xF0,
    0x70, 0x3C, 0x3F, 0x07, 0x00, 0x02, 0x00, 0x0E, 0x00, 0x0E, 0x00, 0x0E, 0x00, 0x0C, 0x00, 0x10,
    0x01, 0xFC, 0x0F, 0x3C, 0x38, 0x1C, 0x70, 0x39, 0xC0, 0x73, 0x80, 0xE7, 0x01, 0xFC, 0x03, 0xF8,
    0x07, 0x70, 0x0E, 0xE0, 0x1D, 0xC0, 0x3B, 0x80, 0x63, 0x81, 0xC7, 0x07, 0x07, 0x1C, 0x07, 0xF0,
    0x00, 0x00, 0x00, 0x20, 0x00, 0xE0, 0x03, 0xC0, 0x0F, 0x00, 0x08, 0x00, 0x10, 0x01, 0xFC, 0x0F,
    0x3C, 0x38, 0x1C, 0x70, 0x39, 0xC0, 0x73, 0x80, 0xE7, 0x01, 0xFC, 0x03, 0xF8, 0x07, 0x70, 0x0E,
    0xE0, 0x1D, 0xC0, 0x3B, 0x80, 0x63, 0x81, 0xC7, 0x07, 0x07, 0x1C, 0x07, 0xF0, 0x00, 0x00, 0x00,
    0xE0, 0x03, 0xC0, 0x0F, 0xC0, 0x31, 0x80, 0x41, 0x00, 0x10, 0x01, 0xFC, 0x0F, 0x3C, 0x38, 0x1C,
    0x70, 0x39, 0xC0, 0x73, 0x80, 0xE7, 0x01, 0xFC, 0x03, 0xF8, 0x07, 0x70, 0x0E, 0xE0, 0x1D, 0xC0,
    0x3B, 0x80, 0x63, 0x81, 0xC7, 0x07, 0x07, 0x1C, 0x07, 0xF0, 0x00, 0x00, 0x03, 0x80, 0x0F, 0xF0,
    0x13, 0xC0, 0x00, 0x00, 0x08, 0x00, 0xFE, 0x07, 0x9E, 0x1C, 0x0E, 0x38, 0x1C, 0xE0, 0x39, 0xC0,
    0x73, 0x80, 0xFE, 0x01, 0xFC, 0x03, 0xB8, 0x07, 0x70, 0x0E, 0xE0, 0x1D, 0xC0, 0x31, 0xC0, 0xE3,
    0x83, 0x83, 0x8E, 0x03, 0xF8, 0x00, 0x00, 0x00, 0x03, 0x30, 0x0E, 0xE0, 0x1D, 0xC0, 0x00, 0x00,
    0x08, 0x00, 0xFE, 0x07, 0x9E, 0x1C, 0x0E, 0x38, 0x1C, 0xE0, 0x39, 0xC0, 0x73, 0x80, 0xFE, 0x01,
    0xFC, 0x03, 0xB8, 0x07, 0x70, 0x0E, 0xE0, 0x1D, 0xC0, 0x31, 0xC0, 0xE3, 0x83, 0x83, 0x8E, 0x03,
    0xF8, 0x00, 0x00, 0x00, 0x00, 0x07, 0x06, 0x38, 0xE1, 0x9C, 0x1F, 0x00, 0xE0, 0x1F, 0x03, 0xB8,
    0x71, 0xC6, 0x0C, 0x40, 0x00, 0x00, 0x18, 0x00, 0x30, 0x02, 0xC0, 0x3F, 0x81, 0xE7, 0x87, 0x0F,
    0x8E, 0x17, 0x38, 0x6E, 0x70, 0x9C, 0xE3, 0x3F, 0x86, 0x7F, 0x18, 0xEE, 0x31, 0xDC, 0xC3, 0xB9,
    0x87, 0x72, 0x0C, 0x7C, 0x38, 0xF0, 0xE0, 0xE3, 0x80, 0xFE, 0x03, 0x00, 0x06, 0x00, 0x08, 0x00,
    0x00, 0x00, 0x02, 0x00, 0x07, 0x00, 0x03, 0x80, 0x01, 0xC0, 0x00, 0x40, 0x00, 0x00, 0xFE, 0x1F,
    0x38, 0x0C, 0x38, 0x0C, 0x30, 0x0C, 0x70, 0x0C, 0x70, 0x0C, 0x70, 0x0C, 0x70, 0x1C, 0x70, 0x18,
    0x70, 0x18, 0x70, 0x18, 0x60, 0x18, 0x60, 0x18, 0x70, 0x30, 0x70, 0x30, 0x38, 0xE0, 0x1F, 0xC0,
    0x00, 0x00, 0x00, 0x30, 0x00, 0x78, 0x00, 0x70, 0x00, 0xE0, 0x00, 0x80, 0x00, 0x00, 0xFE, 0x1F,
    0x38, 0x0C, 0x38, 0x0C, 0x30, 0x0C, 0x70, 0x0C, 0x70, 0x0C, 0x70, 0x0C, 0x70, 0x1C, 0x70, 0x18,
    0x70, 0x18, 0x70, 0x18, 0x60, 0x18, 0x60, 0x18, 0x70, 0x30, 0x70, 0x30, 0x38, 0xE0, 0x1F, 0xC0,
    0x00, 0x00, 0x00, 0xE0, 0x01, 0xE0, 0x03, 0xF0, 0x06, 0x38, 0x04, 0x10, 0x00, 0x00, 0xFE, 0x1F,
    0x38, 0x0C, 0x38, 0x0C, 0x30, 0x0C, 0x70, 0x0C, 0x70, 0x0C, 0x70, 0x0C, 0x70, 0x1C, 0x70, 0x18,
    0x70, 0x18, 0x70, 0x18, 0x60, 0x18, 0x60, 0x18, 0x70, 0x30, 0x70, 0x30, 0x38, 0xE0, 0x1F, 0xC0,
    0x00, 0x00, 0x03, 0x30, 0x07, 0xB8, 0x03, 0x30, 0x00, 0x00, 0x00, 0x00, 0xFE, 0x1F, 0x38, 0x0C,
    0x38, 0x0C, 0x30, 0x0C, 0x70, 0x0C, 0x70, 0x0C, 0x70, 0x0C, 0x70, 0x1C, 0x70, 0x18, 0x70, 0x18,
    0x70, 0x18, 0x60, 0x18, 0x60, 0x18, 0x70, 0x30, 0x70, 0x30, 0x38, 0xE0, 0x1F, 0xC0, 0x00, 0x00,
    0x00, 0x20, 0x00, 0x70, 0x00, 0xE0, 0x01, 0xC0, 0x00, 0x80, 0x00, 0x00, 0x7E, 0x3E, 0x38, 0x1C,
    0x38, 0x18, 0x1C, 0x38, 0x1C, 0x30, 0x0E, 0x60, 0x0E, 0x60, 0x0E, 0xC0, 0x07, 0xC0, 0x07, 0x80,
    0x03, 0x00, 0x07, 0x00, 0x07, 0x00, 0x07, 0x00, 0x07, 0x00, 0x07, 0x00, 0x3F, 0xC0, 0x00, 0x00,
    0x3F, 0x00, 0x38, 0x00, 0x70, 0x00, 0xFE, 0x01, 0xFF, 0x03, 0x87, 0x07, 0x07, 0x0C, 0x0E, 0x38,
    0x1C, 0x70, 0x38, 0xE0, 0xE1, 0xC3, 0x83, 0xFE, 0x07, 0xE0, 0x0E, 0x00, 0x3C, 0x00, 0xFC, 0x00,
    0x03, 0xE0, 0x7F, 0x83, 0x0E, 0x38, 0x71, 0x83, 0x9C, 0x38, 0xE1, 0x87, 0x18, 0x39, 0xC1, 0x8E,
    0x1C, 0x38, 0xE1, 0xE7, 0x07, 0x38, 0x39, 0xC0, 0xEE, 0x06, 0x76, 0x73, 0x3F, 0x00, 0x00, 0x00,
    0x00, 0x70, 0x03, 0x80, 0x0E, 0x00, 0x38, 0x00, 0x40, 0x00, 0x00, 0xFE, 0x0F, 0xF0, 0xE3, 0x8E,
    0x1C, 0x60, 0xE7, 0x06, 0x38, 0x71, 0xC3, 0x8E, 0x1C, 0x70, 0xE3, 0x8F, 0x1F, 0xFC, 0x7D, 0xE0,
    0x00, 0x00, 0x00, 0x00, 0x01, 0xC0, 0x1C, 0x01, 0xC0, 0x0C, 0x00, 0x40, 0x00, 0x00, 0xFE, 0x0F,
    0xF0, 0xE3, 0x8E, 0x1C, 0x60, 0xE7, 0x06, 0x38, 0x71, 0xC3, 0x8E, 0x1C, 0x70, 0xE3, 0x8F, 0x1F,
    0xFC, 0x7D, 0xE0, 0x00, 0x00, 0x01, 0xC0, 0x0E, 0x00, 0xD8, 0x0C, 0x60, 0x43, 0x00, 0x00, 0x1F,
    0xC1, 0xFE, 0x1C, 0x71, 0xC3, 0x8C, 0x1C, 0xE0, 0xC7, 0x0E, 0x38, 0x71, 0xC3, 0x8E, 0x1C, 0x71,
    0xE3, 0xFF, 0x8F, 0xBC, 0x00, 0x00, 0x03, 0x00, 0x3D, 0x83, 0x7C, 0x00, 0xC0, 0x00, 0x03, 0xF8,
    0x3F, 0xC3, 0x8E, 0x38, 0x71, 0x83, 0x9C, 0x18, 0xE1, 0xC7, 0x0E, 0x38, 0x71, 0xC3, 0x8E, 0x3C,
    0x7F, 0xF1, 0xF7, 0x80, 0x00, 0x02, 0x20, 0x3B, 0x81, 0xDC, 0x0C, 0x40, 0x00, 0x03, 0xF8, 0x3F,
    0xC3, 0x8E, 0x38, 0x71, 0x83, 0x9C, 0x18, 0xE1, 0xC7, 0x0E, 0x38, 0x71, 0xC3, 0x8E, 0x3C, 0x7F,
    0xF1, 0xF7, 0x80, 0x00, 0x00, 0x00, 0x1F, 0x00, 0xCC, 0x0C, 0x60, 0x73, 0x01, 0xF0, 0x02, 0x00,
    0x00, 0x07, 0xF0, 0x7F, 0x87, 0x1C, 0x70, 0xE3, 0x07, 0x38, 0x31, 0xC3, 0x8E, 0x1C, 0x70, 0xE3,
    0x87, 0x1C, 0x78, 0xFF, 0xE3, 0xEF, 0x00, 0x00, 0x00, 0x00, 0x00, 0xFE, 0xF8, 0x3F, 0xF7, 0x0E,
    0x3C, 0x73, 0x87, 0x0E, 0x60, 0xE3, 0x9C, 0x1C, 0xF3, 0x83, 0xF8, 0x70, 0xFC, 0x0E, 0x1C, 0x01,
    0xC3, 0x80, 0x38, 0xF8, 0x67, 0xF7, 0xFC, 0x7C, 0x7E, 0x00, 0x00, 0x00, 0x00, 0x00, 0xF8, 0x7F,
    0x1C, 0x23, 0x00, 0xE0, 0x1C, 0x03, 0x80, 0x60, 0x0C, 0x01, 0xC0, 0x38, 0x47, 0xF8, 0x7E, 0x03,
    0x00, 0x60, 0x3C, 0x0F, 0x00, 0xC0, 0x00, 0x00, 0x01, 0x80, 0x38, 0x03, 0x00, 0x30, 0x02, 0x00,
    0x00, 0x3E, 0x1F, 0xE7, 0x1C, 0xC3, 0xB8, 0x77, 0x1C, 0xFF, 0x1F, 0x03, 0x80, 0x70, 0x0E, 0x08,
    0xFF, 0x1F, 0xC0, 0x00, 0x00, 0x20, 0x07, 0x00, 0x70, 0x0E, 0x01, 0x80, 0x10, 0x00, 0x00, 0x7C,
    0x1F, 0xE3, 0x8E, 0x30, 0xE7, 0x0E, 0x71, 0xC7, 0xF8, 0x7C, 0x07, 0x00, 0x70, 0x07, 0x04, 0x3F,
    0xC3, 0xF8, 0x00, 0x00, 0x01, 0x80, 0x3C, 0x07, 0xC0, 0xC6, 0x08, 0x20, 0x00, 0x07, 0xC1, 0xFE,
    0x38, 0xE3, 0x0E, 0x70, 0xE7, 0x1C, 0x7F, 0x87, 0xC0, 0x70, 0x07, 0x00, 0x70, 0x43, 0xFC, 0x3F,
    0x80, 0x00, 0x04, 0x60, 0xEE, 0x0E, 0xE0, 0x46, 0x00, 0x00, 0x7C, 0x1F, 0xE3, 0x8E, 0x30, 0xE7,
    0x0E, 0x71, 0xC7, 0xF8, 0x7C, 0x07, 0x00, 0x70, 0x07, 0x04, 0x3F, 0xC3, 0xF8, 0x00, 0x00, 0x03,
    0x87, 0x1C, 0x18, 0x20, 0x0F, 0x78, 0xE3, 0x8E, 0x38, 0xE3, 0x8C, 0x71, 0xC7, 0xDE, 0x00, 0x00,
    0x07, 0x0E, 0x0C, 0x18, 0x10, 0x00, 0x78, 0xF0, 0x70, 0x70, 0x70, 0x70, 0x70, 0x70, 0x60, 0xE0,
    0xE0, 0xF8, 0xF0, 0x00, 0x0C, 0x1E, 0x36, 0x63, 0x41, 0x00, 0x3C, 0x78, 0x38, 0x38, 0x38, 0x38,
    0x38, 0x38, 0x30, 0x70, 0x70, 0x7C, 0x78, 0x00, 0x44, 0xEE, 0xEE, 0x44, 0x00, 0x78, 0xF0, 0x70,
    0x70, 0x70, 0x70, 0x70, 0x70, 0x60, 0xE0, 0xE0, 0xF8, 0xF0, 0x00, 0x08, 0x40, 0x7E, 0x01, 0xE0,
    0x0F, 0x80, 0xEE, 0x02, 0x30, 0x01, 0xC0, 0x6E, 0x0F, 0xF0, 0xE3, 0x8E, 0x1C, 0xE0, 0xE7, 0x07,
    0x38, 0x39, 0xC1, 0xCE, 0x0E, 0x70, 0xE3, 0x87, 0x0E, 0x70, 0x3F, 0x00, 0x00, 0x00, 0x0E, 0x00,
    0xF6, 0x1B, 0xE0, 0x0C, 0x00, 0x07, 0x3E, 0x77, 0xE7, 0xCE, 0x78, 0x67, 0x0E, 0x70, 0xE7, 0x0E,
    0x60, 0xE6, 0x0E, 0xE0, 0xCE, 0x1C, 0xE1, 0xFE, 0x0E, 0x00, 0x00, 0x00, 0x00, 0x60, 0x03, 0x80,
    0x0E, 0x00, 0x30, 0x00, 0x80, 0x00, 0x00, 0xF8, 0x1E, 0xE1, 0xC3, 0x8E, 0x1C, 0xE0, 0xE7, 0x07,
    0x38, 0x39, 0xC1, 0xCE, 0x0E, 0x70, 0x63, 0x87, 0x0E, 0x70, 0x7F, 0x00, 0x00, 0x00, 0x00, 0x20,
    0x03, 0x80, 0x1C, 0x01, 0xC0, 0x18, 0x00, 0x80, 0x00, 0x00, 0xF8, 0x1E, 0xE1, 0xC3, 0x8E, 0x1C,
    0xE0, 0xE7, 0x07, 0x38, 0x39, 0xC1, 0xCE, 0x0E, 0x70, 0x63, 0x87, 0x0E, 0x70, 0x7F, 0x00, 0x00,
    0x00, 0x01, 0x80, 0x1E, 0x01, 0xF0, 0x1C, 0xC0, 0x82, 0x00, 0x00, 0x1F, 0x03, 0xDC, 0x38, 0x71,
    0xC3, 0x9C, 0x1C, 0xE0, 0xE7, 0x07, 0x38, 0x39, 0xC1, 0xCE, 0x0C, 0x70, 0xE1, 0xCE, 0x0F, 0xE0,
    0x00, 0x00, 0x06, 0x00, 0x7D, 0x83, 0x78, 0x01, 0x80, 0x00, 0x03, 0xE0, 0x7B, 0x87, 0x0E, 0x38,
    0x73, 0x83, 0x9C, 0x1C, 0xE0, 0xE7, 0x07, 0x38, 0x39, 0xC1, 0x8E, 0x1C, 0x39, 0xC1, 0xFC, 0x00,
    0x00, 0x06, 0x60, 0x73, 0x83, 0xB8, 0x08, 0xC0, 0x00, 0x03, 0xE0, 0x7B, 0x87, 0x0E, 0x38, 0x73,
    0x83, 0x9C, 0x1C, 0xE0, 0xE7, 0x07, 0x38, 0x39, 0xC1, 0x8E, 0x1C, 0x39, 0xC1, 0xFC, 0x00, 0x00,
    0x02, 0x00, 0xE0, 0x1C, 0x03, 0x00, 0x00, 0x00, 0x1F, 0xFB, 0xFF, 0x00, 0x00, 0x80, 0x38, 0x07,
    0x00, 0xC0, 0x00, 0x00, 0x01, 0x81, 0xF8, 0x3D, 0xC3, 0x8F, 0x1C, 0x79, 0xC7, 0xCE, 0x6E, 0x72,
    0x73, 0xB3, 0x9D, 0x1C, 0xF8, 0xC7, 0x8E, 0x1C, 0xE0, 0xFE, 0x0C, 0x00, 0x00, 0x00, 0x00, 0x01,
    0x80, 0x1C, 0x00, 0xC0, 0x06, 0x00, 0x20, 0x00, 0x0F, 0x06, 0xF0, 0xE7, 0x0E, 0x70, 0xE7, 0x0E,
    0x60, 0xE6, 0x0C, 0xE0, 0xCE, 0x1C, 0xE1, 0xCE, 0x3C, 0xFF, 0xF7, 0xDE, 0x00, 0x00, 0x00, 0x40,
    0x0E, 0x00, 0xE0, 0x1C, 0x03, 0x00, 0x20, 0x00, 0x0F, 0x06, 0xF0, 0xE7, 0x0E, 0x70, 0xE7, 0x0E,
    0x60, 0xE6, 0x0C, 0xE0, 0xCE, 0x1C, 0xE1, 0xCE, 0x3C, 0xFF, 0xF7, 0xDE, 0x00, 0x00, 0x03, 0x00,
    0x78, 0x0F, 0x81, 0x8C, 0x10, 0x40, 0x00, 0xF0, 0x6F, 0x0E, 0x70, 0xE7, 0x0E, 0x70, 0xE6, 0x0E,
    0x60, 0xCE, 0x0C, 0xE1, 0xCE, 0x1C, 0xE3, 0xCF, 0xFF, 0x7D, 0xE0, 0x00, 0x08, 0xC1, 0xDC, 0x1D,
    0xC0, 0x8C, 0x00, 0x0F, 0x06, 0xF0, 0xE7, 0x0E, 0x70, 0xE7, 0x0E, 0x60, 0xE6, 0x0C, 0xE0, 0xCE,
    0x1C, 0xE1, 0xCE, 0x3C, 0xFF, 0xF7, 0xDE, 0x00, 0x00, 0x00, 0x00, 0x01, 0xC0, 0x1C, 0x01, 0xC0,
    0x0C, 0x00, 0x40, 0x00, 0x07, 0x07, 0x7C, 0x38, 0xE1, 0xC7, 0x06, 0x38, 0x71, 0xC3, 0x06, 0x18,
    0x39, 0xC1, 0xCC, 0x0E, 0x60, 0x76, 0x01, 0xF0, 0x0F, 0x00, 0x70, 0x01, 0x80, 0x18, 0x01, 0x80,
    0xFC, 0x07, 0x80, 0x00, 0x3C, 0x03, 0xC0, 0x1C, 0x01, 0x80, 0x18, 0x03, 0x80, 0x3B, 0xE3, 0xFE,
    0x3C, 0x73, 0x87, 0x30, 0x73, 0x07, 0x70, 0x77, 0x07, 0x70, 0x67, 0x0E, 0x70, 0xC7, 0x38, 0x7F,
    0x06, 0x00, 0xE0, 0x0E, 0x00, 0xE0, 0x0E, 0x00, 0xE0, 0x00, 0x02, 0x20, 0x3B, 0x81, 0xDC, 0x0C,
    0x40, 0x00, 0x1C, 0x1D, 0xF0, 0xE3, 0x87, 0x1C, 0x18, 0xE1, 0xC7, 0x0C, 0x18, 0x60, 0xE7, 0x07,
    0x30, 0x39, 0x81, 0xD8, 0x07, 0xC0, 0x3C, 0x01, 0xC0, 0x06, 0x00, 0x60, 0x06, 0x03, 0xF0, 0x1E,
    0x00, 0x00, 0xFE, 0x00, 0x3F, 0x80, 0x00, 0x00, 0x00, 0x00, 0x00, 0x78, 0x00, 0x1E, 0x00, 0x0F,
    0x80, 0x03, 0xE0, 0x01, 0xD8, 0x00, 0x67, 0x00, 0x39, 0xC0, 0x0C, 0x70, 0x07, 0x1C, 0x01, 0x87,
    0x00, 0xFF, 0xE0, 0x3F, 0xF8, 0x0C, 0x0E, 0x06, 0x03, 0x81, 0x80, 0xE0, 0xE0, 0x3C, 0xFC, 0x3F,
    0x80, 0x03, 0xE0, 0x3F, 0x00, 0x00, 0x00, 0x00, 0x7F, 0x07, 0xF8, 0x71, 0xC7, 0x0E, 0x30, 0x73,
    0x83, 0x1C, 0x38, 0xE1, 0xC7, 0x0E, 0x38, 0x71, 0xC7, 0x8F, 0xFE, 0x3E, 0xF0, 0x00, 0x00, 0x00,
    0x82, 0x00, 0x31, 0x80, 0x0C, 0x60, 0x01, 0xF0, 0x00, 0x38, 0x00, 0x00, 0x00, 0x07, 0x80, 0x01,
    0xE0, 0x00, 0xF8, 0x00, 0x3E, 0x00, 0x1D, 0x80, 0x06, 0x70, 0x03, 0x9C, 0x00, 0xC7, 0x00, 0x71,
    0xC0, 0x18, 0x70, 0x0F, 0xFE, 0x03, 0xFF, 0x80, 0xC0, 0xE0, 0x60, 0x38, 0x18, 0x0E, 0x0E, 0x03,
    0xCF, 0xC3, 0xF8, 0x06, 0x10, 0x31, 0x81, 0xFC, 0x07, 0xC0, 0x08, 0x00, 0x00, 0x1F, 0xC1, 0xFE,
    0x1C, 0x71, 0xC3, 0x8C, 0x1C, 0xE0, 0xC7, 0x0E, 0x38, 0x71, 0xC3, 0x8E, 0x1C, 0x71, 0xE3, 0xFF,
    0x8F, 0xBC, 0x00, 0x00, 0x00, 0x00, 0x00, 0x1E, 0x00, 0x07, 0x80, 0x03, 0xE0, 0x00, 0xF8, 0x00,
    0x76, 0x00, 0x19, 0xC0, 0x0E, 0x70, 0x03, 0x1C, 0x01, 0xC7, 0x00, 0x61, 0xC0, 0x3F, 0xF8, 0x0F,
    0xFE, 0x03, 0x03, 0x81, 0x80, 0xE0, 0x60, 0x38, 0x38, 0x0F, 0x3F, 0x0F, 0xE0, 0x00, 0x60, 0x00,
    0x30, 0x00, 0x18, 0x00, 0x07, 0xC0, 0x00, 0xE0, 0x00, 0x00, 0x3F, 0x83, 0xFC, 0x38, 0xE3, 0x87,
    0x18, 0x39, 0xC1, 0x8E, 0x1C, 0x70, 0xE3, 0x87, 0x1C, 0x38, 0xE3, 0xC7, 0xFF, 0x1F, 0x78, 0x01,
    0x80, 0x18, 0x01, 0xC0, 0x0F, 0x80, 0x38, 0x00, 0x20, 0x01, 0xE0, 0x0F, 0x00, 0x38, 0x00, 0x80,
    0x00, 0x00, 0x7F, 0xC3, 0x87, 0x1C, 0x18, 0xE0, 0x67, 0x01, 0x9C, 0x00, 0x70, 0x03, 0x80, 0x0E,
    0x00, 0x38, 0x00, 0xE0, 0x03, 0x80, 0x0F, 0x01, 0x1C, 0x0C, 0x78, 0x30, 0xF3, 0xC1, 0xFE, 0x00,
    0x00, 0x00, 0x00, 0x06, 0x00, 0xE0, 0x1C, 0x03, 0x80, 0x00, 0x00, 0x00, 0x7C, 0x1F, 0xC3, 0x84,
    0x30, 0x07, 0x00, 0x70, 0x07, 0x00, 0x60, 0x06, 0x00, 0x70, 0x07, 0x08, 0x7F, 0x83, 0xF0, 0x00,
    0x00, 0x00, 0xE0, 0x07, 0x80, 0x3F, 0x01, 0x8E, 0x04, 0x10, 0x00, 0x00, 0x7F, 0xC3, 0x87, 0x1C,
    0x18, 0xE0, 0x67, 0x01, 0x9C, 0x00, 0x70, 0x03, 0x80, 0x0E, 0x00, 0x38, 0x00, 0xE0, 0x03, 0x80,
    0x0F, 0x01, 0x1C, 0x0C, 0x78, 0x30, 0xF3, 0xC1, 0xFE, 0x00, 0x00, 0x03, 0x80, 0xF0, 0x1B, 0x06,
    0x60, 0x84, 0x00, 0x01, 0xF0, 0xFE, 0x38, 0x46, 0x01, 0xC0, 0x38, 0x07, 0x00, 0xC0, 0x18, 0x03,
    0x80, 0x70, 0x8F, 0xF0, 0xFC, 0x00, 0x00, 0x00, 0xC0, 0x07, 0x80, 0x0E, 0x00, 0x00, 0x00, 0x00,
    0x1F, 0xF0, 0xE1, 0xC7, 0x06, 0x38, 0x19, 0xC0, 0x67, 0x00, 0x1C, 0x00, 0xE0, 0x03, 0x80, 0x0E,
    0x00, 0x38, 0x00, 0xE0, 0x03, 0xC0, 0x47, 0x03, 0x1E, 0x0C, 0x3C, 0xF0, 0x7F, 0x80, 0x00, 0x00,
    0x03, 0x00, 0x70, 0x0E, 0x01, 0x80, 0x00, 0x0F, 0x87, 0xF1, 0xC2, 0x30, 0x0E, 0x01, 0xC0, 0x38,
    0x06, 0x00, 0xC0, 0x1C, 0x03, 0x84, 0x7F, 0x87, 0xE0, 0x00, 0x00, 0x02, 0x18, 0x0C, 0xE0, 0x1F,
    0x00, 0x78, 0x00, 0x00, 0x00, 0x00, 0x7F, 0xC3, 0x87, 0x1C, 0x18, 0xE0, 0x67, 0x01, 0x9C, 0x00,
    0x70, 0x03, 0x80, 0x0E, 0x00, 0x38, 0x00, 0xE0, 0x03, 0x80, 0x0F, 0x01, 0x1C, 0x0C, 0x78, 0x30,
    0xF3, 0xC1, 0xFE, 0x00, 0x00, 0x0C, 0x20, 0xC6, 0x07, 0xC0, 0x78, 0x03, 0x00, 0x00, 0x07, 0xC1,
    0xFC, 0x38, 0x43, 0x00, 0x70, 0x07, 0x00, 0x70, 0x06, 0x00, 0x60, 0x07, 0x00, 0x70, 0x87, 0xF8,
    0x3F, 0x00, 0x00, 0x01, 0x84, 0x00, 0x66, 0x00, 0x3E, 0x00, 0x0E, 0x00, 0x00, 0x00, 0x00, 0x00,
    0x7F, 0xF0, 0x1C, 0x3C, 0x0E, 0x07, 0x07, 0x03, 0x83, 0x80, 0xE1, 0xC0, 0x70, 0xE0, 0x38, 0x70,
    0x1C, 0x70, 0x0E, 0x38, 0x07, 0x1C, 0x07, 0x0E, 0x03, 0x87, 0x01, 0xC3, 0x81, 0xC1, 0xC1, 0xC1,
    0xE3, 0xC1, 0xFF, 0xC0, 0x00, 0x00, 0x00, 0x7B, 0x00, 0x3D, 0x80, 0x0E, 0xC0, 0x07, 0x60, 0x03,
    0xB0, 0x01, 0xD0, 0x1F, 0xC0, 0x1F, 0xE0, 0x1C, 0x70, 0x1C, 0x38, 0x0C, 0x1C, 0x0E, 0x0E, 0x07,
    0x07, 0x03, 0x83, 0x01, 0xC3, 0x80, 0xE1, 0xC0, 0x70, 0xE0, 0x3F, 0xF8, 0x0F, 0xBC, 0x00, 0x00,
    0x00, 0x00, 0x00, 0x0F, 0xFE, 0x03, 0x87, 0x81, 0xC0, 0xE0, 0xE0, 0x70, 0x70, 0x1C, 0x38, 0x0E,
    0x1C, 0x07, 0x3F, 0x83, 0x9F, 0xC1, 0xC7, 0x00, 0xE3, 0x80, 0xE1, 0xC0, 0x70, 0xE0, 0x38, 0x70,
    0x38, 0x38, 0x38, 0x3C, 0x78, 0x3F, 0xF8, 0x00, 0x00, 0x00, 0x00, 0x78, 0x00, 0xF0, 0x00, 0xE0,
    0x0F, 0xE0, 0x1F, 0xC0, 0x07, 0x01, 0xFC, 0x07, 0xF8, 0x1C, 0x70, 0x70, 0xE0, 0xC1, 0xC3, 0x83,
    0x87, 0x07, 0x0E, 0x0C, 0x1C, 0x38, 0x38, 0x70, 0x70, 0xE0, 0xFF, 0xE0, 0xFB, 0xC0, 0x00, 0x00,
    0x07, 0xF0, 0x1F, 0xC0, 0x00, 0x00, 0x00, 0x3F, 0xF8, 0x70, 0x61, 0xC1, 0x87, 0x02, 0x1C, 0x00,
    0x70, 0x01, 0xC0, 0x07, 0xF8, 0x3F, 0xE0, 0xE0, 0x03, 0x80, 0x0E, 0x00, 0x38, 0x00, 0xE0, 0x63,
    0x81, 0x9F, 0xFE, 0xFF, 0xF8, 0x07, 0xE0, 0xFC, 0x00, 0x00, 0x00, 0x7C, 0x3F, 0xCE, 0x39, 0x87,
    0x70, 0xEE, 0x39, 0xFE, 0x3E, 0x07, 0x00, 0xE0, 0x1C, 0x11, 0xFE, 0x3F, 0x80, 0x00, 0x02, 0x10,
    0x18, 0xC0, 0x73, 0x00, 0xF8, 0x01, 0xC0, 0x00, 0x03, 0xFF, 0x87, 0x06, 0x1C, 0x18, 0x70, 0x21,
    0xC0, 0x07, 0x00, 0x1C, 0x00, 0x7F, 0x83, 0xFE, 0x0E, 0x00, 0x38, 0x00, 0xE0, 0x03, 0x80, 0x0E,
    0x06, 0x38, 0x19, 0xFF, 0xEF, 0xFF, 0x80, 0x0C, 0x30, 0xC3, 0x07, 0xE0, 0x7C, 0x01, 0x00, 0x00,
    0x07, 0xC1, 0xFE, 0x38, 0xE3, 0x0E, 0x70, 0xE7, 0x1C, 0x7F, 0x87, 0xC0, 0x70, 0x07, 0x00, 0x70,
    0x43, 0xFC, 0x3F, 0x80, 0x00, 0x00, 0xC0, 0x07, 0x80, 0x1C, 0x00, 0x00, 0x00, 0x00, 0xFF, 0xE1,
    0xC1, 0x87, 0x06, 0x1C, 0x08, 0x70, 0x01, 0xC0, 0x07, 0x00, 0x1F, 0xE0, 0xFF, 0x83, 0x80, 0x0E,
    0x00, 0x38, 0x00, 0xE0, 0x03, 0x81, 0x8E, 0x06, 0x7F, 0xFB, 0xFF, 0xE0, 0x01, 0x80, 0x70, 0x0E,
    0x00, 0x80, 0x00, 0x0F, 0x87, 0xF9, 0xC7, 0x30, 0xEE, 0x1D, 0xC7, 0x3F, 0xC7, 0xC0, 0xE0, 0x1C,
    0x03, 0x82, 0x3F, 0xC7, 0xF0, 0x00, 0x00, 0x00, 0x00, 0xFF, 0xE1, 0xC1, 0x87, 0x06, 0x1C, 0x08,
    0x70, 0x01, 0xC0, 0x07, 0x00, 0x1F, 0xE0, 0xFF, 0x83, 0x80, 0x0E, 0x00, 0x38, 0x00, 0xE0, 0x03,
    0x81, 0x8E, 0x06, 0x7F, 0xFB, 0xFF, 0xE0, 0x06, 0x00, 0x30, 0x01, 0x80, 0x07, 0xC0, 0x0E, 0x00,
    0x00, 0x00, 0xF8, 0x7F, 0x9C, 0x73, 0x0E, 0xE1, 0xDC, 0x73, 0xFC, 0x7C, 0x0E, 0x01, 0xC0, 0x38,
    0x23, 0xFC, 0x7F, 0x03, 0x80, 0x60, 0x18, 0x03, 0xE0, 0x38, 0x00, 0x02, 0x18, 0x0C, 0xC0, 0x3E,
    0x00, 0x70, 0x00, 0x00, 0x00, 0x03, 0xFF, 0x87, 0x06, 0x1C, 0x18, 0x70, 0x21, 0xC0, 0x07, 0x00,
    0x1C, 0x00, 0x7F, 0x83, 0xFE, 0x0E, 0x00, 0x38, 0x00, 0xE0, 0x03, 0x80, 0x0E, 0x06, 0x38, 0x19,
    0xFF, 0xEF, 0xFF, 0x80, 0x04, 0x30, 0x66, 0x07, 0xC0, 0x3C, 0x01, 0x80, 0x00, 0x07, 0xC1, 0xFE,
    0x38, 0xE3, 0x0E, 0x70, 0xE7, 0x1C, 0x7F, 0x87, 0xC0, 0x70, 0x07, 0x00, 0x70, 0x43, 0xFC, 0x3F,
    0x80, 0x00, 0x00, 0xE0, 0x07, 0x80, 0x3F, 0x01, 0x8E, 0x04, 0x10, 0x00, 0x00, 0x7F, 0xC7, 0x87,
    0x38, 0x1C, 0xC0, 0x67, 0x00, 0x18, 0x00, 0xE0, 0x03, 0x80, 0x0E, 0x00, 0x38, 0x3E, 0xE0, 0x3B,
    0x80, 0xEE, 0x03, 0x9C, 0x0E, 0x70, 0x38, 0xF3, 0xE1, 0xFE, 0x00, 0x00, 0x00, 0xC0, 0x0F, 0x00,
    0xD8, 0x0C, 0x60, 0x43, 0x00, 0x00, 0x1F, 0xC1, 0xFE, 0x1C, 0x71, 0xC3, 0x8C, 0x1C, 0xE0, 0xE7,
    0x06, 0x38, 0x31, 0xC3, 0x8E, 0x1C, 0x70, 0xE3, 0xFF, 0x0F, 0xB8, 0x01, 0x80, 0x1C, 0x00, 0xE0,
    0x86, 0x0F, 0xE0, 0x7E, 0x00, 0x02, 0x10, 0x18, 0x60, 0x33, 0x00, 0xFC, 0x01, 0xE0, 0x00, 0x00,
    0x7F, 0xC7, 0x87, 0x38, 0x1C, 0xC0, 0x67, 0x00, 0x18, 0x00, 0xE0, 0x03, 0x80, 0x0E, 0x00, 0x38,
    0x3E, 0xE0, 0x3B, 0x80, 0xEE, 0x03, 0x9C, 0x0E, 0x70, 0x38, 0xF3, 0xE1, 0xFE, 0x00, 0x00, 0x06,
    0x10, 0x31, 0x81, 0xFC, 0x07, 0xC0, 0x08, 0x00, 0x00, 0x1F, 0xC1, 0xFE, 0x1C, 0x71, 0xC3, 0x8C,
    0x1C, 0xE0, 0xE7, 0x06, 0x38, 0x31, 0xC3, 0x8E, 0x1C, 0x70, 0xE3, 0xFF, 0x0F, 0xB8, 0x01, 0x80,
    0x1C, 0x00, 0xE0, 0x86, 0x0F, 0xE0, 0x7E, 0x00, 0x00, 0xC0, 0x03, 0x80, 0x0E, 0x00, 0x00, 0x00,
    0x00, 0x1F, 0xF1, 0xE1, 0xCE, 0x07, 0x30, 0x19, 0xC0, 0x06, 0x00, 0x38, 0x00, 0xE0, 0x03, 0x80,
    0x0E, 0x0F, 0xB8, 0x0E, 0xE0, 0x3B, 0x80, 0xE7, 0x03, 0x9C, 0x0E, 0x3C, 0xF8, 0x7F, 0x80, 0x00,
    0x00, 0x00, 0xC0, 0x0E, 0x00, 0x70, 0x01, 0x00, 0x00, 0x03, 0xF8, 0x3F, 0xC3, 0x8E, 0x38, 0x71,
    0x83, 0x9C, 0x1C, 0xE0, 0xC7, 0x06, 0x38, 0x71, 0xC3, 0x8E, 0x1C, 0x7F, 0xE1, 0xF7, 0x00, 0x30,
    0x03, 0x80, 0x1C, 0x10, 0xC1, 0xFC, 0x0F, 0xC0, 0x00, 0x00, 0x1F, 0xF1, 0xE1, 0xCE, 0x07, 0x30,
    0x19, 0xC0, 0x06, 0x00, 0x38, 0x00, 0xE0, 0x03, 0x80, 0x0E, 0x0F, 0xB8, 0x0E, 0xE0, 0x3B, 0x80,
    0xE7, 0x03, 0x9C, 0x0E, 0x3C, 0xF8, 0x7F, 0x80, 0x00, 0x01, 0x80, 0x07, 0x00, 0x1C, 0x00, 0x60,
    0x01, 0x80, 0x00, 0x00, 0x00, 0x80, 0x0C, 0x00, 0x60, 0x07, 0x00, 0x1C, 0x00, 0x40, 0x00, 0x00,
    0xFE, 0x0F, 0xF0, 0xE3, 0x8E, 0x1C, 0x60, 0xE7, 0x07, 0x38, 0x31, 0xC1, 0x8E, 0x1C, 0x70, 0xE3,
    0x87, 0x1F, 0xF8, 0x7D, 0xC0, 0x0C, 0x00, 0xE0, 0x07, 0x04, 0x30, 0x7F, 0x03, 0xF0, 0x00, 0x00,
    0x38, 0x00, 0x0F, 0x80, 0x03, 0xB0, 0x00, 0xE3, 0x00, 0x10, 0x20, 0x00, 0x00, 0x07, 0xE1, 0xF8,
    0x70, 0x1C, 0x0E, 0x03, 0x81, 0xC0, 0x70, 0x38, 0x0E, 0x07, 0x01, 0xC0, 0xE0, 0x30, 0x1F, 0xFE,
    0x07, 0xFF, 0xC0, 0xE0, 0x38, 0x1C, 0x07, 0x03, 0x80, 0xE0, 0x70, 0x1C, 0x0E, 0x03, 0x81, 0xC0,
    0xE0, 0x78, 0x1C, 0x1F, 0x8F, 0xE0, 0x0E, 0x00, 0xF0, 0x0F, 0xC0, 0xC7, 0x04, 0x10, 0x1E, 0x00,
    0xF0, 0x03, 0x80, 0x1C, 0x00, 0xE0, 0x06, 0x00, 0x33, 0xE3, 0xBF, 0x1F, 0x38, 0xF0, 0xC7, 0x06,
    0x38, 0x71, 0xC3, 0x8C, 0x1C, 0xE0, 0xE7, 0x07, 0x38, 0x31, 0xC3, 0xEE, 0x0E, 0x00, 0x00, 0x00,
    0x00, 0x0F, 0xC3, 0xF1, 0xE0, 0x70, 0x70, 0x1C, 0x1C, 0x07, 0x0F, 0xFF, 0xF3, 0xFF, 0xF8, 0x70,
    0x1C, 0x1C, 0x06, 0x07, 0x03, 0x83, 0xFF, 0xE0, 0xE0, 0x38, 0x38, 0x0E, 0x0E, 0x03, 0x83, 0x80,
    0xE0, 0xE0, 0x38, 0x38, 0x1C, 0x3F, 0x0F, 0xC0, 0x78, 0x07, 0x80, 0x38, 0x07, 0xE0, 0xFE, 0x03,
    0x00, 0x33, 0xE7, 0x7E, 0x7C, 0xE7, 0x86, 0x70, 0x67, 0x0E, 0x70, 0xE6, 0x0E, 0xE0, 0xEE, 0x0E,
    0xE0, 0xCE, 0x1F, 0xE0, 0xE0, 0x00, 0x1C, 0x8F, 0xE2, 0x78, 0x00, 0x00, 0x0F, 0xC1, 0xE0, 0x70,
    0x1C, 0x07, 0x01, 0xC0, 0x70, 0x1C, 0x07, 0x03, 0x80, 0xE0, 0x38, 0x0E, 0x03, 0x80, 0xE0, 0x38,
    0x3F, 0x00, 0x30, 0x3F, 0x97, 0xC0, 0xC0, 0x01, 0xE1, 0xE0, 0x70, 0x38, 0x1C, 0x0E, 0x07, 0x03,
    0x81, 0x81, 0xC0, 0xE0, 0x7C, 0x3C, 0x00, 0x00, 0x3F, 0x9F, 0xC0, 0x00, 0x03, 0xF0, 0xF0, 0x70,
    0x38, 0x1C, 0x0E, 0x07, 0x03, 0x81, 0xC1, 0xC0, 0xE0, 0x70, 0x38, 0x1C, 0x0E, 0x07, 0x0F, 0xC0,
    0x7D, 0xFC, 0x00, 0x07, 0x9E, 0x1C, 0x38, 0x70, 0xE1, 0xC3, 0x86, 0x1C, 0x38, 0x7C, 0xF0, 0x00,
    0x20, 0x8C, 0x63, 0x98, 0x7C, 0x0E, 0x00, 0x03, 0xF0, 0x78, 0x1C, 0x07, 0x01, 0xC0, 0x70, 0x1C,
    0x07, 0x01, 0xC0, 0xE0, 0x38, 0x0E, 0x03, 0x80, 0xE0, 0x38, 0x0E, 0x0F, 0xC0, 0xC2, 0xC6, 0xFE,
    0x7C, 0x10, 0x00, 0x78, 0xF0, 0x70, 0x70, 0x70, 0x70, 0x70, 0x70, 0x60, 0xE0, 0xE0, 0xF8, 0xF0,
    0x00, 0x00, 0x1F, 0x87, 0x83, 0x81, 0xC0, 0xE0, 0x70, 0x38, 0x1C, 0x0E, 0x0E, 0x07, 0x03, 0x81,
    0xC0, 0xE0, 0x70, 0x38, 0x7E, 0x0C, 0x0E, 0x06, 0x03, 0xE1, 0xC0, 0x0C, 0x38, 0x70, 0x40, 0x07,
    0x9E, 0x1C, 0x38, 0x70, 0xE1, 0xC3, 0x86, 0x1C, 0x38, 0x7C, 0xF0, 0xC3, 0x0E, 0x1F, 0x1C, 0x00,
    0x06, 0x07, 0x03, 0x80, 0x00, 0x01, 0xF8, 0x78, 0x38, 0x1C, 0x0E, 0x07, 0x03, 0x81, 0xC0, 0xE0,
    0xE0, 0x70, 0x38, 0x1C, 0x0E, 0x07, 0x03, 0x87, 0xE0, 0x7F, 0x9C, 0xE7, 0x39, 0xCE, 0x67, 0x39,
    0xFF, 0x00, 0x00, 0x00, 0x3F, 0x3F, 0x1E, 0x1C, 0x1C, 0x1C, 0x1C, 0x1C, 0x1C, 0x1C, 0x1C, 0x1C,
    0x1C, 0x1C, 0x1C, 0x18, 0x1C, 0x38, 0x38, 0x38, 0x38, 0x38, 0x38, 0x38, 0x38, 0x38, 0x38, 0x38,
    0x38, 0x38, 0x38, 0x30, 0xFC, 0x70, 0x00, 0x70, 0x00, 0xE0, 0x03, 0xC0, 0x03, 0x00, 0x18, 0x23,
    0x87, 0x38, 0x71, 0x02, 0x00, 0x07, 0x9E, 0xF1, 0xE7, 0x0E, 0x70, 0xE7, 0x0E, 0x70, 0xE7, 0x0C,
    0x70, 0xC6, 0x1C, 0xE1, 0xCE, 0x1C, 0xF9, 0xCF, 0x1C, 0x01, 0xC0, 0x18, 0x03, 0x80, 0x38, 0x1F,
    0x01, 0xE0, 0x00, 0xC0, 0x0F, 0x00, 0xD8, 0x0C, 0x60, 0x41, 0x00, 0x00, 0x1F, 0x80, 0x70, 0x03,
    0x80, 0x1C, 0x00, 0xE0, 0x07, 0x00, 0x38, 0x01, 0xC0, 0x0E, 0x00, 0x60, 0x07, 0x00, 0x38, 0x01,
    0xC0, 0x0E, 0x00, 0x70, 0x03, 0x80, 0x38, 0x01, 0xC0, 0x1C, 0x03, 0xC0, 0x18, 0x00, 0x01, 0x80,
    0x3C, 0x07, 0xC0, 0xE6, 0x08, 0x20, 0x00, 0x07, 0x80, 0x78, 0x03, 0x00, 0x70, 0x07, 0x00, 0x70,
    0x07, 0x00, 0x70, 0x07, 0x00, 0x70, 0x06, 0x00, 0x60, 0x0E, 0x00, 0xE0, 0x0E, 0x00, 0xE0, 0x1C,
    0x0F, 0x80, 0xF0, 0x00, 0x00, 0x00, 0x07, 0xE3, 0xE0, 0xE0, 0x70, 0x38, 0x38, 0x0E, 0x1C, 0x03,
    0x8E, 0x00, 0xE7, 0x00, 0x3B, 0x80, 0x0C, 0xC0, 0x07, 0xF8, 0x01, 0xFE, 0x00, 0x79, 0xC0, 0x1C,
    0x70, 0x07, 0x0E, 0x01, 0xC3, 0x80, 0x70, 0x70, 0x3C, 0x1E, 0x1F, 0x83, 0xC0, 0x00, 0x00, 0x06,
    0x00, 0x01, 0xC0, 0x00, 0x70, 0x00, 0x1C, 0x00, 0x06, 0x00, 0x00, 0x00, 0x00, 0x38, 0x07, 0x80,
    0x38, 0x03, 0x80, 0x38, 0x03, 0x00, 0x30, 0xE7, 0x0E, 0x70, 0xE7, 0x1C, 0x73, 0x07, 0xE0, 0x7C,
    0x06, 0xE0, 0xEE, 0x0E, 0x70, 0xE3, 0x8E, 0x3E, 0xE1, 0xE0, 0x00, 0x18, 0x01, 0xC0, 0x1C, 0x01,
    0x80, 0x18, 0x00, 0x00, 0x00, 0x0E, 0x19, 0xC3, 0xB8, 0xE7, 0x1C, 0xE6, 0x1D, 0x83, 0xE0, 0x6E,
    0x0D, 0xC1, 0x9C, 0x73, 0xCE, 0x3F, 0xC3, 0x80, 0x00, 0x01, 0x00, 0x1C, 0x01, 0xC0, 0x1C, 0x00,
    0xC0, 0x00, 0x00, 0xFC, 0x03, 0x80, 0x1C, 0x00, 0xE0, 0x07, 0x00, 0x38, 0x01, 0xC0, 0x0E, 0x00,
    0xE0, 0x07, 0x00, 0x38, 0x01, 0xC0, 0xCE, 0x06, 0x70, 0x73, 0x83, 0x3C, 0xFB, 0xFF, 0xC0, 0x04,
    0x0F, 0x1E, 0x1C, 0x10, 0x38, 0x78, 0x38, 0x38, 0x38, 0x30, 0x30, 0x70, 0x70, 0x70, 0x70, 0x70,
    0x60, 0x60, 0xE0, 0xE0, 0xE0, 0xF0, 0xF0, 0x00, 0x00, 0x01, 0xF8, 0x07, 0x00, 0x38, 0x01, 0xC0,
    0x0E, 0x00, 0x70, 0x03, 0x80, 0x1C, 0x01, 0xC0, 0x0E, 0x00, 0x70, 0x03, 0x81, 0x9C, 0x0C, 0xE0,
    0xE7, 0x06, 0x79, 0xF7, 0xFF, 0x80, 0x00, 0x0C, 0x00, 0xE0, 0x03, 0x00, 0x18, 0x01, 0xC0, 0x00,
    0x00, 0x1C, 0xF1, 0xC7, 0x1C, 0x61, 0x8E, 0x38, 0xE3, 0x8E, 0x30, 0xC7, 0x1C, 0x71, 0xE7, 0x80,
    0x61, 0xC7, 0x1C, 0x60, 0x00, 0x00, 0x01, 0xF9, 0x87, 0x0E, 0x38, 0x61, 0xC3, 0x0E, 0x18, 0x70,
    0x83, 0x80, 0x1C, 0x01, 0xC0, 0x0E, 0x00, 0x70, 0x03, 0x81, 0x9C, 0x0C, 0xE0, 0xE7, 0x06, 0x79,
    0xF7, 0xFF, 0x80, 0x3B, 0x3D, 0x8E, 0xC7, 0x63, 0xB1, 0x90, 0xC0, 0xE0, 0x70, 0x38, 0x1C, 0x0E,
    0x06, 0x03, 0x03, 0x81, 0xC0, 0xE0, 0x78, 0x3C, 0x00, 0x00, 0x00, 0x01, 0xF8, 0x07, 0x00, 0x38,
    0x01, 0xC0, 0x0E, 0x00, 0x70, 0x03, 0x80, 0x1C, 0x01, 0xC0, 0x0E, 0x00, 0x70, 0x03, 0x81, 0x9C,
    0x0C, 0xE0, 0xE7, 0x06, 0x79, 0xF7, 0xFF, 0x80, 0x38, 0x3C, 0x0E, 0x07, 0x03, 0x81, 0x80, 0xC0,
    0xE0, 0x73, 0x3B, 0x9D, 0xCE, 0x06, 0x03, 0x03, 0x81, 0xC0, 0xE0, 0x78, 0x3C, 0x00, 0x00, 0x00,
    0x01, 0xF8, 0x07, 0x00, 0x38, 0x01, 0xC0, 0x0E, 0x00, 0x76, 0x03, 0xE0, 0x1E, 0x01, 0xE0, 0x1E,
    0x01, 0xF0, 0x03, 0x81, 0x9C, 0x0C, 0xE0, 0xE7, 0x06, 0x79, 0xF7, 0xFF, 0x80, 0x38, 0x70, 0x61,
    0xC3, 0x87, 0x0F, 0x9E, 0x79, 0xE1, 0xC3, 0x87, 0x0E, 0x1C, 0x30, 0xE1, 0xF3, 0xC0, 0x00, 0x00,
    0x08, 0x00, 0x07, 0x00, 0x03, 0x80, 0x01, 0xC0, 0x00, 0x40, 0x00, 0x00, 0x03, 0xE0, 0xFC, 0x78,
    0x0C, 0x1F, 0x03, 0x07, 0xC0, 0xC1, 0xB8, 0x30, 0x6E, 0x18, 0x1B, 0x86, 0x06, 0x71, 0x83, 0x9C,
    0x60, 0xC3, 0x98, 0x30, 0xE6, 0x0C, 0x1D, 0x83, 0x07, 0x60, 0xC1, 0xF0, 0x30, 0x3C, 0x1C, 0x0F,
    0x0F, 0xC1, 0xC0, 0x00, 0x00, 0x06, 0x00, 0xE0, 0x1C, 0x03, 0x80, 0x00, 0x00, 0x07, 0x3E, 0x77,
    0xE7, 0xCE, 0x78, 0x67, 0x0E, 0x70, 0xE7, 0x0E, 0x60, 0xE6, 0x0E, 0xE0, 0xCE, 0x1C, 0xE1, 0xFE,
    0x0E, 0x00, 0x00, 0x00, 0x00, 0x0F, 0x83, 0xF1, 0xE0, 0x30, 0x7C, 0x0C, 0x1F, 0x03, 0x06, 0xE0,
    0xC1, 0xB8, 0x60, 0x6E, 0x18, 0x19, 0xC6, 0x0E, 0x71, 0x83, 0x0E, 0x60, 0xC3, 0x98, 0x30, 0x76,
    0x0C, 0x1D, 0x83, 0x07, 0xC0, 0xC0, 0xF0, 0x70, 0x3C, 0x3F, 0x07, 0x00, 0x00, 0x00, 0x0C, 0x00,
    0x03, 0x80, 0x00, 0xE0, 0x00, 0x38, 0x00, 0x0C, 0x00, 0x00, 0x00, 0x00, 0x00, 0x07, 0x3E, 0x77,
    0xE7, 0xCE, 0x78, 0x67, 0x0E, 0x70, 0xE7, 0x0E, 0x60, 0xE6, 0x0E, 0xE0, 0xCE, 0x1C, 0xE1, 0xFE,
    0x0E, 0x00, 0x00, 0xC0, 0x1C, 0x00, 0xC0, 0x0C, 0x01, 0x80, 0x00, 0x00, 0x01, 0x84, 0x00, 0x33,
    0x00, 0x0F, 0x80, 0x01, 0xC0, 0x00, 0x00, 0x00, 0x00, 0x03, 0xE0, 0xFC, 0x78, 0x0C, 0x1F, 0x03,
    0x07, 0xC0, 0xC1, 0xB8, 0x30, 0x6E, 0x18, 0x1B, 0x86, 0x06, 0x71, 0x83, 0x9C, 0x60, 0xC3, 0x98,
    0x30, 0xE6, 0x0C, 0x1D, 0x83, 0x07, 0x60, 0xC1, 0xF0, 0x30, 0x3C, 0x1C, 0x0F, 0x0F, 0xC1, 0xC0,
    0x0C, 0x20, 0xC6, 0x07, 0xC0, 0x78, 0x03, 0x00, 0x00, 0x73, 0xE7, 0x7E, 0x7C, 0xE7, 0x86, 0x70,
    0xE7, 0x0E, 0x70, 0xE6, 0x0E, 0x60, 0xEE, 0x0C, 0xE1, 0xCE, 0x1F, 0xE0, 0xE0, 0x00, 0x00, 0x00,
    0x0F, 0x1F, 0x83, 0x9F, 0xC1, 0xD8, 0xF0, 0xF8, 0x38, 0x78, 0x1C, 0x38, 0x0E, 0x1C, 0x06, 0x0E,
    0x07, 0x0E, 0x03, 0x87, 0x01, 0xC3, 0x80, 0xE1, 0xC0, 0x70, 0xE0, 0x38, 0x70, 0x18, 0x38, 0x1C,
    0x3C, 0x0E, 0x3F, 0x07, 0x00, 0x03, 0x80, 0x01, 0x80, 0x01, 0xC0, 0x01, 0xC0, 0x03, 0xC0, 0x01,
    0x80, 0x73, 0xEF, 0x7E, 0x7C, 0xE7, 0x86, 0x70, 0x67, 0x0E, 0x70, 0xE6, 0x0E, 0x60, 0xEE, 0x0E,
    0xE0, 0xEE, 0x0E, 0xE0, 0xC0, 0x1C, 0x01, 0xC0, 0x1C, 0x03, 0x81, 0xF0, 0x1E, 0x00, 0x03, 0xF0,
    0x0F, 0xE0, 0x00, 0x00, 0x04, 0x00, 0x7F, 0x03, 0xCF, 0x0E, 0x07, 0x1C, 0x0E, 0x70, 0x1C, 0xE0,
    0x39, 0xC0, 0x7F, 0x00, 0xFE, 0x01, 0xDC, 0x03, 0xB8, 0x07, 0x70, 0x0E, 0xE0, 0x18, 0xE0, 0x71,
    0xC1, 0xC1, 0xC7, 0x01, 0xFC, 0x00, 0x00, 0x00, 0x07, 0xE0, 0x3F, 0x00, 0x00, 0x00, 0x00, 0x7C,
    0x0F, 0x70, 0xE1, 0xC7, 0x0E, 0x70, 0x73, 0x83, 0x9C, 0x1C, 0xE0, 0xE7, 0x07, 0x38, 0x31, 0xC3,
    0x87, 0x38, 0x3F, 0x80, 0x00, 0x00, 0x02, 0x10, 0x0C, 0x30, 0x1C, 0xC0, 0x1F, 0x80, 0x1C, 0x00,
    0x10, 0x01, 0xFC, 0x0F, 0x3C, 0x38, 0x1C, 0x70, 0x39, 0xC0, 0x73, 0x80, 0xE7, 0x01, 0xFC, 0x03,
    0xF8, 0x07, 0x70, 0x0E, 0xE0, 0x1D, 0xC0, 0x3B, 0x80, 0x63, 0x81, 0xC7, 0x07, 0x07, 0x1C, 0x07,
    0xF0, 0x00, 0x00, 0x04, 0x30, 0x61, 0x81, 0xF8, 0x0F, 0xC0, 0x10, 0x00, 0x00, 0x1F, 0x03, 0xDC,
    0x38, 0x71, 0xC3, 0x9C, 0x1C, 0xE0, 0xE7, 0x07, 0x38, 0x39, 0xC1, 0xCE, 0x0C, 0x70, 0xE1, 0xCE,
    0x0F, 0xE0, 0x00, 0x00, 0x00, 0x84, 0x01, 0xCE, 0x03, 0x9C, 0x07, 0x38, 0x06, 0x30, 0x00, 0x80,
    0x07, 0xF0, 0x1E, 0x78, 0x38, 0x1C, 0x38, 0x1C, 0x70, 0x1C, 0x70, 0x1C, 0x70, 0x1E, 0xE0, 0x1E,
    0xE0, 0x1C, 0xE0, 0x1C, 0xE0, 0x1C, 0xE0, 0x1C, 0xE0, 0x18, 0x70, 0x38, 0x70, 0x70, 0x38, 0xE0,
    0x1F, 0xC0, 0x00, 0x00, 0x01, 0x88, 0x03, 0x38, 0x0E, 0x70, 0x39, 0xC0, 0xE7, 0x00, 0x88, 0x00,
    0x00, 0x03, 0xE0, 0x1E, 0xE0, 0x70, 0xE0, 0xE1, 0xC3, 0x83, 0x87, 0x07, 0x0E, 0x0E, 0x1C, 0x1C,
    0x38, 0x38, 0x70, 0x60, 0xE1, 0xC0, 0xE7, 0x01, 0xFC, 0x00, 0x00, 0x00, 0x00, 0x00, 0x00, 0x0F,
    0xE7, 0xFC, 0x78, 0xFC, 0x18, 0xC0, 0xF8, 0x33, 0x81, 0xF0, 0x6E, 0x03, 0xE0, 0x1C, 0x03, 0xC0,
    0x30, 0x07, 0x80, 0xE0, 0x0F, 0xF1, 0xC0, 0x1F, 0xE3, 0x80, 0x38, 0x07, 0x00, 0xF0, 0x0E, 0x01,
    0xE0, 0x1C, 0x03, 0xC0, 0x1C, 0x0F, 0x81, 0xB8, 0x1F, 0x03, 0x38, 0xEF, 0xFE, 0x3F, 0x9F, 0xF8,
    0x00, 0x00, 0x00, 0x00, 0x00, 0x00, 0x7C, 0x7C, 0x1F, 0xEE, 0xE3, 0x87, 0x86, 0x38, 0x78, 0x67,
    0x07, 0x0E, 0x70, 0x71, 0xC7, 0x07, 0xF8, 0x70, 0x7E, 0x07, 0x07, 0x00, 0x70, 0xF0, 0x07, 0x0F,
    0x06, 0x39, 0xFF, 0xC1, 0xF9, 0xF8, 0x00, 0x00, 0x00, 0x00, 0x20, 0x00, 0xE0, 0x03, 0xC0, 0x0E,
    0x00, 0x08, 0x00, 0x00, 0x0F, 0xFE, 0x0E, 0x1E, 0x1C, 0x1C, 0x38, 0x38, 0x70, 0x70, 0xE0, 0xE1,
    0xC1, 0xC3, 0x07, 0x0F, 0xFC, 0x1F, 0xE0, 0x38, 0xE0, 0x70, 0xC0, 0xE1, 0xC1, 0xC3, 0x83, 0x83,
    0x8F, 0x07, 0xBF, 0x07, 0x80, 0x01, 0x00, 0x60, 0x38, 0x1C, 0x0E, 0x02, 0x00, 0x01, 0xCE, 0x77,
    0x9F, 0xC7, 0x81, 0xC0, 0x70, 0x1C, 0x06, 0x01, 0x80, 0xE0, 0x38, 0x0E, 0x03, 0x80, 0x00, 0x00,
    0x7F, 0xF0, 0x70, 0xF0, 0xE0, 0xE1, 0xC1, 0xC3, 0x83, 0x87, 0x07, 0x0E, 0x0E, 0x18, 0x38, 0x7F,
    0xE0, 0xFF, 0x01, 0xC7, 0x03, 0x86, 0x07, 0x0E, 0x0E, 0x1C, 0x1C, 0x1C, 0x78, 0x3D, 0xF8, 0x3C,
    0x00, 0x00, 0x38, 0x00, 0x70, 0x00, 0x60, 0x01, 0xC0, 0x03, 0x00, 0x00, 0x00, 0x00, 0x0E, 0x73,
    0xBC, 0xFE, 0x3C, 0x0E, 0x03, 0x80, 0xE0, 0x30, 0x0C, 0x07, 0x01, 0xC0, 0x70, 0x1C, 0x00, 0x01,
    0x80, 0xE0, 0x18, 0x06, 0x03, 0x80, 0x00, 0x00, 0x02, 0x18, 0x06, 0x60, 0x07, 0x80, 0x0F, 0x00,
    0x00, 0x00, 0x00, 0x0F, 0xFE, 0x0E, 0x1E, 0x1C, 0x1C, 0x38, 0x38, 0x70, 0x70, 0xE0, 0xE1, 0xC1,
    0xC3, 0x07, 0x0F, 0xFC, 0x1F, 0xE0, 0x38, 0xE0, 0x70, 0xC0, 0xE1, 0xC1, 0xC3, 0x83, 0x83, 0x8F,
    0x07, 0xBF, 0x07, 0x80, 0x21, 0x8C, 0xE1, 0xF0, 0x78, 0x0C, 0x00, 0x07, 0x39, 0xDE, 0x7F, 0x1E,
    0x07, 0x01, 0xC0, 0x70, 0x18, 0x06, 0x03, 0x80, 0xE0, 0x38, 0x0E, 0x00, 0x00, 0x60, 0x07, 0x00,
    0xE0, 0x1C, 0x01, 0x00, 0x00, 0x0F, 0xF1, 0xC7, 0x38, 0x33, 0x83, 0x38, 0x03, 0x80, 0x3C, 0x01,
    0xF0, 0x0F, 0x80, 0x3C, 0x01, 0xE0, 0x0E, 0x00, 0xEC, 0x0E, 0xE0, 0xEE, 0x1C, 0xFF, 0x80, 0x00,
    0x00, 0x00, 0x18, 0x07, 0x01, 0xC0, 0x70, 0x00, 0x00, 0x00, 0xFC, 0x3F, 0x8E, 0x01, 0xC0, 0x3C,
    0x03, 0xC0, 0x7C, 0x03, 0xC0, 0x38, 0x03, 0x00, 0x63, 0xBC, 0x7F, 0x00, 0x00, 0x01, 0xC0, 0x3C,
    0x07, 0xE0, 0xC7, 0x08, 0x00, 0x00, 0x0F, 0xF1, 0xC7, 0x38, 0x33, 0x83, 0x38, 0x03, 0x80, 0x3C,
    0x01, 0xF0, 0x0F, 0x80, 0x3C, 0x01, 0xE0, 0x0E, 0x00, 0xEC, 0x0E, 0xE0, 0xEE, 0x1C, 0xFF, 0x80,
    0x00, 0x07, 0x03, 0xC0, 0xD8, 0x66, 0x10, 0x80, 0x01, 0xF8, 0xFE, 0x70, 0x1C, 0x07, 0x80, 0xF0,
    0x3E, 0x03, 0xC0, 0x70, 0x0C, 0x03, 0x3B, 0xCF, 0xE0, 0x00, 0x00, 0x00, 0xFF, 0x1C, 0x73, 0x83,
    0x38, 0x33, 0x80, 0x38, 0x03, 0xC0, 0x1F, 0x00, 0xF8, 0x03, 0xC0, 0x1E, 0x00, 0xE0, 0x0E, 0xC0,
    0xEE, 0x0E, 0xE1, 0xCF, 0xF8, 0x0C, 0x00, 0x40, 0x0C, 0x03, 0xC0, 0x78, 0x03, 0x00, 0x00, 0x03,
    0xF1, 0xFC, 0xE0, 0x38, 0x0F, 0x01, 0xE0, 0x7C, 0x07, 0x80, 0xE0, 0x18, 0x06, 0x77, 0x9F, 0xC1,
    0x80, 0x20, 0x78, 0x1E, 0x06, 0x00, 0x04, 0x10, 0x33, 0x80, 0xF8, 0x07, 0x80, 0x00, 0x00, 0x00,
    0x3F, 0xC3, 0x8E, 0x38, 0x31, 0xC1, 0x8E, 0x00, 0x70, 0x03, 0xC0, 0x0F, 0x80, 0x3E, 0x00, 0x78,
    0x01, 0xE0, 0x07, 0x00, 0x39, 0x81, 0xCE, 0x0E, 0x70, 0xE3, 0xFE, 0x00, 0x00, 0x18, 0x43, 0x18,
    0x3E, 0x07, 0x80, 0x60, 0x00, 0x07, 0xE1, 0xFC, 0x70, 0x0E, 0x01, 0xE0, 0x1E, 0x03, 0xE0, 0x1E,
    0x01, 0xC0, 0x18, 0x03, 0x1D, 0xE3, 0xF8, 0x00, 0x00, 0x00, 0x00, 0xFF, 0xFD, 0x8E, 0x3B, 0x1C,
    0x6C, 0x38, 0xD8, 0x71, 0xB0, 0xE1, 0x01, 0x80, 0x07, 0x00, 0x0E, 0x00, 0x1C, 0x00, 0x38, 0x00,
    0x70, 0x00, 0xE0, 0x01, 0xC0, 0x07, 0x00, 0x0E, 0x00, 0x7F, 0x80, 0x18, 0x00, 0x30, 0x00, 0x60,
    0x07, 0xC0, 0x0F, 0x00, 0x08, 0x00, 0x0C, 0x1C, 0x18, 0x3F, 0x7F, 0x38, 0x38, 0x38, 0x38, 0x30,
    0x70, 0x70, 0x70, 0x70, 0x7E, 0x7C, 0x18, 0x18, 0xF8, 0xF0, 0x60, 0x06, 0x10, 0x0E, 0xE0, 0x0F,
    0x80, 0x0E, 0x00, 0x00, 0x00, 0x00, 0x1F, 0xFF, 0xB1, 0xC7, 0x63, 0x8D, 0x87, 0x1B, 0x0E, 0x36,
    0x1C, 0x20, 0x30, 0x00, 0xE0, 0x01, 0xC0, 0x03, 0x80, 0x07, 0x00, 0x0E, 0x00, 0x1C, 0x00, 0x38,
    0x00, 0xE0, 0x01, 0xC0, 0x0F, 0xF0, 0x00, 0x03, 0x01, 0x80, 0xC0, 0x61, 0xB1, 0xD0, 0xC0, 0xFC,
    0xFE, 0x38, 0x1C, 0x0E, 0x07, 0x03, 0x03, 0x81, 0xC0, 0xE0, 0x70, 0x3F, 0x1F, 0x00, 0x00, 0x00,
    0x00, 0xFF, 0xFD, 0x8E, 0x3B, 0x1C, 0x6C, 0x38, 0xD8, 0x71, 0xB0, 0xE1, 0x01, 0x80, 0x07, 0x00,
    0x7F, 0xE0, 0xFF, 0x80, 0x38, 0x00, 0x70, 0x00, 0xE0, 0x01, 0xC0, 0x07, 0x00, 0x0E, 0x00, 0x7F,
    0x80, 0x18, 0x70, 0xC3, 0xFF, 0xEE, 0x1C, 0x38, 0x71, 0xFB, 0x87, 0x0E, 0x1C, 0x3F, 0x7C, 0x00,
    0x03, 0x88, 0x07, 0xF8, 0x06, 0x70, 0x00, 0x00, 0x00, 0x00, 0xFE, 0x1F, 0x38, 0x0C, 0x38, 0x0C,
    0x30, 0x0C, 0x70, 0x0C, 0x70, 0x0C, 0x70, 0x0C, 0x70, 0x1C, 0x70, 0x18, 0x70, 0x18, 0x70, 0x18,
    0x60, 0x18, 0x60, 0x18, 0x70, 0x30, 0x70, 0x30, 0x38, 0xE0, 0x1F, 0xC0, 0x00, 0x00, 0x0C, 0x01,
    0xF6, 0x1B, 0xC0, 0x18, 0x00, 0x0F, 0x06, 0xF0, 0xE7, 0x0E, 0x70, 0xE7, 0x0E, 0x60, 0xE6, 0x0C,
    0xE0, 0xCE, 0x1C, 0xE1, 0xCE, 0x3C, 0xFF, 0xF7, 0xDE, 0x00, 0x00, 0x03, 0xF0, 0x03, 0xF0, 0x00,
    0x00, 0x00, 0x00, 0xFE, 0x1F, 0x38, 0x0C, 0x38, 0x0C, 0x30, 0x0C, 0x70, 0x0C, 0x70, 0x0C, 0x70,
    0x0C, 0x70, 0x1C, 0x70, 0x18, 0x70, 0x18, 0x70, 0x18, 0x60, 0x18, 0x60, 0x18, 0x70, 0x30, 0x70,
    0x30, 0x38, 0xE0, 0x1F, 0xC0, 0x00, 0x00, 0x0F, 0xC0, 0xFC, 0x00, 0x00, 0x00, 0xF0, 0x6F, 0x0E,
    0x70, 0xE7, 0x0E, 0x70, 0xE6, 0x0E, 0x60, 0xCE, 0x0C, 0xE1, 0xCE, 0x1C, 0xE3, 0xCF, 0xFF, 0x7D,
    0xE0, 0x00, 0x02, 0x10, 0x06, 0x18, 0x03, 0x30, 0x03, 0xF0, 0x01, 0xE0, 0x00, 0x00, 0xFE, 0x1F,
    0x38, 0x0C, 0x38, 0x0C, 0x30, 0x0C, 0x70, 0x0C, 0x70, 0x0C, 0x70, 0x0C, 0x70, 0x1C, 0x70, 0x18,
    0x70, 0x18, 0x70, 0x18, 0x60, 0x18, 0x60, 0x18, 0x70, 0x30, 0x70, 0x30, 0x38, 0xE0, 0x1F, 0xC0,
    0x00, 0x00, 0x18, 0x61, 0x86, 0x0F, 0xC0, 0xF8, 0x02, 0x00, 0x00, 0xF0, 0x6F, 0x0E, 0x70, 0xE7,
    0x0E, 0x70, 0xE6, 0x0E, 0x60, 0xCE, 0x0C, 0xE1, 0xCE, 0x1C, 0xE3, 0xCF, 0xFF, 0x7D, 0xE0, 0x00,
    0x00, 0x00, 0x01, 0xF0, 0x03, 0xB8, 0x03, 0x18, 0x03, 0x18, 0x03, 0xF0, 0x01, 0xE0, 0x00, 0x00,
    0xFE, 0x1F, 0x38, 0x0C, 0x38, 0x0C, 0x30, 0x0C, 0x70, 0x0C, 0x70, 0x0C, 0x70, 0x0C, 0x70, 0x1C,
    0x70, 0x18, 0x70, 0x18, 0x70, 0x18, 0x60, 0x18, 0x60, 0x18, 0x70, 0x30, 0x70, 0x30, 0x38, 0xE0,
    0x1F, 0xC0, 0x00, 0x00, 0x00, 0x00, 0x7C, 0x0C, 0xC0, 0xCC, 0x0C, 0xC0, 0xF8, 0x02, 0x00, 0x00,
    0xF0, 0x6F, 0x0E, 0x70, 0xE7, 0x0E, 0x70, 0xE6, 0x0E, 0x60, 0xCE, 0x0C, 0xE1, 0xCE, 0x1C, 0xE3,
    0xCF, 0xFF, 0x7D, 0xE0, 0x00, 0x00, 0x84, 0x01, 0xCE, 0x03, 0x9C, 0x07, 0x38, 0x02, 0x10, 0x00,
    0x00, 0xFE, 0x1F, 0x38, 0x0C, 0x38, 0x0C, 0x30, 0x0C, 0x70, 0x0C, 0x70, 0x0C, 0x70, 0x0C, 0x70,
    0x1C, 0x70, 0x18, 0x70, 0x18, 0x70, 0x18, 0x60, 0x18, 0x60, 0x18, 0x70, 0x30, 0x70, 0x30, 0x38,
    0xE0, 0x1F, 0xC0, 0x00, 0x00, 0x02, 0x10, 0x39, 0xC1, 0xDC, 0x1C, 0xE1, 0xCC, 0x04, 0x40, 0x00,
    0x1E, 0x0C, 0xF0, 0xE3, 0x87, 0x1C, 0x38, 0xE1, 0xC6, 0x0E, 0x30, 0x63, 0x83, 0x1C, 0x38, 0xE1,
    0xC7, 0x1E, 0x3F, 0xFC, 0xFB, 0xC0, 0x00, 0x00, 0x00, 0x00, 0xFE, 0x1F, 0x38, 0x0C, 0x38, 0x0C,
    0x30, 0x0C, 0x70, 0x0C, 0x70, 0x0C, 0x70, 0x0C, 0x70, 0x1C, 0x70, 0x18, 0x70, 0x18, 0x70, 0x18,
    0x60, 0x18, 0x60, 0x18, 0x70, 0x30, 0x70, 0x30, 0x38, 0xE0, 0x1F, 0xC0, 0x03, 0x80, 0x03, 0x00,
    0x06, 0x00, 0x07, 0xC0, 0x03, 0x80, 0xF0, 0x6F, 0x0E, 0x70, 0xE7, 0x0E, 0x70, 0xE6, 0x0E, 0x60,
    0xCE, 0x0C, 0xE1, 0xCE, 0x1C, 0xE3, 0xCF, 0xFF, 0x7D, 0xE0, 0x0C, 0x01, 0x80, 0x38, 0x03, 0xE0,
    0x1C, 0x00, 0x0C, 0x00, 0x00, 0x1E, 0x00, 0x00, 0x37, 0x00, 0x00, 0x63, 0x00, 0x00, 0x41, 0x00,
    0x00, 0x00, 0x00, 0xFE, 0x7E, 0x3E, 0x38, 0x38, 0x1C, 0x38, 0x38, 0x18, 0x38, 0x38, 0x18, 0x38,
    0x3C, 0x30, 0x38, 0x7C, 0x30, 0x18, 0x7C, 0x70, 0x18, 0x7C, 0x60, 0x1C, 0xDC, 0x60, 0x1C, 0xDC,
    0xC0, 0x1C, 0x9C, 0xC0, 0x1D, 0x8D, 0x80, 0x1D, 0x8D, 0x80, 0x0F, 0x0F, 0x80, 0x0F, 0x0F, 0x00,
    0x0F, 0x0F, 0x00, 0x0E, 0x0E, 0x00, 0x00, 0x00, 0x00, 0x00, 0x30, 0x00, 0x0F, 0x00, 0x03, 0xE0,
    0x00, 0xE6, 0x00, 0x10, 0x40, 0x00, 0x00, 0x3C, 0x1C, 0x37, 0x83, 0x87, 0x70, 0xF0, 0xE6, 0x1E,
    0x18, 0xE7, 0xC3, 0x1C, 0xD8, 0xE3, 0x9B, 0x18, 0x76, 0x73, 0x0E, 0xCE, 0xC0, 0xF1, 0xD8, 0x1E,
    0x3E, 0x03, 0xC7, 0x80, 0x70, 0x60, 0x00, 0x00, 0x00, 0x00, 0xC0, 0x03, 0xE0, 0x07, 0x60, 0x0E,
    0x30, 0x00, 0x10, 0x00, 0x00, 0x7E, 0x3E, 0x38, 0x1C, 0x38, 0x18, 0x1C, 0x38, 0x1C, 0x30, 0x0E,
    0x60, 0x0E, 0x60, 0x0E, 0xC0, 0x07, 0xC0, 0x07, 0x80, 0x03, 0x00, 0x07, 0x00, 0x07, 0x00, 0x07,
    0x00, 0x07, 0x00, 0x07, 0x00, 0x3F, 0xC0, 0x00, 0xC0, 0x0F, 0x00, 0xD8, 0x0C, 0x60, 0x43, 0x00,
    0x00, 0xE0, 0xEF, 0x87, 0x1C, 0x38, 0xE0, 0xC7, 0x0E, 0x38, 0x60, 0xC3, 0x07, 0x38, 0x39, 0x81,
    0xCC, 0x0E, 0xC0, 0x3E, 0x01, 0xE0, 0x0E, 0x00, 0x30, 0x03, 0x00, 0x30, 0x1F, 0x80, 0xF0, 0x00,
    0x03, 0x30, 0x07, 0x70, 0x07, 0x70, 0x00, 0x00, 0x00, 0x00, 0x7E, 0x3E, 0x38, 0x1C, 0x38, 0x18,
    0x1C, 0x38, 0x1C, 0x30, 0x0E, 0x60, 0x0E, 0x60, 0x0E, 0xC0, 0x07, 0xC0, 0x07, 0x80, 0x03, 0x00,
    0x07, 0x00, 0x07, 0x00, 0x07, 0x00, 0x07, 0x00, 0x07, 0x00, 0x3F, 0xC0, 0x00, 0x10, 0x00, 0x70,
    0x01, 0xC0, 0x07, 0x00, 0x0C, 0x00, 0x00, 0x07, 0xFF, 0x8E, 0x0F, 0x18, 0x1C, 0x30, 0x70, 0x01,
    0xC0, 0x07, 0x80, 0x0E, 0x00, 0x38, 0x00, 0xF0, 0x03, 0xC0, 0x07, 0x00, 0x1C, 0x00, 0x78, 0x31,
    0xE0, 0x63, 0x81, 0xCE, 0x3F, 0x1F, 0xFE, 0x00, 0x00, 0x00, 0x01, 0xC0, 0x1C, 0x01, 0xC0, 0x0C,
    0x00, 0x40, 0x00, 0x03, 0xFF, 0x1F, 0xF0, 0xC3, 0x04, 0x38, 0x03, 0x80, 0x18, 0x01, 0x80, 0x18,
    0x01, 0xC0, 0x1C, 0x31, 0xC1, 0x8F, 0xF8, 0xFF, 0xC0, 0x00, 0x00, 0x00, 0x60, 0x01, 0xC0, 0x03,
    0x80, 0x00, 0x00, 0x00, 0x03, 0xFF, 0xC7, 0x07, 0x8C, 0x0E, 0x18, 0x38, 0x00, 0xE0, 0x03, 0xC0,
    0x07, 0x00, 0x1C, 0x00, 0x78, 0x01, 0xE0, 0x03, 0x80, 0x0E, 0x00, 0x3C, 0x18, 0xF0, 0x31, 0xC0,
    0xE7, 0x1F, 0x8F, 0xFF, 0x00, 0x00, 0xC0, 0x0E, 0x00, 0x70, 0x01, 0x00, 0x00, 0x0F, 0xFC, 0x7F,
    0xC3, 0x0C, 0x10, 0xE0, 0x0E, 0x00, 0x60, 0x06, 0x00, 0x60, 0x07, 0x00, 0x70, 0xC7, 0x06, 0x3F,
    0xE3, 0xFF, 0x00, 0x00, 0x01, 0x08, 0x03, 0x30, 0x07, 0xC0, 0x07, 0x00, 0x00, 0x00, 0x00, 0x07,
    0xFF, 0x8E, 0x0F, 0x18, 0x1C, 0x30, 0x70, 0x01, 0xC0, 0x07, 0x80, 0x0E, 0x00, 0x38, 0x00, 0xF0,
    0x03, 0xC0, 0x07, 0x00, 0x1C, 0x00, 0x78, 0x31, 0xE0, 0x63, 0x81, 0xCE, 0x3F, 0x1F, 0xFE, 0x00,
    0x06, 0x18, 0x19, 0x80, 0xF8, 0x03, 0x80, 0x1C, 0x00, 0x00, 0x7F, 0xE3, 0xFE, 0x18, 0x60, 0x87,
    0x00, 0x70, 0x03, 0x00, 0x30, 0x03, 0x00, 0x38, 0x03, 0x86, 0x38, 0x31, 0xFF, 0x1F, 0xF8, 0x00,
    0x00, 0x00, 0x78, 0x07, 0xC0, 0x70, 0x03, 0x00, 0x38, 0x01, 0xC0, 0x0E, 0x00, 0x70, 0x03, 0x00,
    0x18, 0x01, 0xC0, 0x0E, 0x00, 0x70, 0x03, 0x80, 0x1C, 0x00, 0xE0, 0x06, 0x00, 0x70, 0x03, 0x80,
    0x1C, 0x00, 0xE0, 0x06, 0x00, 0x30, 0x0F, 0x00, 0xF0, 0x00, 0x00, 0x0C, 0x00, 0x1C, 0x02, 0x70,
    0x3F, 0xC1, 0xE7, 0x87, 0x03, 0x8E, 0x07, 0x38, 0x0E, 0x70, 0x1C, 0xE0, 0x3F, 0x80, 0x7F, 0x00,
    0xEE, 0x01, 0xDC, 0x03, 0xB8, 0x07, 0x70, 0x0C, 0x70, 0x38, 0xE0, 0xE0, 0xE3, 0x80, 0xFE, 0x00,
    0x00, 0x00, 0x00, 0x06, 0x00, 0x1C, 0x00, 0x30, 0x3F, 0xE1, 0xEF, 0x07, 0x0E, 0x0E, 0x1C, 0x38,
    0x38, 0x70, 0x70, 0xE0, 0xE1, 0xC1, 0xC3, 0x83, 0x87, 0x06, 0x0E, 0x1C, 0x0E, 0x70, 0x1F, 0xC0,
    0x00, 0x00, 0x00, 0x00, 0xC0, 0x00, 0x70, 0x00, 0x1F, 0xF8, 0x7E, 0x38, 0x0C, 0x0E, 0x03, 0x03,
    0x00, 0xC1, 0xC0, 0x30, 0x70, 0x0C, 0x1C, 0x03, 0x07, 0x01, 0xC1, 0xC0, 0x60, 0x70, 0x18, 0x1C,
    0x06, 0x06, 0x01, 0x81, 0x80, 0x60, 0x70, 0x30, 0x1C, 0x0C, 0x03, 0x8E, 0x00, 0x7F, 0x00, 0x00,
    0x00, 0x00, 0x00, 0x02, 0x00, 0x06, 0x00, 0x0E, 0x00, 0x1C, 0xF0, 0x78, 0xF0, 0xE0, 0x70, 0xE0,
    0x70, 0xE0, 0x70, 0xE0, 0x60, 0xE0, 0x60, 0xC0, 0xE0, 0xC0, 0xE1, 0xC0, 0xE1, 0xC0, 0xE3, 0xC0,
    0xFF, 0xF0, 0x7D, 0xE0, 0x00, 0x00, 0x00, 0x00, 0x01, 0x08, 0x00, 0x00, 0x03, 0x30, 0x00, 0x00,
    0x07, 0xC0, 0x00, 0x00, 0x07, 0x00, 0x00, 0x00, 0x00, 0x00, 0x00, 0x00, 0x00, 0x07, 0xFF, 0x07,
    0xFF, 0x87, 0x0F, 0x0E, 0x0F, 0x0E, 0x07, 0x18, 0x1C, 0x1C, 0x0E, 0x30, 0x70, 0x38, 0x0E, 0x01,
    0xC0, 0x70, 0x1C, 0x07, 0x80, 0xE0, 0x38, 0x0E, 0x01, 0xC0, 0x70, 0x38, 0x07, 0x00, 0xE0, 0xF0,
    0x0E, 0x01, 0xC3, 0xC0, 0x1C, 0x07, 0x07, 0x00, 0x38, 0x0E, 0x1C, 0x00, 0x70, 0x1C, 0x78, 0x30,
    0xE0, 0x71, 0xE0, 0x61, 0xC1, 0xC3, 0x81, 0xC7, 0x8F, 0x0E, 0x3F, 0x1F, 0xFC, 0x1F, 0xFE, 0x00,
    0x00, 0x00, 0x00, 0x00, 0x00, 0x06, 0x10, 0x00, 0x00, 0x19, 0x87, 0xFF, 0x00, 0xF8, 0x1C, 0x3C,
    0x03, 0x80, 0xE0, 0x70, 0x1C, 0x07, 0x03, 0x80, 0x00, 0x38, 0x0E, 0x7F, 0xE1, 0xC0, 0x73, 0xFE,
    0x0E, 0x03, 0x98, 0x60, 0x70, 0x1C, 0x87, 0x07, 0x00, 0xE0, 0x70, 0x38, 0x07, 0x03, 0x01, 0xC0,
    0x70, 0x30, 0x0E, 0x03, 0x83, 0x00, 0x70, 0x1C, 0x38, 0x03, 0x81, 0xC3, 0x86, 0x1C, 0x1C, 0x38,
    0x31, 0xE3, 0xC1, 0xFF, 0x1F, 0xFC, 0x1F, 0xF8, 0x00, 0x00, 0x00, 0x00, 0x00, 0x78, 0x21, 0x80,
    0x1E, 0x0C, 0xE0, 0x03, 0x81, 0xF0, 0x00, 0xE0, 0x78, 0x00, 0x38, 0x0C, 0x00, 0x0E, 0x00, 0x00,
    0x7F, 0x0F, 0xF8, 0x3F, 0xC7, 0xFE, 0x1C, 0x71, 0x83, 0x0E, 0x1C, 0x61, 0x83, 0x07, 0x00, 0xC1,
    0xC1, 0xC0, 0x70, 0x70, 0x70, 0x38, 0x1C, 0x18, 0x1C, 0x07, 0x0E, 0x06, 0x01, 0xC3, 0x83, 0x04,
    0x70, 0xE1, 0x83, 0x1F, 0xFC, 0xFF, 0xC3, 0xEF, 0x7F, 0xF0, 0x00, 0x00, 0x00, 0x00, 0x00, 0x00,
    0xFC, 0x07, 0xF1, 0xC0, 0x07, 0x07, 0x00, 0x1C, 0x1C, 0x00, 0x60, 0x70, 0x03, 0x81, 0xC0, 0x0E,
    0x07, 0x00, 0x38, 0x1C, 0x00, 0xE0, 0xE0, 0x03, 0x83, 0x80, 0x0E, 0x0E, 0x00, 0x38, 0x38, 0x18,
    0xC0, 0xE0, 0x67, 0x03, 0x83, 0x9C, 0x0E, 0x0C, 0x70, 0x79, 0xF1, 0xC3, 0xFF, 0xC7, 0x00, 0x00,
    0x38, 0x00, 0x01, 0xC0, 0x00, 0x0E, 0x00, 0x00, 0x70, 0x00, 0x00, 0x00, 0x63, 0xF0, 0x07, 0x1C,
    0x00, 0x71, 0xC0, 0x06, 0x1C, 0x00, 0x01, 0xC0, 0x1E, 0x1C, 0x01, 0xE1, 0xC0, 0x0E, 0x1C, 0x00,
    0xE3, 0x80, 0x0C, 0x38, 0x00, 0xC3, 0x80, 0x1C, 0x38, 0x19, 0xC3, 0x81, 0x9C, 0x38, 0x39, 0xC3,
    0x83, 0x1C, 0x79, 0xF1, 0xCF, 0xFF, 0x18, 0x00, 0x03, 0x80, 0x00, 0x38, 0x00, 0x03, 0x80, 0x00,
    0x30, 0x00, 0x1F, 0x00, 0x03, 0xC0, 0x38, 0x07, 0x86, 0x38, 0x73, 0x87, 0x38, 0x63, 0x00, 0x31,
    0xE7, 0x1E, 0x70, 0xE7, 0x0E, 0x70, 0xE7, 0x0C, 0x61, 0xC6, 0x1C, 0xE1, 0xCE, 0x1C, 0xE1, 0xCF,
    0x1C, 0xF1, 0xC0, 0x18, 0x03, 0x80, 0x38, 0x03, 0x01, 0xF0, 0x1C, 0x00, 0x00, 0x00, 0x00, 0x1F,
    0x07, 0xEF, 0xC7, 0x80, 0xC3, 0x83, 0xE0, 0x61, 0xC1, 0xF0, 0x30, 0xE0, 0xDC, 0x18, 0x70, 0x6E,
    0x18, 0x38, 0x37, 0x0C, 0x1C, 0x19, 0xC6, 0x0C, 0x1C, 0xE3, 0x0E, 0x0C, 0x39, 0x87, 0x06, 0x1C,
    0xC3, 0x83, 0x07, 0x61, 0xC1, 0x83, 0xB0, 0xE0, 0xC1, 0xF0, 0x70, 0x60, 0x78, 0x38, 0x70, 0x3C,
    0x38, 0x7E, 0x0E, 0x1C, 0x00, 0x00, 0x0E, 0x00, 0x00, 0x0E, 0x00, 0x00, 0x1E, 0x00, 0x00, 0x0C,
    0x00, 0x00, 0x00, 0x06, 0x3E, 0x0F, 0xCE, 0x1E, 0x03, 0x0E, 0x1F, 0x03, 0x04, 0x1F, 0x03, 0x00,
    0x1B, 0x83, 0x3C, 0x1B, 0x86, 0x3C, 0x1B, 0x86, 0x1C, 0x19, 0xC6, 0x1C, 0x39, 0xC6, 0x1C, 0x30,
    0xE6, 0x1C, 0x30, 0xE6, 0x1C, 0x30, 0x76, 0x1C, 0x30, 0x76, 0x18, 0x30, 0x7C, 0x18, 0x30, 0x3C,
    0x38, 0x70, 0x3C, 0x38, 0xFC, 0x1C, 0x38, 0x00, 0x00, 0x38, 0x00, 0x00, 0x38, 0x00, 0x00, 0x70,
    0x00, 0x00, 0x70, 0x00, 0x03, 0xE0, 0x00, 0x03, 0xC0, 0x00, 0x00, 0x60, 0x00, 0x0E, 0x00, 0x00,
    0xE0, 0x00, 0x04, 0x00, 0x00, 0x07, 0x3E, 0x3C, 0x77, 0xE3, 0xC7, 0xCE, 0x1C, 0x78, 0x61, 0xC7,
    0x0E, 0x1C, 0x70, 0xE1, 0xC7, 0x0E, 0x1C, 0x60, 0xE1, 0xC6, 0x0E, 0x1C, 0xE0, 0xC1, 0x8E, 0x1C,
    0x38, 0xE1, 0xF3, 0x8E, 0x0E, 0x38, 0x00, 0x03, 0x80, 0x00, 0x38, 0x00, 0x03, 0x00, 0x00, 0x70,
    0x00, 0x3E, 0x00, 0x03, 0xC0, 0x00, 0x42, 0x00, 0x19, 0x80, 0x07, 0xC0, 0x00, 0xE0, 0x00, 0x00,
    0x00, 0x00, 0x00, 0x07, 0x80, 0x01, 0xE0, 0x00, 0xF8, 0x00, 0x3E, 0x00, 0x1D, 0x80, 0x06, 0x70,
    0x03, 0x9C, 0x00, 0xC7, 0x00, 0x71, 0xC0, 0x18, 0x70, 0x0F, 0xFE, 0x03, 0xFF, 0x80, 0xC0, 0xE0,
    0x60, 0x38, 0x18, 0x0E, 0x0E, 0x03, 0xCF, 0xC3, 0xF8, 0x06, 0x10, 0x19, 0x80, 0xF8, 0x03, 0x80,
    0x18, 0x00, 0x00, 0x1F, 0xC1, 0xFE, 0x1C, 0x71, 0xC3, 0x8C, 0x1C, 0xE0, 0xC7, 0x0E, 0x38, 0x71,
    0xC3, 0x8E, 0x1C, 0x71, 0xE3, 0xFF, 0x8F, 0xBC, 0x00, 0x00, 0x10, 0x86, 0x61, 0xF0, 0x38, 0x00,
    0x00, 0x03, 0xF0, 0x78, 0x1C, 0x07, 0x01, 0xC0, 0x70, 0x1C, 0x07, 0x01, 0xC0, 0xE0, 0x38, 0x0E,
    0x03, 0x80, 0xE0, 0x38, 0x0E, 0x0F, 0xC0, 0xC3, 0x66, 0x7C, 0x38, 0x38, 0x00, 0x78, 0xF0, 0x70,
    0x70, 0x70, 0x70, 0x70, 0x70, 0x60, 0xE0, 0xE0, 0xF8, 0xF0, 0x00, 0x02, 0x18, 0x06, 0x60, 0x07,
    0xC0, 0x0F, 0x00, 0x00, 0x00, 0x10, 0x01, 0xFC, 0x0F, 0x3C, 0x38, 0x1C, 0x70, 0x39, 0xC0, 0x73,
    0x80, 0xE7, 0x01, 0xFC, 0x03, 0xF8, 0x07, 0x70, 0x0E, 0xE0, 0x1D, 0xC0, 0x3B, 0x80, 0x63, 0x81,
    0xC7, 0x07, 0x07, 0x1C, 0x07, 0xF0, 0x00, 0x00, 0x04, 0x30, 0x33, 0x00, 0xF8, 0x07, 0x80, 0x18,
    0x00, 0x00, 0x1F, 0x03, 0xDC, 0x38, 0x71, 0xC3, 0x9C, 0x1C, 0xE0, 0xE7, 0x07, 0x38, 0x39, 0xC1,
    0xCE, 0x0C, 0x70, 0xE1, 0xCE, 0x0F, 0xE0, 0x00, 0x00, 0x02, 0x08, 0x03, 0x38, 0x01, 0xF0, 0x01,
    0xE0, 0x00, 0x00, 0x00, 0x00, 0xFE, 0x1F, 0x38, 0x0C, 0x38, 0x0C, 0x30, 0x0C, 0x70, 0x0C, 0x70,
    0x0C, 0x70, 0x0C, 0x70, 0x1C, 0x70, 0x18, 0x70, 0x18, 0x70, 0x18, 0x60, 0x18, 0x60, 0x18, 0x70,
    0x30, 0x70, 0x30, 0x38, 0xE0, 0x1F, 0xC0, 0x00, 0x00, 0x08, 0x60, 0xCC, 0x0F, 0x80, 0x78, 0x03,
    0x00, 0x00, 0xF0, 0x6F, 0x0E, 0x70, 0xE7, 0x0E, 0x70, 0xE6, 0x0E, 0x60, 0xCE, 0x0C, 0xE1, 0xCE,
    0x1C, 0xE3, 0xCF, 0xFF, 0x7D, 0xE0, 0x00, 0x03, 0xF8, 0x03, 0xF8, 0x03, 0x30, 0x07, 0xB8, 0x03,
    0x30, 0x00, 0x00, 0x00, 0x00, 0xFE, 0x1F, 0x38, 0x0C, 0x38, 0x0C, 0x30, 0x0C, 0x70, 0x0C, 0x70,
    0x0C, 0x70, 0x0C, 0x70, 0x1C, 0x70, 0x18, 0x70, 0x18, 0x70, 0x18, 0x60, 0x18, 0x60, 0x18, 0x70,
    0x30, 0x70, 0x30, 0x38, 0xE0, 0x1F, 0xC0, 0x00, 0x00, 0x0F, 0xC0, 0xFC, 0x00, 0x00, 0x8C, 0x1D,
    0xC1, 0xDC, 0x08, 0xC0, 0x00, 0xF0, 0x6F, 0x0E, 0x70, 0xE7, 0x0E, 0x70, 0xE6, 0x0E, 0x60, 0xCE,
    0x0C, 0xE1, 0xCE, 0x1C, 0xE3, 0xCF, 0xFF, 0x7D, 0xE0, 0x00, 0x00, 0x10, 0x00, 0x38, 0x00, 0x70,
    0x00, 0xE0, 0x03, 0xF0, 0x07, 0xB8, 0x03, 0x30, 0x00, 0x00, 0x00, 0x00, 0xFE, 0x1F, 0x38, 0x0C,
    0x38, 0x0C, 0x30, 0x0C, 0x70, 0x0C, 0x70, 0x0C, 0x70, 0x0C, 0x70, 0x1C, 0x70, 0x18, 0x70, 0x18,
    0x70, 0x18, 0x60, 0x18, 0x60, 0x18, 0x70, 0x30, 0x70, 0x30, 0x38, 0xE0, 0x1F, 0xC0, 0x00, 0x00,
    0x00, 0x00, 0x06, 0x00, 0xE0, 0x1C, 0x01, 0x80, 0x10, 0x08, 0xC1, 0xDC, 0x1D, 0xC0, 0x8C, 0x00,
    0x0F, 0x06, 0xF0, 0xE7, 0x0E, 0x70, 0xE7, 0x0E, 0x60, 0xE6, 0x0C, 0xE0, 0xCE, 0x1C, 0xE1, 0xCE,
    0x3C, 0xFF, 0xF7, 0xDE, 0x00, 0x00, 0x01, 0x08, 0x01, 0x98, 0x01, 0xF0, 0x00, 0xE0, 0x03, 0x30,
    0x07, 0xB8, 0x03, 0x30, 0x00, 0x00, 0x00, 0x00, 0xFE, 0x1F, 0x38, 0x0C, 0x38, 0x0C, 0x30, 0x0C,
    0x70, 0x0C, 0x70, 0x0C, 0x70, 0x0C, 0x70, 0x1C, 0x70, 0x18, 0x70, 0x18, 0x70, 0x18, 0x60, 0x18,
    0x60, 0x18, 0x70, 0x30, 0x70, 0x30, 0x38, 0xE0, 0x1F, 0xC0, 0x00, 0x00, 0x0C, 0x20, 0xC6, 0x07,
    0xC0, 0x78, 0x03, 0x00, 0x8C, 0x1D, 0xC1, 0xDC, 0x08, 0xC0, 0x00, 0xF0, 0x6F, 0x0E, 0x70, 0xE7,
    0x0E, 0x70, 0xE6, 0x0E, 0x60, 0xCE, 0x0C, 0xE1, 0xCE, 0x1C, 0xE3, 0xCF, 0xFF, 0x7D, 0xE0, 0x00,
    0x01, 0x00, 0x03, 0x80, 0x03, 0xC0, 0x00, 0xC0, 0x03, 0x70, 0x07, 0xB8, 0x03, 0x30, 0x00, 0x00,
    0x00, 0x00, 0xFE, 0x1F, 0x38, 0x0C, 0x38, 0x0C, 0x30, 0x0C, 0x70, 0x0C, 0x70, 0x0C, 0x70, 0x0C,
    0x70, 0x1C, 0x70, 0x18, 0x70, 0x18, 0x70, 0x18, 0x60, 0x18, 0x60, 0x18, 0x70, 0x30, 0x70, 0x30,
    0x38, 0xE0, 0x1F, 0xC0, 0x00, 0x00, 0x08, 0x01, 0xC0, 0x1C, 0x00, 0xE0, 0x07, 0x00, 0x10, 0x08,
    0xC1, 0xDC, 0x1D, 0xC0, 0x8C, 0x00, 0x0F, 0x06, 0xF0, 0xE7, 0x0E, 0x70, 0xE7, 0x0E, 0x60, 0xE6,
    0x0C, 0xE0, 0xCE, 0x1C, 0xE1, 0xCE, 0x3C, 0xFF, 0xF7, 0xDE, 0x00, 0x00, 0x1F, 0x87, 0xF9, 0x87,
    0x00, 0x70, 0x0E, 0x07, 0xC7, 0xF9, 0xC7, 0x70, 0xCC, 0x3B, 0x86, 0x39, 0x87, 0xE0, 0x30, 0x00,
    0x00, 0x7E, 0x00, 0x1F, 0x80, 0x04, 0x60, 0x03, 0xB8, 0x00, 0xEE, 0x00, 0x00, 0x00, 0x00, 0x00,
    0x01, 0xE0, 0x00, 0x78, 0x00, 0x3E, 0x00, 0x0F, 0x80, 0x07, 0x60, 0x01, 0x9C, 0x00, 0xE7, 0x00,
    0x31, 0xC0, 0x1C, 0x70, 0x06, 0x1C, 0x03, 0xFF, 0x80, 0xFF, 0xE0, 0x30, 0x38, 0x18, 0x0E, 0x06,
    0x03, 0x83, 0x80, 0xF3, 0xF0, 0xFE, 0x03, 0xF0, 0x1F, 0x80, 0x00, 0x04, 0x40, 0x77, 0x03, 0xB8,
    0x18, 0x80, 0x00, 0x07, 0xF0, 0x7F, 0x87, 0x1C, 0x70, 0xE3, 0x07, 0x38, 0x31, 0xC3, 0x8E, 0x1C,
    0x70, 0xE3, 0x87, 0x1C, 0x78, 0xFF, 0xE3, 0xEF, 0x00, 0x00, 0x00, 0x7E, 0x00, 0x1F, 0x80, 0x00,
    0x00, 0x00, 0x60, 0x00, 0x38, 0x00, 0x0E, 0x00, 0x00, 0x00, 0x00, 0x00, 0x00, 0x78, 0x00, 0x1E,
    0x00, 0x0F, 0x80, 0x03, 0xE0, 0x01, 0xD8, 0x00, 0x67, 0x00, 0x39, 0xC0, 0x0C, 0x70, 0x07, 0x1C,
    0x01, 0x87, 0x00, 0xFF, 0xE0, 0x3F, 0xF8, 0x0C, 0x0E, 0x06, 0x03, 0x81, 0x80, 0xE0, 0xE0, 0x3C,
    0xFC, 0x3F, 0x80, 0x03, 0xF0, 0x1F, 0x80, 0x00, 0x01, 0x80, 0x1C, 0x00, 0xE0, 0x02, 0x00, 0x00,
    0x07, 0xF0, 0x7F, 0x87, 0x1C, 0x70, 0xE3, 0x07, 0x38, 0x31, 0xC3, 0x8E, 0x1C, 0x70, 0xE3, 0x87,
    0x1C, 0x78, 0xFF, 0xE3, 0xEF, 0x00, 0x00, 0x00, 0x0F, 0xE0, 0x00, 0x1F, 0xC0, 0x00, 0x00, 0x00,
    0x00, 0x00, 0x00, 0x3F, 0xFF, 0xE0, 0x0E, 0xE1, 0xC0, 0x19, 0xC3, 0x80, 0x33, 0x82, 0x00, 0xCE,
    0x00, 0x03, 0x9C, 0x00, 0x06, 0x38, 0x00, 0x1C, 0x7F, 0x80, 0x30, 0xFF, 0x00, 0xE1, 0xC0, 0x01,
    0xFF, 0x80, 0x07, 0xFF, 0x00, 0x0C, 0x1C, 0x00, 0x38, 0x38, 0x0C, 0xE0, 0x70, 0x31, 0xC0, 0xEF,
    0xEF, 0xE7, 0xFF, 0xC0, 0x00, 0x7E, 0x00, 0x0F, 0xC0, 0x00, 0x00, 0x00, 0x00, 0x00, 0x7F, 0x7C,
    0x1F, 0xFB, 0x87, 0x1E, 0x39, 0xC3, 0x87, 0x30, 0x71, 0xCE, 0x0E, 0x79, 0xC1, 0xFC, 0x38, 0x7E,
    0x07, 0x0E, 0x00, 0xE1, 0xC0, 0x1C, 0x7C, 0x33, 0xFB, 0xFE, 0x3E, 0x3F, 0x00, 0x00, 0x00, 0x00,
    0x00, 0x0F, 0xF8, 0x78, 0x71, 0xC0, 0xE3, 0x01, 0x8E, 0x00, 0x18, 0x00, 0x70, 0x00, 0xE0, 0x01,
    0xC0, 0x03, 0x83, 0xE7, 0x01, 0xCE, 0x0F, 0xFC, 0x3F, 0xDC, 0x0E, 0x38, 0x1C, 0x3C, 0xF8, 0x3F,
    0xC0, 0x00, 0x00, 0x00, 0x00, 0x3F, 0x83, 0xFC, 0x38, 0xE3, 0x87, 0x18, 0x39, 0xC7, 0xEE, 0x3F,
    0x70, 0x63, 0x87, 0x1C, 0x38, 0xE1, 0xC7, 0xFE, 0x1F, 0x70, 0x03, 0x00, 0x38, 0x01, 0xC1, 0x0C,
    0x1F, 0xC0, 0xFC, 0x00, 0x02, 0x18, 0x0C, 0xE0, 0x1F, 0x00, 0x78, 0x00, 0x00, 0x00, 0x00, 0x7F,
    0xC7, 0x87, 0x38, 0x1C, 0xC0, 0x67, 0x00, 0x18, 0x00, 0xE0, 0x03, 0x80, 0x0E, 0x00, 0x38, 0x3E,
    0xE0, 0x3B, 0x80, 0xEE, 0x03, 0x9C, 0x0E, 0x70, 0x38, 0xF3, 0xE1, 0xFE, 0x00, 0x00, 0x06, 0x10,
    0x19, 0x80, 0xF8, 0x03, 0x80, 0x1C, 0x00, 0x00, 0x1F, 0xC1, 0xFE, 0x1C, 0x71, 0xC3, 0x8C, 0x1C,
    0xE0, 0xE7, 0x06, 0x38, 0x31, 0xC3, 0x8E, 0x1C, 0x70, 0xE3, 0xFF, 0x0F, 0xB8, 0x01, 0x80, 0x1C,
    0x00, 0xE0, 0x86, 0x0F, 0xE0, 0x7E, 0x00, 0x00, 0x86, 0x00, 0x33, 0x80, 0x07, 0xC0, 0x01, 0xE0,
    0x00, 0x00, 0x00, 0x00, 0x01, 0xF8, 0xF8, 0x38, 0x1C, 0x0E, 0x0E, 0x03, 0x87, 0x00, 0xE3, 0x80,
    0x39, 0xC0, 0x0E, 0xE0, 0x03, 0x30, 0x01, 0xFE, 0x00, 0x7F, 0x80, 0x1E, 0x70, 0x07, 0x1C, 0x01,
    0xC3, 0x80, 0x70, 0xE0, 0x1C, 0x1C, 0x0F, 0x07, 0x87, 0xE0, 0xF0, 0x43, 0x06, 0x70, 0x3E, 0x03,
    0xC0, 0x00, 0x03, 0x80, 0x78, 0x03, 0x80, 0x38, 0x03, 0x80, 0x30, 0x03, 0x0E, 0x70, 0xE7, 0x0E,
    0x71, 0xC7, 0x30, 0x7E, 0x07, 0xC0, 0x6E, 0x0E, 0xE0, 0xE7, 0x0E, 0x38, 0xE3, 0xEE, 0x1E, 0x00,
    0x00, 0x00, 0x80, 0x0F, 0xE0, 0x79, 0xE1, 0xC0, 0xE3, 0x81, 0xCE, 0x03, 0x9C, 0x07, 0x38, 0x0F,
    0xE0, 0x1F, 0xC0, 0x3B, 0x80, 0x77, 0x00, 0xEE, 0x01, 0xDC, 0x03, 0x1C, 0x0E, 0x38, 0x38, 0x38,
    0xE0, 0x3F, 0x80, 0x1C, 0x00, 0x30, 0x00, 0xE0, 0x01, 0xF0, 0x01, 0xC0, 0x00, 0x00, 0x00, 0x3E,
    0x07, 0xB8, 0x70, 0xE3, 0x87, 0x38, 0x39, 0xC1, 0xCE, 0x0E, 0x70, 0x73, 0x83, 0x9C, 0x18, 0xE1,
    0xC3, 0x9C, 0x1F, 0xC0, 0x18, 0x01, 0x80, 0x0C, 0x00, 0x78, 0x03, 0x80, 0x03, 0xF0, 0x0F, 0xE0,
    0x00, 0x00, 0x04, 0x00, 0x7F, 0x03, 0xCF, 0x0E, 0x07, 0x1C, 0x0E, 0x70, 0x1C, 0xE0, 0x39, 0xC0,
    0x7F, 0x00, 0xFE, 0x01, 0xDC, 0x03, 0xB8, 0x07, 0x70, 0x0E, 0xE0, 0x18, 0xE0, 0x71, 0xC1, 0xC1,
    0xC7, 0x01, 0xFC, 0x00, 0xE0, 0x01, 0x80, 0x07, 0x00, 0x0F, 0x80, 0x0E, 0x00, 0x07, 0xE0, 0x3F,
    0x00, 0x00, 0x00, 0x00, 0x7C, 0x0F, 0x70, 0xE1, 0xC7, 0x0E, 0x70, 0x73, 0x83, 0x9C, 0x1C, 0xE0,
    0xE7, 0x07, 0x38, 0x31, 0xC3, 0x87, 0x38, 0x3F, 0x80, 0x30, 0x03, 0x00, 0x18, 0x00, 0xF0, 0x07,
    0x00, 0x02, 0x18, 0x0C, 0xC0, 0x1E, 0x00, 0x70, 0x00, 0x00, 0x00, 0x01, 0xFF, 0xC6, 0x07, 0x38,
    0x38, 0xC1, 0xC0, 0x0E, 0x00, 0x38, 0x01, 0xC0, 0x0F, 0x00, 0x1F, 0x00, 0x1E, 0x00, 0x38, 0x00,
    0xE6, 0x03, 0x98, 0x1E, 0x60, 0x73, 0xC7, 0x87, 0xFC, 0x00, 0x00, 0x04, 0x30, 0x33, 0x00, 0xF8,
    0x07, 0x80, 0x18, 0x00, 0x00, 0x7F, 0xC7, 0xFE, 0x30, 0x61, 0x86, 0x00, 0x70, 0x07, 0x00, 0x30,
    0x03, 0x80, 0x1F, 0x00, 0x1C, 0x00, 0xE0, 0x07, 0x00, 0x38, 0x01, 0xC0, 0x0E, 0x00, 0xE0, 0x0E,
    0x0F, 0xE0, 0x7C, 0x00, 0x04, 0x30, 0x66, 0x03, 0xE0, 0x3C, 0x01, 0x80, 0x00, 0x07, 0x80, 0x78,
    0x03, 0x00, 0x70, 0x07, 0x00, 0x70, 0x07, 0x00, 0x70, 0x07, 0x00, 0x70, 0x06, 0x00, 0x60, 0x0E,
    0x00, 0xE0, 0x0E, 0x00, 0xE0, 0x1C, 0x0F, 0x80, 0xF0, 0x00, 0x00, 0x00, 0x00, 0x00, 0x3F, 0xF8,
    0x3F, 0xFC, 0x38, 0x78, 0x70, 0x78, 0x70, 0x38, 0xC0, 0xE0, 0xE0, 0x71, 0x83, 0x81, 0xC0, 0x70,
    0x0E, 0x03, 0x80, 0xE0, 0x3C, 0x07, 0x01, 0xC0, 0x70, 0x0E, 0x03, 0x81, 0xC0, 0x38, 0x07, 0x07,
    0x80, 0x70, 0x0E, 0x1E, 0x00, 0xE0, 0x38, 0x38, 0x01, 0xC0, 0x70, 0xE0, 0x03, 0x80, 0xE3, 0xC1,
    0x87, 0x03, 0x8F, 0x03, 0x0E, 0x0E, 0x1C, 0x0E, 0x3C, 0x78, 0x71, 0xF8, 0xFF, 0xE0, 0xFF, 0xF0,
    0x00, 0x00, 0x00, 0x00, 0x00, 0x00, 0x00, 0x00, 0xFF, 0xE0, 0x00, 0x03, 0x87, 0x80, 0x00, 0x1C,
    0x0E, 0x00, 0x00, 0xE0, 0x70, 0x00, 0x07, 0x01, 0xCF, 0xFC, 0x38, 0x0E, 0x7F, 0xC1, 0xC0, 0x73,
    0x0E, 0x0E, 0x03, 0x90, 0xE0, 0xE0, 0x1C, 0x06, 0x07, 0x00, 0xE0, 0x60, 0x38, 0x0E, 0x06, 0x01,
    0xC0, 0x70, 0x60, 0x0E, 0x03, 0x87, 0x00, 0x70, 0x38, 0x70, 0xC3, 0x83, 0x83, 0x06, 0x3C, 0x78,
    0x3F, 0xE3, 0xFF, 0x83, 0xFF, 0x00, 0x00, 0x00, 0x00, 0x00, 0x78, 0x00, 0x00, 0x1E, 0x00, 0x00,
    0x03, 0x80, 0x00, 0x00, 0xE0, 0x00, 0x00, 0x38, 0x00, 0x00, 0x0E, 0x00, 0x00, 0x7F, 0x0F, 0xF8,
    0x3F, 0xC7, 0xFE, 0x1C, 0x71, 0x83, 0x0E, 0x1C, 0x61, 0x83, 0x07, 0x00, 0xC1, 0xC1, 0xC0, 0x70,
    0x70, 0x70, 0x38, 0x1C, 0x18, 0x1C, 0x07, 0x0E, 0x06, 0x01, 0xC3, 0x83, 0x04, 0x70, 0xE1, 0x83,
    0x1F, 0xFC, 0xFF, 0xC3, 0xEF, 0x7F, 0xF0, 0x00, 0x00, 0x00, 0x00, 0x20, 0x01, 0xE0, 0x0F, 0x00,
    0x38, 0x00, 0x80, 0x00, 0x00, 0x7F, 0xC7, 0x87, 0x38, 0x1C, 0xC0, 0x67, 0x00, 0x18, 0x00, 0xE0,
    0x03, 0x80, 0x0E, 0x00, 0x38, 0x3E, 0xE0, 0x3B, 0x80, 0xEE, 0x03, 0x9C, 0x0E, 0x70, 0x38, 0xF3,
    0xE1, 0xFE, 0x00, 0x00, 0x00, 0x00, 0x01, 0xC0, 0x1C, 0x01, 0xC0, 0x0C, 0x00, 0x40, 0x00, 0x00,
    0xFE, 0x0F, 0xF0, 0xE3, 0x8E, 0x1C, 0x60, 0xE7, 0x07, 0x38, 0x31, 0xC1, 0x8E, 0x1C, 0x70, 0xE3,
    0x87, 0x1F, 0xF8, 0x7D, 0xC0, 0x0C, 0x00, 0xE0, 0x07, 0x04, 0x30, 0x7F, 0x03, 0xF0, 0x00, 0x00,
    0x80, 0x00, 0x70, 0x00, 0x1C, 0x00, 0x03, 0x80, 0x00, 0x20, 0x00, 0x00, 0x03, 0xE0, 0xFC, 0x78,
    0x0C, 0x1F, 0x03, 0x07, 0xC0, 0xC1, 0xB8, 0x30, 0x6E, 0x18, 0x1B, 0x86, 0x06, 0x71, 0x83, 0x9C,
    0x60, 0xC3, 0x98, 0x30, 0xE6, 0x0C, 0x1D, 0x83, 0x07, 0x60, 0xC1, 0xF0, 0x30, 0x3C, 0x1C, 0x0F,
    0x0F, 0xC1, 0xC0, 0x00, 0x01, 0xC0, 0x1C, 0x00, 0xE0, 0x07, 0x00, 0x10, 0x00, 0x07, 0x3E, 0x77,
    0xE7, 0xCE, 0x78, 0x67, 0x0E, 0x70, 0xE7, 0x0E, 0x60, 0xE6, 0x0E, 0xE0, 0xCE, 0x1C, 0xE1, 0xFE,
    0x0E, 0x00, 0x00, 0x00, 0x00, 0x80, 0x00, 0x38, 0x00, 0x0E, 0x00, 0x1F, 0x80, 0x06, 0x60, 0x01,
    0x8C, 0x00, 0x31, 0x80, 0x07, 0xF0, 0x00, 0x38, 0x00, 0x00, 0x00, 0x01, 0xE0, 0x00, 0x3C, 0x00,
    0x0F, 0x80, 0x01, 0xF0, 0x00, 0x76, 0x00, 0x0C, 0xE0, 0x03, 0x9C, 0x00, 0x63, 0x80, 0x1C, 0x70,
    0x03, 0x0E, 0x00, 0xFF, 0xE0, 0x1F, 0xFC, 0x03, 0x03, 0x80, 0xC0, 0x70, 0x18, 0x0E, 0x07, 0x01,
    0xE3, 0xF0, 0xFE, 0x00, 0x00, 0x00, 0x01, 0x80, 0x1C, 0x07, 0xC0, 0x66, 0x03, 0x30, 0x19, 0x80,
    0xF8, 0x01, 0x00, 0x00, 0x01, 0xFC, 0x1F, 0xE1, 0xC7, 0x1C, 0x38, 0xC1, 0xCE, 0x0C, 0x70, 0xE3,
    0x87, 0x1C, 0x38, 0xE1, 0xC7, 0x1E, 0x3F, 0xF8, 0xFB, 0xC0, 0x00, 0x00, 0x00, 0x40, 0x00, 0x01,
    0xC0, 0x00, 0x07, 0x00, 0x00, 0x1C, 0x00, 0x00, 0x30, 0x00, 0x00, 0x00, 0x00, 0xFF, 0xFF, 0x80,
    0x3B, 0x87, 0x00, 0x67, 0x0E, 0x00, 0xCE, 0x08, 0x03, 0x38, 0x00, 0x0E, 0x70, 0x00, 0x18, 0xE0,
    0x00, 0x71, 0xFE, 0x00, 0xC3, 0xFC, 0x03, 0x87, 0x00, 0x07, 0xFE, 0x00, 0x1F, 0xFC, 0x00, 0x30,
    0x70, 0x00, 0xE0, 0xE0, 0x33, 0x81, 0xC0, 0xC7, 0x03, 0xBF, 0xBF, 0x9F, 0xFF, 0x00, 0x00, 0x02,
    0x00, 0x00, 0xE0, 0x00, 0x1C, 0x00, 0x07, 0x00, 0x01, 0xC0, 0x00, 0x20, 0x00, 0x00, 0x00, 0x3F,
    0xBE, 0x0F, 0xFD, 0xC3, 0x8F, 0x1C, 0xE1, 0xC3, 0x98, 0x38, 0xE7, 0x07, 0x3C, 0xE0, 0xFE, 0x1C,
    0x3F, 0x03, 0x87, 0x00, 0x70, 0xE0, 0x0E, 0x3E, 0x19, 0xFD, 0xFF, 0x1F, 0x1F, 0x80, 0x00, 0x00,
    0x00, 0x20, 0x00, 0xE0, 0x03, 0xC0, 0x0F, 0xC0, 0x09, 0x80, 0x16, 0x01, 0xFC, 0x0F, 0x3C, 0x38,
    0x7C, 0x70, 0xB9, 0xC3, 0x73, 0x84, 0xE7, 0x19, 0xFC, 0x33, 0xF8, 0xC7, 0x71, 0x8E, 0xE6, 0x1D,
    0xCC, 0x3B, 0x90, 0x63, 0xE1, 0xC7, 0x87, 0x07, 0x1C, 0x07, 0xF0, 0x18, 0x00, 0x30, 0x00, 0x40,
    0x00, 0x00, 0x00, 0x00, 0x00, 0x01, 0x80, 0x1C, 0x01, 0xC0, 0x0C, 0x00, 0x40, 0x00, 0xC0, 0xFC,
    0x1E, 0xE1, 0xC7, 0x8E, 0x3C, 0xE3, 0xE7, 0x37, 0x39, 0x39, 0xD9, 0xCE, 0x8E, 0x7C, 0x63, 0xC7,
    0x0E, 0x70, 0x7F, 0x06, 0x00, 0x00, 0x00, 0x03, 0x18, 0x00, 0xE7, 0x00, 0x3D, 0xC0, 0x03, 0xB8,
    0x00, 0x40, 0x00, 0x00, 0x00, 0x07, 0x80, 0x01, 0xE0, 0x00, 0xF8, 0x00, 0x3E, 0x00, 0x1D, 0x80,
    0x06, 0x70, 0x03, 0x9C, 0x00, 0xC7, 0x00, 0x71, 0xC0, 0x18, 0x70, 0x0F, 0xFE, 0x03, 0xFF, 0x80,
    0xC0, 0xE0, 0x60, 0x38, 0x18, 0x0E, 0x0E, 0x03, 0xCF, 0xC3, 0xF8, 0x11, 0x01, 0xDC, 0x06, 0x60,
    0x39, 0x80, 0xCC, 0x02, 0x20, 0x00, 0x00, 0xFE, 0x0F, 0xF0, 0xE3, 0x8E, 0x1C, 0x60, 0xE7, 0x06,
    0x38, 0x71, 0xC3, 0x8E, 0x1C, 0x70, 0xE3, 0x8F, 0x1F, 0xFC, 0x7D, 0xE0, 0x00, 0x00, 0x00, 0x00,
    0x00, 0x0F, 0x00, 0x07, 0xE0, 0x01, 0x18, 0x00, 0xC6, 0x00, 0x00, 0x00, 0x00, 0x00, 0x01, 0xE0,
    0x00, 0x78, 0x00, 0x3E, 0x00, 0x0F, 0x80, 0x07, 0x60, 0x01, 0x9C, 0x00, 0xE7, 0x00, 0x31, 0xC0,
    0x1C, 0x70, 0x06, 0x1C, 0x03, 0xFF, 0x80, 0xFF, 0xE0, 0x30, 0x38, 0x18, 0x0E, 0x06, 0x03, 0x83,
    0x80, 0xF3, 0xF0, 0xFE, 0x01, 0xC0, 0x1F, 0x01, 0x8C, 0x08, 0x60, 0x00, 0x00, 0x00, 0x1F, 0xC1,
    0xFE, 0x1C, 0x71, 0xC3, 0x8C, 0x1C, 0xE0, 0xC7, 0x0E, 0x38, 0x71, 0xC3, 0x8E, 0x1C, 0x71, 0xE3,
    0xFF, 0x8F, 0xBC, 0x00, 0x00, 0x18, 0xC0, 0x73, 0x80, 0xE7, 0x01, 0xCC, 0x02, 0x00, 0x00, 0x03,
    0xFF, 0x87, 0x06, 0x1C, 0x18, 0x70, 0x21, 0xC0, 0x07, 0x00, 0x1C, 0x00, 0x7F, 0x83, 0xFE, 0x0E,
    0x00, 0x38, 0x00, 0xE0, 0x03, 0x80, 0x0E, 0x06, 0x38, 0x19, 0xFF, 0xEF, 0xFF, 0x80, 0x23, 0x0E,
    0x60, 0xEE, 0x0C, 0xC0, 0xCC, 0x08, 0x00, 0x00, 0x3E, 0x1F, 0xE7, 0x1C, 0xC3, 0xB8, 0x77, 0x1C,
    0xFF, 0x1F, 0x03, 0x80, 0x70, 0x0E, 0x08, 0xFF, 0x1F, 0xC0, 0x00, 0x00, 0x00, 0x07, 0x80, 0x3F,
    0x00, 0xCC, 0x02, 0x10, 0x00, 0x00, 0x00, 0x0F, 0xFE, 0x1C, 0x18, 0x70, 0x61, 0xC0, 0x87, 0x00,
    0x1C, 0x00, 0x70, 0x01, 0xFE, 0x0F, 0xF8, 0x38, 0x00, 0xE0, 0x03, 0x80, 0x0E, 0x00, 0x38, 0x18,
    0xE0, 0x67, 0xFF, 0xBF, 0xFE, 0x03, 0xC0, 0x7E, 0x0E, 0x60, 0xC2, 0x00, 0x00, 0x00, 0x07, 0xC1,
    0xFE, 0x38, 0xE3, 0x0E, 0x70, 0xE7, 0x1C, 0x7F, 0x87, 0xC0, 0x70, 0x07, 0x00, 0x70, 0x43, 0xFC,
    0x3F, 0x80, 0x00, 0x63, 0x0E, 0x70, 0xE6, 0x0E, 0xE0, 0x80, 0x00, 0x07, 0xE0, 0x78, 0x0E, 0x01,
    0xC0, 0x38, 0x07, 0x00, 0xE0, 0x1C, 0x03, 0x80, 0xE0, 0x1C, 0x03, 0x80, 0x70, 0x0E, 0x01, 0xC0,
    0x38, 0x1F, 0x80, 0x46, 0x77, 0x19, 0x86, 0x61, 0x90, 0x08, 0x00, 0x1E, 0x1E, 0x07, 0x03, 0x81,
    0xC0, 0xE0, 0x70, 0x38, 0x18, 0x1C, 0x0E, 0x07, 0xC3, 0xC0, 0x00, 0x00, 0x03, 0xC1, 0xF8, 0x66,
    0x30, 0x80, 0x00, 0x00, 0xFC, 0x1E, 0x07, 0x01, 0xC0, 0x70, 0x1C, 0x07, 0x01, 0xC0, 0x70, 0x38,
    0x0E, 0x03, 0x80, 0xE0, 0x38, 0x0E, 0x03, 0x83, 0xF0, 0x1C, 0x3F, 0x63, 0x63, 0x00, 0x00, 0x3C,
    0x78, 0x38, 0x38, 0x38, 0x38, 0x38, 0x38, 0x30, 0x70, 0x70, 0x7C, 0x78, 0x00, 0x08, 0x40, 0x39,
    0xC0, 0x39, 0xC0, 0x39, 0x80, 0x01, 0x00, 0x10, 0x01, 0xFC, 0x0F, 0x3C, 0x38, 0x1C, 0x70, 0x39,
    0xC0, 0x73, 0x80, 0xE7, 0x01, 0xFC, 0x03, 0xF8, 0x07, 0x70, 0x0E, 0xE0, 0x1D, 0xC0, 0x3B, 0x80,
    0x63, 0x81, 0xC7, 0x07, 0x07, 0x1C, 0x07, 0xF0, 0x00, 0x00, 0x33, 0x01, 0x98, 0x0E, 0xE0, 0x33,
    0x00, 0xCC, 0x02, 0x20, 0x00, 0x00, 0xF8, 0x1E, 0xE1, 0xC3, 0x8E, 0x1C, 0xE0, 0xE7, 0x07, 0x38,
    0x39, 0xC1, 0xCE, 0x0E, 0x70, 0x63, 0x87, 0x0E, 0x70, 0x7F, 0x00, 0x00, 0x00, 0x00, 0x00, 0x03,
    0xE0, 0x0F, 0xC0, 0x18, 0x80, 0x21, 0x80, 0x00, 0x00, 0x20, 0x03, 0xF8, 0x1E, 0x78, 0x70, 0x38,
    0xE0, 0x73, 0x80, 0xE7, 0x01, 0xCE, 0x03, 0xF8, 0x07, 0xF0, 0x0E, 0xE0, 0x1D, 0xC0, 0x3B, 0x80,
    0x77, 0x00, 0xC7, 0x03, 0x8E, 0x0E, 0x0E, 0x38, 0x0F, 0xE0, 0x00, 0x00, 0x03, 0xC0, 0x3F, 0x03,
    0x98, 0x18, 0x40, 0x00, 0x00, 0x00, 0x1F, 0x03, 0xDC, 0x38, 0x71, 0xC3, 0x9C, 0x1C, 0xE0, 0xE7,
    0x07, 0x38, 0x39, 0xC1, 0xCE, 0x0C, 0x70, 0xE1, 0xCE, 0x0F, 0xE0, 0x00, 0x00, 0x18, 0x40, 0x39,
    0xC0, 0x39, 0xC0, 0x39, 0x80, 0x21, 0x00, 0x00, 0x0F, 0xFE, 0x0E, 0x1E, 0x1C, 0x1C, 0x38, 0x38,
    0x70, 0x70, 0xE0, 0xE1, 0xC1, 0xC3, 0x07, 0x0F, 0xFC, 0x1F, 0xE0, 0x38, 0xE0, 0x70, 0xC0, 0xE1,
    0xC1, 0xC3, 0x83, 0x83, 0x8F, 0x07, 0xBF, 0x07, 0x80, 0x26, 0x0C, 0xE1, 0xCC, 0x1D, 0xC1, 0x98,
    0x11, 0x00, 0x00, 0xE7, 0x1D, 0xE3, 0xF8, 0x78, 0x0E, 0x01, 0xC0, 0x38, 0x06, 0x00, 0xC0, 0x38,
    0x07, 0x00, 0xE0, 0x1C, 0x00, 0x00, 0x00, 0x03, 0xC0, 0x0F, 0xC0, 0x19, 0x80, 0x21, 0x00, 0x00,
    0x00, 0x00, 0x1F, 0xFC, 0x1C, 0x3C, 0x38, 0x38, 0x70, 0x70, 0xE0, 0xE1, 0xC1, 0xC3, 0x83, 0x86,
    0x0E, 0x1F, 0xF8, 0x3F, 0xC0, 0x71, 0xC0, 0xE1, 0x81, 0xC3, 0x83, 0x87, 0x07, 0x07, 0x1E, 0x0F,
    0x7E, 0x0F, 0x0E, 0x1F, 0x8C, 0xEC, 0x30, 0x00, 0x01, 0xCE, 0xEF, 0x7F, 0x3C, 0x1C, 0x0E, 0x07,
    0x03, 0x01, 0x81, 0xC0, 0xE0, 0x70, 0x38, 0x00, 0x08, 0x40, 0x1C, 0xE0, 0x0E, 0x70, 0x07, 0x38,
    0x00, 0x10, 0x00, 0x00, 0xFE, 0x1F, 0x38, 0x0C, 0x38, 0x0C, 0x30, 0x0C, 0x70, 0x0C, 0x70, 0x0C,
    0x70, 0x0C, 0x70, 0x1C, 0x70, 0x18, 0x70, 0x18, 0x70, 0x18, 0x60, 0x18, 0x60, 0x18, 0x70, 0x30,
    0x70, 0x30, 0x38, 0xE0, 0x1F, 0xC0, 0x00, 0x00, 0x46, 0x0E, 0x60, 0x77, 0x03, 0x30, 0x19, 0x80,
    0x80, 0x00, 0x0F, 0x06, 0xF0, 0xE7, 0x0E, 0x70, 0xE7, 0x0E, 0x60, 0xE6, 0x0C, 0xE0, 0xCE, 0x1C,
    0xE1, 0xCE, 0x3C, 0xFF, 0xF7, 0xDE, 0x00, 0x00, 0x00, 0x00, 0x01, 0xF0, 0x01, 0xF0, 0x03, 0x18,
    0x03, 0x18, 0x00, 0x00, 0x00, 0x00, 0xFE, 0x1F, 0x38, 0x0C, 0x38, 0x0C, 0x30, 0x0C, 0x70, 0x0C,
    0x70, 0x0C, 0x70, 0x0C, 0x70, 0x1C, 0x70, 0x18, 0x70, 0x18, 0x70, 0x18, 0x60, 0x18, 0x60, 0x18,
    0x70, 0x30, 0x70, 0x30, 0x38, 0xE0, 0x1F, 0xC0, 0x00, 0x00, 0x07, 0x80, 0xFC, 0x1C, 0xC1, 0x84,
    0x00, 0x00, 0x00, 0xF0, 0x6F, 0x0E, 0x70, 0xE7, 0x0E, 0x70, 0xE6, 0x0E, 0x60, 0xCE, 0x0C, 0xE1,
    0xCE, 0x1C, 0xE3, 0xCF, 0xFF, 0x7D, 0xE0, 0x00, 0x00, 0x00, 0xFF, 0x1C, 0x73, 0x83, 0x38, 0x33,
    0x80, 0x38, 0x03, 0xC0, 0x1F, 0x00, 0xF8, 0x03, 0xC0, 0x1E, 0x00, 0xE0, 0x0E, 0xC0, 0xEE, 0x0E,
    0xE1, 0xCF, 0xF8, 0x00, 0x00, 0xC0, 0x1C, 0x00, 0xC0, 0x0C, 0x01, 0xC0, 0x00, 0x00, 0x00, 0x0F,
    0xCF, 0xEE, 0x07, 0x03, 0xC0, 0xF0, 0x7C, 0x0F, 0x03, 0x80, 0xC0, 0x6E, 0xF7, 0xF0, 0x00, 0x60,
    0x38, 0x1C, 0x0C, 0x06, 0x00, 0x00, 0x00, 0x00, 0xFF, 0xFD, 0x8E, 0x3B, 0x1C, 0x6C, 0x38, 0xD8,
    0x71, 0xB0, 0xE1, 0x01, 0x80, 0x07, 0x00, 0x0E, 0x00, 0x1C, 0x00, 0x38, 0x00, 0x70, 0x00, 0xE0,
    0x01, 0xC0, 0x07, 0x00, 0x0E, 0x00, 0x7F, 0x80, 0x00, 0x00, 0x60, 0x00, 0xE0, 0x01, 0xC0, 0x03,
    0x80, 0x06, 0x00, 0x00, 0x00, 0x18, 0x70, 0xC3, 0xFF, 0xEE, 0x1C, 0x38, 0x70, 0xC3, 0x87, 0x0E,
    0x1C, 0x3F, 0x7C, 0x00, 0xC1, 0xC3, 0x87, 0x0C, 0x00, 0x00, 0x00, 0x00, 0x3F, 0xF8, 0x70, 0x71,
    0xC1, 0xC3, 0x07, 0x00, 0x1C, 0x00, 0x70, 0x01, 0xC0, 0x07, 0xF0, 0x0F, 0xF0, 0x00, 0xE0, 0x01,
    0xC0, 0x03, 0x80, 0x07, 0x00, 0x0E, 0x00, 0x1C, 0x00, 0x70, 0x01, 0xC0, 0x07, 0x00, 0x3C, 0x03,
    0xE0, 0x0F, 0x00, 0x00, 0x00, 0x00, 0x00, 0x00, 0xFF, 0x8F, 0xFC, 0x60, 0xC3, 0x0C, 0x00, 0xE0,
    0x06, 0x00, 0x60, 0x07, 0x00, 0x7E, 0x03, 0xF8, 0x01, 0xC0, 0x0E, 0x00, 0x70, 0x03, 0x80, 0x1C,
    0x01, 0xC0, 0x3C, 0x1F, 0x80, 0xE0, 0x00, 0x00, 0xC2, 0x00, 0x0C, 0xC0, 0x01, 0xF0, 0x00, 0x1C,
    0x00, 0x00, 0x00, 0x00, 0x00, 0x07, 0xE1, 0xF8, 0x70, 0x1C, 0x0E, 0x03, 0x81, 0xC0, 0x70, 0x38,
    0x0E, 0x07, 0x01, 0xC0, 0xE0, 0x30, 0x1F, 0xFE, 0x07, 0xFF, 0xC0, 0xE0, 0x38, 0x1C, 0x07, 0x03,
    0x80, 0xE0, 0x70, 0x1C, 0x0E, 0x03, 0x81, 0xC0, 0xE0, 0x78, 0x1C, 0x1F, 0x8F, 0xE0, 0x43, 0x06,
    0x70, 0x3E, 0x03, 0xC0, 0x00, 0x07, 0x80, 0x78, 0x03, 0x80, 0x38, 0x03, 0x80, 0x30, 0x03, 0x3E,
    0x77, 0xE7, 0xCE, 0x78, 0x67, 0x06, 0x70, 0xE7, 0x0E, 0x60, 0xEE, 0x0E, 0xE0, 0xEE, 0x0C, 0xE1,
    0xFE, 0x0E, 0x00, 0x00, 0x01, 0x87, 0x0E, 0x18, 0x20, 0x00, 0x63, 0x9C, 0x61, 0x00, 0x1C, 0x3C,
    0x76, 0x66, 0xC2, 0x70, 0xFB, 0xDE, 0x0E, 0xFD, 0xF8, 0x00, 0x43, 0x43, 0x7E, 0x7E, 0x10, 0x6F,
    0xE6, 0x62, 0xE7, 0xE7, 0x46, 0x63, 0x8E, 0x66, 0x20, 0x00, 0x79, 0x9E, 0x36, 0x6F, 0x84, 0x00,
    0x10, 0x8E, 0x73, 0x99, 0xCE, 0xE6, 0x11, 0x00, 0x43, 0x33, 0x8F, 0x87, 0x81, 0x80, 0x6E, 0xEE,
    0xC4, 0x66, 0x33, 0x1D, 0xC6, 0x61, 0x98, 0x44, 0x1C, 0x0E, 0x07, 0x19, 0x3E, 0x1B, 0xF8, 0xF8,
    0x00, 0x3C, 0x7E, 0xE6, 0xC2, 0x00, 0x7B, 0x7E, 0x80, 0xFD, 0xBC, 0x67, 0x73, 0x60, 0x08, 0x71,
    0x8E, 0xF0, 0xFB, 0xE0, 0x67, 0x74, 0x22, 0x77, 0x77, 0x62, 0x00, 0x79, 0xBE, 0x36, 0xCF, 0x80,
    0x00, 0x67, 0x77, 0x60, 0x10, 0xC7, 0xFF, 0x30, 0x08, 0xC6, 0x18, 0x79, 0xC0, 0x6F, 0xEC, 0x1C,
    0x3C, 0x7E, 0xE6, 0x00, 0x43, 0x43, 0x7E, 0x7E, 0x18, 0x3C, 0x7E, 0x66, 0xC2, 0x02, 0x30, 0x7B,
    0xDF, 0x0E, 0x7E, 0x7E, 0xFF, 0xFF, 0xC0, 0x30, 0x3E, 0xDF, 0xE8, 0xE0, 0x00, 0x7F, 0xC0, 0x00,
    0x00, 0x0F, 0xFD, 0xFF, 0x00, 0x00, 0x03, 0x02, 0x06, 0x06, 0x04, 0x0C, 0x0C, 0x08, 0x08, 0x18,
    0x10, 0x10, 0x30, 0x30, 0x20, 0x60, 0x60, 0x00, 0x00, 0x00, 0x0C, 0x01, 0x80, 0x60, 0x0C, 0x03,
    0x00, 0x60, 0x18, 0x03, 0x00, 0xC0, 0x18, 0x06, 0x00, 0x80, 0x30, 0x04, 0x01, 0x80, 0x60, 0x0C,
    0x03, 0x00, 0x60, 0x00, 0x67, 0x76, 0x40, 0x04, 0x03, 0x60, 0x63, 0xFC, 0x1F, 0x80, 0x00, 0x40,
    0x34, 0x03, 0x60, 0x63, 0xFC, 0x1F, 0x80, 0x00, 0x7F, 0xFD, 0xFF, 0xF0, 0x0F, 0x03, 0xFC, 0x79,
    0xE6, 0x06, 0xC0, 0x20, 0x00, 0x00, 0x04, 0x00, 0x03, 0x1F, 0xFF, 0xCF, 0xFF, 0xE0, 0x00, 0x60,
    0x00, 0x00, 0x02, 0x00, 0x1C, 0x00, 0x38, 0x00, 0x70, 0x00, 0x80, 0x00, 0x03, 0xFF, 0x87, 0x06,
    0x1C, 0x18, 0x70, 0x21, 0xC0, 0x07, 0x00, 0x1C, 0x00, 0x7F, 0x83, 0xFE, 0x0E, 0x00, 0x38, 0x00,
    0xE0, 0x03, 0x80, 0x0E, 0x06, 0x38, 0x19, 0xFF, 0xEF, 0xFF, 0x80, 0x03, 0x30, 0x1D, 0xC0, 0x77,
    0x00, 0x00, 0x00, 0x00, 0xFF, 0xE1, 0xC1, 0x87, 0x06, 0x1C, 0x08, 0x70, 0x01, 0xC0, 0x07, 0x00,
    0x1F, 0xE0, 0xFF, 0x83, 0x80, 0x0E, 0x00, 0x38, 0x00, 0xE0, 0x03, 0x81, 0x8E, 0x06, 0x7F, 0xFB,
    0xFF, 0xE0, 0x00, 0x00, 0x1F, 0xFF, 0xC6, 0x18, 0x31, 0x8E, 0x0C, 0xE3, 0x83, 0x30, 0xE0, 0xC0,
    0x38, 0x00, 0x0E, 0x00, 0x03, 0xBE, 0x00, 0xFF, 0xE0, 0x38, 0x38, 0x1C, 0x0E, 0x07, 0x03, 0x81,
    0xC0, 0xE0, 0x70, 0x38, 0x1C, 0x0C, 0x07, 0x07, 0x0F, 0xF7, 0x80, 0x00, 0x00, 0x00, 0x20, 0x01,
    0xC0, 0x0F, 0x00, 0x78, 0x00, 0x80, 0x00, 0x03, 0xFF, 0xC3, 0x87, 0x0C, 0x0C, 0x70, 0x31, 0xC0,
    0x87, 0x02, 0x1C, 0x00, 0x70, 0x01, 0xC0, 0x07, 0x00, 0x38, 0x00, 0xE0, 0x03, 0x80, 0x0E, 0x00,
    0x38, 0x00, 0xE0, 0x0F, 0xE0, 0x00, 0x00, 0x00, 0x1F, 0xF0, 0xE1, 0xC7, 0x06, 0x38, 0x19, 0xC0,
    0x67, 0x00, 0x1C, 0x00, 0xFF, 0xC3, 0xFF, 0x0E, 0x00, 0x38, 0x00, 0xE0, 0x03, 0xC0, 0x47, 0x03,
    0x1C, 0x0C, 0x3C, 0xF0, 0x7F, 0x80, 0x00, 0x00, 0x00, 0x00, 0xFF, 0x1C, 0x73, 0x83, 0x38, 0x33,
    0x80, 0x38, 0x03, 0xC0, 0x1F, 0x00, 0xF8, 0x03, 0xC0, 0x1E, 0x00, 0xE0, 0x0E, 0xC0, 0xEE, 0x0E,
    0xE1, 0xCF, 0xF8, 0x00, 0x00, 0x00, 0x1F, 0x87, 0x83, 0x81, 0xC0, 0xE0, 0x70, 0x38, 0x1C, 0x0E,
    0x0E, 0x07, 0x03, 0x81, 0xC0, 0xE0, 0x70, 0x38, 0x7E, 0x00, 0x19, 0x9D, 0xCE, 0xE0, 0x00, 0x01,
    0xF8, 0x78, 0x38, 0x1C, 0x0E, 0x07, 0x03, 0x81, 0xC0, 0xE0, 0xE0, 0x70, 0x38, 0x1C, 0x0E, 0x07,
    0x03, 0x87, 0xE0, 0x00, 0x00, 0x7E, 0x03, 0x80, 0x38, 0x03, 0x80, 0x38, 0x03, 0x80, 0x38, 0x03,
    0x80, 0x38, 0x03, 0x00, 0x70, 0x07, 0x00, 0x70, 0x07, 0x00, 0x70, 0x07, 0x00, 0xE0, 0x0E, 0x01,
    0xC0, 0x78, 0x06, 0x00, 0x00, 0x00, 0x00, 0x0F, 0xFF, 0x80, 0x06, 0x1C, 0x00, 0x0C, 0x30, 0x00,
    0x10, 0xE0, 0x00, 0x61, 0xC0, 0x00, 0xC3, 0x80, 0x01, 0x87, 0xF8, 0x03, 0x0F, 0xFC, 0x04, 0x1C,
    0x38, 0x18, 0x38, 0x38, 0x30, 0x60, 0x70, 0x61, 0xC0, 0xE1, 0x83, 0x81, 0xC3, 0x07, 0x03, 0x2E,
    0x0E, 0x0E, 0xF8, 0x1C, 0x79, 0xE0, 0xFF, 0xE0, 0x00, 0x00, 0x00, 0x00, 0x00, 0x00, 0x7E, 0x1F,
    0x80, 0x78, 0x1C, 0x00, 0xE0, 0x38, 0x01, 0xC0, 0x70, 0x03, 0x81, 0xC0, 0x07, 0x03, 0x80, 0x0E,
    0x07, 0xF8, 0x1F, 0xFF, 0xFC, 0x3F, 0xFC, 0x3C, 0x60, 0x38, 0x39, 0xC0, 0x70, 0x73, 0x80, 0xC0,
    0xE7, 0x03, 0x81, 0xCE, 0x07, 0x03, 0x9C, 0x0E, 0x0E, 0x38, 0x1C, 0x79, 0xF8, 0xFF, 0xE0, 0x00,
    0x00, 0x00, 0x00, 0x00, 0x1F, 0xFF, 0xC6, 0x38, 0x71, 0x8E, 0x18, 0xC3, 0x86, 0x30, 0xE1, 0x80,
    0x38, 0x00, 0x0E, 0x70, 0x03, 0xFF, 0x00, 0xE1, 0xC0, 0x70, 0x38, 0x1C, 0x0E, 0x07, 0x03, 0x81,
    0xC1, 0xC0, 0x70, 0x70, 0x1C, 0x1C, 0x0F, 0x07, 0x0F, 0xE7, 0xF0, 0x00, 0x10, 0x00, 0x1C, 0x00,
    0x1E, 0x00, 0x1C, 0x00, 0x04, 0x00, 0x00, 0x00, 0xFC, 0x7C, 0x3C, 0x1C, 0x1C, 0x1C, 0x0E, 0x0C,
    0x07, 0x0C, 0x03, 0x8C, 0x01, 0xCC, 0x00, 0xEC, 0x00, 0x7E, 0x00, 0x73, 0x80, 0x38, 0xE0, 0x1C,
    0x70, 0x0E, 0x1C, 0x07, 0x0E, 0x03, 0x83, 0x81, 0xC1, 0xE3, 0xF0, 0x78, 0x00, 0x80, 0x00, 0x70,
    0x00, 0x1E, 0x00, 0x01, 0x80, 0x00, 0x20, 0x00, 0x00, 0x03, 0xF0, 0xFC, 0x78, 0x1C, 0x1C, 0x07,
    0x07, 0x03, 0xC1, 0xC1, 0xF0, 0x70, 0x7C, 0x1C, 0x37, 0x07, 0x19, 0x81, 0x8C, 0xE0, 0xE6, 0x38,
    0x3B, 0x0E, 0x0F, 0x83, 0x83, 0xE0, 0xE0, 0xF0, 0x38, 0x38, 0x0E, 0x0E, 0x07, 0x0F, 0xC7, 0xF0,
    0x06, 0x18, 0x0E, 0x18, 0x06, 0x38, 0x07, 0xF0, 0x01, 0xC0, 0x00, 0x00, 0xFE, 0x3F, 0x78, 0x0C,
    0x38, 0x1C, 0x38, 0x18, 0x1C, 0x38, 0x1C, 0x30, 0x1C, 0x30, 0x0E, 0x60, 0x0E, 0x60, 0x0E, 0xC0,
    0x06, 0xC0, 0x07, 0x80, 0x07, 0x80, 0x07, 0x00, 0x06, 0x00, 0x7E, 0x00, 0x7C, 0x00, 0x10, 0x00,
    0x00, 0x00, 0x0F, 0xC7, 0xE1, 0xE0, 0x70, 0x70, 0x18, 0x1C, 0x0E, 0x07, 0x03, 0x81, 0xC0, 0xE0,
    0x70, 0x38, 0x1C, 0x0E, 0x06, 0x03, 0x83, 0x80, 0xE0, 0xE0, 0x70, 0x38, 0x1C, 0x0E, 0x07, 0x03,
    0x81, 0xC0, 0xE0, 0x70, 0x38, 0x1C, 0x3F, 0xFF, 0x80, 0x38, 0x00, 0x0E, 0x00, 0x03, 0x00, 0x00,
    0xC0, 0x00, 0x00, 0x00, 0x00, 0x00, 0x00, 0x1E, 0x00, 0x07, 0x80, 0x03, 0xE0, 0x00, 0xF8, 0x00,
    0x76, 0x00, 0x19, 0xC0, 0x0E, 0x70, 0x03, 0x1C, 0x01, 0xC7, 0x00, 0x61, 0xC0, 0x3F, 0xF8, 0x0F,
    0xFE, 0x03, 0x03, 0x81, 0x80, 0xE0, 0x60, 0x38, 0x38, 0x0F, 0x3F, 0x0F, 0xE0, 0x00, 0x00, 0xFF,
    0xF1, 0xC0, 0xC7, 0x03, 0x1C, 0x0C, 0x70, 0x01, 0xC0, 0x07, 0x60, 0x1F, 0xF0, 0x71, 0xE3, 0x83,
    0xCE, 0x07, 0x38, 0x1C, 0xE0, 0x73, 0x83, 0x8E, 0x0E, 0x38, 0xF3, 0xFF, 0x00, 0x00, 0x00, 0x00,
    0x00, 0xFF, 0xC1, 0xC3, 0x87, 0x07, 0x1C, 0x1C, 0x70, 0x71, 0xC1, 0xC7, 0x0E, 0x1F, 0xF0, 0xFF,
    0xC3, 0x83, 0x8E, 0x07, 0x38, 0x1C, 0xE0, 0x73, 0x81, 0xCE, 0x0E, 0x78, 0xF3, 0xFF, 0x80, 0x00,
    0x00, 0x00, 0x00, 0xFF, 0xF0, 0xE1, 0xC3, 0x03, 0x1C, 0x0C, 0x70, 0x21, 0xC0, 0x87, 0x00, 0x1C,
    0x00, 0x70, 0x01, 0xC0, 0x0E, 0x00, 0x38, 0x00, 0xE0, 0x03, 0x80, 0x0E, 0x00, 0x38, 0x03, 0xF8,
    0x00, 0x00, 0x00, 0x00, 0x7F, 0xFC, 0x03, 0x0E, 0x00, 0x61, 0xC0, 0x0C, 0x38, 0x03, 0x07, 0x00,
    0x60, 0xC0, 0x0C, 0x38, 0x01, 0x87, 0x00, 0x60, 0xE0, 0x0C, 0x1C, 0x01, 0x83, 0x80, 0x60, 0x70,
    0x0C, 0x0C, 0x03, 0x83, 0x80, 0x60, 0x70, 0x3F, 0xFF, 0x8F, 0xFF, 0xF1, 0xC0, 0x0E, 0x30, 0x01,
    0xC6, 0x00, 0x30, 0x80, 0x06, 0x10, 0x00, 0x00, 0x00, 0x00, 0xFF, 0xE1, 0xC1, 0x87, 0x06, 0x1C,
    0x08, 0x70, 0x01, 0xC0, 0x07, 0x00, 0x1F, 0xE0, 0xFF, 0x83, 0x80, 0x0E, 0x00, 0x38, 0x00, 0xE0,
    0x03, 0x81, 0x8E, 0x06, 0x7F, 0xFB, 0xFF, 0xE0, 0x00, 0x00, 0x00, 0x1F, 0x9F, 0xCF, 0xC3, 0x03,
    0x83, 0x80, 0xC1, 0xC1, 0x80, 0x60, 0xE1, 0x80, 0x18, 0x61, 0x80, 0x0C, 0x71, 0xC0, 0x03, 0x38,
    0xC0, 0x00, 0xDC, 0xC0, 0x00, 0xFF, 0xE0, 0x00, 0xE7, 0x38, 0x00, 0xE3, 0x9C, 0x00, 0xE1, 0xC7,
    0x00, 0x70, 0xC3, 0x80, 0x70, 0xE0, 0xE0, 0x78, 0x70, 0x70, 0x78, 0x38, 0x1C, 0x78, 0x7F, 0x0F,
    0x00, 0x00, 0x00, 0xFF, 0x07, 0x1C, 0x70, 0x73, 0x83, 0x88, 0x1C, 0x00, 0xE0, 0x0E, 0x07, 0xC0,
    0x7F, 0x00, 0x3C, 0x00, 0xE0, 0x07, 0xA0, 0x3D, 0x81, 0xDC, 0x0E, 0xE1, 0xE3, 0xFC, 0x00, 0x00,
    0x00, 0x00, 0x0F, 0xC3, 0xF1, 0xE0, 0x70, 0x70, 0x1C, 0x1C, 0x0F, 0x07, 0x07, 0xC1, 0xC1, 0xF0,
    0x70, 0xDC, 0x1C, 0x66, 0x06, 0x33, 0x83, 0x98, 0xE0, 0xEC, 0x38, 0x3E, 0x0E, 0x0F, 0x83, 0x83,
    0xC0, 0xE0, 0xE0, 0x38, 0x38, 0x1C, 0x3F, 0x1F, 0xC0, 0x03, 0x86, 0x00, 0xE3, 0x80, 0x38, 0xE0,
    0x07, 0xF0, 0x00, 0x70, 0x00, 0x00, 0x03, 0xF0, 0xFC, 0x78, 0x1C, 0x1C, 0x07, 0x07, 0x03, 0xC1,
    0xC1, 0xF0, 0x70, 0x7C, 0x1C, 0x37, 0x07, 0x19, 0x81, 0x8C, 0xE0, 0xE6, 0x38, 0x3B, 0x0E, 0x0F,
    0x83, 0x83, 0xE0, 0xE0, 0xF0, 0x38, 0x38, 0x0E, 0x0E, 0x07, 0x0F, 0xC7, 0xF0, 0x00, 0x00, 0x1F,
    0x8F, 0x87, 0x83, 0x83, 0x83, 0x81, 0xC1, 0x80, 0xE1, 0x80, 0x71, 0x80, 0x39, 0x80, 0x1D, 0x80,
    0x0F, 0xC0, 0x0E, 0x70, 0x07, 0x1C, 0x03, 0x8E, 0x01, 0xC3, 0x80, 0xE1, 0xC0, 0x70, 0x70, 0x38,
    0x3C, 0x7E, 0x0F, 0x00, 0x00, 0x00, 0x01, 0xFF, 0xF0, 0x18, 0x70, 0x06, 0x18, 0x01, 0x0E, 0x00,
    0xC3, 0x80, 0x30, 0xE0, 0x0C, 0x38, 0x03, 0x0E, 0x01, 0x83, 0x80, 0x60, 0xE0, 0x18, 0x70, 0x06,
    0x1C, 0x03, 0x07, 0x00, 0xC1, 0xC1, 0x60, 0x70, 0xF8, 0x1C, 0x3C, 0x1F, 0x80, 0x00, 0x00, 0x00,
    0x00, 0x00, 0x1F, 0x80, 0xF8, 0x1F, 0x03, 0xE0, 0x3E, 0x07, 0x80, 0x7C, 0x1B, 0x00, 0xD8, 0x36,
    0x01, 0xB8, 0x6C, 0x06, 0x71, 0x98, 0x0C, 0xE3, 0x30, 0x19, 0xCC, 0xE0, 0x33, 0x99, 0xC0, 0xC3,
    0x63, 0x81, 0x86, 0xC7, 0x03, 0x0F, 0x0E, 0x06, 0x1E, 0x1C, 0x1C, 0x3C, 0x38, 0x30, 0x70, 0x71,
    0xF8, 0x63, 0xF8, 0x00, 0x00, 0x00, 0x00, 0x00, 0x0F, 0xC3, 0xF1, 0xE0, 0x70, 0x70, 0x1C, 0x1C,
    0x07, 0x07, 0x01, 0xC1, 0xC0, 0x70, 0x70, 0x1C, 0x1F, 0xFF, 0x07, 0xFF, 0x83, 0x80, 0xE0, 0xE0,
    0x38, 0x38, 0x0E, 0x0E, 0x03, 0x83, 0x80, 0xE0, 0xE0, 0x38, 0x38, 0x1E, 0x3F, 0x0F, 0xC0, 0x00,
    0x80, 0x0F, 0xE0, 0x79, 0xE1, 0xC0, 0xE3, 0x81, 0xCE, 0x03, 0x9C, 0x07, 0x38, 0x0F, 0xE0, 0x1F,
    0xC0, 0x3B, 0x80, 0x77, 0x00, 0xEE, 0x01, 0xDC, 0x03, 0x1C, 0x0E, 0x38, 0x38, 0x38, 0xE0, 0x3F,
    0x80, 0x00, 0x00, 0x00, 0x00, 0x0F, 0xFF, 0xE1, 0xFF, 0xF0, 0x70, 0x38, 0x1C, 0x0E, 0x07, 0x03,
    0x81, 0xC0, 0xE0, 0x70, 0x38, 0x1C, 0x0E, 0x06, 0x03, 0x83, 0x80, 0xC0, 0xE0, 0x70, 0x38, 0x1C,
    0x0E, 0x07, 0x03, 0x81, 0xC0, 0xE0, 0x70, 0x38, 0x1C, 0x3F, 0x1F, 0x80, 0x00, 0x00, 0x7F, 0xE0,
    0x70, 0xE0, 0xE0, 0xE1, 0xC1, 0xC3, 0x83, 0x87, 0x07, 0x0E, 0x0E, 0x1C, 0x1C, 0x70, 0x70, 0xF3,
    0xC1, 0xFE, 0x03, 0x80, 0x07, 0x00, 0x0E, 0x00, 0x1C, 0x00, 0x78, 0x01, 0xFC, 0x00, 0x00, 0x00,
    0x1F, 0xF0, 0xE1, 0xC7, 0x06, 0x38, 0x19, 0xC0, 0x67, 0x00, 0x1C, 0x00, 0xE0, 0x03, 0x80, 0x0E,
    0x00, 0x38, 0x00, 0xE0, 0x03, 0xC0, 0x47, 0x03, 0x1E, 0x0C, 0x3C, 0xF0, 0x7F, 0x80, 0x00, 0x00,
    0x00, 0x00, 0xFF, 0xFD, 0x8E, 0x3B, 0x1C, 0x6C, 0x38, 0xD8, 0x71, 0xB0, 0xE1, 0x01, 0x80, 0x07,
    0x00, 0x0E, 0x00, 0x1C, 0x00, 0x38, 0x00, 0x70, 0x00, 0xE0, 0x01, 0xC0, 0x07, 0x00, 0x0E, 0x00,
    0x7F, 0x80, 0x00, 0x00, 0xFE, 0x3F, 0x78, 0x0C, 0x38, 0x1C, 0x38, 0x18, 0x1C, 0x38, 0x1C, 0x30,
    0x1C, 0x30, 0x0E, 0x60, 0x0E, 0x60, 0x0E, 0xC0, 0x06, 0xC0, 0x07, 0x80, 0x07, 0x80, 0x07, 0x00,
    0x06, 0x00, 0x7E, 0x00, 0x7C, 0x00, 0x10, 0x00, 0x00, 0xFC, 0x00, 0x1F, 0x80, 0x01, 0xC0, 0x00,
    0xFE, 0x00, 0xFF, 0xF8, 0x78, 0xE7, 0x8E, 0x1C, 0x3B, 0x83, 0x07, 0x70, 0xE0, 0xEC, 0x1C, 0x1F,
    0x83, 0x83, 0xB8, 0x70, 0xE7, 0x0E, 0x1C, 0x71, 0xCF, 0x07, 0xFF, 0x80, 0x1F, 0x80, 0x01, 0xC0,
    0x00, 0x7E, 0x00, 0x1F, 0xC0, 0x00, 0x00, 0x00, 0x1F, 0xCF, 0xC3, 0x83, 0x81, 0xC1, 0x80, 0x71,
    0xC0, 0x38, 0xC0, 0x0E, 0xC0, 0x07, 0xC0, 0x01, 0xC0, 0x00, 0xE0, 0x00, 0xF8, 0x00, 0x7C, 0x00,
    0x6E, 0x00, 0x63, 0x80, 0x71, 0xC0, 0x30, 0x70, 0x30, 0x3C, 0x7E, 0x7F, 0x00, 0x00, 0x00, 0x0F,
    0xC7, 0xE1, 0xE0, 0x70, 0x70, 0x18, 0x1C, 0x0E, 0x07, 0x03, 0x81, 0xC0, 0xE0, 0x70, 0x38, 0x1C,
    0x0E, 0x06, 0x03, 0x83, 0x80, 0xC0, 0xE0, 0x70, 0x38, 0x1C, 0x0E, 0x07, 0x03, 0x81, 0xC0, 0xE0,
    0x70, 0x38, 0x1E, 0x3F, 0xFF, 0xC0, 0x00, 0x60, 0x00, 0x18, 0x00, 0x06, 0x00, 0x01, 0x80, 0x00,
    0x00, 0x00, 0x01, 0xF8, 0xFD, 0xE0, 0xE3, 0x81, 0xC7, 0x03, 0x8E, 0x07, 0x1C, 0x0E, 0x38, 0x1C,
    0x70, 0x30, 0xF0, 0xE0, 0xFF, 0xC0, 0x23, 0x80, 0x07, 0x00, 0x0E, 0x00, 0x1C, 0x00, 0x38, 0x00,
    0xF0, 0x07, 0xF0, 0x00, 0x00, 0x00, 0x1F, 0x9F, 0xDF, 0xC7, 0x83, 0x83, 0x83, 0x81, 0xC1, 0xC1,
    0xC0, 0xC0, 0xE0, 0xE0, 0xE0, 0x70, 0x70, 0x70, 0x30, 0x38, 0x38, 0x38, 0x1C, 0x1C, 0x1C, 0x0C,
    0x0E, 0x0E, 0x0E, 0x07, 0x07, 0x07, 0x03, 0x03, 0x83, 0x83, 0x81, 0xC1, 0xC1, 0xC0, 0xC0, 0xE0,
    0xE0, 0xE0, 0x70, 0x70, 0x70, 0x3F, 0xFF, 0xF8, 0x7F, 0xFF, 0xFF, 0x00, 0x00, 0x00, 0x00, 0x1F,
    0x9F, 0xDF, 0xC7, 0x83, 0x83, 0x83, 0x81, 0xC1, 0xC1, 0xC0, 0xC0, 0xE0, 0xE0, 0xE0, 0x70, 0x70,
    0x70, 0x30, 0x38, 0x38, 0x38, 0x1C, 0x1C, 0x1C, 0x0C, 0x0E, 0x0E, 0x0E, 0x07, 0x07, 0x07, 0x03,
    0x03, 0x83, 0x83, 0x81, 0xC1, 0xC1, 0xC0, 0xC0, 0xE0, 0xE0, 0xE0, 0x70, 0x70, 0x70, 0x3F, 0xFF,
    0xFE, 0x7F, 0xFF, 0xFF, 0x00, 0x00, 0x03, 0x80, 0x00, 0x01, 0x80, 0x00, 0x00, 0xC0, 0x00, 0x00,
    0x60, 0x00, 0x00, 0x3F, 0xF0, 0x18, 0xE0, 0x0C, 0x70, 0x0E, 0x38, 0x06, 0x1C, 0x03, 0x0C, 0x00,
    0x0F, 0xF0, 0x07, 0xFE, 0x03, 0x87, 0x81, 0xC1, 0xC0, 0xE0, 0xE0, 0x70, 0x70, 0x30, 0x38, 0x38,
    0x1C, 0x1C, 0x1C, 0x0E, 0x1C, 0x1F, 0xFC, 0x00, 0x00, 0x00, 0x00, 0x00, 0x00, 0x7F, 0x01, 0xF8,
    0x78, 0x01, 0xC0, 0xE0, 0x03, 0x81, 0xC0, 0x07, 0x03, 0x80, 0x0E, 0x07, 0x00, 0x1C, 0x0F, 0xF0,
    0x38, 0x1F, 0xF8, 0x70, 0x30, 0x71, 0xC0, 0xE0, 0x73, 0x81, 0xC0, 0xE7, 0x03, 0x81, 0xCE, 0x07,
    0x03, 0x9C, 0x0E, 0x0E, 0x38, 0x1C, 0x1C, 0x70, 0x38, 0xF1, 0xE1, 0xFF, 0x87, 0xE0, 0x00, 0x00,
    0x00, 0x00, 0x00, 0xFE, 0x01, 0xE0, 0x07, 0x00, 0x1C, 0x00, 0x70, 0x01, 0xC0, 0x07, 0xF8, 0x1F,
    0xF8, 0x60, 0xE3, 0x81, 0xCE, 0x07, 0x38, 0x1C, 0xE0, 0x73, 0x83, 0x8E, 0x0E, 0x38, 0xF3, 0xFF,
    0x00, 0x00, 0x00, 0x00, 0x00, 0x7F, 0x83, 0xCF, 0x0C, 0x0E, 0x30, 0x38, 0xC0, 0x70, 0x01, 0xC0,
    0x07, 0x0F, 0xDC, 0x3F, 0xF0, 0x01, 0xC0, 0x07, 0x00, 0x39, 0x80, 0xE6, 0x07, 0x18, 0x38, 0xF1,
    0xC1, 0xFE, 0x00, 0x00, 0x00, 0x00, 0x00, 0x80, 0x7E, 0x0F, 0xE0, 0x78, 0x38, 0xE0, 0xE0, 0xE0,
    0xE1, 0xC3, 0x81, 0xC3, 0x86, 0x03, 0x87, 0x1C, 0x07, 0x8E, 0x38, 0x07, 0x1F, 0xF0, 0x0E, 0x3F,
    0xE0, 0x1C, 0xE3, 0x80, 0x71, 0xC7, 0x00, 0xE3, 0x87, 0x01, 0xC7, 0x0E, 0x03, 0x8E, 0x1C, 0x0E,
    0x1C, 0x38, 0x38, 0x38, 0x3C, 0xE1, 0xF8, 0x3F, 0x80, 0x00, 0x00, 0x00, 0x00, 0x00, 0x00, 0xFF,
    0xC1, 0xE3, 0x80, 0xE1, 0xC0, 0xE0, 0xE0, 0x70, 0x70, 0x38, 0x38, 0x1C, 0x1C, 0x0E, 0x0E, 0x03,
    0xFE, 0x00, 0x7F, 0x00, 0x63, 0x80, 0x71, 0xC0, 0x70, 0xE0, 0x70, 0x70, 0x38, 0x38, 0x78, 0x3C,
    0x78, 0x3F, 0x00, 0x00, 0x00, 0x3F, 0x83, 0xFC, 0x38, 0xE3, 0x87, 0x18, 0x39, 0xC1, 0x8E, 0x1C,
    0x70, 0xE3, 0x87, 0x1C, 0x38, 0xE3, 0xC7, 0xFF, 0x1F, 0x78, 0x00, 0x00, 0x00, 0x30, 0x07, 0x03,
    0xE0, 0xFE, 0x1E, 0x03, 0x80, 0x30, 0x06, 0x30, 0x6F, 0xCF, 0x8E, 0xF0, 0xEE, 0x0F, 0xE0, 0x7E,
    0x06, 0xE0, 0xEE, 0x0E, 0xE0, 0xEE, 0x1C, 0x73, 0x83, 0xF0, 0x00, 0x00, 0x00, 0x00, 0x7E, 0x0E,
    0xF1, 0x87, 0x38, 0x77, 0x0E, 0x71, 0xE7, 0xFE, 0x7C, 0xF7, 0x07, 0x70, 0x77, 0x06, 0x39, 0xE1,
    0xF8, 0x00, 0x00, 0x00, 0x07, 0xE3, 0xFC, 0x87, 0x01, 0xC0, 0xE0, 0x70, 0x78, 0x38, 0x1C, 0x0E,
    0x03, 0x86, 0xFF, 0x1F, 0x80, 0x00, 0x00, 0x00, 0x7E, 0x07, 0x78, 0x00, 0xE0, 0x07, 0x00, 0x18,
    0x00, 0xE0, 0xFF, 0x1F, 0xF8, 0xE1, 0xCE, 0x0E, 0xE0, 0x67, 0x07, 0x38, 0x39, 0xC1, 0xCE, 0x0C,
    0x70, 0xE3, 0x86, 0x0E, 0x60, 0x7E, 0x00, 0x00, 0x00, 0x00, 0x00, 0xF8, 0x7F, 0x9C, 0x73, 0x0E,
    0xE1, 0xDC, 0x73, 0xFC, 0x7C, 0x0E, 0x01, 0xC0, 0x38, 0x23, 0xFC, 0x7F, 0x00, 0x00, 0x1E, 0x1C,
    0x1E, 0x7C, 0x38, 0x7D, 0x9C, 0x71, 0x80, 0x38, 0xE7, 0x00, 0x71, 0x8C, 0x00, 0x67, 0x38, 0x01,
    0xFF, 0xF0, 0x03, 0x9C, 0xE0, 0x07, 0x39, 0xC0, 0x0C, 0x73, 0x80, 0x38, 0xE7, 0x13, 0xE1, 0xC7,
    0xE7, 0x83, 0x0F, 0x80, 0x00, 0x00, 0x00, 0x1F, 0x9F, 0xF4, 0x1C, 0x07, 0x03, 0x81, 0xC1, 0xF0,
    0x0E, 0x03, 0xC0, 0xF0, 0x3B, 0x9E, 0xFE, 0x00, 0x00, 0xF0, 0x6F, 0x0E, 0x70, 0xE7, 0x0E, 0x70,
    0xE6, 0x0E, 0x60, 0xCE, 0x0C, 0xE1, 0xCE, 0x1C, 0xE3, 0xCF, 0xFF, 0x7D, 0xE0, 0x00, 0x18, 0x61,
    0x8E, 0x1C, 0xC0, 0xFC, 0x00, 0x00, 0x00, 0xF0, 0x6F, 0x0E, 0x70, 0xE7, 0x0E, 0x70, 0xE6, 0x0E,
    0x60, 0xCE, 0x0C, 0xE1, 0xCE, 0x1C, 0xE3, 0xCF, 0xFF, 0x7D, 0xE0, 0x00, 0x00, 0x07, 0x06, 0x70,
    0xE7, 0x0E, 0x71, 0xC7, 0x38, 0x76, 0x07, 0xC0, 0x7E, 0x06, 0x70, 0xE7, 0x0E, 0x38, 0xE3, 0xEE,
    0x1E, 0x00, 0x00, 0x0F, 0xF8, 0x3F, 0xE0, 0x63, 0x81, 0x8E, 0x06, 0x38, 0x10, 0xE0, 0xC3, 0x03,
    0x1C, 0x0C, 0x70, 0x61, 0xC1, 0x87, 0x3C, 0x1E, 0xF0, 0x78, 0x00, 0x00, 0x0F, 0xC1, 0xE0, 0xFC,
    0x1E, 0x03, 0xC3, 0xC0, 0x7C, 0x3C, 0x07, 0xC7, 0xC0, 0x5C, 0xDC, 0x0D, 0xCD, 0xC0, 0xCD, 0x9C,
    0x0C, 0xD9, 0xC1, 0x8F, 0x18, 0x18, 0xE3, 0x8F, 0x0E, 0x3E, 0xF0, 0xC3, 0xE0, 0x00, 0x00, 0x70,
    0x77, 0x07, 0x70, 0x67, 0x0E, 0x70, 0xE7, 0x0E, 0x7F, 0xE6, 0x0E, 0x60, 0xEE, 0x0E, 0xE0, 0xCE,
    0x1F, 0xE0, 0xE0, 0x00, 0x00, 0x00, 0x3E, 0x07, 0xB8, 0x70, 0xE3, 0x87, 0x38, 0x39, 0xC1, 0xCE,
    0x0E, 0x70, 0x73, 0x83, 0x9C, 0x18, 0xE1, 0xC3, 0x9C, 0x1F, 0xC0, 0x00, 0x00, 0x00, 0x07, 0x3E,
    0x77, 0xE7, 0xCE, 0x78, 0x67, 0x06, 0x70, 0xE7, 0x0E, 0x70, 0xE6, 0x0E, 0xE0, 0xEE, 0x0C, 0xE1,
    0xFE, 0x0E, 0x00, 0x00, 0x00, 0x03, 0xDF, 0x1F, 0xFC, 0x78, 0xE3, 0x87, 0x1C, 0x38, 0xE1, 0xC6,
    0x0E, 0x30, 0x73, 0x83, 0x9C, 0x38, 0xE1, 0xC7, 0x3C, 0x3F, 0x81, 0xC0, 0x0C, 0x00, 0xE0, 0x07,
    0x00, 0x38, 0x01, 0xC0, 0x00, 0x00, 0x00, 0xF8, 0x7F, 0x1C, 0x23, 0x00, 0xE0, 0x1C, 0x03, 0x80,
    0x60, 0x0C, 0x01, 0xC0, 0x38, 0x47, 0xF8, 0x7E, 0x00, 0x00, 0x00, 0x00, 0x07, 0x3E, 0x7C, 0x77,
    0xEF, 0xC7, 0xCF, 0x8E, 0x78, 0x70, 0xE7, 0x06, 0x0E, 0x70, 0x60, 0xC7, 0x0E, 0x1C, 0x60, 0xE1,
    0xC6, 0x0E, 0x1C, 0xE0, 0xE1, 0xCE, 0x0E, 0x1C, 0xE0, 0xE1, 0xEE, 0x0C, 0x1E, 0x00, 0x00, 0x00,
    0x38, 0x3B, 0xE1, 0xC7, 0x0E, 0x38, 0x31, 0xC3, 0x8E, 0x18, 0x30, 0xC1, 0xCE, 0x0E, 0x60, 0x73,
    0x03, 0xB0, 0x0F, 0x80, 0x78, 0x03, 0x80, 0x0C, 0x00, 0xC0, 0x0C, 0x07, 0xE0, 0x3C, 0x00, 0x00,
    0x70, 0x00, 0x0F, 0x00, 0x00, 0xC0, 0x00, 0x18, 0x00, 0x07, 0x00, 0x00, 0xE0, 0x01, 0xFF, 0xE0,
    0x77, 0xFC, 0x18, 0x71, 0xC7, 0x0C, 0x39, 0xC1, 0x87, 0x38, 0x70, 0xE7, 0x0E, 0x1C, 0xE1, 0xC3,
    0x9C, 0x38, 0x73, 0x87, 0x1C, 0x70, 0xC3, 0x8F, 0xF8, 0xE0, 0xFF, 0xF0, 0x00, 0xE0, 0x00, 0x1C,
    0x00, 0x03, 0x80, 0x00, 0x70, 0x00, 0x0C, 0x00, 0x01, 0x80, 0x00, 0x3C, 0x39, 0xE3, 0x83, 0x98,
    0x1D, 0xC0, 0x7C, 0x03, 0xC0, 0x1C, 0x00, 0xF0, 0x0F, 0x80, 0xEC, 0x0E, 0x70, 0x63, 0xE7, 0x0F,
    0x00, 0x00, 0xF0, 0x6F, 0x0E, 0x70, 0xE7, 0x0E, 0x70, 0xE6, 0x0E, 0x60, 0xCE, 0x0C, 0xE1, 0xCE,
    0x1C, 0xE3, 0xCF, 0xFF, 0x7D, 0xE0, 0x06, 0x00, 0x60, 0x0E, 0x00, 0xE0, 0x1C, 0x01, 0x80, 0xF0,
    0xEF, 0x0E, 0x70, 0xE7, 0x0E, 0x60, 0xE6, 0x0C, 0x61, 0xC7, 0xFC, 0x3D, 0xC0, 0x1C, 0x01, 0xC0,
    0x1E, 0x01, 0xE0, 0x00, 0x00, 0x00, 0x1E, 0x1C, 0x1B, 0xC3, 0x87, 0x38, 0x70, 0xE7, 0x0E, 0x1C,
    0xE1, 0xC3, 0x98, 0x38, 0x73, 0x06, 0x0C, 0xE1, 0xC1, 0x9C, 0x38, 0x73, 0x87, 0x0E, 0x71, 0xE3,
    0xCF, 0x7E, 0xFC, 0xF9, 0xF7, 0x80, 0x00, 0x00, 0x00, 0x00, 0x1E, 0x1C, 0x1B, 0xC3, 0x87, 0x38,
    0x70, 0xE7, 0x0E, 0x1C, 0xE1, 0xC3, 0x98, 0x38, 0x73, 0x06, 0x0C, 0xE1, 0xC1, 0x9C, 0x38, 0x73,
    0x87, 0x0E, 0x71, 0xE3, 0xCF, 0x7E, 0xFC, 0xF9, 0xF7, 0x80, 0x00, 0x30, 0x00, 0x06, 0x00, 0x01,
    0xC0, 0x00, 0x38, 0x00, 0x0E, 0x00, 0x01, 0x00, 0x00, 0x01, 0xFE, 0x0F, 0xF8, 0x30, 0xC0, 0x86,
    0x00, 0x1B, 0x80, 0xFF, 0x83, 0x8E, 0x1C, 0x38, 0x70, 0xE1, 0xC3, 0x87, 0x0C, 0x0C, 0x70, 0x3F,
    0x00, 0x00, 0x00, 0x00, 0x00, 0x38, 0x01, 0x9C, 0x00, 0xCE, 0x00, 0xE7, 0x00, 0x73, 0xBC, 0x39,
    0xFF, 0x1C, 0xF3, 0x8E, 0xE1, 0xC6, 0x70, 0x67, 0x38, 0x73, 0x9C, 0x39, 0xC7, 0x38, 0xF1, 0xF8,
    0x78, 0x00, 0x00, 0x00, 0x0E, 0x01, 0xC0, 0x38, 0x07, 0x00, 0xEF, 0x1F, 0xF3, 0xCE, 0xE1, 0xDC,
    0x1B, 0x87, 0x70, 0xE7, 0x38, 0x7E, 0x00, 0x00, 0x00, 0x07, 0xC3, 0xF9, 0x87, 0x01, 0xC0, 0x71,
    0xDC, 0xFF, 0x01, 0xC0, 0x70, 0x39, 0x0C, 0xFF, 0x3F, 0x00, 0x00, 0x00, 0x00, 0x1C, 0x0F, 0x87,
    0x0F, 0xF1, 0xC7, 0x0E, 0x71, 0xC3, 0x9C, 0xE0, 0xE7, 0x38, 0x39, 0xFE, 0x0E, 0x63, 0x83, 0x98,
    0xE0, 0xEE, 0x38, 0x33, 0x8E, 0x1C, 0xE1, 0xCE, 0x38, 0x3F, 0x00, 0x00, 0x00, 0x07, 0xF8, 0xFB,
    0xC7, 0x0E, 0x70, 0x63, 0x87, 0x1E, 0x38, 0x7B, 0xC1, 0xFE, 0x0E, 0x70, 0x63, 0x07, 0x18, 0x71,
    0xF7, 0x0F, 0x00, 0x00, 0x00, 0x01, 0x80, 0x38, 0x03, 0x00, 0x30, 0x02, 0x00, 0x00, 0x3E, 0x1F,
    0xE7, 0x1C, 0xC3, 0xB8, 0x77, 0x1C, 0xFF, 0x1F, 0x03, 0x80, 0x70, 0x0E, 0x08, 0xFF, 0x1F, 0xC0,
    0x00, 0x04, 0x60, 0xEE, 0x0E, 0xE0, 0x46, 0x00, 0x00, 0x7C, 0x1F, 0xE3, 0x8E, 0x30, 0xE7, 0x0E,
    0x71, 0xC7, 0xF8, 0x7C, 0x07, 0x00, 0x70, 0x07, 0x04, 0x3F, 0xC3, 0xF8, 0x00, 0x00, 0x78, 0x07,
    0x80, 0x38, 0x07, 0xF0, 0x7E, 0x03, 0x00, 0x33, 0xE7, 0x7E, 0x7C, 0xE7, 0x86, 0x70, 0x67, 0x0E,
    0x70, 0xE6, 0x0E, 0xE0, 0xEE, 0x0E, 0xE0, 0xEE, 0x0E, 0xE0, 0xC0, 0x1C, 0x01, 0xC0, 0x1C, 0x03,
    0x80, 0xF0, 0x0E, 0x00, 0x00, 0x00, 0x1C, 0x07, 0x00, 0xC0, 0x30, 0x04, 0x00, 0x00, 0xFC, 0x3F,
    0xC4, 0x38, 0x07, 0x01, 0xC0, 0x70, 0x3C, 0x0E, 0x03, 0x80, 0xE0, 0x1C, 0x33, 0xFC, 0x3F, 0x00,
    0x00, 0x00, 0x00, 0xF8, 0x7F, 0x1C, 0x23, 0x00, 0xE0, 0x1D, 0xC3, 0xF8, 0x60, 0x0C, 0x01, 0xC0,
    0x38, 0x47, 0xF8, 0x7E, 0x00, 0x00, 0x00, 0x0F, 0xCF, 0xEE, 0x07, 0x03, 0xC0, 0xF0, 0x7C, 0x0F,
    0x03, 0x80, 0xC0, 0x6E, 0xF7, 0xF0, 0x00, 0x18, 0xE3, 0x84, 0x01, 0xEF, 0x1C, 0x71, 0xC7, 0x1C,
    0x71, 0x8E, 0x38, 0xFB, 0xC0, 0x00, 0x04, 0xDF, 0xBA, 0x20, 0x00, 0x1E, 0x78, 0x70, 0xE1, 0xC3,
    0x87, 0x0E, 0x18, 0x70, 0xE1, 0xF3, 0xC0, 0x00, 0x01, 0x80, 0xF0, 0x38, 0x06, 0x00, 0x01, 0xE0,
    0x78, 0x0C, 0x07, 0x01, 0xC0, 0x70, 0x1C, 0x07, 0x01, 0xC0, 0x70, 0x18, 0x06, 0x03, 0x80, 0xE0,
    0x38, 0x0E, 0x07, 0x0F, 0x83, 0xC0, 0x0F, 0xF8, 0x00, 0xFF, 0x80, 0x02, 0x38, 0x00, 0x63, 0x80,
    0x06, 0x3B, 0x80, 0x43, 0xFE, 0x0C, 0x3C, 0xE0, 0xC7, 0x0E, 0x0C, 0x70, 0x61, 0x87, 0x0E, 0x18,
    0x70, 0xEF, 0x03, 0x9C, 0xF0, 0x1F, 0x80, 0x00, 0x40, 0x70, 0x30, 0x0E, 0x0E, 0x01, 0xC1, 0xC0,
    0x38, 0x38, 0x07, 0x07, 0x38, 0xE0, 0xFF, 0x9F, 0xFE, 0x73, 0x83, 0x87, 0x60, 0x60, 0xFC, 0x0C,
    0x1B, 0x81, 0x87, 0x70, 0x39, 0xCE, 0x03, 0xF0, 0x00, 0x00, 0x00, 0x78, 0x07, 0x80, 0x38, 0x07,
    0xE0, 0xFE, 0x03, 0x00, 0x33, 0xE7, 0x7E, 0x7C, 0xE7, 0x86, 0x70, 0x67, 0x0E, 0x70, 0xE6, 0x0E,
    0xE0, 0xEE, 0x0E, 0xE0, 0xCE, 0x1F, 0xE0, 0xE0, 0x00, 0x00, 0x40, 0x0E, 0x00, 0xE0, 0x1C, 0x03,
    0x80, 0x20, 0x00, 0x07, 0x06, 0x70, 0xE7, 0x0E, 0x71, 0xC7, 0x38, 0x76, 0x07, 0xC0, 0x7E, 0x06,
    0x70, 0xE7, 0x0E, 0x38, 0xE3, 0xEE, 0x1E, 0x00, 0x00, 0x00, 0x01, 0x80, 0x1C, 0x00, 0xC0, 0x06,
    0x00, 0x20, 0x00, 0x0F, 0x06, 0xF0, 0xE7, 0x0E, 0x70, 0xE7, 0x0E, 0x60, 0xE6, 0x0C, 0xE0, 0xCE,
    0x1C, 0xE1, 0xCE, 0x3C, 0xFF, 0xF7, 0xDE, 0x00, 0x00, 0x06, 0x10, 0x71, 0xC1, 0x8C, 0x0F, 0xC0,
    0x00, 0x00, 0x00, 0xE0, 0xEF, 0x87, 0x1C, 0x38, 0xE0, 0xC7, 0x0E, 0x38, 0x60, 0xC3, 0x07, 0x38,
    0x39, 0x81, 0xCC, 0x0E, 0xC0, 0x3E, 0x01, 0xE0, 0x0E, 0x00, 0x30, 0x03, 0x00, 0x30, 0x1F, 0x80,
    0xF0, 0x00, 0xF0, 0x6F, 0x0E, 0x70, 0xE7, 0x0E, 0x70, 0xE6, 0x0E, 0x60, 0xCE, 0x0C, 0xE1, 0xCE,
    0x1C, 0xE3, 0xCF, 0xFF, 0x7D, 0xE0, 0x20, 0x06, 0x00, 0x60, 0x06, 0x00, 0x60, 0x0C, 0x00, 0x00,
    0x00, 0x00, 0x30, 0x06, 0x03, 0x80, 0x18, 0x38, 0x00, 0xC1, 0x80, 0x07, 0x1C, 0x00, 0x38, 0xE0,
    0xC1, 0xCE, 0x0F, 0x0E, 0x70, 0x70, 0x73, 0x83, 0x83, 0x9C, 0x1C, 0x1C, 0xE0, 0xE0, 0xE7, 0x06,
    0x07, 0x38, 0x30, 0x79, 0xC3, 0x83, 0x8E, 0x1E, 0x3C, 0x39, 0xB3, 0xC1, 0xF8, 0xFC, 0x00, 0x00,
    0x00, 0x00, 0x00, 0x06, 0x03, 0x06, 0x01, 0x87, 0x00, 0xE3, 0x00, 0x33, 0x86, 0x19, 0xC7, 0x0E,
    0xE3, 0x87, 0x61, 0xC3, 0xF0, 0xE3, 0x98, 0x61, 0xCE, 0x38, 0xE7, 0x3C, 0xE1, 0xF3, 0xE0, 0x00,
    0x00, 0x0F, 0xE0, 0x07, 0xC0, 0x03, 0x80, 0x03, 0x80, 0xFF, 0xFE, 0xC7, 0x0E, 0xC7, 0x0C, 0x87,
    0x04, 0x07, 0x00, 0x07, 0xFC, 0x07, 0x1E, 0x06, 0x0E, 0x0E, 0x0E, 0x0E, 0x0E, 0x0E, 0x0E, 0x0E,
    0x0E, 0x0E, 0x1C, 0x3F, 0xF8, 0x00, 0x00, 0x00, 0x00, 0x1C, 0xF8, 0x07, 0x7E, 0x01, 0xF3, 0x80,
    0x78, 0x70, 0x1C, 0x19, 0xC7, 0x0F, 0xF9, 0xC3, 0xC7, 0x70, 0xE1, 0xD8, 0x38, 0x7E, 0x0E, 0x1F,
    0x83, 0x86, 0xE0, 0xE3, 0x38, 0x1F, 0x80, 0x00, 0x00, 0x00, 0x00, 0x00, 0xFC, 0x1F, 0xF1, 0xE0,
    0xE1, 0xC7, 0x07, 0x07, 0x1C, 0x38, 0x18, 0x71, 0xC0, 0x61, 0xC7, 0x00, 0x07, 0x1C, 0x00, 0x1F,
    0xFF, 0xC0, 0x7F, 0xFF, 0x03, 0x8E, 0x00, 0x0E, 0x38, 0x00, 0x38, 0xE0, 0x00, 0xE3, 0xC0, 0x43,
    0x87, 0x03, 0x0E, 0x1E, 0x0C, 0x38, 0x3C, 0xF3, 0xF0, 0x7F, 0x80, 0x00, 0x00, 0x00, 0x00, 0x00,
    0x70, 0x3F, 0x70, 0x7F, 0x70, 0xE0, 0x71, 0xC0, 0x71, 0x80, 0x73, 0xB8, 0x7F, 0xFC, 0x63, 0x80,
    0x63, 0x80, 0xE3, 0x80, 0xE3, 0xC2, 0xE1, 0xFE, 0xE0, 0xFC, 0x00, 0x00, 0x00, 0x00, 0x00, 0x1E,
    0x00, 0x07, 0x80, 0x03, 0xE0, 0x00, 0xF8, 0x00, 0x76, 0x00, 0x19, 0xC0, 0x0E, 0x70, 0x03, 0x1C,
    0x01, 0xC7, 0x00, 0x61, 0xC0, 0x3F, 0xF8, 0x0F, 0xFE, 0x03, 0x33, 0x81, 0x8C, 0xE0, 0x63, 0x38,
    0x38, 0x8F, 0x3F, 0x6F, 0xE0, 0x00, 0xF0, 0x00, 0xF0, 0x01, 0xF0, 0x01, 0xB8, 0x03, 0x38, 0x07,
    0x38, 0x07, 0xFC, 0x0F, 0xFC, 0x0C, 0xDC, 0x1C, 0x9C, 0x19, 0x9E, 0x39, 0x8E, 0xFD, 0xBF, 0x00,
    0x00, 0x00, 0x03, 0xFF, 0xF8, 0x03, 0xFF, 0xF8, 0x01, 0x80, 0x70, 0x01, 0xC0, 0xE0, 0x00, 0xC1,
    0xC0, 0x00, 0x61, 0x80, 0x00, 0x73, 0x00, 0x00, 0x3E, 0x00, 0x01, 0xFF, 0xC0, 0x03, 0xDD, 0xC0,
    0x07, 0x1C, 0xE0, 0x07, 0x18, 0x70, 0x0E, 0x38, 0x70, 0x1C, 0x38, 0x38, 0x3C, 0x38, 0x38, 0x78,
    0x38, 0x1C, 0xF0, 0xFE, 0x1E, 0x07, 0xFF, 0xE0, 0x3F, 0xFF, 0x00, 0xE0, 0x60, 0x03, 0x86, 0x00,
    0x0E, 0x60, 0x00, 0x7E, 0x00, 0x0F, 0xFE, 0x00, 0xE6, 0x30, 0x0E, 0x71, 0xC0, 0xE3, 0x87, 0x07,
    0x1C, 0x38, 0xF0, 0xE0, 0xE7, 0x07, 0x07, 0x80, 0x02, 0x18, 0x0C, 0xC0, 0x1E, 0x00, 0x70, 0x00,
    0x00, 0x00, 0x00, 0xFF, 0x03, 0x9E, 0x1C, 0x1C, 0x60, 0x71, 0x81, 0xC0, 0x0E, 0x00, 0x70, 0x1F,
    0x80, 0xFF, 0x00, 0x1E, 0x00, 0x38, 0x00, 0xF0, 0x03, 0x80, 0x0E, 0x00, 0x78, 0x03, 0xC3, 0xFC,
    0x1F, 0x00, 0x60, 0x03, 0x81, 0x8E, 0x0E, 0x1F, 0xF0, 0x3F, 0x80, 0x00, 0x00, 0x43, 0x06, 0x60,
    0x3E, 0x03, 0xC0, 0x18, 0x00, 0x00, 0xFE, 0x1E, 0xF1, 0x87, 0x18, 0x70, 0x07, 0x00, 0xE0, 0x7C,
    0x07, 0xE0, 0x07, 0x00, 0x70, 0x07, 0x00, 0xE1, 0xFC, 0x7F, 0x06, 0x00, 0xE1, 0x8E, 0x18, 0x7F,
    0x83, 0xF0, 0x00, 0x80, 0x0F, 0xE0, 0x79, 0xE1, 0xC1, 0xE3, 0x81, 0xCE, 0x03, 0x9C, 0x07, 0x32,
    0x0F, 0xFF, 0x1F, 0xFF, 0xFB, 0x87, 0xF7, 0x00, 0xEE, 0x01, 0xDC, 0x03, 0x1C, 0x0E, 0x38, 0x38,
    0x38, 0xE0, 0x3F, 0x80, 0x00, 0x00, 0x00, 0x00, 0x3E, 0x07, 0xB8, 0x70, 0xE3, 0x87, 0x38, 0x39,
    0xF9, 0xCF, 0xFE, 0x73, 0xF3, 0x8F, 0x9C, 0x18, 0xE1, 0xC3, 0x9C, 0x1F, 0xC0, 0x00, 0x00, 0x00,
    0x00, 0xFE, 0x07, 0x38, 0x0F, 0x38, 0x1C, 0x38, 0x18, 0x18, 0x18, 0x1C, 0x30, 0x1C, 0x30, 0x1C,
    0x20, 0x1C, 0x60, 0x0C, 0x60, 0x0E, 0xC0, 0x0E, 0xC0, 0x0E, 0x80, 0x0F, 0x80, 0x0F, 0x80, 0x07,
    0x00, 0x07, 0x00, 0x00, 0x00, 0x00, 0x01, 0xC0, 0xEF, 0x03, 0x8E, 0x1C, 0x38, 0xE0, 0xE3, 0x03,
    0x8C, 0x0E, 0x60, 0x39, 0x80, 0x6C, 0x01, 0xB0, 0x07, 0x80, 0x1E, 0x00, 0x70, 0x00, 0x00, 0x00,
    0x0C, 0x20, 0x0E, 0x70, 0x07, 0x38, 0x03, 0x98, 0x01, 0x00, 0x00, 0x00, 0xFE, 0x07, 0x38, 0x0F,
    0x38, 0x1C, 0x38, 0x18, 0x18, 0x18, 0x1C, 0x30, 0x1C, 0x30, 0x1C, 0x20, 0x1C, 0x60, 0x0C, 0x60,
    0x0E, 0xC0, 0x0E, 0xC0, 0x0E, 0x80, 0x0F, 0x80, 0x0F, 0x80, 0x07, 0x00, 0x07, 0x00, 0x00, 0x00,
    0x23, 0x01, 0xDC, 0x03, 0x30, 0x06, 0x60, 0x08, 0x80, 0x02, 0x00, 0x00, 0x1C, 0x0E, 0xF0, 0x38,
    0xE1, 0xC3, 0x8E, 0x0E, 0x30, 0x38, 0xC0, 0xE6, 0x03, 0x98, 0x06, 0xC0, 0x1B, 0x00, 0x78, 0x01,
    0xE0, 0x07, 0x00, 0x00, 0x00, 0x00, 0x80, 0x00, 0x00, 0x7F, 0x00, 0x00, 0x1E, 0x78, 0x00, 0x03,
    0x81, 0xC0, 0x00, 0x38, 0x1C, 0x00, 0x07, 0x01, 0xCF, 0x06, 0x70, 0x1C, 0xF0, 0x77, 0x01, 0xE7,
    0x07, 0xE0, 0x1E, 0x70, 0x6E, 0x01, 0xC3, 0x06, 0xE0, 0x1C, 0x38, 0x6E, 0x01, 0xC3, 0x8C, 0xE0,
    0x1C, 0x38, 0xCE, 0x01, 0x83, 0x98, 0x70, 0x38, 0x19, 0x87, 0x07, 0x01, 0xB0, 0x38, 0xE0, 0x1B,
    0x01, 0xFC, 0x01, 0xE0, 0x00, 0x00, 0x1E, 0x00, 0x00, 0x00, 0xC0, 0x00, 0x00, 0x0C, 0x00, 0x00,
    0x03, 0x80, 0x00, 0x03, 0xF0, 0x00, 0x00, 0x1E, 0x00, 0x00, 0x00, 0x00, 0x03, 0xE1, 0xC1, 0xC7,
    0xB9, 0xE0, 0xE7, 0x0E, 0x38, 0x73, 0x87, 0x1C, 0x3B, 0x83, 0x8E, 0x1D, 0xC1, 0xC7, 0x0C, 0xE0,
    0xE3, 0x86, 0x70, 0x70, 0xC6, 0x38, 0x38, 0x63, 0x1C, 0x18, 0x3B, 0x0E, 0x1C, 0x1D, 0x83, 0x9C,
    0x0F, 0x81, 0xFC, 0x03, 0xC0, 0x00, 0x01, 0xC0, 0x00, 0x00, 0x60, 0x00, 0x00, 0x60, 0x00, 0x00,
    0x60, 0x00, 0x03, 0xE0, 0x00, 0x01, 0xE0, 0x00, 0x00, 0x00, 0x07, 0xF8, 0x3C, 0x70, 0xE0, 0x63,
    0x80, 0xC7, 0x01, 0x9C, 0x00, 0x38, 0x00, 0xF0, 0x01, 0xC0, 0x03, 0x80, 0x07, 0x00, 0x0E, 0x00,
    0x1E, 0x00, 0x1C, 0x06, 0x38, 0x1C, 0x3C, 0x70, 0x3F, 0xE0, 0x01, 0xC0, 0x03, 0x80, 0x07, 0x00,
    0x0E, 0x00, 0xFF, 0x00, 0xFC, 0x00, 0x00, 0xF8, 0x7F, 0x1C, 0x23, 0x00, 0xE0, 0x1C, 0x03, 0x80,
    0x60, 0x0C, 0x01, 0xC0, 0x3C, 0x03, 0xE0, 0x3E, 0x01, 0x80, 0x30, 0x0E, 0x01, 0xC0, 0x38, 0x00,
    0x00, 0x00, 0x00, 0xC0, 0x07, 0x00, 0x18, 0x10, 0x60, 0xF3, 0x81, 0xEC, 0x01, 0xF0, 0x01, 0xE0,
    0x0F, 0xEC, 0x33, 0xFC, 0xC3, 0x7F, 0x00, 0x78, 0x00, 0xF8, 0x03, 0x78, 0x1C, 0xF0, 0x60, 0x83,
    0x80, 0x0E, 0x00, 0x30, 0x00, 0x80, 0x00, 0x00, 0x30, 0x00, 0x03, 0xC0, 0x00, 0x32, 0x00, 0x00,
    0x00, 0x01, 0xE0, 0x1C, 0x09, 0x01, 0xB0, 0x00, 0x08, 0x80, 0x00, 0x00, 0x00, 0x00, 0x03, 0xC0,
    0x07, 0x92, 0x00, 0x26, 0x00, 0x00, 0x00, 0x00, 0x00, 0x00, 0x00, 0x00, 0x78, 0x07, 0x02, 0x40,
    0x44, 0x00, 0x00, 0x00, 0x00, 0x00, 0x00, 0x1E, 0x00, 0x01, 0x90, 0x00, 0x00, 0x00, 0x00, 0x00,
    0x00, 0x00, 0x00, 0xC0, 0x00, 0x06, 0x00, 0x04, 0x1C, 0x00, 0x18, 0x30, 0xE0, 0x78, 0x06, 0x00,
    0xE0, 0x18, 0x00, 0x00, 0x00, 0x00, 0x00, 0x00, 0x00, 0x00, 0x09, 0x00, 0x07, 0x3E, 0x00, 0x1E,
    0x30, 0x00, 0x40, 0x00, 0x00, 0x00, 0x00, 0x00, 0x01, 0x00, 0x40, 0x0E, 0x01, 0xC0, 0x30, 0x07,
    0x01, 0x87, 0x04, 0x00, 0x0C, 0x10, 0x00, 0x30, 0x00, 0x00, 0x80, 0x00, 0x00, 0x00, 0x00, 0x03,
    0x86, 0x00, 0xE3, 0x80, 0x38, 0xE0, 0x07, 0xF0, 0x00, 0x70, 0x00, 0x00, 0x03, 0xF0, 0xFC, 0x78,
    0x1C, 0x1C, 0x07, 0x07, 0x03, 0xC1, 0xC1, 0xF0, 0x70, 0x7C, 0x1C, 0x37, 0x07, 0x19, 0x81, 0x8C,
    0xE0, 0xE6, 0x38, 0x3B, 0x0E, 0x0F, 0x83, 0x83, 0xE0, 0xE0, 0xF0, 0x38, 0x38, 0x0E, 0x0E, 0x07,
    0xCF, 0xC7, 0xF0, 0x00, 0x1C, 0x00, 0x07, 0x00, 0x01, 0x80, 0x00, 0x60, 0x18, 0x61, 0x8E, 0x1C,
    0xC0, 0xFC, 0x00, 0x00, 0x00, 0xF0, 0x6F, 0x0E, 0x70, 0xE7, 0x0E, 0x70, 0xE6, 0x0E, 0x60, 0xCE,
    0x0C, 0xE1, 0xCE, 0x1C, 0xE3, 0xCF, 0xFF, 0x7D, 0xE0, 0x06, 0x00, 0x60, 0x0E, 0x00, 0xE0, 0x1C,
    0x01, 0x80, 0x00, 0x00, 0xFE, 0x01, 0xE0, 0x07, 0x00, 0x3F, 0xF0, 0xFF, 0x81, 0xC0, 0x07, 0xF8,
    0x1F, 0xF8, 0x60, 0xE3, 0x81, 0xCE, 0x07, 0x38, 0x1C, 0xE0, 0x73, 0x83, 0x8E, 0x0E, 0x38, 0xF3,
    0xFF, 0x00, 0x00, 0x00, 0x18, 0x0F, 0x00, 0xE0, 0x1C, 0x03, 0x80, 0x70, 0x3F, 0xC7, 0xF8, 0x38,
    0x06, 0x01, 0xCE, 0x3F, 0xE7, 0x8E, 0xE1, 0xDC, 0x3B, 0x87, 0x71, 0xCE, 0x30, 0xFC, 0x00, 0x00,
    0x00, 0x00, 0x7F, 0xE0, 0x70, 0xE0, 0xE0, 0xE1, 0xC1, 0xC3, 0x83, 0x87, 0x07, 0x0E, 0x0E, 0x1D,
    0x9C, 0x71, 0x70, 0xF3, 0xC1, 0xFF, 0x03, 0x82, 0x07, 0x06, 0x0E, 0x00, 0x1C, 0x00, 0x78, 0x01,
    0xFC, 0x00, 0x00, 0x03, 0xDF, 0x1F, 0xFC, 0x78, 0xE3, 0x87, 0x1C, 0x38, 0xE1, 0xC6, 0x0E, 0x30,
    0x73, 0x83, 0x9D, 0xB8, 0xE7, 0xC7, 0x3C, 0x3F, 0xC1, 0xC3, 0x0C, 0x08, 0xE0, 0x07, 0x00, 0x38,
    0x01, 0xC0, 0x00, 0x00, 0x00, 0x00, 0x30, 0x00, 0xC0, 0x07, 0x00, 0x1C, 0xFF, 0xF0, 0xE3, 0x83,
    0x80, 0x0E, 0x00, 0x30, 0x01, 0xC0, 0x07, 0x00, 0x1C, 0x00, 0x70, 0x01, 0xC0, 0x07, 0x00, 0x1C,
    0x00, 0xE0, 0x03, 0x80, 0x0E, 0x00, 0x38, 0x03, 0xFC, 0x00, 0x00, 0x40, 0x0C, 0x03, 0x00, 0x67,
    0xFC, 0xFF, 0x8E, 0x01, 0xC0, 0x38, 0x06, 0x00, 0xC0, 0x38, 0x07, 0x00, 0xE0, 0x1C, 0x03, 0x80,
    0x70, 0x00, 0x00, 0x00, 0xFF, 0xF0, 0xE1, 0xC3, 0x07, 0x1C, 0x1C, 0x70, 0x21, 0xC0, 0x87, 0x00,
    0x3F, 0xC1, 0xFF, 0x01, 0xC0, 0x0E, 0x00, 0x38, 0x00, 0xE0, 0x03, 0x80, 0x0E, 0x00, 0x38, 0x03,
    0xF8, 0x00, 0x7F, 0xEF, 0xFC, 0xE3, 0x1C, 0x63, 0x80, 0x70, 0x0E, 0x07, 0xF8, 0x30, 0x06, 0x01,
    0xC0, 0x38, 0x07, 0x00, 0x00, 0x00, 0xFF, 0xE0, 0xE3, 0x83, 0x86, 0x0C, 0x18, 0x70, 0x61, 0xC1,
    0x07, 0x00, 0x1D, 0xE0, 0x7F, 0xE1, 0xC3, 0x87, 0x07, 0x18, 0x1C, 0xE0, 0x73, 0x81, 0xCE, 0x06,
    0x38, 0x1B, 0xF8, 0xE0, 0x03, 0x00, 0x1C, 0x03, 0xE0, 0x0E, 0x00, 0x7F, 0xE7, 0xFE, 0x38, 0x63,
    0x8C, 0x38, 0x03, 0x10, 0x3F, 0xC7, 0xDE, 0x70, 0x77, 0x07, 0x70, 0x77, 0x07, 0x70, 0x60, 0x0E,
    0x00, 0xC0, 0x3C, 0x1F, 0x00, 0xC0, 0x00, 0x00, 0x00, 0x1F, 0x9F, 0xCF, 0xC3, 0x03, 0x83, 0x80,
    0xC1, 0xC1, 0x80, 0x60, 0xE1, 0x80, 0x18, 0x61, 0x80, 0x0C, 0x71, 0xC0, 0x03, 0x38, 0xC0, 0x00,
    0xDC, 0xC0, 0x00, 0xFF, 0xE0, 0x00, 0xE7, 0x38, 0x00, 0xE3, 0x9C, 0x00, 0xE1, 0xC7, 0x00, 0x70,
    0xC3, 0x80, 0x70, 0xE0, 0xE0, 0x78, 0x70, 0x70, 0x78, 0x38, 0x1E, 0x78, 0x7F, 0x0F, 0x00, 0x00,
    0x01, 0x80, 0x00, 0x00, 0xC0, 0x00, 0x00, 0x60, 0x00, 0x00, 0x20, 0x1E, 0x1C, 0x1E, 0x7C, 0x38,
    0x7D, 0x9C, 0x71, 0x80, 0x38, 0xE7, 0x00, 0x71, 0x8C, 0x00, 0x67, 0x38, 0x01, 0xFF, 0xF0, 0x03,
    0x9C, 0xE0, 0x07, 0x39, 0xC0, 0x0C, 0x73, 0x80, 0x38, 0xE7, 0x13, 0xE1, 0xC7, 0xE7, 0x83, 0x0F,
    0x80, 0x00, 0x07, 0x00, 0x00, 0x0E, 0x00, 0x00, 0x1C, 0x00, 0x00, 0x30, 0x00, 0x00, 0xE0, 0x00,
    0x01, 0x00, 0x00, 0x00, 0xFF, 0x07, 0x1C, 0x70, 0x73, 0x83, 0x88, 0x1C, 0x00, 0xE0, 0x0E, 0x07,
    0xC0, 0x7F, 0x00, 0x3C, 0x00, 0xE0, 0x07, 0xA0, 0x3D, 0x81, 0xDC, 0x0E, 0xE1, 0xE3, 0xFC, 0x01,
    0x80, 0x0C, 0x00, 0x60, 0x1F, 0x00, 0xF0, 0x02, 0x00, 0x1F, 0x9F, 0xF4, 0x1C, 0x07, 0x03, 0x81,
    0xC1, 0xF0, 0x0E, 0x03, 0xC0, 0xF0, 0x3B, 0x9E, 0xFE, 0x06, 0x01, 0x80, 0x60, 0x18, 0x0C, 0x02,
    0x00, 0x00, 0x00, 0x1F, 0x8F, 0x87, 0x83, 0x83, 0x83, 0x81, 0xC1, 0x80, 0xE1, 0x80, 0x71, 0x80,
    0x39, 0x80, 0x1D, 0x80, 0x0F, 0xC0, 0x0E, 0x70, 0x07, 0x1C, 0x03, 0x8E, 0x01, 0xC3, 0x80, 0xE1,
    0xC0, 0x70, 0x70, 0x38, 0x3E, 0x7E, 0x0F, 0x00, 0x03, 0x80, 0x01, 0xC0, 0x00, 0xC0, 0x00, 0x60,
    0x00, 0x07, 0x06, 0x70, 0xE7, 0x0E, 0x71, 0xC7, 0x38, 0x76, 0x07, 0xC0, 0x7E, 0x06, 0x70, 0xE7,
    0x0E, 0x38, 0xE3, 0xEE, 0x1E, 0x00, 0x60, 0x0E, 0x00, 0xE0, 0x0E, 0x01, 0xC0, 0x10, 0x00, 0x00,
    0x0F, 0xC3, 0xF1, 0xE0, 0x30, 0x70, 0x18, 0x1C, 0x0E, 0x07, 0x67, 0x01, 0xD9, 0x80, 0x76, 0xC0,
    0x1D, 0xE0, 0x07, 0xF8, 0x03, 0xB7, 0x00, 0xED, 0xC0, 0x3B, 0x38, 0x0E, 0xCE, 0x03, 0x81, 0xC0,
    0xE0, 0x78, 0x38, 0x0F, 0x3F, 0x03, 0xE0, 0x00, 0x01, 0xC0, 0xE7, 0x03, 0x9C, 0x0C, 0x74, 0x71,
    0xD3, 0x87, 0x58, 0x1F, 0xE0, 0x75, 0x81, 0xB7, 0x06, 0xDC, 0x38, 0x38, 0xE0, 0xFB, 0x81, 0xE0,
    0x00, 0x00, 0x00, 0x00, 0x1F, 0x8F, 0x87, 0x83, 0x83, 0xE3, 0x83, 0xF1, 0x80, 0xE1, 0x80, 0x71,
    0x80, 0x39, 0x80, 0x1D, 0x80, 0x0F, 0xC0, 0x0E, 0x70, 0x07, 0x1C, 0x03, 0x8E, 0x01, 0xC3, 0x80,
    0xE1, 0xC0, 0x70, 0x70, 0x38, 0x3C, 0x7E, 0x0F, 0x00, 0x38, 0x07, 0x80, 0x38, 0x07, 0xE0, 0x7E,
    0x03, 0x00, 0x30, 0xE7, 0x0E, 0x70, 0xE7, 0x1C, 0x73, 0x07, 0xE0, 0x7C, 0x06, 0xE0, 0xEE, 0x0E,
    0x70, 0xE3, 0x8E, 0x3E, 0xE1, 0xE0, 0x00, 0x00, 0x00, 0x0F, 0xFC, 0xFD, 0x8E, 0x06, 0x31, 0xC1,
    0x8C, 0x38, 0x61, 0x87, 0x18, 0x30, 0xE3, 0x00, 0x18, 0xC0, 0x07, 0x30, 0x00, 0xFE, 0x00, 0x1C,
    0xE0, 0x03, 0x9C, 0x00, 0x71, 0xC0, 0x0E, 0x38, 0x01, 0xC3, 0x80, 0x70, 0x70, 0x0E, 0x07, 0x07,
    0xF0, 0xF0, 0x7F, 0x0C, 0xFE, 0x1D, 0x9C, 0x77, 0x38, 0xCC, 0x73, 0x00, 0xDC, 0x03, 0xF0, 0x07,
    0x60, 0x0E, 0xE0, 0x1C, 0xE0, 0x39, 0xC0, 0x71, 0xF0, 0xC3, 0xE0, 0x00, 0x00, 0x00, 0x00, 0x03,
    0xF0, 0xFC, 0x38, 0x0E, 0x07, 0x01, 0xC0, 0xE0, 0x38, 0x1C, 0x07, 0x03, 0x80, 0xE0, 0x70, 0x18,
    0x0F, 0xFF, 0x03, 0xFF, 0xE0, 0x70, 0x1C, 0x0E, 0x03, 0x81, 0xC0, 0x70, 0x38, 0x0E, 0x07, 0x01,
    0xC0, 0xE0, 0x70, 0x3C, 0x0F, 0x8F, 0xC7, 0xF0, 0x00, 0x0E, 0x00, 0x01, 0xC0, 0x00, 0x30, 0x00,
    0x06, 0x00, 0x70, 0x77, 0x07, 0x70, 0x67, 0x0E, 0x70, 0xE7, 0x0E, 0x7F, 0xE6, 0x0E, 0x60, 0xEE,
    0x0E, 0xE0, 0xCE, 0x1F, 0xE0, 0xF0, 0x06, 0x00, 0x60, 0x06, 0x00, 0x60, 0x0C, 0x00, 0x80, 0x00,
    0x00, 0x00, 0x7E, 0x1F, 0xF8, 0x78, 0x1C, 0x30, 0xE0, 0x38, 0x61, 0xC0, 0x70, 0xC3, 0x80, 0xE1,
    0x87, 0x01, 0xC3, 0x0E, 0x03, 0x80, 0x1F, 0xFF, 0x00, 0x3F, 0xFC, 0x00, 0xE0, 0x38, 0x01, 0xC0,
    0x70, 0x03, 0x80, 0xE0, 0x07, 0x01, 0xC0, 0x0E, 0x03, 0x80, 0x1C, 0x07, 0x00, 0x38, 0x0E, 0x01,
    0xF8, 0x7F, 0x00, 0x70, 0x3F, 0x9C, 0x1F, 0xE7, 0x07, 0x19, 0xC1, 0xC6, 0x70, 0x71, 0x9C, 0x1C,
    0x07, 0xFF, 0x01, 0xC1, 0x80, 0x60, 0x60, 0x38, 0x38, 0x0E, 0x0E, 0x03, 0x83, 0xE0, 0xE0, 0xF0,
    0x00, 0x00, 0x00, 0x00, 0x00, 0x00, 0x7F, 0xFF, 0x80, 0x38, 0x1C, 0x00, 0x70, 0x38, 0x00, 0xC0,
    0x70, 0x03, 0x80, 0xC0, 0x07, 0x03, 0x80, 0x0E, 0x07, 0x00, 0x1C, 0x0F, 0xF8, 0x38, 0x1F, 0xF8,
    0x70, 0x38, 0x78, 0xE0, 0x70, 0x71, 0x80, 0xE0, 0xE7, 0x01, 0x81, 0xCE, 0x07, 0x03, 0x9C, 0x0E,
    0x07, 0x38, 0x1C, 0x0D, 0xFC, 0xFE, 0x38, 0x00, 0x00, 0x60, 0x00, 0x01, 0xC0, 0x00, 0x07, 0x00,
    0x00, 0x3C, 0x00, 0x00, 0x60, 0x00, 0x00, 0x00, 0x1C, 0xF8, 0x07, 0x7E, 0x01, 0xF3, 0x80, 0x78,
    0x60, 0x1C, 0x18, 0x07, 0x0E, 0x01, 0xC3, 0x88, 0x60, 0xEF, 0x98, 0x3E, 0xEE, 0x0E, 0x3B, 0x83,
    0x86, 0xE0, 0xC1, 0xB8, 0x70, 0xE0, 0x00, 0x38, 0x00, 0x0C, 0x00, 0x07, 0x00, 0x07, 0x80, 0x01,
    0x80, 0x00, 0x00, 0x00, 0xFE, 0x00, 0xF0, 0x00, 0x70, 0x00, 0x38, 0x1F, 0x1E, 0x1F, 0xE7, 0x0E,
    0x1D, 0xC3, 0x07, 0xE1, 0xC1, 0xF8, 0x70, 0x7E, 0x1C, 0x1F, 0x87, 0x07, 0xE1, 0xC3, 0xBC, 0x70,
    0xE7, 0x0C, 0x71, 0xE3, 0xB8, 0x3C, 0x78, 0x03, 0xFF, 0xC0, 0x00, 0x00, 0x00, 0x00, 0x0F, 0x80,
    0x79, 0x01, 0xC0, 0x03, 0x87, 0xCE, 0x39, 0x9C, 0x63, 0xB9, 0xC7, 0x73, 0x8E, 0xE7, 0x19, 0xCE,
    0x33, 0x8E, 0xC3, 0x9F, 0x03, 0xFF, 0x80, 0x00, 0x00, 0x00, 0x00, 0x1F, 0xF0, 0xE1, 0xC7, 0x06,
    0x38, 0x19, 0xC0, 0x67, 0x00, 0x1C, 0x00, 0xE0, 0x03, 0x80, 0x0E, 0x00, 0x38, 0x00, 0xE0, 0x03,
    0xC0, 0x47, 0x03, 0x1E, 0x0C, 0x3C, 0xF0, 0x7F, 0x80, 0x30, 0x00, 0xC0, 0x03, 0x00, 0x7C, 0x01,
    0xE0, 0x02, 0x00, 0x00, 0x00, 0xF8, 0x7F, 0x1C, 0x23, 0x00, 0xE0, 0x1C, 0x03, 0x80, 0x60, 0x0E,
    0x01, 0xC0, 0x38, 0x47, 0xF8, 0x7E, 0x07, 0x00, 0xC0, 0x1C, 0x03, 0x80, 0xE0, 0x18, 0x00, 0x00,
    0x00, 0xFF, 0xFD, 0x8E, 0x3B, 0x1C, 0x6C, 0x38, 0xD8, 0x71, 0xB0, 0xE1, 0x01, 0x80, 0x07, 0x00,
    0x0E, 0x00, 0x1C, 0x00, 0x38, 0x00, 0x70, 0x00, 0xE0, 0x01, 0xC0, 0x07, 0x00, 0x0F, 0xC0, 0x7F,
    0x80, 0x03, 0x00, 0x06, 0x00, 0x0C, 0x00, 0x10, 0x00, 0x00, 0x00, 0x07, 0x3E, 0x7C, 0x77, 0xEF,
    0xC7, 0xCF, 0x8E, 0x78, 0x70, 0xE7, 0x06, 0x0C, 0x70, 0xE0, 0xC7, 0x0E, 0x1C, 0x60, 0xE1, 0xC6,
    0x0E, 0x1C, 0xE0, 0xE1, 0xCE, 0x0E, 0x1C, 0xE0, 0xC1, 0xEE, 0x1C, 0x1E, 0x00, 0x00, 0xC0, 0x00,
    0x0C, 0x00, 0x00, 0xC0, 0x00, 0x0C, 0x00, 0x01, 0xC0, 0x00, 0x10, 0x00, 0x00, 0x7E, 0x3E, 0x38,
    0x1C, 0x38, 0x18, 0x1C, 0x38, 0x1C, 0x30, 0x0E, 0x60, 0x0E, 0x60, 0x0E, 0xC0, 0x07, 0xC0, 0x07,
    0x80, 0x03, 0x00, 0x07, 0x00, 0x07, 0x00, 0x07, 0x00, 0x07, 0x00, 0x07, 0x00, 0x3F, 0xC0, 0x00,
    0x03, 0x81, 0xBC, 0x1C, 0x70, 0x63, 0x83, 0x1C, 0x38, 0xE1, 0xC3, 0x0C, 0x1C, 0xC0, 0xE6, 0x07,
    0x60, 0x1E, 0x00, 0xE0, 0x07, 0x00, 0x30, 0x01, 0x80, 0x1C, 0x00, 0xE0, 0x07, 0xC0, 0x38, 0x00,
    0x00, 0x00, 0x7E, 0x3E, 0x38, 0x1C, 0x38, 0x18, 0x7F, 0xFC, 0x7F, 0xFC, 0x0E, 0x60, 0x0E, 0x60,
    0x0E, 0xC0, 0x07, 0xC0, 0x07, 0x80, 0x03, 0x00, 0x07, 0x00, 0x07, 0x00, 0x07, 0x00, 0x07, 0x00,
    0x07, 0x00, 0x3F, 0xC0, 0x00, 0x03, 0x81, 0xBC, 0x1C, 0x70, 0x63, 0x83, 0x1C, 0x38, 0xE1, 0xC3,
    0x0C, 0x1C, 0xC0, 0xE6, 0x07, 0x60, 0x1E, 0x00, 0xF0, 0x3F, 0xE0, 0x38, 0x01, 0x80, 0x1C, 0x00,
    0xE0, 0x07, 0xC0, 0x38, 0x00, 0x00, 0x00, 0x1F, 0xCF, 0xC3, 0x83, 0x81, 0xC1, 0x80, 0x71, 0xC0,
    0x38, 0xC0, 0x0E, 0xC0, 0x07, 0xC0, 0x01, 0xC0, 0x00, 0xE0, 0x00, 0xF8, 0x00, 0x7C, 0x00, 0x6E,
    0x00, 0x63, 0x80, 0x71, 0xC0, 0x30, 0x70, 0x30, 0x3E, 0x7E, 0x7F, 0x00, 0x01, 0x80, 0x00, 0xC0,
    0x00, 0x60, 0x00, 0x20, 0x3C, 0x39, 0xE3, 0x83, 0x98, 0x1D, 0xC0, 0x7C, 0x03, 0xC0, 0x1C, 0x00,
    0xF0, 0x0F, 0x80, 0xEC, 0x0E, 0x70, 0x63, 0xE7, 0x0F, 0x00, 0x18, 0x01, 0xC0, 0x0E, 0x00, 0x70,
    0x07, 0x00, 0x20, 0x00, 0x00, 0x03, 0xFF, 0xCF, 0xD9, 0xCE, 0x38, 0xCE, 0x31, 0xCC, 0x71, 0x8E,
    0x63, 0x8C, 0x70, 0x1C, 0x03, 0x80, 0xE0, 0x18, 0x06, 0x01, 0xC0, 0x30, 0x0E, 0x03, 0x80, 0x70,
    0x1C, 0x03, 0x80, 0xE0, 0x1C, 0x07, 0x00, 0xE0, 0x38, 0x06, 0x01, 0xC0, 0x70, 0x0E, 0x03, 0xE1,
    0xFF, 0xFF, 0x00, 0x00, 0x38, 0x00, 0x01, 0xC0, 0x00, 0x0C, 0x00, 0x00, 0x60, 0x00, 0x00, 0x00,
    0x0F, 0xC0, 0xFC, 0x00, 0x00, 0x00, 0xF0, 0x6F, 0x0E, 0x70, 0xE7, 0x0E, 0x70, 0xE6, 0x0E, 0x60,
    0xCE, 0x0C, 0xE1, 0xCE, 0x1C, 0xE3, 0xCF, 0xFF, 0x7D, 0xE0, 0x06, 0x00, 0x60, 0x0E, 0x00, 0xE0,
    0x1C, 0x01, 0x80, 0x00, 0x01, 0xF8, 0xFD, 0xE0, 0xE3, 0x81, 0xC7, 0x03, 0x8E, 0x07, 0x1C, 0x0E,
    0x38, 0x1C, 0x70, 0x30, 0xF0, 0xE0, 0xFF, 0xC0, 0x23, 0x80, 0x07, 0x00, 0x0E, 0x00, 0x1C, 0x00,
    0x38, 0x00, 0xF8, 0x07, 0xF0, 0x00, 0x60, 0x00, 0xC0, 0x01, 0x80, 0x02, 0x00, 0xF0, 0xEF, 0x0E,
    0x70, 0xE7, 0x0E, 0x60, 0xE6, 0x0C, 0x61, 0xC7, 0xFC, 0x3D, 0xC0, 0x1C, 0x01, 0xC0, 0x1E, 0x01,
    0xE0, 0x06, 0x00, 0x60, 0x0E, 0x00, 0xE0, 0x1C, 0x01, 0x00, 0x00, 0x01, 0xF8, 0xFD, 0xE0, 0xE3,
    0x81, 0xC7, 0x03, 0x8E, 0x07, 0x1C, 0xCE, 0x39, 0x9C, 0x73, 0x38, 0xF6, 0xE0, 0xFF, 0xC0, 0x33,
    0x80, 0x67, 0x00, 0xCE, 0x00, 0x1C, 0x00, 0x38, 0x00, 0xF0, 0x03, 0xF0, 0xF0, 0xEF, 0x0E, 0x70,
    0xE7, 0x0E, 0x64, 0xE6, 0x4C, 0x6D, 0xC7, 0xFC, 0x3D, 0xC0, 0xDC, 0x09, 0xC0, 0x1E, 0x01, 0xE0,
    0x00, 0x00, 0x00, 0x7F, 0x00, 0x38, 0x00, 0x70, 0x01, 0xC0, 0x03, 0x80, 0x07, 0x00, 0x0E, 0x70,
    0x1F, 0xF8, 0x3C, 0x78, 0x70, 0x70, 0xC0, 0xE3, 0x81, 0xC7, 0x03, 0x8E, 0x07, 0x1C, 0x0E, 0x38,
    0x3D, 0xF8, 0xFC, 0x78, 0x07, 0x80, 0x38, 0x03, 0x80, 0x38, 0x03, 0x00, 0x33, 0xE7, 0x7E, 0x7C,
    0xE7, 0x87, 0x70, 0x67, 0x0E, 0x70, 0xE6, 0x0E, 0xE0, 0xEE, 0x0E, 0xE0, 0xCE, 0x1F, 0xE0, 0xE0,
    0x00, 0x00, 0x00, 0x00, 0x7F, 0x00, 0x73, 0xC0, 0x60, 0xE0, 0x70, 0x3A, 0x30, 0x1F, 0x38, 0x0F,
    0x98, 0x07, 0xFF, 0xFF, 0xBF, 0xFF, 0x87, 0x00, 0x03, 0x80, 0x01, 0xC0, 0x00, 0xE0, 0x00, 0x38,
    0x08, 0x1C, 0x0C, 0x07, 0x0E, 0x01, 0xFF, 0x00, 0x00, 0x00, 0x00, 0x00, 0x03, 0xE0, 0x3B, 0xC1,
    0xC7, 0xC6, 0x1F, 0xB8, 0x6C, 0xE7, 0x9F, 0xF8, 0x3F, 0x80, 0x70, 0x01, 0xC0, 0x03, 0x82, 0x0F,
    0xF8, 0x1F, 0x80, 0x00, 0x00, 0x00, 0x00, 0x00, 0x7F, 0x00, 0x73, 0xC0, 0x60, 0xE0, 0x70, 0x3A,
    0x30, 0x1F, 0x38, 0x0F, 0x98, 0x07, 0xFF, 0xFF, 0xBF, 0xFF, 0x87, 0x00, 0x03, 0x80, 0x01, 0xC0,
    0x00, 0xE0, 0x00, 0x38, 0x08, 0x1C, 0x0C, 0x07, 0x0E, 0x01, 0xFF, 0x00, 0x18, 0x00, 0x0C, 0x00,
    0x06, 0x00, 0x0F, 0x00, 0x07, 0x00, 0x00, 0x00, 0x03, 0xE0, 0x3B, 0xC1, 0xC7, 0xC6, 0x1F, 0xB8,
    0x6C, 0xE7, 0x9F, 0xF8, 0x3F, 0x80, 0x70, 0x01, 0xC0, 0x03, 0x82, 0x0F, 0xF8, 0x1F, 0x80, 0x18,
    0x00, 0x60, 0x01, 0x80, 0x06, 0x00, 0x30, 0x00, 0x80, 0x00, 0x1F, 0x87, 0x83, 0x81, 0xC0, 0xE0,
    0x70, 0x38, 0x1C, 0x0E, 0x0E, 0x07, 0x03, 0x81, 0xC0, 0xE0, 0x70, 0x38, 0x7E, 0x00, 0x00, 0x30,
    0xC0, 0x00, 0x18, 0x60, 0x00, 0x0C, 0x30, 0x00, 0x03, 0xF0, 0x00, 0x00, 0xE0, 0x00, 0x00, 0x00,
    0x00, 0xFC, 0xFE, 0x7E, 0x18, 0x1C, 0x1C, 0x06, 0x0E, 0x0C, 0x03, 0x07, 0x0C, 0x00, 0xC3, 0x0C,
    0x00, 0x63, 0x8E, 0x00, 0x19, 0xC6, 0x00, 0x06, 0xE6, 0x00, 0x07, 0xFF, 0x00, 0x07, 0x39, 0xC0,
    0x07, 0x1C, 0xE0, 0x07, 0x0E, 0x38, 0x03, 0x86, 0x1C, 0x03, 0x87, 0x07, 0x03, 0xC3, 0x83, 0x83,
    0xC1, 0xC0, 0xE3, 0xC3, 0xF8, 0x78, 0x00, 0x61, 0x80, 0x00, 0xE3, 0x00, 0x01, 0xCE, 0x00, 0x01,
    0xF8, 0x00, 0x00, 0x00, 0x00, 0x00, 0x00, 0x07, 0x87, 0x07, 0x9F, 0x0E, 0x1F, 0x67, 0x1C, 0x60,
    0x0E, 0x39, 0xC0, 0x1C, 0x63, 0x00, 0x19, 0xCE, 0x00, 0x7F, 0xFC, 0x00, 0xE7, 0x38, 0x01, 0xCE,
    0x70, 0x03, 0x1C, 0xE0, 0x0E, 0x39, 0xC4, 0xF8, 0x71, 0xF9, 0xE0, 0xC3, 0xE0, 0x00, 0x00, 0x00,
    0x00, 0x00, 0x1F, 0x8F, 0x87, 0x03, 0x03, 0x83, 0x01, 0xC1, 0x80, 0xE1, 0x80, 0x71, 0x80, 0x39,
    0x80, 0x1F, 0xC0, 0x0F, 0xF8, 0x0E, 0x0E, 0x07, 0x03, 0x83, 0x81, 0xC1, 0xC0, 0xE0, 0xE0, 0x70,
    0x70, 0x38, 0x38, 0x1C, 0x7E, 0x0E, 0x00, 0x0E, 0x00, 0x06, 0x00, 0x0F, 0x00, 0x3E, 0x00, 0x1C,
    0x00, 0x00, 0x0E, 0x0D, 0xC3, 0xB8, 0x77, 0x1C, 0xE3, 0x1C, 0xC3, 0xF8, 0x73, 0xCC, 0x3B, 0x83,
    0xF0, 0x7E, 0x0F, 0xC1, 0xC0, 0x38, 0x0E, 0x03, 0x83, 0xE0, 0x70, 0x00, 0x00, 0x00, 0x01, 0xFF,
    0xF0, 0x18, 0x70, 0x06, 0x18, 0x01, 0x0E, 0x00, 0xC3, 0x80, 0x30, 0xE0, 0x0C, 0x38, 0x03, 0x0E,
    0x01, 0x83, 0x80, 0x60, 0xE0, 0x18, 0x70, 0x06, 0x1C, 0x03, 0x07, 0x00, 0xC1, 0xC1, 0x60, 0x70,
    0xF8, 0x1C, 0x3C, 0x1F, 0xC0, 0x00, 0x70, 0x00, 0x18, 0x00, 0x0E, 0x00, 0x07, 0x00, 0x03, 0x00,
    0x0F, 0xF8, 0x3F, 0xE0, 0x63, 0x81, 0x8E, 0x06, 0x38, 0x10, 0xE0, 0xC3, 0x03, 0x1C, 0x0C, 0x70,
    0x61, 0xC1, 0x87, 0x3C, 0x1F, 0xF0, 0x7C, 0x00, 0x60, 0x01, 0x80, 0x0C, 0x00, 0x60, 0x03, 0x00,
    0x00, 0x00, 0x07, 0xE1, 0xF8, 0x78, 0x1C, 0x0E, 0x03, 0x81, 0xC0, 0x70, 0x38, 0x0E, 0x07, 0x01,
    0xC0, 0xE0, 0x38, 0x1F, 0xFF, 0x03, 0xFF, 0xE0, 0xE0, 0x18, 0x1C, 0x07, 0x03, 0x80, 0xE0, 0x70,
    0x1C, 0x0E, 0x03, 0x81, 0xC0, 0x70, 0x38, 0x0E, 0x1F, 0x83, 0x80, 0x00, 0x70, 0x00, 0x1C, 0x00,
    0x0F, 0x00, 0x01, 0x80, 0x00, 0x70, 0x77, 0x07, 0x70, 0x77, 0x06, 0x70, 0xE7, 0x0E, 0x7F, 0xE6,
    0x0E, 0x60, 0xEE, 0x0E, 0xE0, 0xEE, 0x0C, 0xE1, 0xC0, 0x1C, 0x01, 0xC0, 0x38, 0x1F, 0x01, 0xE0,
    0x00, 0x00, 0x03, 0xF0, 0xFC, 0x38, 0x0E, 0x07, 0x01, 0xC0, 0xE0, 0x38, 0x1C, 0x07, 0x03, 0x80,
    0xE0, 0x70, 0x18, 0x0F, 0xFF, 0x03, 0xFF, 0xE0, 0x70, 0x1C, 0x0E, 0x03, 0x81, 0xC0, 0x70, 0x38,
    0x0E, 0x07, 0x01, 0xC0, 0xE0, 0x70, 0x3C, 0x0F, 0x0F, 0xC7, 0xF0, 0x00, 0x0E, 0x00, 0x01, 0xC0,
    0x00, 0x70, 0x00, 0x1C, 0x00, 0x03, 0x00, 0x70, 0x77, 0x07, 0x70, 0x67, 0x0E, 0x70, 0xE7, 0x0E,
    0x7F, 0xE6, 0x0E, 0x60, 0xEE, 0x0E, 0xE0, 0xCE, 0x1F, 0xE0, 0xF0, 0x07, 0x00, 0x60, 0x0C, 0x01,
    0x80, 0x30, 0x00, 0x01, 0xF8, 0xFD, 0xE0, 0xE3, 0x81, 0xC7, 0x03, 0x8E, 0x07, 0x1C, 0x0E, 0x38,
    0x1C, 0x70, 0x30, 0xF0, 0xE0, 0xFF, 0xC0, 0x23, 0x80, 0x07, 0x00, 0x0E, 0x00, 0x1C, 0x00, 0x38,
    0x01, 0xF0, 0x07, 0xF0, 0x0E, 0x00, 0x18, 0x00, 0x30, 0x00, 0xC0, 0x00, 0x80, 0x00, 0xF0, 0xEF,
    0x0E, 0x70, 0xE7, 0x0E, 0x60, 0xE6, 0x0C, 0x61, 0xC7, 0xFC, 0x3D, 0xC0, 0x1C, 0x01, 0xC0, 0x1E,
    0x0D, 0xE0, 0xC0, 0x0C, 0x00, 0xC0, 0x18, 0x00, 0x00, 0x00, 0x00, 0x00, 0x1F, 0x80, 0xF8, 0x1F,
    0x03, 0xE0, 0x3E, 0x07, 0x80, 0x7C, 0x1B, 0x00, 0xD8, 0x36, 0x01, 0xB8, 0x6C, 0x06, 0x71, 0x98,
    0x0C, 0xE3, 0x30, 0x19, 0xCC, 0xE0, 0x33, 0x99, 0xC0, 0xC3, 0x63, 0x81, 0x86, 0xC7, 0x03, 0x0F,
    0x0E, 0x06, 0x1E, 0x1C, 0x1C, 0x3C, 0x38, 0x30, 0x70, 0x79, 0xF8, 0x63, 0xF8, 0x00, 0x00, 0x70,
    0x00, 0x00, 0xE0, 0x00, 0x03, 0x80, 0x00, 0x0E, 0x00, 0x00, 0x18, 0x00, 0x0F, 0xC1, 0xE0, 0xFC,
    0x1E, 0x03, 0xC3, 0xC0, 0x7C, 0x3C, 0x07, 0xC7, 0xC0, 0x5C, 0xDC, 0x0D, 0xCD, 0xC0, 0xCD, 0x9C,
    0x0C, 0xD9, 0xC1, 0x8F, 0x18, 0x18, 0xE3, 0x8F, 0x0E, 0x3E, 0xF0, 0xC3, 0xE0, 0x00, 0x06, 0x00,
    0x00, 0xE0, 0x00, 0x0C, 0x00, 0x03, 0x80, 0x00, 0x30, 0x3B, 0xCE, 0x73, 0x98, 0xCE, 0x73, 0x9C,
    0xE6, 0x33, 0x9C, 0xE7, 0xBC, 0x00, 0x01, 0xC3, 0x00, 0x71, 0xC0, 0x1C, 0x70, 0x03, 0xF8, 0x00,
    0x38, 0x00, 0x00, 0x00, 0x07, 0x80, 0x01, 0xE0, 0x00, 0xF8, 0x00, 0x3E, 0x00, 0x1D, 0x80, 0x06,
    0x70, 0x03, 0x9C, 0x00, 0xC7, 0x00, 0x71, 0xC0, 0x18, 0x70, 0x0F, 0xFE, 0x03, 0xFF, 0x80, 0xC0,
    0xE0, 0x60, 0x38, 0x18, 0x0E, 0x0E, 0x03, 0xCF, 0xC3, 0xF8, 0x06, 0x10, 0x71, 0x81, 0x8C, 0x0F,
    0xC0, 0x00, 0x00, 0x00, 0x1F, 0xC1, 0xFE, 0x1C, 0x71, 0xC3, 0x8C, 0x1C, 0xE0, 0xC7, 0x0E, 0x38,
    0x71, 0xC3, 0x8E, 0x1C, 0x71, 0xE3, 0xFF, 0x8F, 0xBC, 0x00, 0x00, 0x00, 0x46, 0x00, 0x3B, 0x80,
    0x0E, 0xE0, 0x00, 0x00, 0x00, 0x00, 0x00, 0x1E, 0x00, 0x07, 0x80, 0x03, 0xE0, 0x00, 0xF8, 0x00,
    0x76, 0x00, 0x19, 0xC0, 0x0E, 0x70, 0x03, 0x1C, 0x01, 0xC7, 0x00, 0x61, 0xC0, 0x3F, 0xF8, 0x0F,
    0xFE, 0x03, 0x03, 0x81, 0x80, 0xE0, 0x60, 0x38, 0x38, 0x0F, 0x3F, 0x0F, 0xE0, 0x02, 0x20, 0x3B,
    0x81, 0xDC, 0x0C, 0x40, 0x00, 0x03, 0xF8, 0x3F, 0xC3, 0x8E, 0x38, 0x71, 0x83, 0x9C, 0x18, 0xE1,
    0xC7, 0x0E, 0x38, 0x71, 0xC3, 0x8E, 0x3C, 0x7F, 0xF1, 0xF7, 0x80, 0x00, 0x00, 0x00, 0x00, 0x07,
    0xFF, 0xFC, 0x01, 0xDC, 0x38, 0x03, 0x38, 0x70, 0x06, 0x70, 0x40, 0x19, 0xC0, 0x00, 0x73, 0x80,
    0x00, 0xC7, 0x00, 0x03, 0x8F, 0xF0, 0x06, 0x1F, 0xE0, 0x1C, 0x38, 0x00, 0x3F, 0xF0, 0x00, 0xFF,
    0xE0, 0x01, 0x83, 0x80, 0x07, 0x07, 0x01, 0x9C, 0x0E, 0x06, 0x38, 0x1D, 0xFD, 0xFC, 0xFF, 0xF8,
    0x00, 0x00, 0x00, 0xFE, 0xF8, 0x3F, 0xF7, 0x0E, 0x3C, 0x73, 0x87, 0x0E, 0x60, 0xE3, 0x9C, 0x1C,
    0xF3, 0x83, 0xF8, 0x70, 0xFC, 0x0E, 0x1C, 0x01, 0xC3, 0x80, 0x38, 0xF8, 0x67, 0xF7, 0xFC, 0x7C,
    0x7E, 0x00, 0x00, 0x00, 0x06, 0x18, 0x38, 0x60, 0x63, 0x81, 0xFC, 0x01, 0xC0, 0x00, 0x03, 0xFF,
    0x87, 0x06, 0x1C, 0x18, 0x70, 0x21, 0xC0, 0x07, 0x00, 0x1C, 0x00, 0x7F, 0x83, 0xFE, 0x0E, 0x00,
    0x38, 0x00, 0xE0, 0x03, 0x80, 0x0E, 0x06, 0x38, 0x19, 0xFF, 0xEF, 0xFF, 0x80, 0x0C, 0x30, 0xC7,
    0x0E, 0x60, 0x7E, 0x00, 0x00, 0x00, 0x07, 0xC1, 0xFE, 0x38, 0xE3, 0x0E, 0x70, 0xE7, 0x1C, 0x7F,
    0x87, 0xC0, 0x70, 0x07, 0x00, 0x70, 0x43, 0xFC, 0x3F, 0x80, 0x00, 0x00, 0x00, 0x7F, 0xC3, 0x87,
    0x8C, 0x0E, 0x30, 0x1C, 0x00, 0x70, 0x01, 0xC0, 0x07, 0x00, 0x1D, 0xFF, 0xF7, 0xFF, 0xDC, 0x07,
    0x60, 0x19, 0x80, 0xE7, 0x03, 0x1C, 0x1C, 0x38, 0xE0, 0x7E, 0x00, 0x00, 0x00, 0x0F, 0x87, 0xF8,
    0xC3, 0x80, 0x70, 0x0E, 0x07, 0xC3, 0xF9, 0xE7, 0x70, 0xEE, 0x39, 0xC7, 0x39, 0xC7, 0xF0, 0x30,
    0x00, 0x03, 0x30, 0x1D, 0xC0, 0x77, 0x00, 0x00, 0x00, 0x00, 0x7F, 0xC3, 0x87, 0x8C, 0x0E, 0x30,
    0x1C, 0x00, 0x70, 0x01, 0xC0, 0x07, 0x00, 0x1D, 0xFF, 0xF7, 0xFF, 0xDC, 0x07, 0x60, 0x19, 0x80,
    0xE7, 0x03, 0x1C, 0x1C, 0x38, 0xE0, 0x7E, 0x00, 0x00, 0x00, 0x04, 0x41, 0xDC, 0x3B, 0x86, 0x20,
    0x00, 0x1F, 0x0F, 0xF1, 0x87, 0x00, 0xE0, 0x1C, 0x0F, 0x87, 0xF3, 0xCE, 0xE1, 0xDC, 0x73, 0x8E,
    0x73, 0x8F, 0xE0, 0x60, 0x00, 0x00, 0x19, 0x80, 0x00, 0x1C, 0xE0, 0x00, 0x0E, 0x60, 0x00, 0x00,
    0x00, 0x00, 0x00, 0x00, 0x01, 0xF9, 0xFC, 0xFC, 0x30, 0x38, 0x38, 0x0C, 0x1C, 0x18, 0x06, 0x0E,
    0x18, 0x01, 0x86, 0x18, 0x00, 0xC7, 0x1C, 0x00, 0x33, 0x8C, 0x00, 0x0D, 0xCC, 0x00, 0x0F, 0xFE,
    0x00, 0x0E, 0x73, 0x80, 0x0E, 0x39, 0xC0, 0x0E, 0x1C, 0x70, 0x07, 0x0C, 0x38, 0x07, 0x0E, 0x0E,
    0x07, 0x87, 0x07, 0x07, 0x83, 0x81, 0xC7, 0x87, 0xF0, 0xF0, 0x00, 0x31, 0x00, 0x00, 0xE7, 0x00,
    0x01, 0xCE, 0x00, 0x01, 0x98, 0x00, 0x00, 0x00, 0x03, 0xC3, 0x83, 0xCF, 0x87, 0x0F, 0xB3, 0x8E,
    0x30, 0x07, 0x1C, 0xE0, 0x0E, 0x31, 0x80, 0x0C, 0xE7, 0x00, 0x3F, 0xFE, 0x00, 0x73, 0x9C, 0x00,
    0xE7, 0x38, 0x01, 0x8E, 0x70, 0x07, 0x1C, 0xE2, 0x7C, 0x38, 0xFC, 0xF0, 0x61, 0xF0, 0x00, 0x00,
    0x00, 0x06, 0x60, 0x3B, 0x81, 0x98, 0x00, 0x00, 0x00, 0x0F, 0xF0, 0x71, 0xC7, 0x07, 0x38, 0x38,
    0x81, 0xC0, 0x0E, 0x00, 0xE0, 0x7C, 0x07, 0xF0, 0x03, 0xC0, 0x0E, 0x00, 0x7A, 0x03, 0xD8, 0x1D,
    0xC0, 0xEE, 0x1E, 0x3F, 0xC0, 0x00, 0x00, 0x08, 0x83, 0xB8, 0x77, 0x04, 0x40, 0x00, 0x3F, 0x1F,
    0xF2, 0x0E, 0x01, 0xC0, 0x70, 0x1C, 0x0F, 0x80, 0x38, 0x07, 0x80, 0xF0, 0x1C, 0xE7, 0x9F, 0xC0,
    0x00, 0x00, 0x00, 0x00, 0x7F, 0xF1, 0x81, 0xCE, 0x0E, 0x30, 0x70, 0x03, 0x80, 0x0E, 0x00, 0x70,
    0x03, 0xC0, 0x07, 0xC0, 0x07, 0x80, 0x0E, 0x00, 0x39, 0x80, 0xE6, 0x07, 0x98, 0x1C, 0xF1, 0xE1,
    0xFF, 0x00, 0x00, 0x00, 0x00, 0x00, 0xFF, 0x8F, 0xFC, 0x60, 0xC3, 0x0C, 0x00, 0xE0, 0x0E, 0x00,
    0x60, 0x07, 0x00, 0x3E, 0x00, 0x38, 0x01, 0xC0, 0x0E, 0x00, 0x70, 0x03, 0x80, 0x1C, 0x01, 0xC0,
    0x1C, 0x1F, 0xC0, 0xF8, 0x00, 0x01, 0xFC, 0x00, 0x7F, 0x00, 0x00, 0x00, 0x00, 0x00, 0x3F, 0x0F,
    0xC7, 0x81, 0xC1, 0xC0, 0x70, 0x70, 0x3C, 0x1C, 0x1F, 0x07, 0x07, 0xC1, 0xC3, 0x70, 0x71, 0x98,
    0x18, 0xCE, 0x0E, 0x63, 0x83, 0xB0, 0xE0, 0xF8, 0x38, 0x3E, 0x0E, 0x0F, 0x03, 0x83, 0x80, 0xE0,
    0xE0, 0x70, 0xFC, 0x7F, 0x00, 0x0F, 0xC0, 0xFC, 0x00, 0x00, 0x00, 0xF0, 0x6F, 0x0E, 0x70, 0xE7,
    0x0E, 0x70, 0xE6, 0x0E, 0x60, 0xCE, 0x0C, 0xE1, 0xCE, 0x1C, 0xE3, 0xCF, 0xFF, 0x7D, 0xE0, 0x00,
    0x00, 0x8C, 0x00, 0x77, 0x00, 0x1D, 0xC0, 0x00, 0x00, 0x00, 0x00, 0x0F, 0xC3, 0xF1, 0xE0, 0x70,
    0x70, 0x1C, 0x1C, 0x0F, 0x07, 0x07, 0xC1, 0xC1, 0xF0, 0x70, 0xDC, 0x1C, 0x66, 0x06, 0x33, 0x83,
    0x98, 0xE0, 0xEC, 0x38, 0x3E, 0x0E, 0x0F, 0x83, 0x83, 0xC0, 0xE0, 0xE0, 0x38, 0x38, 0x1C, 0x3F,
    0x1F, 0xC0, 0x08, 0xC1, 0xDC, 0x1D, 0xC0, 0x8C, 0x00, 0x0F, 0x06, 0xF0, 0xE7, 0x0E, 0x70, 0xE7,
    0x0E, 0x60, 0xE6, 0x0C, 0xE0, 0xCE, 0x1C, 0xE1, 0xCE, 0x3C, 0xFF, 0xF7, 0xDE, 0x00, 0x00, 0x03,
    0x30, 0x0E, 0xE0, 0x1D, 0xC0, 0x00, 0x00, 0x08, 0x00, 0xFE, 0x07, 0x9E, 0x1C, 0x0E, 0x38, 0x1C,
    0xE0, 0x39, 0xC0, 0x73, 0x80, 0xFE, 0x01, 0xFC, 0x03, 0xB8, 0x07, 0x70, 0x0E, 0xE0, 0x1D, 0xC0,
    0x31, 0xC0, 0xE3, 0x83, 0x83, 0x8E, 0x03, 0xF8, 0x00, 0x00, 0x00, 0x06, 0x60, 0x73, 0x83, 0xB8,
    0x08, 0xC0, 0x00, 0x03, 0xE0, 0x7B, 0x87, 0x0E, 0x38, 0x73, 0x83, 0x9C, 0x1C, 0xE0, 0xE7, 0x07,
    0x38, 0x39, 0xC1, 0x8E, 0x1C, 0x39, 0xC1, 0xFC, 0x00, 0x00, 0x00, 0x80, 0x0F, 0xE0, 0x79, 0xE1,
    0xC0, 0xE3, 0x81, 0xCE, 0x03, 0x9C, 0x07, 0x38, 0x0F, 0xFF, 0xFF, 0xFF, 0xFB, 0x80, 0x77, 0x00,
    0xEE, 0x01, 0xDC, 0x03, 0x1C, 0x0E, 0x38, 0x38, 0x38, 0xE0, 0x3F, 0x80, 0x00, 0x00, 0x00, 0x00,
    0x3E, 0x07, 0xB8, 0x70, 0xE3, 0x87, 0x38, 0x39, 0xC1, 0xCF, 0xFE, 0x70, 0x73, 0x83, 0x9C, 0x18,
    0xE1, 0xC3, 0x9C, 0x1F, 0xC0, 0x00, 0x00, 0x03, 0x30, 0x0E, 0xE0, 0x1D, 0xC0, 0x00, 0x00, 0x08,
    0x00, 0xFE, 0x07, 0x9E, 0x1C, 0x0E, 0x38, 0x1C, 0xE0, 0x39, 0xC0, 0x73, 0x80, 0xFF, 0xFF, 0xFF,
    0xFF, 0xB8, 0x07, 0x70, 0x0E, 0xE0, 0x1D, 0xC0, 0x31, 0xC0, 0xE3, 0x83, 0x83, 0x8E, 0x03, 0xF8,
    0x00, 0x00, 0x00, 0x04, 0x60, 0x77, 0x03, 0xB8, 0x08, 0xC0, 0x00, 0x03, 0xE0, 0x7B, 0x87, 0x0E,
    0x38, 0x73, 0x83, 0x9C, 0x1C, 0xFF, 0xE7, 0x07, 0x38, 0x39, 0xC1, 0x8E, 0x1C, 0x39, 0xC1, 0xFC,
    0x00, 0x00, 0x02, 0x30, 0x1D, 0xC0, 0x77, 0x00, 0x00, 0x00, 0x00, 0x7F, 0x83, 0xCF, 0x0C, 0x0E,
    0x30, 0x38, 0xC0, 0x70, 0x01, 0xC0, 0x07, 0x0F, 0xDC, 0x3F, 0xF0, 0x01, 0xC0, 0x07, 0x00, 0x39,
    0x80, 0xE6, 0x07, 0x18, 0x38, 0xF1, 0xC1, 0xFE, 0x00, 0x00, 0x00, 0x18, 0x87, 0x73, 0xDC, 0x66,
    0x00, 0x07, 0xC3, 0xF9, 0x87, 0x01, 0xC0, 0x71, 0xDC, 0xFF, 0x01, 0xC0, 0x70, 0x39, 0x0C, 0xFF,
    0x3F, 0x00, 0x00, 0x07, 0xF0, 0x07, 0xF0, 0x00, 0x00, 0x00, 0x00, 0xFE, 0x3F, 0x78, 0x0C, 0x38,
    0x1C, 0x38, 0x18, 0x1C, 0x38, 0x1C, 0x30, 0x1C, 0x30, 0x0E, 0x60, 0x0E, 0x60, 0x0E, 0xC0, 0x06,
    0xC0, 0x07, 0x80, 0x07, 0x80, 0x07, 0x00, 0x06, 0x00, 0x7E, 0x00, 0x7C, 0x00, 0x10, 0x00, 0x03,
    0xE0, 0x3F, 0x80, 0x00, 0x00, 0x03, 0x83, 0xBE, 0x1C, 0x70, 0xE3, 0x83, 0x1C, 0x38, 0xE1, 0x83,
    0x0C, 0x1C, 0xE0, 0xE6, 0x07, 0x30, 0x3B, 0x00, 0xF8, 0x07, 0x80, 0x38, 0x00, 0xC0, 0x0C, 0x00,
    0xC0, 0x7E, 0x03, 0xC0, 0x00, 0x03, 0x30, 0x07, 0x70, 0x07, 0x70, 0x00, 0x00, 0x00, 0x00, 0xFE,
    0x3F, 0x78, 0x0C, 0x38, 0x1C, 0x38, 0x18, 0x1C, 0x38, 0x1C, 0x30, 0x1C, 0x30, 0x0E, 0x60, 0x0E,
    0x60, 0x0E, 0xC0, 0x06, 0xC0, 0x07, 0x80, 0x07, 0x80, 0x07, 0x00, 0x06, 0x00, 0x7E, 0x00, 0x7C,
    0x00, 0x10, 0x00, 0x02, 0x20, 0x3B, 0x81, 0xDC, 0x0C, 0x40, 0x00, 0x1C, 0x1D, 0xF0, 0xE3, 0x87,
    0x1C, 0x18, 0xE1, 0xC7, 0x0C, 0x18, 0x60, 0xE7, 0x07, 0x30, 0x39, 0x81, 0xD8, 0x07, 0xC0, 0x3C,
    0x01, 0xC0, 0x06, 0x00, 0x60, 0x06, 0x03, 0xF0, 0x1E, 0x00, 0x01, 0x84, 0x01, 0xCE, 0x03, 0x9C,
    0x07, 0x38, 0x04, 0x20, 0x00, 0x00, 0xFE, 0x3F, 0x78, 0x0C, 0x38, 0x1C, 0x38, 0x18, 0x1C, 0x38,
    0x1C, 0x30, 0x1C, 0x30, 0x0E, 0x60, 0x0E, 0x60, 0x0E, 0xC0, 0x06, 0xC0, 0x07, 0x80, 0x07, 0x80,
    0x07, 0x00, 0x06, 0x00, 0x7E, 0x00, 0x7C, 0x00, 0x10, 0x00, 0x00, 0x84, 0x03, 0x9C, 0x0E, 0x70,
    0x19, 0xC0, 0x63, 0x00, 0x84, 0x00, 0x00, 0x1C, 0x1C, 0x7C, 0x38, 0x38, 0x70, 0x70, 0x60, 0xE1,
    0xC1, 0xC3, 0x01, 0x86, 0x03, 0x9C, 0x07, 0x30, 0x0E, 0x60, 0x1D, 0x80, 0x1F, 0x00, 0x3C, 0x00,
    0x70, 0x00, 0x60, 0x01, 0x80, 0x06, 0x00, 0xFC, 0x01, 0xE0, 0x00, 0x06, 0x60, 0x0E, 0xE0, 0x19,
    0x80, 0x00, 0x00, 0x00, 0x1F, 0x8F, 0xDE, 0x0E, 0x38, 0x1C, 0x70, 0x38, 0xE0, 0x71, 0xC0, 0xE3,
    0x81, 0xC7, 0x03, 0x0F, 0x0E, 0x0F, 0xFC, 0x02, 0x38, 0x00, 0x70, 0x00, 0xE0, 0x01, 0xC0, 0x03,
    0x80, 0x0F, 0x00, 0x7F, 0x00, 0x08, 0x81, 0xDC, 0x1D, 0xC1, 0x88, 0x00, 0x0F, 0x0E, 0xF0, 0xE7,
    0x0E, 0x70, 0xE6, 0x0E, 0x60, 0xC6, 0x1C, 0x7F, 0xC3, 0xDC, 0x01, 0xC0, 0x1C, 0x01, 0xE0, 0x1E,
    0x00, 0x00, 0x00, 0x00, 0xFF, 0xF0, 0xE1, 0xC3, 0x03, 0x1C, 0x0C, 0x70, 0x21, 0xC0, 0x87, 0x00,
    0x1C, 0x00, 0x70, 0x01, 0xC0, 0x0E, 0x00, 0x38, 0x00, 0xE0, 0x03, 0x80, 0x0E, 0x00, 0x3E, 0x03,
    0xF8, 0x00, 0x60, 0x01, 0x80, 0x06, 0x00, 0x10, 0x00, 0x00, 0x07, 0xE3, 0xFC, 0x87, 0x01, 0xC0,
    0xE0, 0x70, 0x78, 0x38, 0x1C, 0x0E, 0x03, 0x86, 0xFF, 0x1F, 0x81, 0x80, 0x60, 0x18, 0x06, 0x03,
    0x01, 0x80, 0x00, 0x33, 0x00, 0x00, 0xEE, 0x00, 0x01, 0xDC, 0x00, 0x00, 0x00, 0x00, 0x00, 0x00,
    0x07, 0xF0, 0x1F, 0x87, 0x80, 0x1C, 0x0E, 0x00, 0x38, 0x1C, 0x00, 0x70, 0x38, 0x00, 0xE0, 0x70,
    0x01, 0xC0, 0xFF, 0x03, 0x81, 0xFF, 0x87, 0x03, 0x07, 0x1C, 0x0E, 0x07, 0x38, 0x1C, 0x0E, 0x70,
    0x38, 0x1C, 0xE0, 0x70, 0x39, 0xC0, 0xE0, 0xE3, 0x81, 0xC1, 0xC7, 0x03, 0x8F, 0x1E, 0x1F, 0xF8,
    0x7E, 0x00, 0x00, 0x00, 0x00, 0x01, 0x10, 0x01, 0xDC, 0x00, 0xEE, 0x00, 0x22, 0x00, 0x00, 0x03,
    0x80, 0x19, 0xC0, 0x0C, 0xE0, 0x0E, 0x70, 0x07, 0x3B, 0xC3, 0x9F, 0xF1, 0xCF, 0x38, 0xEE, 0x1C,
    0x67, 0x06, 0x73, 0x87, 0x39, 0xC3, 0x9C, 0x73, 0x8F, 0x1F, 0x87, 0x80, 0x00, 0x00, 0x00, 0x00,
    0xFF, 0xF0, 0xE1, 0xC3, 0x03, 0x1C, 0x0C, 0x70, 0x21, 0xC0, 0x87, 0x00, 0x1C, 0x01, 0xFF, 0x03,
    0xC0, 0x0E, 0x00, 0x38, 0x00, 0xE0, 0x03, 0x80, 0x0E, 0x00, 0x38, 0x03, 0xFC, 0x00, 0x30, 0x00,
    0xC0, 0x03, 0x00, 0x3C, 0x01, 0xE0, 0x03, 0x00, 0x00, 0x07, 0xE3, 0xFC, 0x87, 0x01, 0xC0, 0xE0,
    0x71, 0xFF, 0x3C, 0x1C, 0x0E, 0x03, 0x86, 0xFF, 0x1F, 0x81, 0x80, 0x30, 0x1C, 0x1E, 0x07, 0x00,
    0x00, 0x00, 0x1F, 0xCF, 0xC3, 0x83, 0x81, 0xC1, 0x80, 0x71, 0xC0, 0x38, 0xC0, 0x0E, 0xC0, 0x07,
    0xC0, 0x01, 0xC0, 0x00, 0xE0, 0x00, 0xF8, 0x00, 0x7C, 0x00, 0x67, 0x00, 0x63, 0x80, 0x71, 0xE0,
    0x30, 0x70, 0x30, 0x38, 0x7E, 0x1C, 0x00, 0x0E, 0x00, 0x07, 0x00, 0x07, 0x00, 0x07, 0x00, 0x02,
    0x00, 0x3C, 0x39, 0xE3, 0x83, 0x98, 0x1D, 0xC0, 0x7C, 0x03, 0xC0, 0x1C, 0x00, 0xF0, 0x0F, 0x80,
    0xEE, 0x0E, 0x70, 0x61, 0x87, 0x0C, 0x00, 0x60, 0x03, 0x00, 0x18, 0x01, 0xC0, 0x1C, 0x00, 0xC0,
    0x00, 0x00, 0x1F, 0xCF, 0xC3, 0x83, 0x81, 0xC1, 0x80, 0x71, 0xC0, 0x38, 0xC0, 0x0E, 0xC0, 0x07,
    0xC0, 0x01, 0xE0, 0x07, 0xFC, 0x03, 0xFE, 0x00, 0x7C, 0x00, 0x6E, 0x00, 0x63, 0x80, 0x71, 0xC0,
    0x30, 0x70, 0x30, 0x3C, 0x7E, 0x7F, 0x00, 0x3C, 0x39, 0xE3, 0x83, 0x98, 0x1D, 0xC0, 0x7C, 0x03,
    0xC0, 0xFF, 0xC7, 0xFC, 0x0F, 0x80, 0xEC, 0x0E, 0x70, 0x63, 0xE7, 0x0F, 0x00, 0x00, 0x00, 0x00,
    0x00, 0x1E, 0x00, 0x07, 0x80, 0x03, 0xE0, 0x00, 0xF8, 0x00, 0x76, 0x00, 0x19, 0xC0, 0x0E, 0x70,
    0x03, 0x1C, 0x01, 0xC7, 0x00, 0x61, 0xC0, 0x3F, 0xF8, 0x0F, 0xFE, 0x03, 0x03, 0x81, 0x80, 0xE0,
    0x60, 0x38, 0x38, 0x0F, 0x3F, 0x0F, 0xE0, 0x00, 0x00, 0x02, 0x00, 0x01, 0xC0, 0x00, 0xF0, 0x00,
    0x18, 0x00, 0x00, 0x00, 0x3F, 0x83, 0xFC, 0x38, 0xE3, 0x87, 0x18, 0x39, 0xC1, 0x8E, 0x1C, 0x70,
    0xE3, 0x87, 0x1C, 0x38, 0xE3, 0xC7, 0xFF, 0x1F, 0x78, 0x00, 0x01, 0x80, 0x0E, 0x00, 0x70, 0x01,
    0x00, 0x00, 0x3C, 0x00, 0x07, 0x80, 0x00, 0xC0, 0x00, 0x70, 0x00, 0x38, 0x00, 0x04, 0x00, 0x00,
    0x00, 0x01, 0xE0, 0x00, 0x78, 0x00, 0x3E, 0x00, 0x0F, 0x80, 0x07, 0x60, 0x01, 0x9C, 0x00, 0xE7,
    0x00, 0x31, 0xC0, 0x1C, 0x70, 0x06, 0x1C, 0x03, 0xFF, 0x80, 0xFF, 0xE0, 0x30, 0x38, 0x18, 0x0E,
    0x06, 0x03, 0x83, 0x80, 0xF3, 0xF0, 0xFE, 0x00, 0x80, 0x0F, 0x00, 0x38, 0x01, 0xC0, 0x1C, 0x00,
    0xC0, 0x00, 0x00, 0xFE, 0x0F, 0xF0, 0xE3, 0x8E, 0x1C, 0x60, 0xE7, 0x06, 0x38, 0x71, 0xC3, 0x8E,
    0x1C, 0x70, 0xE3, 0x8F, 0x1F, 0xFC, 0x7D, 0xE0, 0x00, 0x00, 0x00, 0x00, 0x80, 0x00, 0x38, 0x00,
    0x66, 0x00, 0x1E, 0x80, 0x07, 0xC0, 0x01, 0x8C, 0x00, 0x20, 0x00, 0x00, 0x00, 0x00, 0x78, 0x00,
    0x0F, 0x00, 0x03, 0xE0, 0x00, 0x7C, 0x00, 0x1D, 0x80, 0x03, 0x38, 0x00, 0xE7, 0x00, 0x18, 0xE0,
    0x07, 0x1C, 0x00, 0xC3, 0x80, 0x3F, 0xF8, 0x07, 0xFF, 0x00, 0xC0, 0xE0, 0x30, 0x1C, 0x06, 0x03,
    0x81, 0xC0, 0x78, 0xFC, 0x3F, 0x80, 0x00, 0x00, 0x00, 0x0C, 0x02, 0x38, 0x0E, 0xC0, 0x3E, 0x00,
    0xCC, 0x01, 0x0C, 0x00, 0x00, 0x07, 0xF0, 0x1F, 0xE0, 0x71, 0xC1, 0xC3, 0x83, 0x07, 0x0E, 0x0C,
    0x1C, 0x38, 0x38, 0x70, 0x70, 0xE0, 0xE1, 0xC1, 0xC7, 0x83, 0xFF, 0x83, 0xEF, 0x00, 0x00, 0x00,
    0x00, 0x02, 0x00, 0x00, 0xC0, 0x01, 0xB8, 0x00, 0xF4, 0x00, 0x7C, 0x00, 0x31, 0x80, 0x08, 0x00,
    0x00, 0x00, 0x00, 0x78, 0x00, 0x1E, 0x00, 0x0F, 0x80, 0x03, 0xE0, 0x01, 0xD8, 0x00, 0x67, 0x00,
    0x39, 0xC0, 0x0C, 0x70, 0x07, 0x1C, 0x01, 0x87, 0x00, 0xFF, 0xE0, 0x3F, 0xF8, 0x0C, 0x0E, 0x06,
    0x03, 0x81, 0x80, 0xE0, 0xE0, 0x3C, 0xFC, 0x3F, 0x80, 0x00, 0x00, 0x00, 0xE0, 0x09, 0x80, 0x73,
    0x03, 0xE0, 0x19, 0x80, 0x43, 0x00, 0x00, 0x07, 0xF0, 0x3F, 0xC1, 0xC7, 0x0E, 0x1C, 0x30, 0x71,
    0xC1, 0x87, 0x0E, 0x1C, 0x38, 0x70, 0xE1, 0xC3, 0x87, 0x1E, 0x1F, 0xFC, 0x3E, 0xF0, 0x00, 0x00,
    0x00, 0x03, 0x80, 0x00, 0xF0, 0x00, 0x0C, 0x00, 0x66, 0x00, 0x3F, 0x00, 0x1F, 0x00, 0x0C, 0x60,
    0x02, 0x00, 0x00, 0x00, 0x00, 0x1E, 0x00, 0x07, 0x80, 0x03, 0xE0, 0x00, 0xF8, 0x00, 0x76, 0x00,
    0x19, 0xC0, 0x0E, 0x70, 0x03, 0x1C, 0x01, 0xC7, 0x00, 0x61, 0xC0, 0x3F, 0xF8, 0x0F, 0xFE, 0x03,
    0x03, 0x81, 0x80, 0xE0, 0x60, 0x38, 0x38, 0x0F, 0x3F, 0x0F, 0xE0, 0x00, 0x08, 0x00, 0x38, 0x00,
    0x38, 0x04, 0x60, 0x1D, 0x80, 0x7C, 0x01, 0x98, 0x02, 0x18, 0x00, 0x00, 0x0F, 0xE0, 0x3F, 0xC0,
    0xE3, 0x83, 0x87, 0x06, 0x0E, 0x1C, 0x18, 0x38, 0x70, 0x70, 0xE0, 0xE1, 0xC1, 0xC3, 0x83, 0x8F,
    0x07, 0xFF, 0x07, 0xDE, 0x00, 0x00, 0x00, 0x00, 0x30, 0x00, 0x1F, 0x80, 0x04, 0xE0, 0x00, 0x60,
    0x00, 0x3C, 0x00, 0x1F, 0x00, 0x0C, 0x60, 0x02, 0x00, 0x00, 0x00, 0x00, 0x1E, 0x00, 0x07, 0x80,
    0x03, 0xE0, 0x00, 0xF8, 0x00, 0x76, 0x00, 0x19, 0xC0, 0x0E, 0x70, 0x03, 0x1C, 0x01, 0xC7, 0x00,
    0x61, 0xC0, 0x3F, 0xF8, 0x0F, 0xFE, 0x03, 0x03, 0x81, 0x80, 0xE0, 0x60, 0x38, 0x38, 0x0F, 0x3F,
    0x0F, 0xE0, 0x01, 0xD0, 0x1F, 0x80, 0x18, 0x01, 0x00, 0x1C, 0x01, 0xF0, 0x19, 0x80, 0x86, 0x00,
    0x00, 0x3F, 0x83, 0xFC, 0x38, 0xE3, 0x87, 0x18, 0x39, 0xC1, 0x8E, 0x1C, 0x70, 0xE3, 0x87, 0x1C,
    0x38, 0xE3, 0xC7, 0xFF, 0x1F, 0x78, 0x00, 0x00, 0x00, 0x38, 0x00, 0x1F, 0x00, 0x0E, 0xC0, 0x07,
    0x18, 0x00, 0x02, 0x00, 0x00, 0x00, 0x07, 0x80, 0x01, 0xE0, 0x00, 0xF8, 0x00, 0x3E, 0x00, 0x1D,
    0x80, 0x06, 0x70, 0x03, 0x9C, 0x00, 0xC7, 0x00, 0x71, 0xC0, 0x18, 0x70, 0x0F, 0xFE, 0x03, 0xFF,
    0x80, 0xC0, 0xE0, 0x60, 0x38, 0x18, 0x0E, 0x0E, 0x03, 0xCF, 0xC3, 0xF8, 0x00, 0x00, 0x00, 0x80,
    0x00, 0x70, 0x00, 0x3C, 0x00, 0x06, 0x00, 0x01, 0xC0, 0x0E, 0x00, 0xD8, 0x0C, 0x60, 0x43, 0x00,
    0x00, 0x1F, 0xC1, 0xFE, 0x1C, 0x71, 0xC3, 0x8C, 0x1C, 0xE0, 0xC7, 0x0E, 0x38, 0x71, 0xC3, 0x8E,
    0x1C, 0x71, 0xE3, 0xFF, 0x8F, 0xBC, 0x00, 0x00, 0xC0, 0x07, 0x00, 0x38, 0x00, 0x80, 0x00, 0x04,
    0x00, 0x03, 0x00, 0x01, 0xC0, 0x00, 0x60, 0x00, 0xC6, 0x00, 0x3B, 0x80, 0x07, 0xC0, 0x00, 0xE0,
    0x00, 0x00, 0x00, 0x1E, 0x00, 0x07, 0x80, 0x03, 0xE0, 0x00, 0xF8, 0x00, 0x76, 0x00, 0x19, 0xC0,
    0x0E, 0x70, 0x03, 0x1C, 0x01, 0xC7, 0x00, 0x61, 0xC0, 0x3F, 0xF8, 0x0F, 0xFE, 0x03, 0x03, 0x81,
    0x80, 0xE0, 0x60, 0x38, 0x38, 0x0F, 0x3F, 0x0F, 0xE0, 0x00, 0x20, 0x03, 0x00, 0x38, 0x01, 0x00,
    0x63, 0x03, 0xF8, 0x0F, 0x80, 0x10, 0x00, 0x00, 0x3F, 0x83, 0xFC, 0x38, 0xE3, 0x87, 0x18, 0x39,
    0xC1, 0x8E, 0x1C, 0x70, 0xE3, 0x87, 0x1C, 0x38, 0xE3, 0xC7, 0xFF, 0x1F, 0x78, 0x00, 0x00, 0x00,
    0x00, 0x00, 0x0C, 0x00, 0x03, 0x00, 0x00, 0xE0, 0x00, 0x18, 0x00, 0x31, 0x80, 0x0E, 0xE0, 0x01,
    0xF0, 0x00, 0x38, 0x00, 0x00, 0x00, 0x07, 0x80, 0x01, 0xE0, 0x00, 0xF8, 0x00, 0x3E, 0x00, 0x1D,
    0x80, 0x06, 0x70, 0x03, 0x9C, 0x00, 0xC7, 0x00, 0x71, 0xC0, 0x18, 0x70, 0x0F, 0xFE, 0x03, 0xFF,
    0x80, 0xC0, 0xE0, 0x60, 0x38, 0x18, 0x0E, 0x0E, 0x03, 0xCF, 0xC3, 0xF8, 0x01, 0x00, 0x1C, 0x00,
    0x60, 0x01, 0x80, 0x63, 0x03, 0xF8, 0x0F, 0x80, 0x10, 0x00, 0x00, 0x3F, 0x83, 0xFC, 0x38, 0xE3,
    0x87, 0x18, 0x39, 0xC1, 0x8E, 0x1C, 0x70, 0xE3, 0x87, 0x1C, 0x38, 0xE3, 0xC7, 0xFF, 0x1F, 0x78,
    0x00, 0x00, 0x00, 0x10, 0x00, 0x0F, 0x00, 0x00, 0xC0, 0x00, 0x70, 0x00, 0x18, 0x00, 0x35, 0x80,
    0x0E, 0xE0, 0x01, 0xF0, 0x00, 0x38, 0x00, 0x00, 0x00, 0x07, 0x80, 0x01, 0xE0, 0x00, 0xF8, 0x00,
    0x3E, 0x00, 0x1D, 0x80, 0x06, 0x70, 0x03, 0x9C, 0x00, 0xC7, 0x00, 0x71, 0xC0, 0x18, 0x70, 0x0F,
    0xFE, 0x03, 0xFF, 0x80, 0xC0, 0xE0, 0x60, 0x38, 0x18, 0x0E, 0x0E, 0x03, 0xCF, 0xC3, 0xF8, 0x00,
    0xE0, 0x07, 0x80, 0x18, 0x01, 0x80, 0x08, 0x03, 0x18, 0x1F, 0xC0, 0x7C, 0x00, 0x80, 0x00, 0x01,
    0xFC, 0x1F, 0xE1, 0xC7, 0x1C, 0x38, 0xC1, 0xCE, 0x0C, 0x70, 0xE3, 0x87, 0x1C, 0x38, 0xE1, 0xC7,
    0x1E, 0x3F, 0xF8, 0xFB, 0xC0, 0x00, 0x00, 0x30, 0x00, 0x1F, 0x80, 0x04, 0xE0, 0x00, 0x00, 0x00,
    0xC6, 0x00, 0x3B, 0x80, 0x07, 0xC0, 0x00, 0xE0, 0x00, 0x00, 0x00, 0x1E, 0x00, 0x07, 0x80, 0x03,
    0xE0, 0x00, 0xF8, 0x00, 0x76, 0x00, 0x19, 0xC0, 0x0E, 0x70, 0x03, 0x1C, 0x01, 0xC7, 0x00, 0x61,
    0xC0, 0x3F, 0xF8, 0x0F, 0xFE, 0x03, 0x03, 0x81, 0x80, 0xE0, 0x60, 0x38, 0x38, 0x0F, 0x3F, 0x0F,
    0xE0, 0x01, 0x90, 0x1F, 0x80, 0x18, 0x00, 0x00, 0x63, 0x03, 0xF8, 0x0F, 0x80, 0x10, 0x00, 0x00,
    0x3F, 0x83, 0xFC, 0x38, 0xE3, 0x87, 0x18, 0x39, 0xC1, 0x8E, 0x1C, 0x70, 0xE3, 0x87, 0x1C, 0x38,
    0xE3, 0xC7, 0xFF, 0x1F, 0x78, 0x00, 0x00, 0x00, 0x82, 0x00, 0x31, 0x80, 0x0C, 0x60, 0x01, 0xF0,
    0x00, 0x38, 0x00, 0x00, 0x00, 0x07, 0x80, 0x01, 0xE0, 0x00, 0xF8, 0x00, 0x3E, 0x00, 0x1D, 0x80,
    0x06, 0x70, 0x03, 0x9C, 0x00, 0xC7, 0x00, 0x71, 0xC0, 0x18, 0x70, 0x0F, 0xFE, 0x03, 0xFF, 0x80,
    0xC0, 0xE0, 0x60, 0x38, 0x18, 0x0E, 0x0E, 0x03, 0xCF, 0xC3, 0xF8, 0x00, 0x00, 0x00, 0x80, 0x00,
    0x70, 0x00, 0x3C, 0x00, 0x06, 0x00, 0x06, 0x10, 0x31, 0x81, 0xFC, 0x07, 0xC0, 0x08, 0x00, 0x00,
    0x1F, 0xC1, 0xFE, 0x1C, 0x71, 0xC3, 0x8C, 0x1C, 0xE0, 0xC7, 0x0E, 0x38, 0x71, 0xC3, 0x8E, 0x1C,
    0x71, 0xE3, 0xFF, 0x8F, 0xBC, 0x00, 0x00, 0xC0, 0x07, 0x00, 0x38, 0x00, 0x80, 0x00, 0x00, 0xFF,
    0xE1, 0xC1, 0x87, 0x06, 0x1C, 0x08, 0x70, 0x01, 0xC0, 0x07, 0x00, 0x1F, 0xE0, 0xFF, 0x83, 0x80,
    0x0E, 0x00, 0x38, 0x00, 0xE0, 0x03, 0x81, 0x8E, 0x06, 0x7F, 0xFB, 0xFF, 0xE0, 0x00, 0x00, 0x80,
    0x07, 0x00, 0x1C, 0x00, 0x60, 0x00, 0x00, 0x00, 0xF8, 0x7F, 0x9C, 0x73, 0x0E, 0xE1, 0xDC, 0x73,
    0xFC, 0x7C, 0x0E, 0x01, 0xC0, 0x38, 0x23, 0xFC, 0x7F, 0x00, 0x00, 0x60, 0x1C, 0x03, 0x80, 0x20,
    0x00, 0x00, 0xE0, 0x03, 0xC0, 0x07, 0x00, 0x38, 0x00, 0xC0, 0x02, 0x00, 0x00, 0x0F, 0xFE, 0x1C,
    0x18, 0x70, 0x61, 0xC0, 0x87, 0x00, 0x1C, 0x00, 0x70, 0x01, 0xFE, 0x0F, 0xF8, 0x38, 0x00, 0xE0,
    0x03, 0x80, 0x0E, 0x00, 0x38, 0x18, 0xE0, 0x67, 0xFF, 0xBF, 0xFE, 0x01, 0x00, 0x78, 0x03, 0x00,
    0x60, 0x18, 0x02, 0x00, 0x00, 0x3E, 0x1F, 0xE7, 0x1C, 0xC3, 0xB8, 0x77, 0x1C, 0xFF, 0x1F, 0x03,
    0x80, 0x70, 0x0E, 0x08, 0xFF, 0x1F, 0xC0, 0x00, 0x03, 0x90, 0x1F, 0xE0, 0x4F, 0x00, 0x00, 0x00,
    0x00, 0xFF, 0xE1, 0xC1, 0x87, 0x06, 0x1C, 0x08, 0x70, 0x01, 0xC0, 0x07, 0x00, 0x1F, 0xE0, 0xFF,
    0x83, 0x80, 0x0E, 0x00, 0x38, 0x00, 0xE0, 0x03, 0x81, 0x8E, 0x06, 0x7F, 0xFB, 0xFF, 0xE0, 0x06,
    0x00, 0xFB, 0x0D, 0xE0, 0x0C, 0x00, 0x00, 0x7C, 0x1F, 0xE3, 0x8E, 0x30, 0xE7, 0x0E, 0x71, 0xC7,
    0xF8, 0x7C, 0x07, 0x00, 0x70, 0x07, 0x04, 0x3F, 0xC3, 0xF8, 0x00, 0x00, 0x00, 0x02, 0x00, 0x06,
    0x00, 0xCE, 0x01, 0xE8, 0x03, 0xF0, 0x07, 0x30, 0x00, 0x00, 0x00, 0x00, 0x3F, 0xF8, 0x1C, 0x18,
    0x1C, 0x18, 0x1C, 0x08, 0x1C, 0x00, 0x1C, 0x00, 0x1C, 0x00, 0x1F, 0xE0, 0x3F, 0xE0, 0x38, 0x00,
    0x38, 0x00, 0x38, 0x00, 0x38, 0x00, 0x38, 0x18, 0x38, 0x18, 0x7F, 0xF8, 0xFF, 0xF8, 0x00, 0x00,
    0x00, 0x18, 0x06, 0x70, 0x1E, 0xC0, 0x7C, 0x01, 0xCC, 0x02, 0x08, 0x00, 0x00, 0x07, 0xC0, 0x3F,
    0xC0, 0xE3, 0x81, 0x87, 0x07, 0x0E, 0x0E, 0x38, 0x1F, 0xE0, 0x3E, 0x00, 0x70, 0x00, 0xE0, 0x01,
    0xC1, 0x01, 0xFE, 0x03, 0xF8, 0x00, 0x00, 0x00, 0x00, 0x00, 0x00, 0x60, 0x0D, 0xC0, 0x78, 0x03,
    0xF0, 0x1C, 0xC0, 0x00, 0x00, 0x00, 0x3F, 0xF8, 0x70, 0x61, 0xC1, 0x87, 0x02, 0x1C, 0x00, 0x70,
    0x01, 0xC0, 0x07, 0xF8, 0x3F, 0xE0, 0xE0, 0x03, 0x80, 0x0E, 0x00, 0x38, 0x00, 0xE0, 0x63, 0x81,
    0x9F, 0xFE, 0xFF, 0xF8, 0x00, 0x00, 0x00, 0xC0, 0x1B, 0x80, 0xF6, 0x07, 0xC0, 0x39, 0x80, 0x82,
    0x00, 0x00, 0x07, 0xC0, 0x7F, 0x83, 0x8E, 0x0C, 0x38, 0x70, 0xE1, 0xC7, 0x07, 0xF8, 0x1F, 0x00,
    0x70, 0x01, 0xC0, 0x07, 0x04, 0x0F, 0xF0, 0x3F, 0x80, 0x00, 0x00, 0x00, 0x1C, 0x00, 0x1E, 0x00,
    0x06, 0x00, 0xCC, 0x01, 0xE8, 0x03, 0xF0, 0x07, 0x30, 0x00, 0x00, 0x00, 0x00, 0x3F, 0xF8, 0x1C,
    0x18, 0x1C, 0x18, 0x1C, 0x08, 0x1C, 0x00, 0x1C, 0x00, 0x1C, 0x00, 0x1F, 0xE0, 0x3F, 0xE0, 0x38,
    0x00, 0x38, 0x00, 0x38, 0x00, 0x38, 0x00, 0x38, 0x18, 0x38, 0x18, 0x7F, 0xF8, 0xFF, 0xF8, 0x00,
    0x10, 0x00, 0xF0, 0x00, 0xC0, 0x67, 0x03, 0xF0, 0x1F, 0x00, 0xE6, 0x02, 0x08, 0x00, 0x00, 0x1F,
    0x01, 0xFE, 0x0E, 0x38, 0x30, 0xE1, 0xC3, 0x87, 0x1C, 0x1F, 0xE0, 0x7C, 0x01, 0xC0, 0x07, 0x00,
    0x1C, 0x10, 0x3F, 0xC0, 0xFE, 0x00, 0x00, 0x00, 0x01, 0x80, 0x0F, 0xE0, 0x27, 0x00, 0x30, 0x01,
    0xE0, 0x0F, 0xC0, 0x73, 0x00, 0x00, 0x00, 0x00, 0xFF, 0xE1, 0xC1, 0x87, 0x06, 0x1C, 0x08, 0x70,
    0x01, 0xC0, 0x07, 0x00, 0x1F, 0xE0, 0xFF, 0x83, 0x80, 0x0E, 0x00, 0x38, 0x00, 0xE0, 0x03, 0x81,
    0x8E, 0x06, 0x7F, 0xFB, 0xFF, 0xE0, 0x03, 0x80, 0x7F, 0x00, 0xE0, 0x18, 0x03, 0xC0, 0x7C, 0x0E,
    0x60, 0x82, 0x00, 0x00, 0x7C, 0x1F, 0xE3, 0x8E, 0x30, 0xE7, 0x0E, 0x71, 0xC7, 0xF8, 0x7C, 0x07,
    0x00, 0x70, 0x07, 0x04, 0x3F, 0xC3, 0xF8, 0x00, 0x00, 0x00, 0xC0, 0x07, 0x80, 0x37, 0x01, 0x8C,
    0x04, 0x10, 0x00, 0x03, 0xFF, 0x87, 0x06, 0x1C, 0x18, 0x70, 0x21, 0xC0, 0x07, 0x00, 0x1C, 0x00,
    0x7F, 0x83, 0xFE, 0x0E, 0x00, 0x38, 0x00, 0xE0, 0x03, 0x80, 0x0E, 0x06, 0x38, 0x19, 0xFF, 0xEF,
    0xFF, 0x80, 0x00, 0x02, 0x00, 0x1C, 0x00, 0x70, 0x01, 0x80, 0x01, 0x80, 0x3C, 0x07, 0xC0, 0xC6,
    0x08, 0x20, 0x00, 0x07, 0xC1, 0xFE, 0x38, 0xE3, 0x0E, 0x70, 0xE7, 0x1C, 0x7F, 0x87, 0xC0, 0x70,
    0x07, 0x00, 0x70, 0x43, 0xFC, 0x3F, 0x80, 0x00, 0x0C, 0x01, 0xC0, 0x1C, 0x00, 0x80, 0x0F, 0x03,
    0xC0, 0xE0, 0xE0, 0x60, 0x20, 0x00, 0x7E, 0x1E, 0x0E, 0x07, 0x03, 0x81, 0xC0, 0xE0, 0x70, 0x38,
    0x38, 0x1C, 0x0E, 0x07, 0x03, 0x81, 0xC0, 0xE1, 0xF8, 0x10, 0xF1, 0xC3, 0x18, 0x40, 0x1E, 0xF1,
    0xC7, 0x1C, 0x71, 0xC7, 0x18, 0xE3, 0x8F, 0xBC, 0x00, 0x00, 0x1F, 0x87, 0x83, 0x81, 0xC0, 0xE0,
    0x70, 0x38, 0x1C, 0x0E, 0x0E, 0x07, 0x03, 0x81, 0xC0, 0xE0, 0x70, 0x38, 0x7E, 0x00, 0x04, 0x07,
    0x03, 0x81, 0x80, 0x0C, 0x38, 0x70, 0x40, 0x07, 0x9E, 0x1C, 0x38, 0x70, 0xE1, 0xC3, 0x86, 0x1C,
    0x38, 0x7C, 0xF0, 0x03, 0x07, 0x0E, 0x08, 0x00, 0x00, 0x80, 0x0F, 0xE0, 0x79, 0xE1, 0xC0, 0xE3,
    0x81, 0xCE, 0x03, 0x9C, 0x07, 0x38, 0x0F, 0xE0, 0x1F, 0xC0, 0x3B, 0x80, 0x77, 0x00, 0xEE, 0x01,
    0xDC, 0x03, 0x1C, 0x0E, 0x38, 0x38, 0x38, 0xE0, 0x3F, 0x80, 0x00, 0x00, 0x00, 0x00, 0xE0, 0x01,
    0xC0, 0x01, 0x80, 0x00, 0x00, 0x00, 0x3E, 0x07, 0xB8, 0x70, 0xE3, 0x87, 0x38, 0x39, 0xC1, 0xCE,
    0x0E, 0x70, 0x73, 0x83, 0x9C, 0x18, 0xE1, 0xC3, 0x9C, 0x1F, 0xC0, 0x00, 0x01, 0x80, 0x0E, 0x00,
    0x70, 0x01, 0x00, 0x00, 0xE0, 0x01, 0xE0, 0x01, 0xC0, 0x07, 0x00, 0x0C, 0x00, 0x10, 0x00, 0x20,
    0x03, 0xF8, 0x1E, 0x78, 0x70, 0x38, 0xE0, 0x73, 0x80, 0xE7, 0x01, 0xCE, 0x03, 0xF8, 0x07, 0xF0,
    0x0E, 0xE0, 0x1D, 0xC0, 0x3B, 0x80, 0x77, 0x00, 0xC7, 0x03, 0x8E, 0x0E, 0x0E, 0x38, 0x0F, 0xE0,
    0x00, 0x00, 0x01, 0x00, 0x1E, 0x00, 0x30, 0x01, 0x80, 0x18, 0x00, 0x80, 0x00, 0x00, 0xF8, 0x1E,
    0xE1, 0xC3, 0x8E, 0x1C, 0xE0, 0xE7, 0x07, 0x38, 0x39, 0xC1, 0xCE, 0x0E, 0x70, 0x63, 0x87, 0x0E,
    0x70, 0x7F, 0x00, 0x00, 0x00, 0x00, 0x02, 0x00, 0x07, 0x00, 0x4E, 0x01, 0xE8, 0x03, 0xF0, 0x07,
    0x38, 0x00, 0x10, 0x00, 0x80, 0x07, 0xF0, 0x1E, 0x78, 0x38, 0x1C, 0x38, 0x1C, 0x70, 0x1C, 0x70,
    0x1C, 0x70, 0x1E, 0xE0, 0x1E, 0xE0, 0x1C, 0xE0, 0x1C, 0xE0, 0x1C, 0xE0, 0x1C, 0xE0, 0x18, 0x70,
    0x38, 0x70, 0x70, 0x38, 0xE0, 0x1F, 0xC0, 0x00, 0x00, 0x00, 0x00, 0x00, 0x18, 0x02, 0x70, 0x1E,
    0xC0, 0x7C, 0x01, 0xCC, 0x03, 0x08, 0x00, 0x00, 0x07, 0xC0, 0x3D, 0xC0, 0xE1, 0xC1, 0xC3, 0x87,
    0x07, 0x0E, 0x0E, 0x1C, 0x1C, 0x38, 0x38, 0x70, 0x70, 0xE0, 0xC1, 0xC3, 0x81, 0xCE, 0x03, 0xF8,
    0x00, 0x00, 0x00, 0x00, 0x08, 0x00, 0x30, 0x01, 0x30, 0x0F, 0x00, 0x3F, 0x00, 0xE6, 0x00, 0x04,
    0x00, 0x40, 0x07, 0xF0, 0x3C, 0xF0, 0xE0, 0x71, 0xC0, 0xE7, 0x01, 0xCE, 0x03, 0x9C, 0x07, 0xF0,
    0x0F, 0xE0, 0x1D, 0xC0, 0x3B, 0x80, 0x77, 0x00, 0xEE, 0x01, 0x8E, 0x07, 0x1C, 0x1C, 0x1C, 0x70,
    0x1F, 0xC0, 0x00, 0x00, 0x00, 0x00, 0x00, 0xC0, 0x0B, 0x80, 0xF6, 0x07, 0xC0, 0x39, 0x80, 0x82,
    0x00, 0x00, 0x07, 0xC0, 0x7B, 0x83, 0x87, 0x0E, 0x1C, 0x70, 0x71, 0xC1, 0xC7, 0x07, 0x1C, 0x1C,
    0x70, 0x71, 0xC1, 0x87, 0x0E, 0x0E, 0x70, 0x3F, 0x80, 0x00, 0x00, 0x00, 0x0E, 0x00, 0x0E, 0x00,
    0x06, 0x00, 0xCE, 0x01, 0xE8, 0x03, 0xF0, 0x07, 0x38, 0x00, 0x10, 0x00, 0x80, 0x07, 0xF0, 0x1E,
    0x78, 0x38, 0x1C, 0x38, 0x1C, 0x70, 0x1C, 0x70, 0x1C, 0x70, 0x1E, 0xE0, 0x1E, 0xE0, 0x1C, 0xE0,
    0x1C, 0xE0, 0x1C, 0xE0, 0x1C, 0xE0, 0x18, 0x70, 0x38, 0x70, 0x70, 0x38, 0xE0, 0x1F, 0xC0, 0x00,
    0x00, 0x00, 0x10, 0x00, 0xF0, 0x00, 0xC0, 0x27, 0x03, 0xD8, 0x1F, 0x00, 0xE6, 0x02, 0x08, 0x00,
    0x00, 0x1F, 0x01, 0xEE, 0x0E, 0x1C, 0x38, 0x71, 0xC1, 0xC7, 0x07, 0x1C, 0x1C, 0x70, 0x71, 0xC1,
    0xC7, 0x06, 0x1C, 0x38, 0x39, 0xC0, 0xFE, 0x00, 0x00, 0x00, 0x01, 0x80, 0x07, 0xF0, 0x05, 0xC0,
    0x06, 0x00, 0x1E, 0x00, 0x7E, 0x01, 0xCC, 0x00, 0x08, 0x00, 0x80, 0x0F, 0xE0, 0x79, 0xE1, 0xC0,
    0xE3, 0x81, 0xCE, 0x03, 0x9C, 0x07, 0x38, 0x0F, 0xE0, 0x1F, 0xC0, 0x3B, 0x80, 0x77, 0x00, 0xEE,
    0x01, 0xDC, 0x03, 0x1C, 0x0E, 0x38, 0x38, 0x38, 0xE0, 0x3F, 0x80, 0x00, 0x00, 0x03, 0x90, 0x3F,
    0x80, 0x38, 0x01, 0x00, 0x3C, 0x03, 0xE0, 0x39, 0x81, 0x04, 0x00, 0x00, 0x3E, 0x07, 0xB8, 0x70,
    0xE3, 0x87, 0x38, 0x39, 0xC1, 0xCE, 0x0E, 0x70, 0x73, 0x83, 0x9C, 0x18, 0xE1, 0xC3, 0x9C, 0x1F,
    0xC0, 0x00, 0x00, 0x00, 0xE0, 0x03, 0xC0, 0x0F, 0xC0, 0x31, 0x80, 0x41, 0x00, 0x10, 0x01, 0xFC,
    0x0F, 0x3C, 0x38, 0x1C, 0x70, 0x39, 0xC0, 0x73, 0x80, 0xE7, 0x01, 0xFC, 0x03, 0xF8, 0x07, 0x70,
    0x0E, 0xE0, 0x1D, 0xC0, 0x3B, 0x80, 0x63, 0x81, 0xC7, 0x07, 0x07, 0x1C, 0x07, 0xF0, 0x00, 0x00,
    0x00, 0x00, 0x1C, 0x00, 0x38, 0x00, 0x30, 0x00, 0x01, 0x80, 0x1E, 0x01, 0xF0, 0x1C, 0xC0, 0x82,
    0x00, 0x00, 0x1F, 0x03, 0xDC, 0x38, 0x71, 0xC3, 0x9C, 0x1C, 0xE0, 0xE7, 0x07, 0x38, 0x39, 0xC1,
    0xCE, 0x0C, 0x70, 0xE1, 0xCE, 0x0F, 0xE0, 0x00, 0x00, 0xC0, 0x07, 0x00, 0x38, 0x00, 0x80, 0x00,
    0x20, 0x00, 0xE0, 0x03, 0xC0, 0x0F, 0x60, 0x08, 0xE0, 0x13, 0x81, 0xFE, 0x0F, 0x3C, 0x38, 0x1C,
    0x70, 0x39, 0xC0, 0x73, 0x80, 0xE7, 0x01, 0xFC, 0x03, 0xF8, 0x07, 0x70, 0x0E, 0xE0, 0x1D, 0xC0,
    0x3B, 0x80, 0x63, 0x81, 0xC7, 0x07, 0x07, 0x1C, 0x07, 0xF0, 0x00, 0x00, 0x00, 0x20, 0x00, 0xE0,
    0x01, 0xC0, 0x07, 0x00, 0x18, 0x60, 0x21, 0xC0, 0x03, 0x03, 0xFE, 0x1E, 0xF0, 0x70, 0xE0, 0xE1,
    0xC3, 0x83, 0x87, 0x07, 0x0E, 0x0E, 0x1C, 0x1C, 0x38, 0x38, 0x70, 0x60, 0xE1, 0xC0, 0xE7, 0x01,
    0xFC, 0x00, 0x00, 0x00, 0x02, 0x00, 0x0E, 0x00, 0x0E, 0x00, 0x0E, 0x60, 0x0C, 0xE0, 0x13, 0x81,
    0xFE, 0x0F, 0x3C, 0x38, 0x1C, 0x70, 0x39, 0xC0, 0x73, 0x80, 0xE7, 0x01, 0xFC, 0x03, 0xF8, 0x07,
    0x70, 0x0E, 0xE0, 0x1D, 0xC0, 0x3B, 0x80, 0x63, 0x81, 0xC7, 0x07, 0x07, 0x1C, 0x07, 0xF0, 0x00,
    0x00, 0x00, 0x00, 0x18, 0x00, 0x38, 0x00, 0x38, 0x00, 0x30, 0x60, 0x21, 0xC0, 0x03, 0x03, 0xFE,
    0x1E, 0xF0, 0x70, 0xE0, 0xE1, 0xC3, 0x83, 0x87, 0x07, 0x0E, 0x0E, 0x1C, 0x1C, 0x38, 0x38, 0x70,
    0x60, 0xE1, 0xC0, 0xE7, 0x01, 0xFC, 0x00, 0x00, 0x00, 0x00, 0xE0, 0x01, 0xE0, 0x01, 0xC0, 0x07,
    0x00, 0x0C, 0xC0, 0x11, 0xC0, 0x27, 0x03, 0xFC, 0x1E, 0x78, 0x70, 0x38, 0xE0, 0x73, 0x80, 0xE7,
    0x01, 0xCE, 0x03, 0xF8, 0x07, 0xF0, 0x0E, 0xE0, 0x1D, 0xC0, 0x3B, 0x80, 0x77, 0x00, 0xC7, 0x03,
    0x8E, 0x0E, 0x0E, 0x38, 0x0F, 0xE0, 0x00, 0x00, 0x01, 0x00, 0x07, 0x80, 0x03, 0x00, 0x06, 0x00,
    0x18, 0x60, 0x21, 0xC0, 0x03, 0x03, 0xFE, 0x1E, 0xF0, 0x70, 0xE0, 0xE1, 0xC3, 0x83, 0x87, 0x07,
    0x0E, 0x0E, 0x1C, 0x1C, 0x38, 0x38, 0x70, 0x60, 0xE1, 0xC0, 0xE7, 0x01, 0xFC, 0x00, 0x00, 0x00,
    0x03, 0x80, 0x0F, 0xF0, 0x13, 0xF0, 0x00, 0x70, 0x09, 0xC0, 0xFF, 0x07, 0x9E, 0x1C, 0x0E, 0x38,
    0x1C, 0xE0, 0x39, 0xC0, 0x73, 0x80, 0xFE, 0x01, 0xFC, 0x03, 0xB8, 0x07, 0x70, 0x0E, 0xE0, 0x1D,
    0xC0, 0x31, 0xC0, 0xE3, 0x83, 0x83, 0x8E, 0x03, 0xF8, 0x00, 0x00, 0x00, 0x06, 0x00, 0x1F, 0x60,
    0x37, 0x98, 0x06, 0x70, 0x00, 0xC0, 0xFF, 0x87, 0xBC, 0x1C, 0x38, 0x38, 0x70, 0xE0, 0xE1, 0xC1,
    0xC3, 0x83, 0x87, 0x07, 0x0E, 0x0E, 0x1C, 0x18, 0x38, 0x70, 0x39, 0xC0, 0x7F, 0x00, 0x00, 0x00,
    0x00, 0x0C, 0x00, 0x1C, 0x02, 0x70, 0x3F, 0xC1, 0xE7, 0x87, 0x03, 0x8E, 0x07, 0x38, 0x0E, 0x70,
    0x1C, 0xE0, 0x3F, 0x80, 0x7F, 0x00, 0xEE, 0x01, 0xDC, 0x03, 0xB8, 0x07, 0x70, 0x0C, 0x70, 0x38,
    0xE0, 0xE0, 0xE3, 0x80, 0xFE, 0x00, 0x00, 0x00, 0x00, 0x03, 0x80, 0x07, 0x00, 0x06, 0x00, 0x00,
    0x06, 0x00, 0x1C, 0x00, 0x30, 0x3F, 0xE1, 0xEF, 0x07, 0x0E, 0x0E, 0x1C, 0x38, 0x38, 0x70, 0x70,
    0xE0, 0xE1, 0xC1, 0xC3, 0x83, 0x87, 0x06, 0x0E, 0x1C, 0x0E, 0x70, 0x1F, 0xC0, 0x00, 0x00, 0x18,
    0x00, 0x38, 0x00, 0x70, 0x00, 0x40, 0x00, 0x00, 0x00, 0xFE, 0x1F, 0x38, 0x0C, 0x38, 0x0C, 0x30,
    0x0C, 0x70, 0x0C, 0x70, 0x0C, 0x70, 0x0C, 0x70, 0x1C, 0x70, 0x18, 0x70, 0x18, 0x70, 0x18, 0x60,
    0x18, 0x60, 0x18, 0x70, 0x30, 0x70, 0x30, 0x38, 0xE0, 0x1F, 0xC0, 0x00, 0x00, 0x02, 0x00, 0x07,
    0x00, 0x07, 0x00, 0x06, 0x00, 0xF0, 0x6F, 0x0E, 0x70, 0xE7, 0x0E, 0x70, 0xE6, 0x0E, 0x60, 0xCE,
    0x0C, 0xE1, 0xCE, 0x1C, 0xE3, 0xCF, 0xFF, 0x7D, 0xE0, 0x00, 0x0C, 0x01, 0xC0, 0x1C, 0x00, 0x80,
    0x00, 0xE0, 0x00, 0xF0, 0x00, 0x30, 0x00, 0xE0, 0x00, 0xC0, 0x00, 0xC0, 0x00, 0x00, 0xFE, 0x1F,
    0x38, 0x0C, 0x38, 0x0C, 0x30, 0x0C, 0x70, 0x0C, 0x70, 0x0C, 0x70, 0x0C, 0x70, 0x1C, 0x70, 0x18,
    0x70, 0x18, 0x70, 0x18, 0x60, 0x18, 0x60, 0x18, 0x70, 0x30, 0x70, 0x30, 0x38, 0xE0, 0x1F, 0xC0,
    0x00, 0x00, 0x02, 0x00, 0x78, 0x01, 0x80, 0x18, 0x03, 0x00, 0x20, 0x00, 0x0F, 0x06, 0xF0, 0xE7,
    0x0E, 0x70, 0xE7, 0x0E, 0x60, 0xE6, 0x0C, 0xE0, 0xCE, 0x1C, 0xE1, 0xCE, 0x3C, 0xFF, 0xF7, 0xDE,
    0x00, 0x00, 0x00, 0x30, 0x00, 0x1E, 0x00, 0x07, 0x00, 0x03, 0x83, 0x00, 0x81, 0xC0, 0x00, 0x7F,
    0xE1, 0xF8, 0xE0, 0x30, 0x38, 0x0C, 0x0C, 0x03, 0x07, 0x00, 0xC1, 0xC0, 0x30, 0x70, 0x0C, 0x1C,
    0x07, 0x07, 0x01, 0x81, 0xC0, 0x60, 0x70, 0x18, 0x18, 0x06, 0x06, 0x01, 0x81, 0xC0, 0xC0, 0x70,
    0x30, 0x0E, 0x38, 0x01, 0xFC, 0x00, 0x00, 0x00, 0x00, 0x80, 0x00, 0xC0, 0x01, 0xC0, 0x03, 0x82,
    0x07, 0x06, 0x04, 0x0E, 0x00, 0x1C, 0xF0, 0x78, 0xF0, 0xE0, 0x70, 0xE0, 0x70, 0xE0, 0x70, 0xE0,
    0x60, 0xE0, 0x60, 0xC0, 0xE0, 0xC0, 0xE1, 0xC0, 0xE1, 0xC0, 0xE3, 0xC0, 0xFF, 0xF0, 0x7D, 0xE0,
    0x00, 0x00, 0x02, 0x00, 0x01, 0xC0, 0x00, 0x38, 0x00, 0x07, 0x03, 0x00, 0x41, 0xC0, 0x00, 0x7F,
    0xE1, 0xF8, 0xE0, 0x30, 0x38, 0x0C, 0x0C, 0x03, 0x07, 0x00, 0xC1, 0xC0, 0x30, 0x70, 0x0C, 0x1C,
    0x07, 0x07, 0x01, 0x81, 0xC0, 0x60, 0x70, 0x18, 0x18, 0x06, 0x06, 0x01, 0x81, 0xC0, 0xC0, 0x70,
    0x30, 0x0E, 0x38, 0x01, 0xFC, 0x00, 0x00, 0x00, 0x00, 0x00, 0x18, 0x00, 0x1C, 0x00, 0x0C, 0x02,
    0x06, 0x06, 0x02, 0x0E, 0x00, 0x1C, 0xF0, 0x78, 0xF0, 0xE0, 0x70, 0xE0, 0x70, 0xE0, 0x70, 0xE0,
    0x60, 0xE0, 0x60, 0xC0, 0xE0, 0xC0, 0xE1, 0xC0, 0xE1, 0xC0, 0xE3, 0xC0, 0xFF, 0xF0, 0x7D, 0xE0,
    0x00, 0x00, 0x00, 0xE0, 0x00, 0x3C, 0x00, 0x03, 0x00, 0x03, 0x80, 0x00, 0xC0, 0xC0, 0x30, 0x70,
    0x00, 0x1F, 0xF8, 0x7E, 0x38, 0x0C, 0x0E, 0x03, 0x03, 0x00, 0xC1, 0xC0, 0x30, 0x70, 0x0C, 0x1C,
    0x03, 0x07, 0x01, 0xC1, 0xC0, 0x60, 0x70, 0x18, 0x1C, 0x06, 0x06, 0x01, 0x81, 0x80, 0x60, 0x70,
    0x30, 0x1C, 0x0C, 0x03, 0x8E, 0x00, 0x7F, 0x00, 0x00, 0x00, 0x00, 0x02, 0x00, 0x07, 0x80, 0x01,
    0x80, 0x01, 0x82, 0x03, 0x06, 0x02, 0x0E, 0x00, 0x1C, 0xF0, 0x78, 0xF0, 0xE0, 0x70, 0xE0, 0x70,
    0xE0, 0x70, 0xE0, 0x60, 0xE0, 0x60, 0xC0, 0xE0, 0xC0, 0xE1, 0xC0, 0xE1, 0xC0, 0xE3, 0xC0, 0xFF,
    0xF0, 0x7D, 0xE0, 0x00, 0x00, 0x03, 0x88, 0x01, 0xFE, 0x00, 0x67, 0x0C, 0x00, 0x07, 0x00, 0x01,
    0xFF, 0x87, 0xE3, 0x80, 0xC0, 0xE0, 0x30, 0x30, 0x0C, 0x1C, 0x03, 0x07, 0x00, 0xC1, 0xC0, 0x30,
    0x70, 0x1C, 0x1C, 0x06, 0x07, 0x01, 0x81, 0xC0, 0x60, 0x60, 0x18, 0x18, 0x06, 0x07, 0x03, 0x01,
    0xC0, 0xC0, 0x38, 0xE0, 0x07, 0xF0, 0x00, 0x00, 0x00, 0x0C, 0x00, 0x1F, 0x62, 0x1B, 0xC6, 0x01,
    0x8E, 0x00, 0x1C, 0xF0, 0x78, 0xF0, 0xE0, 0x70, 0xE0, 0x70, 0xE0, 0x70, 0xE0, 0x60, 0xE0, 0x60,
    0xC0, 0xE0, 0xC0, 0xE1, 0xC0, 0xE1, 0xC0, 0xE3, 0xC0, 0xFF, 0xF0, 0x7D, 0xE0, 0x00, 0x00, 0x00,
    0x00, 0xC0, 0x00, 0x70, 0x00, 0x1F, 0xF8, 0x7E, 0x38, 0x0C, 0x0E, 0x03, 0x03, 0x00, 0xC1, 0xC0,
    0x30, 0x70, 0x0C, 0x1C, 0x03, 0x07, 0x01, 0xC1, 0xC0, 0x60, 0x70, 0x18, 0x1C, 0x06, 0x06, 0x01,
    0x81, 0x80, 0x60, 0x70, 0x30, 0x1C, 0x0C, 0x03, 0x8E, 0x00, 0x7F, 0x00, 0x00, 0x00, 0x00, 0x80,
    0x00, 0x70, 0x00, 0x1C, 0x00, 0x06, 0x00, 0x00, 0x00, 0x02, 0x00, 0x06, 0x00, 0x0E, 0x00, 0x1C,
    0xF0, 0x78, 0xF0, 0xE0, 0x70, 0xE0, 0x70, 0xE0, 0x70, 0xE0, 0x60, 0xE0, 0x60, 0xC0, 0xE0, 0xC0,
    0xE1, 0xC0, 0xE1, 0xC0, 0xE3, 0xC0, 0xFF, 0xF0, 0x7D, 0xE0, 0x00, 0x00, 0x0C, 0x00, 0x1C, 0x00,
    0x1C, 0x00, 0x08, 0x00, 0x02, 0x00, 0x07, 0x00, 0x07, 0x80, 0x01, 0xC0, 0x00, 0x80, 0x00, 0x00,
    0x7E, 0x3E, 0x38, 0x1C, 0x38, 0x18, 0x1C, 0x38, 0x1C, 0x30, 0x0E, 0x60, 0x0E, 0x60, 0x0E, 0xC0,
    0x07, 0xC0, 0x07, 0x80, 0x03, 0x00, 0x07, 0x00, 0x07, 0x00, 0x07, 0x00, 0x07, 0x00, 0x07, 0x00,
    0x3F, 0xC0, 0x00, 0x00, 0x70, 0x03, 0x80, 0x0E, 0x00, 0x18, 0x00, 0x40, 0x00, 0x07, 0x07, 0x7C,
    0x38, 0xE1, 0xC7, 0x06, 0x38, 0x71, 0xC3, 0x06, 0x18, 0x39, 0xC1, 0xCC, 0x0E, 0x60, 0x76, 0x01,
    0xF0, 0x0F, 0x00, 0x70, 0x01, 0x80, 0x18, 0x01, 0x80, 0xFC, 0x07, 0x80, 0x00, 0x00, 0x00, 0x7E,
    0x3E, 0x38, 0x1C, 0x38, 0x18, 0x1C, 0x38, 0x1C, 0x30, 0x0E, 0x60, 0x0E, 0x60, 0x0E, 0xC0, 0x07,
    0xC0, 0x07, 0x80, 0x03, 0x00, 0x07, 0x00, 0x07, 0x00, 0x07, 0x00, 0x07, 0x00, 0x07, 0x00, 0x3F,
    0xC0, 0x00, 0x00, 0x04, 0x00, 0x0E, 0x00, 0x0E, 0x00, 0x04, 0x00, 0x38, 0x3B, 0xE1, 0xC7, 0x0E,
    0x38, 0x31, 0xC3, 0x8E, 0x18, 0x30, 0xC1, 0xCE, 0x0E, 0x60, 0x73, 0x03, 0xB0, 0x0F, 0x80, 0x78,
    0x03, 0x80, 0x0C, 0xC0, 0xCE, 0x0C, 0x77, 0xE1, 0x3C, 0x00, 0x01, 0xE0, 0x00, 0xF0, 0x00, 0x70,
    0x00, 0xE0, 0x00, 0xC0, 0x00, 0x80, 0x00, 0x00, 0x7E, 0x3E, 0x38, 0x1C, 0x38, 0x18, 0x1C, 0x38,
    0x1C, 0x30, 0x0E, 0x60, 0x0E, 0x60, 0x0E, 0xC0, 0x07, 0xC0, 0x07, 0x80, 0x03, 0x00, 0x07, 0x00,
    0x07, 0x00, 0x07, 0x00, 0x07, 0x00, 0x07, 0x00, 0x3F, 0xC0, 0x00, 0x80, 0x0F, 0x00, 0x38, 0x00,
    0xC0, 0x1C, 0x00, 0xC0, 0x00, 0x07, 0x07, 0x7C, 0x38, 0xE1, 0xC7, 0x06, 0x38, 0x71, 0xC3, 0x06,
    0x18, 0x39, 0xC1, 0xCC, 0x0E, 0x60, 0x76, 0x01, 0xF0, 0x0F, 0x00, 0x70, 0x01, 0x80, 0x18, 0x01,
    0x80, 0xFC, 0x07, 0x80, 0x00, 0x03, 0x90, 0x07, 0xF0, 0x04, 0xF0, 0x00, 0x00, 0x00, 0x00, 0x7E,
    0x3E, 0x38, 0x1C, 0x38, 0x18, 0x1C, 0x38, 0x1C, 0x30, 0x0E, 0x60, 0x0E, 0x60, 0x0E, 0xC0, 0x07,
    0xC0, 0x07, 0x80, 0x03, 0x00, 0x07, 0x00, 0x07, 0x00, 0x07, 0x00, 0x07, 0x00, 0x07, 0x00, 0x3F,
    0xC0, 0x03, 0x00, 0x3D, 0x83, 0x7C, 0x00, 0xC0, 0x00, 0x1C, 0x1D, 0xF0, 0xE3, 0x87, 0x1C, 0x18,
    0xE1, 0xC7, 0x0C, 0x18, 0x60, 0xE7, 0x07, 0x30, 0x39, 0x81, 0xD8, 0x07, 0xC0, 0x3C, 0x01, 0xC0,
    0x06, 0x00, 0x60, 0x06, 0x03, 0xF0, 0x1E, 0x00, 0x00, 0x1F, 0xF7, 0xFC, 0x00, 0x1F, 0xF7, 0xFC,
    0x00, 0x1F, 0xFF, 0xFF, 0x00, 0x00, 0x00, 0x7F, 0xFE, 0x7F, 0xFE, 0x00, 0x00, 0x00, 0xFF, 0xFF,
    0xF9, 0xFF, 0xFF, 0xF0, 0x00, 0x00, 0x00, 0xFF, 0xFF, 0xF9, 0xFF, 0xFF, 0xF0, 0xCF, 0x3C, 0xF3,
    0xCF, 0x3C, 0xF3, 0xCF, 0x3C, 0xF3, 0xCF, 0x3C, 0xF3, 0xCF, 0x3C, 0xF3, 0xCF, 0x30, 0x00, 0x01,
    0x99, 0xCE, 0x73, 0x9C, 0x40, 0x01, 0x8E, 0x73, 0x9C, 0xCC, 0x40, 0x03, 0x9C, 0x63, 0x19, 0xDC,
    0x00, 0x06, 0x7E, 0xEC, 0xC6, 0x60, 0x00, 0x18, 0xD8, 0xDC, 0xCE, 0xE7, 0x73, 0xB9, 0xCE, 0x46,
    0x00, 0x00, 0x0C, 0xE3, 0xB8, 0xE6, 0x39, 0x8E, 0x63, 0x39, 0x9C, 0x46, 0x00, 0x00, 0x3B, 0x9D,
    0xC6, 0x63, 0x31, 0x99, 0xDD, 0xDC, 0xCC, 0x00, 0x06, 0x03, 0x80, 0xE0, 0x30, 0x7F, 0x9F, 0xE7,
    0xF8, 0x70, 0x1C, 0x07, 0x01, 0x80, 0x60, 0x18, 0x06, 0x01, 0x80, 0x60, 0x10, 0x04, 0x00, 0x06,
    0x03, 0x80, 0xE0, 0x30, 0x7F, 0x9F, 0xE7, 0xF8, 0x70, 0x1C, 0x07, 0x07, 0xF3, 0xFC, 0x18, 0x06,
    0x01, 0x80, 0x60, 0x10, 0x04, 0x00, 0x03, 0xFF, 0xF7, 0x10, 0x03, 0x8F, 0x3E, 0xE3, 0x00, 0x63,
    0x1B, 0xDC, 0xEE, 0x73, 0x80, 0x00, 0xFF, 0x80, 0x00, 0x06, 0x00, 0x00, 0x01, 0x80, 0x00, 0x70,
    0x30, 0x00, 0x1F, 0x8C, 0x00, 0x06, 0x31, 0x80, 0x01, 0x86, 0x60, 0x00, 0x30, 0xCC, 0x00, 0x06,
    0x1B, 0x00, 0x00, 0xC6, 0x60, 0x00, 0x0F, 0xD8, 0x00, 0x00, 0xE3, 0x3C, 0x1E, 0x00, 0xCC, 0xCE,
    0x60, 0x1B, 0x1D, 0x8C, 0x06, 0xE3, 0xF1, 0xC0, 0xDC, 0x7C, 0x30, 0x33, 0x8D, 0xC6, 0x06, 0x33,
    0xB9, 0x81, 0x87, 0xE3, 0xF0, 0x30, 0x20, 0x10, 0x0C, 0x00, 0x00, 0x00, 0x00, 0x00, 0x00, 0x77,
    0x66, 0xEC, 0xCC, 0x77, 0x77, 0x66, 0x66, 0xEE, 0xCE, 0xCC, 0xCC, 0x77, 0x77, 0x77, 0x66, 0x66,
    0xEE, 0xEE, 0xEC, 0xCC, 0xCC, 0xCC, 0xCC, 0x02, 0x07, 0x0E, 0x3C, 0x78, 0xF0, 0xE0, 0x70, 0x38,
    0x18, 0x1C, 0x0C, 0x20, 0x30, 0x38, 0x1C, 0x0E, 0x0F, 0x0E, 0x1E, 0x3C, 0x70, 0xE0, 0xC0, 0x1C,
    0x71, 0xC7, 0x1C, 0xE1, 0xCE, 0x1C, 0xE1, 0x8E, 0x38, 0xE3, 0x8C, 0x38, 0xC3, 0x8C, 0x30, 0xC3,
    0x1C, 0x31, 0xC3, 0x18, 0x20, 0x80, 0x00, 0x00, 0x06, 0x18, 0xF3, 0x8E, 0x38, 0x00, 0x00, 0x00,
    0xC0, 0x00, 0x18, 0x00, 0x19, 0x60, 0x01, 0xFC, 0x00, 0x0E, 0x00, 0x07, 0xF0, 0x01, 0x96, 0x00,
    0x02, 0x00, 0x00, 0xC0, 0x01, 0x00, 0xC0, 0x20, 0x18, 0x24, 0x9B, 0x2F, 0xF3, 0xFC, 0x78, 0x1E,
    0x1F, 0xC7, 0xF7, 0x5D, 0xD6, 0x08, 0x06, 0x01, 0x00, 0xC0, 0x00, 0x00, 0x00, 0x00, 0x30, 0x07,
    0x00, 0x60, 0x0E, 0x00, 0xC0, 0x0C, 0x01, 0x80, 0x18, 0x03, 0x00, 0x30, 0x06, 0x00, 0x60, 0x0C,
    0x00, 0xC0, 0x18, 0x01, 0x80, 0x30, 0x03, 0x00, 0x60, 0x06, 0x00, 0x00, 0x00, 0x7F, 0xCF, 0xFD,
    0xFF, 0x80, 0x30, 0x0C, 0x01, 0x80, 0x30, 0x06, 0x00, 0xC0, 0x18, 0x03, 0x00, 0xC0, 0x18, 0x00,
    0x30, 0x03, 0x00, 0x18, 0x01, 0xC7, 0x8C, 0x3C, 0xE1, 0xE6, 0x0F, 0x70, 0x23, 0x00, 0x18, 0x01,
    0x80, 0x0D, 0xE0, 0xCF, 0x06, 0x78, 0x63, 0xC3, 0x08, 0x30, 0x01, 0x80, 0x18, 0x00, 0xC0, 0x00,
    0x00, 0x00, 0x00, 0x07, 0xC3, 0x18, 0xC7, 0x71, 0xD8, 0x76, 0x1D, 0x87, 0x61, 0x98, 0x67, 0x30,
    0xF8, 0x00, 0x00, 0x11, 0xCE, 0x60, 0x39, 0xCE, 0x73, 0x9C, 0xE6, 0x3C, 0x80, 0x00, 0x03, 0x01,
    0xC0, 0x60, 0x38, 0x0C, 0xC7, 0x31, 0x8C, 0xFF, 0xBF, 0xE0, 0x60, 0x18, 0x00, 0x1F, 0xCF, 0xC6,
    0x07, 0x03, 0xF1, 0xFC, 0x06, 0x03, 0x03, 0x83, 0x8F, 0x80, 0x00, 0x00, 0x03, 0x83, 0x03, 0x03,
    0x03, 0xF9, 0xCE, 0xC7, 0x63, 0xB1, 0xD8, 0xC7, 0xC0, 0x00, 0x7F, 0xBF, 0xD8, 0xC0, 0x60, 0x60,
    0x30, 0x30, 0x18, 0x18, 0x0C, 0x0E, 0x00, 0x00, 0x0F, 0x8C, 0x66, 0x33, 0x19, 0xF8, 0x78, 0xEE,
    0x63, 0xF1, 0xD8, 0xCF, 0xC0, 0x00, 0x00, 0x1F, 0x19, 0xDC, 0x6C, 0x37, 0x1B, 0x9C, 0xFE, 0x06,
    0x07, 0x07, 0x0E, 0x00, 0x00, 0x73, 0xCF, 0xF9, 0xE7, 0x38, 0xE7, 0x1C, 0xE3, 0x9C, 0x73, 0x0C,
    0x61, 0xE0, 0x30, 0x00, 0x1F, 0x1C, 0xCC, 0x7E, 0x3F, 0x0F, 0x0F, 0x87, 0xC3, 0xF1, 0x99, 0xCF,
    0xC0, 0x00, 0x1C, 0xF9, 0xF0, 0xE1, 0x83, 0x06, 0x0C, 0x18, 0x71, 0xF8, 0x00, 0x1F, 0x19, 0xC0,
    0x70, 0x38, 0x18, 0x1C, 0x0C, 0x0C, 0x1C, 0xDD, 0xFF, 0xE0, 0x00, 0x1F, 0x19, 0xC0, 0x60, 0x70,
    0x70, 0xF8, 0x0E, 0x03, 0x03, 0x83, 0x9F, 0x80, 0x00, 0x00, 0x03, 0x00, 0xC0, 0x70, 0x18, 0x0C,
    0xC7, 0x31, 0x8C, 0xFF, 0xDF, 0xE0, 0x70, 0x18, 0x00, 0x1F, 0xCF, 0xC6, 0x03, 0x03, 0xF1, 0xFC,
    0x06, 0x03, 0x01, 0x83, 0x8F, 0x80, 0x00, 0x00, 0x0E, 0x1C, 0x30, 0x60, 0xFE, 0xE7, 0xC3, 0xC3,
    0xC3, 0xE6, 0x7C, 0x00, 0x7F, 0x9F, 0xE6, 0x30, 0x0C, 0x06, 0x01, 0x80, 0xE0, 0x30, 0x1C, 0x06,
    0x03, 0x80, 0x00, 0x0F, 0x8C, 0x66, 0x33, 0x99, 0xF8, 0x78, 0xEE, 0x63, 0xB0, 0xD8, 0xE7, 0xE0,
    0x00, 0x00, 0x1F, 0x18, 0xDC, 0x6E, 0x3F, 0x1D, 0x9C, 0xFE, 0x07, 0x07, 0x07, 0x0F, 0x00, 0x00,
    0x02, 0x40, 0x1E, 0x00, 0xB0, 0x0F, 0x80, 0xFF, 0x8F, 0x7C, 0xFB, 0x66, 0xDA, 0x76, 0xC3, 0x34,
    0x39, 0xE1, 0xCB, 0x0E, 0xD8, 0x76, 0xC3, 0xB6, 0x1D, 0xB0, 0xED, 0x83, 0xED, 0x1F, 0x58, 0x7F,
    0xC1, 0xFC, 0x0D, 0x80, 0x6C, 0x03, 0x60, 0x00, 0x00, 0x01, 0xFF, 0x07, 0x8F, 0x0E, 0x06, 0x1C,
    0x06, 0x38, 0x06, 0x38, 0x00, 0x79, 0xC6, 0x73, 0xDE, 0x71, 0xFE, 0x71, 0xE0, 0x71, 0xC0, 0x71,
    0xC0, 0x71, 0xC0, 0x79, 0xCC, 0x39, 0x9C, 0x1F, 0xBC, 0x0F, 0xF8, 0x00, 0x00, 0x00, 0x00, 0x3F,
    0xF8, 0x38, 0x30, 0x70, 0x60, 0xE0, 0xC1, 0xC0, 0x07, 0x00, 0x0E, 0x00, 0x1F, 0xF0, 0x3F, 0xE0,
    0x70, 0x00, 0xE0, 0x0F, 0xF0, 0x1F, 0xF0, 0x0E, 0x00, 0x1C, 0x00, 0x38, 0x00, 0xFE, 0x00, 0x00,
    0x38, 0x00, 0xFC, 0x01, 0xCC, 0x03, 0x80, 0x03, 0x00, 0x07, 0x00, 0x1F, 0xE0, 0x3F, 0xE0, 0x06,
    0x00, 0x0E, 0x00, 0x3F, 0xC0, 0x3F, 0x8C, 0x0E, 0x0E, 0x0C, 0x0E, 0x0C, 0x06, 0x18, 0x0E, 0xFE,
    0x1E, 0xF7, 0xFC, 0x00, 0x40, 0x00, 0x03, 0x00, 0x00, 0x60, 0x00, 0x06, 0x00, 0x00, 0xE0, 0x73,
    0xEF, 0xC7, 0x7F, 0xFC, 0x7C, 0xF8, 0xE7, 0x87, 0x8E, 0x70, 0x70, 0xC7, 0x0F, 0x0C, 0x70, 0xE1,
    0xC6, 0x0E, 0x1C, 0x60, 0xE1, 0xCE, 0x0E, 0x1C, 0xE1, 0xE1, 0xCE, 0x1C, 0x1E, 0xE3, 0xC1, 0xE0,
    0x30, 0x00, 0x06, 0x00, 0x00, 0x60, 0x00, 0x00, 0x00, 0x00, 0x00, 0x00, 0x01, 0xF0, 0x3E, 0x0F,
    0x01, 0xC0, 0xF8, 0x18, 0x0F, 0x81, 0x80, 0xDC, 0x18, 0x0D, 0xC1, 0x87, 0xFF, 0xFF, 0x0C, 0xE1,
    0x81, 0x87, 0x18, 0x18, 0x73, 0x0F, 0xFF, 0xFE, 0x18, 0x3B, 0x01, 0x83, 0xB0, 0x18, 0x1F, 0x01,
    0x81, 0xF0, 0x38, 0x0F, 0x07, 0xE0, 0xE0, 0x00, 0x00, 0x1F, 0xFC, 0x07, 0x0F, 0x03, 0x81, 0xC1,
    0xC0, 0xE3, 0xFF, 0xFD, 0xFF, 0xFE, 0x38, 0x18, 0x1C, 0x1C, 0x0C, 0x1C, 0x0F, 0xFC, 0x07, 0xF8,
    0x03, 0x80, 0x01, 0xC0, 0x00, 0xE0, 0x00, 0x70, 0x00, 0x38, 0x00, 0x7F, 0x00, 0x00, 0x00, 0x00,
    0x00, 0x1F, 0xFC, 0x00, 0x07, 0x0F, 0x00, 0x03, 0x83, 0x80, 0x01, 0xC1, 0xC0, 0x00, 0xE0, 0xE1,
    0xF8, 0x70, 0x71, 0xFC, 0x38, 0x38, 0xC0, 0x18, 0x38, 0xE0, 0x1F, 0xF8, 0x78, 0x0F, 0xF0, 0x1E,
    0x07, 0x1C, 0x07, 0x83, 0x86, 0x01, 0xE1, 0xC3, 0x80, 0x78, 0xE1, 0xC0, 0x1C, 0x70, 0x70, 0x0C,
    0x78, 0x3D, 0xCE, 0x7E, 0x0F, 0xFE, 0x00, 0x00, 0x00, 0x00, 0x00, 0x00, 0x00, 0x0F, 0xCF, 0xE7,
    0xE1, 0xC0, 0xE0, 0x70, 0x30, 0x38, 0x18, 0x0E, 0x0E, 0x0E, 0x1F, 0xFF, 0xFF, 0xE3, 0xFF, 0xFF,
    0xF0, 0x38, 0x78, 0x60, 0x0E, 0x37, 0x18, 0x01, 0x8D, 0xCC, 0x03, 0xFF, 0xFF, 0xE1, 0xFF, 0xFF,
    0xF8, 0x07, 0x67, 0x60, 0x01, 0xF1, 0xD8, 0x00, 0x7C, 0x7C, 0x00, 0x1F, 0x0F, 0x00, 0x03, 0x83,
    0x80, 0x00, 0xE0, 0xE0, 0x00, 0x00, 0x00, 0x00, 0x00, 0x00, 0x07, 0xFF, 0x1C, 0xFF, 0xF3, 0x9C,
    0x0E, 0x63, 0x01, 0xCC, 0x67, 0x39, 0x9C, 0xE6, 0x73, 0x9C, 0xCE, 0x73, 0xB9, 0xCE, 0x67, 0x39,
    0xCC, 0xE7, 0x33, 0x9C, 0xC6, 0x73, 0x99, 0xCE, 0x67, 0x39, 0xC0, 0xE7, 0x38, 0x1C, 0xE7, 0xFF,
    0x18, 0xFF, 0xC0, 0x00, 0x00, 0x00, 0x00, 0xF0, 0x03, 0xC0, 0x07, 0x00, 0xFF, 0x03, 0xF8, 0x01,
    0xC0, 0xFE, 0x0E, 0x38, 0x30, 0x61, 0xC3, 0x86, 0x0E, 0x38, 0x38, 0xE0, 0xE1, 0x83, 0x87, 0xBC,
    0x0F, 0xBC, 0x00, 0x00, 0x00, 0x0F, 0xFE, 0x00, 0x00, 0x00, 0x03, 0xFC, 0x1E, 0x38, 0x70, 0x30,
    0xC0, 0x43, 0x80, 0x1F, 0xF8, 0x3F, 0xF0, 0x38, 0x00, 0x70, 0x03, 0xFF, 0x87, 0xFF, 0x03, 0x80,
    0x07, 0x01, 0x06, 0x03, 0x0E, 0x0C, 0x0E, 0x78, 0x0F, 0xF0, 0x00, 0x00, 0x00, 0x00, 0x1F, 0x8F,
    0xC3, 0x83, 0x81, 0x83, 0x81, 0xC1, 0x80, 0xE1, 0x80, 0x71, 0x80, 0x39, 0x80, 0x7F, 0xFE, 0x3F,
    0xFF, 0x07, 0x70, 0x03, 0x1C, 0x03, 0x8F, 0x01, 0xC3, 0x80, 0xE1, 0xE0, 0x70, 0x70, 0x38, 0x3C,
    0x7F, 0x0F, 0x80, 0x00, 0x00, 0xFF, 0xFF, 0x8E, 0x3F, 0x1C, 0x6C, 0x38, 0xD8, 0x71, 0x80, 0xC0,
    0x03, 0xF8, 0x0F, 0xF0, 0x7E, 0x00, 0x9C, 0x00, 0x3F, 0x01, 0xFE, 0x0F, 0xE0, 0x13, 0x80, 0x07,
    0x00, 0x0E, 0x00, 0xFF, 0x80, 0x00, 0x00, 0x1F, 0xFC, 0x07, 0x8F, 0x03, 0x81, 0x87, 0xFF, 0xFB,
    0xFF, 0xFC, 0x70, 0x38, 0x38, 0x1C, 0xFF, 0xFF, 0x0E, 0x0E, 0x06, 0x0E, 0x07, 0xFE, 0x03, 0xF8,
    0x01, 0xC0, 0x00, 0xE0, 0x00, 0x70, 0x00, 0x38, 0x00, 0x7F, 0x00, 0x00, 0x00, 0xC0, 0x01, 0x80,
    0x03, 0x00, 0x3F, 0xE1, 0xE1, 0xC7, 0x03, 0x8E, 0x07, 0x38, 0x00, 0x70, 0x01, 0xC0, 0x03, 0x80,
    0x07, 0x00, 0x0E, 0x0F, 0xDC, 0x07, 0xB8, 0x0E, 0x70, 0x1C, 0x70, 0x38, 0xE0, 0x70, 0xF3, 0xE0,
    0xFF, 0x00, 0x70, 0x00, 0xE0, 0x01, 0x80, 0x00, 0x00, 0x00, 0x7F, 0xC1, 0xE7, 0x86, 0x0F, 0x18,
    0x1C, 0x00, 0xE0, 0x07, 0x9F, 0xFF, 0x03, 0xE0, 0x1E, 0x07, 0xFF, 0xDF, 0xFE, 0x38, 0x01, 0xC0,
    0x07, 0x01, 0x9C, 0x0E, 0x78, 0xF0, 0xFF, 0x80, 0x00, 0x00, 0x00, 0x00, 0x0C, 0x00, 0x60, 0x03,
    0x00, 0x7F, 0x8E, 0xDC, 0xE6, 0x46, 0x22, 0x73, 0x03, 0x18, 0x38, 0xC1, 0xC6, 0x0E, 0x30, 0x71,
    0x83, 0x8C, 0x1C, 0x60, 0xE6, 0x03, 0x33, 0x1D, 0x98, 0x7F, 0xC1, 0xFC, 0x03, 0x00, 0x18, 0x00,
    0xC0, 0x00, 0x00, 0x3F, 0xFF, 0x3F, 0xFE, 0x00, 0x00, 0x00, 0x00, 0x7F, 0xFE, 0x7B, 0xDE, 0x63,
    0x86, 0x63, 0x86, 0xC3, 0x86, 0x03, 0x80, 0x03, 0x80, 0x03, 0x80, 0x03, 0x80, 0x07, 0x00, 0x07,
    0x00, 0x07, 0x00, 0x3F, 0xE0, 0x00, 0x00, 0xFF, 0xF8, 0x1F, 0x00, 0x0E, 0x00, 0x1C, 0x00, 0x38,
    0x3F, 0xFE, 0x3F, 0xF8, 0x01, 0xC0, 0x07, 0x00, 0x3C, 0x07, 0xE0, 0x00, 0xE0, 0x01, 0xC0, 0x01,
    0xC0, 0x03, 0x80, 0x03, 0x80, 0x07, 0x80, 0x00, 0x00, 0x0C, 0x00, 0x18, 0x00, 0x73, 0x00, 0xFC,
    0x01, 0xE0, 0x0F, 0x80, 0x3F, 0x60, 0x0F, 0xC0, 0x1E, 0x00, 0xF0, 0x3B, 0xE0, 0x71, 0xC0, 0xE3,
    0x83, 0x87, 0x0F, 0x0E, 0x3C, 0x1F, 0xF0, 0x3F, 0x80, 0x00, 0x10, 0x00, 0x0C, 0x00, 0x03, 0x00,
    0x00, 0xC0, 0x00, 0xFC, 0x00, 0xFF, 0x80, 0x77, 0x70, 0x39, 0xCE, 0x0E, 0x73, 0x83, 0x18, 0xE1,
    0xC6, 0x38, 0x71, 0x8E, 0x1C, 0x63, 0x87, 0x38, 0xC1, 0x8E, 0x30, 0x63, 0x9C, 0x38, 0xC7, 0x0E,
    0x01, 0xC3, 0xC0, 0xF3, 0xF8, 0x7E, 0x00, 0x00, 0x7F, 0xF0, 0x38, 0x70, 0x70, 0x70, 0xE0, 0xE1,
    0xC1, 0xC3, 0x83, 0x8E, 0x0E, 0x1C, 0x1C, 0x79, 0xF1, 0xFF, 0xC0, 0xE0, 0x01, 0xC0, 0x0F, 0xF8,
    0x1F, 0xF0, 0x1C, 0x00, 0x38, 0x01, 0xFC, 0x00, 0x00, 0x00, 0x00, 0x4C, 0x00, 0x7E, 0x00, 0x7F,
    0xE0, 0xFB, 0xF0, 0xED, 0x98, 0x66, 0xCC, 0x73, 0x66, 0x31, 0x30, 0x38, 0x98, 0x1C, 0xC8, 0x0E,
    0x64, 0x07, 0x00, 0x03, 0x80, 0x01, 0xC0, 0x00, 0x70, 0x00, 0x1C, 0x00, 0x3F, 0xFC, 0x1F, 0xFF,
    0x00, 0x03, 0x30, 0x0D, 0xC0, 0x36, 0x0F, 0xFE, 0x1C, 0x38, 0x70, 0x71, 0xC1, 0xC7, 0x07, 0x1C,
    0x1C, 0x70, 0xE1, 0xFF, 0x07, 0xFC, 0x38, 0x38, 0xE0, 0x73, 0x81, 0xCE, 0x07, 0x38, 0x1C, 0xE0,
    0xE3, 0x8F, 0x3F, 0xF8, 0x19, 0x80, 0x66, 0x01, 0xB0, 0x00, 0x00, 0x00, 0x03, 0x00, 0x07, 0x00,
    0x0E, 0x00, 0x1C, 0x00, 0x38, 0x00, 0x7F, 0xFE, 0x7F, 0xFF, 0x3F, 0xFE, 0x1C, 0x00, 0x0E, 0x00,
    0x07, 0x00, 0x03, 0x80, 0x01, 0x00, 0x00, 0x00, 0x00, 0x00, 0x0C, 0x00, 0x78, 0x03, 0xF0, 0x1F,
    0xE0, 0xED, 0xC7, 0x33, 0xB8, 0xC6, 0x43, 0x08, 0x0C, 0x00, 0x30, 0x00, 0xC0, 0x03, 0x00, 0x0C,
    0x00, 0x30, 0x00, 0xC0, 0x00, 0x00, 0x03, 0x00, 0x07, 0x00, 0x07, 0x00, 0x07, 0x00, 0x07, 0x3F,
    0xFF, 0x7F, 0xFF, 0xFF, 0xFC, 0x00, 0x70, 0x01, 0xC0, 0x07, 0x00, 0x1C, 0x00, 0x30, 0x00, 0x00,
    0x00, 0x00, 0x00, 0x07, 0x00, 0x0E, 0x00, 0x1C, 0x00, 0x38, 0x00, 0x70, 0x00, 0xE0, 0x01, 0xC0,
    0x63, 0x8C, 0xE7, 0x38, 0xEE, 0xE0, 0xFF, 0x80, 0xFE, 0x00, 0xF8, 0x00, 0xE0, 0x00, 0x00, 0x03,
    0x00, 0x40, 0x07, 0x00, 0xE0, 0x0E, 0x00, 0x70, 0x1C, 0x00, 0x38, 0x38, 0x00, 0x1C, 0x7F, 0xFF,
    0xFE, 0x7F, 0xFF, 0xFF, 0x3F, 0xFF, 0xEE, 0x1C, 0x00, 0x1C, 0x0E, 0x00, 0x38, 0x07, 0x00, 0x70,
    0x03, 0x00, 0xE0, 0x01, 0x00, 0x40, 0x00, 0x00, 0x0C, 0x00, 0x78, 0x03, 0xF0, 0x1F, 0xE0, 0xED,
    0xC7, 0x33, 0xB8, 0xC6, 0x03, 0x00, 0x0C, 0x00, 0x30, 0x00, 0xC0, 0x43, 0x13, 0x8C, 0xE7, 0x37,
    0x0E, 0xF8, 0x1F, 0xC0, 0x3E, 0x00, 0x70, 0x00, 0x80, 0x00, 0x0F, 0xFC, 0xFF, 0xCF, 0x00, 0xF8,
    0x0D, 0xC0, 0xCE, 0x0C, 0x70, 0xC3, 0x8C, 0x1C, 0x00, 0xE0, 0x04, 0x00, 0x03, 0xFF, 0x3F, 0xF0,
    0x0F, 0x01, 0xF0, 0x3B, 0x07, 0x30, 0xE3, 0x1C, 0x33, 0x83, 0x70, 0x06, 0x00, 0x00, 0x18, 0x03,
    0x81, 0xB8, 0x33, 0x86, 0x38, 0xC3, 0x98, 0x3B, 0x03, 0xE0, 0x3D, 0xFF, 0xBF, 0xF0, 0x00, 0x00,
    0x02, 0x60, 0x76, 0x0E, 0x61, 0xC6, 0x38, 0x67, 0x06, 0xE0, 0x7C, 0x07, 0x80, 0x7F, 0xC7, 0xFC,
    0x0F, 0xC0, 0xFF, 0x04, 0x1C, 0x00, 0x60, 0x03, 0x80, 0x1C, 0x00, 0xE0, 0x73, 0x0F, 0xF9, 0xE3,
    0xCC, 0x0E, 0xE0, 0x76, 0x03, 0x70, 0x3B, 0x81, 0xDC, 0x0C, 0xE0, 0xC3, 0x9C, 0x0F, 0xC0, 0x10,
    0x00, 0x00, 0x08, 0x1F, 0x21, 0xFF, 0x8E, 0x0E, 0x30, 0x79, 0x83, 0x76, 0x08, 0xD8, 0x43, 0x63,
    0x0D, 0x98, 0x37, 0xC1, 0xCE, 0x0E, 0x1F, 0xF0, 0xFF, 0x86, 0x00, 0x00, 0x00, 0x00, 0x00, 0x00,
    0x60, 0x00, 0x60, 0x00, 0xF0, 0x00, 0xF0, 0x01, 0xF0, 0x01, 0xB8, 0x03, 0x38, 0x07, 0x38, 0x06,
    0x18, 0x0C, 0x1C, 0x0C, 0x1C, 0x18, 0x1C, 0x18, 0x0E, 0x30, 0x0E, 0x30, 0x0E, 0x7F, 0xFF, 0xFF,
    0xFF, 0x00, 0x00, 0x01, 0xFF, 0xFE, 0x0E, 0x03, 0x80, 0xE0, 0x38, 0x0E, 0x03, 0x80, 0xE0, 0x38,
    0x0E, 0x03, 0x00, 0xE0, 0x70, 0x0E, 0x07, 0x00, 0xC0, 0x70, 0x1C, 0x07, 0x01, 0xC0, 0x70, 0x1C,
    0x07, 0x01, 0xC0, 0x60, 0x1C, 0x0E, 0x01, 0xC0, 0xE0, 0x18, 0x0E, 0x03, 0x80, 0xE0, 0x38, 0x0E,
    0x0F, 0xE3, 0xF8, 0x00, 0x00, 0x1F, 0xFF, 0x0E, 0x7F, 0x0E, 0x03, 0x07, 0x03, 0x07, 0x00, 0x03,
    0x80, 0x03, 0xC0, 0x01, 0xC0, 0x00, 0xE0, 0x00, 0xE0, 0x01, 0xC0, 0x03, 0x80, 0x07, 0x00, 0x06,
    0x00, 0x0E, 0x02, 0x1C, 0x06, 0x38, 0x0E, 0x7F, 0xFE, 0x7F, 0xFC, 0x00, 0x0F, 0xFD, 0xFF, 0x00,
    0x00, 0x30, 0x07, 0x00, 0x60, 0x0E, 0x00, 0xC0, 0x0C, 0x01, 0x80, 0x18, 0x03, 0x00, 0x30, 0x06,
    0x00, 0x60, 0x0C, 0x00, 0xC0, 0x18, 0x01, 0x80, 0x30, 0x03, 0x00, 0x60, 0x06, 0x00, 0x00, 0x00,
    0x07, 0x77, 0x00, 0x00, 0xE0, 0x00, 0x18, 0x00, 0x07, 0x00, 0x00, 0xE0, 0x00, 0x38, 0x00, 0x07,
    0x00, 0x00, 0xC0, 0x00, 0x38, 0x00, 0x07, 0x00, 0x01, 0xC0, 0x00, 0x38, 0x00, 0x06, 0x00, 0x01,
    0xC0, 0x78, 0x30, 0x1F, 0x06, 0x03, 0xE1, 0xC0, 0x1C, 0x30, 0x01, 0x8E, 0x00, 0x39, 0x80, 0x07,
    0x30, 0x00, 0x6E, 0x00, 0x0D, 0x80, 0x01, 0xF0, 0x00, 0x3C, 0x00, 0x03, 0x80, 0x00, 0x06, 0x01,
    0x03, 0xF8, 0x7C, 0x7F, 0xCF, 0xE6, 0x1F, 0x8F, 0xC0, 0xE0, 0x7C, 0x0E, 0x07, 0xE0, 0xF0, 0x7E,
    0x1F, 0x86, 0x7F, 0x3F, 0xC7, 0xE1, 0xF8, 0x00, 0x00, 0x00, 0x00, 0x00, 0x1F, 0x01, 0xFC, 0x0C,
    0x40, 0xC0, 0x06, 0x00, 0x30, 0x01, 0x80, 0x0E, 0x00, 0x70, 0x03, 0x80, 0x1C, 0x00, 0x70, 0x03,
    0x80, 0x1C, 0x00, 0x60, 0x03, 0x80, 0x1C, 0x00, 0xE0, 0x07, 0x00, 0x38, 0x01, 0xC0, 0x0C, 0x0C,
    0xE0, 0x7E, 0x01, 0xE0, 0x00, 0x39, 0xCE, 0x00, 0x00, 0x00, 0x03, 0x9C, 0xE0, 0x00, 0x1E, 0x03,
    0xF3, 0x67, 0xE0, 0x1C, 0x00, 0x01, 0x80, 0x7E, 0x27, 0xFE, 0x43, 0xC0, 0x00, 0x00, 0xC0, 0x38,
    0x06, 0x01, 0xC7, 0xFE, 0x7F, 0xC1, 0x80, 0x30, 0x0E, 0x0F, 0xF9, 0xFF, 0x3F, 0xE1, 0x80, 0x60,
    0x0C, 0x00, 0x00, 0x00, 0x07, 0x01, 0xF0, 0x7C, 0x3E, 0x07, 0x80, 0x3C, 0x00, 0xF8, 0x03, 0xE0,
    0x0E, 0x00, 0x0F, 0xFC, 0xFF, 0xC0, 0x00, 0x03, 0x00, 0x3C, 0x00, 0xF0, 0x03, 0xC0, 0x0E, 0x07,
    0xC1, 0xF0, 0x7C, 0x0E, 0x00, 0x00, 0x0F, 0xFC, 0xFF, 0xE0, 0x00, 0x00, 0x01, 0xC0, 0x3C, 0x0F,
    0xC1, 0xF0, 0x3E, 0x00, 0xF8, 0x01, 0xF0, 0x03, 0xE0, 0x07, 0x00, 0x00, 0xFF, 0xCF, 0xFE, 0x00,
    0x00, 0x00, 0x1F, 0xF8, 0xFF, 0xE0, 0x00, 0x03, 0x80, 0x3E, 0x00, 0xF8, 0x03, 0xE0, 0x0F, 0x03,
    0xE0, 0xF8, 0x7E, 0x07, 0x00, 0x40, 0x07, 0xFE, 0x7F, 0xE0, 0x00, 0x00, 0x0F, 0xFC, 0xFF, 0xE0,
    0x00, 0x78, 0x00, 0x7C, 0xC0, 0x70, 0xE0, 0x30, 0x70, 0x38, 0x10, 0x1C, 0x00, 0x1F, 0xBC, 0x1F,
    0xDE, 0x03, 0x07, 0x03, 0x83, 0x81, 0xC1, 0xC0, 0xE0, 0xE0, 0x70, 0x70, 0x38, 0x30, 0x1C, 0x38,
    0x0E, 0x1C, 0x06, 0x0E, 0x07, 0x07, 0x83, 0x83, 0xC1, 0xC0, 0x00, 0xE0, 0x00, 0x60, 0x00, 0x30,
    0x00, 0xF0, 0x00, 0xF0, 0x00, 0x00, 0x00, 0x7F, 0x80, 0x7F, 0xC0, 0x70, 0xE0, 0x30, 0x70, 0x38,
    0x38, 0x1C, 0x18, 0x1F, 0x8C, 0x1F, 0xCE, 0x03, 0x07, 0x03, 0x83, 0x81, 0xC1, 0xC0, 0xE0, 0xE0,
    0x70, 0x60, 0x38, 0x70, 0x1C, 0x38, 0x0E, 0x1C, 0x06, 0x0E, 0x07, 0x07, 0x83, 0x83, 0xC1, 0xC0,
    0x00, 0xE0, 0x00, 0x60, 0x00, 0x30, 0x00, 0xF0, 0x00, 0xF0, 0x00, 0x00,
};

static const EpdGlyph merri11_italicGlyphs[] = {
    { 0, 0, 81, 0, 0, 0, 0 }, // U+0020
    { 7, 21, 89, 0, 20, 19, 0 }, // !
    { 9, 8, 187, 3, 19, 9, 19 }, // "
    { 14, 18, 244, 1, 18, 32, 28 }, // #
    { 12, 23, 222, 1, 20, 35, 60 }, // $
    { 18, 21, 338, 2, 19, 48, 95 }, // %
    { 17, 19, 277, 0, 18, 41, 143 }, // &
    { 4, 8, 116, 3, 19, 4, 184 }, // '
    { 9, 24, 154, 2, 20, 27, 188 }, // (
    { 9, 24, 154, -1, 20, 27, 215 }, // )
    { 12, 12, 224, 2, 19, 18, 242 }, // *
    { 11, 11, 245, 2, 13, 16, 260 }, // +
    { 5, 9, 77, -1, 3, 6, 276 }, // ,
    { 10, 3, 201, 1, 9, 4, 282 }, // -
    { 4, 4, 81, 0, 3, 2, 286 }, // .
    { 13, 23, 148, -2, 18, 38, 288 }, // /
    { 13, 19, 230, 1, 18, 31, 326 }, // 0
    { 9, 18, 160, 0, 18, 21, 357 }, // 1
    { 13, 18, 209, -1, 18, 30, 378 }, // 2
    { 11, 19, 187, 0, 18, 27, 408 }, // 3
    { 13, 18, 217, 0, 18, 30, 435 }, // 4
    { 13, 19, 203, 0, 18, 31, 465 }, // 5
    { 12, 19, 213, 1, 18, 29, 496 }, // 6
    { 12, 19, 197, 1, 18, 29, 525 }, // 7
    { 13, 19, 207, 0, 18, 31, 554 }, // 8
    { 12, 19, 214, 1, 18, 29, 585 }, // 9
    { 5, 13, 82, 0, 12, 9, 614 }, // :
    { 6, 18, 81, -1, 12, 14, 623 }, // ;
    { 13, 14, 225, 1, 14, 23, 637 }, // <
    { 11, 9, 245, 2, 12, 13, 660 }, // =
    { 12, 14, 224, 1, 14, 21, 673 }, // >
    { 9, 22, 161, 2, 21, 25, 694 }, // ?
    { 21, 24, 353, 1, 18, 63, 719 }, // @
    { 18, 18, 242, -2, 18, 41, 782 }, // A
    { 14, 19, 235, 0, 18, 34, 823 }, // B
    { 14, 19, 235, 1, 18, 34, 857 }, // C
    { 17, 19, 257, -1, 18, 41, 891 }, // D
    { 14, 18, 226, 0, 18, 32, 932 }, // E
    { 15, 18, 213, -1, 18, 34, 964 }, // F
    { 14, 19, 249, 1, 18, 34, 998 }, // G
    { 19, 18, 275, -1, 18, 43, 1032 }, // H
    { 9, 18, 123, 0, 18, 21, 1075 }, // I
    { 12, 22, 122, -3, 18, 33, 1096 }, // J
    { 18, 18, 247, -1, 18, 41, 1129 }, // K
    { 13, 18, 214, 0, 18, 30, 1170 }, // L
    { 23, 19, 343, -1, 18, 55, 1200 }, // M
    { 18, 18, 270, 0, 18, 41, 1255 }, // N
    { 15, 19, 258, 1, 18, 36, 1296 }, // O
    { 15, 18, 222, 0, 18, 34, 1332 }, // P
    { 15, 23, 258, 1, 18, 44, 1366 }, // Q
    { 15, 18, 241, 0, 18, 34, 1410 }, // R
    { 12, 19, 196, 0, 18, 29, 1444 }, // S
    { 15, 18, 235, 1, 18, 34, 1473 }, // T
    { 16, 19, 252, 1, 18, 38, 1507 }, // U
    { 16, 19, 223, 0, 18, 38, 1545 }, // V
    { 24, 19, 339, 0, 18, 57, 1583 }, // W
    { 17, 18, 236, -1, 18, 39, 1640 }, // X
    { 16, 18, 215, 0, 18, 36, 1679 }, // Y
    { 15, 18, 220, -1, 18, 34, 1715 }, // Z
    { 9, 24, 155, 1, 20, 27, 1749 }, // [
    { 10, 23, 172, 1, 18, 29, 1776 }, // <backslash>
    { 9, 24, 155, 0, 20, 27, 1805 }, // ]
    { 12, 14, 239, 1, 18, 21, 1832 }, // ^
    { 13, 1, 183, -2, -1, 2, 1853 }, // _
    { 6, 6, 144, 3, 20, 5, 1855 }, // `
    { 13, 15, 210, 0, 14, 25, 1860 }, // a
    { 13, 20, 206, 0, 19, 33, 1885 }, // b
    { 11, 15, 169, 0, 14, 21, 1918 }, // c
    { 13, 20, 214, 0, 19, 33, 1939 }, // d
    { 11, 15, 187, 0, 14, 21, 1972 }, // e
    { 13, 25, 125, -3, 19, 41, 1993 }, // f
    { 13, 20, 204, 0, 14, 33, 2034 }, // g
    { 12, 20, 224, 1, 19, 30, 2067 }, // h
    { 6, 19, 108, 1, 18, 15, 2097 }, // i
    { 10, 24, 108, -3, 18, 30, 2112 }, // j
    { 12, 20, 200, 1, 19, 30, 2142 }, // k
    { 5, 20, 109, 1, 19, 13, 2172 }, // l
    { 20, 15, 339, 1, 14, 38, 2185 }, // m
    { 12, 15, 222, 1, 14, 23, 2223 }, // n
    { 13, 15, 208, 0, 14, 25, 2246 }, // o
    { 13, 20, 209, 0, 14, 33, 2271 }, // p
    { 12, 20, 206, 0, 14, 30, 2304 }, // q
    { 9, 14, 148, 1, 14, 16, 2334 }, // r
    { 9, 15, 153, 0, 14, 17, 2350 }, // s
    { 7, 17, 127, 1, 16, 15, 2367 }, // t
    { 12, 14, 215, 1, 13, 21, 2382 }, // u
    { 12, 15, 195, 0, 14, 23, 2403 }, // v
    { 19, 15, 300, 0, 14, 36, 2426 }, // w
    { 13, 14, 191, -1, 13, 23, 2462 }, // x
    { 13, 19, 201, -1, 13, 31, 2485 }, // y
    { 13, 14, 188, -1, 13, 23, 2516 }, // z
    { 10, 24, 173, 1, 20, 30, 2539 }, // {
    { 2, 23, 153, 4, 20, 6, 2569 }, // |
    { 10, 24, 173, 0, 20, 30, 2575 }, // }
    { 12, 5, 223, 1, 9, 8, 2605 }, // ~
    { 0, 0, 81, 0, 0, 0, 2613 }, // U+00A0
    { 6, 21, 89, 0, 18, 16, 2613 }, // U+00A1
    { 11, 19, 196, 1, 16, 27, 2629 }, // U+00A2
    { 16, 19, 264, 0, 18, 38, 2656 }, // U+00A3
    { 14, 13, 282, 2, 14, 23, 2694 }, // U+00A4
    { 16, 18, 267, 2, 18, 36, 2717 }, // U+00A5
    { 2, 23, 153, 4, 20, 6, 2753 }, // U+00A6
    { 13, 22, 216, 0, 19, 36, 2759 }, // U+00A7
    { 8, 4, 173, 3, 18, 4, 2795 }, // U+00A8
    { 21, 20, 385, 2, 21, 53, 2799 }, // U+00A9
    { 10, 11, 157, 1, 19, 14, 2852 }, // U+00AA
    { 14, 12, 251, 1, 13, 21, 2866 }, // U+00AB
    { 12, 7, 229, 1, 9, 11, 2887 }, // U+00AC
    { 21, 20, 385, 2, 21, 53, 2898 }, // U+00AE
    { 7, 3, 154, 3, 17, 3, 2951 }, // U+00AF
    { 8, 9, 160, 2, 19, 9, 2954 }, // U+00B0
    { 12, 13, 223, 1, 13, 20, 2963 }, // U+00B1
    { 10, 12, 144, 0, 22, 15, 2983 }, // U+00B2
    { 8, 13, 135, 1, 22, 13, 2998 }, // U+00B3
    { 6, 6, 136, 3, 20, 5, 3011 }, // U+00B4
    { 13, 18, 220, 0, 13, 30, 3016 }, // U+00B5
    { 15, 20, 246, 1, 20, 38, 3046 }, // U+00B6
    { 4, 4, 56, 0, 10, 2, 3084 }, // U+00B7
    { 5, 6, 126, 0, 1, 4, 3086 }, // U+00B8
    { 7, 11, 111, 1, 21, 10, 3090 }, // U+00B9
    { 10, 11, 158, 1, 19, 14, 3100 }, // U+00BA
    { 14, 12, 251, 1, 13, 21, 3114 }, // U+00BB
    { 19, 21, 320, 1, 19, 50, 3135 }, // U+00BC
    { 19, 21, 324, 1, 19, 50, 3185 }, // U+00BD
    { 21, 21, 344, 0, 19, 56, 3235 }, // U+00BE
    { 9, 22, 161, -1, 18, 25, 3291 }, // U+00BF
    { 18, 23, 242, -2, 23, 52, 3316 }, // U+00C0
    { 18, 23, 242, -2, 23, 52, 3368 }, // U+00C1
    { 18, 23, 242, -2, 23, 52, 3420 }, // U+00C2
    { 18, 22, 242, -2, 22, 50, 3472 }, // U+00C3
    { 18, 22, 242, -2, 22, 50, 3522 }, // U+00C4
    { 18, 25, 242, -2, 25, 57, 3572 }, // U+00C5
    { 23, 18, 341, -2, 18, 52, 3629 }, // U+00C6
    { 14, 24, 235, 1, 18, 42, 3681 }, // U+00C7
    { 14, 23, 226, 0, 23, 41, 3723 }, // U+00C8
    { 14, 23, 226, 0, 23, 41, 3764 }, // U+00C9
    { 14, 23, 226, 0, 23, 41, 3805 }, // U+00CA
    { 14, 22, 226, 0, 22, 39, 3846 }, // U+00CB
    { 9, 23, 123, 0, 23, 26, 3885 }, // U+00CC
    { 10, 23, 123, 0, 23, 29, 3911 }, // U+00CD
    { 10, 23, 123, 0, 23, 29, 3940 }, // U+00CE
    { 9, 22, 123, 0, 22, 25, 3969 }, // U+00CF
    { 17, 19, 257, -1, 18, 41, 3994 }, // U+00D0
    { 18, 22, 270, 0, 22, 50, 4035 }, // U+00D1
    { 15, 24, 258, 1, 23, 45, 4085 }, // U+00D2
    { 15, 24, 258, 1, 23, 45, 4130 }, // U+00D3
    { 15, 24, 258, 1, 23, 45, 4175 }, // U+00D4
    { 15, 23, 258, 1, 22, 44, 4220 }, // U+00D5
    { 15, 23, 258, 1, 22, 44, 4264 }, // U+00D6
    { 12, 11, 245, 2, 13, 17, 4308 }, // U+00D7
    { 15, 24, 258, 1, 20, 45, 4325 }, // U+00D8
    { 16, 24, 252, 1, 23, 48, 4370 }, // U+00D9
    { 16, 24, 252, 1, 23, 48, 4418 }, // U+00DA
    { 16, 24, 252, 1, 23, 48, 4466 }, // U+00DB
    { 16, 23, 252, 1, 22, 46, 4514 }, // U+00DC
    { 16, 23, 215, 0, 23, 46, 4560 }, // U+00DD
    { 15, 18, 223, -1, 18, 34, 4606 }, // U+00DE
    { 13, 19, 213, 0, 18, 31, 4640 }, // U+00DF
    { 13, 21, 210, 0, 20, 35, 4671 }, // U+00E0
    { 13, 21, 210, 0, 20, 35, 4706 }, // U+00E1
    { 13, 20, 210, 0, 19, 33, 4741 }, // U+00E2
    { 13, 19, 210, 0, 18, 31, 4774 }, // U+00E3
    { 13, 19, 210, 0, 18, 31, 4805 }, // U+00E4
    { 13, 22, 210, 0, 21, 36, 4836 }, // U+00E5
    { 19, 15, 310, 0, 14, 36, 4872 }, // U+00E6
    { 11, 19, 169, 0, 14, 27, 4908 }, // U+00E7
    { 11, 21, 187, 0, 20, 29, 4935 }, // U+00E8
    { 12, 21, 187, 0, 20, 32, 4964 }, // U+00E9
    { 12, 20, 187, 0, 19, 30, 4996 }, // U+00EA
    { 12, 19, 187, 0, 18, 29, 5026 }, // U+00EB
    { 6, 21, 108, 0, 20, 16, 5055 }, // U+00EC
    { 8, 21, 108, 1, 20, 21, 5071 }, // U+00ED
    { 8, 20, 108, 0, 19, 20, 5092 }, // U+00EE
    { 8, 19, 108, 1, 18, 19, 5112 }, // U+00EF
    { 13, 21, 209, 0, 20, 35, 5131 }, // U+00F0
    { 12, 19, 222, 1, 18, 29, 5166 }, // U+00F1
    { 13, 21, 208, 0, 20, 35, 5195 }, // U+00F2
    { 13, 21, 208, 0, 20, 35, 5230 }, // U+00F3
    { 13, 20, 208, 0, 19, 33, 5265 }, // U+00F4
    { 13, 19, 208, 0, 18, 31, 5298 }, // U+00F5
    { 13, 19, 208, 0, 18, 31, 5329 }, // U+00F6
    { 11, 13, 245, 2, 14, 18, 5360 }, // U+00F7
    { 13, 17, 208, 0, 15, 28, 5378 }, // U+00F8
    { 12, 21, 215, 1, 20, 32, 5406 }, // U+00F9
    { 12, 21, 215, 1, 20, 32, 5438 }, // U+00FA
    { 12, 20, 215, 1, 19, 30, 5470 }, // U+00FB
    { 12, 19, 215, 1, 18, 29, 5500 }, // U+00FC
    { 13, 26, 201, -1, 20, 43, 5529 }, // U+00FD
    { 12, 25, 206, 0, 19, 38, 5572 }, // U+00FE
    { 13, 24, 201, -1, 18, 39, 5610 }, // U+00FF
    { 18, 21, 242, -2, 21, 48, 5649 }, // U+0100
    { 13, 18, 210, 0, 17, 30, 5697 }, // U+0101
    { 18, 23, 242, -2, 23, 52, 5727 }, // U+0102
    { 13, 20, 210, 0, 19, 33, 5779 }, // U+0103
    { 18, 23, 242, -2, 18, 52, 5812 }, // U+0104
    { 13, 19, 210, 0, 14, 31, 5864 }, // U+0105
    { 14, 24, 235, 1, 23, 42, 5895 }, // U+0106
    { 12, 21, 169, 0, 20, 32, 5937 }, // U+0107
    { 14, 24, 235, 1, 23, 42, 5969 }, // U+0108
    { 11, 20, 169, 0, 19, 28, 6011 }, // U+0109
    { 14, 23, 235, 1, 22, 41, 6039 }, // U+010A
    { 11, 19, 169, 0, 18, 27, 6080 }, // U+010B
    { 14, 24, 235, 1, 23, 42, 6107 }, // U+010C
    { 12, 20, 169, 0, 19, 30, 6149 }, // U+010D
    { 17, 24, 257, -1, 23, 51, 6179 }, // U+010E
    { 17, 20, 237, 0, 19, 43, 6230 }, // U+010F
    { 17, 19, 257, -1, 18, 41, 6273 }, // U+0110
    { 15, 20, 214, 0, 19, 38, 6314 }, // U+0111
    { 14, 21, 226, 0, 21, 37, 6352 }, // U+0112
    { 11, 18, 187, 0, 17, 25, 6389 }, // U+0113
    { 14, 23, 226, 0, 23, 41, 6414 }, // U+0114
    { 12, 20, 187, 0, 19, 30, 6455 }, // U+0115
    { 14, 22, 226, 0, 22, 39, 6485 }, // U+0116
    { 11, 19, 187, 0, 18, 27, 6524 }, // U+0117
    { 14, 23, 226, 0, 18, 41, 6551 }, // U+0118
    { 11, 19, 187, 0, 14, 27, 6592 }, // U+0119
    { 14, 23, 226, 0, 23, 41, 6619 }, // U+011A
    { 12, 20, 187, 0, 19, 30, 6660 }, // U+011B
    { 14, 24, 249, 1, 23, 42, 6690 }, // U+011C
    { 13, 25, 204, 0, 19, 41, 6732 }, // U+011D
    { 14, 24, 249, 1, 23, 42, 6773 }, // U+011E
    { 13, 25, 204, 0, 19, 41, 6815 }, // U+011F
    { 14, 23, 249, 1, 22, 41, 6856 }, // U+0120
    { 13, 24, 204, 0, 18, 39, 6897 }, // U+0121
    { 14, 25, 249, 1, 18, 44, 6936 }, // U+0122
    { 13, 26, 204, 0, 20, 43, 6980 }, // U+0123
    { 19, 23, 275, -1, 23, 55, 7023 }, // U+0124
    { 13, 25, 224, 0, 24, 41, 7078 }, // U+0125
    { 18, 18, 279, 0, 18, 41, 7119 }, // U+0126
    { 12, 20, 224, 1, 19, 30, 7160 }, // U+0127
    { 10, 22, 123, 0, 22, 28, 7190 }, // U+0128
    { 9, 19, 108, 0, 18, 22, 7218 }, // U+0129
    { 9, 21, 123, 0, 21, 24, 7240 }, // U+012A
    { 7, 18, 108, 1, 17, 16, 7264 }, // U+012B
    { 10, 23, 123, 0, 23, 29, 7280 }, // U+012C
    { 8, 20, 108, 1, 19, 20, 7309 }, // U+012D
    { 9, 23, 123, 0, 18, 26, 7329 }, // U+012E
    { 7, 23, 108, 0, 18, 21, 7355 }, // U+012F
    { 9, 22, 123, 0, 22, 25, 7376 }, // U+0130
    { 5, 14, 108, 1, 13, 9, 7401 }, // U+0131
    { 16, 22, 246, 0, 18, 44, 7410 }, // U+0132
    { 12, 24, 213, 1, 18, 36, 7454 }, // U+0133
    { 13, 27, 122, -3, 23, 44, 7490 }, // U+0134
    { 12, 25, 108, -3, 19, 38, 7534 }, // U+0135
    { 18, 25, 247, -1, 18, 57, 7572 }, // U+0136
    { 12, 26, 200, 1, 19, 39, 7629 }, // U+0137
    { 11, 15, 191, 1, 14, 21, 7668 }, // U+0138
    { 13, 23, 214, 0, 23, 38, 7689 }, // U+0139
    { 8, 25, 109, 1, 24, 25, 7727 }, // U+013A
    { 13, 25, 214, 0, 18, 41, 7752 }, // U+013B
    { 6, 26, 109, 0, 19, 20, 7793 }, // U+013C
    { 13, 18, 214, 0, 18, 30, 7813 }, // U+013D
    { 9, 20, 125, 1, 19, 23, 7843 }, // U+013E
    { 13, 18, 211, 0, 18, 30, 7866 }, // U+013F
    { 9, 20, 127, 1, 19, 23, 7896 }, // U+0140
    { 13, 18, 214, 0, 18, 30, 7919 }, // U+0141
    { 7, 20, 121, 1, 19, 18, 7949 }, // U+0142
    { 18, 23, 270, 0, 23, 52, 7967 }, // U+0143
    { 12, 21, 222, 1, 20, 32, 8019 }, // U+0144
    { 18, 25, 270, 0, 18, 57, 8051 }, // U+0145
    { 12, 21, 222, 1, 14, 32, 8108 }, // U+0146
    { 18, 23, 270, 0, 23, 52, 8140 }, // U+0147
    { 12, 20, 222, 1, 19, 30, 8192 }, // U+0148
    { 17, 24, 252, -1, 18, 51, 8222 }, // U+014A
    { 12, 19, 222, 1, 13, 29, 8273 }, // U+014B
    { 15, 22, 258, 1, 21, 42, 8302 }, // U+014C
    { 13, 18, 208, 0, 17, 30, 8344 }, // U+014D
    { 15, 24, 258, 1, 23, 45, 8374 }, // U+014E
    { 13, 20, 208, 0, 19, 33, 8419 }, // U+014F
    { 16, 24, 258, 1, 23, 48, 8452 }, // U+0150
    { 15, 21, 208, 0, 20, 40, 8500 }, // U+0151
    { 23, 19, 397, 1, 18, 55, 8540 }, // U+0152
    { 20, 15, 321, 0, 14, 38, 8595 }, // U+0153
    { 15, 23, 241, 0, 23, 44, 8633 }, // U+0154
    { 10, 20, 148, 1, 20, 25, 8677 }, // U+0155
    { 15, 25, 241, 0, 18, 47, 8702 }, // U+0156
    { 10, 21, 148, 0, 14, 27, 8749 }, // U+0157
    { 15, 23, 241, 0, 23, 44, 8776 }, // U+0158
    { 10, 19, 148, 1, 19, 24, 8820 }, // U+0159
    { 12, 24, 196, 0, 23, 36, 8844 }, // U+015A
    { 11, 21, 153, 0, 20, 29, 8880 }, // U+015B
    { 12, 24, 196, 0, 23, 36, 8909 }, // U+015C
    { 10, 20, 153, 0, 19, 25, 8945 }, // U+015D
    { 12, 24, 196, 0, 18, 36, 8970 }, // U+015E
    { 10, 19, 153, -1, 14, 24, 9006 }, // U+015F
    { 13, 24, 196, 0, 23, 39, 9030 }, // U+0160
    { 11, 20, 153, 0, 19, 28, 9069 }, // U+0161
    { 15, 24, 235, 1, 18, 45, 9097 }, // U+0162
    { 8, 21, 127, 0, 16, 21, 9142 }, // U+0163
    { 15, 23, 235, 1, 23, 44, 9163 }, // U+0164
    { 9, 21, 128, 1, 20, 24, 9207 }, // U+0165
    { 15, 18, 235, 1, 18, 34, 9231 }, // U+0166
    { 7, 17, 127, 1, 16, 15, 9265 }, // U+0167
    { 16, 23, 252, 1, 22, 46, 9280 }, // U+0168
    { 12, 19, 215, 1, 18, 29, 9326 }, // U+0169
    { 16, 22, 252, 1, 21, 44, 9355 }, // U+016A
    { 12, 18, 215, 1, 17, 27, 9399 }, // U+016B
    { 16, 24, 252, 1, 23, 48, 9426 }, // U+016C
    { 12, 20, 215, 1, 19, 30, 9474 }, // U+016D
    { 16, 26, 252, 1, 25, 52, 9504 }, // U+016E
    { 12, 22, 215, 1, 21, 33, 9556 }, // U+016F
    { 16, 24, 252, 1, 23, 48, 9589 }, // U+0170
    { 13, 21, 215, 1, 20, 35, 9637 }, // U+0171
    { 16, 23, 252, 1, 18, 46, 9672 }, // U+0172
    { 12, 18, 215, 1, 13, 27, 9718 }, // U+0173
    { 24, 24, 339, 0, 23, 72, 9745 }, // U+0174
    { 19, 20, 300, 0, 19, 48, 9817 }, // U+0175
    { 16, 23, 215, 0, 23, 46, 9865 }, // U+0176
    { 13, 25, 201, -1, 19, 41, 9911 }, // U+0177
    { 16, 22, 215, 0, 22, 44, 9952 }, // U+0178
    { 15, 23, 220, -1, 23, 44, 9996 }, // U+0179
    { 13, 21, 188, -1, 20, 35, 10040 }, // U+017A
    { 15, 22, 220, -1, 22, 42, 10075 }, // U+017B
    { 13, 19, 188, -1, 18, 31, 10117 }, // U+017C
    { 15, 23, 220, -1, 23, 44, 10148 }, // U+017D
    { 13, 20, 188, -1, 19, 33, 10192 }, // U+017E
    { 13, 25, 117, -3, 19, 41, 10225 }, // U+017F
    { 15, 21, 258, 1, 20, 40, 10266 }, // U+01A0
    { 15, 17, 208, 0, 16, 32, 10306 }, // U+01A1
    { 18, 21, 252, 1, 20, 48, 10338 }, // U+01AF
    { 16, 18, 216, 1, 17, 36, 10386 }, // U+01B0
    { 31, 24, 476, -1, 23, 93, 10422 }, // U+01C4
    { 29, 20, 443, -1, 19, 73, 10515 }, // U+01C5
    { 26, 20, 403, 0, 19, 65, 10588 }, // U+01C6
    { 22, 22, 334, 0, 18, 61, 10653 }, // U+01C7
    { 20, 24, 320, 0, 18, 60, 10714 }, // U+01C8
    { 12, 25, 209, 1, 19, 38, 10774 }, // U+01C9
    { 25, 22, 389, 0, 18, 69, 10812 }, // U+01CA
    { 24, 24, 376, 0, 18, 72, 10881 }, // U+01CB
    { 20, 24, 332, 1, 18, 60, 10953 }, // U+01CC
    { 18, 23, 242, -2, 23, 52, 11013 }, // U+01CD
    { 13, 20, 210, 0, 19, 33, 11065 }, // U+01CE
    { 10, 23, 123, 0, 23, 29, 11098 }, // U+01CF
    { 8, 20, 108, 1, 19, 20, 11127 }, // U+01D0
    { 15, 24, 258, 1, 23, 45, 11147 }, // U+01D1
    { 13, 20, 208, 0, 19, 33, 11192 }, // U+01D2
    { 16, 24, 252, 1, 23, 48, 11225 }, // U+01D3
    { 12, 20, 215, 1, 19, 30, 11273 }, // U+01D4
    { 16, 25, 252, 1, 24, 50, 11303 }, // U+01D5
    { 12, 22, 215, 1, 21, 33, 11353 }, // U+01D6
    { 16, 27, 252, 1, 26, 54, 11386 }, // U+01D7
    { 12, 25, 215, 1, 24, 38, 11440 }, // U+01D8
    { 16, 27, 252, 1, 26, 54, 11478 }, // U+01D9
    { 12, 24, 215, 1, 23, 36, 11532 }, // U+01DA
    { 16, 27, 252, 1, 26, 54, 11568 }, // U+01DB
    { 12, 25, 215, 1, 24, 38, 11622 }, // U+01DC
    { 11, 14, 186, 0, 13, 20, 11660 }, // U+01DD
    { 18, 24, 242, -2, 24, 54, 11680 }, // U+01DE
    { 13, 22, 210, 0, 21, 36, 11734 }, // U+01DF
    { 18, 25, 242, -2, 25, 57, 11770 }, // U+01E0
    { 13, 22, 210, 0, 21, 36, 11827 }, // U+01E1
    { 23, 21, 341, -2, 21, 61, 11863 }, // U+01E2
    { 19, 18, 310, 0, 17, 43, 11924 }, // U+01E3
    { 15, 19, 249, 1, 18, 36, 11967 }, // U+01E4
    { 13, 20, 204, 0, 14, 33, 12003 }, // U+01E5
    { 14, 24, 249, 1, 23, 42, 12036 }, // U+01E6
    { 13, 25, 204, 0, 19, 41, 12078 }, // U+01E7
    { 18, 23, 247, -1, 23, 52, 12119 }, // U+01E8
    { 12, 25, 200, 1, 24, 38, 12171 }, // U+01E9
    { 15, 23, 258, 1, 18, 44, 12209 }, // U+01EA
    { 13, 19, 208, 0, 14, 31, 12253 }, // U+01EB
    { 15, 26, 258, 1, 21, 49, 12284 }, // U+01EC
    { 13, 22, 208, 0, 17, 36, 12333 }, // U+01ED
    { 14, 24, 219, 0, 23, 42, 12369 }, // U+01EE
    { 13, 25, 183, -1, 19, 41, 12411 }, // U+01EF
    { 12, 25, 108, -3, 19, 38, 12452 }, // U+01F0
    { 31, 19, 476, -1, 18, 74, 12490 }, // U+01F1
    { 29, 19, 445, -1, 18, 69, 12564 }, // U+01F2
    { 26, 20, 403, 0, 19, 65, 12633 }, // U+01F3
    { 14, 24, 249, 1, 23, 42, 12698 }, // U+01F4
    { 13, 26, 204, 0, 20, 43, 12740 }, // U+01F5
    { 18, 23, 270, 0, 23, 52, 12783 }, // U+01F8
    { 12, 21, 222, 1, 20, 32, 12835 }, // U+01F9
    { 19, 27, 242, -2, 27, 65, 12867 }, // U+01FA
    { 13, 24, 210, 0, 23, 39, 12932 }, // U+01FB
    { 23, 23, 341, -2, 23, 67, 12971 }, // U+01FC
    { 19, 21, 310, 0, 20, 50, 13038 }, // U+01FD
    { 15, 27, 258, 1, 23, 51, 13088 }, // U+01FE
    { 13, 22, 206, 0, 20, 36, 13139 }, // U+01FF
    { 18, 23, 242, -2, 23, 52, 13175 }, // U+0200
    { 13, 21, 210, 0, 20, 35, 13227 }, // U+0201
    { 18, 24, 242, -2, 24, 54, 13262 }, // U+0202
    { 13, 20, 210, 0, 19, 33, 13316 }, // U+0203
    { 14, 23, 226, 0, 23, 41, 13349 }, // U+0204
    { 11, 21, 187, 0, 20, 29, 13390 }, // U+0205
    { 14, 24, 226, 0, 24, 42, 13419 }, // U+0206
    { 12, 20, 187, 0, 19, 30, 13461 }, // U+0207
    { 11, 23, 123, -1, 23, 32, 13491 }, // U+0208
    { 9, 21, 108, -2, 20, 24, 13523 }, // U+0209
    { 10, 24, 123, 0, 24, 30, 13547 }, // U+020A
    { 8, 20, 108, 0, 19, 20, 13577 }, // U+020B
    { 15, 24, 258, 1, 23, 45, 13597 }, // U+020C
    { 13, 21, 208, 0, 20, 35, 13642 }, // U+020D
    { 15, 25, 258, 1, 24, 47, 13677 }, // U+020E
    { 13, 20, 208, 0, 19, 33, 13724 }, // U+020F
    { 15, 23, 241, 0, 23, 44, 13757 }, // U+0210
    { 11, 20, 148, -1, 20, 28, 13801 }, // U+0211
    { 15, 24, 241, 0, 24, 45, 13829 }, // U+0212
    { 9, 19, 148, 1, 19, 22, 13874 }, // U+0213
    { 16, 24, 252, 1, 23, 48, 13896 }, // U+0214
    { 12, 21, 215, 1, 20, 32, 13944 }, // U+0215
    { 16, 25, 252, 1, 24, 50, 13976 }, // U+0216
    { 12, 20, 215, 1, 19, 30, 14026 }, // U+0217
    { 12, 25, 196, 0, 18, 38, 14056 }, // U+0218
    { 9, 21, 153, 0, 14, 24, 14094 }, // U+0219
    { 15, 25, 235, 1, 18, 47, 14118 }, // U+021A
    { 7, 23, 127, 1, 16, 21, 14165 }, // U+021B
    { 15, 23, 209, -1, 18, 44, 14186 }, // U+021C
    { 13, 20, 182, -1, 14, 33, 14230 }, // U+021D
    { 19, 23, 275, -1, 23, 55, 14263 }, // U+021E
    { 12, 25, 224, 1, 24, 38, 14318 }, // U+021F
    { 6, 6, 0, 1, 20, 5, 14356 }, // U+0300
    { 6, 6, 0, 1, 20, 5, 14361 }, // U+0301
    { 8, 5, 0, 1, 19, 5, 14366 }, // U+0302
    { 8, 4, 0, 3, 18, 4, 14371 }, // U+0303
    { 7, 3, 0, 1, 17, 3, 14375 }, // U+0304
    { 8, 5, 0, 1, 19, 5, 14378 }, // U+0306
    { 4, 4, 0, 1, 18, 2, 14383 }, // U+0307
    { 8, 4, 0, 1, 18, 4, 14385 }, // U+0308
    { 5, 6, 0, 1, 20, 4, 14389 }, // U+0309
    { 7, 7, 0, 1, 21, 7, 14393 }, // U+030A
    { 10, 6, 0, 1, 20, 8, 14400 }, // U+030B
    { 9, 5, 0, 1, 19, 6, 14408 }, // U+030C
    { 4, 6, 0, 3, 20, 3, 14414 }, // U+030D
    { 9, 6, 0, 1, 20, 7, 14417 }, // U+030F
    { 9, 8, 0, 3, 22, 9, 14424 }, // U+0310
    { 8, 5, 0, 1, 19, 5, 14433 }, // U+0311
    { 3, 6, 0, 0, 20, 3, 14438 }, // U+0312
    { 3, 5, 0, 3, 20, 2, 14441 }, // U+0313
    { 4, 6, 0, 3, 22, 3, 14443 }, // U+0315
    { 6, 5, 0, -1, 4, 4, 14446 }, // U+031B
    { 6, 2, 0, 0, -2, 2, 14450 }, // U+0320
    { 4, 4, 0, 0, -1, 2, 14452 }, // U+0323
    { 8, 4, 0, -2, -1, 4, 14454 }, // U+0324
    { 7, 7, 0, 0, 0, 7, 14458 }, // U+0325
    { 4, 6, 0, -2, -1, 3, 14465 }, // U+0326
    { 5, 6, 0, -1, 1, 4, 14468 }, // U+0327
    { 6, 6, 0, -2, 1, 5, 14472 }, // U+0328
    { 3, 5, 0, 0, -1, 2, 14477 }, // U+0329
    { 8, 5, 0, 0, -1, 5, 14479 }, // U+032D
    { 8, 5, 0, 0, -1, 5, 14484 }, // U+032E
    { 8, 5, 0, 0, -1, 5, 14489 }, // U+032F
    { 8, 4, 0, -1, -1, 4, 14494 }, // U+0330
    { 8, 2, 0, -2, -2, 2, 14498 }, // U+0331
    { 9, 2, 0, 0, -2, 3, 14500 }, // U+0332
    { 9, 4, 0, 1, 9, 5, 14503 }, // U+0334
    { 9, 3, 0, 1, 8, 4, 14508 }, // U+0335
    { 11, 3, 0, 1, 8, 5, 14512 }, // U+0336
    { 8, 19, 0, 1, 16, 19, 14517 }, // U+0337
    { 11, 20, 0, 0, 18, 28, 14536 }, // U+0338
    { 4, 4, 0, 3, 18, 2, 14564 }, // U+0358
    { 12, 6, 0, -6, -1, 9, 14566 }, // U+035C
    { 12, 6, 0, -6, 20, 9, 14575 }, // U+035D
    { 14, 2, 0, -9, -2, 4, 14584 }, // U+035F
    { 12, 6, 0, -6, 20, 9, 14588 }, // U+0361
    { 17, 6, 0, -8, -1, 13, 14597 }, // U+0362
    { 14, 23, 226, 0, 23, 41, 14610 }, // U+0400
    { 14, 22, 226, 0, 22, 39, 14651 }, // U+0401
    { 18, 19, 301, 1, 18, 43, 14690 }, // U+0402
    { 14, 23, 207, 0, 23, 41, 14733 }, // U+0403
    { 14, 19, 235, 1, 18, 34, 14774 }, // U+0404
    { 12, 19, 196, 0, 18, 29, 14808 }, // U+0405
    { 9, 18, 123, 0, 18, 21, 14837 }, // U+0406
    { 9, 22, 123, 0, 22, 25, 14858 }, // U+0407
    { 12, 22, 122, -3, 18, 33, 14883 }, // U+0408
    { 23, 19, 359, -1, 18, 55, 14916 }, // U+0409
    { 23, 19, 378, 0, 18, 55, 14971 }, // U+040A
    { 18, 18, 306, 1, 18, 41, 15026 }, // U+040B
    { 17, 23, 245, 0, 23, 49, 15067 }, // U+040C
    { 18, 23, 279, 0, 23, 52, 15116 }, // U+040D
    { 16, 24, 237, 1, 23, 48, 15168 }, // U+040E
    { 18, 23, 267, 0, 18, 52, 15216 }, // U+040F
    { 18, 18, 242, -2, 18, 41, 15268 }, // U+0410
    { 14, 19, 232, 0, 18, 34, 15309 }, // U+0411
    { 14, 19, 235, 0, 18, 34, 15343 }, // U+0412
    { 14, 18, 207, 0, 18, 32, 15377 }, // U+0413
    { 19, 23, 256, -2, 18, 55, 15409 }, // U+0414
    { 14, 18, 226, 0, 18, 32, 15464 }, // U+0415
    { 25, 18, 367, -1, 18, 57, 15496 }, // U+0416
    { 13, 19, 212, 0, 18, 31, 15553 }, // U+0417
    { 18, 18, 279, 0, 18, 41, 15584 }, // U+0418
    { 18, 23, 279, 0, 23, 52, 15625 }, // U+0419
    { 17, 18, 245, 0, 18, 39, 15677 }, // U+041A
    { 18, 19, 257, -1, 18, 43, 15716 }, // U+041B
    { 23, 19, 343, -1, 18, 55, 15759 }, // U+041C
    { 18, 18, 281, 0, 18, 41, 15814 }, // U+041D
    { 15, 19, 258, 1, 18, 36, 15855 }, // U+041E
    { 18, 18, 267, 0, 18, 41, 15891 }, // U+041F
    { 15, 18, 222, 0, 18, 34, 15932 }, // U+0420
    { 14, 19, 235, 1, 18, 34, 15966 }, // U+0421
    { 15, 18, 235, 1, 18, 34, 16000 }, // U+0422
    { 16, 19, 237, 1, 18, 38, 16034 }, // U+0423
    { 19, 19, 301, 0, 18, 46, 16072 }, // U+0424
    { 17, 18, 236, -1, 18, 39, 16118 }, // U+0425
    { 18, 23, 263, 0, 18, 52, 16157 }, // U+0426
    { 15, 18, 247, 1, 18, 34, 16209 }, // U+0427
    { 25, 18, 387, 0, 18, 57, 16243 }, // U+0428
    { 25, 22, 387, 0, 18, 69, 16300 }, // U+0429
    { 17, 19, 284, 1, 18, 41, 16369 }, // U+042A
    { 23, 19, 347, 0, 18, 55, 16410 }, // U+042B
    { 14, 19, 228, 0, 18, 34, 16465 }, // U+042C
    { 14, 19, 233, 0, 18, 34, 16499 }, // U+042D
    { 23, 19, 371, 0, 18, 55, 16533 }, // U+042E
    { 17, 18, 248, -1, 18, 39, 16588 }, // U+042F
    { 13, 15, 210, 0, 14, 25, 16627 }, // U+0430
    { 12, 21, 212, 1, 20, 32, 16652 }, // U+0431
    { 12, 15, 208, 0, 14, 23, 16684 }, // U+0432
    { 10, 15, 165, 0, 14, 19, 16707 }, // U+0433
    { 13, 21, 209, 0, 20, 35, 16726 }, // U+0434
    { 11, 15, 187, 0, 14, 21, 16761 }, // U+0435
    { 23, 14, 344, -1, 13, 41, 16782 }, // U+0436
    { 10, 14, 171, 0, 13, 18, 16823 }, // U+0437
    { 12, 14, 215, 1, 13, 21, 16841 }, // U+0438
    { 12, 20, 215, 1, 19, 30, 16862 }, // U+0439
    { 12, 15, 203, 1, 14, 23, 16892 }, // U+043A
    { 14, 14, 213, -1, 13, 25, 16915 }, // U+043B
    { 20, 14, 306, -1, 13, 35, 16940 }, // U+043C
    { 12, 14, 220, 1, 13, 21, 16975 }, // U+043D
    { 13, 15, 208, 0, 14, 25, 16996 }, // U+043E
    { 12, 15, 223, 1, 14, 23, 17021 }, // U+043F
    { 13, 20, 209, 0, 14, 33, 17044 }, // U+0440
    { 11, 15, 169, 0, 14, 21, 17077 }, // U+0441
    { 20, 15, 340, 1, 14, 38, 17098 }, // U+0442
    { 13, 19, 201, -1, 13, 31, 17136 }, // U+0443
    { 19, 25, 303, 0, 19, 60, 17167 }, // U+0444
    { 13, 14, 191, -1, 13, 23, 17227 }, // U+0445
    { 12, 19, 215, 1, 13, 29, 17250 }, // U+0446
    { 12, 14, 213, 1, 13, 21, 17279 }, // U+0447
    { 19, 15, 327, 1, 14, 36, 17300 }, // U+0448
    { 19, 20, 327, 1, 14, 48, 17336 }, // U+0449
    { 14, 15, 239, 1, 14, 27, 17384 }, // U+044A
    { 17, 15, 298, 1, 14, 32, 17411 }, // U+044B
    { 11, 15, 194, 1, 14, 21, 17443 }, // U+044C
    { 10, 15, 174, 0, 14, 19, 17464 }, // U+044D
    { 18, 15, 304, 1, 14, 34, 17483 }, // U+044E
    { 13, 14, 206, -1, 13, 23, 17517 }, // U+044F
    { 11, 21, 187, 0, 20, 29, 17540 }, // U+0450
    { 12, 19, 187, 0, 18, 29, 17569 }, // U+0451
    { 12, 25, 217, 1, 19, 38, 17598 }, // U+0452
    { 11, 21, 154, 0, 20, 29, 17636 }, // U+0453
    { 11, 15, 171, 0, 14, 21, 17665 }, // U+0454
    { 9, 15, 153, 0, 14, 17, 17686 }, // U+0455
    { 6, 19, 108, 1, 18, 15, 17703 }, // U+0456
    { 7, 20, 108, 1, 19, 18, 17718 }, // U+0457
    { 10, 24, 108, -3, 18, 30, 17736 }, // U+0458
    { 20, 14, 305, -1, 13, 35, 17766 }, // U+0459
    { 19, 14, 324, 1, 13, 34, 17801 }, // U+045A
    { 12, 20, 224, 1, 19, 30, 17835 }, // U+045B
    { 12, 21, 203, 1, 20, 32, 17865 }, // U+045C
    { 12, 21, 215, 1, 20, 32, 17897 }, // U+045D
    { 13, 25, 201, -1, 19, 41, 17929 }, // U+045E
    { 12, 19, 215, 1, 13, 29, 17970 }, // U+045F
    { 21, 19, 330, 0, 18, 50, 17999 }, // U+0460
    { 17, 15, 277, 0, 14, 32, 18049 }, // U+0461
    { 16, 19, 251, 0, 18, 38, 18081 }, // U+0462
    { 18, 15, 315, 1, 14, 34, 18119 }, // U+0463
    { 22, 19, 348, 0, 18, 53, 18153 }, // U+0464
    { 16, 15, 277, 1, 14, 30, 18206 }, // U+0465
    { 18, 18, 242, -2, 18, 41, 18236 }, // U+0466
    { 16, 13, 258, -1, 13, 26, 18277 }, // U+0467
    { 24, 18, 366, -1, 18, 54, 18303 }, // U+046A
    { 21, 13, 302, -2, 13, 35, 18357 }, // U+046B
    { 14, 29, 211, -1, 23, 51, 18392 }, // U+046E
    { 12, 26, 195, -1, 20, 39, 18443 }, // U+046F
    { 15, 19, 257, 1, 18, 36, 18482 }, // U+0472
    { 13, 15, 209, 0, 14, 25, 18518 }, // U+0473
    { 16, 19, 229, 0, 18, 38, 18543 }, // U+0474
    { 14, 15, 188, 0, 14, 27, 18581 }, // U+0475
    { 16, 24, 229, 0, 23, 48, 18608 }, // U+0476
    { 14, 21, 188, 0, 20, 37, 18656 }, // U+0477
    { 28, 24, 463, 1, 18, 84, 18693 }, // U+0478
    { 25, 20, 406, 0, 14, 63, 18777 }, // U+0479
    { 15, 24, 235, 1, 18, 45, 18840 }, // U+0480
    { 11, 19, 169, 0, 14, 27, 18885 }, // U+0481
    { 14, 22, 232, 0, 18, 39, 18912 }, // U+0482
    { 21, 21, 0, -1, 17, 56, 18951 }, // U+0488
    { 22, 23, 0, 0, 17, 64, 19007 }, // U+0489
    { 18, 27, 272, 0, 23, 61, 19071 }, // U+048A
    { 12, 25, 215, 1, 19, 38, 19132 }, // U+048B
    { 14, 19, 228, 0, 18, 34, 19170 }, // U+048C
    { 11, 20, 207, 1, 19, 28, 19204 }, // U+048D
    { 15, 18, 222, 0, 18, 34, 19232 }, // U+048E
    { 13, 20, 209, 0, 14, 33, 19266 }, // U+048F
    { 14, 22, 196, 0, 22, 39, 19299 }, // U+0490
    { 11, 17, 147, 0, 17, 24, 19338 }, // U+0491
    { 14, 18, 207, 0, 18, 32, 19362 }, // U+0492
    { 11, 13, 168, 0, 13, 18, 19394 }, // U+0493
    { 14, 22, 222, 0, 18, 39, 19412 }, // U+0494
    { 12, 18, 201, 0, 13, 27, 19451 }, // U+0495
    { 25, 22, 367, -1, 18, 69, 19478 }, // U+0496
    { 23, 19, 344, -1, 13, 55, 19547 }, // U+0497
    { 13, 24, 212, 0, 18, 39, 19602 }, // U+0498
    { 10, 19, 171, 0, 13, 24, 19641 }, // U+0499
    { 17, 22, 245, 0, 18, 47, 19665 }, // U+049A
    { 12, 20, 203, 1, 14, 30, 19712 }, // U+049B
    { 18, 18, 275, 0, 18, 41, 19742 }, // U+049C
    { 14, 15, 231, 1, 14, 27, 19783 }, // U+049D
    { 17, 18, 245, 0, 18, 39, 19810 }, // U+049E
    { 12, 20, 200, 1, 19, 30, 19849 }, // U+049F
    { 19, 18, 299, 1, 18, 43, 19879 }, // U+04A0
    { 15, 14, 244, 0, 13, 27, 19922 }, // U+04A1
    { 19, 22, 275, -1, 18, 53, 19949 }, // U+04A2
    { 12, 19, 220, 1, 13, 29, 20002 }, // U+04A3
    { 23, 18, 346, 0, 18, 52, 20031 }, // U+04A4
    { 18, 14, 288, 1, 13, 32, 20083 }, // U+04A5
    { 23, 23, 372, 0, 18, 67, 20115 }, // U+04A6
    { 18, 19, 300, 1, 14, 43, 20182 }, // U+04A7
    { 18, 19, 315, 1, 18, 43, 20225 }, // U+04A8
    { 15, 15, 246, 0, 14, 29, 20268 }, // U+04A9
    { 14, 24, 235, 1, 18, 42, 20297 }, // U+04AA
    { 11, 20, 164, 0, 14, 28, 20339 }, // U+04AB
    { 15, 22, 235, 1, 18, 42, 20367 }, // U+04AC
    { 20, 20, 339, 1, 14, 50, 20409 }, // U+04AD
    { 16, 18, 215, 0, 18, 36, 20459 }, // U+04AE
    { 13, 20, 203, 0, 14, 33, 20495 }, // U+04AF
    { 16, 18, 215, 0, 18, 36, 20528 }, // U+04B0
    { 13, 20, 203, 0, 14, 33, 20564 }, // U+04B1
    { 17, 22, 236, -1, 18, 47, 20597 }, // U+04B2
    { 13, 19, 191, -1, 13, 31, 20644 }, // U+04B3
    { 21, 23, 336, 1, 18, 61, 20675 }, // U+04B4
    { 12, 23, 215, 1, 17, 35, 20736 }, // U+04B5
    { 15, 22, 247, 1, 18, 42, 20771 }, // U+04B6
    { 12, 19, 213, 1, 13, 29, 20813 }, // U+04B7
    { 15, 18, 248, 1, 18, 34, 20842 }, // U+04B8
    { 12, 14, 213, 1, 13, 21, 20876 }, // U+04B9
    { 15, 18, 246, 0, 18, 34, 20897 }, // U+04BA
    { 12, 20, 226, 1, 19, 30, 20931 }, // U+04BB
    { 17, 19, 268, 0, 18, 41, 20961 }, // U+04BC
    { 14, 15, 229, 0, 14, 27, 21002 }, // U+04BD
    { 17, 23, 268, 0, 18, 49, 21029 }, // U+04BE
    { 14, 20, 229, 0, 14, 35, 21078 }, // U+04BF
    { 9, 18, 123, 0, 18, 21, 21113 }, // U+04C0
    { 25, 23, 367, -1, 23, 72, 21134 }, // U+04C1
    { 23, 20, 344, -1, 19, 58, 21206 }, // U+04C2
    { 17, 23, 244, 0, 18, 49, 21264 }, // U+04C3
    { 11, 19, 216, 1, 14, 27, 21313 }, // U+04C4
    { 18, 23, 257, -1, 18, 52, 21340 }, // U+04C5
    { 14, 18, 219, -1, 13, 32, 21392 }, // U+04C6
    { 19, 22, 281, 0, 18, 53, 21424 }, // U+04C7
    { 12, 18, 217, 1, 13, 27, 21477 }, // U+04C8
    { 19, 23, 275, -1, 18, 55, 21504 }, // U+04C9
    { 12, 18, 221, 1, 13, 27, 21559 }, // U+04CA
    { 15, 23, 247, 1, 18, 44, 21586 }, // U+04CB
    { 12, 18, 213, 1, 13, 27, 21630 }, // U+04CC
    { 23, 23, 343, -1, 18, 67, 21657 }, // U+04CD
    { 20, 18, 308, -1, 13, 45, 21724 }, // U+04CE
    { 5, 20, 109, 1, 19, 13, 21769 }, // U+04CF
    { 18, 23, 242, -2, 23, 52, 21782 }, // U+04D0
    { 13, 20, 210, 0, 19, 33, 21834 }, // U+04D1
    { 18, 22, 242, -2, 22, 50, 21867 }, // U+04D2
    { 13, 19, 210, 0, 18, 31, 21917 }, // U+04D3
    { 23, 18, 341, -2, 18, 52, 21948 }, // U+04D4
    { 19, 15, 310, 0, 14, 36, 22000 }, // U+04D5
    { 14, 23, 226, 0, 23, 41, 22036 }, // U+04D6
    { 12, 20, 187, 0, 19, 30, 22077 }, // U+04D7
    { 14, 19, 234, 0, 18, 34, 22107 }, // U+04D8
    { 11, 14, 190, 0, 13, 20, 22141 }, // U+04D9
    { 14, 23, 234, 0, 22, 41, 22161 }, // U+04DA
    { 11, 19, 190, 0, 18, 27, 22202 }, // U+04DB
    { 25, 22, 367, -1, 22, 69, 22229 }, // U+04DC
    { 23, 19, 344, -1, 18, 55, 22298 }, // U+04DD
    { 13, 23, 212, 0, 22, 38, 22353 }, // U+04DE
    { 11, 19, 171, 0, 18, 27, 22391 }, // U+04DF
    { 14, 19, 219, 0, 18, 34, 22418 }, // U+04E0
    { 13, 20, 183, -1, 14, 33, 22452 }, // U+04E1
    { 18, 21, 279, 0, 21, 48, 22485 }, // U+04E2
    { 12, 18, 215, 1, 17, 27, 22533 }, // U+04E3
    { 18, 22, 279, 0, 22, 50, 22560 }, // U+04E4
    { 12, 19, 215, 1, 18, 29, 22610 }, // U+04E5
    { 15, 23, 258, 1, 22, 44, 22639 }, // U+04E6
    { 13, 19, 208, 0, 18, 31, 22683 }, // U+04E7
    { 15, 19, 258, 1, 18, 36, 22714 }, // U+04E8
    { 13, 15, 208, 0, 14, 25, 22750 }, // U+04E9
    { 15, 23, 258, 1, 22, 44, 22775 }, // U+04EA
    { 13, 19, 208, 0, 18, 31, 22819 }, // U+04EB
    { 14, 23, 233, 0, 22, 41, 22850 }, // U+04EC
    { 10, 19, 174, 0, 18, 24, 22891 }, // U+04ED
    { 16, 22, 237, 1, 21, 44, 22915 }, // U+04EE
    { 13, 23, 201, -1, 17, 38, 22959 }, // U+04EF
    { 16, 23, 237, 1, 22, 46, 22997 }, // U+04F0
    { 13, 24, 201, -1, 18, 39, 23043 }, // U+04F1
    { 16, 24, 237, 1, 23, 48, 23082 }, // U+04F2
    { 15, 26, 201, -1, 20, 49, 23130 }, // U+04F3
    { 15, 22, 247, 1, 22, 42, 23179 }, // U+04F4
    { 12, 19, 213, 1, 18, 29, 23221 }, // U+04F5
    { 14, 22, 207, 0, 18, 39, 23250 }, // U+04F6
    { 10, 20, 165, 0, 14, 25, 23289 }, // U+04F7
    { 23, 23, 347, 0, 22, 67, 23314 }, // U+04F8
    { 17, 19, 298, 1, 18, 41, 23381 }, // U+04F9
    { 14, 24, 207, 0, 18, 42, 23422 }, // U+04FA
    { 10, 19, 165, 0, 14, 24, 23464 }, // U+04FB
    { 17, 23, 231, -1, 18, 49, 23488 }, // U+04FC
    { 13, 19, 174, -1, 13, 31, 23537 }, // U+04FD
    { 17, 18, 236, -1, 18, 39, 23568 }, // U+04FE
    { 13, 14, 191, -1, 13, 23, 23607 }, // U+04FF
    { 18, 23, 242, -2, 18, 52, 23630 }, // U+1EA0
    { 13, 19, 210, 0, 14, 31, 23682 }, // U+1EA1
    { 18, 24, 242, -2, 24, 54, 23713 }, // U+1EA2
    { 13, 21, 210, 0, 20, 35, 23767 }, // U+1EA3
    { 19, 25, 242, -2, 25, 60, 23802 }, // U+1EA4
    { 15, 22, 210, 0, 21, 42, 23862 }, // U+1EA5
    { 18, 25, 242, -2, 25, 57, 23904 }, // U+1EA6
    { 14, 22, 210, 0, 21, 39, 23961 }, // U+1EA7
    { 18, 26, 242, -2, 26, 59, 24000 }, // U+1EA8
    { 15, 23, 210, 0, 22, 44, 24059 }, // U+1EA9
    { 18, 26, 242, -2, 26, 59, 24103 }, // U+1EAA
    { 13, 23, 210, 0, 22, 38, 24162 }, // U+1EAB
    { 18, 28, 242, -2, 23, 63, 24200 }, // U+1EAC
    { 13, 24, 210, 0, 19, 39, 24263 }, // U+1EAD
    { 18, 26, 242, -2, 26, 59, 24302 }, // U+1EAE
    { 13, 23, 210, 0, 22, 38, 24361 }, // U+1EAF
    { 18, 27, 242, -2, 27, 61, 24399 }, // U+1EB0
    { 13, 23, 210, 0, 22, 38, 24460 }, // U+1EB1
    { 18, 27, 242, -2, 27, 61, 24498 }, // U+1EB2
    { 13, 24, 210, 0, 23, 39, 24559 }, // U+1EB3
    { 18, 26, 242, -2, 26, 59, 24598 }, // U+1EB4
    { 13, 23, 210, 0, 22, 38, 24657 }, // U+1EB5
    { 18, 28, 242, -2, 23, 63, 24695 }, // U+1EB6
    { 13, 24, 210, 0, 19, 39, 24758 }, // U+1EB7
    { 14, 23, 226, 0, 18, 41, 24797 }, // U+1EB8
    { 11, 19, 187, 0, 14, 27, 24838 }, // U+1EB9
    { 14, 24, 226, 0, 24, 42, 24865 }, // U+1EBA
    { 11, 21, 187, 0, 20, 29, 24907 }, // U+1EBB
    { 14, 22, 226, 0, 22, 39, 24936 }, // U+1EBC
    { 12, 19, 187, 0, 18, 29, 24975 }, // U+1EBD
    { 16, 25, 226, 0, 25, 50, 25004 }, // U+1EBE
    { 15, 22, 187, 0, 21, 42, 25054 }, // U+1EBF
    { 14, 25, 226, 0, 25, 44, 25096 }, // U+1EC0
    { 14, 22, 187, 0, 21, 39, 25140 }, // U+1EC1
    { 16, 26, 226, 0, 26, 52, 25179 }, // U+1EC2
    { 14, 23, 187, 0, 22, 41, 25231 }, // U+1EC3
    { 14, 26, 226, 0, 26, 46, 25272 }, // U+1EC4
    { 12, 23, 187, 0, 22, 35, 25318 }, // U+1EC5
    { 14, 28, 226, 0, 23, 49, 25353 }, // U+1EC6
    { 12, 24, 187, 0, 19, 36, 25402 }, // U+1EC7
    { 9, 24, 123, 0, 24, 27, 25438 }, // U+1EC8
    { 6, 21, 108, 1, 20, 16, 25465 }, // U+1EC9
    { 9, 23, 123, 0, 18, 26, 25481 }, // U+1ECA
    { 7, 23, 108, 0, 18, 21, 25507 }, // U+1ECB
    { 15, 23, 258, 1, 18, 44, 25528 }, // U+1ECC
    { 13, 19, 208, 0, 14, 31, 25572 }, // U+1ECD
    { 15, 25, 258, 1, 24, 47, 25603 }, // U+1ECE
    { 13, 21, 208, 0, 20, 35, 25650 }, // U+1ECF
    { 16, 26, 258, 1, 25, 52, 25685 }, // U+1ED0
    { 15, 22, 208, 0, 21, 42, 25737 }, // U+1ED1
    { 15, 26, 258, 1, 25, 49, 25779 }, // U+1ED2
    { 14, 22, 208, 0, 21, 39, 25828 }, // U+1ED3
    { 16, 27, 258, 1, 26, 54, 25867 }, // U+1ED4
    { 14, 23, 208, 0, 22, 41, 25921 }, // U+1ED5
    { 15, 27, 258, 1, 26, 51, 25962 }, // U+1ED6
    { 13, 23, 208, 0, 22, 38, 26013 }, // U+1ED7
    { 15, 28, 258, 1, 23, 53, 26051 }, // U+1ED8
    { 13, 24, 208, 0, 19, 39, 26104 }, // U+1ED9
    { 15, 24, 258, 1, 23, 45, 26143 }, // U+1EDA
    { 15, 21, 208, 0, 20, 40, 26188 }, // U+1EDB
    { 15, 24, 258, 1, 23, 45, 26228 }, // U+1EDC
    { 15, 21, 208, 0, 20, 40, 26273 }, // U+1EDD
    { 15, 25, 258, 1, 24, 47, 26313 }, // U+1EDE
    { 15, 21, 208, 0, 20, 40, 26360 }, // U+1EDF
    { 15, 23, 258, 1, 22, 44, 26400 }, // U+1EE0
    { 15, 19, 208, 0, 18, 36, 26444 }, // U+1EE1
    { 15, 25, 258, 1, 20, 47, 26480 }, // U+1EE2
    { 15, 21, 208, 0, 16, 40, 26527 }, // U+1EE3
    { 16, 23, 252, 1, 18, 46, 26567 }, // U+1EE4
    { 12, 18, 215, 1, 13, 27, 26613 }, // U+1EE5
    { 16, 25, 252, 1, 24, 50, 26640 }, // U+1EE6
    { 12, 21, 215, 1, 20, 32, 26690 }, // U+1EE7
    { 18, 24, 252, 1, 23, 54, 26722 }, // U+1EE8
    { 16, 21, 216, 1, 20, 42, 26776 }, // U+1EE9
    { 18, 24, 252, 1, 23, 54, 26818 }, // U+1EEA
    { 16, 21, 216, 1, 20, 42, 26872 }, // U+1EEB
    { 18, 25, 252, 1, 24, 57, 26914 }, // U+1EEC
    { 16, 21, 216, 1, 20, 42, 26971 }, // U+1EED
    { 18, 23, 252, 1, 22, 52, 27013 }, // U+1EEE
    { 16, 19, 216, 1, 18, 38, 27065 }, // U+1EEF
    { 18, 25, 252, 1, 20, 57, 27103 }, // U+1EF0
    { 16, 22, 216, 1, 17, 44, 27160 }, // U+1EF1
    { 16, 23, 215, 0, 23, 46, 27204 }, // U+1EF2
    { 13, 26, 201, -1, 20, 43, 27250 }, // U+1EF3
    { 16, 23, 215, 0, 18, 46, 27293 }, // U+1EF4
    { 13, 19, 201, -1, 13, 31, 27339 }, // U+1EF5
    { 16, 24, 215, 0, 24, 48, 27370 }, // U+1EF6
    { 13, 26, 201, -1, 20, 43, 27418 }, // U+1EF7
    { 16, 22, 215, 0, 22, 44, 27461 }, // U+1EF8
    { 13, 24, 201, -1, 18, 39, 27505 }, // U+1EF9
    { 0, 0, 183, 0, 0, 0, 27544 }, // U+2000
    { 0, 0, 367, 0, 0, 0, 27544 }, // U+2001
    { 0, 0, 183, 0, 0, 0, 27544 }, // U+2002
    { 0, 0, 367, 0, 0, 0, 27544 }, // U+2003
    { 0, 0, 220, 0, 0, 0, 27544 }, // U+2004
    { 0, 0, 220, 0, 0, 0, 27544 }, // U+2005
    { 0, 0, 220, 0, 0, 0, 27544 }, // U+2006
    { 0, 0, 220, 0, 0, 0, 27544 }, // U+2007
    { 0, 0, 220, 0, 0, 0, 27544 }, // U+2008
    { 0, 0, 55, 0, 0, 0, 27544 }, // U+2009
    { 0, 0, 22, 0, 0, 0, 27544 }, // U+200A
    { 0, 0, 0, 0, 0, 0, 27544 }, // U+200B
    { 0, 0, 0, 0, 0, 0, 27544 }, // U+200C
    { 0, 0, 0, 0, 0, 0, 27544 }, // U+200D
    { 10, 3, 201, 1, 9, 4, 27544 }, // U+2010
    { 10, 3, 213, 1, 9, 4, 27548 }, // U+2011
    { 11, 3, 230, 2, 9, 5, 27552 }, // U+2012
    { 16, 3, 287, 1, 9, 6, 27557 }, // U+2013
    { 23, 3, 399, 1, 9, 9, 27563 }, // U+2014
    { 23, 3, 399, 1, 9, 9, 27572 }, // U+2015
    { 6, 23, 211, 4, 20, 18, 27581 }, // U+2016
    { 5, 9, 99, 2, 20, 6, 27599 }, // U+2018
    { 5, 9, 99, 2, 20, 6, 27605 }, // U+2019
    { 5, 9, 99, 0, 3, 6, 27611 }, // U+201A
    { 4, 10, 99, 2, 20, 5, 27617 }, // U+201B
    { 9, 9, 171, 2, 20, 11, 27622 }, // U+201C
    { 10, 9, 171, 2, 20, 12, 27633 }, // U+201D
    { 9, 9, 163, 0, 3, 11, 27645 }, // U+201E
    { 10, 18, 160, 1, 19, 23, 27656 }, // U+2020
    { 10, 18, 160, 1, 19, 23, 27679 }, // U+2021
    { 5, 6, 136, 2, 12, 4, 27702 }, // U+2022
    { 6, 6, 136, 2, 11, 5, 27706 }, // U+2023
    { 14, 4, 240, 0, 3, 7, 27711 }, // U+2026
    { 3, 4, 71, 1, 10, 2, 27718 }, // U+2027
    { 0, 0, 55, 0, 0, 0, 27720 }, // U+202F
    { 27, 21, 477, 2, 19, 71, 27720 }, // U+2030
    { 4, 8, 89, 2, 19, 4, 27791 }, // U+2032
    { 8, 8, 153, 2, 19, 8, 27795 }, // U+2033
    { 12, 8, 216, 2, 19, 12, 27803 }, // U+2034
    { 8, 12, 154, 1, 13, 12, 27815 }, // U+2039
    { 8, 12, 153, 1, 13, 12, 27827 }, // U+203A
    { 12, 21, 177, 0, 20, 32, 27839 }, // U+203C
    { 19, 19, 337, 1, 19, 46, 27871 }, // U+2042
    { 12, 21, 71, -4, 19, 32, 27917 }, // U+2044
    { 11, 13, 220, 2, 14, 18, 27949 }, // U+204A
    { 13, 21, 260, 2, 19, 35, 27967 }, // U+2052
    { 10, 13, 161, 1, 22, 17, 28002 }, // U+2070
    { 5, 15, 103, 1, 20, 10, 28019 }, // U+2071
    { 10, 12, 150, 1, 22, 15, 28029 }, // U+2074
    { 9, 13, 141, 1, 22, 15, 28044 }, // U+2075
    { 9, 13, 152, 1, 22, 15, 28059 }, // U+2076
    { 9, 11, 138, 1, 21, 13, 28074 }, // U+2077
    { 9, 13, 152, 1, 22, 15, 28087 }, // U+2078
    { 9, 13, 154, 2, 22, 15, 28102 }, // U+2079
    { 11, 10, 189, 1, 15, 14, 28117 }, // U+207F
    { 9, 13, 161, 0, 9, 15, 28131 }, // U+2080
    { 7, 11, 111, -1, 8, 10, 28146 }, // U+2081
    { 9, 12, 144, -1, 9, 14, 28156 }, // U+2082
    { 9, 13, 135, -1, 9, 15, 28170 }, // U+2083
    { 10, 12, 150, -1, 9, 15, 28185 }, // U+2084
    { 9, 13, 141, -1, 9, 15, 28200 }, // U+2085
    { 8, 13, 152, 0, 9, 13, 28215 }, // U+2086
    { 10, 11, 138, -1, 8, 14, 28228 }, // U+2087
    { 9, 13, 152, -1, 9, 15, 28242 }, // U+2088
    { 9, 13, 154, 0, 9, 15, 28257 }, // U+2089
    { 13, 24, 228, 1, 21, 39, 28272 }, // U+20A1
    { 16, 19, 255, 0, 18, 38, 28311 }, // U+20A2
    { 15, 18, 219, 0, 18, 34, 28349 }, // U+20A3
    { 16, 19, 264, 0, 18, 38, 28383 }, // U+20A4
    { 20, 21, 339, 1, 17, 53, 28421 }, // U+20A5
    { 20, 18, 342, 1, 18, 45, 28474 }, // U+20A6
    { 17, 18, 275, 1, 18, 39, 28519 }, // U+20A7
    { 25, 19, 396, 0, 18, 60, 28558 }, // U+20A8
    { 26, 19, 387, 0, 18, 62, 28618 }, // U+20A9
    { 19, 19, 321, 1, 18, 46, 28680 }, // U+20AA
    { 14, 19, 238, 1, 19, 34, 28726 }, // U+20AB
    { 15, 19, 262, 1, 18, 36, 28760 }, // U+20AC
    { 17, 18, 257, 0, 18, 39, 28796 }, // U+20AD
    { 15, 18, 263, 2, 18, 34, 28835 }, // U+20AE
    { 17, 18, 276, 1, 18, 39, 28869 }, // U+20B1
    { 15, 23, 258, 1, 20, 44, 28908 }, // U+20B2
    { 14, 19, 256, 1, 18, 34, 28952 }, // U+20B4
    { 13, 24, 225, 1, 21, 39, 28986 }, // U+20B5
    { 16, 18, 264, 1, 18, 36, 29025 }, // U+20B8
    { 15, 18, 259, 2, 18, 34, 29061 }, // U+20B9
    { 15, 18, 241, 0, 18, 34, 29095 }, // U+20BA
    { 18, 20, 309, 0, 20, 45, 29129 }, // U+20BC
    { 15, 18, 228, 0, 18, 34, 29174 }, // U+20BD
    { 17, 19, 263, 0, 19, 41, 29208 }, // U+20BE
    { 14, 23, 236, 0, 20, 41, 29249 }, // U+20BF
    { 16, 15, 252, 0, 16, 30, 29290 }, // U+2190
    { 14, 16, 233, 1, 17, 28, 29320 }, // U+2191
    { 15, 15, 252, 1, 16, 29, 29348 }, // U+2192
    { 15, 16, 233, 0, 17, 30, 29377 }, // U+2193
    { 24, 13, 386, 0, 15, 39, 29407 }, // U+2194
    { 14, 20, 239, 1, 19, 35, 29446 }, // U+2195
    { 12, 12, 231, 2, 15, 18, 29481 }, // U+2196
    { 12, 12, 209, 0, 15, 18, 29499 }, // U+2197
    { 11, 12, 231, 2, 15, 17, 29517 }, // U+2198
    { 12, 12, 209, 1, 15, 18, 29534 }, // U+2199
    { 13, 20, 244, 1, 19, 33, 29552 }, // U+2202
    { 14, 16, 270, 1, 14, 28, 29585 }, // U+2205
    { 16, 18, 254, -1, 18, 36, 29613 }, // U+2206
    { 20, 20, 304, 0, 18, 50, 29649 }, // U+220F
    { 16, 20, 285, 0, 18, 40, 29699 }, // U+2211
    { 11, 3, 245, 2, 9, 5, 29739 }, // U+2212
    { 12, 21, 71, -4, 19, 32, 29744 }, // U+2215
    { 4, 4, 129, 2, 11, 2, 29776 }, // U+2219
    { 19, 25, 284, 0, 21, 60, 29778 }, // U+221A
    { 20, 11, 346, 1, 12, 28, 29838 }, // U+221E
    { 13, 26, 204, 0, 20, 43, 29866 }, // U+222B
    { 5, 13, 82, 0, 15, 9, 29909 }, // U+2236
    { 12, 10, 228, 1, 12, 15, 29918 }, // U+2248
    { 11, 15, 245, 2, 15, 21, 29933 }, // U+2260
    { 12, 13, 224, 1, 13, 20, 29954 }, // U+2264
    { 12, 13, 224, 1, 13, 20, 29974 }, // U+2265
    { 13, 17, 225, 1, 17, 28, 29994 }, // U+2266
    { 12, 17, 227, 1, 17, 26, 30022 }, // U+2267
    { 17, 25, 235, -3, 19, 54, 30048 }, // U+FB01
    { 17, 25, 236, -3, 19, 54, 30102 }, // U+FB02
};

static const EpdUnicodeInterval merri11_italicIntervals[] = {
    { 0x20, 0x7E, 0x0 },
    { 0xA0, 0xAC, 0x5F },
    { 0xAE, 0x148, 0x6C },
    { 0x14A, 0x17F, 0x107 },
    { 0x1A0, 0x1A1, 0x13D },
    { 0x1AF, 0x1B0, 0x13F },
    { 0x1C4, 0x1F5, 0x141 },
    { 0x1F8, 0x21F, 0x173 },
    { 0x300, 0x304, 0x19B },
    { 0x306, 0x30D, 0x1A0 },
    { 0x30F, 0x313, 0x1A8 },
    { 0x315, 0x315, 0x1AD },
    { 0x31B, 0x31B, 0x1AE },
    { 0x320, 0x320, 0x1AF },
    { 0x323, 0x329, 0x1B0 },
    { 0x32D, 0x332, 0x1B7 },
    { 0x334, 0x338, 0x1BD },
    { 0x358, 0x358, 0x1C2 },
    { 0x35C, 0x35D, 0x1C3 },
    { 0x35F, 0x35F, 0x1C5 },
    { 0x361, 0x362, 0x1C6 },
    { 0x400, 0x467, 0x1C8 },
    { 0x46A, 0x46B, 0x230 },
    { 0x46E, 0x46F, 0x232 },
    { 0x472, 0x479, 0x234 },
    { 0x480, 0x482, 0x23C },
    { 0x488, 0x4FF, 0x23F },
    { 0x1EA0, 0x1EF9, 0x2B7 },
    { 0x2000, 0x200D, 0x311 },
    { 0x2010, 0x2016, 0x31F },
    { 0x2018, 0x201E, 0x326 },
    { 0x2020, 0x2023, 0x32D },
    { 0x2026, 0x2027, 0x331 },
    { 0x202F, 0x2030, 0x333 },
    { 0x2032, 0x2034, 0x335 },
    { 0x2039, 0x203A, 0x338 },
    { 0x203C, 0x203C, 0x33A },
    { 0x2042, 0x2042, 0x33B },
    { 0x2044, 0x2044, 0x33C },
    { 0x204A, 0x204A, 0x33D },
    { 0x2052, 0x2052, 0x33E },
    { 0x2070, 0x2071, 0x33F },
    { 0x2074, 0x2079, 0x341 },
    { 0x207F, 0x2089, 0x347 },
    { 0x20A1, 0x20AE, 0x352 },
    { 0x20B1, 0x20B2, 0x360 },
    { 0x20B4, 0x20B5, 0x362 },
    { 0x20B8, 0x20BA, 0x364 },
    { 0x20BC, 0x20BF, 0x367 },
    { 0x2190, 0x2199, 0x36B },
    { 0x2202, 0x2202, 0x375 },
    { 0x2205, 0x2206, 0x376 },
    { 0x220F, 0x220F, 0x378 },
    { 0x2211, 0x2212, 0x379 },
    { 0x2215, 0x2215, 0x37B },
    { 0x2219, 0x221A, 0x37C },
    { 0x221E, 0x221E, 0x37E },
    { 0x222B, 0x222B, 0x37F },
    { 0x2236, 0x2236, 0x380 },
    { 0x2248, 0x2248, 0x381 },
    { 0x2260, 0x2260, 0x382 },
    { 0x2264, 0x2267, 0x383 },
    { 0xFB01, 0xFB02, 0x387 },
};

static const uint16_t merri11_italicKernLeftCodepoints[] = {
    0x0021, 0x0022, 0x0023, 0x0024, 0x0025, 0x0026, 0x0027, 0x0028, 0x0029, 0x002A, 0x002B, 0x002C,
    0x002D, 0x002E, 0x002F, 0x0030, 0x0031, 0x0032, 0x0033, 0x0034, 0x0035, 0x0036, 0x0037, 0x0038,
    0x0039, 0x003A, 0x003B, 0x003C, 0x003D, 0x003E, 0x003F, 0x0040, 0x0041, 0x0042, 0x0043, 0x0044,
    0x0045, 0x0046, 0x0047, 0x0048, 0x0049, 0x004A, 0x004B, 0x004C, 0x004D, 0x004E, 0x004F, 0x0050,
    0x0051, 0x0052, 0x0053, 0x0054, 0x0055, 0x0056, 0x0057, 0x0058, 0x0059, 0x005A, 0x005B, 0x005C,
    0x005E, 0x005F, 0x0061, 0x0062, 0x0063, 0x0064, 0x0065, 0x0066, 0x0067, 0x0068, 0x0069, 0x006A,
    0x006B, 0x006C, 0x006D, 0x006E, 0x006F, 0x0070, 0x0071, 0x0072, 0x0073, 0x0074, 0x0075, 0x0076,
    0x0077, 0x0078, 0x0079, 0x007A, 0x007B, 0x007D, 0x007E, 0x00A1, 0x00A2, 0x00A3, 0x00A5, 0x00A7,
    0x00A9, 0x00AA, 0x00AB, 0x00AC, 0x00AE, 0x00B0, 0x00B1, 0x00B2, 0x00B3, 0x00B5, 0x00B9, 0x00BA,
    0x00BB, 0x00BF, 0x00C0, 0x00C1, 0x00C2, 0x00C3, 0x00C4, 0x00C5, 0x00C6, 0x00C7, 0x00C8, 0x00C9,
    0x00CA, 0x00CB, 0x00CC, 0x00CD, 0x00CE, 0x00CF, 0x00D0, 0x00D1, 0x00D2, 0x00D3, 0x00D4, 0x00D5,
    0x00D6, 0x00D7, 0x00D8, 0x00D9, 0x00DA, 0x00DB, 0x00DC, 0x00DD, 0x00DE, 0x00DF, 0x00E0, 0x00E1,
    0x00E2, 0x00E3, 0x00E4, 0x00E5, 0x00E6, 0x00E7, 0x00E8, 0x00E9, 0x00EA, 0x00EB, 0x00EC, 0x00ED,
    0x00EE, 0x00EF, 0x00F0, 0x00F1, 0x00F2, 0x00F3, 0x00F4, 0x00F5, 0x00F6, 0x00F7, 0x00F8, 0x00F9,
    0x00FA, 0x00FB, 0x00FC, 0x00FD, 0x00FE, 0x00FF, 0x2010, 0x2011, 0x2013, 0x2014, 0x2018, 0x2019,
    0x201A, 0x201C, 0x201D, 0x201E, 0x2020, 0x2021, 0x2026, 0x2030, 0x2032, 0x2033, 0x2039, 0x203A,
    0x203C, 0x20A1, 0x20A4, 0x20A6, 0x20A9, 0x20AA, 0x20AB, 0x20AC, 0x20AD, 0x20AE, 0x20B1, 0x20B2,
    0x20B4, 0x20B5, 0x20B8, 0x20B9, 0x20BA, 0x20BC, 0x20BD, 0x20BE, 0xFB01, 0xFB02,
};

static const uint8_t merri11_italicKernLeftClassIds[] = {
      1,   2,   3,   4,   5,   6,   7,   8,   9,  10,  11,  12,  13,  14,  15,  16,
     17,  18,  19,  20,  21,  22,  23,  24,  25,  26,  27,  28,  29,  30,  31,  32,
     33,  34,  35,  36,  37,  38,  39,  40,  41,  42,  43,  44,  45,  46,  47,  48,
     49,  50,  51,  52,  53,  54,  55,  56,  57,  58,  59,  60,  61,  62,  63,  64,
     65,  66,  67,  68,  69,  70,  71,  72,  73,  74,  75,  76,  77,  78,  79,  80,
     81,  82,  83,  84,  85,  86,  87,  88,  89,  90,  91,  92,  93,  94,  95,  96,
     97,  98,  99, 100, 101, 102, 103, 104, 105, 106, 107, 108, 109, 110, 111, 112,
    113, 114, 115, 116, 117, 118, 119, 120, 121, 122, 123, 124, 125, 126, 127, 128,
    129, 130, 131, 132, 133, 134, 135, 136, 137, 138, 139, 140, 141, 142, 143, 144,
    145, 146, 147, 148, 149, 150, 151, 152, 153, 154, 155, 156, 157, 158, 159, 160,
    161, 162, 163, 164, 165, 166, 167, 168, 169, 170, 171, 172, 173, 174,  13, 175,
    176, 177, 178, 179, 180, 181, 182, 183, 184, 185, 186, 187, 188, 189, 190, 191,
    192, 193, 194, 195, 196, 197, 198, 199, 200, 201, 202, 203, 204, 205, 206, 207,
    208, 209, 210, 211, 212, 213,
};

static const uint16_t merri11_italicKernRightCodepoints[] = {
    0x0021, 0x0022, 0x0023, 0x0024, 0x0025, 0x0026, 0x0027, 0x0028, 0x0029, 0x002A, 0x002B, 0x002C,
    0x002D, 0x002E, 0x002F, 0x0030, 0x0031, 0x0032, 0x0033, 0x0034, 0x0035, 0x0036, 0x0037, 0x0038,
    0x0039, 0x003A, 0x003B, 0x003C, 0x003D, 0x003E, 0x003F, 0x0040, 0x0041, 0x0042, 0x0043, 0x0044,
    0x0045, 0x0046, 0x0047, 0x0048, 0x0049, 0x004A, 0x004B, 0x004C, 0x004D, 0x004E, 0x004F, 0x0050,
    0x0051, 0x0052, 0x0053, 0x0054, 0x0055, 0x0056, 0x0057, 0x0058, 0x0059, 0x005A, 0x005C, 0x005D,
    0x005E, 0x005F, 0x0061, 0x0062, 0x0063, 0x0064, 0x0065, 0x0066, 0x0067, 0x0068, 0x0069, 0x006A,
    0x006B, 0x006C, 0x006D, 0x006E, 0x006F, 0x0070, 0x0071, 0x0072, 0x0073, 0x0074, 0x0075, 0x0076,
    0x0077, 0x0078, 0x0079, 0x007A, 0x007B, 0x007D, 0x007E, 0x00A1, 0x00A2, 0x00A3, 0x00A5, 0x00A7,
    0x00A9, 0x00AA, 0x00AB, 0x00AC, 0x00AE, 0x00B0, 0x00B1, 0x00B2, 0x00B3, 0x00B5, 0x00B9, 0x00BA,
    0x00BB, 0x00BF, 0x00C0, 0x00C1, 0x00C2, 0x00C3, 0x00C4, 0x00C5, 0x00C6, 0x00C7, 0x00C8, 0x00C9,
    0x00CA, 0x00CB, 0x00CC, 0x00CD, 0x00CE, 0x00CF, 0x00D0, 0x00D1, 0x00D2, 0x00D3, 0x00D4, 0x00D5,
    0x00D6, 0x00D7, 0x00D8, 0x00D9, 0x00DA, 0x00DB, 0x00DC, 0x00DD, 0x00DE, 0x00DF, 0x00E0, 0x00E1,
    0x00E2, 0x00E3, 0x00E4, 0x00E5, 0x00E6, 0x00E7, 0x00E8, 0x00E9, 0x00EA, 0x00EB, 0x00EC, 0x00ED,
    0x00EE, 0x00EF, 0x00F0, 0x00F1, 0x00F2, 0x00F3, 0x00F4, 0x00F5, 0x00F6, 0x00F7, 0x00F8, 0x00F9,
    0x00FA, 0x00FB, 0x00FC, 0x00FD, 0x00FE, 0x00FF, 0x2010, 0x2011, 0x2013, 0x2014, 0x2018, 0x2019,
    0x201A, 0x201C, 0x201D, 0x201E, 0x2020, 0x2021, 0x2026, 0x2027, 0x2030, 0x2032, 0x2033, 0x2039,
    0x203A, 0x203C, 0x2044, 0x20A1, 0x20A4, 0x20A6, 0x20A9, 0x20AA, 0x20AB, 0x20AC, 0x20AD, 0x20AE,
    0x20B1, 0x20B2, 0x20B4, 0x20B5, 0x20B8, 0x20B9, 0x20BA, 0x20BC, 0x20BD, 0x20BE, 0xFB01, 0xFB02,
};

static const uint8_t merri11_italicKernRightClassIds[] = {
      1,   2,   3,   4,   5,   6,   7,   8,   9,  10,  11,  12,  13,  14,  15,  16,
     17,  18,  19,  20,  21,  22,  23,  24,  25,  26,  27,  28,  29,  30,  31,  32,
     33,  34,  35,  36,  37,  38,  39,  40,  41,  42,  43,  44,  45,  46,  47,  48,
     49,  50,  51,  52,  53,  54,  55,  56,  57,  58,  59,  60,  61,  62,  63,  64,
     65,  66,  67,  68,  69,  70,  71,  72,  73,  74,  75,  76,  77,  78,  79,  80,
     81,  82,  83,  84,  85,  86,  87,  88,  89,  90,  91,  92,  93,  94,  95,  96,
     97,  98,  99, 100, 101, 102, 103, 104, 105, 106, 107, 108, 109, 110, 111, 112,
    113, 114, 115, 116, 117, 118, 119, 120, 121, 122, 123, 124, 125, 126, 127, 128,
    129, 130, 131, 132, 133, 134, 135, 136, 137, 138, 139, 140, 141, 142, 143, 144,
    145, 146, 147, 148, 149, 150, 151, 152, 153, 154, 155, 156, 157, 158, 159, 160,
    161, 162, 163, 164, 165, 166, 167, 168, 169, 170, 171, 172, 173, 174,  13,  13,
    175, 176, 177, 178, 179, 180, 181, 182, 183, 184, 185, 186, 187, 188, 189, 190,
    191, 192, 193, 194, 195, 196, 197, 198, 199, 200, 201, 202, 203, 204, 205, 206,
    207, 208, 209, 210, 211, 212,  68,  68,
};

static const uint16_t merri11_italicKernRowOffsets[] = {
        0,    77,   257,   349,   387,   414,   479,   662,   866,  1015,  1096,  1227,  1257,  1421,  1512,  1693,
     1809,  1944,  2069,  2192,  2316,  2436,  2567,  2696,  2810,  2936,  3014,  3045,  3114,  3214,  3284,  3362,
     3437,  3605,  3760,  3900,  4055,  4191,  4354,  4517,  4666,  4819,  4976,  5141,  5296,  5460,  5604,  5757,
     5924,  6062,  6220,  6362,  6522,  6656,  6819,  6979,  7139,  7296,  7431,  7598,  7673,  7752,  7836,  7985,
     8102,  8247,  8364,  8518,  8651,  8771,  8919,  9056,  9184,  9334,  9494,  9647,  9802,  9923, 10043, 10177,
    10330, 10473, 10616, 10760, 10896, 11026, 11147, 11289, 11421, 11510, 11576, 11667, 11741, 11768, 11796, 11821,
    11830, 11860, 11873, 12047, 12110, 12129, 12209, 12259, 12310, 12358, 12403, 12445, 12455, 12578, 12653, 12762,
    12878, 12969, 13058, 13169, 13257, 13342, 13448, 13529, 13623, 13701, 13781, 13861, 13959, 14041, 14113, 14181,
    14254, 14346, 14459, 14552, 14629, 14738, 14803, 14883, 14952, 15034, 15101, 15194, 15280, 15350, 15406, 15491,
    15578, 15650, 15714, 15804, 15863, 15929, 16018, 16108, 16214, 16295, 16391, 16463, 16555, 16636, 16701, 16763,
    16836, 16904, 16978, 17044, 17094, 17177, 17204, 17256, 17327, 17409, 17478, 17572, 17647, 17688, 17730, 17894,
    18031, 18123, 18287, 18431, 18558, 18727, 18850, 19001, 19026, 19054, 19159, 19176, 19195, 19207, 19381, 19505,
    19509, 19533, 19562, 19585, 19609, 19632, 19655, 19687, 19709, 19732, 19756, 19779, 19802, 19825, 19848, 19871,
    19894, 19917, 19938, 19962, 20100, 20260,
};

static const uint8_t merri11_italicKernSparseCols[] = {
      0,   1,   6,   8,   9,  12,  13,  15,  16,  17,  18,  19,  20,  21,  22,  23,
     24,  25,  30,  32,  33,  34,  35,  36,  37,  39,  41,  42,  43,  44,  45,  46,
     47,  48,  49,  50,  52,  53,  54,  55,  56,  59,  62,  63,  64,  65,  66,  67,
     68,  69,  71,  72,  73,  74,  75,  76,  77,  78,  79,  80,  81,  82,  83,  84,
     85,  86,  87,  89,  98, 104, 106, 108, 175, 177, 180, 189, 190,   0,   1,   2,
      3,   4,   5,   6,   7,   8,   9,  10,  11,  12,  13,  14,  15,  16,  17,  18,
     19,  20,  21,  22,  23,  24,  25,  26,  27,  28,  29,  30,  31,  32,  33,  34,
     35,  36,  37,  38,  39,  40,  41,  42,  43,  44,  45,  46,  47,  48,  49,  50,
     51,  52,  53,  55,  56,  57,  58,  59,  60,  61,  62,  63,  64,  65,  66,  67,
     68,  69,  70,  71,  72,  73,  74,  75,  76,  77,  78,  79,  80,  81,  82,  83,
     84,  85,  86,  87,  88,  89,  90,  91,  92,  93,  95,  98, 101, 102, 103, 104,
    106, 108, 109, 110, 111, 112, 113, 114, 115, 116, 117, 118, 119, 120, 121, 122,
    123, 124, 125, 126, 127, 128, 129, 130, 131, 132, 133, 134, 135, 136, 137, 138,
    139, 140, 141, 142, 143, 144, 145, 146, 147, 148, 149, 150, 151, 152, 153, 154,
    155, 156, 157, 158, 159, 160, 161, 162, 163, 164, 166, 167, 168, 169, 170, 171,
    172, 174, 175, 176, 177, 179, 180, 182, 183, 184, 189, 190, 194, 196, 199, 202,
    207,   0,   1,   6,   7,   8,   9,  11,  13,  14,  15,  16,  17,  18,  19,  20,
     21,  22,  23,  24,  25,  26,  30,  32,  33,  34,  35,  36,  37,  38,  39,  40,
     41,  42,  43,  44,  45,  46,  47,  48,  49,  50,  51,  52,  53,  54,  55,  56,
     57,  59,  62,  63,  64,  65,  66,  67,  68,  69,  70,  71,  72,  73,  74,  75,
     76,  77,  78,  79,  80,  81,  82,  84,  85,  87,  98, 108, 114, 115, 117, 118,
    119, 132, 136, 138, 146, 149, 150, 176, 177, 179, 180, 189, 190,   0,   1,   6,
      7,   8,   9,  10,  11,  12,  13,  14,  15,  16,  17,  18,  19,  20,  21,  22,
     23,  24,  25,  26,  28,  30,  59,  61,  98, 103, 104, 106, 108, 176, 177, 179,
    180, 189, 190,   0,   1,   6,   8,   9,  11,  12,  13,  14,  25,  26,  30,  59,
     98, 103, 104, 106, 108, 174, 175, 176, 177, 179, 180, 182, 189, 190,   1,   6,
      8,  12,  16,  17,  18,  19,  20,  22,  23,  24,  32,  33,  35,  36,  37,  38,
     39,  40,  41,  42,  43,  45,  47,  49,  50,  51,  52,  53,  54,  55,  56,  57,
     59,  63,  64,  67,  69,  70,  71,  72,  73,  74,  75,  76,  77,  79,  81,  82,
     83,  84,  85,  86,  87,  98, 108, 111, 121, 176, 177, 179, 180, 189, 190,   0,
      1,   2,   3,   4,   5,   6,   7,   8,   9,  10,  11,  12,  13,  14,  15,  16,
     17,  18,  19,  20,  21,  22,  23,  24,  25,  26,  27,  28,  29,  30,  31,  32,
     33,  34,  35,  36,  37,  38,  39,  40,  41,  42,  43,  44,  45,  46,  47,  48,
     49,  50,  51,  52,  53,  55,  56,  57,  58,  59,  60,  61,  62,  63,  64,  65,
     66,  67,  68,  69,  70,  71,  72,  73,  74,  75,  76,  77,  78,  79,  80,  81,
     82,  83,  84,  85,  86,  87,  88,  89,  90,  91,  92,  93,  95,  98, 100, 101,
    102, 103, 104, 106, 108, 109, 110, 111, 112, 113, 114, 115, 116, 117, 118, 119,
    120, 121, 122, 123, 124, 125, 126, 127, 128, 129, 130, 131, 132, 133, 134, 135,
    136, 137, 138, 139, 140, 141, 142, 143, 144, 145, 146, 147, 148, 149, 150, 151,
    152, 153, 154, 155, 156, 157, 158, 159, 160, 161, 162, 163, 164, 166, 167, 168,
    169, 170, 171, 172, 173, 174, 175, 176, 177, 179, 180, 182, 183, 184, 189, 190,
    194, 196, 199, 202, 204, 207,   0,   1,   2,   3,   4,   5,   6,   7,   8,   9,
     10,  11,  12,  13,  15,  16,  17,  18,  19,  20,  21,  22,  23,  24,  25,  26,
     27,  28,  29,  30,  31,  32,  33,  34,  35,  36,  37,  38,  39,  40,  41,  42,
     43,  44,  45,  46,  47,  48,  49,  50,  51,  52,  53,  54,  55,  56,  57,  58,
     59,  60,  61,  62,  63,  64,  65,  66,  68,  69,  70,  71,  72,  73,  74,  75,
     76,  77,  78,  79,  80,  81,  82,  83,  84,  85,  86,  87,  88,  90,  91,  92,
     93,  94,  95,  96,  98,  99, 100, 101, 102, 103, 104, 105, 106, 108, 109, 110,
    111, 112, 113, 114, 115, 116, 117, 118, 119, 120, 121, 122, 123, 124, 125, 126,
    127, 128, 129, 130, 131, 132, 133, 134, 135, 136, 137, 138, 139, 140, 141, 142,
    143, 144, 145, 146, 147, 148, 149, 150, 151, 152, 153, 154, 155, 156, 157, 158,
    159, 160, 161, 162, 163, 164, 165, 166, 167, 168, 169, 170, 171, 172, 173, 174,
    175, 176, 177, 178, 179, 180, 181, 182, 183, 184, 186, 187, 188, 189, 190, 193,
    194, 195, 196, 197, 198, 199, 200, 201, 202, 203, 204, 205, 206, 207, 208, 209,
    210, 211,   0,   1,   6,   7,   8,   9,  10,  11,  12,  13,  14,  15,  16,  17,
     18,  19,  20,  21,  22,  23,  24,  25,  26,  27,  28,  29,  30,  32,  33,  34,
     35,  36,  37,  38,  39,  40,  41,  42,  43,  44,  45,  46,  47,  48,  49,  50,
     51,  52,  53,  54,  55,  56,  57,  59,  60,  62,  63,  64,  65,  66,  67,  68,
     69,  70,  71,  72,  73,  74,  75,  76,  77,  78,  79,  80,  81,  82,  83,  84,
     85,  86,  87,  88,  89,  98, 103, 104, 106, 108, 110, 111, 112, 114, 115, 116,
    117, 118, 119, 120, 121, 122, 123, 124, 126, 127, 128, 129, 131, 132, 133, 134,
    136, 137, 138, 139, 141, 142, 143, 144, 146, 147, 148, 149, 150, 151, 152, 153,
    154, 155, 156, 158, 160, 161, 163, 164, 166, 168, 169, 170, 171, 174, 175, 176,
    177, 179, 180, 182, 189, 190, 191,   0,   1,   6,   7,   8,   9,  11,  12,  13,
     14,  15,  16,  17,  18,  19,  20,  21,  22,  23,  24,  25,  26,  30,  32,  33,
     34,  35,  36,  37,  38,  39,  40,  41,  42,  43,  44,  45,  46,  47,  48,  49,
     50,  51,  53,  55,  57,  59,  62,  63,  64,  65,  66,  67,  68,  69,  70,  71,
     72,  73,  74,  75,  76,  77,  78,  79,  80,  81,  82,  85,  87,  89,  98, 108,
    174, 175, 176, 177, 179, 180, 189, 190,   0,   1,   3,   6,   7,   8,   9,  10,
     11,  12,  13,  14,  15,  16,  17,  18,  19,  20,  21,  22,  23,  24,  25,  26,
     28,  30,  32,  33,  34,  35,  36,  37,  38,  39,  40,  41,  42,  43,  44,  45,
     46,  47,  48,  49,  50,  51,  52,  53,  54,  55,  56,  57,  59,  62,  63,  64,
     65,  66,  67,  68,  69,  70,  71,  72,  73,  74,  75,  76,  77,  78,  79,  80,
     81,  82,  83,  84,  85,  86,  87,  89,  92,  93,  94,  98, 100, 108, 110, 111,
    114, 119, 120, 123, 124, 127, 128, 129, 134, 135, 136, 137, 146, 151, 152, 156,
    167, 169, 176, 177, 179, 180, 189, 190, 193, 194, 195, 196, 197, 198, 199, 200,
    201, 202, 203, 204, 205, 206, 207, 208, 209, 210, 211,   1,   6,   9,  12,  15,
     16,  17,  18,  19,  20,  21,  22,  23,  24,  59,  89,  98, 103, 104, 106, 108,
    174, 175, 176, 177, 179, 180, 182, 189, 190,   0,   1,   3,   6,   7,   8,   9,
     10,  11,  12,  13,  14,  15,  16,  17,  18,  19,  20,  21,  22,  23,  24,  25,
     26,  30,  32,  33,  34,  35,  36,  37,  38,  39,  40,  41,  42,  43,  44,  45,
     46,  47,  48,  49,  50,  51,  52,  53,  54,  55,  56,  57,  59,  62,  63,  64,
     65,  66,  67,  68,  69,  70,  71,  72,  73,  74,  75,  76,  77,  78,  79,  80,
     81,  82,  83,  84,  85,  86,  87,  88,  89,  91,  92,  93,  94,  98, 103, 104,
    106, 108, 109, 110, 111, 112, 113, 114, 115, 116, 117, 118, 119, 120, 121, 122,
    123, 124, 125, 126, 127, 128, 129, 130, 131, 132, 134, 135, 136, 137, 138, 139,
    140, 141, 142, 143, 144, 145, 146, 147, 148, 149, 150, 151, 152, 153, 154, 155,
    156, 157, 158, 159, 160, 161, 162, 163, 164, 166, 167, 168, 169, 170, 171, 172,
    173, 176, 177, 178, 179, 180, 181, 189, 190, 194, 199, 201, 207,   0,   1,   6,
      7,   8,   9,  12,  13,  14,  15,  16,  17,  18,  19,  20,  21,  22,  23,  24,
     25,  26,  30,  32,  33,  34,  35,  36,  37,  38,  39,  40,  41,  42,  43,  44,
     45,  46,  47,  48,  49,  50,  51,  52,  53,  54,  55,  56,  59,  62,  63,  64,
     65,  66,  67,  68,  69,  70,  71,  72,  73,  74,  75,  76,  77,  78,  79,  80,
     81,  82,  83,  84,  85,  86,  87,  89,  97,  98, 103, 104, 106, 107, 108, 174,
    175, 176, 177, 179, 180, 188, 189, 190,   0,   1,   2,   3,   4,   6,   7,   8,
      9,  10,  11,  12,  13,  14,  15,  16,  17,  18,  19,  20,  21,  22,  23,  24,
     25,  27,  28,  29,  30,  32,  33,  34,  35,  36,  37,  38,  39,  40,  41,  42,
     43,  44,  45,  46,  47,  48,  49,  50,  51,  52,  53,  54,  56,  57,  58,  59,
     60,  61,  62,  63,  64,  65,  66,  67,  68,  69,  70,  71,  73,  74,  75,  76,
     77,  78,  79,  80,  81,  82,  83,  84,  85,  86,  87,  89,  92,  93,  94,  95,
     98, 105, 108, 110, 111, 112, 113, 114, 115, 116, 117, 118, 119, 120, 121, 122,
    123, 125, 126, 127, 128, 129, 130, 131, 132, 134, 135, 136, 137, 138, 139, 140,
    141, 142, 143, 144, 145, 146, 147, 148, 149, 150, 151, 152, 153, 154, 155, 156,
    157, 158, 159, 160, 161, 162, 163, 164, 166, 167, 168, 169, 170, 171, 172, 173,
    174, 175, 176, 177, 178, 179, 180, 181, 184, 189, 190, 193, 194, 195, 197, 198,
    199, 200, 201, 202, 203, 204, 205, 206, 207, 208, 209, 210, 211,   0,   1,   2,
      3,   4,   5,   6,   7,   8,   9,  10,  11,  12,  13,  14,  15,  16,  17,  18,
     20,  21,  22,  25,  26,  27,  28,  29,  30,  32,  33,  34,  35,  36,  37,  38,
     39,  40,  41,  42,  43,  44,  45,  46,  47,  48,  49,  50,  51,  52,  53,  54,
     55,  56,  57,  58,  59,  60,  61,  63,  64,  65,  66,  68,  69,  70,  72,  73,
     77,  78,  81,  82,  83,  84,  85,  86,  87,  88,  89,  90,  92,  97, 100, 101,
    102, 103, 104, 105, 106, 108, 115, 118, 120, 124, 127, 133, 136, 139, 150, 152,
    156, 165, 168, 171, 174, 175, 177, 180, 182, 183, 184, 186, 187, 188, 190, 191,
    199,   0,   1,   2,   3,   4,   5,   6,   7,   8,   9,  10,  11,  12,  13,  14,
     15,  16,  17,  18,  19,  20,  21,  22,  23,  24,  25,  26,  27,  28,  29,  30,
     31,  32,  33,  34,  35,  36,  37,  38,  39,  40,  41,  42,  43,  44,  45,  46,
     47,  48,  49,  50,  51,  52,  53,  54,  55,  56,  57,  58,  59,  60,  61,  62,
     63,  64,  65,  66,  67,  68,  69,  70,  71,  72,  73,  74,  75,  76,  77,  78,
     79,  80,  81,  82,  83,  84,  85,  86,  87,  88,  89,  90,  92,  97,  98, 100,
    101, 102, 103, 104, 105, 106, 107, 108, 115, 118, 120, 124, 127, 133, 136, 139,
    147, 150, 152, 156, 159, 165, 168, 171, 174, 175, 176, 177, 179, 180, 182, 183,
    184, 186, 187, 188, 189, 190, 191, 199,   0,   1,   2,   3,   4,   5,   6,   7,
      8,   9,  10,  11,  12,  13,  14,  15,  16,  18,  19,  20,  21,  22,  24,  25,
     26,  27,  28,  29,  30,  31,  32,  33,  34,  37,  38,  39,  40,  41,  42,  43,
     44,  45,  46,  48,  49,  50,  51,  52,  53,  54,  55,  56,  57,  58,  59,  60,
     61,  62,  63,  64,  65,  66,  67,  68,  69,  70,  71,  72,  73,  74,  75,  76,
     77,  78,  79,  80,  81,  82,  84,  85,  86,  87,  88,  89,  90,  92,  97,  98,
    100, 101, 102, 103, 104, 105, 106, 107, 108, 115, 127, 133, 136, 139, 147, 150,
    152, 156, 159, 165, 168, 171, 174, 175, 176, 177, 179, 180, 182, 183, 184, 186,
    187, 188, 189, 190, 199,   0,   1,   2,   3,   4,   5,   6,   7,   8,   9,  10,
     11,  12,  13,  14,  15,  16,  17,  18,  19,  20,  21,  22,  23,  24,  25,  26,
     27,  28,  29,  30,  31,  33,  34,  35,  36,  37,  38,  39,  40,  41,  42,  43,
     44,  45,  47,  49,  51,  52,  53,  54,  55,  56,  57,  58,  59,  60,  61,  62,
     64,  65,  66,  67,  68,  69,  70,  71,  72,  73,  74,  75,  76,  77,  78,  79,
     80,  81,  82,  84,  85,  87,  88,  89,  90,  92,  97,  98, 100, 101, 102, 103,
    104, 105, 106, 107, 108, 118, 120, 124, 127, 133, 136, 139, 147, 150, 152, 156,
    159, 165, 168, 174, 175, 177, 180, 182, 183, 184, 186, 187, 188, 189, 190, 199,
      0,   1,   2,   3,   4,   6,   7,   8,   9,  10,  11,  12,  13,  14,  15,  16,
     17,  18,  20,  22,  23,  24,  25,  26,  27,  28,  29,  30,  31,  32,  33,  34,
     35,  36,  37,  39,  40,  41,  42,  43,  44,  45,  46,  47,  48,  49,  50,  51,
     52,  53,  54,  55,  56,  57,  58,  59,  60,  61,  63,  64,  66,  67,  69,  70,
     71,  72,  73,  74,  75,  77,  79,  80,  81,  82,  83,  84,  85,  86,  87,  88,
     89,  90,  92,  97,  98, 100, 101, 102, 103, 104, 105, 106, 107, 108, 115, 118,
    120, 124, 127, 133, 136, 139, 150, 152, 156, 159, 165, 168, 171, 174, 175, 176,
    177, 179, 180, 182, 183, 184, 186, 187, 188, 189, 190, 199,   0,   1,   2,   3,
      4,   5,   6,   7,   8,   9,  10,  11,  12,  13,  14,  15,  16,  17,  18,  19,
     20,  22,  24,  25,  26,  27,  28,  29,  30,  31,  32,  33,  34,  35,  36,  37,
     39,  40,  41,  42,  43,  44,  45,  46,  47,  48,  49,  50,  51,  53,  54,  55,
     56,  57,  58,  59,  60,  61,  63,  64,  67,  69,  70,  71,  72,  73,  74,  75,
     77,  79,  80,  81,  82,  83,  84,  85,  86,  87,  88,  89,  90,  92,  97,  98,
    100, 101, 102, 103, 104, 105, 106, 107, 108, 115, 118, 120, 124, 127, 133, 139,
    156, 159, 165, 168, 171, 174, 175, 176, 177, 179, 180, 182, 183, 184, 186, 187,
    188, 189, 190, 199,   0,   1,   2,   3,   4,   5,   6,   7,   8,   9,  10,  11,
     12,  13,  14,  16,  17,  18,  19,  20,  21,  22,  23,  24,  25,  26,  27,  28,
     29,  30,  31,  32,  33,  34,  35,  36,  37,  38,  39,  40,  41,  42,  43,  44,
     45,  46,  47,  48,  49,  50,  51,  52,  53,  54,  55,  56,  57,  58,  59,  60,
     61,  62,  63,  64,  65,  66,  67,  68,  69,  70,  71,  72,  73,  74,  75,  76,
     77,  78,  79,  80,  81,  82,  83,  84,  85,  86,  87,  88,  89,  90,  92,  97,
    100, 101, 102, 103, 104, 105, 106, 107, 108, 115, 118, 120, 124, 127, 133, 136,
    139, 147, 150, 152, 156, 159, 165, 168, 171, 174, 175, 176, 177, 179, 180, 182,
    183, 184, 186, 187, 188, 190, 199,   0,   1,   2,   3,   4,   5,   6,   7,   8,
      9,  10,  11,  12,  13,  14,  15,  16,  17,  18,  19,  20,  21,  22,  23,  24,
     25,  26,  27,  28,  29,  30,  31,  32,  33,  34,  36,  37,  38,  41,  42,  43,
     44,  45,  46,  47,  48,  49,  50,  51,  52,  53,  54,  55,  56,  57,  58,  59,
     60,  61,  62,  63,  64,  65,  66,  67,  68,  69,  70,  71,  72,  73,  74,  75,
     76,  77,  78,  79,  80,  81,  82,  83,  84,  85,  86,  87,  88,  89,  90,  92,
     97,  98, 100, 101, 102, 103, 104, 105, 106, 107, 108, 115, 118, 120, 124, 127,
    133, 136, 139, 147, 150, 152, 156, 159, 165, 168, 171, 174, 175, 176, 177, 179,
    180, 182, 183, 184, 186, 189, 190, 199,   0,   1,   2,   3,   4,   5,   6,   7,
      8,   9,  10,  11,  12,  13,  14,  16,  17,  18,  19,  20,  22,  23,  24,  25,
     26,  27,  28,  29,  30,  31,  32,  33,  34,  35,  36,  37,  39,  40,  41,  42,
     43,  44,  45,  46,  47,  48,  49,  50,  52,  53,  56,  58,  59,  60,  61,  62,
     63,  65,  68,  69,  71,  72,  73,  74,  75,  76,  78,  79,  80,  81,  83,  84,
     85,  87,  88,  89,  90,  92,  97,  98, 100, 101, 102, 103, 104, 105, 106, 107,
    108, 115, 118, 120, 124, 127, 133, 136, 139, 147, 156, 159, 165, 174, 175, 177,
    180, 182, 183, 184, 186, 187, 188, 189, 190, 199,   0,   1,   2,   3,   4,   5,
      6,   7,   8,   9,  10,  11,  12,  13,  14,  15,  16,  17,  18,  19,  20,  21,
     22,  23,  24,  25,  26,  27,  28,  29,  30,  31,  32,  33,  34,  35,  36,  37,
     38,  39,  40,  41,  42,  43,  44,  45,  46,  47,  48,  49,  50,  51,  52,  53,
     54,  55,  56,  57,  58,  59,  60,  61,  62,  63,  64,  65,  66,  67,  68,  69,
     70,  72,  73,  74,  75,  76,  78,  79,  81,  82,  83,  84,  85,  86,  87,  88,
     89,  90,  92,  97,  98, 100, 101, 102, 103, 104, 105, 106, 107, 108, 115, 118,
    120, 124, 127, 133, 136, 139, 147, 150, 152, 156, 165, 168, 171, 174, 175, 177,
    180, 182, 183, 184, 186, 189, 190, 199,   1,   6,   7,   8,   9,  15,  16,  17,
     18,  19,  20,  21,  22,  23,  24,  32,  33,  34,  35,  36,  37,  38,  39,  40,
     41,  42,  43,  45,  46,  47,  48,  49,  51,  52,  53,  54,  55,  56,  57,  59,
     62,  63,  64,  65,  66,  67,  68,  69,  70,  71,  72,  73,  74,  75,  76,  77,
     78,  79,  82,  83,  84,  85,  86,  88,  89,  98, 103, 104, 106, 108, 174, 175,
    176, 177, 179, 180, 189, 190,   1,   6,   8,   9,  12,  15,  16,  17,  18,  19,
     20,  21,  22,  23,  24,  59,  89,  98, 103, 104, 106, 108, 174, 175, 176, 177,
    179, 180, 182, 189, 190,   1,   6,   7,   8,  12,  15,  16,  17,  18,  19,  20,
     21,  22,  23,  24,  27,  29,  32,  33,  34,  35,  36,  37,  38,  39,  40,  41,
     42,  43,  44,  45,  46,  47,  48,  49,  50,  51,  52,  53,  54,  55,  56,  57,
     62,  63,  64,  65,  66,  67,  68,  69,  70,  71,  72,  73,  74,  75,  76,  77,
     78,  79,  80,  81,  82,  83,  84,  85,  86,  87,   1,   3,   6,   7,   8,  10,
     11,  12,  13,  15,  16,  17,  18,  19,  20,  21,  22,  23,  24,  28,  32,  33,
     34,  35,  36,  37,  38,  39,  40,  41,  42,  43,  44,  45,  46,  47,  48,  49,
     50,  51,  52,  53,  54,  55,  56,  57,  59,  62,  63,  64,  65,  66,  67,  68,
     69,  70,  71,  72,  73,  74,  75,  76,  77,  78,  79,  80,  81,  82,  83,  84,
     85,  86,  87,  92,  93,  94, 102, 176, 177, 179, 180, 193, 194, 195, 196, 197,
    198, 199, 200, 201, 202, 203, 204, 205, 206, 207, 208, 209, 210, 211,   1,   6,
      7,   8,  12,  15,  16,  17,  18,  19,  20,  21,  22,  23,  24,  27,  29,  32,
     33,  34,  35,  36,  37,  38,  39,  40,  41,  42,  43,  44,  45,  46,  47,  48,
     49,  50,  51,  52,  53,  54,  55,  56,  57,  59,  62,  63,  64,  65,  66,  67,
     68,  69,  70,  71,  72,  73,  74,  75,  76,  77,  78,  79,  80,  81,  82,  83,
     84,  85,  86,  87,   0,   1,   6,   7,   8,   9,  11,  12,  13,  14,  25,  26,
     30,  32,  33,  34,  35,  36,  37,  39,  40,  41,  42,  43,  44,  45,  46,  47,
     48,  49,  50,  51,  52,  53,  54,  55,  56,  57,  59,  62,  63,  64,  65,  66,
     68,  69,  71,  72,  73,  74,  75,  76,  77,  78,  79,  80,  81,  82,  83,  84,
     85,  86,  87,  89,  98, 103, 104, 106, 108, 109, 174, 175, 176, 177, 179, 180,
    189, 190,   1,   6,   8,   9,  12,  15,  16,  17,  18,  19,  20,  22,  23,  24,
     32,  33,  34,  35,  36,  37,  38,  39,  40,  41,  42,  43,  44,  45,  46,  47,
     48,  49,  50,  51,  52,  53,  54,  55,  56,  57,  59,  61,  62,  64,  65,  66,
     67,  68,  69,  70,  71,  72,  73,  74,  75,  76,  77,  78,  79,  80,  81,  82,
     83,  84,  85,  86,  87,  98, 108, 176, 177, 179, 180, 189, 190,   0,   1,   2,
      3,   5,   6,   7,   8,   9,  10,  11,  12,  13,  14,  15,  16,  17,  18,  19,
     20,  21,  22,  23,  24,  25,  26,  27,  28,  29,  30,  32,  33,  34,  35,  36,
     37,  38,  39,  40,  41,  42,  43,  44,  45,  46,  47,  48,  49,  50,  51,  52,
     53,  54,  55,  56,  57,  58,  59,  60,  61,  62,  63,  65,  66,  67,  68,  69,
     70,  71,  72,  73,  74,  75,  76,  77,  78,  79,  80,  81,  82,  83,  84,  85,
     86,  87,  89,  90,  97,  98,  99, 100, 102, 103, 104, 106, 107, 108, 110, 111,
    112, 113, 114, 115, 116, 117, 118, 119, 120, 121, 122, 123, 124, 125, 126, 127,
    128, 129, 130, 131, 132, 133, 134, 135, 136, 137, 138, 139, 140, 141, 142, 143,
    144, 146, 147, 150, 151, 152, 153, 154, 155, 156, 157, 158, 159, 160, 161, 162,
    164, 165, 167, 168, 169, 170, 171, 172, 173, 174, 175, 176, 177, 179, 180, 182,
    183, 184, 185, 189, 190,   0,   1,   2,   3,   5,   6,   7,   8,   9,  10,  11,
     12,  13,  14,  15,  16,  17,  18,  19,  20,  21,  22,  23,  24,  25,  26,  27,
     28,  29,  30,  31,  32,  33,  34,  35,  36,  37,  38,  39,  40,  41,  42,  43,
     45,  46,  47,  48,  49,  50,  51,  52,  53,  54,  55,  56,  58,  59,  60,  61,
     62,  63,  64,  65,  66,  67,  68,  69,  70,  71,  72,  74,  75,  76,  77,  78,
     79,  80,  81,  83,  84,  87,  89,  90,  98,  99, 100, 103, 104, 106, 107, 108,
    110, 111, 112, 113, 114, 115, 116, 117, 118, 119, 120, 121, 122, 123, 124, 125,
    126, 127, 128, 129, 130, 131, 132, 133, 134, 135, 136, 137, 138, 139, 140, 141,
    142, 143, 144, 145, 146, 147, 148, 149, 150, 151, 152, 153, 155, 156, 157, 160,
    161, 162, 163, 164, 166, 174, 175, 177, 180, 182, 183, 184, 185, 189, 190, 191,
      0,   1,   2,   3,   6,   7,   8,   9,  10,  11,  12,  13,  14,  15,  16,  17,
     18,  19,  20,  21,  22,  24,  25,  26,  27,  28,  29,  30,  31,  32,  34,  38,
     41,  44,  46,  48,  49,  50,  51,  52,  53,  54,  55,  56,  57,  58,  59,  60,
     61,  62,  63,  64,  65,  66,  67,  68,  69,  70,  71,  72,  73,  74,  75,  76,
     77,  78,  79,  80,  81,  82,  83,  84,  86,  87,  89,  90,  98, 100, 102, 103,
    104, 106, 107, 108, 110, 111, 112, 113, 114, 115, 116, 117, 128, 129, 130, 131,
    132, 133, 134, 135, 136, 137, 138, 139, 142, 143, 144, 145, 146, 147, 148, 150,
    151, 152, 153, 154, 155, 156, 159, 160, 161, 162, 163, 164, 166, 167, 168, 169,
    170, 171, 174, 175, 177, 180, 182, 184, 185, 189, 190, 191,   0,   1,   2,   3,
      6,   7,   8,   9,  10,  11,  12,  13,  14,  15,  16,  17,  18,  19,  20,  21,
     22,  23,  24,  25,  26,  27,  28,  29,  30,  31,  32,  33,  34,  35,  36,  37,
     38,  39,  40,  41,  42,  43,  44,  45,  46,  47,  48,  49,  50,  53,  54,  55,
     56,  57,  58,  59,  60,  61,  62,  63,  64,  65,  66,  67,  68,  70,  71,  74,
     75,  76,  77,  78,  79,  80,  81,  82,  83,  84,  85,  86,  87,  89,  90,  97,
     99, 100, 102, 103, 104, 106, 108, 110, 111, 112, 113, 114, 115, 116, 117, 118,
    119, 120, 121, 122, 123, 124, 125, 126, 127, 128, 129, 130, 131, 132, 133, 134,
    139, 140, 142, 143, 144, 145, 146, 147, 148, 149, 150, 151, 152, 153, 154, 155,
    156, 157, 159, 160, 161, 162, 163, 164, 166, 167, 168, 169, 170, 171, 173, 174,
    175, 177, 180, 182, 184, 190, 191,   0,   1,   2,   3,   6,   7,   8,   9,  10,
     11,  12,  14,  15,  16,  17,  18,  19,  20,  21,  22,  23,  24,  26,  27,  28,
     29,  30,  31,  32,  34,  35,  37,  38,  39,  41,  42,  44,  46,  48,  50,  51,
     52,  53,  54,  55,  56,  57,  58,  59,  60,  61,  63,  66,  67,  69,  70,  71,
     72,  73,  74,  75,  76,  77,  79,  80,  81,  82,  83,  84,  85,  86,  89,  90,
     98,  99, 100, 103, 104, 106, 107, 108, 110, 111, 112, 113, 114, 115, 116, 117,
    126, 128, 129, 130, 131, 132, 133, 134, 135, 136, 137, 138, 139, 140, 141, 149,
    150, 151, 152, 153, 155, 156, 158, 159, 160, 161, 162, 164, 167, 168, 169, 170,
    171, 172, 173, 174, 175, 176, 177, 179, 180, 182, 184, 185, 189, 190, 191,   0,
      1,   2,   3,   5,   6,   7,   8,   9,  10,  11,  12,  13,  14,  15,  16,  17,
     19,  20,  21,  22,  23,  24,  25,  26,  27,  28,  29,  30,  31,  32,  33,  34,
     35,  36,  37,  38,  39,  40,  41,  42,  43,  44,  45,  46,  47,  48,  49,  50,
     51,  52,  53,  54,  56,  59,  60,  61,  62,  63,  64,  65,  66,  67,  68,  69,
     70,  71,  72,  73,  74,  75,  76,  77,  78,  79,  80,  81,  82,  83,  84,  85,
     86,  87,  89,  90,  97,  98, 100, 103, 104, 106, 107, 108, 110, 111, 112, 113,
    114, 115, 116, 117, 118, 119, 120, 121, 122, 123, 124, 125, 126, 127, 128, 129,
    130, 131, 132, 133, 134, 135, 136, 137, 138, 139, 140, 142, 143, 144, 145, 146,
    147, 148, 150, 151, 152, 153, 154, 155, 156, 157, 160, 161, 162, 163, 164, 166,
    167, 168, 169, 170, 171, 173, 174, 175, 176, 177, 179, 180, 182, 184, 185, 189,
    190, 191,   0,   1,   2,   3,   5,   6,   7,   8,   9,  10,  11,  12,  13,  14,
     15,  16,  17,  18,  19,  20,  21,  22,  24,  25,  26,  27,  28,  29,  30,  31,
     32,  33,  34,  35,  36,  37,  38,  39,  40,  41,  42,  43,  45,  46,  47,  48,
     49,  50,  51,  52,  53,  54,  55,  56,  58,  59,  60,  61,  62,  63,  64,  65,
     66,  67,  68,  69,  70,  71,  72,  73,  74,  75,  76,  77,  78,  79,  80,  81,
     82,  83,  84,  85,  86,  87,  89,  90,  98,  99, 100, 103, 104, 106, 108, 110,
    111, 112, 113, 114, 115, 116, 117, 118, 119, 120, 121, 122, 123, 124, 125, 126,
    127, 128, 129, 130, 131, 132, 133, 134, 135, 136, 137, 138, 139, 140, 142, 143,
    144, 145, 146, 147, 148, 150, 151, 152, 153, 155, 156, 157, 160, 161, 162, 163,
    164, 166, 167, 168, 169, 170, 171, 173, 174, 175, 176, 177, 179, 180, 182, 183,
    184, 185, 189, 190, 191,   1,   2,   5,   6,   7,   8,   9,  10,  11,  12,  13,
     14,  15,  16,  17,  19,  20,  21,  22,  23,  24,  25,  26,  27,  28,  29,  30,
     31,  32,  34,  36,  38,  41,  44,  46,  47,  48,  51,  52,  53,  54,  55,  56,
     57,  58,  59,  60,  61,  62,  63,  64,  65,  66,  67,  68,  70,  71,  73,  74,
     75,  76,  77,  78,  79,  80,  81,  82,  83,  84,  86,  87,  89,  90,  98,  99,
    100, 102, 103, 104, 106, 107, 108, 110, 111, 112, 113, 114, 115, 116, 117, 118,
    119, 120, 121, 126, 128, 129, 130, 131, 132, 133, 134, 135, 136, 137, 138, 139,
    142, 143, 144, 145, 146, 147, 148, 149, 150, 151, 152, 153, 154, 155, 156, 157,
    159, 160, 161, 162, 163, 164, 166, 167, 168, 169, 170, 171, 173, 174, 175, 176,
    177, 179, 180, 182, 183, 184, 185, 189, 190, 191,   0,   1,   2,   3,   5,   6,
      7,   8,   9,  10,  11,  12,  13,  14,  15,  16,  17,  18,  19,  20,  21,  22,
     23,  24,  25,  26,  27,  28,  29,  30,  31,  32,  33,  34,  36,  38,  39,  40,
     41,  44,  45,  46,  47,  48,  49,  53,  54,  55,  56,  57,  58,  59,  60,  61,
     62,  64,  65,  66,  67,  68,  69,  70,  71,  72,  73,  74,  75,  76,  77,  78,
     79,  80,  81,  82,  83,  84,  85,  86,  87,  89,  90,  97,  98,  99, 100, 103,
    104, 106, 107, 108, 110, 111, 112, 113, 114, 115, 116, 117, 118, 119, 120, 121,
    122, 123, 124, 125, 127, 128, 129, 130, 131, 132, 133, 134, 139, 140, 141, 142,
    143, 144, 146, 148, 149, 150, 151, 152, 153, 154, 155, 156, 158, 159, 160, 161,
    162, 163, 164, 166, 167, 168, 170, 171, 174, 175, 177, 180, 182, 183, 184, 185,
    189, 190, 191,   0,   1,   2,   3,   5,   6,   7,   8,   9,  10,  11,  12,  13,
     14,  15,  16,  17,  18,  19,  20,  21,  22,  23,  24,  25,  26,  27,  28,  29,
     30,  31,  32,  33,  34,  35,  36,  37,  38,  39,  40,  41,  42,  43,  44,  45,
     46,  47,  48,  49,  50,  53,  54,  55,  56,  57,  58,  59,  60,  61,  62,  63,
     64,  65,  66,  67,  68,  69,  70,  71,  72,  73,  74,  75,  76,  77,  78,  79,
     80,  81,  82,  83,  84,  85,  86,  87,  89,  90,  98, 100, 103, 104, 106, 108,
    110, 111, 112, 113, 114, 115, 117, 118, 119, 120, 121, 122, 123, 124, 125, 126,
    127, 128, 129, 130, 131, 132, 134, 139, 141, 142, 143, 144, 145, 146, 147, 148,
    150, 151, 152, 153, 154, 155, 156, 157, 159, 160, 161, 162, 163, 164, 166, 167,
    168, 169, 170, 171, 174, 175, 176, 177, 179, 180, 182, 184, 185, 189, 190, 191,
      0,   1,   2,   3,   5,   6,   7,   8,   9,  10,  11,  12,  13,  14,  15,  16,
     17,  18,  19,  20,  21,  22,  23,  24,  25,  26,  27,  28,  29,  30,  31,  32,
     33,  34,  35,  36,  37,  38,  39,  40,  42,  43,  44,  45,  46,  47,  48,  49,
     50,  51,  52,  53,  54,  55,  56,  57,  58,  59,  60,  61,  62,  63,  64,  65,
     66,  67,  68,  69,  70,  71,  72,  74,  75,  76,  77,  78,  79,  80,  81,  82,
     83,  84,  85,  86,  87,  89,  90,  98,  99, 100, 103, 104, 106, 108, 110, 111,
    112, 113, 114, 115, 116, 117, 118, 119, 120, 121, 122, 123, 124, 125, 126, 127,
    128, 129, 130, 131, 132, 133, 134, 135, 136, 137, 138, 139, 140, 142, 143, 144,
    145, 146, 147, 148, 149, 150, 151, 152, 153, 154, 155, 156, 159, 160, 161, 162,
    163, 164, 165, 166, 167, 168, 169, 170, 171, 173, 174, 175, 176, 177, 179, 180,
    182, 185, 189, 190, 191,   0,   1,   2,   3,   5,   6,   7,   8,   9,  10,  12,
     13,  14,  15,  16,  18,  19,  20,  21,  22,  23,  24,  25,  26,  27,  28,  29,
     30,  32,  34,  35,  37,  38,  39,  40,  41,  42,  43,  44,  46,  48,  50,  51,
     52,  53,  54,  55,  56,  57,  58,  59,  60,  61,  62,  63,  64,  65,  66,  67,
     68,  69,  70,  71,  72,  73,  74,  75,  76,  77,  78,  79,  80,  81,  82,  83,
     84,  85,  86,  89,  90,  97,  98,  99, 100, 103, 104, 106, 107, 108, 110, 111,
    112, 113, 114, 115, 116, 117, 122, 123, 124, 125, 126, 128, 129, 130, 131, 132,
    133, 134, 135, 136, 137, 138, 139, 140, 142, 143, 144, 145, 146, 147, 148, 150,
    151, 152, 153, 154, 155, 156, 157, 159, 160, 161, 162, 163, 164, 166, 167, 168,
    169, 170, 171, 173, 174, 175, 176, 177, 179, 180, 182, 184, 185, 189, 190, 191,
      0,   1,   2,   3,   5,   6,   7,   8,   9,  10,  11,  12,  13,  14,  15,  16,
     19,  20,  21,  22,  23,  24,  26,  27,  28,  29,  30,  31,  32,  33,  34,  35,
     36,  37,  38,  39,  40,  41,  42,  43,  44,  45,  46,  47,  48,  49,  50,  51,
     52,  53,  54,  55,  57,  58,  59,  60,  61,  62,  63,  64,  65,  66,  67,  68,
     69,  70,  71,  73,  74,  75,  76,  77,  78,  79,  80,  81,  82,  83,  84,  85,
     86,  89,  90,  97,  98,  99, 100, 102, 103, 104, 106, 107, 108, 110, 111, 112,
    113, 114, 115, 116, 117, 118, 119, 120, 121, 122, 123, 124, 125, 126, 127, 128,
    129, 130, 131, 132, 133, 134, 135, 136, 137, 138, 140, 142, 143, 144, 145, 146,
    147, 148, 149, 150, 151, 152, 153, 154, 155, 156, 157, 159, 160, 161, 162, 163,
    164, 166, 167, 168, 169, 170, 171, 172, 173, 174, 175, 176, 177, 179, 180, 182,
    184, 185, 189, 190,   0,   1,   2,   3,   5,   6,   7,   8,   9,  10,  11,  12,
     13,  14,  15,  16,  17,  18,  19,  20,  21,  22,  23,  24,  25,  26,  27,  28,
     29,  30,  31,  32,  34,  38,  41,  44,  46,  48,  50,  51,  52,  53,  54,  55,
     56,  58,  59,  60,  61,  62,  64,  65,  66,  67,  68,  70,  71,  74,  75,  76,
     77,  78,  79,  80,  81,  82,  83,  85,  86,  87,  89,  90,  97,  98,  99, 100,
    101, 102, 103, 104, 106, 107, 108, 110, 111, 112, 113, 114, 115, 116, 117, 128,
    129, 130, 131, 132, 133, 134, 135, 136, 137, 138, 139, 142, 143, 144, 145, 146,
    147, 148, 149, 150, 151, 152, 153, 154, 155, 156, 157, 159, 160, 161, 162, 163,
    164, 165, 166, 167, 168, 169, 170, 171, 174, 175, 176, 177, 179, 180, 182, 184,
    185, 189, 190, 191,   0,   1,   2,   3,   5,   6,   7,   8,   9,  10,  11,  12,
     13,  14,  15,  16,  17,  18,  20,  21,  22,  24,  25,  26,  27,  28,  29,  30,
     31,  32,  33,  34,  35,  36,  37,  38,  39,  40,  41,  42,  43,  44,  45,  46,
     47,  48,  49,  50,  51,  52,  53,  54,  55,  56,  57,  58,  59,  60,  61,  62,
     64,  65,  67,  68,  69,  71,  72,  73,  74,  75,  76,  78,  79,  80,  81,  82,
     83,  84,  86,  87,  89,  90,  99, 100, 103, 104, 106, 107, 108, 110, 111, 112,
    113, 114, 115, 116, 117, 118, 119, 120, 121, 122, 123, 124, 125, 127, 128, 129,
    130, 131, 132, 133, 134, 135, 136, 137, 138, 139, 140, 141, 142, 143, 144, 145,
    146, 149, 156, 157, 158, 159, 160, 161, 162, 163, 164, 166, 167, 168, 169, 170,
    171, 173, 174, 175, 176, 177, 179, 180, 182, 184, 185, 190, 191,   0,   1,   2,
      3,   5,   6,   7,   8,   9,  10,  11,  12,  13,  14,  15,  16,  17,  18,  19,
     20,  22,  23,  24,  25,  26,  27,  28,  29,  30,  31,  32,  33,  34,  35,  36,
     37,  38,  39,  40,  41,  42,  43,  44,  45,  46,  47,  48,  49,  50,  51,  52,
     53,  54,  55,  56,  57,  58,  59,  60,  61,  62,  63,  64,  65,  66,  67,  68,
     69,  70,  71,  72,  73,  74,  75,  76,  77,  78,  79,  80,  81,  82,  83,  84,
     85,  86,  89,  90,  98,  99, 100, 102, 103, 104, 106, 107, 108, 110, 111, 112,
    113, 114, 115, 116, 117, 118, 119, 120, 121, 122, 123, 124, 125, 127, 128, 129,
    130, 131, 132, 133, 134, 135, 136, 137, 138, 139, 140, 142, 143, 144, 145, 146,
    147, 148, 149, 150, 151, 152, 153, 154, 155, 156, 157, 159, 160, 161, 162, 163,
    164, 166, 167, 168, 169, 170, 171, 173, 174, 175, 176, 177, 179, 180, 182, 184,
    185, 189, 190, 191,   0,   1,   2,   3,   5,   6,   7,   8,   9,  10,  11,  12,
     13,  14,  15,  16,  17,  18,  20,  21,  22,  24,  25,  26,  27,  28,  29,  30,
     31,  32,  33,  34,  35,  36,  37,  38,  39,  40,  42,  43,  44,  45,  46,  47,
     48,  49,  50,  51,  52,  53,  54,  55,  56,  57,  58,  59,  60,  61,  62,  64,
     65,  67,  69,  71,  72,  73,  76,  77,  78,  79,  80,  81,  82,  83,  84,  86,
     87,  89,  90, 100, 102, 103, 104, 106, 108, 110, 111, 112, 113, 114, 115, 116,
    117, 118, 119, 120, 121, 122, 123, 124, 125, 127, 128, 129, 130, 132, 133, 135,
    136, 137, 138, 139, 140, 142, 143, 144, 146, 149, 156, 157, 161, 162, 164, 167,
    168, 169, 170, 172, 174, 175, 176, 177, 179, 180, 182, 184, 185, 190,   0,   1,
      2,   3,   5,   6,   7,   8,   9,  10,  11,  12,  13,  14,  15,  16,  17,  19,
     20,  21,  22,  23,  24,  25,  26,  27,  28,  29,  30,  31,  32,  33,  34,  35,
     36,  37,  38,  39,  40,  41,  42,  43,  44,  45,  46,  47,  48,  49,  50,  51,
     52,  53,  54,  55,  56,  57,  58,  59,  60,  61,  62,  63,  64,  65,  66,  67,
     68,  70,  71,  76,  78,  80,  82,  84,  85,  86,  87,  89,  90,  97,  98,  99,
    100, 103, 104, 106, 107, 108, 110, 111, 112, 113, 114, 115, 116, 117, 118, 119,
    120, 121, 122, 123, 124, 125, 126, 127, 128, 129, 130, 131, 132, 133, 134, 135,
    136, 137, 138, 139, 140, 142, 143, 144, 145, 146, 147, 148, 150, 151, 152, 153,
    155, 156, 158, 160, 161, 162, 163, 164, 165, 166, 167, 168, 169, 170, 171, 172,
    173, 174, 175, 176, 177, 179, 180, 182, 185, 189, 190, 191,   0,   1,   2,   3,
      5,   6,   7,   8,   9,  10,  11,  12,  13,  14,  15,  16,  17,  18,  19,  20,
     21,  22,  23,  24,  25,  26,  27,  28,  29,  30,  31,  32,  33,  34,  37,  38,
     39,  41,  42,  43,  46,  48,  49,  50,  51,  52,  53,  54,  55,  57,  58,  59,
     60,  61,  62,  63,  64,  65,  66,  67,  68,  69,  70,  71,  73,  74,  75,  77,
     78,  79,  80,  81,  82,  83,  84,  85,  86,  87,  89,  90,  97,  98,  99, 100,
    102, 103, 104, 106, 108, 110, 111, 112, 113, 114, 115, 116, 117, 128, 129, 130,
    131, 132, 133, 134, 135, 136, 137, 138, 140, 142, 143, 144, 145, 146, 147, 148,
    149, 150, 151, 152, 153, 154, 155, 156, 157, 159, 167, 168, 169, 170, 171, 173,
    174, 175, 177, 180, 182, 184, 185, 189, 190, 191,   1,   2,   3,   5,   6,   7,
      8,  10,  11,  12,  13,  14,  16,  18,  19,  20,  21,  22,  23,  24,  25,  26,
     27,  28,  29,  30,  31,  32,  33,  34,  35,  36,  37,  38,  39,  40,  41,  42,
     43,  44,  45,  46,  47,  48,  49,  50,  51,  52,  53,  54,  55,  56,  57,  58,
     59,  60,  61,  62,  63,  64,  65,  66,  67,  68,  70,  71,  72,  74,  75,  76,
     77,  78,  79,  80,  81,  82,  83,  84,  85,  86,  87,  89,  90,  97,  98,  99,
    100, 102, 103, 104, 106, 107, 108, 110, 111, 112, 113, 114, 115, 116, 117, 118,
    119, 120, 121, 122, 123, 124, 125, 126, 127, 128, 129, 130, 131, 132, 133, 134,
    135, 136, 137, 138, 139, 140, 142, 143, 144, 145, 146, 147, 148, 149, 150, 151,
    152, 153, 154, 156, 157, 160, 161, 162, 163, 164, 165, 166, 168, 169, 170, 171,
    174, 175, 176, 179, 182, 184, 185, 189, 190, 191,   0,   1,   2,   3,   5,   6,
      7,   8,   9,  10,  11,  12,  13,  14,  16,  17,  19,  20,  21,  22,  23,  24,
     25,  26,  27,  28,  29,  30,  31,  32,  34,  46,  48,  51,  52,  53,  54,  55,
     56,  58,  59,  60,  61,  62,  63,  64,  65,  66,  67,  68,  69,  70,  71,  72,
     73,  74,  75,  76,  77,  78,  79,  80,  81,  82,  83,  84,  85,  86,  87,  89,
     90,  97,  98,  99, 100, 103, 104, 106, 108, 110, 111, 112, 113, 114, 115, 116,
    117, 126, 128, 129, 130, 131, 132, 133, 134, 135, 136, 137, 138, 139, 141, 142,
    143, 144, 146, 147, 148, 149, 150, 151, 152, 153, 154, 155, 158, 159, 160, 161,
    162, 166, 170, 171, 174, 175, 176, 177, 179, 180, 182, 184, 185, 189, 190, 191,
      0,   1,   2,   3,   5,   6,   7,   8,   9,  10,  11,  12,  13,  14,  15,  16,
     17,  18,  19,  21,  22,  23,  25,  26,  27,  28,  29,  30,  31,  32,  33,  34,
     35,  36,  37,  38,  39,  40,  41,  42,  43,  44,  45,  46,  47,  48,  49,  51,
     52,  53,  54,  55,  56,  57,  58,  59,  60,  61,  62,  63,  64,  65,  66,  67,
     68,  69,  71,  72,  73,  74,  75,  76,  77,  78,  79,  80,  81,  82,  83,  85,
     86,  87,  89,  90,  97,  98, 100, 103, 104, 106, 107, 108, 110, 111, 112, 113,
    114, 115, 116, 117, 118, 119, 120, 121, 122, 123, 124, 125, 126, 127, 128, 129,
    130, 131, 132, 133, 134, 135, 136, 137, 138, 139, 140, 142, 143, 144, 145, 146,
    147, 148, 149, 150, 151, 152, 153, 154, 155, 156, 157, 160, 161, 162, 163, 164,
    166, 167, 168, 169, 170, 171, 173, 174, 175, 176, 177, 179, 180, 182, 184, 185,
    189, 190, 191,   0,   2,   3,   5,   7,   8,   9,  10,  11,  12,  13,  14,  16,
     17,  18,  19,  20,  21,  22,  24,  25,  26,  27,  28,  29,  30,  31,  32,  33,
     34,  35,  36,  37,  39,  40,  41,  42,  43,  44,  45,  46,  47,  48,  49,  50,
     51,  52,  53,  54,  55,  56,  57,  58,  59,  60,  61,  62,  63,  64,  65,  66,
     67,  68,  69,  70,  71,  72,  73,  74,  75,  76,  77,  78,  79,  80,  81,  82,
     83,  84,  85,  86,  87,  89,  90,  98,  99, 100, 102, 103, 104, 106, 108, 110,
    111, 112, 113, 114, 115, 116, 117, 118, 119, 120, 121, 122, 123, 124, 125, 127,
    128, 129, 130, 131, 132, 134, 135, 136, 137, 138, 139, 140, 142, 143, 144, 145,
    146, 147, 148, 150, 151, 152, 153, 154, 155, 156, 157, 160, 161, 162, 163, 164,
    166, 167, 168, 169, 170, 171, 173, 174, 175, 176, 177, 179, 180, 182, 184, 185,
    189, 190, 191,   0,   1,   2,   3,   5,   6,   7,   8,   9,  10,  11,  12,  13,
     14,  15,  16,  17,  18,  19,  20,  21,  22,  23,  24,  25,  26,  27,  28,  29,
     30,  31,  32,  33,  34,  35,  36,  37,  38,  39,  40,  41,  42,  43,  44,  45,
     46,  47,  48,  49,  50,  51,  52,  53,  54,  55,  56,  57,  58,  59,  60,  61,
     62,  63,  64,  65,  66,  67,  68,  69,  70,  71,  72,  73,  74,  75,  76,  77,
     78,  79,  80,  81,  82,  83,  84,  85,  86,  87,  89,  90,  98,  99, 100, 103,
    104, 106, 108, 110, 111, 112, 113, 114, 115, 116, 117, 118, 119, 120, 121, 122,
    123, 124, 125, 126, 127, 128, 129, 130, 131, 132, 133, 134, 135, 136, 137, 138,
    139, 140, 142, 143, 144, 145, 146, 150, 151, 152, 153, 154, 155, 156, 157, 159,
    160, 161, 162, 164, 167, 168, 169, 170, 174, 175, 176, 177, 179, 180, 182, 184,
    185, 189, 190,   0,   1,   2,   3,   5,   6,   7,   8,  10,  11,  12,  13,  14,
     15,  16,  18,  19,  21,  22,  23,  25,  26,  27,  28,  29,  30,  31,  32,  33,
     34,  35,  36,  37,  38,  39,  40,  41,  42,  43,  44,  45,  46,  47,  48,  49,
     51,  52,  53,  54,  55,  56,  57,  58,  59,  60,  61,  62,  63,  64,  65,  66,
     67,  68,  69,  71,  72,  74,  75,  76,  77,  78,  79,  80,  81,  82,  83,  84,
     85,  86,  87,  89,  90,  98,  99, 100, 103, 104, 106, 108, 110, 111, 112, 113,
    114, 115, 116, 117, 118, 119, 120, 121, 122, 123, 124, 125, 126, 127, 128, 129,
    130, 131, 132, 133, 134, 135, 136, 137, 138, 139, 140, 142, 143, 144, 146, 147,
    149, 150, 151, 152, 153, 154, 155, 156, 158, 159, 160, 161, 162, 164, 166, 167,
    168, 169, 170, 171, 174, 175, 176, 177, 179, 180, 182, 184, 185, 189, 190, 191,
      0,   1,   2,   3,   5,   6,   7,   8,   9,  10,  11,  12,  13,  14,  15,  16,
     17,  19,  20,  21,  22,  23,  24,  25,  26,  27,  28,  29,  30,  31,  32,  33,
     34,  35,  36,  37,  38,  39,  41,  42,  43,  44,  45,  46,  47,  48,  49,  50,
     51,  52,  53,  54,  55,  56,  57,  58,  59,  60,  61,  64,  67,  69,  70,  71,
     72,  73,  74,  75,  76,  77,  79,  80,  81,  82,  83,  84,  86,  89,  90,  98,
     99, 100, 102, 103, 104, 106, 108, 110, 111, 112, 113, 114, 115, 116, 117, 118,
    119, 120, 121, 127, 128, 129, 130, 131, 132, 134, 135, 136, 137, 138, 139, 154,
    155, 156, 161, 162, 165, 167, 168, 169, 170, 171, 173, 174, 175, 176, 177, 179,
    180, 182, 184, 185, 189, 190, 191,   0,   1,   2,   3,   4,   5,   6,   7,   9,
     10,  11,  12,  13,  14,  15,  16,  17,  18,  19,  20,  21,  22,  23,  24,  25,
     26,  27,  28,  30,  31,  32,  33,  34,  35,  36,  37,  38,  39,  40,  42,  43,
     44,  45,  46,  47,  48,  49,  50,  51,  52,  53,  54,  55,  56,  57,  58,  59,
     60,  61,  62,  63,  64,  65,  66,  67,  68,  69,  70,  71,  72,  73,  74,  75,
     76,  77,  78,  79,  80,  81,  82,  83,  84,  85,  86,  87,  88,  90,  91,  98,
    101, 102, 103, 104, 106, 108, 109, 110, 111, 112, 113, 114, 115, 116, 117, 118,
    119, 120, 121, 122, 123, 124, 126, 127, 128, 129, 130, 131, 132, 134, 135, 136,
    137, 138, 139, 140, 141, 142, 143, 144, 145, 146, 147, 148, 149, 150, 151, 152,
    153, 154, 155, 156, 158, 159, 160, 161, 162, 163, 164, 166, 167, 168, 169, 170,
    171, 172, 174, 175, 176, 177, 179, 180, 181, 184, 189, 190, 191, 199,   1,   6,
      8,   9,  15,  16,  17,  18,  19,  20,  21,  22,  23,  24,  32,  33,  34,  35,
     36,  37,  38,  39,  40,  41,  42,  43,  45,  46,  47,  48,  49,  50,  51,  52,
     53,  54,  55,  56,  58,  59,  61,  62,  63,  64,  65,  66,  67,  68,  69,  70,
     71,  72,  73,  74,  75,  76,  77,  78,  79,  80,  81,  82,  83,  84,  85,  86,
     87,  98, 108, 176, 177, 179, 180, 189, 190,   0,   1,   6,   7,   8,   9,  11,
     12,  13,  14,  15,  16,  17,  18,  19,  20,  21,  22,  23,  24,  26,  30,  32,
     33,  34,  35,  36,  37,  38,  39,  40,  41,  42,  43,  44,  45,  46,  47,  48,
     49,  50,  51,  52,  53,  54,  55,  56,  57,  59,  62,  63,  64,  65,  66,  67,
     68,  69,  70,  71,  72,  73,  74,  75,  76,  77,  78,  79,  80,  81,  82,  83,
     84,  85,  86,  87, 108, 177, 180, 190,   1,   6,   7,   8,   9,  11,  13,  14,
     15,  16,  17,  18,  19,  20,  21,  22,  23,  24,  25,  26,  32,  33,  34,  35,
     36,  37,  38,  39,  40,  41,  42,  43,  44,  45,  46,  47,  48,  49,  50,  51,
     52,  53,  54,  55,  56,  57,  59,  61,  62,  63,  64,  65,  66,  67,  68,  69,
     70,  71,  72,  73,  74,  75,  76,  77,  78,  79,  80,  81,  82,  83,  84,  85,
     86,  87, 114, 121, 127, 129, 132, 141, 146, 161, 164, 180,   0,   1,   2,   3,
      5,   6,   7,   8,   9,  10,  11,  12,  13,  14,  15,  16,  18,  19,  20,  21,
     22,  23,  24,  25,  27,  28,  29,  30,  32,  33,  34,  35,  36,  37,  38,  39,
     40,  41,  42,  43,  44,  45,  46,  47,  48,  49,  50,  51,  52,  53,  54,  55,
     56,  57,  58,  59,  60,  61,  62,  63,  64,  65,  66,  67,  68,  70,  71,  72,
     74,  75,  76,  77,  78,  79,  80,  81,  84,  85,  86,  87,  89,  90,  97,  98,
     99, 100, 102, 103, 104, 106, 107, 108, 111, 112, 113, 114, 116, 117, 118, 119,
    123, 124, 125, 127, 132, 133, 139, 141, 142, 143, 144, 145, 146, 147, 148, 149,
    150, 151, 152, 153, 154, 155, 156, 157, 158, 159, 160, 161, 162, 163, 164, 165,
    166, 171, 172, 173, 174, 175, 176, 177, 179, 180, 182, 183, 184, 185, 189, 190,
    191,   0,   1,   2,   3,   6,   7,   8,   9,  10,  11,  12,  13,  14,  16,  17,
     18,  19,  20,  22,  23,  24,  25,  26,  27,  28,  29,  30,  31,  32,  33,  34,
     35,  36,  37,  38,  39,  40,  41,  42,  43,  44,  45,  46,  47,  48,  49,  50,
     51,  52,  53,  54,  55,  56,  57,  58,  59,  60,  61,  63,  64,  66,  67,  69,
     70,  71,  72,  73,  74,  75,  77,  79,  80,  82,  83,  84,  85,  87,  89,  90,
     99, 100, 103, 104, 106, 108, 111, 118, 119, 133, 136, 137, 149, 150, 151, 152,
    153, 154, 155, 156, 157, 159, 167, 168, 169, 170, 172, 174, 175, 176, 177, 179,
    180, 182, 183, 184, 185, 190,   0,   1,   2,   5,   6,   7,   8,   9,  10,  11,
     12,  13,  14,  15,  16,  17,  18,  19,  20,  21,  22,  23,  24,  26,  27,  28,
     29,  30,  31,  32,  33,  34,  35,  36,  37,  38,  39,  40,  41,  42,  43,  44,
     45,  46,  47,  48,  49,  50,  51,  52,  53,  54,  55,  56,  57,  58,  59,  60,
     61,  62,  63,  64,  65,  66,  67,  68,  69,  70,  71,  72,  73,  74,  75,  76,
     77,  78,  79,  80,  82,  83,  84,  85,  86,  87,  89,  90,  98, 100, 103, 104,
    106, 108, 115, 117, 119, 120, 122, 124, 130, 133, 135, 136, 142, 143, 144, 145,
    146, 147, 148, 149, 150, 151, 152, 153, 154, 155, 156, 157, 158, 159, 160, 161,
    162, 163, 164, 166, 167, 168, 169, 170, 171, 172, 173, 174, 175, 176, 177, 179,
    180, 182, 184, 185, 189, 190, 191,   0,   1,   2,   3,   5,   6,   7,   8,   9,
     10,  11,  12,  14,  15,  16,  18,  19,  20,  21,  22,  24,  25,  26,  27,  28,
     29,  30,  31,  32,  34,  38,  41,  44,  46,  48,  50,  51,  52,  53,  54,  55,
     57,  58,  59,  60,  61,  62,  63,  64,  65,  66,  67,  68,  71,  76,  77,  78,
     80,  81,  82,  84,  85,  86,  87,  89,  90,  98,  99, 100, 103, 104, 106, 108,
    111, 114, 132, 133, 138, 141, 142, 143, 144, 145, 146, 147, 148, 149, 150, 151,
    152, 153, 154, 156, 157, 158, 160, 161, 162, 163, 164, 166, 167, 168, 169, 170,
    171, 172, 174, 175, 177, 180, 182, 184, 185, 189, 190, 191,   0,   1,   2,   3,
      5,   6,   7,   8,   9,  10,  11,  12,  13,  14,  15,  16,  17,  18,  19,  20,
     21,  22,  23,  24,  26,  27,  28,  29,  30,  31,  32,  33,  34,  35,  36,  37,
     39,  40,  41,  42,  43,  44,  45,  46,  47,  48,  49,  50,  51,  52,  53,  54,
     55,  56,  57,  58,  59,  60,  61,  62,  63,  64,  65,  66,  67,  68,  69,  70,
     71,  72,  73,  74,  75,  76,  77,  78,  79,  80,  81,  82,  83,  84,  85,  86,
     87,  89,  90,  98,  99, 100, 103, 104, 106, 108, 111, 112, 115, 116, 117, 119,
    120, 121, 122, 123, 124, 125, 127, 129, 138, 139, 141, 142, 143, 144, 145, 146,
    147, 148, 149, 150, 151, 152, 153, 154, 155, 156, 157, 158, 159, 160, 161, 162,
    163, 164, 166, 167, 168, 169, 170, 171, 172, 173, 174, 175, 176, 177, 179, 180,
    182, 184, 185, 189, 190, 191,   0,   2,   3,   5,   7,   8,   9,  10,  11,  12,
     13,  14,  16,  17,  18,  19,  20,  21,  22,  23,  24,  25,  26,  27,  28,  29,
     30,  31,  32,  33,  34,  36,  38,  40,  41,  42,  43,  45,  46,  47,  48,  49,
     50,  51,  52,  53,  54,  55,  56,  58,  59,  60,  61,  62,  63,  64,  65,  66,
     67,  68,  69,  70,  71,  72,  73,  74,  75,  76,  77,  78,  79,  80,  81,  82,
     83,  84,  85,  86,  87,  89,  90,  97,  98, 100, 103, 106, 107, 108, 118, 120,
    132, 141, 142, 143, 144, 145, 146, 147, 148, 149, 150, 151, 152, 153, 154, 156,
    157, 158, 159, 160, 161, 162, 163, 164, 166, 167, 168, 169, 170, 171, 172, 174,
    175, 176, 177, 179, 180, 182, 184, 185, 189, 190, 191,   0,   1,   2,   3,   5,
      6,   7,   8,   9,  10,  11,  12,  13,  15,  16,  17,  18,  19,  20,  21,  22,
     23,  24,  25,  26,  27,  28,  29,  30,  31,  32,  33,  35,  36,  37,  38,  39,
     40,  41,  42,  43,  44,  45,  47,  49,  50,  51,  52,  53,  54,  55,  56,  57,
     58,  59,  60,  61,  63,  64,  66,  67,  69,  71,  72,  73,  74,  75,  77,  79,
     80,  81,  82,  83,  84,  85,  86,  87,  89,  90,  98,  99, 100, 103, 104, 106,
    108, 114, 118, 119, 120, 123, 124, 133, 138, 149, 150, 151, 152, 153, 156, 159,
    167, 168, 169, 170, 171, 172, 173, 174, 175, 176, 177, 179, 180, 182, 184, 185,
    189, 190, 191,   0,   1,   2,   5,   6,   7,   8,   9,  10,  11,  12,  13,  14,
     15,  16,  17,  18,  19,  20,  21,  22,  23,  24,  26,  27,  28,  29,  30,  31,
     32,  33,  34,  35,  36,  37,  38,  39,  40,  41,  42,  43,  44,  45,  46,  47,
     48,  49,  50,  51,  52,  53,  54,  55,  56,  57,  58,  59,  60,  61,  62,  63,
     64,  65,  66,  67,  68,  69,  70,  71,  72,  73,  74,  75,  76,  78,  79,  80,
     81,  82,  83,  84,  86,  89,  90,  98,  99, 100, 103, 104, 106, 108, 111, 114,
    118, 119, 120, 122, 123, 124, 127, 129, 133, 136, 141, 142, 143, 144, 145, 146,
    147, 148, 149, 150, 151, 152, 153, 154, 155, 156, 157, 158, 159, 160, 161, 162,
    163, 164, 166, 167, 168, 169, 170, 171, 172, 173, 174, 175, 176, 177, 179, 180,
    182, 183, 184, 185, 189, 190, 191,   0,   1,   2,   3,   5,   6,   7,   8,   9,
     10,  11,  12,  13,  14,  15,  16,  18,  19,  20,  21,  22,  23,  24,  26,  27,
     28,  29,  30,  31,  32,  33,  34,  38,  40,  41,  44,  46,  48,  49,  50,  51,
     52,  53,  55,  56,  57,  58,  59,  60,  61,  62,  63,  64,  65,  66,  67,  68,
     69,  70,  71,  72,  73,  74,  75,  76,  77,  78,  79,  80,  81,  82,  83,  85,
     86,  89,  90,  98,  99, 100, 103, 104, 106, 107, 108, 110, 112, 115, 117, 122,
    124, 128, 129, 132, 133, 134, 141, 142, 143, 144, 145, 146, 147, 148, 149, 150,
    151, 152, 153, 155, 156, 158, 159, 160, 161, 162, 163, 164, 166, 167, 168, 169,
    170, 171, 172, 173, 174, 175, 176, 177, 179, 180, 182, 183, 184, 185, 189, 190,
      0,   1,   2,   5,   6,   7,   8,   9,  10,  11,  12,  13,  14,  15,  16,  17,
     18,  19,  20,  21,  22,  23,  24,  25,  26,  27,  28,  29,  30,  31,  32,  33,
     34,  35,  36,  37,  38,  39,  40,  42,  43,  44,  45,  46,  47,  48,  49,  50,
     51,  54,  57,  58,  59,  60,  61,  62,  63,  64,  65,  66,  67,  68,  69,  70,
     71,  72,  73,  74,  75,  76,  77,  78,  79,  80,  81,  82,  84,  85,  86,  87,
     89,  90,  98, 100, 103, 104, 106, 108, 111, 116, 121, 124, 141, 142, 143, 144,
    145, 146, 147, 148, 149, 150, 151, 152, 153, 155, 158, 159, 160, 161, 162, 163,
    164, 166, 167, 168, 169, 170, 171, 174, 175, 177, 180, 182, 184, 185, 189, 190,
      0,   1,   2,   3,   5,   6,   7,   8,   9,  10,  11,  12,  13,  15,  16,  17,
     18,  19,  20,  21,  22,  23,  24,  25,  26,  27,  28,  29,  30,  32,  33,  34,
     35,  36,  37,  38,  39,  40,  41,  42,  43,  44,  45,  46,  47,  48,  49,  50,
     51,  52,  53,  54,  55,  56,  57,  58,  59,  60,  61,  62,  63,  64,  65,  66,
     67,  68,  69,  70,  71,  72,  73,  74,  75,  76,  77,  78,  79,  80,  81,  82,
     83,  84,  85,  86,  87,  89,  90,  98,  99, 100, 103, 104, 106, 108, 117, 118,
    119, 120, 121, 124, 128, 129, 133, 134, 137, 138, 140, 141, 142, 143, 144, 145,
    146, 147, 148, 149, 150, 151, 152, 153, 154, 155, 156, 157, 158, 159, 160, 161,
    162, 163, 164, 165, 166, 167, 168, 169, 170, 171, 172, 174, 175, 176, 177, 179,
    180, 182, 184, 185, 189, 191,   0,   1,   2,   3,   5,   6,   7,   8,   9,  10,
     11,  12,  13,  14,  15,  16,  17,  18,  19,  20,  21,  22,  23,  24,  25,  26,
     27,  28,  29,  30,  31,  32,  33,  34,  35,  36,  37,  38,  39,  40,  41,  42,
     43,  45,  46,  47,  48,  49,  50,  51,  52,  53,  54,  55,  56,  57,  58,  59,
     60,  61,  62,  63,  64,  65,  66,  67,  68,  69,  70,  71,  72,  73,  74,  75,
     76,  77,  78,  79,  80,  81,  82,  83,  84,  85,  86,  87,  89,  90,  98,  99,
    100, 103, 104, 106, 107, 108, 110, 111, 112, 113, 115, 117, 118, 119, 120, 121,
    122, 123, 124, 128, 129, 130, 131, 133, 134, 140, 141, 142, 143, 144, 145, 146,
    147, 148, 149, 150, 151, 152, 153, 154, 155, 156, 157, 158, 159, 160, 161, 162,
    163, 164, 166, 167, 168, 169, 170, 171, 172, 173, 174, 175, 176, 177, 179, 180,
    182, 184, 185, 189, 190, 191,   0,   1,   2,   3,   5,   6,   7,   8,   9,  10,
     11,  12,  13,  14,  15,  16,  17,  18,  19,  20,  21,  22,  23,  24,  26,  27,
     28,  29,  30,  31,  32,  33,  34,  35,  36,  37,  38,  39,  40,  41,  42,  43,
     44,  45,  46,  47,  48,  49,  50,  51,  52,  53,  54,  55,  56,  57,  58,  59,
     60,  61,  62,  63,  64,  65,  66,  67,  68,  69,  70,  71,  72,  73,  74,  75,
     76,  77,  78,  79,  80,  81,  82,  83,  84,  86,  89,  90,  97,  98,  99, 100,
    102, 103, 104, 106, 107, 108, 111, 112, 114, 117, 119, 122, 124, 128, 129, 133,
    136, 137, 138, 141, 142, 143, 144, 145, 146, 147, 148, 149, 150, 151, 152, 153,
    154, 155, 156, 157, 158, 159, 160, 161, 162, 163, 164, 166, 167, 168, 169, 170,
    171, 172, 173, 174, 175, 176, 177, 179, 180, 182, 184, 185, 189, 190, 191,   0,
      1,   2,   3,   5,   6,   7,   8,   9,  10,  11,  12,  13,  14,  15,  16,  17,
     18,  19,  20,  21,  22,  23,  24,  26,  27,  28,  29,  30,  31,  32,  33,  34,
     35,  36,  37,  38,  39,  40,  41,  42,  43,  44,  45,  46,  47,  48,  49,  50,
     51,  52,  53,  54,  55,  56,  57,  58,  59,  60,  61,  62,  63,  64,  65,  66,
     67,  68,  69,  70,  71,  72,  73,  76,  77,  78,  80,  82,  83,  85,  86,  89,
     90,  97,  98,  99, 100, 101, 102, 103, 104, 106, 107, 108, 111, 114, 115, 117,
    118, 119, 120, 121, 122, 123, 124, 128, 129, 131, 132, 133, 136, 138, 141, 142,
    143, 144, 145, 146, 147, 148, 149, 150, 151, 152, 153, 154, 155, 156, 157, 158,
    160, 161, 162, 163, 164, 165, 166, 167, 168, 169, 170, 171, 172, 173, 174, 175,
    176, 177, 179, 180, 182, 184, 185, 189, 190, 191,   0,   1,   2,   3,   5,   6,
      7,   8,   9,  10,  11,  12,  13,  14,  15,  16,  17,  18,  19,  20,  22,  24,
     25,  26,  27,  28,  29,  30,  31,  33,  34,  35,  36,  37,  38,  39,  40,  41,
     42,  43,  44,  45,  46,  47,  48,  49,  50,  51,  52,  53,  54,  55,  56,  57,
     58,  59,  60,  61,  63,  64,  66,  67,  69,  70,  71,  72,  73,  74,  75,  77,
     79,  80,  81,  82,  83,  84,  85,  86,  87,  89,  90,  99, 100, 103, 104, 106,
    107, 108, 117, 119, 124, 133, 136, 149, 150, 151, 152, 153, 154, 155, 156, 157,
    159, 167, 168, 169, 170, 171, 172, 173, 174, 175, 176, 177, 179, 180, 182, 184,
    185, 190, 191,   0,   1,   2,   3,   6,   7,   8,   9,  10,  11,  12,  13,  14,
     16,  17,  18,  19,  20,  22,  23,  24,  25,  26,  27,  28,  29,  30,  31,  32,
     33,  34,  35,  36,  37,  38,  39,  40,  41,  42,  43,  44,  45,  46,  47,  48,
     49,  50,  51,  52,  53,  54,  55,  56,  57,  58,  59,  60,  61,  63,  64,  66,
     67,  69,  70,  71,  72,  73,  74,  75,  77,  79,  80,  82,  83,  84,  85,  87,
     89,  90,  99, 100, 102, 103, 104, 106, 108, 111, 112, 115, 117, 119, 125, 129,
    133, 149, 150, 151, 152, 153, 154, 155, 156, 157, 159, 167, 168, 169, 170, 172,
    174, 175, 176, 177, 179, 180, 182, 184, 185, 190, 191,   0,   1,   2,   5,   6,
      7,   8,   9,  10,  11,  12,  13,  14,  15,  16,  17,  18,  19,  20,  21,  22,
     23,  24,  25,  26,  27,  28,  29,  30,  31,  32,  33,  34,  35,  36,  37,  38,
     39,  40,  41,  42,  43,  44,  45,  46,  47,  48,  49,  50,  51,  52,  53,  54,
     55,  56,  57,  58,  59,  60,  61,  62,  63,  65,  66,  67,  68,  69,  70,  71,
     72,  73,  74,  75,  76,  77,  78,  79,  80,  81,  82,  83,  84,  85,  86,  87,
     89,  90,  98, 100, 102, 103, 104, 106, 108, 111, 120, 121, 133, 142, 143, 144,
    145, 146, 147, 148, 150, 151, 152, 153, 154, 155, 156, 157, 159, 160, 161, 162,
    164, 167, 168, 169, 170, 171, 174, 175, 176, 177, 179, 180, 182, 184, 185, 189,
    190,   0,   1,   2,   3,   5,   6,   7,   8,   9,  10,  11,  12,  13,  14,  15,
     16,  17,  18,  19,  20,  21,  22,  23,  24,  25,  26,  27,  28,  29,  30,  31,
     32,  33,  34,  35,  36,  37,  38,  39,  40,  41,  42,  43,  44,  45,  46,  47,
     48,  49,  50,  51,  52,  53,  54,  55,  56,  57,  58,  59,  60,  61,  62,  63,
     64,  65,  66,  67,  68,  69,  71,  72,  73,  76,  77,  78,  80,  81,  82,  83,
     84,  85,  86,  87,  89,  90,  97,  98,  99, 100, 103, 104, 106, 107, 108, 110,
    112, 113, 114, 117, 118, 119, 120, 123, 124, 129, 130, 131, 132, 133, 137, 138,
    139, 140, 141, 142, 143, 144, 145, 146, 147, 148, 149, 150, 151, 152, 153, 158,
    160, 161, 162, 163, 164, 165, 166, 167, 168, 169, 170, 171, 172, 173, 174, 175,
    176, 177, 179, 180, 182, 184, 185, 189, 190, 191,   0,   1,   2,   3,   6,   7,
      8,   9,  10,  11,  12,  13,  14,  15,  16,  17,  18,  19,  20,  21,  22,  24,
     25,  26,  27,  28,  29,  30,  31,  32,  33,  34,  35,  36,  37,  38,  39,  40,
     41,  42,  43,  45,  46,  47,  48,  49,  51,  52,  53,  54,  55,  56,  58,  59,
     60,  61,  62,  63,  64,  65,  66,  67,  68,  69,  70,  71,  72,  73,  74,  75,
     76,  77,  78,  79,  80,  83,  84,  85,  86,  87,  89,  90,  98,  99, 100, 102,
    103, 104, 106, 108, 110, 112, 114, 118, 120, 121, 123, 124, 130, 132, 133, 136,
    138, 141, 142, 143, 144, 145, 146, 147, 148, 149, 150, 151, 152, 153, 154, 155,
    156, 157, 158, 159, 160, 161, 162, 163, 164, 166, 171, 172, 173, 174, 175, 176,
    177, 179, 180, 182, 184, 185, 189, 190, 191,   1,   2,   3,   5,   6,   7,   8,
      9,  10,  11,  12,  13,  14,  15,  16,  18,  19,  20,  21,  22,  23,  24,  25,
     26,  27,  28,  29,  30,  31,  32,  34,  38,  40,  41,  44,  46,  48,  49,  50,
     51,  52,  53,  54,  55,  56,  57,  58,  59,  60,  61,  62,  64,  65,  66,  68,
     69,  70,  72,  73,  76,  77,  78,  80,  81,  82,  83,  84,  85,  86,  87,  89,
     90,  98,  99, 100, 102, 103, 104, 106, 107, 108, 111, 112, 113, 114, 117, 122,
    123, 124, 125, 129, 131, 132, 133, 134, 136, 138, 139, 141, 142, 143, 144, 145,
    146, 147, 148, 149, 150, 151, 152, 153, 154, 155, 156, 157, 158, 159, 160, 161,
    162, 163, 164, 165, 166, 167, 168, 169, 170, 171, 172, 173, 174, 175, 176, 177,
    179, 180, 182, 184, 185, 189, 190, 191,   0,   1,   2,   3,   5,   6,   7,   8,
      9,  10,  11,  12,  14,  15,  16,  17,  18,  19,  20,  21,  22,  23,  24,  25,
     26,  27,  28,  29,  30,  31,  32,  33,  34,  35,  36,  37,  38,  39,  40,  41,
     42,  43,  44,  45,  46,  47,  48,  49,  50,  51,  52,  53,  54,  55,  56,  57,
     58,  59,  60,  61,  62,  63,  64,  65,  66,  67,  68,  69,  70,  71,  72,  73,
     76,  77,  78,  79,  80,  82,  83,  85,  86,  87,  89,  90,  97,  98,  99, 100,
    103, 104, 106, 108, 112, 117, 118, 119, 121, 123, 125, 132, 133, 141, 142, 143,
    144, 145, 146, 147, 148, 149, 150, 151, 152, 153, 154, 155, 156, 157, 158, 160,
    161, 162, 163, 164, 166, 167, 168, 169, 170, 171, 172, 173, 174, 175, 176, 177,
    179, 180, 182, 184, 185, 189, 190, 191,   0,   1,   2,   3,   5,   6,   7,   8,
      9,  10,  11,  12,  13,  14,  15,  16,  17,  18,  19,  20,  21,  22,  23,  24,
     25,  26,  27,  28,  29,  30,  31,  32,  33,  34,  35,  36,  37,  38,  39,  40,
     41,  42,  43,  44,  45,  46,  47,  48,  49,  50,  51,  52,  53,  54,  55,  56,
     57,  58,  59,  60,  61,  62,  63,  64,  65,  66,  67,  68,  69,  70,  71,  72,
     73,  74,  75,  76,  77,  78,  79,  80,  81,  83,  84,  85,  86,  87,  89,  98,
    100, 103, 104, 106, 108, 118, 120, 124, 133, 141, 142, 143, 144, 145, 146, 147,
    148, 149, 150, 151, 152, 153, 154, 155, 156, 157, 158, 159, 160, 161, 162, 163,
    164, 166, 171, 172, 173, 174, 175, 176, 177, 179, 180, 182, 184, 185, 189, 190,
      0,   1,   2,   3,   5,   6,   7,   8,   9,  10,  11,  12,  13,  14,  15,  16,
     17,  18,  19,  20,  22,  23,  24,  26,  27,  28,  29,  30,  31,  32,  33,  34,
     35,  36,  37,  38,  39,  40,  41,  42,  43,  44,  45,  46,  47,  48,  49,  50,
     51,  52,  53,  54,  55,  56,  57,  58,  59,  60,  61,  62,  63,  65,  66,  68,
     69,  70,  72,  73,  76,  78,  80,  81,  82,  83,  84,  85,  86,  87,  89,  90,
     99, 100, 103, 104, 106, 108, 114, 119, 128, 129, 130, 132, 142, 143, 144, 145,
    146, 147, 148, 150, 151, 152, 153, 154, 155, 156, 157, 160, 161, 162, 163, 164,
    166, 167, 168, 169, 170, 171, 172, 173, 174, 175, 176, 177, 179, 180, 182, 184,
    190, 191,   0,   1,   2,   3,   5,   6,   7,   8,   9,  10,  12,  13,  14,  15,
     16,  17,  18,  19,  20,  21,  22,  23,  24,  25,  27,  28,  29,  30,  31,  32,
     34,  35,  38,  39,  41,  44,  46,  47,  48,  50,  51,  52,  53,  54,  55,  56,
     57,  58,  59,  60,  61,  62,  63,  64,  65,  66,  67,  68,  69,  71,  72,  73,
     76,  78,  79,  80,  81,  82,  83,  84,  85,  86,  87,  89,  90,  98,  99, 100,
    103, 104, 106, 107, 108, 117, 128, 142, 143, 144, 145, 146, 147, 148, 149, 150,
    151, 152, 153, 158, 160, 161, 162, 163, 164, 166, 167, 168, 169, 170, 171, 172,
    174, 175, 176, 177, 179, 180, 182, 185, 189, 190, 191,   0,   1,   2,   3,   5,
      6,   7,   8,   9,  10,  11,  12,  13,  14,  16,  17,  18,  19,  20,  21,  22,
     23,  24,  25,  26,  27,  28,  29,  30,  31,  32,  33,  34,  35,  36,  37,  38,
     39,  40,  41,  42,  43,  44,  45,  46,  47,  48,  49,  50,  51,  52,  53,  54,
     55,  56,  57,  58,  59,  60,  61,  62,  63,  64,  65,  66,  67,  68,  69,  70,
     71,  72,  73,  74,  75,  76,  77,  78,  79,  80,  81,  82,  83,  84,  86,  87,
     89,  90,  99, 100, 103, 104, 106, 108, 111, 118, 119, 120, 132, 133, 139, 141,
    142, 143, 144, 145, 146, 147, 148, 149, 150, 151, 152, 153, 154, 155, 156, 157,
    158, 159, 160, 161, 162, 163, 164, 166, 167, 168, 169, 170, 171, 172, 174, 175,
    176, 177, 179, 180, 182, 184, 185, 190, 191,   1,   2,   3,   6,   7,   8,   9,
     10,  11,  12,  13,  14,  15,  16,  17,  18,  19,  20,  21,  22,  24,  25,  27,
     28,  29,  30,  31,  32,  33,  34,  36,  38,  40,  41,  44,  45,  46,  47,  48,
     49,  50,  51,  52,  53,  54,  55,  56,  57,  58,  59,  60,  61,  62,  63,  64,
     65,  66,  68,  69,  70,  72,  73,  74,  75,  76,  77,  78,  80,  81,  82,  83,
     84,  85,  86,  87,  89,  90,  98,  99, 100, 102, 103, 104, 106, 108, 117, 122,
    124, 137, 141, 142, 143, 144, 145, 146, 147, 148, 149, 150, 151, 152, 153, 154,
    155, 156, 157, 159, 160, 161, 162, 163, 164, 165, 166, 167, 168, 169, 170, 171,
    173, 174, 175, 176, 177, 179, 180, 182, 184, 185, 189, 190, 191,   1,   6,   7,
      9,  10,  11,  12,  13,  14,  15,  16,  17,  18,  19,  20,  21,  22,  23,  24,
     25,  30,  31,  32,  33,  34,  35,  36,  37,  38,  39,  40,  41,  42,  43,  44,
     45,  46,  47,  48,  49,  50,  51,  52,  53,  54,  55,  56,  57,  58,  60,  62,
     63,  64,  65,  66,  67,  68,  69,  70,  71,  72,  73,  74,  75,  76,  77,  78,
     79,  80,  81,  82,  83,  84,  85,  86,  87,  88,  89,  98,  99, 101, 108, 177,
    179, 180, 181, 184, 189, 190,   1,   6,   7,   8,   9,  10,  11,  12,  13,  25,
     26,  28,  32,  33,  34,  35,  36,  37,  38,  39,  40,  41,  42,  43,  44,  45,
     46,  47,  49,  50,  51,  52,  53,  54,  55,  56,  57,  59,  60,  62,  64,  65,
     66,  67,  68,  69,  70,  71,  72,  74,  75,  76,  77,  79,  80,  81,  82,  84,
     85,  87,  88,  89, 108, 177, 180, 190,   0,   1,   6,   7,   8,   9,  11,  12,
     13,  14,  15,  16,  17,  18,  19,  20,  21,  22,  23,  24,  25,  26,  30,  32,
     33,  34,  35,  36,  37,  38,  39,  40,  41,  42,  43,  44,  45,  46,  47,  48,
     49,  50,  51,  52,  53,  54,  55,  56,  57,  59,  62,  63,  64,  65,  66,  67,
     68,  69,  70,  71,  72,  73,  74,  75,  76,  77,  78,  79,  80,  81,  82,  83,
     84,  85,  86,  87,  98, 108, 111, 121, 134, 140, 143, 153, 172, 176, 177, 179,
    180, 189, 190,   1,   6,   8,  15,  16,  17,  18,  19,  20,  21,  22,  23,  24,
     32,  33,  34,  35,  36,  37,  38,  39,  41,  42,  43,  44,  45,  46,  47,  48,
     49,  50,  51,  52,  53,  54,  55,  56,  57,  62,  63,  64,  65,  66,  68,  69,
     70,  71,  72,  73,  74,  75,  76,  77,  78,  79,  80,  81,  82,  83,  86,  87,
     91,  98, 108, 109, 110, 111, 119, 127, 136, 151, 180, 189, 190,   0,   1,   6,
      8,  11,  12,  13,  14,  15,  16,  17,  18,  19,  20,  21,  22,  23,  24,  25,
     26,  30,  59, 103, 104, 106, 108, 190,   0,   1,   6,   8,  11,  12,  13,  14,
     15,  16,  17,  18,  19,  20,  21,  22,  23,  24,  25,  26,  30,  59, 103, 104,
    106, 108, 177, 190,   0,   1,   6,   8,  11,  12,  13,  14,  15,  16,  17,  18,
     19,  20,  21,  22,  23,  24,  25,  26,  30,  59, 103, 104, 106,  16,  17,  18,
     19,  20,  21,  22,  23,  24,   8,  16,  17,  24,  32,  33,  34,  35,  36,  37,
     38,  39,  40,  41,  42,  43,  44,  45,  46,  47,  48,  49,  50,  51,  52,  53,
     54,  55,  56,  57,   1,   6,   8,  11,  12,  13,  25,  26, 108, 176, 177, 180,
    190,   0,   1,   2,   3,   4,   5,   6,   7,   8,   9,  10,  11,  12,  13,  14,
     15,  16,  17,  18,  19,  20,  21,  22,  23,  24,  25,  26,  27,  28,  30,  31,
     32,  33,  34,  35,  36,  37,  38,  39,  40,  41,  42,  43,  44,  45,  46,  47,
     48,  49,  50,  51,  52,  53,  54,  55,  56,  57,  58,  59,  60,  62,  63,  64,
     65,  66,  67,  68,  69,  70,  71,  72,  73,  74,  75,  76,  77,  78,  79,  80,
     81,  82,  84,  86,  87,  88,  89,  90,  91,  93,  95,  96,  98,  99, 101, 103,
    104, 106, 108, 109, 110, 111, 112, 113, 114, 115, 116, 117, 118, 119, 120, 121,
    122, 123, 124, 125, 127, 128, 129, 130, 131, 132, 133, 134, 135, 136, 137, 138,
    139, 141, 142, 143, 144, 145, 146, 147, 148, 149, 150, 151, 152, 153, 154, 155,
    156, 157, 159, 160, 161, 162, 163, 164, 165, 166, 167, 168, 169, 170, 171, 174,
    175, 176, 177, 178, 179, 180, 181, 182, 183, 184, 188, 189, 190, 194, 199,   7,
      8,  12,  15,  16,  17,  18,  19,  20,  21,  22,  23,  24,  32,  33,  34,  35,
     36,  37,  38,  39,  40,  41,  42,  43,  44,  45,  46,  47,  48,  49,  50,  51,
     53,  54,  55,  56,  57,  62,  63,  64,  65,  66,  67,  68,  69,  70,  71,  72,
     73,  74,  75,  76,  77,  78,  79,  80,  81,  83,  84,  85,  86,  87,   0,   1,
      6,   8,  11,  12,  13,  14,  25,  26,  30,  98, 108, 176, 177, 179, 180, 189,
    190,   0,   1,   6,   8,   9,  11,  12,  13,  14,  15,  16,  17,  18,  19,  20,
     21,  23,  24,  25,  26,  30,  32,  33,  34,  35,  36,  37,  38,  39,  40,  41,
     42,  43,  44,  45,  46,  47,  49,  50,  51,  52,  53,  54,  55,  56,  57,  59,
     62,  63,  64,  65,  66,  67,  68,  70,  71,  72,  73,  74,  75,  76,  77,  79,
     80,  81,  82,  83,  85,  86,  87, 103, 104, 106, 108, 174, 175, 177, 179, 180,
    190,   1,   6,   7,   8,  12,  15,  16,  17,  18,  19,  20,  21,  22,  23,  24,
     32,  33,  34,  35,  36,  37,  38,  39,  40,  41,  42,  43,  44,  47,  49,  50,
     53,  55,  57,  62,  63,  64,  65,  66,  67,  70,  71,  72,  73,  77,  79,  80,
     83,  85,  87,   0,   1,   6,   7,   8,   9,  10,  11,  12,  13,  14,  28,  30,
     32,  33,  35,  36,  37,  38,  39,  40,  42,  43,  44,  45,  47,  49,  51,  52,
     53,  54,  55,  56,  57,  59,  89,  98, 102, 103, 104, 106, 108, 133, 174, 175,
    177, 179, 180, 189, 190, 192,   0,   1,   6,   7,   8,   9,  10,  11,  12,  13,
     14,  25,  26,  28,  30,  32,  33,  34,  35,  36,  37,  39,  40,  42,  43,  44,
     45,  46,  47,  49,  50,  51,  53,  54,  55,  56,  59,  89,  98, 102, 103, 104,
    108, 133, 179, 189, 190, 192,   1,   6,   8,  11,  12,  32,  33,  34,  35,  37,
     39,  41,  42,  43,  44,  45,  46,  47,  50,  51,  53,  54,  62,  63,  64,  66,
     68,  72,  73,  74,  76,  77,  79,  80,  81,  82,  84,  85,  86, 103, 104, 108,
    177, 180, 190,   0,   1,   6,   8,   9,  10,  11,  12,  13,  14,  25,  26,  30,
     32,  33,  34,  35,  36,  37,  38,  39,  40,  42,  43,  44,  45,  46,  47,  49,
     50,  51,  52,  54,  55,  57,  59,  98, 103, 108, 189, 190, 192,   1,   6,   8,
      9,  11,  12,  13,  14,  25,  26,   0,   1,   2,   3,   4,   5,   6,   7,   8,
      9,  10,  11,  12,  13,  14,  16,  17,  18,  19,  20,  22,  23,  24,  25,  26,
     28,  29,  30,  31,  32,  33,  34,  35,  36,  37,  39,  40,  41,  42,  43,  44,
     45,  46,  47,  48,  49,  50,  51,  52,  53,  54,  55,  56,  57,  59,  63,  64,
     67,  69,  70,  71,  72,  73,  74,  75,  77,  79,  80,  81,  82,  83,  84,  85,
     86,  87,  89,  90,  91,  95,  98,  99, 103, 104, 106, 108, 109, 110, 111, 112,
    114, 115, 116, 117, 119, 123, 124, 127, 129, 130, 132, 134, 136, 138, 149, 155,
    156, 168, 170, 174, 175, 176, 177, 178, 179, 180, 181, 182, 183, 184, 188, 189,
    190, 199,   1,   6,   8,  15,  16,  17,  18,  19,  20,  21,  22,  23,  24,  32,
     33,  34,  35,  36,  37,  38,  39,  40,  41,  42,  43,  44,  45,  46,  47,  48,
     49,  50,  51,  52,  53,  54,  55,  56,  57,  62,  63,  64,  65,  66,  67,  68,
     69,  70,  71,  72,  73,  74,  75,  76,  77,  78,  79,  80,  81,  82,  83,  84,
     85,  86,  87,  91, 108, 109, 119, 129, 136, 168, 177, 179, 190,   0,   1,   6,
      7,   8,   9,  11,  12,  13,  14,  16,  17,  25,  26,  30,  32,  33,  34,  35,
     36,  37,  38,  39,  40,  41,  42,  43,  44,  45,  46,  47,  48,  49,  50,  51,
     52,  53,  54,  55,  56,  57,  59,  62,  63,  65,  66,  67,  68,  69,  70,  71,
     72,  73,  74,  75,  76,  77,  78,  79,  80,  81,  82,  83,  84,  85,  86,  87,
     98, 103, 104, 106, 108, 110, 111, 112, 114, 117, 118, 119, 121, 122, 123, 125,
    126, 127, 128, 129, 134, 135, 136, 138, 142, 143, 146, 154, 155, 157, 160, 174,
    175, 176, 177, 179, 180, 182, 184, 185, 189, 190,   0,   1,   6,   7,   8,   9,
     11,  12,  13,  14,  16,  18,  25,  26,  30,  32,  33,  34,  35,  36,  37,  38,
     39,  40,  41,  42,  43,  44,  45,  46,  47,  48,  49,  50,  51,  52,  53,  54,
     55,  56,  57,  59,  62,  63,  65,  66,  67,  68,  69,  70,  71,  72,  73,  74,
     75,  76,  77,  78,  79,  80,  81,  82,  83,  84,  85,  86,  87,  98, 100, 103,
    104, 106, 108, 110, 111, 112, 113, 114, 116, 117, 118, 119, 120, 122, 123, 125,
    126, 127, 128, 129, 130, 132, 135, 136, 138, 139, 140, 142, 143, 154, 155, 157,
    158, 159, 172, 174, 175, 176, 177, 179, 180, 182, 184, 185, 189, 190,   0,   1,
      6,   7,   8,  11,  12,  13,  14,  21,  25,  26,  30,  32,  33,  34,  35,  36,
     37,  38,  39,  40,  41,  42,  43,  44,  45,  46,  47,  48,  49,  50,  51,  52,
     53,  54,  55,  56,  57,  59,  62,  63,  65,  67,  68,  69,  70,  71,  72,  73,
     74,  75,  76,  77,  78,  79,  80,  81,  82,  83,  84,  85,  86,  87,  98, 103,
    104, 106, 108, 110, 112, 113, 117, 118, 119, 120, 124, 125, 128, 137, 138, 139,
    144, 176, 177, 179, 180, 182, 185, 189, 190,   0,   1,   6,   7,   8,   9,  11,
     12,  13,  14,  15,  25,  26,  30,  32,  33,  34,  35,  36,  37,  38,  39,  40,
     41,  42,  43,  44,  45,  46,  47,  49,  50,  51,  52,  53,  54,  55,  56,  57,
     59,  63,  65,  66,  67,  68,  69,  70,  71,  73,  74,  75,  76,  77,  79,  80,
     81,  82,  83,  84,  87,  97,  98, 103, 104, 106, 108, 111, 113, 114, 119, 123,
    127, 129, 131, 135, 139, 140, 145, 163, 175, 176, 177, 179, 180, 182, 184, 185,
    189, 190,   0,   1,   6,   7,   8,  11,  12,  13,  14,  17,  25,  26,  30,  32,
     33,  34,  35,  36,  37,  38,  39,  40,  41,  42,  43,  44,  45,  46,  47,  48,
     49,  50,  51,  52,  53,  54,  55,  56,  57,  59,  61,  62,  63,  65,  66,  67,
     68,  69,  70,  71,  72,  73,  74,  75,  76,  77,  78,  79,  80,  81,  82,  83,
     84,  85,  86,  87,  98, 100, 103, 104, 106, 108, 111, 112, 114, 115, 117, 118,
    119, 120, 121, 122, 123, 124, 125, 126, 127, 129, 131, 132, 135, 136, 138, 139,
    144, 146, 152, 158, 164, 170, 174, 175, 176, 177, 179, 180, 182, 184, 185, 189,
    190,   0,   1,   6,   7,   8,   9,  11,  12,  13,  14,  15,  16,  25,  26,  30,
     32,  33,  34,  35,  36,  37,  38,  39,  40,  41,  42,  43,  44,  45,  46,  47,
     48,  49,  50,  51,  52,  53,  54,  55,  56,  57,  59,  62,  63,  65,  66,  67,
     68,  69,  70,  71,  72,  73,  74,  75,  77,  79,  80,  81,  82,  83,  84,  85,
     86,  87,  98, 103, 104, 106, 108, 114, 115, 116, 117, 127, 132, 134, 147, 159,
    174, 176, 177, 179, 180, 182, 185, 189, 190,   0,   1,   6,   7,   8,  11,  12,
     13,  14,  26,  30,  32,  33,  34,  35,  36,  37,  38,  39,  41,  42,  43,  44,
     45,  46,  47,  48,  50,  51,  52,  53,  55,  56,  57,  59,  63,  65,  66,  67,
     69,  70,  72,  73,  74,  75,  76,  77,  78,  79,  80,  81,  83,  84,  85,  98,
    103, 104, 106, 108, 111, 116, 117, 119, 121, 126, 127, 129, 132, 134, 136, 140,
    151, 158, 159, 161, 172, 174, 176, 177, 179, 180, 182, 185, 189, 190,   0,   1,
      6,   7,   8,   9,  11,  12,  13,  14,  16,  20,  25,  26,  30,  32,  34,  38,
     41,  44,  46,  48,  49,  50,  51,  52,  53,  54,  55,  56,  57,  59,  62,  63,
     64,  65,  66,  67,  68,  69,  70,  71,  72,  73,  74,  75,  76,  77,  78,  79,
     81,  82,  83,  84,  86,  87,  98, 103, 104, 106, 108, 110, 111, 112, 113, 114,
    115, 116, 117, 128, 129, 130, 131, 132, 134, 135, 136, 137, 138, 139, 142, 144,
    145, 146, 148, 149, 150, 151, 152, 153, 154, 155, 156, 160, 164, 168, 169, 170,
    171, 175, 177, 180, 182, 185, 189, 190,   0,   1,   6,   7,   8,  11,  12,  14,
     16,  26,  30,  32,  34,  35,  37,  38,  39,  41,  42,  44,  46,  48,  50,  51,
     52,  53,  54,  55,  56,  57,  59,  63,  66,  67,  69,  70,  71,  72,  73,  74,
     75,  76,  77,  79,  80,  81,  82,  83,  84,  85,  86,  98, 103, 104, 106, 108,
    110, 111, 112, 114, 117, 128, 129, 132, 134, 135, 138, 149, 150, 151, 174, 175,
    176, 177, 179, 180, 182, 184, 185, 189, 190,   0,   1,   6,   7,   8,   9,  11,
     12,  14,  16,  17,  18,  19,  26,  30,  32,  34,  35,  37,  38,  39,  41,  42,
     44,  46,  48,  50,  51,  52,  53,  54,  55,  56,  57,  59,  61,  63,  66,  67,
     69,  70,  71,  72,  73,  74,  75,  76,  77,  79,  80,  81,  82,  83,  84,  85,
     86,  98, 103, 104, 106, 108, 110, 111, 112, 114, 115, 117, 126, 128, 129, 130,
    132, 134, 135, 136, 137, 138, 140, 150, 151, 155, 161, 167, 174, 175, 176, 177,
    179, 180, 182, 184, 185, 189, 190,   0,   1,   6,   7,   8,   9,  11,  12,  14,
     16,  17,  26,  30,  32,  34,  35,  37,  38,  39,  41,  42,  44,  46,  48,  50,
     51,  52,  53,  54,  55,  56,  57,  59,  63,  66,  67,  69,  70,  71,  72,  73,
     74,  75,  77,  79,  80,  81,  82,  83,  84,  85,  86,  98, 103, 104, 106, 108,
    110, 112, 117, 129, 130, 135, 136, 137, 149, 151, 152, 174, 176, 177, 179, 180,
    182, 184, 185, 189, 190,   0,   1,   6,   7,   8,   9,  11,  12,  14,  15,  16,
     17,  18,  20,  21,  26,  30,  32,  34,  35,  37,  38,  39,  41,  42,  44,  46,
     48,  50,  51,  52,  53,  54,  55,  56,  57,  59,  66,  67,  69,  70,  71,  72,
     73,  74,  75,  76,  77,  79,  80,  81,  82,  83,  84,  98, 103, 104, 106, 108,
    110, 111, 114, 117, 128, 129, 130, 132, 135, 153, 174, 175, 176, 177, 179, 180,
    182, 184, 185, 189, 190,   0,   1,   6,   7,   8,  11,  12,  13,  14,  25,  26,
     30,  32,  33,  34,  36,  38,  39,  40,  41,  44,  45,  46,  47,  48,  49,  53,
     54,  55,  56,  57,  59,  62,  63,  64,  65,  66,  67,  68,  69,  70,  71,  72,
     73,  74,  75,  76,  77,  79,  80,  81,  82,  84,  85,  86,  87,  98, 103, 104,
    106, 108, 110, 111, 114, 117, 118, 119, 121, 123, 128, 129, 154, 175, 177, 180,
    182, 184, 185, 189, 190,   0,   1,   6,   7,   8,   9,  11,  12,  13,  14,  15,
     16,  17,  25,  26,  30,  32,  33,  34,  36,  38,  39,  40,  41,  44,  45,  46,
     47,  48,  49,  53,  54,  55,  56,  57,  59,  62,  63,  64,  65,  66,  67,  68,
     69,  70,  71,  72,  73,  74,  75,  76,  77,  78,  79,  80,  81,  82,  83,  84,
     85,  86,  87,  97,  98, 103, 104, 106, 108, 110, 111, 112, 113, 116, 117, 119,
    122, 124, 127, 128, 129, 130, 132, 134, 140, 143, 155, 158, 159, 161, 174, 175,
    177, 180, 182, 184, 185, 189, 190,   0,   1,   5,   6,   7,   8,  11,  12,  13,
     14,  16,  19,  25,  26,  30,  32,  34,  38,  40,  41,  44,  46,  48,  49,  53,
     54,  55,  56,  57,  59,  62,  63,  64,  65,  67,  68,  70,  71,  74,  75,  76,
     77,  78,  79,  80,  81,  82,  83,  84,  85,  86,  87,  97,  98, 103, 104, 106,
    108, 110, 112, 114, 116, 117, 122, 124, 128, 130, 132, 149, 152, 156, 174, 175,
    176, 177, 179, 180, 182, 184, 185, 189, 190,   0,   1,   6,   7,   8,  11,  12,
     13,  14,  25,  26,  30,  32,  33,  34,  36,  38,  39,  40,  41,  44,  45,  46,
     47,  48,  49,  53,  54,  55,  56,  57,  59,  62,  63,  65,  74,  75,  76,  79,
     80,  81,  84,  86,  98, 103, 104, 106, 108, 110, 111, 112, 114, 117, 119, 122,
    125, 127, 128, 129, 130, 132, 142, 157, 176, 177, 179, 180, 182, 184, 185, 189,
    190,   0,   1,   6,   7,   8,  11,  12,  13,  14,  16,  25,  26,  30,  32,  33,
     34,  35,  36,  37,  38,  39,  40,  41,  42,  43,  44,  45,  46,  47,  49,  50,
     53,  54,  56,  57,  59,  62,  66,  70,  76,  79,  82, 103, 104, 106, 110, 111,
    112, 116, 118, 119, 122, 123, 126, 129, 130, 132, 134, 139, 140, 142, 148, 154,
    158, 177, 180, 182, 184,   0,   1,   6,   7,   8,   9,  11,  12,  13,  14,  15,
     18,  25,  26,  30,  32,  34,  38,  41,  44,  46,  48,  50,  51,  52,  53,  54,
     55,  56,  59,  62,  66,  68,  70,  76,  79,  82,  86, 103, 104, 106, 108, 110,
    111, 112, 113, 114, 115, 117, 128, 129, 130, 131, 132, 135, 136, 138, 139, 142,
    143, 146, 151, 153, 155, 159, 161, 168, 177, 180, 182, 184, 185, 190,   0,   1,
      6,   7,   8,   9,  11,  12,  13,  14,  25,  26,  30,  32,  33,  34,  35,  36,
     37,  38,  39,  40,  41,  42,  43,  44,  45,  46,  47,  48,  49,  50,  51,  52,
     53,  54,  55,  56,  57,  59,  61,  62,  64,  65,  67,  68,  69,  71,  72,  73,
     74,  75,  76,  79,  80,  81,  82,  83,  84,  86,  87, 103, 104, 106, 108, 110,
    111, 117, 118, 119, 120, 121, 122, 123, 125, 127, 128, 129, 132, 135, 136, 160,
    161, 174, 176, 177, 179, 180, 182, 184, 185, 190,   0,   1,   6,   7,   8,   9,
     11,  12,  13,  14,  16,  17,  18,  21,  22,  25,  26,  30,  32,  33,  34,  35,
     36,  37,  38,  39,  40,  41,  42,  43,  44,  45,  46,  47,  48,  49,  50,  51,
     52,  53,  54,  55,  56,  57,  59,  62,  64,  65,  67,  68,  69,  71,  72,  73,
     74,  75,  76,  78,  79,  80,  81,  82,  83,  84,  86,  87, 100, 103, 104, 106,
    108, 110, 111, 114, 116, 117, 118, 119, 120, 121, 122, 123, 125, 127, 128, 129,
    130, 131, 132, 134, 135, 136, 138, 139, 140, 143, 148, 158, 159, 160, 161, 164,
    168, 174, 175, 176, 177, 179, 180, 182, 184, 185, 190,   0,   1,   6,   7,   8,
     11,  12,  13,  14,  16,  24,  25,  26,  30,  32,  33,  34,  35,  36,  37,  38,
     39,  40,  41,  42,  43,  44,  45,  46,  47,  48,  49,  50,  51,  52,  53,  54,
     55,  56,  57,  59,  62,  64,  65,  67,  68,  69,  71,  72,  73,  74,  75,  76,
     79,  80,  81,  82,  83,  84,  87, 103, 104, 106, 108, 111, 112, 116, 117, 118,
    120, 121, 122, 123, 124, 125, 127, 128, 130, 135, 138, 140, 149, 162, 170, 174,
    175, 176, 177, 179, 180, 182, 185, 190,   0,   1,   6,   7,   8,  11,  12,  13,
     14,  25,  26,  30,  32,  33,  34,  35,  36,  37,  38,  39,  40,  41,  42,  43,
     44,  45,  46,  47,  48,  49,  50,  51,  52,  53,  54,  56,  57,  59,  62,  64,
     65,  67,  68,  69,  72,  73,  74,  75,  79,  80,  81,  82,  83,  84,  87, 103,
    104, 106, 108, 113, 114, 118, 123, 127, 131, 132, 138, 163, 164, 174, 177, 179,
    180, 182, 184, 185, 190,   0,   1,   6,   7,   8,   9,  11,  12,  13,  14,  16,
     17,  18,  25,  26,  30,  32,  33,  34,  35,  36,  37,  38,  39,  40,  41,  42,
     43,  44,  45,  46,  47,  48,  49,  50,  51,  52,  53,  54,  55,  56,  57,  59,
     61,  62,  64,  65,  67,  68,  69,  71,  72,  73,  74,  75,  76,  78,  79,  80,
     81,  82,  83,  84,  86,  87, 103, 104, 106, 108, 110, 111, 112, 114, 115, 117,
    118, 119, 120, 121, 122, 123, 124, 125, 127, 128, 129, 130, 131, 132, 134, 135,
    138, 139, 140, 146, 149, 158, 159, 164, 170, 171, 174, 176, 177, 179, 180, 182,
    185, 190,   1,   6,   7,   8,  12,  15,  16,  17,  18,  19,  20,  21,  22,  23,
     24,  32,  33,  34,  35,  36,  37,  38,  39,  40,  41,  42,  43,  44,  45,  46,
     47,  48,  49,  50,  51,  52,  53,  54,  55,  56,  57,  62,  63,  64,  65,  66,
     67,  68,  69,  70,  72,  73,  74,  75,  77,  78,  79,  80,  81,  83,  84,  86,
     87, 179, 180,   0,   1,   6,   7,   8,  11,  12,  13,  14,  15,  16,  17,  18,
     20,  22,  25,  26,  30,  32,  33,  34,  35,  36,  37,  38,  39,  40,  41,  42,
     43,  44,  45,  46,  47,  49,  50,  51,  52,  53,  54,  55,  56,  57,  59,  64,
     65,  67,  68,  69,  71,  72,  73,  74,  75,  79,  80,  81,  83,  84,  86, 103,
    104, 106, 108, 115, 116, 123, 132, 134, 158, 166, 174, 175, 176, 177, 179, 180,
    182, 185, 190,   0,   1,   6,   7,   8,  11,  12,  13,  14,  16,  25,  26,  30,
     32,  34,  46,  48,  51,  52,  53,  54,  55,  56,  59,  63,  64,  65,  67,  68,
     70,  71,  72,  73,  74,  75,  76,  77,  78,  79,  80,  81,  82,  84,  87,  98,
    103, 104, 106, 108, 110, 111, 112, 117, 128, 130, 132, 135, 136, 174, 175, 176,
    177, 179, 180, 182, 184, 185, 189, 190,   0,   1,   6,   7,   8,  11,  12,  13,
     14,  16,  22,  25,  26,  30,  32,  34,  46,  48,  51,  52,  53,  54,  55,  56,
     59,  62,  63,  64,  65,  67,  68,  69,  70,  71,  72,  73,  74,  75,  76,  77,
     79,  80,  81,  82,  83,  86,  87,  98, 103, 104, 106, 108, 110, 111, 116, 117,
    126, 128, 129, 130, 132, 134, 135, 136, 138, 139, 155, 159, 160, 168, 171, 174,
    175, 176, 177, 179, 180, 182, 184, 185, 189, 190,   0,   1,   6,   7,   8,  11,
     12,  13,  14,  16,  25,  26,  30,  32,  34,  46,  48,  51,  52,  53,  54,  55,
     56,  59,  62,  63,  64,  65,  66,  67,  68,  69,  72,  73,  74,  75,  76,  77,
     79,  80,  81,  84,  85,  86,  87,  98, 103, 104, 106, 108, 110, 111, 112, 114,
    116, 117, 128, 137, 149, 177, 179, 180, 182, 184, 185, 189, 190,   0,   1,   6,
      7,   8,   9,  11,  12,  13,  14,  16,  17,  19,  20,  23,  25,  26,  30,  32,
     34,  46,  48,  51,  52,  53,  54,  55,  56,  59,  62,  63,  64,  65,  66,  67,
     68,  69,  70,  71,  72,  73,  74,  75,  76,  77,  78,  79,  80,  81,  82,  83,
     84,  85,  86,  87,  98, 103, 104, 106, 108, 110, 111, 112, 114, 116, 117, 128,
    129, 130, 131, 132, 135, 136, 137, 138, 139, 146, 149, 150, 164, 170, 171, 174,
    175, 176, 177, 179, 180, 182, 184, 185, 189, 190,   0,   1,   6,   7,   8,  11,
     12,  13,  14,  25,  26,  30,  32,  33,  34,  35,  36,  37,  38,  39,  40,  41,
     42,  43,  44,  45,  46,  47,  48,  49,  51,  52,  53,  54,  55,  56,  57,  59,
     62,  65,  66,  67,  71,  72,  73,  74,  76,  79,  80,  81,  82,  83,  84,  86,
     98, 103, 104, 106, 108, 111, 114, 116, 117, 123, 126, 129, 132, 134, 136, 138,
    139, 140, 146, 164, 170, 171, 175, 176, 177, 179, 180, 182, 184, 185, 189, 190,
      0,   1,   6,   8,  11,  12,  13,  14,  25,  26,  30,  32,  33,  34,  35,  36,
     37,  38,  39,  40,  41,  42,  43,  44,  45,  46,  47,  49,  50,  51,  52,  53,
     54,  56,  59,  62,  66,  70,  71,  76,  79,  80,  82,  83,  86, 103, 104, 106,
    111, 116, 119, 123, 125, 129, 130, 132, 136, 139, 140, 143, 148, 151, 155, 161,
    164, 168, 171, 174, 182, 185,   0,   1,   6,   7,   8,  11,  12,  14,  25,  26,
     30,  32,  34,  41,  44,  50,  59,  62,  63,  64,  65,  66,  67,  68,  69,  70,
     71,  72,  73,  74,  75,  76,  77,  78,  79,  80,  81,  82,  83,  86,  87,  98,
    103, 104, 106, 108, 146, 164, 170, 174, 177, 180, 182, 185, 189, 190,   0,   1,
      6,   7,   8,   9,  11,  12,  13,  14,  16,  17,  25,  30,  32,  33,  34,  37,
     38,  39,  40,  41,  44,  45,  46,  49,  51,  53,  59,  62,  63,  64,  65,  66,
     67,  68,  70,  71,  72,  74,  75,  76,  77,  78,  79,  80,  81,  84,  85,  86,
     87,  98, 103, 104, 106, 108, 110, 135, 142, 143, 144, 146, 149, 150, 151, 153,
    154, 155, 157, 158, 159, 160, 161, 166, 174, 175, 176, 177, 179, 180, 182, 184,
    185, 189, 190,   0,   1,   6,   7,   8,   9,  11,  12,  13,  14,  16,  18,  25,
     30,  33,  34,  35,  40,  41,  44,  50,  51,  52,  55,  56,  59,  62,  63,  64,
     65,  66,  67,  68,  69,  70,  71,  72,  73,  74,  75,  76,  77,  78,  79,  80,
     81,  84,  85,  86,  87,  98, 103, 104, 106, 108, 111, 123, 142, 143, 144, 145,
    146, 148, 150, 151, 152, 154, 155, 158, 159, 160, 161, 162, 164, 171, 172, 174,
    175, 176, 177, 179, 180, 182, 184, 185, 189, 190,   0,   1,   6,   7,   8,  11,
     12,  13,  14,  25,  30,  32,  33,  34,  35,  38,  40,  42,  43,  44,  45,  47,
     49,  51,  59,  62,  63,  64,  65,  66,  67,  68,  70,  71,  72,  74,  75,  76,
     77,  78,  79,  80,  81,  84,  85,  86,  87,  98, 103, 104, 106, 108, 112, 142,
    144, 145, 150, 151, 152, 156, 157, 160, 171, 173, 176, 177, 179, 180, 182, 185,
    189, 190,   0,   1,   6,   7,   8,   9,  11,  12,  13,  14,  15,  25,  30,  46,
     59,  62,  63,  64,  65,  66,  67,  68,  69,  70,  71,  72,  73,  74,  75,  76,
     77,  79,  80,  81,  84,  85,  86,  87,  98, 103, 104, 106, 108, 113, 143, 145,
    146, 151, 155, 159, 161, 163, 171, 172, 175, 176, 177, 179, 180, 182, 184, 185,
    189, 190,   0,   1,   6,   7,   8,  11,  12,  13,  14,  17,  25,  30,  32,  35,
     38,  39,  41,  42,  44,  45,  47,  49,  50,  51,  52,  53,  59,  61,  62,  63,
     64,  65,  66,  67,  68,  70,  71,  72,  73,  74,  75,  76,  77,  78,  79,  80,
     81,  84,  85,  86,  87,  98, 103, 104, 106, 108, 114, 117, 129, 141, 143, 144,
    146, 147, 149, 150, 151, 152, 153, 154, 155, 156, 157, 159, 161, 163, 164, 171,
    173, 174, 175, 176, 177, 179, 180, 182, 184, 185, 189, 190,   0,   1,   6,   7,
      8,  11,  12,  13,  14,  16,  25,  30,  32,  41,  51,  59,  62,  63,  64,  65,
     66,  67,  68,  70,  71,  72,  74,  75,  76,  77,  78,  79,  80,  81,  84,  85,
     86,  87,  98, 103, 104, 106, 108, 146, 147, 148, 159, 164, 166, 173, 174, 176,
    177, 179, 180, 182, 185, 189, 190,   0,   1,   6,   7,   8,  11,  12,  13,  14,
     26,  30,  43,  59,  62,  63,  64,  65,  66,  67,  68,  69,  70,  71,  72,  73,
     74,  75,  76,  77,  78,  79,  80,  81,  82,  83,  84,  85,  87,  98, 103, 104,
    106, 108, 127, 143, 148, 149, 151, 153, 155, 158, 159, 161, 164, 166, 168, 172,
    174, 176, 177, 179, 180, 182, 185, 189, 190,   0,   1,   6,   7,   8,   9,  11,
     12,  13,  14,  16,  20,  26,  30,  32,  33,  35,  40,  46,  59,  62,  63,  64,
     65,  66,  67,  68,  69,  70,  71,  72,  73,  74,  75,  76,  77,  78,  79,  80,
     82,  83,  84,  85,  86,  87,  98, 103, 104, 106, 108, 112, 117, 132, 142, 143,
    144, 145, 146, 147, 148, 149, 150, 151, 152, 153, 154, 155, 156, 157, 160, 161,
    162, 163, 164, 166, 167, 168, 169, 170, 171, 175, 176, 177, 179, 180, 182, 185,
    189, 190,   0,   1,   6,   7,   8,  11,  12,  13,  14,  16,  26,  30,  32,  33,
     34,  36,  37,  40,  42,  44,  45,  49,  50,  51,  52,  53,  59,  62,  63,  64,
     65,  66,  67,  68,  69,  70,  71,  72,  73,  74,  75,  76,  77,  78,  79,  80,
     81,  82,  83,  84,  85,  86,  87,  98, 103, 104, 106, 108, 118, 142, 143, 144,
    146, 149, 150, 151, 152, 153, 154, 155, 156, 157, 159, 160, 161, 164, 166, 167,
    170, 174, 175, 176, 177, 179, 180, 182, 184, 185, 189, 190,   1,   5,   6,   7,
      8,   9,  11,  12,  13,  14,  16,  17,  18,  19,  26,  30,  32,  33,  34,  35,
     36,  37,  39,  40,  41,  42,  43,  44,  45,  46,  47,  49,  51,  54,  56,  59,
     61,  62,  63,  64,  65,  66,  67,  68,  69,  70,  71,  72,  73,  74,  75,  76,
     77,  78,  79,  80,  81,  82,  83,  84,  85,  86,  87,  98, 103, 104, 106, 108,
    118, 119, 142, 143, 144, 146, 147, 149, 150, 151, 152, 153, 154, 155, 156, 158,
    159, 160, 161, 162, 164, 166, 167, 168, 169, 170, 172, 174, 175, 176, 177, 179,
    180, 182, 184, 185, 189, 190,   0,   1,   6,   7,   8,   9,  11,  12,  13,  14,
     16,  17,  26,  30,  32,  36,  39,  41,  42,  44,  45,  48,  51,  54,  55,  59,
     62,  63,  64,  65,  66,  67,  68,  69,  70,  71,  72,  73,  74,  75,  76,  77,
     78,  79,  80,  81,  82,  83,  84,  85,  86,  87,  98, 103, 104, 106, 108, 120,
    142, 144, 149, 150, 151, 152, 153, 155, 161, 162, 167, 168, 169, 174, 176, 177,
    179, 180, 182, 184, 185, 189, 190,   0,   1,   6,   7,   8,  11,  12,  13,  14,
     15,  16,  17,  18,  20,  21,  26,  30,  32,  33,  34,  35,  36,  37,  38,  40,
     42,  43,  44,  45,  46,  47,  49,  50,  51,  53,  55,  57,  59,  62,  63,  64,
     65,  66,  67,  68,  69,  70,  71,  72,  73,  74,  75,  76,  77,  78,  79,  80,
     81,  82,  83,  84,  85,  86,  87,  98, 103, 104, 106, 108, 117, 121, 142, 143,
    146, 149, 151, 152, 153, 157, 159, 160, 161, 162, 164, 167, 174, 175, 176, 177,
    179, 180, 182, 184, 185, 189, 190,   1,   6,   7,   8,  11,  12,  13,  14,  26,
     30,  32,  33,  34,  40,  44,  46,  59,  62,  63,  64,  65,  66,  67,  68,  69,
     70,  71,  72,  73,  74,  75,  76,  77,  78,  79,  80,  81,  82,  83,  85,  86,
     98, 103, 104, 106, 108, 122, 123, 142, 143, 146, 149, 150, 151, 153, 154, 155,
    156, 160, 161, 167, 168, 175, 176, 177, 179, 180, 182, 184, 185, 189, 190,   0,
      1,   6,   7,   8,   9,  11,  12,  13,  14,  15,  16,  26,  32,  33,  34,  35,
     36,  38,  39,  40,  42,  43,  44,  45,  46,  47,  49,  50,  51,  56,  59,  62,
     63,  64,  65,  66,  67,  68,  69,  71,  72,  73,  74,  75,  76,  77,  78,  79,
     80,  81,  82,  83,  85,  86,  97,  98, 103, 106, 108, 123, 128, 142, 143, 144,
    145, 148, 149, 151, 152, 153, 154, 155, 156, 158, 159, 160, 161, 162, 164, 166,
    168, 172, 174, 175, 176, 179, 182, 184, 185, 189, 190,   0,   1,   6,   7,   8,
     11,  12,  13,  14,  17,  19,  26,  30,  34,  36,  39,  42,  45,  48,  49,  50,
     53,  55,  56,  57,  59,  62,  63,  64,  65,  66,  67,  68,  70,  71,  74,  75,
     76,  77,  78,  79,  80,  82,  83,  84,  85,  86,  97,  98, 103, 104, 106, 108,
    124, 142, 144, 146, 148, 149, 150, 151, 152, 154, 156, 158, 159, 160, 162, 164,
    169, 174, 175, 176, 177, 179, 180, 182, 184, 185, 189, 190,   0,   1,   6,   7,
      8,  11,  12,  13,  26,  30,  59,  62,  63,  64,  65,  66,  67,  68,  69,  71,
     73,  74,  75,  76,  77,  78,  79,  80,  82,  83,  84,  85,  86,  98, 103, 104,
    106, 108, 125, 142, 143, 144, 146, 149, 150, 151, 152, 153, 154, 157, 159, 160,
    161, 162, 164, 167, 176, 177, 179, 180, 182, 184, 185, 189, 190,   0,   1,   6,
      7,   8,  11,  12,  13,  14,  16,  25,  26,  30,  38,  39,  59,  62,  63,  64,
     65,  66,  67,  69,  71,  72,  73,  74,  75,  76,  79,  80,  81,  82,  83,  84,
     86,  87, 103, 104, 106, 142, 143, 144, 148, 150, 151, 158, 161, 162, 164, 166,
    168, 170, 171, 172, 176, 177, 179, 180, 182, 184, 185,   0,   1,   6,   7,   8,
      9,  11,  12,  13,  14,  15,  26,  30,  35,  36,  44,  46,  49,  59,  62,  63,
     64,  65,  66,  67,  68,  69,  70,  71,  72,  73,  76,  77,  78,  80,  82,  83,
     85,  86, 103, 104, 106, 108, 127, 142, 143, 144, 145, 146, 147, 149, 150, 151,
    153, 154, 155, 156, 160, 161, 162, 163, 164, 167, 168, 170, 171, 173, 177, 180,
    182, 184, 185, 190,   0,   1,   6,   7,   8,   9,  11,  12,  13,  14,  25,  26,
     30,  33,  44,  45,  49,  51,  59,  61,  63,  64,  66,  67,  69,  70,  71,  72,
     73,  74,  75,  77,  79,  80,  81,  82,  83,  84,  85,  86,  87, 103, 104, 106,
    108, 122, 128, 149, 150, 151, 152, 153, 154, 155, 157, 159, 167, 168, 173, 174,
    176, 177, 179, 180, 182, 184, 185, 190,   0,   1,   6,   7,   8,   9,  11,  12,
     13,  14,  16,  17,  18,  22,  25,  26,  30,  36,  40,  42,  44,  45,  47,  59,
     63,  64,  66,  67,  69,  70,  71,  72,  73,  74,  75,  77,  79,  80,  81,  82,
     83,  84,  85,  86,  87, 100, 103, 104, 106, 108, 129, 149, 150, 151, 152, 153,
    155, 157, 159, 167, 168, 170, 171, 172, 174, 175, 176, 177, 179, 180, 182, 184,
    185, 190,   0,   1,   6,   7,   8,  11,  12,  13,  14,  16,  24,  25,  26,  30,
     39,  40,  49,  51,  59,  63,  64,  66,  67,  69,  70,  71,  72,  73,  74,  75,
     77,  79,  80,  81,  82,  83,  84,  85,  86,  87, 103, 104, 106, 108, 130, 149,
    150, 152, 153, 154, 155, 156, 157, 159, 167, 170, 172, 174, 175, 176, 177, 179,
    180, 182, 185, 190,   0,   1,   6,   7,   8,  11,  12,  13,  14,  25,  26,  30,
     59,  63,  64,  66,  67,  69,  70,  71,  72,  73,  74,  75,  77,  79,  80,  81,
     82,  83,  84,  86,  87, 103, 104, 106, 108, 131, 150, 155, 159, 170, 174, 177,
    179, 180, 182, 184, 185, 190,   0,   1,   6,   7,   8,   9,  11,  12,  13,  14,
     17,  18,  25,  26,  30,  33,  34,  35,  36,  37,  38,  39,  40,  42,  43,  44,
     45,  47,  49,  50,  51,  53,  59,  61,  63,  64,  66,  67,  69,  70,  71,  72,
     73,  74,  75,  77,  79,  80,  81,  82,  83,  84,  85,  86,  87, 103, 104, 106,
    108, 126, 132, 149, 150, 151, 152, 153, 154, 155, 156, 157, 159, 167, 170, 171,
    172, 174, 176, 177, 179, 180, 182, 185, 190,   7,   8,  15,  16,  17,  18,  19,
     20,  21,  22,  23,  24,  32,  33,  36,  40,  49,  56,  62,  63,  66,  70,  79,
     86, 177, 179, 180,   0,   1,   6,   7,   8,  11,  12,  13,  14,  22,  25,  26,
     30,  35,  37,  47,  59,  63,  64,  66,  67,  69,  70,  71,  72,  73,  74,  75,
     77,  79,  80,  81,  82,  83,  84,  85,  86,  87, 103, 104, 106, 108, 155, 174,
    175, 176, 177, 179, 180, 182, 185, 190,   0,   1,   6,   7,   8,  11,  12,  14,
     16,  25,  26,  30,  33,  37,  38,  42,  45,  49,  50,  57,  59,  62,  63,  64,
     65,  66,  67,  68,  69,  71,  73,  76,  77,  78,  79,  80,  82,  83,  85,  86,
     87,  98, 103, 104, 106, 108, 135, 142, 143, 144, 149, 150, 151, 152, 153, 160,
    162, 164, 167, 168, 174, 175, 176, 177, 179, 180, 182, 184, 185, 189, 190,   0,
      1,   6,   7,   8,  11,  12,  14,  16,  22,  25,  26,  30,  32,  33,  34,  36,
     37,  40,  42,  43,  44,  47,  51,  53,  54,  59,  62,  63,  64,  65,  66,  67,
     68,  71,  73,  76,  77,  78,  79,  80,  82,  83,  85,  86,  87,  98, 103, 104,
    106, 108, 122, 128, 136, 142, 143, 148, 149, 150, 151, 158, 160, 161, 162, 164,
    166, 167, 168, 170, 171, 172, 174, 175, 176, 177, 179, 180, 182, 184, 185, 189,
    190,   0,   1,   6,   7,   8,  11,  12,  14,  16,  25,  26,  30,  32,  33,  35,
     39,  43,  44,  45,  49,  50,  53,  59,  62,  63,  64,  65,  66,  67,  68,  69,
     71,  73,  76,  77,  78,  80,  81,  82,  83,  85,  86,  87,  98, 103, 104, 106,
    108, 137, 142, 143, 144, 146, 148, 149, 150, 151, 152, 153, 160, 169, 177, 179,
    180, 182, 184, 185, 189, 190,   0,   1,   6,   7,   8,  11,  12,  14,  16,  17,
     19,  20,  23,  25,  26,  30,  32,  33,  34,  35,  36,  38,  39,  40,  42,  43,
     44,  45,  47,  49,  50,  51,  52,  53,  59,  62,  63,  64,  65,  66,  67,  68,
     69,  71,  73,  76,  77,  78,  80,  82,  83,  85,  86,  87,  98, 103, 104, 106,
    108, 114, 138, 141, 142, 143, 144, 146, 148, 149, 150, 151, 152, 153, 160, 161,
    162, 163, 164, 167, 168, 169, 170, 171, 172, 174, 175, 176, 177, 179, 180, 182,
    184, 185, 189, 190,   0,   1,   6,   7,   8,  11,  12,  13,  14,  17,  25,  26,
     30,  35,  38,  40,  42,  43,  44,  46,  50,  51,  54,  59,  62,  63,  64,  65,
     66,  67,  68,  69,  70,  71,  72,  73,  74,  75,  76,  77,  78,  79,  80,  81,
     82,  83,  84,  86,  87, 103, 104, 106, 108, 143, 146, 148, 149, 155, 158, 161,
    164, 166, 168, 170, 171, 172, 175, 176, 177, 179, 180, 182, 184, 185, 190,   0,
      1,   6,   8,  11,  12,  13,  14,  25,  26,  30,  49,  59,  63,  64,  66,  67,
     69,  70,  71,  72,  73,  74,  75,  77,  79,  80,  82,  83,  84, 103, 104, 106,
    151, 155, 157, 168, 172, 174, 182, 185,   0,   6,   8,  11,  12,  13,  25,  26,
     30,  59,  62,  63,  64,  65,  66,  67,  68,  69,  70,  72,  73,  74,  75,  76,
     77,  79,  80,  81,  82,  83,  84,  86,  87, 103, 104, 106, 142, 147, 151, 173,
    182, 185,   0,   1,   3,   6,   7,   8,   9,  10,  11,  12,  13,  14,  15,  16,
     17,  18,  19,  20,  21,  22,  23,  24,  25,  26,  30,  32,  33,  34,  35,  36,
     37,  38,  39,  40,  41,  42,  43,  44,  45,  46,  47,  48,  49,  50,  51,  52,
     53,  54,  55,  56,  57,  59,  62,  63,  64,  65,  66,  67,  68,  69,  70,  71,
     72,  73,  74,  75,  76,  77,  78,  79,  80,  81,  82,  83,  84,  85,  86,  87,
     88,  89,  91,  92,  93,  94,  98, 103, 104, 106, 108, 109, 110, 111, 112, 113,
    114, 115, 116, 117, 118, 119, 120, 121, 122, 123, 124, 125, 126, 127, 128, 129,
    130, 131, 132, 134, 135, 136, 137, 138, 139, 140, 141, 142, 143, 144, 145, 146,
    147, 148, 149, 150, 151, 152, 153, 154, 155, 156, 157, 158, 159, 160, 161, 162,
    163, 164, 166, 167, 168, 169, 170, 171, 172, 173, 176, 177, 178, 179, 180, 181,
    189, 190, 194, 199, 201, 207,   0,   1,   2,   3,   6,   7,   8,  11,  13,  14,
     15,  16,  17,  18,  19,  20,  21,  22,  23,  24,  25,  26,  30,  32,  33,  34,
     35,  36,  37,  38,  39,  40,  41,  42,  43,  44,  45,  46,  47,  48,  49,  50,
     51,  52,  53,  54,  55,  56,  57,  59,  62,  63,  64,  65,  66,  67,  68,  69,
     70,  71,  72,  73,  74,  75,  76,  77,  78,  79,  80,  81,  82,  83,  84,  85,
     86,  87,  93,  98, 103, 104, 106, 108, 109, 110, 111, 112, 113, 114, 115, 117,
    118, 119, 120, 121, 122, 123, 124, 127, 128, 129, 132, 134, 136, 138, 139, 140,
    142, 143, 145, 146, 147, 149, 150, 151, 152, 153, 154, 155, 156, 159, 160, 161,
    164, 166, 168, 170, 171, 172, 174, 176, 177, 179, 180, 181, 189, 190, 194,   0,
      1,   3,   6,   7,   8,  11,  13,  14,  15,  16,  17,  18,  19,  20,  21,  22,
     23,  24,  25,  26,  30,  32,  33,  34,  35,  36,  37,  38,  39,  40,  41,  42,
     43,  44,  45,  46,  47,  48,  49,  50,  51,  52,  53,  54,  55,  56,  57,  62,
     63,  64,  65,  66,  67,  68,  69,  70,  71,  72,  73,  74,  75,  76,  77,  78,
     79,  80,  81,  82,  83,  84,  85,  86,  87,  91,  93,  98, 103, 104, 106, 108,
    109, 175, 176, 177, 179, 180, 181, 189, 190, 194, 202,   0,   1,   2,   3,   4,
      5,   6,   7,   8,   9,  10,  11,  12,  13,  14,  15,  16,  17,  18,  19,  20,
     21,  22,  23,  24,  25,  26,  28,  30,  31,  32,  33,  34,  35,  36,  37,  38,
     39,  40,  41,  42,  43,  44,  45,  46,  47,  48,  49,  50,  51,  52,  54,  55,
     57,  59,  62,  63,  64,  65,  66,  67,  68,  69,  70,  71,  72,  73,  74,  75,
     76,  77,  78,  79,  80,  81,  82,  83,  84,  85,  86,  87,  89,  90,  91,  93,
     95,  96,  98,  99, 101, 103, 104, 106, 108, 109, 110, 111, 112, 113, 114, 115,
    116, 117, 118, 119, 120, 121, 122, 123, 124, 127, 128, 129, 130, 131, 132, 133,
    134, 135, 136, 137, 138, 140, 142, 143, 144, 145, 146, 147, 148, 149, 150, 151,
    152, 153, 154, 155, 159, 160, 161, 162, 163, 164, 165, 166, 167, 168, 169, 170,
    172, 174, 175, 176, 177, 179, 180, 181, 182, 183, 184, 189, 190, 194, 196,   1,
      2,   6,   7,   8,   9,  10,  11,  12,  13,  14,  15,  16,  19,  21,  22,  25,
     26,  28,  30,  31,  32,  33,  34,  35,  36,  37,  39,  40,  41,  42,  43,  44,
     45,  46,  47,  48,  49,  51,  52,  53,  54,  55,  56,  57,  59,  62,  63,  64,
     65,  66,  67,  68,  69,  72,  73,  74,  75,  76,  77,  78,  79,  80,  82,  83,
     84,  85,  86,  87,  89,  90,  98, 103, 104, 108, 109, 110, 111, 112, 113, 114,
    115, 116, 117, 118, 119, 120, 121, 122, 123, 124, 125, 127, 128, 129, 130, 131,
    132, 134, 135, 136, 137, 138, 139, 142, 143, 144, 145, 146, 147, 148, 149, 150,
    151, 152, 153, 154, 155, 156, 157, 159, 160, 161, 162, 163, 164, 166, 167, 168,
    169, 170, 171, 173, 174, 175, 176, 177, 179, 180, 181, 184, 189, 190, 199,   0,
      2,   3,   4,   5,   7,   9,  10,  11,  12,  13,  14,  15,  16,  17,  18,  19,
     20,  21,  22,  23,  24,  25,  28,  30,  31,  32,  33,  34,  35,  36,  37,  38,
     39,  40,  41,  42,  43,  45,  46,  47,  48,  49,  50,  51,  52,  53,  54,  56,
     57,  62,  63,  64,  65,  66,  67,  68,  69,  70,  71,  72,  73,  74,  75,  76,
     78,  79,  80,  81,  82,  83,  84,  85,  86,  87,  95,  96,  98, 108, 110, 111,
    112, 114, 115, 116, 117, 119, 121, 123, 124, 127, 129, 130, 132, 134, 135, 136,
    138, 140, 141, 142, 143, 144, 146, 147, 148, 149, 151, 153, 155, 156, 161, 164,
    166, 168, 170, 175, 176, 177, 178, 179, 181, 184, 189, 190, 194, 199,   0,   1,
      2,   3,   4,   5,   6,   7,   8,   9,  10,  11,  12,  13,  14,  15,  16,  17,
     18,  19,  20,  21,  22,  23,  24,  25,  26,  27,  28,  30,  31,  32,  33,  34,
     35,  36,  37,  38,  39,  40,  41,  42,  43,  44,  45,  46,  47,  48,  49,  50,
     51,  52,  54,  55,  57,  58,  59,  60,  61,  62,  63,  64,  65,  66,  67,  68,
     69,  70,  71,  72,  73,  74,  75,  76,  77,  78,  79,  80,  81,  82,  83,  84,
     85,  86,  87,  88,  89,  90,  91,  93,  95,  96,  98, 101, 103, 104, 106, 108,
    109, 110, 111, 112, 113, 114, 115, 116, 117, 118, 119, 120, 121, 122, 123, 124,
    127, 128, 129, 130, 131, 132, 133, 134, 135, 136, 137, 138, 140, 142, 143, 144,
    145, 146, 147, 148, 149, 150, 151, 152, 153, 154, 155, 159, 160, 161, 162, 163,
    164, 165, 166, 168, 169, 170, 171, 174, 175, 176, 177, 179, 180, 181, 182, 183,
    184, 189, 190, 194, 196, 202, 211,   1,   2,   6,   7,   8,   9,  10,  11,  12,
     13,  14,  15,  16,  19,  21,  22,  25,  26,  28,  30,  31,  32,  33,  34,  35,
     36,  37,  39,  40,  41,  42,  43,  44,  45,  46,  47,  48,  49,  51,  52,  53,
     54,  55,  56,  57,  59,  62,  63,  64,  65,  66,  67,  68,  69,  72,  73,  74,
     75,  76,  77,  78,  79,  80,  82,  83,  84,  85,  86,  87,  89,  90,  98, 103,
    104, 108, 109, 110, 111, 112, 114, 115, 116, 117, 118, 119, 120, 121, 123, 124,
    127, 129, 131, 132, 134, 136, 138, 139, 143, 144, 146, 147, 148, 149, 150, 151,
    152, 153, 155, 156, 164, 166, 168, 170, 174, 175, 176, 177, 178, 179, 180, 184,
    189, 190,   0,   2,   3,   4,   5,   7,   9,  10,  11,  12,  13,  14,  15,  16,
     17,  18,  19,  20,  21,  22,  23,  24,  25,  28,  30,  31,  32,  33,  34,  35,
     36,  37,  38,  39,  40,  41,  42,  43,  45,  46,  47,  48,  49,  50,  51,  52,
     53,  54,  55,  56,  57,  62,  63,  64,  65,  66,  67,  68,  69,  70,  71,  72,
     73,  74,  75,  76,  78,  79,  80,  81,  82,  83,  84,  85,  86,  87,  93,  95,
     96,  98, 108, 110, 111, 112, 113, 114, 115, 116, 117, 118, 119, 120, 121, 122,
    123, 124, 127, 128, 129, 130, 131, 132, 133, 134, 135, 136, 137, 138, 139, 140,
    141, 142, 143, 144, 145, 146, 147, 148, 149, 150, 151, 153, 154, 155, 156, 160,
    161, 162, 163, 164, 165, 166, 167, 168, 169, 170, 171, 174, 175, 176, 177, 178,
    179, 180, 181, 184, 189, 190, 194, 199, 211,   1,   6,   8,   9,  11,  13,  14,
     16,  17,  18,  19,  20,  21,  22,  23,  24,  25,  30, 108, 177, 179, 180, 182,
    183, 190,   1,   6,   8,  11,  13,  15,  25,  32,  34,  36,  39,  42,  45,  46,
     50,  62,  64,  66,  98, 108, 115, 147, 177, 179, 180, 183, 189, 190,   0,   1,
      6,   7,   8,   9,  11,  13,  14,  15,  16,  17,  18,  19,  20,  21,  22,  23,
     24,  25,  26,  30,  32,  33,  34,  35,  36,  37,  38,  39,  40,  41,  42,  43,
     44,  45,  46,  47,  48,  49,  50,  51,  52,  53,  54,  55,  56,  57,  59,  62,
     63,  64,  65,  66,  67,  68,  69,  70,  71,  72,  73,  74,  75,  76,  77,  78,
     79,  80,  81,  82,  83,  84,  85,  86,  87,  89,  98, 103, 104, 106, 108, 110,
    117, 119, 120, 123, 132, 136, 137, 139, 142, 151, 164, 169, 174, 175, 176, 177,
    179, 180, 182, 184, 189, 190, 191,   0,   8,   9,  11,  13,  14,  25,  26,  30,
     98, 108, 176, 177, 179, 180, 189, 190,   6,   8,  11,  12,  13,  15,  16,  17,
     18,  19,  20,  21,  23,  24, 108, 177, 180, 187, 190,   8,  11,  12,  13,  14,
     25,  98, 108, 176, 179, 189, 190,   0,   1,   2,   3,   4,   5,   6,   7,   8,
      9,  10,  11,  12,  13,  14,  15,  16,  17,  18,  19,  20,  21,  22,  23,  24,
     25,  26,  27,  28,  30,  31,  32,  33,  34,  35,  36,  37,  38,  39,  40,  41,
     42,  43,  44,  45,  46,  47,  48,  49,  50,  51,  52,  53,  54,  55,  56,  57,
     58,  59,  60,  62,  63,  64,  65,  66,  67,  68,  69,  70,  71,  72,  73,  74,
     75,  76,  77,  78,  79,  80,  81,  82,  84,  86,  87,  88,  89,  90,  91,  93,
     95,  96,  98,  99, 101, 103, 104, 106, 108, 109, 110, 111, 112, 113, 114, 115,
    116, 117, 118, 119, 120, 121, 122, 123, 124, 125, 127, 128, 129, 130, 131, 132,
    133, 134, 135, 136, 137, 138, 139, 141, 142, 143, 144, 145, 146, 147, 148, 149,
    150, 151, 152, 153, 154, 155, 156, 157, 159, 160, 161, 162, 163, 164, 165, 166,
    167, 168, 169, 170, 171, 174, 175, 176, 177, 178, 179, 180, 181, 182, 183, 184,
    188, 189, 190, 194, 199,   0,   1,   2,   3,   4,   5,   6,   7,   8,   9,  10,
     11,  12,  13,  14,  16,  17,  18,  19,  20,  22,  23,  24,  25,  26,  28,  29,
     30,  31,  32,  33,  34,  35,  36,  37,  39,  40,  41,  42,  43,  44,  45,  46,
     47,  48,  49,  50,  51,  52,  53,  54,  55,  56,  57,  59,  63,  64,  67,  69,
     70,  71,  72,  73,  74,  75,  77,  79,  80,  81,  82,  83,  84,  85,  86,  87,
     89,  90,  91,  95,  98,  99, 103, 104, 106, 108, 109, 110, 111, 112, 114, 115,
    116, 117, 119, 123, 124, 127, 129, 130, 132, 134, 136, 138, 141, 149, 155, 156,
    168, 170, 174, 175, 176, 177, 178, 179, 180, 181, 182, 183, 184, 188, 189, 190,
    199,   0,  13,  59, 191,   0,   1,   6,   8,  11,  13,  14,  15,  16,  17,  18,
     19,  20,  21,  22,  23,  24,  25,  26,  30,  59, 103, 104, 106,   0,   1,   6,
      8,  11,  12,  13,  14,  15,  16,  17,  18,  19,  20,  21,  22,  23,  24,  25,
     26,  30,  59, 103, 104, 106, 108, 177, 180, 190,   0,   1,   6,   8,  11,  13,
     14,  15,  16,  17,  18,  19,  20,  21,  22,  23,  24,  25,  26,  30, 103, 104,
    106,   0,   1,   6,   8,  11,  13,  14,  16,  17,  18,  19,  20,  21,  22,  23,
     24,  25,  26,  30, 103, 104, 106, 177, 180,   0,   1,   6,   8,  11,  13,  14,
     15,  16,  17,  18,  19,  20,  21,  22,  23,  24,  25,  26,  30, 103, 104, 106,
      0,   1,   6,   8,  11,  13,  14,  15,  16,  17,  18,  19,  20,  21,  22,  23,
     24,  25,  26,  30, 103, 104, 106,   0,   1,   6,   8,  10,  11,  12,  13,  14,
     15,  16,  17,  18,  19,  20,  21,  22,  23,  24,  25,  26,  30,  59,  98, 103,
    104, 106, 108, 177, 180, 189, 190,   0,   1,   6,   8,  11,  13,  14,  15,  16,
     17,  18,  19,  20,  21,  22,  23,  24,  25,  30, 103, 104, 106,   0,   1,   6,
      8,  11,  13,  14,  15,  16,  17,  18,  19,  20,  21,  23,  24,  25,  26,  30,
     59, 103, 104, 106,   0,   1,   6,   8,  11,  13,  14,  15,  16,  17,  18,  19,
     20,  21,  22,  23,  24,  25,  26,  30, 103, 104, 106, 180,   0,   1,   6,   8,
     11,  13,  14,  15,  16,  17,  18,  19,  20,  21,  22,  23,  24,  25,  26,  30,
    103, 104, 106,   0,   1,   6,   8,  11,  13,  14,  15,  16,  17,  18,  19,  20,
     21,  22,  23,  24,  25,  26,  30, 103, 104, 106,   0,   1,   6,   8,  11,  13,
     14,  15,  16,  17,  18,  19,  20,  21,  22,  23,  24,  25,  26,  30, 103, 104,
    106,   0,   1,   6,   8,  11,  13,  14,  15,  16,  17,  18,  19,  20,  21,  22,
     23,  24,  25,  26,  30, 103, 104, 106,   0,   1,   6,   8,  11,  13,  14,  15,
     16,  17,  18,  19,  20,  21,  22,  23,  24,  25,  26,  30, 103, 104, 106,   0,
      1,   6,   8,  11,  13,  14,  15,  16,  17,  18,  19,  20,  21,  22,  23,  24,
     25,  26,  30, 103, 104, 106,   0,   1,   6,   8,  11,  13,  14,  15,  16,  17,
     18,  19,  20,  21,  22,  23,  24,  25,  26,  30, 103, 104, 106,   0,   1,   6,
      8,  11,  13,  14,  15,  16,  17,  18,  19,  20,  21,  22,  23,  24,  30, 103,
    104, 106,   0,   1,   6,   8,  11,  13,  14,  15,  16,  17,  18,  19,  20,  21,
     22,  23,  24,  25,  26,  30, 103, 104, 106, 180,   0,   1,   2,   3,   5,   6,
      7,   8,   9,  10,  11,  12,  13,  14,  15,  16,  18,  19,  20,  21,  22,  23,
     24,  26,  27,  28,  29,  30,  31,  32,  33,  34,  38,  40,  41,  44,  46,  48,
     49,  50,  51,  52,  53,  55,  56,  57,  58,  59,  60,  61,  62,  63,  64,  65,
     66,  67,  68,  69,  70,  71,  72,  73,  74,  75,  76,  77,  78,  79,  80,  81,
     82,  83,  85,  86,  89,  90,  98,  99, 100, 103, 104, 106, 107, 108, 110, 112,
    115, 117, 122, 124, 128, 129, 132, 133, 134, 141, 142, 143, 144, 145, 146, 147,
    148, 149, 150, 151, 152, 153, 155, 156, 158, 159, 160, 161, 162, 163, 164, 166,
    167, 168, 169, 170, 171, 172, 173, 174, 175, 176, 177, 179, 180, 182, 183, 184,
    185, 189, 190, 191,   0,   1,   2,   3,   5,   6,   7,   8,   9,  10,  11,  12,
     13,  14,  15,  16,  17,  18,  19,  20,  21,  22,  23,  24,  25,  26,  27,  28,
     29,  30,  31,  32,  33,  34,  35,  36,  37,  38,  39,  40,  41,  42,  43,  45,
     46,  47,  48,  49,  50,  51,  52,  53,  54,  55,  56,  57,  58,  59,  60,  61,
     62,  63,  64,  65,  66,  67,  68,  69,  70,  71,  72,  73,  74,  75,  76,  77,
     78,  79,  80,  81,  82,  83,  84,  85,  86,  87,  89,  90,  98,  99, 100, 103,
    104, 106, 107, 108, 110, 111, 112, 113, 115, 117, 118, 119, 120, 121, 122, 123,
    124, 128, 129, 130, 131, 133, 134, 140, 141, 142, 143, 144, 145, 146, 147, 148,
    149, 150, 151, 152, 153, 154, 155, 156, 157, 158, 159, 160, 161, 162, 163, 164,
    166, 167, 168, 169, 170, 171, 172, 173, 174, 175, 176, 177, 179, 180, 182, 184,
    185, 189, 190, 191,
};

static const int8_t merri11_italicKernSparseValues[] = {
      -2,   -6,   -6,   -7,   -5,  -25,   -8,   -3,   -7,   -3,   -3,  -10,   -7,   -5,   -1,   -6,
      -4,   -4,   -5,    2,    1,   -4,    1,    1,    1,    1,   -2,    2,    2,   -1,    2,   -4,
       2,   -4,    1,   -2,    6,    8,    9,    5,    6,  -15,   -8,    4,   -7,   -8,   -8,   -2,
      -8,    2,   -1,    2,    1,   -3,   -3,   -8,   -3,   -8,   -3,   -4,    2,   -2,    3,    9,
       1,    2,   -4,  -17,   -6,   -2,   -1,  -13,  -26,   -6,   -6,   -6,  -10,  -16,  -26,  -31,
     -30,  -23,  -37,  -26,  -38,  -20,  -26,  -65,  -38,  -71,  -43,  -62,  -27,  -22,  -21,  -16,
     -51,  -26,  -37,   -7,  -26,  -19,  -36,  -36,  -61,  -43,  -34,  -22,  -42,  -58,  -18,  -29,
     -19,  -18,  -19,  -25,  -19,  -19,  -19,  -18,  -18,  -25,  -18,  -28,  -18,  -28,  -18,  -19,
      -3,  -10,   -2,  -11,   -3,  -14,   -6,  -25,  -58,  -91,  -47,  -11,  -43,  -47,  -45,  -23,
     -47,  -12,  -20,  -21,  -12,  -14,  -28,  -28,  -44,  -27,  -47,  -28,  -34,  -22,  -25,  -16,
     -13,  -22,  -17,  -32,  -36,  -27,  -80,  -21,  -51,  -51,  -22,  -57,  -15,  -65,  -13,  -16,
     -13,  -45,  -44,  -58,  -58,  -47,  -53,  -54,  -56,  -44,  -29,  -18,  -18,  -18,  -18,  -16,
     -18,   -7,  -13,  -19,  -18,  -28,  -28,  -28,  -28,  -28,  -43,  -28,  -10,  -10,  -10,  -10,
      -3,  -19,  -28,  -35,  -47,  -43,  -41,  -42,  -43,  -48,  -43,  -28,  -44,  -39,  -37,    1,
     -24,   -2,   -1,  -34,  -26,  -29,  -44,  -39,  -36,  -38,  -44,  -20,  -25,  -24,  -23,  -17,
     -11,  -71,  -71,  -16,  -26,  -16,  -26,  -23,  -23,  -94,  -58,  -44,  -42,  -12,  -35,  -22,
     -31,  -11,  -24,  -24,  -15,  -41,  -18,  -33,  -28,  -22,   -6,  -23,  -24,  -23,   -8,  -16,
      -7,  -13,   -6,   -8,  -13,  -13,  -27,  -15,  -16,   -7,  -16,  -16,  -16,   -4,  -16,  -17,
     -17,  -16,  -16,  -16,  -16,   -7,  -16,   -7,  -16,   -9,   -7,  -10,  -12,  -11,  -19,  -16,
     -13,  -41,   -8,   -8,   -6,   -8,   -8,   -7,   -8,  -11,   -6,   -7,  -11,  -11,   -6,   -6,
      -7,   -5,   -8,   -6,   -9,   -3,   -3,    4,   -4,  -10,  -12,  -17,  -15,  -15,   -7,  -16,
     -16,   -7,  -10,  -10,   -8,   -6,   -7,  -11,  -18,  -11,  -18,  -11,  -16,   -7,  -23,  -23,
     -14,  -31,  -19,  -31,  -12,  -30,  -10,  -13,   -7,  -14,   -9,   -9,   -6,  -18,   -5,  -10,
      -2,  -14,  -10,  -14,  -18,  -24,  -37,  -35,   -9,  -32,  -27,  -25,  -12,   -2,  -26,   -2,
     -26,   -8,  -13,  -11,  -61,  -56,  -43,  -41,  -17,  -24,  -15,  -15,  -15,  -18,  -24,  -41,
      -2,  -35,  -39,  -40,  -15,  -24,  -24,  -49,  -49,  -56,  -59,  -34,   -2,  -16,  -41,  -41,
     -30,  -14,  -13,   -7,   -8,   -5,   -8,  -36,   -6,   -8,    4,   -3,   -2,   -2,   -2,    1,
      -2,   -3,  -10,   -2,   -2,   -3,   -2,   -3,   -5,  -26,   -6,  -21,  -19,   -3,  -25,   -5,
     -32,   -2,    2,   -8,   -5,   -7,   -9,   -5,   -5,   -6,   -6,    1,   -5,   -6,   -4,   -4,
      -9,   -7,   -4,  -10,   -4,   -1,  -18,    4,   -2,  -38,  -38,  -38,  -38,   -2,  -18,  -16,
     -26,  -31,  -30,  -23,  -37,  -26,  -38,  -20,  -26,  -56,  -38,  -56,  -41,  -58,  -27,  -22,
     -21,  -16,  -51,  -26,  -37,   -7,  -26,  -19,  -36,  -36,  -55,  -43,  -34,  -22,  -42,  -56,
     -18,  -29,  -19,  -18,  -19,  -25,  -19,  -19,  -19,  -18,  -18,  -25,  -18,  -28,  -18,  -28,
     -18,  -19,   -3,  -10,   -2,  -11,   -3,  -14,   -6,  -25,  -57,  -58,  -47,  -11,  -43,  -47,
     -45,  -23,  -47,  -12,  -20,  -21,  -12,  -14,  -28,  -28,  -44,  -27,  -47,  -28,  -34,  -22,
     -25,  -16,  -13,  -22,  -17,  -32,  -36,  -27,  -58,  -21,  -51,  -51,  -22,  -57,  -32,  -15,
     -56,  -13,  -16,  -13,  -45,  -44,  -56,  -56,  -47,  -53,  -54,  -55,  -44,  -29,  -18,  -18,
     -18,  -18,  -16,  -18,   -7,  -13,  -19,  -18,  -28,  -28,  -28,  -28,  -28,  -43,  -28,  -10,
     -10,  -10,  -10,   -3,  -19,  -28,  -35,  -47,  -43,  -41,  -42,  -43,  -48,  -43,  -28,  -44,
     -39,  -37,    1,  -24,   -2,   -1,  -34,  -26,  -29,  -44,  -39,  -36,  -38,  -44,  -20,  -25,
     -24,  -23,  -17,  -11,  -15,  -56,  -56,  -16,  -26,  -16,  -26,  -23,  -23,  -58,  -57,  -44,
     -42,  -12,  -35,  -22,  -33,  -31,  -12,  -19,  -43,  -35,  -35,  -35,  -19,  -45,   -6,  -29,
     -58,   -8,  -57,  -29,  -41,  -26,  -22,  -19,  -40,  -25,  -43,  -17,  -32,  -30,  -29,  -13,
     -50,  -50,  -40,  -15,  -33,  -14,  -16,  -43,  -17,  -16,  -17,  -40,  -17,  -16,   10,  -16,
     -16,  -18,  -16,  -42,  -16,  -42,  -17,  -22,  -14,  -12,   -8,   -8,   -9,   -8,  -15,   -8,
     -10,  -53,  -13,  -40,   -8,  -39,  -40,  -41,  -30,   -9,  -23,   -5,   -9,  -10,  -33,  -33,
     -41,  -14,  -40,  -33,  -27,  -32,  -36,  -32,  -29,  -24,  -16,  -26,  -26,  -59,   -9,  -48,
     -33,  -25,  -19,  -34,  -47,  -53,  -34,  -19,  -43,   -8,  -11,  -14,   -7,  -43,  -12,  -14,
     -14,  -14,  -14,  -14,  -14,  -11,  -43,  -16,  -16,  -14,  -16,  -12,  -14,    2,   -7,  -17,
     -16,  -42,  -42,  -38,  -42,  -42,  -50,  -37,  -12,  -12,  -12,  -12,   -8,  -17,  -28,  -26,
     -40,  -40,  -38,  -37,  -36,  -39,  -21,  -22,  -41,  -40,  -34,    6,  -32,  -11,   -9,  -25,
     -32,  -23,  -41,  -41,  -37,  -36,  -57,  -32,  -20,  -36,  -35,  -31,  -14,   -4,  -13,  -57,
     -57,  -12,  -19,  -20,  -12,  -19,  -20,  -33,  -33,  -32,  -35,  -10,  -10,  -47,  -42,  -39,
     -32,  -34,  -19,  -23,  -41,  -44,  -19,  -23,  -25,  -42,  -39,  -40,  -28,  -35,  -36,  -36,
     -20,  -35,  -12,  -32,  -32,  -15,  -45,  -19,  -26,  -22,  -26,  -20,  -20,   -6,  -26,  -20,
     -22,   -9,  -16,   -6,  -20,   -8,  -10,  -13,  -13,  -16,  -21,  -24,  -24,   -8,  -16,   -7,
     -15,  -15,  -15,   -3,  -15,  -16,  -18,  -15,  -15,  -11,  -15,   -6,  -15,   -6,  -16,  -11,
     -13,  -12,  -16,  -14,  -16,  -17,  -13,  -46,  -21,   -7,  -10,   -5,   -7,   -7,  -11,   -6,
     -13,  -10,  -10,  -13,  -12,  -11,  -11,   -7,   -9,   -7,  -11,  -10,   -6,   -8,   -4,   -1,
      -8,   -4,  -14,  -15,  -47,   -6,  -13,  -21,  -21,  -22,   -8,   -8,   -8,   -8,   -8,   -6,
      -7,  -15,  -15,  -15,  -15,  -16,  -16,  -16,   -8,  -15,   -6,   -6,   -6,   -6,  -23,   -6,
     -12,  -12,  -12,  -17,   -9,   -6,   -6,   -6,   -6,   -6,   -7,   -5,   -6,   -6,   -6,   -6,
     -10,  -10,   -9,   -7,   -6,   -6,   -6,   -6,   -6,   -8,   -8,   -8,   -4,  -26,  -26,  -18,
     -27,  -18,  -27,  -24,   -6,  -23,  -13,   -6,  -21,  -21,  -14,  -30,  -10,  -22,  -32,  -17,
     -39,   -3,   -9,  -10,   -4,  -24,   -6,   -8,   -2,  -12,   -2,   -9,   -9,  -23,  -34,   -6,
      -3,   -7,   -6,   -7,   -1,   -7,   -8,  -10,   -6,   -6,  -15,   -6,   -3,   -6,   -3,   -6,
      -3,   -1,   -1,   -6,   -5,  -34,  -14,   -2,  -11,  -14,  -12,   -8,  -14,   -6,   -6,   -7,
      -5,   -7,   -8,   -8,  -12,   -6,  -14,   -8,   -2,   -2,   -5,   -3,   -5,  -35,  -28,  -27,
     -32,  -32,   -7,  -21,   -7,  -21,  -31,  -25,  -24,  -63,  -46,  -54,  -27,  -58,  -38,  -26,
     -38,  -26,  -41,  -39,  -16,  -46,  -53,  -40,  -18,  -32,  -16,  -57,  -24,  -26,  -32,  -32,
     -34,  -33,  -32,  -31,  -17,  -30,  -30,  -30,  -14,  -30,  -32,  -33,  -30,  -30,  -31,  -30,
     -17,  -30,  -17,  -30,  -39,  -49,  -24,  -39,  -36,  -47,  -52,  -41,  -52,  -15,  -22,  -14,
     -16,  -15,  -29,  -16,  -25,  -27,  -29,  -25,  -25,  -26,  -26,  -15,  -25,  -16,  -27,  -21,
     -24,  -23,  -28,  -24,  -39,  -29,  -32,  -58,  -25,  -36,  -41,  -17,  -41,  -45,  -32,  -32,
     -32,  -30,  -30,  -32,  -32,  -30,  -17,  -17,  -17,  -24,  -24,  -24,  -15,  -15,  -15,  -27,
     -23,  -23,  -49,  -49,  -56,  -58,  -17,  -47,  -16,  -26,  -27,  -26,  -25,  -21,  -17,  -23,
     -44,  -29,  -16,  -26,  -16,  -28,  -32,  -16,  -37,  -16,  -15,  -38,  -38,  -25,  -38,  -14,
      -7,    2,   -3,  -28,   -8,  -10,  -27,   -3,  -25,   -5,   -6,   18,  -38,  -38,  -38,   43,
     -38,  -38,  -38,  -38,  -38,  -38,  -38,   20,   44,  -24,  -69,  -46,  -54,  -27,  -58,  -38,
     -26,  -38,  -25,  -41,  -40,  -15,  -46,  -58,  -41,  -17,  -32,  -15,  -68,  -24,  -26,  -32,
     -31,  -33,  -35,  -32,  -16,  -31,  -31,  -31,  -14,  -31,  -32,  -34,  -31,  -31,  -33,  -31,
     -16,  -31,  -16,  -31,  -42,  -52,  -23,  -41,  -38,  -49,  -53,  -44,  -52,  -15,  -22,  -14,
     -15,  -15,  -30,  -15,  -25,  -27,  -30,  -25,  -25,  -26,  -26,  -15,  -25,  -15,  -26,  -20,
     -24,  -23,  -30,  -26,  -45,  -32,  -32,  -21,  -59,  -24,  -24,  -36,  -41,  -17,  -33,  -34,
     -35,  -47,  -33,  -35,  -35,  -35,  -35,  -35,  -35,  -36,  -16,  -31,  -31,  -31,  -31,  -32,
     -32,  -32,  -32,  -19,  -31,  -16,  -16,  -16,  -16,  -16,  -16,  -23,  -23,  -23,  -23,  -53,
     -31,  -21,  -15,  -15,  -15,  -15,  -15,  -15,  -15,  -14,  -15,  -15,  -15,  -15,  -27,  -27,
     -27,  -27,  -15,  -26,  -15,  -15,  -15,  -15,  -15,  -15,  -23,  -23,  -23,  -23,  -32,  -22,
     -32,  -49,  -49,  -49,  -64,  -63,  -79,  -17,  -49,  -26,  -17,  -45,  -32,   -6,  -41,  -41,
     -26,  -30,  -25,  -41,   -7,   -6,  -21,  -14,   -3,   -9,  -27,  -15,  -16,  -36,  -10,  -35,
      -3,   -7,  -29,    8,   -7,  -25,   -6,   -6,   -6,  -22,   -6,   -7,  -14,   -6,   -6,   -2,
      -6,  -24,   -6,  -24,   -7,   -3,  -32,  -23,  -38,  -37,   -1,  -28,  -34,  -12,  -10,  -12,
     -12,  -13,  -15,  -12,  -12,  -13,  -15,  -12,  -11,  -13,  -13,  -13,  -11,  -12,  -13,   -5,
     -12,  -14,  -33,  -30,   -4,  -36,   -3,  -34,  -41,   12,  -41,  -41,  -41,  -41,   38,  -41,
     -41,  -41,  -41,  -41,  -41,  -41,   13,   39,   -2,   -5,  -17,  -15,   -9,   -5,  -20,  -10,
      -3,  -41,  -38,  -42,  -39,  -50,  -11,   -8,   -8,   -4,  -26,   -9,  -18,    2,  -10,   -7,
     -19,  -32,  -32,  -23,  -12,  -36,   -2,  -12,   -3,   -2,   -3,   -9,   -3,   -3,   -3,   -2,
      -2,   -8,   -2,  -12,   -2,  -12,   -2,   -6,    5,    3,   10,   12,   10,   -1,    6,  -17,
     -43,  -49,  -23,    1,  -20,  -22,  -21,  -10,  -22,   -1,   -8,   -9,   -2,  -13,  -13,  -21,
     -12,  -22,  -13,  -16,   -8,  -11,   -5,   -1,   -9,   -6,  -16,  -18,  -30,  -35,   -6,   -6,
     -30,  -13,  -28,  -36,  -36,  -31,  -34,  -35,  -36,  -24,  -12,   -2,   -2,   -1,   -2,   -2,
      -2,   -1,   -1,   -2,  -12,  -12,  -12,  -12,  -12,  -12,    3,    3,    3,    3,   10,   -3,
     -11,  -16,  -22,  -21,  -20,  -20,  -21,  -23,  -19,  -12,  -21,  -18,  -16,   16,  -11,    8,
      10,  -16,  -12,  -12,  -21,  -18,  -15,  -16,  -21,   -8,  -11,  -10,   -9,   -6,    1,   -3,
     -43,  -43,    2,   -9,  -49,    2,   -9,  -58,  -49,  -31,  -25,   -9,  -29,  -17,   -6,  -23,
     -17,   -4,   -3,   -8,  -11,  -15,  -10,   -5,  -15,  -11,  -36,   -6,  -13,   -2,  -17,   -6,
     -12,   -5,   -1,  -17,   -5,  -43,   -4,  -15,  -20,  -15,  -16,  -15,    6,  -14,  -15,  -13,
      -6,    4,   -8,   -2,   -3,   -6,  -11,  -14,  -14,   -3,   -7,    4,   -6,   -7,   -6,    9,
      -6,   -8,   -9,   -6,   -6,   -6,   -6,    5,   -6,    5,   -7,   -1,   -2,   -1,   -5,   -3,
     -10,   -8,   -5,  -15,  -37,  -13,  -71,    1,    2,   -1,    1,   -1,   -2,    1,   -2,   -1,
       1,   -1,    4,    3,    8,   13,    1,    7,   -4,   -6,  -40,  -15,   -5,    1,  -12,  -14,
     -14,   -4,  -10,    1,   -8,  -10,   -3,   -7,   -7,   -8,   -6,  -13,   -1,   -8,    1,    1,
       4,  -14,    3,    7,  -15,  -15,  -15,  -15,  -10,   -5,  -23,   -8,   -2,   -2,  -10,   -3,
      -1,   -8,  -38,  -24,  -16,  -24,  -12,  -38,  -27,  -29,  -30,  -40,   -9,  -40,   -7,  -10,
     -16,  -12,   -6,   -8,  -21,  -13,  -15,  -19,  -12,  -18,   -9,  -10,  -31,  -34,  -21,  -30,
     -12,    6,   -7,  -18,   -5,   -6,   -6,  -15,   -6,   -7,  -14,   -6,   -6,   -1,   -7,  -18,
      -6,  -18,   -8,   -5,  -17,  -15,  -13,  -12,   -1,  -12,   -4,  -21,  -36,  -36,  -42,  -12,
     -11,  -12,  -12,  -14,  -14,  -13,  -15,  -12,  -14,  -15,  -14,  -12,  -12,  -14,  -11,  -12,
     -12,   -6,  -12,  -13,  -14,  -11,   -5,  -15,   -7,  -21,  -37,  -41,  -22,  -15,  -27,  -36,
     -27,  -19,  -25,  -30,  -11,  -29,  -15,  -20,    6,   -6,   -6,   -7,   -7,  -33,  -15,  -12,
     -12,  -13,  -13,   -9,  -12,  -40,  -13,  -14,  -40,  -40,  -20,  -35,  -20,  -35,  -30,  -23,
     -11,  -25,  -24,  -24,  -27,  -18,  -10,  -24,   -1,  -22,  -13,   -8,  -11,   -1,  -22,  -13,
     -25,  -15,  -36,   -3,  -37,   -3,   -5,   -4,  -10,   -6,  -12,   -8,   -3,  -10,   -5,   -1,
      -3,  -25,  -16,   -9,  -24,   -3,   10,   -1,   -6,   -1,   -1,   -1,   -1,   -8,   -1,   -1,
       2,   -1,   -6,   -6,   -1,    2,   -5,   -8,   -8,   -7,    1,   -9,    3,  -17,  -34,  -24,
     -41,   -2,   -1,   -1,   -2,   -3,   -5,   -2,   -3,   -4,   -4,   -3,   -2,   -5,   -5,   -3,
      -4,   -2,   -6,   -1,   -2,   -3,    2,    1,   -1,   -1,  -16,  -35,  -38,  -11,   -3,  -18,
     -19,  -15,  -17,  -10,  -18,   -3,  -17,   -4,   -7,   10,   -1,  -16,   -8,   -9,   -2,   -2,
      -2,   -1,   -5,  -33,   -3,   -1,  -37,  -37,   -5,  -19,   -5,  -19,  -15,  -13,   -5,  -13,
      -9,   -9,  -20,   -6,  -13,   -3,  -19,   -5,  -10,  -10,    5,  -19,   -7,  -36,  -14,  -18,
     -14,  -17,  -11,  -11,    2,  -10,   -9,   -9,    3,  -14,    1,   -6,    3,   -5,   -9,  -12,
      -9,  -11,  -12,  -18,   -1,   -5,   -1,   -4,   -5,   -4,    5,   -4,   -6,   -9,   -4,   -5,
      -2,   -5,   -5,   -6,   -2,   -1,   -3,   -1,   -4,   -6,   -3,  -14,  -34,  -11,  -75,    2,
       4,    2,    2,   -3,    2,   -2,   -1,   -3,   -2,   -1,   -3,   -3,    1,   -2,    1,   -3,
      -5,   -1,   -1,    3,   -2,  -10,   -8,  -36,  -14,   -5,   -2,   -1,  -17,  -12,  -14,  -15,
     -20,   -3,  -18,   -2,   -9,   -5,   -5,   -6,   -5,  -13,   -1,   -6,    2,    2,    2,    3,
      -2,  -17,   -1,  -17,  -17,  -17,  -17,  -11,   -7,  -14,  -12,   -3,   -3,   -1,   -9,   -6,
      -8,  -49,  -10,  -15,  -33,  -49,  -10,  -36,  -34,  -24,  -16,  -24,  -12,  -10,   -1,  -23,
     -18,  -25,  -26,  -38,    1,  -20,  -13,  -17,  -13,  -11,  -20,  -23,   -1,   -3,   -9,   -4,
      -9,   -9,   -9,   -9,  -10,  -12,   -9,   -9,   -7,   -9,   -3,   -9,   -3,   -9,   -5,  -34,
      -7,  -23,  -20,  -13,  -35,   -9,  -42,  -37,  -14,  -64,   -3,    2,    1,  -10,   -6,   -8,
     -10,   -6,   -6,   -7,   -7,   -6,   -7,  -11,   -5,   -5,  -14,  -11,  -13,  -16,  -15,  -16,
     -37,  -20,   -7,  -25,   -2,  -31,  -48,  -20,  -27,  -30,   -7,  -32,  -28,  -14,   -3,   -9,
      -9,  -10,   -9,  -14,   -7,  -35,    1,    1,   -7,   -7,  -24,   -5,  -16,  -23,  -23,  -43,
     -44,  -43,  -44,  -31,  -21,  -19,  -35,  -39,  -39,   -2,  -16,   -8,   -6,  -22,   -9,  -15,
     -19,    1,  -22,  -10,  -25,  -14,  -17,  -19,  -16,  -16,  -14,   -1,  -15,  -13,   -9,    2,
     -16,  -10,  -12,  -13,  -14,   -8,  -14,  -18,  -15,   -3,   -2,   -4,   -2,   -4,   -4,   -5,
      -5,   -4,   -6,   -4,   -4,   -6,   -4,   -2,   -4,   -2,   -4,   -6,   -9,   -1,    1,   -2,
      -2,   -7,   -8,  -26,  -12,  -76,   -1,    1,  -10,   -3,   -6,   -9,   -2,   -3,   -8,   -8,
      -7,   -8,   -8,   -6,   -6,  -12,  -10,  -15,  -12,  -13,   -9,  -28,  -15,   -7,   -9,   -1,
     -21,  -16,  -15,  -19,  -17,   -9,  -16,   -7,  -15,   -2,   -4,   -4,   -2,   -4,  -17,   -2,
       1,   -7,  -16,   -5,  -12,  -17,  -17,  -11,  -25,  -11,  -25,  -19,  -11,  -19,  -22,  -14,
     -14,   -1,  -16,   -6,   -5,  -40,   -8,  -14,  -23,    3,  -40,   -8,  -37,  -23,  -16,  -12,
     -15,  -10,  -11,  -20,  -12,  -17,    4,  -17,    2,  -25,    2,  -10,   -9,  -10,   -6,  -12,
     -16,  -16,   -1,    1,   -5,   -1,   -5,   -5,   -5,    1,   -5,   -6,  -10,   -5,   -5,   -1,
      -5,   -1,   -5,   -1,   -6,   -3,  -22,   -4,  -11,   -9,   -7,  -17,   -4,  -23,  -34,  -10,
     -65,    1,   -1,    4,    1,    2,   -8,    1,   -3,   -5,   -8,   -3,   -3,   -6,   -6,    1,
      -4,    1,   -6,   -4,   -3,   -4,  -10,   -7,  -11,  -10,  -10,   -7,  -35,  -13,   -5,  -14,
     -22,  -34,  -13,  -18,  -20,   -6,  -22,  -16,  -11,    1,   -5,   -5,   -6,   -5,  -15,   -4,
     -17,    1,    2,    2,   -4,   -5,  -14,   -3,  -10,  -15,  -15,  -27,  -39,  -27,  -39,  -25,
     -11,  -13,  -25,  -29,  -29,  -12,   -5,   -2,   -5,  -14,  -12,   -5,  -15,   -5,  -16,  -18,
      -1,  -37,  -36,  -38,  -37,  -45,   -6,   -5,   -5,   -1,  -20,   -6,  -14,    4,   -7,   -3,
     -15,  -15,  -28,  -28,  -19,  -19,  -17,  -30,    1,   -8,    1,    1,   -4,    1,    1,    1,
      -7,    1,   -7,    1,   -7,    1,   -3,    9,    7,   14,   15,    1,   13,    1,    2,  -23,
     -38,  -73,  -18,    1,  -15,  -18,  -16,   -6,  -18,   -2,   -5,   -5,   -2,   -2,   -9,   -9,
     -16,   -9,  -18,  -10,  -13,   -4,   -7,   -1,    1,   -6,   -2,  -13,  -16,  -26,  -39,  -24,
       3,  -23,  -12,   -1,  -35,  -11,  -11,   -9,   -8,    6,  -22,  -30,    1,    1,    1,    1,
     -25,    7,   13,  -17,  -12,  -14,   10,   -8,  -37,   -7,   -2,  -39,  -39,    7,   -9,    7,
      -9,   -9,   -7,  -44,   -7,  -24,  -21,  -14,   -2,  -15,   -6,   -8,   -6,    2,  -15,  -10,
     -32,  -10,  -28,   -9,  -27,   -7,   -9,   -8,   -3,   -6,   -2,  -10,   -3,    4,   -1,   -5,
      -7,  -17,  -13,  -10,  -21,   -1,    3,   -3,   -1,   -3,   -3,   -3,   -2,   -3,   -8,   -3,
      -3,   -1,   -3,   -1,   -3,   -1,   -4,    1,   -1,   -1,   -3,  -11,  -36,  -16,  -64,   -1,
      -1,   -1,   -1,   -3,   -1,   -3,   -3,   -1,   -1,   -1,   -1,   -1,   -2,    1,    1,    6,
       1,   -6,  -14,  -38,  -23,   -7,    2,   -5,  -14,   -8,  -19,  -10,  -15,   -1,  -14,    1,
      -6,    3,   -3,   -3,   -3,   -3,  -12,   -1,   -3,   -1,    7,   -1,  -27,  -27,  -27,  -13,
     -13,  -10,   -7,   -9,   -8,   -2,   -2,   -5,   -6,   -8,   -2,  -14,   -6,  -11,   -3,   -2,
     -14,   -6,  -39,   -2,  -17,  -32,  -17,  -30,  -21,    4,  -13,  -16,  -12,   -4,   -5,    1,
      -4,   -3,    1,   -3,   -3,   -8,  -13,  -14,  -15,   -2,  -12,   -7,    3,   -7,   -7,   -7,
       8,   -7,   -9,  -10,   -7,   -7,  -11,   -7,    3,   -7,    3,   -7,   -2,    1,   -1,   -2,
      -2,  -12,   -6,   -7,  -12,  -38,  -18,  -82,   -3,   -1,   -1,   -3,   -2,    1,   -3,   -4,
       1,   -3,   -4,   -1,   -1,   -2,   -3,   -1,    4,    2,   10,   15,    1,   10,   -3,   -7,
     -39,  -19,   -8,    5,   -1,  -11,  -11,  -17,   -3,   -9,    1,   -7,    2,  -11,  -12,   -7,
      -7,   -9,   -7,  -13,   -1,   -6,   -3,   -2,   -2,    3,  -16,    2,   10,  -17,  -17,  -12,
     -12,   -9,   -5,  -35,   -5,   -1,  -10,   -3,  -28,  -28,  -12,  -30,  -11,   -1,  -15,   -4,
      -9,  -17,   -7,   -5,  -23,   -9,   -3,    7,   -6,   -3,   -5,   -6,   -5,    1,   -5,   -7,
     -12,   -6,   -6,   -6,   -2,   -6,   -2,   -6,  -14,   -9,  -16,  -15,   -1,  -22,   -2,  -35,
      -7,   -4,   -4,   -7,   -6,   -4,   -7,   -7,   -4,   -5,   -7,   -7,   -4,   -4,   -6,   -1,
      -7,   -5,   -2,    1,    2,    3,    1,  -12,  -37,  -16,   -3,  -11,  -10,  -10,  -29,  -29,
     -22,  -22,  -22,  -22,  -18,   -6,  -28,  -28,   -6,  -11,  -29,   -1,  -13,   -2,   -6,  -17,
      -5,   -4,  -23,   -9,   -3,  -13,  -13,  -16,   -3,  -10,  -10,  -10,  -29,  -29,  -22,  -22,
     -22,  -22,  -21,  -18,   -6,  -27,  -27,  -23,  -41,  -55,  -13,  -23,  -11,  -19,  -29,  -18,
     -18,  -17,  -13,  -11,  -48,  -18,   -5,  -15,  -14,  -14,  -14,  -14,  -12,  -14,  -15,  -22,
     -14,  -14,  -10,  -15,  -14,  -14,  -14,  -15,   -8,  -10,  -17,  -21,  -19,  -10,  -22,   -7,
     -16,  -14,  -15,  -16,  -17,  -12,  -16,  -17,  -10,  -12,  -17,  -16,  -10,  -10,  -17,   -9,
     -16,  -11,  -10,   -8,   -9,   -5,   -3,   -4,   -6,  -11,  -36,  -27,  -36,  -21,  -51,  -34,
     -32,  -34,  -25,  -10,  -39,  -39,  -37,  -13,  -21,  -14,  -40,  -12,  -14,  -19,  -22,  -24,
     -12,  -24,  -24,  -24,   -8,  -24,  -25,  -26,  -24,  -24,  -21,  -24,  -12,  -24,  -12,  -24,
     -14,  -24,  -18,  -30,  -26,  -35,  -39,  -26,  -48,  -12,  -16,  -11,  -12,  -12,  -15,  -12,
     -18,  -14,  -15,  -18,  -18,  -14,  -14,  -13,  -13,  -12,  -14,  -12,  -11,  -12,  -10,   -7,
     -13,  -11,  -15,  -19,  -30,  -36,  -33,  -30,  -30,  -30,  -30,  -10,  -23,  -24,  -18,  -19,
     -18,  -17,  -16,  -28,  -19,  -10,  -19,  -10,  -18,  -31,  -10,  -31,  -14,  -11,  -59,  -54,
     -17,  -50,  -18,   -6,  -37,  -51,  -34,  -10,  -28,   -6,  -57,  -13,  -16,  -12,  -48,  -22,
     -20,   -7,  -20,  -20,  -19,   -5,  -20,  -21,  -22,  -20,  -20,  -20,  -20,   -7,  -19,   -7,
     -20,  -33,  -46,  -13,  -29,  -27,  -42,  -45,  -33,  -44,   -7,  -12,   -5,   -7,   -6,  -18,
      -7,  -14,  -16,  -19,  -14,  -14,  -15,  -15,   -6,  -14,   -7,  -16,  -13,  -13,  -12,  -17,
     -14,  -31,  -19,  -25,    3,   -1,   -1,  -12,   -6,    2,  -31,  -52,  -29,  -27,  -13,  -13,
     -10,  -15,    5,   -4,    3,    5,    4,    3,    4,    2,    4,    4,   -2,    5,   -3,    5,
      -3,    5,    5,   15,   12,   21,   22,    8,   19,    7,  -13,  -21,    7,  -19,  -21,  -20,
     -21,    4,   -1,    5,    3,   -5,   -5,  -20,   -5,  -21,   -6,  -10,   -1,   -3,    2,    7,
      -1,    1,   -7,  -15,  -36,   -2,   -2,    1,  -17,  -18,  -52,  -52,   14,   -1,   14,   -1,
     -37,  -14,  -21,  -21,  -45,   -7,  -16,    4,  -17,  -16,  -16,   -1,   -8,  -14,   -1,   -2,
      -3,   -8,    2,   -8,   -8,   -8,    6,   -8,   -9,  -11,   -8,   -8,   -6,   -8,    2,   -8,
       2,   -8,   -4,   -5,   -2,  -10,   -9,  -12,  -13,   -9,  -38,  -39,   -1,    1,   -1,   -1,
      -1,   -1,   -4,   -1,   -1,   -4,   -3,   -1,   -1,   -1,   -1,   -1,   -2,   -1,    2,    1,
       6,   10,   -1,    5,   -5,   -1,  -11,   -8,  -18,   -8,  -18,   -1,  -12,    1,  -52,  -16,
      -4,   -1,  -52,  -14,  -18,  -40,  -36,    3,  -38,    5,    2,   -7,   -2,    6,    1,  -14,
      -4,   -5,  -23,   -1,  -16,    4,    1,  -27,  -27,   -8,  -19,   28,    3,  -10,    6,    4,
       5,   -8,    5,    4,   -1,    5,    4,   17,    4,  -10,    5,  -10,    3,    5,  -19,  -10,
     -30,  -26,   16,  -16,   11,  -47,  -29,  -28,  -43,   -1,    7,   -1,   -3,   -3,   -1,    2,
      -2,   -4,    3,    1,    1,    1,   -3,    1,   -1,    1,    4,   -1,   -3,  -17,  -13,    9,
     -19,    5,  -32,  -35,  -28,  -19,  -34,  -45,   -5,  -35,  -39,  -38,  -29,   -5,   28,   28,
      28,   28,   28,   28,   36,  -10,    4,    4,    4,    4,    4,    4,    4,    4,    6,    4,
     -10,  -10,  -10,  -10,  -10,  -23,  -10,  -10,  -10,  -10,  -10,  -16,    5,    4,   -1,   -1,
      -1,   -1,   -1,   -3,   -3,   -3,   -3,   -1,   -2,   -1,   -1,   -3,    1,   -3,   -3,   -3,
      -3,  -35,   -3,   -3,   -3,   -3,  -18,    6,  -18,  -38,  -38,  -41,  -46,  -41,  -48,  -31,
     -25,    2,  -25,  -19,   -4,   -1,  -19,   -3,   -7,    7,  -19,   -6,  -33,  -13,  -18,   -9,
     -18,   -6,   -7,    3,  -11,   -6,   -8,    2,  -10,    2,   -6,    6,   -4,   -3,   -7,   -9,
      -9,   -9,  -18,   -1,    5,   -2,    1,   -1,   -2,   -1,    5,   -1,   -2,   -8,   -2,   -2,
      -1,    1,   -1,    1,   -2,    4,   -2,   -1,   -3,   -2,   -1,   -6,  -15,  -33,  -11,  -67,
       3,    2,    5,    3,    3,   -1,    3,   -1,   -1,   -1,   -1,   -1,   -1,    2,   -1,    3,
      -1,   -1,    1,    1,    6,   -5,  -35,  -14,   -1,  -14,  -16,  -11,  -17,  -16,   -2,   -3,
       5,    5,    5,    5,    5,    5,    8,    1,   -2,   -2,   -2,   -2,   -2,   -2,   -2,   -2,
      -1,   -1,    1,    1,    1,    1,    1,  -11,    1,   -1,   -1,   -1,   -1,   -6,   -1,    3,
       3,    3,    3,    3,    3,    3,    4,    5,    3,    3,    3,    3,   -1,    6,    2,    2,
       2,    2,    2,    2,    2,  -18,  -18,  -16,  -16,  -10,   -7,   -8,  -11,   -1,   -3,   -2,
      -2,  -11,  -14,   -9,  -11,  -15,  -21,   -8,  -42,   -7,  -42,   -5,   -6,   -6,   -6,   -1,
      -1,  -14,   -9,   -6,   -1,   -6,   -3,   -7,  -41,  -19,  -10,  -22,   -6,    7,  -10,   -6,
      -4,    1,   -9,   -9,   -1,    1,    1,    1,    3,    5,    4,    2,    4,   -3,  -28,  -26,
     -63,   -4,   -1,   -3,   -4,   -5,   -5,   -4,   -3,   -3,   -5,   -2,   -2,   -5,   -5,   -5,
      -4,   -4,   -6,   -5,   -1,   -4,   -6,   -3,   -8,   -4,  -29,  -35,  -25,  -16,  -21,  -21,
     -20,  -15,    1,   -7,    7,    7,    7,    7,    7,    7,   10,  -10,   -9,   -9,   -9,   -9,
      -9,  -18,   -9,    1,    1,    1,    1,    2,   -4,   -4,   -4,   -4,   -4,   -4,   -4,   -4,
      -5,   -4,   -4,    3,   -4,    9,   -4,   -5,   -5,   -5,   -5,   -5,   -5,   -3,   -4,   -3,
      -3,   -8,  -42,  -42,  -14,  -14,  -11,   -7,  -35,  -24,   -7,   -4,   -1,  -16,   -4,  -11,
     -16,   -4,  -42,   -4,  -14,  -20,  -14,  -16,  -14,    8,  -13,  -15,  -12,    1,   -4,    5,
      -8,    2,    1,   -1,   -1,   -5,  -10,  -13,  -12,    1,   -2,   -5,    6,   -5,   -5,   -5,
      11,   -5,   -6,   -8,   -5,   -5,   -5,   -5,    6,   -5,    6,   -5,   -1,   -5,   -3,  -10,
      -8,   -4,  -14,  -35,  -12,  -77,    1,    2,    4,    1,    2,    2,    1,    1,    1,    2,
       2,    2,    3,    1,    1,    1,    6,    5,   10,   15,    2,    9,   -3,  -38,  -14,    3,
      -9,  -11,  -12,   -3,  -10,   -7,   -9,   -2,   -2,   -2,   -2,   -2,   -2,   -1,    6,   -5,
      -5,   -5,   -5,   -6,   -6,   -6,   -6,    2,   -5,    6,    6,    6,    6,    6,  -11,    6,
      -8,   -5,    1,    1,    1,    1,    1,    1,    1,    4,    2,    2,    2,    2,    4,    1,
       6,    6,    2,    2,    2,    2,    2,    2,    2,    6,    5,    6,    6,    9,    9,  -14,
     -14,  -14,  -14,   -9,  -24,   -8,   -2,   -1,  -21,  -13,   -6,  -21,  -14,  -21,  -17,  -40,
       1,  -42,   -2,   -6,   -7,    2,   -3,  -12,   -9,   -3,   -6,    2,  -14,   -3,  -35,  -19,
      -7,  -20,   -1,   14,  -10,    1,    1,   -6,    1,   -7,    1,    7,   -9,   -9,    5,   -5,
      -4,   -1,   -1,    8,   -1,    8,  -11,  -28,  -24,  -42,   -1,   -1,   -8,   -4,   -5,   -8,
      -3,   -3,   -5,   -5,   -1,   -4,   -5,   -1,   -3,   -4,  -10,   -8,    2,  -13,  -29,  -39,
     -22,  -43,  -23,  -30,  -26,  -22,   -6,   -6,   14,   14,   14,   14,   14,   14,   19,  -10,
       1,   -9,   -9,   -9,   -9,   -9,  -13,   -9,   -4,   -4,   -4,   -4,   -1,    1,   -1,    1,
      -1,   -1,   -1,   -1,   -5,    2,   -1,   -5,   -1,   -1,   -1,   -1,   -4,   -4,   -4,   -4,
     -13,   -1,  -13,  -41,  -41,   -1,  -23,   -1,  -23,  -16,   -1,  -32,  -23,   -2,   -2,   -3,
      -3,  -15,  -12,  -16,   -3,  -17,  -18,   -2,  -39,  -38,  -39,  -41,  -42,   -7,   -5,   -4,
     -27,   -8,  -18,    6,   -6,   -2,  -25,  -24,  -33,  -37,  -21,  -21,  -20,  -35,   -1,   -9,
      -3,   -1,   -2,   -6,   -3,   -2,   -3,   -2,   -2,  -10,   -1,   -8,   -1,   -8,   -1,   -2,
       9,    6,   10,   12,   10,  -26,  -37,  -74,  -27,   -2,  -24,  -27,  -25,   -7,  -27,   -3,
      -3,   -6,   -2,   -4,  -11,  -11,  -25,  -10,  -27,  -11,  -18,   -7,   -9,  -10,   -6,  -14,
     -11,  -18,  -28,  -43,    5,  -28,  -12,  -16,  -12,  -10,    6,  -23,  -35,  -35,  -34,  -34,
     -34,  -34,  -25,   -9,   -1,   -1,   -1,   -1,   -2,   -2,   -2,   -2,   -2,   -1,   -8,   -8,
      -8,   -8,   -8,  -32,   -8,    6,    6,    6,    6,   10,   -3,  -21,  -27,  -20,  -20,  -20,
     -22,  -28,  -18,  -25,  -18,  -18,    3,   -8,   12,   10,  -18,  -25,  -19,  -17,  -18,  -25,
      -6,   -8,   -6,   -6,  -11,   -5,  -40,  -40,    3,   -8,    3,   -8,  -10,  -62,  -22,  -29,
     -23,   -6,   -6,  -22,  -11,  -14,   -2,  -22,  -13,  -28,  -16,  -21,  -11,  -20,   -9,   -9,
      -3,  -11,   -6,   -6,   -3,  -14,   -3,   -8,  -12,   -7,  -11,  -12,  -19,  -14,  -19,   -5,
       3,   -3,   -4,   -3,   -3,   -3,   -2,   -2,   -4,   -7,   -2,   -3,   -3,   -4,   -3,   -4,
      -4,   -3,   -6,   -1,   -2,   -1,   -1,   -3,  -11,  -36,  -18,  -68,   -3,   -3,   -2,   -3,
      -3,   -9,   -3,   -5,   -7,   -8,   -5,   -7,   -8,   -8,   -4,   -6,   -3,   -8,   -5,   -5,
      -6,   -8,   -5,   -7,  -10,   -8,  -36,  -20,   -2,  -16,  -22,  -27,  -21,  -20,  -12,    3,
       3,    3,    3,    3,    3,    6,   -4,   -3,   -3,   -3,   -3,   -4,   -4,   -4,   -4,   -1,
      -3,   -4,   -4,   -4,   -4,   -4,  -18,   -4,   -1,   -1,   -1,   -1,   -3,   -3,   -2,   -3,
      -2,   -2,   -3,   -2,   -3,   -2,   -3,   -2,   -3,   -7,    2,    2,   -3,   -3,   -3,   -3,
      -3,   -4,   -6,   -6,   -6,   -6,  -10,   -9,  -21,  -21,   -1,  -24,   -1,  -24,  -16,  -12,
     -10,  -13,   -2,  -12,   -7,  -16,  -16,   -6,  -16,  -18,  -18,   -9,  -31,   -8,  -32,   -6,
      -6,   -8,   -5,   -1,  -12,   -5,   -9,   -1,   -5,   -6,   -7,   -8,  -20,  -25,  -15,  -14,
      -6,    6,   -9,    1,   -5,   -3,    3,   -8,    1,   -8,    1,    2,    4,    7,    9,    5,
       3,   -3,  -22,  -25,  -42,   -8,    1,   -7,   -7,   -9,   -6,   -8,   -3,   -5,   -2,   -5,
      -5,  -10,   -3,   -8,   -5,   -1,   -4,   -6,   -4,   -1,   -5,   -1,  -23,  -31,  -14,  -26,
     -16,  -15,  -11,  -14,  -12,   -1,  -16,    6,    6,    6,    6,    6,    6,   12,   -9,    1,
       1,    1,    1,    1,   -8,   -8,   -8,   -8,   -8,  -24,   -8,    2,    2,    2,    2,    5,
      -7,   -7,   -7,   -7,   -7,   -7,   -7,   -7,   -7,   -8,   -8,   -8,    5,   -5,    5,    9,
      -4,   -8,   -8,   -8,   -8,   -8,   -7,   -5,   -6,   -6,   -6,   -5,   -3,  -32,  -32,    1,
     -15,    1,  -15,  -16,  -12,   -8,  -16,  -14,  -14,   -1,   -2,  -17,  -18,  -11,   -8,  -17,
     -19,  -19,  -10,  -33,   -9,  -34,   -7,   -7,  -10,   -6,   -2,   -1,  -14,   -6,  -11,   -3,
      -6,   -8,   -8,   -9,  -22,  -27,  -16,  -16,   -8,    6,   -1,  -11,   -1,   -7,   -1,   -1,
      -4,    1,   -1,  -11,   -1,  -11,   -1,    3,    4,    8,    3,    2,   -5,  -23,  -28,  -47,
     -10,   -9,   -9,  -11,   -8,  -10,   -2,   -4,   -7,   -1,   -2,   -7,   -7,  -12,   -5,  -10,
      -7,   -3,   -5,   -9,   -7,   -3,   -2,   -8,   -3,  -25,  -33,   -1,  -17,  -29,  -18,  -14,
     -15,  -14,   -1,  -17,    6,    6,    6,    6,    6,    6,   12,  -11,   -1,   -1,   -1,   -1,
      -1,   -1,   -1,   -1,   -1,  -11,  -11,  -11,  -11,  -11,  -27,  -11,    3,   -1,   -2,   -8,
      -8,   -8,   -8,   -9,   -9,   -9,  -10,  -10,   -9,    4,   -6,    3,  -10,   -6,  -10,  -10,
     -10,  -10,  -10,   -8,   -8,   -9,   -8,   -8,  -34,  -34,  -17,  -17,  -17,  -14,   -9,  -18,
     -17,  -16,   -3,   -4,  -16,  -17,  -16,  -10,  -16,  -19,  -20,   -9,  -32,  -17,  -32,  -17,
     -15,   -8,   -9,   -7,   -5,  -12,  -10,  -10,   -4,   -8,   -7,  -13,  -14,  -20,  -26,  -21,
     -17,  -12,   -5,   -4,  -10,   -3,   -4,   -3,   -6,   -3,   -4,   -6,   -3,   -3,   -4,   -4,
      -9,   -3,   -9,   -4,   -5,    3,    4,    1,    4,   -1,   -4,  -24,  -25,  -24,  -11,   -3,
      -9,  -10,  -11,  -10,  -10,   -4,   -5,   -7,   -4,   -4,  -11,  -11,  -11,  -10,  -10,  -12,
     -12,   -8,   -9,   -6,   -2,   -8,   -6,  -13,  -24,  -32,  -15,  -17,  -13,  -14,  -13,  -21,
      -5,   -5,   -5,   -5,   -5,   -5,  -10,   -4,   -4,   -4,   -4,   -4,   -4,   -4,   -4,   -2,
      -4,   -9,   -9,   -9,   -9,   -9,   -9,    4,  -10,  -10,  -10,  -10,  -10,  -10,  -10,  -11,
      -9,  -10,  -10,  -10,    1,  -10,    2,    6,  -11,  -10,  -10,  -10,  -10,  -10,  -10,   -9,
      -9,   -9,   -9,   -6,  -33,  -33,    1,  -16,    1,  -16,  -17,  -19,  -17,  -15,  -22,   -3,
       3,  -15,  -20,   -6,   -6,  -15,  -18,  -14,  -10,  -50,   -1,  -52,    3,   -1,  -13,   -3,
       7,    5,  -27,   -3,  -12,   -1,   -4,  -14,    1,   -1,  -46,  -38,   -9,  -14,   -6,   21,
       6,  -16,    7,    7,    6,  -14,    6,    6,    6,    6,   13,    7,  -15,    7,  -15,    6,
       4,   -1,   -1,    5,    6,   18,    8,   12,   -4,  -21,  -40,  -43,   -7,    2,   -7,   -7,
      -9,   -6,   -7,    1,   -1,   -4,    1,   -5,   -5,   -9,   -3,   -7,   -6,    2,   -5,   -8,
     -21,  -17,    3,  -23,    2,  -24,  -50,  -38,  -55,  -22,  -28,  -21,  -16,   -9,   21,   21,
      21,   21,   21,   21,   28,  -16,    7,    7,    7,    7,    6,    6,    6,    6,    7,    7,
     -15,  -15,  -15,  -15,  -15,  -30,  -15,   -1,   -1,   -1,   -1,    8,    6,   -7,   -7,   -7,
      -6,   -7,   -7,   -6,   -7,   -8,   -9,   -8,   -8,    9,   -5,    8,   -4,   -9,   -9,   -8,
      -8,   -8,  -46,   -8,   -7,   -8,   -7,   -7,  -21,  -15,  -52,  -52,   -1,  -19,   -1,  -19,
     -20,  -34,  -38,   -7,    3,   -2,  -74,   -8,   -8,    6,  -58,  -10,  -23,  -59,  -31,  -31,
      -1,   -2,   -2,  -12,   -9,   -3,  -16,    1,  -30,    5,  -31,   -1,   -6,  -24,  -12,   -9,
     -21,   18,   -4,    1,    1,   -1,    1,   -1,   -8,    1,    1,    6,   -4,   -4,    5,  -34,
      -5,  -27,  -23,    2,  -27,    6,  -45,  -30,  -18,  -42,    5,   -1,    7,    5,    3,   -7,
       5,   -3,   -5,   -7,   -3,   -3,   -4,   -4,    3,   -3,    4,   -4,   -3,   -3,   -3,  -17,
     -14,    1,  -19,  -32,  -24,  -54,  -10,  -42,  -41,  -70,  -66,  -55,  -55,   -2,   18,   18,
      18,   18,   18,   18,   19,   -4,   -1,   -1,   -1,   -1,    1,   -4,   -4,   -4,   -4,   -4,
     -12,   -4,   -5,   -5,   -5,   -5,  -27,    1,    5,    5,    5,    5,    5,    5,    5,    3,
       3,    3,    3,   -5,   -5,   -5,   -5,   -4,    3,    3,    3,    3,    3,    3,   -3,   -3,
      -3,   -3,  -19,  -19,  -30,  -30,  -49,  -49,  -61,  -76,  -29,   -2,  -29,   -9,   -2,   -3,
       1,  -23,  -17,   -7,   -2,  -23,  -16,  -19,  -16,  -32,   -3,  -33,   -1,   -1,   -8,   -6,
     -12,   -4,   -6,   -8,   -2,  -12,   -2,  -21,  -23,  -10,  -16,   -2,   19,    2,  -10,    3,
       3,    3,   -7,    2,    2,   -3,    3,    3,   11,    2,  -10,    3,  -10,    1,    3,   -4,
      -2,   -1,   -1,   14,    6,  -10,  -25,  -25,  -43,   -3,    3,   -3,   -3,   -5,   -4,   -4,
      -1,   -1,   -4,   -1,   -2,   -2,   -5,   -2,   -4,   -2,    1,   -2,   -5,   -8,   -4,    2,
     -10,  -27,  -31,   -6,  -15,  -28,  -24,  -10,  -18,  -21,  -18,   -6,   -9,   19,   19,   19,
      19,   19,   19,   26,  -10,    3,    3,    3,    3,    2,    2,    2,    2,    4,    2,  -10,
     -10,  -10,  -10,  -10,  -23,  -10,   -2,   -2,   -2,   -2,    2,   -3,   -3,   -3,   -3,   -3,
      -3,   -2,   -3,   -3,   -4,   -4,   -4,    3,   -3,    2,    5,   -2,   -4,   -5,   -4,   -4,
      -4,   -3,   -5,   -5,   -5,   -5,  -10,    3,   -8,  -33,  -33,   -6,  -23,   -6,  -23,  -20,
      -2,  -18,  -15,   -8,   -2,  -12,  -15,  -13,   -8,  -12,  -16,  -19,   -5,  -30,  -14,  -30,
     -15,  -14,   -5,   -7,   -5,   -2,  -10,   -7,   -7,    1,   -4,   -4,  -11,  -12,  -19,  -23,
     -18,  -14,  -10,   -1,   -7,   -3,   -3,   -1,   -7,   -7,   -1,    5,    5,    9,   10,    5,
       8,   -2,  -22,  -23,  -62,   -9,   -7,   -8,   -9,   -7,   -8,   -2,   -4,   -8,   -8,   -9,
      -7,   -8,   -8,  -10,   -4,   -5,   -3,   -5,   -3,  -11,  -23,  -30,    1,  -12,  -24,  -13,
      -6,  -23,  -10,  -11,  -10,    4,  -19,   -1,   -1,   -1,   -1,   -1,   -1,    1,   -7,   -7,
      -7,   -7,   -7,   -7,  -23,   -7,    5,    5,    5,    5,    8,   -8,   -8,   -8,   -8,   -8,
      -8,   -9,   -6,   -7,   -8,   -8,   -8,    6,   -6,    6,   11,   -8,   -8,   -8,   -8,   -8,
      -8,  -30,   -8,   -4,   -5,   -5,   -4,   -3,  -30,  -30,    4,  -13,    4,  -13,  -14,  -18,
     -14,  -12,  -19,   -3,   -3,  -20,   -6,  -14,   -1,  -20,   -6,  -45,   -7,  -16,  -21,  -15,
     -16,  -16,    5,  -15,  -17,  -15,   -7,    2,  -12,   -1,   -4,   -4,   -6,  -12,  -16,  -15,
      -1,   -4,   -8,    2,   -8,   -8,   -7,    7,   -7,   -9,  -10,   -7,   -7,   -7,   -8,    1,
      -7,    2,   -8,   -3,   -4,   -1,   -8,   -6,  -12,  -12,   -8,  -18,  -38,  -13,  -75,   -1,
       1,   -1,   -1,   -1,   -3,   -1,   -3,   -3,   -1,   -1,   -1,   -1,   -2,   -1,    2,    1,
       6,   11,    5,   -5,  -41,  -16,  -11,  -13,   -5,  -12,  -10,   -2,  -12,   -4,   -4,   -4,
      -4,   -4,   -4,   -3,    2,   -8,   -8,   -8,   -8,   -9,   -9,   -9,   -9,   -8,    2,    2,
       2,    2,    2,  -14,    2,   -1,   -1,   -1,   -1,  -12,   -7,    1,   -1,   -1,   -1,   -1,
      -1,    1,    2,    1,   -1,   -1,   -1,   -1,   -1,   -1,   -1,   -1,    1,    1,    1,    1,
       5,    5,  -16,  -16,   -6,  -17,   -6,  -17,  -13,  -24,   -1,  -12,   -4,   -1,   -2,   -5,
      -7,  -10,   -2,   -6,  -27,    1,  -22,  -38,  -23,  -41,  -25,    5,   -7,   -8,   -4,  -12,
      -2,    3,   -2,    8,    1,    1,  -12,  -10,   -9,  -15,   -5,  -20,   -4,    4,   -4,   -4,
      -4,    9,   -4,   -5,   -5,   -4,   -4,   -9,   -3,    4,   -4,    4,   -4,    1,   11,    1,
       4,    6,   -6,    1,   -1,   -5,  -30,  -20,  -82,   -5,    1,   -2,   -5,   -4,    4,   -5,
      -2,    4,    3,   -2,   -2,    3,    3,   -4,    5,   -5,    3,    3,    8,    7,   17,   23,
       8,   16,  -32,  -31,   -4,  -16,   -7,  -22,    2,   -4,   -2,   12,   -6,  -20,  -20,  -20,
     -20,  -20,  -20,  -22,    4,   -4,   -4,   -3,   -4,   -4,   -4,   -4,   -4,   -3,    4,    4,
       4,    4,    4,  -10,    4,    1,    1,    1,    1,    1,   -4,   -5,   -5,   -5,   -5,   -5,
      -5,   -6,   -2,   -3,   -4,   -3,   -3,    7,    4,   14,   10,    3,   -3,   -3,   -3,   -3,
      -3,   -4,    7,    7,    7,    7,   16,   16,  -23,  -23,    3,   -3,    3,   -3,   -3,  -68,
      -2,   -6,   -5,   -2,   -3,  -20,   -6,  -13,   -1,  -20,   -6,  -10,   -7,  -16,   -2,  -15,
     -16,    5,    5,  -14,  -16,  -15,   -7,    2,  -12,   -1,   -3,   -1,   -6,  -12,  -16,  -15,
      -1,   -3,   -7,    2,   -6,   -7,   -6,    7,   -6,   -8,   -6,   -6,   -6,   -7,    2,   -6,
       2,   -7,   -3,   -4,   -1,   -8,   -6,  -11,  -11,   -8,  -18,  -14,  -13,   -3,   -1,    1,
      -1,   12,   -3,   10,   -3,   -3,   -1,    4,   -1,   -1,   -1,    2,    1,    6,   11,    9,
      -4,  -14,  -16,  -13,  -13,   -5,  -12,  -10,  -12,   -3,   -3,   -3,   -3,   -3,   -3,   -2,
       2,   -7,   -7,   -7,   -7,   -8,   -8,   -8,   -8,   -7,    2,    2,    2,    2,  -14,   -1,
      -1,   -1,   -1,  -11,   -6,   -1,   -1,   -1,   -1,    6,    2,    1,   -1,   -1,   -1,    1,
       1,    1,    1,    4,  -16,  -16,   -6,  -17,   -6,  -17,  -13,  -21,   -1,  -12,    4,  -20,
     -14,   -4,   -3,  -20,  -14,  -21,  -14,  -38,   -2,  -41,    2,   -1,   -7,   -5,    4,  -18,
      -1,   -7,   -7,   -1,   -5,    2,   -1,  -31,  -21,   -8,  -20,   -2,   19,    1,   -9,    2,
       1,    1,   -5,    1,    1,   -5,    1,    1,    8,    1,   -9,    1,   -9,    1,    7,   -4,
      -8,   -6,   -5,    8,   -6,    9,  -16,  -31,  -34,  -43,   -4,    5,   -4,   -4,   -6,   -2,
      -5,   -1,   -3,   -6,   -5,    2,   -2,    2,    8,   -1,    4,  -35,  -44,   -2,  -26,  -38,
     -18,  -10,  -18,  -16,   -3,   -8,   19,   19,   19,   19,   19,   19,   26,   -9,    1,    1,
       1,    1,    1,    1,    1,    1,    3,    1,   -9,   -9,   -9,   -9,   -9,  -19,   -9,   -8,
      -8,   -8,   -8,   -6,    1,   -4,   -4,   -4,   -4,   -4,   -4,   -3,   -5,   -5,   -5,   -5,
      -2,    1,   -6,   -5,   -5,   -5,   -5,   -5,  -38,   -5,   -2,   -2,   -2,   -2,   -1,    4,
      -1,  -42,  -42,   -1,  -18,   -1,  -18,  -13,  -20,  -28,   -6,    3,   -2,  -16,   -7,   -9,
       5,  -16,  -10,  -24,  -11,  -23,   -8,  -22,   -6,   -8,   -1,   -8,   -2,   -4,    1,  -12,
       1,   -3,    4,   -8,   -6,   -9,  -14,  -12,  -10,  -18,   -2,    5,   -1,   -3,   -1,   -1,
      -1,   -3,   -1,   -1,   -2,   -2,   -1,    1,   -1,    1,    1,    3,    1,    1,   -7,  -29,
     -13,  -62,    1,    1,    2,    1,    1,   -4,    1,   -1,   -1,   -4,   -1,   -5,   -5,   -3,
       1,   -6,   -4,   -1,   -3,   -6,   -3,   -5,   -8,   -7,  -30,  -18,   -2,   -1,  -17,  -19,
     -17,  -26,  -22,  -19,   -5,    5,    5,    5,    5,    5,    5,    9,   -3,   -2,   -2,   -2,
      -2,   -2,  -14,   -2,    1,    1,    1,    1,   -1,    1,    1,    1,    1,    1,    1,    1,
       2,    1,    1,    1,    1,    4,   -3,    9,    8,   -4,   -2,   -2,   -2,   -2,   -8,   -7,
     -22,  -22,  -18,  -18,  -12,   -8,  -16,   -1,   -6,   -4,   -1,   -8,   -6,  -12,   -1,   -9,
     -14,  -47,  -32,  -52,  -30,  -25,   -2,    2,  -22,   -1,   -9,   12,   -1,    7,  -11,  -12,
     -43,  -21,   -9,  -20,  -14,  -16,    3,   -1,    2,    3,    2,    3,    2,    2,    1,    3,
       3,   -3,    3,   -1,    3,   -1,    3,    5,   16,   12,   21,   23,    7,   18,    6,    7,
     -21,  -29,  -65,  -23,    2,  -18,  -22,  -20,    1,  -23,    4,    1,    1,   -4,   -4,  -19,
      -2,  -22,   -4,   -8,    2,   -1,   13,   18,    5,   12,   -6,  -23,  -57,   16,  -34,  -60,
      -7,  -39,   -6,   -7,   -5,   16,  -12,  -16,  -16,  -16,  -16,  -16,  -16,  -10,   -1,    3,
       3,    3,    3,    2,    2,    2,    2,    2,    3,   -1,   -1,   -1,   -1,   -1,  -19,   -1,
      12,   12,   12,   12,   18,    2,  -17,  -22,  -16,  -16,  -16,  -18,  -23,  -18,  -14,  -20,
     -13,  -13,   15,   19,   19,  -14,  -19,  -14,  -13,  -14,  -44,  -19,   -1,    1,    1,   12,
     -53,  -53,   10,   10,   -1,  -36,  -28,  -36,  -11,   -2,   -1,   -8,  -10,  -10,   -2,   -8,
     -12,  -18,   -2,  -24,  -21,  -24,  -17,  -18,   -6,   -5,   -5,   -5,   -2,    2,   -1,   -1,
      -9,   -9,  -13,  -18,  -16,  -10,   -6,   -6,   -1,   -1,   -1,    9,    9,   12,   14,    3,
      12,    1,  -21,  -17,  -69,   -4,    5,   -2,   -4,   -4,   -2,   -4,    2,    2,   -1,    3,
       2,   -3,   -3,   -4,   -1,   -4,   -3,   -6,    1,   -1,    1,    6,   -2,    1,  -10,  -23,
     -23,    4,   -3,  -18,  -10,   -7,  -10,   -6,  -16,   -6,   -6,   -6,   -6,   -6,   -6,   -3,
      -1,    3,   -1,   -1,   -1,   -1,   -1,  -18,   -1,    9,    9,    9,    9,   12,   -3,   -3,
      -3,   -3,   -3,   -3,   -5,   -2,   -2,   -3,   -2,   -2,   11,   -1,   -3,   -3,   -3,   -3,
      -3,   -3,    1,    1,  -24,  -24,    9,  -10,    9,  -10,  -11,  -24,   -9,   -3,  -15,   -1,
       3,   -1,  -14,   -8,  -11,   -1,  -13,  -11,   -1,  -40,  -38,  -41,  -40,  -43,   -4,   -3,
      -1,    3,  -23,  -15,   11,   -3,  -17,  -17,  -30,  -30,  -20,  -13,  -20,  -31,    3,   -6,
       1,    3,    2,   -2,    2,    3,    3,    3,    3,   -2,    3,   -5,    3,   -5,    3,   18,
      11,   22,   24,   11,   22,    6,    8,  -17,  -37,  -78,  -21,    6,  -17,  -21,  -19,   -4,
     -21,    3,   -1,    3,    2,  -11,  -11,  -19,  -10,  -20,  -12,  -15,   -4,   -9,   -3,   -8,
      -4,  -14,  -17,  -43,   10,  -28,   -6,   -9,   -8,   -4,   14,  -24,  -31,  -31,  -30,  -31,
     -31,  -31,  -16,   -6,    3,    3,    3,    3,    3,    3,    3,    3,    4,    3,   -5,   -5,
      -5,   -5,   -5,  -27,   -5,   11,   11,   11,   11,   22,    2,  -12,  -21,  -14,  -11,  -12,
     -16,  -21,  -17,   -8,  -19,  -10,   -8,   17,   -6,   17,   23,   -8,  -19,  -10,   -8,   -8,
     -19,   -5,   -8,   -5,   -5,   -4,    1,  -42,  -42,   17,   -1,   17,   -1,   -8,  -49,  -21,
     -29,  -23,    2,    6,  -12,   -5,   -8,   -9,   -7,    1,  -36,  -38,  -38,  -38,  -38,   -1,
       3,    8,  -18,    1,  -13,   15,    3,  -14,  -14,  -27,  -27,  -18,  -12,  -16,  -24,    8,
      -3,    8,    8,    8,    8,    8,    7,    8,    8,    1,    9,   -2,    8,   -2,    8,    3,
      21,   17,   28,   30,   17,   29,   10,   13,  -16,  -32,  -73,  -17,   11,  -15,  -17,  -16,
      -1,  -17,    8,    3,    1,    8,    6,   -9,   -9,  -16,   -8,  -17,   -9,  -12,   -1,   -6,
      -1,    2,   -6,   -2,  -12,  -15,  -39,  -22,  -34,   -4,  -35,   -7,   -5,   -3,  -22,  -24,
     -24,  -23,  -24,  -24,  -24,  -12,   -3,    8,    8,    8,    8,    8,    8,    8,    8,    9,
      -2,   -2,   -2,   -2,   -2,   -2,   17,   17,   17,   17,   29,    8,   -8,  -17,  -10,   -8,
      -8,  -13,  -17,   -4,  -16,   -6,   -4,   21,   -2,   22,   28,   -5,  -16,   -6,   -4,   -5,
     -16,   -1,   -6,   -2,   -2,   -1,    4,  -39,  -39,   21,    1,   21,    1,   -6,  -44,  -19,
     -23,  -21,    6,    1,   -9,  -21,   -7,   -8,   -9,  -18,  -12,   -6,  -52,   -3,  -54,   -3,
      -4,  -13,   -3,    5,    4,  -26,   -3,  -15,    1,   -4,  -10,   -2,   -4,  -47,  -39,  -11,
     -13,   -9,   17,    7,  -16,    7,    8,    7,  -13,    7,    7,    2,    7,    7,   13,    7,
     -15,    8,  -15,    6,    3,    3,    2,   11,   12,   20,   12,   10,   -1,  -20,  -41,  -43,
     -10,    3,  -10,  -11,  -12,   -6,  -11,    1,   -3,   -5,    1,    1,   -8,   -8,  -13,   -7,
     -11,   -8,   -3,   -6,  -11,  -19,  -16,    1,  -21,   -1,  -22,  -52,  -41,  -56,  -17,  -23,
     -15,  -12,  -14,   17,   17,   17,   17,   17,   17,   24,  -16,    8,    8,    8,    8,    7,
       7,    8,    7,    7,    7,  -15,  -15,  -15,  -15,  -15,  -31,  -15,    2,    2,    2,    2,
      12,    7,   -9,  -10,   -9,   -9,   -9,   -9,  -12,  -10,   -9,   10,   -6,   10,   14,   -7,
     -10,  -12,  -11,  -10,   -9,  -10,   -9,   -9,  -54,  -54,    1,  -14,    1,  -14,  -17,   -3,
     -35,  -41,  -11,    4,   -1,  -18,   -8,  -12,   -1,  -14,   -9,  -49,  -28,  -50,  -27,  -27,
      -7,   -3,    5,  -30,  -16,   11,   -4,  -19,  -20,  -41,  -37,  -20,  -14,  -22,  -13,    6,
      -9,    5,    6,    5,   -5,    5,    5,    3,    6,    6,    1,    6,   -8,    6,   -8,    5,
      16,   13,   24,   25,   15,   25,    9,   10,  -17,  -39,  -64,  -29,    4,  -25,  -28,  -27,
      -5,  -28,    1,   -1,    3,  -15,  -15,  -26,  -14,  -27,  -16,  -18,   -7,  -13,   -8,   -5,
     -10,   -8,  -16,  -16,  -55,  -39,  -50,   -7,  -11,   -7,   -5,  -27,  -13,  -13,  -13,  -13,
     -13,  -13,   -5,   -9,    6,    6,    6,    6,    5,    5,    5,    5,    4,    6,   -8,   -8,
      -8,   -8,   -8,  -33,   -8,   13,   13,   13,   13,   25,    5,  -15,  -28,  -17,  -15,  -19,
     -25,  -11,  -26,  -12,  -10,   19,   -7,   20,  -14,   -9,  -12,  -26,  -13,  -10,  -25,   -7,
     -13,   -9,   -7,   -8,  -50,  -50,   15,   -1,   15,   -1,   -8,  -32,  -32,  -41,  -26,    2,
      -1,  -13,  -12,   -7,    3,  -13,  -13,  -17,  -10,  -41,   -1,  -45,   -1,   -2,   -3,   -5,
       1,  -10,   -8,   -3,   -1,    3,  -12,   -2,   -6,  -37,  -19,   -7,  -18,   -1,   13,    1,
      -7,    2,    1,    2,   -3,    2,   -1,    2,    1,    7,    1,   -6,    1,   -6,    1,    5,
       1,    1,    5,    7,   10,    6,    7,   -4,  -23,  -22,  -42,    1,   -7,   -1,   -4,   -7,
      -1,   -2,   -6,   -6,   -1,   -4,   -6,   -2,   -3,   -4,  -12,   -9,  -13,  -26,  -34,  -22,
     -46,  -18,  -15,  -21,  -19,  -15,   -3,   13,   13,   13,   13,   13,   13,   18,   -7,    1,
       1,    1,    1,    1,   -6,   -6,   -6,   -6,   -6,   -6,    1,    1,    1,    1,    6,    8,
      -5,    9,   -1,   -1,  -38,   -3,   -4,   -3,   -3,  -13,  -10,  -44,  -44,    1,  -17,    1,
     -17,  -14,   -3,  -34,  -21,   -4,   -2,  -18,  -25,  -42,  -43,  -39,  -35,  -25,  -46,  -31,
     -52,  -14,  -52,  -35,   -7,  -37,  -36,  -31,  -29,  -36,  -31,  -38,  -24,  -34,  -34,  -36,
     -20,  -44,  -48,  -21,  -37,  -27,  -21,  -38,  -21,  -21,  -21,  -34,  -21,  -22,  -21,  -21,
     -24,  -21,  -38,  -21,  -38,  -21,  -32,  -21,  -18,  -17,  -16,  -19,  -17,  -22,  -14,  -14,
     -49,  -15,  -37,  -13,  -34,  -37,  -37,   -7,  -32,  -13,  -29,  -11,  -14,  -15,  -38,  -38,
     -37,  -21,  -37,  -38,  -34,  -33,  -36,  -29,  -25,  -28,  -18,  -35,  -30,  -54,  -18,  -41,
     -29,  -45,  -13,  -16,  -13,  -47,  -20,  -27,  -27,  -24,  -26,  -26,  -26,  -23,  -38,  -21,
     -21,  -19,  -20,  -18,  -19,   -5,  -21,  -21,  -38,  -38,  -38,  -38,  -38,  -36,  -18,  -18,
     -18,  -18,  -16,  -21,  -38,  -28,  -37,  -37,  -36,  -35,  -36,  -37,  -23,  -24,  -37,  -37,
     -33,   -1,  -35,  -18,  -27,  -36,  -25,  -37,  -37,  -34,  -34,  -31,  -24,  -36,  -35,  -32,
     -16,  -10,  -52,  -52,  -21,  -24,  -21,  -24,  -25,  -40,  -41,  -47,  -19,  -39,  -65,  -57,
       2,  -51,  -18,  -16,   -5,   -9,  -19,  -15,  -15,  -35,  -10,  -29,    7,   -6,  -21,   -5,
      -6,   -5,  -18,   -5,   -6,   30,   -5,   -6,   -6,  -21,   -6,  -21,   -7,   -3,  -32,  -21,
     -45,  -41,   -1,  -29,  -68,   -3,    4,  -11,   -6,  -11,  -11,  -13,   26,   -3,  -10,  -12,
      10,   -9,  -10,  -10,  -10,  -13,    9,  -11,  -10,   -6,  -12,  -14,  -33,  -28,   -3,    1,
      -4,  -31,  -17,  -49,  -49,  -56,  -61,  -30,  -16,  -21,  -53,  -53,  -24,  -55,  -39,  -38,
     -36,  -34,  -32,  -15,  -43,  -43,  -42,  -12,  -33,  -13,  -41,  -15,  -26,  -32,  -35,  -25,
     -25,  -17,  -24,  -25,  -24,  -14,  -24,  -26,  -28,  -24,  -24,  -25,  -24,  -16,  -24,  -16,
     -24,  -24,  -33,  -19,  -39,  -36,  -37,  -42,  -30,  -50,  -11,  -15,  -10,  -12,  -11,  -23,
     -12,  -18,  -20,  -23,  -18,  -18,  -20,  -20,  -12,  -19,  -12,  -20,  -22,  -18,  -17,  -22,
     -18,  -28,  -22,  -31,  -35,  -48,  -49,  -37,  -91,  -58,  -39,  -13,  -92,  -10,  -20,   -1,
     -75,  -61,  -42,  -43,  -88,  -40,  -72,  -68,  -67,  -49,  -26,  -15,  -43,  -42,  -81,  -42,
     -42,  -42,  -80,  -42,  -47,   -3,  -42,  -42,  -43,  -43,  -80,  -42,  -51,  -41,  -60,  -68,
     -78,  -76,  -72,  -43,  -66,  -43,  -15,    2,  -63,  -42,  -64,  -63,  -66,  -17,  -31,  -62,
     -43,  -16,  -61,  -41,  -62,  -62,  -67,  -13,  -36,  -59,  -44,  -45,  -62,  -65,  -63,  -42,
     -34,  -36,  -43,  -42,  -43,  -80,  -80,  -61,  -63,  -67,  -67,  -86,    2,  -29,  -14,   -8,
      -2,  -29,  -13,  -27,  -17,  -27,   -1,  -27,    2,   -2,   -3,  -10,   -6,   -8,   -5,   -5,
     -19,   -3,   -9,    3,  -16,  -19,  -10,  -18,   17,   -2,   -6,   -1,   -2,   -1,   -3,   -1,
      -3,   -7,   -1,   -1,    5,   -3,   -6,   -2,   -6,   -3,    2,  -11,  -10,  -17,  -15,    6,
     -19,    3,  -26,  -33,  -21,  -37,   -1,    3,   -1,   -1,   -2,   -2,   -1,    1,   -2,    1,
       1,    1,   -3,    3,   -1,    1,    4,    2,    3,    4,   -1,    3,  -35,  -27,   -5,   -8,
     -21,  -22,   -9,  -10,  -19,  -19,   -7,   -9,   17,   17,   17,   17,   21,   -6,   -2,   -2,
      -3,   -3,   -3,   -3,   -6,  -18,  -19,    3,   -1,   -1,   -1,   -1,   -1,   -1,   -1,   -1,
      -2,   -2,   -2,   -2,    1,    1,    1,    1,   -3,    1,   -3,   -3,   -3,   -3,   -3,  -27,
      -3,   -1,    2,   -1,  -27,  -27,  -19,  -25,  -19,  -25,  -21,  -14,   -2,  -12,   -9,   -7,
       1,   -5,  -34,   -7,  -14,  -34,   -8,  -44,  -14,  -15,  -18,  -15,  -14,  -13,  -23,  -19,
     -20,    1,  -11,  -31,   -1,   -6,   -6,   -6,   -6,  -13,  -18,  -16,   -2,   -2,   -9,   -1,
      -8,   -9,   -9,    2,   -9,  -10,  -12,   -9,   -9,   -6,   -9,   -1,   -9,   -1,   -9,   -5,
     -18,   -4,  -17,  -14,  -14,  -28,  -11,  -28,  -37,  -11,  -69,   -1,    2,    1,   -5,   -4,
      -4,   -5,   -4,   -4,   -4,   -4,   -3,   -5,   -3,   -1,   -1,    3,   -5,   -7,  -40,  -14,
     -10,  -18,  -10,  -15,  -15,  -14,   -2,   -9,   -9,  -15,   -4,   -4,    2,    1,    1,    1,
       1,   -4,   -4,   -4,   -4,   -4,   -1,   -1,   -1,   -1,   -1,  -15,  -15,  -24,  -28,  -24,
     -28,  -21,   -9,  -20,   -1,  -14,   -1,  -24,  -11,   -8,  -24,  -16,  -30,  -14,  -43,   -5,
     -44,   -3,   -9,   -6,  -14,   -4,  -10,  -25,   -9,  -10,  -18,   -5,   -5,   -3,  -39,  -19,
     -10,  -25,   -7,    4,   -6,   -7,   -6,   -6,   -6,   -4,   -6,   -7,  -13,   -6,   -6,   -3,
      -7,   -7,   -6,   -7,   -7,    1,   -8,  -11,  -16,  -14,   -3,  -20,   -2,  -22,  -35,  -33,
     -45,   -8,   -4,   -6,   -8,   -8,   -5,   -9,   -7,   -3,   -4,   -7,   -6,   -3,   -3,   -9,
      -1,   -8,   -3,    1,   -1,    3,    7,    3,    3,   -2,  -40,  -46,  -28,  -18,   -8,  -18,
     -14,   -7,    4,   -7,   -6,   -6,   -7,   -7,   -7,  -17,  -11,  -11,   -8,   -8,   -8,   -8,
      -8,   -8,   -8,   -6,   -8,   -8,   -8,   -8,   -3,   -3,   -3,   -3,  -11,   -3,   -9,   -9,
      -9,   -9,   -9,   -9,   -1,   -1,   -1,   -1,    3,   -4,    3,  -45,  -45,  -12,  -18,  -12,
     -18,  -17,   -5,  -23,  -29,   -5,   -3,    5,  -17,  -13,   -6,   -2,  -17,  -13,  -15,  -11,
     -27,   -3,  -27,   -2,   -4,   -6,   -2,   -8,   -3,   -5,   -7,   -5,    1,   -2,  -17,  -19,
     -10,  -13,   -2,   14,   -6,   -2,   -3,    3,   -5,   -5,    5,   -4,   -1,    2,    2,    7,
       7,   -4,  -22,  -20,  -38,   -2,    4,   -1,   -2,   -3,   -2,   -2,   -2,   -3,    2,   -2,
       3,    1,   -1,    3,    2,   -1,    1,  -24,  -27,   -7,  -21,  -18,   -9,  -12,   -9,  -10,
      14,   14,   -5,  -19,   -1,    3,   -2,   -2,   -2,   -2,   -2,   -2,   -2,   -1,   -2,   -3,
      -3,   -2,    2,    1,    1,   -3,   -3,   -3,   -3,   -3,   -3,   -3,   -1,   -1,   -1,   -1,
      -1,    4,  -27,  -27,  -15,  -15,  -14,   -3,  -12,   -8,   -9,    4,   -2,  -29,  -13,  -11,
      -5,  -29,  -12,  -33,   -9,  -22,   -8,  -23,   -6,  -10,   -3,  -18,   -7,  -12,  -13,   -8,
      -5,  -26,   -5,   -3,   -1,  -14,  -16,  -11,  -18,   -6,    3,   -5,   -3,   -5,   -5,   -5,
      -4,   -6,  -13,   -5,   -5,   -2,   -5,   -3,   -5,   -3,   -6,   -1,  -11,   -9,  -17,  -16,
      -6,  -23,   -5,  -25,  -38,  -23,  -61,   -5,   -4,   -4,   -5,   -5,   -6,   -5,   -7,   -4,
      -6,   -7,   -6,   -5,   -5,   -5,   -3,   -5,   -5,    1,   -1,   -3,    2,    7,    1,    1,
      -3,  -42,  -29,   -7,  -17,  -17,   -6,  -13,  -12,   -8,    3,    3,    3,    4,   -3,   -5,
      -5,   -5,   -6,   -6,   -6,   -6,   -5,   -3,   -9,  -23,   -3,   -5,   -5,   -5,   -5,   -5,
      -5,   -5,   -4,   -5,   -5,   -5,   -5,   -4,   -4,   -4,   -4,   -6,   -5,   -5,   -5,   -5,
      -5,   -5,   -5,   -3,   -3,   -3,   -3,    1,   -4,    1,  -23,  -23,  -20,  -24,  -20,  -24,
     -21,   -7,   -5,   -9,   -8,   -3,    5,   -6,   -8,  -10,  -10,    2,   -2,  -36,  -25,  -38,
     -22,  -14,  -11,   -8,   -6,  -17,   -4,   -5,    1,   -3,    1,   -6,   -5,  -26,  -16,  -11,
      -1,   -9,   -9,    1,   -1,    1,    1,    1,    1,    1,    1,    2,   -1,    1,   -1,    1,
       1,   10,    9,   16,   18,    5,   12,    9,   -4,  -26,  -24,  -10,    6,   -7,  -10,   -9,
      -2,  -10,    2,    1,    1,    2,    2,   -2,   -2,   -9,   -1,  -10,   -2,   -1,    2,    2,
      12,   17,    4,    9,   -3,   -5,  -37,    5,  -20,   -8,    2,    5,    5,   -9,    1,    2,
      -1,   -3,   -6,  -10,  -10,   -9,   -9,   -9,  -11,   -7,   -3,   -9,   -8,   -7,   14,    5,
       5,   -6,   -1,   -4,   -9,   -7,   -7,   -7,   -9,    2,    2,    2,    2,    9,    6,  -38,
     -38,   10,    1,   10,    1,   -6,  -25,  -18,  -21,   -9,    4,   -2,  -24,   -8,  -12,   -1,
     -24,   -9,  -15,   -9,  -20,   -2,  -20,   -8,    1,  -15,   -7,  -11,   -3,   -9,    1,  -17,
      -1,   -3,   -3,   -1,  -10,  -14,  -13,  -18,   -1,    7,   -2,   -1,   -1,   -1,    5,   -1,
      -3,    3,   -1,   -1,    1,   -2,   -1,   -4,   -3,   -9,   -4,  -12,  -10,   -3,  -18,   -2,
     -18,  -23,  -15,  -11,   -1,    3,    1,    3,   -4,    3,   -4,   -4,    3,    3,    3,    2,
      -2,    4,    5,    7,   12,    4,    7,   -3,  -23,  -20,   -1,  -14,  -16,   -6,  -13,  -12,
      -8,    7,   -1,   -1,   -1,   -3,   -3,  -14,   -4,    3,    1,    1,    1,    1,    1,    3,
       5,    5,    5,    5,    7,   -1,    7,  -21,  -21,  -12,  -18,  -12,  -18,  -16,  -10,   -6,
      -1,   -8,   -3,   -1,  -38,  -16,   -3,  -38,  -15,  -30,  -22,  -28,   -3,  -28,   -1,   -4,
      -6,  -12,   -2,   -8,  -10,   -8,   -6,  -30,   -4,  -12,   -4,  -17,  -21,  -12,  -20,   -3,
      14,   -3,   -8,   -3,   -3,   -3,   -4,   -3,   -4,   -9,   -3,   -3,    2,   -3,   -8,   -3,
      -8,   -3,    1,  -19,  -12,  -24,  -22,    3,  -23,    1,  -36,  -34,  -22,  -38,   -3,    2,
      -2,   -3,   -4,   -6,   -3,   -2,   -2,   -6,   -2,   -2,   -1,   -1,   -4,   -3,   -2,    1,
      -1,   -4,   -6,   -2,   -6,  -37,  -28,  -10,  -22,  -25,  -15,  -21,  -23,  -12,   14,   14,
      -3,   -3,   -3,   -4,   -4,   -4,   -3,   -8,  -21,  -12,    2,   -3,   -3,   -3,   -3,   -3,
      -3,   -3,   -2,   -4,   -4,   -4,   -4,   -2,   -2,   -2,   -2,   -5,   -1,   -4,   -4,   -4,
      -4,   -4,   -4,   -4,   -4,   -4,   -4,   -6,    1,   -6,  -28,  -28,  -28,  -32,  -28,  -32,
     -28,  -17,   -3,  -12,  -10,  -10,   -2,    2,  -22,  -15,   -8,   -3,  -22,  -15,  -21,  -13,
     -29,   -3,  -30,   -2,   -5,   -6,   -8,   -4,  -11,   -6,   -6,  -10,   -2,   -9,   -4,  -19,
     -22,  -12,  -18,   -3,   13,   -1,   -9,   -4,   -1,   -6,    1,   -8,   -8,   -1,    1,   -6,
      -1,   -1,    4,   -1,    3,  -12,  -31,  -23,  -38,   -4,    2,   -3,   -4,   -4,   -4,   -4,
      -2,   -1,   -4,   -1,   -1,   -1,   -1,   -5,   -1,   -4,   -2,    1,   -1,   -3,   -3,    1,
      -3,  -34,  -30,  -12,  -24,  -20,  -11,  -16,  -16,   -7,  -11,   13,   13,   13,   -9,   -1,
      -1,   -8,   -8,   -8,  -21,   -8,    1,   -4,   -4,   -4,   -4,   -4,   -4,   -3,   -3,   -4,
      -4,   -4,   -4,   -2,   -1,   -5,   -1,   -5,   -5,   -5,   -5,   -5,   -5,   -3,   -3,   -3,
      -3,   -3,    1,   -3,  -30,  -30,   -3,  -20,   -3,  -20,  -19,  -14,   -4,  -14,  -12,  -10,
      -6,  -19,  -13,   -4,  -19,  -15,  -16,   -8,  -27,   -8,  -27,  -12,   -4,   -4,  -12,   -7,
      -6,   -8,  -12,   -6,   -9,   -5,   -7,   -8,   -7,  -16,  -20,  -19,  -17,   -7,    1,   -2,
      -6,   -3,   -1,   -2,   -2,   -2,   -3,   -1,   -1,   -1,   -2,   -6,   -1,   -6,   -2,   -4,
      -3,    2,   -3,   -8,  -25,  -19,  -14,   -5,   -6,   -3,   -5,   -5,   -3,   -5,   -8,   -5,
      -2,   -8,   -8,   -6,   -6,   -6,   -5,   -5,   -6,   -6,   -2,   -3,    2,   -2,   -1,   -7,
     -26,  -26,   -7,  -18,  -10,  -14,  -14,  -15,    1,    3,   -1,   -2,   -6,   -5,   -5,   -5,
      -5,   -5,   -5,   -5,   -3,   -5,   -5,   -5,   -5,   -5,   -5,   -5,   -5,   -5,   -5,   -5,
      -5,   -5,   -2,   -2,   -2,   -2,   -1,  -27,  -27,  -17,  -17,  -17,  -14,  -12,   -7,  -15,
       6,  -26,  -11,   -3,   -2,  -26,  -12,  -21,  -14,  -37,    2,  -40,    9,   -5,   -7,   11,
       1,  -19,   -1,   -5,  -14,   -1,   -5,    9,    5,  -30,  -20,   -5,  -16,   27,    3,   -7,
       4,    3,    4,   -4,    5,    2,   -4,    4,    3,   13,    3,   -7,    4,   -7,    2,    8,
      -7,   -9,  -16,  -15,   15,  -14,   12,  -24,  -28,  -33,  -36,   -2,    6,   -1,   -2,   -3,
      -1,   -2,    1,    1,   -1,    1,    1,    2,    2,   -3,    3,   -2,    1,    9,    3,    1,
       1,    6,   11,    1,    9,  -30,  -46,  -22,  -39,  -18,   -8,  -17,  -14,   -2,   -7,    3,
       3,    3,    3,    2,   -7,   -7,  -16,   -6,   -9,   -9,    4,    6,   -2,   -2,   -2,   -2,
      -2,   -2,   -1,   -1,   -3,   -3,   -3,   -3,    1,    1,    1,    1,   -3,    2,   -3,   -3,
      -3,   -3,   -3,  -35,   -2,    1,    1,    1,    1,    1,    5,  -40,  -40,  -15,  -19,  -15,
     -19,  -19,    4,  -16,  -23,    5,   -1,  -24,  -17,  -12,   -6,  -24,  -18,  -19,  -17,  -32,
      -6,  -33,   -5,   -8,   -9,  -11,   -3,   -6,  -14,   -8,  -10,  -11,   -6,  -10,   -3,   -6,
     -21,  -25,  -15,  -18,   -6,    8,   -4,  -11,   -4,   -3,   -4,   -7,   -4,   -4,  -10,   -4,
      -4,   -3,  -11,   -3,  -11,   -4,    1,   -9,   -5,   -3,   -2,    2,   -4,    2,  -11,  -28,
     -28,  -38,   -7,   -2,   -6,   -7,   -8,   -8,   -8,   -5,   -5,   -8,   -5,   -5,   -5,   -5,
      -8,   -4,   -8,   -6,   -1,   -3,   -7,   -5,   -2,   -2,   -7,   -3,  -29,  -33,  -16,  -28,
     -23,  -14,  -17,  -14,   -9,  -15,    8,    8,    8,    8,    8,  -11,   -3,   -3,   -3,   -3,
      -4,   -4,   -3,  -11,  -11,  -11,  -11,  -23,  -11,   -4,   -2,   -7,   -7,   -7,   -7,   -7,
      -7,   -7,   -6,   -7,   -7,   -7,   -7,   -1,   -6,   -3,   -3,   -8,   -5,   -7,   -7,   -7,
      -7,   -7,   -7,   -6,   -6,   -6,   -6,   -7,   -2,   -6,  -33,  -33,   -7,  -22,   -7,  -22,
     -19,   -6,  -17,  -16,  -13,   -1,   -1,  -39,  -16,  -11,   -3,  -39,  -16,  -31,  -22,  -29,
      -3,  -29,   -1,   -4,   -8,  -13,   -3,   -8,  -10,   -8,   -7,  -30,   -4,  -14,   -4,  -17,
     -21,  -12,  -21,   -3,   14,   -4,  -10,   -3,   -4,   -3,   -6,   -2,   -4,  -10,   -3,   -3,
       2,   -4,   -9,   -3,   -9,   -4,    1,  -20,  -13,  -24,  -23,    2,  -23,    1,  -37,  -34,
     -23,  -38,   -3,    1,   -2,   -3,   -4,   -6,   -3,   -3,   -3,   -6,   -3,   -3,   -2,   -2,
      -4,   -1,   -3,   -2,    1,   -1,   -4,   -6,   -3,   -6,  -37,  -29,  -12,  -11,  -23,  -28,
     -11,  -15,  -22,  -23,  -14,  -12,   14,   14,   14,  -10,   -4,   -4,   -4,   -9,   -9,  -21,
     -13,  -13,  -13,    2,   -3,   -3,   -3,   -3,   -3,   -3,   -3,   -2,   -4,   -4,   -4,   -4,
      -3,   -3,   -3,   -3,   -4,   -2,   -4,   -4,   -4,   -4,   -4,   -4,   -4,   -4,   -4,   -4,
      -6,    1,   -6,  -29,  -29,  -29,  -34,  -29,  -34,  -29,   -3,  -13,  -11,  -10,   -2,   -1,
     -37,  -15,  -10,   -4,  -37,  -14,  -30,  -21,  -27,   -3,  -27,   -1,   -3,   -6,  -12,   -2,
      -8,   -9,   -8,   -6,  -29,   -4,  -12,   -4,  -16,  -20,  -12,  -20,   -3,   13,   -2,   -8,
      -2,   -2,   -2,   -4,   -2,   -3,  -10,   -2,   -2,    2,   -2,   -8,   -2,   -8,   -2,    1,
     -18,  -12,  -23,  -21,    2,  -23,    1,  -34,  -34,  -21,  -38,   -2,    2,   -1,   -3,   -4,
      -5,   -3,   -3,   -1,   -6,   -2,   -2,   -4,    1,   -3,    1,   -4,   -5,    1,   -5,  -37,
     -26,  -10,   -7,  -21,  -25,  -36,  -11,  -13,  -21,  -21,  -12,  -12,   13,   13,   13,   -8,
      -2,   -2,   -2,   -2,   -3,   -3,   -3,   -8,   -8,   -8,   -8,  -20,  -12,  -12,    2,   -2,
      -2,   -2,   -2,   -2,   -2,   -2,   -1,   -4,   -4,   -4,   -4,   -1,   -1,   -1,   -1,   -4,
      -4,   -4,   -4,   -4,   -4,  -26,   -4,   -4,   -4,   -4,   -4,   -5,    1,   -5,  -27,  -27,
     -27,  -32,  -27,  -32,  -28,   -3,  -12,   -8,  -10,   -2,   -6,  -36,   -7,  -14,    1,  -36,
      -8,  -43,  -16,  -16,  -14,  -15,  -12,  -13,   -1,  -22,  -16,  -20,    2,  -12,  -34,   -7,
      -7,   -8,   -6,  -12,  -16,  -16,   -1,   -9,   -1,   -8,   -8,   -8,    1,   -8,  -10,  -12,
      -8,   -8,   -5,   -8,   -1,   -8,   -1,   -9,   -4,  -21,   -4,  -18,  -16,  -11,  -30,   -9,
     -30,  -37,  -11,  -66,   -1,    3,    1,   -6,   -4,   -6,   -6,   -4,   -3,   -4,   -4,   -3,
      -5,   -3,   -1,   -1,   -2,    1,   -6,   -2,   -7,  -39,  -14,  -10,  -19,  -11,  -17,  -16,
     -10,  -12,   -1,   -8,  -10,  -14,   -4,    3,    1,    1,    1,    1,   -6,   -6,   -6,   -6,
      -4,   -1,   -1,   -1,   -1,   -2,   -1,   -2,  -15,  -15,  -28,  -31,  -28,  -31,  -23,  -16,
      -3,  -12,   -8,   -6,  -34,   -7,  -14,  -34,   -8,  -44,  -14,  -15,  -18,  -15,  -14,  -13,
     -23,  -19,  -20,    1,  -11,  -32,   -1,   -6,   -6,   -6,   -6,  -13,  -18,  -16,   -2,   -3,
     -10,   -1,   -9,  -10,  -10,    2,  -10,  -11,  -12,   -9,  -10,   -7,  -10,   -1,   -9,   -1,
     -10,   -5,  -18,   -4,  -17,  -15,  -14,  -28,  -11,  -28,  -37,  -11,  -41,   -1,    3,    1,
      -5,   -5,   -5,   -6,   -4,   -4,   -4,   -4,   -3,   -5,   -3,   -1,   -1,    3,   -5,   -7,
     -40,  -14,  -10,  -19,  -13,  -10,  -15,  -15,  -14,   -3,   -3,   -3,   -1,  -10,  -11,   -1,
     -15,    3,    1,    1,    1,    1,   -5,   -5,   -4,   -4,   -4,   -1,   -1,   -1,   -1,   -1,
     -15,  -15,  -25,  -29,  -25,  -29,  -21,  -20,   -1,  -14,   -8,   -4,  -26,  -11,   -3,  -26,
     -12,   -8,  -12,  -23,    5,  -23,  -10,    9,   -1,  -19,   -9,  -13,   -5,  -12,   -2,  -21,
      -4,   -6,   -5,    8,  -13,  -17,  -16,  -20,   -4,    4,   -6,   -3,   -5,   -6,   -5,    1,
      -4,   -7,   10,   -5,   -5,    1,   -6,   -3,   -6,   -2,   -7,   -6,  -11,   -7,  -15,  -13,
      -5,  -21,   -4,  -22,  -14,  -17,  -12,   -2,   -4,   -3,   -2,    2,   -2,   -8,   -2,    4,
      -7,   -7,   -2,   -2,   -2,    2,   -2,   -2,   -4,    1,    1,    3,    7,    2,    5,   -5,
     -16,  -22,   -1,  -19,  -17,   -8,  -16,  -15,  -12,    4,   -6,   -6,  -16,   -2,   -2,   -2,
      -2,   -2,   -2,   -3,   -2,   -2,   -2,   -2,   -2,   -2,   -2,   -2,   -2,   -2,   -2,   -2,
      -2,    1,    1,    1,    1,    5,  -23,  -23,  -16,  -22,  -16,  -22,  -20,  -12,   -8,   -2,
     -11,   -5,  -15,   -6,  -10,  -15,  -15,  -12,  -35,   -6,  -38,  -36,  -42,  -37,  -31,   -1,
     -21,  -25,  -23,  -20,   -7,   -7,  -11,   -8,    2,   -4,   -3,  -31,  -19,  -11,  -27,  -10,
     -22,  -12,   -3,  -12,  -12,  -12,    2,  -12,  -13,  -14,  -12,  -12,  -17,  -12,   -3,  -12,
      -3,  -12,   -3,   -1,   -6,   -8,   -6,  -23,  -13,  -13,  -14,  -36,  -29,  -63,  -14,   -5,
     -10,  -14,  -11,   -3,  -14,   -8,   -2,   -8,   -8,  -11,    1,  -13,   -2,    2,    2,   13,
      19,    6,   14,   -3,  -38,  -46,    8,  -25,  -44,  -10,   -3,  -10,   -7,    5,  -10,  -22,
     -22,  -22,  -22,   -3,  -12,  -12,  -12,  -13,  -13,   -3,   -3,   -3,   -3,  -12,   -6,   -6,
     -13,  -12,   -5,  -14,  -14,  -14,  -14,  -14,  -14,  -14,  -10,  -11,  -11,  -11,  -11,  -14,
     -11,  -11,  -11,  -11,  -11,  -36,  -11,    2,    2,    2,    2,   14,   -5,   14,  -43,  -43,
      -5,  -10,   -5,  -10,  -11,  -44,  -17,  -26,   -9,   -7,   -3,  -26,   -8,  -10,  -26,  -13,
     -32,  -19,  -33,   -5,  -36,   -4,   -7,   -5,  -15,   -5,  -12,   -5,  -12,   -4,  -19,   -9,
      -3,   -5,  -22,  -13,  -10,  -26,   -4,    7,   -5,   -7,   -4,   -5,   -4,   -4,   -3,   -6,
     -12,   -4,   -4,   -5,   -7,   -4,   -7,   -5,  -11,   -9,  -18,  -15,   -2,  -23,  -26,  -36,
     -20,  -45,   -2,   -3,   -1,   -2,   -2,   -4,   -2,   -6,   -2,   -3,   -6,   -5,   -3,   -3,
      -3,   -1,   -2,   -3,   -2,   -1,    4,    3,   -1,   -3,  -39,  -31,  -12,  -30,  -22,  -18,
     -12,  -21,  -19,   -3,    7,    7,    7,   -5,   -5,   -5,   -6,   -6,   -7,   -7,  -12,   -9,
      -9,   -3,   -2,   -2,   -2,   -2,   -2,   -2,   -2,   -1,   -2,   -2,   -2,   -2,   -2,   -2,
      -2,   -2,   -3,   -3,   -3,   -3,   -3,   -3,   -3,   -3,   -1,   -3,   -1,  -35,  -35,  -15,
     -21,  -15,  -21,  -17,   -6,  -24,  -12,   -3,   -5,  -18,   -8,   -5,   -5,  -18,  -11,  -22,
     -12,  -38,   -2,  -43,    1,   -4,   -3,   -8,   -6,  -19,   -5,   -6,   -8,   -3,   -4,    2,
      -1,  -31,  -19,   -8,  -21,   -4,   15,   -5,   -1,   -1,   -8,    3,   -4,   -4,   -1,    4,
      -4,   -7,  -10,   -8,    4,  -13,    3,  -17,  -30,  -30,  -40,   -5,   -4,   -5,   -6,   -5,
      -4,    1,   -3,   -3,   -6,    1,   -5,    3,    3,    2,    7,   12,   10,    6,    2,  -34,
     -43,  -23,  -40,  -16,  -13,   -9,  -16,  -13,   -2,   -5,   15,   15,   15,   15,   -5,   -1,
      -1,   -1,   -1,   -4,   -4,   -4,  -13,   -4,   -7,   -7,  -13,    2,   -5,   -5,   -5,   -5,
      -5,   -5,   -4,   -4,   -6,   -6,   -6,   -6,    1,    1,    1,    1,   -7,    1,   -6,   -6,
      -6,   -6,   -6,  -37,   -6,    2,    2,    2,    2,    6,    1,    6,  -43,  -43,   -5,  -11,
      -5,  -11,  -10,   -2,  -21,  -25,   -4,   -1,    1,  -31,  -16,   -9,   -3,  -31,  -14,  -29,
     -20,  -29,   -2,  -29,   -3,   -5,  -11,   -1,   -7,  -10,   -6,   -6,  -21,   -3,  -11,    2,
      -1,  -18,  -21,  -11,  -20,   -1,   15,   -1,   -8,   -1,   -1,   -1,   -4,   -1,   -2,   -9,
      -1,   -1,    3,   -1,   -8,   -1,   -8,   -2,    1,  -13,  -12,  -19,  -17,    4,  -21,    1,
     -28,  -34,  -23,  -38,   -2,    1,   -2,   -2,   -3,   -4,   -2,   -2,   -1,   -4,   -2,   -1,
      -3,    1,   -2,   -1,    3,   -1,   -2,    2,   -3,    1,  -36,  -29,   -7,  -11,  -23,  -24,
     -12,  -21,  -21,   -9,   15,   -8,   -1,   -1,   -1,   -2,   -2,   -8,  -19,    2,   -2,   -2,
      -2,   -2,   -2,   -2,   -1,   -2,   -3,   -3,   -3,   -3,   -1,   -1,   -1,   -1,   -4,   -3,
      -3,   -3,   -3,   -3,   -3,   -1,   -1,   -1,   -1,   -3,    1,   -3,  -29,  -29,  -22,  -27,
     -22,  -27,  -23,   -3,  -14,  -11,   -8,   -2,   -6,  -25,   -8,  -16,   -9,  -25,  -10,  -43,
      -6,  -20,  -35,  -19,  -34,  -25,   -1,  -24,  -29,  -22,   -9,   -8,   -3,  -22,  -10,   -1,
      -4,   -4,  -10,  -13,  -18,  -17,   -6,  -16,  -12,   -1,  -12,  -12,  -12,    2,  -12,  -13,
     -14,  -12,  -12,  -15,  -12,   -1,  -12,   -1,  -12,   -8,   -8,   -6,  -14,  -12,  -25,  -21,
     -16,  -21,  -39,  -19,  -74,   -4,   -5,   -2,   -4,   -3,   -3,   -4,   -8,   -3,   -3,   -7,
      -7,   -2,   -2,   -3,   -1,   -4,   -2,   -1,    1,    6,   11,   -1,    6,   -4,  -41,   -2,
     -15,   -4,  -11,  -10,  -14,  -12,  -12,  -13,  -15,   -4,   -4,   -4,   -4,   -4,   -4,   -4,
      -4,   -2,   -3,   -3,   -3,   -3,   -3,   -3,   -2,   -3,   -4,   -2,   -3,   -3,   -3,   -3,
      -3,   -3,    6,   -5,    6,  -20,  -20,  -14,  -17,  -14,  -17,  -17,  -38,   -4,   -2,  -12,
      -4,  -21,   -6,  -13,   -5,  -21,   -7,  -40,   -3,  -16,  -30,  -16,  -28,  -21,    2,  -20,
     -25,  -19,   -5,   -5,  -19,   -5,    1,   -1,   -8,  -11,  -15,  -14,   -2,  -12,  -10,    1,
     -10,  -10,  -10,    5,  -10,  -11,  -11,  -10,  -10,  -12,  -10,    1,  -10,    1,  -10,   -5,
      -5,   -3,  -12,  -10,  -20,  -18,  -13,  -18,  -35,  -17,  -68,   -2,   -1,   -2,   -1,   -2,
      -5,    1,   -5,   -4,   -1,   -2,    2,    4,    2,   10,   15,    2,   10,   -2,  -38,  -19,
     -11,  -13,   -2,  -10,   -8,  -11,  -12,  -10,    1,    1,    1,    1,   -2,   -2,   -2,   -2,
      -2,   -2,   -2,   -1,   -1,   -1,   -1,    1,    1,    1,    1,   -1,   -1,   -1,   -1,   -1,
      -1,    2,    2,    2,    2,   10,   -1,   10,  -16,  -16,  -12,  -15,  -12,  -15,  -14,  -32,
     -10,   -6,    3,  -24,  -10,   -5,   -5,  -24,  -15,  -24,  -17,  -40,  -43,    3,   -1,   -5,
      -8,    4,   -3,  -21,   -6,   -8,  -12,   -3,   -4,    4,  -32,  -22,   -7,  -20,   -3,   22,
      -7,    1,   -4,    1,   -8,    8,   -7,    1,   -7,    5,   -7,   -9,  -16,  -13,   10,  -16,
       6,  -24,  -30,  -36,  -37,   -5,    1,   -4,   -5,   -5,   -3,   -5,   -2,   -1,   -2,   -1,
      -6,   -5,   -1,    6,    1,    1,    1,    3,    6,   -1,    4,  -34,  -47,  -29,  -41,  -19,
     -10,  -18,  -16,   -3,   -4,   -7,   -7,   -5,   -5,   -5,   -5,   -5,   -5,   -4,   -4,   -5,
      -5,   -5,   -5,   -6,   -6,   -6,   -6,   -6,   -6,   -5,    1,    1,    1,    1,   -1,    1,
     -44,  -44,  -12,  -17,  -12,  -17,  -16,  -21,  -30,   -3,    2,   -6,  -25,   -8,  -15,   -6,
     -25,   -9,  -43,   -6,  -19,  -28,  -18,  -24,  -23,  -22,  -23,  -20,   -6,   -7,   -2,  -22,
      -6,   -1,   -3,   -3,   -9,  -13,  -17,  -17,   -3,   -9,  -12,   -1,  -11,  -12,  -12,    2,
     -12,  -13,  -12,  -12,  -12,  -12,  -12,   -1,  -12,   -1,  -12,   -7,   -8,   -5,  -14,  -12,
     -19,  -21,  -13,  -21,  -39,  -18,  -36,   -3,   -3,   -1,   -3,   -2,   -3,   -3,   -6,   -3,
      -3,   -6,   -6,   -1,   -1,   -2,   -1,   -3,   -1,   -1,    1,    1,    7,   12,    6,   -4,
     -41,  -20,  -13,  -15,   -4,  -12,  -10,  -13,   -9,  -12,  -12,  -12,   -1,  -14,  -21,   -2,
      -3,   -3,   -3,   -3,   -3,   -3,   -3,   -1,   -2,   -2,   -2,   -2,   -3,   -3,   -2,   -3,
      -3,   -1,   -2,   -2,   -2,   -2,   -2,   -2,    1,    1,    1,    1,    6,   -2,  -19,  -19,
     -15,  -17,  -15,  -17,  -17,  -28,   -3,  -12,   -8,  -20,   -7,   -8,  -20,  -12,  -23,  -11,
     -36,   -1,  -39,    1,   -3,   -2,  -11,   -1,   -7,  -11,   -6,   -4,  -13,   -1,    1,  -26,
     -13,   -7,  -23,   -3,   12,   -1,   -2,   -1,    1,   -1,  -10,    2,   -1,   -2,   -1,   -2,
      -2,    2,   -5,   -6,  -11,  -10,    1,  -16,    3,  -19,  -31,  -25,  -37,   -2,   -2,   -1,
      -2,   -2,   -2,   -5,    1,   -5,   -4,    1,    1,   -3,    3,   -2,    1,    3,    3,    6,
      11,   10,    4,    1,  -35,  -40,  -19,  -36,  -14,  -15,   -6,  -14,  -12,   -1,   -2,   -1,
      -1,   -6,   -1,   -2,   -2,   -1,   -1,   -1,   -2,   -1,   -1,   -2,   -2,   -2,   -2,    1,
       1,    1,    1,    1,   -3,   -3,   -3,   -3,   -3,  -34,   -2,    3,    3,    3,    3,    4,
       4,  -39,  -39,   -9,  -12,   -9,  -12,  -12,   -3,  -17,  -19,   -1,   -2,  -25,  -25,  -47,
     -31,  -58,  -16,  -59,  -36,   -7,  -38,  -39,  -35,  -32,  -38,  -32,  -41,  -24,  -36,  -36,
     -38,  -21,  -41,  -31,  -22,  -40,  -22,  -22,  -22,  -36,  -22,  -23,   -2,  -22,  -22,  -24,
     -22,  -40,  -22,  -40,  -22,  -35,  -23,  -20,  -15,  -15,  -17,  -15,  -24,  -15,  -52,  -39,
     -14,  -38,  -40,  -39,   -8,  -35,  -14,  -29,  -11,  -14,  -16,  -39,  -39,  -40,  -22,  -40,
     -39,  -38,  -34,  -39,  -31,  -27,  -31,  -19,  -37,  -30,  -17,  -46,  -54,  -30,  -50,  -24,
     -21,  -24,  -27,  -44,  -46,  -50,  -33,  -33,  -15,  -26,  -22,  -18,  -27,  -18,  -24,  -14,
     -14,  -27,  -10,  -15,   -7,  -14,  -15,  -14,   -4,  -14,  -15,  -10,  -14,  -14,  -12,  -14,
      -7,  -14,  -15,  -17,  -17,   -8,   -9,   -8,  -13,  -10,  -15,  -30,  -25,   -8,   -6,   -8,
      -7,  -14,   -8,  -10,  -13,  -14,  -10,  -12,  -12,   -7,  -10,  -12,   -8,  -10,  -10,  -10,
     -16,  -14,  -10,  -31,  -33,  -33,  -33,  -32,  -25,  -85,  -58,  -28,  -59,  -49,  -38,  -30,
     -38,  -36,  -17,  -47,  -53,  -47,  -15,  -45,  -15,  -66,  -18,  -36,  -39,  -41,  -36,  -30,
     -31,  -19,  -30,  -31,  -30,  -14,  -30,  -32,  -33,  -30,  -30,  -30,  -30,  -19,  -30,  -19,
     -30,  -37,  -66,  -24,  -43,  -40,  -46,  -58,  -39,  -54,  -14,  -21,  -12,  -14,  -14,  -29,
     -14,  -25,  -27,  -30,  -24,  -23,  -25,  -25,  -14,  -24,  -14,  -26,  -30,  -23,  -22,  -32,
     -29,  -44,  -34,  -41,  -18,  -42,  -30,  -31,  -19,  -30,  -14,  -14,  -21,  -49,  -49,  -80,
     -80,  -18,  -44,  -14,  -14,  -12,   -2,   -6,   -2,   -1,   -5,  -10,   -2,   -3,   -2,   -5,
       4,    1,   -3,    1,    1,    1,   -1,    1,    3,    1,    1,    4,    1,   -3,    1,   -3,
       1,   -2,   -1,    5,    6,    7,    6,    5,   -1,   -3,   -2,   -1,   -3,   -2,   -3,   -3,
      -3,   -3,   -3,   -3,   -5,   -5,   -3,   -3,   -2,   -5,   -4,   -3,   -3,   -2,   -2,   -4,
      -2,   -5,  -13,    3,    4,    4,    1,    1,    5,   -2,  -17,   -5,  -12,   -9,  -29,  -29,
     -39,  -11,  -44,  -11,  -16,  -12,  -21,   -9,  -15,  -28,  -14,  -15,  -20,  -13,  -10,   -8,
      -9,  -32,  -43,  -12,  -21,  -19,  -15,  -13,   -5,  -40,  -40,  -33,   -6,  -34,   -5,   -8,
      -8,  -17,   -6,  -13,   -5,  -23,   -5,  -23,   -1,  -30,   -7,  -10,  -27,  -36,  -45,  -42,
     -41,   -7,  -45,   -7,   -8,  -15,  -15,  -23,  -36,  -37,  -31,  -31,  -15,  -12,  -11,   -6,
     -17,  -14,  -18,   -4,  -12,  -13,  -24,  -26,  -15,  -25,  -21,  -17,  -13,  -10,   -3,   -6,
      -4,   -9,   -2,   -9,   -2,   -7,  -49,  -27,  -28,   -9,  -27,  -21,   -9,  -20,  -21,  -20,
      -6,  -20,  -22,  -22,  -20,  -20,  -25,  -20,   -8,  -20,   -8,  -20,  -14,  -10,  -14,  -13,
     -12,  -23,  -15,  -17,   -3,   -3,   -9,  -38,  -20,  -41,   -3,   -3,  -14,    2,   -4,   -4,
     -13,  -11,  -34,  -16,  -17,  -12,  -12,  -34,  -19,  -45,  -22,  -42,   31,  -44,   35,  -22,
      -7,  -28,  -18,  -23,  -22,  -14,  -13,  -20,  -11,   -5,   -6,   -9,  -36,  -22,  -36,  -14,
      -5,  -16,   -9,  -15,  -15,  -15,   -5,  -15,  -16,  -22,  -15,  -15,  -13,  -16,   -8,  -16,
      -8,  -16,   -6,  -11,  -14,  -20,  -18,  -15,  -26,  -11,  -29,  -47,  -39,  -14,   -9,  -12,
     -14,  -14,  -10,  -14,  -13,   -7,   -9,  -13,  -13,   -8,   -8,  -14,   -6,  -14,   -8,   -5,
      -5,   -5,    1,   -1,   -8,  -29,  -50,  -46,  -13,  -22,  -13,  -22,  -34,  -39,  -27,  -12,
     -20,  -20,  -20,   -4,   -5,   -5,   -5,   -5,   -5,   -5,   -3,   -9,  -15,  -15,  -15,  -15,
     -16,  -16,  -16,  -16,  -16,   -8,   -8,   -8,   -8,   -8,  -21,   -8,  -14,  -14,  -14,  -14,
     -26,   -8,  -14,  -14,  -14,  -14,  -14,  -14,  -13,  -12,  -14,  -14,  -14,  -14,   -7,   -7,
      -7,   -7,   -8,  -14,  -14,  -14,  -14,  -14,  -42,  -14,   -5,   -5,   -5,   -5,   -1,  -44,
     -44,  -23,  -26,  -36,  -23,  -26,  -36,  -19,  -19,  -19,  -22,  -35,  -20,  -16,  -17,  -20,
     -46,  -26,  -10,  -30,  -24,  -29,   -8,  -32,  -10,  -48,   -9,  -27,   -8,  -17,  -11,  -16,
     -17,  -16,   -8,  -16,  -18,  -23,  -16,  -16,  -11,  -17,  -11,  -16,  -11,  -17,  -14,  -49,
     -32,  -30,  -19,  -44,  -14,   -8,  -13,   -7,   -8,   -8,  -20,   -8,  -16,  -17,  -20,  -16,
     -15,  -17,  -17,   -8,  -16,   -8,  -17,  -14,  -15,  -22,  -18,  -20,  -24,  -21,  -14,  -30,
     -30,  -49,  -38,  -32,  -41,  -36,  -15,  -15,  -27,  -14,  -26,  -13,  -25,  -13,  -25,  -14,
     -24,   -7,   -9,   -9,  -25,   -3,  -38,  -60,  -41,  -44,   -9,   -8,   -8,   -5,  -33,  -11,
     -17,   -9,   -3,  -20,  -20,  -31,  -41,   -8,  -10,   -9,   -8,   -8,   -7,   -9,   -9,   -9,
      -8,   -8,  -15,   -8,   -9,   -8,   -8,   -3,    3,   -2,    4,    5,   -5,    4,   -4,  -33,
     -33,   -8,  -29,  -33,  -31,   -7,  -33,   -7,   -8,   -9,  -10,   -9,   -9,  -29,   -9,  -10,
     -16,   -6,   -8,   -1,   -5,   -2,  -13,  -13,  -16,  -13,  -24,  -61,  -61,  -11,    1,  -11,
     -21,  -63,  -54,  -25,  -43,  -26,  -15,  -26,  -16,  -19,  -18,  -23,  -14,  -48,  -18,  -26,
      -6,  -14,  -16,  -14,  -14,  -14,  -13,  -14,  -15,  -24,  -14,  -14,  -10,  -14,  -15,  -19,
     -38,  -12,  -15,  -13,  -17,  -11,  -13,  -13,  -22,  -21,  -23,  -19,  -19,  -19,  -20,  -12,
     -26,  -15,  -15,    1,   -5,   -5,   -8,  -11,    4,  -30,  -38,  -31,  -41,  -31,  -11,   -9,
     -27,   -2,   -3,   -2,   -3,    5,   -3,   -3,   -2,   -2,   -8,   -2,   -2,   -2,    7,    3,
       8,    9,   -3,    5,   -4,  -18,  -19,  -18,  -30,    6,   -1,    2,   -8,   -9,  -31,  -31,
      -3,    1,   -3,  -19,   -6,   -2,   -2,   -2,   -2,  -11,   -9,   -3,  -44,  -38,  -47,  -41,
     -36,   -8,   -8,  -21,   -8,  -32,   -4,   -2,   -5,   -4,   -5,   -5,   -5,   -4,   -4,  -11,
      -4,   -2,   -4,   -4,    1,   10,    6,    8,   -3,    5,  -14,  -17,  -30,  -44,    2,   -2,
     -12,  -14,    5,  -32,  -11,   -8,  -30,  -30,  -28,   -2,  -27,   14,   -1,   -6,   -1,   -1,
      -1,   -8,   -1,   -1,    3,   -1,   -6,   -1,    1,  -12,  -18,  -16,   -1,    1,   -1,   -3,
      -2,   -1,   -1,    1,   -3,    2,    1,    3,    1,   -1,    2,    3,   -1,  -10,  -19,  -10,
     -25,  -25,   -8,   -2,  -14,  -14,  -16,   -2,  -28,  -38,  -29,  -41,  -34,   -4,   -4,  -11,
     -30,   -8,   -2,   -8,   -8,   -8,    1,   -8,   -9,   -8,   -8,  -13,   -8,   -1,   -8,   -8,
      -5,   -2,   -1,    1,  -10,  -12,  -23,  -17,    1,  -16,  -19,  -15,   -6,   -1,   -1,  -16,
       3,  -38,  -33,  -41,  -30,   -3,   -3,   -5,  -55,  -11,  -32,  -29,   -2,  -55,   -7,  -47,
     -36,  -17,   20,  -17,   27,  -23,  -34,  -40,  -30,   -1,  -23,  -50,   -2,  -10,  -19,  -19,
     -20,  -40,  -18,   -2,  -14,  -14,   -1,  -13,  -13,  -13,  -13,  -15,  -16,  -13,  -13,  -13,
     -13,   -1,  -13,   -1,  -13,  -21,  -38,   -3,  -26,  -22,  -34,  -44,  -25,  -41,   -1,    1,
     -12,   -3,   -8,  -12,   -3,   -3,   -4,   -4,   -3,   -5,   -4,   -3,   -3,  -11,   -6,  -23,
     -12,  -19,  -45,  -17,   -5,   -3,   -8,  -13,  -23,  -25,  -26,  -34,  -10,  -14,  -14,  -14,
     -14,  -14,  -15,   -1,  -13,  -15,  -15,  -13,   -1,   -1,   -1,   -1,   -3,   -3,    1,   -8,
      -8,   -3,   -3,  -17,  -17,  -49,  -49,  -49,  -51,  -52,  -56,  -34,  -11,  -42,  -47,   -8,
     -35,   -5,  -39,  -39,  -11,  -14,  -24,  -21,  -17,  -22,  -19,  -16,  -24,  -23,  -17,  -14,
     -15,  -15,  -14,  -14,  -15,  -12,  -15,  -15,    2,  -14,  -15,  -12,  -15,  -15,  -14,  -15,
     -15,  -19,  -20,  -17,  -16,  -15,  -12,  -16,  -17,  -17,  -14,  -15,  -17,  -16,   -5,  -17,
     -17,  -18,   -8,  -17,  -18,  -18,  -18,  -17,  -10,  -17,  -18,  -14,  -16,  -18,  -14,  -11,
     -12,  -10,  -14,   -6,  -34,  -10,  -14,  -15,  -17,  -18,  -39,  -25,  -32,    1,  -52,  -52,
     -14,  -17,  -40,    3,  -38,    5,    2,   -2,    6,    4,    1,  -19,   28,    3,  -10,    6,
       4,    5,   -8,    5,    4,   -1,    5,    4,   17,    4,  -10,    5,  -10,    3,    5,  -19,
     -10,  -30,  -26,   16,  -16,   11,  -29,   -1,    7,   -1,   -3,   -3,   -1,    2,   -2,   -4,
       3,    1,    1,    1,   -3,    1,   -1,    1,    4,   -1,   -3,  -17,  -13,    9,  -19,    5,
     -19,  -34,  -39,  -38,   -5,   28,   28,   28,   28,  -10,    4,    4,    4,    4,    4,    4,
       6,    4,  -10,  -10,  -10,  -10,  -10,  -10,   -1,   -1,   -1,   -1,   -2,   -1,   -3,  -38,
     -38,  -41,  -46,  -41,  -48,  -31,    2,  -25,  -19,   -4,    1,  -51,  -51,  -14,  -16,  -40,
       3,  -38,    5,    2,   -2,    1,    4,    1,  -19,   28,    3,  -10,    6,    4,    5,   -8,
       5,    4,   -1,    5,    4,   17,    4,  -10,    5,  -10,    3,    5,  -19,  -10,  -30,  -26,
      16,  -16,   11,  -29,   -1,    7,   -1,   -3,   -3,   -1,    2,   -1,   -4,    3,    1,    1,
       1,   -3,    1,   -1,    1,    4,   -1,   -3,  -17,  -13,    9,  -19,    5,  -19,  -45,  -31,
     -35,  -36,   -5,   28,   28,   28,   28,   28,   36,  -10,    4,    4,    4,    4,    4,    4,
       6,    4,  -10,  -10,  -10,  -10,  -10,  -10,  -10,  -15,    5,   -1,   -1,   -1,   -2,   -1,
      -3,    1,    6,  -38,  -38,  -41,  -46,  -41,  -47,  -31,    2,  -25,  -19,   -4,    1,  -46,
     -46,  -14,  -16,    3,  -38,    5,    2,   -5,    4,    1,  -17,   28,    3,  -10,    6,    4,
       5,   -8,    5,    4,   -1,    5,    4,   17,    4,  -10,    5,  -10,    4,    5,  -19,  -10,
     -28,  -25,   16,  -16,   11,  -28,   -1,    7,   -1,   -3,   -1,    2,   -1,   -4,    3,    1,
       1,    1,   -3,    1,   -1,    1,    4,   -1,   -3,  -17,  -13,    9,  -19,    5,  -19,  -26,
     -31,  -30,   -5,   28,   28,   28,  -10,    4,    4,    4,    5,    4,  -10,  -10,  -10,  -15,
      -1,  -40,  -43,  -40,  -43,  -31,  -25,  -19,   -4,    1,  -49,  -49,  -14,  -16,  -40,    3,
     -38,    5,    2,   -7,    4,    1,  -18,   28,    3,  -10,    6,    4,    5,   -8,    5,    4,
      -1,    5,    4,   17,    4,  -10,    5,    3,    5,  -19,  -10,  -30,  -25,   16,  -16,   11,
     -29,    7,   -1,   -3,   -3,   -1,    2,   -1,   -4,    1,    1,    1,   -3,    1,    1,    4,
      -1,   -3,  -17,  -13,    5,  -28,  -19,  -28,  -32,  -33,   -5,   28,   28,   28,    4,    4,
       4,  -10,  -10,  -10,  -15,    5,   -1,   -3,  -38,  -41,  -46,  -41,  -46,  -31,    2,  -25,
     -19,   -4,    1,  -49,  -49,  -14,  -16,    3,  -38,    5,    2,    6,    4,    1,  -18,   28,
       3,  -10,    6,    4,    5,   -8,    5,    4,   -1,    5,    4,   17,    4,  -10,    5,  -10,
       3,    5,  -19,  -10,  -30,  -25,   16,  -16,   11,  -28,  -43,   -1,    7,   -1,   -3,   -3,
      -1,    2,   -1,   -4,    3,    1,    1,    1,   -3,    1,   -1,    1,    4,   -1,   -3,  -17,
     -13,    9,  -19,    5,  -19,  -45,  -28,  -32,  -33,   -5,   28,   28,   28,   28,  -10,    4,
       4,    4,    4,    4,    4,    4,    4,    6,    4,  -10,  -10,  -10,  -10,  -10,  -10,  -15,
      -1,   -1,   -3,   -3,   -3,   -3,  -38,  -38,  -41,  -46,  -41,  -46,  -31,    2,  -25,  -19,
      -4,    1,  -50,  -50,  -14,  -16,  -40,    3,  -38,    5,    2,   -7,   -2,    4,    1,  -18,
      28,    3,  -10,    6,    4,    5,   -8,    5,    4,   -1,    5,    4,   17,    4,  -10,    5,
     -10,    3,    5,  -19,  -10,  -30,  -25,   16,  -16,   11,  -29,   -1,    7,   -1,   -3,   -3,
      -1,    2,   -1,   -4,    3,    1,    1,    1,    1,    1,    4,   -1,   -3,  -17,  -13,    9,
     -19,    5,  -19,  -28,  -32,  -34,   -5,   28,   28,   36,  -10,    4,  -10,  -10,   -1,    1,
     -38,  -41,  -46,  -41,  -46,  -31,  -25,  -19,   -4,   -1,  -21,  -21,  -14,  -20,    2,  -42,
       1,   -1,   -4,  -20,   15,    1,  -10,    1,    1,    2,   -6,    2,   -7,    2,    2,    6,
       1,  -10,    1,  -10,    5,   -6,   -4,   -1,    9,   -1,    9,  -27,   -1,   -1,   -1,   -8,
      -4,   -5,   -3,   -3,   -5,   -5,   -2,   -4,   -1,   -5,   -1,   -3,  -11,   -9,    2,  -23,
     -30,  -25,  -23,   -6,   15,   20,  -10,    1,    1,    1,    1,  -10,  -10,   -9,   -4,    1,
      -1,   -2,   -5,   -2,   -1,  -42,   -1,  -23,   -1,  -23,  -16,  -32,  -23,   -4,   -2,  -11,
     -11,  -15,  -21,   -8,   -6,  -42,   -5,   -6,   -6,   -9,   -3,   -7,  -22,    7,  -10,   -6,
      -4,    1,   -9,   -9,   -1,    1,    1,    1,    3,    5,    4,    2,    4,  -27,   -4,   -1,
      -3,   -4,   -5,   -4,   -4,   -3,   -3,   -4,   -2,   -2,   -5,   -5,   -5,   -4,   -4,   -6,
      -1,   -4,   -6,   -3,   -7,   -4,  -25,  -21,  -20,  -15,   -7,    7,    7,    7,    7,    7,
       7,   10,  -10,   -9,   -9,   -9,   -9,   -9,   -9,    1,    1,    1,    1,    2,   -4,   -4,
      -4,   -4,   -4,   -3,   -4,   -5,   -4,   -4,    3,   -4,    9,   -5,   -5,   -4,   -3,   -3,
      -7,  -42,  -14,  -14,  -11,  -35,  -24,   -7,   -1,  -21,  -21,  -14,  -21,    1,  -42,   -2,
      -7,   -3,  -20,   14,  -10,    1,    1,   -6,    1,   -7,    1,    7,   -9,   -9,    5,   -5,
      -4,   -1,   -1,    8,   -1,    8,  -28,   -1,   -1,   -8,   -4,   -5,   -8,   -3,   -3,   -5,
      -5,   -1,   -4,   -5,   -1,   -3,   -4,  -10,   -8,    2,  -13,  -22,  -29,  -26,  -22,   -6,
      14,   14,   14,   14,  -10,   -9,   -9,   -9,   -9,   -4,   -4,    1,   -1,   -1,  -41,  -41,
      -1,  -23,   -1,  -23,  -16,   -1,  -32,  -23,   -2,   -1,  -21,  -21,  -14,  -21,  -17,    1,
     -42,   -2,   -7,    2,   -3,  -12,   -3,  -20,   14,  -10,    1,    1,   -6,    1,   -7,    1,
       7,   -9,   -9,    5,   -5,   -4,   -1,   -1,    8,   -1,    8,  -28,  -42,   -1,   -1,   -8,
      -3,   -5,   -8,   -3,   -3,   -5,   -5,   -1,   -4,   -5,   -1,   -3,   -4,  -10,   -8,    2,
     -13,  -22,  -26,  -22,  -22,   -6,   14,   14,   14,   14,   14,  -10,    1,   -9,   -9,   -9,
      -9,   -9,   -4,   -4,   -4,   -4,    1,   -1,   -1,   -5,   -1,   -4,  -41,  -41,   -1,  -23,
      -1,  -23,  -16,   -1,  -32,  -23,   -2,   -1,  -21,  -21,  -14,  -21,  -17,    1,  -42,   -2,
      -7,    2,   -3,  -20,   14,  -10,    1,    1,   -6,    1,   -7,    1,    7,   -9,   -9,    5,
      -5,   -4,   -1,   -1,    8,   -1,    8,  -27,   -1,   -1,   -8,   -3,   -5,   -8,   -3,   -3,
      -5,   -5,   -4,   -5,   -1,   -3,   -4,  -10,   -8,    2,  -13,  -22,  -22,  -21,  -20,   -6,
      14,   14,  -10,   -9,   -9,   -4,   -4,   -4,    1,   -1,   -1,  -41,   -1,  -23,   -1,  -23,
     -16,   -1,  -32,  -23,   -2,   -1,  -21,  -21,  -14,  -21,  -17,    1,  -42,   -2,   -6,   -7,
       2,   -3,   -9,   -3,   -3,  -20,   14,  -10,    1,    1,   -6,    1,   -7,    1,    7,   -9,
      -9,    5,   -5,   -4,   -1,   -1,    8,   -1,    8,  -28,   -1,   -8,   -3,   -5,   -8,   -3,
      -3,   -5,   -5,   -1,   -4,   -5,   -1,   -3,   -4,  -10,   -8,  -22,  -23,  -21,  -21,   -6,
      14,   14,   14,  -10,   -9,   -9,   -9,   -9,   -4,   -1,  -41,  -41,   -1,  -23,   -1,  -23,
     -16,   -1,  -32,  -23,   -2,   -2,  -17,  -17,  -19,  -16,   -9,  -34,   -7,   -7,   -8,   -9,
     -14,    6,   -1,  -11,   -1,   -7,   -1,   -1,   -4,    1,   -1,  -11,   -1,  -11,   -1,    3,
       4,    8,    4,    2,  -22,  -10,    1,   -9,   -9,  -11,   -8,  -10,   -2,   -4,   -7,   -1,
      -1,   -7,   -7,  -12,   -5,   -7,   -3,   -5,   -9,   -3,   -2,   -8,   -3,  -17,  -11,  -13,
     -10,  -17,    6,    6,    6,  -11,   -1,   -1,   -1,   -1,  -11,  -11,    7,  -34,  -16,  -16,
     -17,   -9,  -18,  -17,  -16,   -2,  -14,  -14,  -19,  -14,  -10,   -9,  -34,   -7,   -7,  -10,
      -6,   -2,   -8,   -9,  -10,    6,   -1,  -11,   -1,   -7,   -1,   -1,   -4,    1,   -1,  -11,
      -1,  -11,   -1,    3,    4,    8,    4,    2,  -21,  -10,    1,   -9,   -9,  -11,   -8,  -10,
      -1,   -4,   -7,   -1,   -1,   -7,   -7,  -12,   -5,  -10,   -7,   -3,   -5,   -9,   -7,   -3,
      -2,   -8,   -3,   -1,  -17,   -5,   -6,   -8,  -17,    6,    6,    6,    6,   12,  -11,   -1,
       3,    1,   -1,  -11,  -11,  -11,  -11,  -11,   -1,   -8,   -6,  -10,   -6,  -10,  -34,  -34,
     -15,  -15,  -17,   -9,  -18,  -17,  -16,    2,   -8,   -8,   -8,  -19,   -3,   -9,  -34,   -7,
      -7,   -6,  -14,   -8,   -9,   -2,    6,  -11,   -7,   -1,   -4,    2,  -11,  -11,   -1,    4,
       5,    8,    5,    2,   -8,  -10,    2,   -9,   -9,   -8,  -10,   -3,   -6,   -7,   -7,  -12,
      -5,  -10,   -7,   -3,   -5,   -9,   -7,   -3,   -2,   -8,   -3,   -1,  -17,    5,    1,    1,
     -17,    6,    6,    6,   12,  -11,    2,   13,  -11,  -11,  -11,   -9,  -10,    6,  -34,  -34,
       1,   -7,    1,   -7,  -16,   -9,  -18,  -17,  -16,   -1,  -12,  -12,  -19,   -8,   -9,  -34,
      -7,   -7,   -8,   -9,   -5,    6,   -1,  -11,   -1,   -7,   -1,   -1,   -4,    1,   -1,  -11,
      -1,  -11,   -1,    3,    4,    8,    5,    2,  -14,  -10,    2,   -9,   -7,   -7,  -12,   -7,
      -3,   -5,   -3,   -8,  -17,    1,   -1,   -1,  -17,    6,    6,    6,    6,  -11,   -1,    1,
       3,   -1,  -11,  -11,  -11,  -11,   -8,    8,    1,  -12,    1,  -12,  -17,   -9,  -18,  -17,
     -16,   -1,  -16,  -16,   -4,  -42,  -20,  -14,  -16,  -14,  -13,   -1,   -1,  -12,   -2,   -5,
       6,   -5,   -5,   -5,   11,   -5,   -6,   -8,   -5,   -5,   -5,   -5,    6,   -5,   -5,   -1,
      -5,   -3,   -8,   -4,  -35,    1,    2,    1,    2,    1,    5,   -3,  -10,   -7,   -2,   -2,
      -2,   -1,   -5,   -5,   -6,   -6,    2,    6,    6,    6,    6,   -8,   -5,    1,    1,    4,
       1,  -14,  -14,   -9,  -24,   -2,  -12,  -12,  -16,  -18,   -5,  -14,  -30,  -15,  -14,   -5,
      -2,  -11,  -12,  -14,   -1,   -7,   -3,   -3,   -1,   -7,   -7,   -1,    5,    5,    9,   10,
       5,    8,  -22,   -9,   -9,   -8,   -2,   -9,   -8,   -5,   -3,  -10,  -11,   -9,  -19,   -1,
      -1,   -1,   -1,   -1,   -1,   -7,   -7,   -7,   -7,   -7,   -7,    5,    5,    5,    8,   -8,
      -8,   -8,   -8,   -8,   -6,   -8,   -8,   -5,  -13,  -13,  -14,  -18,  -14,  -19,   -3,  -20,
     -20,   -6,  -45,   -7,  -21,  -15,  -16,  -16,   -4,   -4,  -15,   -4,   -8,    2,   -8,   -8,
      -7,    7,   -7,   -9,  -10,   -7,   -7,   -7,   -8,    2,   -7,    2,   -8,   -3,   -4,   -1,
      -8,   -6,  -12,  -12,   -8,  -38,  -75,   -1,    1,   -1,   -1,   -1,   -3,   -1,   -3,   -3,
      -1,   -1,   -1,   -2,   -1,    2,    1,    6,   11,    5,   -5,   -5,  -11,  -10,  -12,   -4,
      -4,    2,   -8,   -8,   -8,   -8,   -9,   -9,   -9,   -8,    2,    2,    2,   -1,   -1,   -1,
      -1,  -16,   -6,  -17,   -6,  -17,  -13,  -24,   -1,  -12,   -3,  -20,  -20,   -6,  -45,   -7,
     -21,  -15,  -16,  -16,  -15,  -17,  -15,    2,  -12,   -4,   -4,  -15,   -4,   -8,    2,   -8,
      -8,   -7,    7,   -7,   -9,  -10,   -7,   -7,   -7,   -8,    2,   -7,    2,   -8,   -3,   -4,
      -1,   -8,   -6,  -12,  -12,   -8,  -38,   -1,    1,   -1,   -1,   -1,   -3,   -1,   -3,   -3,
      -1,   -1,   -1,   -1,   -2,   -1,    2,    1,    6,   11,    5,   -5,  -13,   -5,  -11,  -10,
     -12,   -4,   -4,   -4,   -3,    2,   -8,   -8,   -8,   -8,   -9,   -9,   -9,   -8,    2,    2,
       2,    2,    2,    2,   -1,   -1,   -1,  -12,   -7,   -1,   -1,   -1,   -1,   -1,   -1,   -1,
       1,  -16,  -16,   -6,  -17,   -6,  -17,  -13,  -24,   -1,  -12,   -3,  -20,  -20,   -6,  -41,
     -21,  -15,  -16,  -16,  -15,   -1,   -4,   -4,  -15,   -4,   -8,    2,   -8,   -8,   -7,    7,
      -7,   -9,  -10,   -7,   -7,   -7,   -8,    2,   -7,    2,   -8,   -3,   -4,   -1,   -8,   -6,
     -12,  -12,   -8,  -37,   -1,    1,   -1,   -1,   -1,   -3,   -1,   -3,   -3,   -1,   -1,   -1,
      -2,   -1,    2,    1,    6,   11,   -5,   -4,  -10,   -9,  -12,   -4,   -4,   -3,    2,   -8,
      -8,   -8,   -9,   -9,   -9,   -9,   -8,    2,    2,   -1,   -1,   -7,    1,   -1,    1,  -16,
     -16,   -6,  -17,   -6,  -17,  -13,   -1,  -12,   -3,  -20,  -20,   -6,  -43,  -21,  -15,  -16,
     -16,   -4,   -4,  -15,   -4,   -8,    2,   -8,   -8,   -7,    7,   -7,   -9,  -10,   -7,   -7,
      -7,   -8,    2,   -7,    2,   -8,   -3,   -4,   -1,   -8,   -6,  -12,   -8,  -38,   -1,    1,
      -1,   -1,   -1,   -3,   -3,   -3,   -1,   -1,   -2,   -1,    2,    1,    6,   11,   -5,   -5,
     -10,   -9,  -12,   -4,   -4,   -8,   -9,   -8,    2,    2,   -1,   -1,   -1,  -16,  -17,   -6,
     -17,  -13,  -24,   -1,  -12,   -3,  -20,  -20,   -6,  -43,   -7,  -21,  -15,  -16,  -16,  -15,
     -17,  -15,   -4,   -4,  -15,   -4,   -8,    2,   -8,   -8,   -7,    7,   -7,   -9,  -10,   -7,
      -7,   -7,   -8,    2,   -7,    2,   -8,   -3,   -4,   -1,   -8,   -6,  -12,  -12,   -8,  -38,
     -75,   -1,    1,   -1,   -1,   -1,   -3,   -1,   -3,   -3,   -1,   -1,   -1,   -1,   -2,   -1,
       2,    1,    6,   11,    5,   -5,   -5,  -10,   -9,  -12,   -4,   -4,   -4,   -4,   -4,    2,
      -8,   -8,   -8,   -8,   -9,   -9,   -9,   -9,   -8,    2,    2,    2,    2,    2,    2,   -1,
      -1,  -12,   -7,   -1,    1,   -1,   -1,   -1,    1,    5,  -16,   -6,  -17,   -6,  -17,  -13,
      -1,  -12,  -38,  -38,  -24,  -51,  -46,  -14,  -36,  -31,  -36,  -18,  -20,  -15,  -35,  -13,
     -16,  -15,  -22,  -14,  -21,  -22,  -21,  -12,  -21,  -24,  -28,  -22,  -22,  -19,  -22,  -14,
     -22,  -14,  -23,  -13,  -23,  -19,  -29,  -26,  -27,  -36,  -20,  -14,  -16,  -12,  -14,  -14,
     -16,  -14,  -18,  -14,  -18,  -18,  -15,  -15,  -14,  -14,  -15,  -14,  -12,   -9,   -6,  -10,
     -16,  -31,  -31,   -3,  -19,  -19,   -6,  -38,  -21,  -15,  -16,  -16,    5,  -15,  -17,  -15,
      -7,  -12,   -4,   -4,  -15,   -4,   -8,    2,   -8,   -8,   -7,    7,   -7,   -9,  -10,   -7,
      -7,   -7,   -8,    2,   -7,   -8,   -3,   -4,   -1,   -8,   -6,  -12,  -11,   -8,  -35,    1,
      -1,   -1,   -1,   -3,   -1,   -3,   -3,   -1,   -1,   -2,   -1,    2,    6,   11,    5,   -4,
     -10,   -9,  -12,   -4,   -3,   -9,    2,    2,   -1,   -1,  -16,  -16,   -6,  -17,   -6,  -17,
     -13,   -1,  -12,   -1,   -8,   -8,  -12,  -17,  -21,  -24,  -17,  -18,   -6,   -9,   -9,  -10,
      -6,   -1,   -1,   -1,    9,    9,   12,   14,    3,   12,  -21,    5,   -2,   -4,   -2,   -4,
       2,   -1,    3,    2,   -3,   -3,   -4,   -1,   -4,   -3,   -6,    1,   -1,    6,  -10,   -3,
      -7,  -10,   -6,  -16,   -6,   -6,   -6,   -1,   -1,   -1,   -1,    9,    9,  -24,  -24,    9,
     -10,    9,  -10,  -11,  -24,   -9,   -3,  -15,   -1,   -8,   -8,  -12,  -17,  -21,  -24,  -17,
     -18,   -6,    2,   -9,   -9,  -10,   -6,   -1,   -1,   -1,    9,    9,   12,   14,    3,   12,
     -21,   -4,    5,   -2,   -4,   -2,   -4,    2,    2,   -1,    3,    2,   -3,   -3,   -4,   -1,
      -3,   -6,    1,   -1,    1,    1,  -10,   -3,   -7,   -9,   -6,  -16,   -6,   -6,   -3,   -1,
       3,   -1,   -1,   -1,   -1,   -1,    9,    9,    9,   12,   -1,   -3,   -3,   -1,    1,  -24,
     -24,    9,  -10,    9,  -10,  -11,  -24,   -9,   -3,  -15,   -1,   -8,   -8,  -12,  -17,  -21,
     -24,  -17,  -18,   -6,   -9,   -9,  -10,   -6,   -1,   -1,   -1,    9,    9,   12,   14,    3,
      12,  -21,   -4,    5,   -2,   -4,   -4,   -2,   -4,    2,    3,    2,   -3,   -3,   -4,   -1,
      -3,   -6,    1,    6,   -2,    1,  -10,   -3,   -7,   -8,   -6,  -16,   -6,   -6,   -6,   -6,
      -3,   -1,   -1,    9,   -2,  -10,    9,  -10,  -11,  -24,   -9,   -3,  -15,   -1,   -8,   -8,
     -12,  -17,   -2,  -21,  -24,  -17,  -18,   -6,   -5,   -5,   -5,   -1,   -9,   -9,  -10,   -6,
      -1,   -1,   -1,    9,    9,   12,   14,    3,   12,  -21,   -4,    5,   -2,   -4,   -4,   -2,
      -4,    2,    2,   -1,    3,    2,   -3,   -3,   -4,   -1,   -4,   -3,   -6,    1,   -1,    1,
       6,   -2,    1,  -10,   -3,   -7,   -9,   -6,  -16,   -6,   -6,   -6,   -6,   -3,   -1,   -1,
      -1,   -1,   -1,   -1,    9,    9,    9,    9,   12,   -3,   -2,   -2,   -3,    1,    1,  -24,
     -24,    9,  -10,    9,  -10,  -11,  -24,   -9,   -3,  -15,    4,   -1,   -1,  -14,   -8,  -28,
     -50,  -27,  -27,  -19,  -20,  -13,  -13,    6,   -9,    5,    7,    5,   -5,    5,    6,    3,
       6,    6,    1,    7,   -8,    6,   -8,    6,   16,   13,   24,   25,   15,   25,    9,  -16,
     -29,  -28,  -27,   -5,   -1,    4,    1,  -15,  -26,  -16,  -18,   -7,  -13,   -8,   -5,   -8,
     -39,  -10,   -6,   -5,  -27,  -12,  -12,   -5,   -9,    6,    5,   -8,   -8,   -8,   13,   13,
      25,    5,  -15,  -10,   -7,   -8,  -50,   15,   -1,   15,   -1,   -8,  -32,  -32,  -41,  -26,
      -1,  -25,  -25,  -39,  -38,  -12,  -35,  -17,   -1,   -2,  -10,  -12,   -7,    6,   -7,   -7,
      -6,   11,   -6,   -8,   -9,   -6,   -6,   -8,   -6,    6,   -6,   -7,   -7,   -8,   -1,  -11,
      -9,  -20,  -31,    3,    4,   -1,   -2,    4,   -2,    4,    1,    8,    8,   -3,   -9,   -8,
     -12,  -13,   -7,   -8,   -8,    6,    6,    6,   -1,  -20,   -6,    3,    2,    4,   -1,    4,
       4,    1,    8,  -12,  -15,    2,    1,  -19,  -19,   -9,  -26,   -2,  -27,   -4,   -1,   -4,
     -19,   12,   -1,   -6,    3,    6,  -30,    3,    1,    4,    2,    2,   -3,    2,   -1,   -3,
      -3,   -1,   -1,   -3,   -3,    1,   -3,    2,   -3,   -1,   -1,   -1,   -3,   -4,   -1,   -4,
     -18,  -23,  -20,   -1,    3,    1,   -1,  -27,  -19,  -19,  -11,  -21,   -2,   -1,    2,  -29,
     -29,  -13,  -27,  -17,   -1,  -27,    2,   -2,   -9,    1,    3,  -18,   17,   -2,   -6,   -1,
      -2,   -1,   -3,   -7,    5,   -3,   -6,   -3,  -10,  -16,  -33,   -1,    3,   -1,   -1,   -2,
      -2,   -1,    1,   -2,    1,    1,    1,   -3,    3,   -1,    1,    4,    2,    3,    4,   -1,
       3,   -8,  -10,  -19,  -19,   -9,   17,   -9,   -1,   -1,   -1,   -1,   -1,   -2,   -2,   -2,
       1,    1,    1,   -3,    1,   -2,   -2,   -2,  -27,  -27,  -17,  -24,  -17,  -24,  -21,   -2,
     -12,   -9,   -7,    4,  -23,  -23,  -13,  -16,  -16,   -1,  -27,    2,   -2,   -8,   -5,    3,
     -13,   -1,   -6,    1,   -1,   -5,    6,    3,   -8,   -5,    6,   -6,  -22,   -1,    4,   -1,
      -1,   -2,   -1,   -1,    1,    1,   -2,    1,    1,    1,    1,   -3,    3,   -1,    1,    4,
       2,    3,    4,   -1,    3,   -8,   -8,  -14,  -12,   -9,   17,   -1,   -1,   -1,   -1,   -1,
      -1,   -1,   -2,   -2,   -2,    2,    1,   -2,    1,   -2,   -2,   -2,   -2,   -1,    5,  -27,
     -27,  -12,  -19,  -12,  -19,  -21,   -2,  -12,   -9,   -7,    4,  -25,  -25,  -12,  -25,   -1,
     -27,    2,   -2,    3,  -18,   17,   -2,   -6,   -1,   -2,   -2,   -1,   -1,    5,   -1,   -2,
      -2,   -7,  -32,   -1,    3,   -1,   -1,   -2,   -1,   -1,    1,   -2,    1,    1,    1,   -3,
       3,   -1,    1,    4,    3,    3,    4,   -1,    3,   -8,  -10,  -16,  -17,   -9,   17,   -1,
      -1,   -1,   -2,   -2,   -2,    1,    1,   -2,   -1,   -1,  -11,  -23,  -11,  -23,  -18,  -12,
      -9,   -7,    4,  -25,  -25,  -12,  -21,  -14,   -1,  -27,    2,   -2,   -3,    3,  -16,   -6,
     -31,   -1,    3,   -1,   -1,   -2,   -1,   -1,    1,    1,   -2,    1,    1,    1,    1,   -3,
       3,    1,    4,    2,    3,    4,   -1,    3,   -8,  -10,  -16,  -16,   -9,   17,   -1,   -1,
      -1,   -2,    1,    1,   -2,   -2,   -1,    4,  -27,   -9,  -21,   -9,  -21,  -18,   -2,  -12,
      -9,   -7,    4,  -25,  -25,  -12,  -21,   -1,  -27,    2,   -2,    1,    3,  -16,   17,    1,
      -2,    1,   -5,    1,    6,    1,    1,    1,    4,   -7,   -4,   -4,  -31,  -37,   -1,    3,
      -1,   -1,   -2,   -1,   -1,    1,   -2,    1,    1,    1,    1,   -3,    3,   -1,    1,    4,
       2,    3,    4,   -1,    3,   -8,  -10,  -16,  -16,   -9,   17,   -6,   -6,    3,   -1,   -1,
      -1,   -1,   -1,   -2,   -2,   -2,   -2,    1,    1,    1,    1,    1,   -2,   -2,   -2,   -1,
      -1,  -27,  -27,   -9,  -21,   -9,  -21,  -18,   -2,  -12,   -9,   -7,    3,  -25,  -25,  -13,
     -19,   -1,  -27,    2,   -2,   -9,    3,  -15,   17,   -5,   -8,  -27,   -1,    3,   -1,   -1,
      -2,   -1,   -1,    1,   -2,    1,    1,    1,   -3,    3,   -1,    1,    4,    2,    3,    4,
      -1,    3,   -8,  -10,  -15,  -14,   -9,   -1,   -1,   -1,    1,   -2,   -2,   -1,  -27,  -12,
     -21,  -12,  -21,  -21,  -12,   -9,   -7,   -2,  -29,  -29,  -12,  -33,   -8,  -22,   -6,  -10,
      -1,  -18,   -5,  -38,   -5,   -4,   -4,   -5,   -5,   -6,   -5,   -7,   -4,   -6,   -7,   -6,
      -5,   -5,   -5,   -3,   -5,   -5,    1,   -1,   -3,    2,    6,    1,   -3,   -7,   -6,  -13,
     -11,   -8,   -5,   -5,   -5,   -4,   -5,   -5,   -4,   -6,   -5,   -5,   -5,   -5,   -3,   -4,
     -23,  -20,  -24,  -20,  -24,  -21,   -5,   -9,   -8,   -1,  -24,  -24,  -16,  -29,  -14,   -4,
     -44,   -3,   -7,  -14,   -9,   -2,  -25,    4,   -6,   -6,   -7,   -7,  -34,   -8,   -4,   -6,
      -8,   -8,   -5,   -9,   -7,   -3,   -4,   -7,   -6,   -3,   -3,   -9,   -1,   -8,   -3,    1,
      -1,    3,    7,    3,    3,   -2,  -28,   -8,  -18,  -14,   -7,    4,   -7,   -7,   -8,   -8,
      -8,   -8,   -8,   -8,   -8,   -6,   -8,   -8,   -8,   -8,   -3,   -3,   -3,   -3,   -9,   -9,
      -9,   -9,   -9,   -9,   -1,   -1,   -1,   -1,    3,  -45,  -12,  -18,  -12,  -18,  -17,  -23,
     -29,   -5,   -2,  -28,  -28,  -11,  -33,   -8,  -23,   -6,  -10,  -18,   -1,  -18,    3,   -5,
      -3,   -5,   -5,   -6,   -5,   -2,   -5,   -6,   -1,  -11,   -8,  -16,  -38,   -5,   -3,   -3,
      -5,   -5,   -5,   -5,   -6,   -4,   -6,   -6,   -5,   -5,   -5,   -5,   -3,   -5,   -5,    1,
      -1,   -3,    2,    7,    1,    1,   -3,   -7,   -6,  -13,  -12,   -8,   -5,   -5,   -5,   -5,
      -5,   -3,   -5,   -5,   -5,   -5,   -4,   -4,   -4,   -4,   -5,   -5,   -5,   -5,   -5,   -3,
      -3,  -23,  -23,  -18,  -23,  -18,  -23,  -20,   -7,   -5,   -9,   -8,  -16,   -5,  -16,  -11,
     -14,   -7,   -8,  -23,   -4,  -10,  -15,   -6,   -8,  -12,   -1,   -9,    3,   -3,   -2,   -2,
      -2,   -1,   -1,   -3,   -5,   -1,   -1,   -1,   -2,   -3,   -2,   -3,   -6,    1,   -3,  -20,
     -61,   -5,   -1,   -3,   -5,   -5,   -5,   -5,   -2,   -3,   -5,   -2,   -3,   -5,   -5,   -5,
      -3,   -5,   -5,    1,   -1,   -3,    2,    7,    1,    1,   -3,   -7,   -3,   -7,   -5,   -8,
      -2,   -2,   -4,   -5,   -5,   -5,   -4,   -3,   -4,   -5,   -4,   -4,    2,   -4,   -3,   -5,
      -4,   -4,   -5,   -4,   -4,   -5,   -2,   -3,   -2,   -3,   -1,  -23,  -23,   -7,  -14,   -7,
     -14,  -18,   -7,   -5,   -9,   -8,   -2,  -21,  -21,  -11,  -30,   -4,   -8,  -23,   -6,  -10,
     -12,   -5,   -1,  -17,    3,   -3,   -2,   -9,   -3,   -1,   -3,   -3,   -4,   -2,   -1,  -34,
      -5,   -2,   -3,   -5,   -5,   -5,   -5,   -5,   -4,   -5,   -5,   -5,   -5,   -5,   -5,   -3,
      -5,   -5,    1,   -1,   -3,    2,    7,    1,    1,   -3,   -7,   -5,  -10,  -10,   -8,   -3,
      -5,   -4,   -3,   -4,   -5,   -4,   -4,   -4,   -5,   -4,   -2,   -3,   -2,  -23,   -6,  -19,
      -6,  -19,  -16,   -7,   -5,   -9,   -8,   -1,  -18,  -18,  -11,  -24,   -8,  -23,   -6,  -10,
      -2,  -11,   -4,   -5,   -7,   -4,   -1,  -14,    3,   -2,   -2,   -1,   -1,   -1,    1,   -2,
      -1,   -1,   -1,   -1,   -2,   -2,   -2,    1,   -3,    2,    1,    1,  -30,   -5,   -3,   -3,
      -5,   -5,   -5,   -5,   -5,   -3,   -4,   -4,   -4,   -5,   -5,   -5,   -3,   -5,   -5,    1,
      -1,   -3,    2,    7,    1,    1,   -3,   -7,   -5,   -9,   -9,   -8,   -2,   -1,   -5,   -5,
      -5,   -3,   -5,   -4,   -4,    1,   -4,   -4,   -5,   -4,   -4,   -2,  -23,  -23,   -2,  -17,
      -2,  -17,  -16,   -7,   -5,   -9,   -8,  -28,  -28,  -15,  -28,   -3,  -30,   -2,   -5,   -4,
     -21,   13,   -2,   -9,   -2,    1,   -9,  -35,   -4,    1,   -3,   -4,   -4,   -5,   -4,   -3,
      -2,   -4,   -2,   -2,   -1,   -1,   -5,   -1,   -4,   -2,    1,   -1,   -3,   -3,    1,   -3,
     -12,  -12,  -19,  -20,  -11,   -2,   -2,   -4,   -4,   -4,   -3,   -4,   -4,   -4,   -1,   -2,
      -1,   -5,   -5,   -3,   -3,  -30,  -13,  -25,  -13,  -25,  -21,   -4,  -14,  -12,  -10,    7,
      -1,   -1,  -15,    1,   -5,   -3,  -30,   -2,   -5,   -6,   -7,   -4,   13,    3,   -8,    3,
       4,   -4,    3,    3,    4,    4,    6,    3,   -7,    4,    2,    3,    3,   12,   -4,   -4,
       6,   -3,   -4,   -4,   -4,   -4,    1,   -3,    1,    2,   -1,   -1,   -5,   -1,   -4,   -2,
       1,   -1,   -3,   -3,    1,   -3,   -2,  -12,    1,    4,  -11,    7,   -7,   -2,   -4,   -4,
      -3,   -3,   -3,   -4,   -4,   -4,   12,   -1,    1,   -2,   -1,   -1,   -5,   -4,   -4,   -5,
      -3,    5,  -30,  -30,    7,    7,  -15,   -4,  -14,  -12,  -10,    5,   -4,   -4,  -10,  -14,
      -3,  -30,   -2,   -5,    5,  -11,   -4,  -14,   -3,    4,    3,    4,    4,   -2,    3,    8,
      12,   12,   12,   11,  -20,   -4,    4,   -3,   -4,   -4,   -3,   -4,   -1,   -2,   -1,   -1,
      -5,   -1,   -4,   -1,    1,   -1,   -2,    1,    1,   -3,    2,  -12,   -9,   -7,   -8,  -10,
       5,   -3,   -3,   -3,   -3,   -3,   -4,   -4,   -4,    3,    8,   -5,   -1,   -5,   -4,   -4,
      -1,  -30,  -30,    9,   -9,    9,   -9,   -6,   -4,  -14,  -12,   -9,    5,   -1,   -1,  -11,
     -11,   -3,  -30,   -2,   -4,   -9,  -17,   -4,    4,   -3,   -4,   -4,   -2,   -4,    1,   -2,
       1,   -1,   -1,   -5,   -1,   -4,   -1,    1,   -2,   -2,    1,    1,   -3,  -12,   -8,   -7,
      -4,  -11,    9,   -3,   -4,   -3,   -3,   -3,   -3,   -4,   -4,   -3,    4,    8,   -1,   -4,
      -5,   -4,   -4,   -1,   10,   -5,   10,   -5,   -6,   -4,  -14,  -12,  -10,   -2,  -23,  -23,
      -6,  -40,  -15,  -15,  -13,  -12,  -17,   -4,   -4,  -15,    7,   -6,  -38,    1,    1,    2,
       1,    1,   -2,   -3,   -2,   -3,   -2,   -1,   -1,    1,   -1,   -1,    1,    1,    5,   10,
       3,   -5,   -6,  -13,  -11,    1,    1,    1,    1,    1,    1,    1,    1,    1,    1,    1,
       1,    1,    3,    1,  -11,  -20,  -11,  -20,  -14,  -17,   -2,   -1,  -33,  -33,  -14,  -28,
     -19,   -3,  -27,   -1,   -3,   -5,   -4,  -19,   -2,   -2,    2,   -6,   -2,  -33,   -2,    2,
      -1,   -3,   -4,   -5,   -3,   -2,   -1,   -5,   -2,   -1,   -4,    1,   -3,    1,   -4,   -5,
       1,   -5,  -12,  -20,  -21,  -12,   -2,   -2,   -2,   -2,   -2,   -2,   -2,   -1,   -3,   -4,
      -3,   -1,   -1,   -1,   -3,   -4,   -3,   -3,   -3,   -4,   -4,   -4,   -5,   -5,  -29,  -29,
     -26,   -3,  -12,  -10,   -5,  -36,  -36,   -7,  -43,  -16,  -14,  -15,  -12,  -12,   -7,   -8,
     -16,   -7,   -4,   -7,   -8,  -21,  -37,  -66,   -1,    3,    1,   -6,   -4,   -5,   -6,   -3,
      -3,   -4,   -4,   -3,   -5,   -3,   -1,   -1,   -2,    1,   -6,   -2,   -7,  -11,  -17,  -16,
     -12,   -8,   -1,    3,    1,    1,    1,    1,   -5,   -5,   -5,   -4,   -1,   -1,   -2,  -15,
     -27,  -31,  -27,  -31,  -23,  -16,   -3,  -12,   -3,  -30,  -30,   -7,  -27,  -14,  -14,  -15,
     -12,  -12,  -22,  -15,  -18,  -22,   -7,   -8,  -13,   -7,   -8,   -6,   -3,   -7,   -6,  -28,
      -1,    3,    1,   -6,   -3,   -5,   -6,   -3,   -3,   -4,   -4,   -3,   -5,   -3,   -1,   -1,
      -2,    1,   -6,   -2,   -7,  -18,   -8,  -13,  -12,  -12,   -1,    3,    1,    1,    1,    1,
      -5,   -3,   -4,   -1,   -1,   -1,   -2,   -1,  -15,  -15,  -20,  -26,  -20,  -26,  -23,  -16,
      -3,  -12,   -4,  -31,  -31,   -7,  -43,  -14,  -15,  -12,  -12,  -18,   -6,   -7,   -8,  -16,
      -7,   -8,   -8,  -14,  -37,   -1,    3,    1,   -6,   -4,   -5,   -6,   -3,   -3,   -4,   -4,
      -3,   -5,   -3,   -1,   -1,   -2,    1,   -6,   -2,   -7,  -11,  -15,  -16,  -12,   -1,    3,
       1,    1,    1,   -5,   -5,   -2,   -5,   -4,   -1,   -1,   -1,  -15,  -15,  -19,  -30,  -19,
     -30,  -21,   -3,  -12,   -3,  -31,  -31,   -7,  -37,  -14,  -15,  -12,  -12,   -7,   -8,  -14,
     -33,   -1,    3,    1,   -6,   -4,   -5,   -6,   -3,   -3,   -4,   -4,   -3,   -5,   -3,   -1,
      -1,   -2,    1,   -2,   -7,  -10,  -15,  -15,  -12,   -1,    1,   -5,   -4,   -1,  -15,  -28,
     -16,  -28,  -21,  -16,   -3,  -12,   -3,  -30,  -30,   -7,  -37,  -13,  -14,  -15,  -12,  -12,
     -14,  -15,   -7,   -8,  -14,   -7,   -1,   -6,   -7,   -6,    1,   -6,   -8,   -6,   -6,   -3,
      -7,   -6,   -8,   -3,  -13,   -6,  -35,  -66,   -1,    3,    1,   -5,   -4,   -5,   -6,   -3,
      -3,   -4,   -4,   -3,   -5,   -3,   -1,   -1,   -2,    1,   -6,   -2,   -7,  -10,  -15,  -15,
     -12,   -1,   -1,    3,    1,    1,    1,    1,   -3,   -5,   -3,   -3,   -4,   -1,   -1,   -2,
      -1,  -15,  -16,  -28,  -16,  -28,  -20,   -3,  -12,  -27,  -58,  -15,  -45,  -49,  -39,  -18,
     -32,  -15,  -51,  -23,  -26,  -31,  -30,  -30,  -31,  -30,  -50,  -14,  -21,  -14,  -26,  -26,
     -27,  -49,  -52,  -54,   -3,  -29,  -29,   -6,  -43,  -14,  -15,  -12,  -12,  -17,   -7,   -8,
     -16,   -6,   -7,   -7,  -37,   -1,    3,    1,   -5,   -4,   -5,   -6,   -3,   -3,   -4,   -4,
      -3,   -5,   -3,   -1,   -1,   -1,    1,   -5,   -2,   -7,  -11,  -15,  -16,  -12,   -5,  -15,
     -15,  -15,  -26,  -15,  -26,  -15,   -3,  -12,    1,  -31,  -31,  -14,  -28,   -2,  -29,   -3,
     -11,    2,   -1,  -20,   -1,   -1,   -4,   -1,   -1,   -2,    1,    1,  -34,   -2,    1,   -2,
      -2,   -3,   -4,   -2,   -1,   -4,   -1,   -3,    1,   -2,   -1,    3,   -1,   -2,    2,   -3,
       1,  -11,  -12,  -21,  -21,   -9,  -11,   -2,   -2,   -2,   -2,   -3,   -3,   -3,   -3,   -3,
      -3,   -3,   -1,   -1,  -29,  -29,  -21,  -26,  -21,  -26,  -23,   -3,  -14,  -11,   -7,    2,
     -28,  -28,  -14,  -22,   -2,  -29,   -3,  -11,  -19,    2,   -1,  -17,   15,   -1,   -8,   -1,
      -1,   -2,   -1,   -1,    3,   -1,  -11,  -13,  -12,  -29,   -2,    1,   -2,   -2,   -3,   -3,
      -2,   -3,   -1,   -3,    1,   -2,   -1,    3,   -1,   -2,    2,   -3,    1,  -11,  -11,  -18,
     -16,   -9,   -2,   -8,  -10,   -2,   -2,   -1,   -2,   -3,   -3,   -3,   -3,   -3,   -3,   -3,
      -3,   -1,   -1,   -1,   -3,    1,  -29,  -29,  -16,  -24,  -16,  -24,  -23,   -3,  -14,  -11,
      -8,    1,  -30,  -30,  -14,  -28,   -2,  -29,   -3,  -10,    2,   -1,  -20,   15,   -1,   -1,
      -1,   -1,    3,   -1,   -2,    1,  -14,  -34,   -2,    1,   -2,   -2,   -3,   -3,   -2,   -1,
      -3,   -1,   -3,    1,   -2,    3,    1,   -1,   -2,    2,   -3,    1,  -11,  -12,  -20,  -21,
      -9,  -10,   -2,   -2,   -2,   -2,   -1,   -2,   -3,   -3,   -3,   -3,   -3,   -1,  -25,  -16,
     -25,  -20,   -3,  -14,  -11,   -7,    1,  -29,  -29,  -14,  -27,   -2,  -29,   -3,  -10,   -1,
     -10,   -6,   -2,    2,   -1,  -19,   15,   -1,   -8,   -1,   -1,   -4,   -1,   -2,   -1,   -1,
       3,   -1,   -1,   -2,    1,  -10,  -10,  -12,  -33,   -2,    1,   -2,   -2,   -3,   -3,   -2,
      -1,   -3,   -1,   -3,    1,   -2,    3,   -1,   -2,    2,   -3,    1,  -11,  -11,  -19,  -19,
      -9,   15,  -10,    2,   -2,   -2,   -2,   -2,   -1,   -2,   -3,   -3,   -3,   -3,   -3,   -3,
      -3,   -3,   -3,   -1,   -1,   -1,   -1,   -3,    1,  -29,  -29,  -16,  -25,  -16,  -25,  -21,
      -3,  -14,  -11,   -7,   -3,  -20,  -20,   -8,  -28,  -28,  -18,  -24,  -23,  -22,   -3,   -3,
     -15,  -10,    2,  -11,  -10,  -10,  -11,   -1,   -6,   -6,   -5,  -30,   -3,   -2,   -1,   -3,
      -2,   -3,   -3,   -5,   -3,   -3,   -5,   -5,   -1,   -1,   -2,   -1,   -3,   -1,   -1,    1,
       1,    7,   12,    6,   -4,   -3,   -9,   -8,  -13,   -3,   -3,   -3,   -1,   -3,   -3,   -2,
      -2,   -2,    1,    1,    6,   -2,  -19,  -10,  -16,  -10,  -16,  -16,  -28,   -3,  -12,   -5,
     -34,  -34,  -44,  -18,  -15,  -14,  -13,   -6,   -6,  -16,   -9,  -37,   -1,    2,    1,   -5,
      -4,   -4,   -5,   -4,   -4,   -4,   -4,   -3,   -5,   -3,   -1,   -1,    3,  -10,  -15,  -15,
       1,   -4,   -4,   -1,   -1,  -15,  -21,   -1,   -3,  -21,  -38,  -28,  -18,  -24,   -3,   -3,
     -16,  -36,   -3,   -2,   -1,   -3,   -2,   -3,   -3,   -5,   -3,   -5,   -5,   -1,   -1,   -2,
      -1,   -1,   -1,    1,    1,    7,   12,    6,   -4,   -3,  -11,   -9,   -3,   -3,   -2,    6,
     -15,   -3,  -31,  -72,  -52,  -55,  -35,  -69,  -44,  -34,  -38,  -34,  -41,  -46,  -24,  -53,
     -68,  -46,  -28,  -41,  -24,  -77,  -32,  -35,  -38,  -37,  -40,  -41,  -38,  -26,  -38,  -38,
     -38,  -22,  -38,  -39,  -40,  -38,  -38,  -39,  -38,  -26,  -38,  -26,  -38,  -46,  -64,  -32,
     -47,  -45,  -54,  -58,  -49,  -59,  -25,  -31,  -22,  -25,  -24,  -37,  -25,  -34,  -35,  -37,
     -33,  -33,  -34,  -34,  -24,  -34,  -25,  -34,  -31,  -33,  -32,  -38,  -34,  -48,  -39,  -39,
     -28,  -66,  -34,  -33,  -44,  -47,  -25,  -38,  -40,  -41,  -52,  -40,  -41,  -41,  -41,  -41,
     -41,  -41,  -42,  -26,  -38,  -38,  -38,  -38,  -39,  -39,  -39,  -39,  -29,  -38,  -26,  -26,
     -26,  -26,  -26,  -26,  -32,  -32,  -32,  -32,  -58,  -38,  -30,  -25,  -25,  -25,  -25,  -25,
     -25,  -25,  -22,  -24,  -24,  -24,  -24,  -35,  -35,  -35,  -35,  -24,  -34,  -24,  -24,  -24,
     -24,  -24,  -24,  -32,  -32,  -32,  -32,  -39,  -31,  -39,  -49,  -49,  -49,  -68,  -67,  -79,
     -25,  -54,  -33,  -25,  -51,  -38,  -24,  -69,  -28,  -47,  -54,  -27,  -58,  -38,  -41,  -41,
     -16,  -47,  -58,  -41,  -18,  -32,  -16,  -68,  -24,  -27,  -32,  -32,  -33,  -35,  -32,  -17,
     -31,  -32,  -31,  -14,  -31,  -33,  -34,  -31,  -31,  -33,  -31,  -17,  -31,  -17,  -32,  -43,
     -56,  -24,  -41,  -38,  -50,  -53,  -44,  -52,  -16,  -22,  -14,  -16,  -15,  -30,  -16,  -25,
     -27,  -30,  -25,  -25,  -26,  -26,  -16,  -25,  -16,  -26,  -21,  -24,  -23,  -30,  -27,  -45,
     -32,  -32,  -36,  -17,  -33,  -35,  -35,  -47,  -33,  -35,  -35,  -35,  -35,  -35,  -35,  -17,
     -32,  -32,  -32,  -32,  -33,  -33,  -33,  -31,  -17,  -17,  -17,  -17,  -24,  -24,  -53,  -31,
     -16,  -16,  -16,  -16,  -16,  -14,  -15,  -15,  -15,  -15,  -27,  -27,  -27,  -26,  -16,  -16,
     -16,  -16,  -23,  -23,  -32,  -22,  -26,  -49,  -49,  -64,  -63,  -79,  -17,  -50,  -26,  -24,
     -69,  -47,  -54,  -27,  -58,  -38,  -41,  -41,  -16,  -47,  -58,  -41,  -18,  -32,  -16,  -68,
     -24,  -27,  -32,  -32,  -33,  -35,  -32,  -17,  -31,  -32,  -31,  -14,  -31,  -33,  -34,  -31,
     -31,  -33,  -31,  -17,  -31,  -17,  -32,  -43,  -56,  -24,  -41,  -38,  -50,  -53,  -44,  -16,
     -22,  -14,  -16,  -15,  -30,  -16,  -25,  -27,  -30,  -25,  -25,  -26,  -26,  -16,  -25,  -16,
     -26,  -21,  -24,  -23,  -30,  -27,  -45,  -32,  -32,  -24,  -36,  -17,  -33,  -35,  -35,  -47,
     -33,  -26,  -49,  -49,  -64,  -63,  -79,  -17,  -50,  -26,  -29,   -9,  -20,  -20,  -20,  -12,
     -30,  -20,  -24,  -16,  -22,  -49,  -38,  -49,  -39,  -49,  -14,  -22,  -21,  -16,  -41,  -16,
     -25,   -5,  -16,   -8,  -24,  -24,  -30,  -16,  -30,  -47,  -13,  -16,  -14,  -13,  -14,  -12,
     -14,  -14,  -15,  -13,  -13,  -22,  -13,  -16,  -13,  -16,  -13,  -10,   -1,   -7,    1,  -10,
     -10,  -20,  -37,   -6,  -33,  -36,  -34,  -14,  -37,   -8,  -11,  -12,   -8,   -9,  -15,  -15,
     -34,  -14,  -36,  -15,  -22,  -10,  -12,   -4,   -2,   -7,   -5,  -19,  -21,  -49,  -20,  -42,
     -17,  -21,  -49,  -49,  -12,   -7,  -12,   -7,  -33,  -44,  -47,  -47,  -42,  -46,  -47,  -47,
     -41,  -16,  -13,  -13,  -13,  -13,  -13,  -13,   -1,  -13,  -16,  -16,  -16,  -16,  -16,  -30,
     -16,   -7,   -7,   -7,   -7,  -14,  -28,  -36,  -36,  -35,  -34,  -35,  -38,  -33,  -22,  -34,
     -32,  -30,    9,  -13,  -13,  -22,  -34,  -32,  -29,  -30,  -49,  -34,   -8,  -10,  -10,  -10,
      -6,  -49,  -49,  -13,  -19,  -13,  -19,  -49,  -16,  -15,  -49,  -49,  -31,  -30,   -6,  -12,
     -15,  -12,  -14,   -7,   -7,  -49,  -38,  -49,  -39,  -44,   -1,   -3,  -33,  -17,    8,  -24,
     -24,  -32,  -13,  -23,  -42,    3,   -5,    2,    3,    3,    2,    2,    2,    3,    3,   -4,
       3,   -3,    3,   -3,    3,   10,   12,   19,   20,    4,   17,    1,  -18,  -33,    5,  -29,
     -32,  -30,   -2,  -32,    4,    5,    2,  -10,  -10,  -29,   -9,  -32,  -11,  -18,   -8,   -3,
      -1,   -7,   -4,  -15,  -19,  -49,  -49,   -4,   -2,  -31,  -24,  -42,  -42,  -39,  -41,  -41,
     -42,  -27,   -5,    3,    3,    3,    3,    2,    2,    6,    4,    3,   -3,   -3,   -3,   -3,
      -3,   -3,   12,   12,   12,   12,   17,  -22,  -33,  -24,  -21,  -24,  -29,  -34,  -29,  -15,
     -30,  -17,  -16,   23,   -5,   19,   16,   -8,  -15,  -29,  -17,  -15,  -16,  -29,   -3,   -7,
      -4,   -4,   -3,    3,  -49,  -49,    2,  -13,    2,  -13,  -49,  -49,  -49,  -28,  -20,  -10,
     -33,  -15,  -49,  -15,  -30,  -49,  -49,   56,  -49,   50,   11,  -28,  -14,   -5,  -10,  -37,
     -14,  -24,  -38,  -15,  -35,   -8,  -39,  -32,  -10,    7,   -6,  -32,   -5,   -6,   -6,  -30,
      -6,   -6,   13,   -6,   -6,   -6,  -31,   -6,  -31,   -8,   -4,  -34,  -30,  -47,  -43,  -29,
      -2,  -16,   -7,  -16,  -16,  -18,    8,  -14,  -12,  -12,    7,  -11,  -10,  -12,  -12,  -19,
     -16,  -13,   -7,  -12,  -17,  -37,  -33,   -4,   -9,   -4,   -1,  -49,  -49,  -28,    7,    7,
       7,    7,    7,   14,  -32,   -6,   -6,   -6,   -6,   -6,  -31,  -31,  -31,  -28,  -30,  -30,
     -30,   -6,   -9,  -16,  -16,  -16,  -16,  -16,  -14,  -10,  -18,  -18,  -12,  -12,  -19,  -19,
     -11,  -17,  -17,  -49,  -49,  -49,  -13,  -49,  -13,   -8,  -49,  -26,   -9,  -49,   -9,  -21,
     -20,  -20,  -12,  -30,  -21,  -24,  -16,  -22,  -59,  -38,  -65,  -39,  -52,  -15,  -22,  -21,
     -16,  -41,  -16,  -25,   -5,  -16,   -9,  -24,  -24,  -54,  -30,  -16,  -30,  -48,  -13,  -16,
     -14,  -13,  -14,  -12,  -14,  -14,  -15,  -13,  -13,  -22,  -13,  -16,  -13,  -16,  -13,  -10,
      -1,   -8,    1,  -10,  -10,   -4,  -20,  -47,  -86,  -37,   -6,  -33,  -36,  -34,  -14,  -37,
      -8,  -11,  -12,   -8,   -9,  -14,  -14,  -34,  -14,  -36,  -15,  -22,  -10,  -12,   -5,   -2,
      -7,   -5,  -19,  -31,  -21,  -75,  -20,  -42,  -17,  -21,  -52,  -12,   -7,  -12,   -7,  -33,
     -44,  -48,  -48,  -42,  -46,  -47,  -48,  -41,  -16,  -13,  -13,  -13,  -13,  -13,  -14,   -1,
     -13,  -16,  -16,  -16,  -16,  -16,  -30,  -16,   -8,   -8,   -8,   -8,  -14,  -28,  -36,  -36,
     -35,  -34,  -35,  -38,  -33,  -22,  -34,  -32,  -30,    9,  -13,  -13,  -22,  -34,  -32,  -29,
     -30,  -56,  -34,  -10,  -10,  -10,   -5,  -65,  -65,  -13,  -19,  -13,  -19,  -82,  -16,  -15,
     -86,  -53,  -31,  -30,   -6,  -13,  -18,  -12,  -15,  -12,  -14,   -7,   -7,  -56,  -38,  -66,
     -39,  -44,   -1,   -3,  -33,  -17,    8,  -24,  -24,  -32,  -13,  -23,  -42,    3,   -5,    2,
       3,    3,    2,    2,    2,    3,    3,   -4,    3,   -3,    3,   -3,    3,   10,   12,   19,
      20,    4,   17,    1,  -18,  -33,    5,  -29,  -32,  -30,   -2,  -32,    4,    5,    2,  -10,
     -10,  -29,   -9,  -32,  -11,  -18,   -8,   -3,   -1,   -7,   -4,  -15,  -19,  -76,  -52,   -4,
      -2,  -31,  -24,  -42,  -42,  -39,  -41,  -42,  -27,   -5,    3,    3,    3,    3,    2,    6,
       3,   -3,   -3,   -3,   -3,   12,   12,   17,  -33,  -24,  -24,  -29,  -34,  -29,  -15,  -30,
     -17,  -16,   -5,   19,  -16,  -29,   -7,   -4,  -66,  -66,    2,  -13,  -49,    2,  -13,  -86,
     -53,  -28,  -11,  -34,  -17,  -54,  -18,  -31,  -82,  -70,   57,  -79,   48,   13,  -30,  -15,
      -6,  -11,  -39,  -15,  -26,  -38,  -18,  -35,   -9,  -41,  -34,  -11,    6,   -8,  -34,   -6,
      -7,   -7,  -32,   -7,   -8,   14,   -7,   -7,   -8,  -33,   -7,  -33,   -9,   -8,  -34,  -32,
     -48,  -44,   -1,  -29,   -3,  -18,  -10,  -19,  -18,  -21,    8,  -15,  -14,  -14,    9,  -14,
     -12,  -14,  -14,  -21,  -18,  -15,   -8,  -14,  -19,  -38,  -34,   -5,   -8,   -6,  -10,   -1,
     -79,  -56,  -30,    6,    6,    6,    6,    6,    6,   13,  -34,   -7,   -7,   -7,   -7,   -8,
      -8,   -8,   -8,  -33,  -33,  -33,  -33,  -33,  -41,  -29,  -32,  -32,  -32,  -32,  -29,   -7,
     -10,  -18,  -18,  -18,  -18,  -18,  -18,  -17,  -10,  -21,  -21,  -21,  -14,  -14,  -14,  -21,
     -21,  -21,  -21,  -21,  -63,  -12,  -19,  -19,  -19,  -19,   -8,  -79,  -79,  -49,  -49,  -13,
     -82,  -82,  -13,  -10,  -56,  -28,  -10,  -52,  -15,  -15,  -15,  -31,  -13,  -38,  -39,  -39,
     -12,  -14,  -13,  -26,  -14,  -16,   -5,  -10,   -6,  -20,  -37,  -20,  -14,   -2,  -14,   -6,
      -7,  -19,  -15,  -15,  -30,  -38,  -38,   -4,  -18,  -20,   -6,  -11,  -11,  -11,  -11,   -6,
      -6,   -9,   -8,   -8,  -11,  -20,  -20,   -9,  -14,   -2,  -14,   -3,  -11,  -19,   -8,  -94,
     -58,  -29,  -33, -105,   -7,   -4,   -8,  -26,  -20,   -5,  -12,  -41,  -20,  -23,  -40,  -13,
     -43,   -6,  -10,  -32,    6,  -10,  -31,   -9,   -9,   -9,  -28,   -8,  -10,  -18,   -9,   -9,
      -2,   -9,  -30,   -9,  -30,  -10,   -6,  -41,  -28,  -46,  -43,   -3,  -35,   -3,  -40,  -14,
     -11,  -14,  -15,  -17,  -18,  -15,  -14,  -15,  -18,  -14,  -13,  -14,  -14,  -18,  -13,  -15,
     -14,   -7,  -14,  -17,  -36,  -33,   -6,  -39,   -6,  -42,  -46,  -72,  -68,  -55,  -17,    6,
     -31,   -9,   -9,  -10,  -30,  -28,  -28,  -35,  -14,  -17,  -18,  -17,  -88,  -88,  -49,  -49,
     -86,  -86,  -47,   -7,  -46,  -16,   -9,  -11,  -44,  -41,  -17,  -15,  -16,  -15,  -18,  -24,
      -2,  -15,  -49,  -49,  -63,  -62,   -2,  -16,  -17,   -9,  -38,  -42,  -39,  -12,  -11,   -9,
      -7,  -40,  -12,  -23,  -12,   -2,  -36,  -15,  -15,   -8,  -34,   -9,  -38,  -63,  -39,  -52,
     -25,  -49,  -36,   -7,   -7,  -50,  -34,  -10,  -35,  -17,  -17,  -12,  -12,  -35,  -20,  -44,
     -23,  -43,   33,  -44,   37,  -20,   -7,  -26,  -15,  -21,  -24,  -14,  -13,  -20,  -11,   -5,
      -5,   -7,  -37,  -22,  -36,  -15,   -2,  -15,   -9,  -14,  -14,  -14,   -5,  -14,  -16,  -23,
     -14,  -14,   -9,  -14,   -9,  -14,   -9,  -15,   -4,  -11,  -14,  -20,  -19,  -11,  -26,   -9,
     -29,  -47,  -40,  -14,   -9,  -12,  -15,  -15,  -10,  -15,  -13,   -7,   -8,  -13,  -13,   -8,
      -8,  -15,   -6,  -15,   -8,   -3,   -5,   -5,    1,   -1,   -6,  -29,  -50,  -47,  -12,  -19,
     -12,  -23,  -35,  -40,  -27,  -13,  -20,  -21,  -20,   -3,   -2,   -2,   -2,   -2,   -2,   -2,
      -1,   -9,  -14,  -14,  -14,  -14,  -16,  -16,  -16,  -16,  -14,   -9,   -9,   -9,   -9,   -9,
     -21,   -9,  -14,  -14,  -14,  -14,  -26,   -8,  -14,  -14,  -14,  -14,  -14,  -14,  -14,  -12,
     -15,  -15,  -15,  -15,   -7,   -7,   -7,   -7,   -8,  -15,  -15,  -15,  -15,  -15,  -43,  -15,
      -5,   -5,   -5,   -5,   -1,  -45,  -45,  -24,  -26,  -32,  -24,  -26,  -33,  -20,  -20,  -17,
     -23,  -35,  -20,  -14,  -18,   -6,  -56,  -10,  -31,  -30,   -2,  -56,   -6,  -47,  -37,  -17,
      22,  -18,   29,  -22,  -34,  -38,  -30,   -2,  -24,  -51,   -2,  -11,  -19,  -20,  -19,  -38,
     -18,   -2,  -13,  -13,   -1,  -12,  -13,  -12,  -12,  -15,  -16,  -12,  -12,  -13,  -13,   -1,
     -12,   -1,  -13,  -21,  -39,   -3,  -27,  -23,  -34,  -44,  -23,  -41,   -1,    1,  -12,   -3,
      -6,  -11,   -3,   -3,   -4,   -4,   -4,   -4,   -5,   -3,   -3,  -11,   -6,  -23,  -13,  -19,
     -45,  -17,   -5,   -3,   -8,  -14,  -24,  -26,  -27,  -34,   -8,  -13,  -13,  -13,  -13,  -13,
     -14,   -1,  -13,  -15,  -15,  -13,   -1,   -1,   -1,   -1,   -3,   -3,   -1,    1,   -6,   -6,
      -3,   -3,  -18,  -18,  -49,  -49,  -49,  -52,  -53,  -55,  -34,  -12,  -40,  -48,   -8,  -35,
      -6,   -2,   -8,  -15,   -3,   -7,  -18,  -18,  -25,  -10,   -9,  -11,  -13,  -11,   -6,   -6,
     -19,  -15,  -13,   -6,   -6,  -13,  -10,  -12,  -25,  -31,  -24,  -19,  -21,   -5,  -40,  -40,
     -33,   -6,  -34,   -5,   -8,   -8,  -17,   -6,  -13,   -5,  -23,   -5,  -23,   -1,  -30,   -7,
     -10,  -27,  -36,  -45,  -41,  -41,   -7,  -45,  -45,   -7,  -13,  -29,  -29,  -37,  -35,  -36,
     -30,   -9,  -25,  -23,  -19,  -14,  -18,  -12,  -17,  -14,  -11,  -14,  -14,  -26,  -12,  -16,
     -15,   -2,   -2,   -2,  -18,  -38,  -41,  -30,   -7,   -8,   -3,  -12,   -4,   -7,    2,   -3,
       1,  -10,  -10,  -12,   -6,   -8,   -7,   -2,   -2,   -6,  -16,  -16,  -25,  -14,  -13,  -15,
      -2,  -11,   -8,   -6,   -6,  -11,   -4,   -5,   -4,   -5,   -8,   -9,  -17,   -8,  -12,  -11,
     -11,  -23,  -23,  -28,  -24,  -19,  -21,  -14,  -12,   -9,   -9,  -17,  -16,  -14,  -10,  -12,
     -12,  -16,  -19,  -31,  -21,  -21,  -21,   -8,  -20,  -20,  -28,  -44,  -12,  -45,  -10,  -12,
     -13,  -12,   -6,   -6,  -19,  -15,  -12,   -7,   -6,  -14,  -10,  -13,  -26,  -34,  -29,  -28,
     -26,  -22,  -13,  -22,  -22,  -28,  -12,    3,  -18,  -18,  -16,   -2,    2,   -2,   -6,   -4,
       5,    2,  -20,   -3,   -8,   -5,   -5,   -9,    2,  -13,  -16,  -13,  -13,   -6,   -8,   -8,
     -20,  -35,  -32,  -31,   -7,   -8,   -7,   -4,  -21,  -10,  -15,   -8,   -3,  -14,  -14,  -22,
     -26,  -11,  -13,  -10,   -1,  -10,  -10,  -31,  -38,  -41,  -30,    2,   -8,  -14,   -9,  -14,
      -3,   -3,   -3,   -5,    5,   -3,   -3,  -20,   -3,   -5,   -6,   -7,   -9,  -27,  -27,  -32,
     -13,  -11,  -12,   -7,  -17,  -10,  -11,   -7,  -17,   -7,  -12,   -6,  -15,  -12,  -14,  -23,
     -29,  -26,  -25,   -9,  -26,  -26,  -41,  -16,  -14,  -16,   -5,  -19,  -12,  -14,  -13,  -13,
      -7,  -13,   -8,   -7,   -9,   -9,  -24,  -10,  -13,  -16,   -8,  -18,  -18,  -26,  -10,  -10,
     -11,  -14,  -11,   -6,   -6,  -21,  -15,  -13,   -6,   -6,  -14,  -10,  -12,  -26,  -30,  -25,
     -22,   -3,  -11,  -11,  -25,  -37,  -37,  -30,   -3,  -12,  -12,   -7,  -14,   -8,   -5,   -6,
     -11,   -2,   -7,   -7,  -16,   -4,   -8,   -9,  -14,  -21,  -21,  -30,  -35,  -30,  -34,  -16,
     -19,  -13,  -11,  -36,  -17,  -24,  -10,  -21,  -13,  -17,  -18,  -27,  -13,  -18,  -16,   -3,
     -58,  -56,  -38,  -16,  -13,  -11,    4,  -20,  -15,  -22,    3,  -23,    6,  -41,    4,  -11,
     -11,  -15,  -14,  -35,  -35,  -36,  -10,  -42,  -42,  -37,  -14,  -12,  -14,  -15,  -22,  -13,
     -16,  -18,  -16,  -16,  -30,  -14,  -18,  -11,  -13,  -33,  -24,  -31,  -31,    1,   -2,   -2,
     -24,  -38,  -40,  -25,    5,   -5,   -7,   -2,  -12,   -1,   -1,    4,   -2,   10,  -15,    4,
      -3,   -1,   -9,  -15,  -15,  -30,  -22,  -19,  -20,  -10,   -9,   -8,   -6,  -31,  -14,  -17,
      -5,  -12,   -6,  -13,  -14,  -32,  -13,  -18,  -15,  -14,    2,  -22,  -15,   -8,   -3,  -22,
     -15,  -21,  -13,  -29,   -3,  -30,   -2,   -5,   -6,   -8,   -4,  -11,   -6,   -6,  -10,   -2,
      -9,   -4,  -19,  -22,  -12,  -18,   -3,   13,   -1,   -9,   -4,   -1,   -6,    1,   -8,   -8,
      -1,    1,   -6,   -1,   -1,    4,   -1,    3,  -10,  -31,  -23,  -26,   -4,    2,   -3,   -4,
      -4,   -4,   -4,   -2,   -1,   -4,   -1,   -1,   -1,   -1,   -5,   -1,   -4,   -2,    1,   -1,
      -3,   -3,    1,   -3,  -34,  -30,  -12,  -24,  -20,  -11,  -16,  -16,   -7,  -11,   13,   13,
      13,   -9,   -1,   -1,   -8,   -8,   -8,  -21,   -8,    1,   -4,   -4,   -4,   -4,   -4,   -4,
      -3,   -3,   -4,   -4,   -4,   -4,   -2,   -1,   -5,   -1,   -5,   -5,   -5,   -5,   -5,   -5,
      -3,   -3,   -3,   -3,   -3,    1,   -3,  -30,  -30,   -3,  -20,   -3,  -20,  -19,  -14,   -4,
     -14,  -12,  -10,    1,   -1,  -24,  -17,  -12,   -6,  -24,  -18,  -19,  -17,  -32,   -6,  -33,
      -5,   -8,   -9,  -11,   -3,   -6,  -14,   -8,  -10,  -11,   -6,  -10,   -3,   -6,  -21,  -25,
     -15,  -18,   -6,    8,   -4,  -11,   -4,   -3,   -4,   -7,   -4,   -4,  -10,   -4,   -4,   -3,
     -11,   -3,  -11,   -4,    1,   -9,   -5,   -3,   -2,    2,   -4,    2,  -11,  -28,  -28,  -27,
      -7,   -2,   -6,   -7,   -8,   -8,   -7,   -5,   -5,   -8,   -5,   -5,   -5,   -5,   -8,   -4,
      -8,   -6,   -1,   -3,   -7,   -5,   -2,   -2,   -7,   -3,  -29,  -33,  -16,  -28,  -23,  -14,
     -17,  -14,   -9,  -15,    8,    8,    8,    8,    8,  -11,   -3,   -3,   -3,   -3,   -4,   -4,
      -3,  -11,  -11,  -11,  -11,  -23,  -11,   -4,   -2,   -7,   -7,   -7,   -7,   -7,   -7,   -7,
      -6,   -7,   -7,   -7,   -7,   -1,   -6,   -3,   -3,   -8,   -5,   -7,   -7,   -7,   -7,   -7,
      -7,   -6,   -6,   -6,   -6,   -6,   -2,   -6,  -33,  -33,   -7,  -22,   -7,  -22,  -19,   -6,
     -17,  -16,  -13,   -1,
};

static const EpdLigaturePair merri11_italicLigaturePairs[] = {
    { 0x00660069, 0xFB01 }, // f i -> U+FB01
    { 0x0066006C, 0xFB02 }, // f l -> U+FB02
};

static const EpdFontData merri11_italic = {
    merri11_italicBitmaps,
    merri11_italicGlyphs,
    merri11_italicIntervals,
    63,
    29,
    23,
    -7,
    false,
    nullptr,
    0,
    nullptr,
    nullptr,  // kernLeftClasses: built-in fonts use the split arrays below
    nullptr,  // kernRightClasses
    merri11_italicKernLeftCodepoints,
    merri11_italicKernLeftClassIds,
    merri11_italicKernRightCodepoints,
    merri11_italicKernRightClassIds,
    nullptr,  // kernMatrix: built-in fonts use the sparse form below
    merri11_italicKernRowOffsets,
    merri11_italicKernSparseCols,
    merri11_italicKernSparseValues,
    214,
    216,
    213,
    212,
    merri11_italicLigaturePairs,
    2,
};
