/**
 * generated by fontconvert.py
 * name: sans7_bold
 * size: 7
 * mode: 1-bit
 * Command used: fontconvert.py sans7_bold 7 /Users/agastyadehiya/Desktop/ereader/lib/EpdFont/builtinFonts/source/NotoSans/NotoSans-Bold.ttf --pnum --mono-threshold 4
 */
#pragma once
#include "EpdFontData.h"

static const uint8_t sans7_boldBitmaps[13270] = {
    0x67, 0x66, 0x66, 0x66, 0x06, 0x60, 0x6C, 0xD9, 0xB3, 0x66, 0xC0, 0x09, 0x06, 0xC1, 0xB1, 0xFE,
    0x7F, 0x8D, 0x87, 0xF3, 0xFE, 0x36, 0x0F, 0x06, 0xC0, 0x00, 0x18, 0x3F, 0x7F, 0xF8, 0x78, 0x7E,
    0x1F, 0x1F, 0xFF, 0xFE, 0x38, 0x18, 0x30, 0x43, 0xC6, 0x3E, 0x71, 0xBB, 0x0D, 0xF6, 0x3F, 0xF9,
    0xFB, 0xE1, 0xDB, 0x0C, 0xD8, 0xE7, 0xC6, 0x3C, 0x00, 0x00, 0x1C, 0x07, 0xC1, 0xDC, 0x3B, 0x83,
    0xE0, 0x79, 0x9F, 0xB7, 0x7E, 0xE7, 0x8F, 0xF9, 0xFF, 0x80, 0x00, 0x6D, 0xB6, 0x11, 0x9C, 0xC6,
    0x73, 0x9C, 0xE3, 0x18, 0xE3, 0x08, 0x43, 0x1C, 0x63, 0x1C, 0xE7, 0x39, 0x8C, 0xE6, 0x20, 0x00,
    0x18, 0x18, 0xFF, 0xFF, 0x3C, 0x7E, 0x24, 0x18, 0x18, 0x18, 0xFF, 0x7F, 0x18, 0x18, 0x08, 0x66,
    0x6C, 0xF7, 0xC0, 0x06, 0x60, 0x0C, 0x71, 0xC6, 0x38, 0xC3, 0x1C, 0x63, 0x8E, 0x00, 0x1C, 0x1F,
    0x1F, 0xCC, 0xE6, 0x33, 0x19, 0x8C, 0xCE, 0x77, 0x3F, 0x8F, 0x80, 0x00, 0x18, 0xF7, 0xFF, 0x5C,
    0x71, 0xC7, 0x1C, 0x71, 0xC0, 0x3C, 0x7E, 0x7F, 0x07, 0x07, 0x0E, 0x1C, 0x38, 0x70, 0xFF, 0xFF,
    0x3C, 0x7E, 0x6F, 0x07, 0x0E, 0x3C, 0x3F, 0x07, 0x07, 0xFF, 0xFE, 0x00, 0x06, 0x07, 0x07, 0x83,
    0xC3, 0xE3, 0xF1, 0xB9, 0xFE, 0xFF, 0x07, 0x03, 0x80, 0x7E, 0x7E, 0x7E, 0x60, 0x7C, 0x7E, 0x0F,
    0x07, 0x07, 0x7E, 0x7E, 0x00, 0x0E, 0x1F, 0x9E, 0x0E, 0x06, 0xE3, 0xF9, 0xDC, 0xC6, 0x63, 0x3F,
    0x8F, 0x80, 0x00, 0xFF, 0xFF, 0xFF, 0x06, 0x0E, 0x0C, 0x1C, 0x18, 0x38, 0x38, 0x70, 0x1C, 0x7E,
    0x77, 0x67, 0x7E, 0x3E, 0x7E, 0x67, 0xE3, 0x7F, 0x7E, 0x00, 0x1C, 0x7E, 0x7F, 0xE7, 0xE7, 0x7F,
    0x7F, 0x1F, 0x07, 0x7E, 0x7C, 0x00, 0x06, 0x60, 0x00, 0x06, 0x60, 0x06, 0x60, 0x00, 0x06, 0x66,
    0xC0, 0x00, 0x03, 0x0F, 0x3C, 0xF0, 0x78, 0x3E, 0x07, 0x01, 0x7E, 0xFF, 0x7E, 0x7F, 0xFF, 0x00,
    0x00, 0xC0, 0xF0, 0x3C, 0x0F, 0x1F, 0x7C, 0xF0, 0x00, 0x79, 0xFB, 0xF8, 0x71, 0xC7, 0x8C, 0x18,
    0x00, 0x60, 0xC0, 0x00, 0x07, 0x80, 0xFF, 0x0E, 0x1C, 0xEF, 0x66, 0xFF, 0xBE, 0xEF, 0xE7, 0x7F,
    0xBE, 0x6F, 0xF3, 0x32, 0x0F, 0x70, 0x3F, 0x80, 0x00, 0x00, 0x0C, 0x03, 0xC0, 0x78, 0x1F, 0x83,
    0xF0, 0x66, 0x1F, 0xE3, 0xFC, 0x7F, 0x9C, 0x3B, 0x87, 0x00, 0xF8, 0xFE, 0xFF, 0xE7, 0xEF, 0xFE,
    0xFF, 0xE7, 0xE7, 0xFF, 0xFE, 0x0F, 0x1F, 0xDF, 0xEE, 0x07, 0x03, 0x01, 0x80, 0xE0, 0x70, 0x1F,
    0xC7, 0xE0, 0x00, 0xF8, 0x7F, 0x3F, 0xDC, 0x7E, 0x3F, 0x1F, 0x8F, 0xC7, 0xE7, 0xFF, 0xBF, 0x80,
    0xFD, 0xFF, 0xF7, 0x0F, 0xDF, 0xBF, 0x70, 0xE1, 0xFB, 0xF8, 0xFD, 0xFF, 0xF7, 0x0E, 0x1F, 0xBF,
    0x70, 0xE1, 0xC3, 0x80, 0x0F, 0x0F, 0xE3, 0xF9, 0xC0, 0x70, 0x19, 0xF6, 0x7D, 0xC7, 0x71, 0xCF,
    0xF1, 0xF8, 0x00, 0xC1, 0xF1, 0xF8, 0xFC, 0x7F, 0xFF, 0xFF, 0xFF, 0xC7, 0xE3, 0xF1, 0xF8, 0xE0,
    0x7B, 0xE7, 0x1C, 0x71, 0xC7, 0x1C, 0x71, 0xEF, 0x80, 0x18, 0x71, 0xC7, 0x1C, 0x71, 0xC7, 0x1C,
    0x71, 0xC7, 0x79, 0xE0, 0x00, 0xC3, 0x73, 0xBB, 0x9D, 0xCF, 0xC7, 0xC3, 0xF1, 0xDC, 0xEE, 0x73,
    0xB8, 0xE0, 0xC1, 0xC3, 0x87, 0x0E, 0x1C, 0x38, 0x70, 0xE1, 0xFF, 0xF8, 0xE0, 0xEF, 0x0F, 0xF0,
    0xFF, 0x1F, 0xF9, 0xFF, 0x9F, 0xFB, 0x7F, 0xF7, 0xEF, 0x7E, 0xE7, 0xEE, 0x70, 0xE0, 0xBC, 0x7F,
    0x1F, 0xE7, 0xFD, 0xFF, 0x7E, 0xFF, 0xBF, 0xE7, 0xF8, 0xFE, 0x3C, 0x0F, 0x07, 0xF1, 0xFF, 0x38,
    0x77, 0x0E, 0xC1, 0xD8, 0x3B, 0x87, 0x71, 0xC7, 0xF8, 0x7E, 0x00, 0x00, 0xF8, 0xFE, 0xFE, 0xE7,
    0xE7, 0xFE, 0xFE, 0xF0, 0xE0, 0xE0, 0xE0, 0x0F, 0x07, 0xF1, 0xFF, 0x38, 0x77, 0x0E, 0xC1, 0xD8,
    0x3B, 0x87, 0x71, 0xC7, 0xF8, 0x7E, 0x01, 0xC0, 0x1C, 0x01, 0x80, 0xF8, 0x7F, 0x3F, 0xDC, 0xEE,
    0x77, 0xF3, 0xF1, 0xDC, 0xEE, 0x73, 0xB9, 0xE0, 0x1C, 0x7E, 0x7E, 0x60, 0x70, 0x7C, 0x1E, 0x07,
    0x07, 0xFE, 0x7E, 0x00, 0xFF, 0x7F, 0xBF, 0xC3, 0x81, 0xC0, 0xE0, 0x70, 0x38, 0x1C, 0x0E, 0x07,
    0x00, 0xC1, 0xF1, 0xF8, 0xFC, 0x7E, 0x3F, 0x1F, 0x8F, 0xC7, 0xE3, 0xBF, 0x9F, 0x80, 0x00, 0xC1,
    0xB8, 0x6E, 0x39, 0x8E, 0x73, 0x1D, 0xC3, 0x70, 0xF8, 0x3E, 0x07, 0x81, 0xC0, 0xC3, 0x0D, 0xC7,
    0x3B, 0x9E, 0x77, 0x3C, 0xE6, 0x79, 0x8F, 0xFB, 0x1F, 0xBE, 0x1E, 0x7C, 0x3C, 0xF0, 0x79, 0xE0,
    0xF1, 0xC0, 0xE1, 0x9C, 0xE7, 0x38, 0xFC, 0x1E, 0x07, 0x81, 0xE0, 0xFC, 0x77, 0x1C, 0xEE, 0x1C,
    0xC1, 0xB8, 0xE7, 0x31, 0xDC, 0x3E, 0x0F, 0x81, 0xC0, 0x70, 0x1C, 0x07, 0x01, 0xC0, 0x7F, 0x7F,
    0x9F, 0xC1, 0xC0, 0xC0, 0xE0, 0xE0, 0x60, 0x70, 0x7F, 0xBF, 0xC0, 0xEF, 0xCC, 0xCC, 0xCC, 0xCC,
    0xCC, 0xFE, 0xC3, 0x86, 0x18, 0x70, 0xC3, 0x8E, 0x18, 0x71, 0xC0, 0xFF, 0x33, 0x33, 0x33, 0x33,
    0x33, 0xF6, 0x18, 0x18, 0x3C, 0x3C, 0x66, 0x66, 0xE3, 0x41, 0x7E, 0x7E, 0x03, 0x8E, 0x00, 0x00,
    0x7E, 0x3F, 0x07, 0x3F, 0x7F, 0xE7, 0xFF, 0x7F, 0x00, 0x00, 0xE0, 0xE0, 0xE0, 0xFE, 0xFE, 0xE7,
    0xE7, 0xE7, 0xE7, 0xFE, 0xFE, 0x00, 0x00, 0x3E, 0x7E, 0x70, 0xE0, 0xE0, 0x60, 0x7E, 0x3E, 0x00,
    0x00, 0x01, 0x80, 0xC0, 0x63, 0xF3, 0xF9, 0x8D, 0xC6, 0xE3, 0x31, 0x9F, 0xC7, 0xE0, 0x00, 0x00,
    0x1F, 0x1F, 0xCC, 0x6F, 0xF7, 0xF9, 0x80, 0xFE, 0x3F, 0x00, 0x00, 0x00, 0x79, 0xF3, 0x8F, 0xDF,
    0x9C, 0x38, 0x70, 0xE1, 0xC3, 0x80, 0x00, 0x1F, 0x9F, 0xCC, 0x6E, 0x37, 0x19, 0x8C, 0xFE, 0x3F,
    0x01, 0x9F, 0xCF, 0xE3, 0xC0, 0x00, 0xE0, 0xE0, 0xE0, 0xFE, 0xFE, 0xE7, 0xE7, 0xE7, 0xE7, 0xE7,
    0xE7, 0x06, 0x60, 0x77, 0x77, 0x77, 0x77, 0x01, 0x8C, 0x03, 0x9C, 0xE7, 0x39, 0xCE, 0x73, 0xFB,
    0xDC, 0x00, 0x70, 0x38, 0x1C, 0x0E, 0x77, 0x73, 0xF1, 0xF0, 0xFC, 0x7E, 0x3B, 0x9C, 0xE0, 0x1F,
    0xFF, 0xFF, 0xFF, 0xF0, 0x00, 0x07, 0xFF, 0xBF, 0xFD, 0xCE, 0x6E, 0x73, 0x73, 0x1B, 0x98, 0xDC,
    0xC6, 0xE6, 0x30, 0x00, 0xFE, 0xFE, 0xE7, 0xE7, 0xE7, 0xE7, 0xE7, 0xE7, 0x00, 0x1F, 0x1F, 0xCC,
    0x6E, 0x3F, 0x1D, 0x8C, 0xFE, 0x3E, 0x00, 0x00, 0x00, 0xFE, 0xFE, 0xE7, 0xE7, 0xE7, 0xE7, 0xFE,
    0xFE, 0xE0, 0xE0, 0xE0, 0xC0, 0x00, 0x1F, 0x9F, 0xCC, 0x6E, 0x37, 0x19, 0x8C, 0xFE, 0x3F, 0x01,
    0x80, 0xC0, 0x60, 0x30, 0x03, 0x7F, 0xB8, 0xE3, 0x8E, 0x38, 0xE0, 0x00, 0xFD, 0xF7, 0x87, 0xC7,
    0xC3, 0xFF, 0x7C, 0x00, 0x31, 0xCF, 0xFF, 0x71, 0xC7, 0x1C, 0x7C, 0xF0, 0x00, 0xC7, 0xC7, 0xC7,
    0xC7, 0xC7, 0xE7, 0xFF, 0x7F, 0x00, 0xE3, 0x73, 0x99, 0xCE, 0xC7, 0xE1, 0xF0, 0xF0, 0x38, 0xE7,
    0x37, 0x79, 0x9B, 0xDC, 0xDF, 0xE7, 0xDE, 0x3E, 0xF0, 0xE7, 0x87, 0x38, 0xE7, 0x3B, 0x8F, 0x87,
    0x83, 0xC3, 0xF1, 0xDD, 0xCE, 0xE3, 0x73, 0x99, 0xCE, 0xC3, 0xE1, 0xF0, 0xF0, 0x38, 0x18, 0x3C,
    0x3C, 0x0C, 0x00, 0xFF, 0xFC, 0x70, 0xC3, 0x8E, 0x3F, 0xFF, 0x18, 0xE3, 0x8C, 0x30, 0xCF, 0x3C,
    0x30, 0xC3, 0x0E, 0x38, 0x20, 0x3F, 0xFF, 0xFF, 0xFD, 0x43, 0xC7, 0x0C, 0x30, 0xC3, 0xCF, 0x30,
    0xC3, 0x1C, 0xF1, 0x00, 0x20, 0xFF, 0xDF, 0x00, 0x67, 0x66, 0x66, 0x66, 0x66, 0x60, 0x10, 0x71,
    0xF7, 0xEE, 0x18, 0x38, 0x70, 0x7C, 0x78, 0x60, 0x00, 0x1E, 0x1F, 0x8E, 0x86, 0x07, 0x07, 0xF1,
    0xF0, 0x60, 0x70, 0x7F, 0xBF, 0xC0, 0x02, 0x7E, 0x7E, 0x66, 0x66, 0x7E, 0x7E, 0x00, 0xC3, 0x73,
    0x99, 0xCE, 0xC3, 0xE1, 0xE1, 0xF8, 0x38, 0x7E, 0x3F, 0x06, 0x00, 0x3F, 0xFC, 0x3F, 0xFD, 0x00,
    0xF9, 0xB3, 0x07, 0x8F, 0x9B, 0xBE, 0x3C, 0x1D, 0xB3, 0xE0, 0x00, 0x6D, 0xB0, 0x0F, 0x01, 0xFC,
    0x27, 0x66, 0xF6, 0x58, 0x3D, 0x83, 0x58, 0x35, 0x82, 0x6F, 0x63, 0x0C, 0x1F, 0x80, 0x00, 0x73,
    0xDF, 0xFF, 0xB4, 0x00, 0x1D, 0x9D, 0xCD, 0xC6, 0xE3, 0xB8, 0xEC, 0x00, 0xFF, 0x7F, 0x03, 0x03,
    0x00, 0xF7, 0xC0, 0x0F, 0x01, 0xFC, 0x2E, 0x66, 0xF6, 0x49, 0x3C, 0xF3, 0x4F, 0x34, 0xB2, 0x69,
    0xE3, 0x0C, 0x1F, 0x80, 0x00, 0x7F, 0x3F, 0xC0, 0x31, 0xEC, 0xF3, 0x78, 0xC0, 0x00, 0x18, 0x18,
    0x7F, 0xFF, 0x18, 0x18, 0x18, 0x7F, 0xFF, 0x37, 0xD6, 0x77, 0x7F, 0xE0, 0x33, 0xE1, 0x9E, 0x3B,
    0xEF, 0x80, 0x01, 0x98, 0x00, 0xE7, 0xE7, 0xE7, 0xE7, 0xE7, 0xE7, 0xFF, 0xFF, 0xE0, 0xE0, 0xE0,
    0xC0, 0x00, 0x1F, 0xDF, 0x6F, 0xB7, 0xDB, 0xED, 0xF6, 0xFB, 0x0D, 0x86, 0xC3, 0x61, 0xB0, 0xD8,
    0x68, 0x06, 0x60, 0x67, 0xFE, 0x13, 0xBC, 0x63, 0x18, 0xC0, 0x31, 0xED, 0xB6, 0xF9, 0xC0, 0x00,
    0x37, 0x1D, 0xC7, 0xE3, 0xF3, 0xB9, 0xB8, 0x00, 0x30, 0xC7, 0x18, 0xF1, 0x83, 0x30, 0x33, 0x23,
    0x66, 0x36, 0xE0, 0xDE, 0x1D, 0xF1, 0xBF, 0x38, 0x60, 0x30, 0xC3, 0x8C, 0x3C, 0x60, 0x66, 0x03,
    0x36, 0x1B, 0xF8, 0xDA, 0xC1, 0x86, 0x1C, 0x60, 0xC7, 0x8E, 0x7C, 0x30, 0x43, 0xC6, 0x06, 0x60,
    0xF3, 0x01, 0xB2, 0x7F, 0xB9, 0xFB, 0xC1, 0xDE, 0x0D, 0xF0, 0xEF, 0x86, 0x1C, 0x00, 0x30, 0xE0,
    0x01, 0x83, 0x1E, 0x38, 0xE1, 0xDD, 0xF9, 0xE0, 0x00, 0x03, 0x80, 0x38, 0x07, 0x01, 0xE0, 0x3C,
    0x0F, 0xC1, 0xF8, 0x33, 0x0F, 0xF1, 0xFE, 0x3F, 0xCE, 0x1D, 0xC3, 0x80, 0x00, 0x00, 0xE0, 0x38,
    0x06, 0x01, 0xE0, 0x3C, 0x0F, 0xC1, 0xF8, 0x33, 0x0F, 0xF1, 0xFE, 0x3F, 0xCE, 0x1D, 0xC3, 0x80,
    0x00, 0x03, 0xC0, 0xFC, 0x0F, 0x01, 0xE0, 0x3C, 0x0F, 0xC1, 0xF8, 0x33, 0x0F, 0xF1, 0xFE, 0x3F,
    0xCE, 0x1D, 0xC3, 0x80, 0x00, 0x03, 0xE0, 0xFC, 0x07, 0x01, 0xE0, 0x3C, 0x0F, 0xC1, 0xF8, 0x33,
    0x0F, 0xF1, 0xFE, 0x3F, 0xCE, 0x1D, 0xC3, 0x80, 0x3B, 0x07, 0x60, 0x30, 0x0F, 0x01, 0xE0, 0x7E,
    0x0F, 0xC1, 0x98, 0x7F, 0x8F, 0xF1, 0xFE, 0x70, 0xEE, 0x1C, 0x00, 0x03, 0xC0, 0x78, 0x0F, 0x01,
    0xE0, 0x3C, 0x0F, 0xC1, 0xF8, 0x33, 0x0F, 0xF1, 0xFE, 0x3F, 0xCE, 0x1D, 0xC3, 0x80, 0x07, 0xF8,
    0x3F, 0xE0, 0xFF, 0x87, 0x60, 0x19, 0xF0, 0xE7, 0xE3, 0xFF, 0x9F, 0xE0, 0x7F, 0x83, 0x87, 0xEE,
    0x1F, 0x80, 0x0F, 0x1F, 0xDF, 0xEE, 0x07, 0x03, 0x01, 0x80, 0xE0, 0x70, 0x1F, 0xC7, 0xE1, 0x80,
    0x60, 0x70, 0x30, 0x00, 0xE0, 0xE7, 0xEF, 0xFF, 0xB8, 0x7E, 0xFD, 0xFB, 0x87, 0x0F, 0xDF, 0xC0,
    0x00, 0x38, 0xE7, 0xEF, 0xFF, 0xB8, 0x7E, 0xFD, 0xFB, 0x87, 0x0F, 0xDF, 0xC0, 0x00, 0xF1, 0xB7,
    0xEF, 0xFF, 0xB8, 0x7E, 0xFD, 0xFB, 0x87, 0x0F, 0xDF, 0xC0, 0x6C, 0xDB, 0xF7, 0xFF, 0xDC, 0x3F,
    0x7E, 0xFD, 0xC3, 0x87, 0xEF, 0xE0, 0x03, 0x83, 0x1E, 0xF9, 0xC7, 0x1C, 0x71, 0xC7, 0x1C, 0x7B,
    0xE0, 0x00, 0xE7, 0x1E, 0xF9, 0xC7, 0x1C, 0x71, 0xC7, 0x1C, 0x7B, 0xE0, 0x00, 0x79, 0xFB, 0xE7,
    0xC7, 0x0E, 0x1C, 0x38, 0x70, 0xE1, 0xC3, 0xCF, 0x80, 0xDB, 0x67, 0xBE, 0x71, 0xC7, 0x1C, 0x71,
    0xC7, 0x1E, 0xF8, 0x7C, 0x1F, 0xC7, 0xF9, 0xC7, 0x71, 0xFF, 0x7F, 0xDD, 0xC7, 0x73, 0xDF, 0xE7,
    0xF0, 0x00, 0x0F, 0xC3, 0xF3, 0x82, 0xF1, 0xFC, 0x7F, 0x9F, 0xF7, 0xFD, 0xFB, 0xFE, 0xFF, 0x9F,
    0xE3, 0xF8, 0xF0, 0x00, 0x01, 0xC0, 0x1C, 0x07, 0x83, 0xF8, 0xFF, 0x9C, 0x3B, 0x87, 0x60, 0xEC,
    0x1D, 0xC3, 0xB8, 0xE3, 0xFC, 0x3F, 0x00, 0x00, 0x00, 0x00, 0x60, 0x18, 0x07, 0x83, 0xF8, 0xFF,
    0x9C, 0x3B, 0x87, 0x60, 0xEC, 0x1D, 0xC3, 0xB8, 0xE3, 0xFC, 0x3F, 0x00, 0x00, 0x00, 0x01, 0xE0,
    0x7E, 0x0F, 0x83, 0xF8, 0xFF, 0x9C, 0x3B, 0x87, 0x60, 0xEC, 0x1D, 0xC3, 0xB8, 0xE3, 0xFC, 0x3F,
    0x00, 0x00, 0x00, 0x03, 0xF0, 0x7E, 0x0F, 0x83, 0xF8, 0xFF, 0x9C, 0x3B, 0x87, 0x60, 0xEC, 0x1D,
    0xC3, 0xB8, 0xE3, 0xFC, 0x3F, 0x00, 0x00, 0x1B, 0x03, 0x60, 0x3C, 0x1F, 0xC7, 0xFC, 0xE1, 0xDC,
    0x3B, 0x07, 0x60, 0xEE, 0x1D, 0xC7, 0x1F, 0xE1, 0xF8, 0x00, 0x00, 0x00, 0x66, 0x7E, 0x3C, 0x3C,
    0x7E, 0x66, 0x00, 0x0F, 0xC7, 0xF9, 0xFF, 0x39, 0xF7, 0x3E, 0xCD, 0xDB, 0x3B, 0xE7, 0x79, 0xC7,
    0xF8, 0xFE, 0x10, 0x00, 0x00, 0x1C, 0x07, 0x18, 0x3E, 0x3F, 0x1F, 0x8F, 0xC7, 0xE3, 0xF1, 0xF8,
    0xFC, 0x77, 0xF3, 0xF0, 0x00, 0x00, 0x07, 0x07, 0x18, 0x3E, 0x3F, 0x1F, 0x8F, 0xC7, 0xE3, 0xF1,
    0xF8, 0xFC, 0x77, 0xF3, 0xF0, 0x00, 0x00, 0x0E, 0x0D, 0x9C, 0x7E, 0x3F, 0x1F, 0x8F, 0xC7, 0xE3,
    0xF1, 0xF8, 0xFC, 0x77, 0xF3, 0xF0, 0x00, 0x36, 0x1B, 0x30, 0x7C, 0x7E, 0x3F, 0x1F, 0x8F, 0xC7,
    0xE3, 0xF1, 0xF8, 0xEF, 0xE7, 0xE0, 0x00, 0x00, 0x03, 0x80, 0xC3, 0x06, 0xE3, 0x9C, 0xC7, 0x70,
    0xF8, 0x3E, 0x07, 0x01, 0xC0, 0x70, 0x1C, 0x07, 0x00, 0xC0, 0xE0, 0xFC, 0xFE, 0xE7, 0xE7, 0xE7,
    0xFE, 0xFC, 0xE0, 0xE0, 0x00, 0x3F, 0x3F, 0xDC, 0xEE, 0x77, 0x73, 0xF1, 0xDE, 0xE7, 0xF1, 0xFF,
    0xFF, 0xE0, 0x00, 0x00, 0x38, 0x0C, 0x00, 0x7E, 0x3F, 0x07, 0x3F, 0x7F, 0xE7, 0xFF, 0x7F, 0x00,
    0x00, 0x0E, 0x1C, 0x00, 0x7E, 0x3F, 0x07, 0x3F, 0x7F, 0xE7, 0xFF, 0x7F, 0x00, 0x00, 0x1C, 0x36,
    0x00, 0x7E, 0x3F, 0x07, 0x3F, 0x7F, 0xE7, 0xFF, 0x7F, 0x00, 0x00, 0x3F, 0x7E, 0x00, 0x7E, 0x3F,
    0x07, 0x3F, 0x7F, 0xE7, 0xFF, 0x7F, 0x00, 0x36, 0x36, 0x00, 0x7E, 0x3F, 0x07, 0x3F, 0x7F, 0xE7,
    0xFF, 0x7F, 0x00, 0x00, 0x1C, 0x34, 0x1C, 0x08, 0x7E, 0x3F, 0x07, 0x3F, 0x7F, 0xE7, 0xFF, 0x7F,
    0x00, 0x00, 0x03, 0xFF, 0x8F, 0xFE, 0x0E, 0x73, 0xFF, 0xBF, 0xFF, 0x9C, 0x1F, 0xFF, 0x7D, 0xF0,
    0x00, 0x00, 0x00, 0x3E, 0x7E, 0x70, 0xE0, 0xE0, 0x60, 0x7E, 0x3E, 0x18, 0x0C, 0x1C, 0x18, 0x00,
    0x1C, 0x03, 0x00, 0x03, 0xE3, 0xF9, 0x8D, 0xFE, 0xFF, 0x30, 0x1F, 0xC7, 0xE0, 0x00, 0x00, 0x07,
    0x07, 0x00, 0x03, 0xE3, 0xF9, 0x8D, 0xFE, 0xFF, 0x30, 0x1F, 0xC7, 0xE0, 0x00, 0x00, 0x0E, 0x0D,
    0x80, 0x03, 0xE3, 0xF9, 0x8D, 0xFE, 0xFF, 0x30, 0x1F, 0xC7, 0xE0, 0x00, 0x36, 0x1B, 0x00, 0x07,
    0xC7, 0xF3, 0x1B, 0xFD, 0xFE, 0x60, 0x3F, 0x8F, 0xC0, 0x00, 0x01, 0xC3, 0x80, 0x38, 0xE3, 0x8E,
    0x38, 0xE3, 0x8E, 0x03, 0xB8, 0x0E, 0x73, 0x9C, 0xE7, 0x39, 0xC0, 0x00, 0xF3, 0xF0, 0x03, 0x87,
    0x0E, 0x1C, 0x38, 0x70, 0xE1, 0xC0, 0x6D, 0xB0, 0x0E, 0x38, 0xE3, 0x8E, 0x38, 0xE3, 0x80, 0x00,
    0x0F, 0x07, 0x83, 0xC1, 0x71, 0xF9, 0xFE, 0xC7, 0xE3, 0xB1, 0x9F, 0xC7, 0xC0, 0x00, 0x00, 0x7E,
    0x7C, 0x00, 0xFE, 0xFE, 0xE7, 0xE7, 0xE7, 0xE7, 0xE7, 0xE7, 0x00, 0x0E, 0x03, 0x00, 0x03, 0xE3,
    0xF9, 0x8D, 0xC7, 0xE3, 0xB1, 0x9F, 0xC7, 0xC0, 0x00, 0x00, 0x07, 0x03, 0x01, 0x03, 0xE3, 0xF9,
    0x8D, 0xC7, 0xE3, 0xB1, 0x9F, 0xC7, 0xC0, 0x00, 0x00, 0x0E, 0x0D, 0x80, 0x03, 0xE3, 0xF9, 0x8D,
    0xC7, 0xE3, 0xB1, 0x9F, 0xC7, 0xC0, 0x00, 0x00, 0x1F, 0x8F, 0x80, 0x03, 0xE3, 0xF9, 0x8D, 0xC7,
    0xE3, 0xB1, 0x9F, 0xC7, 0xC0, 0x00, 0x36, 0x1B, 0x00, 0x07, 0xC7, 0xF3, 0x1B, 0x8F, 0xC7, 0x63,
    0x3F, 0x8F, 0x80, 0x00, 0x18, 0x18, 0x08, 0xFF, 0x7F, 0x18, 0x18, 0x08, 0x00, 0x1F, 0x9F, 0xCC,
    0xEE, 0xFF, 0xDD, 0xEC, 0xFE, 0x7E, 0x00, 0x00, 0x00, 0x38, 0x1C, 0x00, 0xC7, 0xC7, 0xC7, 0xC7,
    0xC7, 0xE7, 0xFF, 0x7F, 0x00, 0x00, 0x1C, 0x18, 0x00, 0xC7, 0xC7, 0xC7, 0xC7, 0xC7, 0xE7, 0xFF,
    0x7F, 0x00, 0x00, 0x3C, 0x7C, 0x00, 0xC7, 0xC7, 0xC7, 0xC7, 0xC7, 0xE7, 0xFF, 0x7F, 0x00, 0x6C,
    0x6C, 0x00, 0xC7, 0xC7, 0xC7, 0xC7, 0xC7, 0xE7, 0xFF, 0x7F, 0x00, 0x00, 0x07, 0x07, 0x00, 0x0E,
    0x37, 0x39, 0x9C, 0xEC, 0x3E, 0x1F, 0x0F, 0x03, 0x81, 0x83, 0xC3, 0xC0, 0xC0, 0x00, 0xE0, 0xE0,
    0xE0, 0xFE, 0xFE, 0xE7, 0xE7, 0xE7, 0xE7, 0xFE, 0xFE, 0xE0, 0xE0, 0xE0, 0xC0, 0x36, 0x1B, 0x00,
    0x1C, 0x6E, 0x73, 0x39, 0xD8, 0x7C, 0x3E, 0x1E, 0x07, 0x03, 0x07, 0x87, 0x81, 0x80, 0x1E, 0x07,
    0xE0, 0x78, 0x0F, 0x01, 0xE0, 0x7E, 0x0F, 0xC1, 0x98, 0x7F, 0x8F, 0xF1, 0xFE, 0x70, 0xEE, 0x1C,
    0x3C, 0x3E, 0x08, 0x7E, 0x3F, 0x07, 0x3F, 0x7F, 0xE7, 0xFF, 0x7F, 0x00, 0x00, 0x07, 0xE0, 0x78,
    0x06, 0x01, 0xE0, 0x3C, 0x0F, 0xC1, 0xF8, 0x33, 0x0F, 0xF1, 0xFE, 0x3F, 0xCE, 0x1D, 0xC3, 0x80,
    0x00, 0x3E, 0x3E, 0x08, 0x7E, 0x3F, 0x07, 0x3F, 0x7F, 0xE7, 0xFF, 0x7F, 0x00, 0x0C, 0x03, 0xC0,
    0x78, 0x1F, 0x83, 0xF0, 0x66, 0x1F, 0xE3, 0xFC, 0x7F, 0x9C, 0x3B, 0x87, 0x00, 0xC0, 0x18, 0x03,
    0x80, 0x30, 0x00, 0x7E, 0x3F, 0x07, 0x3F, 0x7F, 0xE7, 0xFF, 0x7F, 0x06, 0x06, 0x07, 0x03, 0x00,
    0x03, 0x83, 0x81, 0xE3, 0xFB, 0xFD, 0xC0, 0xE0, 0x60, 0x30, 0x1C, 0x0E, 0x03, 0xF8, 0xFC, 0x00,
    0x00, 0x0E, 0x1C, 0x00, 0x3E, 0x7E, 0x70, 0xE0, 0xE0, 0x60, 0x7E, 0x3E, 0x00, 0x00, 0x07, 0x06,
    0xC3, 0xE3, 0xFB, 0xFD, 0xC0, 0xE0, 0x60, 0x30, 0x1C, 0x0E, 0x03, 0xF8, 0xFC, 0x00, 0x00, 0x3C,
    0x7E, 0x00, 0x3E, 0x7E, 0x70, 0xE0, 0xE0, 0x60, 0x7E, 0x3E, 0x00, 0x00, 0x07, 0x03, 0x81, 0xE3,
    0xFB, 0xFD, 0xC0, 0xE0, 0x60, 0x30, 0x1C, 0x0E, 0x03, 0xF8, 0xFC, 0x00, 0x00, 0x1C, 0x1C, 0x00,
    0x3E, 0x7E, 0x70, 0xE0, 0xE0, 0x60, 0x7E, 0x3E, 0x00, 0x00, 0x0D, 0x83, 0xC1, 0xE3, 0xFB, 0xFD,
    0xC0, 0xE0, 0x60, 0x30, 0x1C, 0x0E, 0x03, 0xF8, 0xFC, 0x00, 0x00, 0x76, 0x3C, 0x08, 0x3E, 0x7E,
    0x70, 0xE0, 0xE0, 0x60, 0x7E, 0x3E, 0x00, 0x00, 0x1B, 0x0F, 0x9F, 0x8F, 0xE7, 0xFB, 0x8F, 0xC7,
    0xE3, 0xF1, 0xF8, 0xFC, 0xFF, 0xF7, 0xF0, 0x00, 0x00, 0x36, 0x03, 0x60, 0x34, 0x3F, 0x07, 0xF0,
    0x63, 0x0E, 0x30, 0xE3, 0x06, 0x30, 0x7F, 0x03, 0xF0, 0x00, 0x00, 0x7C, 0x1F, 0xC7, 0xF9, 0xC7,
    0x71, 0xFF, 0x7F, 0xDD, 0xC7, 0x73, 0xDF, 0xE7, 0xF0, 0x00, 0x00, 0xC1, 0xF8, 0x3E, 0x3B, 0x1F,
    0xC7, 0x73, 0x8C, 0xE3, 0x1C, 0xC7, 0xF0, 0xFC, 0x00, 0x00, 0x78, 0xFB, 0xF7, 0xFF, 0xDC, 0x3F,
    0x7E, 0xFD, 0xC3, 0x87, 0xEF, 0xE0, 0x3C, 0x1F, 0x02, 0x07, 0xC7, 0xF3, 0x1B, 0xFD, 0xFE, 0x60,
    0x3F, 0x8F, 0xC0, 0x00, 0x00, 0xF9, 0xF7, 0xEF, 0xFF, 0xB8, 0x7E, 0xFD, 0xFB, 0x87, 0x0F, 0xDF,
    0xC0, 0x00, 0x1F, 0x0F, 0x81, 0x03, 0xE3, 0xF9, 0x8D, 0xFE, 0xFF, 0x30, 0x1F, 0xC7, 0xE0, 0x00,
    0x00, 0x70, 0xE7, 0xEF, 0xFF, 0xB8, 0x7E, 0xFD, 0xFB, 0x87, 0x0F, 0xDF, 0xC0, 0x00, 0x0E, 0x07,
    0x00, 0x03, 0xE3, 0xF9, 0x8D, 0xFE, 0xFF, 0x30, 0x1F, 0xC7, 0xE0, 0x00, 0xFD, 0xFF, 0xF7, 0x0F,
    0xDF, 0xBF, 0x70, 0xE1, 0xFB, 0xF8, 0x61, 0x83, 0xC3, 0x00, 0x00, 0x1F, 0x1F, 0xCC, 0x6F, 0xF7,
    0xF9, 0x80, 0xFE, 0x3F, 0x03, 0x03, 0x01, 0xE0, 0x60, 0x00, 0xD9, 0xE7, 0xEF, 0xFF, 0xB8, 0x7E,
    0xFD, 0xFB, 0x87, 0x0F, 0xDF, 0xC0, 0x00, 0x1B, 0x07, 0x81, 0x03, 0xE3, 0xF9, 0x8D, 0xFE, 0xFF,
    0x30, 0x1F, 0xC7, 0xE0, 0x00, 0x00, 0x03, 0xC1, 0xF8, 0x3E, 0x3F, 0x8F, 0xE7, 0x01, 0xC0, 0x67,
    0xD9, 0xF7, 0x1D, 0xC7, 0x3F, 0xC7, 0xE0, 0x00, 0x00, 0x0E, 0x0D, 0x80, 0x03, 0xF3, 0xF9, 0x8D,
    0xC6, 0xE3, 0x31, 0x9F, 0xC7, 0xE0, 0x33, 0xF9, 0xFC, 0x78, 0x00, 0x07, 0xE0, 0xF0, 0x3C, 0x3F,
    0x8F, 0xE7, 0x01, 0xC0, 0x67, 0xD9, 0xF7, 0x1D, 0xC7, 0x3F, 0xC7, 0xE0, 0x00, 0x00, 0x1F, 0x8F,
    0x80, 0x03, 0xF3, 0xF9, 0x8D, 0xC6, 0xE3, 0x31, 0x9F, 0xC7, 0xE0, 0x33, 0xF9, 0xFC, 0x78, 0x00,
    0x01, 0x80, 0x60, 0x3C, 0x3F, 0x8F, 0xE7, 0x01, 0xC0, 0x67, 0xD9, 0xF7, 0x1D, 0xC7, 0x3F, 0xC7,
    0xE0, 0x00, 0x00, 0x0E, 0x07, 0x00, 0x03, 0xF3, 0xF9, 0x8D, 0xC6, 0xE3, 0x31, 0x9F, 0xC7, 0xE0,
    0x33, 0xF9, 0xFC, 0x78, 0x0F, 0x0F, 0xE3, 0xF9, 0xC0, 0x70, 0x19, 0xF6, 0x7D, 0xC7, 0x71, 0xCF,
    0xF1, 0xF8, 0x00, 0x06, 0x03, 0x00, 0x00, 0x00, 0x06, 0x07, 0x00, 0x03, 0xF3, 0xF9, 0x8D, 0xC6,
    0xE3, 0x31, 0x9F, 0xC7, 0xE0, 0x33, 0xF9, 0xFC, 0x78, 0x00, 0x0E, 0x0D, 0x9C, 0x7E, 0x3F, 0x1F,
    0x8F, 0xFF, 0xFF, 0xFF, 0xF8, 0xFC, 0x7E, 0x3F, 0x1C, 0x00, 0x1E, 0x0F, 0xC0, 0x00, 0x38, 0x0E,
    0x03, 0x80, 0xFE, 0x3F, 0x8E, 0x73, 0x9C, 0xE7, 0x39, 0xCE, 0x73, 0x9C, 0x60, 0xC7, 0x1C, 0xFF,
    0xEF, 0xFE, 0x7F, 0xC7, 0xFC, 0x7F, 0xC7, 0x1C, 0x71, 0xC7, 0x1C, 0x71, 0xC0, 0x00, 0x38, 0x3F,
    0x1F, 0x87, 0xE3, 0xF9, 0xCE, 0xE7, 0x73, 0xB9, 0xDC, 0xEE, 0x70, 0x00, 0xFF, 0xF3, 0xE7, 0xC7,
    0x0E, 0x1C, 0x38, 0x70, 0xE1, 0xC3, 0xCF, 0x80, 0x00, 0xFB, 0xF0, 0x03, 0x87, 0x0E, 0x1C, 0x38,
    0x70, 0xE1, 0xC0, 0x7B, 0xFF, 0xBE, 0x71, 0xC7, 0x1C, 0x71, 0xC7, 0x1E, 0xF8, 0x79, 0xF0, 0x0E,
    0x38, 0xE3, 0x8E, 0x38, 0xE3, 0x80, 0x03, 0xF7, 0x9E, 0xF9, 0xC7, 0x1C, 0x71, 0xC7, 0x1C, 0x7B,
    0xE0, 0x01, 0xF9, 0xF0, 0x03, 0x87, 0x0E, 0x1C, 0x38, 0x70, 0xE1, 0xC0, 0x7B, 0xE7, 0x1C, 0x71,
    0xC7, 0x1C, 0x71, 0xEF, 0x86, 0x30, 0xE1, 0x80, 0x06, 0x60, 0x77, 0x77, 0x77, 0x77, 0x6C, 0x72,
    0x00, 0xC3, 0x1E, 0xF9, 0xC7, 0x1C, 0x71, 0xC7, 0x1C, 0x7B, 0xE0, 0xFF, 0xFF, 0xFF, 0x79, 0xBE,
    0x77, 0x1D, 0xC7, 0x71, 0xDC, 0x77, 0x1D, 0xC7, 0x71, 0xDE, 0x7F, 0x9C, 0x07, 0x07, 0x81, 0xC0,
    0x00, 0x00, 0x67, 0x67, 0x00, 0x77, 0x77, 0x77, 0x77, 0x77, 0x77, 0x77, 0x77, 0x07, 0x0F, 0x1F,
    0x0C, 0x00, 0x3C, 0x36, 0x1C, 0x1C, 0x1C, 0x1C, 0x1C, 0x1C, 0x1C, 0x1C, 0x1C, 0x1C, 0x1C, 0x1C,
    0x78, 0x78, 0x00, 0x00, 0xF3, 0xF0, 0x03, 0x87, 0x0E, 0x1C, 0x38, 0x70, 0xE1, 0xC3, 0x9E, 0x3C,
    0x70, 0xC3, 0x73, 0xBB, 0x9D, 0xCF, 0xC7, 0xC3, 0xF1, 0xDC, 0xEE, 0x73, 0xB8, 0xE0, 0x01, 0x80,
    0xC0, 0x00, 0x00, 0x70, 0x38, 0x1C, 0x0E, 0x77, 0x73, 0xF1, 0xF0, 0xFC, 0x7E, 0x3B, 0x9C, 0xE0,
    0x01, 0xC0, 0xC0, 0x00, 0xE7, 0x77, 0x3F, 0x1F, 0x0F, 0xC7, 0xE3, 0xB9, 0xCE, 0x00, 0xE3, 0x86,
    0x0E, 0x1C, 0x38, 0x70, 0xE1, 0xC3, 0x87, 0x0F, 0xFF, 0xC0, 0x00, 0xE7, 0x00, 0x71, 0xC7, 0x1C,
    0x71, 0xC7, 0x1C, 0x71, 0xC7, 0x00, 0xC1, 0xC3, 0x87, 0x0E, 0x1C, 0x38, 0x70, 0xE1, 0xFF, 0xF8,
    0x03, 0x86, 0x00, 0x00, 0x07, 0x77, 0x77, 0x77, 0x77, 0x77, 0x06, 0x60, 0xC6, 0xE6, 0xEC, 0xE0,
    0xE0, 0xE0, 0xE0, 0xE0, 0xE0, 0xFE, 0xFE, 0x03, 0xEF, 0xBC, 0xE3, 0x8E, 0x38, 0xE3, 0x8E, 0x38,
    0xC1, 0xC3, 0x87, 0x0E, 0xDD, 0xB8, 0x70, 0xE1, 0xFF, 0xF8, 0x03, 0x8E, 0x38, 0xE3, 0xEF, 0xB8,
    0xE3, 0x8E, 0x38, 0x60, 0x70, 0x70, 0x70, 0x78, 0x78, 0xF0, 0xF0, 0x70, 0x7F, 0x7F, 0x00, 0xE3,
    0x8E, 0x38, 0xE3, 0xDE, 0x78, 0xE3, 0x8E, 0x00, 0x01, 0xC0, 0xC3, 0x82, 0xF1, 0xFC, 0x7F, 0x9F,
    0xF7, 0xFD, 0xFB, 0xFE, 0xFF, 0x9F, 0xE3, 0xF8, 0xF0, 0x00, 0x1C, 0x18, 0x00, 0xFE, 0xFE, 0xE7,
    0xE7, 0xE7, 0xE7, 0xE7, 0xE7, 0xE0, 0xBC, 0x7F, 0x1F, 0xE7, 0xFD, 0xFF, 0x7E, 0xFF, 0xBF, 0xE7,
    0xF8, 0xFE, 0x3C, 0x00, 0x0C, 0x03, 0x00, 0x00, 0x00, 0xFE, 0xFE, 0xE7, 0xE7, 0xE7, 0xE7, 0xE7,
    0xE7, 0x00, 0x18, 0x30, 0x00, 0x00, 0x0F, 0xC1, 0xE3, 0x82, 0xF1, 0xFC, 0x7F, 0x9F, 0xF7, 0xFD,
    0xFB, 0xFE, 0xFF, 0x9F, 0xE3, 0xF8, 0xF0, 0x00, 0x7E, 0x3C, 0x08, 0xFE, 0xFE, 0xE7, 0xE7, 0xE7,
    0xE7, 0xE7, 0xE7, 0x30, 0x07, 0x00, 0x60, 0x06, 0xFE, 0x0F, 0xE0, 0xE6, 0x0C, 0x70, 0xC7, 0x0C,
    0x70, 0xC7, 0x0C, 0x70, 0xE0, 0xBC, 0x7F, 0x9F, 0xE7, 0xFD, 0xFB, 0xFE, 0xFF, 0x9F, 0xE3, 0xF8,
    0xFE, 0x1C, 0x07, 0x07, 0x81, 0xE0, 0x00, 0x00, 0xFE, 0xFE, 0xE7, 0xE7, 0xE7, 0xE7, 0xE7, 0xE7,
    0x07, 0x0F, 0x1E, 0x0C, 0x0F, 0x03, 0xE0, 0x7C, 0x1F, 0xC7, 0xFC, 0xE1, 0xDC, 0x3B, 0x07, 0x60,
    0xEE, 0x1D, 0xC7, 0x1F, 0xE1, 0xF8, 0x00, 0x00, 0x1E, 0x1F, 0x02, 0x07, 0xC7, 0xF3, 0x1B, 0x8F,
    0xC7, 0x63, 0x3F, 0x8F, 0x80, 0x00, 0x00, 0x03, 0xF0, 0x3C, 0x07, 0x83, 0xF8, 0xFF, 0x9C, 0x3B,
    0x87, 0x60, 0xEC, 0x1D, 0xC3, 0xB8, 0xE3, 0xFC, 0x3F, 0x00, 0x00, 0x00, 0x1F, 0x8F, 0x80, 0x03,
    0xE3, 0xF9, 0x8D, 0xC7, 0xE3, 0xB1, 0x9F, 0xC7, 0xC0, 0x00, 0x00, 0x03, 0xF0, 0x7C, 0x0F, 0x83,
    0xF8, 0xFF, 0x9C, 0x3B, 0x87, 0x60, 0xEC, 0x1D, 0xC3, 0xB8, 0xE3, 0xFC, 0x3F, 0x00, 0x00, 0x00,
    0x1F, 0x1F, 0x01, 0x03, 0xE3, 0xF9, 0x8D, 0xC7, 0xE3, 0xB1, 0x9F, 0xC7, 0xC0, 0x00, 0x0F, 0xF8,
    0xFF, 0xF7, 0xFF, 0x9C, 0x70, 0x71, 0xF9, 0x87, 0xE6, 0x1F, 0x9C, 0x70, 0x71, 0xC0, 0xFF, 0xF1,
    0xFF, 0xC0, 0x00, 0x00, 0x00, 0xFF, 0xE7, 0xFF, 0x98, 0xE7, 0xE3, 0xFF, 0x8F, 0xF6, 0x38, 0x1F,
    0xFE, 0x3F, 0xF8, 0x00, 0x00, 0x00, 0x06, 0x06, 0x1F, 0x0F, 0xE7, 0xFB, 0x9D, 0xCE, 0xFE, 0x7E,
    0x3B, 0x9D, 0xCE, 0x77, 0x3C, 0x00, 0xE3, 0x00, 0xDF, 0xEE, 0x38, 0xE3, 0x8E, 0x38, 0xF8, 0x7F,
    0x3F, 0xDC, 0xEE, 0x77, 0xF3, 0xF1, 0xDC, 0xEE, 0x73, 0xB9, 0xE0, 0x01, 0x80, 0xC0, 0x00, 0x00,
    0xDD, 0xF3, 0x87, 0x0E, 0x1C, 0x38, 0x70, 0x01, 0x83, 0x00, 0x00, 0x00, 0x3F, 0x0F, 0x1F, 0x0F,
    0xE7, 0xFB, 0x9D, 0xCE, 0xFE, 0x7E, 0x3B, 0x9D, 0xCE, 0x77, 0x3C, 0x00, 0xDC, 0xF0, 0x06, 0xEF,
    0x9C, 0x38, 0x70, 0xE1, 0xC3, 0x80, 0x00, 0x0C, 0x18, 0x3C, 0x7E, 0x7E, 0x60, 0x70, 0x7C, 0x1E,
    0x07, 0x07, 0xFE, 0x7E, 0x00, 0x00, 0x38, 0x60, 0x87, 0xEF, 0xBC, 0x3E, 0x3E, 0x1F, 0xFB, 0xE0,
    0x00, 0x00, 0x3C, 0x7E, 0x3E, 0x7E, 0x7E, 0x60, 0x70, 0x7C, 0x1E, 0x07, 0x07, 0xFE, 0x7E, 0x00,
    0x00, 0x71, 0xB0, 0x07, 0xEF, 0xBC, 0x3E, 0x3E, 0x1F, 0xFB, 0xE0, 0x00, 0x1C, 0x7E, 0x7E, 0x60,
    0x70, 0x7C, 0x1E, 0x07, 0x07, 0xFE, 0x7E, 0x18, 0x1C, 0x3C, 0x38, 0x00, 0xFD, 0xF7, 0x87, 0xC7,
    0xC3, 0xFF, 0x7C, 0x70, 0x61, 0xC3, 0x00, 0x00, 0x76, 0x3C, 0x1C, 0x7E, 0x7E, 0x60, 0x70, 0x7C,
    0x1E, 0x07, 0x07, 0xFE, 0x7E, 0x00, 0x00, 0xDC, 0xF0, 0x87, 0xEF, 0xBC, 0x3E, 0x3E, 0x1F, 0xFB,
    0xE0, 0x00, 0xFF, 0x7F, 0xBF, 0xC3, 0x81, 0xC0, 0xE0, 0x70, 0x38, 0x1C, 0x0E, 0x07, 0x03, 0x00,
    0xC1, 0xE0, 0x60, 0x31, 0xCF, 0xFF, 0x71, 0xC7, 0x1C, 0x7C, 0xF1, 0x83, 0x3C, 0x60, 0x00, 0x3B,
    0x0F, 0x1F, 0xEF, 0xF7, 0xF8, 0x70, 0x38, 0x1C, 0x0E, 0x07, 0x03, 0x81, 0xC0, 0xE0, 0x00, 0x01,
    0x8C, 0xCE, 0x4F, 0xC7, 0xE1, 0xC0, 0xE0, 0x70, 0x38, 0x1F, 0x07, 0x80, 0x00, 0xFF, 0x7F, 0xBF,
    0xC3, 0x81, 0xC3, 0xF1, 0xF8, 0x38, 0x1C, 0x0E, 0x07, 0x00, 0x31, 0xCF, 0xFF, 0x73, 0xFF, 0x9C,
    0x7C, 0xF0, 0x00, 0x00, 0x1F, 0x1F, 0x98, 0x3E, 0x3F, 0x1F, 0x8F, 0xC7, 0xE3, 0xF1, 0xF8, 0xFC,
    0x77, 0xF3, 0xF0, 0x00, 0x00, 0x7E, 0x7C, 0x00, 0xC7, 0xC7, 0xC7, 0xC7, 0xC7, 0xE7, 0xFF, 0x7F,
    0x00, 0x1C, 0x1F, 0x38, 0xFC, 0x7E, 0x3F, 0x1F, 0x8F, 0xC7, 0xE3, 0xF1, 0xF8, 0xEF, 0xE7, 0xE0,
    0x00, 0x3C, 0x7C, 0x00, 0xC7, 0xC7, 0xC7, 0xC7, 0xC7, 0xE7, 0xFF, 0x7F, 0x00, 0x00, 0x1F, 0x8F,
    0x98, 0x3E, 0x3F, 0x1F, 0x8F, 0xC7, 0xE3, 0xF1, 0xF8, 0xFC, 0x77, 0xF3, 0xF0, 0x00, 0x00, 0x7E,
    0x3C, 0x00, 0xC7, 0xC7, 0xC7, 0xC7, 0xC7, 0xE7, 0xFF, 0x7F, 0x00, 0x00, 0x0E, 0x0D, 0x03, 0x8C,
    0x1F, 0x1F, 0x8F, 0xC7, 0xE3, 0xF1, 0xF8, 0xFC, 0x7E, 0x3B, 0xF9, 0xF8, 0x00, 0x00, 0x38, 0x2C,
    0x38, 0x00, 0xC7, 0xC7, 0xC7, 0xC7, 0xC7, 0xE7, 0xFF, 0x7F, 0x00, 0x00, 0x1F, 0x1F, 0x1C, 0x3E,
    0x3F, 0x1F, 0x8F, 0xC7, 0xE3, 0xF1, 0xF8, 0xFC, 0x77, 0xF3, 0xF0, 0x00, 0x00, 0x7E, 0x7C, 0x00,
    0xC7, 0xC7, 0xC7, 0xC7, 0xC7, 0xE7, 0xFF, 0x7F, 0x00, 0xC1, 0xF1, 0xF8, 0xFC, 0x7E, 0x3F, 0x1F,
    0x8F, 0xC7, 0xE3, 0xBF, 0x9F, 0xC0, 0xC0, 0xC0, 0x78, 0x18, 0xC7, 0xC7, 0xC7, 0xC7, 0xC7, 0xE7,
    0xFF, 0x7F, 0x06, 0x0C, 0x0F, 0x02, 0x00, 0x00, 0x0F, 0x00, 0x3F, 0x06, 0x18, 0x6E, 0x39, 0xDC,
    0xF3, 0xB9, 0xE7, 0x33, 0xCC, 0x7F, 0xD8, 0xFD, 0xF0, 0xF3, 0xE1, 0xE7, 0x83, 0xCF, 0x07, 0x8E,
    0x00, 0x00, 0x00, 0x78, 0x03, 0xE0, 0x00, 0x0E, 0x73, 0x77, 0x99, 0xBD, 0xCD, 0xFE, 0x7D, 0xE3,
    0xEF, 0x0E, 0x78, 0x73, 0x80, 0x00, 0x07, 0x03, 0x63, 0x8E, 0xE3, 0x9C, 0xC7, 0x70, 0xF8, 0x3E,
    0x07, 0x01, 0xC0, 0x70, 0x1C, 0x07, 0x00, 0x00, 0x1E, 0x1F, 0x80, 0x0E, 0x37, 0x39, 0x9C, 0xEC,
    0x3E, 0x1F, 0x0F, 0x03, 0x81, 0x83, 0xC3, 0xC0, 0xC0, 0x36, 0x0D, 0x8C, 0x1B, 0x8E, 0x73, 0x1D,
    0xC3, 0xE0, 0xF8, 0x1C, 0x07, 0x01, 0xC0, 0x70, 0x1C, 0x00, 0x00, 0x07, 0x06, 0x0F, 0xEF, 0xF3,
    0xF8, 0x38, 0x18, 0x1C, 0x1C, 0x0C, 0x0E, 0x0F, 0xF7, 0xF8, 0x00, 0x38, 0x60, 0x0F, 0xFF, 0xC7,
    0x0C, 0x38, 0xE3, 0xFF, 0xF0, 0x00, 0x0E, 0x07, 0x0F, 0xEF, 0xF3, 0xF8, 0x38, 0x18, 0x1C, 0x1C,
    0x0C, 0x0E, 0x0F, 0xF7, 0xF8, 0x00, 0x70, 0xE0, 0x0F, 0xFF, 0xC7, 0x0C, 0x38, 0xE3, 0xFF, 0xF0,
    0x00, 0x3B, 0x0F, 0x0F, 0xEF, 0xF3, 0xF8, 0x38, 0x18, 0x1C, 0x1C, 0x0C, 0x0E, 0x0F, 0xF7, 0xF8,
    0x00, 0xDC, 0xF0, 0x0F, 0xFF, 0xC7, 0x0C, 0x38, 0xE3, 0xFF, 0xF0, 0x03, 0xFF, 0xCE, 0x73, 0x9C,
    0xE7, 0x39, 0xC0, 0x00, 0x00, 0x79, 0xCF, 0xFC, 0xFF, 0xE7, 0x0E, 0x38, 0x71, 0x83, 0x8C, 0x1C,
    0x70, 0xE3, 0x8E, 0x0F, 0xF0, 0x3F, 0x00, 0x00, 0x00, 0x00, 0x00, 0x1C, 0xFF, 0x3F, 0xC6, 0x31,
    0xC7, 0x38, 0xE3, 0x18, 0x7F, 0x07, 0xC0, 0x00, 0x00, 0x00, 0x06, 0x0F, 0xB8, 0xFD, 0xC7, 0xCE,
    0x38, 0x71, 0xC3, 0x8E, 0x1C, 0x70, 0xE3, 0x87, 0x1C, 0x1F, 0xC0, 0xFC, 0x00, 0x00, 0x00, 0x00,
    0x00, 0x1F, 0x1F, 0x63, 0xEC, 0x71, 0x8E, 0x31, 0xC7, 0x38, 0xFF, 0x0F, 0xE0, 0x00, 0x00, 0x00,
    0x00, 0x00, 0x07, 0xE0, 0x00, 0xF3, 0xE0, 0xFE, 0xFE, 0x3F, 0xFF, 0xCF, 0xFE, 0x38, 0x3B, 0x8E,
    0x1C, 0xE3, 0x86, 0x38, 0xE3, 0x8E, 0x39, 0xC3, 0x9E, 0xE0, 0xFF, 0x3F, 0xFF, 0x8F, 0xF0, 0x00,
    0x00, 0x7C, 0x0D, 0xBF, 0x87, 0x9F, 0xE0, 0x0E, 0x3B, 0xFF, 0x1D, 0xFB, 0x8E, 0x1D, 0xC7, 0x1C,
    0xE3, 0x9C, 0x73, 0xCE, 0x3F, 0xCF, 0xFF, 0xC7, 0xF0, 0x00, 0x00, 0x01, 0x9F, 0x80, 0xC7, 0x80,
    0x60, 0x03, 0xF3, 0xF3, 0xF9, 0xF9, 0x8C, 0x39, 0xC6, 0x1C, 0xE3, 0x1C, 0x31, 0x9C, 0x1F, 0xCF,
    0xC7, 0xEF, 0xE0, 0x00, 0x00, 0xC0, 0x7C, 0x1F, 0x83, 0xF0, 0x7E, 0x0F, 0xC1, 0xF8, 0x3F, 0x07,
    0xE0, 0xFF, 0xDF, 0xFB, 0x80, 0x70, 0x3E, 0x07, 0x80, 0x00, 0x00, 0x18, 0x1F, 0x83, 0xF0, 0x0E,
    0x0F, 0xC1, 0xF8, 0x3F, 0x07, 0xE0, 0xFC, 0x1F, 0xFB, 0xFF, 0x70, 0x0E, 0x03, 0xC0, 0xF0, 0x0C,
    0x01, 0xDF, 0xBF, 0x0E, 0xFD, 0xFB, 0xF7, 0xEF, 0xDF, 0xBF, 0x70, 0xE3, 0xCF, 0x8C, 0xE0, 0x8D,
    0xE3, 0x9F, 0xC7, 0x3F, 0xCE, 0x7F, 0xDC, 0xFF, 0xB9, 0xFB, 0xF3, 0xF7, 0xE7, 0xE7, 0xCF, 0xC7,
    0x9F, 0x8F, 0x38, 0x00, 0x70, 0x03, 0xC0, 0x07, 0x00, 0x00, 0x00, 0x00, 0x01, 0xC1, 0x1B, 0xC7,
    0x37, 0x8E, 0x0F, 0x9C, 0xDF, 0xB9, 0xBF, 0x73, 0x77, 0xE6, 0xEF, 0xCD, 0xCF, 0x9B, 0x8F, 0x37,
    0x1E, 0x60, 0x00, 0xC0, 0x07, 0x80, 0x0F, 0x00, 0x1C, 0x00, 0x00, 0x07, 0x00, 0x70, 0x00, 0xFE,
    0x7F, 0xE7, 0xE7, 0x7E, 0x77, 0xE7, 0x7E, 0x77, 0xE7, 0x7E, 0x77, 0x00, 0x70, 0x0F, 0x00, 0xF0,
    0x0C, 0x00, 0x07, 0x60, 0x78, 0x07, 0x01, 0xE0, 0x3C, 0x0F, 0xC1, 0xF8, 0x33, 0x0F, 0xF1, 0xFE,
    0x3F, 0xCE, 0x1D, 0xC3, 0x80, 0x00, 0x36, 0x1E, 0x08, 0x7E, 0x3F, 0x07, 0x3F, 0x7F, 0xE7, 0xFF,
    0x7F, 0x00, 0x00, 0xFC, 0xF1, 0xE7, 0xC7, 0x0E, 0x1C, 0x38, 0x70, 0xE1, 0xC3, 0xCF, 0x80, 0x01,
    0xD9, 0xE0, 0x03, 0x87, 0x0E, 0x1C, 0x38, 0x70, 0xE1, 0xC0, 0x00, 0x03, 0xF0, 0x3C, 0x07, 0x83,
    0xF8, 0xFF, 0x9C, 0x3B, 0x87, 0x60, 0xEC, 0x1D, 0xC3, 0xB8, 0xE3, 0xFC, 0x3F, 0x00, 0x00, 0x00,
    0x1B, 0x87, 0x81, 0x03, 0xE3, 0xF9, 0x8D, 0xC7, 0xE3, 0xB1, 0x9F, 0xC7, 0xC0, 0x00, 0x00, 0x1B,
    0x07, 0x98, 0x3E, 0x3F, 0x1F, 0x8F, 0xC7, 0xE3, 0xF1, 0xF8, 0xFC, 0x77, 0xF3, 0xF0, 0x00, 0x00,
    0x7E, 0x3C, 0x00, 0xC7, 0xC7, 0xC7, 0xC7, 0xC7, 0xE7, 0xFF, 0x7F, 0x00, 0x3E, 0x1F, 0x0D, 0x86,
    0xCC, 0x1F, 0x1F, 0x8F, 0xC7, 0xE3, 0xF1, 0xF8, 0xFC, 0x7E, 0x3B, 0xF9, 0xF8, 0x00, 0x7C, 0x7C,
    0x24, 0x6C, 0x00, 0xC7, 0xC7, 0xC7, 0xC7, 0xC7, 0xE7, 0xFF, 0x7F, 0x00, 0x06, 0x07, 0x03, 0x06,
    0xC3, 0x66, 0x0F, 0x8F, 0xC7, 0xE3, 0xF1, 0xF8, 0xFC, 0x7E, 0x3F, 0x1D, 0xFC, 0xFC, 0x00, 0x00,
    0x0C, 0x1C, 0x3C, 0x6C, 0x00, 0xC7, 0xC7, 0xC7, 0xC7, 0xC7, 0xE7, 0xFF, 0x7F, 0x00, 0x22, 0x1F,
    0x07, 0x06, 0xC3, 0x66, 0x0F, 0x8F, 0xC7, 0xE3, 0xF1, 0xF8, 0xFC, 0x7E, 0x3F, 0x1D, 0xFC, 0xFC,
    0x00, 0x00, 0x6C, 0x3C, 0x2C, 0x6C, 0x00, 0xC7, 0xC7, 0xC7, 0xC7, 0xC7, 0xE7, 0xFF, 0x7F, 0x00,
    0x30, 0x1C, 0x06, 0x06, 0xC3, 0x66, 0x0F, 0x8F, 0xC7, 0xE3, 0xF1, 0xF8, 0xFC, 0x7E, 0x3F, 0x1D,
    0xFC, 0xFC, 0x00, 0x00, 0x70, 0x30, 0x3C, 0x6C, 0x00, 0xC7, 0xC7, 0xC7, 0xC7, 0xC7, 0xE7, 0xFF,
    0x7F, 0x00, 0x00, 0x3F, 0x1F, 0xC0, 0xE7, 0xF7, 0xF9, 0x9C, 0xFE, 0x3E, 0x00, 0x00, 0x3F, 0x03,
    0xC0, 0x78, 0x0D, 0x00, 0xC0, 0x3C, 0x07, 0x81, 0xF8, 0x3F, 0x06, 0x61, 0xFE, 0x3F, 0xC7, 0xF9,
    0xC3, 0xB8, 0x70, 0x3E, 0x3E, 0x34, 0x36, 0x00, 0x7E, 0x3F, 0x07, 0x3F, 0x7F, 0xE7, 0xFF, 0x7F,
    0x00, 0x3F, 0x03, 0xC0, 0x30, 0x06, 0x00, 0xC0, 0x3C, 0x07, 0x81, 0xF8, 0x3F, 0x06, 0x61, 0xFE,
    0x3F, 0xC7, 0xF9, 0xC3, 0xB8, 0x70, 0x3E, 0x3E, 0x08, 0x1C, 0x00, 0x7E, 0x3F, 0x07, 0x3F, 0x7F,
    0xE7, 0xFF, 0x7F, 0x00, 0x07, 0x80, 0x1F, 0x00, 0x7F, 0x83, 0xFE, 0x0F, 0xF8, 0x76, 0x01, 0x9F,
    0x0E, 0x7E, 0x3F, 0xF9, 0xFE, 0x07, 0xF8, 0x38, 0x7E, 0xE1, 0xF8, 0x07, 0x80, 0x7C, 0x00, 0x00,
    0xFF, 0xE3, 0xFF, 0x83, 0x9C, 0xFF, 0xEF, 0xFF, 0xE7, 0x07, 0xFF, 0xDF, 0x7C, 0x00, 0x00, 0x0F,
    0x07, 0xF0, 0xFE, 0x38, 0x07, 0x00, 0xCF, 0x99, 0xF3, 0xBE, 0x77, 0xC7, 0xF8, 0x7E, 0x00, 0x00,
    0x00, 0x1F, 0x9F, 0xCC, 0x6E, 0x37, 0x19, 0xDC, 0xFE, 0x3B, 0x0F, 0xD3, 0xEF, 0xE3, 0xC0, 0x00,
    0x07, 0xE0, 0xF0, 0x3C, 0x3F, 0x8F, 0xE7, 0x01, 0xC0, 0x67, 0xD9, 0xF7, 0x1D, 0xC7, 0x3F, 0xC7,
    0xE0, 0x00, 0x00, 0x1B, 0x87, 0x80, 0x03, 0xF3, 0xF9, 0x8D, 0xC6, 0xE3, 0x31, 0x9F, 0xC7, 0xE0,
    0x33, 0xF9, 0xFC, 0x78, 0x00, 0x3B, 0x0F, 0x18, 0x6E, 0x77, 0x73, 0xB9, 0xF8, 0xF8, 0x7E, 0x3B,
    0x9D, 0xCE, 0x77, 0x1C, 0x00, 0x1D, 0x81, 0xE0, 0x08, 0x03, 0x80, 0x70, 0x0E, 0x01, 0xCE, 0x3B,
    0x87, 0xE0, 0xF8, 0x1F, 0x83, 0xF0, 0x77, 0x0E, 0x70, 0x0F, 0x07, 0xF1, 0xFF, 0x38, 0x77, 0x0E,
    0xC1, 0xD8, 0x3B, 0x87, 0x71, 0xC7, 0xF8, 0x7E, 0x03, 0x00, 0xC0, 0x1C, 0x01, 0x80, 0x00, 0x1F,
    0x1F, 0xCC, 0x6E, 0x3F, 0x1D, 0x8C, 0xFE, 0x3E, 0x0C, 0x06, 0x03, 0x80, 0xC0, 0x0F, 0x03, 0xE0,
    0x7C, 0x1F, 0xC7, 0xFC, 0xE1, 0xDC, 0x3B, 0x07, 0x60, 0xEE, 0x1D, 0xC7, 0x1F, 0xE1, 0xF8, 0x0C,
    0x03, 0x00, 0x78, 0x06, 0x00, 0x1E, 0x1F, 0x02, 0x07, 0xC7, 0xF3, 0x1B, 0x8F, 0xC7, 0x63, 0x3F,
    0x8F, 0x83, 0x01, 0x80, 0xE0, 0x30, 0x00, 0x3B, 0x0F, 0x0F, 0xC7, 0xF3, 0xF0, 0x70, 0x70, 0x3E,
    0x1F, 0x81, 0xC0, 0xEF, 0xF7, 0xF0, 0x00, 0x00, 0x76, 0x3C, 0x00, 0xFF, 0x7F, 0x0E, 0x1C, 0x3C,
    0x3E, 0x07, 0x07, 0x07, 0xFF, 0xFE, 0x78, 0x01, 0xD9, 0xE0, 0x03, 0x87, 0x0E, 0x1C, 0x38, 0x70,
    0xE1, 0xC3, 0x9E, 0x3C, 0x70, 0xF8, 0x3F, 0xBF, 0x8F, 0xFF, 0xF3, 0xFF, 0x8E, 0x0E, 0xE3, 0x87,
    0x38, 0xE1, 0x8E, 0x38, 0xE3, 0x8E, 0x70, 0xE7, 0xB8, 0x3F, 0xCF, 0xFF, 0xE3, 0xFC, 0xF8, 0x00,
    0x7F, 0x00, 0x3F, 0xC0, 0x1C, 0x77, 0xFE, 0x3B, 0xF7, 0x1C, 0x3B, 0x8E, 0x39, 0xC7, 0x38, 0xE7,
    0x9C, 0x7F, 0x9F, 0xFF, 0x8F, 0xE0, 0x00, 0x00, 0x03, 0x00, 0x03, 0x00, 0x03, 0x00, 0x3F, 0x3F,
    0x7F, 0x3F, 0x63, 0x0E, 0xE3, 0x0E, 0xE3, 0x1C, 0x63, 0x38, 0x7F, 0x3F, 0x3F, 0x7F, 0x00, 0x00,
    0x00, 0x01, 0xC0, 0xE0, 0x3C, 0x3F, 0x8F, 0xE7, 0x01, 0xC0, 0x67, 0xD9, 0xF7, 0x1D, 0xC7, 0x3F,
    0xC7, 0xE0, 0x00, 0x00, 0x07, 0x07, 0x00, 0x03, 0xF3, 0xF9, 0x8D, 0xC6, 0xE3, 0x31, 0x9F, 0xC7,
    0xE0, 0x33, 0xF9, 0xFC, 0x78, 0xC3, 0x03, 0x8C, 0x0E, 0x30, 0x38, 0xC6, 0xFF, 0x1B, 0xFC, 0x6F,
    0xF1, 0xB8, 0xC6, 0xE3, 0xBB, 0x8F, 0xEE, 0x1F, 0x00, 0x00, 0xCC, 0x7F, 0xBF, 0xDC, 0x6E, 0x37,
    0x3B, 0x9D, 0xDC, 0xFE, 0x7E, 0x3C, 0x1C, 0x0E, 0x07, 0x03, 0x80, 0x00, 0x07, 0x00, 0xE3, 0x82,
    0xF1, 0xFC, 0x7F, 0x9F, 0xF7, 0xFD, 0xFB, 0xFE, 0xFF, 0x9F, 0xE3, 0xF8, 0xF0, 0x00, 0x38, 0x1C,
    0x08, 0xFE, 0xFE, 0xE7, 0xE7, 0xE7, 0xE7, 0xE7, 0xE7, 0x07, 0x01, 0x80, 0x78, 0x0F, 0x01, 0xE0,
    0x3C, 0x07, 0xC1, 0xF8, 0x33, 0x0E, 0x71, 0xFE, 0x3F, 0xCE, 0x1D, 0xC3, 0x80, 0x00, 0x0E, 0x18,
    0x1C, 0x34, 0x1C, 0x08, 0x7E, 0x3F, 0x07, 0x7F, 0x7F, 0xE7, 0xFF, 0x7F, 0x00, 0x00, 0x00, 0x07,
    0x00, 0x38, 0x01, 0xFE, 0x0F, 0xF8, 0x3F, 0xE1, 0xD8, 0x06, 0x7C, 0x39, 0xF8, 0xFF, 0xE7, 0xF8,
    0x1F, 0xE0, 0xE1, 0xFB, 0x87, 0xE0, 0x00, 0x00, 0x1C, 0x01, 0xC0, 0x00, 0x07, 0xFF, 0x1F, 0xFC,
    0x1C, 0xE7, 0xFF, 0x7F, 0xFF, 0x38, 0x3F, 0xFE, 0xFB, 0xE0, 0x00, 0x00, 0x00, 0x00, 0x70, 0x18,
    0x07, 0xE3, 0xFC, 0xFF, 0x9C, 0xFB, 0x9F, 0x66, 0xED, 0x9D, 0xF3, 0xBC, 0xE3, 0xFC, 0x7F, 0x08,
    0x00, 0x00, 0x07, 0x07, 0x00, 0x03, 0xF3, 0xF9, 0x9D, 0xDF, 0xFB, 0xBD, 0x9F, 0xCF, 0xC0, 0x00,
    0x00, 0x0F, 0xC0, 0xD8, 0x0F, 0x01, 0xE0, 0x3C, 0x0F, 0xC1, 0xF8, 0x33, 0x0F, 0xF1, 0xFE, 0x3F,
    0xCE, 0x1D, 0xC3, 0x80, 0x00, 0x7C, 0x3E, 0x00, 0x7E, 0x3F, 0x07, 0x3F, 0x7F, 0xE7, 0xFF, 0x7F,
    0x00, 0x00, 0x03, 0xC0, 0xFC, 0x0F, 0x01, 0xE0, 0x3C, 0x0F, 0xC1, 0xF8, 0x33, 0x0F, 0xF1, 0xFE,
    0x3F, 0xCE, 0x1D, 0xC3, 0x80, 0x00, 0x3E, 0x7E, 0x00, 0x7E, 0x3F, 0x07, 0x3F, 0x7F, 0xE7, 0xFF,
    0x7F, 0x00, 0x00, 0x7C, 0x3E, 0x7E, 0x7F, 0x7E, 0x70, 0x7E, 0x7E, 0x7E, 0x70, 0x70, 0x7E, 0x7F,
    0x00, 0x3E, 0x0F, 0x80, 0x03, 0xE3, 0xF9, 0x8D, 0xFE, 0xFF, 0x30, 0x1F, 0xC7, 0xE0, 0x00, 0x00,
    0xF9, 0xF7, 0xEF, 0xFF, 0xB8, 0x7E, 0xFD, 0xFB, 0x87, 0x0F, 0xDF, 0xC0, 0x00, 0x1F, 0x1F, 0x80,
    0x03, 0xE3, 0xF9, 0x8D, 0xFE, 0xFF, 0x30, 0x1F, 0xC7, 0xE0, 0x00, 0x00, 0x7C, 0x36, 0x1E, 0x3E,
    0x1C, 0x1C, 0x1C, 0x1C, 0x1C, 0x1C, 0x1C, 0x1E, 0x3E, 0x01, 0xF9, 0xF0, 0x01, 0xC3, 0x87, 0x0E,
    0x1C, 0x38, 0x70, 0xE0, 0x01, 0xEF, 0xFE, 0xF9, 0xC7, 0x1C, 0x71, 0xC7, 0x1C, 0x7B, 0xE0, 0x01,
    0xFF, 0xC0, 0x38, 0xE3, 0x8E, 0x38, 0xE3, 0x8E, 0x00, 0x07, 0xC0, 0x6C, 0x07, 0x83, 0xF8, 0xFF,
    0x9C, 0x3B, 0x87, 0x60, 0xEC, 0x1D, 0xC3, 0xB8, 0xE3, 0xFC, 0x3F, 0x00, 0x00, 0x00, 0x3E, 0x0D,
    0x80, 0x03, 0xE3, 0xF9, 0x8D, 0xC7, 0xE3, 0xB1, 0x9F, 0xC7, 0xC0, 0x00, 0x00, 0x03, 0xE0, 0x7E,
    0x0F, 0x83, 0xF8, 0xFF, 0x9C, 0x3B, 0x87, 0x60, 0xEC, 0x1D, 0xC3, 0xB8, 0xE3, 0xFC, 0x3F, 0x00,
    0x00, 0x00, 0x1F, 0x0F, 0x80, 0x03, 0xE3, 0xF9, 0x8D, 0xC7, 0xE3, 0xB1, 0x9F, 0xC7, 0xC0, 0x00,
    0x00, 0x1F, 0x03, 0x61, 0xF8, 0x7F, 0x1F, 0xE7, 0x39, 0xCE, 0x7F, 0x1F, 0x87, 0x71, 0xDC, 0x73,
    0x9C, 0xF0, 0x00, 0x7C, 0x36, 0x00, 0x37, 0x3E, 0x38, 0x38, 0x38, 0x38, 0x38, 0x38, 0x00, 0x3E,
    0x1F, 0x9F, 0x0F, 0xE7, 0xFB, 0x9D, 0xCE, 0xFE, 0x7E, 0x3B, 0x9D, 0xCE, 0x77, 0x3C, 0x00, 0xF9,
    0xF0, 0x06, 0xEF, 0x9C, 0x38, 0x70, 0xE1, 0xC3, 0x80, 0x00, 0x3E, 0x0D, 0x98, 0x7E, 0x3F, 0x1F,
    0x8F, 0xC7, 0xE3, 0xF1, 0xF8, 0xFC, 0x77, 0xF3, 0xF0, 0x00, 0x00, 0x3E, 0x0D, 0x80, 0x06, 0x3B,
    0x1D, 0x8E, 0xC7, 0x63, 0xB9, 0xDF, 0xE7, 0xF0, 0x00, 0x00, 0x1F, 0x0F, 0x9C, 0x7E, 0x3F, 0x1F,
    0x8F, 0xC7, 0xE3, 0xF1, 0xF8, 0xFC, 0x77, 0xF3, 0xF0, 0x00, 0x00, 0x7C, 0x7E, 0x00, 0xC7, 0xC7,
    0xC7, 0xC7, 0xC7, 0xE7, 0xFF, 0x7F, 0x00, 0x1C, 0x7E, 0x7E, 0x60, 0x70, 0x7C, 0x1E, 0x07, 0x07,
    0xFE, 0x7E, 0x00, 0x18, 0x18, 0x00, 0x00, 0xFD, 0xF7, 0x87, 0xC7, 0xC3, 0xFF, 0x7C, 0x00, 0xE1,
    0x80, 0x00, 0xFF, 0x7F, 0xBF, 0xC3, 0x81, 0xC0, 0xE0, 0x70, 0x38, 0x1C, 0x0E, 0x07, 0x00, 0x01,
    0xC0, 0xC0, 0x00, 0x31, 0xCF, 0xFF, 0x71, 0xC7, 0x1C, 0x7C, 0xF0, 0x0E, 0x30, 0x00, 0x3C, 0x3F,
    0x9D, 0xC0, 0x60, 0x71, 0xF0, 0xFC, 0x07, 0x03, 0x81, 0xC3, 0xCF, 0xCF, 0x82, 0x00, 0x01, 0xF9,
    0xF8, 0x70, 0xE7, 0x8F, 0x87, 0x0E, 0x1D, 0xF7, 0x88, 0x00, 0x00, 0x1B, 0x87, 0x98, 0x3E, 0x3F,
    0x1F, 0x8F, 0xFF, 0xFF, 0xFF, 0xF8, 0xFC, 0x7E, 0x3F, 0x1C, 0x00, 0x3B, 0x07, 0x80, 0x40, 0x38,
    0x0E, 0x03, 0x80, 0xFE, 0x3F, 0x8E, 0x73, 0x9C, 0xE7, 0x39, 0xCE, 0x73, 0x9C, 0x07, 0x0C, 0x00,
    0x01, 0xD8, 0x00, 0x01, 0xEF, 0xC0, 0x03, 0xFF, 0xC0, 0x7B, 0xF0, 0x00, 0x7E, 0x7E, 0x00, 0x03,
    0xF7, 0x80, 0x06, 0x60, 0xDF, 0x70, 0x03, 0x8C, 0xE2, 0x00, 0x0F, 0xBF, 0x00, 0x00, 0x7E, 0x6C,
    0x00, 0x01, 0xF9, 0xE0, 0x00, 0x3C, 0x0F, 0xF9, 0x00, 0xD8, 0xD8, 0x00, 0x30, 0xCF, 0xDE, 0x00,
    0x01, 0xEF, 0xC0, 0x26, 0x6E, 0x00, 0x66, 0x6E, 0x00, 0x66, 0x67, 0x00, 0x66, 0x6E, 0x00, 0x03,
    0x8E, 0x00, 0x00, 0xE7, 0x00, 0x27, 0x30, 0x4E, 0xC0, 0x0F, 0x11, 0x10, 0x01, 0x9D, 0xC0, 0x00,
    0xFD, 0x06, 0xF0, 0x6F, 0x60, 0x6F, 0x60, 0xF0, 0x33, 0x37, 0x60, 0xCC, 0xCE, 0x60, 0x06, 0x60,
    0xDF, 0x70, 0x0F, 0xBF, 0x00, 0x06, 0x60, 0x67, 0xFE, 0x06, 0xCF, 0x20, 0x3C, 0x7B, 0xFC, 0xC0,
    0x03, 0xF7, 0x80, 0x01, 0xF9, 0xE0, 0x00, 0x01, 0xEF, 0xC0, 0x03, 0xF7, 0x80, 0x01, 0xEF, 0xC0,
    0x03, 0xFF, 0xC0, 0x7B, 0xF0, 0x00, 0xFF, 0x7E, 0xFE, 0xFB, 0xFB, 0xE0, 0x00, 0xFB, 0xF0, 0x00,
    0x7E, 0x7E, 0x00, 0x7F, 0xEF, 0xFF, 0x00, 0x63, 0xBC, 0x40, 0x00, 0x06, 0x06, 0x0C, 0x0C, 0x0C,
    0x18, 0x18, 0x30, 0x30, 0x30, 0x60, 0x60, 0xFE, 0x03, 0x3F, 0xC0, 0xFE, 0x1F, 0xDE, 0x03, 0xF8,
    0x40, 0x06, 0x66, 0x7F, 0x80, 0xFE, 0xFB, 0xFB, 0xE0, 0x03, 0x8E, 0x00, 0x03, 0xB8, 0x00, 0x00,
    0xFB, 0xF0, 0x00, 0x4E, 0x60, 0x0C, 0x37, 0xDF, 0xE0, 0x00, 0x0C, 0xE6, 0x00, 0x7E, 0x42, 0x42,
    0xFE, 0xFB, 0xFB, 0xE0, 0x0F, 0xF9, 0x0F, 0x32, 0x01, 0xFF, 0xC8, 0x30, 0xC7, 0xFE, 0x30, 0xC0,
    0x67, 0xE6, 0xBE, 0x00, 0x01, 0xE7, 0x80, 0x06, 0x62, 0x66, 0x66, 0x66, 0x4F, 0x21, 0x08, 0x10,
    0x86, 0x06, 0x40, 0x21, 0x08, 0x19, 0x84, 0x02, 0x66, 0x60, 0x06, 0x60, 0x5B, 0x20, 0x31, 0xEF,
    0xCC, 0x00, 0x06, 0x60, 0x06, 0x62, 0x06, 0x60, 0x03, 0xEF, 0xE5, 0xDB, 0x40, 0x1F, 0x80, 0x0F,
    0x60, 0x7B, 0xFF, 0xDE, 0x46, 0x60, 0xC0, 0x37, 0x0E, 0x7F, 0xC0, 0xF0, 0xC0, 0x37, 0x0E, 0x7F,
    0xC0, 0xF0, 0xFF, 0xC0, 0x00, 0xFF, 0xC0, 0x00, 0x00, 0x07, 0xFF, 0xFF, 0xE0, 0x00, 0x1F, 0x87,
    0xFE, 0xE0, 0x70, 0x00, 0x00, 0x27, 0xFF, 0x9F, 0xFC, 0x00, 0x00, 0x27, 0xFF, 0x00, 0x0F, 0xF7,
    0x00, 0x5F, 0xC0, 0x0F, 0xD7, 0x00, 0x0D, 0xDF, 0x00, 0x27, 0x47, 0x00, 0x13, 0xFD, 0xF0, 0x0E,
    0xFD, 0xD0, 0x2B, 0xFF, 0x7D, 0x1E, 0x40, 0x66, 0x67, 0x00, 0x07, 0x9C, 0xC0, 0x07, 0x6F, 0x00,
    0xE0, 0xE7, 0xEF, 0xFF, 0xB8, 0x7E, 0xFD, 0xFB, 0x87, 0x0F, 0xFF, 0xC0, 0x6C, 0xD8, 0x07, 0xEF,
    0xFF, 0xB8, 0x7E, 0xFD, 0xFB, 0x87, 0x0F, 0xFF, 0xC0, 0xFF, 0x1F, 0xE3, 0xFC, 0x1C, 0x03, 0xF0,
    0x7F, 0x8F, 0xF1, 0xC7, 0x38, 0xE7, 0x78, 0xEF, 0x00, 0x00, 0x00, 0x38, 0x67, 0xFF, 0xFF, 0xF8,
    0x70, 0xE1, 0xC3, 0x87, 0x0E, 0x1C, 0x00, 0x0F, 0x1F, 0xDF, 0xEE, 0x07, 0x03, 0xF9, 0xFC, 0xE0,
    0x70, 0x1F, 0xC7, 0xE0, 0x00, 0x1C, 0x7E, 0x7E, 0x60, 0x70, 0x7C, 0x1E, 0x07, 0x07, 0xFE, 0x7C,
    0x00, 0xDF, 0xFF, 0xFF, 0xFF, 0x80, 0xD7, 0xD4, 0xC7, 0x39, 0xCE, 0x73, 0x9C, 0xE7, 0x38, 0x18,
    0x71, 0xC7, 0x1C, 0x71, 0xC7, 0x1C, 0x71, 0xC7, 0x79, 0xE0, 0x00, 0x1F, 0x80, 0x7F, 0x80, 0xFF,
    0x01, 0xCE, 0x03, 0x9F, 0x86, 0x3F, 0x8C, 0x77, 0x98, 0xE7, 0x31, 0xCF, 0xE3, 0xFB, 0x87, 0xE0,
    0x00, 0x00, 0xC1, 0x83, 0x8E, 0x0E, 0x38, 0x38, 0xE0, 0xFF, 0xF3, 0xFF, 0xEF, 0xFF, 0xF8, 0xE7,
    0xE3, 0x9F, 0x8F, 0xFE, 0x3F, 0x80, 0xFF, 0x1F, 0xE3, 0xFC, 0x1C, 0x03, 0xB0, 0x7F, 0x8F, 0xF1,
    0xC7, 0x38, 0xE7, 0x1C, 0xE3, 0x80, 0x00, 0x03, 0x81, 0x83, 0x0C, 0xE7, 0x39, 0xCE, 0xE3, 0xF0,
    0xFC, 0x3F, 0x0E, 0xE3, 0x9C, 0xE7, 0x38, 0xE0, 0x00, 0x07, 0x00, 0xC3, 0x0E, 0xE3, 0xB9, 0xEE,
    0x7B, 0xBE, 0xED, 0xBF, 0x6F, 0x9B, 0xE6, 0xF1, 0xBC, 0x60, 0x33, 0x0F, 0xC1, 0xE3, 0x06, 0xE1,
    0x9C, 0xE7, 0x30, 0xDC, 0x3F, 0x07, 0x81, 0xE0, 0x70, 0x7C, 0x1E, 0x00, 0x00, 0xC1, 0xF1, 0xF8,
    0xFC, 0x7E, 0x3F, 0x1F, 0x8F, 0xC7, 0xE3, 0xFF, 0xFF, 0xE3, 0x81, 0xC0, 0x00, 0x0C, 0x03, 0xC0,
    0x78, 0x1F, 0x83, 0xF0, 0x66, 0x1F, 0xE3, 0xFC, 0x7F, 0x9C, 0x3B, 0x87, 0x00, 0xFE, 0xFE, 0xFE,
    0xE0, 0xF8, 0xFE, 0xFF, 0xE7, 0xE7, 0xFF, 0xFE, 0xF8, 0xFE, 0xFF, 0xE7, 0xEF, 0xFE, 0xFF, 0xE7,
    0xE7, 0xFF, 0xFE, 0xFF, 0xFF, 0xFF, 0x0E, 0x1C, 0x38, 0x70, 0xE1, 0xC3, 0x80, 0x1F, 0xC3, 0xFC,
    0x3F, 0xC3, 0x9C, 0x39, 0xC3, 0x9C, 0x39, 0xC3, 0x1C, 0x71, 0xCF, 0xFE, 0xFF, 0xEE, 0x06, 0xE0,
    0x60, 0x00, 0xFD, 0xFF, 0xF7, 0x0F, 0xDF, 0xBF, 0x70, 0xE1, 0xFF, 0xF8, 0x63, 0x0C, 0xE7, 0x39,
    0xCE, 0xE1, 0xDD, 0x81, 0xFF, 0x03, 0xFC, 0x07, 0xFC, 0x1D, 0xF8, 0x73, 0xB8, 0xE7, 0x3B, 0x8E,
    0x70, 0x3C, 0xFE, 0x7F, 0x07, 0x1E, 0x3E, 0x3F, 0x07, 0x07, 0xFF, 0x7E, 0x00, 0xC3, 0xB8, 0xEE,
    0x7B, 0x9E, 0xEF, 0xBB, 0x6F, 0xDB, 0xE6, 0xF9, 0xBC, 0x6F, 0x18, 0x33, 0x0F, 0xC1, 0xE3, 0x0E,
    0xE3, 0xB9, 0xEE, 0x7B, 0xBE, 0xED, 0xBF, 0x6F, 0x9B, 0xE6, 0xF1, 0xBC, 0x60, 0xC3, 0x39, 0xCE,
    0x73, 0xB8, 0xFC, 0x3F, 0x0F, 0xC3, 0xB8, 0xE7, 0x39, 0xCE, 0x38, 0x3F, 0x8F, 0xF3, 0xFC, 0xE7,
    0x31, 0xCC, 0x73, 0x1C, 0xC7, 0x71, 0xFC, 0x7E, 0x1C, 0x00, 0xE0, 0xEF, 0x0F, 0xF0, 0xFF, 0x1F,
    0xF9, 0xFF, 0x9F, 0xFB, 0x7F, 0xF7, 0xEF, 0x7E, 0xE7, 0xEE, 0x70, 0xC1, 0xF1, 0xF8, 0xFC, 0x7F,
    0xFF, 0xFF, 0xFF, 0xC7, 0xE3, 0xF1, 0xF8, 0xE0, 0x0F, 0x07, 0xF1, 0xFF, 0x38, 0x66, 0x0E, 0xC1,
    0xD8, 0x3B, 0x87, 0x71, 0xC7, 0xF8, 0x7E, 0x00, 0x00, 0xFF, 0xFF, 0xFF, 0xFC, 0x7E, 0x3F, 0x1F,
    0x8F, 0xC7, 0xE3, 0xF1, 0xF8, 0xE0, 0xF8, 0xFE, 0xFE, 0xE7, 0xE7, 0xFE, 0xFE, 0xF8, 0xE0, 0xE0,
    0xE0, 0x0F, 0x1F, 0xDF, 0xEE, 0x06, 0x03, 0x01, 0x80, 0xE0, 0x70, 0x1F, 0xC7, 0xE0, 0x00, 0xFF,
    0x7F, 0xBF, 0xC3, 0x81, 0xC0, 0xE0, 0x70, 0x38, 0x1C, 0x0E, 0x07, 0x00, 0xC1, 0xB8, 0x67, 0x39,
    0xCC, 0x37, 0x0F, 0xC1, 0xE0, 0x78, 0x1C, 0x1F, 0x07, 0x80, 0x00, 0x07, 0x00, 0x3C, 0x0F, 0xF8,
    0xFF, 0xE7, 0x73, 0x33, 0x9D, 0x9C, 0xEE, 0xEE, 0x3F, 0xF0, 0xFE, 0x01, 0xC0, 0x00, 0x00, 0xE1,
    0x98, 0xE7, 0x38, 0xFC, 0x3E, 0x07, 0x81, 0xE0, 0xFC, 0x77, 0x1C, 0xEE, 0x1C, 0xC1, 0x9C, 0x73,
    0x8E, 0x71, 0xCE, 0x39, 0xC7, 0x38, 0xE7, 0x1C, 0xE3, 0x9F, 0xFB, 0xFF, 0x00, 0x60, 0x0C, 0x00,
    0x00, 0xC3, 0x61, 0xB0, 0xD8, 0x6E, 0x37, 0xF9, 0xFC, 0x76, 0x03, 0x01, 0x80, 0xC0, 0xC3, 0x1B,
    0x9C, 0x7E, 0x71, 0xF9, 0xC7, 0xE7, 0x1F, 0x9C, 0x7E, 0x71, 0xF9, 0xC7, 0xE7, 0x1F, 0xFF, 0xFF,
    0xFF, 0xC0, 0xC3, 0x19, 0xCE, 0x33, 0x9C, 0x67, 0x38, 0xCE, 0x71, 0x9C, 0xE3, 0x39, 0xC6, 0x73,
    0x8C, 0xE7, 0x19, 0xFF, 0xFF, 0xFF, 0xF8, 0x00, 0x70, 0x00, 0xE0, 0x00, 0x80, 0xF8, 0x1F, 0x03,
    0xE0, 0x0C, 0x01, 0xF8, 0x3F, 0x86, 0x70, 0xC7, 0x18, 0xC3, 0xF8, 0x7E, 0x00, 0xC0, 0x6E, 0x06,
    0xE0, 0x6E, 0x06, 0xFC, 0x6F, 0xE6, 0xE7, 0x6E, 0x76, 0xE7, 0x6F, 0xE6, 0xFC, 0x60, 0xC0, 0xE0,
    0xE0, 0xE0, 0xFC, 0xFE, 0xE7, 0xE7, 0xE7, 0xFF, 0xFE, 0x3C, 0x3F, 0x1F, 0xC0, 0x70, 0x39, 0xFC,
    0xFE, 0x07, 0x07, 0x3F, 0x9F, 0x80, 0x00, 0xC1, 0xC3, 0x9F, 0xCE, 0xFF, 0xBB, 0x8E, 0xFC, 0x3B,
    0xF0, 0xEF, 0xC3, 0xBB, 0x8E, 0xEE, 0x3B, 0x9F, 0xCE, 0x3E, 0x00, 0x00, 0x0F, 0x1F, 0xDF, 0xEE,
    0x77, 0x3B, 0xFC, 0xFE, 0x77, 0x3B, 0xB9, 0xF8, 0xE0, 0x00, 0x7E, 0x7F, 0x07, 0x3F, 0x7F, 0xE7,
    0xFF, 0x7F, 0x00, 0x00, 0x0F, 0x8F, 0xCE, 0x06, 0xE3, 0xFB, 0xDD, 0xC7, 0x63, 0xB1, 0xDF, 0xC7,
    0xC0, 0x00, 0xFC, 0xFE, 0xEE, 0xFC, 0xFE, 0xE6, 0xFE, 0xFC, 0xFF, 0xFE, 0x38, 0xE3, 0x8E, 0x38,
    0x3F, 0x0F, 0xC3, 0x30, 0xCC, 0x73, 0x1C, 0xCF, 0xFB, 0xFE, 0xC1, 0xB0, 0x60, 0x00, 0x00, 0x3E,
    0x7F, 0x63, 0xFF, 0xFF, 0x60, 0x7F, 0x3F, 0x00, 0xE7, 0x33, 0xBB, 0x8D, 0xF8, 0x7F, 0x83, 0xFC,
    0x1B, 0xF1, 0xDD, 0xDC, 0xEE, 0x00, 0xF9, 0xF8, 0x73, 0xC7, 0xC3, 0xFF, 0xFC, 0x00, 0xE7, 0xEF,
    0xEF, 0xFF, 0xFF, 0xF7, 0xF7, 0xE7, 0x04, 0x7E, 0x3C, 0x00, 0xE7, 0xEF, 0xEF, 0xFF, 0xFF, 0xF7,
    0xF7, 0xE7, 0xE7, 0xEE, 0xFC, 0xF8, 0xFC, 0xFC, 0xEE, 0xE7, 0x3F, 0x1F, 0x9C, 0xCE, 0x67, 0x33,
    0x9B, 0xCD, 0xC6, 0x00, 0x00, 0xF1, 0xDE, 0x7B, 0xCF, 0x7D, 0xED, 0xED, 0xBD, 0xB3, 0xB6, 0x66,
    0xE7, 0xE7, 0xE7, 0xFF, 0xFF, 0xE7, 0xE7, 0xE7, 0x00, 0x1F, 0x1F, 0xCC, 0x6E, 0x3F, 0x1D, 0x8C,
    0xFE, 0x3E, 0x00, 0x00, 0xFF, 0xFF, 0xE7, 0xE7, 0xE7, 0xE7, 0xE7, 0xE7, 0x00, 0xFE, 0xFE, 0xE7,
    0xE7, 0xE7, 0xE7, 0xFE, 0xFE, 0xE0, 0xE0, 0xE0, 0xC0, 0x00, 0x3E, 0x7E, 0x60, 0xE0, 0xE0, 0x60,
    0x7E, 0x3E, 0x00, 0xFE, 0xFE, 0x38, 0x38, 0x38, 0x38, 0x38, 0x38, 0x71, 0x9C, 0xE3, 0x38, 0xEC,
    0x1F, 0x07, 0xC1, 0xE0, 0x38, 0x0C, 0x0F, 0x07, 0x80, 0xC0, 0x00, 0x00, 0x60, 0x06, 0x00, 0x60,
    0x3F, 0xC7, 0xFE, 0x66, 0xEE, 0x66, 0xE6, 0x66, 0x6E, 0x7F, 0xE3, 0xFC, 0x06, 0x00, 0x60, 0x06,
    0x00, 0x60, 0xE7, 0x3B, 0x8F, 0x87, 0x83, 0xC3, 0xF1, 0xDD, 0xCE, 0xE6, 0x73, 0x39, 0x9C, 0xCE,
    0x67, 0x33, 0xFD, 0xFF, 0x03, 0x81, 0xC0, 0x00, 0x63, 0x31, 0x98, 0xCF, 0xE7, 0xF0, 0xD8, 0x0C,
    0x06, 0xE6, 0x7E, 0x67, 0xE6, 0x7E, 0x67, 0xE6, 0x7E, 0x67, 0xFF, 0xFF, 0xFF, 0xE6, 0x77, 0x33,
    0xB9, 0x9D, 0xCC, 0xEE, 0x67, 0x73, 0x3B, 0xFF, 0xFF, 0xFF, 0x00, 0x38, 0x01, 0xC0, 0x00, 0xF8,
    0x3E, 0x03, 0xE0, 0xFE, 0x3F, 0x8E, 0x63, 0xF8, 0xFC, 0xE0, 0xFC, 0x1F, 0xE3, 0xFF, 0x7E, 0xEF,
    0xDD, 0xFF, 0xBF, 0xE7, 0xE0, 0xE0, 0xF8, 0xFE, 0xFE, 0xE6, 0xFE, 0xFC, 0x00, 0xFC, 0x7E, 0x0E,
    0x7E, 0x3E, 0x0E, 0xFE, 0xFC, 0x00, 0x00, 0x1C, 0xFB, 0xBF, 0x7E, 0x7F, 0xCF, 0xF9, 0xFF, 0x3F,
    0x7E, 0xE7, 0xC0, 0x00, 0x3F, 0x7F, 0x67, 0x7F, 0x7F, 0x3F, 0x77, 0xE7, 0x00, 0x38, 0x1C, 0x00,
    0x3E, 0x7F, 0x63, 0xFF, 0xFF, 0x60, 0x7F, 0x3F, 0x00, 0x36, 0x36, 0x00, 0x3E, 0x7F, 0x63, 0xFF,
    0xFF, 0x60, 0x7F, 0x3F, 0x00, 0x00, 0x38, 0x3F, 0x1F, 0x87, 0xE3, 0xF9, 0xDE, 0xE7, 0x73, 0xB9,
    0xDC, 0xEE, 0x70, 0x38, 0x7C, 0x3C, 0x1C, 0x00, 0x73, 0x80, 0xFF, 0xFE, 0x38, 0xE3, 0x8E, 0x38,
    0x00, 0x3E, 0x7E, 0x60, 0xFC, 0xFC, 0x60, 0x7E, 0x3E, 0x00, 0x00, 0xFF, 0xF7, 0x07, 0xC7, 0xC3,
    0xFF, 0xFC, 0x00, 0x1F, 0x8F, 0xFF, 0xFF, 0xF0, 0x07, 0xBC, 0x07, 0x39, 0xCE, 0x73, 0x9C, 0xE0,
    0x01, 0x8C, 0x03, 0x9C, 0xE7, 0x39, 0xCE, 0x73, 0xFB, 0xDC, 0x3F, 0x01, 0xF8, 0x0D, 0xF0, 0x6F,
    0xE7, 0x77, 0xBB, 0x9F, 0xDF, 0xDC, 0xFE, 0x00, 0x00, 0xE7, 0x0E, 0x70, 0xE7, 0x0F, 0xFE, 0xFF,
    0xFE, 0x77, 0xE7, 0xFE, 0x7E, 0x00, 0x38, 0x3F, 0x1F, 0x87, 0xE3, 0xF9, 0xDE, 0xE7, 0x73, 0xB9,
    0xDC, 0xEE, 0x70, 0x00, 0x0E, 0x18, 0x00, 0xE7, 0xEE, 0xFC, 0xF8, 0xFC, 0xFC, 0xEE, 0xE7, 0x00,
    0x38, 0x18, 0x00, 0xE7, 0xEF, 0xEF, 0xFF, 0xFF, 0xF7, 0xF7, 0xE7, 0x11, 0x0E, 0xC1, 0xF0, 0x00,
    0x71, 0x9C, 0xE3, 0x38, 0xEC, 0x1F, 0x07, 0xC1, 0xE0, 0x38, 0x0C, 0x0F, 0x07, 0x80, 0xC0, 0xE7,
    0xE7, 0xE7, 0xE7, 0xE7, 0xE7, 0xFF, 0xFF, 0x38, 0x38, 0x00, 0xC3, 0x1B, 0x9C, 0x7E, 0x31, 0xF8,
    0xE7, 0x67, 0x9D, 0xDE, 0x67, 0x7B, 0x9F, 0xFE, 0x3F, 0xF0, 0xF3, 0xC1, 0xCE, 0x00, 0xE7, 0x3F,
    0x39, 0xB9, 0xCC, 0xCE, 0xE7, 0x77, 0x3F, 0xF0, 0xF7, 0x87, 0x38, 0x30, 0x0C, 0x0F, 0xE3, 0xF8,
    0x3E, 0x0F, 0xC3, 0xF8, 0xC6, 0x33, 0x8F, 0xE3, 0xF0, 0x30, 0x0C, 0x0F, 0xE3, 0xF8, 0x30, 0x0F,
    0xC3, 0xF8, 0xC6, 0x3F, 0x8F, 0xC0, 0xC1, 0xE7, 0x3F, 0xB9, 0xFD, 0xDC, 0x0F, 0xFC, 0x7F, 0xF3,
    0xFF, 0x9D, 0xC0, 0xEE, 0x07, 0x3F, 0xB8, 0xFC, 0x00, 0x00, 0x00, 0x1C, 0xFB, 0xBF, 0x76, 0x0F,
    0xF9, 0xFF, 0x3B, 0x07, 0x7E, 0xE7, 0xC0, 0x00, 0x0E, 0x03, 0xC0, 0x7C, 0x0D, 0x83, 0xB0, 0x7F,
    0x1F, 0xE3, 0xFE, 0x6F, 0xDD, 0xDB, 0xBB, 0x80, 0x1C, 0x0F, 0x83, 0x60, 0xFC, 0x7F, 0x1F, 0xEF,
    0xFB, 0xF6, 0xC1, 0xC3, 0x8F, 0x0E, 0x3E, 0x38, 0xD8, 0xFF, 0x63, 0xFF, 0xCF, 0xFF, 0x3B, 0xFE,
    0xED, 0xFB, 0xF7, 0x6F, 0xDD, 0xC0, 0xC3, 0x86, 0x3E, 0x31, 0xB1, 0xFF, 0x8F, 0xFE, 0x67, 0xF3,
    0x7F, 0xDB, 0x76, 0x7F, 0xC7, 0xFE, 0x3F, 0xC1, 0x98, 0x1F, 0x03, 0xF8, 0x3F, 0xC7, 0x6C, 0x76,
    0xE6, 0x6E, 0xE6, 0x70, 0x7F, 0xBF, 0x8D, 0x87, 0xC7, 0xF3, 0xFB, 0xFF, 0xBB, 0xCF, 0xF9, 0xDF,
    0xFB, 0x9F, 0xE7, 0x3B, 0x8F, 0xFE, 0x1F, 0xFE, 0x3F, 0xFE, 0x77, 0xEC, 0xED, 0xDD, 0xFB, 0xBB,
    0xF7, 0x30, 0xDF, 0xEC, 0xFE, 0xC7, 0xCF, 0xFC, 0xFF, 0xED, 0xFE, 0xDB, 0xED, 0xBF, 0x23, 0x1F,
    0x8F, 0x1F, 0xE7, 0x70, 0x18, 0x7C, 0x7C, 0x3F, 0x01, 0xC0, 0xE7, 0xEF, 0xE7, 0x03, 0xF8, 0xFC,
    0x00, 0x00, 0x66, 0x3E, 0x7E, 0x7E, 0x06, 0x3E, 0x3E, 0x07, 0x3F, 0xFE, 0xE0, 0xFC, 0x7E, 0x00,
    0xC4, 0x5D, 0xDF, 0xBB, 0xF7, 0x7E, 0xEF, 0xDD, 0xDF, 0xF3, 0xFE, 0x1E, 0x01, 0xC0, 0x38, 0x00,
    0x00, 0x01, 0x80, 0x30, 0x06, 0x0C, 0xDD, 0x99, 0xB3, 0x36, 0x66, 0xCC, 0xDD, 0xBB, 0xFF, 0x3F,
    0xC0, 0xC0, 0x18, 0x03, 0x00, 0x60, 0x0F, 0x07, 0xF1, 0xEF, 0x38, 0x76, 0x0E, 0xFF, 0xDF, 0xFB,
    0x07, 0x70, 0xC7, 0xF8, 0x7E, 0x00, 0x00, 0x00, 0x1F, 0x1F, 0xCC, 0x6F, 0xFF, 0xFD, 0x8C, 0xFE,
    0x3E, 0x00, 0x00, 0xC0, 0xDC, 0x3F, 0x87, 0x31, 0xC7, 0x30, 0xE6, 0x0D, 0xC1, 0xF0, 0x3E, 0x03,
    0xC0, 0x70, 0x00, 0x00, 0x71, 0xF9, 0xEC, 0xE7, 0x63, 0xF0, 0xF0, 0x78, 0x1C, 0x00, 0x00, 0x0F,
    0x80, 0xD8, 0x60, 0x6E, 0x1F, 0xC3, 0x98, 0xE3, 0x98, 0x73, 0x06, 0xE0, 0xF8, 0x1F, 0x01, 0xE0,
    0x38, 0x00, 0x00, 0x3E, 0x1F, 0x00, 0x0E, 0x3F, 0x3D, 0x9C, 0xEC, 0x7E, 0x1E, 0x0F, 0x03, 0x80,
    0x0E, 0x00, 0x03, 0xF8, 0x00, 0x7F, 0xC0, 0x07, 0x1D, 0xCE, 0x60, 0xDC, 0xE6, 0x0C, 0xCE, 0x60,
    0xCE, 0xC7, 0x1C, 0xFC, 0x71, 0xC7, 0x83, 0xF8, 0x78, 0x1F, 0x83, 0x80, 0x00, 0x30, 0x00, 0x0F,
    0x00, 0x01, 0xE0, 0x00, 0x0C, 0x00, 0x00, 0x00, 0x0F, 0x9C, 0xE7, 0xF7, 0x39, 0x8C, 0xCC, 0xE3,
    0xBF, 0x38, 0xEF, 0xC6, 0x31, 0xE1, 0xFC, 0x78, 0x3E, 0x0E, 0x00, 0x07, 0x00, 0x03, 0xC0, 0x01,
    0xE0, 0x00, 0x70, 0x00, 0x00, 0x00, 0xF0, 0x3F, 0xC7, 0xFE, 0x70, 0xE7, 0x06, 0x60, 0x76, 0x07,
    0x70, 0xE7, 0x6E, 0x3F, 0xC1, 0xF8, 0x06, 0x00, 0x0C, 0x0F, 0xC7, 0xF9, 0xAE, 0xE1, 0xF8, 0x76,
    0x19, 0xFE, 0x3F, 0x03, 0x00, 0x03, 0x80, 0x07, 0xE0, 0x07, 0xE0, 0x01, 0x80, 0x01, 0x80, 0x1C,
    0x38, 0x3E, 0x7C, 0x7E, 0x7E, 0x70, 0x0E, 0x60, 0x06, 0x60, 0x06, 0x61, 0x86, 0x71, 0x8E, 0x73,
    0x8E, 0x3F, 0xFC, 0x1F, 0xF8, 0x00, 0x00, 0x04, 0x00, 0x7E, 0x03, 0xF0, 0x0E, 0x00, 0x30, 0x03,
    0x00, 0xF3, 0xCF, 0x9F, 0x60, 0x3F, 0x11, 0xF9, 0xCE, 0xCE, 0x77, 0xFF, 0x9F, 0xF8, 0x00, 0x00,
    0x00, 0x00, 0x3F, 0x00, 0xA4, 0x30, 0xC6, 0xE7, 0x1F, 0x8C, 0x7E, 0x39, 0xD9, 0xE7, 0x77, 0x99,
    0xDE, 0xE7, 0xFF, 0x8F, 0xFC, 0x3C, 0xF0, 0x73, 0x80, 0x1F, 0x80, 0xFC, 0x00, 0x01, 0xCE, 0x7E,
    0x73, 0x73, 0x99, 0x9D, 0xCE, 0xEE, 0x7F, 0xE1, 0xEF, 0x0E, 0x70, 0x0F, 0x0F, 0xE3, 0xF9, 0xC0,
    0x70, 0x18, 0x06, 0x01, 0xC0, 0x70, 0x0F, 0xE1, 0xF8, 0x0E, 0x03, 0x80, 0xE0, 0x30, 0x00, 0x3E,
    0x7E, 0x60, 0xE0, 0xE0, 0x60, 0x7E, 0x3E, 0x0E, 0x0E, 0x0E, 0x0C, 0x00, 0x01, 0x07, 0x81, 0xC0,
    0xF2, 0x49, 0xE0, 0x78, 0x3C, 0x30, 0x00, 0x00, 0x0F, 0xFC, 0x00, 0x01, 0xFF, 0xC0, 0xDB, 0x00,
    0xDB, 0x00, 0x63, 0xFD, 0xC0, 0x00, 0xC0, 0x00, 0x78, 0x00, 0x00, 0x00, 0xF0, 0x38, 0x24, 0x09,
    0x00, 0x00, 0x00, 0x00, 0x01, 0xC0, 0x0E, 0x50, 0x02, 0x80, 0x00, 0x00, 0x00, 0x00, 0x60, 0x18,
    0x3C, 0x0F, 0x00, 0x00, 0x00, 0x1E, 0x00, 0x04, 0x80, 0x00, 0x40, 0x00, 0x30, 0x01, 0x8C, 0x00,
    0x20, 0x38, 0x0C, 0x0C, 0x00, 0x00, 0x00, 0x00, 0x01, 0xC0, 0x0C, 0x30, 0x03, 0x80, 0x00, 0x00,
    0x00, 0x00, 0x00, 0x10, 0x1C, 0x0C, 0x06, 0x31, 0x80, 0x0C, 0x00, 0x02, 0x00, 0x00, 0x00, 0x00,
    0x73, 0x81, 0xF8, 0x07, 0x81, 0x83, 0x8E, 0x3C, 0x71, 0xE3, 0x9F, 0x1D, 0xF8, 0xEF, 0xC7, 0xEE,
    0x3E, 0x71, 0xF3, 0x8F, 0x1F, 0x78, 0xF8, 0x01, 0xC0, 0x0C, 0x00, 0xE0, 0x00, 0x00, 0x63, 0x0C,
    0xE1, 0xF8, 0x00, 0x0C, 0x79, 0x8F, 0x33, 0xE6, 0xFC, 0xFB, 0x9F, 0x73, 0xCF, 0x71, 0xE0, 0x0C,
    0x01, 0x80, 0x70, 0x60, 0x3C, 0x3F, 0x1F, 0x87, 0xC3, 0xF9, 0xFE, 0xE7, 0x73, 0xBF, 0x9F, 0x80,
    0x00, 0x38, 0x3F, 0x1F, 0x87, 0x03, 0x81, 0xC0, 0xFE, 0x7F, 0x39, 0xDF, 0xCF, 0xE0, 0xF8, 0xFE,
    0xFE, 0xE7, 0xFF, 0xFE, 0xFE, 0xF6, 0xE0, 0xE0, 0xE0, 0x00, 0xFE, 0xFE, 0xE7, 0xE7, 0xEF, 0xFF,
    0xFE, 0xFE, 0xE6, 0xE0, 0xE0, 0xC0, 0x06, 0x06, 0xFE, 0xFE, 0xFE, 0xE0, 0xE0, 0xE0, 0xE0, 0xE0,
    0xE0, 0xE0, 0xE0, 0x00, 0x30, 0xFF, 0xFF, 0x8E, 0x38, 0xE3, 0x8E, 0x00, 0x7F, 0x7F, 0x7F, 0x70,
    0x70, 0xFE, 0xFE, 0x70, 0x70, 0x70, 0x70, 0x7E, 0xFD, 0x87, 0xEF, 0xCC, 0x18, 0x30, 0xFE, 0x7F,
    0x3F, 0x9C, 0x0E, 0x07, 0xF3, 0xFD, 0xDF, 0xE3, 0xF0, 0xF8, 0x60, 0x71, 0xF8, 0xF8, 0x78, 0xFC,
    0xFC, 0xE0, 0xF8, 0xFC, 0xFE, 0xE6, 0xE7, 0x06, 0x3E, 0x3E, 0x38, 0xE3, 0x18, 0xC6, 0x71, 0xCC,
    0xC1, 0xDB, 0x81, 0xFE, 0x03, 0xF8, 0x07, 0xF8, 0x1D, 0xB8, 0x73, 0x70, 0xE6, 0x7F, 0x8C, 0x78,
    0x00, 0x70, 0x00, 0xE0, 0x01, 0xC0, 0x00, 0x00, 0x73, 0x9C, 0x77, 0x70, 0x7F, 0xC0, 0x7F, 0x01,
    0xFE, 0x03, 0xFE, 0x0E, 0xEF, 0xB9, 0xCF, 0x00, 0x0E, 0x00, 0x1C, 0x00, 0x38, 0x3C, 0xFE, 0x7F,
    0x07, 0x1E, 0x3E, 0x3F, 0x07, 0x07, 0xFF, 0x7E, 0x1C, 0x0C, 0x1C, 0x18, 0x00, 0xF9, 0xF8, 0x73,
    0xC7, 0xC3, 0xFF, 0xFC, 0x30, 0x61, 0xC1, 0x00, 0xC3, 0x39, 0xCE, 0x63, 0xB8, 0xFC, 0x3E, 0x0F,
    0xC3, 0xB0, 0xEE, 0x39, 0xFE, 0x3C, 0x07, 0x01, 0xC0, 0x70, 0x00, 0xE7, 0x77, 0x3F, 0x1F, 0x0F,
    0x87, 0xE3, 0xBF, 0xCF, 0x03, 0x81, 0xC0, 0xE0, 0xC3, 0x7B, 0xBF, 0x9F, 0xCF, 0xC7, 0xC3, 0xF1,
    0xF8, 0xFE, 0x7F, 0xB8, 0xE0, 0xF7, 0xFE, 0xFC, 0xF8, 0xF8, 0xFC, 0xFE, 0xF7, 0x61, 0x8F, 0x73,
    0xEE, 0x3F, 0x87, 0xE0, 0xFC, 0x1F, 0x83, 0xB8, 0x73, 0x8E, 0x71, 0xC7, 0x00, 0x00, 0x1C, 0x0F,
    0xC3, 0xE0, 0x73, 0x9D, 0xC7, 0xE1, 0xF0, 0x7C, 0x1F, 0x87, 0x71, 0xCE, 0xF0, 0xDF, 0x3B, 0xE6,
    0x1D, 0xC3, 0xF0, 0x7C, 0x0F, 0xC1, 0xD8, 0x3B, 0x87, 0x38, 0xE3, 0x80, 0xF9, 0xDF, 0x70, 0xFC,
    0x1F, 0x03, 0xF0, 0x76, 0x0E, 0xE1, 0xCE, 0xC1, 0x9C, 0x73, 0x8E, 0x71, 0xCF, 0xF9, 0xFF, 0x3F,
    0xE7, 0x1C, 0xE3, 0x9C, 0x7F, 0x8F, 0x80, 0x30, 0x06, 0x00, 0xC0, 0x00, 0xE7, 0x39, 0xCE, 0x73,
    0xFC, 0xFF, 0x39, 0xCE, 0x7F, 0x9F, 0x01, 0xC0, 0x70, 0x1C, 0xC1, 0xEE, 0x3E, 0xE3, 0xEE, 0x38,
    0xFF, 0x8F, 0xF8, 0xFF, 0x8E, 0x38, 0xE3, 0x8E, 0x38, 0xE3, 0x80, 0xE7, 0xDC, 0xFB, 0x9C, 0x7F,
    0x8F, 0xF1, 0xCE, 0x39, 0xC7, 0x38, 0xFF, 0x01, 0xFF, 0x03, 0xFE, 0x07, 0x1C, 0x0E, 0x38, 0x1C,
    0x7F, 0x38, 0xFF, 0x71, 0xDE, 0xE3, 0x8F, 0xC7, 0x1F, 0x8E, 0x38, 0x00, 0x70, 0x0F, 0xC0, 0x1F,
    0x80, 0x1C, 0x00, 0xFE, 0x0F, 0xE0, 0xE6, 0x0E, 0x78, 0xE7, 0xEE, 0x7E, 0xE6, 0x7E, 0x67, 0x00,
    0x70, 0x3E, 0x03, 0xE0, 0x38, 0x0E, 0x07, 0xC1, 0xF8, 0x39, 0xE6, 0x7E, 0xCD, 0xD9, 0xBB, 0xB7,
    0x77, 0xC7, 0xF8, 0x7F, 0x80, 0x70, 0x00, 0x0F, 0x07, 0xC1, 0x9C, 0xEF, 0xBB, 0x66, 0xF9, 0xFC,
    0x3F, 0x80, 0x60, 0x0F, 0x1F, 0xDF, 0xEE, 0x07, 0x03, 0x01, 0x80, 0xE0, 0x70, 0x1F, 0xC7, 0xE0,
    0xC0, 0x60, 0x70, 0x30, 0x00, 0x3E, 0x7E, 0x70, 0xE0, 0xE0, 0x60, 0x7E, 0x3E, 0x0C, 0x0C, 0x1C,
    0x18, 0xFF, 0x7F, 0xBF, 0xC3, 0x81, 0xC0, 0xE0, 0x70, 0x38, 0x1C, 0x0F, 0x87, 0xC0, 0xE0, 0x70,
    0x38, 0x00, 0xFF, 0xFF, 0x18, 0x18, 0x18, 0x18, 0x1E, 0x1E, 0x06, 0x06, 0x06, 0xC1, 0xB8, 0xE7,
    0x31, 0xDC, 0x3E, 0x0F, 0x81, 0xC0, 0x70, 0x1C, 0x07, 0x01, 0xC0, 0xE3, 0x73, 0x99, 0xCE, 0xC7,
    0xE1, 0xF0, 0xF0, 0x38, 0x1C, 0x0E, 0x07, 0x03, 0x00, 0xC1, 0xB8, 0xE7, 0x31, 0xDC, 0x3E, 0x0F,
    0x81, 0xC1, 0xFC, 0x7F, 0x07, 0x01, 0xC0, 0xE3, 0x73, 0x99, 0xCE, 0xC7, 0xE1, 0xF0, 0xF0, 0x38,
    0x7F, 0x3F, 0x07, 0x03, 0x00, 0xE1, 0x8C, 0x71, 0xCE, 0x1F, 0x83, 0xE0, 0x3C, 0x07, 0x81, 0xF8,
    0x77, 0x0E, 0x7F, 0x87, 0x80, 0x70, 0x0E, 0x01, 0xC0, 0x00, 0xE7, 0x1D, 0xC3, 0xE0, 0xF0, 0x3C,
    0x0F, 0x87, 0x7B, 0x9E, 0x01, 0x80, 0x60, 0x18, 0xFF, 0x63, 0xFD, 0x8F, 0xF6, 0x06, 0x18, 0x18,
    0x60, 0x61, 0x81, 0x86, 0x06, 0x18, 0x18, 0x60, 0x7F, 0xE1, 0xFF, 0xC0, 0x07, 0x00, 0x1C, 0x00,
    0x70, 0x00, 0x00, 0xFF, 0xCF, 0xFC, 0x39, 0xC3, 0x9C, 0x39, 0xC3, 0x9C, 0x3F, 0xE3, 0xFF, 0x00,
    0x70, 0x07, 0x00, 0x70, 0x61, 0x86, 0x1C, 0x61, 0xC6, 0x1C, 0x61, 0xC7, 0x7C, 0x7F, 0xC3, 0xDC,
    0x01, 0xC0, 0x1F, 0x01, 0xF0, 0x07, 0x00, 0x70, 0x07, 0x00, 0x00, 0x63, 0x8C, 0x71, 0x8E, 0x33,
    0xC7, 0xF8, 0x77, 0x00, 0xF0, 0x1F, 0x00, 0xE0, 0x1C, 0x03, 0x80, 0x61, 0x98, 0x76, 0x1D, 0x97,
    0x6D, 0xDF, 0xF7, 0xFC, 0xFF, 0x0D, 0xC3, 0x70, 0x1C, 0x63, 0xB1, 0xDA, 0xEF, 0xF7, 0xF9, 0xFC,
    0x2E, 0x07, 0xC0, 0x70, 0x38, 0x1C, 0x0F, 0xF7, 0xFF, 0x8F, 0xC7, 0xE3, 0xF1, 0xF8, 0xE0, 0x00,
    0xE0, 0xE0, 0xE0, 0xFE, 0xFE, 0xE7, 0xE7, 0xE7, 0xE7, 0xE7, 0xE7, 0x03, 0xC0, 0x7F, 0x07, 0xFD,
    0xB8, 0x7F, 0xFF, 0xFF, 0xFD, 0xFF, 0xE3, 0x80, 0x1C, 0x10, 0x7F, 0x81, 0xFC, 0x00, 0x00, 0x00,
    0x00, 0xF8, 0x3F, 0x3E, 0x77, 0xFE, 0x7F, 0xC7, 0x00, 0x7E, 0x07, 0xC0, 0x00, 0x03, 0xC0, 0x7F,
    0x07, 0xFD, 0xB8, 0x7F, 0xFF, 0xFF, 0xFD, 0xFF, 0xE3, 0x80, 0x1C, 0x10, 0x7F, 0x81, 0xFC, 0x03,
    0x00, 0x18, 0x00, 0xC0, 0x00, 0x00, 0x00, 0x00, 0xF8, 0x3F, 0x3E, 0x77, 0xFE, 0x7F, 0xC7, 0x00,
    0x7E, 0x07, 0xC0, 0x60, 0x0C, 0x01, 0x80, 0x7B, 0xE7, 0x1C, 0x71, 0xC7, 0x1C, 0x71, 0xEF, 0x80,
    0x0E, 0xC0, 0x0F, 0x80, 0x0E, 0x03, 0x18, 0x67, 0x39, 0xCE, 0x77, 0x0E, 0xEC, 0x0F, 0xF8, 0x1F,
    0xE0, 0x3F, 0xE0, 0xEF, 0xC3, 0x9D, 0xC7, 0x39, 0xDC, 0x73, 0x80, 0x08, 0x80, 0xEC, 0x03, 0xE0,
    0x00, 0x0E, 0x73, 0x3B, 0xB8, 0xDF, 0x87, 0xF8, 0x3F, 0xC1, 0xBF, 0x1D, 0xDD, 0xCE, 0xE0, 0xC3,
    0xB9, 0xCE, 0x63, 0xB8, 0xFC, 0x3F, 0x0F, 0xF3, 0x9E, 0xE1, 0xB8, 0x7E, 0x1C, 0x06, 0x1F, 0x87,
    0xC1, 0xE0, 0xE7, 0xEE, 0xFC, 0xF8, 0xFE, 0xEF, 0xE7, 0xE3, 0x07, 0x1F, 0x3E, 0x1C, 0x1F, 0x81,
    0xFC, 0x3F, 0xC3, 0x9C, 0x39, 0xC3, 0x9C, 0x39, 0xC3, 0x1C, 0x71, 0xCF, 0x1F, 0xE1, 0xF0, 0x07,
    0x00, 0x60, 0x0E, 0x00, 0x00, 0x3F, 0x87, 0xF0, 0xCE, 0x19, 0xC7, 0x38, 0xE7, 0x3C, 0xF7, 0x1E,
    0x00, 0xC0, 0x38, 0x07, 0x00, 0xC1, 0xF1, 0xF8, 0xFC, 0x7F, 0xFF, 0xFF, 0xFF, 0xC7, 0xE3, 0xF1,
    0xF8, 0xE0, 0x71, 0xF9, 0xF8, 0x78, 0xE7, 0xE7, 0xE7, 0xFF, 0xFF, 0xE7, 0xE7, 0xE7, 0x07, 0x3E,
    0x3E, 0x3C, 0xC1, 0x8E, 0x38, 0xE3, 0x8E, 0x38, 0xFF, 0x8F, 0xF8, 0xFF, 0x8E, 0x38, 0xE3, 0x8E,
    0x3E, 0xE3, 0xE0, 0x0E, 0x00, 0xE0, 0x1C, 0x00, 0x00, 0xE7, 0x39, 0xCE, 0x73, 0xFC, 0xFF, 0x39,
    0xCE, 0x7F, 0x9F, 0x01, 0x80, 0x60, 0x38, 0x61, 0x98, 0x76, 0x1D, 0x87, 0x61, 0xDF, 0xF7, 0xFC,
    0xF7, 0x01, 0xC1, 0xF0, 0x7C, 0x1C, 0x07, 0x01, 0xC0, 0x00, 0x63, 0xB1, 0xD8, 0xEC, 0xF7, 0xF9,
    0xDC, 0x1E, 0x1F, 0x0E, 0x07, 0x03, 0x80, 0xE0, 0xE3, 0xC3, 0xCF, 0x0F, 0x3C, 0x7C, 0xF9, 0xF3,
    0xE7, 0xCF, 0xB7, 0x3F, 0xDC, 0xEF, 0x73, 0xB9, 0xFE, 0xE7, 0xC0, 0x06, 0x00, 0x18, 0x00, 0xE0,
    0x00, 0x00, 0xF1, 0xC7, 0x9E, 0x3C, 0xF1, 0xF7, 0x8D, 0xFC, 0x6F, 0x63, 0x3B, 0xD9, 0x9E, 0x00,
    0x30, 0x03, 0x80, 0x1C, 0x7B, 0xE7, 0x1C, 0x71, 0xC7, 0x1C, 0x71, 0xEF, 0x80, 0x33, 0x07, 0xE0,
    0x78, 0x06, 0x01, 0xE0, 0x3C, 0x0F, 0xC1, 0xF8, 0x33, 0x0F, 0xF1, 0xFE, 0x3F, 0xCE, 0x1D, 0xC3,
    0x80, 0x22, 0x37, 0x3E, 0x08, 0x7E, 0x3F, 0x07, 0x3F, 0x7F, 0xE7, 0xFF, 0x7F, 0x00, 0x3B, 0x07,
    0x60, 0x30, 0x0F, 0x01, 0xE0, 0x7E, 0x0F, 0xC1, 0x98, 0x7F, 0x8F, 0xF1, 0xFE, 0x70, 0xEE, 0x1C,
    0x36, 0x36, 0x00, 0x7E, 0x3F, 0x07, 0x3F, 0x7F, 0xE7, 0xFF, 0x7F, 0x00, 0x07, 0xF8, 0x3F, 0xE0,
    0xFF, 0x87, 0x60, 0x19, 0xF0, 0xE7, 0xE3, 0xFF, 0x9F, 0xE0, 0x7F, 0x83, 0x87, 0xEE, 0x1F, 0x80,
    0x00, 0x03, 0xFF, 0x8F, 0xFE, 0x0E, 0x73, 0xFF, 0xBF, 0xFF, 0x9C, 0x1F, 0xFF, 0x7D, 0xF0, 0x00,
    0x00, 0xCC, 0xF9, 0xE7, 0xEF, 0xFF, 0xB8, 0x7E, 0xFD, 0xFB, 0x87, 0x0F, 0xDF, 0xC0, 0x22, 0x1B,
    0x8F, 0x81, 0x03, 0xE3, 0xF9, 0x8D, 0xFE, 0xFF, 0x30, 0x1F, 0xC7, 0xE0, 0x00, 0x3E, 0x0F, 0xF3,
    0xFE, 0x00, 0xE0, 0x1D, 0xFF, 0xBF, 0xF7, 0x0E, 0xE1, 0xCF, 0xF0, 0xFC, 0x00, 0x00, 0x00, 0x3F,
    0x1F, 0xC0, 0xE7, 0xF7, 0xF9, 0x9C, 0xFE, 0x3E, 0x00, 0x00, 0x3F, 0x06, 0xE0, 0xF8, 0x3F, 0xCF,
    0xF8, 0x03, 0x80, 0x77, 0xFE, 0xFF, 0xDC, 0x3B, 0x87, 0x3F, 0xC3, 0xF0, 0x00, 0x00, 0x36, 0x1B,
    0x00, 0x0F, 0xC7, 0xF0, 0x39, 0xFD, 0xFE, 0x67, 0x3F, 0x8F, 0x80, 0x00, 0x06, 0xC0, 0x0D, 0x81,
    0x8C, 0x33, 0x9C, 0xE7, 0x3B, 0x87, 0x76, 0x07, 0xFC, 0x0F, 0xF0, 0x1F, 0xF0, 0x77, 0xE1, 0xCE,
    0xE3, 0x9C, 0xEE, 0x39, 0xC0, 0x0D, 0x80, 0x6C, 0x00, 0x01, 0xCE, 0x67, 0x77, 0x1B, 0xF0, 0xFF,
    0x07, 0xF8, 0x37, 0xE3, 0xBB, 0xB9, 0xDC, 0x36, 0x36, 0x3C, 0xFE, 0x7F, 0x07, 0x1E, 0x3E, 0x3F,
    0x07, 0x07, 0xFF, 0x7E, 0x00, 0x6C, 0xD8, 0x03, 0xE7, 0xE1, 0xCF, 0x1F, 0x0F, 0xFF, 0xF0, 0x00,
    0x7E, 0x3F, 0x9F, 0x83, 0x83, 0x81, 0xF0, 0xFC, 0x0E, 0x07, 0x7F, 0xBF, 0x80, 0x00, 0xFF, 0x7F,
    0x0E, 0x1C, 0x3C, 0x3E, 0x07, 0x07, 0x07, 0xFF, 0xFE, 0x78, 0x1E, 0x0F, 0x8E, 0x3B, 0x8E, 0xE7,
    0xB9, 0xEE, 0xFB, 0xB6, 0xFD, 0xBE, 0x6F, 0x9B, 0xC6, 0xF1, 0x80, 0x3C, 0x7E, 0x00, 0xE7, 0xEF,
    0xEF, 0xFF, 0xFF, 0xF7, 0xF7, 0xE7, 0x36, 0x0D, 0x8C, 0x3B, 0x8E, 0xE7, 0xB9, 0xEE, 0xFB, 0xB6,
    0xFD, 0xBE, 0x6F, 0x9B, 0xC6, 0xF1, 0x80, 0x6E, 0x6E, 0x00, 0xE7, 0xEF, 0xEF, 0xFF, 0xFF, 0xF7,
    0xF7, 0xE7, 0x1B, 0x03, 0x60, 0x3C, 0x1F, 0xC7, 0xFC, 0xE1, 0xDC, 0x3B, 0x07, 0x60, 0xEE, 0x1D,
    0xC7, 0x1F, 0xE1, 0xF8, 0x00, 0x00, 0x36, 0x1B, 0x00, 0x07, 0xC7, 0xF3, 0x1B, 0x8F, 0xC7, 0x63,
    0x3F, 0x8F, 0x80, 0x00, 0x0F, 0x07, 0xF1, 0xEF, 0x38, 0x76, 0x0E, 0xFF, 0xDF, 0xFB, 0x07, 0x70,
    0xC7, 0xF8, 0x7E, 0x00, 0x00, 0x00, 0x1F, 0x1F, 0xCC, 0x6F, 0xFF, 0xFD, 0x8C, 0xFE, 0x3E, 0x00,
    0x00, 0x1B, 0x03, 0x60, 0x3C, 0x1F, 0xC7, 0xBC, 0xE1, 0xD8, 0x3B, 0xFF, 0x7F, 0xEC, 0x1D, 0xC3,
    0x1F, 0xE1, 0xF8, 0x00, 0x00, 0x36, 0x1B, 0x00, 0x07, 0xC7, 0xF3, 0x1B, 0xFF, 0xFF, 0x63, 0x3F,
    0x8F, 0x80, 0x00, 0x7E, 0x37, 0x0F, 0x0F, 0xC7, 0xF0, 0x1C, 0x0E, 0x7F, 0x3F, 0x81, 0xC1, 0xCF,
    0xE7, 0xE0, 0x00, 0x6C, 0x6C, 0x00, 0xFC, 0x7E, 0x0E, 0x7E, 0x3E, 0x0E, 0xFE, 0xFC, 0x00, 0x1E,
    0x0F, 0x8E, 0x1B, 0x86, 0x73, 0x9C, 0xC3, 0x70, 0xFC, 0x1E, 0x07, 0x81, 0xC1, 0xF0, 0x78, 0x00,
    0x00, 0x1E, 0x0F, 0xC0, 0x01, 0xC6, 0x73, 0x8C, 0xE3, 0xB0, 0x7C, 0x1F, 0x07, 0x80, 0xE0, 0x30,
    0x3C, 0x1E, 0x03, 0x00, 0x36, 0x0D, 0x8C, 0x1B, 0x86, 0x73, 0x9C, 0xC3, 0x70, 0xFC, 0x1E, 0x07,
    0x81, 0xC1, 0xF0, 0x78, 0x00, 0x00, 0x3B, 0x06, 0xC0, 0x01, 0xC6, 0x73, 0x8C, 0xE3, 0xB0, 0x7C,
    0x1F, 0x07, 0x80, 0xE0, 0x30, 0x3C, 0x1E, 0x03, 0x00, 0x00, 0x03, 0xE1, 0xB3, 0x86, 0xE1, 0x9C,
    0xE7, 0x30, 0xDC, 0x3F, 0x07, 0x81, 0xE0, 0x70, 0x7C, 0x1E, 0x00, 0x00, 0x00, 0x1F, 0x8D, 0x80,
    0x0E, 0x37, 0x39, 0x9C, 0xEC, 0x3E, 0x1F, 0x0F, 0x03, 0x81, 0x83, 0xC3, 0xC0, 0xC0, 0x76, 0x3B,
    0x30, 0xD8, 0x6C, 0x36, 0x1B, 0x8D, 0xFE, 0x7F, 0x1D, 0x80, 0xC0, 0x60, 0x30, 0x36, 0x1B, 0x00,
    0x0C, 0x66, 0x33, 0x19, 0xFC, 0xFE, 0x1B, 0x01, 0x80, 0xC0, 0xFF, 0xFF, 0xFF, 0x0E, 0x1C, 0x38,
    0x70, 0xE1, 0xF3, 0xE1, 0xC3, 0x87, 0x00, 0x00, 0xFF, 0xFE, 0x38, 0xE3, 0x8F, 0x3E, 0x38, 0xE3,
    0x00, 0x1B, 0x01, 0xB0, 0xC0, 0x6E, 0x06, 0xE0, 0x6E, 0x06, 0xFC, 0x6F, 0xE6, 0xE7, 0x6E, 0x76,
    0xE7, 0x6F, 0xE6, 0xFC, 0x60, 0x1B, 0x03, 0x60, 0x00, 0x70, 0x7E, 0x0F, 0xF1, 0xFF, 0xBF, 0x77,
    0xEE, 0xFF, 0xDF, 0xF3, 0x80, 0x7F, 0x7F, 0x7F, 0x70, 0x70, 0xFE, 0xFE, 0x70, 0x70, 0x7C, 0x7C,
    0x1C, 0x3C, 0x3C, 0x38, 0x7E, 0xFD, 0x87, 0xEF, 0xCC, 0x1E, 0x3C, 0x18, 0x71, 0xE1, 0x80, 0xE1,
    0x8E, 0x71, 0xCE, 0x1F, 0x81, 0xE0, 0x3C, 0x07, 0x81, 0xF8, 0x77, 0x0E, 0x7F, 0x87, 0x80, 0x70,
    0x1E, 0x07, 0x80, 0x60, 0xE7, 0x3B, 0x8F, 0x87, 0x83, 0xC3, 0xF1, 0xDF, 0xCF, 0x01, 0x81, 0xC1,
    0xE0, 0x60, 0xE1, 0x9C, 0xE7, 0x38, 0xFC, 0x3F, 0x1F, 0xE7, 0xF8, 0xFC, 0x77, 0x1C, 0xEE, 0x1C,
    0xE7, 0x3B, 0x8F, 0x8F, 0xE7, 0xF3, 0xF1, 0xDD, 0xCE, 0x0C, 0x03, 0xC0, 0x78, 0x1F, 0x83, 0xF0,
    0x66, 0x1F, 0xE3, 0xFC, 0x7F, 0x9C, 0x3B, 0x87, 0x00, 0x00, 0xC0, 0x18, 0x00, 0x00, 0x00, 0x7E,
    0x3F, 0x07, 0x3F, 0x7F, 0xE7, 0xFF, 0x7F, 0x00, 0x1C, 0x1C, 0x00, 0x00, 0x03, 0xC0, 0x18, 0x06,
    0x00, 0xC0, 0x3C, 0x07, 0x81, 0xF8, 0x3F, 0x06, 0x61, 0xFE, 0x3F, 0xC7, 0xF9, 0xC3, 0xB8, 0x70,
    0x00, 0x1C, 0x0C, 0x1C, 0x08, 0x7E, 0x3F, 0x07, 0x3F, 0x7F, 0xE7, 0xFF, 0x7F, 0x00, 0x00, 0x01,
    0xB8, 0x7C, 0x19, 0x80, 0xC0, 0x3C, 0x07, 0x81, 0xF8, 0x3F, 0x06, 0x61, 0xFE, 0x3F, 0xC7, 0xF9,
    0xC3, 0xB8, 0x70, 0x01, 0x87, 0xC3, 0x60, 0x00, 0x7E, 0x0F, 0xC0, 0x70, 0xFC, 0x7F, 0x39, 0xCF,
    0xF1, 0xFC, 0x00, 0x00, 0x40, 0x0D, 0x80, 0xF8, 0x19, 0x80, 0xC0, 0x3C, 0x07, 0x81, 0xF8, 0x3F,
    0x06, 0x61, 0xFE, 0x3F, 0xC7, 0xF9, 0xC3, 0xB8, 0x70, 0x60, 0x1F, 0x06, 0xC0, 0x03, 0xF0, 0xFC,
    0x0E, 0x3F, 0x3F, 0xB9, 0xDF, 0xE7, 0xF0, 0x00, 0x00, 0x00, 0x30, 0x36, 0x0F, 0x83, 0x30, 0x18,
    0x07, 0x80, 0xF0, 0x3F, 0x07, 0xE0, 0xCC, 0x3F, 0xC7, 0xF8, 0xFF, 0x38, 0x77, 0x0E, 0x03, 0x00,
    0xC7, 0xC6, 0xC0, 0x03, 0xF0, 0xFC, 0x0E, 0x3F, 0x3F, 0xB9, 0xDF, 0xE7, 0xF0, 0x00, 0x09, 0x03,
    0xE0, 0x58, 0x07, 0x01, 0xB0, 0x18, 0x07, 0x80, 0xF0, 0x3F, 0x07, 0xE0, 0xCC, 0x3F, 0xC7, 0xF8,
    0xFF, 0x38, 0x77, 0x0E, 0x3F, 0x3E, 0x1C, 0x3E, 0x00, 0x7E, 0x3F, 0x07, 0x3F, 0x7F, 0xE7, 0xFF,
    0x7F, 0x00, 0x00, 0x03, 0xC0, 0xFC, 0x0F, 0x01, 0xE0, 0x3C, 0x0F, 0xC1, 0xF8, 0x33, 0x0F, 0xF1,
    0xFE, 0x3F, 0xCE, 0x1D, 0xC3, 0x80, 0x00, 0x60, 0x0C, 0x00, 0x00, 0x00, 0x1C, 0x36, 0x00, 0x7E,
    0x3F, 0x07, 0x3F, 0x7F, 0xE7, 0xFF, 0x7F, 0x00, 0x1C, 0x1C, 0x00, 0x06, 0x03, 0xA0, 0x7C, 0x0F,
    0x00, 0xC0, 0x3C, 0x07, 0x81, 0xF8, 0x3F, 0x06, 0x61, 0xFE, 0x3F, 0xC7, 0xF9, 0xC3, 0xB8, 0x70,
    0x04, 0x0C, 0x3E, 0x3E, 0x08, 0x7E, 0x3F, 0x07, 0x3F, 0x7F, 0xE7, 0xFF, 0x7F, 0x00, 0x18, 0x03,
    0xA0, 0x7C, 0x0F, 0x00, 0xC0, 0x3C, 0x07, 0x81, 0xF8, 0x3F, 0x06, 0x61, 0xFE, 0x3F, 0xC7, 0xF9,
    0xC3, 0xB8, 0x70, 0x10, 0x18, 0x3E, 0x3E, 0x08, 0x7E, 0x3F, 0x07, 0x3F, 0x7F, 0xE7, 0xFF, 0x7F,
    0x00, 0x00, 0x01, 0x80, 0x74, 0x1F, 0x81, 0xE0, 0x18, 0x07, 0x80, 0xF0, 0x3F, 0x07, 0xE0, 0xCC,
    0x3F, 0xC7, 0xF8, 0xFF, 0x38, 0x77, 0x0E, 0x18, 0x0C, 0x3E, 0x3E, 0x08, 0x7E, 0x3F, 0x07, 0x3F,
    0x7F, 0xE7, 0xFF, 0x7F, 0x00, 0x09, 0x03, 0xE0, 0x4C, 0x0F, 0x80, 0xE0, 0x18, 0x07, 0x80, 0xF0,
    0x3F, 0x07, 0xE0, 0xCC, 0x3F, 0xC7, 0xF8, 0xFF, 0x38, 0x77, 0x0E, 0x1F, 0x3E, 0x33, 0x1E, 0x00,
    0x7E, 0x3F, 0x07, 0x3F, 0x7F, 0xE7, 0xFF, 0x7F, 0x00, 0x00, 0x07, 0xE0, 0x78, 0x06, 0x01, 0xE0,
    0x3C, 0x0F, 0xC1, 0xF8, 0x33, 0x0F, 0xF1, 0xFE, 0x3F, 0xCE, 0x1D, 0xC3, 0x80, 0x00, 0x60, 0x0C,
    0x00, 0x00, 0x00, 0x3E, 0x3E, 0x08, 0x7E, 0x3F, 0x07, 0x3F, 0x7F, 0xE7, 0xFF, 0x7F, 0x00, 0x1C,
    0x1C, 0x00, 0xFD, 0xFF, 0xF7, 0x0F, 0xDF, 0xBF, 0x70, 0xE1, 0xFB, 0xF8, 0x03, 0x06, 0x00, 0x00,
    0x00, 0x1F, 0x1F, 0xCC, 0x6F, 0xF7, 0xF9, 0x80, 0xFE, 0x3F, 0x00, 0x07, 0x03, 0x80, 0x00, 0x00,
    0xF0, 0x61, 0xCF, 0xDF, 0xFF, 0x70, 0xFD, 0xFB, 0xF7, 0x0E, 0x1F, 0xBF, 0x80, 0x00, 0x0E, 0x03,
    0x81, 0x80, 0x81, 0xF1, 0xFC, 0xC6, 0xFF, 0x7F, 0x98, 0x0F, 0xE3, 0xF0, 0x00, 0x00, 0xFB, 0xF7,
    0xEF, 0xFF, 0xB8, 0x7E, 0xFD, 0xFB, 0x87, 0x0F, 0xDF, 0xC0, 0x00, 0x1F, 0x9F, 0x80, 0x03, 0xE3,
    0xF9, 0x8D, 0xFE, 0xFF, 0x30, 0x1F, 0xC7, 0xE0, 0x00, 0x02, 0x36, 0x7C, 0xCC, 0xFC, 0xFE, 0xFC,
    0xE0, 0xFC, 0xFC, 0xFC, 0xE0, 0xE0, 0xFC, 0xFE, 0x01, 0x87, 0xC3, 0x60, 0x00, 0x3E, 0x1F, 0xC6,
    0x33, 0xFC, 0xFF, 0x18, 0x07, 0xF0, 0xFC, 0x00, 0x00, 0x00, 0x66, 0x0F, 0x86, 0x43, 0xF1, 0xFC,
    0xFC, 0x70, 0x3F, 0x1F, 0x8F, 0xC7, 0x03, 0x81, 0xF8, 0xFE, 0x60, 0x0F, 0x81, 0xB0, 0x00, 0x1F,
    0x0F, 0xE3, 0x19, 0xFE, 0x7F, 0x8C, 0x03, 0xF8, 0x7E, 0x00, 0x00, 0x00, 0x0C, 0xDB, 0xEC, 0xDF,
    0xBF, 0xFE, 0xE1, 0xFB, 0xF7, 0xEE, 0x1C, 0x3F, 0x7F, 0x03, 0x00, 0xC7, 0xC6, 0xC0, 0x01, 0xF1,
    0xFC, 0xC6, 0xFF, 0x7F, 0x98, 0x0F, 0xE3, 0xF0, 0x00, 0x24, 0xF8, 0x63, 0xC6, 0xDF, 0xBF, 0xFE,
    0xE1, 0xFB, 0xF7, 0xEE, 0x1C, 0x3F, 0x7F, 0x1F, 0x1F, 0x07, 0x07, 0xC0, 0x01, 0xF1, 0xFC, 0xC6,
    0xFF, 0x7F, 0x98, 0x0F, 0xE3, 0xF0, 0x00, 0x00, 0xF3, 0xF7, 0xEF, 0xFF, 0xB8, 0x7E, 0xFD, 0xFB,
    0x87, 0x0F, 0xDF, 0xC0, 0x18, 0x30, 0x00, 0x00, 0x0E, 0x0D, 0x80, 0x03, 0xE3, 0xF9, 0x8D, 0xFE,
    0xFF, 0x30, 0x1F, 0xC7, 0xE0, 0x00, 0xE0, 0x70, 0x00, 0x71, 0xC3, 0x0C, 0x7B, 0xE7, 0x1C, 0x71,
    0xC7, 0x1C, 0x71, 0xEF, 0x80, 0x03, 0x8C, 0xE2, 0x39, 0xCE, 0x73, 0x9C, 0xE7, 0x00, 0x7B, 0xE7,
    0x1C, 0x71, 0xC7, 0x1C, 0x71, 0xEF, 0x80, 0x71, 0xC0, 0x00, 0x06, 0x60, 0x77, 0x77, 0x77, 0x77,
    0x06, 0x60, 0x0F, 0x07, 0xF1, 0xFF, 0x38, 0x77, 0x0E, 0xC1, 0xD8, 0x3B, 0x87, 0x71, 0xC7, 0xF8,
    0x7E, 0x00, 0x00, 0xE0, 0x1C, 0x00, 0x00, 0x00, 0x1F, 0x1F, 0xCC, 0x6E, 0x3F, 0x1D, 0x8C, 0xFE,
    0x3E, 0x00, 0x07, 0x03, 0x80, 0x00, 0x0E, 0x01, 0xE0, 0x1C, 0x03, 0x00, 0xF0, 0x7F, 0x1F, 0xF3,
    0x87, 0x70, 0xEC, 0x1D, 0x83, 0xB8, 0x77, 0x1C, 0x7F, 0x87, 0xE0, 0x00, 0x00, 0x0E, 0x03, 0x81,
    0x80, 0x81, 0xF1, 0xFC, 0xC6, 0xE3, 0xF1, 0xD8, 0xCF, 0xE3, 0xE0, 0x00, 0x00, 0x41, 0xD8, 0x3E,
    0x0D, 0x80, 0xF0, 0x7F, 0x1F, 0xF3, 0x87, 0x70, 0xEC, 0x1D, 0x83, 0xB8, 0x77, 0x1C, 0x7F, 0x87,
    0xE0, 0x00, 0x01, 0x87, 0xC3, 0x60, 0x00, 0x3E, 0x1F, 0xC6, 0x33, 0x8E, 0xE3, 0x98, 0xC7, 0xF0,
    0xF8, 0x00, 0x00, 0x00, 0x0C, 0xC0, 0x7C, 0x0C, 0x80, 0xF0, 0x7F, 0x1F, 0xF3, 0x87, 0x70, 0xEC,
    0x1D, 0x83, 0xB8, 0x77, 0x1C, 0x7F, 0x87, 0xE0, 0x00, 0x60, 0x0F, 0x81, 0xB0, 0x00, 0x1F, 0x0F,
    0xE3, 0x19, 0xC7, 0x71, 0xCC, 0x63, 0xF8, 0x7C, 0x00, 0x00, 0x00, 0x00, 0x38, 0x3B, 0x07, 0xC1,
    0xB0, 0x1E, 0x0F, 0xE3, 0xFE, 0x70, 0xEE, 0x1D, 0x83, 0xB0, 0x77, 0x0E, 0xE3, 0x8F, 0xF0, 0xFC,
    0x00, 0x00, 0x03, 0x00, 0xC7, 0xC6, 0xC0, 0x01, 0xF1, 0xFC, 0xC6, 0xE3, 0xF1, 0xD8, 0xCF, 0xE3,
    0xE0, 0x00, 0x04, 0x81, 0xF0, 0x1C, 0x07, 0x80, 0x98, 0x1E, 0x0F, 0xE3, 0xFE, 0x70, 0xEE, 0x1D,
    0x83, 0xB0, 0x77, 0x0E, 0xE3, 0x8F, 0xF0, 0xFC, 0x00, 0x00, 0x1F, 0x1B, 0x07, 0x83, 0xC0, 0x01,
    0xF1, 0xFC, 0xC6, 0xE3, 0xF1, 0xD8, 0xCF, 0xE3, 0xE0, 0x00, 0x00, 0x01, 0xE0, 0x7E, 0x0F, 0x83,
    0xF8, 0xFF, 0x9C, 0x3B, 0x87, 0x60, 0xEC, 0x1D, 0xC3, 0xB8, 0xE3, 0xFC, 0x3F, 0x00, 0x00, 0x70,
    0x0E, 0x00, 0x00, 0x00, 0x0E, 0x0D, 0x80, 0x03, 0xE3, 0xF9, 0x8D, 0xC7, 0xE3, 0xB1, 0x9F, 0xC7,
    0xC0, 0x00, 0xE0, 0x70, 0x00, 0x00, 0x00, 0x38, 0x01, 0x80, 0x1E, 0x73, 0xFF, 0x3F, 0xF9, 0xC3,
    0x8E, 0x1C, 0x60, 0xE3, 0x07, 0x1C, 0x38, 0xE3, 0x83, 0xFC, 0x0F, 0xC0, 0x00, 0x00, 0x00, 0x01,
    0xC0, 0x70, 0x04, 0x73, 0xFC, 0xFF, 0x18, 0xC7, 0x1C, 0xE3, 0x8C, 0x61, 0xFC, 0x1F, 0x00, 0x00,
    0x00, 0x00, 0xE0, 0x01, 0x80, 0x1E, 0x73, 0xFF, 0x3F, 0xF9, 0xC3, 0x8E, 0x1C, 0x60, 0xE3, 0x07,
    0x1C, 0x38, 0xE3, 0x83, 0xFC, 0x0F, 0xC0, 0x00, 0x00, 0x00, 0x07, 0x00, 0x70, 0x00, 0x73, 0xFC,
    0xFF, 0x18, 0xC7, 0x1C, 0xE3, 0x8C, 0x61, 0xFC, 0x1F, 0x00, 0x00, 0x00, 0x00, 0x70, 0x01, 0xC0,
    0x0C, 0x00, 0xF3, 0x9F, 0xF9, 0xFF, 0xCE, 0x1C, 0x70, 0xE3, 0x07, 0x18, 0x38, 0xE1, 0xC7, 0x1C,
    0x1F, 0xE0, 0x7E, 0x00, 0x00, 0x00, 0x03, 0x80, 0x30, 0x0E, 0x00, 0x8E, 0x7F, 0x9F, 0xE3, 0x18,
    0xE3, 0x9C, 0x71, 0x8C, 0x3F, 0x83, 0xE0, 0x00, 0x00, 0x00, 0x00, 0xFC, 0x07, 0xE0, 0x3E, 0x73,
    0xFF, 0x3F, 0xF9, 0xC3, 0x8E, 0x1C, 0x60, 0xE3, 0x07, 0x1C, 0x38, 0xE3, 0x83, 0xFC, 0x0F, 0xC0,
    0x00, 0x00, 0x00, 0x07, 0xE0, 0xF8, 0x00, 0x73, 0xFC, 0xFF, 0x18, 0xC7, 0x1C, 0xE3, 0x8C, 0x61,
    0xFC, 0x1F, 0x00, 0x00, 0x00, 0x00, 0x79, 0xCF, 0xFC, 0xFF, 0xE7, 0x0E, 0x38, 0x71, 0x83, 0x8C,
    0x1C, 0x70, 0xE3, 0x8E, 0x0F, 0xF0, 0x3F, 0x00, 0x00, 0x07, 0x00, 0x38, 0x00, 0x00, 0x00, 0x00,
    0x1C, 0xFF, 0x3F, 0xC6, 0x31, 0xC7, 0x38, 0xE3, 0x18, 0x7F, 0x07, 0xC0, 0x00, 0x0E, 0x01, 0xC0,
    0x00, 0x00, 0xC1, 0xF1, 0xF8, 0xFC, 0x7E, 0x3F, 0x1F, 0x8F, 0xC7, 0xE3, 0xBF, 0x9F, 0x80, 0x01,
    0x80, 0xC0, 0x00, 0xC7, 0xC7, 0xC7, 0xC7, 0xC7, 0xE7, 0xFF, 0x7F, 0x00, 0x38, 0x38, 0x00, 0x18,
    0x1E, 0x03, 0x03, 0x0C, 0x1F, 0x1F, 0x8F, 0xC7, 0xE3, 0xF1, 0xF8, 0xFC, 0x7E, 0x3B, 0xF9, 0xF8,
    0x00, 0x00, 0x38, 0x1C, 0x18, 0x10, 0xC7, 0xC7, 0xC7, 0xC7, 0xC7, 0xE7, 0xFF, 0x7F, 0x00, 0x00,
    0x00, 0x70, 0x07, 0x01, 0x83, 0xEE, 0x3F, 0x71, 0xF3, 0x8E, 0x1C, 0x70, 0xE3, 0x87, 0x1C, 0x38,
    0xE1, 0xC7, 0x07, 0xF0, 0x3F, 0x00, 0x00, 0x00, 0x00, 0x03, 0x80, 0x60, 0x00, 0x7C, 0x7D, 0x8F,
    0xB1, 0xC6, 0x38, 0xC7, 0x1C, 0xE3, 0xFC, 0x3F, 0x80, 0x00, 0x00, 0x01, 0xC0, 0x07, 0x01, 0x83,
    0xEE, 0x3F, 0x71, 0xF3, 0x8E, 0x1C, 0x70, 0xE3, 0x87, 0x1C, 0x38, 0xE1, 0xC7, 0x07, 0xF0, 0x3F,
    0x00, 0x00, 0x00, 0x00, 0x0E, 0x00, 0x60, 0x00, 0x7C, 0x7D, 0x8F, 0xB1, 0xC6, 0x38, 0xC7, 0x1C,
    0xE3, 0xFC, 0x3F, 0x80, 0x00, 0x18, 0x00, 0xE0, 0x03, 0x00, 0x30, 0x0C, 0x1F, 0x71, 0xFB, 0x8F,
    0x9C, 0x70, 0xE3, 0x87, 0x1C, 0x38, 0xE1, 0xC7, 0x0E, 0x38, 0x3F, 0x81, 0xF8, 0x00, 0x00, 0x00,
    0x07, 0x00, 0x70, 0x0C, 0x01, 0x0F, 0x8F, 0xB1, 0xF6, 0x38, 0xC7, 0x18, 0xE3, 0x9C, 0x7F, 0x87,
    0xF0, 0x00, 0x00, 0x00, 0x01, 0xF8, 0x1F, 0x81, 0xC3, 0xEE, 0x3F, 0x71, 0xF3, 0x8E, 0x1C, 0x70,
    0xE3, 0x87, 0x1C, 0x38, 0xE1, 0xC7, 0x07, 0xF0, 0x3F, 0x00, 0x00, 0x00, 0x00, 0x0F, 0xC1, 0xF0,
    0x00, 0x7C, 0x7D, 0x8F, 0xB1, 0xC6, 0x38, 0xC7, 0x1C, 0xE3, 0xFC, 0x3F, 0x80, 0x00, 0x00, 0x06,
    0x0F, 0xB8, 0xFD, 0xC7, 0xCE, 0x38, 0x71, 0xC3, 0x8E, 0x1C, 0x70, 0xE3, 0x87, 0x1C, 0x1F, 0xC0,
    0xFC, 0x00, 0x00, 0x0C, 0x00, 0x60, 0x00, 0x00, 0x00, 0x00, 0x1F, 0x1F, 0x63, 0xEC, 0x71, 0x8E,
    0x31, 0xC7, 0x38, 0xFF, 0x0F, 0xE0, 0x00, 0x1C, 0x03, 0x80, 0x00, 0x00, 0x00, 0x07, 0x00, 0xC3,
    0x06, 0xE3, 0x9C, 0xC7, 0x70, 0xF8, 0x3E, 0x07, 0x01, 0xC0, 0x70, 0x1C, 0x07, 0x00, 0x00, 0x1C,
    0x07, 0x00, 0x0E, 0x37, 0x39, 0x9C, 0xEC, 0x3E, 0x1F, 0x0F, 0x03, 0x81, 0x83, 0xC3, 0xC0, 0xC0,
    0xC1, 0xB8, 0xE7, 0x31, 0xDC, 0x3E, 0x0F, 0x81, 0xC0, 0x70, 0x1C, 0x07, 0x01, 0xC0, 0x00, 0x1C,
    0x07, 0x00, 0x00, 0xE3, 0x73, 0x99, 0xCE, 0xC3, 0xE1, 0xF0, 0xF0, 0x38, 0x18, 0x3F, 0xBD, 0xCC,
    0x00, 0x1C, 0x07, 0x00, 0xC0, 0x30, 0xC1, 0xB8, 0xE7, 0x31, 0xDC, 0x3E, 0x0F, 0x81, 0xC0, 0x70,
    0x1C, 0x07, 0x01, 0xC0, 0x00, 0x1E, 0x03, 0x03, 0x80, 0x07, 0x1B, 0x9C, 0xCE, 0x76, 0x1F, 0x0F,
    0x87, 0x81, 0xC0, 0xC1, 0xE1, 0xE0, 0x60, 0x00, 0x00, 0x0F, 0xC3, 0xE3, 0x86, 0xE3, 0x9C, 0xC7,
    0x70, 0xF8, 0x3E, 0x07, 0x01, 0xC0, 0x70, 0x1C, 0x07, 0x00, 0x00, 0x1F, 0x1F, 0x80, 0x0E, 0x37,
    0x39, 0x9C, 0xEC, 0x3E, 0x1F, 0x0F, 0x03, 0x81, 0x83, 0xC3, 0xC0, 0xC0, 0x01, 0x1D, 0xCC, 0x63,
    0x18, 0xC6, 0x31, 0x8C, 0x00, 0x01, 0x1C, 0x71, 0x8C, 0x63, 0x18, 0xC6, 0x31, 0x80, 0xF7, 0xC0,
    0xF7, 0xC0, 0xFF, 0xFF, 0xFF, 0xFC, 0xFF, 0xFD, 0xFF, 0xF8, 0xFF, 0xFD, 0xFF, 0xF8, 0x03, 0x3C,
    0xF3, 0xCF, 0x3C, 0xF3, 0xCF, 0x3C, 0xF3, 0xCF, 0x3C, 0xD2, 0x7E, 0x7E, 0x7E, 0x7E, 0x6F, 0xF0,
    0x7F, 0xE0, 0x66, 0xEC, 0x00, 0xDD, 0xB0, 0x64, 0xDB, 0xB7, 0xE0, 0x00, 0x6D, 0xDB, 0xB6, 0xE0,
    0x00, 0x64, 0xDD, 0xB7, 0x60, 0x00, 0xCD, 0xF9, 0xB3, 0x60, 0x00, 0x00, 0x70, 0x62, 0xC7, 0xEB,
    0x86, 0x0C, 0x18, 0x30, 0x61, 0xC0, 0x00, 0x30, 0x63, 0xF7, 0xE3, 0x06, 0x0C, 0x7E, 0xFC, 0x60,
    0xC0, 0x33, 0xFE, 0xF7, 0x00, 0x01, 0x07, 0x1E, 0x71, 0x80, 0x00, 0x1F, 0x80, 0x00, 0x67, 0x67,
    0x00, 0x00, 0x06, 0x77, 0x67, 0x70, 0x00, 0x06, 0x60, 0x76, 0x31, 0x8C, 0x63, 0x18, 0xC6, 0x30,
    0x70, 0xC6, 0x31, 0x8C, 0x63, 0x18, 0xC6, 0x0F, 0xFF, 0x66, 0x66, 0x66, 0x66, 0x60, 0x0F, 0x8F,
    0x66, 0x66, 0x66, 0x66, 0x60, 0x0F, 0x1F, 0x66, 0x66, 0x66, 0x66, 0x60, 0x30, 0x40, 0x0F, 0x18,
    0x03, 0xE7, 0x00, 0x6E, 0xC0, 0x0D, 0xF6, 0x18, 0xFF, 0xE7, 0x9F, 0xBF, 0xB0, 0x76, 0xF6, 0x0C,
    0xDE, 0xC3, 0x9F, 0xF8, 0x63, 0xCF, 0x00, 0x00, 0x00, 0x30, 0x40, 0x00, 0x78, 0xC0, 0x00, 0xFD,
    0xC0, 0x00, 0xDD, 0x80, 0x00, 0xDF, 0x61, 0x84, 0x7B, 0xF3, 0xDE, 0x7E, 0xDF, 0xDB, 0x06, 0xDE,
    0xFB, 0x0C, 0xDE, 0xFB, 0x1C, 0xFF, 0xDF, 0x18, 0xF3, 0xCE, 0x00, 0x00, 0x00, 0x11, 0x9C, 0xC4,
    0x00, 0x13, 0x36, 0x76, 0x6C, 0x48, 0x13, 0x66, 0xDD, 0xDB, 0x36, 0xC4, 0x90, 0x63, 0x0C, 0x61,
    0x00, 0x6C, 0x6E, 0x36, 0x33, 0x13, 0x6D, 0x86, 0xEC, 0x36, 0xC3, 0x36, 0x13, 0x20, 0x00, 0xC7,
    0x1E, 0xCB, 0x30, 0x01, 0xDC, 0xC6, 0x38, 0xE0, 0x03, 0x1C, 0x73, 0xB9, 0x80, 0x06, 0x06, 0x76,
    0x76, 0xE3, 0x9C, 0x1F, 0x86, 0xF7, 0x6F, 0x71, 0xF8, 0x39, 0xC7, 0x6E, 0x66, 0x60, 0x20, 0x66,
    0x77, 0x67, 0x67, 0x67, 0x66, 0x66, 0x66, 0x00, 0x67, 0x67, 0x00, 0x79, 0xFB, 0xFB, 0xF3, 0xC7,
    0x0C, 0x18, 0x00, 0x60, 0xC0, 0x00, 0x7F, 0x3F, 0xC0, 0x80, 0x60, 0x9F, 0xC3, 0x80, 0x1C, 0x3F,
    0xB0, 0x50, 0x00, 0x0C, 0x21, 0x86, 0x30, 0xC7, 0x1E, 0x4B, 0x20, 0x00, 0x00, 0x00, 0xC0, 0x00,
    0x60, 0x01, 0xFE, 0x00, 0x7F, 0x00, 0x1E, 0x00, 0x1F, 0x80, 0x34, 0x98, 0x18, 0x0C, 0x7F, 0x3F,
    0xBF, 0x9F, 0xC7, 0x03, 0x87, 0xC3, 0xE3, 0x61, 0xB0, 0x00, 0x00, 0x7F, 0xC0, 0x02, 0x06, 0x06,
    0x0C, 0x0C, 0x18, 0x38, 0x30, 0x70, 0x60, 0xC0, 0xEF, 0xCC, 0xCC, 0xFF, 0xCC, 0xCC, 0xFE, 0xFF,
    0x33, 0x33, 0xFF, 0x33, 0x33, 0xF6, 0x78, 0xF3, 0xF7, 0xEF, 0xFF, 0xC3, 0x87, 0x1C, 0x38, 0xF1,
    0xC3, 0x06, 0x0C, 0x18, 0x00, 0x00, 0xC3, 0x83, 0x06, 0x00, 0x00, 0x78, 0xDF, 0x9B, 0xFB, 0x07,
    0x61, 0xCC, 0x79, 0x8C, 0x31, 0x86, 0x00, 0x06, 0x18, 0xC3, 0x00, 0x00, 0x63, 0x8F, 0xFD, 0x9B,
    0xB0, 0x76, 0x0E, 0xC3, 0x98, 0xE3, 0x18, 0x00, 0x0C, 0x71, 0x8E, 0x00, 0x00, 0xFF, 0x7F, 0x06,
    0x0E, 0x0C, 0x18, 0x38, 0x30, 0x00, 0xFE, 0xFE, 0xFF, 0xFF, 0xFF, 0xFF, 0xFE, 0xF0, 0xF0, 0xF0,
    0xF0, 0xF0, 0xB0, 0x3F, 0xBF, 0xDF, 0x6F, 0xB7, 0xDB, 0xED, 0xFE, 0x3E, 0xFE, 0xFF, 0xFF, 0xFF,
    0xFF, 0xFF, 0xFE, 0xFC, 0x00, 0x18, 0x18, 0xFF, 0xFF, 0x3C, 0x7E, 0x24, 0x06, 0x60, 0x00, 0x06,
    0x67, 0x30, 0x1C, 0x3F, 0xB0, 0x50, 0x00, 0x00, 0x00, 0x00, 0x00, 0x00, 0x00, 0x00, 0x00, 0x08,
    0x06, 0x09, 0xFC, 0x38, 0x00, 0x18, 0x18, 0xFF, 0xFF, 0x3C, 0x7E, 0x24, 0x18, 0x18, 0xFF, 0xFF,
    0x3C, 0x7E, 0x24, 0xCD, 0xDB, 0x70, 0xC3, 0x86, 0x0C, 0x30, 0x61, 0xDB, 0x30, 0x00, 0x1C, 0x04,
    0xFF, 0xFB, 0x0F, 0xE0, 0x00, 0x00, 0x3C, 0x3F, 0xB0, 0x60, 0x00, 0x00, 0x5A, 0x7E, 0x7E, 0xFF,
    0x3C, 0x7E, 0x18, 0x06, 0x07, 0x06, 0x00, 0x00, 0x70, 0x60, 0x00, 0x00, 0x07, 0x07, 0x02, 0x12,
    0x4C, 0xDB, 0x67, 0xFD, 0x9B, 0x6C, 0x49, 0x20, 0x06, 0x00, 0x70, 0x06, 0x00, 0x00, 0x00, 0x27,
    0x07, 0x60, 0x70, 0x00, 0x00, 0x00, 0x70, 0x07, 0x00, 0x20, 0x60, 0x37, 0x07, 0x60, 0x30, 0x00,
    0x02, 0x00, 0x70, 0x07, 0x00, 0x00, 0x00, 0x06, 0x07, 0x70, 0x72, 0x02, 0x67, 0x60, 0x00, 0x00,
    0x06, 0x60, 0x0C, 0x03, 0x80, 0xC0, 0x00, 0x00, 0x18, 0x67, 0x19, 0x86, 0x00, 0x00, 0x00, 0xC0,
    0x30, 0x00, 0x00, 0x06, 0x07, 0x6E, 0x76, 0xE2, 0x64, 0x06, 0x0F, 0xFF, 0xFF, 0xF0, 0x60, 0x36,
    0x67, 0x6E, 0x36, 0x60, 0x60, 0x06, 0x72, 0x06, 0x76, 0x00, 0x67, 0x00, 0x67, 0x66, 0x76, 0x67,
    0x66, 0x72, 0x0F, 0x6F, 0x66, 0x66, 0x66, 0x66, 0x60, 0x0F, 0x9F, 0x66, 0x66, 0x66, 0x66, 0x60,
    0x0F, 0x66, 0x66, 0x66, 0x66, 0x66, 0x60, 0x06, 0x6F, 0x66, 0x66, 0x66, 0x66, 0x60, 0x06, 0xF6,
    0x66, 0x66, 0x66, 0x66, 0x60, 0x0E, 0x6F, 0x66, 0x66, 0x66, 0x66, 0x60, 0x31, 0xEF, 0xB6, 0xDB,
    0xE7, 0x80, 0x4B, 0x6D, 0x90, 0x10, 0xE7, 0x9E, 0xFB, 0xF1, 0x80, 0x71, 0xE4, 0x1E, 0x1B, 0x6F,
    0x80, 0x39, 0xEE, 0x3E, 0xDB, 0xE7, 0x80, 0x7B, 0xE1, 0x86, 0x30, 0xC6, 0x00, 0x33, 0xED, 0x9E,
    0xFB, 0x67, 0x80, 0x33, 0xED, 0xBE, 0x78, 0xE7, 0x00, 0x21, 0xBE, 0x42, 0x00, 0x07, 0xC0, 0x07,
    0xDF, 0xF0, 0x06, 0x66, 0x66, 0x66, 0x20, 0x19, 0xB6, 0xDA, 0xC0, 0x03, 0xEE, 0xF3, 0xCD, 0x30,
    0x31, 0xEF, 0xB6, 0xDB, 0xE7, 0x80, 0x13, 0xBC, 0x63, 0x18, 0xC0, 0x37, 0xD6, 0x77, 0x7F, 0xE0,
    0x33, 0xE1, 0x9E, 0x3B, 0xEF, 0x80, 0x10, 0xE7, 0x9E, 0xFB, 0xF1, 0x80, 0x71, 0xE4, 0x1E, 0x1B,
    0x6F, 0x80, 0x39, 0xEE, 0x3E, 0xDB, 0xE7, 0x80, 0x7B, 0xE1, 0x86, 0x30, 0xC6, 0x00, 0x33, 0xED,
    0x9E, 0xFB, 0x67, 0x80, 0x33, 0xED, 0xBE, 0x78, 0xE7, 0x00, 0x21, 0xBE, 0x42, 0x00, 0x07, 0xC0,
    0x07, 0xDF, 0xF0, 0x06, 0x66, 0x66, 0x66, 0x20, 0x19, 0xB6, 0xDA, 0xC0, 0x33, 0xDF, 0xFF, 0xB4,
    0x31, 0xEF, 0xBE, 0x78, 0xE0, 0x31, 0xEC, 0xF3, 0x78, 0xC0, 0xCB, 0xE7, 0x1C, 0xFB, 0x20, 0x71,
    0xE7, 0xBE, 0xF8, 0xC0, 0x43, 0x0F, 0xBF, 0xCF, 0x3C, 0xD2, 0x43, 0x0C, 0xB6, 0xF3, 0xED, 0x93,
    0x5B, 0x6D, 0xB2, 0x5B, 0x7F, 0xF3, 0x79, 0xBC, 0xDA, 0x48, 0x5B, 0xFC, 0xF3, 0xCD, 0x20, 0x53,
    0xEC, 0xF3, 0xFB, 0xCC, 0x10, 0x77, 0xB8, 0x6F, 0x30, 0x47, 0xF6, 0x67, 0x30, 0x3C, 0x7C, 0xF0,
    0xEF, 0xFF, 0xFF, 0xFF, 0x7F, 0x1C, 0x1F, 0x1F, 0x00, 0x06, 0x87, 0xCF, 0xF7, 0xB7, 0x53, 0xE9,
    0xFC, 0xFE, 0x3F, 0x8F, 0xC7, 0xE3, 0xC0, 0x1E, 0x1F, 0x9E, 0xCC, 0x0E, 0x97, 0x7B, 0xBD, 0xD8,
    0x7C, 0x3F, 0x8F, 0xC0, 0x00, 0x7E, 0x7F, 0x7E, 0x70, 0x70, 0x7F, 0x7E, 0x70, 0xFC, 0x70, 0x70,
    0x1E, 0x1F, 0x8E, 0x86, 0x0F, 0xE3, 0xF3, 0xF8, 0xFC, 0x70, 0x7F, 0xBF, 0xC0, 0x00, 0x80, 0x0C,
    0x3F, 0xFD, 0xFF, 0xEE, 0x73, 0x73, 0x9B, 0x98, 0xDD, 0xC6, 0xEE, 0x37, 0xF1, 0x86, 0x00, 0x20,
    0x00, 0x62, 0x3B, 0x9D, 0xCE, 0xEF, 0xF3, 0xFB, 0xFD, 0xFE, 0x6F, 0x37, 0x99, 0xC0, 0xF0, 0x0F,
    0xC0, 0xFE, 0x0C, 0xEC, 0xCE, 0xCF, 0xFF, 0xFD, 0xEF, 0x1C, 0xC1, 0xCC, 0x1F, 0xC0, 0xF0, 0x00,
    0xF0, 0x0F, 0xC0, 0xFC, 0x0C, 0xDF, 0xCD, 0xFF, 0xD8, 0xF9, 0xED, 0x8F, 0xDC, 0x3C, 0xDF, 0xCF,
    0xE0, 0x00, 0xC4, 0x59, 0xDF, 0xBB, 0x77, 0x66, 0xED, 0xFF, 0xFF, 0xF3, 0xDE, 0x7B, 0x8F, 0x70,
    0xCE, 0x00, 0xFC, 0x6F, 0xE6, 0xE7, 0x6D, 0xB6, 0xDB, 0x6D, 0xB6, 0xDB, 0x6D, 0xB6, 0xDB, 0x6D,
    0xFE, 0xDF, 0xC0, 0x00, 0x00, 0xC1, 0xF8, 0x3E, 0x3B, 0x1F, 0xC7, 0x73, 0x8C, 0xE3, 0x1C, 0xC7,
    0xF0, 0xFC, 0x00, 0x0F, 0xC3, 0xE0, 0x0E, 0x0F, 0x8F, 0xCE, 0x0F, 0xE7, 0xE3, 0xF1, 0xF8, 0x70,
    0x1F, 0x87, 0xC0, 0x00, 0x63, 0x33, 0x99, 0x8D, 0xC7, 0xC7, 0xFB, 0xFC, 0xDC, 0x6E, 0x33, 0x99,
    0xC0, 0xFF, 0x7F, 0xBF, 0xC3, 0xC1, 0xE1, 0xE1, 0xF8, 0x38, 0x3C, 0x3E, 0x07, 0x00, 0x7C, 0x01,
    0xFC, 0x01, 0xBC, 0x01, 0x9C, 0x07, 0x38, 0x0E, 0x70, 0x1C, 0xEF, 0x31, 0xBE, 0x67, 0xEF, 0xFD,
    0xDB, 0xF3, 0xF0, 0x06, 0x00, 0x0C, 0x00, 0x38, 0x00, 0x20, 0x00, 0x0E, 0x0F, 0x86, 0xC7, 0x61,
    0xB0, 0xF8, 0x38, 0x5C, 0x7E, 0x3F, 0xB5, 0xC0, 0x60, 0x70, 0x78, 0x38, 0x78, 0x3F, 0x1F, 0xDF,
    0xE7, 0x77, 0xF9, 0xF8, 0xFC, 0x70, 0x30, 0x18, 0x00, 0x00, 0x03, 0xC3, 0xF8, 0xFE, 0x76, 0x1D,
    0x86, 0x7D, 0x9F, 0x77, 0xDD, 0xF3, 0xFC, 0x7E, 0x06, 0x00, 0x00, 0x0C, 0x07, 0x81, 0xE0, 0xF8,
    0xFF, 0xBF, 0xEF, 0xFB, 0xFE, 0x63, 0xB8, 0x6E, 0x1C, 0x3C, 0x3F, 0x1F, 0xC0, 0xEF, 0xF3, 0xFB,
    0xFD, 0xFE, 0x60, 0x3F, 0x8F, 0xC0, 0x00, 0x00, 0x07, 0x8F, 0xEF, 0xF7, 0x63, 0xB1, 0x98, 0xCC,
    0x76, 0x3B, 0x0F, 0xE3, 0xF0, 0x60, 0x00, 0x32, 0x1D, 0xCF, 0xFF, 0xFF, 0x77, 0x1D, 0xC7, 0x71,
    0xDC, 0x77, 0xDC, 0xF0, 0x00, 0x07, 0x81, 0xF8, 0x7F, 0x0E, 0x01, 0xE0, 0x1F, 0x01, 0xF2, 0x9E,
    0xFF, 0xDD, 0x79, 0xFE, 0x37, 0x80, 0x00, 0xFF, 0x7F, 0xBF, 0xDF, 0xEF, 0xF3, 0xF8, 0x70, 0x38,
    0x1C, 0x0E, 0x07, 0x00, 0x7E, 0x7F, 0x1C, 0x7F, 0x1C, 0x7C, 0x70, 0x70, 0x38, 0x38, 0x1C, 0x20,
    0x70, 0x7C, 0xF8, 0xFC, 0xF8, 0xF3, 0x73, 0x77, 0x7E, 0x7C, 0x00, 0x60, 0x0F, 0x00, 0xD8, 0x0F,
    0xFE, 0x7F, 0xF1, 0xA3, 0x1F, 0xF1, 0xBE, 0x38, 0x00, 0xFC, 0x07, 0xC0, 0x00, 0x02, 0x00, 0x70,
    0x07, 0x00, 0xF8, 0x3F, 0xE7, 0xFF, 0x67, 0x76, 0x73, 0x66, 0x3E, 0x03, 0xE0, 0x30, 0x7C, 0x3F,
    0x9F, 0xEE, 0x77, 0x3F, 0xFB, 0xF8, 0xE0, 0xFC, 0x7E, 0x1C, 0x00, 0x00, 0x01, 0xE0, 0xFE, 0x3F,
    0xE7, 0xFE, 0xDF, 0xDB, 0xFB, 0x00, 0x70, 0x07, 0x01, 0xFF, 0x3F, 0xE0, 0x29, 0xF3, 0xF7, 0xFE,
    0xFF, 0xFF, 0x7F, 0xEF, 0xDF, 0xFF, 0xE3, 0x85, 0x00, 0x00, 0x3E, 0x7E, 0x60, 0xE0, 0xE0, 0x60,
    0x7E, 0x3E, 0x00, 0x7E, 0x7E, 0xFF, 0x7F, 0x00, 0x03, 0xDF, 0x7D, 0xF7, 0x1C, 0xFF, 0xEF, 0xFE,
    0x71, 0xC7, 0x1C, 0x71, 0xC7, 0x1C, 0x71, 0xC7, 0x1C, 0x00, 0x1F, 0xDF, 0x6E, 0x0F, 0xFF, 0xFD,
    0xCE, 0xE7, 0x73, 0xB9, 0xDC, 0xEE, 0x70, 0x00, 0x1F, 0xDF, 0xEE, 0x7F, 0xFF, 0xFD, 0xCE, 0xE7,
    0x73, 0xB9, 0xDC, 0xEE, 0x70, 0x00, 0x00, 0x7B, 0xFD, 0xF7, 0xFB, 0x8E, 0x0F, 0xFE, 0xFF, 0xFD,
    0xDC, 0x73, 0xB8, 0xE7, 0x71, 0xCE, 0xE3, 0x9D, 0xC7, 0x3B, 0x8E, 0x70, 0x00, 0x00, 0x79, 0xFD,
    0xF7, 0xFB, 0x8E, 0x7F, 0xFE, 0xFF, 0xFD, 0xDC, 0x73, 0xB8, 0xE7, 0x71, 0xCE, 0xE3, 0x9D, 0xC7,
    0x3B, 0x8E, 0x70, 0x00, 0x1F, 0x8F, 0xF3, 0x9C, 0xEF, 0xFB, 0xFE, 0x73, 0x9C, 0xE7, 0x39, 0xCE,
    0x7F, 0x8F, 0x00, 0x00, 0x00, 0x00, 0x1F, 0x00, 0xFE, 0x03, 0x38, 0x7E, 0xF9, 0xF7, 0xEF, 0x0E,
    0x1F, 0x38, 0x3E, 0xE0, 0x3B, 0x8F, 0xEF, 0x9F, 0x1E, 0x00, 0x00, 0x00, 0x00, 0x0C, 0x00, 0x78,
    0x03, 0xF0, 0x18, 0x60, 0xFD, 0xC7, 0xF7, 0x9F, 0x9F, 0x7E, 0xF8, 0xFF, 0xC1, 0xFE, 0x03, 0x30,
    0x07, 0x80, 0x0C, 0x00, 0x00, 0x00,
};

static const EpdGlyph sans7_boldGlyphs[] = {
    { 0, 0, 0, 0, 0, 0, 0 }, // U+0000
    { 0, 0, 61, 0, 0, 0, 0 }, // U+000D
    { 0, 0, 61, 0, 0, 0, 0 }, // U+0020
    { 4, 12, 66, 0, 11, 6, 0 }, // !
    { 7, 5, 112, 0, 11, 5, 6 }, // "
    { 10, 11, 151, 0, 11, 14, 11 }, // #
    { 8, 13, 133, 0, 12, 13, 25 }, // $
    { 13, 12, 210, 0, 11, 20, 38 }, // %
    { 11, 12, 175, 0, 11, 17, 58 }, // &
    { 3, 5, 62, 0, 11, 2, 75 }, // '
    { 5, 14, 79, 0, 11, 9, 77 }, // (
    { 5, 14, 79, 0, 11, 9, 86 }, // )
    { 8, 8, 126, 0, 12, 8, 95 }, // *
    { 8, 8, 133, 0, 9, 8, 103 }, // +
    { 4, 4, 66, 0, 2, 2, 111 }, // ,
    { 5, 2, 75, 0, 5, 2, 113 }, // -
    { 4, 4, 66, 0, 3, 2, 115 }, // .
    { 6, 12, 97, 0, 11, 9, 117 }, // /
    { 9, 12, 141, 0, 11, 14, 126 }, // 0
    { 6, 11, 121, 0, 11, 9, 140 }, // 1
    { 8, 11, 130, 0, 11, 11, 149 }, // 2
    { 8, 12, 133, 0, 11, 12, 160 }, // 3
    { 9, 11, 136, 0, 11, 13, 172 }, // 4
    { 8, 12, 135, 0, 11, 12, 185 }, // 5
    { 9, 12, 140, 0, 11, 14, 197 }, // 6
    { 8, 11, 125, 0, 11, 11, 211 }, // 7
    { 8, 12, 139, 0, 11, 12, 222 }, // 8
    { 8, 12, 140, 0, 11, 12, 234 }, // 9
    { 4, 10, 66, 0, 9, 5, 246 }, // :
    { 4, 11, 66, 0, 9, 6, 251 }, // ;
    { 8, 9, 133, 0, 10, 9, 257 }, // <
    { 8, 6, 133, 0, 8, 6, 266 }, // =
    { 8, 9, 133, 0, 10, 9, 272 }, // >
    { 7, 12, 111, 0, 11, 11, 281 }, // ?
    { 13, 13, 209, 0, 11, 22, 292 }, // @
    { 11, 11, 161, 0, 11, 16, 314 }, // A
    { 8, 11, 155, 1, 11, 11, 330 }, // B
    { 9, 12, 150, 0, 11, 14, 341 }, // C
    { 9, 11, 171, 1, 11, 13, 355 }, // D
    { 7, 11, 131, 1, 11, 10, 368 }, // E
    { 7, 11, 128, 1, 11, 10, 378 }, // F
    { 10, 12, 169, 0, 11, 15, 388 }, // G
    { 9, 11, 178, 1, 11, 13, 403 }, // H
    { 6, 11, 91, 0, 11, 9, 416 }, // I
    { 6, 15, 77, -2, 11, 12, 425 }, // J
    { 9, 11, 155, 1, 11, 13, 437 }, // K
    { 7, 11, 130, 1, 11, 10, 450 }, // L
    { 12, 11, 220, 1, 11, 17, 460 }, // M
    { 10, 11, 190, 1, 11, 14, 477 }, // N
    { 11, 12, 185, 0, 11, 17, 491 }, // O
    { 8, 11, 145, 1, 11, 11, 508 }, // P
    { 11, 14, 185, 0, 11, 20, 519 }, // Q
    { 9, 11, 153, 1, 11, 13, 539 }, // R
    { 8, 12, 129, 0, 11, 12, 552 }, // S
    { 9, 11, 135, 0, 11, 13, 564 }, // T
    { 9, 12, 176, 1, 11, 14, 577 }, // U
    { 10, 11, 152, 0, 11, 14, 591 }, // V
    { 15, 11, 226, 0, 11, 21, 605 }, // W
    { 10, 11, 156, 0, 11, 14, 626 }, // X
    { 10, 11, 146, 0, 11, 14, 640 }, // Y
    { 9, 11, 135, 0, 11, 13, 654 }, // Z
    { 4, 14, 77, 1, 11, 7, 667 }, // [
    { 6, 12, 97, 0, 11, 9, 674 }, // <backslash>
    { 4, 14, 77, 0, 11, 7, 683 }, // ]
    { 8, 8, 133, 0, 11, 8, 690 }, // ^
    { 8, 2, 96, -1, -1, 2, 698 }, // _
    { 5, 4, 85, 0, 12, 3, 700 }, // `
    { 8, 10, 140, 0, 9, 10, 703 }, // a
    { 8, 13, 147, 1, 12, 13, 713 }, // b
    { 8, 10, 120, 0, 9, 10, 726 }, // c
    { 9, 13, 147, 0, 12, 15, 736 }, // d
    { 9, 10, 139, 0, 9, 12, 751 }, // e
    { 7, 12, 90, 0, 12, 11, 763 }, // f
    { 9, 13, 147, 0, 9, 15, 774 }, // g
    { 8, 12, 152, 1, 12, 12, 789 }, // h
    { 4, 12, 70, 0, 12, 6, 801 }, // i
    { 5, 16, 70, -1, 12, 10, 807 }, // j
    { 9, 12, 145, 1, 12, 14, 817 }, // k
    { 3, 12, 70, 1, 12, 5, 831 }, // l
    { 13, 9, 227, 1, 9, 15, 836 }, // m
    { 8, 9, 152, 1, 9, 9, 851 }, // n
    { 9, 10, 146, 0, 9, 12, 860 }, // o
    { 8, 13, 147, 1, 9, 13, 872 }, // p
    { 9, 13, 147, 0, 9, 15, 885 }, // q
    { 6, 9, 104, 1, 9, 7, 900 }, // r
    { 7, 10, 117, 0, 9, 9, 907 }, // s
    { 6, 11, 101, 0, 10, 9, 916 }, // t
    { 8, 9, 152, 1, 8, 9, 925 }, // u
    { 9, 8, 133, 0, 8, 9, 934 }, // v
    { 13, 8, 200, 0, 8, 13, 943 }, // w
    { 9, 8, 135, 0, 8, 9, 956 }, // x
    { 9, 12, 133, 0, 8, 14, 965 }, // y
    { 7, 8, 115, 0, 8, 7, 979 }, // z
    { 6, 14, 92, 0, 11, 11, 986 }, // {
    { 2, 16, 129, 3, 12, 4, 997 }, // |
    { 6, 14, 92, 0, 11, 11, 1001 }, // }
    { 8, 4, 133, 0, 7, 4, 1012 }, // ~
    { 0, 0, 61, 0, 0, 0, 1016 }, // U+00A0
    { 4, 11, 67, 0, 8, 6, 1016 }, // U+00A1
    { 7, 12, 133, 1, 11, 11, 1022 }, // U+00A2
    { 9, 11, 133, 0, 11, 13, 1033 }, // U+00A3
    { 8, 8, 132, 0, 9, 8, 1046 }, // U+00A4
    { 9, 11, 133, 0, 11, 13, 1054 }, // U+00A5
    { 2, 16, 129, 3, 12, 4, 1067 }, // U+00A6
    { 7, 13, 113, 0, 12, 12, 1071 }, // U+00A7
    { 6, 2, 138, 1, 11, 2, 1083 }, // U+00A8
    { 12, 12, 194, 0, 11, 18, 1085 }, // U+00A9
    { 5, 6, 89, 0, 11, 4, 1103 }, // U+00AA
    { 9, 8, 143, 0, 8, 9, 1107 }, // U+00AB
    { 8, 5, 133, 0, 6, 5, 1116 }, // U+00AC
    { 5, 2, 75, 0, 5, 2, 1121 }, // U+00AD
    { 12, 12, 194, 0, 11, 18, 1123 }, // U+00AE
    { 9, 2, 117, -1, 13, 3, 1141 }, // U+00AF
    { 6, 6, 99, 0, 11, 5, 1144 }, // U+00B0
    { 8, 10, 133, 0, 10, 10, 1149 }, // U+00B1
    { 5, 7, 88, 0, 13, 5, 1159 }, // U+00B2
    { 6, 8, 89, 0, 13, 6, 1164 }, // U+00B3
    { 5, 4, 85, 0, 12, 3, 1170 }, // U+00B4
    { 8, 12, 152, 1, 8, 12, 1173 }, // U+00B5
    { 9, 14, 151, 0, 12, 16, 1185 }, // U+00B6
    { 4, 4, 66, 0, 7, 2, 1201 }, // U+00B7
    { 4, 4, 61, 0, 0, 2, 1203 }, // U+00B8
    { 5, 7, 89, 0, 13, 5, 1205 }, // U+00B9
    { 6, 6, 90, 0, 11, 5, 1210 }, // U+00BA
    { 9, 8, 143, 0, 8, 9, 1215 }, // U+00BB
    { 12, 11, 194, 0, 11, 17, 1224 }, // U+00BC
    { 13, 11, 204, 0, 11, 18, 1241 }, // U+00BD
    { 13, 11, 197, 0, 11, 18, 1259 }, // U+00BE
    { 7, 12, 111, 0, 9, 11, 1277 }, // U+00BF
    { 11, 14, 161, 0, 14, 20, 1288 }, // U+00C0
    { 11, 14, 161, 0, 14, 20, 1308 }, // U+00C1
    { 11, 14, 161, 0, 14, 20, 1328 }, // U+00C2
    { 11, 14, 161, 0, 14, 20, 1348 }, // U+00C3
    { 11, 13, 161, 0, 13, 18, 1368 }, // U+00C4
    { 11, 14, 161, 0, 14, 20, 1386 }, // U+00C5
    { 14, 11, 222, 0, 11, 20, 1406 }, // U+00C6
    { 9, 15, 150, 0, 11, 17, 1426 }, // U+00C7
    { 7, 14, 131, 1, 14, 13, 1443 }, // U+00C8
    { 7, 14, 131, 1, 14, 13, 1456 }, // U+00C9
    { 7, 14, 131, 1, 14, 13, 1469 }, // U+00CA
    { 7, 13, 131, 1, 13, 12, 1482 }, // U+00CB
    { 6, 14, 91, 0, 14, 11, 1494 }, // U+00CC
    { 6, 14, 91, 0, 14, 11, 1505 }, // U+00CD
    { 7, 14, 91, -1, 14, 13, 1516 }, // U+00CE
    { 6, 13, 91, 0, 13, 10, 1529 }, // U+00CF
    { 10, 11, 171, 0, 11, 14, 1539 }, // U+00D0
    { 10, 14, 188, 1, 14, 18, 1553 }, // U+00D1
    { 11, 15, 185, 0, 14, 21, 1571 }, // U+00D2
    { 11, 15, 185, 0, 14, 21, 1592 }, // U+00D3
    { 11, 15, 185, 0, 14, 21, 1613 }, // U+00D4
    { 11, 15, 185, 0, 14, 21, 1634 }, // U+00D5
    { 11, 14, 185, 0, 13, 20, 1655 }, // U+00D6
    { 8, 8, 133, 0, 9, 8, 1675 }, // U+00D7
    { 11, 12, 185, 0, 11, 17, 1683 }, // U+00D8
    { 9, 15, 176, 1, 14, 17, 1700 }, // U+00D9
    { 9, 15, 176, 1, 14, 17, 1717 }, // U+00DA
    { 9, 15, 176, 1, 14, 17, 1734 }, // U+00DB
    { 9, 14, 176, 1, 13, 16, 1751 }, // U+00DC
    { 10, 14, 146, 0, 14, 18, 1767 }, // U+00DD
    { 8, 11, 146, 1, 11, 11, 1785 }, // U+00DE
    { 9, 13, 164, 1, 12, 15, 1796 }, // U+00DF
    { 8, 13, 140, 0, 12, 13, 1811 }, // U+00E0
    { 8, 13, 140, 0, 12, 13, 1824 }, // U+00E1
    { 8, 13, 140, 0, 12, 13, 1837 }, // U+00E2
    { 8, 13, 140, 0, 12, 13, 1850 }, // U+00E3
    { 8, 12, 140, 0, 11, 12, 1863 }, // U+00E4
    { 8, 14, 140, 0, 13, 14, 1875 }, // U+00E5
    { 13, 10, 214, 0, 9, 17, 1889 }, // U+00E6
    { 8, 13, 120, 0, 9, 13, 1906 }, // U+00E7
    { 9, 13, 139, 0, 12, 15, 1919 }, // U+00E8
    { 9, 13, 139, 0, 12, 15, 1934 }, // U+00E9
    { 9, 13, 139, 0, 12, 15, 1949 }, // U+00EA
    { 9, 12, 139, 0, 11, 14, 1964 }, // U+00EB
    { 6, 12, 70, -1, 12, 9, 1978 }, // U+00EC
    { 5, 12, 70, 1, 12, 8, 1987 }, // U+00ED
    { 7, 12, 70, -1, 12, 11, 1995 }, // U+00EE
    { 6, 11, 70, -1, 11, 9, 2006 }, // U+00EF
    { 9, 13, 146, 0, 12, 15, 2015 }, // U+00F0
    { 8, 12, 152, 1, 12, 12, 2030 }, // U+00F1
    { 9, 13, 146, 0, 12, 15, 2042 }, // U+00F2
    { 9, 13, 146, 0, 12, 15, 2057 }, // U+00F3
    { 9, 13, 146, 0, 12, 15, 2072 }, // U+00F4
    { 9, 13, 146, 0, 12, 15, 2087 }, // U+00F5
    { 9, 12, 146, 0, 11, 14, 2102 }, // U+00F6
    { 8, 8, 133, 0, 9, 8, 2116 }, // U+00F7
    { 9, 10, 144, 0, 9, 12, 2124 }, // U+00F8
    { 8, 13, 152, 1, 12, 13, 2136 }, // U+00F9
    { 8, 13, 152, 1, 12, 13, 2149 }, // U+00FA
    { 8, 13, 152, 1, 12, 13, 2162 }, // U+00FB
    { 8, 12, 152, 1, 11, 12, 2175 }, // U+00FC
    { 9, 16, 133, 0, 12, 18, 2187 }, // U+00FD
    { 8, 16, 147, 1, 12, 16, 2205 }, // U+00FE
    { 9, 15, 133, 0, 11, 17, 2221 }, // U+00FF
    { 11, 13, 161, 0, 13, 18, 2238 }, // U+0100
    { 8, 12, 140, 0, 11, 12, 2256 }, // U+0101
    { 11, 14, 161, 0, 14, 20, 2268 }, // U+0102
    { 8, 13, 140, 0, 12, 13, 2288 }, // U+0103
    { 11, 15, 161, 0, 11, 21, 2301 }, // U+0104
    { 8, 13, 140, 0, 9, 13, 2322 }, // U+0105
    { 9, 15, 150, 0, 14, 17, 2335 }, // U+0106
    { 8, 13, 120, 0, 12, 13, 2352 }, // U+0107
    { 9, 15, 150, 0, 14, 17, 2365 }, // U+0108
    { 8, 13, 120, 0, 12, 13, 2382 }, // U+0109
    { 9, 15, 150, 0, 14, 17, 2395 }, // U+010A
    { 8, 13, 120, 0, 12, 13, 2412 }, // U+010B
    { 9, 15, 150, 0, 14, 17, 2425 }, // U+010C
    { 8, 13, 120, 0, 12, 13, 2442 }, // U+010D
    { 9, 14, 171, 1, 14, 16, 2455 }, // U+010E
    { 12, 13, 147, 0, 12, 20, 2471 }, // U+010F
    { 10, 11, 171, 0, 11, 14, 2491 }, // U+0110
    { 10, 13, 150, 0, 12, 17, 2505 }, // U+0111
    { 7, 13, 131, 1, 13, 12, 2522 }, // U+0112
    { 9, 12, 139, 0, 11, 14, 2534 }, // U+0113
    { 7, 14, 131, 1, 14, 13, 2548 }, // U+0114
    { 9, 13, 139, 0, 12, 15, 2561 }, // U+0115
    { 7, 14, 131, 1, 14, 13, 2576 }, // U+0116
    { 9, 13, 139, 0, 12, 15, 2589 }, // U+0117
    { 7, 15, 131, 1, 11, 14, 2604 }, // U+0118
    { 9, 13, 138, 0, 9, 15, 2618 }, // U+0119
    { 7, 14, 131, 1, 14, 13, 2633 }, // U+011A
    { 9, 13, 139, 0, 12, 15, 2646 }, // U+011B
    { 10, 15, 169, 0, 14, 19, 2661 }, // U+011C
    { 9, 16, 147, 0, 12, 18, 2680 }, // U+011D
    { 10, 15, 169, 0, 14, 19, 2698 }, // U+011E
    { 9, 16, 147, 0, 12, 18, 2717 }, // U+011F
    { 10, 15, 169, 0, 14, 19, 2735 }, // U+0120
    { 9, 16, 147, 0, 12, 18, 2754 }, // U+0121
    { 10, 15, 169, 0, 11, 19, 2772 }, // U+0122
    { 9, 16, 147, 0, 12, 18, 2791 }, // U+0123
    { 9, 14, 178, 1, 14, 16, 2809 }, // U+0124
    { 10, 15, 152, -1, 15, 19, 2825 }, // U+0125
    { 12, 11, 179, 0, 11, 17, 2844 }, // U+0126
    { 9, 12, 153, 0, 12, 14, 2861 }, // U+0127
    { 7, 14, 91, -1, 14, 13, 2875 }, // U+0128
    { 7, 12, 70, -1, 12, 11, 2888 }, // U+0129
    { 6, 13, 91, 0, 13, 10, 2899 }, // U+012A
    { 6, 11, 70, -1, 11, 9, 2909 }, // U+012B
    { 6, 14, 91, 0, 14, 11, 2918 }, // U+012C
    { 7, 12, 70, -1, 12, 11, 2929 }, // U+012D
    { 6, 15, 91, 0, 11, 12, 2940 }, // U+012E
    { 4, 16, 70, 0, 12, 8, 2952 }, // U+012F
    { 6, 14, 91, 0, 14, 11, 2960 }, // U+0130
    { 3, 8, 70, 1, 8, 3, 2971 }, // U+0131
    { 10, 15, 168, 0, 11, 19, 2974 }, // U+0132
    { 8, 16, 142, 0, 12, 16, 2993 }, // U+0133
    { 8, 18, 77, -2, 14, 18, 3009 }, // U+0134
    { 7, 16, 70, -1, 12, 14, 3027 }, // U+0135
    { 9, 15, 154, 1, 11, 17, 3041 }, // U+0136
    { 9, 16, 145, 1, 12, 18, 3058 }, // U+0137
    { 9, 8, 145, 1, 8, 9, 3076 }, // U+0138
    { 7, 14, 130, 1, 14, 13, 3085 }, // U+0139
    { 6, 15, 70, 0, 15, 12, 3098 }, // U+013A
    { 7, 15, 130, 1, 11, 14, 3110 }, // U+013B
    { 4, 16, 70, 0, 12, 8, 3124 }, // U+013C
    { 8, 11, 130, 1, 11, 11, 3132 }, // U+013D
    { 6, 12, 70, 1, 12, 9, 3143 }, // U+013E
    { 7, 11, 130, 1, 11, 10, 3152 }, // U+013F
    { 6, 12, 86, 1, 12, 9, 3162 }, // U+0140
    { 8, 11, 132, 0, 11, 11, 3171 }, // U+0141
    { 6, 12, 71, -1, 12, 9, 3182 }, // U+0142
    { 10, 14, 188, 1, 14, 18, 3191 }, // U+0143
    { 8, 12, 152, 1, 12, 12, 3209 }, // U+0144
    { 10, 15, 188, 1, 11, 19, 3221 }, // U+0145
    { 8, 13, 152, 1, 9, 13, 3240 }, // U+0146
    { 10, 14, 188, 1, 14, 18, 3253 }, // U+0147
    { 8, 12, 152, 1, 12, 12, 3271 }, // U+0148
    { 12, 11, 181, -1, 11, 17, 3283 }, // U+0149
    { 10, 15, 190, 1, 11, 19, 3300 }, // U+014A
    { 8, 13, 152, 1, 9, 13, 3319 }, // U+014B
    { 11, 14, 185, 0, 13, 20, 3332 }, // U+014C
    { 9, 12, 146, 0, 11, 14, 3352 }, // U+014D
    { 11, 15, 185, 0, 14, 21, 3366 }, // U+014E
    { 9, 13, 146, 0, 12, 15, 3387 }, // U+014F
    { 11, 15, 185, 0, 14, 21, 3402 }, // U+0150
    { 9, 13, 146, 0, 12, 15, 3423 }, // U+0151
    { 14, 12, 227, 0, 11, 21, 3438 }, // U+0152
    { 14, 10, 228, 0, 9, 18, 3459 }, // U+0153
    { 9, 14, 153, 1, 14, 16, 3477 }, // U+0154
    { 6, 12, 104, 1, 12, 9, 3493 }, // U+0155
    { 9, 15, 153, 1, 11, 17, 3502 }, // U+0156
    { 7, 13, 104, 0, 9, 12, 3519 }, // U+0157
    { 9, 14, 153, 1, 14, 16, 3531 }, // U+0158
    { 7, 12, 104, 0, 12, 11, 3547 }, // U+0159
    { 8, 15, 129, 0, 14, 15, 3558 }, // U+015A
    { 7, 13, 117, 0, 12, 12, 3573 }, // U+015B
    { 8, 15, 129, 0, 14, 15, 3585 }, // U+015C
    { 7, 13, 117, 0, 12, 12, 3600 }, // U+015D
    { 8, 15, 129, 0, 11, 15, 3612 }, // U+015E
    { 7, 13, 117, 0, 9, 12, 3627 }, // U+015F
    { 8, 15, 129, 0, 14, 15, 3639 }, // U+0160
    { 7, 13, 117, 0, 12, 12, 3654 }, // U+0161
    { 9, 15, 135, 0, 11, 17, 3666 }, // U+0162
    { 6, 14, 101, 0, 10, 11, 3683 }, // U+0163
    { 9, 14, 135, 0, 14, 16, 3694 }, // U+0164
    { 9, 13, 101, 0, 12, 15, 3710 }, // U+0165
    { 9, 11, 135, 0, 11, 13, 3725 }, // U+0166
    { 6, 11, 101, 0, 10, 9, 3738 }, // U+0167
    { 9, 15, 176, 1, 14, 17, 3747 }, // U+0168
    { 8, 13, 152, 1, 12, 13, 3764 }, // U+0169
    { 9, 14, 176, 1, 13, 16, 3777 }, // U+016A
    { 8, 12, 152, 1, 11, 12, 3793 }, // U+016B
    { 9, 15, 176, 1, 14, 17, 3805 }, // U+016C
    { 8, 13, 152, 1, 12, 13, 3822 }, // U+016D
    { 9, 16, 176, 1, 15, 18, 3835 }, // U+016E
    { 8, 14, 152, 1, 13, 14, 3853 }, // U+016F
    { 9, 15, 176, 1, 14, 17, 3867 }, // U+0170
    { 8, 13, 152, 1, 12, 13, 3884 }, // U+0171
    { 9, 15, 176, 1, 11, 17, 3897 }, // U+0172
    { 8, 12, 152, 1, 8, 12, 3914 }, // U+0173
    { 15, 14, 226, 0, 14, 27, 3926 }, // U+0174
    { 13, 12, 201, 0, 12, 20, 3953 }, // U+0175
    { 10, 14, 146, 0, 14, 18, 3973 }, // U+0176
    { 9, 16, 133, 0, 12, 18, 3991 }, // U+0177
    { 10, 13, 146, 0, 13, 17, 4009 }, // U+0178
    { 9, 14, 135, 0, 14, 16, 4026 }, // U+0179
    { 7, 12, 115, 0, 12, 11, 4042 }, // U+017A
    { 9, 14, 135, 0, 14, 16, 4053 }, // U+017B
    { 7, 12, 115, 0, 12, 11, 4069 }, // U+017C
    { 9, 14, 135, 0, 14, 16, 4080 }, // U+017D
    { 7, 12, 115, 0, 12, 11, 4096 }, // U+017E
    { 5, 12, 89, 1, 12, 8, 4107 }, // U+017F
    { 13, 13, 191, 0, 12, 22, 4115 }, // U+01A0
    { 11, 11, 159, 0, 10, 16, 4137 }, // U+01A1
    { 13, 13, 206, 1, 12, 22, 4153 }, // U+01AF
    { 11, 11, 177, 1, 10, 16, 4175 }, // U+01B0
    { 18, 14, 305, 1, 14, 32, 4191 }, // U+01C4
    { 17, 12, 286, 1, 12, 26, 4223 }, // U+01C5
    { 17, 13, 262, 0, 12, 28, 4249 }, // U+01C6
    { 11, 15, 209, 1, 11, 21, 4277 }, // U+01C7
    { 11, 16, 203, 1, 12, 22, 4298 }, // U+01C8
    { 7, 16, 142, 1, 12, 14, 4320 }, // U+01C9
    { 15, 15, 267, 1, 11, 29, 4334 }, // U+01CA
    { 15, 16, 261, 1, 12, 30, 4363 }, // U+01CB
    { 12, 16, 224, 1, 12, 24, 4393 }, // U+01CC
    { 11, 14, 161, 0, 14, 20, 4417 }, // U+01CD
    { 8, 13, 140, 0, 12, 13, 4437 }, // U+01CE
    { 7, 14, 91, -1, 14, 13, 4450 }, // U+01CF
    { 7, 12, 70, -1, 12, 11, 4463 }, // U+01D0
    { 11, 15, 185, 0, 14, 21, 4474 }, // U+01D1
    { 9, 13, 146, 0, 12, 15, 4495 }, // U+01D2
    { 9, 15, 176, 1, 14, 17, 4510 }, // U+01D3
    { 8, 13, 152, 1, 12, 13, 4527 }, // U+01D4
    { 9, 16, 176, 1, 15, 18, 4540 }, // U+01D5
    { 8, 14, 152, 1, 13, 14, 4558 }, // U+01D6
    { 9, 17, 176, 1, 16, 20, 4572 }, // U+01D7
    { 8, 14, 152, 1, 13, 14, 4592 }, // U+01D8
    { 9, 17, 176, 1, 16, 20, 4606 }, // U+01D9
    { 8, 14, 152, 1, 13, 14, 4626 }, // U+01DA
    { 9, 17, 176, 1, 16, 20, 4640 }, // U+01DB
    { 8, 14, 152, 1, 13, 14, 4660 }, // U+01DC
    { 9, 10, 139, 0, 9, 12, 4674 }, // U+01DD
    { 11, 15, 161, 0, 15, 21, 4686 }, // U+01DE
    { 8, 14, 140, 0, 13, 14, 4707 }, // U+01DF
    { 11, 15, 161, 0, 15, 21, 4721 }, // U+01E0
    { 8, 14, 140, 0, 13, 14, 4742 }, // U+01E1
    { 14, 13, 222, 0, 13, 23, 4756 }, // U+01E2
    { 13, 12, 214, 0, 11, 20, 4779 }, // U+01E3
    { 11, 12, 169, 0, 11, 17, 4799 }, // U+01E4
    { 9, 13, 148, 0, 9, 15, 4816 }, // U+01E5
    { 10, 15, 169, 0, 14, 19, 4831 }, // U+01E6
    { 9, 16, 147, 0, 12, 18, 4850 }, // U+01E7
    { 9, 14, 154, 1, 14, 16, 4868 }, // U+01E8
    { 11, 15, 145, -1, 15, 21, 4884 }, // U+01E9
    { 11, 15, 185, 0, 11, 21, 4905 }, // U+01EA
    { 9, 13, 146, 0, 9, 15, 4926 }, // U+01EB
    { 11, 17, 185, 0, 13, 24, 4941 }, // U+01EC
    { 9, 15, 146, 0, 11, 17, 4965 }, // U+01ED
    { 9, 15, 138, 0, 14, 17, 4982 }, // U+01EE
    { 8, 16, 136, 0, 12, 16, 4999 }, // U+01EF
    { 7, 16, 70, -1, 12, 14, 5015 }, // U+01F0
    { 18, 11, 305, 1, 11, 25, 5029 }, // U+01F1
    { 17, 11, 286, 1, 11, 24, 5054 }, // U+01F2
    { 16, 13, 262, 0, 12, 26, 5078 }, // U+01F3
    { 10, 15, 169, 0, 14, 19, 5104 }, // U+01F4
    { 9, 16, 147, 0, 12, 18, 5123 }, // U+01F5
    { 14, 12, 244, 1, 11, 21, 5141 }, // U+01F6
    { 9, 15, 158, 1, 11, 17, 5162 }, // U+01F7
    { 10, 14, 188, 1, 14, 18, 5179 }, // U+01F8
    { 8, 12, 152, 1, 12, 12, 5197 }, // U+01F9
    { 11, 14, 161, 0, 14, 20, 5209 }, // U+01FA
    { 8, 16, 140, 0, 15, 16, 5229 }, // U+01FB
    { 14, 14, 222, 0, 14, 25, 5245 }, // U+01FC
    { 13, 13, 214, 0, 12, 22, 5270 }, // U+01FD
    { 11, 15, 185, 0, 14, 21, 5292 }, // U+01FE
    { 9, 13, 144, 0, 12, 15, 5313 }, // U+01FF
    { 11, 14, 161, 0, 14, 20, 5328 }, // U+0200
    { 8, 13, 140, 0, 12, 13, 5348 }, // U+0201
    { 11, 14, 161, 0, 14, 20, 5361 }, // U+0202
    { 8, 13, 140, 0, 12, 13, 5381 }, // U+0203
    { 8, 14, 131, 0, 14, 14, 5394 }, // U+0204
    { 9, 13, 139, 0, 12, 15, 5408 }, // U+0205
    { 7, 14, 131, 1, 14, 13, 5423 }, // U+0206
    { 9, 13, 139, 0, 12, 15, 5436 }, // U+0207
    { 8, 14, 91, -2, 14, 14, 5451 }, // U+0208
    { 7, 12, 70, -2, 12, 11, 5465 }, // U+0209
    { 6, 14, 91, 0, 14, 11, 5476 }, // U+020A
    { 6, 12, 70, -1, 12, 9, 5487 }, // U+020B
    { 11, 15, 185, 0, 14, 21, 5496 }, // U+020C
    { 9, 13, 146, 0, 12, 15, 5517 }, // U+020D
    { 11, 15, 185, 0, 14, 21, 5532 }, // U+020E
    { 9, 13, 146, 0, 12, 15, 5553 }, // U+020F
    { 10, 14, 153, 0, 14, 18, 5568 }, // U+0210
    { 8, 12, 104, -1, 12, 12, 5586 }, // U+0211
    { 9, 14, 153, 1, 14, 16, 5598 }, // U+0212
    { 7, 12, 104, 0, 12, 11, 5614 }, // U+0213
    { 9, 15, 176, 1, 14, 17, 5625 }, // U+0214
    { 9, 13, 152, 0, 12, 15, 5642 }, // U+0215
    { 9, 15, 176, 1, 14, 17, 5657 }, // U+0216
    { 8, 13, 152, 1, 12, 13, 5674 }, // U+0217
    { 8, 15, 129, 0, 11, 15, 5687 }, // U+0218
    { 7, 13, 117, 0, 9, 12, 5702 }, // U+0219
    { 9, 15, 135, 0, 11, 17, 5714 }, // U+021A
    { 6, 14, 101, 0, 10, 11, 5731 }, // U+021B
    { 9, 14, 147, 0, 11, 16, 5742 }, // U+021C
    { 7, 13, 118, 0, 9, 12, 5758 }, // U+021D
    { 9, 14, 178, 1, 14, 16, 5770 }, // U+021E
    { 10, 15, 152, -1, 15, 19, 5786 }, // U+021F
    { 5, 4, 0, -8, 12, 3, 5805 }, // U+0300
    { 5, 4, 0, -6, 12, 3, 5808 }, // U+0301
    { 6, 4, 0, -3, 12, 3, 5811 }, // U+0302
    { 6, 4, 0, -8, 12, 3, 5814 }, // U+0303
    { 6, 3, 0, -3, 11, 3, 5817 }, // U+0304
    { 8, 3, 0, -4, 13, 3, 5820 }, // U+0305
    { 6, 4, 0, -3, 12, 3, 5823 }, // U+0306
    { 4, 4, 0, -2, 12, 2, 5826 }, // U+0307
    { 6, 2, 0, -3, 11, 2, 5828 }, // U+0308
    { 5, 5, 0, -7, 13, 4, 5830 }, // U+0309
    { 4, 5, 0, -2, 13, 3, 5834 }, // U+030A
    { 8, 4, 0, -3, 12, 4, 5837 }, // U+030B
    { 7, 4, 0, -3, 12, 4, 5841 }, // U+030C
    { 2, 4, 0, -1, 12, 1, 5845 }, // U+030D
    { 4, 4, 0, -2, 12, 2, 5846 }, // U+030E
    { 7, 4, 0, -9, 12, 4, 5848 }, // U+030F
    { 6, 5, 0, -3, 13, 4, 5852 }, // U+0310
    { 6, 4, 0, -3, 12, 3, 5856 }, // U+0311
    { 4, 5, 0, -2, 11, 3, 5859 }, // U+0312
    { 4, 5, 0, -2, 11, 3, 5862 }, // U+0313
    { 4, 5, 0, -2, 11, 3, 5865 }, // U+0314
    { 4, 5, 0, -2, 11, 3, 5868 }, // U+0315
    { 5, 4, 0, -3, 0, 3, 5871 }, // U+0316
    { 6, 4, 0, -3, 0, 3, 5874 }, // U+0317
    { 4, 4, 0, -2, 0, 2, 5877 }, // U+0318
    { 4, 4, 0, -2, 0, 2, 5879 }, // U+0319
    { 4, 5, 70, 0, 12, 3, 5881 }, // U+031A
    { 5, 5, 0, -2, 12, 4, 5884 }, // U+031B
    { 2, 4, 0, -1, 0, 1, 5888 }, // U+031C
    { 4, 4, 0, -2, 0, 2, 5889 }, // U+031D
    { 4, 4, 0, -2, 0, 2, 5891 }, // U+031E
    { 4, 4, 0, -2, 0, 2, 5893 }, // U+031F
    { 4, 2, 0, -2, -1, 1, 5895 }, // U+0320
    { 4, 5, 0, -4, 1, 3, 5896 }, // U+0321
    { 4, 5, 0, 0, 1, 3, 5899 }, // U+0322
    { 4, 4, 0, -7, 0, 2, 5902 }, // U+0323
    { 6, 2, 0, -3, -1, 2, 5904 }, // U+0324
    { 4, 5, 0, -2, 1, 3, 5906 }, // U+0325
    { 4, 4, 0, -2, 0, 2, 5909 }, // U+0326
    { 4, 4, 0, -2, 0, 2, 5911 }, // U+0327
    { 4, 5, 0, -2, 1, 3, 5913 }, // U+0328
    { 2, 4, 0, -1, 0, 1, 5916 }, // U+0329
    { 6, 4, 0, -3, 0, 3, 5917 }, // U+032A
    { 6, 3, 0, -3, 0, 3, 5920 }, // U+032B
    { 7, 4, 0, -3, 0, 4, 5923 }, // U+032C
    { 6, 4, 0, -3, 0, 3, 5927 }, // U+032D
    { 6, 4, 0, -3, 0, 3, 5930 }, // U+032E
    { 6, 4, 0, -3, 0, 3, 5933 }, // U+032F
    { 6, 4, 0, -3, 0, 3, 5936 }, // U+0330
    { 6, 3, 0, -3, 0, 3, 5939 }, // U+0331
    { 8, 2, 0, -4, -1, 2, 5942 }, // U+0332
    { 7, 4, 0, -4, 0, 4, 5944 }, // U+0333
    { 7, 4, 0, -3, 6, 4, 5948 }, // U+0334
    { 8, 3, 0, -4, 6, 3, 5952 }, // U+0335
    { 12, 2, 0, -6, 5, 3, 5955 }, // U+0336
    { 6, 5, 0, -3, 7, 4, 5958 }, // U+0337
    { 8, 13, 0, -4, 12, 13, 5962 }, // U+0338
    { 2, 4, 0, -1, 0, 1, 5975 }, // U+0339
    { 6, 4, 0, -3, 0, 3, 5976 }, // U+033A
    { 6, 4, 0, -3, 0, 3, 5979 }, // U+033B
    { 6, 3, 0, -3, 0, 3, 5982 }, // U+033C
    { 4, 4, 0, -2, 12, 2, 5985 }, // U+033D
    { 2, 5, 0, -1, 13, 2, 5987 }, // U+033E
    { 7, 4, 0, -4, 14, 4, 5989 }, // U+033F
    { 5, 4, 0, -4, 12, 3, 5993 }, // U+0340
    { 5, 4, 0, -1, 12, 3, 5996 }, // U+0341
    { 7, 4, 0, -3, 12, 4, 5999 }, // U+0342
    { 4, 4, 0, -2, 12, 2, 6003 }, // U+0343
    { 9, 4, 0, -4, 12, 5, 6005 }, // U+0344
    { 4, 4, 0, -1, 0, 2, 6010 }, // U+0345
    { 8, 4, 0, -4, 12, 4, 6012 }, // U+0346
    { 7, 4, 0, -4, 0, 4, 6016 }, // U+0347
    { 4, 4, 0, -2, 0, 2, 6020 }, // U+0348
    { 4, 4, 0, -2, 0, 2, 6022 }, // U+0349
    { 6, 4, 0, -3, 12, 3, 6024 }, // U+034A
    { 6, 6, 0, -3, 14, 5, 6027 }, // U+034B
    { 6, 5, 0, -3, 13, 4, 6032 }, // U+034C
    { 6, 4, 0, -3, 0, 3, 6036 }, // U+034D
    { 4, 4, 0, -2, 0, 2, 6039 }, // U+034E
    { 12, 11, 0, -6, 11, 17, 6041 }, // U+034F
    { 4, 4, 0, -2, 12, 2, 6058 }, // U+0350
    { 3, 4, 0, -1, 12, 2, 6060 }, // U+0351
    { 6, 5, 0, -3, 13, 4, 6062 }, // U+0352
    { 4, 4, 0, -2, 0, 2, 6066 }, // U+0353
    { 4, 4, 0, -2, 0, 2, 6068 }, // U+0354
    { 4, 4, 0, -2, 0, 2, 6070 }, // U+0355
    { 6, 4, 0, -3, 0, 3, 6072 }, // U+0356
    { 3, 4, 0, -1, 12, 2, 6075 }, // U+0357
    { 3, 4, 0, 1, 12, 2, 6077 }, // U+0358
    { 4, 4, 0, -2, 0, 2, 6079 }, // U+0359
    { 6, 4, 0, -3, 0, 3, 6081 }, // U+035A
    { 4, 4, 0, -2, 12, 2, 6084 }, // U+035B
    { 12, 4, 0, -6, 0, 6, 6086 }, // U+035C
    { 12, 4, 0, -6, 12, 6, 6092 }, // U+035D
    { 10, 2, 0, -5, 10, 3, 6098 }, // U+035E
    { 10, 2, 0, -5, -1, 3, 6101 }, // U+035F
    { 12, 4, 0, -6, 12, 6, 6104 }, // U+0360
    { 12, 4, 0, -6, 13, 6, 6110 }, // U+0361
    { 13, 4, 0, -6, 0, 7, 6116 }, // U+0362
    { 4, 5, 0, -2, 13, 3, 6123 }, // U+0363
    { 4, 5, 0, -2, 13, 3, 6126 }, // U+0364
    { 2, 5, 0, -1, 14, 2, 6129 }, // U+0365
    { 4, 5, 0, -2, 13, 3, 6131 }, // U+0366
    { 4, 5, 0, -2, 13, 3, 6134 }, // U+0367
    { 4, 5, 0, -2, 13, 3, 6137 }, // U+0368
    { 4, 6, 0, -2, 14, 3, 6140 }, // U+0369
    { 4, 5, 0, -2, 14, 3, 6143 }, // U+036A
    { 6, 4, 0, -3, 13, 3, 6146 }, // U+036B
    { 3, 4, 0, -1, 13, 2, 6149 }, // U+036C
    { 4, 5, 0, -2, 13, 3, 6151 }, // U+036D
    { 5, 4, 0, -2, 13, 3, 6154 }, // U+036E
    { 4, 4, 0, -2, 13, 2, 6157 }, // U+036F
    { 7, 14, 131, 1, 14, 13, 6159 }, // U+0400
    { 7, 14, 131, 1, 14, 13, 6172 }, // U+0401
    { 11, 12, 178, 0, 11, 17, 6185 }, // U+0402
    { 7, 14, 131, 1, 14, 13, 6202 }, // U+0403
    { 9, 12, 152, 0, 11, 14, 6215 }, // U+0404
    { 8, 12, 128, 0, 11, 12, 6229 }, // U+0405
    { 3, 11, 75, 1, 11, 5, 6241 }, // U+0406
    { 5, 14, 77, 0, 14, 9, 6246 }, // U+0407
    { 6, 15, 77, -2, 11, 12, 6255 }, // U+0408
    { 15, 12, 241, 0, 11, 23, 6267 }, // U+0409
    { 14, 11, 248, 1, 11, 20, 6290 }, // U+040A
    { 11, 11, 181, 0, 11, 16, 6310 }, // U+040B
    { 10, 14, 160, 1, 14, 18, 6326 }, // U+040C
    { 10, 14, 185, 1, 14, 18, 6344 }, // U+040D
    { 10, 15, 150, 0, 14, 19, 6362 }, // U+040E
    { 9, 14, 179, 1, 11, 16, 6381 }, // U+040F
    { 11, 11, 161, 0, 11, 16, 6397 }, // U+0410
    { 8, 11, 151, 1, 11, 11, 6413 }, // U+0411
    { 8, 11, 154, 1, 11, 11, 6424 }, // U+0412
    { 7, 11, 131, 1, 11, 10, 6435 }, // U+0413
    { 12, 14, 181, 0, 11, 21, 6445 }, // U+0414
    { 7, 11, 131, 1, 11, 10, 6466 }, // U+0415
    { 15, 11, 233, 0, 11, 21, 6476 }, // U+0416
    { 8, 12, 138, 0, 11, 12, 6497 }, // U+0417
    { 10, 11, 185, 1, 11, 14, 6509 }, // U+0418
    { 10, 14, 185, 1, 14, 18, 6523 }, // U+0419
    { 10, 11, 162, 1, 11, 14, 6541 }, // U+041A
    { 10, 12, 171, 0, 11, 15, 6555 }, // U+041B
    { 12, 11, 220, 1, 11, 17, 6570 }, // U+041C
    { 9, 11, 180, 1, 11, 13, 6587 }, // U+041D
    { 11, 12, 181, 0, 11, 17, 6600 }, // U+041E
    { 9, 11, 178, 1, 11, 13, 6617 }, // U+041F
    { 8, 11, 145, 1, 11, 11, 6630 }, // U+0420
    { 9, 12, 150, 0, 11, 14, 6641 }, // U+0421
    { 9, 11, 135, 0, 11, 13, 6655 }, // U+0422
    { 10, 12, 150, 0, 11, 15, 6668 }, // U+0423
    { 13, 12, 210, 0, 11, 20, 6683 }, // U+0424
    { 10, 11, 156, 0, 11, 14, 6703 }, // U+0425
    { 11, 14, 181, 1, 11, 20, 6717 }, // U+0426
    { 9, 11, 168, 1, 11, 13, 6737 }, // U+0427
    { 14, 11, 249, 1, 11, 20, 6750 }, // U+0428
    { 15, 14, 251, 1, 11, 27, 6770 }, // U+0429
    { 11, 11, 176, 0, 11, 16, 6797 }, // U+042A
    { 12, 11, 215, 1, 11, 17, 6813 }, // U+042B
    { 8, 11, 150, 1, 11, 11, 6830 }, // U+042C
    { 9, 12, 153, 0, 11, 14, 6841 }, // U+042D
    { 14, 12, 237, 1, 11, 21, 6855 }, // U+042E
    { 9, 11, 159, 0, 11, 13, 6876 }, // U+042F
    { 8, 10, 139, 0, 9, 10, 6889 }, // U+0430
    { 9, 13, 146, 0, 12, 15, 6899 }, // U+0431
    { 8, 8, 139, 1, 8, 8, 6914 }, // U+0432
    { 6, 8, 111, 1, 8, 6, 6922 }, // U+0433
    { 10, 11, 149, 0, 8, 14, 6928 }, // U+0434
    { 8, 10, 136, 0, 9, 10, 6942 }, // U+0435
    { 13, 8, 202, 0, 8, 13, 6952 }, // U+0436
    { 7, 10, 120, 0, 9, 9, 6965 }, // U+0437
    { 8, 8, 157, 1, 8, 8, 6974 }, // U+0438
    { 8, 12, 157, 1, 12, 12, 6982 }, // U+0439
    { 8, 8, 144, 1, 8, 8, 6994 }, // U+043A
    { 9, 9, 145, 0, 8, 11, 7002 }, // U+043B
    { 11, 8, 195, 1, 8, 11, 7013 }, // U+043C
    { 8, 8, 153, 1, 8, 8, 7024 }, // U+043D
    { 9, 10, 145, 0, 9, 12, 7032 }, // U+043E
    { 8, 8, 152, 1, 8, 8, 7044 }, // U+043F
    { 8, 13, 148, 1, 9, 13, 7052 }, // U+0440
    { 8, 10, 122, 0, 9, 10, 7065 }, // U+0441
    { 8, 8, 118, 0, 8, 8, 7075 }, // U+0442
    { 10, 12, 133, -1, 8, 15, 7083 }, // U+0443
    { 12, 16, 189, 0, 12, 24, 7098 }, // U+0444
    { 9, 8, 135, 0, 8, 9, 7122 }, // U+0445
    { 9, 11, 152, 1, 8, 13, 7131 }, // U+0446
    { 9, 8, 149, 0, 8, 9, 7144 }, // U+0447
    { 12, 8, 222, 1, 8, 12, 7153 }, // U+0448
    { 13, 11, 223, 1, 8, 18, 7165 }, // U+0449
    { 10, 8, 157, 0, 8, 10, 7183 }, // U+044A
    { 11, 8, 199, 1, 8, 11, 7193 }, // U+044B
    { 8, 8, 138, 1, 8, 8, 7204 }, // U+044C
    { 8, 10, 122, 0, 9, 10, 7212 }, // U+044D
    { 11, 10, 198, 1, 9, 14, 7222 }, // U+044E
    { 8, 8, 141, 0, 8, 8, 7236 }, // U+044F
    { 8, 13, 136, 0, 12, 13, 7244 }, // U+0450
    { 8, 12, 136, 0, 11, 12, 7257 }, // U+0451
    { 9, 16, 152, 0, 12, 18, 7269 }, // U+0452
    { 6, 12, 112, 1, 12, 9, 7287 }, // U+0453
    { 8, 10, 122, 0, 9, 10, 7296 }, // U+0454
    { 7, 10, 116, 0, 9, 9, 7306 }, // U+0455
    { 3, 12, 72, 1, 12, 5, 7315 }, // U+0456
    { 5, 12, 70, 0, 12, 8, 7320 }, // U+0457
    { 5, 16, 70, -1, 12, 10, 7328 }, // U+0458
    { 13, 9, 209, 0, 8, 15, 7338 }, // U+0459
    { 12, 8, 216, 1, 8, 12, 7353 }, // U+045A
    { 9, 12, 152, 0, 12, 14, 7365 }, // U+045B
    { 8, 12, 144, 1, 12, 12, 7379 }, // U+045C
    { 8, 12, 157, 1, 12, 12, 7391 }, // U+045D
    { 10, 16, 133, -1, 12, 20, 7403 }, // U+045E
    { 8, 11, 152, 1, 8, 11, 7423 }, // U+045F
    { 14, 11, 222, 0, 11, 20, 7434 }, // U+0460
    { 13, 8, 206, 0, 8, 13, 7454 }, // U+0461
    { 10, 11, 157, 0, 11, 14, 7467 }, // U+0462
    { 10, 10, 155, 0, 10, 13, 7481 }, // U+0463
    { 13, 12, 222, 1, 11, 20, 7494 }, // U+0464
    { 11, 10, 187, 1, 9, 14, 7514 }, // U+0465
    { 11, 11, 170, 0, 11, 16, 7528 }, // U+0466
    { 10, 8, 149, 0, 8, 10, 7544 }, // U+0467
    { 14, 11, 234, 1, 11, 20, 7554 }, // U+0468
    { 13, 8, 210, 1, 8, 13, 7574 }, // U+0469
    { 12, 11, 188, 0, 11, 17, 7587 }, // U+046A
    { 9, 8, 145, 0, 8, 9, 7604 }, // U+046B
    { 15, 11, 250, 1, 11, 21, 7613 }, // U+046C
    { 12, 8, 205, 1, 8, 12, 7634 }, // U+046D
    { 9, 17, 147, 0, 13, 20, 7646 }, // U+046E
    { 8, 14, 129, 0, 10, 14, 7666 }, // U+046F
    { 11, 11, 205, 1, 11, 16, 7680 }, // U+0470
    { 11, 16, 196, 1, 12, 22, 7696 }, // U+0471
    { 11, 12, 185, 0, 11, 17, 7718 }, // U+0472
    { 9, 10, 144, 0, 9, 12, 7735 }, // U+0473
    { 11, 11, 167, 0, 11, 16, 7747 }, // U+0474
    { 9, 9, 141, 0, 9, 11, 7763 }, // U+0475
    { 11, 14, 167, 0, 14, 20, 7774 }, // U+0476
    { 9, 12, 141, 0, 12, 14, 7794 }, // U+0477
    { 20, 15, 308, 0, 11, 38, 7808 }, // U+0478
    { 18, 13, 274, 0, 9, 30, 7846 }, // U+0479
    { 12, 13, 194, 0, 12, 20, 7876 }, // U+047A
    { 10, 10, 160, 0, 9, 13, 7896 }, // U+047B
    { 16, 17, 254, 0, 16, 34, 7909 }, // U+047C
    { 13, 15, 223, 0, 14, 25, 7943 }, // U+047D
    { 14, 14, 223, 0, 14, 25, 7968 }, // U+047E
    { 13, 11, 206, 0, 11, 18, 7993 }, // U+047F
    { 10, 15, 158, 0, 11, 19, 8011 }, // U+0480
    { 8, 13, 122, 0, 9, 13, 8030 }, // U+0481
    { 9, 11, 142, 0, 10, 13, 8043 }, // U+0482
    { 6, 3, 0, -7, 11, 3, 8056 }, // U+0483
    { 6, 4, 0, -7, 12, 3, 8059 }, // U+0484
    { 3, 4, 0, -5, 12, 2, 8062 }, // U+0485
    { 3, 4, 0, -5, 12, 2, 8064 }, // U+0486
    { 6, 3, 0, -3, 14, 3, 8066 }, // U+0487
    { 18, 16, 0, -9, 12, 36, 8069 }, // U+0488
    { 18, 17, 0, -9, 12, 39, 8105 }, // U+0489
    { 13, 18, 214, 1, 14, 30, 8144 }, // U+048A
    { 11, 15, 187, 1, 12, 21, 8174 }, // U+048B
    { 9, 11, 149, 0, 11, 13, 8195 }, // U+048C
    { 9, 12, 143, 0, 12, 14, 8208 }, // U+048D
    { 8, 11, 146, 1, 11, 11, 8222 }, // U+048E
    { 8, 13, 148, 1, 9, 13, 8233 }, // U+048F
    { 8, 13, 135, 1, 13, 13, 8246 }, // U+0490
    { 6, 11, 119, 1, 11, 9, 8259 }, // U+0491
    { 8, 11, 130, 0, 11, 11, 8268 }, // U+0492
    { 7, 8, 115, 0, 8, 7, 8279 }, // U+0493
    { 9, 15, 171, 1, 11, 17, 8286 }, // U+0494
    { 8, 12, 140, 1, 8, 12, 8303 }, // U+0495
    { 15, 15, 240, 0, 11, 29, 8315 }, // U+0496
    { 15, 11, 218, -1, 8, 21, 8344 }, // U+0497
    { 8, 15, 138, 0, 11, 15, 8365 }, // U+0498
    { 7, 13, 120, 0, 9, 12, 8380 }, // U+0499
    { 10, 15, 176, 1, 11, 19, 8392 }, // U+049A
    { 9, 11, 153, 1, 8, 13, 8411 }, // U+049B
    { 9, 11, 156, 1, 11, 13, 8424 }, // U+049C
    { 8, 8, 144, 1, 8, 8, 8437 }, // U+049D
    { 11, 11, 162, 0, 11, 16, 8445 }, // U+049E
    { 10, 12, 146, 0, 12, 15, 8461 }, // U+049F
    { 11, 11, 171, 0, 11, 16, 8476 }, // U+04A0
    { 11, 8, 162, 0, 8, 11, 8492 }, // U+04A1
    { 11, 15, 196, 1, 11, 21, 8503 }, // U+04A2
    { 10, 11, 173, 1, 8, 14, 8524 }, // U+04A3
    { 12, 11, 195, 1, 11, 17, 8538 }, // U+04A4
    { 11, 8, 177, 1, 8, 11, 8555 }, // U+04A5
    { 15, 15, 262, 1, 11, 29, 8566 }, // U+04A6
    { 12, 12, 207, 1, 8, 18, 8595 }, // U+04A7
    { 11, 12, 181, 0, 11, 17, 8613 }, // U+04A8
    { 10, 10, 153, 0, 9, 13, 8630 }, // U+04A9
    { 9, 15, 150, 0, 11, 17, 8643 }, // U+04AA
    { 8, 13, 120, 0, 9, 13, 8660 }, // U+04AB
    { 9, 15, 135, 0, 11, 17, 8673 }, // U+04AC
    { 8, 11, 128, 0, 8, 11, 8690 }, // U+04AD
    { 10, 11, 146, 0, 11, 14, 8701 }, // U+04AE
    { 9, 12, 134, 0, 8, 14, 8715 }, // U+04AF
    { 10, 11, 146, 0, 11, 14, 8729 }, // U+04B0
    { 9, 12, 134, 0, 8, 14, 8743 }, // U+04B1
    { 11, 15, 173, 0, 11, 21, 8757 }, // U+04B2
    { 10, 11, 148, 0, 8, 14, 8778 }, // U+04B3
    { 14, 15, 217, 0, 11, 27, 8792 }, // U+04B4
    { 12, 11, 185, 0, 8, 17, 8819 }, // U+04B5
    { 12, 15, 188, 0, 11, 23, 8836 }, // U+04B6
    { 11, 11, 169, 0, 8, 16, 8859 }, // U+04B7
    { 10, 11, 171, 0, 11, 14, 8875 }, // U+04B8
    { 9, 8, 154, 0, 8, 9, 8889 }, // U+04B9
    { 9, 11, 171, 1, 11, 13, 8898 }, // U+04BA
    { 8, 12, 152, 1, 12, 12, 8911 }, // U+04BB
    { 13, 12, 221, 0, 11, 20, 8923 }, // U+04BC
    { 11, 10, 165, -1, 9, 14, 8943 }, // U+04BD
    { 13, 15, 221, 0, 11, 25, 8957 }, // U+04BE
    { 11, 12, 165, -1, 9, 17, 8982 }, // U+04BF
    { 6, 11, 91, 0, 11, 9, 8999 }, // U+04C0
    { 15, 14, 233, 0, 14, 27, 9008 }, // U+04C1
    { 13, 12, 202, 0, 12, 20, 9035 }, // U+04C2
    { 10, 15, 177, 1, 11, 19, 9055 }, // U+04C3
    { 8, 12, 152, 1, 8, 12, 9074 }, // U+04C4
    { 12, 15, 195, 0, 11, 23, 9086 }, // U+04C5
    { 11, 11, 170, 0, 8, 16, 9109 }, // U+04C6
    { 9, 15, 178, 1, 11, 17, 9125 }, // U+04C7
    { 8, 12, 154, 1, 8, 12, 9142 }, // U+04C8
    { 12, 15, 200, 1, 11, 23, 9154 }, // U+04C9
    { 10, 11, 174, 1, 8, 14, 9177 }, // U+04CA
    { 10, 15, 171, 0, 11, 19, 9191 }, // U+04CB
    { 9, 11, 153, 0, 8, 13, 9210 }, // U+04CC
    { 14, 15, 242, 1, 11, 27, 9223 }, // U+04CD
    { 13, 11, 216, 1, 8, 18, 9250 }, // U+04CE
    { 6, 11, 91, 0, 11, 9, 9268 }, // U+04CF
    { 11, 14, 161, 0, 14, 20, 9277 }, // U+04D0
    { 8, 13, 140, 0, 12, 13, 9297 }, // U+04D1
    { 11, 13, 161, 0, 13, 18, 9310 }, // U+04D2
    { 8, 12, 140, 0, 11, 12, 9328 }, // U+04D3
    { 14, 11, 222, 0, 11, 20, 9340 }, // U+04D4
    { 13, 10, 214, 0, 9, 17, 9360 }, // U+04D5
    { 7, 14, 131, 1, 14, 13, 9377 }, // U+04D6
    { 9, 13, 139, 0, 12, 15, 9390 }, // U+04D7
    { 11, 12, 191, 1, 11, 17, 9405 }, // U+04D8
    { 9, 10, 139, 0, 9, 12, 9422 }, // U+04D9
    { 11, 14, 191, 1, 13, 20, 9434 }, // U+04DA
    { 9, 12, 139, 0, 11, 14, 9454 }, // U+04DB
    { 15, 13, 233, 0, 13, 25, 9468 }, // U+04DC
    { 13, 11, 202, 0, 11, 18, 9493 }, // U+04DD
    { 8, 14, 138, 0, 13, 14, 9511 }, // U+04DE
    { 7, 12, 120, 0, 11, 11, 9525 }, // U+04DF
    { 9, 12, 138, 0, 11, 14, 9536 }, // U+04E0
    { 8, 12, 136, 0, 8, 12, 9550 }, // U+04E1
    { 10, 13, 185, 1, 13, 17, 9562 }, // U+04E2
    { 8, 11, 157, 1, 11, 11, 9579 }, // U+04E3
    { 10, 13, 185, 1, 13, 17, 9590 }, // U+04E4
    { 8, 11, 157, 1, 11, 11, 9607 }, // U+04E5
    { 11, 14, 185, 0, 13, 20, 9618 }, // U+04E6
    { 9, 12, 146, 0, 11, 14, 9638 }, // U+04E7
    { 11, 12, 185, 0, 11, 17, 9652 }, // U+04E8
    { 9, 10, 146, 0, 9, 12, 9669 }, // U+04E9
    { 11, 14, 185, 0, 13, 20, 9681 }, // U+04EA
    { 9, 12, 146, 0, 11, 14, 9701 }, // U+04EB
    { 9, 14, 152, 0, 13, 16, 9715 }, // U+04EC
    { 8, 12, 122, 0, 11, 12, 9731 }, // U+04ED
    { 10, 14, 150, 0, 13, 18, 9743 }, // U+04EE
    { 10, 15, 133, -1, 11, 19, 9761 }, // U+04EF
    { 10, 14, 150, 0, 13, 18, 9780 }, // U+04F0
    { 10, 15, 133, -1, 11, 19, 9798 }, // U+04F1
    { 10, 15, 150, 0, 14, 19, 9817 }, // U+04F2
    { 9, 16, 133, 0, 12, 18, 9836 }, // U+04F3
    { 9, 13, 168, 1, 13, 15, 9854 }, // U+04F4
    { 9, 11, 149, 0, 11, 13, 9869 }, // U+04F5
    { 7, 15, 131, 1, 11, 14, 9882 }, // U+04F6
    { 6, 11, 111, 1, 8, 9, 9896 }, // U+04F7
    { 12, 13, 215, 1, 13, 20, 9905 }, // U+04F8
    { 11, 11, 199, 1, 11, 16, 9925 }, // U+04F9
    { 8, 15, 130, 0, 11, 15, 9941 }, // U+04FA
    { 7, 12, 115, 0, 8, 11, 9956 }, // U+04FB
    { 11, 15, 170, 0, 11, 21, 9967 }, // U+04FC
    { 9, 12, 150, 0, 8, 14, 9988 }, // U+04FD
    { 10, 11, 156, 0, 11, 14, 10002 }, // U+04FE
    { 9, 8, 135, 0, 8, 9, 10016 }, // U+04FF
    { 11, 15, 161, 0, 11, 21, 10025 }, // U+1EA0
    { 8, 13, 140, 0, 9, 13, 10046 }, // U+1EA1
    { 11, 15, 161, 0, 15, 21, 10059 }, // U+1EA2
    { 8, 14, 140, 0, 13, 14, 10080 }, // U+1EA3
    { 11, 15, 161, 0, 15, 21, 10094 }, // U+1EA4
    { 10, 13, 140, 0, 12, 17, 10115 }, // U+1EA5
    { 11, 15, 161, 0, 15, 21, 10132 }, // U+1EA6
    { 9, 13, 140, -1, 12, 15, 10153 }, // U+1EA7
    { 11, 16, 161, 0, 16, 22, 10168 }, // U+1EA8
    { 9, 14, 140, 0, 13, 16, 10190 }, // U+1EA9
    { 11, 16, 161, 0, 16, 22, 10206 }, // U+1EAA
    { 8, 14, 140, 0, 13, 14, 10228 }, // U+1EAB
    { 11, 18, 161, 0, 14, 25, 10242 }, // U+1EAC
    { 8, 16, 140, 0, 12, 16, 10267 }, // U+1EAD
    { 11, 15, 161, 0, 15, 21, 10283 }, // U+1EAE
    { 8, 14, 140, 0, 13, 14, 10304 }, // U+1EAF
    { 11, 15, 161, 0, 15, 21, 10318 }, // U+1EB0
    { 8, 14, 140, 0, 13, 14, 10339 }, // U+1EB1
    { 11, 16, 161, 0, 16, 22, 10353 }, // U+1EB2
    { 8, 14, 140, 0, 13, 14, 10375 }, // U+1EB3
    { 11, 16, 161, 0, 16, 22, 10389 }, // U+1EB4
    { 8, 14, 140, 0, 13, 14, 10411 }, // U+1EB5
    { 11, 18, 161, 0, 14, 25, 10425 }, // U+1EB6
    { 8, 16, 140, 0, 12, 16, 10450 }, // U+1EB7
    { 7, 15, 131, 1, 11, 14, 10466 }, // U+1EB8
    { 9, 13, 139, 0, 9, 15, 10480 }, // U+1EB9
    { 7, 15, 131, 1, 15, 14, 10495 }, // U+1EBA
    { 9, 14, 139, 0, 13, 16, 10509 }, // U+1EBB
    { 7, 14, 131, 1, 14, 13, 10525 }, // U+1EBC
    { 9, 13, 139, 0, 12, 15, 10538 }, // U+1EBD
    { 8, 15, 131, 1, 15, 15, 10553 }, // U+1EBE
    { 10, 13, 139, 0, 12, 17, 10568 }, // U+1EBF
    { 9, 15, 131, -1, 15, 17, 10585 }, // U+1EC0
    { 10, 13, 139, -1, 12, 17, 10602 }, // U+1EC1
    { 7, 16, 131, 1, 16, 14, 10619 }, // U+1EC2
    { 9, 14, 139, 0, 13, 16, 10633 }, // U+1EC3
    { 7, 16, 131, 1, 16, 14, 10649 }, // U+1EC4
    { 9, 14, 139, 0, 13, 16, 10663 }, // U+1EC5
    { 7, 18, 131, 1, 14, 16, 10679 }, // U+1EC6
    { 9, 16, 139, 0, 12, 18, 10695 }, // U+1EC7
    { 6, 15, 91, 0, 15, 12, 10713 }, // U+1EC8
    { 5, 13, 70, 0, 13, 9, 10725 }, // U+1EC9
    { 6, 15, 91, 0, 11, 12, 10734 }, // U+1ECA
    { 4, 16, 70, 0, 12, 8, 10746 }, // U+1ECB
    { 11, 15, 185, 0, 11, 21, 10754 }, // U+1ECC
    { 9, 13, 146, 0, 9, 15, 10775 }, // U+1ECD
    { 11, 16, 185, 0, 15, 22, 10790 }, // U+1ECE
    { 9, 14, 146, 0, 13, 16, 10812 }, // U+1ECF
    { 11, 16, 185, 0, 15, 22, 10828 }, // U+1ED0
    { 10, 13, 146, 0, 12, 17, 10850 }, // U+1ED1
    { 11, 16, 185, 0, 15, 22, 10867 }, // U+1ED2
    { 10, 13, 146, -1, 12, 17, 10889 }, // U+1ED3
    { 11, 17, 185, 0, 16, 24, 10906 }, // U+1ED4
    { 9, 14, 146, 0, 13, 16, 10930 }, // U+1ED5
    { 11, 17, 185, 0, 16, 24, 10946 }, // U+1ED6
    { 9, 14, 146, 0, 13, 16, 10970 }, // U+1ED7
    { 11, 18, 185, 0, 14, 25, 10986 }, // U+1ED8
    { 9, 16, 146, 0, 12, 18, 11011 }, // U+1ED9
    { 13, 15, 191, 0, 14, 25, 11029 }, // U+1EDA
    { 11, 13, 159, 0, 12, 18, 11054 }, // U+1EDB
    { 13, 15, 191, 0, 14, 25, 11072 }, // U+1EDC
    { 11, 13, 159, 0, 12, 18, 11097 }, // U+1EDD
    { 13, 16, 191, 0, 15, 26, 11115 }, // U+1EDE
    { 11, 14, 159, 0, 13, 20, 11141 }, // U+1EDF
    { 13, 15, 191, 0, 14, 25, 11161 }, // U+1EE0
    { 11, 13, 159, 0, 12, 18, 11186 }, // U+1EE1
    { 13, 16, 191, 0, 12, 26, 11204 }, // U+1EE2
    { 11, 14, 159, 0, 10, 20, 11230 }, // U+1EE3
    { 9, 15, 176, 1, 11, 17, 11250 }, // U+1EE4
    { 8, 12, 152, 1, 8, 12, 11267 }, // U+1EE5
    { 9, 16, 176, 1, 15, 18, 11279 }, // U+1EE6
    { 8, 14, 152, 1, 13, 14, 11297 }, // U+1EE7
    { 13, 15, 206, 1, 14, 25, 11311 }, // U+1EE8
    { 11, 13, 177, 1, 12, 18, 11336 }, // U+1EE9
    { 13, 15, 206, 1, 14, 25, 11354 }, // U+1EEA
    { 11, 13, 177, 1, 12, 18, 11379 }, // U+1EEB
    { 13, 16, 206, 1, 15, 26, 11397 }, // U+1EEC
    { 11, 14, 177, 1, 13, 20, 11423 }, // U+1EED
    { 13, 15, 206, 1, 14, 25, 11443 }, // U+1EEE
    { 11, 13, 177, 1, 12, 18, 11468 }, // U+1EEF
    { 13, 16, 206, 1, 12, 26, 11486 }, // U+1EF0
    { 11, 14, 177, 1, 10, 20, 11512 }, // U+1EF1
    { 10, 14, 146, 0, 14, 18, 11532 }, // U+1EF2
    { 9, 16, 133, 0, 12, 18, 11550 }, // U+1EF3
    { 10, 15, 146, 0, 11, 19, 11568 }, // U+1EF4
    { 9, 12, 133, 0, 8, 14, 11587 }, // U+1EF5
    { 10, 15, 146, 0, 15, 19, 11601 }, // U+1EF6
    { 9, 17, 133, 0, 13, 20, 11620 }, // U+1EF7
    { 10, 14, 146, 0, 14, 18, 11640 }, // U+1EF8
    { 9, 16, 133, 0, 12, 18, 11658 }, // U+1EF9
    { 0, 0, 117, 0, 0, 0, 11676 }, // U+2000
    { 0, 0, 233, 0, 0, 0, 11676 }, // U+2001
    { 0, 0, 117, 0, 0, 0, 11676 }, // U+2002
    { 0, 0, 233, 0, 0, 0, 11676 }, // U+2003
    { 0, 0, 78, 0, 0, 0, 11676 }, // U+2004
    { 0, 0, 58, 0, 0, 0, 11676 }, // U+2005
    { 0, 0, 39, 0, 0, 0, 11676 }, // U+2006
    { 0, 0, 133, 0, 0, 0, 11676 }, // U+2007
    { 0, 0, 66, 0, 0, 0, 11676 }, // U+2008
    { 0, 0, 39, 0, 0, 0, 11676 }, // U+2009
    { 0, 0, 23, 0, 0, 0, 11676 }, // U+200A
    { 0, 0, 0, 0, 0, 0, 11676 }, // U+200B
    { 0, 0, 0, 0, 0, 0, 11676 }, // U+200C
    { 0, 0, 0, 0, 0, 0, 11676 }, // U+200D
    { 5, 13, 0, -1, 11, 9, 11676 }, // U+200E
    { 5, 13, 0, -4, 11, 9, 11685 }, // U+200F
    { 5, 2, 75, 0, 5, 2, 11694 }, // U+2010
    { 5, 2, 75, 0, 5, 2, 11696 }, // U+2011
    { 8, 2, 135, 0, 6, 2, 11698 }, // U+2012
    { 7, 2, 117, 0, 5, 2, 11700 }, // U+2013
    { 15, 2, 233, 0, 5, 4, 11702 }, // U+2014
    { 15, 2, 233, 0, 5, 4, 11706 }, // U+2015
    { 6, 16, 129, 1, 12, 12, 11710 }, // U+2016
    { 8, 4, 96, -1, 0, 4, 11722 }, // U+2017
    { 3, 5, 51, 0, 11, 2, 11726 }, // U+2018
    { 3, 5, 51, 0, 11, 2, 11728 }, // U+2019
    { 4, 5, 67, 0, 3, 3, 11730 }, // U+201A
    { 3, 5, 51, 0, 11, 2, 11733 }, // U+201B
    { 7, 5, 104, 0, 11, 5, 11735 }, // U+201C
    { 7, 5, 104, 0, 11, 5, 11740 }, // U+201D
    { 7, 5, 120, 0, 2, 5, 11745 }, // U+201E
    { 7, 5, 104, 0, 11, 5, 11750 }, // U+201F
    { 7, 12, 120, 0, 12, 11, 11755 }, // U+2020
    { 7, 12, 121, 0, 12, 11, 11766 }, // U+2021
    { 5, 5, 88, 0, 8, 4, 11777 }, // U+2022
    { 6, 7, 88, 0, 9, 6, 11781 }, // U+2023
    { 3, 4, 117, 2, 3, 2, 11787 }, // U+2024
    { 8, 4, 134, 0, 3, 4, 11789 }, // U+2025
    { 12, 4, 199, 0, 3, 6, 11793 }, // U+2026
    { 4, 4, 66, 0, 6, 2, 11799 }, // U+2027
    { 0, 0, 140, 0, 0, 0, 11801 }, // U+2028
    { 0, 0, 140, 0, 0, 0, 11801 }, // U+2029
    { 5, 11, 0, -1, 9, 7, 11801 }, // U+202A
    { 5, 11, 0, -4, 9, 7, 11808 }, // U+202B
    { 4, 13, 0, -2, 11, 7, 11815 }, // U+202C
    { 4, 13, 0, -2, 11, 7, 11822 }, // U+202D
    { 4, 13, 0, -2, 11, 7, 11829 }, // U+202E
    { 0, 0, 39, 0, 0, 0, 11836 }, // U+202F
    { 19, 12, 299, 0, 11, 29, 11836 }, // U+2030
    { 24, 12, 389, 0, 11, 36, 11865 }, // U+2031
    { 5, 5, 71, 0, 11, 4, 11901 }, // U+2032
    { 8, 5, 122, 0, 11, 5, 11905 }, // U+2033
    { 11, 5, 174, 0, 11, 7, 11910 }, // U+2034
    { 5, 5, 98, 0, 11, 4, 11917 }, // U+2035
    { 8, 5, 150, 0, 11, 5, 11921 }, // U+2036
    { 12, 5, 202, 0, 11, 8, 11926 }, // U+2037
    { 6, 6, 95, 0, 2, 5, 11934 }, // U+2038
    { 5, 8, 85, 0, 8, 5, 11939 }, // U+2039
    { 5, 8, 85, 0, 8, 5, 11944 }, // U+203A
    { 12, 12, 198, 0, 11, 18, 11949 }, // U+203B
    { 8, 12, 133, 0, 11, 12, 11967 }, // U+203C
    { 7, 12, 111, 0, 11, 11, 11979 }, // U+203D
    { 9, 2, 117, -1, 13, 3, 11990 }, // U+203E
    { 9, 4, 142, 0, 0, 5, 11993 }, // U+203F
    { 9, 4, 142, 0, 12, 5, 11998 }, // U+2040
    { 6, 10, 99, 0, 6, 8, 12003 }, // U+2041
    { 17, 15, 261, 0, 12, 32, 12011 }, // U+2042
    { 5, 2, 75, 0, 5, 2, 12043 }, // U+2043
    { 8, 11, 30, -3, 11, 11, 12045 }, // U+2044
    { 4, 14, 77, 1, 11, 7, 12056 }, // U+2045
    { 4, 14, 77, 0, 11, 7, 12063 }, // U+2046
    { 14, 12, 221, 0, 11, 21, 12070 }, // U+2047
    { 11, 12, 178, 0, 11, 17, 12091 }, // U+2048
    { 11, 12, 178, 0, 11, 17, 12108 }, // U+2049
    { 8, 8, 137, 0, 8, 8, 12125 }, // U+204A
    { 8, 14, 151, 1, 12, 14, 12133 }, // U+204B
    { 9, 8, 153, 0, 8, 9, 12147 }, // U+204C
    { 8, 8, 153, 1, 8, 8, 12156 }, // U+204D
    { 8, 8, 126, 0, 5, 8, 12164 }, // U+204E
    { 4, 11, 66, 0, 9, 6, 12172 }, // U+204F
    { 9, 16, 140, 0, 12, 18, 12178 }, // U+2050
    { 8, 15, 126, 0, 12, 15, 12196 }, // U+2051
    { 7, 12, 98, 0, 11, 11, 12211 }, // U+2052
    { 15, 4, 233, 0, 6, 8, 12222 }, // U+2053
    { 9, 4, 140, 0, 0, 5, 12230 }, // U+2054
    { 8, 8, 131, 0, 8, 8, 12235 }, // U+2055
    { 8, 12, 135, 0, 11, 12, 12243 }, // U+2056
    { 14, 5, 218, 0, 11, 9, 12255 }, // U+2057
    { 12, 12, 204, 0, 11, 18, 12264 }, // U+2058
    { 12, 12, 204, 0, 11, 18, 12282 }, // U+2059
    { 4, 12, 66, 0, 11, 6, 12300 }, // U+205A
    { 10, 13, 162, 0, 12, 17, 12306 }, // U+205B
    { 12, 12, 199, 0, 11, 18, 12323 }, // U+205C
    { 4, 13, 66, 0, 12, 7, 12341 }, // U+205D
    { 4, 12, 66, 0, 11, 6, 12348 }, // U+205E
    { 0, 0, 52, 0, 0, 0, 12354 }, // U+205F
    { 0, 0, 140, 0, 0, 0, 12354 }, // U+2060
    { 0, 0, 140, 0, 0, 0, 12354 }, // U+2061
    { 0, 0, 140, 0, 0, 0, 12354 }, // U+2062
    { 0, 0, 140, 0, 0, 0, 12354 }, // U+2063
    { 0, 0, 140, 0, 0, 0, 12354 }, // U+2064
    { 0, 0, 0, 0, 0, 0, 12354 }, // U+2066
    { 0, 0, 0, 0, 0, 0, 12354 }, // U+2067
    { 0, 0, 0, 0, 0, 0, 12354 }, // U+2068
    { 0, 0, 0, 0, 0, 0, 12354 }, // U+2069
    { 4, 13, 0, -2, 11, 7, 12354 }, // U+206A
    { 4, 13, 0, -2, 11, 7, 12361 }, // U+206B
    { 4, 13, 0, -2, 11, 7, 12368 }, // U+206C
    { 4, 13, 0, -2, 11, 7, 12375 }, // U+206D
    { 4, 13, 0, -2, 11, 7, 12382 }, // U+206E
    { 4, 13, 0, -2, 11, 7, 12389 }, // U+206F
    { 6, 8, 88, 0, 13, 6, 12396 }, // U+2070
    { 3, 7, 45, 0, 11, 3, 12402 }, // U+2071
    { 6, 7, 89, 0, 13, 6, 12405 }, // U+2074
    { 6, 8, 89, 0, 13, 6, 12411 }, // U+2075
    { 6, 8, 89, 0, 13, 6, 12417 }, // U+2076
    { 6, 7, 89, 0, 13, 6, 12423 }, // U+2077
    { 6, 8, 89, 0, 13, 6, 12429 }, // U+2078
    { 6, 8, 89, 0, 13, 6, 12435 }, // U+2079
    { 5, 5, 84, 0, 11, 4, 12441 }, // U+207A
    { 5, 2, 84, 0, 10, 2, 12445 }, // U+207B
    { 5, 4, 84, 0, 11, 3, 12447 }, // U+207C
    { 4, 9, 56, 0, 14, 5, 12450 }, // U+207D
    { 3, 9, 56, 0, 14, 4, 12455 }, // U+207E
    { 6, 6, 99, 0, 10, 5, 12459 }, // U+207F
    { 6, 8, 89, 0, 5, 6, 12464 }, // U+2080
    { 5, 7, 89, 0, 5, 5, 12470 }, // U+2081
    { 5, 7, 89, 0, 5, 5, 12475 }, // U+2082
    { 6, 8, 89, 0, 5, 6, 12480 }, // U+2083
    { 6, 7, 89, 0, 5, 6, 12486 }, // U+2084
    { 6, 8, 89, 0, 5, 6, 12492 }, // U+2085
    { 6, 8, 89, 0, 5, 6, 12498 }, // U+2086
    { 6, 7, 89, 0, 5, 6, 12504 }, // U+2087
    { 6, 8, 89, 0, 5, 6, 12510 }, // U+2088
    { 6, 8, 89, 0, 5, 6, 12516 }, // U+2089
    { 5, 5, 84, 0, 3, 4, 12522 }, // U+208A
    { 5, 2, 84, 0, 2, 2, 12526 }, // U+208B
    { 5, 4, 84, 0, 3, 3, 12528 }, // U+208C
    { 4, 9, 56, 0, 6, 5, 12531 }, // U+208D
    { 3, 9, 56, 0, 6, 4, 12536 }, // U+208E
    { 5, 6, 91, 0, 4, 4, 12540 }, // U+2090
    { 6, 6, 91, 0, 4, 5, 12544 }, // U+2091
    { 6, 6, 95, 0, 4, 5, 12549 }, // U+2092
    { 6, 6, 88, 0, 4, 5, 12554 }, // U+2093
    { 6, 6, 91, 0, 4, 5, 12559 }, // U+2094
    { 6, 8, 99, 0, 6, 6, 12564 }, // U+2095
    { 6, 8, 92, 0, 6, 6, 12570 }, // U+2096
    { 3, 8, 45, 0, 6, 3, 12576 }, // U+2097
    { 9, 6, 148, 0, 4, 7, 12579 }, // U+2098
    { 6, 6, 99, 0, 4, 5, 12586 }, // U+2099
    { 6, 8, 96, 0, 4, 6, 12591 }, // U+209A
    { 5, 6, 76, 0, 4, 4, 12597 }, // U+209B
    { 4, 7, 64, 0, 5, 4, 12601 }, // U+209C
    { 8, 11, 133, 0, 11, 11, 12605 }, // U+20A0
    { 9, 13, 142, 0, 12, 15, 12616 }, // U+20A1
    { 9, 12, 133, 0, 11, 14, 12631 }, // U+20A2
    { 8, 11, 133, 0, 11, 11, 12645 }, // U+20A3
    { 9, 11, 133, 0, 11, 13, 12656 }, // U+20A4
    { 13, 12, 227, 1, 10, 20, 12669 }, // U+20A5
    { 9, 11, 133, 0, 11, 13, 12689 }, // U+20A6
    { 12, 12, 208, 1, 11, 18, 12702 }, // U+20A7
    { 12, 12, 214, 1, 11, 18, 12720 }, // U+20A8
    { 11, 11, 172, 0, 11, 16, 12738 }, // U+20A9
    { 12, 11, 214, 1, 11, 17, 12754 }, // U+20AA
    { 10, 15, 150, 0, 12, 19, 12771 }, // U+20AB
    { 9, 12, 133, 0, 11, 14, 12790 }, // U+20AC
    { 9, 11, 133, 0, 11, 13, 12804 }, // U+20AD
    { 9, 11, 133, 0, 11, 13, 12817 }, // U+20AE
    { 15, 15, 236, 0, 11, 29, 12830 }, // U+20AF
    { 9, 15, 142, 0, 11, 17, 12859 }, // U+20B0
    { 9, 11, 133, 0, 11, 13, 12876 }, // U+20B1
    { 10, 14, 171, 0, 12, 18, 12889 }, // U+20B2
    { 10, 11, 152, 0, 11, 14, 12907 }, // U+20B3
    { 9, 12, 133, 0, 11, 14, 12921 }, // U+20B4
    { 9, 14, 149, 0, 12, 16, 12935 }, // U+20B5
    { 10, 11, 162, 0, 10, 14, 12951 }, // U+20B6
    { 11, 13, 171, 0, 11, 18, 12965 }, // U+20B7
    { 9, 11, 134, 0, 11, 13, 12983 }, // U+20B8
    { 8, 11, 133, 0, 11, 11, 12996 }, // U+20B9
    { 8, 12, 133, 0, 11, 12, 13007 }, // U+20BA
    { 12, 12, 189, 0, 11, 18, 13019 }, // U+20BB
    { 12, 11, 204, 0, 11, 17, 13037 }, // U+20BC
    { 9, 11, 140, 0, 11, 13, 13054 }, // U+20BD
    { 11, 12, 184, 0, 12, 17, 13067 }, // U+20BE
    { 7, 14, 133, 1, 12, 13, 13084 }, // U+20BF
    { 8, 12, 122, 0, 9, 12, 13097 }, // U+20C0
    { 8, 2, 136, 0, 6, 2, 13109 }, // U+2212
    { 12, 12, 180, 0, 12, 18, 13111 }, // U+FB00
    { 9, 12, 160, 0, 12, 14, 13129 }, // U+FB01
    { 9, 12, 161, 0, 12, 14, 13143 }, // U+FB02
    { 15, 12, 250, 0, 12, 23, 13157 }, // U+FB03
    { 15, 12, 252, 0, 12, 23, 13180 }, // U+FB04
    { 10, 13, 182, 1, 12, 17, 13203 }, // U+FB05
    { 14, 13, 217, 0, 12, 23, 13220 }, // U+FB06
    { 14, 15, 233, 0, 12, 27, 13243 }, // U+FFFD
};

static const EpdUnicodeInterval sans7_boldIntervals[] = {
    { 0x0, 0x0, 0x0 },
    { 0xD, 0xD, 0x1 },
    { 0x20, 0x7E, 0x2 },
    { 0xA0, 0x17F, 0x61 },
    { 0x1A0, 0x1A1, 0x141 },
    { 0x1AF, 0x1B0, 0x143 },
    { 0x1C4, 0x21F, 0x145 },
    { 0x300, 0x36F, 0x1A1 },
    { 0x400, 0x4FF, 0x211 },
    { 0x1EA0, 0x1EF9, 0x311 },
    { 0x2000, 0x2064, 0x36B },
    { 0x2066, 0x2071, 0x3D0 },
    { 0x2074, 0x208E, 0x3DC },
    { 0x2090, 0x209C, 0x3F7 },
    { 0x20A0, 0x20C0, 0x404 },
    { 0x2212, 0x2212, 0x425 },
    { 0xFB00, 0xFB06, 0x426 },
    { 0xFFFD, 0xFFFD, 0x42D },
};

static const uint16_t sans7_boldKernLeftCodepoints[] = {
    0x0022, 0x0026, 0x0027, 0x0028, 0x002C, 0x002D, 0x002E, 0x003A, 0x0041, 0x0042, 0x0043, 0x0044,
    0x0045, 0x0046, 0x004B, 0x004C, 0x004F, 0x0050, 0x0051, 0x0052, 0x0054, 0x0055, 0x0056, 0x0057,
    0x0058, 0x0059, 0x005A, 0x005B, 0x005F, 0x0061, 0x0062, 0x0063, 0x0065, 0x0066, 0x0068, 0x006D,
    0x006E, 0x006F, 0x0070, 0x0072, 0x0074, 0x0076, 0x0077, 0x0078, 0x0079, 0x007B, 0x00A1, 0x00AB,
    0x00BB, 0x00BF, 0x00C0, 0x00C1, 0x00C2, 0x00C3, 0x00C4, 0x00C5, 0x00C6, 0x00C7, 0x00C8, 0x00C9,
    0x00CA, 0x00CB, 0x00D0, 0x00D2, 0x00D3, 0x00D4, 0x00D5, 0x00D6, 0x00D8, 0x00D9, 0x00DA, 0x00DB,
    0x00DC, 0x00DD, 0x00DE, 0x00E0, 0x00E1, 0x00E2, 0x00E3, 0x00E4, 0x00E5, 0x00E6, 0x00E8, 0x00E9,
    0x00EA, 0x00EB, 0x00EE, 0x00EF, 0x00F0, 0x00F2, 0x00F3, 0x00F4, 0x00F5, 0x00F6, 0x00F8, 0x00FD,
    0x00FE, 0x00FF, 0x0100, 0x0101, 0x0102, 0x0103, 0x0104, 0x0105, 0x0106, 0x0108, 0x010A, 0x010C,
    0x010E, 0x010F, 0x0110, 0x0112, 0x0113, 0x0114, 0x0115, 0x0116, 0x0117, 0x0118, 0x0119, 0x011A,
    0x011B, 0x0125, 0x0129, 0x012B, 0x012E, 0x0136, 0x0138, 0x0139, 0x013B, 0x013D, 0x013E, 0x013F,
    0x0141, 0x0144, 0x0146, 0x0149, 0x014B, 0x014C, 0x014D, 0x014E, 0x014F, 0x0150, 0x0151, 0x0152,
    0x0153, 0x0155, 0x0157, 0x0159, 0x0162, 0x0163, 0x0164, 0x0165, 0x0166, 0x0167, 0x0168, 0x016A,
    0x016C, 0x016E, 0x0170, 0x0172, 0x0174, 0x0175, 0x0176, 0x0177, 0x0178, 0x0179, 0x017B, 0x017D,
    0x01A0, 0x01A1, 0x01AF, 0x01B0, 0x01FA, 0x01FB, 0x01FC, 0x01FD, 0x01FE, 0x020B, 0x021A, 0x021B,
    0x0400, 0x0401, 0x0402, 0x0403, 0x0404, 0x0405, 0x0409, 0x040A, 0x040B, 0x040C, 0x040E, 0x0410,
    0x0411, 0x0412, 0x0413, 0x0414, 0x0415, 0x0416, 0x0417, 0x041A, 0x041E, 0x0420, 0x0421, 0x0422,
    0x0423, 0x0424, 0x0425, 0x0426, 0x0429, 0x042A, 0x042C, 0x042D, 0x042E, 0x0430, 0x0431, 0x0432,
    0x0433, 0x0434, 0x0435, 0x0436, 0x0437, 0x0438, 0x0439, 0x043A, 0x043B, 0x043C, 0x043D, 0x043E,
    0x043F, 0x0440, 0x0441, 0x0442, 0x0443, 0x0444, 0x0445, 0x0446, 0x0447, 0x0448, 0x0449, 0x044A,
    0x044B, 0x044C, 0x044D, 0x044E, 0x044F, 0x0450, 0x0451, 0x0452, 0x0453, 0x0454, 0x0455, 0x0457,
    0x0458, 0x0459, 0x045A, 0x045B, 0x045C, 0x045D, 0x045E, 0x045F, 0x0460, 0x0461, 0x0462, 0x0463,
    0x0464, 0x0465, 0x0466, 0x0467, 0x0468, 0x0469, 0x046E, 0x0471, 0x0472, 0x0473, 0x0474, 0x0475,
    0x0476, 0x0477, 0x0478, 0x0479, 0x047A, 0x047B, 0x047C, 0x047D, 0x047E, 0x047F, 0x0480, 0x048A,
    0x048B, 0x048C, 0x048D, 0x048E, 0x048F, 0x0490, 0x0491, 0x0492, 0x0493, 0x0496, 0x0497, 0x0498,
    0x0499, 0x049A, 0x049B, 0x049C, 0x049D, 0x049E, 0x049F, 0x04A0, 0x04A1, 0x04A2, 0x04A3, 0x04A4,
    0x04A5, 0x04A9, 0x04AA, 0x04AB, 0x04AC, 0x04AD, 0x04AE, 0x04AF, 0x04B0, 0x04B1, 0x04B2, 0x04B3,
    0x04B4, 0x04B5, 0x04B6, 0x04B7, 0x04BC, 0x04BD, 0x04BE, 0x04BF, 0x04C1, 0x04C2, 0x04C5, 0x04C6,
    0x04C9, 0x04CA, 0x04CD, 0x04CE, 0x04D0, 0x04D1, 0x04D2, 0x04D3, 0x04D4, 0x04D5, 0x04D6, 0x04D7,
    0x04D8, 0x04D9, 0x04DA, 0x04DB, 0x04DC, 0x04DD, 0x04DE, 0x04DF, 0x04E3, 0x04E5, 0x04E6, 0x04E7,
    0x04E8, 0x04E9, 0x04EA, 0x04EB, 0x04EC, 0x04ED, 0x04EE, 0x04EF, 0x04F0, 0x04F1, 0x04F2, 0x04F3,
    0x04F5, 0x04F6, 0x04F7, 0x04F9, 0x04FA, 0x04FB, 0x04FC, 0x04FD, 0x04FE, 0x04FF, 0x1EA0, 0x1EA1,
    0x1EA2, 0x1EA3, 0x1EA4, 0x1EA5, 0x1EA6, 0x1EA7, 0x1EA8, 0x1EA9, 0x1EAA, 0x1EAB, 0x1EAC, 0x1EAD,
    0x1EAE, 0x1EAF, 0x1EB0, 0x1EB1, 0x1EB2, 0x1EB3, 0x1EB4, 0x1EB5, 0x1EB6, 0x1EB7, 0x1EB8, 0x1EB9,
    0x1EBA, 0x1EBB, 0x1EBC, 0x1EBD, 0x1EBE, 0x1EBF, 0x1EC0, 0x1EC1, 0x1EC2, 0x1EC3, 0x1EC4, 0x1EC5,
    0x1EC6, 0x1EC7, 0x1ECC, 0x1ECD, 0x1ECE, 0x1ECF, 0x1ED0, 0x1ED1, 0x1ED2, 0x1ED3, 0x1ED4, 0x1ED5,
    0x1ED6, 0x1ED7, 0x1ED8, 0x1ED9, 0x1EDA, 0x1EDB, 0x1EDC, 0x1EDD, 0x1EDE, 0x1EDF, 0x1EE0, 0x1EE1,
    0x1EE2, 0x1EE3, 0x1EE4, 0x1EE6, 0x1EE8, 0x1EE9, 0x1EEA, 0x1EEB, 0x1EEC, 0x1EED, 0x1EEE, 0x1EEF,
    0x1EF0, 0x1EF1, 0x1EF2, 0x1EF3, 0x1EF4, 0x1EF5, 0x1EF6, 0x1EF7, 0x1EF8, 0x1EF9, 0x2013, 0x2014,
    0x2015, 0x2018, 0x2019, 0x201A, 0x201C, 0x201D, 0x201E, 0x2039, 0x203A, 0xFB00,
};

static const uint8_t sans7_boldKernLeftClassIds[] = {
      1,   2,   1,   3,   4,   5,   4,   6,   7,   8,   9,  10,  11,  12,   9,  13,
     10,  14,  10,  15,  16,  17,  18,  18,   9,  19,  20,   3,  21,  22,  23,  24,
     23,  25,  22,  22,  22,  23,  23,  26,  24,  27,  27,  28,  27,   3,  29,  30,
     31,  32,   7,   7,   7,   7,   7,   7,  11,   9,  11,  11,  11,  11,  10,  10,
     10,  10,  10,  10,  10,  17,  17,  17,  17,  19,  14,  22,  22,  22,  22,  22,
     22,  23,  23,  23,  23,  23,  33,  33,  23,  23,  23,  23,  23,  23,  23,  27,
     23,  27,   7,  22,   7,  22,  34,  22,   9,   9,   9,   9,  10,  35,  10,  11,
     23,  11,  23,  11,  23,  11,  23,  11,  23,  22,  36,  33,  37,   9,  28,  13,
     13,  13,  35,  13,  13,  22,  22,  22,  22,  10,  23,  10,  23,  10,  23,  11,
     23,  26,  26,  26,  16,  24,  16,  38,  16,  24,  17,  17,  17,  17,  17,  17,
     18,  27,  19,  27,  19,  20,  20,  20,  39,  40,  41,  42,   7,  22,  11,  23,
     10,  33,  16,  24,  43,  43,  44,  45,  46,  47,  48,  48,  44,  49,  50,  51,
     52,  53,  45,  54,  43,  49,  53,  49,  55,  56,  46,  45,  50,  57,  49,  54,
     54,  48,  48,  55,  55,  58,  59,  60,  61,  62,  63,  64,  60,  65,  65,  64,
     65,  65,  65,  63,  65,  63,  66,  61,  67,  63,  64,  62,  65,  65,  62,  68,
     65,  68,  63,  63,  65,  63,  63,  69,  70,  66,  71,  72,  73,  68,  68,  74,
     64,  65,  67,  65,  55,  75,  76,  68,  46,  66,  51,  77,  51,  77,  78,  63,
     55,  63,  50,  75,  50,  75,  67,  67,  55,  63,  55,  63,  55,  75,  46,  54,
     62,  76,  68,  56,  63,  79,  80,  81,  82,  83,  84,  78,  60,  83,  84,  49,
     64,  49,  64,  49,  64,  54,  62,  81,  80,  63,  46,  66,  79,  80,  85,  86,
     85,  86,  83,  84,  54,  62,  54,  62,  87,  88,  87,  88,  49,  64,  54,  62,
     54,  62,  54,  62,  51,  58,  51,  58,  43,  88,  43,  88,  55,  63,  55,  63,
     49,  64,  78,  60,  65,  65,  55,  63,  55,  63,  55,  63,  55,  63,  50,  67,
     50,  67,  50,  67,  65,  79,  80,  65,  81,  82,  83,  84,  49,  84,   7,  22,
      7,  22,   7,  22,   7,  22,   7,  22,   7,  22,   7,  22,   7,  22,   7,  22,
      7,  22,   7,  22,   7,  22,  11,  23,  11,  23,  11,  23,  11,  23,  11,  23,
     11,  23,  11,  23,  11,  23,  10,  23,  10,  23,  10,  23,  10,  23,  10,  23,
     10,  23,  10,  23,  39,  40,  39,  40,  39,  40,  39,  40,  39,  40,  17,  17,
     41,  42,  41,  42,  41,  42,  41,  42,  41,  42,  19,  27,  19,  27,  19,  27,
     19,  27,   5,   5,   5,   1,   1,   4,   1,   1,   4,  30,  31,  25,
};

static const uint16_t sans7_boldKernRightCodepoints[] = {
    0x0021, 0x0022, 0x0026, 0x0027, 0x0029, 0x002C, 0x002D, 0x002E, 0x003A, 0x003B, 0x003F, 0x0041,
    0x0043, 0x0047, 0x0049, 0x004A, 0x004F, 0x0051, 0x0054, 0x0055, 0x0056, 0x0057, 0x0058, 0x0059,
    0x005A, 0x005D, 0x0061, 0x0062, 0x0063, 0x0064, 0x0065, 0x0066, 0x0067, 0x0068, 0x006A, 0x006B,
    0x006C, 0x006D, 0x006E, 0x006F, 0x0070, 0x0071, 0x0072, 0x0073, 0x0074, 0x0075, 0x0076, 0x0077,
    0x0078, 0x0079, 0x007A, 0x007D, 0x00AB, 0x00BB, 0x00C0, 0x00C1, 0x00C2, 0x00C3, 0x00C4, 0x00C5,
    0x00C6, 0x00C7, 0x00D2, 0x00D3, 0x00D4, 0x00D5, 0x00D6, 0x00D8, 0x00D9, 0x00DA, 0x00DB, 0x00DC,
    0x00DD, 0x00E0, 0x00E1, 0x00E2, 0x00E3, 0x00E4, 0x00E5, 0x00E6, 0x00E7, 0x00E8, 0x00E9, 0x00EA,
    0x00EB, 0x00F2, 0x00F3, 0x00F4, 0x00F5, 0x00F6, 0x00F8, 0x00F9, 0x00FA, 0x00FB, 0x00FC, 0x00FD,
    0x00FE, 0x00FF, 0x0100, 0x0101, 0x0102, 0x0103, 0x0104, 0x0105, 0x0106, 0x0107, 0x0108, 0x0109,
    0x010A, 0x010B, 0x010C, 0x010D, 0x010F, 0x0111, 0x0113, 0x0115, 0x0117, 0x0119, 0x011B, 0x011C,
    0x011D, 0x011E, 0x011F, 0x0120, 0x0121, 0x0122, 0x0123, 0x0125, 0x0127, 0x0129, 0x0137, 0x0138,
    0x013A, 0x013C, 0x013E, 0x0140, 0x0144, 0x0146, 0x014B, 0x014C, 0x014D, 0x014E, 0x014F, 0x0150,
    0x0151, 0x0152, 0x0153, 0x0155, 0x0157, 0x015B, 0x015F, 0x0162, 0x0163, 0x0164, 0x0165, 0x0166,
    0x0167, 0x0168, 0x0169, 0x016A, 0x016B, 0x016C, 0x016D, 0x016E, 0x016F, 0x0170, 0x0171, 0x0172,
    0x0173, 0x0174, 0x0175, 0x0176, 0x0177, 0x0178, 0x0179, 0x017A, 0x017B, 0x017C, 0x017D, 0x017E,
    0x01A0, 0x01A1, 0x01AF, 0x01B0, 0x01FA, 0x01FB, 0x01FC, 0x01FD, 0x01FE, 0x01FF, 0x0219, 0x021A,
    0x021B, 0x0402, 0x0404, 0x0405, 0x0408, 0x0409, 0x040B, 0x040E, 0x0410, 0x0414, 0x0416, 0x0417,
    0x041B, 0x041E, 0x0421, 0x0422, 0x0423, 0x0424, 0x0425, 0x0427, 0x042A, 0x042D, 0x042F, 0x0430,
    0x0431, 0x0432, 0x0433, 0x0434, 0x0435, 0x0436, 0x0437, 0x0438, 0x0439, 0x043A, 0x043B, 0x043C,
    0x043D, 0x043E, 0x043F, 0x0440, 0x0441, 0x0442, 0x0443, 0x0444, 0x0445, 0x0446, 0x0447, 0x0448,
    0x0449, 0x044A, 0x044B, 0x044C, 0x044D, 0x044E, 0x044F, 0x0450, 0x0451, 0x0452, 0x0453, 0x0454,
    0x0455, 0x0457, 0x0458, 0x0459, 0x045A, 0x045B, 0x045C, 0x045D, 0x045E, 0x045F, 0x0460, 0x0461,
    0x0462, 0x0465, 0x0466, 0x0467, 0x0469, 0x046D, 0x046E, 0x0470, 0x0472, 0x0473, 0x0474, 0x0475,
    0x0476, 0x0477, 0x0478, 0x0479, 0x047A, 0x047B, 0x047C, 0x047D, 0x047E, 0x047F, 0x0480, 0x0481,
    0x048B, 0x048C, 0x048D, 0x048F, 0x0491, 0x0492, 0x0495, 0x0496, 0x0497, 0x0498, 0x0499, 0x049B,
    0x049D, 0x049F, 0x04A0, 0x04A1, 0x04A3, 0x04A5, 0x04A7, 0x04A8, 0x04A9, 0x04AA, 0x04AB, 0x04AC,
    0x04AD, 0x04AE, 0x04AF, 0x04B0, 0x04B1, 0x04B2, 0x04B3, 0x04B4, 0x04B5, 0x04B6, 0x04B7, 0x04B8,
    0x04B9, 0x04BB, 0x04BC, 0x04BD, 0x04BE, 0x04BF, 0x04C1, 0x04C2, 0x04C4, 0x04C5, 0x04C6, 0x04C8,
    0x04CA, 0x04CB, 0x04CC, 0x04CE, 0x04D0, 0x04D1, 0x04D2, 0x04D3, 0x04D4, 0x04D5, 0x04D7, 0x04D8,
    0x04D9, 0x04DA, 0x04DB, 0x04DC, 0x04DD, 0x04DE, 0x04DF, 0x04E3, 0x04E5, 0x04E6, 0x04E7, 0x04E8,
    0x04E9, 0x04EA, 0x04EB, 0x04EC, 0x04ED, 0x04EE, 0x04EF, 0x04F0, 0x04F1, 0x04F2, 0x04F3, 0x04F4,
    0x04F5, 0x04F7, 0x04F9, 0x04FA, 0x04FC, 0x04FD, 0x04FE, 0x04FF, 0x1EA0, 0x1EA1, 0x1EA2, 0x1EA3,
    0x1EA4, 0x1EA5, 0x1EA6, 0x1EA7, 0x1EA8, 0x1EA9, 0x1EAA, 0x1EAB, 0x1EAC, 0x1EAD, 0x1EAE, 0x1EAF,
    0x1EB0, 0x1EB1, 0x1EB2, 0x1EB3, 0x1EB4, 0x1EB5, 0x1EB6, 0x1EB7, 0x1EB9, 0x1EBB, 0x1EBD, 0x1EBF,
    0x1EC1, 0x1EC3, 0x1EC5, 0x1EC7, 0x1ECC, 0x1ECD, 0x1ECE, 0x1ECF, 0x1ED0, 0x1ED1, 0x1ED2, 0x1ED3,
    0x1ED4, 0x1ED5, 0x1ED6, 0x1ED7, 0x1ED8, 0x1ED9, 0x1EDA, 0x1EDB, 0x1EDC, 0x1EDD, 0x1EDE, 0x1EDF,
    0x1EE0, 0x1EE1, 0x1EE2, 0x1EE3, 0x1EE4, 0x1EE5, 0x1EE6, 0x1EE7, 0x1EE8, 0x1EE9, 0x1EEA, 0x1EEB,
    0x1EEC, 0x1EED, 0x1EEE, 0x1EEF, 0x1EF0, 0x1EF1, 0x1EF2, 0x1EF4, 0x1EF5, 0x1EF6, 0x1EF7, 0x1EF8,
    0x1EF9, 0x2013, 0x2014, 0x2015, 0x2018, 0x2019, 0x201A, 0x201C, 0x201D, 0x201E, 0x2026, 0x2039,
    0x203A, 0xFB00, 0xFB01, 0xFB02, 0xFB03, 0xFB04,
};

static const uint8_t sans7_boldKernRightClassIds[] = {
      1,   2,   3,   2,   4,   5,   6,   5,   7,   7,   8,   9,  10,  10,  11,  12,
     10,  10,  13,  14,  15,  15,  16,  17,  18,   4,  19,  20,  21,  21,  21,  22,
     23,  20,  24,  20,  20,  25,  25,  21,  25,  21,  25,  26,  22,  25,  27,  27,
     27,  27,  28,   4,  29,  30,   9,   9,   9,   9,   9,   9,  31,  10,  10,  10,
     10,  10,  10,  10,  14,  14,  14,  14,  17,  21,  19,  19,  19,  19,  19,  19,
     21,  21,  21,  21,  21,  21,  21,  21,  21,  21,  21,  25,  25,  25,  25,  27,
     20,  27,   9,  19,   9,  19,   9,  19,  10,  21,  10,  21,  10,  21,  10,  21,
     21,  21,  21,  21,  21,  21,  21,  10,  23,  10,  23,  10,  23,  10,  23,  20,
     32,  33,  20,  25,  20,  20,  20,  20,  25,  25,  25,  10,  21,  10,  21,  10,
     21,  10,  21,  25,  25,  26,  26,  13,  22,  13,  22,  13,  22,  14,  25,  14,
     25,  14,  25,  14,  25,  14,  25,  14,  25,  15,  27,  17,  27,  17,  18,  28,
     18,  28,  18,  28,  10,  21,  14,  25,   9,  19,  31,  19,  10,  21,  26,  13,
     22,  34,  35,  36,  37,  38,  34,  39,  40,  41,  42,  43,  38,  35,  35,  34,
     39,  44,  42,  45,  34,  43,  46,  47,  48,  49,  49,  50,  51,  52,  53,  49,
     49,  49,  54,  49,  49,  51,  49,  49,  51,  55,  56,  51,  52,  49,  57,  49,
     49,  55,  49,  49,  53,  49,  58,  51,  51,  59,  49,  51,  60,  61,  62,  54,
     49,  59,  49,  49,  56,  49,  63,  64,  65,  66,  40,  50,  66,  66,  43,  45,
     63,  47,  67,  64,  67,  64,  63,  47,  63,  47,  63,  47,  63,  64,  63,  47,
     66,  65,  59,  66,  66,  65,  66,  42,  52,  43,  53,  66,  66,  59,  68,  55,
     66,  66,  66,  63,  47,  63,  47,  34,  55,  69,  70,  69,  70,  42,  52,  68,
     55,  45,  57,  45,  57,  66,  71,  72,  71,  72,  42,  52,  66,  73,  50,  66,
     66,  45,  57,  66,  40,  74,  40,  74,  40,  74,  47,  75,  74,  75,  74,  42,
     52,  43,  53,  49,  49,  63,  47,  63,  47,  63,  47,  43,  53,  39,  56,  39,
     56,  39,  56,  45,  57,  66,  49,  65,  42,  52,  42,  52,   9,  19,   9,  19,
      9,  19,   9,  19,   9,  19,   9,  19,   9,  19,   9,  19,   9,  19,   9,  19,
      9,  19,   9,  19,  21,  21,  21,  21,  21,  21,  21,  21,  10,  21,  10,  21,
     10,  21,  10,  21,  10,  21,  10,  21,  10,  21,  10,  21,  10,  21,  10,  21,
     10,  21,  10,  21,  14,  25,  14,  25,  14,  25,  14,  25,  14,  25,  14,  25,
     14,  25,  17,  17,  27,  17,  27,  17,  27,   6,   6,   6,  76,   2,   5,  76,
      2,   5,   5,  29,  30,  22,  22,  22,  22,  22,
};

static const uint16_t sans7_boldKernRowOffsets[] = {
        0,    29,    32,    37,    54,    61,    66,    72,    73,    75,    82,    83,    87,    93,   100,   101,
      117,   119,   130,   143,   145,   146,   147,   150,   151,   154,   159,   162,   163,   167,   173,   182,
      186,   187,   193,   200,   202,   203,   208,   214,   217,   227,   230,   231,   244,   269,   275,   277,
      288,   303,   332,   351,   353,   357,   369,   385,   402,   420,   426,   438,   446,   457,   469,   481,
      493,   494,   498,   510,   528,   534,   548,   552,   556,   558,   563,   565,   572,   580,   583,   608,
      615,   631,   634,   639,   641,   653,   655,   658,   661,
};

static const uint8_t sans7_boldKernSparseCols[] = {
      8,  12,  14,  16,  18,  20,  22,  24,  25,  30,  32,  33,  37,  38,  39,  40,
     41,  43,  46,  49,  52,  53,  54,  55,  58,  60,  67,  72,  73,  12,  14,  16,
     11,  23,  36,  43,  61,   9,  12,  13,  14,  16,  33,  36,  38,  43,  44,  54,
     56,  62,  66,  67,  68,  70,  12,  33,  38,  41,  51,  54,  67,  33,  41,  43,
     44,  56,   1,   9,  11,  12,  14,  16,   4,   9,  28,   4,   8,  12,  14,  15,
     16,  17,  11,   3,   4,   7,   8,   1,   9,  12,  13,  14,  16,   2,   4,   8,
     15,  17,  28,  30,  28,   2,   4,   5,   7,   8,   9,  12,  18,  20,  22,  24,
     25,  26,  27,  28,  29,   4,   8,   4,   7,   8,   9,  18,  20,  22,  24,  25,
     28,  29,   2,   4,   7,   8,   9,  18,  20,  22,  24,  25,  27,  28,  29,   9,
     28,  11,   1,   1,  26,  27,   1,   1,   3,   4,   1,   4,  18,  20,  22,   1,
      4,   7,  20,  11,  12,  14,  16,  12,  14,  16,  33,  39,  67,  12,  14,  15,
     16,  33,  38,  41,  44,  67,  11,  12,  14,  16,   3,   1,   9,  11,  12,  14,
     16,   0,   1,   3,   7,  19,  31,  75,   3,  32,  11,   0,   1,   3,   7,  75,
      8,  10,  12,  14,  15,  16,  19,  21,  26,   8,   9,  10,  12,  14,  15,  16,
     18,  20,  22,  19,  21,  26,  36,   1,  33,  38,  44,  54,  55,  56,  64,  66,
     67,  68,  69,  75,   1,   4,   5,   6,  29,  33,  34,  37,  39,  40,  43,  46,
     47,  48,  49,  50,  51,  52,  53,  54,  55,  56,  57,  59,  67,  28,  34,  43,
     56,  62,  70,   4,  43,   1,   4,  33,  38,  44,  51,  54,  55,  57,  67,  75,
      1,   5,   6,  28,  34,  43,  44,  46,  47,  50,  54,  55,  56,  62,  70,   1,
      4,   5,   6,  28,  29,  34,  35,  37,  39,  40,  43,  45,  46,  47,  48,  49,
     50,  51,  52,  53,  56,  57,  58,  59,  62,  70,  71,  72,   1,  29,  33,  34,
     36,  38,  43,  44,  50,  54,  55,  56,  64,  66,  67,  68,  70,  74,  75,  51,
     55,   3,  51,  56,  57,   4,  36,  37,  40,  43,  44,  49,  53,  54,  55,  56,
     61,   4,  33,  37,  38,  39,  40,  41,  42,  49,  51,  53,  57,  66,  67,  68,
     72,   4,   5,   6,  28,  29,  37,  38,  39,  40,  41,  43,  46,  49,  50,  53,
     57,  72,   1,   3,   4,   6,  33,  35,  37,  38,  39,  40,  41,  42,  45,  49,
     51,  53,  57,  67,   1,  33,  38,  51,  54,  55,   1,  33,  38,  39,  41,  45,
     49,  51,  54,  55,  56,  57,   3,  33,  38,  41,  45,  51,  54,  55,   1,   4,
      5,  37,  39,  40,  41,  49,  50,  53,  75,   1,   4,  33,  36,  37,  40,  44,
     49,  53,  54,  56,  61,   1,  33,  38,  39,  41,  45,  49,  51,  54,  55,  56,
     57,   5,  33,  34,  38,  43,  44,  46,  50,  56,  57,  71,  75,  33,   1,  33,
     50,  57,   1,   4,  37,  39,  40,  41,  46,  49,  50,  53,  57,  75,   1,   6,
     33,  38,  39,  41,  43,  44,  45,  51,  54,  55,  56,  57,  63,  69,  71,  75,
      1,  33,  36,  54,  55,  61,   1,   4,   5,  37,  38,  39,  40,  41,  49,  50,
     53,  58,  60,  75,  33,  38,  45,  57,   1,  33,  58,  60,  36,  61,   1,  33,
     36,  54,  55,   4,  49,   1,  33,  44,  54,  66,  67,  68,   1,  46,  54,  55,
     56,  63,  69,  71,   4,  66,  68,   4,   5,  28,  29,  33,  34,  37,  39,  40,
     43,  46,  49,  51,  52,  54,  55,  56,  62,  63,  65,  69,  70,  71,  72,  73,
      4,   5,  39,  46,  49,  50,  53,   4,   5,  33,  39,  46,  49,  51,  52,  56,
     58,  62,  65,  67,  70,  71,  72,   4,  46,  49,  54,  56,  62,  70,  71,  46,
     56,   4,  39,  46,  49,  56,  58,  62,  65,  71,  72,  73,  74,   4,  49,  33,
     66,  68,   1,  51,  55,
};

static const int8_t sans7_boldKernSparseValues[] = {
     -16,    5,    5,    2,   -9,  -14,   -7,   -7,   -7,  -19,   16,    5,   -7,    5,  -16,  -14,
       5,   -2,   -9,  -16,    5,  -12,    7,    5,    7,    7,    5,  -14,   -5,  -14,   -5,   -7,
      21,    9,   23,   -7,   14,  -12,  -16,   -5,  -14,  -14,  -12,   14,   -5,   -9,  -19,   -9,
     -14,  -12,  -14,  -16,  -14,  -14,   -9,   -9,   -5,   -2,   -2,   -5,   -9,   -3,   -1,   -1,
      -1,   -1,  -16,   -5,   12,  -16,   -9,  -14,   -2,   -5,   -5,   -9,   -5,   -7,   -2,   -5,
      -2,   -2,   14,    5,  -14,    5,   -5,  -19,   -5,   -5,   -2,   -5,   -7,   -2,  -30,  -12,
      -5,   -2,   -5,   -7,   -2,   -5,  -14,   -9,    5,  -16,   -5,    5,  -19,  -16,  -16,  -12,
     -14,   -5,   -9,  -14,   -7,   -5,   -2,  -12,    5,   -9,   -2,   -5,   -5,   -2,   -2,   -2,
      -7,   -2,   -7,  -14,    5,  -14,   -5,  -12,  -12,  -12,   -7,   -9,   -5,  -19,   -7,   -2,
      -5,   22,   -2,   -2,   -5,   -2,    5,   14,    9,   -5,    9,  -37,   -5,   -5,   -2,    9,
      -9,    5,   -5,   12,   -5,   -2,   -7,   -7,   -2,   -7,   -7,   -2,   -2,  -14,   -7,   -5,
     -19,  -14,   -5,   -5,   -5,   -9,   23,   -9,   -7,   -9,   12,  -16,   -5,   26,  -16,   -9,
     -14,   27,   24,   34,   31,    7,   16,   22,   12,   28,   12,   31,   31,   38,   33,   22,
      -5,    5,   14,   16,   12,   14,    5,    9,   12,   -7,   -2,    5,   16,   16,   12,   14,
      -7,   -5,   -5,    5,   12,   12,   12,  -16,  -12,   -5,   -7,   -5,   -5,   -5,   -5,   -9,
     -14,  -12,   -5,   -7,    5,  -12,   -9,   -7,   -7,    5,   -5,   -6,  -16,   -6,   -8,   -9,
      -5,   -7,   -9,   -9,   -2,   -2,   -7,   -2,   -2,   -7,   -9,   -5,    2,   -5,   -5,   -7,
      -5,   -5,   -5,   -5,   -2,  -21,   -2,  -14,   -5,   -7,   -5,   -5,   -5,   -5,   -7,  -14,
       5,   -2,   -2,   -5,   -5,   -9,   -2,   -2,   -5,   -5,   -2,   -2,   -5,   -5,  -12,    5,
     -16,   -5,   -2,  -12,   -5,   -9,   -5,  -18,  -28,  -25,   -7,   -8,  -12,   -9,   -2,  -22,
     -17,   -7,   -5,  -12,   -5,  -12,   12,   -7,   -2,   -5,   -7,  -12,  -16,   -2,  -16,   -5,
      12,   -4,   -8,  -14,   -2,   -7,   -5,   -7,   -5,   -9,  -12,  -14,  -12,   -2,   -9,   -2,
      -2,   -2,   -2,   -4,   -2,    7,   21,    7,    9,   -2,   -6,    7,    7,   -2,    7,   -5,
      16,   -9,   -5,   -2,   -9,   -5,   -2,   -5,   -2,   -2,   -4,   -2,   -2,   -2,   -2,   -2,
      -5,  -30,   -2,   -2,   -5,   -2,  -14,   -5,  -12,  -14,   -5,   -2,   -6,  -12,   -2,   -9,
      -2,  -14,   -2,   -3,   -9,   -2,   -8,   -2,   -4,   -7,   -8,   -7,   -9,   -7,   -2,   -6,
      -4,   -4,   -2,   -5,   -2,   -9,   -8,   -5,   -2,   -2,   -1,  -14,   -9,   -2,   -7,   -5,
      -2,   -5,   -2,   -7,   -2,   -2,   -1,   -7,   -2,   -2,   -2,   -5,   -2,   -2,    7,   -9,
      -5,   -5,   -7,   -7,   -2,   -9,   -2,   -7,    9,   -2,    5,   -7,   23,    5,    7,   -4,
       5,    6,   -4,   -7,   14,   -1,   -9,   -9,   -2,   -5,   -5,   -2,   -5,   -2,   -7,   -2,
      -2,   -2,   -2,   -4,   -2,   -4,   -2,   -5,   -5,   -5,   -2,   -5,    7,   -7,    5,   -5,
      -2,   -2,    5,   -9,   -5,   -5,   -7,   -2,   -2,  -12,   -7,  -12,   -7,    9,  -19,   -2,
     -14,   -5,   -2,   -2,   -2,  -16,   -5,   -5,  -14,  -10,   -9,   -5,   -5,   -7,   -5,   -7,
      -2,   -9,   19,   -7,  -12,    5,    7,   -9,   -5,   -5,    6,   -7,   -7,   -2,   -9,   -2,
      -7,    6,    6,    9,   -5,   -7,   -2,   -5,    7,    5,   10,    4,    7,    5,   -2,   -9,
       9,   -7,  -12,   -9,   -5,   -9,   -9,   -9,   -5,   -7,   -5,   -7,  -16,   -5,  -12,   -7,
      -7,   -5,   -5,   -5,   -9,   -2,   -2,  -14,   -9,  -14,   -7,    5,   -5,   -9,  -16,  -12,
      -7,  -16,  -14,   -5,   -5,   -9,   -9,  -12,   -5,   -5,  -12,   -9,  -12,  -16,  -12,  -19,
     -12,   -5,   -7,   -2,   -9,   -2,   -7,  -12,   -5,    5,  -14,   -9,  -12,   -5,   -5,  -12,
       5,   -5,   -7,    5,   -5,   -7,   -9,   -7,   -5,   -7,   -5,  -12,   -5,  -12,   -5,   -2,
      -2,  -14,  -14,  -12,  -12,   -9,    5,   -5,   -7,   -9,   -9,   -9,   -2,   -9,   -2,   -5,
      -2,   -2,   -2,   -5,   -2,
};

static const EpdLigaturePair sans7_boldLigaturePairs[] = {
    { 0x00660066, 0xFB00 }, // f f -> U+FB00
    { 0x00660069, 0xFB01 }, // f i -> U+FB01
    { 0x0066006C, 0xFB02 }, // f l -> U+FB02
    { 0xFB000069, 0xFB03 }, // U+FB00 i -> U+FB03
    { 0xFB00006C, 0xFB04 }, // U+FB00 l -> U+FB04
};

static const EpdFontData sans7_bold = {
    sans7_boldBitmaps,
    sans7_boldGlyphs,
    sans7_boldIntervals,
    18,
    20,
    16,
    -5,
    false,
    nullptr,
    0,
    nullptr,
    nullptr,  // kernLeftClasses: built-in fonts use the split arrays below
    nullptr,  // kernRightClasses
    sans7_boldKernLeftCodepoints,
    sans7_boldKernLeftClassIds,
    sans7_boldKernRightCodepoints,
    sans7_boldKernRightClassIds,
    nullptr,  // kernMatrix: built-in fonts use the sparse form below
    sans7_boldKernRowOffsets,
    sans7_boldKernSparseCols,
    sans7_boldKernSparseValues,
    478,
    474,
    88,
    76,
    sans7_boldLigaturePairs,
    5,
};
