/**
 * generated by fontconvert.py
 * name: sans7_regular
 * size: 7
 * mode: 1-bit
 * Command used: fontconvert.py sans7_regular 7 /Users/agastyadehiya/Desktop/ereader/lib/EpdFont/builtinFonts/source/NotoSans/NotoSans-Regular.ttf --pnum --mono-threshold 4
 */
#pragma once
#include "EpdFontData.h"

static const uint8_t sans7_regularBitmaps[12101] = {
    0xFF, 0xFF, 0x3C, 0x4B, 0xD2, 0x94, 0x80, 0x09, 0x06, 0xC1, 0xB1, 0xFE, 0x7F, 0x8C, 0x83, 0x63,
    0xFE, 0x26, 0x09, 0x06, 0x40, 0x00, 0x18, 0x3E, 0x7E, 0x58, 0x78, 0x3C, 0x1E, 0x1B, 0x1B, 0x7E,
    0x18, 0x18, 0x30, 0x87, 0x88, 0x49, 0x8C, 0x90, 0x4B, 0x45, 0xFE, 0x75, 0xA0, 0xD3, 0x09, 0x31,
    0x9A, 0x10, 0xE0, 0x00, 0x1C, 0x07, 0xC0, 0x98, 0x13, 0x03, 0xC0, 0x70, 0x1F, 0x33, 0x36, 0x43,
    0x8C, 0x71, 0xFB, 0x00, 0x00, 0x4D, 0x24, 0x13, 0x66, 0x4C, 0xCC, 0xC4, 0x66, 0x30, 0x46, 0x62,
    0x33, 0x33, 0x33, 0x26, 0x40, 0x00, 0x18, 0x18, 0xFF, 0x7E, 0x3C, 0x3C, 0x24, 0x18, 0x18, 0x18,
    0x7F, 0x7E, 0x18, 0x18, 0x08, 0x6D, 0x60, 0x77, 0x80, 0xF0, 0x08, 0x61, 0x84, 0x30, 0xC2, 0x18,
    0x63, 0x0C, 0x00, 0x1C, 0x3E, 0x62, 0x63, 0x43, 0x43, 0x43, 0x43, 0x63, 0x66, 0x3E, 0x00, 0x11,
    0xFE, 0xB1, 0x8C, 0x63, 0x18, 0xC6, 0x38, 0x7E, 0x46, 0x06, 0x06, 0x04, 0x0C, 0x18, 0x30, 0x60,
    0xFF, 0x3C, 0x7E, 0x06, 0x02, 0x06, 0x3C, 0x0E, 0x03, 0x03, 0x46, 0x7E, 0x00, 0x06, 0x07, 0x03,
    0x83, 0xC3, 0x63, 0x31, 0x99, 0xFE, 0xFF, 0x03, 0x01, 0x80, 0x3E, 0x7E, 0x60, 0x60, 0x78, 0x7E,
    0x07, 0x03, 0x03, 0x46, 0x7C, 0x00, 0x0E, 0x3E, 0x60, 0x60, 0x5C, 0x7E, 0x63, 0x43, 0x63, 0x66,
    0x3E, 0x00, 0xFE, 0xFE, 0x06, 0x04, 0x0C, 0x0C, 0x18, 0x18, 0x30, 0x30, 0x60, 0x1C, 0x7E, 0x63,
    0x63, 0x76, 0x3C, 0x7E, 0x63, 0x43, 0x63, 0x3E, 0x00, 0x18, 0x7E, 0x62, 0x43, 0x43, 0x67, 0x3F,
    0x03, 0x06, 0x0E, 0x7C, 0x00, 0x3C, 0x03, 0xC0, 0x0D, 0x80, 0x03, 0x6B, 0x00, 0x03, 0x0F, 0x3C,
    0x60, 0x70, 0x1E, 0x07, 0x00, 0x00, 0x7F, 0x00, 0x00, 0x7F, 0x40, 0x70, 0x1C, 0x07, 0x0F, 0x38,
    0x60, 0x00, 0x7B, 0xF0, 0xC3, 0x0C, 0x63, 0x08, 0x00, 0x83, 0x00, 0x03, 0x00, 0xFF, 0x0C, 0x18,
    0xCF, 0x66, 0xF9, 0x24, 0x4D, 0x22, 0x49, 0x32, 0x4F, 0xF3, 0x32, 0x0C, 0x00, 0x3F, 0x80, 0x20,
    0x00, 0x08, 0x07, 0x01, 0xC0, 0x58, 0x36, 0x0C, 0x87, 0xF1, 0xFC, 0x61, 0xB0, 0x6C, 0x18, 0x78,
    0xFE, 0xC7, 0xC3, 0xC6, 0xFC, 0xC6, 0xC3, 0xC3, 0xC7, 0xFE, 0x0F, 0x1F, 0xCC, 0x0C, 0x06, 0x03,
    0x01, 0x80, 0xC0, 0x60, 0x18, 0x07, 0xE0, 0x00, 0x78, 0x7F, 0x30, 0xD8, 0x3C, 0x1E, 0x0F, 0x07,
    0x83, 0xC3, 0x67, 0xBF, 0x00, 0x7D, 0xFB, 0x06, 0x0C, 0x1F, 0xB0, 0x60, 0xC1, 0x83, 0xF0, 0x7D,
    0xFB, 0x06, 0x0C, 0x1F, 0xBF, 0x60, 0xC1, 0x83, 0x00, 0x0F, 0x0F, 0xE3, 0x01, 0x80, 0x60, 0x18,
    0xF6, 0x3D, 0x83, 0x60, 0xCE, 0x31, 0xFC, 0x00, 0x41, 0x60, 0xF0, 0x78, 0x3C, 0x1F, 0xFF, 0x07,
    0x83, 0xC1, 0xE0, 0xF0, 0x60, 0x73, 0x88, 0x42, 0x10, 0x84, 0x21, 0x3E, 0x18, 0xC6, 0x31, 0x8C,
    0x63, 0x18, 0xC6, 0x37, 0xB8, 0x43, 0x63, 0x33, 0x1B, 0x0D, 0x87, 0x83, 0xE1, 0x98, 0xCC, 0x63,
    0x30, 0xC0, 0x41, 0x83, 0x06, 0x0C, 0x18, 0x30, 0x60, 0xC1, 0x83, 0xF8, 0x40, 0x7C, 0x1F, 0x83,
    0xF8, 0x7F, 0x1F, 0xA2, 0xF6, 0xDE, 0xDB, 0xCE, 0x79, 0xCF, 0x19, 0x80, 0x40, 0xF0, 0xF8, 0x7E,
    0x3D, 0x9E, 0xCF, 0x37, 0x8F, 0xC7, 0xE1, 0xF0, 0x60, 0x0F, 0x07, 0xF1, 0xC3, 0x30, 0x66, 0x06,
    0xC0, 0xD8, 0x1B, 0x03, 0x60, 0xC6, 0x38, 0x7E, 0x00, 0x00, 0x78, 0xFE, 0xC6, 0xC6, 0xC6, 0xCE,
    0xFC, 0xC0, 0xC0, 0xC0, 0xC0, 0x0F, 0x07, 0xF1, 0xC3, 0x30, 0x66, 0x06, 0xC0, 0xD8, 0x1B, 0x03,
    0x60, 0xC6, 0x38, 0x7E, 0x01, 0x80, 0x18, 0x01, 0x80, 0x78, 0xFE, 0xC6, 0xC6, 0xC6, 0xFE, 0xF8,
    0xCC, 0xC6, 0xC6, 0xC3, 0x1C, 0x7E, 0x60, 0x60, 0x60, 0x3C, 0x0E, 0x06, 0x03, 0x46, 0x7C, 0x00,
    0xFF, 0xFF, 0x18, 0x18, 0x18, 0x18, 0x18, 0x18, 0x18, 0x18, 0x18, 0xC1, 0x60, 0xF0, 0x78, 0x3C,
    0x1E, 0x0F, 0x07, 0x83, 0xC1, 0x31, 0x9F, 0x80, 0x00, 0x81, 0xE0, 0xF0, 0xCC, 0x66, 0x31, 0x30,
    0xD8, 0x6C, 0x1C, 0x0E, 0x06, 0x00, 0x82, 0x0B, 0x0C, 0x2C, 0x71, 0x99, 0xE6, 0x65, 0x99, 0xB6,
    0xC6, 0xCB, 0x0F, 0x3C, 0x38, 0xF0, 0xE1, 0x81, 0x86, 0x00, 0x41, 0x31, 0x99, 0x86, 0xC1, 0xC0,
    0xC0, 0x70, 0x6C, 0x66, 0x31, 0xB0, 0xC0, 0x81, 0x61, 0x98, 0x8C, 0xC3, 0x41, 0xE0, 0x60, 0x30,
    0x18, 0x0C, 0x06, 0x00, 0x7F, 0x7F, 0x06, 0x06, 0x0C, 0x18, 0x18, 0x30, 0x60, 0x60, 0xFF, 0xEF,
    0xCC, 0xCC, 0xCC, 0xCC, 0xCC, 0xF6, 0x83, 0x04, 0x18, 0x60, 0x83, 0x0C, 0x18, 0x60, 0x80, 0xFF,
    0x33, 0x33, 0x33, 0x33, 0x33, 0xF6, 0x00, 0x18, 0x3C, 0x34, 0x26, 0x62, 0x43, 0x00, 0x7F, 0x7E,
    0x06, 0x20, 0x3C, 0x4C, 0x19, 0xF7, 0x78, 0xD1, 0xBF, 0x00, 0x00, 0xC0, 0xC0, 0xC0, 0xFC, 0xEE,
    0xC6, 0xC2, 0xC2, 0xC6, 0xE6, 0xFC, 0x00, 0x3E, 0xE9, 0x82, 0x04, 0x0C, 0x18, 0x1F, 0x00, 0x00,
    0x03, 0x03, 0x03, 0x3F, 0x77, 0x63, 0x43, 0x43, 0x63, 0x67, 0x3F, 0x00, 0x3C, 0x76, 0x63, 0x7F,
    0x7E, 0x60, 0x62, 0x3E, 0x00, 0x00, 0xF2, 0x18, 0xF9, 0x86, 0x18, 0x61, 0x86, 0x18, 0x3F, 0x77,
    0x63, 0x43, 0x43, 0x63, 0x63, 0x3F, 0x03, 0x03, 0x7E, 0x3C, 0x01, 0x83, 0x06, 0x0F, 0xDC, 0xF1,
    0xE3, 0xC7, 0x8F, 0x1E, 0x30, 0xF3, 0xFF, 0xFC, 0x33, 0x03, 0x33, 0x33, 0x33, 0x33, 0x3E, 0xC0,
    0x01, 0x83, 0x06, 0x0C, 0xDB, 0x3E, 0x78, 0xF1, 0xB3, 0x36, 0x70, 0x3F, 0xFF, 0xFF, 0xFD, 0xEE,
    0xF6, 0xC6, 0x3C, 0x63, 0xC6, 0x3C, 0x63, 0xC6, 0x3C, 0x63, 0xFD, 0xCF, 0x1E, 0x3C, 0x78, 0xF1,
    0xE3, 0x3E, 0x3B, 0x98, 0xC8, 0x64, 0x33, 0x19, 0x8C, 0x7C, 0x00, 0x00, 0xFC, 0xEE, 0xC6, 0xC2,
    0xC2, 0xC6, 0xE6, 0xFC, 0xC0, 0xC0, 0xC0, 0xC0, 0x3F, 0x77, 0x63, 0x43, 0x43, 0x63, 0x67, 0x3F,
    0x03, 0x03, 0x03, 0x03, 0xFF, 0xB1, 0x8C, 0x63, 0x18, 0x7C, 0xC9, 0x03, 0xC1, 0xC0, 0xC1, 0x3E,
    0x00, 0x23, 0x3E, 0xC6, 0x31, 0x8C, 0x61, 0xC0, 0xC7, 0x8F, 0x1E, 0x3C, 0x78, 0xF3, 0xBF, 0x00,
    0xC2, 0xC6, 0x46, 0x64, 0x6C, 0x3C, 0x38, 0x18, 0xC6, 0x2C, 0xE6, 0x4E, 0x66, 0xB6, 0x7B, 0x47,
    0x9C, 0x31, 0xC3, 0x1C, 0xC6, 0x66, 0x3C, 0x38, 0x38, 0x3C, 0x66, 0xC6, 0xC2, 0xC6, 0x66, 0x64,
    0x6C, 0x3C, 0x38, 0x18, 0x18, 0x30, 0xF0, 0xC0, 0x7C, 0x18, 0x20, 0xC3, 0x0C, 0x18, 0x7F, 0x08,
    0xE3, 0x0C, 0x30, 0xCE, 0x38, 0x30, 0xC3, 0x0C, 0x38, 0x00, 0x3F, 0xFF, 0xFF, 0xFF, 0x43, 0x83,
    0x0C, 0x30, 0xC3, 0x8E, 0x30, 0xC3, 0x0C, 0xE0, 0x00, 0x00, 0x7F, 0x4E, 0xF3, 0xFF, 0xFC, 0x10,
    0x31, 0xF6, 0x0C, 0x18, 0x30, 0x60, 0x7C, 0x78, 0x40, 0x00, 0x1E, 0x3F, 0x30, 0x20, 0x20, 0xFC,
    0x7C, 0x20, 0x20, 0x60, 0xFF, 0x00, 0x7E, 0x66, 0x62, 0x62, 0x7E, 0x7E, 0x00, 0xC1, 0x61, 0x98,
    0x8C, 0xC3, 0x40, 0xE1, 0xF8, 0x30, 0x7E, 0x0C, 0x06, 0x00, 0x3F, 0xF4, 0x0F, 0xFF, 0x00, 0xF9,
    0x83, 0x03, 0xCD, 0x91, 0xBA, 0x1C, 0x0D, 0x1B, 0xE0, 0x00, 0xD6, 0x80, 0x0F, 0x03, 0xDC, 0x67,
    0x64, 0xF2, 0x58, 0x3D, 0x83, 0x58, 0x34, 0x82, 0x6F, 0x63, 0x0C, 0x1F, 0x80, 0x00, 0x73, 0xDF,
    0xBF, 0xB0, 0x36, 0x69, 0xB2, 0xC6, 0xC6, 0xC0, 0x00, 0x7F, 0x7F, 0x03, 0x03, 0x00, 0x77, 0x80,
    0x0F, 0x03, 0xDC, 0x6E, 0x64, 0xF2, 0x49, 0x3C, 0xF3, 0x4F, 0x34, 0xB2, 0x69, 0xE3, 0x0C, 0x1F,
    0x80, 0x00, 0x00, 0x3F, 0xC0, 0x31, 0xE4, 0xD3, 0x78, 0x18, 0x18, 0x18, 0x7F, 0x7E, 0x18, 0x18,
    0x08, 0xFF, 0x67, 0xC6, 0x23, 0x23, 0xE0, 0x67, 0xC6, 0xE1, 0x8F, 0xC0, 0x06, 0x40, 0xC7, 0x8F,
    0x1E, 0x3C, 0x78, 0xF1, 0xFF, 0xC1, 0x83, 0x06, 0x00, 0x00, 0x3F, 0x7D, 0x7D, 0x7D, 0x7D, 0x7D,
    0x7D, 0x0D, 0x05, 0x05, 0x05, 0x05, 0x05, 0xF0, 0x46, 0xEC, 0x07, 0x73, 0x33, 0x30, 0x31, 0xEC,
    0xB2, 0x78, 0xC0, 0x48, 0xD8, 0xD9, 0xB6, 0xCB, 0x00, 0x00, 0x20, 0x8E, 0x31, 0xC4, 0x19, 0x83,
    0x20, 0x6D, 0x8F, 0x70, 0x4E, 0x1B, 0xC2, 0x7C, 0x83, 0x00, 0x20, 0x8E, 0x30, 0xCC, 0x19, 0x03,
    0x68, 0x6B, 0xCE, 0x18, 0xC2, 0x10, 0xC6, 0x31, 0x8F, 0x80, 0x70, 0x4F, 0x8C, 0x19, 0x87, 0x10,
    0x1B, 0x01, 0xAE, 0xF6, 0xE0, 0xDE, 0x0B, 0xE1, 0xBE, 0x10, 0x60, 0x18, 0x30, 0x00, 0x81, 0x06,
    0x18, 0x60, 0xC1, 0xF9, 0xF0, 0x00, 0x06, 0x00, 0xC0, 0x00, 0x08, 0x07, 0x01, 0xC0, 0x58, 0x36,
    0x0C, 0x87, 0xF1, 0xFC, 0x61, 0xB0, 0x6C, 0x18, 0x00, 0x01, 0x80, 0xC0, 0x00, 0x08, 0x07, 0x01,
    0xC0, 0x58, 0x36, 0x0C, 0x87, 0xF1, 0xFC, 0x61, 0xB0, 0x6C, 0x18, 0x00, 0x07, 0x03, 0x60, 0x00,
    0x08, 0x07, 0x01, 0xC0, 0x58, 0x36, 0x0C, 0x87, 0xF1, 0xFC, 0x61, 0xB0, 0x6C, 0x18, 0x1A, 0x0F,
    0x80, 0x00, 0x20, 0x1C, 0x07, 0x01, 0x60, 0xD8, 0x32, 0x1F, 0xC7, 0xF1, 0x86, 0xC1, 0xB0, 0x60,
    0x16, 0x05, 0x80, 0x00, 0x20, 0x1C, 0x07, 0x01, 0x60, 0xD8, 0x32, 0x1F, 0xC7, 0xF1, 0x86, 0xC1,
    0xB0, 0x60, 0x1C, 0x05, 0x01, 0xC0, 0x70, 0x1C, 0x05, 0x83, 0x60, 0xC8, 0x7F, 0x1F, 0xC6, 0x1B,
    0x06, 0xC1, 0x80, 0x03, 0xF8, 0x3F, 0xC1, 0xE0, 0x1B, 0x00, 0xD8, 0x0C, 0xFC, 0x7E, 0x07, 0xF0,
    0x31, 0x83, 0x0C, 0x18, 0x7E, 0x0F, 0x1F, 0xCC, 0x0C, 0x06, 0x03, 0x01, 0x80, 0xC0, 0x60, 0x18,
    0x07, 0xE0, 0x80, 0x60, 0x70, 0x30, 0x00, 0x60, 0x40, 0x07, 0xDF, 0xB0, 0x60, 0xC1, 0xFB, 0x06,
    0x0C, 0x18, 0x3F, 0x00, 0x00, 0x30, 0x60, 0x07, 0xDF, 0xB0, 0x60, 0xC1, 0xFB, 0x06, 0x0C, 0x18,
    0x3F, 0x00, 0x00, 0x71, 0xB0, 0x07, 0xDF, 0xB0, 0x60, 0xC1, 0xFB, 0x06, 0x0C, 0x18, 0x3F, 0x00,
    0x68, 0xD8, 0x03, 0xEF, 0xD8, 0x30, 0x60, 0xFD, 0x83, 0x06, 0x0C, 0x1F, 0x80, 0x03, 0x08, 0x07,
    0x38, 0x84, 0x21, 0x08, 0x42, 0x13, 0xE0, 0x01, 0xCC, 0x07, 0x38, 0x84, 0x21, 0x08, 0x42, 0x13,
    0xE0, 0x03, 0xB6, 0x07, 0x38, 0x84, 0x21, 0x08, 0x42, 0x13, 0xE0, 0xD6, 0xC0, 0xE7, 0x10, 0x84,
    0x21, 0x08, 0x42, 0x7C, 0x3C, 0x1F, 0xC6, 0x19, 0x83, 0x60, 0xFF, 0x37, 0x8D, 0x83, 0x61, 0x99,
    0xE7, 0xE0, 0x3A, 0x1F, 0x00, 0x08, 0x1E, 0x1F, 0x0F, 0xC7, 0xB3, 0xD9, 0xE6, 0xF1, 0xF8, 0xFC,
    0x3E, 0x0C, 0x00, 0x01, 0x80, 0x18, 0x00, 0x00, 0xF0, 0x7F, 0x1C, 0x33, 0x06, 0x60, 0x6C, 0x0D,
    0x81, 0xB0, 0x36, 0x0C, 0x63, 0x87, 0xE0, 0x00, 0x00, 0x00, 0x60, 0x18, 0x00, 0x00, 0xF0, 0x7F,
    0x1C, 0x33, 0x06, 0x60, 0x6C, 0x0D, 0x81, 0xB0, 0x36, 0x0C, 0x63, 0x87, 0xE0, 0x00, 0x00, 0x01,
    0xC0, 0x6C, 0x00, 0x00, 0xF0, 0x7F, 0x1C, 0x33, 0x06, 0x60, 0x6C, 0x0D, 0x81, 0xB0, 0x36, 0x0C,
    0x63, 0x87, 0xE0, 0x00, 0x0D, 0x03, 0xE0, 0x00, 0x07, 0x83, 0xF8, 0xE1, 0x98, 0x33, 0x03, 0x60,
    0x6C, 0x0D, 0x81, 0xB0, 0x63, 0x1C, 0x3F, 0x00, 0x00, 0x0B, 0x01, 0x60, 0x00, 0x07, 0x83, 0xF8,
    0xE1, 0x98, 0x33, 0x03, 0x60, 0x6C, 0x0D, 0x81, 0xB0, 0x63, 0x1C, 0x3F, 0x00, 0x00, 0x00, 0x66,
    0x3E, 0x1C, 0x3C, 0x76, 0x62, 0x00, 0x0F, 0xC7, 0xF9, 0xC7, 0x31, 0xE6, 0x26, 0xCC, 0xDB, 0x1B,
    0x43, 0x78, 0xC6, 0x39, 0xFE, 0x00, 0x00, 0x00, 0x0C, 0x06, 0x00, 0x0C, 0x16, 0x0F, 0x07, 0x83,
    0xC1, 0xE0, 0xF0, 0x78, 0x3C, 0x13, 0x19, 0xF8, 0x00, 0x00, 0x06, 0x02, 0x00, 0x0C, 0x16, 0x0F,
    0x07, 0x83, 0xC1, 0xE0, 0xF0, 0x78, 0x3C, 0x13, 0x19, 0xF8, 0x00, 0x00, 0x0E, 0x0D, 0x80, 0x0C,
    0x16, 0x0F, 0x07, 0x83, 0xC1, 0xE0, 0xF0, 0x78, 0x3C, 0x13, 0x19, 0xF8, 0x00, 0x34, 0x1A, 0x00,
    0x18, 0x2C, 0x1E, 0x0F, 0x07, 0x83, 0xC1, 0xE0, 0xF0, 0x78, 0x26, 0x33, 0xF0, 0x00, 0x00, 0x06,
    0x06, 0x00, 0x08, 0x16, 0x19, 0x88, 0xCC, 0x34, 0x1E, 0x06, 0x03, 0x01, 0x80, 0xC0, 0x60, 0x40,
    0xC0, 0xF8, 0xFE, 0xC6, 0xC6, 0xC6, 0xFE, 0xF8, 0xC0, 0xC0, 0x00, 0x7C, 0xC6, 0xC6, 0xCC, 0xD8,
    0xD8, 0xCC, 0xC6, 0xC3, 0xC3, 0xDE, 0x00, 0x00, 0x60, 0x60, 0x03, 0xC4, 0xC1, 0x9F, 0x77, 0x8D,
    0x1B, 0xF0, 0x00, 0x00, 0x18, 0x60, 0x03, 0xC4, 0xC1, 0x9F, 0x77, 0x8D, 0x1B, 0xF0, 0x00, 0x00,
    0x30, 0xF0, 0x03, 0xC4, 0xC1, 0x9F, 0x77, 0x8D, 0x1B, 0xF0, 0x00, 0x32, 0xFC, 0x01, 0xE2, 0x60,
    0xCF, 0xBB, 0xC6, 0x8D, 0xF8, 0x00, 0x24, 0x68, 0x01, 0xE2, 0x60, 0xCF, 0xBB, 0xC6, 0x8D, 0xF8,
    0x00, 0x18, 0x68, 0xF0, 0x03, 0xC4, 0xC1, 0x9F, 0x77, 0x8D, 0x1B, 0xF0, 0x00, 0x7D, 0xE6, 0x77,
    0x06, 0x33, 0xFF, 0x77, 0xFC, 0x60, 0x47, 0x07, 0xDF, 0x00, 0x00, 0x3E, 0xE9, 0x82, 0x04, 0x0C,
    0x18, 0x1F, 0x18, 0x18, 0x70, 0xC0, 0x00, 0x30, 0x18, 0x00, 0x3C, 0x76, 0x63, 0x7F, 0x7E, 0x60,
    0x62, 0x3E, 0x00, 0x00, 0x0C, 0x18, 0x00, 0x3C, 0x76, 0x63, 0x7F, 0x7E, 0x60, 0x62, 0x3E, 0x00,
    0x00, 0x1C, 0x34, 0x00, 0x3C, 0x76, 0x63, 0x7F, 0x7E, 0x60, 0x62, 0x3E, 0x00, 0x24, 0x34, 0x00,
    0x3C, 0x76, 0x63, 0x7F, 0x7E, 0x60, 0x62, 0x3E, 0x00, 0x06, 0x30, 0x33, 0x33, 0x33, 0x33, 0x06,
    0xC0, 0xCC, 0xCC, 0xCC, 0xCC, 0x01, 0xC5, 0x80, 0x30, 0xC3, 0x0C, 0x30, 0xC3, 0x0C, 0x4A, 0x40,
    0x63, 0x18, 0xC6, 0x31, 0x8C, 0x00, 0x0F, 0x07, 0x07, 0xC0, 0x21, 0xF9, 0xDC, 0xC6, 0x43, 0x21,
    0x98, 0xC7, 0xC0, 0x00, 0x74, 0xF8, 0x07, 0xEE, 0x78, 0xF1, 0xE3, 0xC7, 0x8F, 0x18, 0x00, 0x0C,
    0x02, 0x00, 0x03, 0xE3, 0xB9, 0x8C, 0x86, 0x43, 0x31, 0x98, 0xC7, 0xC0, 0x00, 0x00, 0x06, 0x03,
    0x00, 0x03, 0xE3, 0xB9, 0x8C, 0x86, 0x43, 0x31, 0x98, 0xC7, 0xC0, 0x00, 0x00, 0x0E, 0x0D, 0x80,
    0x03, 0xE3, 0xB9, 0x8C, 0x86, 0x43, 0x31, 0x98, 0xC7, 0xC0, 0x00, 0x3A, 0x1F, 0x00, 0x07, 0xC7,
    0x73, 0x19, 0x0C, 0x86, 0x63, 0x31, 0x8F, 0x80, 0x00, 0x34, 0x1B, 0x00, 0x07, 0xC7, 0x73, 0x19,
    0x0C, 0x86, 0x63, 0x31, 0x8F, 0x80, 0x00, 0x08, 0x18, 0x00, 0x7F, 0x7E, 0x08, 0x18, 0x00, 0x00,
    0x1F, 0x9D, 0xCC, 0xE4, 0xF2, 0xD9, 0xCC, 0xE6, 0x7E, 0x00, 0x00, 0x00, 0x60, 0x40, 0x0C, 0x78,
    0xF1, 0xE3, 0xC7, 0x8F, 0x3B, 0xF0, 0x00, 0x00, 0x38, 0x60, 0x0C, 0x78, 0xF1, 0xE3, 0xC7, 0x8F,
    0x3B, 0xF0, 0x00, 0x00, 0x71, 0xB0, 0x0C, 0x78, 0xF1, 0xE3, 0xC7, 0x8F, 0x3B, 0xF0, 0x00, 0x2C,
    0xD8, 0x06, 0x3C, 0x78, 0xF1, 0xE3, 0xC7, 0x9D, 0xF8, 0x00, 0x00, 0x0C, 0x18, 0x00, 0xC2, 0xC6,
    0x66, 0x64, 0x6C, 0x3C, 0x38, 0x18, 0x18, 0x30, 0xF0, 0xC0, 0x00, 0xC0, 0xC0, 0xC0, 0xFC, 0xEE,
    0xC6, 0xC2, 0xC2, 0xC6, 0xE6, 0xFC, 0xC0, 0xC0, 0xC0, 0xC0, 0x2C, 0x2C, 0x00, 0xC2, 0xC6, 0x66,
    0x64, 0x6C, 0x3C, 0x38, 0x18, 0x18, 0x30, 0xF0, 0xC0, 0x3E, 0x00, 0x00, 0x80, 0x70, 0x1C, 0x05,
    0x83, 0x60, 0xC8, 0x7F, 0x1F, 0xC6, 0x1B, 0x06, 0xC1, 0x80, 0x3C, 0x00, 0xF1, 0x30, 0x67, 0xDD,
    0xE3, 0x46, 0xFC, 0x00, 0x22, 0x07, 0x80, 0x00, 0x20, 0x1C, 0x07, 0x01, 0x60, 0xD8, 0x32, 0x1F,
    0xC7, 0xF1, 0x86, 0xC1, 0xB0, 0x60, 0x24, 0x78, 0x01, 0xE2, 0x60, 0xCF, 0xBB, 0xC6, 0x8D, 0xF8,
    0x00, 0x08, 0x07, 0x01, 0xC0, 0x58, 0x36, 0x0C, 0x87, 0xF1, 0xFC, 0x61, 0xB0, 0x6C, 0x18, 0x06,
    0x01, 0x00, 0x60, 0x00, 0x3C, 0x26, 0x06, 0x3E, 0x76, 0xC6, 0x46, 0x7E, 0x06, 0x04, 0x07, 0x00,
    0x00, 0x01, 0x81, 0x80, 0x00, 0xF1, 0xFC, 0xC0, 0xC0, 0x60, 0x30, 0x18, 0x0C, 0x06, 0x01, 0x80,
    0x7E, 0x00, 0x00, 0x18, 0x60, 0x03, 0xEE, 0x98, 0x20, 0x40, 0xC1, 0x81, 0xF0, 0x00, 0x00, 0x07,
    0x06, 0xC0, 0x00, 0xF1, 0xFC, 0xC0, 0xC0, 0x60, 0x30, 0x18, 0x0C, 0x06, 0x01, 0x80, 0x7E, 0x00,
    0x00, 0x38, 0xF0, 0x03, 0xEE, 0x98, 0x20, 0x40, 0xC1, 0x81, 0xF0, 0x00, 0x04, 0x02, 0x00, 0x01,
    0xE3, 0xF9, 0x81, 0x80, 0xC0, 0x60, 0x30, 0x18, 0x0C, 0x03, 0x00, 0xFC, 0x00, 0x18, 0x30, 0x01,
    0xF7, 0x4C, 0x10, 0x20, 0x60, 0xC0, 0xF8, 0x00, 0x00, 0x0D, 0x83, 0x80, 0x00, 0xF1, 0xFC, 0xC0,
    0xC0, 0x60, 0x30, 0x18, 0x0C, 0x06, 0x01, 0x80, 0x7E, 0x00, 0x00, 0x68, 0x70, 0x03, 0xEE, 0x98,
    0x20, 0x40, 0xC1, 0x81, 0xF0, 0x00, 0x00, 0x1B, 0x07, 0x00, 0x07, 0x87, 0xF3, 0x0D, 0x83, 0xC1,
    0xE0, 0xF0, 0x78, 0x3C, 0x36, 0x7B, 0xF0, 0x00, 0x00, 0x78, 0x0F, 0x01, 0x83, 0xF0, 0xEE, 0x18,
    0xC2, 0x18, 0x43, 0x0C, 0x61, 0x9C, 0x1F, 0x80, 0x00, 0x3C, 0x1F, 0xC6, 0x19, 0x83, 0x60, 0xFF,
    0x37, 0x8D, 0x83, 0x61, 0x99, 0xE7, 0xE0, 0x00, 0x01, 0x87, 0xE0, 0x63, 0xF3, 0xB9, 0x8C, 0x86,
    0x43, 0x31, 0x99, 0xC7, 0xE0, 0x00, 0x7C, 0x01, 0xF7, 0xEC, 0x18, 0x30, 0x7E, 0xC1, 0x83, 0x06,
    0x0F, 0xC0, 0x3E, 0x00, 0x3C, 0x76, 0x63, 0x7F, 0x7E, 0x60, 0x62, 0x3E, 0x00, 0x44, 0xF0, 0x03,
    0xEF, 0xD8, 0x30, 0x60, 0xFD, 0x83, 0x06, 0x0C, 0x1F, 0x80, 0x26, 0x3C, 0x00, 0x3C, 0x76, 0x63,
    0x7F, 0x7E, 0x60, 0x62, 0x3E, 0x00, 0x10, 0x20, 0x03, 0xEF, 0xD8, 0x30, 0x60, 0xFD, 0x83, 0x06,
    0x0C, 0x1F, 0x80, 0x18, 0x18, 0x00, 0x3C, 0x76, 0x63, 0x7F, 0x7E, 0x60, 0x62, 0x3E, 0x00, 0x7D,
    0xFB, 0x06, 0x0C, 0x1F, 0xB0, 0x60, 0xC1, 0x83, 0xF0, 0x60, 0x81, 0x80, 0x00, 0x3C, 0x76, 0x63,
    0x7F, 0x7E, 0x60, 0x62, 0x3E, 0x04, 0x0C, 0x06, 0x00, 0x00, 0xD8, 0xE0, 0x07, 0xDF, 0xB0, 0x60,
    0xC1, 0xFB, 0x06, 0x0C, 0x18, 0x3F, 0x00, 0x00, 0x34, 0x1C, 0x00, 0x3C, 0x76, 0x63, 0x7F, 0x7E,
    0x60, 0x62, 0x3E, 0x00, 0x00, 0x03, 0x80, 0xB0, 0x00, 0x0F, 0x0F, 0xE3, 0x01, 0x80, 0x60, 0x18,
    0xF6, 0x3D, 0x83, 0x60, 0xCE, 0x31, 0xFC, 0x00, 0x00, 0x1C, 0x36, 0x00, 0x3F, 0x77, 0x63, 0x43,
    0x43, 0x63, 0x63, 0x3F, 0x03, 0x03, 0x7E, 0x3C, 0x09, 0x03, 0xC0, 0x00, 0x3C, 0x3F, 0x8C, 0x06,
    0x01, 0x80, 0x63, 0xD8, 0xF6, 0x0D, 0x83, 0x38, 0xC7, 0xF0, 0x00, 0x26, 0x3C, 0x00, 0x3F, 0x77,
    0x63, 0x43, 0x43, 0x63, 0x63, 0x3F, 0x03, 0x03, 0x7E, 0x3C, 0x06, 0x01, 0x80, 0x00, 0x3C, 0x3F,
    0x8C, 0x06, 0x01, 0x80, 0x63, 0xD8, 0xF6, 0x0D, 0x83, 0x38, 0xC7, 0xF0, 0x00, 0x08, 0x18, 0x00,
    0x3F, 0x77, 0x63, 0x43, 0x43, 0x63, 0x63, 0x3F, 0x03, 0x03, 0x7E, 0x3C, 0x0F, 0x0F, 0xE3, 0x01,
    0x80, 0x60, 0x18, 0xF6, 0x3D, 0x83, 0x60, 0xCE, 0x31, 0xFC, 0x00, 0x06, 0x01, 0x00, 0x00, 0x00,
    0x08, 0x18, 0x00, 0x3F, 0x77, 0x63, 0x43, 0x43, 0x63, 0x63, 0x3F, 0x03, 0x03, 0x7E, 0x3C, 0x00,
    0x0E, 0x0D, 0x80, 0x04, 0x16, 0x0F, 0x07, 0x83, 0xC1, 0xFF, 0xF0, 0x78, 0x3C, 0x1E, 0x0F, 0x06,
    0x00, 0x38, 0x16, 0x00, 0x03, 0x01, 0x80, 0xC0, 0x7E, 0x39, 0x98, 0xCC, 0x66, 0x33, 0x19, 0x8C,
    0xC6, 0x20, 0x8C, 0x1B, 0xFF, 0xFF, 0xF6, 0x0C, 0xFF, 0x98, 0x33, 0x06, 0x60, 0xCC, 0x19, 0x83,
    0x00, 0x00, 0x60, 0xFC, 0x60, 0x7E, 0x7F, 0x63, 0x63, 0x63, 0x63, 0x63, 0x63, 0x74, 0xF8, 0x01,
    0xC3, 0x82, 0x04, 0x08, 0x10, 0x20, 0x40, 0x81, 0x0F, 0x80, 0x67, 0xE0, 0x0C, 0x30, 0xC3, 0x0C,
    0x30, 0xC3, 0x00, 0xF8, 0x1C, 0xE2, 0x10, 0x84, 0x21, 0x08, 0x4F, 0x80, 0xF8, 0x03, 0x0C, 0x30,
    0xC3, 0x0C, 0x30, 0xC0, 0x8F, 0x80, 0xE7, 0x10, 0x84, 0x21, 0x08, 0x42, 0x7C, 0xC9, 0xE0, 0x0C,
    0x30, 0xC3, 0x0C, 0x30, 0xC3, 0x00, 0x73, 0x88, 0x42, 0x10, 0x84, 0x21, 0x3E, 0x62, 0x18, 0x00,
    0x6C, 0x36, 0xDB, 0x6D, 0xAD, 0xC0, 0x21, 0x00, 0xE7, 0x10, 0x84, 0x21, 0x08, 0x42, 0x7C, 0xFF,
    0xFF, 0x72, 0x73, 0x23, 0x23, 0x23, 0x23, 0x23, 0x23, 0x23, 0x23, 0xFB, 0x03, 0x0E, 0x0E, 0xCB,
    0x20, 0x32, 0xCF, 0x3C, 0xF3, 0xCF, 0x3C, 0xC3, 0x0C, 0xE3, 0x00, 0x00, 0x30, 0xF0, 0x01, 0x83,
    0x06, 0x0C, 0x18, 0x30, 0x60, 0xC1, 0x83, 0x06, 0x0C, 0x78, 0xE0, 0x01, 0xC5, 0x80, 0x30, 0xC3,
    0x0C, 0x30, 0xC3, 0x0C, 0x30, 0xCE, 0x30, 0x43, 0x63, 0x33, 0x1B, 0x0D, 0x87, 0x83, 0xE1, 0x98,
    0xCC, 0x63, 0x30, 0xC0, 0x01, 0x80, 0x80, 0x00, 0x01, 0x83, 0x06, 0x0C, 0xDB, 0x3E, 0x78, 0xF1,
    0xB3, 0x36, 0x70, 0x06, 0x08, 0x00, 0xCD, 0xBB, 0x67, 0x8F, 0x1B, 0x33, 0x67, 0x00, 0xC3, 0x00,
    0x04, 0x18, 0x30, 0x60, 0xC1, 0x83, 0x06, 0x0C, 0x18, 0x3F, 0x80, 0x06, 0xC0, 0xCC, 0xCC, 0xCC,
    0xCC, 0xCC, 0xC0, 0x41, 0x83, 0x06, 0x0C, 0x18, 0x30, 0x60, 0xC1, 0x83, 0xF8, 0x01, 0x06, 0x00,
    0x00, 0x0D, 0xB6, 0xDB, 0x6D, 0xB0, 0xD0, 0x45, 0x8B, 0x36, 0x0C, 0x18, 0x30, 0x60, 0xC1, 0x83,
    0xF8, 0x0F, 0xFC, 0xCC, 0xCC, 0xCC, 0xCC, 0x41, 0x83, 0x06, 0x0C, 0x19, 0x32, 0x60, 0xC1, 0x83,
    0xF8, 0x0C, 0xCC, 0xCF, 0xFC, 0xCC, 0xCC, 0x20, 0x60, 0x60, 0x60, 0x68, 0x78, 0x60, 0xE0, 0x60,
    0x60, 0x7F, 0x01, 0x8C, 0x63, 0x1C, 0xEE, 0x31, 0x8C, 0x60, 0x00, 0x03, 0x03, 0x00, 0x04, 0x0F,
    0x0F, 0x87, 0xE3, 0xD9, 0xEC, 0xF3, 0x78, 0xFC, 0x7E, 0x1F, 0x06, 0x00, 0x38, 0x60, 0x0F, 0xDC,
    0xF1, 0xE3, 0xC7, 0x8F, 0x1E, 0x30, 0x40, 0xF0, 0xF8, 0x7E, 0x3D, 0x9E, 0xCF, 0x37, 0x8F, 0xC7,
    0xE1, 0xF0, 0x60, 0x00, 0xC0, 0x40, 0x00, 0xFD, 0xCF, 0x1E, 0x3C, 0x78, 0xF1, 0xE3, 0x00, 0x30,
    0x40, 0x00, 0x00, 0x1B, 0x07, 0x00, 0x04, 0x0F, 0x0F, 0x87, 0xE3, 0xD9, 0xEC, 0xF3, 0x78, 0xFC,
    0x7E, 0x1F, 0x06, 0x00, 0xD8, 0xE0, 0x0F, 0xDC, 0xF1, 0xE3, 0xC7, 0x8F, 0x1E, 0x30, 0x40, 0x60,
    0x30, 0x1F, 0xE3, 0x99, 0x8C, 0xC6, 0x63, 0x31, 0x98, 0xCC, 0x60, 0x40, 0xF0, 0xF8, 0x7E, 0x3D,
    0x9E, 0xCF, 0x37, 0x8F, 0xC7, 0xE1, 0xF0, 0x60, 0x30, 0x78, 0x38, 0xFD, 0xCF, 0x1E, 0x3C, 0x78,
    0xF1, 0xE3, 0x06, 0x0C, 0x38, 0x60, 0x1F, 0x00, 0x00, 0x3C, 0x1F, 0xC7, 0x0C, 0xC1, 0x98, 0x1B,
    0x03, 0x60, 0x6C, 0x0D, 0x83, 0x18, 0xE1, 0xF8, 0x00, 0x00, 0x3E, 0x00, 0x0F, 0x8E, 0xE6, 0x32,
    0x19, 0x0C, 0xC6, 0x63, 0x1F, 0x00, 0x00, 0x19, 0x01, 0xE0, 0x00, 0x07, 0x83, 0xF8, 0xE1, 0x98,
    0x33, 0x03, 0x60, 0x6C, 0x0D, 0x81, 0xB0, 0x63, 0x1C, 0x3F, 0x00, 0x00, 0x22, 0x1E, 0x00, 0x07,
    0xC7, 0x73, 0x19, 0x0C, 0x86, 0x63, 0x31, 0x8F, 0x80, 0x00, 0x00, 0x01, 0xE0, 0x68, 0x00, 0x00,
    0xF0, 0x7F, 0x1C, 0x33, 0x06, 0x60, 0x6C, 0x0D, 0x81, 0xB0, 0x36, 0x0C, 0x63, 0x87, 0xE0, 0x00,
    0x00, 0x1B, 0x0F, 0x00, 0x03, 0xE3, 0xB9, 0x8C, 0x86, 0x43, 0x31, 0x98, 0xC7, 0xC0, 0x00, 0x0F,
    0xF9, 0xFF, 0xDC, 0x60, 0xC3, 0x06, 0x18, 0x30, 0xFD, 0x86, 0x0C, 0x30, 0x61, 0x81, 0x8C, 0x07,
    0xFE, 0x00, 0x00, 0x3C, 0xF1, 0xDE, 0x66, 0x31, 0x90, 0xFE, 0x43, 0xF9, 0x8C, 0x06, 0x78, 0x0F,
    0xBE, 0x00, 0x00, 0x00, 0x0C, 0x18, 0x00, 0x78, 0xFE, 0xC6, 0xC6, 0xC6, 0xFE, 0xF8, 0xCC, 0xC6,
    0xC6, 0xC3, 0x01, 0xCC, 0x0F, 0xFB, 0x18, 0xC6, 0x31, 0x80, 0x78, 0xFE, 0xC6, 0xC6, 0xC6, 0xFE,
    0xF8, 0xCC, 0xC6, 0xC6, 0xC3, 0x00, 0x18, 0x10, 0x00, 0x7D, 0xE6, 0x18, 0x61, 0x86, 0x18, 0x01,
    0x84, 0x00, 0x00, 0x6C, 0x38, 0x00, 0x78, 0xFE, 0xC6, 0xC6, 0xC6, 0xFE, 0xF8, 0xCC, 0xC6, 0xC6,
    0xC3, 0x06, 0xDC, 0x0F, 0xFB, 0x18, 0xC6, 0x31, 0x80, 0x00, 0x0C, 0x18, 0x00, 0x1C, 0x7E, 0x60,
    0x60, 0x60, 0x3C, 0x0E, 0x06, 0x03, 0x46, 0x7C, 0x00, 0x00, 0x38, 0x60, 0x07, 0xCC, 0x90, 0x3C,
    0x1C, 0x0C, 0x13, 0xE0, 0x00, 0x00, 0x1C, 0x34, 0x00, 0x1C, 0x7E, 0x60, 0x60, 0x60, 0x3C, 0x0E,
    0x06, 0x03, 0x46, 0x7C, 0x00, 0x00, 0x71, 0xB0, 0x07, 0xCC, 0x90, 0x3C, 0x1C, 0x0C, 0x13, 0xE0,
    0x00, 0x1C, 0x7E, 0x60, 0x60, 0x60, 0x3C, 0x0E, 0x06, 0x03, 0x46, 0x7C, 0x10, 0x18, 0x18, 0x30,
    0x7C, 0xC9, 0x03, 0xC1, 0xC0, 0xC1, 0x3E, 0x10, 0x30, 0xE1, 0x80, 0x00, 0x34, 0x1C, 0x00, 0x1C,
    0x7E, 0x60, 0x60, 0x60, 0x3C, 0x0E, 0x06, 0x03, 0x46, 0x7C, 0x00, 0x00, 0xD8, 0xE0, 0x07, 0xCC,
    0x90, 0x3C, 0x1C, 0x0C, 0x13, 0xE0, 0x00, 0xFF, 0xFF, 0x18, 0x18, 0x18, 0x18, 0x18, 0x18, 0x18,
    0x18, 0x18, 0x18, 0x1C, 0x1C, 0x18, 0x23, 0x3E, 0xC6, 0x31, 0x8C, 0x61, 0xCC, 0x33, 0x98, 0x00,
    0x3C, 0x18, 0x00, 0xFF, 0xFF, 0x18, 0x18, 0x18, 0x18, 0x18, 0x18, 0x18, 0x18, 0x18, 0x00, 0x0C,
    0x93, 0x0F, 0x8C, 0x18, 0x30, 0x60, 0xC1, 0x81, 0xC0, 0x00, 0xFF, 0xFF, 0x18, 0x18, 0x18, 0x7E,
    0x3C, 0x18, 0x18, 0x18, 0x18, 0x23, 0x3E, 0xC6, 0x7D, 0x8C, 0x61, 0xC0, 0x3A, 0x1F, 0x00, 0x18,
    0x2C, 0x1E, 0x0F, 0x07, 0x83, 0xC1, 0xE0, 0xF0, 0x78, 0x26, 0x33, 0xF0, 0x00, 0x74, 0xF8, 0x06,
    0x3C, 0x78, 0xF1, 0xE3, 0xC7, 0x9D, 0xF8, 0x00, 0x3E, 0x00, 0x30, 0x58, 0x3C, 0x1E, 0x0F, 0x07,
    0x83, 0xC1, 0xE0, 0xF0, 0x4C, 0x67, 0xE0, 0x00, 0x7C, 0x03, 0x1E, 0x3C, 0x78, 0xF1, 0xE3, 0xCE,
    0xFC, 0x00, 0x26, 0x1E, 0x00, 0x18, 0x2C, 0x1E, 0x0F, 0x07, 0x83, 0xC1, 0xE0, 0xF0, 0x78, 0x26,
    0x33, 0xF0, 0x00, 0x44, 0xF0, 0x06, 0x3C, 0x78, 0xF1, 0xE3, 0xC7, 0x9D, 0xF8, 0x00, 0x1C, 0x0A,
    0x07, 0x00, 0x0C, 0x16, 0x0F, 0x07, 0x83, 0xC1, 0xE0, 0xF0, 0x78, 0x3C, 0x13, 0x19, 0xF8, 0x00,
    0x38, 0x50, 0xE0, 0x0C, 0x78, 0xF1, 0xE3, 0xC7, 0x8F, 0x3B, 0xF0, 0x00, 0x00, 0x1B, 0x0B, 0x00,
    0x0C, 0x16, 0x0F, 0x07, 0x83, 0xC1, 0xE0, 0xF0, 0x78, 0x3C, 0x13, 0x19, 0xF8, 0x00, 0x00, 0x59,
    0xA0, 0x0C, 0x78, 0xF1, 0xE3, 0xC7, 0x8F, 0x3B, 0xF0, 0x00, 0xC1, 0x60, 0xF0, 0x78, 0x3C, 0x1E,
    0x0F, 0x07, 0x83, 0xC1, 0x31, 0x9F, 0x80, 0x80, 0x40, 0x30, 0x00, 0xC7, 0x8F, 0x1E, 0x3C, 0x78,
    0xF3, 0xBF, 0x04, 0x18, 0x38, 0x00, 0x00, 0x00, 0x1C, 0x00, 0xD8, 0x00, 0x00, 0x82, 0x0B, 0x0C,
    0x2C, 0x71, 0x99, 0xE6, 0x65, 0x99, 0xB6, 0xC6, 0xCB, 0x0F, 0x3C, 0x38, 0xF0, 0xE1, 0x81, 0x86,
    0x00, 0x00, 0x00, 0xE0, 0x1B, 0x00, 0x00, 0xC6, 0x2C, 0xE6, 0x4E, 0x66, 0xB6, 0x7B, 0x47, 0x9C,
    0x31, 0xC3, 0x1C, 0x00, 0x0C, 0x0F, 0x00, 0x08, 0x16, 0x19, 0x88, 0xCC, 0x34, 0x1E, 0x06, 0x03,
    0x01, 0x80, 0xC0, 0x60, 0x00, 0x38, 0x6C, 0x00, 0xC2, 0xC6, 0x66, 0x64, 0x6C, 0x3C, 0x38, 0x18,
    0x18, 0x30, 0xF0, 0xC0, 0x24, 0x1A, 0x00, 0x10, 0x2C, 0x33, 0x11, 0x98, 0x68, 0x3C, 0x0C, 0x06,
    0x03, 0x01, 0x80, 0xC0, 0x00, 0x0C, 0x08, 0x00, 0x7F, 0x7F, 0x06, 0x06, 0x0C, 0x18, 0x18, 0x30,
    0x60, 0x60, 0xFF, 0x00, 0x30, 0x60, 0x07, 0xC1, 0x82, 0x0C, 0x30, 0xC1, 0x87, 0xF0, 0x18, 0x18,
    0x00, 0x7F, 0x7F, 0x06, 0x06, 0x0C, 0x18, 0x18, 0x30, 0x60, 0x60, 0xFF, 0x10, 0x20, 0x03, 0xE0,
    0xC1, 0x06, 0x18, 0x60, 0xC3, 0xF8, 0x00, 0x36, 0x1C, 0x00, 0x7F, 0x7F, 0x06, 0x06, 0x0C, 0x18,
    0x18, 0x30, 0x60, 0x60, 0xFF, 0x00, 0xD8, 0xE0, 0x07, 0xC1, 0x82, 0x0C, 0x30, 0xC1, 0x87, 0xF0,
    0x03, 0xB1, 0x8C, 0x63, 0x18, 0xC6, 0x31, 0x80, 0x00, 0x00, 0xF3, 0x3F, 0xA7, 0x0E, 0x60, 0xC6,
    0x06, 0x60, 0x66, 0x06, 0x60, 0x66, 0x0C, 0x31, 0xC1, 0xF8, 0x00, 0x00, 0x00, 0x00, 0x33, 0xF9,
    0xDC, 0x63, 0x10, 0xC4, 0x31, 0x8C, 0x63, 0x0F, 0x80, 0x00, 0x00, 0x18, 0x2F, 0x07, 0xE0, 0xEC,
    0x19, 0x83, 0x30, 0x66, 0x0C, 0xC1, 0x98, 0x21, 0x8C, 0x1F, 0x00, 0x00, 0x00, 0x00, 0x2C, 0x7B,
    0x1C, 0xC6, 0x31, 0x8C, 0x63, 0x18, 0xCE, 0x1F, 0x80, 0x00, 0x00, 0x00, 0x00, 0x06, 0xC0, 0x00,
    0xE0, 0x00, 0x00, 0x78, 0x3F, 0xBF, 0x8F, 0xEC, 0x30, 0x1B, 0x06, 0x0C, 0xC1, 0x86, 0x30, 0x61,
    0x8C, 0x18, 0xC3, 0x06, 0x60, 0xC3, 0x18, 0x33, 0xCC, 0x0F, 0xC3, 0xFC, 0x00, 0x00, 0x78, 0x1E,
    0xFE, 0x0C, 0xC3, 0x00, 0xC1, 0xBF, 0xC1, 0x83, 0xC1, 0x86, 0xC1, 0x84, 0xC1, 0x8C, 0xC3, 0x18,
    0xCF, 0x30, 0xFC, 0x3F, 0x00, 0x00, 0x03, 0x36, 0x03, 0x1C, 0x03, 0x00, 0x3F, 0x3E, 0x77, 0x06,
    0x63, 0x04, 0x43, 0x0C, 0x43, 0x18, 0x63, 0x30, 0x67, 0x30, 0x3F, 0x7E, 0x00, 0x00, 0x40, 0xB0,
    0x3C, 0x0F, 0x03, 0xC0, 0xF0, 0x3C, 0x0F, 0x03, 0xC0, 0xF0, 0x3F, 0xEC, 0x02, 0x03, 0x81, 0xC0,
    0x40, 0xB0, 0x2C, 0x03, 0x02, 0xC0, 0xB0, 0x2C, 0x0B, 0x02, 0xC0, 0xB0, 0x2F, 0xE8, 0x02, 0x00,
    0x80, 0xE0, 0x30, 0x03, 0x2C, 0xB0, 0xCB, 0x3C, 0xF3, 0xCF, 0x3C, 0xF3, 0x0C, 0x33, 0x8C, 0x40,
    0x8F, 0x0C, 0xF8, 0x67, 0xE3, 0x3D, 0x99, 0xEC, 0xCF, 0x36, 0x78, 0xF3, 0xC7, 0x9E, 0x1C, 0xF0,
    0x66, 0x00, 0x30, 0x07, 0x80, 0x38, 0x40, 0x9F, 0x0C, 0xF8, 0x61, 0xE3, 0x3D, 0x99, 0xEC, 0xCF,
    0x36, 0x78, 0xF3, 0xC7, 0x9E, 0x1C, 0xF0, 0x66, 0x00, 0x30, 0x01, 0x80, 0x3C, 0x01, 0xC0, 0x00,
    0x60, 0x0C, 0x00, 0x7E, 0x3E, 0x67, 0x8C, 0xF1, 0x9E, 0x33, 0xC6, 0x78, 0xCF, 0x19, 0x80, 0x30,
    0x06, 0x03, 0x80, 0x60, 0x00, 0x0D, 0x81, 0xC0, 0x00, 0x08, 0x07, 0x01, 0xC0, 0x58, 0x36, 0x0C,
    0x87, 0xF1, 0xFC, 0x61, 0xB0, 0x6C, 0x18, 0x00, 0x78, 0x60, 0x03, 0xC4, 0xC1, 0x9F, 0x77, 0x8D,
    0x1B, 0xF0, 0x00, 0x06, 0xDC, 0x07, 0x38, 0x84, 0x21, 0x08, 0x42, 0x13, 0xE0, 0x01, 0x67, 0x00,
    0x30, 0xC3, 0x0C, 0x30, 0xC3, 0x0C, 0x00, 0x03, 0x60, 0x38, 0x00, 0x00, 0xF0, 0x7F, 0x1C, 0x33,
    0x06, 0x60, 0x6C, 0x0D, 0x81, 0xB0, 0x36, 0x0C, 0x63, 0x87, 0xE0, 0x00, 0x00, 0x1B, 0x07, 0x00,
    0x03, 0xE3, 0xB9, 0x8C, 0x86, 0x43, 0x31, 0x98, 0xC7, 0xC0, 0x00, 0x00, 0x1B, 0x07, 0x00, 0x0C,
    0x16, 0x0F, 0x07, 0x83, 0xC1, 0xE0, 0xF0, 0x78, 0x3C, 0x13, 0x19, 0xF8, 0x00, 0x00, 0xD8, 0xE0,
    0x0C, 0x78, 0xF1, 0xE3, 0xC7, 0x8F, 0x3B, 0xF0, 0x00, 0x3E, 0x0E, 0x0D, 0x06, 0x8C, 0x16, 0x0F,
    0x07, 0x83, 0xC1, 0xE0, 0xF0, 0x78, 0x3C, 0x13, 0x19, 0xF8, 0x00, 0x00, 0xF8, 0x03, 0x60, 0x18,
    0xF1, 0xE3, 0xC7, 0x8F, 0x1E, 0x77, 0xE0, 0x00, 0x04, 0x06, 0x02, 0x06, 0x83, 0x46, 0x0B, 0x07,
    0x83, 0xC1, 0xE0, 0xF0, 0x78, 0x3C, 0x1E, 0x09, 0x8C, 0xFC, 0x00, 0x00, 0x0C, 0x30, 0x43, 0x60,
    0x18, 0xF1, 0xE3, 0xC7, 0x8F, 0x1E, 0x77, 0xE0, 0x00, 0x22, 0x1E, 0x06, 0x06, 0x83, 0x46, 0x0B,
    0x07, 0x83, 0xC1, 0xE0, 0xF0, 0x78, 0x3C, 0x1E, 0x09, 0x8C, 0xFC, 0x00, 0x00, 0x6C, 0x70, 0x43,
    0x60, 0x18, 0xF1, 0xE3, 0xC7, 0x8F, 0x1E, 0x77, 0xE0, 0x00, 0x00, 0x18, 0x02, 0x06, 0x83, 0x46,
    0x0B, 0x07, 0x83, 0xC1, 0xE0, 0xF0, 0x78, 0x3C, 0x1E, 0x09, 0x8C, 0xFC, 0x00, 0x00, 0x60, 0x60,
    0x43, 0x60, 0x18, 0xF1, 0xE3, 0xC7, 0x8F, 0x1E, 0x77, 0xE0, 0x00, 0x7C, 0x4E, 0x02, 0x03, 0x7F,
    0x42, 0x66, 0x3C, 0x00, 0x3E, 0x07, 0x01, 0x60, 0x58, 0x08, 0x07, 0x01, 0xC0, 0x58, 0x36, 0x0C,
    0x87, 0xF1, 0xFC, 0x61, 0xB0, 0x6C, 0x18, 0x00, 0x78, 0x01, 0xA0, 0x07, 0x89, 0x83, 0x3E, 0xEF,
    0x1A, 0x37, 0xE0, 0x00, 0x3E, 0x07, 0x80, 0x80, 0x20, 0x08, 0x07, 0x01, 0xC0, 0x58, 0x36, 0x0C,
    0x87, 0xF1, 0xFC, 0x61, 0xB0, 0x6C, 0x18, 0x00, 0x78, 0x20, 0xC0, 0x07, 0x89, 0x83, 0x3E, 0xEF,
    0x1A, 0x37, 0xE0, 0x00, 0x03, 0xE0, 0x00, 0x00, 0xFE, 0x0F, 0xF0, 0x78, 0x06, 0xC0, 0x36, 0x03,
    0x3F, 0x1F, 0x81, 0xFC, 0x0C, 0x60, 0xC3, 0x06, 0x1F, 0x80, 0x0F, 0x80, 0x00, 0x7D, 0xE6, 0x77,
    0x06, 0x33, 0xFF, 0x77, 0xFC, 0x60, 0x47, 0x07, 0xDF, 0x00, 0x00, 0x0F, 0x07, 0xF0, 0xC0, 0x30,
    0x06, 0x00, 0xC7, 0x98, 0xF3, 0x1E, 0x63, 0xE7, 0x18, 0x7F, 0x00, 0x00, 0x3F, 0x3B, 0x98, 0xC8,
    0x64, 0x33, 0x19, 0xFC, 0x7E, 0x0F, 0x87, 0xDF, 0x87, 0x80, 0x00, 0x02, 0xC0, 0xE0, 0x00, 0x0F,
    0x0F, 0xE3, 0x01, 0x80, 0x60, 0x18, 0xF6, 0x3D, 0x83, 0x60, 0xCE, 0x31, 0xFC, 0x00, 0x00, 0x36,
    0x1C, 0x00, 0x3F, 0x77, 0x63, 0x43, 0x43, 0x63, 0x63, 0x3F, 0x03, 0x03, 0x7E, 0x3C, 0x00, 0x1E,
    0x06, 0x00, 0x04, 0x36, 0x33, 0x31, 0xB0, 0xD8, 0x78, 0x3E, 0x19, 0x8C, 0xC6, 0x33, 0x0C, 0x00,
    0x2C, 0x1C, 0x00, 0x03, 0x01, 0x80, 0xC0, 0x66, 0x36, 0x1F, 0x0F, 0x07, 0x83, 0x61, 0x98, 0xCE,
    0x0F, 0x07, 0xF1, 0xC3, 0x30, 0x66, 0x06, 0xC0, 0xD8, 0x1B, 0x03, 0x60, 0xC6, 0x38, 0x7E, 0x03,
    0x00, 0xC0, 0x0C, 0x00, 0x00, 0x3E, 0x3B, 0x98, 0xC8, 0x64, 0x33, 0x19, 0x8C, 0x7C, 0x08, 0x0C,
    0x07, 0x00, 0x00, 0x1F, 0x00, 0x00, 0x3C, 0x1F, 0xC7, 0x0C, 0xC1, 0x98, 0x1B, 0x03, 0x60, 0x6C,
    0x0D, 0x83, 0x18, 0xE1, 0xF8, 0x0C, 0x01, 0x00, 0x30, 0x00, 0x00, 0x3E, 0x00, 0x0F, 0x8E, 0xE6,
    0x32, 0x19, 0x0C, 0xC6, 0x63, 0x1F, 0x02, 0x03, 0x01, 0xC0, 0x00, 0x00, 0x3C, 0x18, 0x00, 0x7E,
    0x7E, 0x06, 0x1C, 0x38, 0x3C, 0x0F, 0x03, 0x03, 0xC7, 0xFE, 0x00, 0x00, 0xD8, 0xE0, 0x0F, 0xEF,
    0x86, 0x0C, 0x30, 0x78, 0x18, 0x30, 0x60, 0xFF, 0x38, 0x01, 0x67, 0x00, 0x30, 0xC3, 0x0C, 0x30,
    0xC3, 0x0C, 0x30, 0xCE, 0x30, 0x78, 0x3F, 0xBF, 0x8F, 0xEC, 0x30, 0x1B, 0x06, 0x0C, 0xC1, 0x86,
    0x30, 0x61, 0x8C, 0x18, 0xC3, 0x06, 0x60, 0xC3, 0x18, 0x33, 0xCC, 0x0F, 0xC3, 0xFC, 0x78, 0x00,
    0xFE, 0x00, 0xC3, 0x00, 0xC1, 0xBF, 0xC1, 0x83, 0xC1, 0x86, 0xC1, 0x84, 0xC1, 0x8C, 0xC3, 0x18,
    0xCF, 0x30, 0xFC, 0x3F, 0x00, 0x00, 0x03, 0x00, 0x03, 0x00, 0x03, 0x00, 0x3F, 0x3E, 0x77, 0x06,
    0x63, 0x04, 0x43, 0x0C, 0x43, 0x18, 0x63, 0x30, 0x67, 0x30, 0x3F, 0x7E, 0x00, 0x00, 0x00, 0x00,
    0xC0, 0x60, 0x00, 0x0F, 0x0F, 0xE3, 0x01, 0x80, 0x60, 0x18, 0xF6, 0x3D, 0x83, 0x60, 0xCE, 0x31,
    0xFC, 0x00, 0x00, 0x0C, 0x08, 0x00, 0x3F, 0x77, 0x63, 0x43, 0x43, 0x63, 0x63, 0x3F, 0x03, 0x03,
    0x7E, 0x3C, 0x42, 0x0C, 0x30, 0xC3, 0x0C, 0x33, 0xC3, 0x3F, 0xF3, 0xC3, 0x3C, 0x33, 0xC3, 0x3C,
    0x36, 0xC1, 0xE0, 0x00, 0x1C, 0xFE, 0xE3, 0xC3, 0xC3, 0xC3, 0xC3, 0xC6, 0xCC, 0xF8, 0xF0, 0xC0,
    0xC0, 0xC0, 0xC0, 0x00, 0x0C, 0x02, 0x00, 0x04, 0x0F, 0x0F, 0x87, 0xE3, 0xD9, 0xEC, 0xF3, 0x78,
    0xFC, 0x7E, 0x1F, 0x06, 0x00, 0x60, 0x40, 0x0F, 0xDC, 0xF1, 0xE3, 0xC7, 0x8F, 0x1E, 0x30, 0x06,
    0x03, 0x01, 0xC0, 0x50, 0x1C, 0x07, 0x01, 0xC0, 0x58, 0x32, 0x08, 0xC7, 0xF1, 0x8E, 0xC1, 0xB0,
    0x20, 0x0C, 0x30, 0x71, 0xA1, 0xC0, 0x0F, 0x13, 0x06, 0x7D, 0xDE, 0x34, 0x6F, 0xC0, 0x00, 0x00,
    0x00, 0x06, 0x00, 0x60, 0x00, 0x00, 0x3F, 0x83, 0xFC, 0x1E, 0x01, 0xB0, 0x0D, 0x80, 0xCF, 0xC7,
    0xE0, 0x7F, 0x03, 0x18, 0x30, 0xC1, 0x87, 0xE0, 0x00, 0x00, 0x30, 0x03, 0x00, 0x00, 0x7D, 0xE6,
    0x77, 0x06, 0x33, 0xFF, 0x77, 0xFC, 0x60, 0x47, 0x07, 0xDF, 0x00, 0x00, 0x00, 0x00, 0x60, 0x18,
    0x00, 0x00, 0xFC, 0x7F, 0x9C, 0x73, 0x1E, 0x62, 0x6C, 0xCD, 0xB1, 0xB4, 0x37, 0x8C, 0x63, 0x9F,
    0xE0, 0x00, 0x00, 0x06, 0x03, 0x00, 0x03, 0xF3, 0xB9, 0x9C, 0x9E, 0x5B, 0x39, 0x9C, 0xCF, 0xC0,
    0x00, 0x00, 0x1B, 0x03, 0x60, 0x00, 0x08, 0x07, 0x01, 0xC0, 0x58, 0x36, 0x0C, 0x87, 0xF1, 0xFC,
    0x61, 0xB0, 0x6C, 0x18, 0x00, 0xF0, 0xB0, 0x03, 0xC4, 0xC1, 0x9F, 0x77, 0x8D, 0x1B, 0xF0, 0x00,
    0x1C, 0x0F, 0x80, 0x00, 0x20, 0x1C, 0x07, 0x01, 0x60, 0xD8, 0x32, 0x1F, 0xC7, 0xF1, 0x86, 0xC1,
    0xB0, 0x60, 0x1C, 0x78, 0x01, 0xE2, 0x60, 0xCF, 0xBB, 0xC6, 0x8D, 0xF8, 0x00, 0x01, 0xB1, 0xA0,
    0x07, 0xDF, 0xB0, 0x60, 0xC1, 0xFB, 0x06, 0x0C, 0x18, 0x3F, 0x00, 0x00, 0x68, 0x2C, 0x00, 0x3C,
    0x76, 0x63, 0x7F, 0x7E, 0x60, 0x62, 0x3E, 0x00, 0x38, 0xF8, 0x03, 0xEF, 0xD8, 0x30, 0x60, 0xFD,
    0x83, 0x06, 0x0C, 0x1F, 0x80, 0x1C, 0x3E, 0x00, 0x3C, 0x76, 0x63, 0x7F, 0x7E, 0x60, 0x62, 0x3E,
    0x00, 0x03, 0x66, 0x80, 0x38, 0xE1, 0x04, 0x10, 0x41, 0x04, 0x10, 0x47, 0xC0, 0x01, 0xE2, 0xC0,
    0x18, 0x61, 0x86, 0x18, 0x61, 0x86, 0x77, 0xC0, 0xE7, 0x10, 0x84, 0x21, 0x08, 0x42, 0x7C, 0x79,
    0xE0, 0x0C, 0x30, 0xC3, 0x0C, 0x30, 0xC3, 0x00, 0x00, 0x02, 0xC0, 0x6C, 0x00, 0x00, 0xF0, 0x7F,
    0x1C, 0x33, 0x06, 0x60, 0x6C, 0x0D, 0x81, 0xB0, 0x36, 0x0C, 0x63, 0x87, 0xE0, 0x00, 0x00, 0x36,
    0x0D, 0x00, 0x03, 0xE3, 0xB9, 0x8C, 0x86, 0x43, 0x31, 0x98, 0xC7, 0xC0, 0x00, 0x0E, 0x03, 0xE0,
    0x00, 0x07, 0x83, 0xF8, 0xE1, 0x98, 0x33, 0x03, 0x60, 0x6C, 0x0D, 0x81, 0xB0, 0x63, 0x1C, 0x3F,
    0x00, 0x00, 0x1C, 0x1F, 0x00, 0x07, 0xC7, 0x73, 0x19, 0x0C, 0x86, 0x63, 0x31, 0x8F, 0x80, 0x00,
    0x00, 0xD8, 0x68, 0x00, 0x78, 0xFE, 0xC6, 0xC6, 0xC6, 0xFE, 0xF8, 0xCC, 0xC6, 0xC6, 0xC3, 0x03,
    0x66, 0x80, 0x7D, 0xE6, 0x18, 0x61, 0x86, 0x18, 0x38, 0x7C, 0x00, 0x78, 0xFE, 0xC6, 0xC6, 0xC6,
    0xFE, 0xF8, 0xCC, 0xC6, 0xC6, 0xC3, 0x77, 0xC1, 0xFF, 0x63, 0x18, 0xC6, 0x30, 0x00, 0x36, 0x0D,
    0x00, 0x0C, 0x16, 0x0F, 0x07, 0x83, 0xC1, 0xE0, 0xF0, 0x78, 0x3C, 0x13, 0x19, 0xF8, 0x00, 0x01,
    0xB1, 0xA0, 0x0C, 0x78, 0xF1, 0xE3, 0xC7, 0x8F, 0x3B, 0xF0, 0x00, 0x1C, 0x1F, 0x00, 0x18, 0x2C,
    0x1E, 0x0F, 0x07, 0x83, 0xC1, 0xE0, 0xF0, 0x78, 0x26, 0x33, 0xF0, 0x00, 0x38, 0xF8, 0x06, 0x3C,
    0x78, 0xF1, 0xE3, 0xC7, 0x9D, 0xF8, 0x00, 0x1C, 0x7E, 0x60, 0x60, 0x60, 0x3C, 0x0E, 0x06, 0x03,
    0x46, 0x7C, 0x00, 0x18, 0x10, 0x00, 0x7C, 0xC9, 0x03, 0xC1, 0xC0, 0xC1, 0x3E, 0x00, 0x30, 0x40,
    0x00, 0xFF, 0xFF, 0x18, 0x18, 0x18, 0x18, 0x18, 0x18, 0x18, 0x18, 0x18, 0x00, 0x18, 0x18, 0x00,
    0x23, 0x3E, 0xC6, 0x31, 0x8C, 0x61, 0xC0, 0x63, 0x00, 0x3C, 0x7E, 0x03, 0x03, 0x06, 0x3C, 0x36,
    0x03, 0x03, 0x03, 0x06, 0x1C, 0xF8, 0xC0, 0x7C, 0x98, 0x10, 0x63, 0xC7, 0x81, 0x83, 0x0C, 0x3B,
    0xC2, 0x00, 0x00, 0x1B, 0x07, 0x00, 0x04, 0x16, 0x0F, 0x07, 0x83, 0xC1, 0xFF, 0xF0, 0x78, 0x3C,
    0x1E, 0x0F, 0x06, 0x00, 0x2C, 0x1C, 0x00, 0x03, 0x01, 0x80, 0xC0, 0x7E, 0x39, 0x98, 0xCC, 0x66,
    0x33, 0x19, 0x8C, 0xC6, 0x06, 0x30, 0x06, 0xC0, 0x00, 0xC7, 0x80, 0x74, 0xF8, 0x00, 0x78, 0x00,
    0x7E, 0x7E, 0x49, 0xE0, 0x00, 0xF0, 0x49, 0x20, 0xE2, 0x64, 0x6D, 0xF0, 0x01, 0xED, 0x00, 0x01,
    0xE3, 0x00, 0x3C, 0x0F, 0xF0, 0x01, 0x66, 0xC0, 0x00, 0xC4, 0x9E, 0x00, 0x79, 0xE0, 0x00, 0x26,
    0x66, 0x00, 0x26, 0x64, 0x00, 0x46, 0x62, 0x00, 0x26, 0x64, 0x00, 0x06, 0x20, 0x06, 0x40, 0x27,
    0x30, 0x4E, 0xC0, 0x0F, 0x11, 0x10, 0x03, 0x6C, 0x6C, 0x06, 0xF0, 0x6F, 0x60, 0x6F, 0x60, 0xF0,
    0x24, 0xF4, 0x92, 0x74, 0x0D, 0x00, 0x49, 0x20, 0x6D, 0xF0, 0x3C, 0x67, 0x76, 0x06, 0x46, 0x00,
    0x3C, 0x7B, 0xFC, 0xC0, 0x03, 0xF7, 0x80, 0x01, 0xE3, 0x00, 0x00, 0xC7, 0x80, 0x49, 0xE0, 0x00,
    0x79, 0xE0, 0x00, 0x67, 0xF0, 0x00, 0x78, 0x00, 0x7E, 0x7E, 0x7E, 0x7E, 0x7E, 0x00, 0x67, 0xF0,
    0x00, 0x7E, 0x7E, 0x7F, 0xE7, 0xFE, 0x08, 0xE6, 0x00, 0x00, 0x30, 0xC2, 0x18, 0x43, 0x0C, 0x21,
    0x84, 0x30, 0xC0, 0xDC, 0x03, 0x3F, 0xC0, 0xFE, 0x1F, 0xDE, 0x03, 0xF8, 0x40, 0x06, 0x66, 0x7F,
    0x80, 0x7E, 0x7E, 0x7E, 0x00, 0x06, 0x20, 0x06, 0xC0, 0x67, 0xF0, 0x00, 0x4D, 0x80, 0x11, 0xF7,
    0xC0, 0xD9, 0x00, 0x00, 0x7E, 0x42, 0x42, 0x7E, 0x7E, 0x7E, 0x00, 0x0F, 0xF0, 0x0F, 0x32, 0x01,
    0xDF, 0x88, 0x00, 0xC7, 0xFE, 0x30, 0xC0, 0x63, 0xE6, 0x3E, 0x00, 0x01, 0xE7, 0x80, 0x06, 0x62,
    0x66, 0x66, 0x66, 0x4F, 0x21, 0x08, 0x10, 0x86, 0x06, 0x40, 0x21, 0x08, 0x19, 0x84, 0x02, 0x66,
    0x60, 0x06, 0x60, 0x7D, 0x01, 0xE4, 0x8C, 0x00, 0x06, 0x60, 0x06, 0x62, 0x06, 0x60, 0x03, 0xEF,
    0xE5, 0xB6, 0x48, 0x0F, 0x60, 0x7B, 0xFF, 0xDE, 0x46, 0x60, 0x00, 0x06, 0x06, 0x3F, 0xC0, 0x60,
    0x00, 0x06, 0x06, 0x3F, 0xC0, 0x60, 0xFF, 0xC0, 0xFF, 0xC0, 0x7C, 0x3F, 0xFE, 0x00, 0x00, 0x06,
    0x03, 0xFC, 0x60, 0x60, 0x00, 0x00, 0x07, 0xFF, 0x7F, 0xE0, 0x00, 0x07, 0x77, 0x00, 0x07, 0xF6,
    0x00, 0x05, 0x40, 0x07, 0x97, 0x00, 0x09, 0x97, 0x00, 0x06, 0x46, 0x00, 0x11, 0xF9, 0x70, 0x0C,
    0xFD, 0x90, 0x03, 0xF9, 0x65, 0x1A, 0x40, 0xDA, 0x60, 0x05, 0x66, 0x06, 0x67, 0x00, 0x60, 0x40,
    0x07, 0xDF, 0xB0, 0x60, 0xC1, 0xFB, 0x06, 0x0C, 0x18, 0x3F, 0x00, 0x68, 0xD9, 0xF7, 0xEC, 0x18,
    0x30, 0x7E, 0xC1, 0x83, 0x06, 0x0F, 0xC0, 0xFE, 0x3F, 0xC3, 0x00, 0xC0, 0x36, 0x0F, 0xE3, 0x0C,
    0xC3, 0x30, 0xCC, 0x73, 0x78, 0x00, 0x00, 0x30, 0x40, 0x07, 0xDF, 0xB0, 0x60, 0xC1, 0x83, 0x06,
    0x0C, 0x18, 0x30, 0x00, 0x0F, 0x1F, 0xDC, 0x0C, 0x06, 0x03, 0xF9, 0x80, 0xC0, 0x60, 0x18, 0x07,
    0xE0, 0x00, 0x1C, 0x7E, 0x60, 0x60, 0x60, 0x3C, 0x0E, 0x06, 0x03, 0x46, 0x7C, 0x00, 0x7F, 0xFF,
    0xFC, 0x0F, 0x52, 0x66, 0x66, 0x66, 0x66, 0x66, 0x18, 0xC6, 0x31, 0x8C, 0x63, 0x18, 0xC6, 0x37,
    0xB8, 0x1F, 0x00, 0xFE, 0x03, 0x18, 0x0C, 0x60, 0x31, 0xE0, 0xC7, 0xE3, 0x18, 0xCC, 0x63, 0x31,
    0x8D, 0x86, 0x7E, 0x1F, 0x80, 0x00, 0x41, 0x03, 0x0C, 0x0C, 0x30, 0x30, 0xC0, 0xC3, 0x03, 0xFF,
    0xCC, 0x31, 0xB0, 0xC2, 0xC3, 0x0B, 0x0C, 0xEC, 0x3F, 0x00, 0xFE, 0x3F, 0xC3, 0x00, 0xC0, 0x36,
    0x0F, 0xE3, 0x0C, 0xC3, 0x30, 0xCC, 0x33, 0x0C, 0x00, 0x0C, 0x18, 0x00, 0x42, 0xC6, 0xC6, 0xCC,
    0xD8, 0xF8, 0xD8, 0xCC, 0xC6, 0xC6, 0xC3, 0x00, 0x0C, 0x03, 0x00, 0x04, 0x16, 0x1F, 0x0F, 0x8F,
    0xCD, 0xE6, 0xF6, 0x7A, 0x3F, 0x1F, 0x0F, 0x06, 0x00, 0x1B, 0x07, 0x18, 0x1C, 0x1B, 0x09, 0x8C,
    0x64, 0x36, 0x0F, 0x07, 0x01, 0x81, 0x83, 0x80, 0x00, 0x41, 0x60, 0xB0, 0x58, 0x2C, 0x16, 0x0B,
    0x05, 0x82, 0xC1, 0x60, 0xBF, 0xC3, 0x01, 0x80, 0x40, 0x08, 0x07, 0x01, 0xC0, 0x58, 0x36, 0x0C,
    0x87, 0xF1, 0xFC, 0x61, 0xB0, 0x6C, 0x18, 0x7E, 0xFE, 0xC0, 0xC0, 0xF0, 0xFE, 0xC6, 0xC2, 0xC6,
    0xCE, 0xFC, 0x78, 0xFE, 0xC7, 0xC3, 0xC6, 0xFC, 0xC6, 0xC3, 0xC3, 0xC7, 0xFE, 0x7D, 0xFB, 0x06,
    0x0C, 0x18, 0x30, 0x60, 0xC1, 0x83, 0x00, 0x1F, 0x83, 0xF0, 0x42, 0x18, 0x43, 0x08, 0x61, 0x0C,
    0x21, 0x84, 0x30, 0x8C, 0x3B, 0xFF, 0xE0, 0x3C, 0x07, 0x00, 0x00, 0x7D, 0xFB, 0x06, 0x0C, 0x1F,
    0xB0, 0x60, 0xC1, 0x83, 0xF0, 0x42, 0x19, 0x88, 0x66, 0x23, 0x0C, 0x98, 0x1A, 0x60, 0x7F, 0x01,
    0xBE, 0x0C, 0x98, 0x62, 0x31, 0x88, 0xCC, 0x21, 0x80, 0x7C, 0x7E, 0x06, 0x02, 0x06, 0x3C, 0x0E,
    0x03, 0x03, 0x46, 0xFE, 0x00, 0x41, 0x61, 0xF0, 0xF8, 0xFC, 0xDE, 0x6F, 0x67, 0xA3, 0xF1, 0xF0,
    0xF0, 0x60, 0x00, 0x1B, 0x07, 0x08, 0x2C, 0x3E, 0x1F, 0x1F, 0x9B, 0xCD, 0xEC, 0xF4, 0x7E, 0x3E,
    0x1E, 0x0C, 0x42, 0xC6, 0xC6, 0xCC, 0xD8, 0xF8, 0xD8, 0xCC, 0xC6, 0xC6, 0xC3, 0x1F, 0x9F, 0xCC,
    0x66, 0x33, 0x19, 0x8C, 0xC6, 0x63, 0x31, 0xB0, 0xF8, 0x60, 0x00, 0x40, 0x7C, 0x1F, 0x83, 0xF8,
    0x7F, 0x1F, 0xA2, 0xF6, 0xDE, 0xDB, 0xCE, 0x79, 0xCF, 0x19, 0x80, 0x41, 0x60, 0xF0, 0x78, 0x3C,
    0x1F, 0xFF, 0x07, 0x83, 0xC1, 0xE0, 0xF0, 0x60, 0x0E, 0x07, 0xF1, 0xC3, 0x30, 0x66, 0x0C, 0xC0,
    0x98, 0x13, 0x06, 0x60, 0xC6, 0x30, 0x7C, 0x00, 0x00, 0x7F, 0x7F, 0xF0, 0x78, 0x3C, 0x1E, 0x0F,
    0x07, 0x83, 0xC1, 0xE0, 0xF0, 0x60, 0x78, 0xFE, 0xC6, 0xC6, 0xC6, 0xCE, 0xFC, 0xC0, 0xC0, 0xC0,
    0xC0, 0x0F, 0x1F, 0xDC, 0x0C, 0x06, 0x03, 0x01, 0x80, 0xC0, 0x60, 0x18, 0x07, 0xE0, 0x00, 0xFF,
    0xFF, 0x18, 0x18, 0x18, 0x18, 0x18, 0x18, 0x18, 0x18, 0x18, 0xC0, 0xE0, 0xD8, 0x4C, 0x63, 0x21,
    0xB0, 0x78, 0x38, 0x0C, 0x0C, 0x1C, 0x00, 0x00, 0x06, 0x00, 0x60, 0x3F, 0xC6, 0x66, 0x66, 0x64,
    0x62, 0x46, 0x66, 0x66, 0x3F, 0xC1, 0xF8, 0x06, 0x00, 0x00, 0x41, 0x31, 0x99, 0x86, 0xC1, 0xC0,
    0xC0, 0x70, 0x6C, 0x66, 0x31, 0xB0, 0xC0, 0x41, 0x30, 0x4C, 0x13, 0x04, 0xC1, 0x30, 0x4C, 0x13,
    0x04, 0xC1, 0x30, 0x6F, 0xFC, 0x03, 0x00, 0xC0, 0x00, 0x82, 0xC3, 0xC3, 0xC3, 0xC3, 0xC7, 0x7F,
    0x03, 0x03, 0x03, 0x03, 0x42, 0x1E, 0x10, 0xF0, 0x87, 0x84, 0x3C, 0x21, 0xE1, 0x0F, 0x08, 0x78,
    0x43, 0xC2, 0x1E, 0x38, 0xFF, 0xFE, 0x42, 0x13, 0x18, 0x6C, 0x61, 0xB1, 0x86, 0xC6, 0x1B, 0x18,
    0x6C, 0x61, 0xB1, 0x86, 0xC6, 0x1B, 0x18, 0x6F, 0xFF, 0xC0, 0x03, 0x00, 0x0C, 0x00, 0x00, 0xF0,
    0x3C, 0x03, 0x00, 0xC0, 0x3E, 0x0F, 0xE3, 0x18, 0xC2, 0x30, 0x8C, 0xE3, 0xF0, 0x40, 0x70, 0x3C,
    0x0F, 0x03, 0xF0, 0xFF, 0x3C, 0x6F, 0x1B, 0xC6, 0xF3, 0xBF, 0xCC, 0x40, 0xC0, 0xC0, 0xC0, 0xF0,
    0xFC, 0xC6, 0xC6, 0xC6, 0xCE, 0xFC, 0x7C, 0x3F, 0x00, 0xC0, 0x60, 0x19, 0xFC, 0x06, 0x03, 0x03,
    0x23, 0x9F, 0x80, 0x00, 0x43, 0xC6, 0x3F, 0x33, 0x0D, 0x98, 0x3D, 0x81, 0xFC, 0x0F, 0x60, 0x7B,
    0x03, 0xCC, 0x36, 0x73, 0xB1, 0xF8, 0x00, 0x00, 0x1F, 0x3F, 0x63, 0x63, 0x63, 0x7F, 0x1F, 0x33,
    0x33, 0x63, 0x63, 0x7C, 0xCC, 0x19, 0xF7, 0xF8, 0xF1, 0xBF, 0x00, 0x00, 0x1F, 0x38, 0x60, 0x7C,
    0x7F, 0x63, 0x43, 0x43, 0x63, 0x63, 0x3E, 0x00, 0xFD, 0xBB, 0x1F, 0xEF, 0xD8, 0xF3, 0xFE, 0xFB,
    0xEC, 0x30, 0xC3, 0x0C, 0x30, 0x3F, 0x1F, 0x8C, 0xC4, 0x62, 0x33, 0x19, 0x8D, 0xFF, 0xC1, 0xE0,
    0xC0, 0x00, 0x3C, 0x66, 0x62, 0xFF, 0xFE, 0x40, 0x62, 0x3E, 0x00, 0xC4, 0x6C, 0x98, 0x92, 0x1F,
    0xC3, 0xF8, 0x49, 0x99, 0x36, 0x23, 0x7C, 0x98, 0x11, 0xE3, 0xC0, 0xC3, 0xFE, 0x00, 0xC7, 0x9F,
    0x3E, 0xFF, 0x7E, 0xF9, 0xE3, 0x6C, 0x70, 0x06, 0x3C, 0xF9, 0xF7, 0xFB, 0xF7, 0xCF, 0x18, 0xC5,
    0x9B, 0x67, 0x8F, 0x1B, 0x33, 0x63, 0x3F, 0x3F, 0x23, 0x23, 0x23, 0x63, 0x63, 0xC3, 0x00, 0xC1,
    0xF1, 0xF8, 0xFE, 0x7F, 0x6E, 0xA7, 0x73, 0x99, 0xC7, 0x8F, 0x1F, 0xFF, 0xF8, 0xF1, 0xE3, 0x3E,
    0x76, 0x63, 0xC3, 0xC3, 0x63, 0x67, 0x3E, 0x00, 0xFF, 0xFF, 0x1E, 0x3C, 0x78, 0xF1, 0xE3, 0xFC,
    0xEE, 0xC6, 0xC2, 0xC2, 0xC6, 0xE6, 0xFC, 0xC0, 0xC0, 0xC0, 0xC0, 0x3E, 0xE9, 0x82, 0x0C, 0x08,
    0x18, 0x1F, 0x00, 0xFE, 0xF8, 0xC1, 0x83, 0x06, 0x0C, 0x18, 0xC2, 0xC6, 0x66, 0x64, 0x6C, 0x3C,
    0x38, 0x18, 0x18, 0x30, 0xF0, 0xC0, 0x00, 0x01, 0x80, 0x30, 0x06, 0x03, 0xF0, 0xFB, 0x19, 0x32,
    0x26, 0xC4, 0xCC, 0x99, 0x97, 0x1F, 0xC0, 0xC0, 0x18, 0x03, 0x00, 0x20, 0xC6, 0x66, 0x3C, 0x38,
    0x38, 0x3C, 0x66, 0xC6, 0xC6, 0xC6, 0xC6, 0xC6, 0xC6, 0xC6, 0xC6, 0xFF, 0x03, 0x03, 0x00, 0x43,
    0x43, 0x43, 0x63, 0x7F, 0x1B, 0x03, 0x03, 0xC4, 0x78, 0x8F, 0x11, 0xE2, 0x3C, 0x47, 0x88, 0xF1,
    0x1F, 0xFF, 0xC4, 0x6C, 0x46, 0xC4, 0x6C, 0x46, 0xC4, 0x6C, 0x46, 0xC4, 0x6F, 0xFF, 0x00, 0x30,
    0x03, 0x00, 0x00, 0xF0, 0x38, 0x0C, 0x07, 0xE3, 0x31, 0x8C, 0xCC, 0x7E, 0xC1, 0xE0, 0xF0, 0x7F,
    0xBC, 0xDE, 0x2F, 0x37, 0xF3, 0xC1, 0x83, 0x07, 0xEC, 0xD8, 0xF3, 0x7E, 0x78, 0x98, 0x1B, 0xF7,
    0xE0, 0xC3, 0x7C, 0x00, 0xCF, 0xB7, 0x7D, 0x8F, 0xE3, 0xF8, 0xF6, 0x3D, 0x8F, 0x3E, 0x00, 0x00,
    0x3E, 0x7E, 0x62, 0x62, 0x3E, 0x32, 0x62, 0x62, 0x00, 0x38, 0x18, 0x00, 0x3C, 0x66, 0x62, 0xFF,
    0xFE, 0x40, 0x62, 0x3E, 0x00, 0x24, 0x34, 0x00, 0x3C, 0x66, 0x62, 0xFF, 0xFE, 0x40, 0x62, 0x3E,
    0x00, 0x00, 0x60, 0xF8, 0x60, 0x7E, 0x7F, 0x63, 0x63, 0x63, 0x63, 0x63, 0x63, 0x03, 0x03, 0x0F,
    0x0E, 0x00, 0x63, 0x00, 0xFB, 0xEC, 0x30, 0xC3, 0x0C, 0x30, 0x3E, 0xE9, 0x83, 0xEF, 0xC8, 0x18,
    0x1F, 0x00, 0x7D, 0xDB, 0x03, 0x81, 0xC1, 0x83, 0x7E, 0x00, 0xF3, 0xFF, 0xFC, 0xEF, 0x06, 0x66,
    0x66, 0x66, 0x60, 0x33, 0x03, 0x33, 0x33, 0x33, 0x33, 0x3E, 0xC0, 0x3E, 0x03, 0xE0, 0x22, 0x02,
    0x3E, 0x22, 0x36, 0x23, 0x62, 0x3C, 0x3E, 0x00, 0x00, 0xC6, 0x0C, 0x60, 0xC6, 0x0F, 0xFC, 0xFF,
    0xEC, 0x63, 0xC6, 0x6C, 0x7E, 0x00, 0x60, 0xFC, 0x60, 0x7E, 0x7F, 0x63, 0x63, 0x63, 0x63, 0x63,
    0x63, 0x00, 0x30, 0x40, 0x0C, 0x59, 0xB6, 0x78, 0xF1, 0xB3, 0x36, 0x30, 0x00, 0x60, 0x40, 0x0C,
    0x79, 0xF3, 0xEF, 0xF7, 0xEF, 0x9E, 0x30, 0x64, 0x3C, 0x00, 0xC2, 0xC6, 0x66, 0x64, 0x6C, 0x3C,
    0x38, 0x18, 0x18, 0x30, 0xF0, 0xC0, 0xC7, 0x8F, 0x1E, 0x3C, 0x78, 0xF1, 0xFF, 0x10, 0x20, 0x00,
    0xC2, 0x0B, 0x0C, 0x6C, 0x31, 0xB0, 0xC6, 0x63, 0x19, 0x9C, 0x66, 0x79, 0x0B, 0x6C, 0x3C, 0xB0,
    0xF3, 0x81, 0x8E, 0x00, 0x00, 0xC4, 0x2C, 0x66, 0xC6, 0x64, 0x66, 0x6E, 0x66, 0xBC, 0x3B, 0xC3,
    0x18, 0x30, 0x0C, 0x0F, 0xE0, 0xC0, 0x30, 0x0F, 0xC3, 0x38, 0xC6, 0x31, 0x8C, 0xE3, 0xF0, 0x20,
    0x10, 0x3F, 0x0F, 0x02, 0x01, 0xF0, 0xFC, 0x43, 0x23, 0x9F, 0x80, 0x41, 0xE6, 0x1F, 0xB1, 0x81,
    0x98, 0x0C, 0xC0, 0x7F, 0xF3, 0x30, 0x19, 0x80, 0xCC, 0x06, 0x38, 0x30, 0xFC, 0x00, 0x00, 0xC7,
    0xB3, 0x2D, 0x83, 0xFE, 0xFF, 0xB6, 0x0C, 0xC3, 0x1E, 0x00, 0x00, 0x0C, 0x03, 0x01, 0xE0, 0x78,
    0x32, 0x0F, 0xC3, 0xF1, 0xB6, 0x6D, 0xB3, 0x3C, 0xCC, 0x18, 0x0E, 0x0F, 0x07, 0xC7, 0xE3, 0xD3,
    0x6D, 0xB6, 0x41, 0x06, 0x1C, 0x30, 0xE1, 0x8D, 0x8C, 0x6C, 0x7F, 0xF3, 0x37, 0x99, 0xAC, 0xD9,
    0x36, 0xC9, 0xB4, 0x46, 0xC6, 0x18, 0xE3, 0x3C, 0x7F, 0xCF, 0xF9, 0xBD, 0x3D, 0xB7, 0xB2, 0x7F,
    0x8F, 0xF8, 0xC6, 0x19, 0x81, 0xE0, 0x7E, 0x1F, 0x63, 0x66, 0x6C, 0xD9, 0x9B, 0x31, 0x80, 0x7F,
    0x1C, 0xC3, 0x60, 0xF8, 0x7F, 0x1B, 0x6C, 0xDB, 0x36, 0x4F, 0xF3, 0x3F, 0xCC, 0xC3, 0x31, 0x98,
    0xC3, 0xC3, 0xFF, 0x8C, 0xDB, 0x33, 0x64, 0xD9, 0x9B, 0x66, 0x6D, 0x98, 0x80, 0xDF, 0xED, 0xCC,
    0xCD, 0x8F, 0xF8, 0xFF, 0xCD, 0xB6, 0xF3, 0x6F, 0x32, 0x26, 0x3E, 0x3C, 0x7E, 0x03, 0x03, 0x06,
    0x7C, 0x0E, 0x03, 0x03, 0x07, 0x7E, 0xE0, 0xFE, 0x7F, 0x00, 0x4C, 0x79, 0xF2, 0x60, 0x47, 0x8F,
    0x03, 0x06, 0xFB, 0x07, 0xE7, 0xC0, 0xCC, 0xF3, 0x3C, 0xCF, 0x33, 0xCC, 0xF3, 0x36, 0xD9, 0xFC,
    0x0C, 0x03, 0x00, 0xC0, 0x00, 0x04, 0x02, 0x01, 0x0C, 0x9E, 0x4F, 0x27, 0x93, 0xC9, 0xE4, 0xFA,
    0xEF, 0xE1, 0x80, 0x40, 0x20, 0x10, 0x0F, 0x07, 0xF1, 0xC3, 0x30, 0x66, 0x06, 0xFF, 0xDF, 0xFB,
    0x03, 0x60, 0xC6, 0x38, 0x7E, 0x00, 0x00, 0x3E, 0x3B, 0x98, 0xCF, 0xE7, 0xF3, 0x19, 0x8C, 0x7C,
    0x00, 0x00, 0x80, 0xF0, 0x7C, 0x31, 0x8C, 0x63, 0x09, 0x83, 0x60, 0xD8, 0x1C, 0x07, 0x01, 0xC0,
    0xC3, 0xC6, 0x46, 0x64, 0x6C, 0x2C, 0x38, 0x38, 0x00, 0x1B, 0x03, 0x40, 0x00, 0x80, 0xF0, 0x7C,
    0x31, 0x8C, 0x63, 0x09, 0x83, 0x60, 0xD8, 0x1C, 0x07, 0x01, 0xC0, 0x00, 0x78, 0x6C, 0x00, 0xC3,
    0xC6, 0x46, 0x64, 0x6C, 0x2C, 0x38, 0x38, 0x0E, 0x00, 0x0F, 0xE0, 0x06, 0x18, 0x01, 0x83, 0xC3,
    0x60, 0xD0, 0x98, 0x36, 0x66, 0x0D, 0x99, 0x83, 0x34, 0x60, 0xCF, 0x0C, 0x61, 0xC1, 0xF0, 0x60,
    0x00, 0x18, 0x00, 0x04, 0x00, 0x0F, 0x00, 0x01, 0x80, 0x3E, 0x43, 0x77, 0x63, 0x63, 0x66, 0x43,
    0x26, 0x43, 0x36, 0x63, 0x3C, 0x63, 0x1C, 0x3E, 0x18, 0x00, 0x18, 0x00, 0x18, 0x00, 0x70, 0x00,
    0x60, 0x00, 0x00, 0xF0, 0x3F, 0xC3, 0x0C, 0x60, 0x66, 0x06, 0x60, 0x66, 0x06, 0x60, 0x66, 0x06,
    0x3F, 0xC1, 0xF8, 0x06, 0x00, 0x0C, 0x1F, 0x1F, 0xCC, 0x34, 0x1A, 0x0D, 0x86, 0xDE, 0x3F, 0x06,
    0x00, 0x00, 0x00, 0x0F, 0x80, 0x17, 0x00, 0x08, 0x00, 0x30, 0x03, 0x8E, 0x0F, 0xBE, 0x30, 0x06,
    0x60, 0x0C, 0xC0, 0x19, 0x00, 0x33, 0x08, 0x66, 0x10, 0xCC, 0x21, 0x8C, 0xE6, 0x1F, 0xFC, 0x00,
    0x00, 0x0F, 0x00, 0x5E, 0x00, 0x80, 0x04, 0x00, 0x00, 0x1E, 0x71, 0x82, 0xCC, 0x02, 0x40, 0x1A,
    0x10, 0xD8, 0x84, 0xCE, 0x63, 0xFE, 0x00, 0x00, 0x0F, 0xC0, 0x28, 0x0C, 0x20, 0xB0, 0xC6, 0xC3,
    0x1B, 0x0C, 0x66, 0x31, 0x99, 0xC6, 0x67, 0x90, 0xB6, 0xC3, 0xCB, 0x0F, 0x38, 0x18, 0xE0, 0x00,
    0x00, 0x1F, 0x01, 0xF8, 0x00, 0x0C, 0x42, 0xC6, 0x6C, 0x66, 0x46, 0x66, 0xE6, 0x6B, 0xC3, 0xBC,
    0x31, 0x80, 0x0F, 0x1F, 0xCC, 0x0C, 0x06, 0x03, 0x01, 0x80, 0xC0, 0x60, 0x1C, 0x07, 0x80, 0x40,
    0x20, 0x10, 0x08, 0x3E, 0xE9, 0x82, 0x04, 0x0C, 0x18, 0x1E, 0x0C, 0x18, 0x30, 0x20, 0x00, 0x01,
    0x07, 0x81, 0xC0, 0xF2, 0x49, 0xE0, 0x78, 0x2C, 0x30, 0x00, 0x00, 0x03, 0xFC, 0x00, 0x3B, 0xF0,
    0x00, 0x0D, 0x80, 0x3C, 0x73, 0x70, 0x00, 0xC0, 0x00, 0x78, 0x00, 0x00, 0x00, 0xF0, 0x38, 0x24,
    0x09, 0x00, 0x00, 0x00, 0x00, 0x01, 0xC0, 0x0E, 0x50, 0x02, 0x80, 0x00, 0x00, 0x00, 0x00, 0x60,
    0x18, 0x3C, 0x0F, 0x00, 0x00, 0x00, 0x1E, 0x00, 0x04, 0x80, 0x00, 0x40, 0x00, 0x30, 0x01, 0x8C,
    0x00, 0x20, 0x38, 0x0C, 0x0C, 0x00, 0x00, 0x00, 0x00, 0x01, 0xC0, 0x0C, 0x30, 0x03, 0x80, 0x00,
    0x00, 0x00, 0x00, 0x00, 0x10, 0x1C, 0x0C, 0x06, 0x31, 0x80, 0x0C, 0x00, 0x02, 0x00, 0x00, 0x00,
    0x00, 0x22, 0x06, 0xC0, 0x78, 0x20, 0xCC, 0x39, 0x87, 0x31, 0xE6, 0x6C, 0xCD, 0x9B, 0x33, 0xC6,
    0x78, 0xCE, 0x19, 0x83, 0x80, 0x30, 0x06, 0x00, 0x80, 0x00, 0x33, 0x1F, 0x00, 0x0C, 0x66, 0x73,
    0x39, 0xB4, 0xD2, 0x79, 0x38, 0x98, 0x70, 0x10, 0x18, 0x0C, 0x20, 0x30, 0x3E, 0x0C, 0x06, 0x03,
    0xF1, 0x9C, 0xC2, 0x61, 0x33, 0x9F, 0x80, 0x00, 0x60, 0xF0, 0xF8, 0x60, 0x60, 0x60, 0x7E, 0x7F,
    0x63, 0x63, 0x7E, 0x78, 0xFE, 0xC6, 0xC2, 0xDE, 0xDE, 0xFC, 0xC4, 0xC0, 0xC0, 0xC0, 0xFC, 0xEE,
    0xC6, 0xC2, 0xC2, 0xCE, 0xEE, 0xFC, 0xC6, 0xC0, 0xC0, 0xC0, 0x04, 0x0D, 0xFF, 0xFC, 0x18, 0x30,
    0x60, 0xC1, 0x83, 0x06, 0x0C, 0x00, 0x00, 0x20, 0xBE, 0xC3, 0x0C, 0x30, 0xC3, 0x0C, 0x00, 0x3E,
    0x7F, 0x60, 0x60, 0x60, 0xFC, 0xFC, 0x60, 0x60, 0x60, 0x60, 0x7C, 0xF9, 0x87, 0xCF, 0x8C, 0x18,
    0x30, 0x7C, 0xFE, 0xC0, 0xC0, 0xC0, 0xFC, 0xFE, 0xC3, 0xC3, 0xC3, 0xC3, 0x03, 0x03, 0x3E, 0x3C,
    0xF9, 0xF3, 0x07, 0x8F, 0xD9, 0xB1, 0xE3, 0x06, 0x19, 0xF1, 0xC0, 0xC2, 0x13, 0x31, 0x99, 0x98,
    0x6D, 0x81, 0xF8, 0x07, 0xC0, 0x7E, 0x06, 0xD8, 0x36, 0x63, 0x31, 0xB1, 0x8E, 0x00, 0x30, 0x01,
    0x80, 0x0C, 0xC4, 0x46, 0x4C, 0x35, 0x81, 0xF0, 0x1F, 0x03, 0x58, 0x64, 0xCC, 0x47, 0x00, 0x30,
    0x03, 0x00, 0x30, 0x7C, 0x7E, 0x06, 0x02, 0x06, 0x3C, 0x0E, 0x03, 0x03, 0x46, 0xFE, 0x18, 0x08,
    0x18, 0x00, 0x7C, 0x98, 0x11, 0xE3, 0xC0, 0xC3, 0xFE, 0x10, 0x30, 0xE0, 0x00, 0x43, 0x63, 0x33,
    0x1B, 0x0F, 0x87, 0x83, 0xC1, 0xB0, 0xCC, 0x63, 0x30, 0xE0, 0x30, 0x18, 0x0C, 0xCD, 0xB3, 0x47,
    0x8F, 0x1B, 0x37, 0x67, 0x06, 0x0C, 0x08, 0x43, 0x63, 0x3F, 0x1F, 0x0F, 0x87, 0x83, 0xC1, 0xF0,
    0xFC, 0x63, 0x30, 0xC0, 0xCD, 0xF3, 0xC7, 0x8F, 0x1F, 0x3E, 0x66, 0x21, 0x31, 0xBC, 0xCC, 0xC6,
    0xC3, 0xE1, 0xB0, 0xCC, 0x63, 0x31, 0x98, 0x60, 0x00, 0x60, 0xF8, 0x60, 0x66, 0x6C, 0x68, 0x78,
    0x78, 0x6C, 0x6C, 0x66, 0xF0, 0xDE, 0x30, 0xCC, 0x1B, 0x83, 0x60, 0x78, 0x0F, 0x01, 0xB0, 0x33,
    0x06, 0x30, 0xC3, 0x00, 0xF1, 0x8C, 0xC3, 0x60, 0xF0, 0x3C, 0x0D, 0x83, 0x30, 0xC6, 0x41, 0x30,
    0x6C, 0x1B, 0x06, 0xC1, 0xBF, 0xEC, 0x1B, 0x06, 0xC1, 0xB0, 0x6C, 0x1C, 0x03, 0x00, 0xC0, 0x30,
    0xC2, 0x61, 0x30, 0x9F, 0xCF, 0xE6, 0x13, 0x09, 0x86, 0x01, 0x00, 0x80, 0x40, 0x41, 0xF8, 0x3F,
    0x06, 0x60, 0xCC, 0x19, 0xFF, 0x30, 0x66, 0x0C, 0xC1, 0x98, 0x33, 0x06, 0x00, 0xC3, 0xF0, 0xCC,
    0x23, 0xF8, 0xFE, 0x30, 0x8C, 0x23, 0x08, 0x7F, 0x03, 0xFC, 0x0C, 0x30, 0x30, 0xC0, 0xC3, 0x03,
    0x0F, 0xCC, 0x3F, 0xB0, 0xC7, 0xC3, 0x0F, 0x0C, 0x3C, 0x30, 0xC0, 0x03, 0x00, 0x0C, 0x03, 0xE0,
    0x0F, 0x00, 0xFE, 0x0F, 0xE0, 0xC6, 0x0C, 0x78, 0xC7, 0xCC, 0x66, 0xC6, 0x6C, 0x62, 0x00, 0x20,
    0x06, 0x03, 0xE0, 0x1C, 0x0E, 0x07, 0xC1, 0xC6, 0x31, 0xE6, 0x64, 0xCC, 0xD9, 0x9B, 0x33, 0x66,
    0xC6, 0x78, 0x7F, 0x80, 0x70, 0x3C, 0x38, 0x1B, 0xC9, 0xB4, 0xDB, 0x6D, 0xBC, 0x7F, 0x01, 0x80,
    0x0F, 0x1F, 0xCC, 0x0C, 0x06, 0x03, 0x01, 0x80, 0xC0, 0x60, 0x18, 0x07, 0xE0, 0x80, 0x60, 0x70,
    0x00, 0x3E, 0xE9, 0x82, 0x04, 0x0C, 0x18, 0x1F, 0x08, 0x18, 0x60, 0x00, 0xFF, 0xFF, 0x18, 0x18,
    0x18, 0x18, 0x18, 0x18, 0x18, 0x18, 0x1C, 0x0C, 0x0C, 0x04, 0xFE, 0xF8, 0x40, 0x81, 0x02, 0x04,
    0x0C, 0x08, 0x10, 0x20, 0x81, 0x61, 0x98, 0x8C, 0xC3, 0x41, 0xE0, 0x60, 0x30, 0x18, 0x0C, 0x06,
    0x00, 0xC2, 0xC6, 0x46, 0x64, 0x6C, 0x3C, 0x38, 0x18, 0x18, 0x18, 0x18, 0x10, 0x81, 0x61, 0x98,
    0x8C, 0xC3, 0x41, 0xE0, 0x60, 0xFC, 0x7E, 0x0C, 0x06, 0x00, 0xC2, 0xC6, 0x46, 0x64, 0x6C, 0x3C,
    0x38, 0x18, 0x7E, 0x18, 0x18, 0x10, 0x41, 0x31, 0x99, 0x86, 0xC1, 0xC0, 0xC0, 0x70, 0x6C, 0x66,
    0x31, 0xB0, 0xE0, 0x30, 0x18, 0x04, 0xC6, 0x66, 0x3C, 0x38, 0x38, 0x3C, 0x66, 0xC7, 0x03, 0x03,
    0x03, 0xFF, 0x27, 0xFB, 0x06, 0x18, 0x30, 0xC1, 0x86, 0x0C, 0x30, 0x61, 0x83, 0x0C, 0x18, 0x60,
    0xC3, 0x07, 0xFC, 0x00, 0x20, 0x01, 0x00, 0x08, 0xFE, 0x8F, 0x90, 0xC2, 0x18, 0x43, 0x08, 0x61,
    0x0C, 0x21, 0xFF, 0x00, 0x60, 0x0C, 0x01, 0x00, 0x81, 0x30, 0xCC, 0x33, 0x0C, 0xC3, 0x30, 0xC7,
    0xF0, 0xEC, 0x03, 0x00, 0xC0, 0x38, 0x02, 0x00, 0x80, 0x20, 0xC6, 0xC6, 0xC6, 0xC6, 0xFE, 0x36,
    0x06, 0x07, 0x03, 0x03, 0x03, 0x81, 0xC3, 0xC3, 0xC3, 0xDB, 0xDB, 0x7F, 0x3B, 0x1B, 0x13, 0x03,
    0xC7, 0x8F, 0x5F, 0xBF, 0xEE, 0xCD, 0x83, 0x40, 0x60, 0x30, 0x18, 0x0F, 0xE7, 0xFB, 0x0D, 0x86,
    0xC3, 0x61, 0xB0, 0xC0, 0x01, 0x83, 0x06, 0x0F, 0xDC, 0xF1, 0xE3, 0xC7, 0x8F, 0x1E, 0x30, 0x07,
    0x80, 0xFC, 0x18, 0x61, 0x82, 0xF0, 0x3F, 0xFF, 0x3F, 0xE1, 0x00, 0x18, 0x01, 0xC2, 0x0F, 0xE0,
    0x00, 0x0F, 0x0D, 0xFC, 0x7F, 0xF3, 0xF9, 0x80, 0x60, 0x3F, 0x00, 0x00, 0x07, 0x80, 0xFC, 0x18,
    0x61, 0x83, 0xF0, 0x3F, 0xFF, 0x3F, 0xE3, 0x00, 0x18, 0x01, 0xC2, 0x0F, 0xE0, 0x30, 0x03, 0x00,
    0x30, 0x0F, 0x0D, 0xFC, 0x7F, 0xF3, 0xF9, 0x80, 0x60, 0x3F, 0x06, 0x03, 0x01, 0x80, 0x73, 0x88,
    0x42, 0x10, 0x84, 0x21, 0x3E, 0x00, 0x00, 0x36, 0x00, 0x70, 0x10, 0x86, 0x62, 0x19, 0x88, 0xC3,
    0x26, 0x06, 0x98, 0x1F, 0xC0, 0x6F, 0x83, 0x26, 0x18, 0x8C, 0x62, 0x33, 0x08, 0x60, 0x1B, 0x01,
    0xE0, 0x00, 0x62, 0x36, 0x4C, 0x49, 0x0F, 0xE1, 0xFC, 0x24, 0xCC, 0x9B, 0x11, 0x80, 0x43, 0x63,
    0x33, 0x1B, 0x0F, 0x87, 0xE3, 0xF9, 0x86, 0xC1, 0x60, 0xF0, 0x60, 0x20, 0x31, 0xF8, 0x70, 0xCD,
    0xB3, 0xC7, 0x8F, 0xD8, 0xF1, 0xE3, 0x06, 0x0C, 0xF1, 0xC0, 0x1F, 0x83, 0xF0, 0x46, 0x08, 0xC3,
    0x18, 0x63, 0x0C, 0x61, 0x8C, 0x31, 0x8C, 0x33, 0x87, 0x00, 0x60, 0x0C, 0x01, 0x80, 0x3E, 0x1F,
    0x0C, 0x86, 0x42, 0x23, 0x11, 0x89, 0x87, 0x01, 0x01, 0x80, 0xC0, 0x41, 0x60, 0xF0, 0x78, 0x3C,
    0x1F, 0xFF, 0x07, 0x83, 0xC1, 0xE0, 0xF0, 0x60, 0x20, 0x31, 0xF8, 0x70, 0xC2, 0xC6, 0xC6, 0xFE,
    0xFE, 0xC6, 0xC6, 0xC6, 0x06, 0x06, 0x3E, 0x18, 0x41, 0x30, 0x6C, 0x1B, 0x06, 0xC1, 0xBF, 0xEC,
    0x1B, 0x06, 0xC1, 0xB0, 0x6C, 0x1C, 0x03, 0x01, 0x80, 0x60, 0xC2, 0x61, 0x30, 0x9F, 0xCF, 0xE6,
    0x13, 0x09, 0x87, 0x01, 0x01, 0x80, 0xC0, 0x81, 0xC3, 0xC3, 0xC3, 0xC3, 0xC3, 0x7F, 0x3B, 0x03,
    0x03, 0x07, 0x06, 0x06, 0x06, 0xC7, 0x8F, 0x1E, 0x3F, 0xE6, 0xC1, 0x87, 0x0C, 0x18, 0x30, 0x40,
    0x67, 0x07, 0x38, 0x39, 0xE1, 0xCF, 0x1E, 0x68, 0xB3, 0x6D, 0x9B, 0x6C, 0xCE, 0x66, 0x73, 0x31,
    0x9C, 0x00, 0x60, 0x03, 0x00, 0x10, 0xC1, 0xB8, 0xEE, 0x3B, 0x9E, 0xF7, 0xB7, 0x6D, 0xDB, 0x67,
    0x00, 0xC0, 0x30, 0x08, 0x73, 0x88, 0x42, 0x10, 0x84, 0x21, 0x3E, 0x00, 0x0D, 0x81, 0xC0, 0x20,
    0x1C, 0x07, 0x01, 0x60, 0xD8, 0x32, 0x1F, 0xC7, 0xF1, 0x86, 0xC1, 0xB0, 0x60, 0x26, 0x78, 0x01,
    0xE2, 0x60, 0xCF, 0xBB, 0xC6, 0x8D, 0xF8, 0x00, 0x16, 0x05, 0x80, 0x00, 0x20, 0x1C, 0x07, 0x01,
    0x60, 0xD8, 0x32, 0x1F, 0xC7, 0xF1, 0x86, 0xC1, 0xB0, 0x60, 0x24, 0x48, 0x01, 0xE2, 0x60, 0xCF,
    0xBB, 0xC6, 0x8D, 0xF8, 0x00, 0x03, 0xF8, 0x3F, 0xC1, 0xE0, 0x1B, 0x00, 0xD8, 0x0C, 0xFC, 0x7E,
    0x07, 0xF0, 0x31, 0x83, 0x0C, 0x18, 0x7E, 0x7D, 0xE6, 0x77, 0x06, 0x33, 0xFF, 0x77, 0xFC, 0x60,
    0x47, 0x07, 0xDF, 0x00, 0x00, 0x00, 0xD8, 0xE3, 0xEF, 0xD8, 0x30, 0x60, 0xFD, 0x83, 0x06, 0x0C,
    0x1F, 0x80, 0x26, 0x3C, 0x00, 0x3C, 0x76, 0x63, 0x7F, 0x7E, 0x60, 0x62, 0x3E, 0x00, 0x3E, 0x1F,
    0xC0, 0x18, 0x03, 0x00, 0xDF, 0xF7, 0xFD, 0x83, 0x60, 0xDC, 0xE3, 0xF0, 0x00, 0x7C, 0x4E, 0x02,
    0x03, 0x7F, 0x42, 0x66, 0x3C, 0x00, 0x12, 0x04, 0x80, 0x00, 0xF8, 0x7F, 0x00, 0x60, 0x0C, 0x03,
    0x7F, 0xDF, 0xF6, 0x0D, 0x83, 0x73, 0x8F, 0xC0, 0x00, 0x24, 0x24, 0x00, 0x7C, 0x4E, 0x02, 0x03,
    0x7F, 0x42, 0x66, 0x3C, 0x00, 0x05, 0x80, 0x36, 0x00, 0x00, 0x10, 0x86, 0x62, 0x19, 0x88, 0xC3,
    0x26, 0x06, 0x98, 0x1F, 0xC0, 0x6F, 0x83, 0x26, 0x18, 0x8C, 0x62, 0x33, 0x08, 0x60, 0x0B, 0x03,
    0x60, 0x00, 0x62, 0x36, 0x4C, 0x49, 0x0F, 0xE1, 0xFC, 0x24, 0xCC, 0x9B, 0x11, 0x80, 0x2C, 0x2C,
    0x00, 0x7C, 0x7E, 0x06, 0x02, 0x06, 0x3C, 0x0E, 0x03, 0x03, 0x46, 0xFE, 0x00, 0x68, 0xD8, 0x03,
    0xE4, 0xC0, 0x8F, 0x1E, 0x06, 0x1F, 0xF0, 0x00, 0x7E, 0x7E, 0x06, 0x1C, 0x38, 0x3C, 0x0F, 0x03,
    0x03, 0xC7, 0xFE, 0x00, 0xFE, 0xF8, 0x60, 0xC3, 0x07, 0x81, 0x83, 0x06, 0x0F, 0xF3, 0x80, 0x3E,
    0x00, 0x10, 0x58, 0x7C, 0x3E, 0x3F, 0x37, 0x9B, 0xD9, 0xE8, 0xFC, 0x7C, 0x3C, 0x18, 0x7C, 0x03,
    0x1E, 0x7C, 0xFB, 0xFD, 0xFB, 0xE7, 0x8C, 0x16, 0x1B, 0x00, 0x08, 0x2C, 0x3E, 0x1F, 0x1F, 0x9B,
    0xCD, 0xEC, 0xF4, 0x7E, 0x3E, 0x1E, 0x0C, 0x2C, 0xD8, 0x06, 0x3C, 0xF9, 0xF7, 0xFB, 0xF7, 0xCF,
    0x18, 0x0B, 0x01, 0x60, 0x00, 0x07, 0x83, 0xF8, 0xE1, 0x98, 0x33, 0x03, 0x60, 0x6C, 0x0D, 0x81,
    0xB0, 0x63, 0x1C, 0x3F, 0x00, 0x00, 0x34, 0x1B, 0x00, 0x07, 0xC7, 0x73, 0x19, 0x0C, 0x86, 0x63,
    0x31, 0x8F, 0x80, 0x00, 0x0F, 0x07, 0xF1, 0xC3, 0x30, 0x66, 0x06, 0xFF, 0xDF, 0xFB, 0x03, 0x60,
    0xC6, 0x38, 0x7E, 0x00, 0x00, 0x3E, 0x3B, 0x98, 0xCF, 0xE7, 0xF3, 0x19, 0x8C, 0x7C, 0x00, 0x00,
    0x0B, 0x01, 0x60, 0x3C, 0x1F, 0xC7, 0x0C, 0xC1, 0x98, 0x1B, 0xFF, 0x7F, 0xEC, 0x0D, 0x83, 0x18,
    0xE1, 0xF8, 0x00, 0x00, 0x34, 0x1B, 0x00, 0x07, 0xC7, 0x73, 0x19, 0xFC, 0xFE, 0x63, 0x31, 0x8F,
    0x80, 0x00, 0x2C, 0x16, 0x00, 0x0F, 0x87, 0xE0, 0x18, 0x0C, 0x03, 0x3F, 0x80, 0xC0, 0x60, 0x64,
    0x73, 0xF0, 0x00, 0x48, 0xD0, 0x03, 0xC4, 0xC0, 0xDF, 0xBF, 0x06, 0x1B, 0xE0, 0x00, 0x3E, 0x00,
    0x30, 0x38, 0x36, 0x13, 0x18, 0xC8, 0x6C, 0x1E, 0x0E, 0x03, 0x03, 0x07, 0x00, 0x00, 0x7C, 0x00,
    0xC2, 0xC6, 0x66, 0x64, 0x6C, 0x3C, 0x38, 0x18, 0x18, 0x30, 0xF0, 0xC0, 0x16, 0x1B, 0x00, 0x18,
    0x1C, 0x1B, 0x09, 0x8C, 0x64, 0x36, 0x0F, 0x07, 0x01, 0x81, 0x83, 0x80, 0x00, 0x2C, 0x2C, 0x00,
    0xC2, 0xC6, 0x66, 0x64, 0x6C, 0x3C, 0x38, 0x18, 0x18, 0x30, 0xF0, 0xC0, 0x00, 0x07, 0x86, 0x80,
    0x0C, 0x0E, 0x0D, 0x84, 0xC6, 0x32, 0x1B, 0x07, 0x83, 0x80, 0xC0, 0xC1, 0xC0, 0x00, 0x00, 0x16,
    0x34, 0x00, 0xC2, 0xC6, 0x66, 0x64, 0x6C, 0x3C, 0x38, 0x18, 0x18, 0x30, 0xF0, 0xC0, 0x2C, 0x2C,
    0x00, 0x82, 0xC3, 0xC3, 0xC3, 0xC3, 0xC7, 0x7F, 0x03, 0x03, 0x03, 0x03, 0x24, 0x34, 0x00, 0x43,
    0x43, 0x43, 0x63, 0x7F, 0x1B, 0x03, 0x03, 0x7D, 0xFF, 0x06, 0x0C, 0x18, 0x30, 0x60, 0xC1, 0x83,
    0x83, 0x06, 0x04, 0x00, 0xFF, 0xB1, 0x8C, 0x63, 0x1C, 0x63, 0x18, 0x12, 0x06, 0x80, 0x01, 0x01,
    0xC0, 0xF0, 0x3C, 0x0F, 0xC3, 0xFC, 0xF1, 0xBC, 0x6F, 0x1B, 0xCE, 0xFF, 0x30, 0x16, 0x1B, 0x00,
    0x18, 0x3C, 0x1E, 0x0F, 0xF7, 0x9B, 0xC5, 0xE6, 0xFE, 0x60, 0x3E, 0x7F, 0x60, 0x60, 0x60, 0xFC,
    0xFC, 0x60, 0x60, 0x60, 0x70, 0x30, 0x30, 0x70, 0x7C, 0xF9, 0x87, 0xCF, 0x8C, 0x18, 0x38, 0x30,
    0xE1, 0x80, 0x41, 0x31, 0x99, 0x86, 0xC1, 0xC0, 0xC0, 0x70, 0x6C, 0x66, 0x31, 0xB0, 0xE0, 0x30,
    0x18, 0x1C, 0xC6, 0x66, 0x3C, 0x38, 0x38, 0x3C, 0x66, 0xC7, 0x03, 0x03, 0x07, 0x41, 0x31, 0x99,
    0x86, 0xC3, 0xC3, 0xF8, 0x70, 0x6C, 0x66, 0x31, 0xB0, 0xC0, 0xC6, 0x66, 0x3C, 0x7E, 0x7E, 0x3C,
    0x66, 0xC6, 0x08, 0x07, 0x01, 0xC0, 0x58, 0x36, 0x0C, 0x87, 0xF1, 0xFC, 0x61, 0xB0, 0x6C, 0x18,
    0x00, 0x0C, 0x02, 0x00, 0x3C, 0x4C, 0x19, 0xF7, 0x78, 0xD1, 0xBF, 0x00, 0x30, 0x60, 0x1C, 0x01,
    0x00, 0xC0, 0x20, 0x08, 0x07, 0x01, 0xC0, 0x58, 0x36, 0x0C, 0x87, 0xF1, 0xFC, 0x61, 0xB0, 0x6C,
    0x18, 0x18, 0x18, 0x60, 0x03, 0xC4, 0xC1, 0x9F, 0x77, 0x8D, 0x1B, 0xF0, 0x00, 0x00, 0x02, 0x41,
    0xE0, 0xD8, 0x08, 0x07, 0x01, 0xC0, 0x58, 0x36, 0x0C, 0x87, 0xF1, 0xFC, 0x61, 0xB0, 0x6C, 0x18,
    0x03, 0x1A, 0x3C, 0x00, 0x3C, 0x26, 0x06, 0x3E, 0x76, 0xC6, 0x46, 0x7E, 0x00, 0x40, 0x1A, 0x03,
    0xC0, 0xD8, 0x08, 0x07, 0x01, 0xC0, 0x58, 0x36, 0x0C, 0x87, 0xF1, 0xFC, 0x61, 0xB0, 0x6C, 0x18,
    0xC0, 0xB0, 0xF0, 0x03, 0xC4, 0xC1, 0x9F, 0x77, 0x8D, 0x1B, 0xF0, 0x00, 0x00, 0x00, 0xC0, 0xB0,
    0x78, 0x36, 0x02, 0x01, 0xC0, 0x70, 0x16, 0x0D, 0x83, 0x21, 0xFC, 0x7F, 0x18, 0x6C, 0x1B, 0x06,
    0x06, 0x03, 0x1A, 0x3C, 0x00, 0x3C, 0x26, 0x06, 0x3E, 0x76, 0xC6, 0x46, 0x7E, 0x00, 0x00, 0x0F,
    0x80, 0xC0, 0x70, 0x36, 0x02, 0x01, 0xC0, 0x70, 0x16, 0x0D, 0x83, 0x21, 0xFC, 0x7F, 0x18, 0x6C,
    0x1B, 0x06, 0x3C, 0x58, 0x61, 0xE0, 0x07, 0x89, 0x83, 0x3E, 0xEF, 0x1A, 0x37, 0xE0, 0x00, 0x00,
    0x07, 0x03, 0x60, 0x00, 0x08, 0x07, 0x01, 0xC0, 0x58, 0x36, 0x0C, 0x87, 0xF1, 0xFC, 0x61, 0xB0,
    0x6C, 0x18, 0x00, 0x0C, 0x02, 0x00, 0x00, 0x30, 0xF0, 0x03, 0xC4, 0xC1, 0x9F, 0x77, 0x8D, 0x1B,
    0xF0, 0x03, 0x06, 0x00, 0x04, 0x03, 0x03, 0x60, 0x70, 0x08, 0x07, 0x01, 0xC0, 0x58, 0x36, 0x0C,
    0x87, 0xF1, 0xFC, 0x61, 0xB0, 0x6C, 0x18, 0x00, 0x10, 0x91, 0xE0, 0x07, 0x89, 0x83, 0x3E, 0xEF,
    0x1A, 0x37, 0xE0, 0x00, 0x10, 0x02, 0x03, 0x60, 0x70, 0x08, 0x07, 0x01, 0xC0, 0x58, 0x36, 0x0C,
    0x87, 0xF1, 0xFC, 0x61, 0xB0, 0x6C, 0x18, 0x00, 0x20, 0x91, 0xE0, 0x07, 0x89, 0x83, 0x3E, 0xEF,
    0x1A, 0x37, 0xE0, 0x00, 0x00, 0x03, 0x00, 0xC0, 0xD8, 0x1C, 0x02, 0x01, 0xC0, 0x70, 0x16, 0x0D,
    0x83, 0x21, 0xFC, 0x7F, 0x18, 0x6C, 0x1B, 0x06, 0x18, 0x10, 0x91, 0xE0, 0x07, 0x89, 0x83, 0x3E,
    0xEF, 0x1A, 0x37, 0xE0, 0x00, 0x00, 0x0F, 0x82, 0x40, 0xD8, 0x1C, 0x02, 0x01, 0xC0, 0x70, 0x16,
    0x0D, 0x83, 0x21, 0xFC, 0x7F, 0x18, 0x6C, 0x1B, 0x06, 0x3E, 0x58, 0x91, 0xE0, 0x07, 0x89, 0x83,
    0x3E, 0xEF, 0x1A, 0x37, 0xE0, 0x00, 0x32, 0x07, 0x80, 0x00, 0x20, 0x1C, 0x07, 0x01, 0x60, 0xD8,
    0x32, 0x1F, 0xC7, 0xF1, 0x86, 0xC1, 0xB0, 0x60, 0x00, 0x30, 0x08, 0x00, 0x26, 0x78, 0x01, 0xE2,
    0x60, 0xCF, 0xBB, 0xC6, 0x8D, 0xF8, 0x01, 0x82, 0x00, 0x7D, 0xFB, 0x06, 0x0C, 0x1F, 0xB0, 0x60,
    0xC1, 0x83, 0xF0, 0x03, 0x02, 0x00, 0x3C, 0x76, 0x63, 0x7F, 0x7E, 0x60, 0x62, 0x3E, 0x00, 0x18,
    0x08, 0x38, 0x10, 0x60, 0x87, 0xDF, 0xB0, 0x60, 0xC1, 0xFB, 0x06, 0x0C, 0x18, 0x3F, 0x00, 0x1C,
    0x04, 0x0C, 0x08, 0x3C, 0x76, 0x63, 0x7F, 0x7E, 0x60, 0x62, 0x3E, 0x00, 0x74, 0xF8, 0x03, 0xEF,
    0xD8, 0x30, 0x60, 0xFD, 0x83, 0x06, 0x0C, 0x1F, 0x80, 0x32, 0x7E, 0x00, 0x3C, 0x76, 0x63, 0x7F,
    0x7E, 0x60, 0x62, 0x3E, 0x00, 0x02, 0x16, 0x3C, 0x6C, 0x7C, 0xFC, 0xC0, 0xC0, 0xC0, 0xFC, 0xC0,
    0xC0, 0xC0, 0xC0, 0xFC, 0x03, 0x0D, 0x0F, 0x00, 0x03, 0xC3, 0xB1, 0x8C, 0xFE, 0x7E, 0x30, 0x18,
    0x87, 0xC0, 0x00, 0x00, 0x68, 0x3C, 0x36, 0x3E, 0x7E, 0x60, 0x60, 0x60, 0x7E, 0x60, 0x60, 0x60,
    0x60, 0x7E, 0xC0, 0x7C, 0x34, 0x00, 0x3C, 0x76, 0x63, 0x7F, 0x7E, 0x60, 0x62, 0x3E, 0x00, 0x00,
    0x0C, 0x59, 0xE6, 0xCF, 0xBF, 0x60, 0xC1, 0x83, 0xF6, 0x0C, 0x18, 0x30, 0x7E, 0x02, 0x03, 0x1A,
    0x3C, 0x00, 0x3C, 0x76, 0x63, 0x7F, 0x7E, 0x60, 0x62, 0x3E, 0x00, 0x00, 0xF8, 0x41, 0xC6, 0x8F,
    0xBF, 0x60, 0xC1, 0x83, 0xF6, 0x0C, 0x18, 0x30, 0x7E, 0x3E, 0x2C, 0x18, 0x3C, 0x00, 0x3C, 0x76,
    0x63, 0x7F, 0x7E, 0x60, 0x62, 0x3E, 0x00, 0x00, 0x71, 0xB0, 0x07, 0xDF, 0xB0, 0x60, 0xC1, 0xFB,
    0x06, 0x0C, 0x18, 0x3F, 0x00, 0x30, 0x20, 0x00, 0x1C, 0x34, 0x00, 0x3C, 0x76, 0x63, 0x7F, 0x7E,
    0x60, 0x62, 0x3E, 0x00, 0x18, 0x08, 0x21, 0x8C, 0x47, 0x38, 0x84, 0x21, 0x08, 0x42, 0x13, 0xE0,
    0x63, 0x60, 0x66, 0x66, 0x66, 0x66, 0x73, 0x88, 0x42, 0x10, 0x84, 0x21, 0x3E, 0x02, 0x10, 0xF3,
    0xFF, 0xFC, 0xE0, 0x0F, 0x07, 0xF1, 0xC3, 0x30, 0x66, 0x06, 0xC0, 0xD8, 0x1B, 0x03, 0x60, 0xC6,
    0x38, 0x7E, 0x00, 0x00, 0x60, 0x08, 0x00, 0x3E, 0x3B, 0x98, 0xC8, 0x64, 0x33, 0x19, 0x8C, 0x7C,
    0x00, 0x0C, 0x02, 0x00, 0x04, 0x00, 0xC0, 0x18, 0x02, 0x00, 0xF0, 0x7F, 0x1C, 0x33, 0x06, 0x60,
    0x6C, 0x0D, 0x81, 0xB0, 0x36, 0x0C, 0x63, 0x87, 0xE0, 0x00, 0x1C, 0x02, 0x03, 0x01, 0x03, 0xE3,
    0xB9, 0x8C, 0x86, 0x43, 0x31, 0x98, 0xC7, 0xC0, 0x00, 0x00, 0x00, 0x90, 0x3C, 0x0D, 0x80, 0xF0,
    0x7F, 0x1C, 0x33, 0x06, 0x60, 0x6C, 0x0D, 0x81, 0xB0, 0x36, 0x0C, 0x63, 0x87, 0xE0, 0x00, 0x01,
    0x0F, 0x0D, 0x00, 0x03, 0xE3, 0xB9, 0x8C, 0x86, 0x43, 0x31, 0x98, 0xC7, 0xC0, 0x00, 0x20, 0x06,
    0x80, 0x78, 0x04, 0x80, 0xF0, 0x7F, 0x1C, 0x33, 0x06, 0x60, 0x6C, 0x0D, 0x81, 0xB0, 0x36, 0x0C,
    0x63, 0x87, 0xE0, 0x00, 0x40, 0x3E, 0x0D, 0x00, 0x03, 0xE3, 0xB9, 0x8C, 0x86, 0x43, 0x31, 0x98,
    0xC7, 0xC0, 0x00, 0x00, 0x00, 0x30, 0x16, 0x07, 0x81, 0xB0, 0x1E, 0x0F, 0xE3, 0x86, 0x60, 0xCC,
    0x0D, 0x81, 0xB0, 0x36, 0x06, 0xC1, 0x8C, 0x70, 0xFC, 0x00, 0x00, 0x03, 0x00, 0x87, 0x86, 0x80,
    0x01, 0xF1, 0xDC, 0xC6, 0x43, 0x21, 0x98, 0xCC, 0x63, 0xE0, 0x00, 0x00, 0x03, 0xE0, 0x18, 0x07,
    0x01, 0xB0, 0x1E, 0x0F, 0xE3, 0x86, 0x60, 0xCC, 0x0D, 0x81, 0xB0, 0x36, 0x06, 0xC1, 0x8C, 0x70,
    0xFC, 0x00, 0x00, 0x3E, 0x16, 0x07, 0x06, 0x80, 0x01, 0xF1, 0xDC, 0xC6, 0x43, 0x21, 0x98, 0xCC,
    0x63, 0xE0, 0x00, 0x00, 0x01, 0xC0, 0x6C, 0x00, 0x00, 0xF0, 0x7F, 0x1C, 0x33, 0x06, 0x60, 0x6C,
    0x0D, 0x81, 0xB0, 0x36, 0x0C, 0x63, 0x87, 0xE0, 0x00, 0x06, 0x00, 0x80, 0x00, 0x0E, 0x0D, 0x80,
    0x03, 0xE3, 0xB9, 0x8C, 0x86, 0x43, 0x31, 0x98, 0xC7, 0xC0, 0x00, 0xC0, 0x20, 0x00, 0x00, 0x30,
    0x06, 0x00, 0x00, 0x0F, 0x33, 0xFA, 0x70, 0xE6, 0x0C, 0x60, 0x66, 0x06, 0x60, 0x66, 0x06, 0x60,
    0xC3, 0x1C, 0x1F, 0x80, 0x00, 0x00, 0x03, 0x00, 0x80, 0x03, 0x3F, 0x9D, 0xC6, 0x31, 0x0C, 0x43,
    0x18, 0xC6, 0x30, 0xF8, 0x00, 0x00, 0x00, 0x00, 0xC0, 0x06, 0x00, 0x00, 0x0F, 0x33, 0xFA, 0x70,
    0xE6, 0x0C, 0x60, 0x66, 0x06, 0x60, 0x66, 0x06, 0x60, 0xC3, 0x1C, 0x1F, 0x80, 0x00, 0x00, 0x06,
    0x00, 0x80, 0x03, 0x3F, 0x9D, 0xC6, 0x31, 0x0C, 0x43, 0x18, 0xC6, 0x30, 0xF8, 0x00, 0x00, 0x0E,
    0x00, 0x20, 0x06, 0x00, 0x40, 0x0F, 0x33, 0xFA, 0x70, 0xE6, 0x0C, 0x60, 0x66, 0x06, 0x60, 0x66,
    0x06, 0x60, 0xC3, 0x1C, 0x1F, 0x80, 0x00, 0x1C, 0x01, 0x00, 0x80, 0x23, 0x3F, 0x9D, 0xC6, 0x31,
    0x0C, 0x43, 0x18, 0xC6, 0x30, 0xF8, 0x00, 0x00, 0x0D, 0x01, 0xF0, 0x00, 0x00, 0xF3, 0x3F, 0xA7,
    0x0E, 0x60, 0xC6, 0x06, 0x60, 0x66, 0x06, 0x60, 0x66, 0x0C, 0x31, 0xC1, 0xF8, 0x00, 0x00, 0x3A,
    0x0F, 0x80, 0x0C, 0xFE, 0x77, 0x18, 0xC4, 0x31, 0x0C, 0x63, 0x18, 0xC3, 0xE0, 0x00, 0x00, 0x00,
    0xF3, 0x3F, 0xA7, 0x0E, 0x60, 0xC6, 0x06, 0x60, 0x66, 0x06, 0x60, 0x66, 0x0C, 0x31, 0xC1, 0xF8,
    0x00, 0x00, 0x60, 0x04, 0x00, 0x00, 0x00, 0x33, 0xF9, 0xDC, 0x63, 0x10, 0xC4, 0x31, 0x8C, 0x63,
    0x0F, 0x80, 0x00, 0x60, 0x08, 0x00, 0xC1, 0x60, 0xF0, 0x78, 0x3C, 0x1E, 0x0F, 0x07, 0x83, 0xC1,
    0x31, 0x9F, 0x80, 0x01, 0x80, 0x40, 0xC7, 0x8F, 0x1E, 0x3C, 0x78, 0xF3, 0xBF, 0x00, 0x60, 0x40,
    0x18, 0x0E, 0x03, 0x01, 0x0C, 0x16, 0x0F, 0x07, 0x83, 0xC1, 0xE0, 0xF0, 0x78, 0x3C, 0x13, 0x19,
    0xF8, 0x00, 0x38, 0x10, 0x60, 0x8C, 0x78, 0xF1, 0xE3, 0xC7, 0x8F, 0x3B, 0xF0, 0x00, 0x00, 0x01,
    0x80, 0x20, 0x00, 0x0C, 0x17, 0x83, 0xF0, 0x76, 0x0C, 0xC1, 0x98, 0x33, 0x06, 0x60, 0xCC, 0x10,
    0xC6, 0x0F, 0x80, 0x00, 0x00, 0x06, 0x01, 0x80, 0x02, 0xC7, 0xB1, 0xCC, 0x63, 0x18, 0xC6, 0x31,
    0x8C, 0xE1, 0xF8, 0x00, 0x00, 0x00, 0x03, 0x00, 0x60, 0x00, 0x0C, 0x17, 0x83, 0xF0, 0x76, 0x0C,
    0xC1, 0x98, 0x33, 0x06, 0x60, 0xCC, 0x10, 0xC6, 0x0F, 0x80, 0x00, 0x00, 0x0C, 0x01, 0x00, 0x02,
    0xC7, 0xB1, 0xCC, 0x63, 0x18, 0xC6, 0x31, 0x8C, 0xE1, 0xF8, 0x00, 0x00, 0x08, 0x03, 0x80, 0x30,
    0x04, 0x0C, 0x17, 0x83, 0xF0, 0x76, 0x0C, 0xC1, 0x98, 0x33, 0x06, 0x60, 0xCC, 0x10, 0xC6, 0x0F,
    0x80, 0x00, 0x38, 0x02, 0x01, 0x80, 0x42, 0xC7, 0xB1, 0xCC, 0x63, 0x18, 0xC6, 0x31, 0x8C, 0xE1,
    0xF8, 0x00, 0x00, 0x3A, 0x07, 0xC0, 0x00, 0x60, 0xBC, 0x1F, 0x83, 0xB0, 0x66, 0x0C, 0xC1, 0x98,
    0x33, 0x06, 0x60, 0x86, 0x30, 0x7C, 0x00, 0x00, 0x74, 0x1F, 0x00, 0x0B, 0x1E, 0xC7, 0x31, 0x8C,
    0x63, 0x18, 0xC6, 0x33, 0x87, 0xE0, 0x00, 0x00, 0x18, 0x2F, 0x07, 0xE0, 0xEC, 0x19, 0x83, 0x30,
    0x66, 0x0C, 0xC1, 0x98, 0x21, 0x8C, 0x1F, 0x00, 0x00, 0x30, 0x02, 0x00, 0x00, 0x00, 0x2C, 0x7B,
    0x1C, 0xC6, 0x31, 0x8C, 0x63, 0x18, 0xCE, 0x1F, 0x80, 0x00, 0xC0, 0x10, 0x00, 0x00, 0x18, 0x06,
    0x00, 0x08, 0x16, 0x19, 0x88, 0xCC, 0x34, 0x1E, 0x06, 0x03, 0x01, 0x80, 0xC0, 0x60, 0x00, 0x30,
    0x18, 0x00, 0xC2, 0xC6, 0x66, 0x64, 0x6C, 0x3C, 0x38, 0x18, 0x18, 0x30, 0xF0, 0xC0, 0x81, 0x61,
    0x98, 0x8C, 0xC3, 0x41, 0xE0, 0x60, 0x30, 0x18, 0x0C, 0x06, 0x00, 0x01, 0x80, 0x40, 0xC2, 0xC6,
    0x66, 0x64, 0x6C, 0x3C, 0x38, 0x18, 0x18, 0x36, 0xF4, 0xC0, 0x18, 0x0E, 0x03, 0x03, 0x08, 0x16,
    0x19, 0x88, 0xCC, 0x34, 0x1E, 0x06, 0x03, 0x01, 0x80, 0xC0, 0x60, 0x38, 0x08, 0x18, 0x10, 0xC2,
    0xC6, 0x66, 0x64, 0x6C, 0x3C, 0x38, 0x18, 0x18, 0x30, 0xF0, 0xC0, 0x32, 0x3F, 0x00, 0x10, 0x2C,
    0x33, 0x11, 0x98, 0x68, 0x3C, 0x0C, 0x06, 0x03, 0x01, 0x80, 0xC0, 0x34, 0x7C, 0x00, 0xC2, 0xC6,
    0x66, 0x64, 0x6C, 0x3C, 0x38, 0x18, 0x18, 0x30, 0xF0, 0xC0, 0x01, 0x1D, 0xCC, 0x63, 0x18, 0xC6,
    0x31, 0x8C, 0x00, 0x01, 0x1C, 0x71, 0x8C, 0x63, 0x18, 0xC6, 0x31, 0x80, 0x77, 0x80, 0x77, 0x80,
    0xFF, 0x7E, 0x7F, 0xFC, 0x7F, 0xFF, 0xFF, 0xF0, 0x7F, 0xFF, 0xFF, 0xF0, 0x01, 0x24, 0x92, 0x49,
    0x24, 0x92, 0x49, 0x24, 0x92, 0x49, 0x24, 0x92, 0x7E, 0x7E, 0x7E, 0x00, 0x4B, 0x60, 0x5B, 0x60,
    0x6D, 0x60, 0xDB, 0x20, 0x49, 0x6D, 0xB6, 0x00, 0x4B, 0x6D, 0xB4, 0x00, 0x49, 0xE5, 0xB6, 0x00,
    0xD3, 0x6D, 0x92, 0x00, 0x00, 0x30, 0x42, 0x87, 0xE2, 0x04, 0x08, 0x10, 0x30, 0x60, 0xC0, 0x00,
    0x30, 0x43, 0xF7, 0xE3, 0x06, 0x08, 0x7E, 0xFC, 0x60, 0xC0, 0x0E, 0xFE, 0x60, 0x43, 0x1E, 0xE4,
    0x00, 0x6C, 0x00, 0xCF, 0x30, 0x00, 0xCC, 0xB3, 0x70, 0x00, 0xF0, 0x76, 0x31, 0x8C, 0x63, 0x18,
    0xC6, 0x30, 0x70, 0xC6, 0x31, 0x8C, 0x63, 0x18, 0xC6, 0x0F, 0xFF, 0x66, 0x66, 0x66, 0x66, 0x60,
    0x0F, 0x8F, 0x66, 0x66, 0x66, 0x66, 0x60, 0x0F, 0x1F, 0x66, 0x66, 0x66, 0x66, 0x60, 0x30, 0x80,
    0x3C, 0x40, 0x12, 0x60, 0x19, 0x20, 0x04, 0xB4, 0x22, 0xFF, 0x79, 0xD6, 0xB6, 0x1A, 0x73, 0x09,
    0x39, 0x8C, 0xD6, 0x84, 0x39, 0xC0, 0x00, 0x00, 0x30, 0x80, 0x01, 0xE2, 0x00, 0x04, 0x98, 0x00,
    0x32, 0x40, 0x00, 0xCB, 0x42, 0x11, 0x6F, 0x9C, 0xF7, 0x7B, 0xDE, 0xC3, 0x6F, 0x7B, 0x09, 0xBD,
    0xEC, 0x66, 0xF7, 0xB1, 0x0E, 0x73, 0x80, 0x00, 0x00, 0x32, 0x64, 0x00, 0x34, 0x59, 0xA2, 0xC1,
    0x00, 0x34, 0x96, 0xDA, 0xCB, 0x41, 0x00, 0x46, 0x23, 0x10, 0x50, 0xF0, 0xB1, 0xA1, 0x40, 0x52,
    0x3D, 0x0B, 0xC6, 0xA1, 0x40, 0x00, 0xC3, 0x16, 0x4A, 0x00, 0x33, 0x64, 0x63, 0x00, 0x46, 0x33,
    0x64, 0x00, 0x06, 0x06, 0x66, 0x30, 0xC1, 0x98, 0x0F, 0x04, 0x63, 0x4F, 0x21, 0x98, 0x30, 0xC6,
    0x66, 0x46, 0x20, 0x00, 0xCB, 0x6D, 0xB6, 0xDB, 0x2C, 0xB2, 0x03, 0x6D, 0x80, 0x79, 0xF8, 0x91,
    0x22, 0xC7, 0x0C, 0x18, 0x00, 0x40, 0xC0, 0x00, 0x00, 0x3F, 0xC0, 0x80, 0x20, 0x9F, 0xC3, 0x80,
    0x1C, 0x3B, 0xB0, 0x40, 0x00, 0x08, 0x61, 0x04, 0x30, 0x87, 0x14, 0xDA, 0x20, 0x00, 0x00, 0x00,
    0xC0, 0x00, 0x60, 0x00, 0xFE, 0x00, 0x7E, 0x00, 0x1E, 0x00, 0x0D, 0x80, 0x20, 0x90, 0x10, 0x08,
    0x49, 0x24, 0xBF, 0x9F, 0xC7, 0x03, 0x82, 0xC1, 0x63, 0x61, 0xB0, 0x00, 0x00, 0x77, 0x80, 0x00,
    0x02, 0x06, 0x04, 0x0C, 0x18, 0x10, 0x30, 0x60, 0x40, 0xC0, 0xEE, 0xCC, 0xCC, 0xEE, 0xCC, 0xCC,
    0xFE, 0xFF, 0x33, 0x33, 0xFF, 0x33, 0x33, 0xF6, 0x79, 0xE7, 0xFF, 0x83, 0x0C, 0x18, 0x20, 0xC3,
    0x0C, 0x30, 0xC3, 0x04, 0x10, 0x00, 0x01, 0x06, 0x0C, 0x30, 0x00, 0x00, 0x79, 0xFE, 0xC3, 0x61,
    0xB0, 0xD8, 0xCC, 0xC6, 0x43, 0x00, 0x10, 0xCC, 0x60, 0x00, 0xCE, 0x6F, 0xB0, 0x78, 0x3C, 0x36,
    0x33, 0x11, 0x98, 0x00, 0x66, 0x33, 0x00, 0x00, 0xFF, 0x06, 0x06, 0x0C, 0x0C, 0x18, 0x10, 0x30,
    0x00, 0xFE, 0xBE, 0xBF, 0xBF, 0xBF, 0xBF, 0xBE, 0xB0, 0xB0, 0xB0, 0xB0, 0xB0, 0xB0, 0x3F, 0x3E,
    0x9F, 0x4F, 0xA7, 0xD3, 0xE9, 0xFC, 0x3E, 0xFC, 0xFE, 0xBF, 0xBF, 0xBF, 0xBF, 0xFE, 0xFC, 0x00,
    0x18, 0x18, 0xFF, 0x7E, 0x3C, 0x3C, 0x24, 0x06, 0x60, 0x00, 0x04, 0x66, 0x20, 0x1C, 0x3B, 0xB0,
    0x40, 0x00, 0x00, 0x00, 0x00, 0x00, 0x00, 0x00, 0x00, 0x00, 0x08, 0x02, 0x09, 0xFC, 0x38, 0x00,
    0x18, 0x18, 0xFF, 0x7E, 0x3C, 0x3C, 0x24, 0x18, 0x18, 0xFF, 0x7E, 0x3C, 0x3C, 0x24, 0xCB, 0x21,
    0x84, 0x30, 0xC2, 0x18, 0x43, 0x2D, 0xC0, 0x38, 0x07, 0xF8, 0xA0, 0xFC, 0x3C, 0x31, 0xB0, 0x40,
    0x00, 0x00, 0x5A, 0x7E, 0x3C, 0xFF, 0x3C, 0x7E, 0x18, 0x00, 0x06, 0x0C, 0x00, 0x00, 0x0C, 0x10,
    0x00, 0x00, 0x0C, 0x18, 0x00, 0x35, 0x22, 0xD6, 0x6B, 0x45, 0xAC, 0x10, 0x80, 0x06, 0x00, 0x60,
    0x00, 0x00, 0x00, 0x00, 0x06, 0x06, 0x40, 0x20, 0x00, 0x00, 0x00, 0x60, 0x06, 0x00, 0x00, 0x40,
    0x26, 0x06, 0x00, 0x00, 0x00, 0x00, 0x00, 0x60, 0x06, 0x00, 0x00, 0x00, 0x04, 0x02, 0x60, 0x60,
    0x00, 0x4C, 0x00, 0x00, 0x09, 0x80, 0x0C, 0x06, 0x00, 0x00, 0x00, 0x03, 0x0D, 0x06, 0x00, 0x00,
    0x04, 0x03, 0x00, 0x00, 0x06, 0x02, 0x64, 0x76, 0xC2, 0x60, 0x06, 0x0F, 0xFE, 0x7F, 0xE0, 0x60,
    0x26, 0xC3, 0x6C, 0x06, 0x00, 0x00, 0x3C, 0x3C, 0x3C, 0xF3, 0xCF, 0x3C, 0x0F, 0x6F, 0x66, 0x66,
    0x66, 0x66, 0x60, 0x0F, 0x9F, 0x66, 0x66, 0x66, 0x66, 0x60, 0x0F, 0x66, 0x66, 0x66, 0x66, 0x66,
    0x60, 0x06, 0x6F, 0x66, 0x66, 0x66, 0x66, 0x60, 0x06, 0xF6, 0x66, 0x66, 0x66, 0x66, 0x60, 0x0E,
    0x6F, 0x66, 0x66, 0x66, 0x66, 0x60, 0x23, 0xF7, 0x9D, 0xED, 0xC0, 0x45, 0x54, 0x11, 0x9C, 0xAF,
    0xFC, 0x40, 0x77, 0xB1, 0xE1, 0x8F, 0xC0, 0x33, 0xB1, 0xFC, 0xED, 0xC0, 0x77, 0xC4, 0x63, 0x11,
    0x80, 0x23, 0xF6, 0xED, 0xED, 0xC0, 0x27, 0xF7, 0xB7, 0x8D, 0xC0, 0x21, 0x3E, 0x42, 0x00, 0x07,
    0xC0, 0xF8, 0x3C, 0x06, 0x44, 0x44, 0x46, 0x20, 0x19, 0x36, 0xD2, 0x80, 0x79, 0x24, 0x92, 0x48,
    0x23, 0xF7, 0x9D, 0xED, 0xC0, 0x07, 0x73, 0x33, 0x30, 0x67, 0xC6, 0x23, 0x23, 0xE0, 0x67, 0xC6,
    0xE1, 0x8F, 0xC0, 0x11, 0x9C, 0xAF, 0xFC, 0x40, 0x77, 0xB1, 0xE1, 0x8F, 0xC0, 0x33, 0xB1, 0xFC,
    0xED, 0xC0, 0x77, 0xC4, 0x63, 0x11, 0x80, 0x23, 0xF6, 0xED, 0xED, 0xC0, 0x27, 0xF7, 0xB7, 0x8D,
    0xC0, 0x21, 0x3E, 0x42, 0x00, 0x07, 0xC0, 0xF8, 0x3C, 0x06, 0x44, 0x44, 0x46, 0x20, 0x19, 0x36,
    0xD2, 0x80, 0x33, 0xCF, 0xBD, 0xB0, 0x23, 0xFF, 0x86, 0x18, 0x31, 0xEC, 0xB2, 0x58, 0xC0, 0x02,
    0x9C, 0xE5, 0x44, 0x63, 0xC3, 0xF5, 0x98, 0x01, 0x05, 0x1E, 0x49, 0x24, 0x92, 0x02, 0x10, 0xA6,
    0x39, 0x49, 0x15, 0x55, 0x32, 0x3F, 0x92, 0x49, 0x24, 0x92, 0x48, 0x11, 0xE4, 0x92, 0x49, 0x20,
    0x11, 0xE4, 0xD3, 0x79, 0xC4, 0x10, 0x27, 0xB8, 0x61, 0x30, 0x06, 0xE4, 0x44, 0x60, 0x38, 0x7C,
    0x40, 0xCE, 0xCF, 0xC8, 0x7E, 0x3F, 0x08, 0x08, 0x0F, 0x00, 0x05, 0x87, 0xC7, 0xE7, 0xE2, 0xF1,
    0x58, 0xA8, 0x74, 0x3E, 0x0F, 0xC7, 0xC2, 0x80, 0x1E, 0x3F, 0x60, 0x60, 0x4B, 0x4F, 0x4C, 0x68,
    0x68, 0x78, 0x3F, 0x00, 0x3E, 0x3F, 0x20, 0x20, 0x20, 0x3E, 0x3E, 0x20, 0xFC, 0x30, 0x20, 0x1E,
    0x3F, 0x30, 0x20, 0x7C, 0xFC, 0x7C, 0xFC, 0x20, 0x60, 0xFF, 0x01, 0x00, 0x10, 0xFF, 0xEE, 0xF6,
    0xC6, 0x3C, 0x63, 0xCE, 0x3C, 0xE3, 0xDE, 0x3D, 0x63, 0x30, 0x02, 0x00, 0x62, 0x31, 0x1C, 0x8E,
    0x4F, 0xF3, 0xD3, 0xFC, 0xFE, 0x6E, 0x33, 0x19, 0x80, 0xF0, 0x3E, 0x0C, 0xC3, 0x34, 0xCD, 0x37,
    0xFF, 0x93, 0x04, 0xC1, 0x30, 0x4C, 0x1C, 0x00, 0xF0, 0x1F, 0x03, 0x30, 0x66, 0xFC, 0xF5, 0xF6,
    0x3C, 0xE6, 0xC6, 0xD8, 0x79, 0x8F, 0x3F, 0x00, 0x00, 0x88, 0xB3, 0x3C, 0xC9, 0x72, 0x5E, 0xBF,
    0xF7, 0xF9, 0xCE, 0x73, 0x0C, 0xC3, 0x30, 0xF8, 0xBF, 0x3C, 0x6F, 0x5B, 0xD6, 0xF5, 0xBD, 0x6F,
    0x5B, 0xD0, 0xF4, 0x6D, 0xF8, 0x00, 0x01, 0x87, 0xE0, 0x63, 0xF3, 0xB9, 0x8C, 0x86, 0x43, 0x31,
    0x99, 0xC7, 0xE0, 0x01, 0xF8, 0xFC, 0x0E, 0x0F, 0x8C, 0x0C, 0x0F, 0xC3, 0xE3, 0xF1, 0xF8, 0x20,
    0x18, 0x87, 0xC0, 0x00, 0x21, 0x31, 0x99, 0x8D, 0x87, 0x87, 0xF9, 0xF0, 0xD8, 0x66, 0x31, 0x98,
    0xC0, 0xFF, 0x7F, 0x86, 0x03, 0xC1, 0xC1, 0xC1, 0xF8, 0x38, 0x38, 0x3C, 0x06, 0x00, 0x78, 0x03,
    0xF8, 0x01, 0x30, 0x0C, 0xC0, 0x31, 0x00, 0x84, 0x06, 0x33, 0x98, 0xDB, 0x66, 0xCD, 0xFB, 0x37,
    0x8F, 0x80, 0x20, 0x00, 0x80, 0x06, 0x00, 0x18, 0x00, 0x0E, 0x0F, 0x1B, 0x1B, 0x1A, 0x0E, 0x0C,
    0x2C, 0x6E, 0x7E, 0xD2, 0x03, 0x03, 0x0E, 0x0C, 0x38, 0x3F, 0x3F, 0xDF, 0xE7, 0xF7, 0xF9, 0xF8,
    0xF0, 0x60, 0x30, 0x18, 0x00, 0x00, 0x03, 0xC3, 0xF8, 0xD8, 0x66, 0x19, 0x86, 0x7D, 0x9F, 0x66,
    0xD9, 0xB3, 0xEC, 0x7F, 0x06, 0x00, 0x00, 0x08, 0x0E, 0x07, 0x06, 0x8F, 0xFF, 0xFF, 0xFF, 0xFF,
    0x63, 0x60, 0xF0, 0x60, 0x3C, 0x7E, 0x02, 0x02, 0xFF, 0x1C, 0xFF, 0xFF, 0xC0, 0x62, 0x7E, 0x00,
    0x00, 0x07, 0x8F, 0xE6, 0x86, 0x43, 0x21, 0x90, 0xC8, 0x64, 0x32, 0x0D, 0x03, 0xF0, 0x40, 0x00,
    0x24, 0x32, 0x3F, 0xED, 0xC6, 0x43, 0x21, 0x90, 0xC8, 0x66, 0x33, 0xC0, 0x00, 0x07, 0x83, 0xF1,
    0x80, 0x60, 0x0C, 0x03, 0xC0, 0x3D, 0x4B, 0xFF, 0xFA, 0x77, 0xF9, 0xAC, 0x00, 0x00, 0xFF, 0xFF,
    0x00, 0xFF, 0x18, 0x18, 0x18, 0x18, 0x18, 0x18, 0x18, 0xFD, 0xF8, 0xC7, 0xE1, 0x1E, 0x30, 0x30,
    0x60, 0x60, 0xC0, 0x20, 0x20, 0x3C, 0xF0, 0xFC, 0x78, 0xE3, 0x23, 0x23, 0x2E, 0x3C, 0x00, 0x60,
    0x0F, 0x00, 0xD0, 0x0F, 0xFC, 0x3F, 0xE1, 0x02, 0x1F, 0xA1, 0xBE, 0x38, 0x02, 0xC0, 0x0F, 0x80,
    0x00, 0x04, 0x00, 0xC0, 0x18, 0x03, 0x03, 0xFC, 0xED, 0x99, 0x9B, 0x33, 0x46, 0x68, 0x0D, 0x01,
    0x80, 0x3C, 0x7E, 0x63, 0x63, 0x63, 0xFF, 0xFC, 0x60, 0xF8, 0x60, 0x60, 0x00, 0x01, 0xC0, 0x7E,
    0x1D, 0xE6, 0xAC, 0xD4, 0x9A, 0x9B, 0x00, 0x60, 0x0C, 0x00, 0xE0, 0x3F, 0xE0, 0x38, 0xF3, 0xF6,
    0x3C, 0x79, 0xBF, 0x67, 0xC7, 0x8F, 0x3F, 0xE7, 0x85, 0x00, 0x3C, 0xE9, 0x86, 0x0C, 0x08, 0x18,
    0x1E, 0x00, 0xFC, 0x00, 0x7F, 0x7E, 0x00, 0x07, 0xBC, 0x84, 0x31, 0x8F, 0xFC, 0xC6, 0x18, 0xC3,
    0x18, 0x63, 0x0C, 0x61, 0x8C, 0x31, 0x80, 0x00, 0x3F, 0x23, 0x60, 0xFB, 0x63, 0x63, 0x63, 0x63,
    0x63, 0x63, 0x63, 0x00, 0x3F, 0x23, 0x63, 0xFB, 0x63, 0x63, 0x63, 0x63, 0x63, 0x63, 0x63, 0x00,
    0x01, 0xEF, 0xC8, 0x46, 0xC6, 0x0F, 0xFD, 0xB1, 0x8D, 0x8C, 0x6C, 0x63, 0x63, 0x1B, 0x18, 0xD8,
    0xC6, 0xC6, 0x30, 0x00, 0x01, 0xEF, 0xC8, 0x46, 0xC6, 0x3F, 0xFD, 0xB1, 0x8D, 0x8C, 0x6C, 0x63,
    0x63, 0x1B, 0x18, 0xD8, 0xC6, 0xC6, 0x30, 0x00, 0x3E, 0x33, 0x18, 0x8C, 0xFE, 0x73, 0x11, 0x88,
    0xC4, 0x62, 0x31, 0x98, 0xF0, 0x00, 0x00, 0x00, 0x78, 0x0C, 0xC0, 0xCC, 0x7D, 0xF6, 0x4C, 0x40,
    0xC7, 0x8C, 0x1C, 0xC0, 0x6C, 0x04, 0xC7, 0xC7, 0x00, 0x00, 0x00, 0x00, 0x0C, 0x00, 0x78, 0x03,
    0xF0, 0x18, 0x60, 0xFD, 0xC7, 0xF7, 0x9F, 0x9F, 0x7E, 0xF8, 0xFF, 0xC1, 0xFE, 0x03, 0x30, 0x07,
    0x80, 0x0C, 0x00, 0x00, 0x00,
};

static const EpdGlyph sans7_regularGlyphs[] = {
    { 0, 0, 0, 0, 0, 0, 0 }, // U+0000
    { 0, 0, 61, 0, 0, 0, 0 }, // U+000D
    { 0, 0, 61, 0, 0, 0, 0 }, // U+0020
    { 2, 12, 63, 1, 11, 3, 0 }, // !
    { 5, 5, 95, 0, 11, 4, 3 }, // "
    { 10, 11, 151, 0, 11, 14, 7 }, // #
    { 8, 13, 133, 0, 12, 13, 21 }, // $
    { 12, 12, 194, 0, 11, 18, 34 }, // %
    { 11, 12, 171, 0, 11, 17, 52 }, // &
    { 3, 5, 52, 0, 11, 2, 69 }, // '
    { 4, 14, 70, 0, 11, 7, 71 }, // (
    { 4, 14, 70, 0, 11, 7, 78 }, // )
    { 8, 8, 129, 0, 12, 8, 85 }, // *
    { 8, 8, 133, 0, 9, 8, 93 }, // +
    { 3, 4, 63, 0, 2, 2, 101 }, // ,
    { 5, 2, 75, 0, 5, 2, 103 }, // -
    { 2, 3, 63, 1, 2, 1, 105 }, // .
    { 6, 11, 87, 0, 11, 9, 106 }, // /
    { 8, 12, 136, 0, 11, 12, 115 }, // 0
    { 5, 11, 103, 0, 11, 7, 127 }, // 1
    { 8, 11, 129, 0, 11, 11, 134 }, // 2
    { 8, 12, 133, 0, 11, 12, 145 }, // 3
    { 9, 11, 133, 0, 11, 13, 157 }, // 4
    { 8, 12, 133, 0, 11, 12, 170 }, // 5
    { 8, 12, 133, 0, 11, 12, 182 }, // 6
    { 8, 11, 119, 0, 11, 11, 194 }, // 7
    { 8, 12, 137, 0, 11, 12, 205 }, // 8
    { 8, 12, 133, 0, 11, 12, 217 }, // 9
    { 2, 10, 63, 1, 9, 3, 229 }, // :
    { 3, 11, 63, 0, 9, 5, 232 }, // ;
    { 8, 8, 133, 0, 9, 8, 237 }, // <
    { 8, 5, 133, 0, 8, 5, 245 }, // =
    { 8, 8, 133, 0, 9, 8, 250 }, // >
    { 6, 12, 101, 0, 11, 9, 258 }, // ?
    { 13, 13, 210, 0, 11, 22, 267 }, // @
    { 10, 11, 149, 0, 11, 14, 289 }, // A
    { 8, 11, 152, 1, 11, 11, 303 }, // B
    { 9, 12, 147, 0, 11, 14, 314 }, // C
    { 9, 11, 170, 1, 11, 13, 328 }, // D
    { 7, 11, 130, 1, 11, 10, 341 }, // E
    { 7, 11, 121, 1, 11, 10, 351 }, // F
    { 10, 12, 170, 0, 11, 15, 361 }, // G
    { 9, 11, 173, 1, 11, 13, 376 }, // H
    { 5, 11, 79, 0, 11, 7, 389 }, // I
    { 5, 14, 64, -2, 11, 9, 396 }, // J
    { 9, 11, 144, 1, 11, 13, 405 }, // K
    { 7, 11, 122, 1, 11, 10, 418 }, // L
    { 11, 11, 212, 1, 11, 16, 428 }, // M
    { 9, 11, 177, 1, 11, 13, 444 }, // N
    { 11, 12, 182, 0, 11, 17, 457 }, // O
    { 8, 11, 141, 1, 11, 11, 474 }, // P
    { 11, 14, 182, 0, 11, 20, 485 }, // Q
    { 8, 11, 145, 1, 11, 11, 505 }, // R
    { 8, 12, 128, 0, 11, 12, 516 }, // S
    { 8, 11, 130, 0, 11, 11, 528 }, // T
    { 9, 12, 171, 1, 11, 14, 539 }, // U
    { 9, 11, 140, 0, 11, 13, 553 }, // V
    { 14, 11, 217, 0, 11, 20, 566 }, // W
    { 9, 11, 137, 0, 11, 13, 586 }, // X
    { 9, 11, 132, 0, 11, 13, 599 }, // Y
    { 8, 11, 133, 0, 11, 11, 612 }, // Z
    { 4, 14, 77, 1, 11, 7, 623 }, // [
    { 6, 11, 87, 0, 11, 9, 630 }, // <backslash>
    { 4, 14, 77, 0, 11, 7, 639 }, // ]
    { 8, 8, 133, 0, 11, 8, 646 }, // ^
    { 8, 2, 104, -1, -1, 2, 654 }, // _
    { 4, 4, 66, 0, 12, 2, 656 }, // `
    { 7, 9, 131, 0, 8, 8, 658 }, // a
    { 8, 13, 143, 1, 12, 13, 666 }, // b
    { 7, 9, 112, 0, 8, 8, 679 }, // c
    { 8, 13, 143, 0, 12, 13, 687 }, // d
    { 8, 9, 132, 0, 8, 9, 700 }, // e
    { 6, 12, 80, 0, 12, 9, 709 }, // f
    { 8, 12, 143, 0, 8, 12, 718 }, // g
    { 7, 12, 144, 1, 12, 11, 730 }, // h
    { 2, 11, 60, 1, 11, 3, 741 }, // i
    { 4, 15, 60, -1, 11, 8, 744 }, // j
    { 7, 12, 125, 1, 12, 11, 752 }, // k
    { 2, 12, 60, 1, 12, 3, 763 }, // l
    { 12, 8, 218, 1, 8, 12, 766 }, // m
    { 7, 8, 144, 1, 8, 7, 778 }, // n
    { 9, 9, 141, 0, 8, 11, 785 }, // o
    { 8, 12, 143, 1, 8, 12, 796 }, // p
    { 8, 12, 143, 0, 8, 12, 808 }, // q
    { 5, 8, 96, 1, 8, 5, 820 }, // r
    { 7, 9, 112, 0, 8, 8, 825 }, // s
    { 5, 11, 84, 0, 10, 7, 833 }, // t
    { 7, 9, 144, 1, 8, 8, 840 }, // u
    { 8, 8, 118, 0, 8, 8, 848 }, // v
    { 12, 8, 183, 0, 8, 12, 856 }, // w
    { 8, 8, 123, 0, 8, 8, 868 }, // x
    { 8, 12, 119, 0, 8, 12, 876 }, // y
    { 7, 8, 110, 0, 8, 7, 888 }, // z
    { 6, 14, 89, 0, 11, 11, 895 }, // {
    { 2, 16, 129, 3, 12, 4, 906 }, // |
    { 6, 14, 89, 0, 11, 11, 910 }, // }
    { 8, 3, 133, 0, 7, 3, 921 }, // ~
    { 0, 0, 61, 0, 0, 0, 924 }, // U+00A0
    { 2, 11, 63, 1, 8, 3, 924 }, // U+00A1
    { 7, 12, 133, 1, 11, 11, 927 }, // U+00A2
    { 8, 11, 133, 0, 11, 11, 938 }, // U+00A3
    { 8, 8, 133, 0, 9, 8, 949 }, // U+00A4
    { 9, 11, 133, 0, 11, 13, 957 }, // U+00A5
    { 2, 16, 129, 3, 12, 4, 970 }, // U+00A6
    { 7, 13, 120, 0, 12, 12, 974 }, // U+00A7
    { 5, 2, 135, 2, 11, 2, 986 }, // U+00A8
    { 12, 12, 194, 0, 11, 18, 988 }, // U+00A9
    { 5, 6, 83, 0, 11, 4, 1006 }, // U+00AA
    { 7, 7, 119, 0, 7, 7, 1010 }, // U+00AB
    { 8, 5, 133, 0, 6, 5, 1017 }, // U+00AC
    { 5, 2, 75, 0, 5, 2, 1022 }, // U+00AD
    { 12, 12, 194, 0, 11, 18, 1024 }, // U+00AE
    { 9, 2, 117, -1, 13, 3, 1042 }, // U+00AF
    { 6, 5, 100, 0, 11, 4, 1045 }, // U+00B0
    { 8, 9, 133, 0, 9, 9, 1049 }, // U+00B1
    { 5, 7, 82, 0, 13, 5, 1058 }, // U+00B2
    { 5, 8, 82, 0, 13, 5, 1063 }, // U+00B3
    { 4, 4, 66, 0, 12, 2, 1068 }, // U+00B4
    { 7, 12, 145, 1, 8, 11, 1070 }, // U+00B5
    { 8, 14, 153, 0, 12, 14, 1081 }, // U+00B6
    { 2, 3, 63, 1, 6, 1, 1095 }, // U+00B7
    { 4, 4, 52, 0, 0, 2, 1096 }, // U+00B8
    { 4, 7, 82, 0, 13, 4, 1098 }, // U+00B9
    { 6, 6, 88, 0, 11, 5, 1102 }, // U+00BA
    { 7, 7, 119, 0, 7, 7, 1107 }, // U+00BB
    { 11, 11, 174, 0, 11, 16, 1114 }, // U+00BC
    { 11, 11, 180, 0, 11, 16, 1130 }, // U+00BD
    { 12, 11, 182, 0, 11, 17, 1146 }, // U+00BE
    { 7, 11, 101, 0, 8, 10, 1163 }, // U+00BF
    { 10, 15, 149, 0, 15, 19, 1173 }, // U+00C0
    { 10, 15, 149, 0, 15, 19, 1192 }, // U+00C1
    { 10, 15, 149, 0, 15, 19, 1211 }, // U+00C2
    { 10, 14, 149, 0, 14, 18, 1230 }, // U+00C3
    { 10, 14, 149, 0, 14, 18, 1248 }, // U+00C4
    { 10, 13, 149, 0, 13, 17, 1266 }, // U+00C5
    { 13, 11, 205, -1, 11, 18, 1283 }, // U+00C6
    { 9, 15, 147, 0, 11, 17, 1301 }, // U+00C7
    { 7, 15, 130, 1, 15, 14, 1318 }, // U+00C8
    { 7, 15, 130, 1, 15, 14, 1332 }, // U+00C9
    { 7, 15, 130, 1, 15, 14, 1346 }, // U+00CA
    { 7, 14, 130, 1, 14, 13, 1360 }, // U+00CB
    { 5, 15, 79, 0, 15, 10, 1373 }, // U+00CC
    { 5, 15, 79, 0, 15, 10, 1383 }, // U+00CD
    { 5, 15, 79, 0, 15, 10, 1393 }, // U+00CE
    { 5, 14, 79, 0, 14, 9, 1403 }, // U+00CF
    { 10, 11, 170, 0, 11, 14, 1412 }, // U+00D0
    { 9, 14, 177, 1, 14, 16, 1426 }, // U+00D1
    { 11, 16, 182, 0, 15, 22, 1442 }, // U+00D2
    { 11, 16, 182, 0, 15, 22, 1464 }, // U+00D3
    { 11, 16, 182, 0, 15, 22, 1486 }, // U+00D4
    { 11, 15, 182, 0, 14, 21, 1508 }, // U+00D5
    { 11, 15, 182, 0, 14, 21, 1529 }, // U+00D6
    { 8, 8, 133, 0, 9, 8, 1550 }, // U+00D7
    { 11, 12, 182, 0, 11, 17, 1558 }, // U+00D8
    { 9, 16, 171, 1, 15, 18, 1575 }, // U+00D9
    { 9, 16, 171, 1, 15, 18, 1593 }, // U+00DA
    { 9, 16, 171, 1, 15, 18, 1611 }, // U+00DB
    { 9, 15, 171, 1, 14, 17, 1629 }, // U+00DC
    { 9, 15, 132, 0, 15, 17, 1646 }, // U+00DD
    { 8, 11, 141, 1, 11, 11, 1663 }, // U+00DE
    { 8, 13, 147, 1, 12, 13, 1674 }, // U+00DF
    { 7, 13, 131, 0, 12, 12, 1687 }, // U+00E0
    { 7, 13, 131, 0, 12, 12, 1699 }, // U+00E1
    { 7, 13, 131, 0, 12, 12, 1711 }, // U+00E2
    { 7, 12, 131, 0, 11, 11, 1723 }, // U+00E3
    { 7, 12, 131, 0, 11, 11, 1734 }, // U+00E4
    { 7, 13, 131, 0, 12, 12, 1745 }, // U+00E5
    { 12, 9, 202, 0, 8, 14, 1757 }, // U+00E6
    { 7, 12, 112, 0, 8, 11, 1771 }, // U+00E7
    { 8, 13, 132, 0, 12, 13, 1782 }, // U+00E8
    { 8, 13, 132, 0, 12, 13, 1795 }, // U+00E9
    { 8, 13, 132, 0, 12, 13, 1808 }, // U+00EA
    { 8, 12, 132, 0, 11, 12, 1821 }, // U+00EB
    { 4, 12, 60, -1, 12, 6, 1833 }, // U+00EC
    { 4, 12, 60, 1, 12, 6, 1839 }, // U+00ED
    { 6, 12, 60, -1, 12, 9, 1845 }, // U+00EE
    { 5, 11, 60, -1, 11, 7, 1854 }, // U+00EF
    { 9, 13, 141, 0, 12, 15, 1861 }, // U+00F0
    { 7, 11, 144, 1, 11, 10, 1876 }, // U+00F1
    { 9, 13, 141, 0, 12, 15, 1886 }, // U+00F2
    { 9, 13, 141, 0, 12, 15, 1901 }, // U+00F3
    { 9, 13, 141, 0, 12, 15, 1916 }, // U+00F4
    { 9, 12, 141, 0, 11, 14, 1931 }, // U+00F5
    { 9, 12, 141, 0, 11, 14, 1945 }, // U+00F6
    { 8, 8, 133, 0, 9, 8, 1959 }, // U+00F7
    { 9, 10, 141, 0, 9, 12, 1967 }, // U+00F8
    { 7, 13, 144, 1, 12, 12, 1979 }, // U+00F9
    { 7, 13, 144, 1, 12, 12, 1991 }, // U+00FA
    { 7, 13, 144, 1, 12, 12, 2003 }, // U+00FB
    { 7, 12, 144, 1, 11, 11, 2015 }, // U+00FC
    { 8, 16, 119, 0, 12, 16, 2026 }, // U+00FD
    { 8, 16, 143, 1, 12, 16, 2042 }, // U+00FE
    { 8, 15, 119, 0, 11, 15, 2058 }, // U+00FF
    { 10, 13, 149, 0, 13, 17, 2073 }, // U+0100
    { 7, 11, 131, 0, 10, 10, 2090 }, // U+0101
    { 10, 14, 149, 0, 14, 18, 2100 }, // U+0102
    { 7, 12, 131, 0, 11, 11, 2118 }, // U+0103
    { 10, 15, 149, 0, 11, 19, 2129 }, // U+0104
    { 8, 12, 131, 0, 8, 12, 2148 }, // U+0105
    { 9, 16, 147, 0, 15, 18, 2160 }, // U+0106
    { 7, 13, 112, 0, 12, 12, 2178 }, // U+0107
    { 9, 16, 147, 0, 15, 18, 2190 }, // U+0108
    { 7, 13, 112, 0, 12, 12, 2208 }, // U+0109
    { 9, 15, 147, 0, 14, 17, 2220 }, // U+010A
    { 7, 12, 112, 0, 11, 11, 2237 }, // U+010B
    { 9, 16, 147, 0, 15, 18, 2248 }, // U+010C
    { 7, 13, 112, 0, 12, 12, 2266 }, // U+010D
    { 9, 15, 170, 1, 15, 17, 2278 }, // U+010E
    { 11, 13, 143, 0, 12, 18, 2295 }, // U+010F
    { 10, 11, 170, 0, 11, 14, 2313 }, // U+0110
    { 9, 13, 144, 0, 12, 15, 2327 }, // U+0111
    { 7, 13, 130, 1, 13, 12, 2342 }, // U+0112
    { 8, 11, 132, 0, 10, 11, 2354 }, // U+0113
    { 7, 14, 130, 1, 14, 13, 2365 }, // U+0114
    { 8, 12, 132, 0, 11, 12, 2378 }, // U+0115
    { 7, 14, 130, 1, 14, 13, 2390 }, // U+0116
    { 8, 12, 132, 0, 11, 12, 2403 }, // U+0117
    { 7, 15, 130, 1, 11, 14, 2415 }, // U+0118
    { 8, 12, 132, 0, 8, 12, 2429 }, // U+0119
    { 7, 15, 130, 1, 15, 14, 2441 }, // U+011A
    { 8, 13, 132, 0, 12, 13, 2455 }, // U+011B
    { 10, 16, 170, 0, 15, 20, 2468 }, // U+011C
    { 8, 16, 143, 0, 12, 16, 2488 }, // U+011D
    { 10, 15, 170, 0, 14, 19, 2504 }, // U+011E
    { 8, 15, 143, 0, 11, 15, 2523 }, // U+011F
    { 10, 15, 170, 0, 14, 19, 2538 }, // U+0120
    { 8, 15, 143, 0, 11, 15, 2557 }, // U+0121
    { 10, 15, 170, 0, 11, 19, 2572 }, // U+0122
    { 8, 16, 143, 0, 12, 16, 2591 }, // U+0123
    { 9, 15, 173, 1, 15, 17, 2607 }, // U+0124
    { 9, 15, 144, -1, 15, 17, 2624 }, // U+0125
    { 11, 11, 173, 0, 11, 16, 2641 }, // U+0126
    { 8, 12, 144, 0, 12, 12, 2657 }, // U+0127
    { 7, 14, 79, -1, 14, 13, 2669 }, // U+0128
    { 6, 11, 60, -1, 11, 9, 2682 }, // U+0129
    { 5, 13, 79, 0, 13, 9, 2691 }, // U+012A
    { 6, 10, 60, -1, 10, 8, 2700 }, // U+012B
    { 5, 14, 79, 0, 14, 9, 2708 }, // U+012C
    { 6, 11, 60, -1, 11, 9, 2717 }, // U+012D
    { 5, 15, 79, 0, 11, 10, 2726 }, // U+012E
    { 3, 15, 60, 0, 11, 6, 2736 }, // U+012F
    { 5, 14, 79, 0, 14, 9, 2742 }, // U+0130
    { 2, 8, 60, 1, 8, 2, 2751 }, // U+0131
    { 8, 14, 143, 0, 11, 14, 2753 }, // U+0132
    { 6, 15, 120, 1, 11, 12, 2767 }, // U+0133
    { 7, 18, 64, -2, 15, 16, 2779 }, // U+0134
    { 6, 16, 60, -1, 12, 12, 2795 }, // U+0135
    { 9, 15, 144, 1, 11, 17, 2807 }, // U+0136
    { 7, 16, 125, 1, 12, 14, 2824 }, // U+0137
    { 7, 8, 125, 1, 8, 7, 2838 }, // U+0138
    { 7, 15, 122, 1, 15, 14, 2845 }, // U+0139
    { 4, 15, 60, 1, 15, 8, 2859 }, // U+013A
    { 7, 15, 122, 1, 11, 14, 2867 }, // U+013B
    { 3, 16, 60, 0, 12, 6, 2881 }, // U+013C
    { 7, 11, 122, 1, 11, 10, 2887 }, // U+013D
    { 4, 12, 60, 1, 12, 6, 2897 }, // U+013E
    { 7, 11, 122, 1, 11, 10, 2903 }, // U+013F
    { 4, 12, 63, 1, 12, 6, 2913 }, // U+0140
    { 8, 11, 122, 0, 11, 11, 2919 }, // U+0141
    { 5, 12, 60, -1, 12, 8, 2930 }, // U+0142
    { 9, 15, 177, 1, 15, 17, 2938 }, // U+0143
    { 7, 12, 144, 1, 12, 11, 2955 }, // U+0144
    { 9, 15, 177, 1, 11, 17, 2966 }, // U+0145
    { 7, 12, 144, 1, 8, 11, 2983 }, // U+0146
    { 9, 15, 177, 1, 15, 17, 2994 }, // U+0147
    { 7, 12, 144, 1, 12, 11, 3011 }, // U+0148
    { 9, 11, 160, 0, 11, 13, 3022 }, // U+0149
    { 9, 14, 177, 1, 11, 16, 3035 }, // U+014A
    { 7, 12, 144, 1, 8, 11, 3051 }, // U+014B
    { 11, 14, 182, 0, 13, 20, 3062 }, // U+014C
    { 9, 11, 141, 0, 10, 13, 3082 }, // U+014D
    { 11, 15, 182, 0, 14, 21, 3095 }, // U+014E
    { 9, 12, 141, 0, 11, 14, 3116 }, // U+014F
    { 11, 16, 182, 0, 15, 22, 3130 }, // U+0150
    { 9, 13, 141, 0, 12, 15, 3152 }, // U+0151
    { 13, 12, 216, 0, 11, 20, 3167 }, // U+0152
    { 14, 9, 221, 0, 8, 16, 3187 }, // U+0153
    { 8, 15, 145, 1, 15, 15, 3203 }, // U+0154
    { 5, 12, 96, 1, 12, 8, 3218 }, // U+0155
    { 8, 15, 145, 1, 11, 15, 3226 }, // U+0156
    { 6, 12, 96, 0, 8, 9, 3241 }, // U+0157
    { 8, 15, 145, 1, 15, 15, 3250 }, // U+0158
    { 5, 12, 96, 1, 12, 8, 3265 }, // U+0159
    { 8, 16, 128, 0, 15, 16, 3273 }, // U+015A
    { 7, 13, 112, 0, 12, 12, 3289 }, // U+015B
    { 8, 16, 128, 0, 15, 16, 3301 }, // U+015C
    { 7, 13, 112, 0, 12, 12, 3317 }, // U+015D
    { 8, 15, 128, 0, 11, 15, 3329 }, // U+015E
    { 7, 12, 112, 0, 8, 11, 3344 }, // U+015F
    { 8, 16, 128, 0, 15, 16, 3355 }, // U+0160
    { 7, 13, 112, 0, 12, 12, 3371 }, // U+0161
    { 8, 15, 130, 0, 11, 15, 3383 }, // U+0162
    { 5, 14, 84, 0, 10, 9, 3398 }, // U+0163
    { 8, 15, 130, 0, 15, 15, 3407 }, // U+0164
    { 7, 13, 84, 0, 12, 12, 3422 }, // U+0165
    { 8, 11, 130, 0, 11, 11, 3434 }, // U+0166
    { 5, 11, 84, 0, 10, 7, 3445 }, // U+0167
    { 9, 15, 171, 1, 14, 17, 3452 }, // U+0168
    { 7, 12, 144, 1, 11, 11, 3469 }, // U+0169
    { 9, 14, 171, 1, 13, 16, 3480 }, // U+016A
    { 7, 11, 144, 1, 10, 10, 3496 }, // U+016B
    { 9, 15, 171, 1, 14, 17, 3506 }, // U+016C
    { 7, 12, 144, 1, 11, 11, 3523 }, // U+016D
    { 9, 16, 171, 1, 15, 18, 3534 }, // U+016E
    { 7, 13, 144, 1, 12, 12, 3552 }, // U+016F
    { 9, 16, 171, 1, 15, 18, 3564 }, // U+0170
    { 7, 13, 144, 1, 12, 12, 3582 }, // U+0171
    { 9, 15, 171, 1, 11, 17, 3594 }, // U+0172
    { 7, 12, 144, 1, 8, 11, 3611 }, // U+0173
    { 14, 15, 217, 0, 15, 27, 3622 }, // U+0174
    { 12, 12, 183, 0, 12, 18, 3649 }, // U+0175
    { 9, 15, 132, 0, 15, 17, 3667 }, // U+0176
    { 8, 16, 119, 0, 12, 16, 3684 }, // U+0177
    { 9, 14, 132, 0, 14, 16, 3700 }, // U+0178
    { 8, 15, 133, 0, 15, 15, 3716 }, // U+0179
    { 7, 12, 110, 0, 12, 11, 3731 }, // U+017A
    { 8, 14, 133, 0, 14, 14, 3742 }, // U+017B
    { 7, 11, 110, 0, 11, 10, 3756 }, // U+017C
    { 8, 15, 133, 0, 15, 15, 3766 }, // U+017D
    { 7, 12, 110, 0, 12, 11, 3781 }, // U+017E
    { 5, 12, 76, 1, 12, 8, 3792 }, // U+017F
    { 12, 13, 183, 0, 12, 20, 3800 }, // U+01A0
    { 10, 11, 144, 0, 10, 14, 3820 }, // U+01A1
    { 11, 13, 182, 1, 12, 18, 3834 }, // U+01AF
    { 10, 11, 157, 1, 10, 14, 3852 }, // U+01B0
    { 18, 15, 301, 1, 15, 34, 3866 }, // U+01C4
    { 16, 12, 280, 1, 12, 24, 3900 }, // U+01C5
    { 16, 13, 253, 0, 12, 26, 3924 }, // U+01C6
    { 10, 14, 186, 1, 11, 18, 3950 }, // U+01C7
    { 10, 15, 182, 1, 11, 19, 3968 }, // U+01C8
    { 6, 16, 120, 1, 12, 12, 3987 }, // U+01C9
    { 13, 14, 241, 1, 11, 23, 3999 }, // U+01CA
    { 13, 15, 237, 1, 11, 25, 4022 }, // U+01CB
    { 11, 15, 204, 1, 11, 21, 4047 }, // U+01CC
    { 10, 15, 149, 0, 15, 19, 4068 }, // U+01CD
    { 7, 13, 131, 0, 12, 12, 4087 }, // U+01CE
    { 5, 15, 79, 0, 15, 10, 4099 }, // U+01CF
    { 6, 12, 60, -1, 12, 9, 4109 }, // U+01D0
    { 11, 16, 182, 0, 15, 22, 4118 }, // U+01D1
    { 9, 13, 141, 0, 12, 15, 4140 }, // U+01D2
    { 9, 16, 171, 1, 15, 18, 4155 }, // U+01D3
    { 7, 13, 144, 1, 12, 12, 4173 }, // U+01D4
    { 9, 16, 171, 1, 15, 18, 4185 }, // U+01D5
    { 7, 14, 144, 1, 13, 13, 4203 }, // U+01D6
    { 9, 17, 171, 1, 16, 20, 4216 }, // U+01D7
    { 7, 14, 144, 1, 13, 13, 4236 }, // U+01D8
    { 9, 17, 171, 1, 16, 20, 4249 }, // U+01D9
    { 7, 14, 144, 1, 13, 13, 4269 }, // U+01DA
    { 9, 17, 171, 1, 16, 20, 4282 }, // U+01DB
    { 7, 14, 144, 1, 13, 13, 4302 }, // U+01DC
    { 8, 9, 132, 0, 8, 9, 4315 }, // U+01DD
    { 10, 15, 149, 0, 15, 19, 4324 }, // U+01DE
    { 7, 14, 131, 0, 13, 13, 4343 }, // U+01DF
    { 10, 15, 149, 0, 15, 19, 4356 }, // U+01E0
    { 7, 14, 131, 0, 13, 13, 4375 }, // U+01E1
    { 13, 13, 205, -1, 13, 22, 4388 }, // U+01E2
    { 12, 11, 202, 0, 10, 17, 4410 }, // U+01E3
    { 11, 12, 170, 0, 11, 17, 4427 }, // U+01E4
    { 9, 12, 143, 0, 8, 14, 4444 }, // U+01E5
    { 10, 16, 170, 0, 15, 20, 4458 }, // U+01E6
    { 8, 16, 143, 0, 12, 16, 4478 }, // U+01E7
    { 9, 15, 144, 1, 15, 17, 4494 }, // U+01E8
    { 9, 15, 125, -1, 15, 17, 4511 }, // U+01E9
    { 11, 15, 182, 0, 11, 21, 4528 }, // U+01EA
    { 9, 12, 141, 0, 8, 14, 4549 }, // U+01EB
    { 11, 17, 182, 0, 13, 24, 4563 }, // U+01EC
    { 9, 14, 141, 0, 10, 16, 4587 }, // U+01ED
    { 8, 16, 136, 0, 15, 16, 4603 }, // U+01EE
    { 7, 16, 116, 0, 12, 14, 4619 }, // U+01EF
    { 6, 16, 60, -1, 12, 12, 4633 }, // U+01F0
    { 18, 11, 301, 1, 11, 25, 4645 }, // U+01F1
    { 16, 11, 280, 1, 11, 22, 4670 }, // U+01F2
    { 16, 13, 253, 0, 12, 26, 4692 }, // U+01F3
    { 10, 16, 170, 0, 15, 20, 4718 }, // U+01F4
    { 8, 16, 143, 0, 12, 16, 4738 }, // U+01F5
    { 12, 12, 219, 1, 11, 18, 4754 }, // U+01F6
    { 8, 15, 154, 1, 11, 15, 4772 }, // U+01F7
    { 9, 15, 177, 1, 15, 17, 4787 }, // U+01F8
    { 7, 12, 144, 1, 12, 11, 4804 }, // U+01F9
    { 10, 14, 149, 0, 14, 18, 4815 }, // U+01FA
    { 7, 15, 131, 0, 14, 14, 4833 }, // U+01FB
    { 13, 15, 205, -1, 15, 25, 4847 }, // U+01FC
    { 12, 13, 202, 0, 12, 20, 4872 }, // U+01FD
    { 11, 16, 182, 0, 15, 22, 4892 }, // U+01FE
    { 9, 13, 141, 0, 12, 15, 4914 }, // U+01FF
    { 10, 15, 149, 0, 15, 19, 4929 }, // U+0200
    { 7, 13, 131, 0, 12, 12, 4948 }, // U+0201
    { 10, 14, 149, 0, 14, 18, 4960 }, // U+0202
    { 7, 12, 131, 0, 11, 11, 4978 }, // U+0203
    { 7, 15, 130, 1, 15, 14, 4989 }, // U+0204
    { 8, 13, 132, 0, 12, 13, 5003 }, // U+0205
    { 7, 14, 130, 1, 14, 13, 5016 }, // U+0206
    { 8, 12, 132, 0, 11, 12, 5029 }, // U+0207
    { 6, 15, 79, -1, 15, 12, 5041 }, // U+0208
    { 6, 12, 60, -2, 12, 9, 5053 }, // U+0209
    { 5, 14, 79, 0, 14, 9, 5062 }, // U+020A
    { 6, 11, 60, -1, 11, 9, 5071 }, // U+020B
    { 11, 16, 182, 0, 15, 22, 5080 }, // U+020C
    { 9, 13, 141, 0, 12, 15, 5102 }, // U+020D
    { 11, 15, 182, 0, 14, 21, 5117 }, // U+020E
    { 9, 12, 141, 0, 11, 14, 5138 }, // U+020F
    { 8, 15, 145, 1, 15, 15, 5152 }, // U+0210
    { 6, 12, 96, 0, 12, 9, 5167 }, // U+0211
    { 8, 14, 145, 1, 14, 14, 5176 }, // U+0212
    { 5, 11, 96, 1, 11, 7, 5190 }, // U+0213
    { 9, 16, 171, 1, 15, 18, 5197 }, // U+0214
    { 7, 13, 144, 1, 12, 12, 5215 }, // U+0215
    { 9, 15, 171, 1, 14, 17, 5227 }, // U+0216
    { 7, 12, 144, 1, 11, 11, 5244 }, // U+0217
    { 8, 15, 128, 0, 11, 15, 5255 }, // U+0218
    { 7, 12, 112, 0, 8, 11, 5270 }, // U+0219
    { 8, 15, 130, 0, 11, 15, 5281 }, // U+021A
    { 5, 14, 84, 0, 10, 9, 5296 }, // U+021B
    { 8, 14, 134, 0, 11, 14, 5305 }, // U+021C
    { 7, 12, 116, 0, 8, 11, 5319 }, // U+021D
    { 9, 15, 173, 1, 15, 17, 5330 }, // U+021E
    { 9, 15, 144, -1, 15, 17, 5347 }, // U+021F
    { 4, 4, 0, -8, 12, 2, 5364 }, // U+0300
    { 4, 4, 0, -5, 12, 2, 5366 }, // U+0301
    { 6, 4, 0, -3, 12, 3, 5368 }, // U+0302
    { 7, 3, 0, -8, 11, 3, 5371 }, // U+0303
    { 6, 2, 0, -3, 10, 2, 5374 }, // U+0304
    { 8, 2, 0, -4, 13, 2, 5376 }, // U+0305
    { 6, 3, 0, -3, 11, 3, 5378 }, // U+0306
    { 2, 2, 0, -1, 11, 1, 5381 }, // U+0307
    { 6, 2, 0, -3, 11, 2, 5382 }, // U+0308
    { 4, 4, 0, -6, 12, 2, 5384 }, // U+0309
    { 4, 4, 0, -2, 12, 2, 5386 }, // U+030A
    { 6, 4, 0, -2, 12, 3, 5388 }, // U+030B
    { 6, 4, 0, -3, 12, 3, 5391 }, // U+030C
    { 2, 4, 0, -1, 12, 1, 5394 }, // U+030D
    { 4, 4, 0, -2, 12, 2, 5395 }, // U+030E
    { 6, 4, 0, -8, 12, 3, 5397 }, // U+030F
    { 6, 5, 0, -3, 13, 4, 5400 }, // U+0310
    { 6, 3, 0, -3, 11, 3, 5404 }, // U+0311
    { 4, 5, 0, -2, 11, 3, 5407 }, // U+0312
    { 4, 5, 0, -2, 11, 3, 5410 }, // U+0313
    { 4, 5, 0, -2, 11, 3, 5413 }, // U+0314
    { 4, 5, 0, -2, 11, 3, 5416 }, // U+0315
    { 4, 4, 0, -2, 0, 2, 5419 }, // U+0316
    { 4, 4, 0, -2, 0, 2, 5421 }, // U+0317
    { 4, 4, 0, -2, 0, 2, 5423 }, // U+0318
    { 4, 4, 0, -2, 0, 2, 5425 }, // U+0319
    { 4, 5, 73, 0, 12, 3, 5427 }, // U+031A
    { 4, 4, 0, -2, 12, 2, 5430 }, // U+031B
    { 2, 4, 0, -1, 0, 1, 5432 }, // U+031C
    { 4, 4, 0, -2, 0, 2, 5433 }, // U+031D
    { 4, 4, 0, -2, 0, 2, 5435 }, // U+031E
    { 4, 4, 0, -2, 0, 2, 5437 }, // U+031F
    { 4, 2, 0, -2, -1, 1, 5439 }, // U+0320
    { 3, 5, 0, -3, 1, 2, 5440 }, // U+0321
    { 3, 5, 0, 0, 1, 2, 5442 }, // U+0322
    { 3, 3, 0, -6, 0, 2, 5444 }, // U+0323
    { 6, 2, 0, -3, -1, 2, 5446 }, // U+0324
    { 4, 4, 0, -2, 0, 2, 5448 }, // U+0325
    { 2, 4, 0, -1, 0, 1, 5450 }, // U+0326
    { 4, 4, 0, -2, 0, 2, 5451 }, // U+0327
    { 4, 5, 0, -2, 1, 3, 5453 }, // U+0328
    { 2, 4, 0, -1, 0, 1, 5456 }, // U+0329
    { 6, 4, 0, -3, 0, 3, 5457 }, // U+032A
    { 6, 3, 0, -3, 0, 3, 5460 }, // U+032B
    { 6, 4, 0, -3, 0, 3, 5463 }, // U+032C
    { 6, 4, 0, -3, 0, 3, 5466 }, // U+032D
    { 6, 3, 0, -3, -1, 3, 5469 }, // U+032E
    { 6, 3, 0, -3, -1, 3, 5472 }, // U+032F
    { 6, 3, 0, -3, -1, 3, 5475 }, // U+0330
    { 6, 2, 0, -3, -1, 2, 5478 }, // U+0331
    { 8, 2, 0, -4, -1, 2, 5480 }, // U+0332
    { 8, 4, 0, -4, 0, 4, 5482 }, // U+0333
    { 6, 3, 0, -3, 5, 3, 5486 }, // U+0334
    { 8, 2, 0, -4, 6, 2, 5489 }, // U+0335
    { 12, 2, 0, -6, 5, 3, 5491 }, // U+0336
    { 6, 4, 0, -3, 6, 3, 5494 }, // U+0337
    { 6, 13, 0, -3, 12, 10, 5497 }, // U+0338
    { 2, 4, 0, -1, 0, 1, 5507 }, // U+0339
    { 6, 4, 0, -3, 0, 3, 5508 }, // U+033A
    { 6, 4, 0, -3, 0, 3, 5511 }, // U+033B
    { 6, 3, 0, -3, 0, 3, 5514 }, // U+033C
    { 4, 4, 0, -2, 12, 2, 5517 }, // U+033D
    { 2, 5, 0, -1, 13, 2, 5519 }, // U+033E
    { 8, 4, 0, -4, 14, 4, 5521 }, // U+033F
    { 4, 4, 0, -3, 12, 2, 5525 }, // U+0340
    { 4, 4, 0, -1, 12, 2, 5527 }, // U+0341
    { 6, 3, 0, -3, 11, 3, 5529 }, // U+0342
    { 3, 4, 0, -2, 12, 2, 5532 }, // U+0343
    { 6, 4, 0, -3, 12, 3, 5534 }, // U+0344
    { 3, 3, 0, -1, -1, 2, 5537 }, // U+0345
    { 8, 4, 0, -4, 12, 4, 5539 }, // U+0346
    { 8, 4, 0, -4, 0, 4, 5543 }, // U+0347
    { 4, 4, 0, -2, 0, 2, 5547 }, // U+0348
    { 4, 4, 0, -2, 0, 2, 5549 }, // U+0349
    { 6, 4, 0, -3, 12, 3, 5551 }, // U+034A
    { 6, 6, 0, -3, 14, 5, 5554 }, // U+034B
    { 6, 5, 0, -3, 13, 4, 5559 }, // U+034C
    { 6, 4, 0, -3, 0, 3, 5563 }, // U+034D
    { 4, 4, 0, -2, 0, 2, 5566 }, // U+034E
    { 12, 11, 0, -6, 11, 17, 5568 }, // U+034F
    { 4, 4, 0, -2, 12, 2, 5585 }, // U+0350
    { 2, 4, 0, -1, 12, 1, 5587 }, // U+0351
    { 6, 5, 0, -3, 13, 4, 5588 }, // U+0352
    { 4, 4, 0, -2, 0, 2, 5592 }, // U+0353
    { 4, 4, 0, -2, 0, 2, 5594 }, // U+0354
    { 4, 4, 0, -2, 0, 2, 5596 }, // U+0355
    { 6, 4, 0, -3, 0, 3, 5598 }, // U+0356
    { 2, 4, 0, -1, 12, 1, 5601 }, // U+0357
    { 3, 2, 0, 1, 11, 1, 5602 }, // U+0358
    { 4, 4, 0, -2, 0, 2, 5603 }, // U+0359
    { 6, 4, 0, -3, 0, 3, 5605 }, // U+035A
    { 4, 4, 0, -2, 12, 2, 5608 }, // U+035B
    { 12, 4, 0, -6, 0, 6, 5610 }, // U+035C
    { 12, 4, 0, -6, 12, 6, 5616 }, // U+035D
    { 10, 1, 0, -5, 10, 2, 5622 }, // U+035E
    { 10, 1, 0, -5, -1, 2, 5624 }, // U+035F
    { 12, 3, 0, -6, 11, 5, 5626 }, // U+0360
    { 12, 4, 0, -6, 13, 6, 5631 }, // U+0361
    { 12, 4, 0, -6, 0, 6, 5637 }, // U+0362
    { 4, 5, 0, -2, 13, 3, 5643 }, // U+0363
    { 4, 5, 0, -2, 13, 3, 5646 }, // U+0364
    { 2, 5, 0, -1, 14, 2, 5649 }, // U+0365
    { 4, 5, 0, -2, 13, 3, 5651 }, // U+0366
    { 4, 5, 0, -2, 13, 3, 5654 }, // U+0367
    { 4, 5, 0, -2, 13, 3, 5657 }, // U+0368
    { 4, 6, 0, -2, 14, 3, 5660 }, // U+0369
    { 4, 5, 0, -2, 14, 3, 5663 }, // U+036A
    { 6, 4, 0, -3, 13, 3, 5666 }, // U+036B
    { 3, 4, 0, -1, 13, 2, 5669 }, // U+036C
    { 3, 5, 0, -1, 13, 2, 5671 }, // U+036D
    { 4, 4, 0, -2, 13, 2, 5673 }, // U+036E
    { 4, 4, 0, -2, 13, 2, 5675 }, // U+036F
    { 7, 15, 130, 1, 15, 14, 5677 }, // U+0400
    { 7, 13, 130, 1, 13, 12, 5691 }, // U+0401
    { 10, 12, 167, 0, 11, 15, 5703 }, // U+0402
    { 7, 15, 119, 1, 15, 14, 5718 }, // U+0403
    { 9, 12, 149, 0, 11, 14, 5732 }, // U+0404
    { 8, 12, 128, 0, 11, 12, 5746 }, // U+0405
    { 2, 11, 66, 1, 11, 3, 5758 }, // U+0406
    { 4, 14, 66, 0, 14, 7, 5761 }, // U+0407
    { 5, 14, 64, -2, 11, 9, 5768 }, // U+0408
    { 14, 12, 236, 0, 11, 21, 5777 }, // U+0409
    { 14, 11, 240, 1, 11, 20, 5798 }, // U+040A
    { 10, 11, 167, 0, 11, 14, 5818 }, // U+040B
    { 8, 15, 146, 1, 15, 15, 5832 }, // U+040C
    { 9, 15, 176, 1, 15, 17, 5847 }, // U+040D
    { 9, 15, 144, 0, 14, 17, 5864 }, // U+040E
    { 9, 14, 171, 1, 11, 16, 5881 }, // U+040F
    { 10, 11, 149, 0, 11, 14, 5897 }, // U+0410
    { 8, 11, 143, 1, 11, 11, 5911 }, // U+0411
    { 8, 11, 152, 1, 11, 11, 5922 }, // U+0412
    { 7, 11, 119, 1, 11, 10, 5933 }, // U+0413
    { 11, 14, 170, 0, 11, 20, 5943 }, // U+0414
    { 7, 11, 130, 1, 11, 10, 5963 }, // U+0415
    { 14, 11, 211, 0, 11, 20, 5973 }, // U+0416
    { 8, 12, 135, 0, 11, 12, 5993 }, // U+0417
    { 9, 11, 176, 1, 11, 13, 6005 }, // U+0418
    { 9, 14, 176, 1, 14, 16, 6018 }, // U+0419
    { 8, 11, 146, 1, 11, 11, 6034 }, // U+041A
    { 9, 12, 163, 0, 11, 14, 6045 }, // U+041B
    { 11, 11, 212, 1, 11, 16, 6059 }, // U+041C
    { 9, 11, 173, 1, 11, 13, 6075 }, // U+041D
    { 11, 12, 178, 0, 11, 17, 6088 }, // U+041E
    { 9, 11, 171, 1, 11, 13, 6105 }, // U+041F
    { 8, 11, 141, 1, 11, 11, 6118 }, // U+0420
    { 9, 12, 149, 0, 11, 14, 6129 }, // U+0421
    { 8, 11, 130, 0, 11, 11, 6143 }, // U+0422
    { 9, 12, 144, 0, 11, 14, 6154 }, // U+0423
    { 12, 12, 191, 0, 11, 18, 6168 }, // U+0424
    { 9, 11, 137, 0, 11, 13, 6186 }, // U+0425
    { 10, 14, 173, 1, 11, 18, 6199 }, // U+0426
    { 8, 11, 157, 1, 11, 11, 6217 }, // U+0427
    { 13, 11, 241, 1, 11, 18, 6228 }, // U+0428
    { 14, 14, 239, 1, 11, 25, 6246 }, // U+0429
    { 10, 11, 160, 0, 11, 14, 6271 }, // U+042A
    { 10, 11, 198, 1, 11, 14, 6285 }, // U+042B
    { 8, 11, 142, 1, 11, 11, 6299 }, // U+042C
    { 9, 12, 151, 0, 11, 14, 6310 }, // U+042D
    { 13, 12, 233, 1, 11, 20, 6324 }, // U+042E
    { 8, 11, 149, 0, 11, 11, 6344 }, // U+042F
    { 7, 9, 130, 0, 8, 8, 6355 }, // U+0430
    { 8, 13, 139, 0, 12, 13, 6363 }, // U+0431
    { 7, 8, 132, 1, 8, 7, 6376 }, // U+0432
    { 6, 8, 102, 1, 8, 6, 6383 }, // U+0433
    { 9, 11, 142, 0, 8, 13, 6389 }, // U+0434
    { 8, 9, 129, 0, 8, 9, 6402 }, // U+0435
    { 11, 8, 177, 0, 8, 11, 6411 }, // U+0436
    { 7, 9, 114, 0, 8, 8, 6422 }, // U+0437
    { 7, 8, 145, 1, 8, 7, 6430 }, // U+0438
    { 7, 11, 145, 1, 11, 10, 6437 }, // U+0439
    { 7, 8, 124, 1, 8, 7, 6447 }, // U+043A
    { 8, 9, 137, 0, 8, 9, 6454 }, // U+043B
    { 9, 8, 179, 1, 8, 9, 6463 }, // U+043C
    { 7, 8, 143, 1, 8, 7, 6472 }, // U+043D
    { 8, 9, 139, 0, 8, 9, 6479 }, // U+043E
    { 7, 8, 141, 1, 8, 7, 6488 }, // U+043F
    { 8, 12, 142, 1, 8, 12, 6495 }, // U+0440
    { 7, 9, 115, 0, 8, 8, 6507 }, // U+0441
    { 7, 8, 108, 0, 8, 7, 6515 }, // U+0442
    { 8, 12, 119, 0, 8, 12, 6522 }, // U+0443
    { 11, 16, 172, 0, 12, 22, 6534 }, // U+0444
    { 8, 8, 119, 0, 8, 8, 6556 }, // U+0445
    { 8, 11, 143, 1, 8, 11, 6564 }, // U+0446
    { 8, 8, 137, 0, 8, 8, 6575 }, // U+0447
    { 11, 8, 209, 1, 8, 11, 6583 }, // U+0448
    { 12, 11, 209, 1, 8, 17, 6594 }, // U+0449
    { 9, 8, 145, 0, 8, 9, 6611 }, // U+044A
    { 9, 8, 177, 1, 8, 9, 6620 }, // U+044B
    { 7, 8, 127, 1, 8, 7, 6629 }, // U+044C
    { 7, 9, 115, 0, 8, 8, 6636 }, // U+044D
    { 10, 9, 186, 1, 8, 12, 6644 }, // U+044E
    { 8, 8, 135, 0, 8, 8, 6656 }, // U+044F
    { 8, 13, 129, 0, 12, 13, 6664 }, // U+0450
    { 8, 12, 129, 0, 11, 12, 6677 }, // U+0451
    { 8, 16, 144, 0, 12, 16, 6689 }, // U+0452
    { 6, 12, 102, 1, 12, 9, 6705 }, // U+0453
    { 7, 9, 115, 0, 8, 8, 6714 }, // U+0454
    { 7, 9, 109, 0, 8, 8, 6722 }, // U+0455
    { 2, 11, 60, 1, 11, 3, 6730 }, // U+0456
    { 4, 11, 60, 0, 11, 6, 6733 }, // U+0457
    { 4, 15, 60, -1, 11, 8, 6739 }, // U+0458
    { 12, 9, 200, 0, 8, 14, 6747 }, // U+0459
    { 12, 8, 208, 1, 8, 12, 6761 }, // U+045A
    { 8, 12, 145, 0, 12, 12, 6773 }, // U+045B
    { 7, 12, 124, 1, 12, 11, 6785 }, // U+045C
    { 7, 12, 145, 1, 12, 11, 6796 }, // U+045D
    { 8, 15, 119, 0, 11, 15, 6807 }, // U+045E
    { 7, 11, 141, 1, 8, 10, 6822 }, // U+045F
    { 14, 12, 214, 0, 11, 21, 6832 }, // U+0460
    { 12, 8, 184, 0, 8, 12, 6853 }, // U+0461
    { 10, 11, 157, 0, 11, 14, 6865 }, // U+0462
    { 9, 10, 148, 0, 10, 12, 6879 }, // U+0463
    { 13, 12, 215, 1, 11, 20, 6891 }, // U+0464
    { 10, 9, 173, 1, 8, 12, 6911 }, // U+0465
    { 10, 11, 159, 0, 11, 14, 6923 }, // U+0466
    { 9, 8, 133, 0, 8, 9, 6937 }, // U+0467
    { 13, 11, 217, 1, 11, 18, 6946 }, // U+0468
    { 11, 8, 182, 1, 8, 11, 6964 }, // U+0469
    { 11, 11, 170, 0, 11, 16, 6975 }, // U+046A
    { 10, 8, 149, 0, 8, 10, 6991 }, // U+046B
    { 14, 11, 230, 1, 11, 20, 7001 }, // U+046C
    { 12, 8, 198, 1, 8, 12, 7021 }, // U+046D
    { 8, 17, 137, 0, 13, 17, 7033 }, // U+046E
    { 7, 13, 114, 0, 10, 12, 7050 }, // U+046F
    { 10, 11, 188, 1, 11, 14, 7062 }, // U+0470
    { 9, 16, 178, 1, 12, 18, 7076 }, // U+0471
    { 11, 12, 182, 0, 11, 17, 7094 }, // U+0472
    { 9, 9, 141, 0, 8, 11, 7111 }, // U+0473
    { 10, 11, 148, 0, 11, 14, 7122 }, // U+0474
    { 8, 8, 120, 0, 8, 8, 7136 }, // U+0475
    { 10, 15, 148, 0, 15, 19, 7144 }, // U+0476
    { 8, 12, 120, 0, 12, 12, 7163 }, // U+0477
    { 18, 15, 285, 0, 11, 34, 7175 }, // U+0478
    { 16, 12, 255, 0, 8, 24, 7209 }, // U+0479
    { 12, 13, 191, 0, 12, 20, 7233 }, // U+047A
    { 9, 10, 154, 0, 9, 12, 7253 }, // U+047B
    { 15, 17, 239, 0, 16, 32, 7265 }, // U+047C
    { 13, 14, 211, 0, 13, 23, 7297 }, // U+047D
    { 14, 14, 214, 0, 13, 25, 7320 }, // U+047E
    { 12, 11, 184, 0, 11, 17, 7345 }, // U+047F
    { 9, 15, 150, 0, 11, 17, 7362 }, // U+0480
    { 7, 12, 115, 0, 8, 11, 7379 }, // U+0481
    { 9, 11, 142, 0, 10, 13, 7390 }, // U+0482
    { 6, 3, 0, -7, 11, 3, 7403 }, // U+0483
    { 6, 3, 0, -7, 11, 3, 7406 }, // U+0484
    { 3, 4, 0, -6, 12, 2, 7409 }, // U+0485
    { 2, 4, 0, -5, 12, 1, 7411 }, // U+0486
    { 6, 2, 0, -3, 13, 2, 7412 }, // U+0487
    { 18, 16, 0, -9, 12, 36, 7414 }, // U+0488
    { 18, 17, 0, -9, 12, 39, 7450 }, // U+0489
    { 11, 17, 183, 1, 14, 24, 7489 }, // U+048A
    { 9, 15, 154, 1, 12, 17, 7513 }, // U+048B
    { 9, 11, 143, 0, 11, 13, 7530 }, // U+048C
    { 8, 12, 139, 0, 12, 12, 7543 }, // U+048D
    { 8, 11, 143, 1, 11, 11, 7555 }, // U+048E
    { 8, 12, 143, 1, 8, 12, 7566 }, // U+048F
    { 7, 13, 124, 1, 13, 12, 7578 }, // U+0490
    { 6, 11, 102, 1, 11, 9, 7590 }, // U+0491
    { 8, 11, 124, 0, 11, 11, 7599 }, // U+0492
    { 7, 8, 101, 0, 8, 7, 7610 }, // U+0493
    { 8, 15, 152, 1, 11, 15, 7617 }, // U+0494
    { 7, 12, 124, 1, 8, 11, 7632 }, // U+0495
    { 13, 14, 211, 0, 11, 23, 7643 }, // U+0496
    { 12, 11, 186, 0, 8, 17, 7666 }, // U+0497
    { 8, 15, 135, 0, 11, 15, 7683 }, // U+0498
    { 7, 12, 114, 0, 8, 11, 7698 }, // U+0499
    { 9, 14, 156, 1, 11, 16, 7709 }, // U+049A
    { 7, 11, 130, 1, 8, 10, 7725 }, // U+049B
    { 9, 11, 146, 1, 11, 13, 7735 }, // U+049C
    { 7, 8, 123, 1, 8, 7, 7748 }, // U+049D
    { 9, 11, 146, 0, 11, 13, 7755 }, // U+049E
    { 8, 12, 125, 0, 12, 12, 7768 }, // U+049F
    { 11, 11, 162, 0, 11, 16, 7780 }, // U+04A0
    { 10, 8, 145, 0, 8, 10, 7796 }, // U+04A1
    { 10, 14, 176, 1, 11, 18, 7806 }, // U+04A2
    { 9, 11, 153, 1, 8, 13, 7824 }, // U+04A3
    { 11, 11, 190, 1, 11, 16, 7837 }, // U+04A4
    { 10, 8, 172, 1, 8, 10, 7853 }, // U+04A5
    { 14, 15, 246, 1, 11, 27, 7863 }, // U+04A6
    { 12, 12, 201, 1, 8, 18, 7890 }, // U+04A7
    { 11, 12, 182, 0, 11, 17, 7908 }, // U+04A8
    { 9, 9, 150, 0, 8, 11, 7925 }, // U+04A9
    { 9, 15, 147, 0, 11, 17, 7936 }, // U+04AA
    { 7, 12, 112, 0, 8, 11, 7953 }, // U+04AB
    { 8, 14, 130, 0, 11, 14, 7964 }, // U+04AC
    { 7, 11, 111, 0, 8, 10, 7978 }, // U+04AD
    { 9, 11, 132, 0, 11, 13, 7988 }, // U+04AE
    { 8, 12, 118, 0, 8, 12, 8001 }, // U+04AF
    { 9, 11, 132, 0, 11, 13, 8013 }, // U+04B0
    { 8, 12, 118, 0, 8, 12, 8026 }, // U+04B1
    { 9, 14, 147, 0, 11, 16, 8038 }, // U+04B2
    { 8, 11, 129, 0, 8, 11, 8054 }, // U+04B3
    { 13, 14, 201, 0, 11, 23, 8065 }, // U+04B4
    { 11, 11, 169, 0, 8, 16, 8088 }, // U+04B5
    { 10, 14, 164, 1, 11, 18, 8104 }, // U+04B6
    { 8, 11, 145, 1, 8, 11, 8122 }, // U+04B7
    { 8, 11, 163, 1, 11, 11, 8133 }, // U+04B8
    { 7, 8, 141, 1, 8, 7, 8144 }, // U+04B9
    { 9, 11, 163, 1, 11, 13, 8151 }, // U+04BA
    { 7, 12, 144, 1, 12, 11, 8164 }, // U+04BB
    { 12, 12, 198, 0, 11, 18, 8175 }, // U+04BC
    { 9, 9, 155, 0, 8, 11, 8193 }, // U+04BD
    { 12, 14, 198, 0, 11, 21, 8204 }, // U+04BE
    { 9, 11, 155, 0, 8, 13, 8225 }, // U+04BF
    { 5, 11, 79, 0, 11, 7, 8238 }, // U+04C0
    { 14, 14, 211, 0, 14, 25, 8245 }, // U+04C1
    { 11, 11, 177, 0, 11, 16, 8270 }, // U+04C2
    { 9, 15, 162, 1, 11, 17, 8286 }, // U+04C3
    { 7, 12, 131, 1, 8, 11, 8303 }, // U+04C4
    { 11, 14, 168, 0, 11, 20, 8314 }, // U+04C5
    { 9, 11, 137, 0, 8, 13, 8334 }, // U+04C6
    { 9, 15, 171, 1, 11, 17, 8347 }, // U+04C7
    { 8, 12, 145, 1, 8, 12, 8364 }, // U+04C8
    { 10, 14, 176, 1, 11, 18, 8376 }, // U+04C9
    { 9, 11, 154, 1, 8, 13, 8394 }, // U+04CA
    { 8, 14, 163, 1, 11, 14, 8407 }, // U+04CB
    { 7, 11, 143, 1, 8, 10, 8421 }, // U+04CC
    { 13, 14, 214, 1, 11, 23, 8431 }, // U+04CD
    { 10, 11, 176, 1, 8, 14, 8454 }, // U+04CE
    { 5, 11, 79, 0, 11, 7, 8468 }, // U+04CF
    { 10, 14, 149, 0, 14, 18, 8475 }, // U+04D0
    { 7, 12, 131, 0, 11, 11, 8493 }, // U+04D1
    { 10, 14, 149, 0, 14, 18, 8504 }, // U+04D2
    { 7, 12, 131, 0, 11, 11, 8522 }, // U+04D3
    { 13, 11, 205, -1, 11, 18, 8533 }, // U+04D4
    { 12, 9, 202, 0, 8, 14, 8551 }, // U+04D5
    { 7, 14, 130, 1, 14, 13, 8565 }, // U+04D6
    { 8, 12, 132, 0, 11, 12, 8578 }, // U+04D7
    { 10, 12, 172, 0, 11, 15, 8590 }, // U+04D8
    { 8, 9, 132, 0, 8, 9, 8605 }, // U+04D9
    { 10, 15, 172, 0, 14, 19, 8614 }, // U+04DA
    { 8, 12, 132, 0, 11, 12, 8633 }, // U+04DB
    { 14, 14, 211, 0, 14, 25, 8645 }, // U+04DC
    { 11, 11, 177, 0, 11, 16, 8670 }, // U+04DD
    { 8, 15, 135, 0, 14, 15, 8686 }, // U+04DE
    { 7, 12, 114, 0, 11, 11, 8701 }, // U+04DF
    { 8, 12, 136, 0, 11, 12, 8712 }, // U+04E0
    { 7, 12, 116, 0, 8, 11, 8724 }, // U+04E1
    { 9, 13, 176, 1, 13, 15, 8735 }, // U+04E2
    { 7, 10, 145, 1, 10, 9, 8750 }, // U+04E3
    { 9, 14, 176, 1, 14, 16, 8759 }, // U+04E4
    { 7, 11, 145, 1, 11, 10, 8775 }, // U+04E5
    { 11, 15, 182, 0, 14, 21, 8785 }, // U+04E6
    { 9, 12, 141, 0, 11, 14, 8806 }, // U+04E7
    { 11, 12, 182, 0, 11, 17, 8820 }, // U+04E8
    { 9, 9, 141, 0, 8, 11, 8837 }, // U+04E9
    { 11, 14, 182, 0, 13, 20, 8848 }, // U+04EA
    { 9, 12, 141, 0, 11, 14, 8868 }, // U+04EB
    { 9, 15, 151, 0, 14, 17, 8882 }, // U+04EC
    { 7, 12, 115, 0, 11, 11, 8899 }, // U+04ED
    { 9, 14, 144, 0, 13, 16, 8910 }, // U+04EE
    { 8, 14, 119, 0, 10, 14, 8926 }, // U+04EF
    { 9, 15, 144, 0, 14, 17, 8940 }, // U+04F0
    { 8, 15, 119, 0, 11, 15, 8957 }, // U+04F1
    { 9, 16, 144, 0, 15, 18, 8972 }, // U+04F2
    { 8, 16, 119, 0, 12, 16, 8990 }, // U+04F3
    { 8, 14, 157, 1, 14, 14, 9006 }, // U+04F4
    { 8, 11, 137, 0, 11, 11, 9020 }, // U+04F5
    { 7, 14, 124, 1, 11, 13, 9031 }, // U+04F6
    { 5, 11, 101, 1, 8, 7, 9044 }, // U+04F7
    { 10, 14, 198, 1, 14, 18, 9051 }, // U+04F8
    { 9, 11, 177, 1, 11, 13, 9069 }, // U+04F9
    { 8, 14, 124, 0, 11, 14, 9082 }, // U+04FA
    { 7, 11, 101, 0, 8, 10, 9096 }, // U+04FB
    { 9, 14, 147, 0, 11, 16, 9106 }, // U+04FC
    { 8, 11, 128, 0, 8, 11, 9122 }, // U+04FD
    { 9, 11, 137, 0, 11, 13, 9133 }, // U+04FE
    { 8, 8, 123, 0, 8, 8, 9146 }, // U+04FF
    { 10, 14, 149, 0, 11, 18, 9154 }, // U+1EA0
    { 7, 11, 131, 0, 8, 10, 9172 }, // U+1EA1
    { 10, 15, 149, 0, 15, 19, 9182 }, // U+1EA2
    { 7, 13, 131, 0, 12, 12, 9201 }, // U+1EA3
    { 10, 15, 149, 0, 15, 19, 9213 }, // U+1EA4
    { 8, 13, 131, 0, 12, 13, 9232 }, // U+1EA5
    { 10, 15, 149, 0, 15, 19, 9245 }, // U+1EA6
    { 7, 13, 131, 0, 12, 12, 9264 }, // U+1EA7
    { 10, 16, 149, 0, 16, 20, 9276 }, // U+1EA8
    { 8, 14, 131, 0, 13, 14, 9296 }, // U+1EA9
    { 10, 16, 149, 0, 16, 20, 9310 }, // U+1EAA
    { 7, 14, 131, 0, 13, 13, 9330 }, // U+1EAB
    { 10, 18, 149, 0, 15, 23, 9343 }, // U+1EAC
    { 7, 15, 131, 0, 12, 14, 9366 }, // U+1EAD
    { 10, 15, 149, 0, 15, 19, 9380 }, // U+1EAE
    { 7, 14, 131, 0, 13, 13, 9399 }, // U+1EAF
    { 10, 15, 149, 0, 15, 19, 9412 }, // U+1EB0
    { 7, 14, 131, 0, 13, 13, 9431 }, // U+1EB1
    { 10, 16, 149, 0, 16, 20, 9444 }, // U+1EB2
    { 7, 14, 131, 0, 13, 13, 9464 }, // U+1EB3
    { 10, 16, 149, 0, 16, 20, 9477 }, // U+1EB4
    { 7, 14, 131, 0, 13, 13, 9497 }, // U+1EB5
    { 10, 17, 149, 0, 14, 22, 9510 }, // U+1EB6
    { 7, 14, 131, 0, 11, 13, 9532 }, // U+1EB7
    { 7, 14, 130, 1, 11, 13, 9545 }, // U+1EB8
    { 8, 11, 132, 0, 8, 11, 9558 }, // U+1EB9
    { 7, 15, 130, 1, 15, 14, 9569 }, // U+1EBA
    { 8, 13, 132, 0, 12, 13, 9583 }, // U+1EBB
    { 7, 14, 130, 1, 14, 13, 9596 }, // U+1EBC
    { 8, 12, 132, 0, 11, 12, 9609 }, // U+1EBD
    { 8, 15, 130, 1, 15, 15, 9621 }, // U+1EBE
    { 9, 13, 132, 0, 12, 15, 9636 }, // U+1EBF
    { 8, 15, 130, 0, 15, 15, 9651 }, // U+1EC0
    { 8, 13, 132, 0, 12, 13, 9666 }, // U+1EC1
    { 7, 16, 130, 1, 16, 14, 9679 }, // U+1EC2
    { 8, 14, 132, 0, 13, 14, 9693 }, // U+1EC3
    { 7, 16, 130, 1, 16, 14, 9707 }, // U+1EC4
    { 8, 14, 132, 0, 13, 14, 9721 }, // U+1EC5
    { 7, 18, 130, 1, 15, 16, 9735 }, // U+1EC6
    { 8, 15, 132, 0, 12, 15, 9751 }, // U+1EC7
    { 5, 15, 79, 0, 15, 10, 9766 }, // U+1EC8
    { 4, 12, 60, 0, 12, 6, 9776 }, // U+1EC9
    { 5, 14, 79, 0, 11, 9, 9782 }, // U+1ECA
    { 2, 14, 60, 1, 11, 4, 9791 }, // U+1ECB
    { 11, 14, 182, 0, 11, 20, 9795 }, // U+1ECC
    { 9, 11, 141, 0, 8, 13, 9815 }, // U+1ECD
    { 11, 16, 182, 0, 15, 22, 9828 }, // U+1ECE
    { 9, 13, 141, 0, 12, 15, 9850 }, // U+1ECF
    { 11, 16, 182, 0, 15, 22, 9865 }, // U+1ED0
    { 9, 13, 141, 0, 12, 15, 9887 }, // U+1ED1
    { 11, 16, 182, 0, 15, 22, 9902 }, // U+1ED2
    { 9, 13, 141, 0, 12, 15, 9924 }, // U+1ED3
    { 11, 17, 182, 0, 16, 24, 9939 }, // U+1ED4
    { 9, 14, 141, 0, 13, 16, 9963 }, // U+1ED5
    { 11, 17, 182, 0, 16, 24, 9979 }, // U+1ED6
    { 9, 14, 141, 0, 13, 16, 10003 }, // U+1ED7
    { 11, 18, 182, 0, 15, 25, 10019 }, // U+1ED8
    { 9, 15, 141, 0, 12, 17, 10044 }, // U+1ED9
    { 12, 16, 183, 0, 15, 24, 10061 }, // U+1EDA
    { 10, 13, 144, 0, 12, 17, 10085 }, // U+1EDB
    { 12, 16, 183, 0, 15, 24, 10102 }, // U+1EDC
    { 10, 13, 144, 0, 12, 17, 10126 }, // U+1EDD
    { 12, 16, 183, 0, 15, 24, 10143 }, // U+1EDE
    { 10, 13, 144, 0, 12, 17, 10167 }, // U+1EDF
    { 12, 15, 183, 0, 14, 23, 10184 }, // U+1EE0
    { 10, 12, 144, 0, 11, 15, 10207 }, // U+1EE1
    { 12, 15, 183, 0, 12, 23, 10222 }, // U+1EE2
    { 10, 13, 144, 0, 10, 17, 10245 }, // U+1EE3
    { 9, 14, 171, 1, 11, 16, 10262 }, // U+1EE4
    { 7, 11, 144, 1, 8, 10, 10278 }, // U+1EE5
    { 9, 16, 171, 1, 15, 18, 10288 }, // U+1EE6
    { 7, 13, 144, 1, 12, 12, 10306 }, // U+1EE7
    { 11, 16, 182, 1, 15, 22, 10318 }, // U+1EE8
    { 10, 13, 157, 1, 12, 17, 10340 }, // U+1EE9
    { 11, 16, 182, 1, 15, 22, 10357 }, // U+1EEA
    { 10, 13, 157, 1, 12, 17, 10379 }, // U+1EEB
    { 11, 16, 182, 1, 15, 22, 10396 }, // U+1EEC
    { 10, 13, 157, 1, 12, 17, 10418 }, // U+1EED
    { 11, 15, 182, 1, 14, 21, 10435 }, // U+1EEE
    { 10, 12, 157, 1, 11, 15, 10456 }, // U+1EEF
    { 11, 15, 182, 1, 12, 21, 10471 }, // U+1EF0
    { 10, 13, 157, 1, 10, 17, 10492 }, // U+1EF1
    { 9, 15, 132, 0, 15, 17, 10509 }, // U+1EF2
    { 8, 16, 119, 0, 12, 16, 10526 }, // U+1EF3
    { 9, 14, 132, 0, 11, 16, 10542 }, // U+1EF4
    { 8, 12, 119, 0, 8, 12, 10558 }, // U+1EF5
    { 9, 15, 132, 0, 15, 17, 10570 }, // U+1EF6
    { 8, 16, 119, 0, 12, 16, 10587 }, // U+1EF7
    { 9, 14, 132, 0, 14, 16, 10603 }, // U+1EF8
    { 8, 15, 119, 0, 11, 15, 10619 }, // U+1EF9
    { 0, 0, 117, 0, 0, 0, 10634 }, // U+2000
    { 0, 0, 233, 0, 0, 0, 10634 }, // U+2001
    { 0, 0, 117, 0, 0, 0, 10634 }, // U+2002
    { 0, 0, 233, 0, 0, 0, 10634 }, // U+2003
    { 0, 0, 78, 0, 0, 0, 10634 }, // U+2004
    { 0, 0, 58, 0, 0, 0, 10634 }, // U+2005
    { 0, 0, 39, 0, 0, 0, 10634 }, // U+2006
    { 0, 0, 133, 0, 0, 0, 10634 }, // U+2007
    { 0, 0, 63, 0, 0, 0, 10634 }, // U+2008
    { 0, 0, 39, 0, 0, 0, 10634 }, // U+2009
    { 0, 0, 23, 0, 0, 0, 10634 }, // U+200A
    { 0, 0, 0, 0, 0, 0, 10634 }, // U+200B
    { 0, 0, 0, 0, 0, 0, 10634 }, // U+200C
    { 0, 0, 0, 0, 0, 0, 10634 }, // U+200D
    { 5, 13, 0, -1, 11, 9, 10634 }, // U+200E
    { 5, 13, 0, -4, 11, 9, 10643 }, // U+200F
    { 5, 2, 75, 0, 5, 2, 10652 }, // U+2010
    { 5, 2, 75, 0, 5, 2, 10654 }, // U+2011
    { 8, 2, 133, 0, 6, 2, 10656 }, // U+2012
    { 7, 2, 117, 0, 5, 2, 10658 }, // U+2013
    { 14, 2, 233, 0, 5, 4, 10660 }, // U+2014
    { 14, 2, 233, 0, 5, 4, 10664 }, // U+2015
    { 6, 16, 129, 1, 12, 12, 10668 }, // U+2016
    { 8, 4, 96, -1, 0, 4, 10680 }, // U+2017
    { 3, 5, 41, 0, 11, 2, 10684 }, // U+2018
    { 3, 5, 41, 0, 11, 2, 10686 }, // U+2019
    { 3, 5, 58, 0, 2, 2, 10688 }, // U+201A
    { 3, 5, 41, 0, 11, 2, 10690 }, // U+201B
    { 6, 5, 84, 0, 11, 4, 10692 }, // U+201C
    { 6, 5, 84, 0, 11, 4, 10696 }, // U+201D
    { 6, 5, 97, 0, 2, 4, 10700 }, // U+201E
    { 6, 5, 84, 0, 11, 4, 10704 }, // U+201F
    { 7, 12, 119, 0, 12, 11, 10708 }, // U+2020
    { 7, 12, 119, 0, 12, 11, 10719 }, // U+2021
    { 4, 5, 88, 1, 8, 3, 10730 }, // U+2022
    { 5, 5, 86, 0, 8, 4, 10733 }, // U+2023
    { 3, 3, 117, 2, 2, 2, 10737 }, // U+2024
    { 6, 3, 125, 1, 2, 3, 10739 }, // U+2025
    { 10, 3, 185, 1, 2, 4, 10742 }, // U+2026
    { 2, 3, 63, 1, 5, 1, 10746 }, // U+2027
    { 0, 0, 140, 0, 0, 0, 10747 }, // U+2028
    { 0, 0, 140, 0, 0, 0, 10747 }, // U+2029
    { 5, 11, 0, -1, 9, 7, 10747 }, // U+202A
    { 5, 11, 0, -4, 9, 7, 10754 }, // U+202B
    { 4, 13, 0, -2, 11, 7, 10761 }, // U+202C
    { 4, 13, 0, -2, 11, 7, 10768 }, // U+202D
    { 4, 13, 0, -2, 11, 7, 10775 }, // U+202E
    { 0, 0, 39, 0, 0, 0, 10782 }, // U+202F
    { 17, 12, 275, 0, 11, 26, 10782 }, // U+2030
    { 22, 12, 360, 0, 11, 33, 10808 }, // U+2031
    { 4, 5, 54, 0, 11, 3, 10841 }, // U+2032
    { 7, 5, 95, 0, 11, 5, 10844 }, // U+2033
    { 9, 5, 136, 0, 11, 6, 10849 }, // U+2034
    { 4, 5, 54, -1, 11, 3, 10855 }, // U+2035
    { 7, 5, 103, -1, 11, 5, 10858 }, // U+2036
    { 9, 5, 140, -1, 11, 6, 10863 }, // U+2037
    { 6, 6, 93, 0, 2, 5, 10869 }, // U+2038
    { 4, 7, 72, 0, 7, 4, 10874 }, // U+2039
    { 4, 7, 72, 0, 7, 4, 10878 }, // U+203A
    { 12, 12, 195, 0, 11, 18, 10882 }, // U+203B
    { 6, 12, 116, 1, 11, 9, 10900 }, // U+203C
    { 7, 12, 104, 0, 11, 11, 10909 }, // U+203D
    { 9, 2, 117, -1, 13, 3, 10920 }, // U+203E
    { 9, 4, 142, 0, 0, 5, 10923 }, // U+203F
    { 9, 4, 142, 0, 12, 5, 10928 }, // U+2040
    { 6, 10, 87, 0, 6, 8, 10933 }, // U+2041
    { 17, 15, 261, 0, 12, 32, 10941 }, // U+2042
    { 5, 2, 75, 0, 5, 2, 10973 }, // U+2043
    { 8, 11, 30, -3, 11, 11, 10975 }, // U+2044
    { 4, 14, 76, 1, 11, 7, 10986 }, // U+2045
    { 4, 14, 76, 0, 11, 7, 10993 }, // U+2046
    { 13, 12, 199, 0, 11, 20, 11000 }, // U+2047
    { 9, 12, 158, 0, 11, 14, 11020 }, // U+2048
    { 9, 12, 159, 1, 11, 14, 11034 }, // U+2049
    { 8, 8, 133, 0, 8, 8, 11048 }, // U+204A
    { 8, 14, 153, 1, 12, 14, 11056 }, // U+204B
    { 9, 8, 149, 0, 8, 9, 11070 }, // U+204C
    { 8, 8, 149, 1, 8, 8, 11079 }, // U+204D
    { 8, 8, 129, 0, 5, 8, 11087 }, // U+204E
    { 4, 11, 55, 0, 9, 6, 11095 }, // U+204F
    { 9, 16, 141, 0, 12, 18, 11101 }, // U+2050
    { 8, 15, 129, 0, 12, 15, 11119 }, // U+2051
    { 6, 12, 87, 0, 11, 9, 11134 }, // U+2052
    { 13, 3, 233, 1, 6, 5, 11143 }, // U+2053
    { 9, 4, 141, 0, 0, 5, 11148 }, // U+2054
    { 8, 9, 133, 0, 8, 9, 11153 }, // U+2055
    { 7, 12, 121, 0, 11, 11, 11162 }, // U+2056
    { 12, 5, 173, 0, 11, 8, 11173 }, // U+2057
    { 12, 12, 192, 0, 11, 18, 11181 }, // U+2058
    { 12, 12, 193, 0, 11, 18, 11199 }, // U+2059
    { 3, 12, 52, 0, 11, 5, 11217 }, // U+205A
    { 9, 12, 153, 0, 11, 14, 11222 }, // U+205B
    { 12, 12, 186, 0, 11, 18, 11236 }, // U+205C
    { 2, 12, 63, 1, 11, 3, 11254 }, // U+205D
    { 2, 12, 63, 1, 11, 3, 11257 }, // U+205E
    { 0, 0, 52, 0, 0, 0, 11260 }, // U+205F
    { 0, 0, 140, 0, 0, 0, 11260 }, // U+2060
    { 0, 0, 140, 0, 0, 0, 11260 }, // U+2061
    { 0, 0, 140, 0, 0, 0, 11260 }, // U+2062
    { 0, 0, 140, 0, 0, 0, 11260 }, // U+2063
    { 0, 0, 140, 0, 0, 0, 11260 }, // U+2064
    { 0, 0, 0, 0, 0, 0, 11260 }, // U+2066
    { 0, 0, 0, 0, 0, 0, 11260 }, // U+2067
    { 0, 0, 0, 0, 0, 0, 11260 }, // U+2068
    { 0, 0, 0, 0, 0, 0, 11260 }, // U+2069
    { 4, 13, 0, -2, 11, 7, 11260 }, // U+206A
    { 4, 13, 0, -2, 11, 7, 11267 }, // U+206B
    { 4, 13, 0, -2, 11, 7, 11274 }, // U+206C
    { 4, 13, 0, -2, 11, 7, 11281 }, // U+206D
    { 4, 13, 0, -2, 11, 7, 11288 }, // U+206E
    { 4, 13, 0, -2, 11, 7, 11295 }, // U+206F
    { 5, 8, 82, 0, 13, 5, 11302 }, // U+2070
    { 2, 7, 39, 0, 11, 2, 11307 }, // U+2071
    { 5, 7, 82, 0, 13, 5, 11309 }, // U+2074
    { 5, 8, 82, 0, 13, 5, 11314 }, // U+2075
    { 5, 8, 82, 0, 13, 5, 11319 }, // U+2076
    { 5, 7, 82, 0, 13, 5, 11324 }, // U+2077
    { 5, 8, 82, 0, 13, 5, 11329 }, // U+2078
    { 5, 8, 82, 0, 13, 5, 11334 }, // U+2079
    { 5, 5, 79, 0, 11, 4, 11339 }, // U+207A
    { 5, 2, 79, 0, 10, 2, 11343 }, // U+207B
    { 5, 3, 79, 0, 10, 2, 11345 }, // U+207C
    { 4, 9, 53, 0, 14, 5, 11347 }, // U+207D
    { 3, 9, 53, 0, 14, 4, 11352 }, // U+207E
    { 6, 5, 94, 0, 9, 4, 11356 }, // U+207F
    { 5, 8, 82, 0, 5, 5, 11360 }, // U+2080
    { 4, 7, 82, 0, 5, 4, 11365 }, // U+2081
    { 5, 7, 82, 0, 5, 5, 11369 }, // U+2082
    { 5, 8, 82, 0, 5, 5, 11374 }, // U+2083
    { 5, 7, 82, 0, 5, 5, 11379 }, // U+2084
    { 5, 8, 82, 0, 5, 5, 11384 }, // U+2085
    { 5, 8, 82, 0, 5, 5, 11389 }, // U+2086
    { 5, 7, 82, 0, 5, 5, 11394 }, // U+2087
    { 5, 8, 82, 0, 5, 5, 11399 }, // U+2088
    { 5, 8, 82, 0, 5, 5, 11404 }, // U+2089
    { 5, 5, 79, 0, 3, 4, 11409 }, // U+208A
    { 5, 2, 79, 0, 2, 2, 11413 }, // U+208B
    { 5, 3, 79, 0, 2, 2, 11415 }, // U+208C
    { 4, 9, 53, 0, 6, 5, 11417 }, // U+208D
    { 3, 9, 53, 0, 6, 4, 11422 }, // U+208E
    { 5, 6, 85, 0, 4, 4, 11426 }, // U+2090
    { 5, 6, 86, 0, 4, 4, 11430 }, // U+2091
    { 6, 6, 92, 0, 4, 5, 11434 }, // U+2092
    { 5, 6, 80, 0, 4, 4, 11439 }, // U+2093
    { 5, 6, 86, 0, 4, 4, 11443 }, // U+2094
    { 6, 8, 94, 0, 6, 6, 11447 }, // U+2095
    { 5, 8, 81, 0, 6, 5, 11453 }, // U+2096
    { 2, 8, 39, 0, 6, 2, 11458 }, // U+2097
    { 9, 6, 142, 0, 4, 7, 11460 }, // U+2098
    { 6, 6, 94, 0, 4, 5, 11467 }, // U+2099
    { 6, 8, 93, 0, 4, 6, 11472 }, // U+209A
    { 5, 6, 73, 0, 4, 4, 11478 }, // U+209B
    { 4, 7, 55, 0, 5, 4, 11482 }, // U+209C
    { 8, 11, 133, 0, 11, 11, 11486 }, // U+20A0
    { 9, 13, 133, 0, 12, 15, 11497 }, // U+20A1
    { 8, 12, 133, 0, 11, 12, 11512 }, // U+20A2
    { 8, 11, 133, 0, 11, 11, 11524 }, // U+20A3
    { 8, 11, 133, 0, 11, 11, 11535 }, // U+20A4
    { 12, 12, 218, 1, 10, 18, 11546 }, // U+20A5
    { 9, 11, 133, 0, 11, 13, 11564 }, // U+20A6
    { 10, 12, 181, 1, 11, 15, 11577 }, // U+20A7
    { 11, 12, 194, 1, 11, 17, 11592 }, // U+20A8
    { 10, 11, 156, 0, 11, 14, 11609 }, // U+20A9
    { 10, 11, 186, 1, 11, 14, 11623 }, // U+20AA
    { 9, 15, 144, 0, 12, 17, 11637 }, // U+20AB
    { 9, 12, 133, 0, 11, 14, 11654 }, // U+20AC
    { 9, 11, 133, 0, 11, 13, 11668 }, // U+20AD
    { 9, 11, 133, 0, 11, 13, 11681 }, // U+20AE
    { 14, 15, 226, 0, 11, 27, 11694 }, // U+20AF
    { 8, 15, 133, 0, 11, 15, 11721 }, // U+20B0
    { 9, 11, 133, 0, 11, 13, 11736 }, // U+20B1
    { 10, 14, 170, 0, 12, 18, 11749 }, // U+20B2
    { 9, 11, 142, 0, 11, 13, 11767 }, // U+20B3
    { 8, 12, 128, 0, 11, 12, 11780 }, // U+20B4
    { 9, 14, 147, 0, 12, 16, 11792 }, // U+20B5
    { 9, 11, 145, 0, 10, 13, 11808 }, // U+20B6
    { 10, 13, 169, 0, 11, 17, 11821 }, // U+20B7
    { 8, 11, 127, 0, 11, 11, 11838 }, // U+20B8
    { 7, 11, 133, 1, 11, 10, 11849 }, // U+20B9
    { 8, 12, 133, 0, 11, 12, 11859 }, // U+20BA
    { 12, 12, 182, 0, 11, 18, 11871 }, // U+20BB
    { 11, 11, 189, 0, 11, 16, 11889 }, // U+20BC
    { 8, 11, 136, 0, 11, 11, 11905 }, // U+20BD
    { 11, 12, 180, 0, 12, 17, 11916 }, // U+20BE
    { 7, 14, 133, 1, 12, 13, 11933 }, // U+20BF
    { 7, 11, 115, 0, 8, 10, 11946 }, // U+20C0
    { 8, 2, 133, 0, 6, 2, 11956 }, // U+2212
    { 11, 12, 160, 0, 12, 17, 11958 }, // U+FB00
    { 8, 12, 140, 0, 12, 12, 11975 }, // U+FB01
    { 8, 12, 140, 0, 12, 12, 11987 }, // U+FB02
    { 13, 12, 221, 0, 12, 20, 11999 }, // U+FB03
    { 13, 12, 221, 0, 12, 20, 12019 }, // U+FB04
    { 9, 13, 157, 1, 12, 15, 12039 }, // U+FB05
    { 12, 13, 196, 0, 12, 20, 12054 }, // U+FB06
    { 14, 15, 233, 0, 12, 27, 12074 }, // U+FFFD
};

static const EpdUnicodeInterval sans7_regularIntervals[] = {
    { 0x0, 0x0, 0x0 },
    { 0xD, 0xD, 0x1 },
    { 0x20, 0x7E, 0x2 },
    { 0xA0, 0x17F, 0x61 },
    { 0x1A0, 0x1A1, 0x141 },
    { 0x1AF, 0x1B0, 0x143 },
    { 0x1C4, 0x21F, 0x145 },
    { 0x300, 0x36F, 0x1A1 },
    { 0x400, 0x4FF, 0x211 },
    { 0x1EA0, 0x1EF9, 0x311 },
    { 0x2000, 0x2064, 0x36B },
    { 0x2066, 0x2071, 0x3D0 },
    { 0x2074, 0x208E, 0x3DC },
    { 0x2090, 0x209C, 0x3F7 },
    { 0x20A0, 0x20C0, 0x404 },
    { 0x2212, 0x2212, 0x425 },
    { 0xFB00, 0xFB06, 0x426 },
    { 0xFFFD, 0xFFFD, 0x42D },
};

static const uint16_t sans7_regularKernLeftCodepoints[] = {
    0x0022, 0x0026, 0x0027, 0x0028, 0x002C, 0x002D, 0x002E, 0x003A, 0x0041, 0x0042, 0x0043, 0x0044,
    0x0045, 0x0046, 0x004B, 0x004C, 0x004F, 0x0050, 0x0051, 0x0052, 0x0054, 0x0055, 0x0056, 0x0057,
    0x0058, 0x0059, 0x005A, 0x005B, 0x005F, 0x0061, 0x0062, 0x0063, 0x0065, 0x0066, 0x0068, 0x006D,
    0x006E, 0x006F, 0x0070, 0x0072, 0x0074, 0x0076, 0x0077, 0x0078, 0x0079, 0x007B, 0x00A1, 0x00AB,
    0x00BB, 0x00BF, 0x00C0, 0x00C1, 0x00C2, 0x00C3, 0x00C4, 0x00C5, 0x00C6, 0x00C7, 0x00C8, 0x00C9,
    0x00CA, 0x00CB, 0x00D0, 0x00D2, 0x00D3, 0x00D4, 0x00D5, 0x00D6, 0x00D8, 0x00D9, 0x00DA, 0x00DB,
    0x00DC, 0x00DD, 0x00DE, 0x00E0, 0x00E1, 0x00E2, 0x00E3, 0x00E4, 0x00E5, 0x00E6, 0x00E8, 0x00E9,
    0x00EA, 0x00EB, 0x00EE, 0x00EF, 0x00F0, 0x00F2, 0x00F3, 0x00F4, 0x00F5, 0x00F6, 0x00F8, 0x00FD,
    0x00FE, 0x00FF, 0x0100, 0x0101, 0x0102, 0x0103, 0x0104, 0x0105, 0x0106, 0x0108, 0x010A, 0x010C,
    0x010E, 0x010F, 0x0110, 0x0112, 0x0113, 0x0114, 0x0115, 0x0116, 0x0117, 0x0118, 0x0119, 0x011A,
    0x011B, 0x0125, 0x0129, 0x012B, 0x012E, 0x0136, 0x0138, 0x0139, 0x013B, 0x013D, 0x013E, 0x013F,
    0x0141, 0x0144, 0x0146, 0x0149, 0x014B, 0x014C, 0x014D, 0x014E, 0x014F, 0x0150, 0x0151, 0x0152,
    0x0153, 0x0155, 0x0157, 0x0159, 0x0162, 0x0163, 0x0164, 0x0165, 0x0166, 0x0167, 0x0168, 0x016A,
    0x016C, 0x016E, 0x0170, 0x0172, 0x0174, 0x0175, 0x0176, 0x0177, 0x0178, 0x0179, 0x017B, 0x017D,
    0x01A0, 0x01A1, 0x01AF, 0x01B0, 0x01FA, 0x01FB, 0x01FC, 0x01FD, 0x01FE, 0x020B, 0x021A, 0x021B,
    0x0400, 0x0401, 0x0402, 0x0403, 0x0404, 0x0405, 0x0409, 0x040A, 0x040B, 0x040C, 0x040E, 0x0410,
    0x0411, 0x0412, 0x0413, 0x0414, 0x0415, 0x0416, 0x0417, 0x041A, 0x041E, 0x0420, 0x0421, 0x0422,
    0x0423, 0x0424, 0x0425, 0x0426, 0x0429, 0x042A, 0x042C, 0x042D, 0x042E, 0x0430, 0x0431, 0x0432,
    0x0433, 0x0434, 0x0435, 0x0436, 0x0437, 0x0438, 0x0439, 0x043A, 0x043B, 0x043C, 0x043D, 0x043E,
    0x043F, 0x0440, 0x0441, 0x0442, 0x0443, 0x0444, 0x0445, 0x0446, 0x0447, 0x0448, 0x0449, 0x044A,
    0x044B, 0x044C, 0x044D, 0x044E, 0x044F, 0x0450, 0x0451, 0x0452, 0x0453, 0x0454, 0x0455, 0x0457,
    0x0458, 0x0459, 0x045A, 0x045B, 0x045C, 0x045D, 0x045E, 0x045F, 0x0460, 0x0461, 0x0462, 0x0463,
    0x0464, 0x0465, 0x0466, 0x0467, 0x0468, 0x0469, 0x046E, 0x0471, 0x0472, 0x0473, 0x0474, 0x0475,
    0x0476, 0x0477, 0x0478, 0x0479, 0x047A, 0x047B, 0x047C, 0x047D, 0x047E, 0x047F, 0x0480, 0x048A,
    0x048B, 0x048C, 0x048D, 0x048E, 0x048F, 0x0490, 0x0491, 0x0492, 0x0493, 0x0496, 0x0497, 0x0498,
    0x0499, 0x049A, 0x049B, 0x049C, 0x049D, 0x049E, 0x049F, 0x04A0, 0x04A1, 0x04A2, 0x04A3, 0x04A4,
    0x04A5, 0x04A9, 0x04AA, 0x04AB, 0x04AC, 0x04AD, 0x04AE, 0x04AF, 0x04B0, 0x04B1, 0x04B2, 0x04B3,
    0x04B4, 0x04B5, 0x04B6, 0x04B7, 0x04BC, 0x04BD, 0x04BE, 0x04BF, 0x04C1, 0x04C2, 0x04C5, 0x04C6,
    0x04C9, 0x04CA, 0x04CD, 0x04CE, 0x04D0, 0x04D1, 0x04D2, 0x04D3, 0x04D4, 0x04D5, 0x04D6, 0x04D7,
    0x04D8, 0x04D9, 0x04DA, 0x04DB, 0x04DC, 0x04DD, 0x04DE, 0x04DF, 0x04E3, 0x04E5, 0x04E6, 0x04E7,
    0x04E8, 0x04E9, 0x04EA, 0x04EB, 0x04EC, 0x04ED, 0x04EE, 0x04EF, 0x04F0, 0x04F1, 0x04F2, 0x04F3,
    0x04F5, 0x04F6, 0x04F7, 0x04F9, 0x04FA, 0x04FB, 0x04FC, 0x04FD, 0x04FE, 0x04FF, 0x1EA0, 0x1EA1,
    0x1EA2, 0x1EA3, 0x1EA4, 0x1EA5, 0x1EA6, 0x1EA7, 0x1EA8, 0x1EA9, 0x1EAA, 0x1EAB, 0x1EAC, 0x1EAD,
    0x1EAE, 0x1EAF, 0x1EB0, 0x1EB1, 0x1EB2, 0x1EB3, 0x1EB4, 0x1EB5, 0x1EB6, 0x1EB7, 0x1EB8, 0x1EB9,
    0x1EBA, 0x1EBB, 0x1EBC, 0x1EBD, 0x1EBE, 0x1EBF, 0x1EC0, 0x1EC1, 0x1EC2, 0x1EC3, 0x1EC4, 0x1EC5,
    0x1EC6, 0x1EC7, 0x1ECC, 0x1ECD, 0x1ECE, 0x1ECF, 0x1ED0, 0x1ED1, 0x1ED2, 0x1ED3, 0x1ED4, 0x1ED5,
    0x1ED6, 0x1ED7, 0x1ED8, 0x1ED9, 0x1EDA, 0x1EDB, 0x1EDC, 0x1EDD, 0x1EDE, 0x1EDF, 0x1EE0, 0x1EE1,
    0x1EE2, 0x1EE3, 0x1EE4, 0x1EE6, 0x1EE8, 0x1EE9, 0x1EEA, 0x1EEB, 0x1EEC, 0x1EED, 0x1EEE, 0x1EEF,
    0x1EF0, 0x1EF1, 0x1EF2, 0x1EF3, 0x1EF4, 0x1EF5, 0x1EF6, 0x1EF7, 0x1EF8, 0x1EF9, 0x2013, 0x2014,
    0x2015, 0x2018, 0x2019, 0x201A, 0x201C, 0x201D, 0x201E, 0x2039, 0x203A, 0xFB00,
};

static const uint8_t sans7_regularKernLeftClassIds[] = {
      1,   2,   1,   3,   4,   5,   4,   6,   7,   8,   9,  10,  11,  12,   9,  13,
     10,  14,  10,  15,  16,  17,  18,  18,   9,  19,  20,   3,  21,  22,  23,  24,
     23,  25,  22,  22,  22,  23,  23,  26,  24,  27,  27,  28,  27,   3,  29,  30,
     31,  32,   7,   7,   7,   7,   7,   7,  11,   9,  11,  11,  11,  11,  10,  10,
     10,  10,  10,  10,  10,  17,  17,  17,  17,  19,  14,  22,  22,  22,  22,  22,
     22,  23,  23,  23,  23,  23,  33,  33,  23,  23,  23,  23,  23,  23,  23,  27,
     23,  27,   7,  22,   7,  22,  34,  22,   9,   9,   9,   9,  10,  35,  10,  11,
     23,  11,  23,  11,  23,  11,  23,  11,  23,  22,  36,  33,  37,   9,  28,  13,
     13,  13,  35,  13,  13,  22,  22,  22,  22,  10,  23,  10,  23,  10,  23,  11,
     23,  26,  26,  26,  16,  24,  16,  38,  16,  24,  17,  17,  17,  17,  17,  17,
     18,  27,  19,  27,  19,  20,  20,  20,  39,  40,  41,  42,   7,  22,  11,  23,
     10,  33,  16,  24,  43,  43,  44,  45,  46,  47,  48,  48,  44,  49,  50,  51,
     52,  53,  45,  54,  43,  49,  53,  49,  55,  56,  46,  45,  50,  57,  49,  54,
     54,  48,  48,  55,  55,  58,  59,  60,  61,  62,  63,  64,  60,  65,  65,  64,
     65,  65,  65,  63,  65,  63,  66,  61,  67,  63,  64,  62,  65,  65,  62,  68,
     65,  68,  63,  63,  65,  63,  63,  69,  61,  66,  70,  71,  72,  68,  68,  73,
     64,  65,  67,  65,  55,  74,  75,  68,  46,  66,  51,  76,  51,  76,  77,  63,
     55,  63,  50,  74,  50,  74,  67,  67,  55,  63,  55,  63,  55,  74,  46,  54,
     62,  75,  68,  56,  63,  78,  79,  80,  81,  82,  83,  77,  60,  82,  83,  49,
     64,  49,  64,  49,  64,  54,  62,  80,  79,  63,  46,  66,  78,  79,  84,  85,
     84,  85,  82,  83,  54,  62,  54,  62,  86,  87,  86,  87,  49,  64,  54,  62,
     54,  62,  54,  62,  51,  58,  51,  58,  43,  87,  43,  87,  55,  63,  55,  63,
     49,  64,  77,  60,  65,  65,  55,  63,  55,  63,  55,  63,  55,  63,  50,  67,
     50,  67,  50,  67,  65,  78,  79,  65,  80,  81,  82,  83,  49,  83,   7,  22,
      7,  22,   7,  22,   7,  22,   7,  22,   7,  22,   7,  22,   7,  22,   7,  22,
      7,  22,   7,  22,   7,  22,  11,  23,  11,  23,  11,  23,  11,  23,  11,  23,
     11,  23,  11,  23,  11,  23,  10,  23,  10,  23,  10,  23,  10,  23,  10,  23,
     10,  23,  10,  23,  39,  40,  39,  40,  39,  40,  39,  40,  39,  40,  17,  17,
     41,  42,  41,  42,  41,  42,  41,  42,  41,  42,  19,  27,  19,  27,  19,  27,
     19,  27,   5,   5,   5,   1,   1,   4,   1,   1,   4,  30,  31,  25,
};

static const uint16_t sans7_regularKernRightCodepoints[] = {
    0x0021, 0x0022, 0x0026, 0x0027, 0x0029, 0x002C, 0x002D, 0x002E, 0x003A, 0x003B, 0x003F, 0x0041,
    0x0043, 0x0047, 0x0049, 0x004A, 0x004F, 0x0051, 0x0054, 0x0055, 0x0056, 0x0057, 0x0058, 0x0059,
    0x005A, 0x005D, 0x0061, 0x0062, 0x0063, 0x0064, 0x0065, 0x0066, 0x0067, 0x0068, 0x006A, 0x006B,
    0x006C, 0x006D, 0x006E, 0x006F, 0x0070, 0x0071, 0x0072, 0x0073, 0x0074, 0x0075, 0x0076, 0x0077,
    0x0078, 0x0079, 0x007A, 0x007D, 0x00AB, 0x00BB, 0x00C0, 0x00C1, 0x00C2, 0x00C3, 0x00C4, 0x00C5,
    0x00C6, 0x00C7, 0x00D2, 0x00D3, 0x00D4, 0x00D5, 0x00D6, 0x00D8, 0x00D9, 0x00DA, 0x00DB, 0x00DC,
    0x00DD, 0x00E0, 0x00E1, 0x00E2, 0x00E3, 0x00E4, 0x00E5, 0x00E6, 0x00E7, 0x00E8, 0x00E9, 0x00EA,
    0x00EB, 0x00F2, 0x00F3, 0x00F4, 0x00F5, 0x00F6, 0x00F8, 0x00F9, 0x00FA, 0x00FB, 0x00FC, 0x00FD,
    0x00FE, 0x00FF, 0x0100, 0x0101, 0x0102, 0x0103, 0x0104, 0x0105, 0x0106, 0x0107, 0x0108, 0x0109,
    0x010A, 0x010B, 0x010C, 0x010D, 0x010F, 0x0111, 0x0113, 0x0115, 0x0117, 0x0119, 0x011B, 0x011C,
    0x011D, 0x011E, 0x011F, 0x0120, 0x0121, 0x0122, 0x0123, 0x0125, 0x0127, 0x0129, 0x0137, 0x0138,
    0x013A, 0x013C, 0x013E, 0x0140, 0x0144, 0x0146, 0x014B, 0x014C, 0x014D, 0x014E, 0x014F, 0x0150,
    0x0151, 0x0152, 0x0153, 0x0155, 0x0157, 0x015B, 0x015F, 0x0162, 0x0163, 0x0164, 0x0165, 0x0166,
    0x0167, 0x0168, 0x0169, 0x016A, 0x016B, 0x016C, 0x016D, 0x016E, 0x016F, 0x0170, 0x0171, 0x0172,
    0x0173, 0x0174, 0x0175, 0x0176, 0x0177, 0x0178, 0x0179, 0x017A, 0x017B, 0x017C, 0x017D, 0x017E,
    0x01A0, 0x01A1, 0x01AF, 0x01B0, 0x01FA, 0x01FB, 0x01FC, 0x01FD, 0x01FE, 0x01FF, 0x0219, 0x021A,
    0x021B, 0x0402, 0x0404, 0x0405, 0x0408, 0x0409, 0x040B, 0x040E, 0x0410, 0x0414, 0x0416, 0x0417,
    0x041B, 0x041E, 0x0421, 0x0422, 0x0423, 0x0424, 0x0425, 0x0427, 0x042A, 0x042D, 0x042F, 0x0430,
    0x0431, 0x0432, 0x0433, 0x0434, 0x0435, 0x0436, 0x0437, 0x0438, 0x0439, 0x043A, 0x043B, 0x043C,
    0x043D, 0x043E, 0x043F, 0x0440, 0x0441, 0x0442, 0x0443, 0x0444, 0x0445, 0x0446, 0x0447, 0x0448,
    0x0449, 0x044A, 0x044B, 0x044C, 0x044D, 0x044E, 0x044F, 0x0450, 0x0451, 0x0452, 0x0453, 0x0454,
    0x0455, 0x0457, 0x0458, 0x0459, 0x045A, 0x045B, 0x045C, 0x045D, 0x045E, 0x045F, 0x0460, 0x0461,
    0x0462, 0x0465, 0x0466, 0x0467, 0x0469, 0x046D, 0x046E, 0x0470, 0x0472, 0x0473, 0x0474, 0x0475,
    0x0476, 0x0477, 0x0478, 0x0479, 0x047A, 0x047B, 0x047C, 0x047D, 0x047E, 0x047F, 0x0480, 0x0481,
    0x048B, 0x048C, 0x048D, 0x048F, 0x0491, 0x0492, 0x0495, 0x0496, 0x0497, 0x0498, 0x0499, 0x049B,
    0x049D, 0x049F, 0x04A0, 0x04A1, 0x04A3, 0x04A5, 0x04A7, 0x04A8, 0x04A9, 0x04AA, 0x04AB, 0x04AC,
    0x04AD, 0x04AE, 0x04AF, 0x04B0, 0x04B1, 0x04B2, 0x04B3, 0x04B4, 0x04B5, 0x04B6, 0x04B7, 0x04B8,
    0x04B9, 0x04BB, 0x04BC, 0x04BD, 0x04BE, 0x04BF, 0x04C1, 0x04C2, 0x04C4, 0x04C5, 0x04C6, 0x04C8,
    0x04CA, 0x04CB, 0x04CC, 0x04CE, 0x04D0, 0x04D1, 0x04D2, 0x04D3, 0x04D4, 0x04D5, 0x04D7, 0x04D8,
    0x04D9, 0x04DA, 0x04DB, 0x04DC, 0x04DD, 0x04DE, 0x04DF, 0x04E3, 0x04E5, 0x04E6, 0x04E7, 0x04E8,
    0x04E9, 0x04EA, 0x04EB, 0x04EC, 0x04ED, 0x04EE, 0x04EF, 0x04F0, 0x04F1, 0x04F2, 0x04F3, 0x04F4,
    0x04F5, 0x04F7, 0x04F9, 0x04FA, 0x04FC, 0x04FD, 0x04FE, 0x04FF, 0x1EA0, 0x1EA1, 0x1EA2, 0x1EA3,
    0x1EA4, 0x1EA5, 0x1EA6, 0x1EA7, 0x1EA8, 0x1EA9, 0x1EAA, 0x1EAB, 0x1EAC, 0x1EAD, 0x1EAE, 0x1EAF,
    0x1EB0, 0x1EB1, 0x1EB2, 0x1EB3, 0x1EB4, 0x1EB5, 0x1EB6, 0x1EB7, 0x1EB9, 0x1EBB, 0x1EBD, 0x1EBF,
    0x1EC1, 0x1EC3, 0x1EC5, 0x1EC7, 0x1ECC, 0x1ECD, 0x1ECE, 0x1ECF, 0x1ED0, 0x1ED1, 0x1ED2, 0x1ED3,
    0x1ED4, 0x1ED5, 0x1ED6, 0x1ED7, 0x1ED8, 0x1ED9, 0x1EDA, 0x1EDB, 0x1EDC, 0x1EDD, 0x1EDE, 0x1EDF,
    0x1EE0, 0x1EE1, 0x1EE2, 0x1EE3, 0x1EE4, 0x1EE5, 0x1EE6, 0x1EE7, 0x1EE8, 0x1EE9, 0x1EEA, 0x1EEB,
    0x1EEC, 0x1EED, 0x1EEE, 0x1EEF, 0x1EF0, 0x1EF1, 0x1EF2, 0x1EF4, 0x1EF5, 0x1EF6, 0x1EF7, 0x1EF8,
    0x1EF9, 0x2013, 0x2014, 0x2015, 0x2018, 0x2019, 0x201A, 0x201C, 0x201D, 0x201E, 0x2026, 0x2039,
    0x203A, 0xFB00, 0xFB01, 0xFB02, 0xFB03, 0xFB04,
};

static const uint8_t sans7_regularKernRightClassIds[] = {
      1,   2,   3,   2,   4,   5,   6,   5,   7,   7,   8,   9,  10,  10,  11,  12,
     10,  10,  13,  14,  15,  15,  16,  17,  18,   4,  19,  20,  21,  21,  21,  22,
     23,  20,  24,  20,  20,  25,  25,  21,  25,  21,  25,  26,  22,  25,  27,  27,
     27,  27,  28,   4,  29,  30,   9,   9,   9,   9,   9,   9,  31,  10,  10,  10,
     10,  10,  10,  10,  14,  14,  14,  14,  17,  21,  19,  19,  19,  19,  19,  19,
     21,  21,  21,  21,  21,  21,  21,  21,  21,  21,  21,  25,  25,  25,  25,  27,
     20,  27,   9,  19,   9,  19,   9,  19,  10,  21,  10,  21,  10,  21,  10,  21,
     21,  21,  21,  21,  21,  21,  21,  10,  23,  10,  23,  10,  23,  10,  23,  20,
     32,  33,  20,  25,  20,  20,  20,  20,  25,  25,  25,  10,  21,  10,  21,  10,
     21,  10,  21,  25,  25,  26,  26,  13,  22,  13,  22,  13,  22,  14,  25,  14,
     25,  14,  25,  14,  25,  14,  25,  14,  25,  15,  27,  17,  27,  17,  18,  28,
     18,  28,  18,  28,  10,  21,  14,  25,   9,  19,  31,  19,  10,  21,  26,  13,
     22,  34,  35,  36,  37,  38,  34,  39,  40,  41,  42,  43,  38,  35,  35,  34,
     39,  44,  42,  45,  34,  43,  46,  47,  48,  49,  49,  50,  51,  52,  53,  49,
     49,  49,  54,  49,  49,  51,  49,  49,  51,  55,  56,  51,  52,  49,  57,  49,
     49,  55,  49,  49,  53,  49,  58,  51,  51,  59,  49,  51,  60,  61,  62,  54,
     49,  59,  49,  49,  56,  49,  63,  64,  65,  66,  40,  50,  66,  66,  43,  45,
     63,  47,  67,  64,  67,  64,  63,  47,  63,  47,  63,  47,  63,  64,  63,  47,
     66,  65,  59,  66,  66,  65,  66,  42,  52,  43,  53,  66,  66,  59,  68,  55,
     66,  66,  66,  63,  47,  63,  47,  34,  55,  69,  70,  69,  70,  42,  52,  68,
     55,  45,  57,  45,  57,  66,  71,  72,  71,  72,  42,  52,  66,  73,  50,  66,
     66,  45,  57,  66,  40,  74,  40,  74,  40,  74,  47,  75,  74,  75,  74,  42,
     52,  43,  53,  49,  49,  63,  47,  63,  47,  63,  47,  43,  53,  39,  56,  39,
     56,  39,  56,  45,  57,  66,  49,  65,  42,  52,  42,  52,   9,  19,   9,  19,
      9,  19,   9,  19,   9,  19,   9,  19,   9,  19,   9,  19,   9,  19,   9,  19,
      9,  19,   9,  19,  21,  21,  21,  21,  21,  21,  21,  21,  10,  21,  10,  21,
     10,  21,  10,  21,  10,  21,  10,  21,  10,  21,  10,  21,  10,  21,  10,  21,
     10,  21,  10,  21,  14,  25,  14,  25,  14,  25,  14,  25,  14,  25,  14,  25,
     14,  25,  17,  17,  27,  17,  27,  17,  27,   6,   6,   6,  76,   2,   5,  76,
      2,   5,   5,  29,  30,  22,  22,  22,  22,  22,
};

static const uint16_t sans7_regularKernRowOffsets[] = {
        0,    29,    32,    37,    54,    61,    66,    72,    73,    75,    82,    83,    87,    93,   100,   101,
      117,   119,   130,   143,   145,   146,   147,   150,   151,   154,   159,   162,   163,   167,   173,   182,
      186,   187,   193,   200,   202,   203,   208,   214,   217,   227,   230,   231,   244,   269,   275,   277,
      288,   303,   332,   351,   353,   357,   369,   385,   402,   420,   426,   437,   445,   456,   468,   479,
      491,   493,   497,   509,   527,   533,   537,   541,   543,   548,   550,   557,   565,   568,   593,   600,
      616,   619,   624,   626,   638,   640,   643,   646,
};

static const uint8_t sans7_regularKernSparseCols[] = {
      8,  12,  14,  16,  18,  20,  22,  24,  25,  30,  32,  33,  37,  38,  39,  40,
     41,  43,  46,  49,  52,  53,  54,  55,  58,  60,  67,  72,  73,  12,  14,  16,
     11,  23,  36,  43,  61,   9,  12,  13,  14,  16,  33,  36,  38,  43,  44,  54,
     56,  62,  66,  67,  68,  70,  12,  33,  38,  41,  51,  54,  67,  33,  41,  43,
     44,  56,   1,   9,  11,  12,  14,  16,   4,   9,  28,   4,   8,  12,  14,  15,
     16,  17,  11,   3,   4,   7,   8,   1,   9,  12,  13,  14,  16,   2,   4,   8,
     15,  17,  28,  30,  28,   2,   4,   5,   7,   8,   9,  12,  18,  20,  22,  24,
     25,  26,  27,  28,  29,   4,   8,   4,   7,   8,   9,  18,  20,  22,  24,  25,
     28,  29,   2,   4,   7,   8,   9,  18,  20,  22,  24,  25,  27,  28,  29,   9,
     28,  11,   1,   1,  26,  27,   1,   1,   3,   4,   1,   4,  18,  20,  22,   1,
      4,   7,  20,  11,  12,  14,  16,  12,  14,  16,  33,  39,  67,  12,  14,  15,
     16,  33,  38,  41,  44,  67,  11,  12,  14,  16,   3,   1,   9,  11,  12,  14,
     16,   0,   1,   3,   7,  19,  31,  75,   3,  32,  11,   0,   1,   3,   7,  75,
      8,  10,  12,  14,  15,  16,  19,  21,  26,   8,   9,  10,  12,  14,  15,  16,
     18,  20,  22,  19,  21,  26,  36,   1,  33,  38,  44,  54,  55,  56,  64,  66,
     67,  68,  69,  75,   1,   4,   5,   6,  29,  33,  34,  37,  39,  40,  43,  46,
     47,  48,  49,  50,  51,  52,  53,  54,  55,  56,  57,  59,  67,  28,  34,  43,
     56,  62,  70,   4,  43,   1,   4,  33,  38,  44,  51,  54,  55,  57,  67,  75,
      1,   5,   6,  28,  34,  43,  44,  46,  47,  50,  54,  55,  56,  62,  70,   1,
      4,   5,   6,  28,  29,  34,  35,  37,  39,  40,  43,  45,  46,  47,  48,  49,
     50,  51,  52,  53,  56,  57,  58,  59,  62,  70,  71,  72,   1,  29,  33,  34,
     36,  38,  43,  44,  50,  54,  55,  56,  64,  66,  67,  68,  70,  74,  75,  51,
     55,   3,  51,  56,  57,   4,  36,  37,  40,  43,  44,  49,  53,  54,  55,  56,
     61,   4,  33,  37,  38,  39,  40,  41,  42,  49,  51,  53,  57,  66,  67,  68,
     72,   4,   5,   6,  28,  29,  37,  38,  39,  40,  41,  43,  46,  49,  50,  53,
     57,  72,   1,   3,   4,   6,  33,  35,  37,  38,  39,  40,  41,  42,  45,  49,
     51,  53,  57,  67,   1,  33,  38,  51,  54,  55,  33,  38,  39,  41,  45,  49,
     51,  54,  55,  56,  57,   3,  33,  38,  41,  45,  51,  54,  55,   1,   4,   5,
     37,  39,  40,  41,  49,  50,  53,  75,   1,   4,  33,  36,  37,  40,  44,  49,
     53,  54,  56,  61,  33,  38,  39,  41,  45,  49,  51,  54,  55,  56,  57,   5,
     33,  34,  38,  43,  44,  46,  50,  56,  57,  71,  75,  33,  58,   1,  33,  50,
     57,   1,   4,  37,  39,  40,  41,  46,  49,  50,  53,  57,  75,   1,   6,  33,
     38,  39,  41,  43,  44,  45,  51,  54,  55,  56,  57,  63,  69,  71,  75,   1,
     33,  36,  54,  55,  61,  33,  38,  45,  57,   1,  33,  58,  60,  36,  61,   1,
     33,  36,  54,  55,   4,  49,   1,  33,  44,  54,  66,  67,  68,   1,  46,  54,
     55,  56,  63,  69,  71,   4,  66,  68,   4,   5,  28,  29,  33,  34,  37,  39,
     40,  43,  46,  49,  51,  52,  54,  55,  56,  62,  63,  65,  69,  70,  71,  72,
     73,   4,   5,  39,  46,  49,  50,  53,   4,   5,  33,  39,  46,  49,  51,  52,
     56,  58,  62,  65,  67,  70,  71,  72,   4,  46,  49,  54,  56,  62,  70,  71,
     46,  56,   4,  39,  46,  49,  56,  58,  62,  65,  71,  72,  73,  74,   4,  49,
     33,  66,  68,   1,  51,  55,
};

static const int8_t sans7_regularKernSparseValues[] = {
     -16,    5,    5,    2,   -9,  -14,   -7,   -7,   -7,  -19,   16,    5,   -7,    5,  -16,  -14,
       5,   -2,   -9,  -16,    5,  -12,    7,    5,    7,    7,    5,  -14,   -5,  -14,   -5,   -7,
      21,    9,   23,   -7,   14,  -12,  -16,   -5,  -14,  -14,  -12,   14,   -5,   -9,  -19,   -9,
     -14,  -12,  -14,  -16,  -14,  -14,   -9,   -9,   -5,   -2,   -2,   -5,   -9,   -7,   -2,   -2,
      -2,   -2,  -16,   -5,   12,  -16,   -9,  -14,   -2,   -5,   -5,   -9,   -5,   -7,   -2,   -5,
      -2,   -2,   14,    5,  -14,    5,   -5,  -19,   -5,   -5,   -2,   -5,   -7,   -2,  -30,  -12,
      -5,   -2,   -5,   -7,   -2,   -5,  -14,   -9,    5,  -16,   -5,    5,  -19,  -16,  -16,  -12,
     -14,   -5,   -9,  -14,   -7,   -5,   -2,  -12,    5,   -9,   -2,   -5,   -5,   -2,   -2,   -2,
      -7,   -2,   -7,  -14,    5,  -14,   -5,  -12,  -12,  -12,   -7,   -9,   -5,  -19,   -7,   -2,
      -5,   22,   -2,   -2,   -5,   -2,    5,   14,    9,   -5,    9,  -37,   -5,   -5,   -2,    9,
      -9,    5,   -5,   12,   -5,   -2,   -7,   -7,   -2,   -7,   -7,   -2,   -2,  -14,   -7,   -5,
     -19,  -14,   -5,   -5,   -5,   -9,   23,   -9,   -7,   -9,   12,  -16,   -5,   26,  -16,   -9,
     -14,   12,   12,   21,   21,    7,   16,   16,   12,   30,   12,   16,   26,   28,   26,   16,
      -5,    5,   14,   16,   12,   14,    5,    9,   12,   -7,   -2,    5,   16,   16,   12,   14,
      -7,   -5,   -5,    5,   12,   12,   12,  -16,  -12,   -5,   -7,   -5,   -5,   -5,   -5,   -9,
     -14,  -12,   -5,   -7,    5,  -12,   -9,   -7,   -7,    5,   -5,   -6,  -16,   -6,   -8,   -9,
      -5,   -7,   -9,   -9,   -2,   -2,   -7,   -2,   -5,   -7,   -9,   -5,    2,   -5,   -5,   -7,
      -5,   -5,   -5,   -5,   -2,  -21,   -2,  -14,   -5,   -7,   -5,   -5,   -5,   -5,   -7,  -14,
       5,   -2,   -2,   -5,   -5,   -9,   -2,   -2,   -5,   -5,   -2,   -2,   -5,   -5,  -12,    5,
     -16,   -5,   -2,  -12,   -5,   -9,   -5,  -21,  -28,  -23,   -7,   -7,  -12,   -9,   -2,  -23,
     -14,   -7,   -5,  -12,   -5,  -12,   12,   -7,   -2,   -5,   -7,  -12,  -16,   -2,  -16,   -5,
      12,   -7,   -8,  -14,   -2,   -7,   -5,   -7,   -5,   -9,  -12,  -14,  -12,   -2,   -9,   -2,
      -2,   -6,   -2,   -4,   -2,    7,   21,    7,    9,   -2,   -6,    7,    7,   -2,    7,   -5,
      16,   -9,   -5,   -2,   -9,   -5,   -2,   -5,   -2,   -2,   -4,   -2,   -2,   -2,   -2,   -2,
      -5,  -30,   -2,   -2,   -5,   -2,  -14,   -5,  -12,  -14,   -5,   -2,   -6,  -12,   -2,   -9,
      -2,  -14,   -2,   -7,   -9,   -2,   -8,   -2,   -6,   -7,   -8,   -7,   -9,   -7,   -2,   -6,
      -4,   -4,   -2,   -5,   -2,   -9,   -9,   -5,   -2,   -2,  -14,   -9,   -2,   -7,   -5,   -2,
      -5,   -2,   -7,   -2,   -2,   -2,   -7,   -2,   -2,   -2,   -5,   -2,   -2,    7,   -9,   -5,
      -5,   -7,   -7,   -2,   -9,   -2,   -7,    9,   -2,    5,   -7,   23,    5,    7,   -4,    5,
       6,   -4,   -7,   14,   -9,   -9,   -2,   -5,   -5,   -2,   -5,   -2,   -7,   -2,   -2,   -2,
      -2,   -4,   -2,   -4,   -2,   -5,   -5,   -5,   -2,   -5,    7,   -7,   -1,    5,   -5,   -2,
      -2,    5,   -9,   -5,   -5,   -7,   -2,   -2,  -12,   -7,  -12,   -7,    9,  -19,   -2,  -14,
      -5,   -2,   -2,   -2,  -16,   -5,   -5,  -14,  -10,   -9,   -5,   -5,   -7,   -5,   -7,   -2,
      -9,   19,   -7,  -12,    5,   -5,   -7,   -2,   -5,    7,    5,    7,    2,    7,    5,   -2,
      -9,    9,   -7,  -12,   -9,   -5,   -9,   -9,   -9,   -5,   -7,   -5,   -7,  -16,   -5,  -12,
      -7,   -7,   -5,   -5,   -5,   -9,   -2,   -2,  -14,   -9,  -14,   -7,    5,   -5,   -9,  -16,
     -12,   -8,  -16,  -14,   -5,   -5,   -9,   -9,  -12,   -5,   -5,  -12,   -9,  -12,  -16,  -12,
     -19,  -12,   -5,   -7,   -2,   -9,   -2,   -7,  -12,   -5,    5,  -14,   -9,  -12,   -5,   -5,
     -12,    5,   -5,   -7,    5,   -5,   -7,   -9,   -7,   -5,   -7,   -5,  -12,   -5,  -12,   -5,
      -2,   -2,  -14,  -14,  -12,  -12,   -9,    5,   -5,   -7,   -9,   -9,   -9,   -2,   -9,   -2,
      -5,   -2,   -2,   -2,   -5,   -2,
};

static const EpdLigaturePair sans7_regularLigaturePairs[] = {
    { 0x00660066, 0xFB00 }, // f f -> U+FB00
    { 0x00660069, 0xFB01 }, // f i -> U+FB01
    { 0x0066006C, 0xFB02 }, // f l -> U+FB02
    { 0xFB000069, 0xFB03 }, // U+FB00 i -> U+FB03
    { 0xFB00006C, 0xFB04 }, // U+FB00 l -> U+FB04
};

static const EpdFontData sans7_regular = {
    sans7_regularBitmaps,
    sans7_regularGlyphs,
    sans7_regularIntervals,
    18,
    20,
    16,
    -5,
    false,
    nullptr,
    0,
    nullptr,
    nullptr,  // kernLeftClasses: built-in fonts use the split arrays below
    nullptr,  // kernRightClasses
    sans7_regularKernLeftCodepoints,
    sans7_regularKernLeftClassIds,
    sans7_regularKernRightCodepoints,
    sans7_regularKernRightClassIds,
    nullptr,  // kernMatrix: built-in fonts use the sparse form below
    sans7_regularKernRowOffsets,
    sans7_regularKernSparseCols,
    sans7_regularKernSparseValues,
    478,
    474,
    87,
    76,
    sans7_regularLigaturePairs,
    5,
};
