/**
 * generated by fontconvert.py
 * name: sans11_bold
 * size: 11
 * mode: 1-bit
 * Command used: fontconvert.py sans11_bold 11 /Users/agastyadehiya/Desktop/ereader/lib/EpdFont/builtinFonts/source/NotoSans/NotoSans-Bold.ttf --pnum --mono-threshold 4
 */
#pragma once
#include "EpdFontData.h"

static const uint8_t sans11_boldBitmaps[30087] = {
    0xF7, 0xBD, 0xEF, 0x7B, 0xDE, 0xF7, 0x9C, 0xE0, 0x33, 0xDE, 0xF1, 0x00, 0x77, 0x7B, 0xFD, 0xFE,
    0xFF, 0x7B, 0xB9, 0x8C, 0x03, 0x30, 0x0E, 0x70, 0x1D, 0xC0, 0x3B, 0x80, 0xE7, 0x0F, 0xFF, 0x9F,
    0xFF, 0xBF, 0xFE, 0x0E, 0xE0, 0x39, 0xC3, 0xFF, 0xF7, 0xFF, 0xE7, 0xFF, 0xC3, 0xB8, 0x06, 0x70,
    0x1C, 0xE0, 0x39, 0xC0, 0x02, 0x00, 0x18, 0x03, 0xF0, 0x7F, 0xE7, 0xFF, 0x3F, 0xB1, 0xEC, 0x0F,
    0xE0, 0x7F, 0x01, 0xFE, 0x03, 0xFC, 0x07, 0xE0, 0x3F, 0x21, 0xF9, 0xFF, 0xCF, 0xFC, 0x7F, 0xC0,
    0x38, 0x00, 0xC0, 0x04, 0x00, 0x1C, 0x03, 0x03, 0xE0, 0x70, 0x7F, 0x0E, 0x07, 0x70, 0xE0, 0xF7,
    0x9C, 0x0F, 0x39, 0xC0, 0xF7, 0xB8, 0x07, 0x7F, 0xBC, 0x7F, 0x77, 0xE3, 0xFF, 0xFF, 0x1C, 0xEE,
    0x70, 0x1C, 0xE7, 0x01, 0xCE, 0x70, 0x38, 0xE7, 0x03, 0x8F, 0x70, 0x70, 0x7E, 0x0F, 0x03, 0xE0,
    0x00, 0x00, 0x07, 0x80, 0x07, 0xF8, 0x03, 0xFF, 0x00, 0xF3, 0xC0, 0x3C, 0xF0, 0x0F, 0x3C, 0x01,
    0xFE, 0x00, 0x7F, 0x00, 0x1F, 0x87, 0x8F, 0xF3, 0xC7, 0xFE, 0xF1, 0xE7, 0xFC, 0x78, 0xFE, 0x1E,
    0x1F, 0x07, 0xFF, 0xE0, 0xFF, 0xFC, 0x1F, 0xEF, 0x80, 0x00, 0x00, 0x7F, 0xFF, 0xF7, 0x60, 0x0E,
    0x1E, 0x1C, 0x3C, 0x38, 0x78, 0x78, 0x70, 0x70, 0x70, 0x70, 0x70, 0x70, 0x70, 0x78, 0x78, 0x38,
    0x3C, 0x1C, 0x1E, 0x0E, 0x60, 0xE0, 0xE1, 0xE3, 0xC3, 0x87, 0x8F, 0x1E, 0x1C, 0x38, 0x70, 0xE3,
    0xC7, 0x8E, 0x1C, 0x78, 0xE3, 0xC7, 0x00, 0x07, 0x00, 0x70, 0x07, 0x04, 0x70, 0x7F, 0xF7, 0xFF,
    0x7F, 0xF0, 0xF8, 0x1F, 0xC3, 0xDC, 0x19, 0xC0, 0x00, 0x07, 0x00, 0x38, 0x01, 0xC0, 0x0E, 0x07,
    0xFF, 0x3F, 0xF9, 0xFF, 0xC0, 0xE0, 0x07, 0x00, 0x38, 0x01, 0xC0, 0x0E, 0x00, 0x39, 0xE7, 0x9C,
    0x71, 0xC0, 0x7F, 0xFF, 0xFB, 0xE0, 0x67, 0xBD, 0xE2, 0x00, 0x03, 0x80, 0xE0, 0x78, 0x1E, 0x07,
    0x03, 0xC0, 0xE0, 0x78, 0x1E, 0x07, 0x03, 0xC0, 0xF0, 0x38, 0x1E, 0x07, 0x81, 0xC0, 0xF0, 0x00,
    0x00, 0x0F, 0x03, 0xFC, 0x7F, 0xC7, 0xFE, 0xF1, 0xEF, 0x0F, 0xF0, 0xFF, 0x0F, 0xF0, 0xFF, 0x0F,
    0xF0, 0xFF, 0x0F, 0xF0, 0xF7, 0x9E, 0x7F, 0xE3, 0xFC, 0x1F, 0x80, 0x00, 0x03, 0x07, 0xC7, 0xE7,
    0xFF, 0xFB, 0xBD, 0x9E, 0x0F, 0x07, 0x83, 0xC1, 0xE0, 0xF0, 0x78, 0x3C, 0x1E, 0x0F, 0x07, 0x80,
    0x0F, 0x81, 0xFE, 0x1F, 0xF8, 0xFF, 0xE3, 0x0F, 0x00, 0x78, 0x03, 0xC0, 0x3C, 0x03, 0xE0, 0x1E,
    0x01, 0xE0, 0x1E, 0x01, 0xE0, 0x1E, 0x01, 0xFF, 0xCF, 0xFE, 0x7F, 0xF0, 0x0F, 0x83, 0xFF, 0x1F,
    0xF8, 0x73, 0xE0, 0x0F, 0x00, 0x78, 0x07, 0x83, 0xF8, 0x1F, 0xC0, 0xFF, 0x00, 0x7C, 0x01, 0xE0,
    0x0F, 0x20, 0x79, 0xFF, 0xCF, 0xFC, 0x7F, 0xC0, 0x00, 0x00, 0x00, 0xE0, 0x0F, 0x00, 0xF8, 0x0F,
    0xC0, 0x7E, 0x07, 0xF0, 0x7F, 0x83, 0xBC, 0x39, 0xE3, 0xCF, 0x1C, 0x79, 0xFF, 0xFF, 0xFF, 0xFF,
    0xFC, 0x07, 0x80, 0x3C, 0x01, 0xE0, 0x7F, 0xC7, 0xFC, 0x7F, 0xC7, 0xFC, 0x70, 0x07, 0x00, 0xFF,
    0x0F, 0xFC, 0xFF, 0xC7, 0xFE, 0x01, 0xE0, 0x1E, 0x01, 0xE8, 0x1E, 0xFF, 0xEF, 0xFC, 0xFF, 0x80,
    0x00, 0x03, 0xE1, 0xFE, 0x3F, 0xE3, 0xE0, 0x78, 0x07, 0x00, 0xF7, 0x8F, 0xFE, 0xFF, 0xEF, 0x9F,
    0xF0, 0xFF, 0x0F, 0xF0, 0xF7, 0x8F, 0x7F, 0xE3, 0xFE, 0x1F, 0xC0, 0x00, 0xFF, 0xFF, 0xFF, 0xFF,
    0xFF, 0xFF, 0x00, 0xE0, 0x1E, 0x01, 0xE0, 0x3C, 0x03, 0xC0, 0x78, 0x07, 0x80, 0xF0, 0x0F, 0x00,
    0xF0, 0x1E, 0x01, 0xE0, 0x3C, 0x00, 0x1F, 0x03, 0xFC, 0x7F, 0xEF, 0x9E, 0xF1, 0xEF, 0x1E, 0x7F,
    0xE3, 0xFC, 0x1F, 0x87, 0xFC, 0xFB, 0xEF, 0x0F, 0xF0, 0xFF, 0x0F, 0xFF, 0xE7, 0xFE, 0x3F, 0xC0,
    0x00, 0x0F, 0x03, 0xF8, 0x7F, 0xCF, 0xBE, 0xF1, 0xEF, 0x0F, 0xF0, 0xFF, 0x1F, 0xFF, 0xF7, 0xFF,
    0x3F, 0xF0, 0xCE, 0x01, 0xE0, 0x3E, 0x7F, 0xC7, 0xF8, 0x7F, 0x00, 0x00, 0x77, 0xBD, 0xE0, 0x00,
    0x00, 0x03, 0x3D, 0xEF, 0x10, 0x39, 0xE7, 0x8E, 0x00, 0x00, 0x00, 0x00, 0x03, 0x9E, 0x79, 0xC7,
    0x1C, 0x00, 0x00, 0x01, 0x80, 0x3C, 0x07, 0xE0, 0xFC, 0x1F, 0x81, 0xF0, 0x0F, 0xC0, 0x3F, 0x80,
    0x7F, 0x00, 0xFC, 0x00, 0xE0, 0x01, 0x00, 0x7F, 0xF3, 0xFF, 0x9F, 0xFC, 0x00, 0x00, 0x00, 0x3F,
    0xF9, 0xFF, 0xCF, 0xFE, 0x00, 0x03, 0x00, 0x1E, 0x00, 0xFC, 0x01, 0xF8, 0x03, 0xF0, 0x07, 0xC0,
    0x3E, 0x0F, 0xE1, 0xFC, 0x1F, 0x80, 0xE0, 0x04, 0x00, 0x00, 0x1F, 0x1F, 0xF3, 0xFF, 0x3D, 0xF0,
    0x1E, 0x03, 0xC0, 0xF0, 0x3E, 0x0F, 0x03, 0xC0, 0x70, 0x0E, 0x00, 0x00, 0x18, 0x07, 0x80, 0xF0,
    0x1E, 0x01, 0x00, 0x00, 0xF0, 0x00, 0xFF, 0xC0, 0x7F, 0xFC, 0x1F, 0x03, 0xC3, 0x80, 0x3C, 0xE3,
    0xFB, 0x9D, 0xFF, 0x3F, 0x38, 0xE7, 0xE7, 0x1C, 0xFD, 0xC3, 0x9F, 0xB8, 0x73, 0xF7, 0x9E, 0xEE,
    0x7F, 0xFD, 0xC7, 0xDF, 0x1C, 0x71, 0x83, 0xC0, 0x00, 0x3F, 0xFE, 0x03, 0xFF, 0xC0, 0x1F, 0xE0,
    0x00, 0x03, 0xC0, 0x07, 0xE0, 0x07, 0xE0, 0x0F, 0xE0, 0x0F, 0xF0, 0x0F, 0xF0, 0x1E, 0x70, 0x1E,
    0x78, 0x1E, 0x78, 0x3C, 0x38, 0x3F, 0xFC, 0x3F, 0xFC, 0x7F, 0xFE, 0x78, 0x1E, 0x78, 0x1E, 0xF8,
    0x1F, 0xF0, 0x0F, 0x7F, 0x01, 0xFF, 0x87, 0xFF, 0x1F, 0xFE, 0x78, 0x79, 0xE1, 0xE7, 0x8F, 0x9F,
    0xFC, 0x7F, 0xE1, 0xFF, 0xC7, 0x8F, 0x9E, 0x1E, 0x78, 0x79, 0xE1, 0xE7, 0xFF, 0x9F, 0xFC, 0x7F,
    0xE0, 0x03, 0xE0, 0xFF, 0xCF, 0xFE, 0xFF, 0xE7, 0xC0, 0x3C, 0x03, 0xC0, 0x1E, 0x00, 0xF0, 0x07,
    0x80, 0x3C, 0x01, 0xF0, 0x07, 0x80, 0x3E, 0x08, 0xFF, 0xE7, 0xFF, 0x0F, 0xF0, 0x00, 0x00, 0x7F,
    0x00, 0xFF, 0xC1, 0xFF, 0xC3, 0xFF, 0xC7, 0x87, 0xCF, 0x07, 0x9E, 0x0F, 0xBC, 0x0F, 0x78, 0x1E,
    0xF0, 0x3D, 0xE0, 0xFB, 0xC1, 0xE7, 0x83, 0xCF, 0x1F, 0x9F, 0xFE, 0x3F, 0xF8, 0x7F, 0xC0, 0xFF,
    0xBF, 0xFF, 0xFF, 0xFE, 0xF0, 0x3C, 0x0F, 0x03, 0xFE, 0xFF, 0xBF, 0xEF, 0x03, 0xC0, 0xF0, 0x3C,
    0x0F, 0xFF, 0xFF, 0xFF, 0xC0, 0xFF, 0xBF, 0xFF, 0xFF, 0xFE, 0xF0, 0x3C, 0x0F, 0x03, 0xFE, 0xFF,
    0xBF, 0xEF, 0xFB, 0xC0, 0xF0, 0x3C, 0x0F, 0x03, 0xC0, 0xF0, 0x00, 0x03, 0xF0, 0x3F, 0xF3, 0xFF,
    0xCF, 0xFE, 0x7C, 0x01, 0xE0, 0x0F, 0x80, 0x3C, 0x00, 0xF1, 0xFF, 0xC7, 0xFF, 0x1F, 0xFE, 0x0F,
    0x78, 0x3D, 0xF0, 0xF3, 0xFF, 0xCF, 0xFF, 0x0F, 0xFC, 0x00, 0x00, 0xE0, 0x3B, 0xC0, 0xFF, 0x03,
    0xFC, 0x0F, 0xF0, 0x3F, 0xC0, 0xFF, 0x03, 0xFF, 0xFF, 0xFF, 0xFF, 0xFF, 0xFF, 0x03, 0xFC, 0x0F,
    0xF0, 0x3F, 0xC0, 0xFF, 0x03, 0xFC, 0x0F, 0xF0, 0x3C, 0x7F, 0x7F, 0x9F, 0xC7, 0xC3, 0xC1, 0xE0,
    0xF0, 0x78, 0x3C, 0x1E, 0x0F, 0x07, 0x83, 0xC1, 0xE1, 0xFD, 0xFE, 0xFF, 0x00, 0x0E, 0x0F, 0x0F,
    0x0F, 0x0F, 0x0F, 0x0F, 0x0F, 0x0F, 0x0F, 0x0F, 0x0F, 0x0F, 0x0F, 0x0F, 0x0F, 0x0F, 0x0F, 0x1E,
    0xFE, 0xFC, 0xF8, 0xE0, 0x7B, 0xC3, 0xEF, 0x0F, 0x3C, 0x78, 0xF3, 0xC3, 0xDF, 0x0F, 0xF8, 0x3F,
    0xC0, 0xFF, 0x03, 0xFE, 0x0F, 0xF8, 0x3C, 0xF0, 0xF3, 0xE3, 0xC7, 0x8F, 0x1F, 0x3C, 0x3E, 0xF0,
    0x78, 0x70, 0x07, 0x80, 0x78, 0x07, 0x80, 0x78, 0x07, 0x80, 0x78, 0x07, 0x80, 0x78, 0x07, 0x80,
    0x78, 0x07, 0x80, 0x78, 0x07, 0x80, 0x7F, 0xE7, 0xFE, 0x7F, 0xE0, 0xF8, 0x07, 0xBE, 0x03, 0xFF,
    0xC0, 0xFF, 0xF0, 0x3F, 0xFC, 0x1F, 0xFF, 0x87, 0xFF, 0xE1, 0xFF, 0xB8, 0xFF, 0xEE, 0x3B, 0xFB,
    0xCE, 0xFE, 0x77, 0xBF, 0x9D, 0xCF, 0xE7, 0xF3, 0xF8, 0xFC, 0xFE, 0x3E, 0x3F, 0x8F, 0x8F, 0xE1,
    0xE3, 0xC0, 0xF0, 0x0D, 0xF0, 0x3F, 0xF0, 0x7F, 0xE0, 0xFF, 0xE1, 0xFF, 0xE3, 0xFB, 0xC7, 0xF7,
    0xCF, 0xE7, 0x9F, 0xC7, 0xBF, 0x8F, 0x7F, 0x0F, 0xFE, 0x1F, 0xFC, 0x1F, 0xF8, 0x3F, 0xF0, 0x3F,
    0xE0, 0x3E, 0x07, 0xE0, 0x1F, 0xF8, 0x3F, 0xFC, 0x7F, 0xFE, 0x78, 0x1E, 0xF8, 0x1F, 0xF0, 0x0F,
    0xF0, 0x0F, 0xF0, 0x0F, 0xF0, 0x0F, 0xF0, 0x0F, 0xF8, 0x0F, 0x78, 0x1F, 0x7C, 0x3E, 0x3F, 0xFE,
    0x3F, 0xFC, 0x0F, 0xF0, 0x00, 0x00, 0x7F, 0x03, 0xFE, 0x1F, 0xFC, 0xFF, 0xE7, 0x8F, 0x3C, 0x7D,
    0xE3, 0xCF, 0x1E, 0x7F, 0xF3, 0xFF, 0x1F, 0xF0, 0xF0, 0x07, 0x80, 0x3C, 0x01, 0xE0, 0x0F, 0x00,
    0x78, 0x00, 0x07, 0xE0, 0x1F, 0xF8, 0x3F, 0xFC, 0x7F, 0xFE, 0x78, 0x1E, 0xF8, 0x1F, 0xF0, 0x0F,
    0xF0, 0x0F, 0xF0, 0x0F, 0xF0, 0x0F, 0xF0, 0x0F, 0xF8, 0x0F, 0x78, 0x1F, 0x7C, 0x3E, 0x3F, 0xFE,
    0x3F, 0xFC, 0x0F, 0xF0, 0x00, 0xF8, 0x00, 0x7C, 0x00, 0x3E, 0x00, 0x1F, 0x7F, 0x00, 0xFF, 0xC1,
    0xFF, 0xC3, 0xFF, 0x87, 0x8F, 0x8F, 0x0F, 0x1E, 0x3C, 0x3C, 0xF8, 0x7F, 0xE0, 0xFF, 0x81, 0xFF,
    0x03, 0xCF, 0x07, 0x9E, 0x0F, 0x1E, 0x1E, 0x3E, 0x3C, 0x3C, 0x78, 0x3C, 0x1F, 0x07, 0xFD, 0xFF,
    0x7F, 0xEF, 0x01, 0xE0, 0x3E, 0x03, 0xF0, 0x3F, 0x83, 0xF8, 0x1F, 0x81, 0xF0, 0x1F, 0x83, 0xFF,
    0xFF, 0xFE, 0xFF, 0x80, 0x00, 0x7F, 0xFF, 0xFF, 0xFF, 0xFF, 0xFF, 0xF0, 0x78, 0x03, 0xC0, 0x1E,
    0x00, 0xF0, 0x07, 0x80, 0x3C, 0x01, 0xE0, 0x0F, 0x00, 0x78, 0x03, 0xC0, 0x1E, 0x00, 0xF0, 0x07,
    0x80, 0x70, 0x1C, 0xF0, 0x3D, 0xE0, 0x7B, 0xC0, 0xF7, 0x81, 0xEF, 0x03, 0xDE, 0x07, 0xBC, 0x0F,
    0x78, 0x1E, 0xF0, 0x3D, 0xE0, 0x7B, 0xC0, 0xF7, 0x83, 0xCF, 0x87, 0x8F, 0xFF, 0x1F, 0xFC, 0x0F,
    0xF0, 0x00, 0x00, 0xE0, 0x0F, 0xE0, 0x3F, 0xC0, 0x7B, 0xC1, 0xE7, 0x83, 0xCF, 0x07, 0x8F, 0x1E,
    0x1E, 0x3C, 0x3C, 0x70, 0x3D, 0xE0, 0x7B, 0xC0, 0xF7, 0x00, 0xFE, 0x01, 0xFC, 0x03, 0xF0, 0x03,
    0xE0, 0x07, 0xC0, 0xE0, 0x38, 0x1D, 0xE0, 0xF0, 0x7B, 0xC1, 0xE0, 0xF7, 0x87, 0xE1, 0xE7, 0x8F,
    0xC3, 0x8F, 0x1F, 0x8F, 0x1E, 0x3F, 0x9E, 0x3C, 0xFF, 0x3C, 0x3D, 0xEE, 0x70, 0x7B, 0x9D, 0xE0,
    0xF7, 0x3F, 0xC0, 0xFE, 0x7F, 0x81, 0xFC, 0x7E, 0x03, 0xF0, 0xFC, 0x07, 0xE1, 0xF8, 0x07, 0xC3,
    0xF0, 0x0F, 0x03, 0xC0, 0x70, 0x1E, 0x78, 0x3E, 0x7C, 0x3C, 0x3C, 0x78, 0x1E, 0xF8, 0x1F, 0xF0,
    0x0F, 0xE0, 0x07, 0xE0, 0x07, 0xC0, 0x07, 0xC0, 0x0F, 0xE0, 0x1F, 0xF0, 0x1E, 0xF0, 0x3C, 0x78,
    0x7C, 0x7C, 0x78, 0x3E, 0xF8, 0x1E, 0xF0, 0x1D, 0xE0, 0x79, 0xE1, 0xF3, 0xC3, 0xC3, 0xCF, 0x87,
    0x9E, 0x07, 0xF8, 0x0F, 0xF0, 0x0F, 0xC0, 0x1F, 0x80, 0x1E, 0x00, 0x3C, 0x00, 0x78, 0x00, 0xF0,
    0x01, 0xE0, 0x03, 0xC0, 0x07, 0x80, 0x7F, 0xF7, 0xFF, 0xFF, 0xFE, 0xFF, 0xE0, 0x1F, 0x00, 0xF0,
    0x0F, 0x00, 0xF8, 0x07, 0x80, 0x78, 0x07, 0x80, 0x3C, 0x03, 0xC0, 0x3C, 0x03, 0xFF, 0xFF, 0xFF,
    0xFF, 0xF8, 0x7D, 0xFB, 0xF7, 0x8F, 0x1E, 0x3C, 0x78, 0xF1, 0xE3, 0xC7, 0x8F, 0x1E, 0x3C, 0x78,
    0xF1, 0xE3, 0xF7, 0xE7, 0xC0, 0xE0, 0x3C, 0x07, 0x01, 0xE0, 0x78, 0x0E, 0x03, 0xC0, 0xF0, 0x1C,
    0x07, 0x80, 0xE0, 0x3C, 0x0F, 0x01, 0xC0, 0x78, 0x1E, 0x03, 0x80, 0x00, 0x7F, 0xFF, 0xC7, 0x1C,
    0x71, 0xC7, 0x1C, 0x71, 0xC7, 0x1C, 0x71, 0xC7, 0x1C, 0x7F, 0xFF, 0xFC, 0x06, 0x00, 0x38, 0x03,
    0xC0, 0x1F, 0x01, 0xF8, 0x0E, 0xE0, 0xE7, 0x07, 0x1C, 0x38, 0xE3, 0x83, 0x9C, 0x1C, 0x00, 0x00,
    0x7F, 0xEF, 0xFC, 0x78, 0x3C, 0x1E, 0x0E, 0x00, 0x0F, 0xC1, 0xFF, 0x0F, 0xFC, 0x21, 0xE0, 0x0F,
    0x07, 0xF8, 0xFF, 0xCF, 0xFE, 0x78, 0xF3, 0xC7, 0x9F, 0xFC, 0xFF, 0xE3, 0xF7, 0x00, 0x00, 0x70,
    0x07, 0x80, 0x3C, 0x01, 0xE0, 0x0F, 0x00, 0x79, 0xE3, 0xFF, 0x9F, 0xFE, 0xF8, 0xF7, 0xC7, 0xBC,
    0x1F, 0xE0, 0xFF, 0x07, 0xFC, 0x7F, 0xE3, 0xDF, 0xFE, 0xFF, 0xE7, 0xBE, 0x00, 0x00, 0x0F, 0x87,
    0xF9, 0xFF, 0x7C, 0x4F, 0x01, 0xE0, 0x3C, 0x07, 0x80, 0xF0, 0x1F, 0x09, 0xFF, 0x3F, 0xE3, 0xFC,
    0x00, 0x00, 0x00, 0xF0, 0x0F, 0x00, 0xF0, 0x0F, 0x00, 0xF1, 0xEF, 0x7F, 0xF7, 0xFF, 0xF9, 0xFF,
    0x0F, 0xF0, 0xFF, 0x0F, 0xF0, 0xFF, 0x0F, 0xF0, 0xFF, 0xFF, 0x7F, 0xF3, 0xF7, 0x00, 0x00, 0x1F,
    0x83, 0xFC, 0x7F, 0xEF, 0x8E, 0xF0, 0xFF, 0xFF, 0xFF, 0xFF, 0xFF, 0xF0, 0x0F, 0x00, 0x7F, 0xE7,
    0xFE, 0x1F, 0xE0, 0x00, 0x07, 0x87, 0xF3, 0xFC, 0xFA, 0x3C, 0x0F, 0xEF, 0xFB, 0xFE, 0x3C, 0x0F,
    0x03, 0xC0, 0xF0, 0x3C, 0x0F, 0x03, 0xC0, 0xF0, 0x3C, 0x0F, 0x00, 0x1E, 0x77, 0xFF, 0x7F, 0xFF,
    0x9F, 0xF0, 0xFF, 0x0F, 0xF0, 0xFF, 0x0F, 0xF0, 0xFF, 0x0F, 0x7F, 0xF7, 0xFF, 0x3F, 0xF0, 0x0F,
    0x00, 0xF7, 0xBF, 0x7F, 0xE7, 0xFC, 0x1F, 0x00, 0x70, 0x07, 0x80, 0x3C, 0x01, 0xE0, 0x0F, 0x00,
    0x79, 0xE3, 0xFF, 0x9F, 0xFE, 0xFC, 0xF7, 0xC7, 0xFE, 0x1F, 0xE0, 0xFF, 0x07, 0xF8, 0x3F, 0xC1,
    0xFE, 0x0F, 0xF0, 0x7F, 0x83, 0xC0, 0x27, 0xBE, 0xE0, 0x3B, 0xDE, 0xF7, 0xBD, 0xEF, 0x7B, 0xDE,
    0xF7, 0x80, 0x0C, 0x1E, 0x1F, 0x0E, 0x00, 0x0E, 0x1E, 0x1E, 0x1E, 0x1E, 0x1E, 0x1E, 0x1E, 0x1E,
    0x1E, 0x1E, 0x1E, 0x1E, 0x1E, 0x1E, 0x7E, 0x7E, 0x7C, 0x78, 0x70, 0x01, 0xC0, 0x07, 0x00, 0x1C,
    0x00, 0x70, 0x01, 0xC1, 0xE7, 0x0F, 0x1C, 0x78, 0x73, 0xC1, 0xDF, 0x07, 0xF8, 0x1F, 0xE0, 0x7F,
    0x81, 0xEF, 0x07, 0x1E, 0x1C, 0x7C, 0x70, 0xF1, 0xC1, 0xE0, 0x77, 0xBD, 0xEF, 0x7B, 0xDE, 0xF7,
    0xBD, 0xEF, 0x7B, 0xDE, 0xF7, 0x80, 0x67, 0xC7, 0xCF, 0xFE, 0xFE, 0xFF, 0xFF, 0xFF, 0xDF, 0x9F,
    0xF8, 0xF8, 0xFF, 0x8F, 0x0F, 0xF0, 0xF0, 0xFF, 0x0F, 0x0F, 0xF0, 0xF0, 0xFF, 0x0F, 0x0F, 0xF0,
    0xF0, 0xFF, 0x0F, 0x0F, 0xF0, 0xF0, 0xF0, 0x63, 0xC7, 0xFF, 0xBF, 0xFD, 0xF9, 0xEF, 0x8F, 0xFC,
    0x3F, 0xC1, 0xFE, 0x0F, 0xF0, 0x7F, 0x83, 0xFC, 0x1F, 0xE0, 0xFF, 0x07, 0x80, 0x1F, 0x81, 0xFE,
    0x1F, 0xF9, 0xF3, 0xEF, 0x0F, 0x78, 0x7B, 0xC3, 0xDE, 0x1E, 0xF0, 0xF7, 0x87, 0x9F, 0xFC, 0xFF,
    0xC1, 0xFC, 0x00, 0x00, 0x73, 0xC7, 0xFF, 0x3F, 0xFD, 0xF1, 0xEF, 0x8F, 0x78, 0x3F, 0xC1, 0xFE,
    0x0F, 0xF8, 0xFF, 0xC7, 0xBF, 0xFD, 0xFF, 0xCF, 0x7C, 0x78, 0x03, 0xC0, 0x1E, 0x00, 0xF0, 0x07,
    0x80, 0x1C, 0x00, 0x1E, 0x77, 0xFF, 0x7F, 0xFF, 0x9F, 0xF0, 0xFF, 0x0F, 0xF0, 0xFF, 0x0F, 0xF0,
    0xFF, 0x0F, 0xFF, 0xF7, 0xFF, 0x3F, 0xF0, 0x0F, 0x00, 0xF0, 0x0F, 0x00, 0xF0, 0x0F, 0x00, 0xF0,
    0x63, 0xFB, 0xFF, 0xFF, 0xFF, 0x87, 0xC3, 0xC1, 0xE0, 0xF0, 0x78, 0x3C, 0x1E, 0x0F, 0x00, 0x3F,
    0x1F, 0xEF, 0xFB, 0xC2, 0xF8, 0x3F, 0x87, 0xF8, 0x7E, 0x07, 0xC0, 0xFF, 0xFF, 0xFE, 0xFF, 0x00,
    0x00, 0x00, 0x07, 0x01, 0xC0, 0xFE, 0x7F, 0xBF, 0xE3, 0xC0, 0xF0, 0x3C, 0x0F, 0x03, 0xC0, 0xF0,
    0x3C, 0x0F, 0xE3, 0xF8, 0x7E, 0x00, 0x00, 0x70, 0x77, 0x87, 0xBC, 0x3D, 0xE1, 0xEF, 0x0F, 0x78,
    0x7B, 0xC3, 0xDE, 0x1E, 0xF0, 0xF7, 0xC7, 0x9F, 0xFC, 0xFF, 0xE3, 0xF7, 0x00, 0x00, 0xF0, 0x7B,
    0xC1, 0xE7, 0x87, 0x9E, 0x3C, 0x78, 0xF0, 0xE3, 0x83, 0xDE, 0x0F, 0x78, 0x1F, 0xC0, 0x7F, 0x00,
    0xFC, 0x03, 0xE0, 0x0F, 0x80, 0xF0, 0xF0, 0xEF, 0x1F, 0x0E, 0x71, 0xF1, 0xE7, 0x9F, 0x9E, 0x79,
    0xF9, 0xC7, 0xBB, 0xBC, 0x3B, 0xBB, 0xC3, 0xF9, 0xFC, 0x3F, 0x9F, 0x81, 0xF9, 0xF8, 0x1F, 0x1F,
    0x81, 0xF1, 0xF0, 0x1F, 0x0F, 0x00, 0xF0, 0x79, 0xE3, 0xE7, 0xCF, 0x0F, 0x78, 0x1F, 0xE0, 0x7F,
    0x00, 0xF8, 0x03, 0xF0, 0x1F, 0xC0, 0xF7, 0x83, 0xDF, 0x1E, 0x3C, 0xF8, 0x78, 0xF0, 0x7B, 0xC1,
    0xE7, 0x87, 0x9E, 0x3C, 0x78, 0xF0, 0xF3, 0x83, 0xDE, 0x07, 0x78, 0x1F, 0xC0, 0x7F, 0x00, 0xFC,
    0x03, 0xE0, 0x07, 0x80, 0x3C, 0x00, 0xF0, 0x1F, 0xC0, 0x7E, 0x01, 0xF0, 0x07, 0x00, 0x00, 0x7F,
    0xCF, 0xFD, 0xFF, 0x81, 0xE0, 0x78, 0x1F, 0x03, 0xC0, 0xF0, 0x3C, 0x0F, 0x81, 0xFF, 0xFF, 0xFF,
    0xFE, 0x03, 0x07, 0x87, 0xC3, 0xC1, 0xC0, 0xE0, 0x70, 0x38, 0x1C, 0x7E, 0x3E, 0x1F, 0x83, 0xC0,
    0xE0, 0x70, 0x38, 0x1C, 0x0F, 0x07, 0xC1, 0xE0, 0x70, 0xDF, 0xFF, 0xFF, 0xFF, 0xFF, 0xFF, 0xFF,
    0xFF, 0xF8, 0x60, 0x3C, 0x1F, 0x07, 0x81, 0xC0, 0xE0, 0x70, 0x38, 0x1E, 0x0F, 0xC3, 0xE3, 0xF1,
    0xE0, 0xE0, 0x70, 0x38, 0x1C, 0x1E, 0x1F, 0x0F, 0x87, 0x00, 0x3E, 0x13, 0xFF, 0x9F, 0xFC, 0x83,
    0xC0, 0x67, 0xBD, 0xE2, 0x01, 0xCE, 0x77, 0xBD, 0xEF, 0x7B, 0xDE, 0xF0, 0x00, 0x06, 0x00, 0xE0,
    0x3F, 0x1F, 0xF7, 0xFC, 0xF0, 0x9E, 0x07, 0x80, 0xF0, 0x1E, 0x01, 0xE0, 0x3C, 0x07, 0xFE, 0x7F,
    0xC7, 0xF0, 0x38, 0x07, 0x00, 0x00, 0x03, 0xC0, 0x7F, 0x87, 0xFC, 0x3E, 0xE1, 0xE0, 0x0F, 0x00,
    0x78, 0x0F, 0xFC, 0x7F, 0xE3, 0xFF, 0x07, 0x80, 0x3C, 0x01, 0xC0, 0x1E, 0x01, 0xFF, 0xEF, 0xFF,
    0x7F, 0xF8, 0x00, 0x0D, 0xDB, 0xFF, 0xBF, 0xE7, 0x1C, 0xE3, 0x9C, 0x73, 0xDE, 0x7F, 0xDF, 0xFD,
    0x93, 0x00, 0x00, 0xE0, 0x3F, 0x83, 0xDE, 0x3C, 0xF1, 0xE3, 0xCE, 0x1E, 0xF0, 0x7F, 0x03, 0xF8,
    0x0F, 0x81, 0xFF, 0x0F, 0xF8, 0x0E, 0x03, 0xFE, 0x1F, 0xF0, 0xFF, 0x80, 0xE0, 0x07, 0x00, 0xDF,
    0xFF, 0xFF, 0xFC, 0x00, 0x3F, 0xFF, 0xFF, 0xF8, 0x1E, 0x1F, 0xEF, 0xFB, 0x84, 0xF0, 0x1F, 0x07,
    0xF3, 0xFE, 0xE3, 0xB8, 0xEF, 0xB9, 0xFE, 0x1F, 0x01, 0xE0, 0x3B, 0x0E, 0xFF, 0xBF, 0xC0, 0x00,
    0x00, 0x39, 0xDC, 0xEE, 0x70, 0x03, 0xE0, 0x07, 0xFC, 0x07, 0x07, 0x06, 0x18, 0xC6, 0x3F, 0x33,
    0x3F, 0x1F, 0x38, 0x07, 0x9C, 0x03, 0xCC, 0x01, 0xE6, 0x00, 0xF3, 0x80, 0x79, 0xC0, 0x36, 0x7F,
    0x33, 0x9F, 0x38, 0xE0, 0x38, 0x3E, 0xF8, 0x0F, 0xF8, 0x00, 0x00, 0x00, 0x3C, 0x7E, 0x7F, 0x1F,
    0x7F, 0xE7, 0xE7, 0x7F, 0x3B, 0x04, 0x00, 0x38, 0xE1, 0xE7, 0x8F, 0x3C, 0x7D, 0xE1, 0xEF, 0x87,
    0x9E, 0x0F, 0x3C, 0x1E, 0xF8, 0x39, 0xE0, 0xC3, 0x00, 0x7F, 0xF3, 0xFF, 0x9F, 0xFC, 0x00, 0xE0,
    0x07, 0x00, 0x38, 0x01, 0xC0, 0x00, 0x7F, 0xFF, 0xFB, 0xE0, 0x03, 0xE0, 0x07, 0xFC, 0x07, 0x07,
    0x06, 0x70, 0xC6, 0x7E, 0x33, 0x3F, 0x9F, 0x18, 0xC7, 0x8C, 0x63, 0xC7, 0xF1, 0xE3, 0xF0, 0xF1,
    0x98, 0x78, 0xCE, 0x36, 0x63, 0x33, 0xB1, 0xF8, 0xE0, 0x38, 0x3E, 0xF8, 0x0F, 0xF8, 0x00, 0x00,
    0x00, 0x7F, 0xFB, 0xFF, 0xDF, 0xFE, 0x1E, 0x1F, 0x9F, 0xEE, 0x76, 0x3B, 0x9D, 0xFC, 0x7E, 0x00,
    0x00, 0x03, 0x00, 0x38, 0x01, 0xC0, 0x0E, 0x00, 0x70, 0x3F, 0xF9, 0xFF, 0xCF, 0xFE, 0x07, 0x00,
    0x38, 0x01, 0xC0, 0x0E, 0x07, 0xFF, 0x3F, 0xF9, 0xFF, 0xC0, 0x3C, 0x7E, 0x7F, 0x07, 0x0F, 0x1E,
    0x3C, 0x78, 0x7F, 0xFF, 0x7F, 0x3C, 0x3F, 0x1F, 0xC0, 0xE3, 0xE1, 0xF0, 0x7C, 0x0E, 0xFF, 0x7F,
    0x9F, 0x00, 0x1E, 0x1E, 0x3C, 0x70, 0x00, 0x70, 0x77, 0x83, 0xFC, 0x1F, 0xE0, 0xFF, 0x07, 0xF8,
    0x3F, 0xC1, 0xFE, 0x1F, 0xF0, 0xFF, 0xC7, 0xFF, 0xFF, 0xFF, 0xFF, 0xF7, 0xF8, 0x03, 0xC0, 0x1E,
    0x00, 0xF0, 0x07, 0x80, 0x1C, 0x00, 0x0F, 0xF3, 0xFF, 0x7F, 0xFF, 0xF3, 0xFF, 0x3F, 0xF3, 0xFF,
    0x3F, 0xF3, 0xFF, 0x3F, 0xF3, 0x7F, 0x33, 0xF3, 0x03, 0x30, 0x33, 0x03, 0x30, 0x33, 0x03, 0x30,
    0x33, 0x03, 0x30, 0x33, 0x03, 0x30, 0x67, 0xBD, 0xE2, 0x00, 0x31, 0xE1, 0xFF, 0xF9, 0xC0, 0x0C,
    0x3D, 0xFB, 0xF6, 0xE1, 0xC3, 0x87, 0x0E, 0x1C, 0x30, 0x1C, 0x3F, 0x1F, 0xDC, 0x6E, 0x37, 0x19,
    0xFC, 0xFE, 0x1C, 0x00, 0x10, 0x01, 0xC7, 0x07, 0x9E, 0x0F, 0x3C, 0x1E, 0xF8, 0x7D, 0xE1, 0xE7,
    0x8F, 0x3C, 0x7D, 0xE1, 0xE7, 0x83, 0x0C, 0x00, 0x0C, 0x06, 0x07, 0x81, 0xC1, 0xF0, 0x78, 0x3E,
    0x0E, 0x05, 0xC3, 0x80, 0x38, 0x70, 0x07, 0x1C, 0x00, 0xE3, 0x9E, 0x1C, 0xE3, 0xC3, 0xBC, 0xF8,
    0x77, 0x3F, 0x01, 0xE6, 0xE0, 0x39, 0x9C, 0x0E, 0x7F, 0xC1, 0xCF, 0xF8, 0x70, 0xFE, 0x0E, 0x01,
    0xC0, 0x0C, 0x06, 0x03, 0xC0, 0xE0, 0x7C, 0x1E, 0x07, 0xC1, 0xC0, 0x5C, 0x38, 0x01, 0xC3, 0x80,
    0x1C, 0x70, 0x01, 0xC7, 0x7C, 0x1C, 0xEF, 0xE1, 0xDE, 0xEE, 0x1D, 0xC0, 0xE0, 0x3C, 0x1E, 0x03,
    0x83, 0xC0, 0x70, 0x78, 0x07, 0x0F, 0xE0, 0xE0, 0xFE, 0x0E, 0x0F, 0xE0, 0x38, 0x06, 0x1F, 0xC1,
    0xC3, 0xF8, 0x70, 0x07, 0x0E, 0x03, 0xC3, 0x80, 0xF8, 0x70, 0x0F, 0x9C, 0x00, 0x77, 0x9C, 0xFE,
    0xE7, 0x9F, 0xF9, 0xF1, 0xE7, 0x3E, 0x01, 0xCD, 0xC0, 0x3B, 0xB8, 0x0E, 0x7F, 0x81, 0xCF, 0xF0,
    0x71, 0xFE, 0x1E, 0x03, 0x80, 0x07, 0x01, 0xE0, 0x3C, 0x07, 0x80, 0x00, 0x00, 0x01, 0xC0, 0x78,
    0x1F, 0x07, 0xC1, 0xF0, 0x78, 0x0F, 0x01, 0xE1, 0xBF, 0xF3, 0xFF, 0x3F, 0xC0, 0x00, 0x0F, 0x80,
    0x07, 0x80, 0x03, 0xC0, 0x01, 0xE0, 0x00, 0x00, 0x03, 0xC0, 0x07, 0xE0, 0x07, 0xE0, 0x0F, 0xE0,
    0x0F, 0xF0, 0x0F, 0xF0, 0x1E, 0x70, 0x1E, 0x78, 0x1E, 0x78, 0x3C, 0x38, 0x3F, 0xFC, 0x3F, 0xFC,
    0x7F, 0xFE, 0x78, 0x1E, 0x78, 0x1E, 0xF8, 0x1F, 0xF0, 0x0F, 0x00, 0xF8, 0x00, 0xF0, 0x01, 0xE0,
    0x03, 0xC0, 0x00, 0x00, 0x03, 0xC0, 0x07, 0xE0, 0x07, 0xE0, 0x0F, 0xE0, 0x0F, 0xF0, 0x0F, 0xF0,
    0x1E, 0x70, 0x1E, 0x78, 0x1E, 0x78, 0x3C, 0x38, 0x3F, 0xFC, 0x3F, 0xFC, 0x7F, 0xFE, 0x78, 0x1E,
    0x78, 0x1E, 0xF8, 0x1F, 0xF0, 0x0F, 0x03, 0xC0, 0x07, 0xE0, 0x0F, 0xF0, 0x1E, 0x70, 0x00, 0x00,
    0x03, 0xC0, 0x07, 0xE0, 0x07, 0xE0, 0x0F, 0xE0, 0x0F, 0xF0, 0x0F, 0xF0, 0x1E, 0x70, 0x1E, 0x78,
    0x1E, 0x78, 0x3C, 0x38, 0x3F, 0xFC, 0x3F, 0xFC, 0x7F, 0xFE, 0x78, 0x1E, 0x78, 0x1E, 0xF8, 0x1F,
    0xF0, 0x0F, 0x02, 0x10, 0x0F, 0xB8, 0x0F, 0xF0, 0x1D, 0xF0, 0x00, 0x00, 0x03, 0xC0, 0x07, 0xE0,
    0x07, 0xE0, 0x0F, 0xE0, 0x0F, 0xF0, 0x0F, 0xF0, 0x1E, 0x70, 0x1E, 0x78, 0x1E, 0x78, 0x3C, 0x38,
    0x3F, 0xFC, 0x3F, 0xFC, 0x7F, 0xFE, 0x78, 0x1E, 0x78, 0x1E, 0xF8, 0x1F, 0xF0, 0x0F, 0x00, 0x00,
    0x0E, 0x70, 0x0E, 0x70, 0x0E, 0x70, 0x00, 0x00, 0x03, 0xC0, 0x07, 0xE0, 0x07, 0xE0, 0x0F, 0xE0,
    0x0F, 0xF0, 0x0F, 0xF0, 0x1E, 0x70, 0x1E, 0x78, 0x1E, 0x78, 0x3C, 0x38, 0x3F, 0xFC, 0x3F, 0xFC,
    0x7F, 0xFE, 0x78, 0x1E, 0x78, 0x1E, 0xF8, 0x1F, 0xF0, 0x0F, 0x00, 0x00, 0x03, 0xC0, 0x07, 0xE0,
    0x06, 0x60, 0x07, 0xE0, 0x07, 0xE0, 0x07, 0xE0, 0x0F, 0xE0, 0x0F, 0xF0, 0x0F, 0xF0, 0x1E, 0x70,
    0x1E, 0x78, 0x1E, 0x78, 0x3C, 0x38, 0x3F, 0xFC, 0x3F, 0xFC, 0x7F, 0xFE, 0x78, 0x1E, 0x78, 0x1E,
    0xF8, 0x1F, 0xF0, 0x0F, 0x01, 0xFF, 0xF0, 0x0F, 0xFF, 0xC0, 0xFF, 0xFE, 0x07, 0xFF, 0xE0, 0x7B,
    0xC0, 0x03, 0xDE, 0x00, 0x3C, 0xF0, 0x01, 0xE7, 0xFE, 0x0E, 0x3F, 0xF0, 0xF1, 0xFF, 0x87, 0xFF,
    0x00, 0x7F, 0xF8, 0x03, 0xFF, 0xC0, 0x3C, 0x1E, 0x01, 0xE0, 0xFF, 0xFE, 0x07, 0xFF, 0xF0, 0x3F,
    0xF8, 0x03, 0xE0, 0xFF, 0xCF, 0xFE, 0xFF, 0xE7, 0xC0, 0x3C, 0x03, 0xC0, 0x1E, 0x00, 0xF0, 0x07,
    0x80, 0x3C, 0x01, 0xF0, 0x07, 0x80, 0x3E, 0x08, 0xFF, 0xE7, 0xFF, 0x0F, 0xF0, 0x1C, 0x00, 0xF0,
    0x03, 0x80, 0x7C, 0x03, 0xE0, 0x1C, 0x00, 0x78, 0x1F, 0x03, 0xC0, 0x38, 0x00, 0x3F, 0xEF, 0xFF,
    0xFF, 0xFF, 0xBC, 0x0F, 0x03, 0xC0, 0xFF, 0xBF, 0xEF, 0xFB, 0xC0, 0xF0, 0x3C, 0x0F, 0x03, 0xFF,
    0xFF, 0xFF, 0xF0, 0x07, 0x83, 0xC1, 0xE0, 0xF0, 0x00, 0x3F, 0xEF, 0xFF, 0xFF, 0xFF, 0xBC, 0x0F,
    0x03, 0xC0, 0xFF, 0xBF, 0xEF, 0xFB, 0xC0, 0xF0, 0x3C, 0x0F, 0x03, 0xFF, 0xFF, 0xFF, 0xF0, 0x1E,
    0x0F, 0xC7, 0xF3, 0xCE, 0x00, 0x3F, 0xEF, 0xFF, 0xFF, 0xFF, 0xBC, 0x0F, 0x03, 0xC0, 0xFF, 0xBF,
    0xEF, 0xFB, 0xC0, 0xF0, 0x3C, 0x0F, 0x03, 0xFF, 0xFF, 0xFF, 0xF0, 0x00, 0x1C, 0xE7, 0x39, 0xCE,
    0x00, 0x3F, 0xEF, 0xFF, 0xFF, 0xFF, 0xBC, 0x0F, 0x03, 0xC0, 0xFF, 0xBF, 0xEF, 0xFB, 0xC0, 0xF0,
    0x3C, 0x0F, 0x03, 0xFF, 0xFF, 0xFF, 0xF0, 0xF0, 0x3C, 0x0F, 0x03, 0xC0, 0x03, 0xFB, 0xFC, 0xFE,
    0x3E, 0x1E, 0x0F, 0x07, 0x83, 0xC1, 0xE0, 0xF0, 0x78, 0x3C, 0x1E, 0x0F, 0x0F, 0xEF, 0xF7, 0xF8,
    0x0F, 0x87, 0x87, 0x87, 0x80, 0x03, 0xFB, 0xFC, 0xFE, 0x3E, 0x1E, 0x0F, 0x07, 0x83, 0xC1, 0xE0,
    0xF0, 0x78, 0x3C, 0x1E, 0x0F, 0x0F, 0xEF, 0xF7, 0xF8, 0x1E, 0x07, 0xC3, 0xF9, 0xCF, 0x00, 0x0F,
    0xE7, 0xF8, 0xFE, 0x1F, 0x07, 0x81, 0xE0, 0x78, 0x1E, 0x07, 0x81, 0xE0, 0x78, 0x1E, 0x07, 0x81,
    0xE0, 0xFE, 0x7F, 0x9F, 0xE0, 0x00, 0x7B, 0xFD, 0xEC, 0x60, 0x03, 0xFB, 0xFC, 0xFE, 0x3E, 0x1E,
    0x0F, 0x07, 0x83, 0xC1, 0xE0, 0xF0, 0x78, 0x3C, 0x1E, 0x0F, 0x0F, 0xEF, 0xF7, 0xF8, 0x3F, 0x80,
    0x3F, 0xF0, 0x3F, 0xF8, 0x3F, 0xFC, 0x3C, 0x3E, 0x3C, 0x1E, 0x3C, 0x1F, 0xFF, 0x8F, 0xFF, 0x8F,
    0xFF, 0x8F, 0x7F, 0x1F, 0x3C, 0x1E, 0x3C, 0x1E, 0x3C, 0x7E, 0x3F, 0xFC, 0x3F, 0xF8, 0x3F, 0xE0,
    0x04, 0x30, 0x3F, 0xE0, 0x7F, 0xC0, 0xCF, 0x00, 0x00, 0x1E, 0x01, 0xBE, 0x07, 0xFE, 0x0F, 0xFC,
    0x1F, 0xFC, 0x3F, 0xFC, 0x7F, 0x78, 0xFE, 0xF9, 0xFC, 0xF3, 0xF8, 0xF7, 0xF1, 0xEF, 0xE1, 0xFF,
    0xC3, 0xFF, 0x83, 0xFF, 0x07, 0xFE, 0x07, 0xFC, 0x07, 0xC0, 0x07, 0x80, 0x07, 0x80, 0x03, 0xC0,
    0x00, 0xE0, 0x00, 0x00, 0x07, 0xE0, 0x1F, 0xF8, 0x3F, 0xFC, 0x7F, 0xFE, 0x78, 0x1E, 0xF8, 0x1F,
    0xF0, 0x0F, 0xF0, 0x0F, 0xF0, 0x0F, 0xF0, 0x0F, 0xF0, 0x0F, 0xF8, 0x0F, 0x78, 0x1F, 0x7C, 0x3E,
    0x3F, 0xFE, 0x3F, 0xFC, 0x0F, 0xF0, 0x00, 0x00, 0x00, 0x78, 0x00, 0xF0, 0x01, 0xE0, 0x03, 0xC0,
    0x00, 0x00, 0x07, 0xE0, 0x1F, 0xF8, 0x3F, 0xFC, 0x7F, 0xFE, 0x78, 0x1E, 0xF8, 0x1F, 0xF0, 0x0F,
    0xF0, 0x0F, 0xF0, 0x0F, 0xF0, 0x0F, 0xF0, 0x0F, 0xF8, 0x0F, 0x78, 0x1F, 0x7C, 0x3E, 0x3F, 0xFE,
    0x3F, 0xFC, 0x0F, 0xF0, 0x00, 0x00, 0x03, 0xC0, 0x07, 0xE0, 0x0F, 0xF0, 0x0E, 0x78, 0x00, 0x00,
    0x07, 0xE0, 0x1F, 0xF8, 0x3F, 0xFC, 0x7F, 0xFE, 0x78, 0x1E, 0xF8, 0x1F, 0xF0, 0x0F, 0xF0, 0x0F,
    0xF0, 0x0F, 0xF0, 0x0F, 0xF0, 0x0F, 0xF8, 0x0F, 0x78, 0x1F, 0x7C, 0x3E, 0x3F, 0xFE, 0x3F, 0xFC,
    0x0F, 0xF0, 0x00, 0x00, 0x02, 0x18, 0x0F, 0xF8, 0x0F, 0xF8, 0x1D, 0xF0, 0x00, 0x00, 0x07, 0xE0,
    0x1F, 0xF8, 0x3F, 0xFC, 0x7F, 0xFE, 0x78, 0x1E, 0xF8, 0x1F, 0xF0, 0x0F, 0xF0, 0x0F, 0xF0, 0x0F,
    0xF0, 0x0F, 0xF0, 0x0F, 0xF8, 0x0F, 0x78, 0x1F, 0x7C, 0x3E, 0x3F, 0xFE, 0x3F, 0xFC, 0x0F, 0xF0,
    0x00, 0x00, 0x00, 0x00, 0x0E, 0x70, 0x0E, 0x70, 0x0E, 0x70, 0x00, 0x00, 0x07, 0xE0, 0x1F, 0xF8,
    0x3F, 0xFC, 0x7F, 0xFE, 0x78, 0x1E, 0xF8, 0x1F, 0xF0, 0x0F, 0xF0, 0x0F, 0xF0, 0x0F, 0xF0, 0x0F,
    0xF0, 0x0F, 0xF8, 0x0F, 0x78, 0x1F, 0x7C, 0x3E, 0x3F, 0xFE, 0x3F, 0xFC, 0x0F, 0xF0, 0x00, 0x00,
    0x00, 0x0C, 0x1B, 0xC7, 0xBD, 0xE3, 0xF8, 0x3E, 0x07, 0xC1, 0xFC, 0x7B, 0xDE, 0x3D, 0x83, 0x00,
    0x00, 0x00, 0x07, 0xEC, 0x1F, 0xFE, 0x3F, 0xFC, 0x7F, 0xFE, 0x78, 0x7E, 0xF8, 0x7F, 0xF0, 0xEF,
    0xF1, 0xEF, 0xF1, 0xCF, 0xF3, 0x8F, 0xF7, 0x8F, 0xFF, 0x0F, 0x7E, 0x1F, 0x7E, 0x3E, 0x3F, 0xFE,
    0x3F, 0xFC, 0x7F, 0xF0, 0x30, 0x00, 0x00, 0x00, 0x1F, 0x00, 0x1E, 0x00, 0x1E, 0x00, 0x1E, 0x00,
    0x00, 0x0E, 0x03, 0x9E, 0x07, 0xBC, 0x0F, 0x78, 0x1E, 0xF0, 0x3D, 0xE0, 0x7B, 0xC0, 0xF7, 0x81,
    0xEF, 0x03, 0xDE, 0x07, 0xBC, 0x0F, 0x78, 0x1E, 0xF0, 0x79, 0xF0, 0xF1, 0xFF, 0xE3, 0xFF, 0x81,
    0xFE, 0x00, 0x00, 0x00, 0x00, 0xF0, 0x03, 0xC0, 0x0F, 0x00, 0x3C, 0x00, 0x00, 0x0E, 0x03, 0x9E,
    0x07, 0xBC, 0x0F, 0x78, 0x1E, 0xF0, 0x3D, 0xE0, 0x7B, 0xC0, 0xF7, 0x81, 0xEF, 0x03, 0xDE, 0x07,
    0xBC, 0x0F, 0x78, 0x1E, 0xF0, 0x79, 0xF0, 0xF1, 0xFF, 0xE3, 0xFF, 0x81, 0xFE, 0x00, 0x00, 0x00,
    0x03, 0xC0, 0x0F, 0x80, 0x3F, 0x80, 0xE3, 0x80, 0x00, 0x0E, 0x03, 0x9E, 0x07, 0xBC, 0x0F, 0x78,
    0x1E, 0xF0, 0x3D, 0xE0, 0x7B, 0xC0, 0xF7, 0x81, 0xEF, 0x03, 0xDE, 0x07, 0xBC, 0x0F, 0x78, 0x1E,
    0xF0, 0x79, 0xF0, 0xF1, 0xFF, 0xE3, 0xFF, 0x81, 0xFE, 0x00, 0x00, 0x00, 0x00, 0x00, 0x1D, 0xE0,
    0x7B, 0xC0, 0x63, 0x00, 0x00, 0x0E, 0x03, 0x9E, 0x07, 0xBC, 0x0F, 0x78, 0x1E, 0xF0, 0x3D, 0xE0,
    0x7B, 0xC0, 0xF7, 0x81, 0xEF, 0x03, 0xDE, 0x07, 0xBC, 0x0F, 0x78, 0x1E, 0xF0, 0x79, 0xF0, 0xF1,
    0xFF, 0xE3, 0xFF, 0x81, 0xFE, 0x00, 0x00, 0x00, 0x00, 0xF0, 0x03, 0xC0, 0x0F, 0x00, 0x3C, 0x00,
    0x00, 0x1E, 0x03, 0xBC, 0x0F, 0x3C, 0x3E, 0x78, 0x78, 0x79, 0xF0, 0xF3, 0xC0, 0xFF, 0x01, 0xFE,
    0x01, 0xF8, 0x03, 0xF0, 0x03, 0xC0, 0x07, 0x80, 0x0F, 0x00, 0x1E, 0x00, 0x3C, 0x00, 0x78, 0x00,
    0xF0, 0x00, 0xE0, 0x0F, 0x00, 0xF0, 0x0F, 0xF8, 0xFF, 0xCF, 0xFE, 0xF3, 0xEF, 0x1F, 0xF0, 0xFF,
    0x1F, 0xF3, 0xEF, 0xFE, 0xFF, 0xCF, 0xF0, 0xF0, 0x0F, 0x00, 0xF0, 0x00, 0x07, 0x80, 0x7F, 0xE1,
    0xFF, 0xE3, 0xE7, 0xCF, 0x87, 0x9E, 0x0F, 0x3C, 0x3C, 0x78, 0xF0, 0xF3, 0xC1, 0xE7, 0xC3, 0xCF,
    0xC7, 0x8F, 0xCF, 0x07, 0xDE, 0x07, 0xBC, 0x0F, 0xFB, 0xFE, 0xF7, 0xFD, 0xE7, 0xF0, 0x00, 0x00,
    0x1E, 0x00, 0x78, 0x01, 0xE0, 0x07, 0x80, 0x00, 0x07, 0xE0, 0xFF, 0x87, 0xFE, 0x10, 0xF0, 0x07,
    0x83, 0xFC, 0x7F, 0xE7, 0xFF, 0x3C, 0x79, 0xE3, 0xCF, 0xFE, 0x7F, 0xF1, 0xFB, 0x80, 0x00, 0x01,
    0xF0, 0x0F, 0x00, 0xF0, 0x0F, 0x00, 0x00, 0x07, 0xE0, 0xFF, 0x87, 0xFE, 0x10, 0xF0, 0x07, 0x83,
    0xFC, 0x7F, 0xE7, 0xFF, 0x3C, 0x79, 0xE3, 0xCF, 0xFE, 0x7F, 0xF1, 0xFB, 0x80, 0x00, 0x07, 0x80,
    0x7E, 0x07, 0xF8, 0x79, 0xC0, 0x00, 0x07, 0xE0, 0xFF, 0x87, 0xFE, 0x10, 0xF0, 0x07, 0x83, 0xFC,
    0x7F, 0xE7, 0xFF, 0x3C, 0x79, 0xE3, 0xCF, 0xFE, 0x7F, 0xF1, 0xFB, 0x80, 0x00, 0x04, 0x20, 0xFB,
    0x8F, 0xF8, 0x77, 0xC0, 0x00, 0x07, 0xE0, 0xFF, 0x87, 0xFE, 0x10, 0xF0, 0x07, 0x83, 0xFC, 0x7F,
    0xE7, 0xFF, 0x3C, 0x79, 0xE3, 0xCF, 0xFE, 0x7F, 0xF1, 0xFB, 0x80, 0x00, 0x00, 0x00, 0xE7, 0x07,
    0x38, 0x39, 0xC0, 0x00, 0x07, 0xE0, 0xFF, 0x87, 0xFE, 0x10, 0xF0, 0x07, 0x83, 0xFC, 0x7F, 0xE7,
    0xFF, 0x3C, 0x79, 0xE3, 0xCF, 0xFE, 0x7F, 0xF1, 0xFB, 0x80, 0x00, 0x00, 0x00, 0x3C, 0x03, 0xF0,
    0x19, 0x80, 0xFC, 0x03, 0xC0, 0x00, 0x01, 0xF8, 0x3F, 0xE1, 0xFF, 0x84, 0x3C, 0x01, 0xE0, 0xFF,
    0x1F, 0xF9, 0xFF, 0xCF, 0x1E, 0x78, 0xF3, 0xFF, 0x9F, 0xFC, 0x7E, 0xE0, 0x00, 0x00, 0x0F, 0x8F,
    0x81, 0xFF, 0xFF, 0x0F, 0xFF, 0xF8, 0x21, 0xF1, 0xE0, 0x0F, 0x0F, 0x0F, 0xFF, 0xF8, 0xFF, 0xFF,
    0xCF, 0xDF, 0xFE, 0x78, 0xF0, 0x03, 0xC7, 0xC0, 0x1F, 0xFF, 0xFC, 0xFF, 0xFF, 0xE3, 0xF9, 0xFE,
    0x00, 0x00, 0x00, 0x0F, 0x87, 0xF9, 0xFF, 0x7C, 0x4F, 0x01, 0xE0, 0x3C, 0x07, 0x80, 0xF0, 0x1F,
    0x09, 0xFF, 0x3F, 0xE3, 0xFC, 0x1C, 0x03, 0xC0, 0x3C, 0x1F, 0x83, 0xE0, 0x38, 0x00, 0x3C, 0x01,
    0xE0, 0x0F, 0x00, 0x78, 0x00, 0x01, 0xF8, 0x3F, 0xC7, 0xFE, 0xF8, 0xEF, 0x0F, 0xFF, 0xFF, 0xFF,
    0xFF, 0xFF, 0x00, 0xF0, 0x07, 0xFE, 0x7F, 0xE1, 0xFE, 0x00, 0x00, 0x03, 0xE0, 0x3C, 0x07, 0x80,
    0xF0, 0x00, 0x01, 0xF8, 0x3F, 0xC7, 0xFE, 0xF8, 0xEF, 0x0F, 0xFF, 0xFF, 0xFF, 0xFF, 0xFF, 0x00,
    0xF0, 0x07, 0xFE, 0x7F, 0xE1, 0xFE, 0x00, 0x00, 0x0F, 0x01, 0xF8, 0x3F, 0xC7, 0x9C, 0x00, 0x01,
    0xF8, 0x3F, 0xC7, 0xFE, 0xF8, 0xEF, 0x0F, 0xFF, 0xFF, 0xFF, 0xFF, 0xFF, 0x00, 0xF0, 0x07, 0xFE,
    0x7F, 0xE1, 0xFE, 0x00, 0x00, 0x00, 0x03, 0x9C, 0x39, 0xC3, 0x9C, 0x00, 0x01, 0xF8, 0x3F, 0xC7,
    0xFE, 0xF8, 0xEF, 0x0F, 0xFF, 0xFF, 0xFF, 0xFF, 0xFF, 0x00, 0xF0, 0x07, 0xFE, 0x7F, 0xE1, 0xFE,
    0x00, 0x00, 0x78, 0x7C, 0x1E, 0x0E, 0x00, 0x1C, 0x3C, 0x3C, 0x3C, 0x3C, 0x3C, 0x3C, 0x3C, 0x3C,
    0x3C, 0x3C, 0x3C, 0x3C, 0x1E, 0x3E, 0x78, 0x70, 0x00, 0x70, 0xF0, 0xF0, 0xF0, 0xF0, 0xF0, 0xF0,
    0xF0, 0xF0, 0xF0, 0xF0, 0xF0, 0xF0, 0x1E, 0x03, 0xE0, 0xFE, 0x38, 0xE0, 0x00, 0x1C, 0x07, 0x80,
    0xF0, 0x1E, 0x03, 0xC0, 0x78, 0x0F, 0x01, 0xE0, 0x3C, 0x07, 0x80, 0xF0, 0x1E, 0x03, 0xC0, 0x00,
    0x7B, 0xFD, 0xEC, 0x60, 0x00, 0xE0, 0xF0, 0x78, 0x3C, 0x1E, 0x0F, 0x07, 0x83, 0xC1, 0xE0, 0xF0,
    0x78, 0x3C, 0x1E, 0x00, 0x08, 0x40, 0xF7, 0x07, 0xF8, 0x1F, 0x01, 0xFC, 0x0E, 0xF0, 0x03, 0x87,
    0xFE, 0x7F, 0xF3, 0xFF, 0xBC, 0x3D, 0xE1, 0xEF, 0x0F, 0x78, 0x7B, 0xC3, 0xCF, 0xFE, 0x7F, 0xE1,
    0xFE, 0x00, 0x00, 0x0C, 0x20, 0xFB, 0x0F, 0xF8, 0x67, 0x80, 0x00, 0x31, 0xE3, 0xFF, 0xDF, 0xFE,
    0xFC, 0xF7, 0xC7, 0xFE, 0x1F, 0xE0, 0xFF, 0x07, 0xF8, 0x3F, 0xC1, 0xFE, 0x0F, 0xF0, 0x7F, 0x83,
    0xC0, 0x1E, 0x00, 0xF8, 0x03, 0xC0, 0x07, 0x00, 0x00, 0x0F, 0xC0, 0xFF, 0x0F, 0xFC, 0xF9, 0xF7,
    0x87, 0xBC, 0x3D, 0xE1, 0xEF, 0x0F, 0x78, 0x7B, 0xC3, 0xCF, 0xFE, 0x7F, 0xE0, 0xFE, 0x00, 0x00,
    0x01, 0xE0, 0x1E, 0x01, 0xE0, 0x1E, 0x00, 0x00, 0x0F, 0xC0, 0xFF, 0x0F, 0xFC, 0xF9, 0xF7, 0x87,
    0xBC, 0x3D, 0xE1, 0xEF, 0x0F, 0x78, 0x7B, 0xC3, 0xCF, 0xFE, 0x7F, 0xE0, 0xFE, 0x00, 0x00, 0x0F,
    0x00, 0xFC, 0x07, 0xF0, 0x73, 0xC0, 0x00, 0x0F, 0xC0, 0xFF, 0x0F, 0xFC, 0xF9, 0xF7, 0x87, 0xBC,
    0x3D, 0xE1, 0xEF, 0x0F, 0x78, 0x7B, 0xC3, 0xCF, 0xFE, 0x7F, 0xE0, 0xFE, 0x00, 0x00, 0x08, 0x61,
    0xFF, 0x0F, 0xF8, 0xE7, 0x80, 0x00, 0x0F, 0xC0, 0xFF, 0x0F, 0xFC, 0xF9, 0xF7, 0x87, 0xBC, 0x3D,
    0xE1, 0xEF, 0x0F, 0x78, 0x7B, 0xC3, 0xCF, 0xFE, 0x7F, 0xE0, 0xFE, 0x00, 0x00, 0x00, 0x01, 0xCE,
    0x0E, 0x70, 0x73, 0x80, 0x00, 0x0F, 0xC0, 0xFF, 0x0F, 0xFC, 0xF9, 0xF7, 0x87, 0xBC, 0x3D, 0xE1,
    0xEF, 0x0F, 0x78, 0x7B, 0xC3, 0xCF, 0xFE, 0x7F, 0xE0, 0xFE, 0x00, 0x00, 0x07, 0x00, 0x38, 0x01,
    0xC0, 0x0E, 0x07, 0xFF, 0x3F, 0xF9, 0xFF, 0xC0, 0x00, 0x07, 0x00, 0x38, 0x01, 0xC0, 0x04, 0x00,
    0x00, 0x00, 0xFF, 0x0F, 0xF8, 0xFF, 0xCF, 0x9F, 0x79, 0xFB, 0xCF, 0xDE, 0xFE, 0xFE, 0xF7, 0xF7,
    0xBF, 0x3C, 0xFF, 0xE7, 0xFE, 0x3F, 0xE0, 0x80, 0x00, 0x1E, 0x00, 0x78, 0x01, 0xE0, 0x07, 0x00,
    0x00, 0x38, 0x3B, 0xC3, 0xDE, 0x1E, 0xF0, 0xF7, 0x87, 0xBC, 0x3D, 0xE1, 0xEF, 0x0F, 0x78, 0x7B,
    0xE3, 0xCF, 0xFE, 0x7F, 0xF1, 0xFB, 0x80, 0x00, 0x01, 0xE0, 0x1F, 0x01, 0xE0, 0x0E, 0x00, 0x00,
    0x38, 0x3B, 0xC3, 0xDE, 0x1E, 0xF0, 0xF7, 0x87, 0xBC, 0x3D, 0xE1, 0xEF, 0x0F, 0x78, 0x7B, 0xE3,
    0xCF, 0xFE, 0x7F, 0xF1, 0xFB, 0x80, 0x00, 0x0F, 0x00, 0x7C, 0x07, 0xF0, 0x71, 0xC0, 0x00, 0x38,
    0x3B, 0xC3, 0xDE, 0x1E, 0xF0, 0xF7, 0x87, 0xBC, 0x3D, 0xE1, 0xEF, 0x0F, 0x78, 0x7B, 0xE3, 0xCF,
    0xFE, 0x7F, 0xF1, 0xFB, 0x80, 0x00, 0x00, 0x01, 0xEF, 0x0F, 0x78, 0x31, 0x80, 0x00, 0x38, 0x3B,
    0xC3, 0xDE, 0x1E, 0xF0, 0xF7, 0x87, 0xBC, 0x3D, 0xE1, 0xEF, 0x0F, 0x78, 0x7B, 0xE3, 0xCF, 0xFE,
    0x7F, 0xF1, 0xFB, 0x80, 0x00, 0x01, 0xE0, 0x0F, 0x80, 0x38, 0x01, 0xC0, 0x00, 0x03, 0xC1, 0xEF,
    0x07, 0x9E, 0x1E, 0x78, 0xF1, 0xE3, 0xC3, 0xCE, 0x0F, 0x78, 0x1D, 0xE0, 0x7F, 0x01, 0xFC, 0x03,
    0xF0, 0x0F, 0x80, 0x1E, 0x00, 0xF0, 0x03, 0xC0, 0x7F, 0x01, 0xF8, 0x07, 0xC0, 0x1C, 0x00, 0x70,
    0x07, 0x80, 0x3C, 0x01, 0xE0, 0x0F, 0x00, 0x79, 0xE3, 0xFF, 0x9F, 0xFE, 0xF8, 0xF7, 0xC7, 0xBC,
    0x1F, 0xE0, 0xFF, 0x07, 0xFC, 0x7F, 0xE3, 0xDF, 0xFE, 0xFF, 0xE7, 0xBE, 0x3C, 0x01, 0xE0, 0x0F,
    0x00, 0x78, 0x03, 0xC0, 0x0E, 0x00, 0x00, 0x00, 0xF7, 0x83, 0xDE, 0x06, 0x30, 0x00, 0x03, 0xC1,
    0xEF, 0x07, 0x9E, 0x1E, 0x78, 0xF1, 0xE3, 0xC3, 0xCE, 0x0F, 0x78, 0x1D, 0xE0, 0x7F, 0x01, 0xFC,
    0x03, 0xF0, 0x0F, 0x80, 0x1E, 0x00, 0xF0, 0x03, 0xC0, 0x7F, 0x01, 0xF8, 0x07, 0xC0, 0x1C, 0x00,
    0x00, 0x00, 0x0F, 0xF0, 0x0F, 0xF0, 0x00, 0x00, 0x03, 0xC0, 0x07, 0xE0, 0x07, 0xE0, 0x0F, 0xE0,
    0x0F, 0xF0, 0x0F, 0xF0, 0x1E, 0x70, 0x1E, 0x78, 0x1E, 0x78, 0x3C, 0x38, 0x3F, 0xFC, 0x3F, 0xFC,
    0x7F, 0xFE, 0x78, 0x1E, 0x78, 0x1E, 0xF8, 0x1F, 0xF0, 0x0F, 0x00, 0x00, 0xFF, 0x07, 0xF8, 0x00,
    0x00, 0xFC, 0x1F, 0xF0, 0xFF, 0xC2, 0x1E, 0x00, 0xF0, 0x7F, 0x8F, 0xFC, 0xFF, 0xE7, 0x8F, 0x3C,
    0x79, 0xFF, 0xCF, 0xFE, 0x3F, 0x70, 0x00, 0x00, 0x0C, 0x38, 0x0F, 0xF8, 0x0F, 0xF0, 0x07, 0xE0,
    0x00, 0x00, 0x03, 0xC0, 0x07, 0xE0, 0x07, 0xE0, 0x0F, 0xE0, 0x0F, 0xF0, 0x0F, 0xF0, 0x1E, 0x70,
    0x1E, 0x78, 0x1E, 0x78, 0x3C, 0x38, 0x3F, 0xFC, 0x3F, 0xFC, 0x7F, 0xFE, 0x78, 0x1E, 0x78, 0x1E,
    0xF8, 0x1F, 0xF0, 0x0F, 0x18, 0x70, 0xFF, 0x07, 0xF8, 0x1F, 0x80, 0x00, 0x07, 0xE0, 0xFF, 0x87,
    0xFE, 0x10, 0xF0, 0x07, 0x83, 0xFC, 0x7F, 0xE7, 0xFF, 0x3C, 0x79, 0xE3, 0xCF, 0xFE, 0x7F, 0xF1,
    0xFB, 0x80, 0x00, 0x03, 0xC0, 0x07, 0xE0, 0x07, 0xE0, 0x0F, 0xE0, 0x0F, 0xF0, 0x0F, 0xF0, 0x1E,
    0x70, 0x1E, 0x78, 0x1E, 0x78, 0x3C, 0x38, 0x3F, 0xFC, 0x3F, 0xFC, 0x7F, 0xFE, 0x78, 0x1E, 0x78,
    0x1E, 0xF8, 0x1F, 0xF0, 0x0F, 0x00, 0x0E, 0x00, 0x1C, 0x00, 0x1C, 0x00, 0x1F, 0x00, 0x1F, 0x00,
    0x06, 0x0F, 0xC1, 0xFF, 0x0F, 0xFC, 0x21, 0xE0, 0x0F, 0x07, 0xF8, 0xFF, 0xCF, 0xFE, 0x78, 0xF3,
    0xC7, 0x9F, 0xFC, 0xFF, 0xE3, 0xF7, 0x00, 0x38, 0x03, 0x80, 0x18, 0x00, 0xF8, 0x07, 0xC0, 0x08,
    0x00, 0xF0, 0x0F, 0x80, 0xF0, 0x07, 0x00, 0x00, 0x01, 0xF0, 0x7F, 0xE7, 0xFF, 0x7F, 0xF3, 0xE0,
    0x1E, 0x01, 0xE0, 0x0F, 0x00, 0x78, 0x03, 0xC0, 0x1E, 0x00, 0xF8, 0x03, 0xC0, 0x1F, 0x04, 0x7F,
    0xF3, 0xFF, 0x87, 0xF8, 0x00, 0x00, 0x03, 0xC0, 0xF8, 0x1E, 0x07, 0x00, 0x00, 0x1F, 0x0F, 0xF3,
    0xFE, 0xF8, 0x9E, 0x03, 0xC0, 0x78, 0x0F, 0x01, 0xE0, 0x3E, 0x13, 0xFE, 0x7F, 0xC7, 0xF8, 0x00,
    0x00, 0x03, 0x80, 0x3E, 0x03, 0xF8, 0x38, 0xE0, 0x00, 0x01, 0xF0, 0x7F, 0xE7, 0xFF, 0x7F, 0xF3,
    0xE0, 0x1E, 0x01, 0xE0, 0x0F, 0x00, 0x78, 0x03, 0xC0, 0x1E, 0x00, 0xF8, 0x03, 0xC0, 0x1F, 0x04,
    0x7F, 0xF3, 0xFF, 0x87, 0xF8, 0x00, 0x00, 0x0F, 0x03, 0xE0, 0xFE, 0x3C, 0xE0, 0x00, 0x1F, 0x0F,
    0xF3, 0xFE, 0xF8, 0x9E, 0x03, 0xC0, 0x78, 0x0F, 0x01, 0xE0, 0x3E, 0x13, 0xFE, 0x7F, 0xC7, 0xF8,
    0x00, 0x00, 0x01, 0x00, 0x1C, 0x01, 0xF0, 0x07, 0x00, 0x00, 0x01, 0xF0, 0x7F, 0xE7, 0xFF, 0x7F,
    0xF3, 0xE0, 0x1E, 0x01, 0xE0, 0x0F, 0x00, 0x78, 0x03, 0xC0, 0x1E, 0x00, 0xF8, 0x03, 0xC0, 0x1F,
    0x04, 0x7F, 0xF3, 0xFF, 0x87, 0xF8, 0x00, 0x00, 0x06, 0x01, 0xE0, 0x3C, 0x07, 0x00, 0x00, 0x1F,
    0x0F, 0xF3, 0xFE, 0xF8, 0x9E, 0x03, 0xC0, 0x78, 0x0F, 0x01, 0xE0, 0x3E, 0x13, 0xFE, 0x7F, 0xC7,
    0xF8, 0x00, 0x00, 0x1C, 0x38, 0xF7, 0x83, 0xF8, 0x0F, 0x80, 0x00, 0x01, 0xF0, 0x7F, 0xE7, 0xFF,
    0x7F, 0xF3, 0xE0, 0x1E, 0x01, 0xE0, 0x0F, 0x00, 0x78, 0x03, 0xC0, 0x1E, 0x00, 0xF8, 0x03, 0xC0,
    0x1F, 0x04, 0x7F, 0xF3, 0xFF, 0x87, 0xF8, 0x00, 0x00, 0x70, 0xEF, 0x38, 0xFE, 0x0F, 0xC0, 0x00,
    0x1F, 0x0F, 0xF3, 0xFE, 0xF8, 0x9E, 0x03, 0xC0, 0x78, 0x0F, 0x01, 0xE0, 0x3E, 0x13, 0xFE, 0x7F,
    0xC7, 0xF8, 0x00, 0x00, 0x1C, 0x30, 0x3D, 0xE0, 0x3F, 0x80, 0x3E, 0x00, 0x00, 0x0F, 0xE0, 0x1F,
    0xF8, 0x3F, 0xF8, 0x7F, 0xF8, 0xF0, 0xF9, 0xE0, 0xF3, 0xC1, 0xF7, 0x81, 0xEF, 0x03, 0xDE, 0x07,
    0xBC, 0x1F, 0x78, 0x3C, 0xF0, 0x79, 0xE3, 0xF3, 0xFF, 0xC7, 0xFF, 0x0F, 0xF8, 0x00, 0x00, 0xF3,
    0x80, 0x7B, 0xC0, 0x3D, 0xC0, 0x1E, 0xE0, 0x0F, 0x40, 0xF7, 0x81, 0xFF, 0xC0, 0xFF, 0xE0, 0xF9,
    0xF0, 0x78, 0x78, 0x3C, 0x3C, 0x1E, 0x1E, 0x0F, 0x0F, 0x07, 0x87, 0x83, 0xC3, 0xC1, 0xFF, 0xE0,
    0x7F, 0xF0, 0x1F, 0xB8, 0x00, 0x00, 0x00, 0x3F, 0x80, 0x3F, 0xF0, 0x3F, 0xF8, 0x3F, 0xFC, 0x3C,
    0x3E, 0x3C, 0x1E, 0x3C, 0x1F, 0xFF, 0x8F, 0xFF, 0x8F, 0xFF, 0x8F, 0x7F, 0x1F, 0x3C, 0x1E, 0x3C,
    0x1E, 0x3C, 0x7E, 0x3F, 0xFC, 0x3F, 0xF8, 0x3F, 0xE0, 0x00, 0xF0, 0x03, 0xC0, 0x7F, 0xC1, 0xFF,
    0x07, 0xFC, 0x03, 0xC3, 0xEF, 0x1F, 0xFC, 0x7F, 0xF3, 0xE3, 0xCF, 0x0F, 0x3C, 0x3C, 0xF0, 0xF3,
    0xC3, 0xCF, 0x8F, 0x3F, 0xFC, 0x7F, 0xF0, 0xF9, 0xC0, 0x00, 0x00, 0x00, 0x1F, 0xE7, 0xF8, 0x00,
    0xFF, 0xBF, 0xFF, 0xFF, 0xFE, 0xF0, 0x3C, 0x0F, 0x03, 0xFE, 0xFF, 0xBF, 0xEF, 0x03, 0xC0, 0xF0,
    0x3C, 0x0F, 0xFF, 0xFF, 0xFF, 0xC0, 0x00, 0x03, 0xFC, 0x3F, 0xC0, 0x00, 0x1F, 0x83, 0xFC, 0x7F,
    0xEF, 0x8E, 0xF0, 0xFF, 0xFF, 0xFF, 0xFF, 0xFF, 0xF0, 0x0F, 0x00, 0x7F, 0xE7, 0xFE, 0x1F, 0xE0,
    0x00, 0x61, 0xDF, 0xE7, 0xF8, 0xFC, 0x00, 0x3F, 0xEF, 0xFF, 0xFF, 0xFF, 0xBC, 0x0F, 0x03, 0xC0,
    0xFF, 0xBF, 0xEF, 0xFB, 0xC0, 0xF0, 0x3C, 0x0F, 0x03, 0xFF, 0xFF, 0xFF, 0xF0, 0x30, 0xE3, 0xFC,
    0x3F, 0xC1, 0xF8, 0x00, 0x01, 0xF8, 0x3F, 0xC7, 0xFE, 0xF8, 0xEF, 0x0F, 0xFF, 0xFF, 0xFF, 0xFF,
    0xFF, 0x00, 0xF0, 0x07, 0xFE, 0x7F, 0xE1, 0xFE, 0x00, 0x00, 0x0C, 0x07, 0x81, 0xE0, 0x78, 0x00,
    0x3F, 0xEF, 0xFF, 0xFF, 0xFF, 0xBC, 0x0F, 0x03, 0xC0, 0xFF, 0xBF, 0xEF, 0xFB, 0xC0, 0xF0, 0x3C,
    0x0F, 0x03, 0xFF, 0xFF, 0xFF, 0xF0, 0x06, 0x00, 0xF0, 0x0F, 0x00, 0xF0, 0x00, 0x01, 0xF8, 0x3F,
    0xC7, 0xFE, 0xF8, 0xEF, 0x0F, 0xFF, 0xFF, 0xFF, 0xFF, 0xFF, 0x00, 0xF0, 0x07, 0xFE, 0x7F, 0xE1,
    0xFE, 0x00, 0x00, 0xFF, 0xBF, 0xFF, 0xFF, 0xFE, 0xF0, 0x3C, 0x0F, 0x03, 0xFE, 0xFF, 0xBF, 0xEF,
    0x03, 0xC0, 0xF0, 0x3C, 0x0F, 0xFF, 0xFF, 0xFF, 0xC0, 0xE0, 0x70, 0x1C, 0x07, 0xC1, 0xF0, 0x18,
    0x1F, 0x83, 0xFC, 0x7F, 0xEF, 0x8E, 0xF0, 0xFF, 0xFF, 0xFF, 0xFF, 0xFF, 0xF0, 0x0F, 0x00, 0x7F,
    0xE7, 0xFE, 0x1F, 0xE0, 0x1C, 0x03, 0x80, 0x38, 0x03, 0xE0, 0x3E, 0x00, 0xC0, 0xE1, 0xDC, 0xE3,
    0xF8, 0xFC, 0x00, 0x3F, 0xEF, 0xFF, 0xFF, 0xFF, 0xBC, 0x0F, 0x03, 0xC0, 0xFF, 0xBF, 0xEF, 0xFB,
    0xC0, 0xF0, 0x3C, 0x0F, 0x03, 0xFF, 0xFF, 0xFF, 0xF0, 0x70, 0xE3, 0x9E, 0x1F, 0xC1, 0xF8, 0x00,
    0x01, 0xF8, 0x3F, 0xC7, 0xFE, 0xF8, 0xEF, 0x0F, 0xFF, 0xFF, 0xFF, 0xFF, 0xFF, 0x00, 0xF0, 0x07,
    0xFE, 0x7F, 0xE1, 0xFE, 0x00, 0x00, 0x03, 0xC0, 0x1F, 0x80, 0xFF, 0x03, 0x9E, 0x00, 0x00, 0x0F,
    0xC0, 0xFF, 0xCF, 0xFF, 0x3F, 0xF9, 0xF0, 0x07, 0x80, 0x3E, 0x00, 0xF0, 0x03, 0xC7, 0xFF, 0x1F,
    0xFC, 0x7F, 0xF8, 0x3D, 0xE0, 0xF7, 0xC3, 0xCF, 0xFF, 0x3F, 0xFC, 0x3F, 0xF0, 0x00, 0x00, 0x0F,
    0x01, 0xF8, 0x3F, 0xC7, 0x9E, 0x00, 0x01, 0xE7, 0x7F, 0xF7, 0xFF, 0xF9, 0xFF, 0x0F, 0xF0, 0xFF,
    0x0F, 0xF0, 0xFF, 0x0F, 0xF0, 0xF7, 0xFF, 0x7F, 0xF3, 0xFF, 0x00, 0xF0, 0x0F, 0x7B, 0xF7, 0xFE,
    0x7F, 0xC1, 0xF0, 0x0C, 0x18, 0x3F, 0xE0, 0xFF, 0x01, 0xF8, 0x00, 0x00, 0x0F, 0xC0, 0xFF, 0xCF,
    0xFF, 0x3F, 0xF9, 0xF0, 0x07, 0x80, 0x3E, 0x00, 0xF0, 0x03, 0xC7, 0xFF, 0x1F, 0xFC, 0x7F, 0xF8,
    0x3D, 0xE0, 0xF7, 0xC3, 0xCF, 0xFF, 0x3F, 0xFC, 0x3F, 0xF0, 0x00, 0x00, 0x30, 0x63, 0xFE, 0x3F,
    0xC1, 0xF8, 0x00, 0x01, 0xE7, 0x7F, 0xF7, 0xFF, 0xF9, 0xFF, 0x0F, 0xF0, 0xFF, 0x0F, 0xF0, 0xFF,
    0x0F, 0xF0, 0xF7, 0xFF, 0x7F, 0xF3, 0xFF, 0x00, 0xF0, 0x0F, 0x7B, 0xF7, 0xFE, 0x7F, 0xC1, 0xF0,
    0x01, 0x80, 0x0F, 0x00, 0x3C, 0x00, 0x70, 0x00, 0x00, 0x0F, 0xC0, 0xFF, 0xCF, 0xFF, 0x3F, 0xF9,
    0xF0, 0x07, 0x80, 0x3E, 0x00, 0xF0, 0x03, 0xC7, 0xFF, 0x1F, 0xFC, 0x7F, 0xF8, 0x3D, 0xE0, 0xF7,
    0xC3, 0xCF, 0xFF, 0x3F, 0xFC, 0x3F, 0xF0, 0x00, 0x00, 0x06, 0x00, 0xF0, 0x0F, 0x00, 0xF0, 0x00,
    0x01, 0xE7, 0x7F, 0xF7, 0xFF, 0xF9, 0xFF, 0x0F, 0xF0, 0xFF, 0x0F, 0xF0, 0xFF, 0x0F, 0xF0, 0xF7,
    0xFF, 0x7F, 0xF3, 0xFF, 0x00, 0xF0, 0x0F, 0x7B, 0xF7, 0xFE, 0x7F, 0xC1, 0xF0, 0x03, 0xF0, 0x3F,
    0xF3, 0xFF, 0xCF, 0xFE, 0x7C, 0x01, 0xE0, 0x0F, 0x80, 0x3C, 0x00, 0xF1, 0xFF, 0xC7, 0xFF, 0x1F,
    0xFE, 0x0F, 0x78, 0x3D, 0xF0, 0xF3, 0xFF, 0xCF, 0xFF, 0x0F, 0xFC, 0x00, 0x00, 0x1C, 0x00, 0xF0,
    0x03, 0x80, 0x0E, 0x00, 0x00, 0x00, 0x03, 0x00, 0x70, 0x07, 0x00, 0xF0, 0x00, 0x01, 0xE7, 0x7F,
    0xF7, 0xFF, 0xF9, 0xFF, 0x0F, 0xF0, 0xFF, 0x0F, 0xF0, 0xFF, 0x0F, 0xF0, 0xF7, 0xFF, 0x7F, 0xF3,
    0xFF, 0x00, 0xF0, 0x0F, 0x7B, 0xF7, 0xFE, 0x7F, 0xC1, 0xF0, 0x07, 0x80, 0x3E, 0x01, 0xFC, 0x0F,
    0x38, 0x00, 0x03, 0x80, 0xEF, 0x03, 0xFC, 0x0F, 0xF0, 0x3F, 0xC0, 0xFF, 0x03, 0xFC, 0x0F, 0xFF,
    0xFF, 0xFF, 0xFF, 0xFF, 0xFC, 0x0F, 0xF0, 0x3F, 0xC0, 0xFF, 0x03, 0xFC, 0x0F, 0xF0, 0x3F, 0xC0,
    0xF0, 0x1E, 0x00, 0x1F, 0x00, 0x3F, 0x80, 0x71, 0xC0, 0x00, 0x00, 0x0E, 0x00, 0x1E, 0x00, 0x1E,
    0x00, 0x1E, 0x00, 0x1E, 0x00, 0x1E, 0x78, 0x1F, 0xFC, 0x1F, 0xFE, 0x1F, 0x9E, 0x1F, 0x1F, 0x1F,
    0x0F, 0x1E, 0x0F, 0x1E, 0x0F, 0x1E, 0x0F, 0x1E, 0x0F, 0x1E, 0x0F, 0x1E, 0x0F, 0x1E, 0x0F, 0x38,
    0x0E, 0x0F, 0x03, 0xC3, 0xC0, 0xF3, 0xFF, 0xFF, 0xFF, 0xFF, 0xCF, 0x03, 0xC3, 0xC0, 0xF0, 0xFF,
    0xFC, 0x3F, 0xFF, 0x0F, 0xFF, 0xC3, 0xC0, 0xF0, 0xF0, 0x3C, 0x3C, 0x0F, 0x0F, 0x03, 0xC3, 0xC0,
    0xF0, 0xF0, 0x3C, 0x3C, 0x0F, 0x00, 0x38, 0x00, 0xE0, 0x0F, 0xF8, 0x3F, 0xE0, 0xFF, 0x80, 0xE0,
    0x03, 0xBF, 0x0F, 0xFE, 0x3F, 0xF8, 0xF1, 0xF3, 0xC3, 0xCF, 0x0F, 0x38, 0x3C, 0xE0, 0xF3, 0x83,
    0xCE, 0x0F, 0x38, 0x3C, 0xE0, 0xF0, 0x10, 0x9F, 0x7F, 0xFB, 0x3E, 0x00, 0x0F, 0xE7, 0xF8, 0xFE,
    0x1F, 0x07, 0x81, 0xE0, 0x78, 0x1E, 0x07, 0x81, 0xE0, 0x78, 0x1E, 0x07, 0x81, 0xE0, 0xFE, 0x7F,
    0x9F, 0xE0, 0x10, 0x47, 0xD9, 0xFF, 0x33, 0xC0, 0x00, 0x1C, 0x07, 0x80, 0xF0, 0x1E, 0x03, 0xC0,
    0x78, 0x0F, 0x01, 0xE0, 0x3C, 0x07, 0x80, 0xF0, 0x1E, 0x03, 0xC0, 0x00, 0x7F, 0xFF, 0xE0, 0x07,
    0xF7, 0xF9, 0xFC, 0x7C, 0x3C, 0x1E, 0x0F, 0x07, 0x83, 0xC1, 0xE0, 0xF0, 0x78, 0x3C, 0x1E, 0x1F,
    0xDF, 0xEF, 0xF0, 0x00, 0x7F, 0xFF, 0xE0, 0x01, 0xC1, 0xE0, 0xF0, 0x78, 0x3C, 0x1E, 0x0F, 0x07,
    0x83, 0xC1, 0xE0, 0xF0, 0x78, 0x3C, 0x00, 0xC1, 0xBF, 0xE7, 0xF0, 0xF8, 0x00, 0x1F, 0xCF, 0xF1,
    0xFC, 0x3E, 0x0F, 0x03, 0xC0, 0xF0, 0x3C, 0x0F, 0x03, 0xC0, 0xF0, 0x3C, 0x0F, 0x03, 0xC1, 0xFC,
    0xFF, 0x3F, 0xC0, 0xC1, 0xBF, 0xE7, 0xF0, 0xF8, 0x00, 0x07, 0x03, 0xC0, 0xF0, 0x3C, 0x0F, 0x03,
    0xC0, 0xF0, 0x3C, 0x0F, 0x03, 0xC0, 0xF0, 0x3C, 0x0F, 0x00, 0x7F, 0x7F, 0x9F, 0xC7, 0xC3, 0xC1,
    0xE0, 0xF0, 0x78, 0x3C, 0x1E, 0x0F, 0x07, 0x83, 0xC1, 0xE1, 0xFD, 0xFE, 0xFF, 0x07, 0x03, 0x03,
    0x81, 0xF0, 0x78, 0x08, 0x11, 0xE7, 0xCE, 0x00, 0xE7, 0x9E, 0x79, 0xE7, 0x9E, 0x79, 0xE7, 0x9E,
    0x79, 0xE3, 0x9C, 0x71, 0xF7, 0xC6, 0x08, 0x0E, 0x0F, 0x83, 0x80, 0x03, 0xFB, 0xFC, 0xFE, 0x3E,
    0x1E, 0x0F, 0x07, 0x83, 0xC1, 0xE0, 0xF0, 0x78, 0x3C, 0x1E, 0x0F, 0x0F, 0xEF, 0xF7, 0xF8, 0x77,
    0xBD, 0xEF, 0x7B, 0xDE, 0xF7, 0xBD, 0xEF, 0x00, 0x7F, 0x1F, 0xFE, 0x3D, 0xFC, 0x79, 0xF0, 0xF3,
    0xC1, 0xE7, 0x83, 0xCF, 0x07, 0x9E, 0x0F, 0x3C, 0x1E, 0x78, 0x3C, 0xF0, 0x79, 0xE0, 0xF3, 0xC1,
    0xE7, 0x83, 0xDF, 0xC7, 0xFF, 0x8F, 0xFF, 0x1E, 0x00, 0x3C, 0x00, 0xF8, 0x0F, 0xE0, 0x1F, 0xC0,
    0x3E, 0x00, 0x20, 0xCF, 0x1E, 0xF9, 0xF7, 0x0E, 0x00, 0x07, 0x0E, 0xF1, 0xEF, 0x1E, 0xF1, 0xEF,
    0x1E, 0xF1, 0xEF, 0x1E, 0xF1, 0xEF, 0x1E, 0xF1, 0xEF, 0x1E, 0xF1, 0xEF, 0x1E, 0x01, 0xE0, 0x1E,
    0x07, 0xE0, 0x7E, 0x07, 0xC0, 0x78, 0x0F, 0x03, 0xE0, 0xFE, 0x3C, 0xE0, 0x00, 0x1C, 0x03, 0xC0,
    0x78, 0x0F, 0x01, 0xE0, 0x3C, 0x07, 0x80, 0xF0, 0x1E, 0x03, 0xC0, 0x78, 0x0F, 0x01, 0xE0, 0x3C,
    0x07, 0x80, 0xF0, 0x1E, 0x03, 0xC0, 0xF0, 0xFE, 0x1F, 0x83, 0xE0, 0x00, 0x1E, 0x03, 0xE0, 0xFE,
    0x39, 0xE0, 0x00, 0x1C, 0x07, 0x80, 0xF0, 0x1E, 0x03, 0xC0, 0x78, 0x0F, 0x01, 0xE0, 0x3C, 0x07,
    0x80, 0xF0, 0x1E, 0x03, 0xC0, 0x78, 0x0F, 0x07, 0xE0, 0xFC, 0x1F, 0x03, 0xC0, 0xE0, 0x7B, 0xC3,
    0xEF, 0x0F, 0x3C, 0x78, 0xF3, 0xC3, 0xDF, 0x0F, 0xF8, 0x3F, 0xC0, 0xFF, 0x03, 0xFE, 0x0F, 0xF8,
    0x3C, 0xF0, 0xF3, 0xE3, 0xC7, 0x8F, 0x1F, 0x3C, 0x3E, 0xF0, 0x78, 0x00, 0x00, 0x70, 0x03, 0xC0,
    0x0E, 0x00, 0x38, 0x00, 0x00, 0x00, 0x70, 0x01, 0xC0, 0x07, 0x00, 0x1C, 0x00, 0x70, 0x01, 0xC1,
    0xE7, 0x0F, 0x1C, 0x78, 0x73, 0xC1, 0xDF, 0x07, 0xF8, 0x1F, 0xE0, 0x7F, 0x81, 0xEF, 0x07, 0x1E,
    0x1C, 0x7C, 0x70, 0xF1, 0xC1, 0xE0, 0x00, 0x01, 0xC0, 0x07, 0x00, 0x3C, 0x00, 0xE0, 0x00, 0x00,
    0x70, 0x79, 0xC3, 0xC7, 0x1E, 0x1C, 0xF8, 0x73, 0xC1, 0xFE, 0x07, 0xF0, 0x1F, 0xE0, 0x7F, 0xC1,
    0xEF, 0x87, 0x1F, 0x1C, 0x3C, 0x70, 0x78, 0x1E, 0x03, 0xE0, 0x3C, 0x07, 0x00, 0x00, 0x07, 0x00,
    0x78, 0x07, 0x80, 0x78, 0x07, 0x80, 0x78, 0x07, 0x80, 0x78, 0x07, 0x80, 0x78, 0x07, 0x80, 0x78,
    0x07, 0x80, 0x78, 0x07, 0xFE, 0x7F, 0xE7, 0xFE, 0x1E, 0x3C, 0x78, 0x70, 0x00, 0x70, 0xF0, 0xF0,
    0xF0, 0xF0, 0xF0, 0xF0, 0xF0, 0xF0, 0xF0, 0xF0, 0xF0, 0xF0, 0xF0, 0xF0, 0xF0, 0xF0, 0xF0, 0x70,
    0x07, 0x80, 0x78, 0x07, 0x80, 0x78, 0x07, 0x80, 0x78, 0x07, 0x80, 0x78, 0x07, 0x80, 0x78, 0x07,
    0x80, 0x78, 0x07, 0x80, 0x7F, 0xE7, 0xFE, 0x7F, 0xE0, 0x00, 0x07, 0x00, 0xF0, 0x0E, 0x00, 0xE0,
    0x00, 0x00, 0x77, 0xBD, 0xEF, 0x7B, 0xDE, 0xF7, 0xBD, 0xEF, 0x7B, 0xDE, 0xF7, 0x80, 0xE7, 0x3B,
    0x80, 0x70, 0x77, 0x8F, 0x78, 0xE7, 0x8E, 0x78, 0xC7, 0x80, 0x78, 0x07, 0x80, 0x78, 0x07, 0x80,
    0x78, 0x07, 0x80, 0x78, 0x07, 0x80, 0x7F, 0xE7, 0xFE, 0x7F, 0xE0, 0x73, 0xBD, 0xEF, 0x73, 0xDC,
    0xF2, 0x3C, 0x0F, 0x03, 0xC0, 0xF0, 0x3C, 0x0F, 0x03, 0xC0, 0xF0, 0x3C, 0x0F, 0x03, 0xC0, 0xF0,
    0x3C, 0x00, 0x70, 0x07, 0x80, 0x78, 0x07, 0x80, 0x78, 0x07, 0x80, 0x78, 0xC7, 0x9E, 0x79, 0xE7,
    0x9C, 0x78, 0x07, 0x80, 0x78, 0x07, 0x80, 0x7F, 0xE7, 0xFE, 0x7F, 0xE0, 0x70, 0x78, 0x3C, 0x1E,
    0x0F, 0x07, 0x83, 0xC1, 0xE6, 0xF7, 0xFF, 0xFD, 0xDE, 0x0F, 0x07, 0x83, 0xC1, 0xE0, 0xF0, 0x78,
    0x00, 0x38, 0x01, 0xE0, 0x0F, 0x00, 0x78, 0x03, 0xC0, 0x1E, 0x00, 0xFC, 0x07, 0xE0, 0x3E, 0x07,
    0xE0, 0x3F, 0x00, 0xF8, 0x03, 0xC0, 0x1E, 0x00, 0xFF, 0xC7, 0xFE, 0x3F, 0xF0, 0x1C, 0x0E, 0x07,
    0x03, 0x81, 0xC0, 0xE0, 0x70, 0x3C, 0x1F, 0x1F, 0x9F, 0x8F, 0x87, 0xC0, 0xE0, 0x70, 0x38, 0x1C,
    0x0E, 0x00, 0x00, 0xF0, 0x03, 0xC0, 0x0F, 0x00, 0x3C, 0x00, 0x00, 0x1E, 0x01, 0xBE, 0x07, 0xFE,
    0x0F, 0xFC, 0x1F, 0xFC, 0x3F, 0xFC, 0x7F, 0x78, 0xFE, 0xF9, 0xFC, 0xF3, 0xF8, 0xF7, 0xF1, 0xEF,
    0xE1, 0xFF, 0xC3, 0xFF, 0x83, 0xFF, 0x07, 0xFE, 0x07, 0xFC, 0x07, 0xC0, 0x01, 0xE0, 0x1F, 0x01,
    0xE0, 0x0E, 0x00, 0x00, 0x31, 0xE3, 0xFF, 0xDF, 0xFE, 0xFC, 0xF7, 0xC7, 0xFE, 0x1F, 0xE0, 0xFF,
    0x07, 0xF8, 0x3F, 0xC1, 0xFE, 0x0F, 0xF0, 0x7F, 0x83, 0xC0, 0xF0, 0x0D, 0xF0, 0x3F, 0xF0, 0x7F,
    0xE0, 0xFF, 0xE1, 0xFF, 0xE3, 0xFB, 0xC7, 0xF7, 0xCF, 0xE7, 0x9F, 0xC7, 0xBF, 0x8F, 0x7F, 0x0F,
    0xFE, 0x1F, 0xFC, 0x1F, 0xF8, 0x3F, 0xF0, 0x3F, 0xE0, 0x3E, 0x00, 0x00, 0x0E, 0x00, 0x1C, 0x00,
    0x78, 0x00, 0xE0, 0x00, 0x00, 0x00, 0x63, 0xC7, 0xFF, 0xBF, 0xFD, 0xF9, 0xEF, 0x8F, 0xFC, 0x3F,
    0xC1, 0xFE, 0x0F, 0xF0, 0x7F, 0x83, 0xFC, 0x1F, 0xE0, 0xFF, 0x07, 0x80, 0x00, 0x1C, 0x00, 0xE0,
    0x07, 0x00, 0x70, 0x00, 0x00, 0x18, 0x30, 0x3D, 0xE0, 0x3F, 0x80, 0x3E, 0x00, 0x00, 0x1E, 0x01,
    0xBE, 0x07, 0xFE, 0x0F, 0xFC, 0x1F, 0xFC, 0x3F, 0xFC, 0x7F, 0x78, 0xFE, 0xF9, 0xFC, 0xF3, 0xF8,
    0xF7, 0xF1, 0xEF, 0xE1, 0xFF, 0xC3, 0xFF, 0x83, 0xFF, 0x07, 0xFE, 0x07, 0xFC, 0x07, 0xC0, 0x38,
    0x71, 0xEF, 0x07, 0xF0, 0x1F, 0x00, 0x00, 0x31, 0xE3, 0xFF, 0xDF, 0xFE, 0xFC, 0xF7, 0xC7, 0xFE,
    0x1F, 0xE0, 0xFF, 0x07, 0xF8, 0x3F, 0xC1, 0xFE, 0x0F, 0xF0, 0x7F, 0x83, 0xC0, 0x38, 0x00, 0x0E,
    0x00, 0x07, 0x80, 0x01, 0xE0, 0x00, 0x73, 0x3E, 0x1D, 0xFF, 0xC6, 0x7F, 0xF8, 0x1F, 0x1E, 0x07,
    0xC7, 0x81, 0xE1, 0xE0, 0x78, 0x78, 0x1E, 0x1E, 0x07, 0x87, 0x81, 0xE1, 0xE0, 0x78, 0x78, 0x1E,
    0x1E, 0x07, 0x87, 0x80, 0xF0, 0x0D, 0xF0, 0x3F, 0xF0, 0x7F, 0xF0, 0xFF, 0xE1, 0xFF, 0xE3, 0xFB,
    0xE7, 0xF3, 0xEF, 0xE7, 0xDF, 0xC7, 0xFF, 0x87, 0xFF, 0x07, 0xFE, 0x0F, 0xFC, 0x0F, 0xF8, 0x0F,
    0xF0, 0x1F, 0xE0, 0x1E, 0x00, 0x3C, 0x00, 0x78, 0x0F, 0xE0, 0x1F, 0xC0, 0x3E, 0x00, 0x63, 0xC7,
    0xFF, 0x3F, 0xFD, 0xF9, 0xEF, 0x8F, 0xFC, 0x3F, 0xC1, 0xFE, 0x0F, 0xF0, 0x7F, 0x83, 0xFC, 0x1F,
    0xE0, 0xFF, 0x07, 0x80, 0x3C, 0x03, 0xE0, 0x7E, 0x03, 0xF0, 0x1F, 0x00, 0xF0, 0x00, 0x00, 0x0F,
    0xF0, 0x0F, 0xF0, 0x00, 0x00, 0x07, 0xE0, 0x1F, 0xF8, 0x3F, 0xFC, 0x7F, 0xFE, 0x78, 0x1E, 0xF8,
    0x1F, 0xF0, 0x0F, 0xF0, 0x0F, 0xF0, 0x0F, 0xF0, 0x0F, 0xF0, 0x0F, 0xF8, 0x0F, 0x78, 0x1F, 0x7C,
    0x3E, 0x3F, 0xFE, 0x3F, 0xFC, 0x0F, 0xF0, 0x00, 0x00, 0x00, 0x01, 0xFE, 0x0F, 0xF0, 0x00, 0x01,
    0xF8, 0x1F, 0xE1, 0xFF, 0x9F, 0x3E, 0xF0, 0xF7, 0x87, 0xBC, 0x3D, 0xE1, 0xEF, 0x0F, 0x78, 0x79,
    0xFF, 0xCF, 0xFC, 0x1F, 0xC0, 0x00, 0x00, 0x0C, 0x18, 0x0F, 0xF8, 0x0F, 0xF0, 0x07, 0xE0, 0x00,
    0x00, 0x07, 0xE0, 0x1F, 0xF8, 0x3F, 0xFC, 0x7F, 0xFE, 0x78, 0x1E, 0xF8, 0x1F, 0xF0, 0x0F, 0xF0,
    0x0F, 0xF0, 0x0F, 0xF0, 0x0F, 0xF0, 0x0F, 0xF8, 0x0F, 0x78, 0x1F, 0x7C, 0x3E, 0x3F, 0xFE, 0x3F,
    0xFC, 0x0F, 0xF0, 0x00, 0x00, 0x30, 0x61, 0xFF, 0x0F, 0xF0, 0x3F, 0x00, 0x00, 0x0F, 0xC0, 0xFF,
    0x0F, 0xFC, 0xF9, 0xF7, 0x87, 0xBC, 0x3D, 0xE1, 0xEF, 0x0F, 0x78, 0x7B, 0xC3, 0xCF, 0xFE, 0x7F,
    0xE0, 0xFE, 0x00, 0x00, 0x07, 0x78, 0x0F, 0x70, 0x0E, 0xE0, 0x1D, 0xC0, 0x00, 0x00, 0x07, 0xE0,
    0x1F, 0xF8, 0x3F, 0xFC, 0x7F, 0xFE, 0x78, 0x1E, 0xF8, 0x1F, 0xF0, 0x0F, 0xF0, 0x0F, 0xF0, 0x0F,
    0xF0, 0x0F, 0xF0, 0x0F, 0xF8, 0x0F, 0x78, 0x1F, 0x7C, 0x3E, 0x3F, 0xFE, 0x3F, 0xFC, 0x0F, 0xF0,
    0x00, 0x00, 0x1F, 0xE1, 0xEF, 0x0E, 0xF0, 0xEE, 0x00, 0x00, 0x0F, 0xC0, 0xFF, 0x0F, 0xFC, 0xF9,
    0xF7, 0x87, 0xBC, 0x3D, 0xE1, 0xEF, 0x0F, 0x78, 0x7B, 0xC3, 0xCF, 0xFE, 0x7F, 0xE0, 0xFE, 0x00,
    0x00, 0x07, 0xFF, 0xF1, 0xFF, 0xFF, 0x3F, 0xFF, 0xF7, 0xFF, 0xFF, 0x78, 0x3C, 0x0F, 0x83, 0xC0,
    0xF0, 0x3C, 0x0F, 0x03, 0xFF, 0xF0, 0x3F, 0xFF, 0x03, 0xFF, 0xF0, 0x3C, 0x0F, 0x03, 0xC0, 0x78,
    0x3C, 0x07, 0xC3, 0xC0, 0x3F, 0xFF, 0xF3, 0xFF, 0xFF, 0x0F, 0xFF, 0xF0, 0x00, 0x00, 0x1F, 0x8F,
    0x81, 0xFF, 0xFF, 0x1F, 0xFF, 0xFD, 0xF3, 0xF1, 0xEF, 0x0F, 0x87, 0xF8, 0x7F, 0xFF, 0xC3, 0xFF,
    0xFE, 0x1F, 0xFF, 0xF0, 0xF0, 0x07, 0x87, 0xC0, 0x1F, 0xFF, 0xFC, 0xFF, 0xFF, 0xE1, 0xFD, 0xFF,
    0x00, 0x00, 0x00, 0x01, 0xE0, 0x07, 0xC0, 0x1E, 0x00, 0x38, 0x00, 0x00, 0x0F, 0xE0, 0x1F, 0xF8,
    0x3F, 0xF8, 0x7F, 0xF0, 0xF1, 0xF1, 0xE1, 0xE3, 0xC7, 0x87, 0x9F, 0x0F, 0xFC, 0x1F, 0xF0, 0x3F,
    0xE0, 0x79, 0xE0, 0xF3, 0xC1, 0xE3, 0xC3, 0xC7, 0xC7, 0x87, 0x8F, 0x07, 0x80, 0x07, 0x83, 0xE0,
    0xF0, 0x70, 0x00, 0x18, 0xEF, 0x7B, 0xFE, 0xFF, 0xBE, 0x0F, 0x83, 0xC0, 0xF0, 0x3C, 0x0F, 0x03,
    0xC0, 0xF0, 0x3C, 0x00, 0x7F, 0x00, 0xFF, 0xC1, 0xFF, 0xC3, 0xFF, 0x87, 0x8F, 0x8F, 0x0F, 0x1E,
    0x3C, 0x3C, 0xF8, 0x7F, 0xE0, 0xFF, 0x81, 0xFF, 0x03, 0xCF, 0x07, 0x9E, 0x0F, 0x1E, 0x1E, 0x3E,
    0x3C, 0x3C, 0x78, 0x3C, 0x00, 0x00, 0x1E, 0x00, 0x3C, 0x00, 0x70, 0x00, 0xE0, 0x00, 0x00, 0x00,
    0x63, 0xFB, 0xFF, 0xFF, 0xFF, 0x87, 0xC3, 0xC1, 0xE0, 0xF0, 0x78, 0x3C, 0x1E, 0x0F, 0x00, 0x01,
    0xC0, 0xE0, 0x70, 0x70, 0x00, 0x00, 0x38, 0x70, 0x7B, 0xC0, 0x7F, 0x00, 0x7C, 0x00, 0x00, 0x0F,
    0xE0, 0x1F, 0xF8, 0x3F, 0xF8, 0x7F, 0xF0, 0xF1, 0xF1, 0xE1, 0xE3, 0xC7, 0x87, 0x9F, 0x0F, 0xFC,
    0x1F, 0xF0, 0x3F, 0xE0, 0x79, 0xE0, 0xF3, 0xC1, 0xE3, 0xC3, 0xC7, 0xC7, 0x87, 0x8F, 0x07, 0x80,
    0xE1, 0xDC, 0xE7, 0xF0, 0xFC, 0x00, 0x18, 0xEF, 0x7B, 0xFE, 0xFF, 0xBE, 0x0F, 0x83, 0xC0, 0xF0,
    0x3C, 0x0F, 0x03, 0xC0, 0xF0, 0x3C, 0x00, 0x07, 0xC0, 0xF0, 0x3C, 0x0F, 0x00, 0x00, 0x3E, 0x0F,
    0xFB, 0xFE, 0xFF, 0xDE, 0x03, 0xC0, 0x7C, 0x07, 0xE0, 0x7F, 0x07, 0xF0, 0x3F, 0x03, 0xE0, 0x3F,
    0x07, 0xFF, 0xFF, 0xFD, 0xFF, 0x00, 0x00, 0x07, 0x83, 0xE0, 0xF0, 0x70, 0x00, 0x0F, 0xC7, 0xFB,
    0xFE, 0xF0, 0xBE, 0x0F, 0xE1, 0xFE, 0x1F, 0x81, 0xF0, 0x3F, 0xFF, 0xFF, 0xBF, 0xC0, 0x00, 0x1E,
    0x03, 0xE0, 0xFE, 0x39, 0xE0, 0x00, 0x3E, 0x0F, 0xFB, 0xFE, 0xFF, 0xDE, 0x03, 0xC0, 0x7C, 0x07,
    0xE0, 0x7F, 0x07, 0xF0, 0x3F, 0x03, 0xE0, 0x3F, 0x07, 0xFF, 0xFF, 0xFD, 0xFF, 0x00, 0x00, 0x1E,
    0x0F, 0x87, 0xF3, 0xCE, 0x00, 0x0F, 0xC7, 0xFB, 0xFE, 0xF0, 0xBE, 0x0F, 0xE1, 0xFE, 0x1F, 0x81,
    0xF0, 0x3F, 0xFF, 0xFF, 0xBF, 0xC0, 0x00, 0x1F, 0x07, 0xFD, 0xFF, 0x7F, 0xEF, 0x01, 0xE0, 0x3E,
    0x03, 0xF0, 0x3F, 0x83, 0xF8, 0x1F, 0x81, 0xF0, 0x1F, 0x83, 0xFF, 0xFF, 0xFE, 0xFF, 0x83, 0x80,
    0x78, 0x03, 0x81, 0xF0, 0x7C, 0x07, 0x00, 0x3F, 0x1F, 0xEF, 0xFB, 0xC2, 0xF8, 0x3F, 0x87, 0xF8,
    0x7E, 0x07, 0xC0, 0xFF, 0xFF, 0xFE, 0xFF, 0x07, 0x01, 0xE0, 0x38, 0x3E, 0x0F, 0x83, 0xC0, 0x70,
    0xEF, 0x78, 0xFE, 0x0F, 0x80, 0x00, 0x3E, 0x0F, 0xFB, 0xFE, 0xFF, 0xDE, 0x03, 0xC0, 0x7C, 0x07,
    0xE0, 0x7F, 0x07, 0xF0, 0x3F, 0x03, 0xE0, 0x3F, 0x07, 0xFF, 0xFF, 0xFD, 0xFF, 0x00, 0x00, 0xE1,
    0xDC, 0xE7, 0xF0, 0xFC, 0x00, 0x0F, 0xC7, 0xFB, 0xFE, 0xF0, 0xBE, 0x0F, 0xE1, 0xFE, 0x1F, 0x81,
    0xF0, 0x3F, 0xFF, 0xFF, 0xBF, 0xC0, 0x00, 0x7F, 0xFF, 0xFF, 0xFF, 0xFF, 0xFF, 0xF0, 0x78, 0x03,
    0xC0, 0x1E, 0x00, 0xF0, 0x07, 0x80, 0x3C, 0x01, 0xE0, 0x0F, 0x00, 0x78, 0x03, 0xC0, 0x1E, 0x00,
    0xF0, 0x07, 0x80, 0x38, 0x01, 0xE0, 0x07, 0x00, 0xF8, 0x07, 0xC0, 0x38, 0x00, 0x00, 0x07, 0x01,
    0xC0, 0xFE, 0x7F, 0xBF, 0xE3, 0xC0, 0xF0, 0x3C, 0x0F, 0x03, 0xC0, 0xF0, 0x3C, 0x0F, 0xE3, 0xF8,
    0x7E, 0x07, 0x01, 0xE0, 0x38, 0x3E, 0x0F, 0x83, 0x80, 0x38, 0x71, 0xE7, 0x07, 0xF0, 0x1F, 0x80,
    0x00, 0x3F, 0xFF, 0xFF, 0xFF, 0xFF, 0xFF, 0xF8, 0x3C, 0x01, 0xE0, 0x0F, 0x00, 0x78, 0x03, 0xC0,
    0x1E, 0x00, 0xF0, 0x07, 0x80, 0x3C, 0x01, 0xE0, 0x0F, 0x00, 0x78, 0x03, 0xC0, 0x00, 0x38, 0x00,
    0xE0, 0x07, 0x07, 0x1C, 0x1C, 0x20, 0xFE, 0x07, 0xF8, 0x3F, 0xE0, 0x3C, 0x00, 0xF0, 0x03, 0xC0,
    0x0F, 0x00, 0x3C, 0x00, 0xF0, 0x03, 0xC0, 0x0F, 0xE0, 0x3F, 0x80, 0x7E, 0x00, 0x00, 0x00, 0x7F,
    0xFF, 0xFF, 0xFF, 0xFF, 0xFF, 0xF0, 0x78, 0x03, 0xC0, 0x1E, 0x07, 0xFC, 0x3F, 0xE1, 0xFF, 0x0F,
    0xF8, 0x0F, 0x00, 0x78, 0x03, 0xC0, 0x1E, 0x00, 0xF0, 0x07, 0x80, 0x00, 0x07, 0x01, 0xC0, 0xFE,
    0x7F, 0xBF, 0xE3, 0xC0, 0xF0, 0x7F, 0xBF, 0xE7, 0xF8, 0xF0, 0x3C, 0x0F, 0xE3, 0xF8, 0x7E, 0x00,
    0x00, 0x04, 0x20, 0x3E, 0xE0, 0x7F, 0x81, 0xDF, 0x00, 0x00, 0x0E, 0x03, 0x9E, 0x07, 0xBC, 0x0F,
    0x78, 0x1E, 0xF0, 0x3D, 0xE0, 0x7B, 0xC0, 0xF7, 0x81, 0xEF, 0x03, 0xDE, 0x07, 0xBC, 0x0F, 0x78,
    0x1E, 0xF0, 0x79, 0xF0, 0xF1, 0xFF, 0xE3, 0xFF, 0x81, 0xFE, 0x00, 0x00, 0x00, 0x0C, 0x20, 0xFB,
    0x0F, 0xF8, 0x67, 0x80, 0x00, 0x38, 0x3B, 0xC3, 0xDE, 0x1E, 0xF0, 0xF7, 0x87, 0xBC, 0x3D, 0xE1,
    0xEF, 0x0F, 0x78, 0x7B, 0xE3, 0xCF, 0xFE, 0x7F, 0xF1, 0xFB, 0x80, 0x00, 0x00, 0x00, 0x1F, 0xE0,
    0x3F, 0xC0, 0x00, 0x07, 0x01, 0xCF, 0x03, 0xDE, 0x07, 0xBC, 0x0F, 0x78, 0x1E, 0xF0, 0x3D, 0xE0,
    0x7B, 0xC0, 0xF7, 0x81, 0xEF, 0x03, 0xDE, 0x07, 0xBC, 0x0F, 0x78, 0x3C, 0xF8, 0x78, 0xFF, 0xF1,
    0xFF, 0xC0, 0xFF, 0x00, 0x00, 0x00, 0x00, 0x01, 0xFF, 0x0F, 0xF8, 0x00, 0x07, 0x07, 0x78, 0x7B,
    0xC3, 0xDE, 0x1E, 0xF0, 0xF7, 0x87, 0xBC, 0x3D, 0xE1, 0xEF, 0x0F, 0x7C, 0x79, 0xFF, 0xCF, 0xFE,
    0x3F, 0x70, 0x00, 0x00, 0x1C, 0x30, 0x3F, 0xE0, 0x3F, 0xC0, 0x3F, 0x00, 0x00, 0x0E, 0x03, 0x9E,
    0x07, 0xBC, 0x0F, 0x78, 0x1E, 0xF0, 0x3D, 0xE0, 0x7B, 0xC0, 0xF7, 0x81, 0xEF, 0x03, 0xDE, 0x07,
    0xBC, 0x0F, 0x78, 0x1E, 0xF0, 0x79, 0xF0, 0xF1, 0xFF, 0xE3, 0xFF, 0x81, 0xFE, 0x00, 0x00, 0x00,
    0x30, 0x61, 0xFF, 0x07, 0xF8, 0x1F, 0x00, 0x00, 0x38, 0x3B, 0xC3, 0xDE, 0x1E, 0xF0, 0xF7, 0x87,
    0xBC, 0x3D, 0xE1, 0xEF, 0x0F, 0x78, 0x7B, 0xE3, 0xCF, 0xFE, 0x7F, 0xF1, 0xFB, 0x80, 0x00, 0x00,
    0x00, 0x0F, 0x80, 0x3F, 0x00, 0x76, 0x00, 0x7C, 0x00, 0xF8, 0x00, 0x00, 0x38, 0x0E, 0x78, 0x1E,
    0xF0, 0x3D, 0xE0, 0x7B, 0xC0, 0xF7, 0x81, 0xEF, 0x03, 0xDE, 0x07, 0xBC, 0x0F, 0x78, 0x1E, 0xF0,
    0x3D, 0xE0, 0x7B, 0xC1, 0xE7, 0xC3, 0xC7, 0xFF, 0x8F, 0xFE, 0x07, 0xF8, 0x00, 0x00, 0x00, 0x00,
    0x7C, 0x03, 0xE0, 0x3B, 0x80, 0xF8, 0x07, 0xC0, 0x00, 0x0E, 0x0E, 0xF0, 0xF7, 0x87, 0xBC, 0x3D,
    0xE1, 0xEF, 0x0F, 0x78, 0x7B, 0xC3, 0xDE, 0x1E, 0xF8, 0xF3, 0xFF, 0x9F, 0xFC, 0x7E, 0xE0, 0x00,
    0x00, 0x0F, 0x70, 0x1F, 0xE0, 0x7B, 0x81, 0xCE, 0x00, 0x00, 0x0E, 0x03, 0x9E, 0x07, 0xBC, 0x0F,
    0x78, 0x1E, 0xF0, 0x3D, 0xE0, 0x7B, 0xC0, 0xF7, 0x81, 0xEF, 0x03, 0xDE, 0x07, 0xBC, 0x0F, 0x78,
    0x1E, 0xF0, 0x79, 0xF0, 0xF1, 0xFF, 0xE3, 0xFF, 0x81, 0xFE, 0x00, 0x00, 0x00, 0x1E, 0xE0, 0xEF,
    0x0E, 0xF0, 0xE7, 0x00, 0x00, 0x38, 0x3B, 0xC3, 0xDE, 0x1E, 0xF0, 0xF7, 0x87, 0xBC, 0x3D, 0xE1,
    0xEF, 0x0F, 0x78, 0x7B, 0xE3, 0xCF, 0xFE, 0x7F, 0xF1, 0xFB, 0x80, 0x00, 0x70, 0x1C, 0xF0, 0x3D,
    0xE0, 0x7B, 0xC0, 0xF7, 0x81, 0xEF, 0x03, 0xDE, 0x07, 0xBC, 0x0F, 0x78, 0x1E, 0xF0, 0x3D, 0xE0,
    0x7B, 0xC0, 0xF7, 0x83, 0xCF, 0x87, 0x8F, 0xFF, 0x1F, 0xFC, 0x0F, 0xF0, 0x01, 0xC0, 0x03, 0x80,
    0x06, 0x00, 0x0F, 0x00, 0x1F, 0x00, 0x1C, 0x00, 0x70, 0x77, 0x87, 0xBC, 0x3D, 0xE1, 0xEF, 0x0F,
    0x78, 0x7B, 0xC3, 0xDE, 0x1E, 0xF0, 0xF7, 0xC7, 0x9F, 0xFC, 0xFF, 0xE3, 0xF7, 0x00, 0x30, 0x03,
    0x80, 0x38, 0x01, 0xF0, 0x07, 0x80, 0x08, 0x00, 0x78, 0x00, 0x01, 0xF8, 0x00, 0x07, 0xF8, 0x00,
    0x1E, 0x78, 0x00, 0x00, 0x00, 0x1C, 0x07, 0x03, 0xBC, 0x1E, 0x0F, 0x78, 0x3C, 0x1E, 0xF0, 0xFC,
    0x3C, 0xF1, 0xF8, 0x71, 0xE3, 0xF1, 0xE3, 0xC7, 0xF3, 0xC7, 0x9F, 0xE7, 0x87, 0xBD, 0xCE, 0x0F,
    0x73, 0xBC, 0x1E, 0xE7, 0xF8, 0x1F, 0xCF, 0xF0, 0x3F, 0x8F, 0xC0, 0x7E, 0x1F, 0x80, 0xFC, 0x3F,
    0x00, 0xF8, 0x7E, 0x01, 0xE0, 0x78, 0x00, 0x00, 0xF0, 0x00, 0x1F, 0x80, 0x03, 0xFC, 0x00, 0x79,
    0xC0, 0x00, 0x00, 0x0F, 0x0F, 0x0E, 0xF1, 0xF0, 0xE7, 0x1F, 0x1E, 0x79, 0xF9, 0xE7, 0x9F, 0x9C,
    0x7B, 0xBB, 0xC3, 0xBB, 0xBC, 0x3F, 0x9F, 0xC3, 0xF9, 0xF8, 0x1F, 0x9F, 0x81, 0xF1, 0xF8, 0x1F,
    0x1F, 0x01, 0xF0, 0xF0, 0x07, 0x80, 0x1F, 0x80, 0x3F, 0x80, 0xE7, 0x80, 0x00, 0x1E, 0x03, 0xBC,
    0x0F, 0x3C, 0x3E, 0x78, 0x78, 0x79, 0xF0, 0xF3, 0xC0, 0xFF, 0x01, 0xFE, 0x01, 0xF8, 0x03, 0xF0,
    0x03, 0xC0, 0x07, 0x80, 0x0F, 0x00, 0x1E, 0x00, 0x3C, 0x00, 0x78, 0x00, 0xF0, 0x00, 0x07, 0x80,
    0x3E, 0x01, 0xFC, 0x0E, 0x38, 0x00, 0x03, 0xC1, 0xEF, 0x07, 0x9E, 0x1E, 0x78, 0xF1, 0xE3, 0xC3,
    0xCE, 0x0F, 0x78, 0x1D, 0xE0, 0x7F, 0x01, 0xFC, 0x03, 0xF0, 0x0F, 0x80, 0x1E, 0x00, 0xF0, 0x03,
    0xC0, 0x7F, 0x01, 0xF8, 0x07, 0xC0, 0x1C, 0x00, 0x00, 0x00, 0x39, 0xC0, 0x73, 0x80, 0xE7, 0x00,
    0x00, 0x1E, 0x03, 0xBC, 0x0F, 0x3C, 0x3E, 0x78, 0x78, 0x79, 0xF0, 0xF3, 0xC0, 0xFF, 0x01, 0xFE,
    0x01, 0xF8, 0x03, 0xF0, 0x03, 0xC0, 0x07, 0x80, 0x0F, 0x00, 0x1E, 0x00, 0x3C, 0x00, 0x78, 0x00,
    0xF0, 0x00, 0x01, 0xE0, 0x1E, 0x01, 0xE0, 0x1E, 0x00, 0x00, 0x3F, 0xFB, 0xFF, 0xFF, 0xFF, 0x7F,
    0xF0, 0x0F, 0x80, 0x78, 0x07, 0x80, 0x7C, 0x03, 0xC0, 0x3C, 0x03, 0xC0, 0x1E, 0x01, 0xE0, 0x1E,
    0x01, 0xFF, 0xFF, 0xFF, 0xFF, 0xFC, 0x03, 0xC0, 0xF8, 0x1E, 0x07, 0x00, 0x00, 0xFF, 0x9F, 0xFB,
    0xFF, 0x03, 0xC0, 0xF0, 0x3E, 0x07, 0x81, 0xE0, 0x78, 0x1F, 0x03, 0xFF, 0xFF, 0xFF, 0xFC, 0x03,
    0x00, 0x3C, 0x01, 0xE0, 0x0E, 0x00, 0x00, 0x3F, 0xFB, 0xFF, 0xFF, 0xFF, 0x7F, 0xF0, 0x0F, 0x80,
    0x78, 0x07, 0x80, 0x7C, 0x03, 0xC0, 0x3C, 0x03, 0xC0, 0x1E, 0x01, 0xE0, 0x1E, 0x01, 0xFF, 0xFF,
    0xFF, 0xFF, 0xFC, 0x06, 0x01, 0xE0, 0x3C, 0x07, 0x00, 0x00, 0xFF, 0x9F, 0xFB, 0xFF, 0x03, 0xC0,
    0xF0, 0x3E, 0x07, 0x81, 0xE0, 0x78, 0x1F, 0x03, 0xFF, 0xFF, 0xFF, 0xFC, 0x38, 0x71, 0xE7, 0x07,
    0xF0, 0x1F, 0x80, 0x00, 0x3F, 0xFB, 0xFF, 0xFF, 0xFF, 0x7F, 0xF0, 0x0F, 0x80, 0x78, 0x07, 0x80,
    0x7C, 0x03, 0xC0, 0x3C, 0x03, 0xC0, 0x1E, 0x01, 0xE0, 0x1E, 0x01, 0xFF, 0xFF, 0xFF, 0xFF, 0xFC,
    0x70, 0xE7, 0x38, 0xFE, 0x0F, 0xC0, 0x00, 0xFF, 0x9F, 0xFB, 0xFF, 0x03, 0xC0, 0xF0, 0x3E, 0x07,
    0x81, 0xE0, 0x78, 0x1F, 0x03, 0xFF, 0xFF, 0xFF, 0xFC, 0x1F, 0x1F, 0x9F, 0xCF, 0x47, 0x03, 0x81,
    0xC0, 0xE0, 0x70, 0x38, 0x1C, 0x0E, 0x07, 0x03, 0x81, 0xC0, 0xE0, 0x70, 0x38, 0x00, 0x00, 0x01,
    0xC0, 0xFC, 0x3C, 0x7F, 0xEF, 0x1F, 0xFF, 0xE7, 0xFF, 0xF8, 0xF0, 0x3E, 0x3E, 0x07, 0xC7, 0x80,
    0x78, 0xF0, 0x0F, 0x1E, 0x01, 0xE3, 0xC0, 0x3C, 0x78, 0x07, 0x8F, 0x80, 0xF0, 0xF0, 0x3E, 0x1F,
    0x0F, 0x81, 0xFF, 0xF0, 0x3F, 0xFC, 0x01, 0xFE, 0x00, 0x00, 0x00, 0x00, 0x00, 0x0E, 0x00, 0x1E,
    0x1F, 0x9E, 0x3F, 0xFE, 0x7F, 0xFC, 0xF9, 0xF8, 0xF0, 0xF0, 0xF0, 0xF0, 0xF0, 0xF0, 0xF0, 0xF0,
    0xF0, 0xF0, 0xF8, 0xF0, 0x7F, 0xF0, 0x7F, 0xE0, 0x1F, 0xC0, 0x00, 0x00, 0x00, 0x00, 0xE7, 0x01,
    0xCF, 0x78, 0x1F, 0xE7, 0x81, 0xFE, 0x78, 0x1F, 0xC7, 0x81, 0xF0, 0x78, 0x1E, 0x07, 0x81, 0xE0,
    0x78, 0x1E, 0x07, 0x81, 0xE0, 0x78, 0x1E, 0x07, 0x81, 0xE0, 0x78, 0x1E, 0x07, 0x83, 0xC0, 0x7C,
    0x3C, 0x03, 0xFF, 0xC0, 0x3F, 0xF8, 0x00, 0xFF, 0x00, 0x00, 0x00, 0x00, 0x00, 0x03, 0x80, 0x01,
    0xE7, 0x07, 0x7B, 0xC3, 0xFE, 0xF0, 0xFF, 0x3C, 0x3F, 0x8F, 0x0F, 0x03, 0xC3, 0xC0, 0xF0, 0xF0,
    0x3C, 0x3C, 0x0F, 0x0F, 0x03, 0xE3, 0xC0, 0x7F, 0xF0, 0x1F, 0xFC, 0x03, 0xF7, 0x00, 0x00, 0x00,
    0x00, 0x00, 0x30, 0x60, 0x00, 0x01, 0xEF, 0x00, 0x00, 0x07, 0xF0, 0x00, 0x00, 0x1F, 0x00, 0x00,
    0x00, 0x00, 0x3F, 0x80, 0x3F, 0xF9, 0xFF, 0x83, 0xFF, 0xEF, 0xFE, 0x1F, 0xFE, 0x7F, 0xF8, 0xFF,
    0xF3, 0xC3, 0xE0, 0x0F, 0x1E, 0x0F, 0x00, 0xF8, 0xF0, 0x7C, 0x07, 0x87, 0x81, 0xE0, 0x78, 0x3C,
    0x0F, 0x07, 0xC1, 0xE0, 0x78, 0x3C, 0x0F, 0x07, 0xC3, 0xC0, 0x78, 0x3C, 0x3E, 0x03, 0xC1, 0xE1,
    0xE0, 0x1E, 0x3F, 0x1E, 0x00, 0xFF, 0xF1, 0xFF, 0xF7, 0xFF, 0x0F, 0xFF, 0xBF, 0xE0, 0x7F, 0xFC,
    0x00, 0x00, 0x70, 0xEF, 0xE0, 0x0F, 0x79, 0xFF, 0x80, 0xFE, 0x3F, 0xF8, 0x0F, 0x87, 0xFF, 0x80,
    0x00, 0xF0, 0xF8, 0xFF, 0x9E, 0x0F, 0x1F, 0xF3, 0xC1, 0xF3, 0xFE, 0x78, 0x1E, 0x03, 0xCF, 0x03,
    0xC0, 0xF1, 0xE0, 0x78, 0x3C, 0x3C, 0x1F, 0x0F, 0x87, 0x83, 0xC1, 0xE0, 0xF0, 0x78, 0x78, 0x1E,
    0x3F, 0x1E, 0x03, 0xFF, 0xC3, 0xFE, 0x7F, 0xF0, 0xFF, 0xEF, 0xF8, 0x1F, 0xFC, 0x00, 0xF1, 0x83,
    0x00, 0x78, 0xF7, 0x80, 0x3C, 0x3F, 0x80, 0x1E, 0x0F, 0x80, 0x0F, 0x00, 0x00, 0xF7, 0x9F, 0xF9,
    0xFF, 0xCF, 0xFC, 0xFF, 0xE7, 0xFE, 0xF9, 0xF0, 0x1F, 0x78, 0x78, 0x0F, 0x3C, 0x3C, 0x0F, 0x1E,
    0x1E, 0x0F, 0x0F, 0x0F, 0x0F, 0x87, 0x87, 0x87, 0x83, 0xC3, 0xC7, 0x81, 0xFF, 0xE7, 0xFE, 0x7F,
    0xF3, 0xFF, 0x1F, 0xB9, 0xFF, 0x80, 0x00, 0x00, 0x00, 0x70, 0x03, 0x9E, 0x00, 0xF7, 0x80, 0x3D,
    0xE0, 0x0F, 0x78, 0x03, 0xDE, 0x00, 0xF7, 0x80, 0x3D, 0xE0, 0x0F, 0x78, 0x03, 0xDE, 0x00, 0xF7,
    0x80, 0x3D, 0xE0, 0x0F, 0x78, 0x03, 0xDE, 0x00, 0xF7, 0xFE, 0x3D, 0xFF, 0x8F, 0x7F, 0xE3, 0xC0,
    0x00, 0xF0, 0x00, 0x78, 0x00, 0xFE, 0x00, 0x3F, 0x00, 0x0F, 0x80, 0x00, 0x03, 0x1C, 0x01, 0xE7,
    0x80, 0x79, 0xE0, 0x0E, 0x78, 0x00, 0x1E, 0x00, 0xE7, 0x80, 0x79, 0xE0, 0x1E, 0x78, 0x07, 0x9E,
    0x01, 0xE7, 0x80, 0x79, 0xE0, 0x1E, 0x78, 0x07, 0x9E, 0x01, 0xE7, 0x80, 0x79, 0xFF, 0x9E, 0x7F,
    0xE7, 0x9F, 0xF9, 0xE0, 0x00, 0x78, 0x00, 0x1E, 0x00, 0x1F, 0x80, 0x0F, 0xE0, 0x03, 0xF0, 0x00,
    0x78, 0x70, 0xCF, 0x1E, 0xF1, 0xFF, 0x0E, 0xF0, 0x0F, 0x0E, 0xF1, 0xEF, 0x1E, 0xF1, 0xEF, 0x1E,
    0xF1, 0xEF, 0x1E, 0xF1, 0xEF, 0x1E, 0xF1, 0xEF, 0x1E, 0xF1, 0xEF, 0x1E, 0x01, 0xE0, 0x1E, 0x07,
    0xE0, 0x7E, 0x07, 0xC0, 0x78, 0xF0, 0x0C, 0x1D, 0xF0, 0x3C, 0x7B, 0xF0, 0x78, 0xF7, 0xE0, 0xF1,
    0xEF, 0xE1, 0xE3, 0xDF, 0xE3, 0xC7, 0xBB, 0xC7, 0x8F, 0x77, 0xCF, 0x1E, 0xE7, 0x9E, 0x3D, 0xC7,
    0xBC, 0x7B, 0x8F, 0x78, 0xF7, 0x0F, 0xF1, 0xEE, 0x1F, 0xE3, 0xDC, 0x1F, 0xC7, 0xB8, 0x3F, 0x8F,
    0x70, 0x3F, 0x1E, 0xE0, 0x3E, 0x3C, 0x00, 0x00, 0x78, 0x00, 0x01, 0xF0, 0x00, 0x0F, 0xE0, 0x00,
    0x1F, 0x80, 0x00, 0x3E, 0x00, 0x00, 0x00, 0x1B, 0xC0, 0x30, 0xFF, 0x81, 0xE3, 0xFF, 0x07, 0x8F,
    0xFC, 0x1E, 0x03, 0xF8, 0x78, 0xFF, 0xF1, 0xE3, 0xFB, 0xC7, 0x8F, 0xEF, 0x9E, 0x3F, 0x9E, 0x78,
    0xFE, 0x3D, 0xE3, 0xF8, 0xF7, 0x8F, 0xE1, 0xFE, 0x3F, 0x87, 0xF8, 0xFE, 0x0F, 0xE3, 0xF8, 0x3F,
    0x8F, 0xE0, 0x7E, 0x3F, 0x80, 0xF8, 0xF0, 0x00, 0x03, 0xC0, 0x00, 0x0F, 0x00, 0x01, 0xFC, 0x00,
    0x07, 0xF0, 0x00, 0x1F, 0x80, 0x00, 0x38, 0x00, 0x00, 0x40, 0x00, 0x0E, 0x00, 0x01, 0xF0, 0x00,
    0x0E, 0x00, 0x00, 0x06, 0x3C, 0x0E, 0xFF, 0xF1, 0xEF, 0xFF, 0x1E, 0xFC, 0xF1, 0xEF, 0x8F, 0x9E,
    0xF8, 0x79, 0xEF, 0x07, 0x9E, 0xF0, 0x79, 0xEF, 0x07, 0x9E, 0xF0, 0x79, 0xEF, 0x07, 0x9E, 0xF0,
    0x79, 0xEF, 0x07, 0x9E, 0x00, 0x01, 0xE0, 0x00, 0x1E, 0x00, 0x07, 0xE0, 0x00, 0x7E, 0x00, 0x07,
    0xC0, 0x00, 0x78, 0x1C, 0x38, 0x0E, 0x78, 0x07, 0xF0, 0x03, 0xE0, 0x00, 0x00, 0x03, 0xC0, 0x07,
    0xE0, 0x07, 0xE0, 0x0F, 0xE0, 0x0F, 0xF0, 0x0F, 0xF0, 0x1E, 0x70, 0x1E, 0x78, 0x1E, 0x78, 0x3C,
    0x38, 0x3F, 0xFC, 0x3F, 0xFC, 0x7F, 0xFE, 0x78, 0x1E, 0x78, 0x1E, 0xF8, 0x1F, 0xF0, 0x0F, 0x38,
    0x70, 0xE7, 0x83, 0xF8, 0x1F, 0x80, 0x00, 0x07, 0xE0, 0xFF, 0x87, 0xFE, 0x10, 0xF0, 0x07, 0x83,
    0xFC, 0x7F, 0xE7, 0xFF, 0x3C, 0x79, 0xE3, 0xCF, 0xFE, 0x7F, 0xF1, 0xFB, 0x80, 0x00, 0x60, 0xCF,
    0x78, 0xFE, 0x0F, 0x80, 0x00, 0x7F, 0x1F, 0xE1, 0xFC, 0x1F, 0x03, 0xC0, 0x78, 0x0F, 0x01, 0xE0,
    0x3C, 0x07, 0x80, 0xF0, 0x1E, 0x03, 0xC0, 0x78, 0x1F, 0xC7, 0xF8, 0xFF, 0x00, 0x70, 0xEF, 0x78,
    0xFE, 0x0F, 0x80, 0x00, 0x1C, 0x07, 0x80, 0xF0, 0x1E, 0x03, 0xC0, 0x78, 0x0F, 0x01, 0xE0, 0x3C,
    0x07, 0x80, 0xF0, 0x1E, 0x03, 0xC0, 0x0C, 0x38, 0x0F, 0x78, 0x07, 0xF0, 0x03, 0xE0, 0x00, 0x00,
    0x07, 0xE0, 0x1F, 0xF8, 0x3F, 0xFC, 0x7F, 0xFE, 0x78, 0x1E, 0xF8, 0x1F, 0xF0, 0x0F, 0xF0, 0x0F,
    0xF0, 0x0F, 0xF0, 0x0F, 0xF0, 0x0F, 0xF8, 0x0F, 0x78, 0x1F, 0x7C, 0x3E, 0x3F, 0xFE, 0x3F, 0xFC,
    0x0F, 0xF0, 0x00, 0x00, 0x30, 0x61, 0xEF, 0x07, 0xF0, 0x1F, 0x00, 0x00, 0x0F, 0xC0, 0xFF, 0x0F,
    0xFC, 0xF9, 0xF7, 0x87, 0xBC, 0x3D, 0xE1, 0xEF, 0x0F, 0x78, 0x7B, 0xC3, 0xCF, 0xFE, 0x7F, 0xE0,
    0xFE, 0x00, 0x00, 0x1C, 0x38, 0x3D, 0xE0, 0x3F, 0x80, 0x3E, 0x00, 0x00, 0x0E, 0x03, 0x9E, 0x07,
    0xBC, 0x0F, 0x78, 0x1E, 0xF0, 0x3D, 0xE0, 0x7B, 0xC0, 0xF7, 0x81, 0xEF, 0x03, 0xDE, 0x07, 0xBC,
    0x0F, 0x78, 0x1E, 0xF0, 0x79, 0xF0, 0xF1, 0xFF, 0xE3, 0xFF, 0x81, 0xFE, 0x00, 0x00, 0x00, 0x38,
    0x71, 0xEF, 0x07, 0xF0, 0x1F, 0x00, 0x00, 0x38, 0x3B, 0xC3, 0xDE, 0x1E, 0xF0, 0xF7, 0x87, 0xBC,
    0x3D, 0xE1, 0xEF, 0x0F, 0x78, 0x7B, 0xE3, 0xCF, 0xFE, 0x7F, 0xF1, 0xFB, 0x80, 0x00, 0x0F, 0xE0,
    0x1F, 0xE0, 0x3F, 0xC0, 0x22, 0x00, 0xEF, 0x01, 0xDE, 0x01, 0x18, 0x38, 0x0E, 0x78, 0x1E, 0xF0,
    0x3D, 0xE0, 0x7B, 0xC0, 0xF7, 0x81, 0xEF, 0x03, 0xDE, 0x07, 0xBC, 0x0F, 0x78, 0x1E, 0xF0, 0x3D,
    0xE0, 0x7B, 0xC1, 0xE7, 0xC3, 0xC7, 0xFF, 0x8F, 0xFE, 0x07, 0xF8, 0x00, 0x00, 0x1F, 0xC1, 0xFF,
    0x07, 0xF0, 0x31, 0x81, 0xDC, 0x0E, 0xE0, 0x00, 0x0E, 0x0E, 0xF0, 0xF7, 0x87, 0xBC, 0x3D, 0xE1,
    0xEF, 0x0F, 0x78, 0x7B, 0xC3, 0xDE, 0x1E, 0xF8, 0xF3, 0xFF, 0x9F, 0xFC, 0x7E, 0xE0, 0x00, 0x00,
    0x00, 0x00, 0x01, 0xE0, 0x07, 0x80, 0x1E, 0x00, 0x74, 0x01, 0xDE, 0x03, 0xBC, 0x02, 0x30, 0x70,
    0x1C, 0xF0, 0x3D, 0xE0, 0x7B, 0xC0, 0xF7, 0x81, 0xEF, 0x03, 0xDE, 0x07, 0xBC, 0x0F, 0x78, 0x1E,
    0xF0, 0x3D, 0xE0, 0x7B, 0xC0, 0xF7, 0x83, 0xCF, 0x87, 0x8F, 0xFF, 0x1F, 0xFC, 0x0F, 0xF0, 0x00,
    0x00, 0x00, 0x00, 0x1F, 0x00, 0xF0, 0x0E, 0x01, 0x8C, 0x0E, 0xE0, 0x77, 0x00, 0x00, 0x70, 0x77,
    0x87, 0xBC, 0x3D, 0xE1, 0xEF, 0x0F, 0x78, 0x7B, 0xC3, 0xDE, 0x1E, 0xF0, 0xF7, 0xC7, 0x9F, 0xFC,
    0xFF, 0xE3, 0xF7, 0x00, 0x00, 0x00, 0x00, 0x1C, 0xE0, 0x3F, 0x80, 0x3E, 0x00, 0x44, 0x01, 0xDE,
    0x03, 0xBC, 0x02, 0x30, 0x70, 0x1C, 0xF0, 0x3D, 0xE0, 0x7B, 0xC0, 0xF7, 0x81, 0xEF, 0x03, 0xDE,
    0x07, 0xBC, 0x0F, 0x78, 0x1E, 0xF0, 0x3D, 0xE0, 0x7B, 0xC0, 0xF7, 0x83, 0xCF, 0x87, 0x8F, 0xFF,
    0x1F, 0xFC, 0x0F, 0xF0, 0x00, 0x00, 0x00, 0x01, 0xEE, 0x07, 0xF0, 0x1F, 0x01, 0x8C, 0x0E, 0xE0,
    0x77, 0x00, 0x00, 0x70, 0x77, 0x87, 0xBC, 0x3D, 0xE1, 0xEF, 0x0F, 0x78, 0x7B, 0xC3, 0xDE, 0x1E,
    0xF0, 0xF7, 0xC7, 0x9F, 0xFC, 0xFF, 0xE3, 0xF7, 0x00, 0x00, 0x00, 0x00, 0x3E, 0x00, 0x3C, 0x00,
    0x1C, 0x00, 0x5C, 0x01, 0xDE, 0x03, 0xBC, 0x02, 0x30, 0x70, 0x1C, 0xF0, 0x3D, 0xE0, 0x7B, 0xC0,
    0xF7, 0x81, 0xEF, 0x03, 0xDE, 0x07, 0xBC, 0x0F, 0x78, 0x1E, 0xF0, 0x3D, 0xE0, 0x7B, 0xC0, 0xF7,
    0x83, 0xCF, 0x87, 0x8F, 0xFF, 0x1F, 0xFC, 0x0F, 0xF0, 0x00, 0x00, 0x00, 0x01, 0xF0, 0x07, 0x80,
    0x1E, 0x01, 0x8C, 0x0E, 0xE0, 0x77, 0x00, 0x00, 0x70, 0x77, 0x87, 0xBC, 0x3D, 0xE1, 0xEF, 0x0F,
    0x78, 0x7B, 0xC3, 0xDE, 0x1E, 0xF0, 0xF7, 0xC7, 0x9F, 0xFC, 0xFF, 0xE3, 0xF7, 0x00, 0x00, 0x3F,
    0x07, 0xFC, 0x7F, 0xE4, 0x1E, 0x00, 0xF0, 0x0F, 0xFF, 0xFF, 0xFF, 0xF0, 0xFF, 0x1E, 0xFB, 0xE7,
    0xFC, 0x3F, 0x80, 0x00, 0x0F, 0xF0, 0x0F, 0xF0, 0x0F, 0xF0, 0x04, 0x20, 0x0E, 0x70, 0x0E, 0x70,
    0x04, 0x60, 0x03, 0xC0, 0x07, 0xE0, 0x07, 0xE0, 0x0F, 0xE0, 0x0F, 0xF0, 0x0F, 0xF0, 0x1E, 0x70,
    0x1E, 0x78, 0x1E, 0x78, 0x3C, 0x38, 0x3F, 0xFC, 0x3F, 0xFC, 0x7F, 0xFE, 0x78, 0x1E, 0x78, 0x1E,
    0xF8, 0x1F, 0xF0, 0x0F, 0x1F, 0xE0, 0xFF, 0x07, 0xF8, 0x11, 0x81, 0xDE, 0x0E, 0x70, 0x00, 0x01,
    0xF8, 0x3F, 0xE1, 0xFF, 0x84, 0x3C, 0x01, 0xE0, 0xFF, 0x1F, 0xF9, 0xFF, 0xCF, 0x1E, 0x78, 0xF3,
    0xFF, 0x9F, 0xFC, 0x7E, 0xE0, 0x00, 0x00, 0x0F, 0xF0, 0x0F, 0xF0, 0x0F, 0xF0, 0x01, 0x80, 0x03,
    0xC0, 0x03, 0xC0, 0x01, 0x80, 0x03, 0xC0, 0x07, 0xE0, 0x07, 0xE0, 0x0F, 0xE0, 0x0F, 0xF0, 0x0F,
    0xF0, 0x1E, 0x70, 0x1E, 0x78, 0x1E, 0x78, 0x3C, 0x38, 0x3F, 0xFC, 0x3F, 0xFC, 0x7F, 0xFE, 0x78,
    0x1E, 0x78, 0x1E, 0xF8, 0x1F, 0xF0, 0x0F, 0x1F, 0xE0, 0xFF, 0x07, 0xF8, 0x06, 0x00, 0x78, 0x03,
    0x80, 0x00, 0x01, 0xF8, 0x3F, 0xE1, 0xFF, 0x84, 0x3C, 0x01, 0xE0, 0xFF, 0x1F, 0xF9, 0xFF, 0xCF,
    0x1E, 0x78, 0xF3, 0xFF, 0x9F, 0xFC, 0x7E, 0xE0, 0x00, 0x00, 0x00, 0x00, 0x00, 0x07, 0xF8, 0x00,
    0x3F, 0xC0, 0x00, 0x00, 0x00, 0x1F, 0xFF, 0x00, 0xFF, 0xFC, 0x0F, 0xFF, 0xE0, 0x7F, 0xFE, 0x07,
    0xBC, 0x00, 0x3D, 0xE0, 0x03, 0xCF, 0x00, 0x1E, 0x7F, 0xE0, 0xE3, 0xFF, 0x0F, 0x1F, 0xF8, 0x7F,
    0xF0, 0x07, 0xFF, 0x80, 0x3F, 0xFC, 0x03, 0xC1, 0xE0, 0x1E, 0x0F, 0xFF, 0xE0, 0x7F, 0xFF, 0x03,
    0xFF, 0x80, 0x00, 0x00, 0x00, 0x0F, 0xF0, 0x00, 0x7F, 0x80, 0x00, 0x00, 0x00, 0xF8, 0xF8, 0x1F,
    0xFF, 0xF0, 0xFF, 0xFF, 0x82, 0x1F, 0x1E, 0x00, 0xF0, 0xF0, 0xFF, 0xFF, 0x8F, 0xFF, 0xFC, 0xFD,
    0xFF, 0xE7, 0x8F, 0x00, 0x3C, 0x7C, 0x01, 0xFF, 0xFF, 0xCF, 0xFF, 0xFE, 0x3F, 0x9F, 0xE0, 0x00,
    0x00, 0x00, 0x03, 0xF0, 0x0F, 0xFC, 0x3F, 0xFC, 0x3F, 0xF8, 0x7C, 0x00, 0x78, 0x00, 0xF8, 0x00,
    0xF1, 0xFC, 0xF1, 0xFC, 0xF1, 0xFC, 0xF0, 0x3C, 0xF1, 0xFE, 0x79, 0xFF, 0x7C, 0xFE, 0x3F, 0xFC,
    0x3F, 0xFC, 0x0F, 0xFC, 0x00, 0x00, 0x1E, 0x73, 0xFF, 0x9F, 0xFD, 0xF3, 0xEF, 0x0F, 0x78, 0x7B,
    0xC3, 0xDE, 0x1E, 0xF0, 0xF7, 0xFF, 0x9F, 0xFC, 0x7F, 0xE0, 0x0F, 0x07, 0xFC, 0x3F, 0xEC, 0x3E,
    0x7F, 0xE3, 0xFE, 0x07, 0xC0, 0x1C, 0x38, 0x39, 0xE0, 0x7F, 0x00, 0xF8, 0x00, 0x00, 0x0F, 0xC0,
    0xFF, 0xCF, 0xFF, 0x3F, 0xF9, 0xF0, 0x07, 0x80, 0x3E, 0x00, 0xF0, 0x03, 0xC7, 0xFF, 0x1F, 0xFC,
    0x7F, 0xF8, 0x3D, 0xE0, 0xF7, 0xC3, 0xCF, 0xFF, 0x3F, 0xFC, 0x3F, 0xF0, 0x00, 0x00, 0x70, 0xE3,
    0xDE, 0x1F, 0xC0, 0xF8, 0x00, 0x01, 0xE7, 0x7F, 0xF7, 0xFF, 0xF9, 0xFF, 0x0F, 0xF0, 0xFF, 0x0F,
    0xF0, 0xFF, 0x0F, 0xF0, 0xF7, 0xFF, 0x7F, 0xF3, 0xFF, 0x00, 0xF0, 0x0F, 0x7B, 0xF7, 0xFE, 0x7F,
    0xC1, 0xF0, 0x30, 0x60, 0xF7, 0x81, 0xFC, 0x03, 0xE0, 0x00, 0x03, 0x81, 0xEF, 0x0F, 0xBC, 0x3C,
    0xF1, 0xE3, 0xCF, 0x0F, 0x7C, 0x3F, 0xE0, 0xFF, 0x03, 0xFC, 0x0F, 0xF8, 0x3F, 0xE0, 0xF3, 0xC3,
    0xCF, 0x8F, 0x1E, 0x3C, 0x7C, 0xF0, 0xFB, 0xC1, 0xE0, 0x70, 0xE0, 0x3D, 0xE0, 0x0F, 0xE0, 0x03,
    0xE0, 0x00, 0x00, 0x00, 0x70, 0x00, 0x38, 0x00, 0x1C, 0x00, 0x0E, 0x00, 0x07, 0x00, 0x03, 0x83,
    0xC1, 0xC3, 0xC0, 0xE3, 0xC0, 0x73, 0xC0, 0x3B, 0xE0, 0x1F, 0xE0, 0x0F, 0xF0, 0x07, 0xF8, 0x03,
    0xDE, 0x01, 0xC7, 0x80, 0xE3, 0xE0, 0x70, 0xF0, 0x38, 0x3C, 0x07, 0xE0, 0x1F, 0xF8, 0x3F, 0xFC,
    0x7F, 0xFE, 0x78, 0x1E, 0xF8, 0x1F, 0xF0, 0x0F, 0xF0, 0x0F, 0xF0, 0x0F, 0xF0, 0x0F, 0xF0, 0x0F,
    0xF8, 0x0F, 0x78, 0x1F, 0x7C, 0x3E, 0x3F, 0xFE, 0x3F, 0xFC, 0x0F, 0xF0, 0x01, 0xC0, 0x03, 0x80,
    0x03, 0x00, 0x03, 0xE0, 0x03, 0xE0, 0x00, 0x80, 0x1F, 0x81, 0xFE, 0x1F, 0xF9, 0xF3, 0xEF, 0x0F,
    0x78, 0x7B, 0xC3, 0xDE, 0x1E, 0xF0, 0xF7, 0x87, 0x9F, 0xFC, 0xFF, 0xC1, 0xFC, 0x03, 0x80, 0x38,
    0x01, 0x80, 0x0F, 0x80, 0x7C, 0x00, 0x80, 0x00, 0x00, 0x0F, 0xF0, 0x0F, 0xF0, 0x00, 0x00, 0x07,
    0xE0, 0x1F, 0xF8, 0x3F, 0xFC, 0x7F, 0xFE, 0x78, 0x1E, 0xF8, 0x1F, 0xF0, 0x0F, 0xF0, 0x0F, 0xF0,
    0x0F, 0xF0, 0x0F, 0xF0, 0x0F, 0xF8, 0x0F, 0x78, 0x1F, 0x7C, 0x3E, 0x3F, 0xFE, 0x3F, 0xFC, 0x0F,
    0xF0, 0x01, 0xC0, 0x03, 0x80, 0x03, 0x80, 0x03, 0xE0, 0x03, 0xE0, 0x00, 0xC0, 0x00, 0x01, 0xFE,
    0x0F, 0xF0, 0x00, 0x01, 0xF8, 0x1F, 0xE1, 0xFF, 0x9F, 0x3E, 0xF0, 0xF7, 0x87, 0xBC, 0x3D, 0xE1,
    0xEF, 0x0F, 0x78, 0x79, 0xFF, 0xCF, 0xFC, 0x1F, 0xC0, 0x38, 0x03, 0x80, 0x1C, 0x00, 0xF8, 0x07,
    0xC0, 0x08, 0x00, 0x38, 0x71, 0xEF, 0x07, 0xF0, 0x1F, 0x00, 0x00, 0x3F, 0xF9, 0xFF, 0xCF, 0xFE,
    0x7F, 0xF0, 0x1F, 0x01, 0xE0, 0x1E, 0x01, 0xF8, 0x0F, 0xF0, 0x7F, 0xC0, 0x1F, 0x00, 0x78, 0x03,
    0xD0, 0x3F, 0xFF, 0xEF, 0xFF, 0x3F, 0xE0, 0x00, 0x00, 0x30, 0x61, 0xEF, 0x07, 0xF0, 0x1F, 0x00,
    0x00, 0x3F, 0xF9, 0xFF, 0xCF, 0xFE, 0x01, 0xE0, 0x1E, 0x01, 0xE0, 0x1E, 0x01, 0xF8, 0x0F, 0xF0,
    0x7F, 0xC0, 0x3E, 0x00, 0xF8, 0x03, 0xC0, 0x1E, 0x01, 0xEF, 0xFF, 0x7F, 0xF1, 0xFF, 0x03, 0xE0,
    0x70, 0xEF, 0x78, 0xFE, 0x0F, 0x80, 0x00, 0x1C, 0x07, 0x80, 0xF0, 0x1E, 0x03, 0xC0, 0x78, 0x0F,
    0x01, 0xE0, 0x3C, 0x07, 0x80, 0xF0, 0x1E, 0x03, 0xC0, 0x78, 0x0F, 0x07, 0xE0, 0xFC, 0x1F, 0x03,
    0xC0, 0x7F, 0x00, 0x7F, 0xF3, 0xFF, 0x07, 0xFF, 0xDF, 0xFC, 0x3F, 0xFC, 0xFF, 0xF1, 0xFF, 0xE7,
    0x87, 0xC0, 0x1E, 0x3C, 0x1E, 0x01, 0xF1, 0xE0, 0xF8, 0x0F, 0x0F, 0x03, 0xC0, 0xF0, 0x78, 0x1E,
    0x0F, 0x83, 0xC0, 0xF0, 0x78, 0x1E, 0x0F, 0x87, 0x80, 0xF0, 0x78, 0x7C, 0x07, 0x83, 0xC3, 0xC0,
    0x3C, 0x7E, 0x3C, 0x01, 0xFF, 0xE3, 0xFF, 0xEF, 0xFE, 0x1F, 0xFF, 0x7F, 0xC0, 0xFF, 0xF8, 0x7F,
    0x00, 0x00, 0x0F, 0xFC, 0x00, 0x01, 0xFF, 0xC0, 0x00, 0x3F, 0xFC, 0x00, 0x07, 0x87, 0xC7, 0xFC,
    0xF0, 0x78, 0xFF, 0x9E, 0x0F, 0x9F, 0xF3, 0xC0, 0xF0, 0x1E, 0x78, 0x1E, 0x07, 0x8F, 0x03, 0xC1,
    0xE1, 0xE0, 0xF8, 0x7C, 0x3C, 0x1E, 0x0F, 0x07, 0x83, 0xC3, 0xC0, 0xF1, 0xF8, 0xF0, 0x1F, 0xFE,
    0x1F, 0xF3, 0xFF, 0x87, 0xFF, 0x7F, 0xC0, 0xFF, 0xE0, 0x00, 0xF0, 0x00, 0x00, 0x78, 0x00, 0x00,
    0x3C, 0x00, 0x00, 0x1E, 0x00, 0x00, 0x0F, 0x00, 0x00, 0xF7, 0x9F, 0xF9, 0xFF, 0xCF, 0xFC, 0xFF,
    0xE7, 0xFE, 0xF9, 0xF0, 0x1F, 0x78, 0x78, 0x0F, 0x3C, 0x3C, 0x0F, 0x1E, 0x1E, 0x0F, 0x0F, 0x0F,
    0x0F, 0x87, 0x87, 0x87, 0x83, 0xC3, 0xC7, 0x81, 0xFF, 0xE7, 0xFE, 0x7F, 0xF3, 0xFF, 0x1F, 0xB9,
    0xFF, 0x80, 0x00, 0x00, 0x00, 0x00, 0xF0, 0x07, 0xC0, 0x1C, 0x00, 0xE0, 0x00, 0x00, 0x0F, 0xC0,
    0xFF, 0xCF, 0xFF, 0x3F, 0xF9, 0xF0, 0x07, 0x80, 0x3E, 0x00, 0xF0, 0x03, 0xC7, 0xFF, 0x1F, 0xFC,
    0x7F, 0xF8, 0x3D, 0xE0, 0xF7, 0xC3, 0xCF, 0xFF, 0x3F, 0xFC, 0x3F, 0xF0, 0x00, 0x00, 0x01, 0xE0,
    0x3C, 0x07, 0x80, 0xF0, 0x00, 0x01, 0xE7, 0x7F, 0xF7, 0xFF, 0xF9, 0xFF, 0x0F, 0xF0, 0xFF, 0x0F,
    0xF0, 0xFF, 0x0F, 0xF0, 0xF7, 0xFF, 0x7F, 0xF3, 0xFF, 0x00, 0xF0, 0x0F, 0x7B, 0xF7, 0xFE, 0x7F,
    0xC1, 0xF0, 0xE0, 0x70, 0x07, 0x83, 0xC0, 0x3C, 0x1E, 0x01, 0xE0, 0xF0, 0x0F, 0x07, 0x87, 0x78,
    0x3C, 0x7B, 0xC1, 0xE3, 0xDF, 0xFF, 0x1E, 0xFF, 0xF8, 0xF7, 0xFF, 0xC7, 0xBC, 0x1E, 0x3D, 0xE0,
    0xF1, 0xEF, 0x07, 0x8F, 0x78, 0x3C, 0x7B, 0xC1, 0xFF, 0xDE, 0x07, 0xFC, 0xF0, 0x1F, 0xC0, 0x00,
    0x00, 0x00, 0xE3, 0x87, 0x7F, 0x3F, 0xFD, 0xFF, 0xEF, 0x8F, 0x78, 0x3F, 0xC1, 0xFE, 0x1F, 0xF0,
    0xF7, 0x87, 0xBC, 0x7D, 0xE7, 0xCF, 0x7E, 0x7F, 0xE3, 0xFE, 0x1F, 0xC0, 0xF8, 0x07, 0x80, 0x3C,
    0x01, 0xE0, 0x0F, 0x00, 0x78, 0x03, 0xC0, 0x00, 0x0F, 0x00, 0x1F, 0x00, 0x1E, 0x00, 0x0E, 0x00,
    0x00, 0x1E, 0x01, 0xBE, 0x07, 0xFE, 0x0F, 0xFC, 0x1F, 0xFC, 0x3F, 0xFC, 0x7F, 0x78, 0xFE, 0xF9,
    0xFC, 0xF3, 0xF8, 0xF7, 0xF1, 0xEF, 0xE1, 0xFF, 0xC3, 0xFF, 0x83, 0xFF, 0x07, 0xFE, 0x07, 0xFC,
    0x07, 0xC0, 0x1E, 0x00, 0x78, 0x01, 0xE0, 0x07, 0x00, 0x00, 0x31, 0xE3, 0xFF, 0xDF, 0xFE, 0xFC,
    0xF7, 0xC7, 0xFE, 0x1F, 0xE0, 0xFF, 0x07, 0xF8, 0x3F, 0xC1, 0xFE, 0x0F, 0xF0, 0x7F, 0x83, 0xC0,
    0x00, 0xF0, 0x01, 0xE0, 0x01, 0x80, 0x03, 0xC0, 0x07, 0xE0, 0x06, 0x60, 0x07, 0xE0, 0x07, 0xE0,
    0x07, 0xE0, 0x0F, 0xE0, 0x0F, 0xF0, 0x0F, 0xF0, 0x1E, 0x78, 0x1E, 0x78, 0x1C, 0x78, 0x3F, 0xFC,
    0x3F, 0xFC, 0x7F, 0xFC, 0x7F, 0xFE, 0x78, 0x1E, 0xF8, 0x1F, 0xF0, 0x0F, 0x00, 0x00, 0x1F, 0x00,
    0xE0, 0x04, 0x00, 0x78, 0x07, 0xE0, 0x33, 0x01, 0xF8, 0x07, 0x80, 0x18, 0x03, 0xF0, 0x7F, 0xC3,
    0xFF, 0x08, 0x78, 0x03, 0xC3, 0xFE, 0x3F, 0xF3, 0xFF, 0x9E, 0x3C, 0xF1, 0xE7, 0xFF, 0x3F, 0xF8,
    0xFD, 0xC0, 0x00, 0x00, 0x0F, 0x00, 0x00, 0xF0, 0x00, 0x0F, 0x00, 0x00, 0xF0, 0x00, 0x00, 0x00,
    0x00, 0xFF, 0xF8, 0x07, 0xFF, 0xE0, 0x7F, 0xFF, 0x03, 0xFF, 0xF0, 0x3D, 0xE0, 0x01, 0xEF, 0x00,
    0x1E, 0x78, 0x00, 0xF3, 0xFF, 0x07, 0x1F, 0xF8, 0x78, 0xFF, 0xC3, 0xFF, 0x80, 0x3F, 0xFC, 0x01,
    0xFF, 0xE0, 0x1E, 0x0F, 0x00, 0xF0, 0x7F, 0xFF, 0x03, 0xFF, 0xF8, 0x1F, 0xFC, 0x00, 0x1E, 0x00,
    0x01, 0xE0, 0x00, 0x1E, 0x00, 0x01, 0xE0, 0x00, 0x00, 0x00, 0x07, 0xC7, 0xC0, 0xFF, 0xFF, 0x87,
    0xFF, 0xFC, 0x10, 0xF8, 0xF0, 0x07, 0x87, 0x87, 0xFF, 0xFC, 0x7F, 0xFF, 0xE7, 0xEF, 0xFF, 0x3C,
    0x78, 0x01, 0xE3, 0xE0, 0x0F, 0xFF, 0xFE, 0x7F, 0xFF, 0xF1, 0xFC, 0xFF, 0x00, 0x00, 0x00, 0x00,
    0x78, 0x00, 0xF0, 0x01, 0xE0, 0x03, 0xC0, 0x00, 0x00, 0x07, 0xEC, 0x1F, 0xFE, 0x3F, 0xFC, 0x7F,
    0xFE, 0x78, 0x7E, 0xF8, 0x7F, 0xF0, 0xEF, 0xF1, 0xEF, 0xF1, 0xCF, 0xF3, 0x8F, 0xF7, 0x8F, 0xFF,
    0x0F, 0x7E, 0x1F, 0x7E, 0x3E, 0x3F, 0xFE, 0x3F, 0xFC, 0x7F, 0xF0, 0x30, 0x00, 0x00, 0x00, 0x03,
    0xC0, 0x3E, 0x01, 0xC0, 0x1C, 0x00, 0x00, 0x0F, 0xF0, 0xFF, 0x8F, 0xFC, 0xF9, 0xF7, 0x9F, 0xBC,
    0xFD, 0xEF, 0xEF, 0xEF, 0x7F, 0x7B, 0xF3, 0xCF, 0xFE, 0x7F, 0xE3, 0xFE, 0x08, 0x00, 0x3B, 0xC0,
    0x3D, 0xC0, 0x1C, 0xE0, 0x0E, 0x60, 0x00, 0x00, 0x03, 0xC0, 0x07, 0xE0, 0x07, 0xE0, 0x0F, 0xE0,
    0x0F, 0xF0, 0x0F, 0xF0, 0x1E, 0x70, 0x1E, 0x78, 0x1E, 0x78, 0x3C, 0x38, 0x3F, 0xFC, 0x3F, 0xFC,
    0x7F, 0xFE, 0x78, 0x1E, 0x78, 0x1E, 0xF8, 0x1F, 0xF0, 0x0F, 0x77, 0x83, 0xDC, 0x0E, 0x70, 0x39,
    0x80, 0x00, 0x07, 0xE0, 0xFF, 0x87, 0xFE, 0x10, 0xF0, 0x07, 0x83, 0xFC, 0x7F, 0xE7, 0xFF, 0x3C,
    0x79, 0xE3, 0xCF, 0xFE, 0x7F, 0xF1, 0xFB, 0x80, 0x00, 0x03, 0xC0, 0x0F, 0xE0, 0x0F, 0xF0, 0x1C,
    0x30, 0x00, 0x00, 0x03, 0xC0, 0x07, 0xE0, 0x07, 0xE0, 0x0F, 0xE0, 0x0F, 0xF0, 0x0F, 0xF0, 0x1E,
    0x70, 0x1E, 0x78, 0x1E, 0x78, 0x3C, 0x38, 0x3F, 0xFC, 0x3F, 0xFC, 0x7F, 0xFE, 0x78, 0x1E, 0x78,
    0x1E, 0xF8, 0x1F, 0xF0, 0x0F, 0x07, 0x80, 0xFE, 0x07, 0xF8, 0x70, 0xC0, 0x00, 0x07, 0xE0, 0xFF,
    0x87, 0xFE, 0x10, 0xF0, 0x07, 0x83, 0xFC, 0x7F, 0xE7, 0xFF, 0x3C, 0x79, 0xE3, 0xCF, 0xFE, 0x7F,
    0xF1, 0xFB, 0x80, 0x00, 0x77, 0x87, 0xB8, 0x39, 0xC1, 0xCC, 0x00, 0x03, 0xFE, 0x3F, 0xF3, 0xFF,
    0x3F, 0xE3, 0xC0, 0x3C, 0x03, 0xC0, 0x3F, 0xE3, 0xFE, 0x3F, 0xE3, 0xC0, 0x3C, 0x03, 0xC0, 0x3C,
    0x03, 0xFF, 0x3F, 0xF3, 0xFF, 0x77, 0x83, 0xDC, 0x0E, 0x70, 0x39, 0x80, 0x00, 0x07, 0xE0, 0x7F,
    0x87, 0xFE, 0x7C, 0x73, 0xC3, 0xDF, 0xFE, 0xFF, 0xF7, 0xFF, 0xBC, 0x01, 0xE0, 0x07, 0xFE, 0x3F,
    0xF0, 0x7F, 0x80, 0x00, 0x1E, 0x1F, 0xC7, 0xFB, 0x86, 0x00, 0x3F, 0xEF, 0xFF, 0xFF, 0xFF, 0xBC,
    0x0F, 0x03, 0xC0, 0xFF, 0xBF, 0xEF, 0xFB, 0xC0, 0xF0, 0x3C, 0x0F, 0x03, 0xFF, 0xFF, 0xFF, 0xF0,
    0x0F, 0x03, 0xF8, 0x3F, 0xC7, 0x0C, 0x00, 0x01, 0xF8, 0x3F, 0xC7, 0xFE, 0xF8, 0xEF, 0x0F, 0xFF,
    0xFF, 0xFF, 0xFF, 0xFF, 0x00, 0xF0, 0x07, 0xFE, 0x7F, 0xE1, 0xFE, 0x00, 0x00, 0xF7, 0x0E, 0xF0,
    0xEE, 0x0E, 0xE0, 0x00, 0x3F, 0x8F, 0xF0, 0xFE, 0x0F, 0x81, 0xE0, 0x3C, 0x07, 0x80, 0xF0, 0x1E,
    0x03, 0xC0, 0x78, 0x0F, 0x01, 0xE0, 0x3C, 0x0F, 0xE3, 0xFC, 0x7F, 0x80, 0xF7, 0x1D, 0xE3, 0xB8,
    0x77, 0x00, 0x01, 0xC0, 0xF0, 0x3C, 0x0F, 0x03, 0xC0, 0xF0, 0x3C, 0x0F, 0x03, 0xC0, 0xF0, 0x3C,
    0x0F, 0x03, 0xC0, 0x3E, 0x3F, 0xBF, 0xFC, 0x30, 0x03, 0xFB, 0xFC, 0xFE, 0x3E, 0x1E, 0x0F, 0x07,
    0x83, 0xC1, 0xE0, 0xF0, 0x78, 0x3C, 0x1E, 0x0F, 0x0F, 0xEF, 0xF7, 0xF8, 0x3E, 0x3F, 0xBF, 0xFC,
    0x70, 0x00, 0xE0, 0xF0, 0x78, 0x3C, 0x1E, 0x0F, 0x07, 0x83, 0xC1, 0xE0, 0xF0, 0x78, 0x3C, 0x1E,
    0x00, 0x3B, 0xC0, 0x3D, 0xC0, 0x1E, 0xE0, 0x0E, 0x70, 0x00, 0x00, 0x07, 0xE0, 0x1F, 0xF8, 0x3F,
    0xFC, 0x7F, 0xFE, 0x78, 0x1E, 0xF8, 0x1F, 0xF0, 0x0F, 0xF0, 0x0F, 0xF0, 0x0F, 0xF0, 0x0F, 0xF0,
    0x0F, 0xF8, 0x0F, 0x78, 0x1F, 0x7C, 0x3E, 0x3F, 0xFE, 0x3F, 0xFC, 0x0F, 0xF0, 0x00, 0x00, 0xE7,
    0x07, 0xBC, 0x1E, 0xE0, 0x73, 0x80, 0x00, 0x0F, 0xC0, 0xFF, 0x0F, 0xFC, 0xF9, 0xF7, 0x87, 0xBC,
    0x3D, 0xE1, 0xEF, 0x0F, 0x78, 0x7B, 0xC3, 0xCF, 0xFE, 0x7F, 0xE0, 0xFE, 0x00, 0x00, 0x03, 0xC0,
    0x07, 0xF0, 0x0F, 0xF0, 0x0C, 0x38, 0x00, 0x00, 0x07, 0xE0, 0x1F, 0xF8, 0x3F, 0xFC, 0x7F, 0xFE,
    0x78, 0x1E, 0xF8, 0x1F, 0xF0, 0x0F, 0xF0, 0x0F, 0xF0, 0x0F, 0xF0, 0x0F, 0xF0, 0x0F, 0xF8, 0x0F,
    0x78, 0x1F, 0x7C, 0x3E, 0x3F, 0xFE, 0x3F, 0xFC, 0x0F, 0xF0, 0x00, 0x00, 0x0F, 0x00, 0xFE, 0x0F,
    0xF0, 0x61, 0xC0, 0x00, 0x0F, 0xC0, 0xFF, 0x0F, 0xFC, 0xF9, 0xF7, 0x87, 0xBC, 0x3D, 0xE1, 0xEF,
    0x0F, 0x78, 0x7B, 0xC3, 0xCF, 0xFE, 0x7F, 0xE0, 0xFE, 0x00, 0x00, 0xF7, 0x00, 0xEF, 0x00, 0xEE,
    0x00, 0xEE, 0x00, 0x00, 0x0F, 0xE0, 0x1F, 0xF8, 0x3F, 0xF8, 0x7F, 0xF0, 0xF1, 0xF1, 0xE1, 0xE3,
    0xC7, 0x87, 0x9F, 0x0F, 0xFC, 0x1F, 0xF0, 0x3F, 0xE0, 0x79, 0xE0, 0xF3, 0xC1, 0xE3, 0xC3, 0xC7,
    0xC7, 0x87, 0x8F, 0x07, 0x80, 0x77, 0x0F, 0xF0, 0xEF, 0x0E, 0xE0, 0x00, 0x31, 0xCF, 0x79, 0xFF,
    0x3F, 0xE7, 0xC0, 0xF8, 0x1E, 0x03, 0xC0, 0x78, 0x0F, 0x01, 0xE0, 0x3C, 0x07, 0x80, 0x07, 0x80,
    0x3F, 0x80, 0xFF, 0x81, 0xC3, 0x00, 0x00, 0x0F, 0xE0, 0x1F, 0xF8, 0x3F, 0xF8, 0x7F, 0xF0, 0xF1,
    0xF1, 0xE1, 0xE3, 0xC7, 0x87, 0x9F, 0x0F, 0xFC, 0x1F, 0xF0, 0x3F, 0xE0, 0x79, 0xE0, 0xF3, 0xC1,
    0xE3, 0xC3, 0xC7, 0xC7, 0x87, 0x8F, 0x07, 0x80, 0x1E, 0x1F, 0xCF, 0xFB, 0x86, 0x00, 0x18, 0xEF,
    0x7B, 0xFE, 0xFF, 0xBE, 0x0F, 0x83, 0xC0, 0xF0, 0x3C, 0x0F, 0x03, 0xC0, 0xF0, 0x3C, 0x00, 0x3B,
    0x80, 0x7F, 0x80, 0x77, 0x80, 0x77, 0x00, 0x00, 0x0E, 0x03, 0x9E, 0x07, 0xBC, 0x0F, 0x78, 0x1E,
    0xF0, 0x3D, 0xE0, 0x7B, 0xC0, 0xF7, 0x81, 0xEF, 0x03, 0xDE, 0x07, 0xBC, 0x0F, 0x78, 0x1E, 0xF0,
    0x79, 0xF0, 0xF1, 0xFF, 0xE3, 0xFF, 0x81, 0xFE, 0x00, 0x00, 0x00, 0xF7, 0x03, 0xBC, 0x0E, 0xE0,
    0x3B, 0x80, 0x00, 0x38, 0x3B, 0xC3, 0xDE, 0x1E, 0xF0, 0xF7, 0x87, 0xBC, 0x3D, 0xE1, 0xEF, 0x0F,
    0x78, 0x7B, 0xE3, 0xCF, 0xFE, 0x7F, 0xF1, 0xFB, 0x80, 0x00, 0x03, 0xC0, 0x1F, 0xC0, 0x7F, 0xC0,
    0xE1, 0x80, 0x00, 0x0E, 0x03, 0x9E, 0x07, 0xBC, 0x0F, 0x78, 0x1E, 0xF0, 0x3D, 0xE0, 0x7B, 0xC0,
    0xF7, 0x81, 0xEF, 0x03, 0xDE, 0x07, 0xBC, 0x0F, 0x78, 0x1E, 0xF0, 0x79, 0xF0, 0xF1, 0xFF, 0xE3,
    0xFF, 0x81, 0xFE, 0x00, 0x00, 0x00, 0x0F, 0x80, 0xFE, 0x0F, 0xF8, 0x70, 0xC0, 0x00, 0x38, 0x3B,
    0xC3, 0xDE, 0x1E, 0xF0, 0xF7, 0x87, 0xBC, 0x3D, 0xE1, 0xEF, 0x0F, 0x78, 0x7B, 0xE3, 0xCF, 0xFE,
    0x7F, 0xF1, 0xFB, 0x80, 0x00, 0x1F, 0x07, 0xFD, 0xFF, 0x7F, 0xEF, 0x01, 0xE0, 0x3E, 0x03, 0xF0,
    0x3F, 0x83, 0xF8, 0x1F, 0x81, 0xF0, 0x1F, 0x83, 0xFF, 0xFF, 0xFE, 0xFF, 0x80, 0x00, 0x38, 0x07,
    0x01, 0xE0, 0x38, 0x00, 0x00, 0x3F, 0x1F, 0xEF, 0xFB, 0xC2, 0xF8, 0x3F, 0x87, 0xF8, 0x7E, 0x07,
    0xC0, 0xFF, 0xFF, 0xFE, 0xFF, 0x00, 0x01, 0xE0, 0x70, 0x1C, 0x06, 0x00, 0x00, 0x7F, 0xFF, 0xFF,
    0xFF, 0xFF, 0xFF, 0xF0, 0x78, 0x03, 0xC0, 0x1E, 0x00, 0xF0, 0x07, 0x80, 0x3C, 0x01, 0xE0, 0x0F,
    0x00, 0x78, 0x03, 0xC0, 0x1E, 0x00, 0xF0, 0x07, 0x80, 0x00, 0x01, 0xE0, 0x0E, 0x00, 0x70, 0x03,
    0x00, 0x00, 0x00, 0x00, 0x07, 0x01, 0xC0, 0xFE, 0x7F, 0xBF, 0xE3, 0xC0, 0xF0, 0x3C, 0x0F, 0x03,
    0xC0, 0xF0, 0x3C, 0x0F, 0xE3, 0xF8, 0x7E, 0x00, 0x03, 0xC0, 0xE0, 0x38, 0x1C, 0x00, 0x00, 0x0F,
    0xC0, 0xFF, 0xC7, 0xFF, 0x9F, 0x3E, 0x20, 0x78, 0x01, 0xE0, 0x0F, 0x81, 0xFC, 0x1F, 0xE0, 0x3F,
    0xE0, 0xC7, 0x80, 0x0F, 0x00, 0x3C, 0x00, 0xF0, 0x07, 0x80, 0x3E, 0x03, 0xF0, 0x7F, 0x87, 0xFC,
    0x1F, 0xC0, 0x78, 0x00, 0x00, 0x00, 0x3F, 0x0F, 0xF1, 0xFF, 0x31, 0xE0, 0x1E, 0x07, 0x81, 0xF1,
    0xFC, 0x3F, 0xC3, 0x7C, 0x07, 0x80, 0xF0, 0x1E, 0x07, 0xC3, 0xF3, 0xFC, 0xFF, 0x1F, 0x01, 0x00,
    0x00, 0x38, 0x70, 0x73, 0x81, 0xFC, 0x03, 0xF0, 0x00, 0x03, 0x80, 0xEF, 0x03, 0xFC, 0x0F, 0xF0,
    0x3F, 0xC0, 0xFF, 0x03, 0xFC, 0x0F, 0xFF, 0xFF, 0xFF, 0xFF, 0xFF, 0xFC, 0x0F, 0xF0, 0x3F, 0xC0,
    0xFF, 0x03, 0xFC, 0x0F, 0xF0, 0x3F, 0xC0, 0xF0, 0x70, 0xE0, 0x7B, 0xC0, 0x3F, 0x80, 0x1F, 0x00,
    0x00, 0x00, 0x0E, 0x00, 0x1E, 0x00, 0x1E, 0x00, 0x1E, 0x00, 0x1E, 0x00, 0x1E, 0x78, 0x1F, 0xFC,
    0x1F, 0xFE, 0x1F, 0x9E, 0x1F, 0x1F, 0x1F, 0x0F, 0x1E, 0x0F, 0x1E, 0x0F, 0x1E, 0x0F, 0x1E, 0x0F,
    0x1E, 0x0F, 0x1E, 0x0F, 0x1E, 0x0F, 0x78, 0x7C, 0x1C, 0x0E, 0x00, 0x1E, 0x3E, 0x78, 0x70, 0x00,
    0x1E, 0x0F, 0xC7, 0xFB, 0xCE, 0x00, 0x00, 0x10, 0xDF, 0xF7, 0xFF, 0xBE, 0x00, 0x00, 0x00, 0xFF,
    0xFF, 0x00, 0x7F, 0xBF, 0xFF, 0xFC, 0x00, 0x61, 0xDF, 0xF7, 0xF8, 0xFC, 0x00, 0x00, 0x6F, 0xFF,
    0x00, 0x1C, 0xE7, 0x39, 0xCE, 0x03, 0xEF, 0xC7, 0x39, 0xC2, 0x00, 0x01, 0xEF, 0xF3, 0xFD, 0xE0,
    0x00, 0x3D, 0xC7, 0x79, 0xDE, 0x73, 0x80, 0x00, 0xE1, 0xCE, 0x78, 0xFE, 0x0F, 0x80, 0x00, 0x66,
    0x66, 0x60, 0x66, 0x66, 0x66, 0x66, 0x66, 0x77, 0x8F, 0x70, 0xE7, 0x0E, 0x70, 0x00, 0x0C, 0x07,
    0x87, 0xD9, 0x8E, 0x7F, 0x8F, 0xC0, 0x00, 0x1E, 0x0F, 0xE7, 0xFB, 0x87, 0x00, 0x00, 0x18, 0xE3,
    0x9E, 0x79, 0xC7, 0x00, 0x38, 0xE7, 0x9E, 0x71, 0xC6, 0x00, 0x71, 0xC7, 0x9E, 0x38, 0xE1, 0x80,
    0x38, 0xE7, 0x9E, 0x71, 0xC6, 0x00, 0xF0, 0xF0, 0xF0, 0xF0, 0x00, 0x1E, 0x3E, 0x3C, 0x70, 0x00,
    0x08, 0x67, 0x9E, 0x18, 0x41, 0x87, 0x9E, 0x60, 0xFF, 0xF0, 0xC3, 0x0C, 0x30, 0x00, 0x1C, 0x3C,
    0xF3, 0xE7, 0x8C, 0x00, 0x27, 0xEE, 0x72, 0x30, 0xC7, 0xBF, 0xFD, 0xE3, 0x0C, 0x30, 0xCF, 0xFF,
    0x30, 0x00, 0xFB, 0xE0, 0x00, 0x71, 0xC7, 0x1D, 0xF7, 0x9C, 0x03, 0x8E, 0x38, 0xE3, 0xEF, 0x8E,
    0x67, 0xBC, 0xE0, 0x00, 0x1C, 0xE7, 0x39, 0xCE, 0x01, 0xEF, 0xF3, 0xFD, 0xE0, 0x00, 0x7F, 0xEE,
    0x00, 0x31, 0xE1, 0xFF, 0xF9, 0xC0, 0x10, 0xC7, 0x18, 0x7D, 0xF1, 0x00, 0x66, 0x66, 0x60, 0x7F,
    0x9F, 0xE6, 0x19, 0x86, 0x4C, 0x9B, 0x67, 0xF8, 0x00, 0xE1, 0xCF, 0x78, 0xFE, 0x0F, 0x80, 0x00,
    0x1E, 0x0F, 0xC7, 0xFB, 0xCF, 0x00, 0x00, 0x61, 0xDF, 0xE7, 0xF8, 0xFC, 0x00, 0x00, 0x1E, 0x0F,
    0xE7, 0xFB, 0x87, 0x00, 0x00, 0x10, 0x9F, 0x77, 0xFB, 0xBE, 0x00, 0x00, 0x00, 0xFF, 0xFF, 0x00,
    0xFF, 0xF7, 0xFE, 0x7F, 0xDF, 0xF8, 0x00, 0x3F, 0xEF, 0xFC, 0x00, 0x00, 0x10, 0xDF, 0xF7, 0xFF,
    0xBE, 0x00, 0x00, 0x7F, 0xBF, 0xFF, 0xFC, 0x00, 0x7F, 0xFF, 0xBF, 0xFF, 0xFF, 0xFF, 0xFC, 0x01,
    0x00, 0xE0, 0xF8, 0xFC, 0x7C, 0x1E, 0x02, 0x00, 0x00, 0xC0, 0x70, 0x18, 0x0E, 0x03, 0x81, 0xC0,
    0x70, 0x18, 0x0E, 0x03, 0x81, 0xC0, 0x70, 0x18, 0x0E, 0x03, 0x81, 0xC0, 0x70, 0x18, 0x0E, 0x01,
    0x00, 0x4E, 0x77, 0xE4, 0x61, 0x98, 0x67, 0xF9, 0xFE, 0x7F, 0xBF, 0xFC, 0x0F, 0x03, 0xFF, 0xC0,
    0x00, 0x33, 0x1F, 0xEC, 0xCC, 0x00, 0x49, 0xE7, 0x1E, 0x48, 0x7E, 0xE6, 0x77, 0xE0, 0x7F, 0xDF,
    0xF8, 0x00, 0x3F, 0xEF, 0xFC, 0x00, 0x00, 0x78, 0x3C, 0x1E, 0x0F, 0x00, 0x1E, 0x3E, 0x78, 0x70,
    0x00, 0x10, 0xDF, 0x77, 0xFF, 0xBE, 0x00, 0x00, 0x73, 0xCE, 0x60, 0x00, 0x07, 0x87, 0x7B, 0xBF,
    0xDC, 0xDC, 0xE0, 0x00, 0x00, 0xE7, 0x3D, 0xE7, 0x00, 0xFF, 0xFF, 0xFC, 0x0F, 0x03, 0x80, 0x40,
    0x7F, 0xDF, 0xF8, 0x00, 0x3F, 0xEF, 0xFC, 0x00, 0x00, 0x66, 0x66, 0x66, 0x66, 0x66, 0x79, 0xE1,
    0x86, 0x08, 0x04, 0x0F, 0xE7, 0xF9, 0xFE, 0x18, 0x00, 0x0C, 0x07, 0x80, 0xC0, 0xE6, 0x7F, 0x9F,
    0xE4, 0xE0, 0x78, 0x1E, 0x00, 0x00, 0x73, 0xFF, 0xDE, 0x71, 0xFF, 0xDE, 0x00, 0x00, 0x04, 0x87,
    0xF9, 0xFE, 0x12, 0x00, 0x00, 0x00, 0xC7, 0x8C, 0x30, 0xC0, 0x71, 0xE3, 0x9E, 0x79, 0xE4, 0x00,
    0x09, 0x03, 0x02, 0x07, 0x38, 0x01, 0x02, 0x00, 0x80, 0x41, 0x20, 0x12, 0x58, 0x06, 0x90, 0x00,
    0xA4, 0x80, 0x48, 0x20, 0x10, 0x04, 0x08, 0x10, 0xFC, 0x24, 0x00, 0x09, 0x80, 0x06, 0x79, 0xE7,
    0x80, 0x0C, 0xF7, 0xE8, 0x07, 0x66, 0x73, 0x1E, 0x0F, 0xC7, 0xF9, 0xB6, 0x5E, 0x83, 0x80, 0x00,
    0x01, 0xE7, 0x9E, 0x78, 0x00, 0x03, 0xFE, 0x71, 0x0C, 0xF7, 0xE8, 0x00, 0x18, 0xC7, 0xB8, 0xFE,
    0x76, 0x91, 0x20, 0x46, 0x77, 0x76, 0x6F, 0xFF, 0x00, 0xC7, 0x9E, 0x78, 0x00, 0x33, 0x1F, 0xEC,
    0xCF, 0x33, 0x7F, 0x8C, 0xC0, 0x61, 0xE7, 0x86, 0x00, 0x00, 0x00, 0x07, 0x00, 0x0E, 0x3C, 0x03,
    0xC1, 0xFF, 0xF8, 0x0F, 0xFF, 0x00, 0x1F, 0x80, 0x00, 0x00, 0x07, 0x00, 0x0E, 0x3C, 0x03, 0xC1,
    0xFF, 0xF8, 0x0F, 0xFF, 0x00, 0x1F, 0x80, 0xFF, 0xFF, 0xFF, 0xF0, 0xFF, 0xFF, 0xFF, 0xF0, 0x0F,
    0x00, 0x63, 0xFF, 0xCE, 0x7F, 0xFF, 0xE6, 0x07, 0xFC, 0x00, 0x00, 0x00, 0x00, 0x00, 0x00, 0x7F,
    0xE0, 0x1F, 0xFF, 0x83, 0xFF, 0xFC, 0x78, 0x01, 0xE7, 0x00, 0x0E, 0x00, 0x00, 0x00, 0x00, 0x33,
    0xFF, 0xFF, 0x7F, 0xFF, 0xE0, 0x00, 0x18, 0x00, 0x00, 0x00, 0x11, 0xF3, 0xDF, 0xFD, 0xF0, 0x11,
    0xFF, 0xFF, 0x61, 0xF0, 0x19, 0x6D, 0xB6, 0x11, 0xFC, 0xF3, 0x6D, 0xE0, 0x03, 0x3C, 0xF3, 0xFD,
    0xF0, 0x27, 0xF1, 0x8F, 0x3C, 0x00, 0x32, 0xDF, 0xCF, 0x3F, 0xDF, 0x03, 0x0D, 0x3F, 0xEF, 0x3C,
    0xF3, 0x09, 0x1F, 0xF6, 0xCD, 0xB3, 0x6C, 0xDB, 0x30, 0x07, 0xF9, 0x8C, 0x60, 0x03, 0x3C, 0xC6,
    0x39, 0xC0, 0x01, 0x99, 0xB3, 0xC3, 0x86, 0x00, 0x00, 0xD9, 0xE1, 0xC7, 0x99, 0x80, 0x3C, 0x07,
    0xC0, 0x38, 0x03, 0x80, 0x00, 0xFF, 0x9F, 0xFB, 0xFF, 0x7F, 0xEF, 0x01, 0xE0, 0x3C, 0x07, 0xFC,
    0xFF, 0x9F, 0xF3, 0xC0, 0x78, 0x0F, 0x01, 0xE0, 0x3F, 0xF7, 0xFE, 0xFF, 0xC0, 0x00, 0x07, 0x38,
    0xEF, 0x1C, 0xE0, 0x00, 0xFF, 0x9F, 0xFB, 0xFF, 0x7F, 0xEF, 0x01, 0xE0, 0x3C, 0x07, 0xFC, 0xFF,
    0x9F, 0xF3, 0xC0, 0x78, 0x0F, 0x01, 0xE0, 0x3F, 0xF7, 0xFE, 0xFF, 0xC0, 0x7F, 0xF0, 0x7F, 0xFC,
    0x3F, 0xFE, 0x1F, 0xFF, 0x00, 0xF0, 0x00, 0x78, 0x00, 0x3C, 0x00, 0x1F, 0xF8, 0x0F, 0xFF, 0x07,
    0xFF, 0x83, 0xC3, 0xE1, 0xE0, 0xF0, 0xF0, 0x78, 0x78, 0x7C, 0x3D, 0xFC, 0x1E, 0xFE, 0x0F, 0x7E,
    0x00, 0x08, 0x00, 0x03, 0xC0, 0xF0, 0x3C, 0x07, 0x00, 0x01, 0xFF, 0xBF, 0xF7, 0xFE, 0xFF, 0xDE,
    0x03, 0xC0, 0x78, 0x0F, 0x01, 0xE0, 0x3C, 0x07, 0x80, 0xF0, 0x1E, 0x03, 0xC0, 0x78, 0x0F, 0x01,
    0xE0, 0x00, 0x03, 0xE0, 0x7F, 0xE3, 0xFF, 0x9F, 0xFE, 0x78, 0x03, 0xE0, 0x0F, 0x00, 0x3F, 0xF8,
    0xFF, 0xE3, 0xFF, 0x8F, 0x00, 0x3C, 0x00, 0xF8, 0x01, 0xF0, 0x23, 0xFF, 0x8F, 0xFE, 0x0F, 0xF0,
    0x00, 0x00, 0x0F, 0x83, 0xFF, 0x3F, 0xE7, 0xFE, 0x78, 0x07, 0x80, 0x7C, 0x03, 0xF0, 0x3F, 0xC0,
    0xFE, 0x03, 0xE0, 0x1F, 0x00, 0xF6, 0x0F, 0x7F, 0xE7, 0xFE, 0x7F, 0xC0, 0x00, 0x73, 0xDE, 0xF7,
    0xBD, 0xEF, 0x7B, 0xDE, 0xF7, 0xBD, 0xEF, 0x78, 0x44, 0xFE, 0xFE, 0x6E, 0x00, 0x38, 0x3C, 0x3C,
    0x3C, 0x3C, 0x3C, 0x3C, 0x3C, 0x3C, 0x3C, 0x3C, 0x3C, 0x3C, 0x3C, 0x3C, 0x3C, 0x3C, 0x0E, 0x0F,
    0x0F, 0x0F, 0x0F, 0x0F, 0x0F, 0x0F, 0x0F, 0x0F, 0x0F, 0x0F, 0x0F, 0x0F, 0x0F, 0x0F, 0x0F, 0x0F,
    0x1E, 0xFE, 0xFC, 0xF8, 0x0F, 0xFC, 0x00, 0x1F, 0xFC, 0x00, 0x7F, 0xF8, 0x00, 0xFF, 0xF0, 0x01,
    0xE1, 0xE0, 0x03, 0xC3, 0xC0, 0x07, 0x87, 0xF8, 0x0F, 0x0F, 0xFC, 0x1E, 0x1F, 0xFC, 0x3C, 0x3C,
    0xFC, 0x78, 0x78, 0x78, 0xF0, 0xF0, 0xF1, 0xE1, 0xE1, 0xE7, 0x83, 0xC7, 0xFF, 0x07, 0xFF, 0x7E,
    0x0F, 0xFE, 0xF8, 0x1F, 0xF0, 0x00, 0x00, 0x00, 0xE0, 0x38, 0x03, 0xC1, 0xE0, 0x0F, 0x07, 0x80,
    0x3C, 0x1E, 0x00, 0xF0, 0x78, 0x03, 0xC1, 0xE0, 0x0F, 0x07, 0xC0, 0x3F, 0xFF, 0xF8, 0xFF, 0xFF,
    0xF3, 0xFF, 0xFF, 0xEF, 0x07, 0x87, 0xBC, 0x1E, 0x1F, 0xF0, 0x78, 0x7F, 0xC1, 0xE1, 0xEF, 0x07,
    0xFF, 0xBC, 0x1F, 0xFC, 0xF0, 0x7F, 0xE0, 0x7F, 0xF0, 0x7F, 0xFC, 0x3F, 0xFE, 0x1F, 0xFF, 0x00,
    0xF0, 0x00, 0x78, 0x00, 0x3C, 0x00, 0x1F, 0xF8, 0x0F, 0xFF, 0x07, 0xFF, 0x83, 0xC3, 0xC1, 0xE0,
    0xF0, 0xF0, 0x78, 0x78, 0x3C, 0x3C, 0x1E, 0x1E, 0x0F, 0x0F, 0x07, 0x80, 0x03, 0xC0, 0x0F, 0x00,
    0x78, 0x03, 0xC0, 0x00, 0x03, 0x80, 0xEF, 0x07, 0xBC, 0x3C, 0xF1, 0xF3, 0xC7, 0x8F, 0x3C, 0x3D,
    0xE0, 0xFF, 0x83, 0xFC, 0x0F, 0xF8, 0x3D, 0xF0, 0xF3, 0xC3, 0xC7, 0x8F, 0x1F, 0x3C, 0x3C, 0xF0,
    0x7B, 0xC1, 0xF0, 0x1F, 0x00, 0x3C, 0x00, 0x78, 0x00, 0xF0, 0x00, 0x03, 0x80, 0xFF, 0x07, 0xFC,
    0x3F, 0xF0, 0xFF, 0xC7, 0xFF, 0x1F, 0xFC, 0xFF, 0xF3, 0xBF, 0xDE, 0xFF, 0x73, 0xFF, 0xCF, 0xFE,
    0x3F, 0xF8, 0xFF, 0xC3, 0xFF, 0x0F, 0xF8, 0x3F, 0xE0, 0xF0, 0x1C, 0x70, 0x3C, 0xE0, 0x3F, 0xC0,
    0x7F, 0x00, 0x10, 0x1E, 0x03, 0xFE, 0x07, 0xBC, 0x1E, 0x78, 0x3C, 0x78, 0x70, 0xF1, 0xE0, 0xF3,
    0xC1, 0xEF, 0x01, 0xDE, 0x03, 0xF8, 0x03, 0xF0, 0x07, 0xC0, 0x0F, 0x80, 0x1E, 0x03, 0xFC, 0x07,
    0xF0, 0x0F, 0xC0, 0x00, 0x00, 0x00, 0xE0, 0x3B, 0xC0, 0xFF, 0x03, 0xFC, 0x0F, 0xF0, 0x3F, 0xC0,
    0xFF, 0x03, 0xFC, 0x0F, 0xF0, 0x3F, 0xC0, 0xFF, 0x03, 0xFC, 0x0F, 0xF0, 0x3F, 0xC0, 0xFF, 0xFF,
    0xFF, 0xFF, 0xFF, 0xFC, 0x1E, 0x00, 0x78, 0x01, 0xE0, 0x07, 0x00, 0x03, 0xC0, 0x07, 0xE0, 0x07,
    0xE0, 0x0F, 0xE0, 0x0F, 0xF0, 0x0F, 0xF0, 0x1E, 0x70, 0x1E, 0x78, 0x1E, 0x78, 0x3C, 0x38, 0x3F,
    0xFC, 0x3F, 0xFC, 0x7F, 0xFE, 0x78, 0x1E, 0x78, 0x1E, 0xF8, 0x1F, 0xF0, 0x0F, 0xFF, 0xCF, 0xFE,
    0xFF, 0xEF, 0xFE, 0xF0, 0x0F, 0x00, 0xF0, 0x0F, 0xFC, 0xFF, 0xEF, 0xFF, 0xF1, 0xFF, 0x0F, 0xF0,
    0xFF, 0x1F, 0xFF, 0xEF, 0xFE, 0xFF, 0x80, 0x7F, 0x01, 0xFF, 0x87, 0xFF, 0x1F, 0xFE, 0x78, 0x79,
    0xE1, 0xE7, 0x8F, 0x9F, 0xFC, 0x7F, 0xE1, 0xFF, 0xC7, 0x87, 0x9E, 0x1E, 0x78, 0x79, 0xE1, 0xE7,
    0xFF, 0x9F, 0xFC, 0x7F, 0xE0, 0xFF, 0xDF, 0xFB, 0xFF, 0x7F, 0xEF, 0x01, 0xE0, 0x3C, 0x07, 0x80,
    0xF0, 0x1E, 0x03, 0xC0, 0x78, 0x0F, 0x01, 0xE0, 0x3C, 0x07, 0x80, 0xF0, 0x00, 0x0F, 0xFE, 0x03,
    0xFF, 0xC0, 0xFF, 0xF0, 0x3F, 0xFC, 0x0F, 0x0F, 0x03, 0xC3, 0xC0, 0xE0, 0xF0, 0x38, 0x3C, 0x0E,
    0x0F, 0x03, 0x83, 0xC1, 0xE0, 0xF0, 0x78, 0x3C, 0x1E, 0x0F, 0x0F, 0x03, 0xCF, 0xFF, 0xFF, 0xFF,
    0xFF, 0xFF, 0xFF, 0xFC, 0x00, 0xFF, 0x00, 0x3F, 0xC0, 0x0F, 0xE0, 0x03, 0x80, 0x7F, 0xCF, 0xFD,
    0xFF, 0xBF, 0xF7, 0x80, 0xF0, 0x1E, 0x03, 0xFE, 0x7F, 0xCF, 0xF9, 0xE0, 0x3C, 0x07, 0x80, 0xF0,
    0x1F, 0xFB, 0xFF, 0x7F, 0xE0, 0x70, 0x38, 0x1C, 0xF0, 0xF0, 0x78, 0xF1, 0xE1, 0xE1, 0xE3, 0xC7,
    0xC1, 0xE7, 0x8F, 0x01, 0xEF, 0x3C, 0x03, 0xDE, 0xF8, 0x03, 0xFF, 0xE0, 0x07, 0xFF, 0xC0, 0x0F,
    0xFF, 0x80, 0x3D, 0xEF, 0x80, 0xFB, 0xCF, 0x01, 0xE7, 0x8F, 0x07, 0xCF, 0x1F, 0x0F, 0x1E, 0x1E,
    0x3C, 0x3C, 0x3E, 0xF8, 0x78, 0x3E, 0x1F, 0x83, 0xFF, 0x1F, 0xFC, 0xFF, 0xE0, 0x0F, 0x00, 0x78,
    0x07, 0xC3, 0xFC, 0x1F, 0xC0, 0xFF, 0x00, 0x7C, 0x01, 0xF0, 0x07, 0xA0, 0x79, 0xFF, 0xCF, 0xFC,
    0x7F, 0xC0, 0x00, 0x00, 0xE0, 0x3F, 0xC1, 0xFF, 0x0F, 0xFC, 0x3F, 0xF1, 0xFF, 0xC7, 0xFF, 0x3F,
    0xFC, 0xEF, 0xF7, 0xBF, 0xDC, 0xFF, 0xF3, 0xFF, 0x8F, 0xFE, 0x3F, 0xF0, 0xFF, 0xC3, 0xFE, 0x0F,
    0xF8, 0x3C, 0x18, 0x70, 0xF3, 0xC1, 0xFE, 0x03, 0xF0, 0x00, 0x03, 0x80, 0xFF, 0x07, 0xFC, 0x3F,
    0xF0, 0xFF, 0xC7, 0xFF, 0x1F, 0xFC, 0xFF, 0xF3, 0xBF, 0xDE, 0xFF, 0x73, 0xFF, 0xCF, 0xFE, 0x3F,
    0xF8, 0xFF, 0xC3, 0xFF, 0x0F, 0xF8, 0x3F, 0xE0, 0xF0, 0xE0, 0x3B, 0xC1, 0xEF, 0x0F, 0x3C, 0x7C,
    0xF1, 0xE3, 0xCF, 0x0F, 0x78, 0x3F, 0xE0, 0xFF, 0x03, 0xFE, 0x0F, 0x7C, 0x3C, 0xF0, 0xF1, 0xE3,
    0xC7, 0xCF, 0x0F, 0x3C, 0x1E, 0xF0, 0x7C, 0x0F, 0xFE, 0x3F, 0xFC, 0x7F, 0xF8, 0xFF, 0xF1, 0xE1,
    0xE3, 0xC3, 0xC7, 0x87, 0x8F, 0x0F, 0x1E, 0x1E, 0x3C, 0x3C, 0x78, 0x78, 0xF0, 0xF1, 0xE1, 0xE7,
    0x83, 0xFF, 0x07, 0xFE, 0x0F, 0xF8, 0x1E, 0x00, 0x00, 0xF8, 0x07, 0xBE, 0x03, 0xFF, 0xC0, 0xFF,
    0xF0, 0x3F, 0xFC, 0x1F, 0xFF, 0x87, 0xFF, 0xE1, 0xFF, 0xB8, 0xFF, 0xEE, 0x3B, 0xFB, 0xCE, 0xFE,
    0x77, 0xBF, 0x9D, 0xCF, 0xE7, 0xF3, 0xF8, 0xFC, 0xFE, 0x3E, 0x3F, 0x8F, 0x8F, 0xE1, 0xE3, 0xC0,
    0xE0, 0x3B, 0xC0, 0xFF, 0x03, 0xFC, 0x0F, 0xF0, 0x3F, 0xC0, 0xFF, 0x03, 0xFF, 0xFF, 0xFF, 0xFF,
    0xFF, 0xFF, 0x03, 0xFC, 0x0F, 0xF0, 0x3F, 0xC0, 0xFF, 0x03, 0xFC, 0x0F, 0xF0, 0x3C, 0x07, 0xE0,
    0x1F, 0xF8, 0x3F, 0xFC, 0x7F, 0xFE, 0x78, 0x1E, 0xF8, 0x1E, 0xF0, 0x1F, 0xF0, 0x0F, 0xF0, 0x0F,
    0xF0, 0x0F, 0xF0, 0x0F, 0xF0, 0x1F, 0x78, 0x1E, 0x7C, 0x3E, 0x3F, 0xFC, 0x3F, 0xF8, 0x0F, 0xF0,
    0x00, 0x00, 0xFF, 0xFB, 0xFF, 0xFF, 0xFF, 0xFF, 0xFF, 0xF0, 0x3F, 0xC0, 0xFF, 0x03, 0xFC, 0x0F,
    0xF0, 0x3F, 0xC0, 0xFF, 0x03, 0xFC, 0x0F, 0xF0, 0x3F, 0xC0, 0xFF, 0x03, 0xFC, 0x0F, 0xF0, 0x3C,
    0x7F, 0x03, 0xFE, 0x1F, 0xFC, 0xFF, 0xE7, 0x8F, 0x3C, 0x7D, 0xE3, 0xCF, 0x1E, 0x7F, 0xF3, 0xFF,
    0x1F, 0xF0, 0xFC, 0x07, 0x80, 0x3C, 0x01, 0xE0, 0x0F, 0x00, 0x78, 0x00, 0x03, 0xE0, 0xFF, 0xCF,
    0xFE, 0xFF, 0xE7, 0xC0, 0x7C, 0x03, 0xC0, 0x1E, 0x00, 0xF0, 0x07, 0x80, 0x3C, 0x01, 0xF0, 0x07,
    0x80, 0x3E, 0x08, 0xFF, 0xE7, 0xFF, 0x0F, 0xF0, 0x00, 0x00, 0x7F, 0xFF, 0xFF, 0xFF, 0xFF, 0xFF,
    0xF0, 0x78, 0x03, 0xC0, 0x1E, 0x00, 0xF0, 0x07, 0x80, 0x3C, 0x01, 0xE0, 0x0F, 0x00, 0x78, 0x03,
    0xC0, 0x1E, 0x00, 0xF0, 0x07, 0x80, 0xF0, 0x1F, 0xF0, 0x3D, 0xE0, 0xF3, 0xC1, 0xE3, 0xC3, 0x87,
    0x8F, 0x07, 0x9E, 0x0F, 0x78, 0x0E, 0xF0, 0x1F, 0xC0, 0x1F, 0x80, 0x3E, 0x00, 0x7C, 0x00, 0xF0,
    0x1F, 0xE0, 0x3F, 0x80, 0x7E, 0x00, 0x00, 0x00, 0x00, 0xE0, 0x00, 0x3C, 0x00, 0x1F, 0xF0, 0x0F,
    0xFF, 0x83, 0xFF, 0xF8, 0xFB, 0xCF, 0xBE, 0x78, 0xF7, 0x8F, 0x0F, 0xF1, 0xE1, 0xFE, 0x3C, 0x3F,
    0xC7, 0x8F, 0x3C, 0xF1, 0xE7, 0xFF, 0xFC, 0x7F, 0xFF, 0x03, 0xFF, 0x80, 0x0F, 0x00, 0x01, 0xE0,
    0x00, 0x1C, 0x00, 0x70, 0x1E, 0x78, 0x3E, 0x7C, 0x3C, 0x3C, 0x78, 0x1E, 0x78, 0x1E, 0xF0, 0x0F,
    0xE0, 0x0F, 0xE0, 0x07, 0xC0, 0x07, 0xE0, 0x0F, 0xE0, 0x1F, 0xF0, 0x1E, 0xF8, 0x3C, 0x78, 0x7C,
    0x3C, 0x78, 0x3E, 0xF0, 0x1E, 0xE0, 0x38, 0xF0, 0x3C, 0xF0, 0x3C, 0xF0, 0x3C, 0xF0, 0x3C, 0xF0,
    0x3C, 0xF0, 0x3C, 0xF0, 0x3C, 0xF0, 0x3C, 0xF0, 0x3C, 0xF0, 0x3C, 0xF0, 0x3C, 0xF0, 0x3C, 0xF0,
    0x3C, 0xFF, 0xFF, 0xFF, 0xFF, 0xFF, 0xFF, 0x00, 0x0F, 0x00, 0x0F, 0x00, 0x0F, 0x00, 0x0E, 0x70,
    0x3B, 0xC0, 0xFF, 0x03, 0xFC, 0x0F, 0xF0, 0x3F, 0xC0, 0xFF, 0x03, 0xFE, 0x0F, 0x7F, 0xFD, 0xFF,
    0xF3, 0xFF, 0xC1, 0x8F, 0x00, 0x3C, 0x00, 0xF0, 0x03, 0xC0, 0x0F, 0x00, 0x3C, 0x70, 0x38, 0x39,
    0xE1, 0xE0, 0xF7, 0x87, 0x83, 0xDE, 0x1E, 0x0F, 0x78, 0x78, 0x3D, 0xE1, 0xE0, 0xF7, 0x87, 0x83,
    0xDE, 0x1E, 0x0F, 0x78, 0x78, 0x3D, 0xE1, 0xE0, 0xF7, 0x87, 0x83, 0xDE, 0x1E, 0x0F, 0x78, 0x78,
    0x3D, 0xE1, 0xE0, 0xF7, 0xFF, 0xFF, 0xDF, 0xFF, 0xFF, 0x7F, 0xFF, 0xFC, 0x70, 0x38, 0x38, 0x78,
    0x78, 0x3C, 0x78, 0x78, 0x3C, 0x78, 0x78, 0x3C, 0x78, 0x78, 0x3C, 0x78, 0x78, 0x3C, 0x78, 0x78,
    0x3C, 0x78, 0x78, 0x3C, 0x78, 0x78, 0x3C, 0x78, 0x78, 0x3C, 0x78, 0x78, 0x3C, 0x78, 0x78, 0x3C,
    0x78, 0x78, 0x3C, 0x78, 0x78, 0x3C, 0x7F, 0xFF, 0xFF, 0x7F, 0xFF, 0xFF, 0x7F, 0xFF, 0xFF, 0x00,
    0x00, 0x0F, 0x00, 0x00, 0x0F, 0x00, 0x00, 0x0F, 0x00, 0x00, 0x0F, 0x7F, 0x00, 0x7F, 0x80, 0x3F,
    0xC0, 0x1F, 0xE0, 0x00, 0xF0, 0x00, 0x78, 0x00, 0x3F, 0xE0, 0x1F, 0xFC, 0x0F, 0xFF, 0x07, 0x9F,
    0x83, 0xC3, 0xC1, 0xE1, 0xE0, 0xF0, 0xF0, 0x78, 0x78, 0x3F, 0xFC, 0x1F, 0xFC, 0x0F, 0xFC, 0x00,
    0xE0, 0x03, 0xBC, 0x01, 0xEF, 0x00, 0x7B, 0xC0, 0x1E, 0xF0, 0x07, 0xBC, 0x01, 0xEF, 0xF0, 0x7B,
    0xFF, 0x1E, 0xFF, 0xE7, 0xBC, 0xFD, 0xEF, 0x0F, 0x7B, 0xC3, 0xDE, 0xF0, 0xF7, 0xBC, 0x7D, 0xEF,
    0xFE, 0x7B, 0xFF, 0x1E, 0xFF, 0x87, 0x80, 0xE0, 0x0F, 0x00, 0xF0, 0x0F, 0x00, 0xF0, 0x0F, 0x00,
    0xFF, 0x0F, 0xFC, 0xFF, 0xEF, 0x7F, 0xF0, 0xFF, 0x0F, 0xF0, 0xFF, 0x1F, 0xFF, 0xEF, 0xFE, 0xFF,
    0x80, 0x1F, 0x81, 0xFF, 0x87, 0xFF, 0x1F, 0xFE, 0x00, 0x78, 0x01, 0xF0, 0x03, 0xC7, 0xFF, 0x1F,
    0xFC, 0x7F, 0xF0, 0x03, 0xC0, 0x0F, 0x00, 0x79, 0x03, 0xE7, 0xFF, 0x1F, 0xFC, 0x7F, 0xC0, 0x00,
    0x00, 0xE0, 0x3E, 0x07, 0x87, 0xFC, 0x3C, 0x7F, 0xF1, 0xE3, 0xFF, 0xCF, 0x3C, 0x1F, 0x79, 0xE0,
    0x7B, 0xCF, 0x03, 0xDF, 0xF0, 0x1E, 0xFF, 0x80, 0xF7, 0xFC, 0x07, 0xBC, 0xE0, 0x3D, 0xE7, 0x81,
    0xEF, 0x3C, 0x0F, 0x79, 0xF0, 0xF3, 0xC7, 0xFF, 0x9E, 0x1F, 0xF8, 0xF0, 0x7F, 0x80, 0x00, 0x00,
    0x00, 0x01, 0xF8, 0x3F, 0xF1, 0xFF, 0xCF, 0xFF, 0x3C, 0x3C, 0xF0, 0xF3, 0xC3, 0xCF, 0x8F, 0x3F,
    0xFC, 0x7F, 0xF0, 0xFF, 0xC3, 0xCF, 0x1E, 0x3C, 0xF8, 0xF3, 0xC3, 0xDF, 0x0F, 0x78, 0x3C, 0x1F,
    0xC1, 0xFF, 0x0F, 0xFC, 0x61, 0xE0, 0x0F, 0x07, 0xF8, 0xFF, 0xCF, 0xFE, 0x78, 0xF3, 0xC7, 0x9F,
    0xFC, 0xFF, 0xE3, 0xF7, 0x00, 0x00, 0x01, 0xE0, 0x7F, 0x0F, 0xF8, 0x7F, 0xC7, 0xC0, 0x78, 0x03,
    0xDF, 0x1F, 0xFC, 0xFF, 0xF7, 0xC7, 0xBC, 0x3D, 0xE0, 0xFF, 0x07, 0xF8, 0x7B, 0xC3, 0xCF, 0xFE,
    0x3F, 0xE0, 0xFE, 0x00, 0x00, 0x7F, 0x8F, 0xFE, 0xFF, 0xEF, 0x1F, 0xF0, 0xFF, 0xFE, 0xFF, 0xCF,
    0xFE, 0xF0, 0xFF, 0x0F, 0xFF, 0xFF, 0xFE, 0xFF, 0xC0, 0x7F, 0x9F, 0xF7, 0xFD, 0xE0, 0x78, 0x1E,
    0x07, 0x81, 0xE0, 0x78, 0x1E, 0x07, 0x81, 0xE0, 0x78, 0x00, 0x1F, 0xF8, 0x3F, 0xF0, 0x7F, 0xE0,
    0xE3, 0xC1, 0xC7, 0x83, 0x8F, 0x07, 0x1E, 0x1E, 0x3C, 0x3C, 0x78, 0x78, 0xF3, 0xFF, 0xF7, 0xFF,
    0xFF, 0xFF, 0xFE, 0x03, 0xFC, 0x07, 0xF8, 0x0F, 0x00, 0x00, 0x0F, 0xC0, 0xFF, 0x0F, 0xFC, 0xF9,
    0xE7, 0x87, 0xBF, 0xFD, 0xFF, 0xEF, 0xFF, 0x78, 0x03, 0xC0, 0x0F, 0xFC, 0x7F, 0xE0, 0xFF, 0x00,
    0x00, 0x70, 0xF0, 0xE7, 0x8F, 0x1E, 0x3C, 0xF3, 0xC3, 0xCF, 0x38, 0x1E, 0xF7, 0x80, 0xFF, 0xF0,
    0x0F, 0xFF, 0x00, 0xFF, 0xF0, 0x1E, 0xF7, 0x83, 0xEF, 0x7C, 0x3C, 0xF3, 0xC7, 0x8F, 0x1E, 0xF8,
    0xF1, 0xF0, 0x3F, 0x8F, 0xF9, 0xFF, 0x90, 0xF0, 0x1E, 0x3F, 0x87, 0xE0, 0xFE, 0x01, 0xE0, 0x3D,
    0xFF, 0xBF, 0xF7, 0xF8, 0x00, 0x00, 0x70, 0x7B, 0x87, 0xDC, 0x7E, 0xE3, 0xF7, 0x3F, 0xB9, 0xFD,
    0xDD, 0xEE, 0xEF, 0x7E, 0x7B, 0xF3, 0xDF, 0x1E, 0xF8, 0xF7, 0x87, 0x80, 0x38, 0xE1, 0xE7, 0x07,
    0xF8, 0x1F, 0x80, 0x00, 0x38, 0x3D, 0xC3, 0xEE, 0x3F, 0x71, 0xFB, 0x9F, 0xDC, 0xFE, 0xEE, 0xF7,
    0x77, 0xBF, 0x3D, 0xF9, 0xEF, 0x8F, 0x7C, 0x7B, 0xC3, 0xC0, 0x70, 0x73, 0xC7, 0x9E, 0x78, 0xF3,
    0xC7, 0xBC, 0x3F, 0xC1, 0xFE, 0x0F, 0xF0, 0x7B, 0xC3, 0xDF, 0x1E, 0x7C, 0xF1, 0xE7, 0x8F, 0x80,
    0x1F, 0xF8, 0xFF, 0xC7, 0xFE, 0x78, 0xF3, 0xC7, 0x9E, 0x3C, 0xF1, 0xE7, 0x8F, 0x3C, 0x79, 0xE3,
    0xFE, 0x1F, 0xF0, 0xFF, 0x07, 0x80, 0x00, 0x7C, 0x0F, 0x3E, 0x0F, 0xDF, 0x87, 0xEF, 0xC7, 0xF7,
    0xE3, 0xFB, 0xF9, 0xFD, 0xDD, 0xDE, 0xEE, 0xEF, 0x77, 0xF7, 0xB9, 0xF3, 0xDC, 0xF9, 0xEE, 0x3C,
    0xF7, 0x1C, 0x78, 0x70, 0x73, 0xC3, 0x9E, 0x1C, 0xF0, 0xE7, 0x87, 0x3F, 0xF9, 0xFF, 0xCF, 0xFE,
    0x78, 0x73, 0xC3, 0x9E, 0x1C, 0xF0, 0xE7, 0x87, 0x00, 0x0F, 0xC0, 0x7F, 0x83, 0xFF, 0x1F, 0x1E,
    0x78, 0x79, 0xE1, 0xE7, 0x83, 0x9E, 0x1E, 0x78, 0x79, 0xE1, 0xE3, 0xFF, 0x8F, 0xFC, 0x0F, 0xE0,
    0x00, 0x00, 0x7F, 0xF3, 0xFF, 0x9F, 0xFC, 0xF1, 0xE7, 0x8F, 0x3C, 0x79, 0xE3, 0xCF, 0x1E, 0x78,
    0xF3, 0xC7, 0x9E, 0x3C, 0xF1, 0xE7, 0x8F, 0x00, 0x73, 0xC3, 0xFF, 0x1F, 0xFC, 0xF9, 0xE7, 0x8F,
    0xBC, 0x3D, 0xE1, 0xEF, 0x0F, 0x78, 0x7B, 0xC7, 0x9F, 0xFC, 0xFF, 0xC7, 0xFE, 0x38, 0x01, 0xE0,
    0x0F, 0x00, 0x78, 0x03, 0xC0, 0x1C, 0x00, 0x07, 0xC1, 0xFE, 0x3F, 0xE7, 0xC4, 0x78, 0x07, 0x80,
    0x78, 0x07, 0x80, 0x78, 0x07, 0xC0, 0x3F, 0xE3, 0xFE, 0x1F, 0xE0, 0x00, 0xFF, 0xEF, 0xFF, 0xFF,
    0xF0, 0xF0, 0x0F, 0x00, 0xF0, 0x0F, 0x00, 0xF0, 0x0F, 0x00, 0xF0, 0x0F, 0x00, 0xF0, 0x0F, 0x00,
    0x78, 0x3C, 0xF0, 0x78, 0xF0, 0xF1, 0xE3, 0xC3, 0xC7, 0x83, 0xCE, 0x07, 0xBC, 0x07, 0x78, 0x0F,
    0xE0, 0x1F, 0xC0, 0x1F, 0x80, 0x3E, 0x00, 0x3C, 0x00, 0x70, 0x01, 0xE0, 0x1F, 0xC0, 0x7F, 0x00,
    0xFC, 0x00, 0xE0, 0x00, 0x00, 0xE0, 0x00, 0x78, 0x00, 0x1E, 0x00, 0x07, 0x80, 0x01, 0xE0, 0x01,
    0xFF, 0x01, 0xFF, 0xE0, 0xFF, 0xFC, 0x7D, 0xE7, 0x9E, 0x79, 0xF7, 0x9E, 0x3D, 0xE7, 0x8F, 0x79,
    0xE3, 0xDE, 0x78, 0xF7, 0x9E, 0x78, 0xFF, 0xFE, 0x1F, 0xFF, 0x03, 0xFF, 0x80, 0x1E, 0x00, 0x07,
    0x80, 0x01, 0xE0, 0x00, 0x78, 0x00, 0x1E, 0x00, 0x03, 0x80, 0xF0, 0x79, 0xE3, 0xE7, 0xCF, 0x0F,
    0x78, 0x1F, 0xE0, 0x7F, 0x00, 0xF8, 0x07, 0xF0, 0x1F, 0xC0, 0xF7, 0x87, 0xCF, 0x1E, 0x3C, 0xF0,
    0x78, 0x70, 0xF3, 0xC3, 0xCF, 0x0F, 0x3C, 0x3C, 0xF0, 0xF3, 0xC3, 0xCF, 0x0F, 0x3C, 0x3C, 0xF0,
    0xF3, 0xC3, 0xCF, 0xFF, 0xFF, 0xFF, 0xFF, 0xFC, 0x00, 0xF0, 0x03, 0xC0, 0x0F, 0x00, 0x00, 0xF0,
    0xFF, 0x0F, 0xF0, 0xFF, 0x0F, 0xF0, 0xFF, 0x0F, 0xFF, 0xF7, 0xFF, 0x3F, 0xF0, 0x0F, 0x00, 0xF0,
    0x0F, 0x00, 0xF0, 0x70, 0xF0, 0xE7, 0x8F, 0x1E, 0x78, 0xF1, 0xE7, 0x8F, 0x1E, 0x78, 0xF1, 0xE7,
    0x8F, 0x1E, 0x78, 0xF1, 0xE7, 0x8F, 0x1E, 0x78, 0xF1, 0xE7, 0x8F, 0x1E, 0x7F, 0xFF, 0xE7, 0xFF,
    0xFE, 0x7F, 0xFF, 0xE0, 0x70, 0xF1, 0xE3, 0xC7, 0x8F, 0x1E, 0x3C, 0x78, 0xF1, 0xE3, 0xC7, 0x8F,
    0x1E, 0x3C, 0x78, 0xF1, 0xE3, 0xC7, 0x8F, 0x1E, 0x3C, 0x78, 0xF1, 0xE3, 0xC7, 0x8F, 0x1F, 0xFF,
    0xFE, 0xFF, 0xFF, 0xF7, 0xFF, 0xFF, 0x80, 0x00, 0x3C, 0x00, 0x01, 0xE0, 0x00, 0x0F, 0x00, 0x00,
    0x00, 0xFE, 0x01, 0xFC, 0x03, 0xF8, 0x00, 0xF0, 0x01, 0xFE, 0x03, 0xFF, 0x07, 0xFF, 0x0F, 0x1F,
    0x1E, 0x1E, 0x3C, 0x3C, 0x7F, 0xF0, 0xFF, 0xE1, 0xFF, 0x80, 0x70, 0x07, 0xBC, 0x03, 0xDE, 0x01,
    0xEF, 0x00, 0xF7, 0xF0, 0x7B, 0xFE, 0x3D, 0xFF, 0x9E, 0xF3, 0xEF, 0x78, 0xF7, 0xBC, 0x7B, 0xDF,
    0xF9, 0xEF, 0xFC, 0xF7, 0xFC, 0x78, 0x70, 0x07, 0x80, 0x78, 0x07, 0x80, 0x7F, 0x07, 0xFC, 0x7F,
    0xE7, 0x9F, 0x78, 0xF7, 0x8F, 0x7F, 0xF7, 0xFE, 0x7F, 0xC0, 0x3F, 0x07, 0xF8, 0x7F, 0xC2, 0x3E,
    0x01, 0xE1, 0xFE, 0x3F, 0xE3, 0xFE, 0x01, 0xE0, 0x1E, 0x7F, 0xC7, 0xFC, 0x7F, 0x80, 0x00, 0x70,
    0x7C, 0x1E, 0x3F, 0xC7, 0x9F, 0xF9, 0xEF, 0x9E, 0x7B, 0xC3, 0x9F, 0xF0, 0xF7, 0xFC, 0x3D, 0xFF,
    0x0F, 0x7B, 0xC3, 0xDE, 0xF1, 0xE7, 0x9F, 0xF9, 0xE7, 0xFC, 0x78, 0xFE, 0x00, 0x00, 0x00, 0x0F,
    0xF1, 0xFF, 0x9F, 0xFC, 0xF1, 0xE7, 0x8F, 0x3E, 0x78, 0xFF, 0xC7, 0xFE, 0x1F, 0xF1, 0xF7, 0x8F,
    0x3C, 0xF1, 0xEF, 0x8F, 0x00, 0x1E, 0x00, 0x78, 0x01, 0xC0, 0x07, 0x00, 0x00, 0x07, 0xE0, 0x7F,
    0x87, 0xFE, 0x7C, 0xF3, 0xC3, 0xDF, 0xFE, 0xFF, 0xF7, 0xFF, 0xBC, 0x01, 0xE0, 0x07, 0xFE, 0x3F,
    0xF0, 0x7F, 0x80, 0x00, 0x00, 0x00, 0xE7, 0x07, 0x78, 0x39, 0xC0, 0x00, 0x07, 0xE0, 0x7F, 0x87,
    0xFE, 0x7C, 0xF3, 0xC3, 0xDF, 0xFE, 0xFF, 0xF7, 0xFF, 0xBC, 0x01, 0xE0, 0x07, 0xFE, 0x3F, 0xF0,
    0x7F, 0x80, 0x00, 0x38, 0x00, 0xF0, 0x0F, 0xF8, 0x3F, 0xE0, 0xFF, 0x80, 0xE0, 0x03, 0xBF, 0x0F,
    0xFE, 0x3F, 0xF8, 0xF1, 0xE3, 0xC7, 0x8F, 0x0F, 0x3C, 0x3C, 0xF0, 0xF3, 0xC3, 0xCF, 0x0F, 0x3C,
    0x3C, 0xF0, 0xF0, 0x03, 0x80, 0x1E, 0x03, 0xF8, 0x0F, 0xE0, 0x3F, 0x00, 0x70, 0x03, 0xC1, 0xE0,
    0xF0, 0x38, 0x00, 0x1F, 0xE7, 0xFD, 0xFF, 0x78, 0x1E, 0x07, 0x81, 0xE0, 0x78, 0x1E, 0x07, 0x81,
    0xE0, 0x78, 0x1E, 0x00, 0x07, 0xC1, 0xFE, 0x3F, 0xE7, 0xC4, 0x78, 0x07, 0xF8, 0x7F, 0xC7, 0xFC,
    0x78, 0x07, 0x80, 0x3F, 0xE3, 0xFE, 0x1F, 0xE0, 0x00, 0x1F, 0x87, 0xF9, 0xFF, 0x3C, 0x47, 0x80,
    0xFE, 0x0F, 0xE0, 0x7E, 0x03, 0xE0, 0x3D, 0xFF, 0xBF, 0xE7, 0xF8, 0x00, 0x00, 0x23, 0xBE, 0xE0,
    0x39, 0xCE, 0x73, 0x9C, 0xE7, 0x39, 0xCE, 0x73, 0x80, 0x65, 0xDF, 0xFB, 0x70, 0x07, 0x0F, 0x1E,
    0x3C, 0x78, 0xF1, 0xE3, 0xC7, 0x8F, 0x1E, 0x3C, 0x78, 0x0C, 0x1E, 0x1F, 0x0E, 0x00, 0x0E, 0x1E,
    0x1E, 0x1E, 0x1E, 0x1E, 0x1E, 0x1E, 0x1E, 0x1E, 0x1E, 0x1E, 0x1E, 0x1E, 0x1E, 0x7E, 0x7E, 0x7C,
    0x78, 0x1F, 0xF0, 0x01, 0xFF, 0x80, 0x1F, 0xF8, 0x01, 0xC7, 0x80, 0x1C, 0x7F, 0x81, 0xC7, 0xFE,
    0x1C, 0x7F, 0xE3, 0xC7, 0x9F, 0x3C, 0x78, 0xF3, 0xC7, 0x8F, 0xFC, 0x7F, 0xFF, 0x87, 0xFE, 0xF0,
    0x7F, 0xC0, 0x00, 0x00, 0x70, 0x70, 0x07, 0x8F, 0x00, 0x78, 0xF0, 0x07, 0x8F, 0x00, 0x78, 0xF0,
    0x07, 0xFF, 0xFC, 0x7F, 0xFF, 0xE7, 0xFF, 0xFE, 0x78, 0xF1, 0xF7, 0x8F, 0x1F, 0x78, 0xFF, 0xE7,
    0x8F, 0xFE, 0x78, 0xFF, 0xC0, 0x38, 0x00, 0xF0, 0x0F, 0xF8, 0x3F, 0xE0, 0xFF, 0x80, 0xE0, 0x03,
    0xBF, 0x0F, 0xFE, 0x3F, 0xF8, 0xF1, 0xE3, 0xC7, 0x8F, 0x0F, 0x3C, 0x3C, 0xF0, 0xF3, 0xC3, 0xCF,
    0x0F, 0x3C, 0x3C, 0xF0, 0xF0, 0x01, 0xE0, 0x1F, 0x00, 0xF0, 0x0E, 0x00, 0x00, 0x38, 0x39, 0xE3,
    0xCF, 0x3C, 0x79, 0xE3, 0xDE, 0x1F, 0xE0, 0xFF, 0x07, 0xF8, 0x3D, 0xE1, 0xEF, 0x8F, 0x3E, 0x78,
    0xF3, 0xC7, 0xC0, 0x1E, 0x00, 0xF8, 0x03, 0xC0, 0x07, 0x00, 0x00, 0x38, 0x3D, 0xC3, 0xEE, 0x3F,
    0x71, 0xFB, 0x9F, 0xDC, 0xFE, 0xEE, 0xF7, 0x77, 0xBF, 0x3D, 0xF9, 0xEF, 0x8F, 0x7C, 0x7B, 0xC3,
    0xC0, 0x1E, 0x70, 0x3C, 0xE0, 0x3F, 0xC0, 0x3F, 0x00, 0x00, 0x0F, 0x07, 0x9E, 0x0F, 0x1E, 0x1E,
    0x3C, 0x78, 0x78, 0xF0, 0x79, 0xC0, 0xF7, 0x80, 0xEF, 0x01, 0xFC, 0x03, 0xF8, 0x03, 0xF0, 0x07,
    0xC0, 0x07, 0x80, 0x0E, 0x00, 0x3C, 0x03, 0xF8, 0x0F, 0xE0, 0x1F, 0x80, 0x1C, 0x00, 0x70, 0x73,
    0xC7, 0x9E, 0x3C, 0xF1, 0xE7, 0x8F, 0x3C, 0x79, 0xE3, 0xCF, 0x1E, 0x78, 0xF3, 0xC7, 0x9F, 0xFC,
    0xFF, 0xE7, 0xFF, 0x03, 0x80, 0x1C, 0x00, 0xE0, 0x00, 0x00, 0x70, 0x70, 0x3B, 0xC1, 0xE0, 0xFF,
    0x07, 0x87, 0xFE, 0x1E, 0x1F, 0x78, 0x78, 0x79, 0xE1, 0xE1, 0xE7, 0x87, 0x87, 0x9E, 0x3F, 0x1E,
    0x7C, 0xFC, 0x78, 0xF3, 0xF1, 0xE3, 0xDF, 0xCF, 0x0F, 0x7F, 0xBC, 0x1F, 0xDE, 0xF0, 0x7F, 0x3F,
    0x80, 0xFC, 0xFE, 0x03, 0xE1, 0xF0, 0x07, 0x87, 0xC0, 0xF0, 0xF0, 0xEF, 0x0F, 0x0F, 0xF0, 0xF0,
    0xEF, 0x0F, 0x1E, 0x78, 0xF1, 0xE7, 0x8F, 0x9E, 0x78, 0xF9, 0xE3, 0x9F, 0x9C, 0x3D, 0xFB, 0xC3,
    0xFF, 0xF8, 0x1F, 0x9F, 0x81, 0xF9, 0xF0, 0x0F, 0x0F, 0x00, 0x1C, 0x00, 0x3C, 0x00, 0xF8, 0x07,
    0xFF, 0x0F, 0xFE, 0x1F, 0xF8, 0x07, 0x80, 0x0F, 0xF8, 0x1F, 0xF8, 0x3F, 0xF8, 0x78, 0xF0, 0xF0,
    0xF1, 0xE1, 0xE3, 0xC7, 0x87, 0xFF, 0x0F, 0xFC, 0x1F, 0xF0, 0x00, 0x00, 0x3C, 0x00, 0x78, 0x07,
    0xFE, 0x0F, 0xFE, 0x1F, 0xFC, 0x07, 0x80, 0x0F, 0x00, 0x1F, 0xF0, 0x3F, 0xF8, 0x7F, 0xF0, 0xF1,
    0xF1, 0xE1, 0xE3, 0xFF, 0x87, 0xFF, 0x0F, 0xFC, 0xE0, 0x1F, 0x9E, 0x0F, 0xFF, 0xC3, 0xFF, 0xF8,
    0xFF, 0xEF, 0x3E, 0x01, 0xE7, 0x80, 0x3C, 0xF0, 0x07, 0xFF, 0xFC, 0xFF, 0xFF, 0x9F, 0xFF, 0xF3,
    0xCF, 0x00, 0x79, 0xE0, 0x0F, 0x3E, 0x01, 0xE3, 0xE0, 0xBC, 0x7F, 0xFF, 0x87, 0xFF, 0xF0, 0x7F,
    0xC0, 0x00, 0x00, 0x70, 0x3F, 0x78, 0x7F, 0xFC, 0x7F, 0xDE, 0x3C, 0x2F, 0x1C, 0x07, 0xFF, 0xF3,
    0xFF, 0xF9, 0xFF, 0xFC, 0xF3, 0xC0, 0x78, 0xF0, 0x3C, 0x7F, 0xFE, 0x1F, 0xFF, 0x07, 0xF0, 0x00,
    0x00, 0x03, 0xC0, 0x01, 0xF0, 0x01, 0xF8, 0x00, 0xFE, 0x00, 0xF7, 0x00, 0x7B, 0xC0, 0x38, 0xE0,
    0x3F, 0xF0, 0x1F, 0xFC, 0x0F, 0xFE, 0x0F, 0x77, 0x87, 0x3B, 0xC7, 0x9C, 0xE3, 0xCE, 0x79, 0xC7,
    0x3D, 0xE3, 0x8E, 0xF1, 0xC7, 0x80, 0x07, 0xC0, 0x0F, 0x80, 0x3F, 0x00, 0x7F, 0x01, 0xEE, 0x03,
    0x9E, 0x0F, 0xFC, 0x1F, 0xFC, 0x3F, 0xF8, 0xF7, 0x71, 0xCE, 0xF7, 0x9C, 0xEF, 0x39, 0xE0, 0xE0,
    0x1E, 0x03, 0xC0, 0xF8, 0x0F, 0x03, 0xF0, 0x3C, 0x1F, 0xC0, 0xF0, 0x77, 0x83, 0xC3, 0xDE, 0x0F,
    0x0E, 0x38, 0x3F, 0xFF, 0xF0, 0xFF, 0xFF, 0xC3, 0xFF, 0xFF, 0x0F, 0x1D, 0xDE, 0x3C, 0xF7, 0x38,
    0xF3, 0x9C, 0xF3, 0xDE, 0x73, 0xCF, 0x79, 0xC7, 0x3D, 0xC7, 0x1E, 0xFF, 0x1C, 0x78, 0x70, 0x3E,
    0x07, 0x03, 0xE0, 0x70, 0x7E, 0x07, 0x07, 0x70, 0x70, 0xF7, 0x07, 0xFF, 0xF8, 0x7F, 0xFF, 0x87,
    0xFF, 0xFC, 0x71, 0xDD, 0xC7, 0x3D, 0xDC, 0x73, 0x9D, 0xE7, 0x79, 0xCE, 0x77, 0x9C, 0xF0, 0x3F,
    0xFF, 0x0F, 0xFF, 0xE3, 0xFF, 0xF8, 0x7F, 0xFC, 0x0E, 0x1E, 0x03, 0xCF, 0x00, 0x7F, 0x80, 0x1F,
    0xE0, 0x0F, 0xFE, 0x07, 0xFF, 0x83, 0xFF, 0xF0, 0xF7, 0xBC, 0x3D, 0xE7, 0x9E, 0x79, 0xE7, 0x9E,
    0x79, 0xE7, 0x8F, 0xF1, 0xE3, 0xC0, 0x7F, 0xF8, 0xFF, 0xF0, 0xFF, 0xE1, 0xE7, 0x81, 0xEE, 0x01,
    0xF8, 0x07, 0xF8, 0x1F, 0xF8, 0x3F, 0xF8, 0xFF, 0x71, 0xDE, 0xE7, 0xBD, 0xEF, 0x79, 0xC0, 0xE3,
    0xFF, 0xF1, 0xE7, 0xFF, 0xF3, 0xCF, 0xFF, 0xE7, 0x8F, 0xFF, 0x8F, 0x0F, 0x1E, 0x1E, 0x0E, 0x78,
    0x3C, 0x1F, 0xE0, 0x7F, 0xFF, 0xC0, 0xFF, 0xFF, 0xE1, 0xFF, 0xFF, 0xE3, 0xC7, 0xFF, 0xC7, 0x9E,
    0xF3, 0xCF, 0x3D, 0xE7, 0x9E, 0x73, 0xCF, 0x3D, 0xE7, 0x8F, 0x7B, 0xCF, 0x1E, 0xF7, 0x9E, 0x3C,
    0x73, 0xFF, 0xCE, 0x7F, 0xF9, 0xCF, 0xFF, 0x38, 0xF3, 0xC7, 0x0F, 0xF0, 0xFF, 0xFC, 0x1F, 0xFF,
    0xC3, 0xFF, 0xFC, 0x73, 0xFF, 0xCE, 0x77, 0xB9, 0xCE, 0xF7, 0x3B, 0xDE, 0xF7, 0x73, 0xCE, 0x38,
    0x70, 0x73, 0xC0, 0xFC, 0x03, 0xF0, 0x7F, 0xF1, 0xFF, 0xE7, 0xCF, 0x88, 0x1E, 0x00, 0x78, 0x03,
    0xE1, 0xFF, 0x07, 0xF8, 0x1F, 0xF0, 0x03, 0xE0, 0x03, 0xC0, 0x0F, 0x00, 0x7C, 0x3F, 0xE7, 0xFF,
    0x1F, 0xF8, 0xFC, 0x03, 0xC0, 0x0F, 0xFE, 0x1F, 0xF8, 0x3F, 0xE0, 0x00, 0x00, 0x00, 0x63, 0x9F,
    0x1F, 0xE3, 0xF8, 0x7F, 0xE7, 0xFF, 0x20, 0xF0, 0x0F, 0x1F, 0xE1, 0xFC, 0x0F, 0xE0, 0x0F, 0x00,
    0xF0, 0xFF, 0x7F, 0xE7, 0xFC, 0xF8, 0x0F, 0x00, 0xFF, 0xC7, 0xFC, 0x3F, 0xC0, 0x00, 0x70, 0xC3,
    0x9C, 0x78, 0xE7, 0x1E, 0x39, 0xC7, 0x8E, 0x71, 0xE3, 0x9C, 0x78, 0xE7, 0x1E, 0x39, 0xE7, 0x8E,
    0x79, 0xE7, 0x9F, 0x7B, 0xE3, 0xFF, 0xF0, 0x7F, 0xF8, 0x0F, 0xFC, 0x00, 0x78, 0x00, 0x1E, 0x00,
    0x07, 0x80, 0x01, 0xE0, 0x00, 0x01, 0xC0, 0x00, 0xE0, 0x00, 0x70, 0x00, 0x38, 0x00, 0x1C, 0x03,
    0x8E, 0x7B, 0xC7, 0x3D, 0xE3, 0x8E, 0xF1, 0xC7, 0xF8, 0xE3, 0xFC, 0x71, 0xFE, 0x38, 0xFF, 0x1C,
    0x7F, 0x8E, 0x3D, 0xE7, 0x3C, 0xFF, 0xFE, 0x3F, 0xFE, 0x0F, 0xFE, 0x00, 0xF8, 0x00, 0x38, 0x00,
    0x1C, 0x00, 0x0E, 0x00, 0x07, 0x00, 0x03, 0x80, 0x07, 0xE0, 0x1F, 0xF8, 0x3F, 0xFC, 0x7E, 0x7E,
    0x78, 0x1E, 0xF0, 0x0F, 0xF0, 0x0F, 0xFF, 0xFF, 0xFF, 0xFF, 0xFF, 0xFF, 0xF0, 0x0F, 0xF0, 0x0F,
    0x78, 0x1F, 0x7C, 0x1E, 0x3F, 0xFE, 0x3F, 0xFC, 0x0F, 0xF0, 0x00, 0x00, 0x1F, 0x81, 0xFE, 0x1F,
    0xF9, 0xF3, 0xEF, 0x0F, 0x7F, 0xFB, 0xFF, 0xDF, 0xFE, 0xF0, 0xF7, 0x87, 0x9F, 0xFC, 0xFF, 0xC1,
    0xFC, 0x00, 0x00, 0xE0, 0x07, 0x78, 0x07, 0xBC, 0x07, 0xCF, 0x07, 0xE7, 0x83, 0xC3, 0xC1, 0xE0,
    0xF1, 0xE0, 0x78, 0xF0, 0x3C, 0x78, 0x0F, 0x78, 0x07, 0xBC, 0x03, 0xDE, 0x00, 0xFE, 0x00, 0x7F,
    0x00, 0x3F, 0x00, 0x0F, 0x80, 0x07, 0xC0, 0x00, 0xF0, 0x3F, 0xC1, 0xF7, 0x07, 0xDE, 0x3E, 0x78,
    0xF0, 0xE3, 0x83, 0xDE, 0x0F, 0x78, 0x1F, 0xC0, 0x7F, 0x00, 0xFC, 0x03, 0xE0, 0x0F, 0x80, 0x3B,
    0x80, 0x1F, 0xE0, 0x07, 0x78, 0x01, 0xDC, 0x00, 0x00, 0x07, 0x00, 0x3B, 0xC0, 0x3D, 0xE0, 0x3E,
    0x78, 0x3F, 0x3C, 0x1E, 0x1E, 0x0F, 0x07, 0x8F, 0x03, 0xC7, 0x81, 0xE3, 0xC0, 0x7B, 0xC0, 0x3D,
    0xE0, 0x1E, 0xF0, 0x07, 0xF0, 0x03, 0xF8, 0x01, 0xF8, 0x00, 0x7C, 0x00, 0x3E, 0x00, 0x77, 0x81,
    0xFE, 0x03, 0xBC, 0x07, 0x70, 0x00, 0x03, 0xC0, 0xFF, 0x07, 0xDC, 0x1F, 0x78, 0xF9, 0xE3, 0xC3,
    0x8E, 0x0F, 0x78, 0x3D, 0xE0, 0x7F, 0x01, 0xFC, 0x03, 0xF0, 0x0F, 0x80, 0x3E, 0x00, 0x07, 0xC0,
    0x00, 0x00, 0x7F, 0xC0, 0x00, 0x03, 0xFF, 0x80, 0x00, 0x1F, 0xFF, 0x00, 0x00, 0x78, 0x3E, 0xF0,
    0x7B, 0xE0, 0x7B, 0xE1, 0xEF, 0x01, 0xE7, 0x87, 0xBC, 0x07, 0x9E, 0x3C, 0xF0, 0x1E, 0x3C, 0xF3,
    0xC0, 0x78, 0xF3, 0xCF, 0x01, 0xE3, 0xDE, 0x3C, 0x07, 0x87, 0xF8, 0x78, 0x1E, 0x1F, 0xC1, 0xF0,
    0xF0, 0x3F, 0x07, 0xFF, 0xC0, 0xFC, 0x0F, 0xFE, 0x03, 0xE0, 0x0F, 0xF0, 0x07, 0x80, 0x00, 0x00,
    0x1E, 0x00, 0x00, 0x00, 0xF0, 0x00, 0x00, 0x1F, 0xC0, 0x00, 0x00, 0x7E, 0x00, 0x00, 0x01, 0xF0,
    0x00, 0x00, 0x07, 0x00, 0x00, 0x1F, 0x87, 0x83, 0xCF, 0xF1, 0xE0, 0xF7, 0xFE, 0x78, 0x7B, 0xE7,
    0xCF, 0x1E, 0xF0, 0xF3, 0xC7, 0xBC, 0x3C, 0x71, 0xCF, 0x0F, 0x1E, 0xF3, 0xC3, 0xC7, 0xBC, 0xF0,
    0xF0, 0xFE, 0x3C, 0x3C, 0x3F, 0x87, 0xFF, 0x07, 0xC1, 0xFF, 0x81, 0xF0, 0x1F, 0xC0, 0x7C, 0x00,
    0x00, 0x1E, 0x00, 0x00, 0x07, 0x80, 0x00, 0x0F, 0xC0, 0x00, 0x07, 0xF0, 0x00, 0x01, 0xF8, 0x00,
    0x00, 0x38, 0x00, 0x01, 0xC0, 0x01, 0xF0, 0x07, 0xFF, 0x07, 0xFF, 0xC7, 0xFF, 0xF3, 0xEE, 0xFB,
    0xE0, 0x3F, 0xE0, 0x0F, 0xF0, 0x07, 0xF8, 0x03, 0xFC, 0x01, 0xFE, 0x00, 0xFF, 0x80, 0xFB, 0xC0,
    0x79, 0xF7, 0x7C, 0x7F, 0xFC, 0x1F, 0xFC, 0x07, 0xFC, 0x00, 0x70, 0x00, 0x10, 0x00, 0x03, 0x00,
    0x3F, 0x03, 0xFE, 0x1F, 0xFC, 0x7F, 0xFB, 0xC1, 0xFF, 0x03, 0xFC, 0x0F, 0xF0, 0x3F, 0xC0, 0xFF,
    0xB7, 0x9F, 0xFE, 0x3F, 0xF0, 0x7F, 0x80, 0x70, 0x00, 0x00, 0x00, 0x70, 0x00, 0x01, 0xFC, 0x00,
    0x07, 0xFC, 0x00, 0x0E, 0xF8, 0x00, 0x07, 0x80, 0x00, 0x07, 0x00, 0x00, 0x0E, 0x00, 0x00, 0x38,
    0x00, 0x07, 0x03, 0xC0, 0x3F, 0x8F, 0xE0, 0xFF, 0x1F, 0xE3, 0xEE, 0x3B, 0xE7, 0x80, 0x03, 0xDE,
    0x00, 0x03, 0xFC, 0x00, 0x07, 0xF8, 0x00, 0x0F, 0xF0, 0x00, 0x1F, 0xE0, 0xF0, 0x3F, 0xC1, 0xE0,
    0x7F, 0x83, 0xC1, 0xF7, 0x87, 0x83, 0xCF, 0x8F, 0x8F, 0x8F, 0xFF, 0xFE, 0x1F, 0xFF, 0xFC, 0x0F,
    0xEF, 0xE0, 0x00, 0x00, 0x00, 0x03, 0xE0, 0x00, 0x7F, 0xC0, 0x07, 0xFC, 0x00, 0x7F, 0xC0, 0x01,
    0xE0, 0x00, 0x0E, 0x00, 0x00, 0xE0, 0x00, 0x18, 0x00, 0x1F, 0x0F, 0x03, 0xF9, 0xFC, 0x7F, 0x1F,
    0xEF, 0x80, 0x9E, 0xF0, 0x01, 0xEF, 0x00, 0x0F, 0xF0, 0xF0, 0xFF, 0x0F, 0x0F, 0xF0, 0xF1, 0xFF,
    0x8F, 0x1E, 0x7F, 0xFF, 0xE7, 0xFF, 0xFC, 0x3F, 0x9F, 0x80, 0x00, 0x00, 0x03, 0xFF, 0x00, 0x0F,
    0xFC, 0x00, 0x13, 0x60, 0x00, 0x00, 0x00, 0x70, 0x70, 0x3B, 0xC1, 0xE0, 0xFF, 0x07, 0x87, 0xFE,
    0x1E, 0x1F, 0x78, 0x78, 0x79, 0xE1, 0xE1, 0xE7, 0x87, 0x87, 0x9E, 0x3F, 0x1E, 0x7C, 0xFC, 0x78,
    0xF3, 0xF1, 0xE3, 0xDF, 0xCF, 0x0F, 0x7F, 0xBC, 0x1F, 0xDE, 0xF0, 0x7F, 0x3F, 0x80, 0xFC, 0xFE,
    0x03, 0xE1, 0xF0, 0x07, 0x87, 0xC0, 0x07, 0xFE, 0x00, 0x7F, 0xE0, 0x02, 0x6C, 0x00, 0x00, 0x00,
    0xF0, 0xF0, 0xEF, 0x0F, 0x0F, 0xF0, 0xF0, 0xEF, 0x0F, 0x1E, 0x78, 0xF1, 0xE7, 0x8F, 0x9E, 0x78,
    0xF9, 0xE3, 0x9F, 0x9C, 0x3D, 0xFB, 0xC3, 0xFF, 0xF8, 0x1F, 0x9F, 0x81, 0xF9, 0xF0, 0x0F, 0x0F,
    0x00, 0x03, 0xE0, 0x3F, 0xF3, 0xFF, 0xCF, 0xFE, 0x7C, 0x01, 0xE0, 0x0F, 0x00, 0x3C, 0x00, 0xF0,
    0x03, 0xC0, 0x0F, 0x00, 0x3E, 0x00, 0x78, 0x01, 0xF0, 0x03, 0xFF, 0x07, 0xFC, 0x0F, 0xF0, 0x03,
    0xC0, 0x0F, 0x00, 0x3C, 0x00, 0xF0, 0x03, 0xC0, 0x07, 0x00, 0x1F, 0x87, 0xF9, 0xFF, 0x7C, 0x6F,
    0x01, 0xE0, 0x3C, 0x07, 0x80, 0xF0, 0x1F, 0x01, 0xFE, 0x3F, 0xC1, 0xF8, 0x0F, 0x01, 0xE0, 0x3C,
    0x07, 0x80, 0xF0, 0x0E, 0x00, 0x00, 0x00, 0x0E, 0x08, 0xC1, 0xFC, 0x0F, 0x80, 0x3C, 0x03, 0xF0,
    0x67, 0xEE, 0x07, 0xC0, 0x1E, 0x01, 0xF0, 0x33, 0x87, 0x00, 0x60, 0x00, 0x00, 0x01, 0x9F, 0xEF,
    0xFB, 0x80, 0x00, 0x00, 0x07, 0x0F, 0xEF, 0xFF, 0xE7, 0x00, 0x00, 0x0F, 0xFE, 0x70, 0x0F, 0xF7,
    0xE8, 0x7C, 0x1F, 0xFF, 0xFD, 0x87, 0x00, 0x0F, 0x00, 0x00, 0x01, 0xF8, 0x00, 0x00, 0x11, 0x80,
    0x00, 0x00, 0x00, 0x00, 0x0F, 0x00, 0x1F, 0x01, 0xF8, 0x01, 0xF0, 0x10, 0x80, 0x11, 0x80, 0x00,
    0x00, 0x00, 0x00, 0x00, 0x00, 0x00, 0x00, 0x00, 0x00, 0x38, 0x00, 0x01, 0xC7, 0xC0, 0x00, 0x3E,
    0x46, 0x00, 0x06, 0x60, 0x00, 0x00, 0x00, 0x00, 0x00, 0x00, 0x00, 0x00, 0x00, 0x00, 0x00, 0x00,
    0x00, 0x00, 0xF0, 0x00, 0xE0, 0x1F, 0x80, 0x1F, 0x01, 0x88, 0x01, 0x18, 0x00, 0x00, 0x00, 0x00,
    0x00, 0xF0, 0x00, 0x00, 0x1F, 0x80, 0x00, 0x01, 0x08, 0x00, 0x00, 0x06, 0x00, 0x00, 0x03, 0x00,
    0x00, 0x00, 0xC0, 0x00, 0x30, 0x30, 0x00, 0x0C, 0x1C, 0x06, 0x01, 0x80, 0x07, 0x80, 0x70, 0x03,
    0x80, 0x1C, 0x00, 0xC0, 0x02, 0x00, 0x00, 0x00, 0x00, 0x00, 0x00, 0x00, 0x00, 0x03, 0x00, 0x00,
    0x10, 0xF8, 0x00, 0x07, 0x8E, 0x00, 0x01, 0xF0, 0x00, 0x00, 0x00, 0x00, 0x00, 0x00, 0x00, 0x00,
    0x00, 0x00, 0x00, 0x00, 0x00, 0x30, 0x03, 0x00, 0x1C, 0x00, 0xE0, 0x1F, 0x04, 0x18, 0x07, 0x03,
    0x83, 0x00, 0x00, 0xC0, 0xC0, 0x00, 0x30, 0x00, 0x00, 0x18, 0x00, 0x00, 0x02, 0x00, 0x00, 0x38,
    0x38, 0x07, 0x8F, 0x00, 0xFF, 0xC0, 0x0F, 0xF0, 0x00, 0x38, 0x01, 0xC0, 0x3C, 0x38, 0x0F, 0x87,
    0x03, 0xF0, 0xE0, 0x7E, 0x1C, 0x1F, 0xC3, 0x87, 0xF8, 0x70, 0xF7, 0x0E, 0x3D, 0xE1, 0xC7, 0xBC,
    0x39, 0xE7, 0x87, 0x78, 0xF0, 0xEF, 0x1E, 0x1F, 0xC3, 0xC3, 0xF8, 0x78, 0x7E, 0x0F, 0xFF, 0x81,
    0xFD, 0xF0, 0x3F, 0x80, 0x00, 0xF0, 0x00, 0x1E, 0x00, 0x07, 0x80, 0x00, 0xF0, 0x00, 0x1E, 0x00,
    0x38, 0x78, 0x0F, 0x1E, 0x03, 0xFF, 0x00, 0x7F, 0x80, 0x00, 0x00, 0x1C, 0x1F, 0x07, 0x07, 0xC1,
    0xC3, 0xF0, 0x71, 0xFC, 0x1C, 0x7F, 0x07, 0x3F, 0xC1, 0xDE, 0xF0, 0x77, 0xBC, 0x1F, 0xCF, 0x07,
    0xE3, 0xC1, 0xF8, 0xFE, 0x7C, 0x3F, 0x9E, 0x0F, 0xE0, 0x00, 0x78, 0x00, 0x1C, 0x00, 0x07, 0x00,
    0x03, 0xC0, 0x00, 0xF0, 0x38, 0x00, 0xF0, 0x0F, 0xF8, 0x3F, 0xE0, 0xFF, 0x80, 0xF0, 0x03, 0xC0,
    0x0F, 0xF8, 0x3F, 0xF0, 0xFF, 0xE3, 0xC7, 0xCF, 0x0F, 0x3C, 0x3C, 0xF1, 0xF3, 0xFF, 0x8F, 0xFC,
    0x3F, 0xE0, 0x38, 0x00, 0xE0, 0x03, 0x80, 0x3F, 0xF0, 0xFF, 0xC3, 0xFE, 0x03, 0x80, 0x0E, 0x00,
    0x38, 0x00, 0xE0, 0x03, 0xFE, 0x0F, 0xFE, 0x3F, 0xF8, 0xE1, 0xE3, 0x83, 0x8F, 0xFE, 0x3F, 0xF8,
    0xFF, 0x80, 0xFE, 0x0F, 0xFC, 0xFF, 0xEF, 0xFE, 0xF1, 0xEF, 0x0F, 0xF6, 0xFF, 0x7E, 0xFF, 0xEF,
    0xFC, 0xFF, 0xCF, 0x1C, 0xF0, 0x8F, 0x00, 0xF0, 0x0F, 0x00, 0xF0, 0x00, 0x73, 0xC3, 0xFF, 0x1F,
    0xFC, 0xF1, 0xE7, 0x8F, 0xBC, 0x3D, 0xC1, 0xEE, 0x2F, 0x7B, 0xFB, 0xDF, 0x9F, 0xFC, 0xFF, 0xC7,
    0x7F, 0x38, 0x39, 0xC0, 0x8E, 0x00, 0x70, 0x03, 0x80, 0x1C, 0x00, 0x00, 0xF0, 0x0F, 0x00, 0xF7,
    0xFF, 0x7F, 0xF7, 0xFF, 0x7F, 0xF7, 0x80, 0x78, 0x07, 0x80, 0x78, 0x07, 0x80, 0x78, 0x07, 0x80,
    0x78, 0x07, 0x80, 0x78, 0x07, 0x80, 0x78, 0x07, 0x80, 0x01, 0xC0, 0x70, 0x1D, 0xFF, 0x7F, 0xDF,
    0xF7, 0x01, 0xC0, 0x70, 0x1C, 0x07, 0x01, 0xC0, 0x70, 0x1C, 0x07, 0x01, 0xC0, 0x3F, 0xF1, 0xFF,
    0xCF, 0xFE, 0x7F, 0xE3, 0xC0, 0x1E, 0x00, 0xF0, 0x0F, 0xF8, 0xFF, 0xC7, 0xFE, 0x1F, 0xF0, 0x78,
    0x03, 0xC0, 0x1E, 0x00, 0xF0, 0x07, 0x80, 0x3C, 0x00, 0x3F, 0xEF, 0xFD, 0xFF, 0xBF, 0xE7, 0x81,
    0xFE, 0x3F, 0xE7, 0xFC, 0xFF, 0x0F, 0x01, 0xE0, 0x3C, 0x07, 0x80, 0xFF, 0xC3, 0xFF, 0x8F, 0xFE,
    0x3F, 0xF0, 0xF0, 0x03, 0xC0, 0x0F, 0x00, 0x3C, 0x00, 0xFF, 0xC3, 0xFF, 0xCF, 0xFF, 0x3C, 0x7E,
    0xF0, 0x7F, 0xC0, 0xFF, 0x03, 0xFC, 0x0F, 0xF0, 0x3C, 0x00, 0xF0, 0x07, 0x83, 0xFE, 0x0F, 0xF0,
    0x3F, 0x80, 0xFC, 0x00, 0x7F, 0xC7, 0xFC, 0x7F, 0xC7, 0xFC, 0x70, 0x07, 0x80, 0x7F, 0x87, 0xFC,
    0x7F, 0xE7, 0x1F, 0x70, 0xF7, 0x0F, 0x70, 0xF0, 0x0F, 0x00, 0xF1, 0xFF, 0x1F, 0xE1, 0xFC, 0x0F,
    0x80, 0x70, 0x70, 0x38, 0x78, 0x78, 0x78, 0x78, 0x78, 0xF0, 0x3C, 0x78, 0xF0, 0x1E, 0x79, 0xE0,
    0x1E, 0x7B, 0xC0, 0x0F, 0x7B, 0x80, 0x07, 0xFF, 0x80, 0x07, 0xFF, 0x00, 0x07, 0xFF, 0x80, 0x0F,
    0x7F, 0x80, 0x0F, 0x7B, 0xC0, 0x1E, 0x79, 0xE0, 0x3C, 0x79, 0xE0, 0x7C, 0x78, 0xFE, 0x78, 0x78,
    0x7E, 0xF0, 0x78, 0x7E, 0x00, 0x00, 0x0E, 0x00, 0x00, 0x0E, 0x00, 0x00, 0x0E, 0x00, 0x00, 0x0E,
    0x00, 0x00, 0x0E, 0x38, 0x78, 0x78, 0x78, 0xF1, 0xE0, 0x79, 0xE7, 0xC0, 0xFB, 0xCF, 0x00, 0xF7,
    0xBC, 0x00, 0xFF, 0xF0, 0x00, 0xFF, 0xE0, 0x03, 0xFF, 0xC0, 0x0F, 0x7B, 0xC0, 0x3E, 0xF3, 0xC0,
    0x79, 0xE7, 0xF1, 0xE3, 0xC7, 0xE7, 0x87, 0x87, 0xC0, 0x00, 0x03, 0x80, 0x00, 0x07, 0x00, 0x00,
    0x0E, 0x00, 0x00, 0x1C, 0x00, 0x00, 0x38, 0x1F, 0x83, 0xFF, 0x1F, 0xFC, 0xFF, 0xE0, 0x0F, 0x00,
    0x78, 0x07, 0xC3, 0xFC, 0x1F, 0xC0, 0xFF, 0x00, 0x7C, 0x01, 0xF0, 0x07, 0xA0, 0x79, 0xFF, 0xCF,
    0xFC, 0x7F, 0xC0, 0x38, 0x00, 0xE0, 0x03, 0x00, 0x78, 0x03, 0xC0, 0x08, 0x00, 0x3F, 0x8F, 0xF9,
    0xFF, 0x90, 0xF0, 0x1E, 0x3F, 0x87, 0xE0, 0xFE, 0x01, 0xE0, 0x3D, 0xFF, 0xBF, 0xF7, 0xF8, 0x1C,
    0x01, 0xC0, 0x1C, 0x0F, 0x01, 0xE0, 0x10, 0x00, 0xE0, 0x79, 0xE1, 0xF3, 0xC3, 0xC7, 0x8F, 0x0F,
    0x3C, 0x1E, 0x78, 0x3D, 0xE0, 0x7F, 0x80, 0xFF, 0x01, 0xFE, 0x03, 0xDE, 0x07, 0xBE, 0x0F, 0x3C,
    0x1E, 0x3C, 0x3C, 0x7F, 0xF8, 0x7F, 0xF0, 0x7E, 0x00, 0x3C, 0x00, 0x78, 0x00, 0xF0, 0x01, 0xE0,
    0x03, 0xC0, 0x70, 0x7B, 0xC3, 0xCF, 0x1E, 0x3C, 0xF8, 0xF7, 0xC3, 0xFE, 0x0F, 0xF0, 0x3F, 0xE0,
    0xF7, 0xC3, 0xCF, 0x8F, 0x1F, 0xFC, 0x3F, 0xF0, 0x7C, 0x00, 0xF0, 0x03, 0xC0, 0x0F, 0x00, 0x3C,
    0x00, 0x70, 0x70, 0x3C, 0xF0, 0xF9, 0xED, 0xE3, 0xDF, 0x87, 0xBE, 0x0F, 0x7C, 0x1F, 0xF0, 0x3F,
    0xC0, 0x7F, 0x80, 0xFF, 0x01, 0xFF, 0x03, 0xDF, 0x07, 0xBE, 0x0F, 0x7E, 0x1E, 0xFE, 0x3C, 0x3E,
    0x78, 0x3C, 0x70, 0x7B, 0xDB, 0xCF, 0x7E, 0x3D, 0xF8, 0xF7, 0xC3, 0xFE, 0x0F, 0xF0, 0x3F, 0xE0,
    0xF7, 0xC3, 0xDF, 0x8F, 0x7E, 0x3D, 0xBC, 0xF0, 0x78, 0x38, 0x0E, 0x3C, 0x1E, 0x7F, 0x3C, 0x7F,
    0x7C, 0x7F, 0x78, 0x3C, 0xF0, 0x3D, 0xE0, 0x3F, 0xE0, 0x3F, 0xC0, 0x3F, 0xE0, 0x3D, 0xF0, 0x3C,
    0xF0, 0x3C, 0x78, 0x3C, 0x7C, 0x3C, 0x3C, 0x3C, 0x1E, 0x3C, 0x1F, 0x38, 0x00, 0x78, 0x03, 0xFE,
    0x07, 0xFC, 0x0F, 0xF8, 0x07, 0x87, 0x8F, 0x1E, 0x1E, 0x78, 0x3D, 0xF0, 0x7B, 0xC0, 0xFF, 0x01,
    0xFC, 0x03, 0xFC, 0x07, 0xFC, 0x0F, 0x7C, 0x1E, 0x78, 0x3C, 0x78, 0x78, 0x78, 0xFE, 0x07, 0x7F,
    0x07, 0xBF, 0x87, 0xDF, 0xC3, 0xC1, 0xE3, 0xC0, 0xF3, 0xC0, 0x7B, 0xC0, 0x3F, 0xE0, 0x1F, 0xE0,
    0x0F, 0xF8, 0x07, 0xBC, 0x03, 0xCF, 0x01, 0xE3, 0xC0, 0xF1, 0xF0, 0x78, 0x78, 0x3C, 0x1E, 0x1E,
    0x0F, 0x80, 0xFE, 0x0E, 0xFE, 0x1E, 0xFE, 0x3C, 0x0E, 0x78, 0x0E, 0x70, 0x0F, 0xF0, 0x0F, 0xE0,
    0x0F, 0xF0, 0x0E, 0xF0, 0x0E, 0x78, 0x0E, 0x3C, 0x0E, 0x1E, 0x0E, 0x0F, 0xE0, 0x38, 0x78, 0x1E,
    0x3C, 0x0F, 0x1E, 0x07, 0x8F, 0x03, 0xC7, 0x81, 0xE3, 0xC0, 0xF1, 0xFF, 0xF8, 0xFF, 0xFC, 0x7F,
    0xFE, 0x3C, 0x0F, 0x1E, 0x07, 0x8F, 0x03, 0xC7, 0x81, 0xE3, 0xC0, 0xFF, 0xE0, 0x7F, 0xF0, 0x3F,
    0x80, 0x03, 0xC0, 0x01, 0xE0, 0x00, 0xF0, 0x00, 0x78, 0x00, 0x3C, 0x70, 0x70, 0x70, 0x78, 0x70,
    0x78, 0x70, 0x78, 0x70, 0x78, 0x7F, 0xF8, 0x7F, 0xF8, 0x7F, 0xF8, 0x70, 0x78, 0x70, 0x78, 0x70,
    0x7E, 0x70, 0x7F, 0x70, 0x7F, 0x00, 0x0F, 0x00, 0x0F, 0x00, 0x0F, 0x00, 0x0F, 0x00, 0x0E, 0xE0,
    0x3F, 0xBC, 0x0F, 0xEF, 0x03, 0xFB, 0xC0, 0xFE, 0xF0, 0x3C, 0x3C, 0x0F, 0x0F, 0x03, 0xC3, 0xFF,
    0xF0, 0xFF, 0xFC, 0x3F, 0xFF, 0x0F, 0x03, 0xC3, 0xC0, 0xF0, 0xF0, 0x3C, 0x3C, 0x0F, 0x0F, 0x03,
    0xC3, 0xC0, 0xF0, 0xF0, 0x3C, 0x00, 0x70, 0x7F, 0x38, 0x3F, 0xDC, 0x1F, 0xEE, 0x0F, 0x07, 0x07,
    0x83, 0xFF, 0xC1, 0xFF, 0xE0, 0xFF, 0xF0, 0x70, 0x78, 0x38, 0x3C, 0x1C, 0x1E, 0x0E, 0x0F, 0x07,
    0x07, 0x80, 0xFF, 0xF0, 0x01, 0xFF, 0xF0, 0x03, 0xFF, 0xE0, 0x07, 0xFF, 0xC0, 0x0F, 0x07, 0x80,
    0x1E, 0x0F, 0x00, 0x3C, 0x1E, 0x00, 0x78, 0x3C, 0x00, 0xF0, 0x7F, 0xE1, 0xE0, 0xFF, 0xF3, 0xC1,
    0xFF, 0xF7, 0x83, 0xC7, 0xEF, 0x07, 0x83, 0xFE, 0x0F, 0x03, 0xFC, 0x1E, 0x07, 0xF8, 0x3C, 0x0F,
    0xF0, 0x78, 0x1E, 0x00, 0x00, 0x3C, 0x00, 0x00, 0xF0, 0x00, 0x3F, 0xE0, 0x00, 0x7F, 0x80, 0x00,
    0xFE, 0x00, 0x01, 0xF8, 0x00, 0x7F, 0xF0, 0x0F, 0xFE, 0x01, 0xFF, 0xC0, 0x38, 0x78, 0x07, 0x0F,
    0x00, 0xE1, 0xE0, 0x1C, 0x3F, 0xC3, 0x87, 0xFC, 0x70, 0xFF, 0xCE, 0x1E, 0x79, 0xC3, 0xC7, 0xB8,
    0x78, 0xF7, 0x0F, 0x1E, 0x00, 0x03, 0xC0, 0x00, 0x78, 0x01, 0xFE, 0x00, 0x3F, 0xC0, 0x07, 0xF0,
    0x00, 0x78, 0x00, 0x07, 0xC0, 0x0F, 0xE0, 0x0F, 0xF0, 0x0F, 0xD8, 0x07, 0x87, 0x87, 0xC7, 0xF3,
    0xC7, 0xF9, 0xE3, 0xDE, 0xF1, 0xCF, 0x78, 0xE7, 0xBC, 0x73, 0xDE, 0x39, 0xE7, 0x9F, 0xE3, 0xE7,
    0xF0, 0xFF, 0xF0, 0x7F, 0xFE, 0x0F, 0xFF, 0x00, 0x0F, 0x80, 0x1F, 0x00, 0xFC, 0x07, 0xF0, 0x3E,
    0x78, 0xF3, 0xF3, 0xCF, 0xEF, 0x7B, 0xBD, 0xEE, 0xF7, 0xBB, 0xCF, 0xE7, 0xFF, 0x1F, 0xFE, 0x3F,
    0xFC, 0x01, 0xE0, 0x03, 0xE0, 0xFF, 0xCF, 0xFE, 0xFF, 0xE7, 0xC0, 0x3C, 0x03, 0xC0, 0x1E, 0x00,
    0xF0, 0x07, 0x80, 0x3C, 0x01, 0xF0, 0x07, 0x80, 0x3E, 0x08, 0xFF, 0xE7, 0xFF, 0x0F, 0xF0, 0x1C,
    0x00, 0x70, 0x03, 0x80, 0x7C, 0x03, 0xC0, 0x0C, 0x00, 0x0F, 0x87, 0xF9, 0xFF, 0x7C, 0x4F, 0x01,
    0xE0, 0x3C, 0x07, 0x80, 0xF0, 0x1F, 0x09, 0xFF, 0x3F, 0xE3, 0xFC, 0x0E, 0x01, 0xC0, 0x18, 0x0F,
    0x01, 0xE0, 0x10, 0x00, 0x7F, 0xFF, 0xFF, 0xFF, 0xFF, 0xFF, 0xF0, 0x78, 0x03, 0xC0, 0x1E, 0x00,
    0xF0, 0x07, 0x80, 0x3C, 0x01, 0xE0, 0x0F, 0x00, 0x78, 0x03, 0xC0, 0x1F, 0xC0, 0xFE, 0x07, 0xF0,
    0x07, 0x80, 0x3C, 0x01, 0xE0, 0x0F, 0x00, 0x78, 0x7F, 0xF7, 0xFF, 0xBF, 0xFC, 0x1E, 0x00, 0xF0,
    0x07, 0x80, 0x3C, 0x01, 0xE0, 0x0F, 0x00, 0x78, 0x03, 0xF8, 0x1F, 0xC0, 0xFE, 0x00, 0x70, 0x03,
    0x80, 0x1C, 0x00, 0xE0, 0x07, 0x00, 0xF0, 0x1D, 0xE0, 0x79, 0xE1, 0xF3, 0xC3, 0xC3, 0xCF, 0x87,
    0x9E, 0x07, 0xF8, 0x0F, 0xF0, 0x0F, 0xC0, 0x1F, 0x80, 0x1E, 0x00, 0x3C, 0x00, 0x78, 0x00, 0xF0,
    0x01, 0xE0, 0x03, 0xC0, 0x07, 0x80, 0xF0, 0x7B, 0xC1, 0xE7, 0x8F, 0x9E, 0x3C, 0x78, 0xF0, 0xF7,
    0x83, 0xDE, 0x0F, 0x78, 0x1F, 0xC0, 0x7F, 0x00, 0xFC, 0x03, 0xE0, 0x0F, 0x80, 0x1E, 0x00, 0x78,
    0x01, 0xE0, 0x07, 0x80, 0x1E, 0x00, 0x70, 0x00, 0xF0, 0x1D, 0xE0, 0x79, 0xE1, 0xF3, 0xC3, 0xC3,
    0xCF, 0x87, 0x9E, 0x07, 0xF8, 0x0F, 0xF0, 0x0F, 0xC0, 0x1F, 0x80, 0x1E, 0x01, 0xFF, 0xC3, 0xFF,
    0x87, 0xFF, 0x01, 0xE0, 0x03, 0xC0, 0x07, 0x80, 0xF0, 0x7B, 0xC1, 0xE7, 0x8F, 0x9E, 0x3C, 0x78,
    0xF0, 0xF7, 0x83, 0xDE, 0x0F, 0x78, 0x1F, 0xC0, 0x7F, 0x00, 0xFC, 0x03, 0xE0, 0x0F, 0x81, 0xFF,
    0xC7, 0xFF, 0x0F, 0xFC, 0x07, 0x80, 0x1E, 0x00, 0x70, 0x00, 0x70, 0x1E, 0x3C, 0x1F, 0x1F, 0x0F,
    0x07, 0x8F, 0x01, 0xE7, 0x80, 0xF7, 0x80, 0x3F, 0x80, 0x1F, 0xC0, 0x07, 0xC0, 0x03, 0xF0, 0x03,
    0xF8, 0x03, 0xDE, 0x01, 0xEF, 0x81, 0xE3, 0xC1, 0xF0, 0xFE, 0xF0, 0x7F, 0xF0, 0x1F, 0x80, 0x03,
    0xC0, 0x01, 0xE0, 0x00, 0xF0, 0x00, 0x78, 0x00, 0x3C, 0x78, 0x78, 0xF1, 0xF0, 0xF3, 0xC1, 0xEF,
    0x01, 0xFE, 0x03, 0xF8, 0x03, 0xE0, 0x07, 0xE0, 0x1F, 0xE0, 0x7F, 0xC0, 0xF3, 0xF3, 0xC7, 0xEF,
    0x87, 0xC0, 0x03, 0x80, 0x07, 0x00, 0x0E, 0x00, 0x1C, 0x00, 0x38, 0x7F, 0xF3, 0x87, 0xFF, 0xDE,
    0x3F, 0xFE, 0xF1, 0xFF, 0xF7, 0x80, 0xF0, 0x3C, 0x07, 0x81, 0xE0, 0x3C, 0x0F, 0x01, 0xE0, 0x78,
    0x0F, 0x03, 0xC0, 0x78, 0x1E, 0x03, 0xC0, 0xF0, 0x1E, 0x07, 0x80, 0xF0, 0x3C, 0x07, 0x81, 0xE0,
    0x3F, 0xFF, 0xE1, 0xFF, 0xFF, 0x0F, 0xFF, 0xF8, 0x00, 0x03, 0xC0, 0x00, 0x1E, 0x00, 0x00, 0xF0,
    0x00, 0x07, 0x80, 0x00, 0x3C, 0x7F, 0xDE, 0x3F, 0xF7, 0x8F, 0xFD, 0xE0, 0x78, 0x78, 0x1E, 0x1E,
    0x07, 0x87, 0x81, 0xE1, 0xE0, 0x78, 0x78, 0x1E, 0x1E, 0x07, 0x87, 0x81, 0xFF, 0xFC, 0x7F, 0xFF,
    0x1F, 0xFF, 0xC0, 0x00, 0xF0, 0x00, 0x3C, 0x00, 0x0F, 0x00, 0x03, 0xC0, 0x00, 0x70, 0xE0, 0x38,
    0x78, 0x1E, 0x3C, 0x0F, 0x1E, 0x07, 0x8F, 0x03, 0xC7, 0x81, 0xE3, 0xC0, 0xF1, 0xE0, 0x78, 0xFD,
    0xFC, 0x7F, 0xFE, 0x1F, 0xFF, 0x03, 0xE7, 0x80, 0x03, 0xC0, 0x01, 0xE0, 0x00, 0xFE, 0x00, 0x7F,
    0x00, 0x3F, 0x80, 0x03, 0xC0, 0x01, 0xE0, 0x00, 0xF0, 0x00, 0x78, 0x00, 0x3C, 0xF0, 0x70, 0xF0,
    0x78, 0xF0, 0x78, 0xF0, 0x78, 0xF0, 0x78, 0xF0, 0x78, 0xFF, 0xF8, 0x7F, 0xF8, 0x3F, 0xF8, 0x00,
    0x78, 0x00, 0x7E, 0x00, 0x7F, 0x00, 0x7F, 0x00, 0x0F, 0x00, 0x0F, 0x00, 0x0F, 0x00, 0x0F, 0x00,
    0x0E, 0x70, 0x1F, 0xC0, 0xFF, 0x03, 0xFC, 0x0F, 0xF0, 0x3F, 0xCC, 0xFF, 0x33, 0xFC, 0xCF, 0xFF,
    0xFD, 0xFF, 0xF7, 0xFF, 0xC7, 0xEF, 0x03, 0x3C, 0x0C, 0xF0, 0x33, 0xC0, 0x0F, 0x00, 0x3C, 0xF0,
    0x77, 0x83, 0xFC, 0x1F, 0xE0, 0xFF, 0x67, 0xFB, 0x3F, 0xFF, 0xEF, 0xFF, 0x7F, 0xF8, 0x33, 0xC1,
    0x9E, 0x0C, 0xF0, 0x07, 0x80, 0x70, 0x00, 0xF0, 0x01, 0xE0, 0x03, 0xC0, 0x07, 0x80, 0x0F, 0x00,
    0x1F, 0xFE, 0x3F, 0xFE, 0x7F, 0xFC, 0xF8, 0x7D, 0xE0, 0x7B, 0xC0, 0xF7, 0x81, 0xEF, 0x03, 0xDE,
    0x07, 0xBC, 0x0F, 0x78, 0x1E, 0x70, 0x07, 0x80, 0x3C, 0x01, 0xE0, 0x0F, 0x00, 0x79, 0xE3, 0xFF,
    0x9F, 0xFE, 0xFC, 0xF7, 0xC7, 0xFE, 0x1F, 0xE0, 0xFF, 0x07, 0xF8, 0x3F, 0xC1, 0xFE, 0x0F, 0xF0,
    0x7F, 0x83, 0xC0, 0x00, 0x7E, 0x00, 0x1F, 0xF8, 0x03, 0xFF, 0xC0, 0x7F, 0xFE, 0x67, 0x81, 0xEE,
    0x78, 0x0F, 0xEF, 0x00, 0xFF, 0xFF, 0xFF, 0xFF, 0xFF, 0xF7, 0xFF, 0xFF, 0x0F, 0x00, 0x00, 0xF8,
    0x00, 0x07, 0x80, 0x00, 0x7C, 0x0E, 0x03, 0xFF, 0xE0, 0x1F, 0xFE, 0x00, 0xFF, 0xC0, 0x00, 0x00,
    0x00, 0xF8, 0x01, 0xFF, 0x01, 0xFF, 0xCE, 0xF1, 0xE7, 0x78, 0x73, 0xFF, 0xF9, 0xFF, 0xFC, 0x7F,
    0xFE, 0x07, 0x80, 0x03, 0xC0, 0x01, 0xFF, 0xC0, 0x7F, 0xE0, 0x1F, 0xE0, 0x00, 0x00, 0x00, 0x7E,
    0x00, 0x1F, 0xF8, 0x03, 0xFF, 0xC0, 0x7F, 0xFE, 0x67, 0x81, 0xEE, 0x78, 0x0F, 0xEF, 0x00, 0xFF,
    0xFF, 0xFF, 0xFF, 0xFF, 0xF7, 0xFF, 0xFF, 0x0F, 0x00, 0x00, 0xF8, 0x00, 0x07, 0x80, 0x00, 0x7C,
    0x0E, 0x03, 0xFF, 0xE0, 0x1F, 0xFE, 0x00, 0xFF, 0xC0, 0x03, 0xC0, 0x00, 0x3C, 0x00, 0x03, 0xC0,
    0x00, 0x3C, 0x00, 0x01, 0xC0, 0x00, 0xF8, 0x01, 0xFF, 0x00, 0xFF, 0xCE, 0xF1, 0xE7, 0x78, 0x73,
    0xFF, 0xF9, 0xFF, 0xFC, 0x7F, 0xFE, 0x07, 0x80, 0x03, 0xC0, 0x01, 0xFF, 0xC0, 0x7F, 0xE0, 0x1F,
    0xE0, 0x03, 0xC0, 0x01, 0xE0, 0x00, 0xF0, 0x00, 0x78, 0x00, 0x38, 0x00, 0x7F, 0x7F, 0x9F, 0xC7,
    0xC3, 0xC1, 0xE0, 0xF0, 0x78, 0x3C, 0x1E, 0x0F, 0x07, 0x83, 0xC1, 0xE1, 0xFD, 0xFE, 0xFF, 0x00,
    0x01, 0xC7, 0x00, 0x03, 0xCE, 0x00, 0x03, 0xFC, 0x00, 0x07, 0xF0, 0x00, 0x01, 0x00, 0x0E, 0x07,
    0x03, 0x9E, 0x1E, 0x0F, 0x1E, 0x3C, 0x3C, 0x3C, 0x78, 0xF8, 0x3C, 0xF1, 0xE0, 0x3D, 0xE7, 0x80,
    0x7B, 0xDF, 0x00, 0x7F, 0xFC, 0x00, 0xFF, 0xF8, 0x01, 0xFF, 0xF0, 0x07, 0xBD, 0xF0, 0x1F, 0x79,
    0xE0, 0x3C, 0xF1, 0xE0, 0xF9, 0xE3, 0xE1, 0xE3, 0xC3, 0xC7, 0x87, 0x87, 0xDF, 0x0F, 0x07, 0xC0,
    0x07, 0x9C, 0x00, 0x79, 0xC0, 0x03, 0xFC, 0x00, 0x1F, 0x80, 0x00, 0x00, 0x07, 0x0F, 0x0E, 0x78,
    0xF1, 0xE3, 0xCF, 0x3C, 0x3C, 0xF3, 0x81, 0xEF, 0x78, 0x0F, 0xFF, 0x00, 0xFF, 0xF0, 0x0F, 0xFF,
    0x01, 0xEF, 0x78, 0x3E, 0xF7, 0xC3, 0xCF, 0x3C, 0x78, 0xF1, 0xEF, 0x8F, 0x1F, 0xE0, 0x39, 0xE0,
    0xF3, 0xC3, 0xC7, 0x8F, 0x0F, 0x3C, 0x1E, 0xF8, 0x3D, 0xE0, 0x7F, 0x80, 0xFF, 0xC1, 0xFF, 0xE3,
    0xFF, 0xE7, 0x87, 0xEF, 0x03, 0xDE, 0x07, 0xBC, 0x07, 0x78, 0x0F, 0xF0, 0x1C, 0x00, 0x78, 0x00,
    0xF0, 0x7F, 0xE0, 0xFF, 0x81, 0xFE, 0x01, 0xF8, 0x00, 0x70, 0x79, 0xC3, 0xC7, 0x1E, 0x1C, 0xF0,
    0x77, 0x81, 0xFE, 0x07, 0xFC, 0x1F, 0xFC, 0x7F, 0xF1, 0xC3, 0xE7, 0x07, 0x9C, 0x1E, 0x70, 0x78,
    0x01, 0xE0, 0x07, 0x81, 0xFE, 0x07, 0xF0, 0x1F, 0x80, 0x78, 0x00, 0x07, 0xFE, 0x01, 0xFF, 0xC0,
    0x3F, 0xF8, 0x07, 0xFF, 0x00, 0xF1, 0xE0, 0x1E, 0x3C, 0x03, 0x87, 0x80, 0xF0, 0xF0, 0x1E, 0x1E,
    0x03, 0xC3, 0xC0, 0x78, 0x78, 0x0F, 0x0F, 0x01, 0xE1, 0xE0, 0x78, 0x3C, 0x3F, 0x07, 0xFF, 0xC0,
    0xFF, 0xF8, 0x1F, 0xC0, 0x00, 0x38, 0x00, 0x0F, 0x00, 0x01, 0xE0, 0x00, 0x78, 0x00, 0x0F, 0x00,
    0x1F, 0xF8, 0x0F, 0xFC, 0x07, 0xFE, 0x03, 0xCF, 0x01, 0xE7, 0x80, 0xE3, 0xC0, 0x71, 0xE0, 0x78,
    0xF0, 0x3C, 0x78, 0x1E, 0x3C, 0x3E, 0x1F, 0xDF, 0x0F, 0xEF, 0x07, 0xF0, 0x00, 0x38, 0x00, 0x3C,
    0x00, 0x1C, 0x00, 0x0E, 0x00, 0x07, 0x00, 0xE0, 0x3B, 0xC0, 0xFF, 0x03, 0xFC, 0x0F, 0xF0, 0x3F,
    0xC0, 0xFF, 0x03, 0xFF, 0xFF, 0xFF, 0xFF, 0xFF, 0xFF, 0x03, 0xFC, 0x0F, 0xF0, 0x3F, 0xC0, 0xFF,
    0x03, 0xFC, 0x0F, 0xF0, 0x3C, 0x01, 0xF0, 0x07, 0x83, 0xFE, 0x0F, 0xF0, 0x3F, 0x80, 0xFC, 0x00,
    0x70, 0x73, 0x83, 0xDC, 0x1E, 0xE0, 0xF7, 0x07, 0xBF, 0xFD, 0xFF, 0xEF, 0xFF, 0x70, 0x7B, 0x83,
    0xDC, 0x1E, 0xE0, 0xF7, 0x07, 0x80, 0x3C, 0x03, 0xC1, 0xFE, 0x0F, 0xF0, 0x7F, 0x01, 0xE0, 0xE0,
    0x38, 0x3C, 0x0F, 0x0F, 0x03, 0xC3, 0xC0, 0xF0, 0xF0, 0x3C, 0x3C, 0x0F, 0x0F, 0x03, 0xC3, 0xFF,
    0xF0, 0xFF, 0xFC, 0x3F, 0xFF, 0x0F, 0x03, 0xC3, 0xC0, 0xF0, 0xF0, 0x3C, 0x3C, 0x0F, 0x0F, 0x03,
    0xFB, 0xC0, 0xFE, 0xF0, 0x3F, 0x80, 0x01, 0xE0, 0x00, 0x70, 0x00, 0x3C, 0x00, 0x0F, 0x00, 0x07,
    0x80, 0x70, 0x70, 0x70, 0x78, 0x70, 0x78, 0x70, 0x78, 0x70, 0x78, 0x7F, 0xF8, 0x7F, 0xF8, 0x7F,
    0xF8, 0x70, 0x78, 0x70, 0x78, 0x70, 0x7F, 0x70, 0x7F, 0x70, 0x7F, 0x00, 0x0E, 0x00, 0x0E, 0x00,
    0x1E, 0x00, 0x1E, 0x00, 0x1C, 0x70, 0x1F, 0xC0, 0xFF, 0x03, 0xFC, 0x0F, 0xF0, 0x3F, 0xC0, 0xFF,
    0x03, 0xFC, 0x0F, 0xFF, 0xFD, 0xFF, 0xF7, 0xFF, 0xC7, 0xEF, 0x00, 0x3C, 0x00, 0xF0, 0x1F, 0xC0,
    0x7F, 0x01, 0xFC, 0x07, 0x80, 0x1E, 0x00, 0x78, 0x01, 0xE0, 0x07, 0x80, 0xF0, 0x77, 0x83, 0xFC,
    0x1F, 0xE0, 0xFF, 0x07, 0xF8, 0x3F, 0xFF, 0xEF, 0xFF, 0x3F, 0xF8, 0x03, 0xC0, 0xFE, 0x07, 0xF0,
    0x3F, 0x81, 0xE0, 0x0F, 0x00, 0x78, 0x03, 0xC0, 0x1C, 0x00, 0xF8, 0x07, 0x83, 0xE0, 0x3F, 0x0F,
    0xC0, 0xFC, 0x3F, 0x03, 0xF0, 0xFC, 0x1F, 0xC3, 0xF8, 0x7F, 0x0F, 0xE1, 0xFC, 0x3B, 0x8F, 0xF0,
    0xEE, 0x3B, 0xC3, 0xBC, 0xEF, 0x0E, 0x77, 0xBC, 0x39, 0xDC, 0xF0, 0xE7, 0xF3, 0xC3, 0x8F, 0xCF,
    0x0E, 0x3E, 0x3F, 0xB8, 0xF8, 0xFE, 0xE1, 0xE3, 0xF8, 0x00, 0x01, 0xE0, 0x00, 0x07, 0x00, 0x00,
    0x3C, 0x00, 0x00, 0xF0, 0x00, 0x07, 0xC0, 0x7C, 0x0F, 0x87, 0xC1, 0xF8, 0x7E, 0x1F, 0x87, 0xE1,
    0xF8, 0x7E, 0x3F, 0x87, 0xF3, 0xF8, 0x77, 0x7F, 0x87, 0x77, 0x78, 0x73, 0xF7, 0x87, 0x3F, 0x78,
    0x73, 0xE7, 0xF7, 0x1E, 0x7F, 0x71, 0xC7, 0xF0, 0x00, 0x0E, 0x00, 0x00, 0xE0, 0x00, 0x1E, 0x00,
    0x01, 0xE0, 0x00, 0x1C, 0x7F, 0x7F, 0x9F, 0xC7, 0xC3, 0xC1, 0xE0, 0xF0, 0x78, 0x3C, 0x1E, 0x0F,
    0x07, 0x83, 0xC1, 0xE1, 0xFD, 0xFE, 0xFF, 0x00, 0x0E, 0x38, 0x0E, 0x78, 0x0F, 0xF0, 0x07, 0xF0,
    0x00, 0x00, 0x03, 0xC0, 0x07, 0xE0, 0x07, 0xE0, 0x0F, 0xE0, 0x0F, 0xF0, 0x0F, 0xF0, 0x1E, 0x70,
    0x1E, 0x78, 0x1E, 0x78, 0x3C, 0x38, 0x3F, 0xFC, 0x3F, 0xFC, 0x7F, 0xFE, 0x78, 0x1E, 0x78, 0x1E,
    0xF8, 0x1F, 0xF0, 0x0F, 0x1C, 0x70, 0xF7, 0x87, 0xF8, 0x1F, 0x80, 0x00, 0x07, 0xE0, 0xFF, 0x87,
    0xFE, 0x10, 0xF0, 0x07, 0x83, 0xFC, 0x7F, 0xE7, 0xFF, 0x3C, 0x79, 0xE3, 0xCF, 0xFE, 0x7F, 0xF1,
    0xFB, 0x80, 0x00, 0x00, 0x00, 0x0E, 0x70, 0x0E, 0x70, 0x0E, 0x70, 0x00, 0x00, 0x03, 0xC0, 0x07,
    0xE0, 0x07, 0xE0, 0x0F, 0xE0, 0x0F, 0xF0, 0x0F, 0xF0, 0x1E, 0x70, 0x1E, 0x78, 0x1E, 0x78, 0x3C,
    0x38, 0x3F, 0xFC, 0x3F, 0xFC, 0x7F, 0xFE, 0x78, 0x1E, 0x78, 0x1E, 0xF8, 0x1F, 0xF0, 0x0F, 0x00,
    0x00, 0xE7, 0x07, 0x38, 0x39, 0xC0, 0x00, 0x07, 0xE0, 0xFF, 0x87, 0xFE, 0x10, 0xF0, 0x07, 0x83,
    0xFC, 0x7F, 0xE7, 0xFF, 0x3C, 0x79, 0xE3, 0xCF, 0xFE, 0x7F, 0xF1, 0xFB, 0x80, 0x00, 0x01, 0xFF,
    0xF0, 0x0F, 0xFF, 0xC0, 0xFF, 0xFE, 0x07, 0xFF, 0xE0, 0x7B, 0xC0, 0x03, 0xDE, 0x00, 0x3C, 0xF0,
    0x01, 0xE7, 0xFE, 0x0E, 0x3F, 0xF0, 0xF1, 0xFF, 0x87, 0xFF, 0x00, 0x7F, 0xF8, 0x03, 0xFF, 0xC0,
    0x3C, 0x1E, 0x01, 0xE0, 0xFF, 0xFE, 0x07, 0xFF, 0xF0, 0x3F, 0xF8, 0x0F, 0x8F, 0x81, 0xFF, 0xFF,
    0x0F, 0xFF, 0xF8, 0x21, 0xF1, 0xE0, 0x0F, 0x0F, 0x0F, 0xFF, 0xF8, 0xFF, 0xFF, 0xCF, 0xDF, 0xFE,
    0x78, 0xF0, 0x03, 0xC7, 0xC0, 0x1F, 0xFF, 0xFC, 0xFF, 0xFF, 0xE3, 0xF9, 0xFE, 0x00, 0x00, 0x00,
    0xE3, 0xBC, 0xE7, 0xF9, 0xFC, 0x08, 0x3F, 0xEF, 0xFF, 0xFF, 0xFF, 0xBC, 0x0F, 0x03, 0xC0, 0xFF,
    0xBF, 0xEF, 0xFB, 0xC0, 0xF0, 0x3C, 0x0F, 0x03, 0xFF, 0xFF, 0xFF, 0xF0, 0x38, 0xE3, 0x9E, 0x3F,
    0xC1, 0xF8, 0x00, 0x01, 0xF8, 0x3F, 0xC7, 0xFE, 0xF8, 0xEF, 0x0F, 0xFF, 0xFF, 0xFF, 0xFF, 0xFF,
    0x00, 0xF0, 0x07, 0xFE, 0x7F, 0xE1, 0xFE, 0x00, 0x00, 0x07, 0xE0, 0x1F, 0xFC, 0x1F, 0xFF, 0x0F,
    0xFF, 0xC6, 0x01, 0xF0, 0x00, 0x78, 0x00, 0x3C, 0xFF, 0xFF, 0x7F, 0xFF, 0xBF, 0xFF, 0xDF, 0xFF,
    0xEF, 0x01, 0xE7, 0x80, 0xF1, 0xE0, 0xF8, 0xFF, 0xF8, 0x3F, 0xF8, 0x0F, 0xF8, 0x00, 0x00, 0x00,
    0x3F, 0x07, 0xFC, 0x7F, 0xE4, 0x1E, 0x00, 0xF0, 0x0F, 0xFF, 0xFF, 0xFF, 0xF0, 0xFF, 0x1E, 0xFB,
    0xE7, 0xFC, 0x3F, 0x80, 0x00, 0x00, 0x00, 0x07, 0xBC, 0x03, 0xDE, 0x00, 0xC6, 0x00, 0x00, 0x00,
    0x3F, 0x00, 0xFF, 0xE0, 0xFF, 0xF8, 0x7F, 0xFE, 0x30, 0x0F, 0x80, 0x03, 0xC0, 0x01, 0xE7, 0xFF,
    0xFB, 0xFF, 0xFD, 0xFF, 0xFE, 0xFF, 0xFF, 0x78, 0x0F, 0x3C, 0x07, 0x8F, 0x07, 0xC7, 0xFF, 0xC1,
    0xFF, 0xC0, 0x7F, 0xC0, 0x00, 0x00, 0x00, 0x03, 0x9C, 0x7B, 0xC3, 0x18, 0x00, 0x03, 0xF0, 0x7F,
    0xC7, 0xFE, 0x41, 0xE0, 0x0F, 0x00, 0xFF, 0xFF, 0xFF, 0xFF, 0x0F, 0xF1, 0xEF, 0xBE, 0x7F, 0xC3,
    0xF8, 0x00, 0x00, 0x00, 0x00, 0x00, 0x03, 0xDE, 0x00, 0x07, 0xBC, 0x00, 0x06, 0x30, 0x00, 0x00,
    0x00, 0x0E, 0x07, 0x03, 0x9E, 0x1E, 0x0F, 0x1E, 0x3C, 0x3C, 0x3C, 0x78, 0xF8, 0x3C, 0xF1, 0xE0,
    0x3D, 0xE7, 0x80, 0x7B, 0xDF, 0x00, 0x7F, 0xFC, 0x00, 0xFF, 0xF8, 0x01, 0xFF, 0xF0, 0x07, 0xBD,
    0xF0, 0x1F, 0x79, 0xE0, 0x3C, 0xF1, 0xE0, 0xF9, 0xE3, 0xE1, 0xE3, 0xC3, 0xC7, 0x87, 0x87, 0xDF,
    0x0F, 0x07, 0xC0, 0x00, 0x00, 0x00, 0x39, 0xC0, 0x03, 0x9C, 0x00, 0x39, 0xC0, 0x00, 0x00, 0x07,
    0x0F, 0x0E, 0x78, 0xF1, 0xE3, 0xCF, 0x3C, 0x3C, 0xF3, 0x81, 0xEF, 0x78, 0x0F, 0xFF, 0x00, 0xFF,
    0xF0, 0x0F, 0xFF, 0x01, 0xEF, 0x78, 0x3E, 0xF7, 0xC3, 0xCF, 0x3C, 0x78, 0xF1, 0xEF, 0x8F, 0x1F,
    0x00, 0x01, 0xEF, 0x0F, 0x78, 0x31, 0x80, 0x00, 0x0F, 0xC1, 0xFF, 0x8F, 0xFE, 0x7F, 0xF0, 0x07,
    0x80, 0x3C, 0x03, 0xE1, 0xFE, 0x0F, 0xE0, 0x7F, 0x80, 0x3E, 0x00, 0xF8, 0x03, 0xD0, 0x3C, 0xFF,
    0xE7, 0xFE, 0x3F, 0xE0, 0x00, 0x00, 0x00, 0x07, 0x39, 0xEF, 0x1C, 0xC0, 0x00, 0x7F, 0x1F, 0xF3,
    0xFF, 0x21, 0xE0, 0x3C, 0x7F, 0x0F, 0xC1, 0xFC, 0x03, 0xC0, 0x7B, 0xFF, 0x7F, 0xEF, 0xF0, 0x00,
    0x00, 0x7F, 0xF3, 0xFF, 0x9F, 0xFC, 0xFF, 0xE0, 0x3E, 0x03, 0xC0, 0x3C, 0x03, 0xF0, 0x1F, 0xE0,
    0xFF, 0x80, 0x3E, 0x00, 0xF0, 0x07, 0xA0, 0x7F, 0xFF, 0xDF, 0xFE, 0x7F, 0xC0, 0x00, 0x00, 0x7F,
    0xF3, 0xFF, 0x9F, 0xFC, 0x03, 0xC0, 0x3C, 0x03, 0xC0, 0x3C, 0x03, 0xF0, 0x1F, 0xE0, 0xFF, 0x80,
    0x7C, 0x01, 0xF0, 0x07, 0x80, 0x3C, 0x03, 0xDF, 0xFE, 0xFF, 0xE3, 0xFE, 0x07, 0xC0, 0x00, 0x00,
    0x7F, 0x81, 0xFE, 0x00, 0x00, 0xE0, 0x3F, 0xC1, 0xFF, 0x0F, 0xFC, 0x3F, 0xF1, 0xFF, 0xC7, 0xFF,
    0x3F, 0xFC, 0xEF, 0xF7, 0xBF, 0xDC, 0xFF, 0xF3, 0xFF, 0x8F, 0xFE, 0x3F, 0xF0, 0xFF, 0xC3, 0xFE,
    0x0F, 0xF8, 0x3C, 0x00, 0x00, 0xFF, 0x07, 0xF8, 0x00, 0x07, 0x07, 0xB8, 0x7D, 0xC7, 0xEE, 0x3F,
    0x73, 0xFB, 0x9F, 0xDD, 0xDE, 0xEE, 0xF7, 0xE7, 0xBF, 0x3D, 0xF1, 0xEF, 0x8F, 0x78, 0x78, 0x00,
    0x00, 0x73, 0x81, 0xCE, 0x07, 0x38, 0x00, 0x03, 0x80, 0xFF, 0x07, 0xFC, 0x3F, 0xF0, 0xFF, 0xC7,
    0xFF, 0x1F, 0xFC, 0xFF, 0xF3, 0xBF, 0xDE, 0xFF, 0x73, 0xFF, 0xCF, 0xFE, 0x3F, 0xF8, 0xFF, 0xC3,
    0xFF, 0x0F, 0xF8, 0x3F, 0xE0, 0xF0, 0x00, 0x00, 0xE7, 0x0F, 0x78, 0x31, 0x80, 0x00, 0x38, 0x3D,
    0xC3, 0xEE, 0x3F, 0x71, 0xFB, 0x9F, 0xDC, 0xFE, 0xEE, 0xF7, 0x77, 0xBF, 0x3D, 0xF9, 0xEF, 0x8F,
    0x7C, 0x7B, 0xC3, 0xC0, 0x00, 0x00, 0x0E, 0x70, 0x0E, 0x70, 0x0E, 0x70, 0x00, 0x00, 0x07, 0xE0,
    0x1F, 0xF8, 0x3F, 0xFC, 0x7F, 0xFE, 0x78, 0x1E, 0xF8, 0x1F, 0xF0, 0x0F, 0xF0, 0x0F, 0xF0, 0x0F,
    0xF0, 0x0F, 0xF0, 0x0F, 0xF8, 0x0F, 0x78, 0x1F, 0x7C, 0x3E, 0x3F, 0xFE, 0x3F, 0xFC, 0x0F, 0xF0,
    0x00, 0x00, 0x00, 0x01, 0xCE, 0x0E, 0x70, 0x73, 0x80, 0x00, 0x0F, 0xC0, 0xFF, 0x0F, 0xFC, 0xF9,
    0xF7, 0x87, 0xBC, 0x3D, 0xE1, 0xEF, 0x0F, 0x78, 0x7B, 0xC3, 0xCF, 0xFE, 0x7F, 0xE0, 0xFE, 0x00,
    0x00, 0x07, 0xE0, 0x1F, 0xF8, 0x3F, 0xFC, 0x7E, 0x7E, 0x78, 0x1E, 0xF0, 0x0F, 0xF0, 0x0F, 0xFF,
    0xFF, 0xFF, 0xFF, 0xFF, 0xFF, 0xF0, 0x0F, 0xF0, 0x0F, 0x78, 0x1F, 0x7C, 0x1E, 0x3F, 0xFE, 0x3F,
    0xFC, 0x0F, 0xF0, 0x00, 0x00, 0x1F, 0x81, 0xFE, 0x1F, 0xF9, 0xF3, 0xEF, 0x0F, 0x7F, 0xFB, 0xFF,
    0xDF, 0xFE, 0xF0, 0xF7, 0x87, 0x9F, 0xFC, 0xFF, 0xC1, 0xFC, 0x00, 0x00, 0x00, 0x00, 0x0E, 0x70,
    0x0E, 0x70, 0x0E, 0x70, 0x00, 0x00, 0x07, 0xE0, 0x1F, 0xF8, 0x3F, 0xFC, 0x7E, 0x7E, 0x78, 0x1E,
    0xF0, 0x0F, 0xF0, 0x0F, 0xFF, 0xFF, 0xFF, 0xFF, 0xFF, 0xFF, 0xF0, 0x0F, 0xF0, 0x0F, 0x78, 0x1F,
    0x7C, 0x1E, 0x3F, 0xFE, 0x3F, 0xFC, 0x0F, 0xF0, 0x00, 0x00, 0x00, 0x01, 0xCE, 0x0E, 0x70, 0x73,
    0x80, 0x00, 0x0F, 0xC0, 0xFF, 0x0F, 0xFC, 0xF9, 0xF7, 0x87, 0xBF, 0xFD, 0xFF, 0xEF, 0xFF, 0x78,
    0x7B, 0xC3, 0xCF, 0xFE, 0x7F, 0xE0, 0xFE, 0x00, 0x00, 0x00, 0x00, 0xE7, 0x03, 0xDE, 0x06, 0x70,
    0x00, 0x00, 0x7E, 0x07, 0xFE, 0x1F, 0xFC, 0x7F, 0xF8, 0x01, 0xE0, 0x07, 0xC0, 0x0F, 0x1F, 0xFC,
    0x7F, 0xF1, 0xFF, 0xC0, 0x0F, 0x00, 0x3C, 0x01, 0xE4, 0x0F, 0x9F, 0xFC, 0x7F, 0xF1, 0xFF, 0x00,
    0x00, 0x00, 0x00, 0x07, 0xBC, 0x7B, 0xC3, 0x18, 0x00, 0x03, 0xF0, 0x7F, 0x87, 0xFC, 0x23, 0xE0,
    0x1E, 0x1F, 0xE3, 0xFE, 0x3F, 0xE0, 0x1E, 0x01, 0xE7, 0xFC, 0x7F, 0xC7, 0xF8, 0x00, 0x00, 0x00,
    0x00, 0x3F, 0xE0, 0x7F, 0xC0, 0x00, 0x0F, 0x01, 0xFF, 0x03, 0xDE, 0x0F, 0x3C, 0x1E, 0x3C, 0x38,
    0x78, 0xF0, 0x79, 0xE0, 0xF7, 0x80, 0xEF, 0x01, 0xFC, 0x01, 0xF8, 0x03, 0xE0, 0x07, 0xC0, 0x0F,
    0x01, 0xFE, 0x03, 0xF8, 0x07, 0xE0, 0x00, 0x00, 0x00, 0x00, 0x00, 0x3F, 0xE0, 0x7F, 0xC0, 0x00,
    0x07, 0x83, 0xCF, 0x07, 0x8F, 0x0F, 0x1E, 0x3C, 0x3C, 0x78, 0x3C, 0xE0, 0x7B, 0xC0, 0x77, 0x80,
    0xFE, 0x01, 0xFC, 0x01, 0xF8, 0x03, 0xE0, 0x03, 0xC0, 0x07, 0x00, 0x1E, 0x01, 0xFC, 0x07, 0xF0,
    0x0F, 0xC0, 0x0E, 0x00, 0x00, 0x00, 0x00, 0x3D, 0xE0, 0x7B, 0xC0, 0x63, 0x00, 0x00, 0x1E, 0x03,
    0xFE, 0x07, 0xBC, 0x1E, 0x78, 0x3C, 0x78, 0x70, 0xF1, 0xE0, 0xF3, 0xC1, 0xEF, 0x01, 0xDE, 0x03,
    0xF8, 0x03, 0xF0, 0x07, 0xC0, 0x0F, 0x80, 0x1E, 0x03, 0xFC, 0x07, 0xF0, 0x0F, 0xC0, 0x00, 0x00,
    0x00, 0x00, 0x00, 0x3D, 0xE0, 0x7B, 0xC0, 0x63, 0x00, 0x00, 0x0F, 0x07, 0x9E, 0x0F, 0x1E, 0x1E,
    0x3C, 0x78, 0x78, 0xF0, 0x79, 0xC0, 0xF7, 0x80, 0xEF, 0x01, 0xFC, 0x03, 0xF8, 0x03, 0xF0, 0x07,
    0xC0, 0x07, 0x80, 0x0E, 0x00, 0x3C, 0x03, 0xF8, 0x0F, 0xE0, 0x1F, 0x80, 0x1C, 0x00, 0x03, 0xDC,
    0x07, 0xF8, 0x1E, 0xE0, 0x73, 0x80, 0x00, 0x1E, 0x03, 0xFE, 0x07, 0xBC, 0x1E, 0x78, 0x3C, 0x78,
    0x70, 0xF1, 0xE0, 0xF3, 0xC1, 0xEF, 0x01, 0xDE, 0x03, 0xF8, 0x03, 0xF0, 0x07, 0xC0, 0x0F, 0x80,
    0x1E, 0x03, 0xFC, 0x07, 0xF0, 0x0F, 0xC0, 0x00, 0x00, 0x00, 0x07, 0x78, 0x3F, 0xC1, 0xEE, 0x07,
    0x70, 0x00, 0x03, 0xC1, 0xEF, 0x07, 0x9E, 0x1E, 0x78, 0xF1, 0xE3, 0xC3, 0xCE, 0x0F, 0x78, 0x1D,
    0xE0, 0x7F, 0x01, 0xFC, 0x03, 0xF0, 0x0F, 0x80, 0x1E, 0x00, 0xF0, 0x03, 0xC0, 0x7F, 0x01, 0xF8,
    0x07, 0xC0, 0x1C, 0x00, 0x00, 0x00, 0x73, 0x81, 0xCE, 0x07, 0x38, 0x00, 0x01, 0xC0, 0xEF, 0x03,
    0xFC, 0x0F, 0xF0, 0x3F, 0xC0, 0xFF, 0x03, 0xFC, 0x0F, 0xF8, 0x3D, 0xFF, 0xF7, 0xFF, 0xCF, 0xFF,
    0x06, 0x3C, 0x00, 0xF0, 0x03, 0xC0, 0x0F, 0x00, 0x3C, 0x00, 0xF0, 0x00, 0x03, 0x9C, 0x39, 0xC3,
    0x9C, 0x00, 0x0F, 0x0F, 0xF0, 0xFF, 0x0F, 0xF0, 0xFF, 0x0F, 0xF0, 0xFF, 0xFF, 0x7F, 0xF3, 0xFF,
    0x00, 0xF0, 0x0F, 0x00, 0xF0, 0x0F, 0xFF, 0xDF, 0xFF, 0xFF, 0xFF, 0xEF, 0x01, 0xE0, 0x3C, 0x07,
    0x80, 0xF0, 0x1E, 0x03, 0xC0, 0x78, 0x0F, 0x01, 0xE0, 0x3F, 0x87, 0xF0, 0xFE, 0x03, 0xC0, 0x78,
    0x0F, 0x01, 0xE0, 0x3C, 0x00, 0x7F, 0x9F, 0xF7, 0xFD, 0xC0, 0x70, 0x1C, 0x07, 0x01, 0xC0, 0x70,
    0x1C, 0x07, 0xE1, 0xFC, 0x7F, 0x03, 0xC0, 0xF0, 0x3C, 0x0F, 0x03, 0x80, 0x00, 0x00, 0x03, 0xDE,
    0x00, 0xF7, 0x80, 0x18, 0xC0, 0x00, 0x00, 0x38, 0x00, 0xEF, 0x00, 0x7B, 0xC0, 0x1E, 0xF0, 0x07,
    0xBC, 0x01, 0xEF, 0x00, 0x7B, 0xFC, 0x1E, 0xFF, 0xC7, 0xBF, 0xF9, 0xEF, 0x3F, 0x7B, 0xC3, 0xDE,
    0xF0, 0xF7, 0xBC, 0x3D, 0xEF, 0x1F, 0x7B, 0xFF, 0x9E, 0xFF, 0xC7, 0xBF, 0xE1, 0xE0, 0x00, 0x00,
    0x03, 0x9C, 0x03, 0xDE, 0x00, 0xE7, 0x00, 0x00, 0x03, 0x80, 0x3D, 0xE0, 0x1E, 0xF0, 0x0F, 0x78,
    0x07, 0xBF, 0x83, 0xDF, 0xF1, 0xEF, 0xFC, 0xF7, 0x9F, 0x7B, 0xC7, 0xBD, 0xE3, 0xDE, 0xFF, 0xCF,
    0x7F, 0xE7, 0xBF, 0xE3, 0xC0, 0x3F, 0xF1, 0xFF, 0xCF, 0xFE, 0x7F, 0xE3, 0xC0, 0x1E, 0x00, 0xF0,
    0x0F, 0xF8, 0xFF, 0xC7, 0xFE, 0x1F, 0xF0, 0x78, 0x03, 0xC0, 0x1E, 0x00, 0xFE, 0x07, 0xF0, 0x3F,
    0x80, 0x3C, 0x01, 0xE0, 0x3F, 0x01, 0xF8, 0x0F, 0x80, 0x78, 0x00, 0x3F, 0xEF, 0xFD, 0xFF, 0xBF,
    0xE7, 0x81, 0xFE, 0x3F, 0xE7, 0xFC, 0xFF, 0x0F, 0x01, 0xFC, 0x3F, 0x87, 0xF0, 0x0E, 0x01, 0xC0,
    0x78, 0x3F, 0x07, 0xC0, 0x20, 0x00, 0x70, 0x1E, 0x3C, 0x1F, 0x1F, 0x0F, 0x07, 0x8F, 0x01, 0xEF,
    0x80, 0xFF, 0x80, 0x3F, 0x80, 0x0F, 0xC0, 0x07, 0xC0, 0x03, 0xE0, 0x03, 0xF8, 0x03, 0xFE, 0x01,
    0xEF, 0x01, 0xE3, 0xC1, 0xF1, 0xFE, 0xF0, 0x7F, 0xF8, 0x1F, 0x80, 0x03, 0xC0, 0x01, 0xC0, 0x05,
    0xE0, 0x03, 0xF0, 0x01, 0xF0, 0x00, 0xF0, 0xF0, 0x79, 0xE3, 0xE7, 0xCF, 0x0F, 0x78, 0x1F, 0xE0,
    0x7F, 0x00, 0xF8, 0x03, 0xF0, 0x1F, 0xC0, 0xF7, 0x83, 0xDF, 0xDE, 0x3F, 0xF8, 0x7C, 0x00, 0x70,
    0x01, 0xC0, 0x1F, 0x00, 0x7C, 0x01, 0xE0, 0x02, 0x00, 0x70, 0x1E, 0x78, 0x3E, 0x7C, 0x3C, 0x3C,
    0x78, 0x1E, 0xF8, 0x1F, 0xF0, 0x0F, 0xE0, 0x7F, 0xFC, 0x7F, 0xFC, 0x7F, 0xFC, 0x0F, 0xE0, 0x1F,
    0xF0, 0x1E, 0xF8, 0x3C, 0x78, 0x7C, 0x7C, 0x78, 0x3E, 0xF8, 0x1E, 0xF0, 0x79, 0xE3, 0xE7, 0xCF,
    0x0F, 0x78, 0x1F, 0xE1, 0xFF, 0xC7, 0xFF, 0x1F, 0xFC, 0x1F, 0xC0, 0xF7, 0x83, 0xDF, 0x1E, 0x3C,
    0xF8, 0x78, 0x03, 0xC0, 0x07, 0xE0, 0x07, 0xE0, 0x0F, 0xE0, 0x0F, 0xF0, 0x0F, 0xF0, 0x1E, 0x70,
    0x1E, 0x78, 0x1E, 0x78, 0x3C, 0x38, 0x3F, 0xFC, 0x3F, 0xFC, 0x7F, 0xFE, 0x78, 0x1E, 0x78, 0x1E,
    0xF8, 0x1F, 0xF0, 0x0F, 0x00, 0x00, 0x01, 0x80, 0x03, 0xC0, 0x03, 0xC0, 0x03, 0x80, 0x0F, 0xC1,
    0xFF, 0x0F, 0xFC, 0x21, 0xE0, 0x0F, 0x07, 0xF8, 0xFF, 0xCF, 0xFE, 0x78, 0xF3, 0xC7, 0x9F, 0xFC,
    0xFF, 0xE3, 0xF7, 0x00, 0x00, 0x0C, 0x00, 0xF0, 0x07, 0x80, 0x38, 0x00, 0x00, 0x00, 0x07, 0xC0,
    0x07, 0xE0, 0x00, 0xE0, 0x01, 0xC0, 0x03, 0x80, 0x01, 0x00, 0x03, 0xC0, 0x07, 0xE0, 0x07, 0xE0,
    0x0F, 0xE0, 0x0F, 0xF0, 0x0F, 0xF0, 0x1E, 0x70, 0x1E, 0x78, 0x1E, 0x78, 0x3C, 0x38, 0x3F, 0xFC,
    0x3F, 0xFC, 0x7F, 0xFE, 0x78, 0x1E, 0x78, 0x1E, 0xF8, 0x1F, 0xF0, 0x0F, 0x00, 0x00, 0x7C, 0x03,
    0xF0, 0x03, 0x80, 0x38, 0x03, 0x80, 0x08, 0x01, 0xF8, 0x3F, 0xE1, 0xFF, 0x84, 0x3C, 0x01, 0xE0,
    0xFF, 0x1F, 0xF9, 0xFF, 0xCF, 0x1E, 0x78, 0xF3, 0xFF, 0x9F, 0xFC, 0x7E, 0xE0, 0x00, 0x00, 0x00,
    0x06, 0x00, 0x0E, 0x07, 0xDC, 0x07, 0xE0, 0x0E, 0x70, 0x0C, 0x30, 0x03, 0xC0, 0x07, 0xE0, 0x07,
    0xE0, 0x0F, 0xE0, 0x0F, 0xF0, 0x0F, 0xF0, 0x1E, 0x70, 0x1E, 0x78, 0x1E, 0x78, 0x3C, 0x38, 0x3F,
    0xFC, 0x3F, 0xFC, 0x7F, 0xFE, 0x78, 0x1E, 0x78, 0x1E, 0xF8, 0x1F, 0xF0, 0x0F, 0x00, 0x1C, 0x0E,
    0x38, 0x3E, 0xE0, 0xFE, 0x01, 0xCE, 0x00, 0x00, 0x03, 0xF0, 0x1F, 0xF0, 0x3F, 0xF0, 0x21, 0xE0,
    0x03, 0xC0, 0x7F, 0x83, 0xFF, 0x0F, 0xFE, 0x1E, 0x3C, 0x3C, 0x78, 0x7F, 0xF0, 0xFF, 0xE0, 0xFD,
    0xC0, 0x00, 0x00, 0x60, 0x00, 0x70, 0x00, 0x3F, 0xC0, 0x07, 0xE0, 0x0E, 0x70, 0x0C, 0x30, 0x03,
    0xC0, 0x07, 0xE0, 0x07, 0xE0, 0x0F, 0xE0, 0x0F, 0xF0, 0x0F, 0xF0, 0x1E, 0x70, 0x1E, 0x78, 0x1E,
    0x78, 0x3C, 0x38, 0x3F, 0xFC, 0x3F, 0xFC, 0x7F, 0xFE, 0x78, 0x1E, 0x78, 0x1E, 0xF8, 0x1F, 0xF0,
    0x0F, 0xE0, 0x01, 0xCF, 0x03, 0xFE, 0x01, 0xF8, 0x0E, 0x70, 0x00, 0x00, 0x7E, 0x07, 0xFC, 0x1F,
    0xF8, 0x21, 0xE0, 0x07, 0x81, 0xFE, 0x1F, 0xF8, 0xFF, 0xE3, 0xC7, 0x8F, 0x1E, 0x3F, 0xF8, 0xFF,
    0xE1, 0xFB, 0x80, 0x00, 0x00, 0x1C, 0x00, 0x1E, 0x00, 0x0E, 0x07, 0xDC, 0x07, 0xE0, 0x0E, 0x70,
    0x0C, 0x30, 0x03, 0xC0, 0x07, 0xE0, 0x07, 0xE0, 0x0F, 0xE0, 0x0F, 0xF0, 0x0F, 0xF0, 0x1E, 0x70,
    0x1E, 0x78, 0x1E, 0x78, 0x3C, 0x38, 0x3F, 0xFC, 0x3F, 0xFC, 0x7F, 0xFE, 0x78, 0x1E, 0x78, 0x1E,
    0xF8, 0x1F, 0xF0, 0x0F, 0x00, 0x38, 0x00, 0xF0, 0x79, 0x83, 0xFC, 0x1F, 0xC0, 0x73, 0x80, 0x00,
    0x03, 0xF0, 0x3F, 0xE0, 0xFF, 0xC1, 0x0F, 0x00, 0x3C, 0x0F, 0xF0, 0xFF, 0xC7, 0xFF, 0x1E, 0x3C,
    0x78, 0xF1, 0xFF, 0xC7, 0xFF, 0x0F, 0xDC, 0x00, 0x00, 0x00, 0x00, 0x07, 0xD8, 0x07, 0xF0, 0x04,
    0x60, 0x01, 0xE0, 0x03, 0xF0, 0x07, 0x78, 0x04, 0x18, 0x03, 0xC0, 0x07, 0xE0, 0x07, 0xE0, 0x0F,
    0xE0, 0x0F, 0xF0, 0x0F, 0xF0, 0x1E, 0x70, 0x1E, 0x78, 0x1E, 0x78, 0x3C, 0x38, 0x3F, 0xFC, 0x3F,
    0xFC, 0x7F, 0xFE, 0x78, 0x1E, 0x78, 0x1E, 0xF8, 0x1F, 0xF0, 0x0F, 0x06, 0x20, 0x7F, 0x87, 0xF8,
    0x11, 0x00, 0x7C, 0x07, 0xF0, 0x71, 0xC0, 0x00, 0x0F, 0xC1, 0xFF, 0x0F, 0xFC, 0x21, 0xE0, 0x0F,
    0x07, 0xF8, 0xFF, 0xCF, 0xFE, 0x78, 0xF3, 0xC7, 0x9F, 0xFC, 0xFF, 0xE3, 0xF7, 0x00, 0x00, 0x03,
    0xC0, 0x07, 0xE0, 0x0F, 0xF0, 0x1E, 0x78, 0x00, 0x00, 0x03, 0xC0, 0x07, 0xE0, 0x07, 0xE0, 0x0F,
    0xE0, 0x0F, 0xF0, 0x0F, 0xF0, 0x1E, 0x70, 0x1E, 0x78, 0x1E, 0x78, 0x3C, 0x38, 0x3F, 0xFC, 0x3F,
    0xFC, 0x7F, 0xFE, 0x78, 0x1E, 0x78, 0x1E, 0xF8, 0x1F, 0xF0, 0x0F, 0x00, 0x00, 0x01, 0x80, 0x03,
    0xC0, 0x03, 0xC0, 0x03, 0x80, 0x07, 0x80, 0x7E, 0x07, 0xF8, 0x79, 0xC0, 0x00, 0x07, 0xE0, 0xFF,
    0x87, 0xFE, 0x10, 0xF0, 0x07, 0x83, 0xFC, 0x7F, 0xE7, 0xFF, 0x3C, 0x79, 0xE3, 0xCF, 0xFE, 0x7F,
    0xF1, 0xFB, 0x80, 0x00, 0x06, 0x00, 0x78, 0x03, 0xC0, 0x1C, 0x00, 0x00, 0x00, 0x00, 0xE0, 0x01,
    0xC0, 0x0D, 0xB0, 0x0F, 0xF0, 0x07, 0xE0, 0x01, 0x80, 0x03, 0xC0, 0x07, 0xE0, 0x07, 0xE0, 0x0F,
    0xE0, 0x0F, 0xF0, 0x0F, 0xF0, 0x1E, 0x70, 0x1E, 0x78, 0x1E, 0x78, 0x3C, 0x38, 0x3F, 0xFC, 0x3F,
    0xFC, 0x7F, 0xFE, 0x78, 0x1E, 0x78, 0x1E, 0xF8, 0x1F, 0xF0, 0x0F, 0x01, 0x80, 0x1C, 0x06, 0xC8,
    0x30, 0xC1, 0xFE, 0x07, 0xE0, 0x00, 0x01, 0xF8, 0x3F, 0xE1, 0xFF, 0x84, 0x3C, 0x01, 0xE0, 0xFF,
    0x1F, 0xF9, 0xFF, 0xCF, 0x1E, 0x78, 0xF3, 0xFF, 0x9F, 0xFC, 0x7E, 0xE0, 0x00, 0x00, 0x00, 0x00,
    0x03, 0x00, 0x03, 0x80, 0x0C, 0xB0, 0x0F, 0xF0, 0x07, 0xE0, 0x01, 0x80, 0x03, 0xC0, 0x07, 0xE0,
    0x07, 0xE0, 0x0F, 0xE0, 0x0F, 0xF0, 0x0F, 0xF0, 0x1E, 0x70, 0x1E, 0x78, 0x1E, 0x78, 0x3C, 0x38,
    0x3F, 0xFC, 0x3F, 0xFC, 0x7F, 0xFE, 0x78, 0x1E, 0x78, 0x1E, 0xF8, 0x1F, 0xF0, 0x0F, 0x06, 0x00,
    0x38, 0x06, 0xC8, 0x30, 0xC1, 0xFE, 0x07, 0xE0, 0x00, 0x01, 0xF8, 0x3F, 0xE1, 0xFF, 0x84, 0x3C,
    0x01, 0xE0, 0xFF, 0x1F, 0xF9, 0xFF, 0xCF, 0x1E, 0x78, 0xF3, 0xFF, 0x9F, 0xFC, 0x7E, 0xE0, 0x00,
    0x00, 0x03, 0x80, 0x01, 0xC0, 0x01, 0xC0, 0x0D, 0x30, 0x0F, 0xF0, 0x07, 0xE0, 0x01, 0x80, 0x03,
    0xC0, 0x07, 0xE0, 0x07, 0xE0, 0x0F, 0xE0, 0x0F, 0xF0, 0x0F, 0xF0, 0x1E, 0x70, 0x1E, 0x78, 0x1E,
    0x78, 0x3C, 0x38, 0x3F, 0xFC, 0x3F, 0xFC, 0x7F, 0xFE, 0x78, 0x1E, 0x78, 0x1E, 0xF8, 0x1F, 0xF0,
    0x0F, 0x00, 0x00, 0x3C, 0x00, 0x60, 0x26, 0xC1, 0xA6, 0x0F, 0xF0, 0x3F, 0x00, 0x00, 0x0F, 0xC1,
    0xFF, 0x0F, 0xFC, 0x21, 0xE0, 0x0F, 0x07, 0xF8, 0xFF, 0xCF, 0xFE, 0x78, 0xF3, 0xC7, 0x9F, 0xFC,
    0xFF, 0xE3, 0xF7, 0x00, 0x00, 0x00, 0x00, 0x07, 0xD8, 0x07, 0xF8, 0x04, 0x60, 0x0E, 0x18, 0x07,
    0xF8, 0x03, 0xF0, 0x00, 0xC0, 0x03, 0xC0, 0x07, 0xE0, 0x07, 0xE0, 0x0F, 0xE0, 0x0F, 0xF0, 0x0F,
    0xF0, 0x1E, 0x70, 0x1E, 0x78, 0x1E, 0x78, 0x3C, 0x38, 0x3F, 0xFC, 0x3F, 0xFC, 0x7F, 0xFE, 0x78,
    0x1E, 0x78, 0x1E, 0xF8, 0x1F, 0xF0, 0x0F, 0x06, 0x30, 0x7F, 0x87, 0xF8, 0x10, 0xC1, 0xC7, 0x07,
    0xF0, 0x1F, 0x00, 0x00, 0x0F, 0xC1, 0xFF, 0x0F, 0xFC, 0x21, 0xE0, 0x0F, 0x07, 0xF8, 0xFF, 0xCF,
    0xFE, 0x78, 0xF3, 0xC7, 0x9F, 0xFC, 0xFF, 0xE3, 0xF7, 0x00, 0x00, 0x0C, 0x38, 0x0F, 0xF8, 0x0F,
    0xF0, 0x07, 0xE0, 0x00, 0x00, 0x03, 0xC0, 0x07, 0xE0, 0x07, 0xE0, 0x0F, 0xE0, 0x0F, 0xF0, 0x0F,
    0xF0, 0x1E, 0x70, 0x1E, 0x78, 0x1E, 0x78, 0x3C, 0x38, 0x3F, 0xFC, 0x3F, 0xFC, 0x7F, 0xFE, 0x78,
    0x1E, 0x78, 0x1E, 0xF8, 0x1F, 0xF0, 0x0F, 0x00, 0x00, 0x01, 0x80, 0x03, 0xC0, 0x03, 0xC0, 0x03,
    0x80, 0x18, 0x70, 0xFF, 0x87, 0xF8, 0x1F, 0x80, 0x00, 0x07, 0xE0, 0xFF, 0x87, 0xFE, 0x10, 0xF0,
    0x07, 0x83, 0xFC, 0x7F, 0xE7, 0xFF, 0x3C, 0x79, 0xE3, 0xCF, 0xFE, 0x7F, 0xF1, 0xFB, 0x80, 0x00,
    0x06, 0x00, 0x78, 0x03, 0xC0, 0x1C, 0x00, 0xFF, 0xBF, 0xFF, 0xFF, 0xFE, 0xF0, 0x3C, 0x0F, 0x03,
    0xFE, 0xFF, 0xBF, 0xEF, 0x03, 0xC0, 0xF0, 0x3C, 0x0F, 0xFF, 0xFF, 0xFF, 0xC0, 0x01, 0x80, 0xF0,
    0x3C, 0x07, 0x00, 0x1F, 0x83, 0xFC, 0x7F, 0xEF, 0x8E, 0xF0, 0xFF, 0xFF, 0xFF, 0xFF, 0xFF, 0xF0,
    0x0F, 0x00, 0x7F, 0xE7, 0xFE, 0x1F, 0xE0, 0x00, 0x06, 0x00, 0xF0, 0x0F, 0x00, 0x70, 0x00, 0x0F,
    0x83, 0xE0, 0x38, 0x1E, 0x07, 0x01, 0x83, 0xFE, 0xFF, 0xFF, 0xFF, 0xFB, 0xC0, 0xF0, 0x3C, 0x0F,
    0xFB, 0xFE, 0xFF, 0xBC, 0x0F, 0x03, 0xC0, 0xF0, 0x3F, 0xFF, 0xFF, 0xFF, 0x00, 0x00, 0xF0, 0x0F,
    0x80, 0x38, 0x07, 0x80, 0x70, 0x06, 0x01, 0xF8, 0x3F, 0xC7, 0xFE, 0xF8, 0xEF, 0x0F, 0xFF, 0xFF,
    0xFF, 0xFF, 0xFF, 0x00, 0xF0, 0x07, 0xFE, 0x7F, 0xE1, 0xFE, 0x00, 0x00, 0x10, 0x9F, 0x7F, 0xFB,
    0x3E, 0x00, 0x3F, 0xEF, 0xFF, 0xFF, 0xFF, 0xBC, 0x0F, 0x03, 0xC0, 0xFF, 0xBF, 0xEF, 0xFB, 0xC0,
    0xF0, 0x3C, 0x0F, 0x03, 0xFF, 0xFF, 0xFF, 0xF0, 0x08, 0x43, 0xEE, 0x7F, 0xC7, 0x7C, 0x00, 0x01,
    0xF8, 0x3F, 0xC7, 0xFE, 0xF8, 0xEF, 0x0F, 0xFF, 0xFF, 0xFF, 0xFF, 0xFF, 0x00, 0xF0, 0x07, 0xFE,
    0x7F, 0xE1, 0xFE, 0x00, 0x00, 0x00, 0x30, 0x03, 0x87, 0xF8, 0x7E, 0x07, 0x38, 0x30, 0xC1, 0xFF,
    0x0F, 0xFC, 0x7F, 0xE3, 0xFE, 0x1E, 0x00, 0xF0, 0x07, 0x80, 0x3F, 0xE1, 0xFF, 0x0F, 0xF8, 0x78,
    0x03, 0xC0, 0x1E, 0x00, 0xF0, 0x07, 0xFE, 0x3F, 0xF1, 0xFF, 0x80, 0x00, 0x18, 0x3C, 0xE1, 0xFF,
    0x07, 0xE0, 0x39, 0xC0, 0x00, 0x01, 0xF8, 0x0F, 0xF0, 0x7F, 0xE3, 0xE3, 0x8F, 0x0F, 0x3F, 0xFC,
    0xFF, 0xF3, 0xFF, 0xCF, 0x00, 0x3C, 0x00, 0x7F, 0xE1, 0xFF, 0x81, 0xFE, 0x00, 0x00, 0x60, 0x01,
    0xC0, 0x03, 0xFC, 0x01, 0xF8, 0x0E, 0x70, 0x30, 0xC0, 0xFF, 0x83, 0xFF, 0x0F, 0xFC, 0x3F, 0xE0,
    0xF0, 0x03, 0xC0, 0x0F, 0x00, 0x3F, 0xE0, 0xFF, 0x83, 0xFE, 0x0F, 0x00, 0x3C, 0x00, 0xF0, 0x03,
    0xC0, 0x0F, 0xFC, 0x3F, 0xF0, 0xFF, 0xC0, 0x70, 0x01, 0xCF, 0x03, 0xFE, 0x01, 0xF8, 0x0E, 0x70,
    0x00, 0x00, 0x7E, 0x03, 0xFC, 0x1F, 0xF8, 0xF8, 0xE3, 0xC3, 0xCF, 0xFF, 0x3F, 0xFC, 0xFF, 0xF3,
    0xC0, 0x0F, 0x00, 0x1F, 0xF8, 0x7F, 0xE0, 0x7F, 0x80, 0x00, 0x00, 0xE0, 0x0F, 0x00, 0x71, 0xFE,
    0x3F, 0x07, 0x38, 0x61, 0x87, 0xFC, 0x7F, 0xE7, 0xFE, 0x7F, 0xC7, 0x80, 0x78, 0x07, 0x80, 0x7F,
    0xC7, 0xFC, 0x7F, 0xC7, 0x80, 0x78, 0x07, 0x80, 0x78, 0x07, 0xFE, 0x7F, 0xE7, 0xFE, 0x00, 0x70,
    0x03, 0xC3, 0xCE, 0x3F, 0xC1, 0xF8, 0x1C, 0xE0, 0x00, 0x03, 0xF0, 0x3F, 0xC3, 0xFF, 0x3E, 0x39,
    0xE1, 0xEF, 0xFF, 0x7F, 0xFB, 0xFF, 0xDE, 0x00, 0xF0, 0x03, 0xFF, 0x1F, 0xF8, 0x3F, 0xC0, 0x00,
    0x00, 0x00, 0x1F, 0x67, 0xF9, 0x18, 0x1E, 0x0F, 0xC7, 0x39, 0x06, 0xFF, 0xBF, 0xFF, 0xFF, 0xFE,
    0xF0, 0x3C, 0x0F, 0x03, 0xFE, 0xFF, 0xBF, 0xEF, 0x03, 0xC0, 0xF0, 0x3C, 0x0F, 0xFF, 0xFF, 0xFF,
    0xC0, 0x0C, 0x21, 0xFE, 0x1F, 0xC1, 0x08, 0x0F, 0x80, 0xFC, 0x1C, 0xE0, 0x00, 0x1F, 0x83, 0xFC,
    0x7F, 0xEF, 0x8E, 0xF0, 0xFF, 0xFF, 0xFF, 0xFF, 0xFF, 0xF0, 0x0F, 0x00, 0x7F, 0xE7, 0xFE, 0x1F,
    0xE0, 0x00, 0x1E, 0x0F, 0x87, 0xF3, 0xCE, 0x00, 0x3F, 0xEF, 0xFF, 0xFF, 0xFF, 0xBC, 0x0F, 0x03,
    0xC0, 0xFF, 0xBF, 0xEF, 0xFB, 0xC0, 0xF0, 0x3C, 0x0F, 0x03, 0xFF, 0xFF, 0xFF, 0xF0, 0x00, 0x60,
    0x3C, 0x0F, 0x01, 0xC0, 0x0F, 0x01, 0xF8, 0x3F, 0xC7, 0x9C, 0x00, 0x01, 0xF8, 0x3F, 0xC7, 0xFE,
    0xF8, 0xEF, 0x0F, 0xFF, 0xFF, 0xFF, 0xFF, 0xFF, 0x00, 0xF0, 0x07, 0xFE, 0x7F, 0xE1, 0xFE, 0x00,
    0x00, 0x60, 0x0F, 0x00, 0xF0, 0x07, 0x00, 0x3C, 0x3F, 0x03, 0x83, 0xC3, 0xC0, 0xC1, 0xFD, 0xFE,
    0x7F, 0x1F, 0x0F, 0x07, 0x83, 0xC1, 0xE0, 0xF0, 0x78, 0x3C, 0x1E, 0x0F, 0x07, 0x87, 0xF7, 0xFB,
    0xFC, 0x03, 0xEF, 0x8F, 0x79, 0xC2, 0x1C, 0xF3, 0xCF, 0x3C, 0xF3, 0xCF, 0x3C, 0xF3, 0xCF, 0x3C,
    0x7F, 0x7F, 0x9F, 0xC7, 0xC3, 0xC1, 0xE0, 0xF0, 0x78, 0x3C, 0x1E, 0x0F, 0x07, 0x83, 0xC1, 0xE1,
    0xFD, 0xFE, 0xFF, 0x00, 0x06, 0x07, 0x83, 0xC1, 0xC0, 0x27, 0xBE, 0xE0, 0x3B, 0xDE, 0xF7, 0xBD,
    0xEF, 0x7B, 0xDE, 0xF7, 0x80, 0xEF, 0x7D, 0xC0, 0x07, 0xE0, 0x1F, 0xF8, 0x3F, 0xFC, 0x7F, 0xFE,
    0x78, 0x1E, 0xF8, 0x1F, 0xF0, 0x0F, 0xF0, 0x0F, 0xF0, 0x0F, 0xF0, 0x0F, 0xF0, 0x0F, 0xF8, 0x0F,
    0x78, 0x1F, 0x7C, 0x3E, 0x3F, 0xFE, 0x3F, 0xFC, 0x0F, 0xF0, 0x00, 0x00, 0x01, 0x80, 0x03, 0xC0,
    0x03, 0xC0, 0x03, 0xC0, 0x1F, 0x81, 0xFE, 0x1F, 0xF9, 0xF3, 0xEF, 0x0F, 0x78, 0x7B, 0xC3, 0xDE,
    0x1E, 0xF0, 0xF7, 0x87, 0x9F, 0xFC, 0xFF, 0xC1, 0xFC, 0x00, 0x00, 0x18, 0x01, 0xE0, 0x0F, 0x00,
    0x38, 0x00, 0x03, 0xC0, 0x03, 0xE0, 0x00, 0xE0, 0x00, 0xE0, 0x01, 0xC0, 0x01, 0x80, 0x07, 0xE0,
    0x1F, 0xF8, 0x3F, 0xFC, 0x7F, 0xFE, 0x78, 0x1E, 0xF8, 0x1F, 0xF0, 0x0F, 0xF0, 0x0F, 0xF0, 0x0F,
    0xF0, 0x0F, 0xF0, 0x0F, 0xF8, 0x0F, 0x78, 0x1F, 0x7C, 0x3E, 0x3F, 0xFE, 0x3F, 0xFC, 0x0F, 0xF0,
    0x00, 0x00, 0x00, 0x00, 0x78, 0x03, 0xE0, 0x07, 0x00, 0x78, 0x03, 0x80, 0x18, 0x03, 0xF0, 0x3F,
    0xC3, 0xFF, 0x3E, 0x7D, 0xE1, 0xEF, 0x0F, 0x78, 0x7B, 0xC3, 0xDE, 0x1E, 0xF0, 0xF3, 0xFF, 0x9F,
    0xF8, 0x3F, 0x80, 0x00, 0x00, 0x00, 0x06, 0x00, 0x0E, 0x07, 0xDC, 0x07, 0xE0, 0x0E, 0x70, 0x0C,
    0x30, 0x07, 0xE0, 0x1F, 0xF8, 0x3F, 0xFC, 0x7F, 0xFE, 0x78, 0x1E, 0xF8, 0x1F, 0xF0, 0x0F, 0xF0,
    0x0F, 0xF0, 0x0F, 0xF0, 0x0F, 0xF0, 0x0F, 0xF8, 0x0F, 0x78, 0x1F, 0x7C, 0x3E, 0x3F, 0xFE, 0x3F,
    0xFC, 0x0F, 0xF0, 0x00, 0x00, 0x00, 0x1C, 0x3C, 0xE1, 0xFF, 0x07, 0xE0, 0x39, 0xC0, 0x00, 0x01,
    0xF8, 0x0F, 0xF0, 0x7F, 0xE3, 0xE7, 0xCF, 0x0F, 0x3C, 0x3C, 0xF0, 0xF3, 0xC3, 0xCF, 0x0F, 0x3C,
    0x3C, 0x7F, 0xF1, 0xFF, 0x81, 0xFC, 0x00, 0x00, 0x60, 0x00, 0x70, 0x00, 0x3B, 0xE0, 0x07, 0xE0,
    0x0E, 0x70, 0x0C, 0x30, 0x07, 0xE0, 0x1F, 0xF8, 0x3F, 0xFC, 0x7F, 0xFE, 0x78, 0x1E, 0xF8, 0x1F,
    0xF0, 0x0F, 0xF0, 0x0F, 0xF0, 0x0F, 0xF0, 0x0F, 0xF0, 0x0F, 0xF8, 0x0F, 0x78, 0x1F, 0x7C, 0x3E,
    0x3F, 0xFE, 0x3F, 0xFC, 0x0F, 0xF0, 0x00, 0x00, 0x70, 0x00, 0xE7, 0x80, 0xFF, 0x80, 0x3F, 0x80,
    0xE7, 0x00, 0x00, 0x01, 0xF8, 0x07, 0xF8, 0x1F, 0xF8, 0x7C, 0xF8, 0xF0, 0xF1, 0xE1, 0xE3, 0xC3,
    0xC7, 0x87, 0x8F, 0x0F, 0x1E, 0x1E, 0x1F, 0xFC, 0x3F, 0xF0, 0x1F, 0xC0, 0x00, 0x00, 0x00, 0x1C,
    0x00, 0x1E, 0x00, 0x0E, 0x07, 0xDC, 0x07, 0xE0, 0x0E, 0x70, 0x0C, 0x30, 0x07, 0xE0, 0x1F, 0xF8,
    0x3F, 0xFC, 0x7F, 0xFE, 0x78, 0x1E, 0xF8, 0x1F, 0xF0, 0x0F, 0xF0, 0x0F, 0xF0, 0x0F, 0xF0, 0x0F,
    0xF0, 0x0F, 0xF8, 0x0F, 0x78, 0x1F, 0x7C, 0x3E, 0x3F, 0xFE, 0x3F, 0xFC, 0x0F, 0xF0, 0x00, 0x00,
    0x00, 0x70, 0x03, 0xC3, 0xCE, 0x3F, 0xC1, 0xF8, 0x1C, 0xE0, 0x00, 0x03, 0xF0, 0x3F, 0xC3, 0xFF,
    0x3E, 0x7D, 0xE1, 0xEF, 0x0F, 0x78, 0x7B, 0xC3, 0xDE, 0x1E, 0xF0, 0xF3, 0xFF, 0x9F, 0xF8, 0x3F,
    0x80, 0x00, 0x00, 0x00, 0x00, 0x07, 0xD8, 0x07, 0xF8, 0x04, 0x60, 0x01, 0xE0, 0x03, 0xF0, 0x07,
    0x78, 0x04, 0x18, 0x07, 0xE0, 0x1F, 0xF8, 0x3F, 0xFC, 0x7F, 0xFE, 0x78, 0x1E, 0xF8, 0x1F, 0xF0,
    0x0F, 0xF0, 0x0F, 0xF0, 0x0F, 0xF0, 0x0F, 0xF0, 0x0F, 0xF8, 0x0F, 0x78, 0x1F, 0x7C, 0x3E, 0x3F,
    0xFE, 0x3F, 0xFC, 0x0F, 0xF0, 0x00, 0x00, 0x04, 0x20, 0xFF, 0x07, 0xF8, 0x21, 0x00, 0x78, 0x07,
    0xE0, 0x73, 0x80, 0x00, 0x1F, 0x81, 0xFE, 0x1F, 0xF9, 0xF3, 0xEF, 0x0F, 0x78, 0x7B, 0xC3, 0xDE,
    0x1E, 0xF0, 0xF7, 0x87, 0x9F, 0xFC, 0xFF, 0xC1, 0xFC, 0x00, 0x00, 0x03, 0xC0, 0x07, 0xE0, 0x0F,
    0xF0, 0x0E, 0x78, 0x00, 0x00, 0x07, 0xE0, 0x1F, 0xF8, 0x3F, 0xFC, 0x7F, 0xFE, 0x78, 0x1E, 0xF8,
    0x1F, 0xF0, 0x0F, 0xF0, 0x0F, 0xF0, 0x0F, 0xF0, 0x0F, 0xF0, 0x0F, 0xF8, 0x0F, 0x78, 0x1F, 0x7C,
    0x3E, 0x3F, 0xFE, 0x3F, 0xFC, 0x0F, 0xF0, 0x00, 0x00, 0x01, 0x80, 0x03, 0xC0, 0x03, 0xC0, 0x03,
    0xC0, 0x0F, 0x00, 0xFC, 0x07, 0xF0, 0x73, 0xC0, 0x00, 0x0F, 0xC0, 0xFF, 0x0F, 0xFC, 0xF9, 0xF7,
    0x87, 0xBC, 0x3D, 0xE1, 0xEF, 0x0F, 0x78, 0x7B, 0xC3, 0xCF, 0xFE, 0x7F, 0xE0, 0xFE, 0x00, 0x00,
    0x0C, 0x00, 0xF0, 0x07, 0x80, 0x1C, 0x00, 0x00, 0x78, 0x00, 0x1E, 0x00, 0x07, 0x80, 0x01, 0xE0,
    0x00, 0x00, 0x1C, 0x0F, 0xC3, 0xC7, 0xFE, 0xF1, 0xFF, 0xFE, 0x7F, 0xFF, 0x8F, 0x03, 0xE3, 0xE0,
    0x7C, 0x78, 0x07, 0x8F, 0x00, 0xF1, 0xE0, 0x1E, 0x3C, 0x03, 0xC7, 0x80, 0x78, 0xF8, 0x0F, 0x0F,
    0x03, 0xE1, 0xF0, 0xF8, 0x1F, 0xFF, 0x03, 0xFF, 0xC0, 0x1F, 0xE0, 0x00, 0x00, 0x00, 0x01, 0xE0,
    0x03, 0xC0, 0x07, 0x80, 0x0F, 0x0E, 0x00, 0x1E, 0x1F, 0x9E, 0x3F, 0xFE, 0x7F, 0xFC, 0xF9, 0xF8,
    0xF0, 0xF0, 0xF0, 0xF0, 0xF0, 0xF0, 0xF0, 0xF0, 0xF0, 0xF0, 0xF8, 0xF0, 0x7F, 0xF0, 0x7F, 0xE0,
    0x1F, 0xC0, 0x00, 0x00, 0x0F, 0x00, 0x00, 0xF0, 0x00, 0x0F, 0x00, 0x00, 0xF0, 0x00, 0x00, 0x1C,
    0x0F, 0xC3, 0xC7, 0xFE, 0xF1, 0xFF, 0xFE, 0x7F, 0xFF, 0x8F, 0x03, 0xE3, 0xE0, 0x7C, 0x78, 0x07,
    0x8F, 0x00, 0xF1, 0xE0, 0x1E, 0x3C, 0x03, 0xC7, 0x80, 0x78, 0xF8, 0x0F, 0x0F, 0x03, 0xE1, 0xF0,
    0xF8, 0x1F, 0xFF, 0x03, 0xFF, 0xC0, 0x1F, 0xE0, 0x00, 0x00, 0x00, 0x3C, 0x00, 0x1E, 0x00, 0x0F,
    0x00, 0x07, 0x8E, 0x00, 0x1E, 0x1F, 0x9E, 0x3F, 0xFE, 0x7F, 0xFC, 0xF9, 0xF8, 0xF0, 0xF0, 0xF0,
    0xF0, 0xF0, 0xF0, 0xF0, 0xF0, 0xF0, 0xF0, 0xF8, 0xF0, 0x7F, 0xF0, 0x7F, 0xE0, 0x1F, 0xC0, 0x00,
    0x00, 0x00, 0x00, 0x00, 0xF8, 0x00, 0x1F, 0x80, 0x00, 0x70, 0x00, 0x1E, 0x00, 0x07, 0x80, 0x00,
    0x60, 0x70, 0x3F, 0x0F, 0x1F, 0xFB, 0xC7, 0xFF, 0xF9, 0xFF, 0xFE, 0x3C, 0x0F, 0x8F, 0x81, 0xF1,
    0xE0, 0x1E, 0x3C, 0x03, 0xC7, 0x80, 0x78, 0xF0, 0x0F, 0x1E, 0x01, 0xE3, 0xE0, 0x3C, 0x3C, 0x0F,
    0x87, 0xC3, 0xE0, 0x7F, 0xFC, 0x0F, 0xFF, 0x00, 0x7F, 0x80, 0x00, 0x00, 0x00, 0x00, 0x00, 0x0F,
    0x00, 0x1F, 0x80, 0x03, 0x80, 0x07, 0x80, 0x07, 0x0E, 0x06, 0x1E, 0x1F, 0x9E, 0x3F, 0xFE, 0x7F,
    0xFC, 0xF9, 0xF8, 0xF0, 0xF0, 0xF0, 0xF0, 0xF0, 0xF0, 0xF0, 0xF0, 0xF0, 0xF0, 0xF8, 0xF0, 0x7F,
    0xF0, 0x7F, 0xE0, 0x1F, 0xC0, 0x00, 0x00, 0x02, 0x18, 0x01, 0xFF, 0x00, 0x3F, 0xE0, 0x0E, 0x78,
    0x00, 0x00, 0x1C, 0x0F, 0xC3, 0xC7, 0xFE, 0xF1, 0xFF, 0xFE, 0x7F, 0xFF, 0x8F, 0x03, 0xE3, 0xE0,
    0x7C, 0x78, 0x07, 0x8F, 0x00, 0xF1, 0xE0, 0x1E, 0x3C, 0x03, 0xC7, 0x80, 0x78, 0xF8, 0x0F, 0x0F,
    0x03, 0xE1, 0xF0, 0xF8, 0x1F, 0xFF, 0x03, 0xFF, 0xC0, 0x1F, 0xE0, 0x00, 0x00, 0x00, 0x08, 0x60,
    0x3F, 0xE0, 0x3F, 0xE0, 0x73, 0xCE, 0x00, 0x1E, 0x1F, 0x9E, 0x3F, 0xFE, 0x7F, 0xFC, 0xF9, 0xF8,
    0xF0, 0xF0, 0xF0, 0xF0, 0xF0, 0xF0, 0xF0, 0xF0, 0xF0, 0xF0, 0xF8, 0xF0, 0x7F, 0xF0, 0x7F, 0xE0,
    0x1F, 0xC0, 0x00, 0x00, 0x00, 0x01, 0xC0, 0xFC, 0x3C, 0x7F, 0xEF, 0x1F, 0xFF, 0xE7, 0xFF, 0xF8,
    0xF0, 0x3E, 0x3E, 0x07, 0xC7, 0x80, 0x78, 0xF0, 0x0F, 0x1E, 0x01, 0xE3, 0xC0, 0x3C, 0x78, 0x07,
    0x8F, 0x80, 0xF0, 0xF0, 0x3E, 0x1F, 0x0F, 0x81, 0xFF, 0xF0, 0x3F, 0xFC, 0x01, 0xFE, 0x00, 0x00,
    0x00, 0x00, 0xC0, 0x00, 0x3C, 0x00, 0x07, 0x80, 0x00, 0xF0, 0x00, 0x00, 0x0E, 0x00, 0x1E, 0x1F,
    0x9E, 0x3F, 0xFE, 0x7F, 0xFC, 0xF9, 0xF8, 0xF0, 0xF0, 0xF0, 0xF0, 0xF0, 0xF0, 0xF0, 0xF0, 0xF0,
    0xF0, 0xF8, 0xF0, 0x7F, 0xF0, 0x7F, 0xE0, 0x1F, 0xC0, 0x00, 0x00, 0x06, 0x00, 0x0F, 0x00, 0x0F,
    0x00, 0x07, 0x00, 0x70, 0x1C, 0xF0, 0x3D, 0xE0, 0x7B, 0xC0, 0xF7, 0x81, 0xEF, 0x03, 0xDE, 0x07,
    0xBC, 0x0F, 0x78, 0x1E, 0xF0, 0x3D, 0xE0, 0x7B, 0xC0, 0xF7, 0x83, 0xCF, 0x87, 0x8F, 0xFF, 0x1F,
    0xFC, 0x0F, 0xF0, 0x00, 0x00, 0x0C, 0x00, 0x3C, 0x00, 0x78, 0x00, 0xF0, 0x00, 0x70, 0x77, 0x87,
    0xBC, 0x3D, 0xE1, 0xEF, 0x0F, 0x78, 0x7B, 0xC3, 0xDE, 0x1E, 0xF0, 0xF7, 0xC7, 0x9F, 0xFC, 0xFF,
    0xE3, 0xF7, 0x00, 0x00, 0x18, 0x01, 0xE0, 0x0F, 0x00, 0x38, 0x00, 0x07, 0x80, 0x0F, 0x80, 0x07,
    0x00, 0x1E, 0x00, 0x38, 0x00, 0x60, 0x1C, 0x07, 0x3C, 0x0F, 0x78, 0x1E, 0xF0, 0x3D, 0xE0, 0x7B,
    0xC0, 0xF7, 0x81, 0xEF, 0x03, 0xDE, 0x07, 0xBC, 0x0F, 0x78, 0x1E, 0xF0, 0x3D, 0xE0, 0xF3, 0xE1,
    0xE3, 0xFF, 0xC7, 0xFF, 0x03, 0xFC, 0x00, 0x00, 0x00, 0x00, 0x7C, 0x03, 0xE0, 0x07, 0x00, 0x78,
    0x03, 0x80, 0x18, 0x0E, 0x0E, 0xF0, 0xF7, 0x87, 0xBC, 0x3D, 0xE1, 0xEF, 0x0F, 0x78, 0x7B, 0xC3,
    0xDE, 0x1E, 0xF8, 0xF3, 0xFF, 0x9F, 0xFC, 0x7E, 0xE0, 0x00, 0x00, 0x00, 0xF0, 0x00, 0x1F, 0x00,
    0x03, 0xC0, 0x00, 0x38, 0x00, 0x00, 0x00, 0xE7, 0x01, 0xCF, 0x78, 0x1F, 0xE7, 0x81, 0xFE, 0x78,
    0x1F, 0xC7, 0x81, 0xF0, 0x78, 0x1E, 0x07, 0x81, 0xE0, 0x78, 0x1E, 0x07, 0x81, 0xE0, 0x78, 0x1E,
    0x07, 0x81, 0xE0, 0x78, 0x1E, 0x07, 0x83, 0xC0, 0x7C, 0x3C, 0x03, 0xFF, 0xC0, 0x3F, 0xF8, 0x00,
    0xFF, 0x00, 0x00, 0x00, 0x00, 0x01, 0xE0, 0x00, 0xF0, 0x00, 0x78, 0x00, 0x3C, 0x0E, 0x00, 0x07,
    0x9C, 0x1D, 0xEF, 0x0F, 0xFB, 0xC3, 0xFC, 0xF0, 0xFE, 0x3C, 0x3C, 0x0F, 0x0F, 0x03, 0xC3, 0xC0,
    0xF0, 0xF0, 0x3C, 0x3C, 0x0F, 0x8F, 0x01, 0xFF, 0xC0, 0x7F, 0xF0, 0x0F, 0xDC, 0x00, 0x00, 0x00,
    0x1E, 0x00, 0x00, 0xF0, 0x00, 0x07, 0x80, 0x00, 0x3C, 0x00, 0x00, 0x00, 0xE7, 0x01, 0xCF, 0x78,
    0x1F, 0xE7, 0x81, 0xFE, 0x78, 0x1F, 0xC7, 0x81, 0xF0, 0x78, 0x1E, 0x07, 0x81, 0xE0, 0x78, 0x1E,
    0x07, 0x81, 0xE0, 0x78, 0x1E, 0x07, 0x81, 0xE0, 0x78, 0x1E, 0x07, 0x83, 0xC0, 0x7C, 0x3C, 0x03,
    0xFF, 0xC0, 0x3F, 0xF8, 0x00, 0xFF, 0x00, 0x00, 0x00, 0x00, 0x3C, 0x00, 0x07, 0x80, 0x00, 0xF0,
    0x00, 0x1E, 0x0E, 0x00, 0x07, 0x9C, 0x1D, 0xEF, 0x0F, 0xFB, 0xC3, 0xFC, 0xF0, 0xFE, 0x3C, 0x3C,
    0x0F, 0x0F, 0x03, 0xC3, 0xC0, 0xF0, 0xF0, 0x3C, 0x3C, 0x0F, 0x8F, 0x01, 0xFF, 0xC0, 0x7F, 0xF0,
    0x0F, 0xDC, 0x00, 0x00, 0x00, 0x07, 0x80, 0x00, 0x7C, 0x00, 0x01, 0xC0, 0x00, 0x1C, 0x00, 0x03,
    0x80, 0x00, 0x30, 0x0E, 0x70, 0x1C, 0xF7, 0x81, 0xFE, 0x78, 0x1F, 0xE7, 0x81, 0xFC, 0x78, 0x1F,
    0x07, 0x81, 0xE0, 0x78, 0x1E, 0x07, 0x81, 0xE0, 0x78, 0x1E, 0x07, 0x81, 0xE0, 0x78, 0x1E, 0x07,
    0x81, 0xE0, 0x78, 0x3C, 0x07, 0xC3, 0xC0, 0x3F, 0xFC, 0x03, 0xFF, 0x80, 0x0F, 0xF0, 0x00, 0x00,
    0x00, 0x00, 0x00, 0x03, 0xE0, 0x00, 0xF8, 0x00, 0x0F, 0x00, 0x07, 0x80, 0x01, 0xC0, 0xE0, 0x20,
    0x79, 0xC1, 0xDE, 0xF0, 0xFF, 0xBC, 0x3F, 0xCF, 0x0F, 0xE3, 0xC3, 0xC0, 0xF0, 0xF0, 0x3C, 0x3C,
    0x0F, 0x0F, 0x03, 0xC3, 0xC0, 0xF8, 0xF0, 0x1F, 0xFC, 0x07, 0xFF, 0x00, 0xFD, 0xC0, 0x00, 0x00,
    0x00, 0x06, 0x10, 0x00, 0xFB, 0x00, 0x1F, 0xF0, 0x01, 0x9E, 0x00, 0x00, 0x00, 0xE7, 0x01, 0xCF,
    0x78, 0x1F, 0xE7, 0x81, 0xFE, 0x78, 0x1F, 0xC7, 0x81, 0xF0, 0x78, 0x1E, 0x07, 0x81, 0xE0, 0x78,
    0x1E, 0x07, 0x81, 0xE0, 0x78, 0x1E, 0x07, 0x81, 0xE0, 0x78, 0x1E, 0x07, 0x83, 0xC0, 0x7C, 0x3C,
    0x03, 0xFF, 0xC0, 0x3F, 0xF8, 0x00, 0xFF, 0x00, 0x00, 0x00, 0x00, 0x08, 0x20, 0x07, 0xD8, 0x03,
    0xFE, 0x00, 0xCF, 0x0E, 0x00, 0x07, 0x9C, 0x1D, 0xEF, 0x0F, 0xFB, 0xC3, 0xFC, 0xF0, 0xFE, 0x3C,
    0x3C, 0x0F, 0x0F, 0x03, 0xC3, 0xC0, 0xF0, 0xF0, 0x3C, 0x3C, 0x0F, 0x8F, 0x01, 0xFF, 0xC0, 0x7F,
    0xF0, 0x0F, 0xDC, 0x00, 0x00, 0x00, 0x00, 0x00, 0xE7, 0x01, 0xCF, 0x78, 0x1F, 0xE7, 0x81, 0xFE,
    0x78, 0x1F, 0xC7, 0x81, 0xF0, 0x78, 0x1E, 0x07, 0x81, 0xE0, 0x78, 0x1E, 0x07, 0x81, 0xE0, 0x78,
    0x1E, 0x07, 0x81, 0xE0, 0x78, 0x1E, 0x07, 0x83, 0xC0, 0x7C, 0x3C, 0x03, 0xFF, 0xC0, 0x3F, 0xF8,
    0x00, 0xFF, 0x00, 0x00, 0x00, 0x00, 0x30, 0x00, 0x07, 0x80, 0x00, 0x78, 0x00, 0x07, 0x80, 0x00,
    0x00, 0x03, 0x80, 0x01, 0xE7, 0x07, 0x7B, 0xC3, 0xFE, 0xF0, 0xFF, 0x3C, 0x3F, 0x8F, 0x0F, 0x03,
    0xC3, 0xC0, 0xF0, 0xF0, 0x3C, 0x3C, 0x0F, 0x0F, 0x03, 0xE3, 0xC0, 0x7F, 0xF0, 0x1F, 0xFC, 0x03,
    0xF7, 0x00, 0x00, 0x00, 0x06, 0x00, 0x03, 0xC0, 0x00, 0xF0, 0x00, 0x1C, 0x00, 0x0F, 0x00, 0x1F,
    0x00, 0x1E, 0x00, 0x0E, 0x00, 0x00, 0x1E, 0x03, 0xBC, 0x0F, 0x3C, 0x3E, 0x78, 0x78, 0x79, 0xF0,
    0xF3, 0xC0, 0xFF, 0x01, 0xFE, 0x01, 0xF8, 0x03, 0xF0, 0x03, 0xC0, 0x07, 0x80, 0x0F, 0x00, 0x1E,
    0x00, 0x3C, 0x00, 0x78, 0x00, 0xF0, 0x00, 0x1E, 0x00, 0x3C, 0x00, 0x78, 0x00, 0xF0, 0x00, 0x03,
    0xC1, 0xEF, 0x07, 0x9E, 0x1E, 0x78, 0xF1, 0xE3, 0xC3, 0xCE, 0x0F, 0x78, 0x1D, 0xE0, 0x7F, 0x01,
    0xFC, 0x03, 0xF0, 0x0F, 0x80, 0x1E, 0x00, 0xF0, 0x03, 0xC0, 0x7F, 0x01, 0xF8, 0x07, 0xC0, 0x1C,
    0x00, 0xF0, 0x1D, 0xE0, 0x79, 0xE1, 0xF3, 0xC3, 0xC3, 0xCF, 0x87, 0x9E, 0x07, 0xF8, 0x0F, 0xF0,
    0x0F, 0xC0, 0x1F, 0x80, 0x1E, 0x00, 0x3C, 0x00, 0x78, 0x00, 0xF0, 0x01, 0xE0, 0x03, 0xC0, 0x07,
    0x80, 0x00, 0x00, 0x0C, 0x00, 0x3C, 0x00, 0x78, 0x00, 0x70, 0x00, 0xF0, 0x7B, 0xC1, 0xE7, 0x87,
    0x9E, 0x3C, 0x78, 0xF0, 0xF3, 0x83, 0xDE, 0x07, 0x78, 0x1F, 0xC0, 0x7F, 0x00, 0xFC, 0x03, 0xE0,
    0x07, 0x80, 0x3C, 0x00, 0xF3, 0x1F, 0xDE, 0x7E, 0x79, 0xF1, 0xC7, 0x00, 0x00, 0x07, 0x80, 0x0F,
    0x80, 0x07, 0x00, 0x0E, 0x00, 0x38, 0x00, 0x60, 0x3C, 0x07, 0x78, 0x1E, 0x78, 0x7C, 0xF0, 0xF0,
    0xF3, 0xE1, 0xE7, 0x81, 0xFE, 0x03, 0xFC, 0x03, 0xF0, 0x07, 0xE0, 0x07, 0x80, 0x0F, 0x00, 0x1E,
    0x00, 0x3C, 0x00, 0x78, 0x00, 0xF0, 0x01, 0xE0, 0x00, 0x00, 0x00, 0x3E, 0x00, 0xF8, 0x00, 0xF0,
    0x07, 0x80, 0x1C, 0x00, 0x20, 0x3C, 0x1E, 0xF0, 0x79, 0xE1, 0xE7, 0x8F, 0x1E, 0x3C, 0x3C, 0xE0,
    0xF7, 0x81, 0xDE, 0x07, 0xF0, 0x1F, 0xC0, 0x3F, 0x00, 0xF8, 0x01, 0xE0, 0x0F, 0x00, 0x3C, 0x07,
    0xF0, 0x1F, 0x80, 0x7C, 0x01, 0xC0, 0x00, 0x04, 0x30, 0x3F, 0xE0, 0x7F, 0xC1, 0xCF, 0x00, 0x00,
    0x1E, 0x03, 0xBC, 0x0F, 0x3C, 0x3E, 0x78, 0x78, 0x79, 0xF0, 0xF3, 0xC0, 0xFF, 0x01, 0xFE, 0x01,
    0xF8, 0x03, 0xF0, 0x03, 0xC0, 0x07, 0x80, 0x0F, 0x00, 0x1E, 0x00, 0x3C, 0x00, 0x78, 0x00, 0xF0,
    0x00, 0x0C, 0x20, 0x7D, 0x83, 0xFE, 0x0C, 0xF0, 0x00, 0x03, 0xC1, 0xEF, 0x07, 0x9E, 0x1E, 0x78,
    0xF1, 0xE3, 0xC3, 0xCE, 0x0F, 0x78, 0x1D, 0xE0, 0x7F, 0x01, 0xFC, 0x03, 0xF0, 0x0F, 0x80, 0x1E,
    0x00, 0xF0, 0x03, 0xC0, 0x7F, 0x01, 0xF8, 0x07, 0xC0, 0x1C, 0x00, 0x10, 0x6F, 0xF6, 0xD3, 0x0C,
    0x30, 0xC3, 0x0C, 0x30, 0xC3, 0x0C, 0x30, 0xC3, 0x0C, 0x00, 0x21, 0x8F, 0xDB, 0x2C, 0x30, 0xC3,
    0x0C, 0x30, 0xC3, 0x0C, 0x30, 0xC3, 0x0C, 0x30, 0xC0, 0x7F, 0xFF, 0xFB, 0xE0, 0x7F, 0xFF, 0xFB,
    0xE0, 0x7F, 0xF3, 0xFF, 0xDF, 0xFE, 0xFF, 0xE0, 0x7F, 0xEF, 0xFD, 0xFF, 0x80, 0x00, 0x7F, 0xFF,
    0xFC, 0xFF, 0xFF, 0xF9, 0xFF, 0xFF, 0xF0, 0x00, 0x00, 0x00, 0x7F, 0xFF, 0xFC, 0xFF, 0xFF, 0xF9,
    0xFF, 0xFF, 0xF0, 0x00, 0x00, 0x00, 0xC3, 0x71, 0xF8, 0xFC, 0x7E, 0x3F, 0x1F, 0x8F, 0xC7, 0xE3,
    0xF1, 0xF8, 0xFC, 0x7E, 0x3F, 0x1F, 0x8F, 0xC7, 0xE3, 0xF1, 0xF8, 0xFC, 0x7E, 0x3F, 0x1F, 0x8E,
    0x00, 0x7F, 0xCF, 0xFC, 0x00, 0x3F, 0xE7, 0xFE, 0x00, 0x00, 0x31, 0xDE, 0xEF, 0x79, 0x80, 0x33,
    0xDC, 0xEF, 0x71, 0x00, 0x39, 0xE7, 0x9C, 0x71, 0xC6, 0x00, 0x67, 0x9C, 0xE7, 0x9C, 0x40, 0x30,
    0xCE, 0x77, 0xBD, 0xCF, 0xF3, 0xBD, 0xE6, 0x30, 0x31, 0xDE, 0xF7, 0x3D, 0xCE, 0xF3, 0xB9, 0xE4,
    0x20, 0x39, 0xCF, 0x39, 0xEF, 0x3D, 0xE7, 0x38, 0xE7, 0x18, 0xC0, 0x63, 0xBD, 0xE7, 0x39, 0xCF,
    0x7B, 0xCE, 0x71, 0x08, 0x1C, 0x07, 0x01, 0xC0, 0x70, 0x1C, 0x3F, 0xFF, 0xFF, 0xFF, 0x1C, 0x07,
    0x01, 0xC0, 0x70, 0x1C, 0x07, 0x01, 0xC0, 0x70, 0x1C, 0x07, 0x80, 0x1C, 0x07, 0x81, 0xC0, 0x30,
    0xFF, 0xFF, 0xFF, 0xFC, 0x30, 0x1E, 0x07, 0x81, 0xC3, 0xFF, 0xFF, 0xFF, 0xF0, 0xC0, 0x70, 0x1E,
    0x07, 0x80, 0x79, 0xFB, 0xFF, 0xFF, 0xFF, 0x9F, 0x00, 0x80, 0xE0, 0xF8, 0xFC, 0xFE, 0xFC, 0xF0,
    0xE0, 0x80, 0x33, 0xDE, 0xF2, 0x00, 0x60, 0xDE, 0x3F, 0xC7, 0xF8, 0xF2, 0x00, 0x60, 0xC3, 0x3C,
    0x79, 0xEF, 0x1E, 0x7B, 0xC7, 0x9E, 0x20, 0x81, 0x00, 0x67, 0xBD, 0xE2, 0x00, 0xFF, 0x0C, 0x30,
    0xC3, 0x0C, 0x30, 0xC3, 0x0C, 0x30, 0xC3, 0x0C, 0x30, 0xC0, 0x00, 0xFC, 0x30, 0xC3, 0x0C, 0x30,
    0xC3, 0x0C, 0x30, 0xC3, 0x0C, 0x30, 0xC3, 0x0C, 0x00, 0xFF, 0xFF, 0xFF, 0xFC, 0xC3, 0x0C, 0x30,
    0xC3, 0x0C, 0x30, 0xC3, 0x0C, 0x30, 0xC3, 0x00, 0xFF, 0x08, 0x20, 0xFC, 0xC3, 0x0C, 0x30, 0xC3,
    0x0C, 0x30, 0xC3, 0x0C, 0x30, 0xC3, 0x00, 0xFC, 0x30, 0x41, 0xFC, 0xC3, 0x0C, 0x30, 0xC3, 0x0C,
    0x30, 0xC3, 0x0C, 0x30, 0xC3, 0x00, 0x1C, 0x03, 0x00, 0x01, 0xF0, 0x38, 0x00, 0x1F, 0xC3, 0x80,
    0x00, 0xEE, 0x1C, 0x00, 0x0F, 0x79, 0xC0, 0x00, 0x79, 0xCE, 0x00, 0x03, 0xDE, 0xE0, 0x00, 0x0E,
    0xFF, 0x78, 0x7C, 0x7F, 0x77, 0xE7, 0xF1, 0xFF, 0xFF, 0xBF, 0xC7, 0x3B, 0x9D, 0xCE, 0x03, 0x9C,
    0xEE, 0x70, 0x1C, 0xE7, 0x73, 0x81, 0xC7, 0x3B, 0x9C, 0x0E, 0x3D, 0xDD, 0xE0, 0xE0, 0xFC, 0xFE,
    0x0F, 0x03, 0xE3, 0xE0, 0x00, 0x00, 0x00, 0x00, 0x1C, 0x03, 0x00, 0x00, 0x00, 0xF8, 0x1C, 0x00,
    0x00, 0x07, 0xF0, 0xE0, 0x00, 0x00, 0x1D, 0xE3, 0x80, 0x00, 0x00, 0xF7, 0x9C, 0x00, 0x00, 0x03,
    0xCE, 0x70, 0x00, 0x00, 0x0F, 0x7B, 0x80, 0x00, 0x00, 0x1D, 0xFE, 0xF8, 0xF8, 0x7C, 0x7F, 0x77,
    0xE3, 0xF3, 0xF8, 0xFF, 0xFF, 0xDF, 0xEF, 0xE1, 0xCE, 0xE7, 0x73, 0xBB, 0xC0, 0x73, 0x9D, 0xCF,
    0xE7, 0x01, 0xCE, 0x77, 0x3F, 0x9C, 0x0E, 0x39, 0xDC, 0xEE, 0xF0, 0x38, 0xF7, 0x77, 0xBB, 0x81,
    0xC1, 0xFC, 0xFC, 0xFE, 0x0F, 0x03, 0xE3, 0xE1, 0xF0, 0x00, 0x00, 0x00, 0x00, 0x00, 0x1C, 0x78,
    0xE3, 0xC7, 0x1C, 0x30, 0x00, 0x1C, 0xE3, 0xDE, 0x39, 0xC7, 0xBC, 0x73, 0x8E, 0x70, 0xC7, 0x00,
    0x1C, 0xE7, 0x1E, 0xF7, 0x8E, 0x73, 0x8F, 0x7B, 0xC7, 0x39, 0xC7, 0x39, 0xC3, 0x1C, 0xE0, 0xE1,
    0xE1, 0xC1, 0xC3, 0x83, 0x83, 0x00, 0xE3, 0x0F, 0x38, 0x73, 0xC3, 0x9C, 0x38, 0xE1, 0xCE, 0x0C,
    0x60, 0xE3, 0x18, 0x79, 0xCE, 0x1C, 0xF7, 0x87, 0x39, 0xC3, 0x8E, 0x70, 0xE7, 0x38, 0x31, 0x8C,
    0x1C, 0x0E, 0x07, 0x86, 0xC3, 0x73, 0x19, 0x8E, 0x83, 0x04, 0x0E, 0x1E, 0x3C, 0x7C, 0x78, 0x78,
    0x3C, 0x1E, 0x0E, 0x0C, 0x10, 0x70, 0x78, 0x3C, 0x1E, 0x1F, 0x1E, 0x3C, 0x7C, 0x78, 0x30, 0x00,
    0xC0, 0x18, 0x78, 0xC7, 0x1E, 0x79, 0xE7, 0x3C, 0x3C, 0x1E, 0x07, 0x8F, 0x00, 0xF7, 0x83, 0x9F,
    0xCE, 0xF3, 0xE3, 0xFC, 0xF8, 0xF6, 0x7F, 0x38, 0x3D, 0xE0, 0x1E, 0x3C, 0x0F, 0x07, 0x87, 0x9C,
    0xF1, 0xC7, 0x9E, 0x21, 0xE3, 0x00, 0x30, 0x00, 0xF1, 0xFE, 0x3F, 0xC7, 0xF8, 0xFF, 0x1F, 0xE3,
    0xFC, 0x7F, 0x8F, 0xF1, 0xFE, 0x3D, 0xC7, 0x38, 0xE0, 0x00, 0xC1, 0xBC, 0x7F, 0x8F, 0xF1, 0xE4,
    0x10, 0x1F, 0x1F, 0xF3, 0xFF, 0x3E, 0xF3, 0xDE, 0x7B, 0xC7, 0xF0, 0xFC, 0x1F, 0x03, 0xC0, 0x70,
    0x0E, 0x00, 0x00, 0x18, 0x07, 0x80, 0xF0, 0x1E, 0x01, 0x00, 0x7F, 0xFB, 0xFF, 0xDF, 0xFE, 0x00,
    0x03, 0x00, 0x36, 0x01, 0x8E, 0x1C, 0x1F, 0xE0, 0x1E, 0x00, 0x00, 0x00, 0x7F, 0x03, 0xFF, 0x1C,
    0x0E, 0x60, 0x19, 0x00, 0x20, 0x00, 0x00, 0x60, 0x38, 0x0C, 0x07, 0x01, 0x80, 0x60, 0x30, 0x0C,
    0x07, 0x01, 0xE0, 0xD8, 0x37, 0x18, 0xC6, 0x31, 0x06, 0x00, 0x1C, 0x00, 0x00, 0x07, 0x00, 0x00,
    0x01, 0xC0, 0x00, 0x00, 0x71, 0x00, 0x01, 0xFF, 0xC0, 0x00, 0x7F, 0xF0, 0x00, 0x1F, 0xFC, 0x00,
    0x00, 0xF8, 0x00, 0x00, 0x7F, 0x00, 0x00, 0x1D, 0xE0, 0x00, 0xE7, 0x31, 0x80, 0x38, 0x00, 0xE0,
    0x0E, 0x00, 0x38, 0x03, 0x80, 0x0E, 0x0F, 0xFE, 0x3F, 0xFB, 0xFF, 0x8F, 0xFE, 0xFF, 0xE3, 0xFF,
    0x87, 0xC0, 0x1F, 0x03, 0xF8, 0x0F, 0xE0, 0xEF, 0x03, 0xBC, 0x39, 0xC0, 0xE7, 0x00, 0x00, 0x00,
    0x00, 0xFD, 0xFB, 0xF3, 0xE0, 0x00, 0x30, 0x03, 0x80, 0x3C, 0x01, 0xC0, 0x1C, 0x00, 0xE0, 0x0E,
    0x00, 0x70, 0x07, 0x00, 0x38, 0x03, 0x80, 0x3C, 0x01, 0xC0, 0x1C, 0x00, 0xE0, 0x0E, 0x00, 0x70,
    0x00, 0x7D, 0xFB, 0xF7, 0x8F, 0x1E, 0x3C, 0x78, 0xF1, 0xFB, 0xF7, 0xEF, 0x1E, 0x3C, 0x78, 0xF1,
    0xE3, 0xF7, 0xE7, 0xC0, 0x7F, 0xFF, 0xC7, 0x1C, 0x71, 0xC7, 0x1D, 0xFF, 0xFF, 0x1C, 0x71, 0xC7,
    0x1C, 0x7F, 0xFF, 0xFC, 0x1F, 0x03, 0xE3, 0xFE, 0x7F, 0xCF, 0xFD, 0xFF, 0x9E, 0xFF, 0xBE, 0x01,
    0xE0, 0x3C, 0x07, 0x80, 0xE0, 0x3C, 0x07, 0x81, 0xF0, 0x7C, 0x0F, 0x01, 0xE0, 0x78, 0x0F, 0x01,
    0xC0, 0x38, 0x07, 0x00, 0xE0, 0x00, 0x00, 0x00, 0x30, 0x0E, 0x01, 0xE0, 0x3C, 0x07, 0x81, 0xF0,
    0x1E, 0x03, 0x80, 0x20, 0x04, 0x00, 0x1F, 0x0F, 0x7F, 0xC7, 0xBF, 0xF3, 0xCF, 0x7D, 0xE0, 0x1E,
    0xF0, 0x0F, 0x78, 0x0F, 0x3C, 0x0F, 0x9E, 0x0F, 0x0F, 0x0F, 0x07, 0x87, 0x03, 0xC3, 0x80, 0xE0,
    0x00, 0x00, 0x60, 0x30, 0x78, 0x3C, 0x3C, 0x1E, 0x1E, 0x0F, 0x04, 0x01, 0x00, 0xF0, 0xF8, 0x79,
    0xFF, 0x3C, 0xFF, 0xDE, 0x7B, 0xEF, 0x00, 0xF7, 0x80, 0x7B, 0xC0, 0x3D, 0xE0, 0x7C, 0xF0, 0x7C,
    0x78, 0x3C, 0x1C, 0x1C, 0x0E, 0x0E, 0x00, 0x00, 0x03, 0x03, 0x03, 0xC3, 0xC1, 0xE1, 0xF0, 0xF0,
    0xF0, 0x10, 0x10, 0x00, 0x7F, 0xF3, 0xFF, 0x9F, 0xFC, 0x01, 0xE0, 0x0E, 0x00, 0xE0, 0x0F, 0x00,
    0x70, 0x07, 0x80, 0x78, 0x03, 0xC0, 0x3C, 0x01, 0xC0, 0x00, 0x7F, 0x87, 0xFF, 0x3F, 0xFD, 0xDF,
    0xEE, 0xFF, 0xF7, 0xFF, 0xBF, 0xFD, 0xFF, 0xEF, 0xFF, 0x7F, 0xBB, 0xFD, 0xDF, 0xCE, 0xE0, 0x77,
    0x03, 0xB8, 0x1D, 0xC0, 0xEE, 0x07, 0x70, 0x3B, 0x81, 0xDC, 0x06, 0xE0, 0x00, 0x1F, 0xF1, 0xFF,
    0x9F, 0xFD, 0xFF, 0x6F, 0xFB, 0x7F, 0xDB, 0xFE, 0xDF, 0xF6, 0xFF, 0xB3, 0xFF, 0x9F, 0xFC, 0x7F,
    0xE0, 0xFF, 0x8F, 0xFC, 0xFF, 0xED, 0xFF, 0xDF, 0xFD, 0xFF, 0xDF, 0xFD, 0xFF, 0xDF, 0xFF, 0xFE,
    0xFF, 0xEF, 0xFC, 0x07, 0x00, 0x70, 0x07, 0x04, 0x70, 0x7F, 0xF7, 0xFF, 0x7F, 0xF0, 0xF8, 0x1F,
    0xC3, 0xDC, 0x19, 0xC0, 0x00, 0x77, 0xBC, 0xE0, 0x00, 0x00, 0x00, 0x3D, 0xE7, 0x3C, 0xE7, 0x00,
    0x00, 0x7F, 0x03, 0xFF, 0x1C, 0x0E, 0x60, 0x19, 0x00, 0x20, 0x00, 0x00, 0x00, 0x00, 0x00, 0x00,
    0x00, 0x00, 0x00, 0x00, 0x00, 0x00, 0x00, 0x00, 0x00, 0x00, 0x00, 0x00, 0x00, 0x00, 0x00, 0x00,
    0x00, 0x00, 0xC0, 0x0D, 0x80, 0x63, 0x87, 0x07, 0xF8, 0x07, 0x80, 0x07, 0x00, 0x70, 0x07, 0x04,
    0x70, 0x7F, 0xF7, 0xFF, 0x7F, 0xF0, 0xF8, 0x1F, 0xC3, 0xDC, 0x19, 0xC0, 0x00, 0x07, 0x00, 0x70,
    0x07, 0x04, 0x70, 0x7F, 0xF7, 0xFF, 0x7F, 0xF0, 0xF8, 0x1F, 0xC3, 0xDC, 0x19, 0xC0, 0x00, 0x61,
    0xBC, 0xFF, 0x3B, 0xDE, 0x07, 0x01, 0xC0, 0xE0, 0x38, 0x1E, 0x07, 0x01, 0xC0, 0xE0, 0x38, 0x1E,
    0x67, 0x3F, 0xCF, 0xE3, 0xC0, 0x40, 0x0F, 0x80, 0x04, 0x7F, 0xFC, 0x39, 0xFF, 0xFF, 0xF3, 0x01,
    0xFF, 0xC0, 0x00, 0x0C, 0x00, 0x07, 0x80, 0x7F, 0x83, 0x87, 0x18, 0x06, 0xC0, 0x0C, 0x00, 0x00,
    0x06, 0x00, 0x38, 0x0D, 0xD8, 0x7F, 0xC1, 0xFC, 0x3F, 0xFB, 0xFF, 0xC3, 0xF8, 0x1F, 0xC1, 0xFF,
    0x0D, 0xD8, 0x0E, 0x00, 0x01, 0xE0, 0x3C, 0x07, 0x80, 0x60, 0x00, 0x00, 0x00, 0x03, 0x80, 0xF0,
    0x1E, 0x01, 0xC0, 0x00, 0x00, 0x00, 0x00, 0x00, 0x78, 0x0F, 0x01, 0xE0, 0x18, 0x1C, 0xE6, 0x31,
    0xEF, 0x73, 0x8E, 0x77, 0xBC, 0xF7, 0x39, 0xC7, 0x3B, 0xDC, 0x73, 0x9C, 0xE3, 0x18, 0xC6, 0x00,
    0x01, 0xE0, 0x00, 0x78, 0x00, 0x1E, 0x00, 0x03, 0x00, 0x00, 0x00, 0x00, 0x00, 0x00, 0x00, 0x01,
    0xC0, 0x0E, 0xF0, 0x03, 0xFC, 0x00, 0xF7, 0x00, 0x38, 0x00, 0x00, 0x00, 0x00, 0x00, 0x00, 0x00,
    0x1E, 0x00, 0x07, 0x80, 0x01, 0xE0, 0x00, 0x30, 0x00, 0x70, 0x03, 0xBC, 0x00, 0xFF, 0x00, 0x3D,
    0xC0, 0x0E, 0x00, 0x00, 0x00, 0x00, 0x00, 0x00, 0x00, 0x07, 0x80, 0x01, 0xE0, 0x00, 0x78, 0x00,
    0x0C, 0x00, 0x00, 0x00, 0x00, 0x00, 0x00, 0x00, 0x0F, 0x00, 0x3F, 0xC0, 0x0F, 0xF0, 0x03, 0xD8,
    0x00, 0x60, 0x77, 0xBD, 0xE0, 0x00, 0x00, 0x00, 0x00, 0x00, 0x33, 0xDE, 0xF1, 0x00, 0x00, 0x00,
    0x1E, 0x00, 0x78, 0x01, 0xE0, 0x07, 0x00, 0x00, 0x00, 0x00, 0x00, 0x00, 0x70, 0x3B, 0xC1, 0xFF,
    0x07, 0xDC, 0x0E, 0x00, 0x00, 0x00, 0x00, 0x00, 0x00, 0xC0, 0x07, 0x80, 0x1E, 0x00, 0x78, 0x00,
    0x00, 0x00, 0x00, 0x00, 0x1C, 0x00, 0x73, 0x8E, 0x1E, 0x73, 0xC3, 0xCE, 0x7C, 0x79, 0xC7, 0x00,
    0x38, 0x00, 0x07, 0x00, 0x7F, 0xFF, 0xEF, 0xFF, 0xFD, 0xFF, 0xFF, 0x80, 0x70, 0x00, 0x0E, 0x00,
    0x31, 0xC6, 0x0F, 0x39, 0xE1, 0xE7, 0x3E, 0x3C, 0xE7, 0x81, 0x1C, 0x20, 0x03, 0x80, 0x00, 0x27,
    0xBF, 0xE6, 0x00, 0x04, 0xF7, 0xFC, 0xC0, 0x00, 0x9E, 0xF7, 0x98, 0x77, 0xBC, 0xE0, 0x7B, 0xDE,
    0x23, 0xBD, 0xE7, 0x03, 0xDE, 0xF3, 0x00, 0xFC, 0xC3, 0x0C, 0xFC, 0xC3, 0x0C, 0x30, 0xC3, 0x0C,
    0x30, 0xC3, 0x0C, 0x30, 0xC3, 0x00, 0xFF, 0x38, 0x61, 0xFC, 0xC3, 0x0C, 0x30, 0xC3, 0x0C, 0x30,
    0xC3, 0x0C, 0x30, 0xC3, 0x00, 0xFD, 0xE7, 0x8C, 0x30, 0xC3, 0x0C, 0x30, 0xC3, 0x0C, 0x30, 0xC3,
    0x0C, 0x30, 0xC3, 0x00, 0x00, 0xC7, 0x9E, 0xFC, 0xC3, 0x0C, 0x30, 0xC3, 0x0C, 0x30, 0xC3, 0x0C,
    0x30, 0xC3, 0x00, 0x31, 0xEC, 0xDE, 0x30, 0xC3, 0x0C, 0x30, 0xC3, 0x0C, 0x30, 0xC3, 0x0C, 0x30,
    0xC3, 0x00, 0xF0, 0xC3, 0x0C, 0xFC, 0xC3, 0x0C, 0x30, 0xC3, 0x0C, 0x30, 0xC3, 0x0C, 0x30, 0xC3,
    0x00, 0x1C, 0x3F, 0x1F, 0xDE, 0xEF, 0x77, 0xBB, 0xDD, 0xEE, 0x7F, 0x3F, 0x07, 0x00, 0x1F, 0x8F,
    0xFF, 0xFF, 0xE0, 0x0E, 0x07, 0x07, 0x87, 0xC3, 0xE3, 0x73, 0xFD, 0xFF, 0xFF, 0x87, 0x01, 0x80,
    0x3E, 0x7F, 0x7E, 0x70, 0x7E, 0x7F, 0x07, 0x07, 0x7F, 0x7E, 0x7C, 0x0E, 0x1F, 0x9F, 0x8E, 0x0F,
    0xE7, 0xFB, 0x9D, 0xCE, 0x7F, 0x3F, 0x87, 0x00, 0x7F, 0x7F, 0x9F, 0xC0, 0xE0, 0xE0, 0x70, 0x78,
    0x38, 0x3C, 0x1C, 0x0E, 0x00, 0x1C, 0x3F, 0x9F, 0xCE, 0xE7, 0xE1, 0xF1, 0xFD, 0xCE, 0xF7, 0x3F,
    0x8F, 0x80, 0x3C, 0x3F, 0x3F, 0xDC, 0xEE, 0x73, 0xF9, 0xFC, 0x0E, 0x7F, 0x3F, 0x1E, 0x00, 0x00,
    0x18, 0x18, 0x7E, 0x7F, 0x18, 0x18, 0x18, 0x7E, 0x7F, 0x00, 0x7F, 0x7F, 0x00, 0x7F, 0x7E, 0x33,
    0x9C, 0xCE, 0x73, 0x9C, 0xE3, 0x18, 0xE3, 0x00, 0xE3, 0x1C, 0xE3, 0x18, 0xC6, 0x33, 0x9C, 0xCE,
    0x00, 0x00, 0xFE, 0xFF, 0xE7, 0xE7, 0xE7, 0xE7, 0xE7, 0xC7, 0x1C, 0x3F, 0x1F, 0xDE, 0xEF, 0x77,
    0xBB, 0xDD, 0xEE, 0x7F, 0x3F, 0x07, 0x00, 0x0C, 0x3D, 0xFB, 0xF6, 0xE1, 0xC3, 0x87, 0x0E, 0x1C,
    0x30, 0x3C, 0x7E, 0x7F, 0x07, 0x0F, 0x1E, 0x3C, 0x78, 0x7F, 0xFF, 0x7F, 0x3C, 0x3F, 0x1F, 0xC0,
    0xE3, 0xE1, 0xF0, 0x7C, 0x0E, 0xFF, 0x7F, 0x9F, 0x00, 0x0E, 0x07, 0x07, 0x87, 0xC3, 0xE3, 0x73,
    0xFD, 0xFF, 0xFF, 0x87, 0x01, 0x80, 0x3E, 0x7F, 0x7E, 0x70, 0x7E, 0x7F, 0x07, 0x07, 0x7F, 0x7E,
    0x7C, 0x0E, 0x1F, 0x9F, 0x8E, 0x0F, 0xE7, 0xFB, 0x9D, 0xCE, 0x7F, 0x3F, 0x87, 0x00, 0x7F, 0x7F,
    0x9F, 0xC0, 0xE0, 0xE0, 0x70, 0x78, 0x38, 0x3C, 0x1C, 0x0E, 0x00, 0x1C, 0x3F, 0x9F, 0xCE, 0xE7,
    0xE1, 0xF1, 0xFD, 0xCE, 0xF7, 0x3F, 0x8F, 0x80, 0x3C, 0x3F, 0x3F, 0xDC, 0xEE, 0x73, 0xF9, 0xFC,
    0x0E, 0x7F, 0x3F, 0x1E, 0x00, 0x00, 0x18, 0x18, 0x7E, 0x7F, 0x18, 0x18, 0x18, 0x7E, 0x7F, 0x00,
    0x7F, 0x7F, 0x00, 0x7F, 0x7E, 0x33, 0x9C, 0xCE, 0x73, 0x9C, 0xE3, 0x18, 0xE3, 0x00, 0xE3, 0x1C,
    0xE3, 0x18, 0xC6, 0x33, 0x9C, 0xCE, 0x00, 0x1C, 0x7F, 0x27, 0x1F, 0x7F, 0xE7, 0xFF, 0x7F, 0x30,
    0x1C, 0x1F, 0x9D, 0xCF, 0xEF, 0xF3, 0x01, 0xEC, 0x7E, 0x0C, 0x00, 0x1C, 0x1F, 0x9D, 0xCC, 0x7E,
    0x3B, 0x1D, 0xFC, 0x7E, 0x0C, 0x00, 0x63, 0x3B, 0x9F, 0x87, 0xC3, 0xC1, 0xF1, 0xDD, 0xCE, 0x00,
    0x00, 0x3C, 0x3F, 0x11, 0xC0, 0x6F, 0xF7, 0xF9, 0xDC, 0xFC, 0x18, 0x00, 0x40, 0xE0, 0xE0, 0xEC,
    0xFE, 0xFF, 0xE7, 0xE7, 0xE7, 0xE7, 0xE7, 0x00, 0x40, 0x70, 0x38, 0x1C, 0x6E, 0xF7, 0xF3, 0xF1,
    0xF8, 0xFC, 0x77, 0x39, 0xC0, 0x00, 0x5F, 0xFF, 0xFF, 0xFF, 0x80, 0xDC, 0xE7, 0xFF, 0xBF, 0xFF,
    0xCE, 0x7E, 0x73, 0xF3, 0x9F, 0x9C, 0xFC, 0xE7, 0x00, 0x00, 0xCC, 0xFE, 0xFF, 0xE7, 0xE7, 0xE7,
    0xE7, 0xE7, 0x00, 0xCC, 0xFE, 0xFF, 0xE7, 0xE7, 0xE7, 0xFF, 0xFE, 0xE8, 0xE0, 0xE0, 0xC0, 0x3C,
    0xFF, 0x93, 0xC7, 0xE1, 0xDB, 0xFF, 0x38, 0x31, 0xFF, 0xDC, 0x71, 0xC7, 0x1F, 0x3C, 0x60, 0x0F,
    0x01, 0xFC, 0x1F, 0xE0, 0xF3, 0x0F, 0x00, 0x79, 0xFB, 0xCF, 0xFE, 0x7F, 0xF3, 0x83, 0xFC, 0x1F,
    0xFE, 0x7F, 0xF0, 0xFF, 0x01, 0xC0, 0x0F, 0xE0, 0x7F, 0x03, 0xF8, 0x00, 0x90, 0x06, 0xE0, 0x7F,
    0x03, 0xFF, 0x3F, 0xF8, 0xFC, 0xE7, 0xB7, 0x1E, 0xD8, 0x7B, 0x61, 0xED, 0x87, 0xE6, 0x1F, 0xB8,
    0x7E, 0xC1, 0xFB, 0x03, 0xFF, 0x8F, 0xFE, 0x0F, 0xF8, 0x3F, 0x80, 0xD8, 0x02, 0x40, 0x03, 0xE0,
    0x7F, 0xC7, 0xFC, 0x7E, 0xE7, 0xC0, 0x3C, 0x01, 0xE0, 0x0F, 0x77, 0x7B, 0xFB, 0xDF, 0x9E, 0xF0,
    0xF7, 0x87, 0xBC, 0x3F, 0xE0, 0xFF, 0xC3, 0xFE, 0x0F, 0xF0, 0x00, 0x00, 0x3F, 0xF3, 0xFF, 0x3F,
    0xF3, 0xFF, 0x3C, 0x03, 0xC0, 0x3C, 0x03, 0xFF, 0x3F, 0xF3, 0xFF, 0x3C, 0x03, 0xC0, 0xFF, 0x8F,
    0xF8, 0x3C, 0x03, 0xC0, 0x3C, 0x00, 0x03, 0xE0, 0x7F, 0x87, 0xFC, 0x3E, 0xE1, 0xE0, 0x0F, 0x01,
    0xFF, 0x0F, 0xFC, 0x7F, 0xC3, 0xFE, 0x1F, 0xF8, 0xFF, 0x81, 0xC0, 0x1E, 0x01, 0xFF, 0xEF, 0xFF,
    0x7F, 0xF8, 0x00, 0x06, 0x00, 0x00, 0xE0, 0x00, 0x0E, 0x06, 0x7D, 0xFC, 0xFF, 0xFF, 0xEF, 0xFF,
    0xFF, 0xFD, 0xF9, 0xFF, 0x8F, 0x8F, 0xF8, 0xF0, 0xFF, 0x0F, 0x0F, 0xF0, 0xF0, 0xFF, 0x0F, 0x0F,
    0xF1, 0xF0, 0xFF, 0x1F, 0x0F, 0xF3, 0xF0, 0xFF, 0x3F, 0x0F, 0x07, 0x00, 0x00, 0x70, 0x00, 0x06,
    0x00, 0x00, 0x38, 0x63, 0xE3, 0x9F, 0x1C, 0xF8, 0xE7, 0xE7, 0x3F, 0x3B, 0xFF, 0xFF, 0xFF, 0x77,
    0x77, 0xFF, 0xFF, 0xFF, 0xFF, 0xF7, 0x3F, 0x38, 0xF9, 0xC7, 0xCE, 0x3E, 0x70, 0xF0, 0x7C, 0x00,
    0x0F, 0xF0, 0x01, 0xFF, 0x00, 0x3F, 0xF0, 0x07, 0x1E, 0x00, 0xE3, 0xCE, 0x1C, 0x79, 0xC3, 0x8F,
    0x7E, 0x7F, 0xFF, 0xEF, 0xFB, 0xFD, 0xFE, 0x3C, 0x38, 0x07, 0x87, 0x00, 0xF0, 0xE0, 0x1E, 0x1C,
    0x03, 0xFB, 0x80, 0x3F, 0x70, 0x07, 0xE0, 0x00, 0x00, 0x7C, 0x00, 0x0F, 0xF8, 0x00, 0xFF, 0xC0,
    0x0F, 0xFC, 0x00, 0xF1, 0xC7, 0xCF, 0x1C, 0xFE, 0xF1, 0xDF, 0xEF, 0x3D, 0xE0, 0xFF, 0xDE, 0x0F,
    0xF1, 0xF8, 0xFF, 0x8F, 0xCF, 0x78, 0x3E, 0xF7, 0x81, 0xEF, 0x3C, 0x0F, 0xF3, 0xDD, 0xEF, 0x1F,
    0xFE, 0xF1, 0xFF, 0xC0, 0x00, 0x00, 0x61, 0xC3, 0x78, 0xE3, 0xFC, 0xF9, 0xCE, 0x7C, 0xE7, 0x3E,
    0x73, 0x9F, 0x39, 0xCD, 0x9C, 0xE6, 0xCE, 0xFF, 0xFF, 0xFF, 0xFF, 0xCF, 0xDF, 0x87, 0xEF, 0xC3,
    0xE7, 0xE1, 0xF1, 0xF0, 0xF8, 0xF0, 0x3C, 0x78, 0x1E, 0x3C, 0x00, 0x7F, 0x81, 0xCF, 0xFE, 0x39,
    0xFF, 0xC7, 0x38, 0x7C, 0xE7, 0x03, 0x9C, 0xEF, 0x7B, 0x9D, 0xEF, 0x73, 0xBD, 0xEE, 0x77, 0xBD,
    0xCE, 0xF7, 0xB9, 0xDE, 0xF7, 0x3B, 0xDE, 0xE7, 0x7B, 0xDC, 0xEF, 0x07, 0x9D, 0xFF, 0xF3, 0xBF,
    0xFC, 0x77, 0xFF, 0x00, 0x00, 0xF0, 0x03, 0xC0, 0x7F, 0xC1, 0xFF, 0x07, 0xFC, 0x03, 0xC3, 0xEF,
    0x1F, 0xFC, 0x7F, 0xF3, 0xE3, 0xCF, 0x0F, 0x3C, 0x3C, 0xF0, 0xF3, 0xC3, 0xCF, 0x8F, 0x3F, 0xFC,
    0x7F, 0xF0, 0xF9, 0xC0, 0x00, 0x00, 0x00, 0x7F, 0xE0, 0xFF, 0x80, 0x01, 0xE0, 0x3F, 0xC3, 0xFE,
    0x3F, 0xE1, 0xE0, 0x1E, 0x01, 0xFF, 0x1F, 0xF8, 0x7F, 0xC3, 0xFC, 0x3F, 0xF0, 0xFF, 0x03, 0xC0,
    0x0F, 0x00, 0x7F, 0xE1, 0xFF, 0x07, 0xF0, 0x00, 0x00, 0x38, 0x39, 0xE1, 0xE7, 0x8F, 0x1E, 0x3C,
    0x79, 0xE1, 0xEF, 0x07, 0xBC, 0x1F, 0xE0, 0xFF, 0xF3, 0xFF, 0xC7, 0xFC, 0x1E, 0xF0, 0x79, 0xE1,
    0xE7, 0x87, 0x8F, 0x1E, 0x3E, 0x78, 0x78, 0x7F, 0xF7, 0xFF, 0xFF, 0xFF, 0xFF, 0xF0, 0x7A, 0x03,
    0xF0, 0x1F, 0x80, 0xF0, 0x0F, 0xA1, 0xFF, 0x0F, 0xF8, 0x0F, 0x00, 0xF8, 0x0F, 0xC0, 0xFE, 0x00,
    0xF0, 0x07, 0x80, 0x3F, 0x80, 0x01, 0xFF, 0xC0, 0x01, 0xFF, 0xC0, 0x03, 0x8F, 0xC0, 0x01, 0xC7,
    0x80, 0x03, 0xC7, 0x80, 0x07, 0x0F, 0x00, 0x1E, 0x1E, 0x00, 0x3C, 0x3C, 0x00, 0x78, 0x79, 0xF0,
    0xE1, 0xE7, 0xF3, 0xC3, 0xDF, 0xF7, 0x8F, 0xB8, 0xEF, 0x3E, 0xF1, 0xDF, 0xF9, 0xE7, 0x3F, 0xE3,
    0xFE, 0xFF, 0x07, 0xF8, 0x00, 0x0E, 0x00, 0x00, 0x3C, 0x00, 0x00, 0x70, 0x00, 0x00, 0xE0, 0x00,
    0x01, 0xC0, 0x00, 0x03, 0x80, 0x00, 0x01, 0xE0, 0x3F, 0x81, 0xFC, 0x1E, 0xF0, 0xF7, 0x87, 0xBC,
    0x3D, 0xE0, 0xFE, 0x07, 0xF0, 0x3F, 0x00, 0xF8, 0x27, 0xC3, 0xBE, 0x1F, 0xF9, 0xFF, 0xCD, 0xDE,
    0xEC, 0x78, 0x23, 0xC0, 0x1E, 0x00, 0xF0, 0x1F, 0x80, 0xF8, 0x07, 0x00, 0x3F, 0x03, 0xFE, 0x1F,
    0xF8, 0xF3, 0xEF, 0xFF, 0xFF, 0xFD, 0xE3, 0xDF, 0xFF, 0xFF, 0xFB, 0xCF, 0x9F, 0xF8, 0xFF, 0x87,
    0xF0, 0x3C, 0x01, 0xE0, 0x0F, 0x00, 0x78, 0x00, 0x01, 0x80, 0x0F, 0xC0, 0xFF, 0xCF, 0xFF, 0x3F,
    0xF9, 0xF6, 0x07, 0x98, 0x3E, 0x60, 0xF1, 0x83, 0xC7, 0xFF, 0x1F, 0xFC, 0x7F, 0xF9, 0xBD, 0xE6,
    0xF7, 0xDB, 0xCF, 0xFF, 0x3F, 0xFC, 0x3F, 0xF0, 0x18, 0x00, 0x60, 0x03, 0x80, 0x0F, 0x80, 0x1F,
    0x00, 0x7F, 0x00, 0xFE, 0x01, 0xDC, 0x1F, 0xFF, 0x7F, 0xFF, 0xFF, 0xFE, 0x78, 0xF3, 0xFF, 0xFF,
    0xFF, 0xF7, 0x83, 0xCF, 0x07, 0x9E, 0x0F, 0x78, 0x0F, 0xF0, 0x1E, 0x0F, 0x83, 0xFF, 0x0F, 0xF8,
    0x7F, 0xE0, 0x0F, 0x00, 0x7B, 0xFF, 0xFF, 0xFF, 0x1F, 0xC7, 0xFF, 0xFF, 0xFF, 0xFF, 0xF7, 0x80,
    0x3C, 0x09, 0xFF, 0xC7, 0xFE, 0x1F, 0xF0, 0x00, 0x00, 0x01, 0x80, 0x3F, 0x07, 0xFE, 0x7F, 0xF3,
    0xFF, 0x3E, 0xC1, 0xE6, 0x1E, 0x30, 0xF1, 0x87, 0x8C, 0x3C, 0x61, 0xE3, 0x0F, 0x98, 0x3C, 0xC1,
    0xF6, 0x47, 0xFE, 0x3F, 0xF0, 0x7F, 0x80, 0x60, 0x03, 0x00, 0x00, 0x00, 0x1C, 0x70, 0x1C, 0x70,
    0x3F, 0xFE, 0x7F, 0xFE, 0xFF, 0xFE, 0x3C, 0xF0, 0x3C, 0xF0, 0x3C, 0xF0, 0x3C, 0xF0, 0x3C, 0xF0,
    0x3C, 0xF0, 0x3C, 0xF0, 0x3C, 0xFE, 0x3C, 0xFE, 0x3C, 0x7E, 0x00, 0x00, 0x00, 0x78, 0x01, 0xFF,
    0x03, 0xFF, 0x07, 0xFE, 0x07, 0x80, 0x07, 0x80, 0x07, 0xC0, 0x03, 0xF0, 0x01, 0xFC, 0x00, 0xFE,
    0x00, 0x3F, 0x04, 0x4F, 0xFF, 0xFF, 0xFB, 0xB7, 0x7B, 0x3F, 0x7F, 0xFE, 0x3F, 0xFC, 0x3B, 0xB0,
    0x3B, 0x30, 0x7F, 0xF7, 0xFF, 0xFF, 0xFF, 0xFF, 0xF0, 0x00, 0x7F, 0xFF, 0xFF, 0xFF, 0xFF, 0x0F,
    0x80, 0x3C, 0x01, 0xE0, 0x0F, 0x00, 0x78, 0x03, 0xC0, 0x1E, 0x00, 0xF0, 0x07, 0x80, 0x7F, 0xFF,
    0xFD, 0xFF, 0x87, 0x8F, 0xFF, 0xFF, 0xC3, 0xC0, 0x78, 0xFE, 0x1F, 0x81, 0xE0, 0x3C, 0x03, 0xC0,
    0x7C, 0x07, 0x80, 0xF8, 0x0F, 0x80, 0x18, 0x01, 0xE0, 0x0F, 0x20, 0x7F, 0x83, 0xF8, 0x7E, 0x03,
    0xFF, 0x07, 0xF0, 0xFE, 0x07, 0xE3, 0xFF, 0x1E, 0x78, 0xF3, 0xCF, 0x1E, 0x78, 0xFF, 0x87, 0xF8,
    0x3F, 0x80, 0x00, 0x00, 0x38, 0x00, 0x0F, 0x80, 0x03, 0x38, 0x00, 0x67, 0x00, 0x0F, 0xFF, 0xF0,
    0xFF, 0xFF, 0x1F, 0xFF, 0xF0, 0x70, 0x1E, 0x0E, 0x40, 0xC1, 0xDF, 0x98, 0x1F, 0xFF, 0x03, 0x9B,
    0xC0, 0xF0, 0x00, 0x3F, 0x00, 0x00, 0xFF, 0x80, 0x0F, 0xF0, 0x00, 0xFE, 0x00, 0x00, 0x00, 0x00,
    0xC0, 0x00, 0x78, 0x00, 0x1E, 0x00, 0x07, 0x80, 0x01, 0xE0, 0x03, 0xFF, 0x01, 0xFF, 0xF0, 0xFF,
    0xFE, 0x7D, 0xEF, 0xBC, 0x78, 0xFF, 0x1E, 0x3F, 0xC7, 0x8F, 0xF1, 0xE3, 0xFC, 0x00, 0xFF, 0x00,
    0x3F, 0xC0, 0x0F, 0xF0, 0x03, 0xC0, 0x3F, 0x80, 0xFF, 0xC3, 0xFF, 0x8F, 0xFE, 0x3C, 0x7C, 0xF0,
    0xF3, 0xC7, 0xDF, 0xFE, 0xFF, 0xFB, 0xFF, 0xCF, 0xFC, 0x0F, 0x00, 0xFF, 0x83, 0xFE, 0x0F, 0xF8,
    0x0F, 0x00, 0x3C, 0x00, 0x03, 0x60, 0x03, 0xE0, 0x0F, 0xF0, 0x3F, 0xFC, 0x3F, 0xFE, 0x7F, 0xFE,
    0xFB, 0xEF, 0xF3, 0xEF, 0xF3, 0xEF, 0xF3, 0xEF, 0xF0, 0x00, 0xF0, 0x00, 0x78, 0x00, 0x78, 0x00,
    0x3E, 0x00, 0x7F, 0xFE, 0x7F, 0xFE, 0x7F, 0xFE, 0x36, 0x06, 0xC3, 0xF8, 0x7F, 0xCF, 0xFD, 0xFF,
    0xBC, 0xF7, 0x9E, 0xF3, 0xDF, 0xF3, 0xFE, 0x7F, 0xEF, 0x3D, 0xE7, 0xFC, 0xFF, 0x9E, 0xFF, 0xDF,
    0xF3, 0xFC, 0x1B, 0x03, 0x60, 0x04, 0x00, 0x0F, 0xC1, 0xFE, 0x3F, 0xE7, 0xC4, 0x78, 0x07, 0x80,
    0x78, 0x07, 0x80, 0x78, 0x07, 0x82, 0x3F, 0xE3, 0xFE, 0x1F, 0xE0, 0x00, 0x00, 0x07, 0xFE, 0x7F,
    0xE0, 0x00, 0xFF, 0xEF, 0xFE, 0xFF, 0xE0, 0x00, 0x07, 0x83, 0xC3, 0xF9, 0xFC, 0xFF, 0x7F, 0x1F,
    0x4F, 0xA3, 0xC1, 0xE0, 0x7F, 0x3F, 0xBF, 0xFF, 0xF7, 0xFF, 0xFE, 0x3C, 0x1E, 0x07, 0x83, 0xC0,
    0xF0, 0x78, 0x1E, 0x0F, 0x03, 0xC1, 0xE0, 0x78, 0x3C, 0x0F, 0x07, 0x81, 0xE0, 0xF0, 0x3C, 0x1E,
    0x07, 0x83, 0xC0, 0x07, 0x98, 0x3F, 0xF8, 0xFF, 0xF1, 0xF4, 0xE3, 0xC0, 0x07, 0xF3, 0xBF, 0xEF,
    0x7F, 0xDE, 0x3C, 0x3C, 0x78, 0x78, 0xF0, 0xF1, 0xE1, 0xE3, 0xC3, 0xC7, 0x87, 0x8F, 0x0F, 0x1E,
    0x1E, 0x3C, 0x3C, 0x78, 0x78, 0x07, 0x9C, 0x3F, 0xF8, 0xFF, 0xF1, 0xF5, 0xE3, 0xC3, 0xC7, 0xF7,
    0xBF, 0xEF, 0x7F, 0xDE, 0x3C, 0x3C, 0x78, 0x78, 0xF0, 0xF1, 0xE1, 0xE3, 0xC3, 0xC7, 0x87, 0x8F,
    0x0F, 0x1E, 0x1E, 0x3C, 0x3C, 0x78, 0x78, 0x07, 0x83, 0xCC, 0x1F, 0xCF, 0xFE, 0x3F, 0xDF, 0xDE,
    0x3E, 0x9F, 0x5E, 0x3C, 0x1E, 0x00, 0x3F, 0x9F, 0xDE, 0xFF, 0xFF, 0xDE, 0xFF, 0xFF, 0xDE, 0x3C,
    0x1E, 0x1E, 0x3C, 0x1E, 0x1E, 0x3C, 0x1E, 0x1E, 0x3C, 0x1E, 0x1E, 0x3C, 0x1E, 0x1E, 0x3C, 0x1E,
    0x1E, 0x3C, 0x1E, 0x1E, 0x3C, 0x1E, 0x1E, 0x3C, 0x1E, 0x1E, 0x3C, 0x1E, 0x1E, 0x07, 0x83, 0xDE,
    0x3F, 0x9F, 0xFC, 0xFF, 0x7F, 0xF9, 0xF4, 0xFA, 0xF3, 0xC1, 0xE1, 0xE7, 0xF3, 0xFB, 0xFF, 0xFF,
    0xF7, 0xFF, 0xFF, 0xEF, 0x3C, 0x1E, 0x1E, 0x78, 0x3C, 0x3C, 0xF0, 0x78, 0x79, 0xE0, 0xF0, 0xF3,
    0xC1, 0xE1, 0xE7, 0x83, 0xC3, 0xCF, 0x07, 0x87, 0x9E, 0x0F, 0x0F, 0x3C, 0x1E, 0x1E, 0x78, 0x3C,
    0x3C, 0x0F, 0x80, 0x1F, 0xF8, 0x1F, 0xFE, 0x0F, 0x9F, 0x07, 0x87, 0x83, 0x83, 0xF9, 0xC7, 0xFC,
    0xE3, 0xFE, 0x70, 0x78, 0x38, 0x3C, 0x1C, 0x1E, 0x0E, 0x0F, 0x07, 0x07, 0x83, 0x83, 0xC1, 0xC1,
    0xE0, 0xE0, 0xFE, 0x70, 0x7F, 0x38, 0x1F, 0x80, 0x00, 0x00, 0x00, 0xF8, 0x00, 0x3F, 0xE0, 0x07,
    0xFF, 0x00, 0x7D, 0xF0, 0x07, 0x0F, 0x03, 0xF8, 0xFE, 0x7F, 0x9F, 0xFF, 0xF9, 0xFF, 0xF1, 0x8F,
    0x0F, 0x80, 0xF0, 0xFE, 0x0F, 0x07, 0xF8, 0xF0, 0x3F, 0x8F, 0x00, 0x7C, 0xF0, 0x03, 0xCF, 0x0F,
    0xFC, 0xFF, 0xFF, 0x87, 0xFF, 0xF0, 0x3F, 0x00, 0x00, 0x00, 0x00, 0x00, 0x00, 0x00, 0xE0, 0x00,
    0x07, 0xC0, 0x00, 0x3F, 0x80, 0x01, 0xFF, 0x00, 0x0F, 0x1E, 0x00, 0x70, 0x1C, 0x03, 0xFE, 0x78,
    0x1F, 0xF9, 0xF0, 0xFF, 0xE7, 0xE7, 0xFF, 0x3F, 0xDF, 0xF9, 0xFF, 0x3F, 0xCF, 0xF8, 0x7F, 0x3F,
    0xC0, 0xFF, 0xFE, 0x01, 0xFF, 0xF0, 0x03, 0xCF, 0x80, 0x07, 0x3C, 0x00, 0x0F, 0xE0, 0x00, 0x1F,
    0x00, 0x00, 0x38, 0x00, 0x00, 0x40, 0x00,
};

static const EpdGlyph sans11_boldGlyphs[] = {
    { 0, 0, 0, 0, 0, 0, 0 }, // U+0000
    { 0, 0, 95, 0, 0, 0, 0 }, // U+000D
    { 0, 0, 95, 0, 0, 0, 0 }, // U+0020
    { 5, 18, 103, 1, 17, 12, 0 }, // !
    { 9, 7, 176, 1, 17, 8, 12 }, // "
    { 15, 17, 237, 0, 17, 32, 20 }, // #
    { 13, 20, 210, 0, 18, 33, 52 }, // $
    { 20, 18, 331, 0, 17, 45, 85 }, // %
    { 18, 18, 275, 0, 17, 41, 130 }, // &
    { 4, 7, 98, 1, 17, 4, 171 }, // '
    { 8, 21, 124, 0, 17, 21, 175 }, // (
    { 7, 21, 124, 0, 17, 19, 196 }, // )
    { 12, 12, 199, 0, 18, 18, 215 }, // *
    { 13, 12, 210, 0, 14, 20, 233 }, // +
    { 6, 6, 105, 0, 3, 5, 253 }, // ,
    { 7, 4, 117, 0, 8, 4, 258 }, // -
    { 5, 5, 103, 1, 4, 4, 262 }, // .
    { 10, 18, 152, 0, 17, 23, 266 }, // /
    { 12, 18, 222, 1, 17, 27, 289 }, // 0
    { 9, 17, 190, 0, 17, 20, 316 }, // 1
    { 13, 17, 205, 0, 17, 28, 336 }, // 2
    { 13, 18, 210, 0, 17, 30, 364 }, // 3
    { 13, 17, 213, 0, 17, 28, 394 }, // 4
    { 12, 18, 212, 1, 17, 27, 422 }, // 5
    { 12, 18, 221, 1, 17, 27, 449 }, // 6
    { 12, 17, 196, 0, 17, 26, 476 }, // 7
    { 12, 18, 218, 1, 17, 27, 502 }, // 8
    { 12, 18, 221, 1, 17, 27, 529 }, // 9
    { 5, 14, 103, 1, 13, 9, 556 }, // :
    { 6, 16, 105, 0, 13, 12, 565 }, // ;
    { 13, 13, 210, 0, 15, 22, 577 }, // <
    { 13, 8, 210, 0, 12, 13, 599 }, // =
    { 13, 13, 210, 0, 15, 22, 612 }, // >
    { 11, 18, 175, 0, 17, 25, 634 }, // ?
    { 19, 19, 329, 1, 17, 46, 659 }, // @
    { 16, 17, 254, 0, 17, 34, 705 }, // A
    { 14, 17, 244, 1, 17, 30, 739 }, // B
    { 13, 18, 235, 1, 17, 30, 769 }, // C
    { 15, 17, 268, 1, 17, 32, 799 }, // D
    { 10, 17, 205, 2, 17, 22, 831 }, // E
    { 10, 17, 201, 2, 17, 22, 853 }, // F
    { 14, 18, 266, 1, 17, 32, 875 }, // G
    { 14, 17, 281, 2, 17, 30, 907 }, // H
    { 9, 17, 143, 0, 17, 20, 937 }, // I
    { 8, 22, 121, -2, 17, 22, 957 }, // J
    { 14, 17, 244, 2, 17, 30, 979 }, // K
    { 12, 17, 205, 1, 17, 26, 1009 }, // L
    { 18, 17, 346, 2, 17, 39, 1035 }, // M
    { 15, 17, 298, 2, 17, 32, 1074 }, // N
    { 16, 18, 290, 1, 17, 36, 1106 }, // O
    { 13, 17, 228, 1, 17, 28, 1142 }, // P
    { 16, 21, 290, 1, 17, 42, 1170 }, // Q
    { 15, 17, 241, 1, 17, 32, 1212 }, // R
    { 11, 18, 202, 1, 17, 25, 1244 }, // S
    { 13, 17, 212, 0, 17, 28, 1269 }, // T
    { 15, 18, 277, 1, 17, 34, 1297 }, // U
    { 15, 17, 238, 0, 17, 32, 1331 }, // V
    { 23, 17, 355, 0, 17, 49, 1363 }, // W
    { 16, 17, 246, 0, 17, 34, 1412 }, // X
    { 15, 17, 230, 0, 17, 32, 1446 }, // Y
    { 13, 17, 212, 0, 17, 28, 1478 }, // Z
    { 7, 21, 121, 1, 17, 19, 1506 }, // [
    { 10, 18, 152, 0, 17, 23, 1525 }, // <backslash>
    { 6, 21, 121, 0, 17, 16, 1548 }, // ]
    { 13, 12, 210, 0, 17, 20, 1564 }, // ^
    { 11, 2, 151, -1, -2, 3, 1584 }, // _
    { 8, 5, 134, 0, 18, 5, 1587 }, // `
    { 13, 14, 220, 0, 13, 23, 1592 }, // a
    { 13, 19, 232, 1, 18, 31, 1615 }, // b
    { 11, 14, 189, 1, 13, 20, 1646 }, // c
    { 12, 19, 232, 1, 18, 29, 1666 }, // d
    { 12, 14, 219, 1, 13, 21, 1695 }, // e
    { 10, 18, 142, 0, 18, 23, 1716 }, // f
    { 12, 19, 232, 1, 13, 29, 1739 }, // g
    { 13, 18, 238, 1, 18, 30, 1768 }, // h
    { 5, 18, 110, 1, 18, 12, 1798 }, // i
    { 8, 24, 109, -2, 18, 24, 1810 }, // j
    { 14, 18, 227, 1, 18, 32, 1834 }, // k
    { 5, 18, 109, 1, 18, 12, 1866 }, // l
    { 20, 13, 358, 1, 13, 33, 1878 }, // m
    { 13, 13, 238, 1, 13, 22, 1911 }, // n
    { 13, 14, 229, 1, 13, 23, 1933 }, // o
    { 13, 19, 232, 1, 13, 31, 1956 }, // p
    { 12, 19, 232, 1, 13, 29, 1987 }, // q
    { 9, 13, 164, 1, 13, 15, 2016 }, // r
    { 10, 14, 184, 1, 13, 18, 2031 }, // s
    { 10, 17, 159, 0, 16, 22, 2049 }, // t
    { 13, 14, 238, 1, 13, 23, 2071 }, // u
    { 14, 13, 209, 0, 13, 23, 2094 }, // v
    { 20, 13, 314, 0, 13, 33, 2117 }, // w
    { 14, 13, 212, 0, 13, 23, 2150 }, // x
    { 14, 19, 209, 0, 13, 34, 2173 }, // y
    { 11, 13, 181, 0, 13, 18, 2207 }, // z
    { 9, 21, 144, 0, 17, 24, 2225 }, // {
    { 3, 24, 202, 5, 18, 9, 2249 }, // |
    { 9, 21, 144, 0, 17, 24, 2258 }, // }
    { 13, 4, 210, 0, 10, 7, 2282 }, // ~
    { 0, 0, 95, 0, 0, 0, 2289 }, // U+00A0
    { 5, 18, 105, 1, 13, 12, 2289 }, // U+00A1
    { 11, 18, 210, 1, 17, 25, 2301 }, // U+00A2
    { 13, 17, 210, 0, 17, 28, 2326 }, // U+00A3
    { 11, 12, 208, 1, 14, 17, 2354 }, // U+00A4
    { 13, 17, 210, 0, 17, 28, 2371 }, // U+00A5
    { 3, 24, 202, 5, 18, 9, 2399 }, // U+00A6
    { 10, 19, 178, 1, 18, 24, 2408 }, // U+00A7
    { 9, 4, 217, 2, 18, 5, 2432 }, // U+00A8
    { 17, 18, 305, 1, 17, 39, 2437 }, // U+00A9
    { 8, 9, 140, 0, 17, 9, 2476 }, // U+00AA
    { 14, 11, 225, 0, 12, 20, 2485 }, // U+00AB
    { 13, 8, 210, 0, 10, 13, 2505 }, // U+00AC
    { 7, 4, 117, 0, 8, 4, 2518 }, // U+00AD
    { 17, 18, 305, 1, 17, 39, 2522 }, // U+00AE
    { 13, 3, 183, -1, 20, 5, 2561 }, // U+00AF
    { 9, 9, 156, 0, 17, 11, 2566 }, // U+00B0
    { 13, 15, 210, 0, 15, 25, 2577 }, // U+00B1
    { 8, 11, 139, 0, 20, 11, 2602 }, // U+00B2
    { 9, 11, 139, 0, 20, 13, 2613 }, // U+00B3
    { 8, 5, 134, 0, 18, 5, 2626 }, // U+00B4
    { 13, 19, 239, 1, 13, 31, 2631 }, // U+00B5
    { 12, 21, 238, 1, 18, 32, 2662 }, // U+00B6
    { 5, 5, 103, 1, 10, 4, 2694 }, // U+00B7
    { 6, 6, 96, 0, 0, 5, 2698 }, // U+00B8
    { 7, 11, 139, 0, 20, 10, 2703 }, // U+00B9
    { 9, 9, 142, 0, 17, 11, 2713 }, // U+00BA
    { 14, 11, 225, 0, 12, 20, 2724 }, // U+00BB
    { 19, 17, 304, 0, 17, 41, 2744 }, // U+00BC
    { 20, 17, 321, 0, 17, 43, 2785 }, // U+00BD
    { 19, 17, 310, 1, 17, 41, 2828 }, // U+00BE
    { 11, 18, 175, 0, 13, 25, 2869 }, // U+00BF
    { 16, 22, 254, 0, 22, 44, 2894 }, // U+00C0
    { 16, 22, 254, 0, 22, 44, 2938 }, // U+00C1
    { 16, 22, 254, 0, 22, 44, 2982 }, // U+00C2
    { 16, 22, 254, 0, 22, 44, 3026 }, // U+00C3
    { 16, 22, 254, 0, 22, 44, 3070 }, // U+00C4
    { 16, 21, 254, 0, 21, 42, 3114 }, // U+00C5
    { 21, 17, 349, 0, 17, 45, 3156 }, // U+00C6
    { 13, 23, 235, 1, 17, 38, 3201 }, // U+00C7
    { 10, 22, 205, 2, 22, 28, 3239 }, // U+00C8
    { 10, 22, 205, 2, 22, 28, 3267 }, // U+00C9
    { 10, 22, 205, 2, 22, 28, 3295 }, // U+00CA
    { 10, 22, 205, 2, 22, 28, 3323 }, // U+00CB
    { 9, 22, 143, 0, 22, 25, 3351 }, // U+00CC
    { 9, 22, 143, 0, 22, 25, 3376 }, // U+00CD
    { 10, 22, 143, -1, 22, 28, 3401 }, // U+00CE
    { 9, 22, 143, 0, 22, 25, 3429 }, // U+00CF
    { 16, 17, 268, 0, 17, 34, 3454 }, // U+00D0
    { 15, 22, 295, 2, 22, 42, 3488 }, // U+00D1
    { 16, 23, 290, 1, 22, 46, 3530 }, // U+00D2
    { 16, 23, 290, 1, 22, 46, 3576 }, // U+00D3
    { 16, 23, 290, 1, 22, 46, 3622 }, // U+00D4
    { 16, 23, 290, 1, 22, 46, 3668 }, // U+00D5
    { 16, 23, 290, 1, 22, 46, 3714 }, // U+00D6
    { 11, 11, 210, 1, 14, 16, 3760 }, // U+00D7
    { 16, 20, 290, 1, 18, 40, 3776 }, // U+00D8
    { 15, 23, 277, 1, 22, 44, 3816 }, // U+00D9
    { 15, 23, 277, 1, 22, 44, 3860 }, // U+00DA
    { 15, 23, 277, 1, 22, 44, 3904 }, // U+00DB
    { 15, 23, 277, 1, 22, 44, 3948 }, // U+00DC
    { 15, 22, 230, 0, 22, 42, 3992 }, // U+00DD
    { 12, 17, 230, 2, 17, 26, 4034 }, // U+00DE
    { 15, 19, 258, 1, 18, 36, 4060 }, // U+00DF
    { 13, 19, 220, 0, 18, 31, 4096 }, // U+00E0
    { 13, 19, 220, 0, 18, 31, 4127 }, // U+00E1
    { 13, 19, 220, 0, 18, 31, 4158 }, // U+00E2
    { 13, 19, 220, 0, 18, 31, 4189 }, // U+00E3
    { 13, 19, 220, 0, 18, 31, 4220 }, // U+00E4
    { 13, 21, 220, 0, 20, 35, 4251 }, // U+00E5
    { 21, 14, 336, 0, 13, 37, 4286 }, // U+00E6
    { 11, 19, 189, 1, 13, 27, 4323 }, // U+00E7
    { 12, 19, 219, 1, 18, 29, 4350 }, // U+00E8
    { 12, 19, 219, 1, 18, 29, 4379 }, // U+00E9
    { 12, 19, 219, 1, 18, 29, 4408 }, // U+00EA
    { 12, 19, 219, 1, 18, 29, 4437 }, // U+00EB
    { 8, 18, 110, -1, 18, 18, 4466 }, // U+00EC
    { 8, 18, 110, 1, 18, 18, 4484 }, // U+00ED
    { 11, 18, 110, -2, 18, 25, 4502 }, // U+00EE
    { 9, 18, 110, -1, 18, 21, 4527 }, // U+00EF
    { 13, 19, 230, 1, 18, 31, 4548 }, // U+00F0
    { 13, 18, 238, 1, 18, 30, 4579 }, // U+00F1
    { 13, 19, 229, 1, 18, 31, 4609 }, // U+00F2
    { 13, 19, 229, 1, 18, 31, 4640 }, // U+00F3
    { 13, 19, 229, 1, 18, 31, 4671 }, // U+00F4
    { 13, 19, 229, 1, 18, 31, 4702 }, // U+00F5
    { 13, 19, 229, 1, 18, 31, 4733 }, // U+00F6
    { 13, 12, 210, 0, 14, 20, 4764 }, // U+00F7
    { 13, 15, 227, 1, 14, 25, 4784 }, // U+00F8
    { 13, 19, 238, 1, 18, 31, 4809 }, // U+00F9
    { 13, 19, 238, 1, 18, 31, 4840 }, // U+00FA
    { 13, 19, 238, 1, 18, 31, 4871 }, // U+00FB
    { 13, 19, 238, 1, 18, 31, 4902 }, // U+00FC
    { 14, 24, 209, 0, 18, 42, 4933 }, // U+00FD
    { 13, 24, 232, 1, 18, 39, 4975 }, // U+00FE
    { 14, 24, 209, 0, 18, 42, 5014 }, // U+00FF
    { 16, 21, 254, 0, 21, 42, 5056 }, // U+0100
    { 13, 18, 220, 0, 17, 30, 5098 }, // U+0101
    { 16, 22, 254, 0, 22, 44, 5128 }, // U+0102
    { 13, 19, 220, 0, 18, 31, 5172 }, // U+0103
    { 16, 23, 254, 0, 17, 46, 5203 }, // U+0104
    { 13, 19, 220, 0, 13, 31, 5249 }, // U+0105
    { 13, 23, 235, 1, 22, 38, 5280 }, // U+0106
    { 11, 19, 189, 1, 18, 27, 5318 }, // U+0107
    { 13, 23, 235, 1, 22, 38, 5345 }, // U+0108
    { 11, 19, 189, 1, 18, 27, 5383 }, // U+0109
    { 13, 23, 235, 1, 22, 38, 5410 }, // U+010A
    { 11, 19, 189, 1, 18, 27, 5448 }, // U+010B
    { 13, 23, 235, 1, 22, 38, 5475 }, // U+010C
    { 11, 19, 189, 1, 18, 27, 5513 }, // U+010D
    { 15, 22, 268, 1, 22, 42, 5540 }, // U+010E
    { 17, 19, 232, 1, 18, 41, 5582 }, // U+010F
    { 16, 17, 268, 0, 17, 34, 5623 }, // U+0110
    { 14, 19, 237, 1, 18, 34, 5657 }, // U+0111
    { 10, 21, 205, 2, 21, 27, 5691 }, // U+0112
    { 12, 18, 219, 1, 17, 27, 5718 }, // U+0113
    { 10, 22, 205, 2, 22, 28, 5745 }, // U+0114
    { 12, 19, 219, 1, 18, 29, 5773 }, // U+0115
    { 10, 22, 205, 2, 22, 28, 5802 }, // U+0116
    { 12, 19, 219, 1, 18, 29, 5830 }, // U+0117
    { 10, 23, 205, 2, 17, 29, 5859 }, // U+0118
    { 12, 19, 217, 1, 13, 29, 5888 }, // U+0119
    { 10, 22, 205, 2, 22, 28, 5917 }, // U+011A
    { 12, 19, 219, 1, 18, 29, 5945 }, // U+011B
    { 14, 23, 266, 1, 22, 41, 5974 }, // U+011C
    { 12, 24, 232, 1, 18, 36, 6015 }, // U+011D
    { 14, 23, 266, 1, 22, 41, 6051 }, // U+011E
    { 12, 24, 232, 1, 18, 36, 6092 }, // U+011F
    { 14, 23, 266, 1, 22, 41, 6128 }, // U+0120
    { 12, 24, 232, 1, 18, 36, 6169 }, // U+0121
    { 14, 23, 266, 1, 17, 41, 6205 }, // U+0122
    { 12, 24, 232, 1, 18, 36, 6246 }, // U+0123
    { 14, 22, 281, 2, 22, 39, 6282 }, // U+0124
    { 16, 23, 238, -2, 23, 46, 6321 }, // U+0125
    { 18, 17, 281, 0, 17, 39, 6367 }, // U+0126
    { 14, 18, 241, 0, 18, 32, 6406 }, // U+0127
    { 10, 22, 143, -1, 22, 28, 6438 }, // U+0128
    { 11, 18, 110, -2, 18, 25, 6466 }, // U+0129
    { 9, 21, 143, 0, 21, 24, 6491 }, // U+012A
    { 9, 17, 110, -1, 17, 20, 6515 }, // U+012B
    { 10, 22, 143, 0, 22, 28, 6535 }, // U+012C
    { 10, 18, 110, -1, 18, 23, 6563 }, // U+012D
    { 9, 23, 143, 0, 17, 26, 6586 }, // U+012E
    { 6, 24, 110, 0, 18, 18, 6612 }, // U+012F
    { 9, 22, 143, 0, 22, 25, 6630 }, // U+0130
    { 5, 13, 110, 1, 13, 9, 6655 }, // U+0131
    { 15, 22, 265, 0, 17, 42, 6664 }, // U+0132
    { 12, 24, 224, 1, 18, 36, 6706 }, // U+0133
    { 11, 27, 121, -2, 22, 38, 6742 }, // U+0134
    { 11, 24, 109, -2, 18, 33, 6780 }, // U+0135
    { 14, 23, 242, 2, 17, 41, 6813 }, // U+0136
    { 14, 24, 227, 1, 18, 42, 6854 }, // U+0137
    { 14, 13, 227, 1, 13, 23, 6896 }, // U+0138
    { 12, 22, 205, 1, 22, 33, 6919 }, // U+0139
    { 8, 23, 109, 1, 23, 23, 6952 }, // U+013A
    { 12, 23, 205, 1, 17, 35, 6975 }, // U+013B
    { 5, 24, 109, 1, 18, 15, 7010 }, // U+013C
    { 12, 17, 205, 1, 17, 26, 7025 }, // U+013D
    { 10, 18, 109, 1, 18, 23, 7051 }, // U+013E
    { 12, 17, 205, 1, 17, 26, 7074 }, // U+013F
    { 9, 18, 135, 1, 18, 21, 7100 }, // U+0140
    { 13, 17, 207, 0, 17, 28, 7121 }, // U+0141
    { 9, 18, 112, -1, 18, 21, 7149 }, // U+0142
    { 15, 22, 295, 2, 22, 42, 7170 }, // U+0143
    { 13, 18, 238, 1, 18, 30, 7212 }, // U+0144
    { 15, 23, 295, 2, 17, 44, 7242 }, // U+0145
    { 13, 19, 238, 1, 13, 31, 7286 }, // U+0146
    { 15, 22, 295, 2, 22, 42, 7317 }, // U+0147
    { 13, 18, 238, 1, 18, 30, 7359 }, // U+0148
    { 18, 17, 284, -1, 17, 39, 7389 }, // U+0149
    { 15, 22, 298, 2, 17, 42, 7428 }, // U+014A
    { 13, 19, 238, 1, 13, 31, 7470 }, // U+014B
    { 16, 22, 290, 1, 21, 44, 7501 }, // U+014C
    { 13, 18, 229, 1, 17, 30, 7545 }, // U+014D
    { 16, 23, 290, 1, 22, 46, 7575 }, // U+014E
    { 13, 19, 229, 1, 18, 31, 7621 }, // U+014F
    { 16, 23, 290, 1, 22, 46, 7652 }, // U+0150
    { 13, 19, 229, 1, 18, 31, 7698 }, // U+0151
    { 20, 18, 357, 1, 17, 45, 7729 }, // U+0152
    { 21, 14, 359, 1, 13, 37, 7774 }, // U+0153
    { 15, 22, 241, 1, 22, 42, 7811 }, // U+0154
    { 10, 18, 164, 1, 18, 23, 7853 }, // U+0155
    { 15, 23, 241, 1, 17, 44, 7876 }, // U+0156
    { 9, 19, 164, 1, 13, 22, 7920 }, // U+0157
    { 15, 22, 241, 1, 22, 42, 7942 }, // U+0158
    { 10, 18, 164, 1, 18, 23, 7984 }, // U+0159
    { 11, 23, 202, 1, 22, 32, 8007 }, // U+015A
    { 10, 19, 184, 1, 18, 24, 8039 }, // U+015B
    { 11, 23, 202, 1, 22, 32, 8063 }, // U+015C
    { 10, 19, 184, 1, 18, 24, 8095 }, // U+015D
    { 11, 23, 202, 1, 17, 32, 8119 }, // U+015E
    { 10, 19, 184, 1, 13, 24, 8151 }, // U+015F
    { 11, 23, 202, 1, 22, 32, 8175 }, // U+0160
    { 10, 19, 184, 1, 18, 24, 8207 }, // U+0161
    { 13, 23, 212, 0, 17, 38, 8231 }, // U+0162
    { 10, 22, 159, 0, 16, 28, 8269 }, // U+0163
    { 13, 22, 212, 0, 22, 36, 8297 }, // U+0164
    { 14, 19, 159, 0, 18, 34, 8333 }, // U+0165
    { 13, 17, 212, 0, 17, 28, 8367 }, // U+0166
    { 10, 17, 159, 0, 16, 22, 8395 }, // U+0167
    { 15, 23, 277, 1, 22, 44, 8417 }, // U+0168
    { 13, 19, 238, 1, 18, 31, 8461 }, // U+0169
    { 15, 22, 277, 1, 21, 42, 8492 }, // U+016A
    { 13, 18, 238, 1, 17, 30, 8534 }, // U+016B
    { 15, 23, 277, 1, 22, 44, 8564 }, // U+016C
    { 13, 19, 238, 1, 18, 31, 8608 }, // U+016D
    { 15, 25, 277, 1, 24, 47, 8639 }, // U+016E
    { 13, 21, 238, 1, 20, 35, 8686 }, // U+016F
    { 15, 23, 277, 1, 22, 44, 8721 }, // U+0170
    { 13, 19, 238, 1, 18, 31, 8765 }, // U+0171
    { 15, 23, 277, 1, 17, 44, 8796 }, // U+0172
    { 13, 19, 238, 1, 13, 31, 8840 }, // U+0173
    { 23, 22, 355, 0, 22, 64, 8871 }, // U+0174
    { 20, 18, 316, 0, 18, 45, 8935 }, // U+0175
    { 15, 22, 230, 0, 22, 42, 8980 }, // U+0176
    { 14, 24, 209, 0, 18, 42, 9022 }, // U+0177
    { 15, 22, 230, 0, 22, 42, 9064 }, // U+0178
    { 13, 22, 212, 0, 22, 36, 9106 }, // U+0179
    { 11, 18, 181, 0, 18, 25, 9142 }, // U+017A
    { 13, 22, 212, 0, 22, 36, 9167 }, // U+017B
    { 11, 18, 181, 0, 18, 25, 9203 }, // U+017C
    { 13, 22, 212, 0, 22, 36, 9228 }, // U+017D
    { 11, 18, 181, 0, 18, 25, 9264 }, // U+017E
    { 9, 18, 140, 1, 18, 21, 9289 }, // U+017F
    { 19, 19, 301, 1, 18, 46, 9310 }, // U+01A0
    { 16, 16, 250, 1, 15, 32, 9356 }, // U+01A1
    { 20, 19, 325, 1, 18, 48, 9388 }, // U+01AF
    { 18, 16, 278, 1, 15, 36, 9436 }, // U+01B0
    { 29, 22, 480, 1, 22, 80, 9472 }, // U+01C4
    { 27, 18, 449, 1, 18, 61, 9552 }, // U+01C5
    { 25, 19, 413, 1, 18, 60, 9613 }, // U+01C6
    { 18, 22, 329, 1, 17, 50, 9673 }, // U+01C7
    { 18, 24, 319, 1, 18, 54, 9723 }, // U+01C8
    { 12, 24, 224, 1, 18, 36, 9777 }, // U+01C9
    { 23, 22, 420, 2, 17, 64, 9813 }, // U+01CA
    { 22, 24, 410, 2, 18, 66, 9877 }, // U+01CB
    { 20, 24, 353, 1, 18, 60, 9943 }, // U+01CC
    { 16, 22, 254, 0, 22, 44, 10003 }, // U+01CD
    { 13, 19, 220, 0, 18, 31, 10047 }, // U+01CE
    { 11, 22, 143, -1, 22, 31, 10078 }, // U+01CF
    { 11, 18, 110, -2, 18, 25, 10109 }, // U+01D0
    { 16, 23, 290, 1, 22, 46, 10134 }, // U+01D1
    { 13, 19, 229, 1, 18, 31, 10180 }, // U+01D2
    { 15, 23, 277, 1, 22, 44, 10211 }, // U+01D3
    { 13, 19, 238, 1, 18, 31, 10255 }, // U+01D4
    { 15, 25, 277, 1, 24, 47, 10286 }, // U+01D5
    { 13, 21, 238, 1, 20, 35, 10333 }, // U+01D6
    { 15, 26, 277, 1, 25, 49, 10368 }, // U+01D7
    { 13, 22, 238, 1, 21, 36, 10417 }, // U+01D8
    { 15, 26, 277, 1, 25, 49, 10453 }, // U+01D9
    { 13, 22, 238, 1, 21, 36, 10502 }, // U+01DA
    { 15, 26, 277, 1, 25, 49, 10538 }, // U+01DB
    { 13, 22, 238, 1, 21, 36, 10587 }, // U+01DC
    { 12, 14, 219, 1, 13, 21, 10623 }, // U+01DD
    { 16, 24, 254, 0, 24, 48, 10644 }, // U+01DE
    { 13, 21, 220, 0, 20, 35, 10692 }, // U+01DF
    { 16, 24, 254, 0, 24, 48, 10727 }, // U+01E0
    { 13, 21, 220, 0, 20, 35, 10775 }, // U+01E1
    { 21, 21, 349, 0, 21, 56, 10810 }, // U+01E2
    { 21, 18, 336, 0, 17, 48, 10866 }, // U+01E3
    { 16, 18, 266, 1, 17, 36, 10914 }, // U+01E4
    { 13, 19, 233, 1, 13, 31, 10950 }, // U+01E5
    { 14, 23, 266, 1, 22, 41, 10981 }, // U+01E6
    { 12, 24, 232, 1, 18, 36, 11022 }, // U+01E7
    { 14, 22, 242, 2, 22, 39, 11058 }, // U+01E8
    { 17, 23, 227, -2, 23, 49, 11097 }, // U+01E9
    { 16, 23, 290, 1, 17, 46, 11146 }, // U+01EA
    { 13, 19, 229, 1, 13, 31, 11192 }, // U+01EB
    { 16, 27, 290, 1, 21, 54, 11223 }, // U+01EC
    { 13, 23, 229, 1, 17, 38, 11277 }, // U+01ED
    { 13, 23, 217, 0, 22, 38, 11315 }, // U+01EE
    { 13, 24, 213, 0, 18, 39, 11353 }, // U+01EF
    { 11, 24, 109, -2, 18, 33, 11392 }, // U+01F0
    { 29, 17, 480, 1, 17, 62, 11425 }, // U+01F1
    { 27, 17, 449, 1, 17, 58, 11487 }, // U+01F2
    { 25, 19, 413, 1, 18, 60, 11545 }, // U+01F3
    { 14, 23, 266, 1, 22, 41, 11605 }, // U+01F4
    { 12, 24, 232, 1, 18, 36, 11646 }, // U+01F5
    { 21, 18, 384, 2, 17, 48, 11682 }, // U+01F6
    { 13, 23, 248, 2, 17, 38, 11730 }, // U+01F7
    { 15, 22, 295, 2, 22, 42, 11768 }, // U+01F8
    { 13, 18, 238, 1, 18, 30, 11810 }, // U+01F9
    { 16, 22, 253, 0, 22, 44, 11840 }, // U+01FA
    { 13, 24, 220, 0, 23, 39, 11884 }, // U+01FB
    { 21, 22, 349, 0, 22, 58, 11923 }, // U+01FC
    { 21, 19, 336, 0, 18, 50, 11981 }, // U+01FD
    { 16, 24, 290, 1, 22, 48, 12031 }, // U+01FE
    { 13, 19, 227, 1, 18, 31, 12079 }, // U+01FF
    { 16, 22, 254, 0, 22, 44, 12110 }, // U+0200
    { 13, 19, 220, 0, 18, 31, 12154 }, // U+0201
    { 16, 22, 254, 0, 22, 44, 12185 }, // U+0202
    { 13, 19, 220, 0, 18, 31, 12229 }, // U+0203
    { 12, 22, 205, 0, 22, 33, 12260 }, // U+0204
    { 13, 19, 219, 0, 18, 31, 12293 }, // U+0205
    { 10, 22, 205, 2, 22, 28, 12324 }, // U+0206
    { 12, 19, 219, 1, 18, 29, 12352 }, // U+0207
    { 11, 22, 143, -2, 22, 31, 12381 }, // U+0208
    { 10, 18, 110, -3, 18, 23, 12412 }, // U+0209
    { 9, 22, 143, 0, 22, 25, 12435 }, // U+020A
    { 9, 18, 110, -1, 18, 21, 12460 }, // U+020B
    { 16, 23, 290, 1, 22, 46, 12481 }, // U+020C
    { 13, 19, 229, 1, 18, 31, 12527 }, // U+020D
    { 16, 23, 290, 1, 22, 46, 12558 }, // U+020E
    { 13, 19, 229, 1, 18, 31, 12604 }, // U+020F
    { 15, 22, 241, 1, 22, 42, 12635 }, // U+0210
    { 11, 18, 164, -1, 18, 25, 12677 }, // U+0211
    { 15, 22, 241, 1, 22, 42, 12702 }, // U+0212
    { 10, 18, 164, 1, 18, 23, 12744 }, // U+0213
    { 15, 23, 277, 1, 22, 44, 12767 }, // U+0214
    { 13, 19, 238, 1, 18, 31, 12811 }, // U+0215
    { 15, 23, 277, 1, 22, 44, 12842 }, // U+0216
    { 13, 19, 238, 1, 18, 31, 12886 }, // U+0217
    { 11, 23, 202, 1, 17, 32, 12917 }, // U+0218
    { 10, 19, 184, 1, 13, 24, 12949 }, // U+0219
    { 13, 23, 212, 0, 17, 38, 12973 }, // U+021A
    { 10, 22, 159, 0, 16, 28, 13011 }, // U+021B
    { 14, 22, 231, 0, 17, 39, 13039 }, // U+021C
    { 11, 19, 186, 0, 13, 27, 13078 }, // U+021D
    { 14, 22, 281, 2, 22, 39, 13105 }, // U+021E
    { 16, 23, 238, -2, 23, 46, 13144 }, // U+021F
    { 8, 5, 0, -13, 18, 5, 13190 }, // U+0300
    { 8, 5, 0, -9, 18, 5, 13195 }, // U+0301
    { 10, 5, 0, -5, 18, 7, 13200 }, // U+0302
    { 10, 5, 0, -13, 18, 7, 13207 }, // U+0303
    { 8, 4, 0, -4, 17, 4, 13214 }, // U+0304
    { 10, 4, 0, -5, 20, 5, 13218 }, // U+0305
    { 10, 5, 0, -5, 18, 7, 13223 }, // U+0306
    { 4, 4, 0, -2, 18, 2, 13230 }, // U+0307
    { 10, 4, 0, -5, 18, 5, 13232 }, // U+0308
    { 6, 7, 0, -10, 20, 6, 13237 }, // U+0309
    { 6, 7, 0, -3, 20, 6, 13243 }, // U+030A
    { 11, 5, 0, -4, 18, 7, 13249 }, // U+030B
    { 11, 5, 0, -5, 18, 7, 13256 }, // U+030C
    { 4, 5, 0, -2, 18, 3, 13263 }, // U+030D
    { 8, 5, 0, -4, 18, 5, 13266 }, // U+030E
    { 11, 5, 0, -14, 18, 7, 13271 }, // U+030F
    { 10, 7, 0, -5, 20, 9, 13278 }, // U+0310
    { 10, 5, 0, -5, 18, 7, 13287 }, // U+0311
    { 6, 7, 0, -3, 17, 6, 13294 }, // U+0312
    { 6, 7, 0, -3, 17, 6, 13300 }, // U+0313
    { 6, 7, 0, -3, 17, 6, 13306 }, // U+0314
    { 6, 7, 0, -3, 17, 6, 13312 }, // U+0315
    { 7, 5, 0, -4, -1, 5, 13318 }, // U+0316
    { 8, 5, 0, -4, -1, 5, 13323 }, // U+0317
    { 6, 5, 0, -3, 0, 4, 13328 }, // U+0318
    { 6, 5, 0, -3, 0, 4, 13332 }, // U+0319
    { 6, 7, 110, 0, 18, 6, 13336 }, // U+031A
    { 7, 6, 0, -3, 18, 6, 13342 }, // U+031B
    { 4, 6, 0, -2, 0, 3, 13348 }, // U+031C
    { 6, 4, 0, -3, -1, 3, 13351 }, // U+031D
    { 6, 4, 0, -3, -1, 3, 13354 }, // U+031E
    { 6, 6, 0, -3, 0, 5, 13357 }, // U+031F
    { 6, 2, 0, -3, -2, 2, 13362 }, // U+0320
    { 6, 8, 0, -6, 2, 6, 13364 }, // U+0321
    { 6, 8, 0, 0, 2, 6, 13370 }, // U+0322
    { 5, 4, 0, -10, -1, 3, 13376 }, // U+0323
    { 10, 4, 0, -5, -1, 5, 13379 }, // U+0324
    { 6, 7, 0, -3, 1, 6, 13384 }, // U+0325
    { 4, 5, 0, -2, -1, 3, 13390 }, // U+0326
    { 6, 6, 0, -3, 0, 5, 13393 }, // U+0327
    { 6, 7, 0, -3, 1, 6, 13398 }, // U+0328
    { 4, 5, 0, -2, -1, 3, 13404 }, // U+0329
    { 10, 4, 0, -5, -1, 5, 13407 }, // U+032A
    { 10, 4, 0, -5, -1, 5, 13412 }, // U+032B
    { 11, 5, 0, -5, 0, 7, 13417 }, // U+032C
    { 10, 5, 0, -5, 0, 7, 13424 }, // U+032D
    { 10, 5, 0, -5, -1, 7, 13431 }, // U+032E
    { 10, 5, 0, -5, -1, 7, 13438 }, // U+032F
    { 10, 5, 0, -5, -1, 7, 13445 }, // U+0330
    { 8, 4, 0, -4, -1, 4, 13452 }, // U+0331
    { 12, 2, 0, -6, -2, 3, 13456 }, // U+0332
    { 11, 6, 0, -6, 0, 9, 13459 }, // U+0333
    { 10, 5, 0, -5, 9, 7, 13468 }, // U+0334
    { 10, 4, 0, -5, 8, 5, 13475 }, // U+0335
    { 18, 3, 0, -9, 8, 7, 13480 }, // U+0336
    { 10, 7, 0, -5, 10, 9, 13487 }, // U+0337
    { 10, 20, 0, -5, 18, 25, 13496 }, // U+0338
    { 4, 6, 0, -2, 0, 3, 13521 }, // U+0339
    { 10, 4, 0, -5, -1, 5, 13524 }, // U+033A
    { 10, 6, 0, -5, 0, 8, 13529 }, // U+033B
    { 10, 4, 0, -5, -1, 5, 13537 }, // U+033C
    { 6, 5, 0, -3, 18, 4, 13542 }, // U+033D
    { 4, 7, 0, -2, 20, 4, 13546 }, // U+033E
    { 11, 6, 0, -6, 23, 9, 13550 }, // U+033F
    { 8, 5, 0, -6, 18, 5, 13559 }, // U+0340
    { 8, 5, 0, -2, 18, 5, 13564 }, // U+0341
    { 10, 5, 0, -5, 18, 7, 13569 }, // U+0342
    { 5, 5, 0, -3, 18, 4, 13576 }, // U+0343
    { 13, 5, 0, -5, 18, 9, 13580 }, // U+0344
    { 5, 5, 0, -1, -1, 4, 13589 }, // U+0345
    { 10, 5, 0, -5, 18, 7, 13593 }, // U+0346
    { 11, 6, 0, -6, 0, 9, 13600 }, // U+0347
    { 8, 5, 0, -4, 0, 5, 13609 }, // U+0348
    { 6, 5, 0, -3, -1, 4, 13614 }, // U+0349
    { 10, 5, 0, -5, 18, 7, 13618 }, // U+034A
    { 10, 10, 0, -5, 22, 13, 13625 }, // U+034B
    { 8, 7, 0, -4, 20, 7, 13638 }, // U+034C
    { 10, 6, 0, -5, 0, 8, 13645 }, // U+034D
    { 6, 6, 0, -3, 0, 5, 13653 }, // U+034E
    { 18, 17, 0, -9, 17, 39, 13658 }, // U+034F
    { 4, 6, 0, -2, 19, 3, 13697 }, // U+0350
    { 4, 6, 0, -2, 19, 3, 13700 }, // U+0351
    { 10, 7, 0, -5, 20, 9, 13703 }, // U+0352
    { 6, 6, 0, -3, 0, 5, 13712 }, // U+0353
    { 4, 6, 0, -2, 0, 3, 13717 }, // U+0354
    { 4, 6, 0, -2, 0, 3, 13720 }, // U+0355
    { 10, 6, 0, -5, 0, 8, 13723 }, // U+0356
    { 4, 6, 0, -2, 19, 3, 13731 }, // U+0357
    { 4, 4, 0, 2, 18, 2, 13734 }, // U+0358
    { 6, 6, 0, -3, 0, 5, 13736 }, // U+0359
    { 10, 6, 0, -5, 0, 8, 13741 }, // U+035A
    { 6, 5, 0, -3, 18, 4, 13749 }, // U+035B
    { 20, 6, 0, -10, 0, 15, 13753 }, // U+035C
    { 20, 6, 0, -10, 19, 15, 13768 }, // U+035D
    { 14, 2, 0, -7, 16, 4, 13783 }, // U+035E
    { 14, 2, 0, -7, -1, 4, 13787 }, // U+035F
    { 20, 5, 0, -10, 18, 13, 13791 }, // U+0360
    { 20, 6, 0, -10, 21, 15, 13804 }, // U+0361
    { 19, 6, 0, -9, 0, 15, 13819 }, // U+0362
    { 6, 6, 0, -3, 20, 5, 13834 }, // U+0363
    { 6, 6, 0, -3, 20, 5, 13839 }, // U+0364
    { 3, 8, 0, -1, 22, 3, 13844 }, // U+0365
    { 6, 6, 0, -3, 20, 5, 13847 }, // U+0366
    { 6, 6, 0, -3, 20, 5, 13852 }, // U+0367
    { 5, 6, 0, -2, 20, 4, 13857 }, // U+0368
    { 6, 8, 0, -3, 22, 6, 13861 }, // U+0369
    { 6, 8, 0, -3, 22, 6, 13867 }, // U+036A
    { 10, 6, 0, -5, 20, 8, 13873 }, // U+036B
    { 5, 6, 0, -2, 20, 4, 13881 }, // U+036C
    { 5, 7, 0, -2, 21, 5, 13885 }, // U+036D
    { 7, 6, 0, -3, 20, 6, 13890 }, // U+036E
    { 7, 6, 0, -3, 20, 6, 13896 }, // U+036F
    { 11, 22, 206, 1, 22, 31, 13902 }, // U+0400
    { 11, 22, 206, 1, 22, 31, 13933 }, // U+0401
    { 17, 18, 281, 0, 17, 39, 13964 }, // U+0402
    { 11, 22, 206, 2, 22, 31, 14003 }, // U+0403
    { 14, 18, 239, 1, 17, 32, 14034 }, // U+0404
    { 12, 18, 201, 0, 17, 27, 14066 }, // U+0405
    { 5, 17, 118, 1, 17, 11, 14093 }, // U+0406
    { 8, 22, 121, 0, 22, 22, 14104 }, // U+0407
    { 8, 22, 121, -2, 17, 22, 14126 }, // U+0408
    { 23, 18, 379, 0, 17, 52, 14148 }, // U+0409
    { 22, 17, 390, 2, 17, 47, 14200 }, // U+040A
    { 17, 17, 285, 0, 17, 37, 14247 }, // U+040B
    { 14, 22, 251, 2, 22, 39, 14284 }, // U+040C
    { 14, 22, 290, 2, 22, 39, 14323 }, // U+040D
    { 15, 23, 237, 0, 22, 44, 14362 }, // U+040E
    { 14, 21, 281, 2, 17, 37, 14406 }, // U+040F
    { 16, 17, 254, 0, 17, 34, 14443 }, // U+0410
    { 12, 17, 238, 2, 17, 26, 14477 }, // U+0411
    { 14, 17, 243, 1, 17, 30, 14503 }, // U+0412
    { 11, 17, 206, 2, 17, 24, 14533 }, // U+0413
    { 18, 21, 285, 0, 17, 48, 14557 }, // U+0414
    { 11, 17, 206, 1, 17, 24, 14605 }, // U+0415
    { 23, 17, 366, 0, 17, 49, 14629 }, // U+0416
    { 13, 18, 217, 0, 17, 30, 14678 }, // U+0417
    { 14, 17, 290, 2, 17, 30, 14708 }, // U+0418
    { 14, 22, 290, 2, 22, 39, 14738 }, // U+0419
    { 14, 17, 254, 2, 17, 30, 14777 }, // U+041A
    { 15, 18, 269, 0, 17, 34, 14807 }, // U+041B
    { 18, 17, 346, 2, 17, 39, 14841 }, // U+041C
    { 14, 17, 282, 2, 17, 30, 14880 }, // U+041D
    { 16, 18, 285, 1, 17, 36, 14910 }, // U+041E
    { 14, 17, 279, 2, 17, 30, 14946 }, // U+041F
    { 13, 17, 228, 1, 17, 28, 14976 }, // U+0420
    { 13, 18, 237, 1, 17, 30, 15004 }, // U+0421
    { 13, 17, 212, 0, 17, 28, 15034 }, // U+0422
    { 15, 18, 237, 0, 17, 34, 15062 }, // U+0423
    { 19, 18, 331, 1, 17, 43, 15096 }, // U+0424
    { 16, 17, 245, 0, 17, 34, 15139 }, // U+0425
    { 16, 21, 285, 2, 17, 42, 15173 }, // U+0426
    { 14, 17, 264, 1, 17, 30, 15215 }, // U+0427
    { 22, 17, 391, 1, 17, 47, 15245 }, // U+0428
    { 24, 21, 394, 1, 17, 63, 15292 }, // U+0429
    { 17, 17, 277, 0, 17, 37, 15355 }, // U+042A
    { 18, 17, 337, 2, 17, 39, 15392 }, // U+042B
    { 12, 17, 237, 2, 17, 26, 15431 }, // U+042C
    { 14, 18, 241, 0, 17, 32, 15457 }, // U+042D
    { 21, 18, 373, 2, 17, 48, 15489 }, // U+042E
    { 14, 17, 250, 0, 17, 30, 15537 }, // U+042F
    { 13, 14, 219, 0, 13, 23, 15567 }, // U+0430
    { 13, 19, 229, 1, 18, 31, 15590 }, // U+0431
    { 12, 13, 219, 1, 13, 20, 15621 }, // U+0432
    { 10, 13, 174, 1, 13, 17, 15641 }, // U+0433
    { 15, 17, 234, 0, 13, 32, 15658 }, // U+0434
    { 13, 14, 214, 0, 13, 23, 15690 }, // U+0435
    { 20, 13, 318, 0, 13, 33, 15713 }, // U+0436
    { 11, 14, 189, 0, 13, 20, 15746 }, // U+0437
    { 13, 13, 247, 1, 13, 22, 15766 }, // U+0438
    { 13, 18, 247, 1, 18, 30, 15788 }, // U+0439
    { 13, 13, 226, 1, 13, 22, 15818 }, // U+043A
    { 13, 14, 228, 0, 13, 23, 15840 }, // U+043B
    { 17, 13, 307, 1, 13, 28, 15863 }, // U+043C
    { 13, 13, 241, 1, 13, 22, 15891 }, // U+043D
    { 14, 14, 228, 0, 13, 25, 15913 }, // U+043E
    { 13, 13, 238, 1, 13, 22, 15938 }, // U+043F
    { 13, 19, 233, 1, 13, 31, 15960 }, // U+0440
    { 12, 14, 192, 0, 13, 21, 15991 }, // U+0441
    { 12, 13, 185, 0, 13, 20, 16012 }, // U+0442
    { 15, 19, 209, -1, 13, 36, 16032 }, // U+0443
    { 18, 24, 297, 0, 18, 54, 16068 }, // U+0444
    { 14, 13, 212, 0, 13, 23, 16122 }, // U+0445
    { 14, 17, 238, 1, 13, 30, 16145 }, // U+0446
    { 12, 13, 234, 1, 13, 20, 16175 }, // U+0447
    { 20, 13, 350, 1, 13, 33, 16195 }, // U+0448
    { 21, 17, 350, 1, 13, 45, 16228 }, // U+0449
    { 15, 13, 246, 0, 13, 25, 16273 }, // U+044A
    { 17, 13, 313, 1, 13, 28, 16298 }, // U+044B
    { 12, 13, 217, 1, 13, 20, 16326 }, // U+044C
    { 12, 14, 192, 0, 13, 21, 16346 }, // U+044D
    { 18, 14, 312, 1, 13, 32, 16367 }, // U+044E
    { 13, 13, 222, 0, 13, 22, 16399 }, // U+044F
    { 13, 19, 214, 0, 18, 31, 16421 }, // U+0450
    { 13, 19, 214, 0, 18, 31, 16452 }, // U+0451
    { 14, 24, 239, 0, 18, 42, 16483 }, // U+0452
    { 10, 18, 176, 1, 18, 23, 16525 }, // U+0453
    { 12, 14, 192, 0, 13, 21, 16548 }, // U+0454
    { 11, 14, 183, 0, 13, 20, 16569 }, // U+0455
    { 5, 18, 113, 1, 18, 12, 16589 }, // U+0456
    { 7, 18, 110, 0, 18, 16, 16601 }, // U+0457
    { 8, 24, 109, -2, 18, 24, 16617 }, // U+0458
    { 20, 14, 329, 0, 13, 35, 16641 }, // U+0459
    { 20, 13, 340, 1, 13, 33, 16676 }, // U+045A
    { 14, 18, 239, 0, 18, 32, 16709 }, // U+045B
    { 13, 18, 226, 1, 18, 30, 16741 }, // U+045C
    { 13, 18, 247, 1, 18, 30, 16771 }, // U+045D
    { 15, 24, 209, -1, 18, 45, 16801 }, // U+045E
    { 13, 17, 238, 1, 13, 28, 16846 }, // U+045F
    { 22, 17, 350, 0, 17, 47, 16874 }, // U+0460
    { 20, 13, 325, 0, 13, 33, 16921 }, // U+0461
    { 15, 17, 247, 0, 17, 32, 16954 }, // U+0462
    { 15, 16, 244, 0, 16, 30, 16986 }, // U+0463
    { 19, 18, 348, 2, 17, 43, 17016 }, // U+0464
    { 17, 14, 294, 1, 13, 30, 17059 }, // U+0465
    { 17, 17, 268, 0, 17, 37, 17089 }, // U+0466
    { 15, 13, 235, 0, 13, 25, 17126 }, // U+0467
    { 22, 17, 369, 2, 17, 47, 17151 }, // U+0468
    { 20, 13, 331, 1, 13, 33, 17198 }, // U+0469
    { 18, 17, 295, 0, 17, 39, 17231 }, // U+046A
    { 15, 13, 228, 0, 13, 25, 17270 }, // U+046B
    { 23, 17, 394, 2, 17, 49, 17295 }, // U+046C
    { 19, 13, 323, 1, 13, 31, 17344 }, // U+046D
    { 14, 26, 232, 0, 20, 46, 17375 }, // U+046E
    { 12, 22, 204, 0, 16, 33, 17421 }, // U+046F
    { 18, 17, 323, 1, 17, 39, 17454 }, // U+0470
    { 17, 24, 309, 1, 18, 51, 17493 }, // U+0471
    { 16, 18, 290, 1, 17, 36, 17544 }, // U+0472
    { 13, 14, 227, 1, 13, 23, 17580 }, // U+0473
    { 17, 17, 263, 0, 17, 37, 17603 }, // U+0474
    { 14, 13, 222, 0, 13, 23, 17640 }, // U+0475
    { 17, 22, 263, 0, 22, 47, 17663 }, // U+0476
    { 14, 18, 222, 0, 18, 32, 17710 }, // U+0477
    { 30, 23, 484, 1, 17, 87, 17742 }, // U+0478
    { 26, 19, 431, 1, 13, 62, 17829 }, // U+0479
    { 17, 20, 305, 1, 18, 43, 17891 }, // U+047A
    { 14, 16, 251, 1, 14, 28, 17934 }, // U+047B
    { 23, 26, 399, 1, 25, 75, 17962 }, // U+047C
    { 20, 22, 351, 1, 21, 55, 18037 }, // U+047D
    { 22, 21, 351, 0, 21, 58, 18092 }, // U+047E
    { 20, 17, 325, 0, 17, 43, 18150 }, // U+047F
    { 14, 23, 248, 1, 17, 41, 18193 }, // U+0480
    { 11, 19, 192, 1, 13, 27, 18234 }, // U+0481
    { 12, 16, 223, 1, 15, 24, 18261 }, // U+0482
    { 10, 5, 0, -11, 17, 7, 18285 }, // U+0483
    { 10, 5, 0, -11, 18, 7, 18292 }, // U+0484
    { 4, 6, 0, -8, 19, 3, 18299 }, // U+0485
    { 4, 6, 0, -8, 19, 3, 18302 }, // U+0486
    { 10, 4, 0, -5, 21, 5, 18305 }, // U+0487
    { 28, 24, 0, -14, 18, 84, 18310 }, // U+0488
    { 26, 26, 0, -13, 19, 85, 18394 }, // U+0489
    { 19, 27, 336, 2, 22, 65, 18479 }, // U+048A
    { 18, 23, 294, 1, 18, 52, 18544 }, // U+048B
    { 14, 17, 234, 0, 17, 30, 18596 }, // U+048C
    { 14, 18, 225, 0, 18, 32, 18626 }, // U+048D
    { 12, 17, 230, 2, 17, 26, 18658 }, // U+048E
    { 13, 19, 232, 1, 13, 31, 18684 }, // U+048F
    { 12, 20, 212, 1, 20, 30, 18715 }, // U+0490
    { 10, 16, 188, 1, 16, 20, 18745 }, // U+0491
    { 13, 17, 205, 0, 17, 28, 18765 }, // U+0492
    { 11, 13, 180, 0, 13, 18, 18793 }, // U+0493
    { 14, 23, 269, 2, 17, 41, 18811 }, // U+0494
    { 12, 19, 221, 1, 13, 29, 18852 }, // U+0495
    { 24, 22, 377, 0, 17, 66, 18881 }, // U+0496
    { 23, 18, 343, -1, 13, 52, 18947 }, // U+0497
    { 13, 23, 217, 0, 17, 38, 18999 }, // U+0498
    { 11, 19, 189, 0, 13, 27, 19037 }, // U+0499
    { 15, 22, 277, 2, 17, 42, 19064 }, // U+049A
    { 14, 18, 241, 1, 13, 32, 19106 }, // U+049B
    { 15, 17, 245, 1, 17, 32, 19138 }, // U+049C
    { 14, 13, 227, 1, 13, 23, 19170 }, // U+049D
    { 16, 17, 254, 0, 17, 34, 19193 }, // U+049E
    { 15, 18, 230, 0, 18, 34, 19227 }, // U+049F
    { 17, 17, 269, 0, 17, 37, 19261 }, // U+04A0
    { 16, 13, 255, 0, 13, 26, 19298 }, // U+04A1
    { 17, 22, 308, 2, 17, 47, 19324 }, // U+04A2
    { 16, 18, 272, 1, 13, 36, 19371 }, // U+04A3
    { 18, 17, 306, 2, 17, 39, 19407 }, // U+04A4
    { 17, 13, 278, 1, 13, 28, 19446 }, // U+04A5
    { 23, 23, 413, 2, 17, 67, 19474 }, // U+04A6
    { 19, 19, 326, 1, 13, 46, 19541 }, // U+04A7
    { 17, 18, 285, 1, 17, 39, 19587 }, // U+04A8
    { 14, 14, 241, 1, 13, 25, 19626 }, // U+04A9
    { 13, 23, 235, 1, 17, 38, 19651 }, // U+04AA
    { 11, 19, 189, 1, 13, 27, 19689 }, // U+04AB
    { 13, 22, 212, 0, 17, 36, 19716 }, // U+04AC
    { 13, 18, 202, 0, 13, 30, 19752 }, // U+04AD
    { 15, 17, 230, 0, 17, 32, 19782 }, // U+04AE
    { 14, 19, 211, 0, 13, 34, 19814 }, // U+04AF
    { 15, 17, 230, 0, 17, 32, 19848 }, // U+04B0
    { 14, 19, 211, 0, 13, 34, 19880 }, // U+04B1
    { 17, 22, 272, 0, 17, 47, 19914 }, // U+04B2
    { 15, 18, 233, 0, 13, 34, 19961 }, // U+04B3
    { 21, 22, 341, 0, 17, 58, 19995 }, // U+04B4
    { 18, 18, 290, 0, 13, 41, 20053 }, // U+04B5
    { 17, 22, 295, 1, 17, 47, 20094 }, // U+04B6
    { 16, 18, 266, 1, 13, 36, 20141 }, // U+04B7
    { 14, 17, 270, 1, 17, 30, 20177 }, // U+04B8
    { 13, 13, 242, 1, 13, 22, 20207 }, // U+04B9
    { 15, 17, 270, 1, 17, 32, 20229 }, // U+04BA
    { 13, 18, 238, 1, 18, 30, 20261 }, // U+04BB
    { 20, 18, 348, 0, 17, 45, 20291 }, // U+04BC
    { 17, 14, 260, -1, 13, 30, 20336 }, // U+04BD
    { 20, 22, 348, 0, 17, 55, 20366 }, // U+04BE
    { 17, 18, 260, -1, 13, 39, 20421 }, // U+04BF
    { 9, 17, 143, 0, 17, 20, 20460 }, // U+04C0
    { 23, 22, 367, 0, 22, 64, 20480 }, // U+04C1
    { 20, 18, 318, 0, 18, 45, 20544 }, // U+04C2
    { 15, 23, 279, 2, 17, 44, 20589 }, // U+04C3
    { 14, 19, 239, 1, 13, 34, 20633 }, // U+04C4
    { 19, 22, 307, 0, 17, 53, 20667 }, // U+04C5
    { 17, 18, 267, 0, 13, 39, 20720 }, // U+04C6
    { 14, 23, 281, 2, 17, 41, 20759 }, // U+04C7
    { 13, 19, 243, 1, 13, 31, 20800 }, // U+04C8
    { 18, 22, 315, 2, 17, 50, 20831 }, // U+04C9
    { 16, 18, 273, 1, 13, 36, 20881 }, // U+04CA
    { 14, 22, 270, 1, 17, 39, 20917 }, // U+04CB
    { 13, 18, 241, 1, 13, 30, 20956 }, // U+04CC
    { 22, 22, 380, 2, 17, 61, 20986 }, // U+04CD
    { 20, 18, 340, 1, 13, 45, 21047 }, // U+04CE
    { 9, 17, 143, 0, 17, 20, 21092 }, // U+04CF
    { 16, 22, 254, 0, 22, 44, 21112 }, // U+04D0
    { 13, 19, 220, 0, 18, 31, 21156 }, // U+04D1
    { 16, 22, 254, 0, 22, 44, 21187 }, // U+04D2
    { 13, 19, 220, 0, 18, 31, 21231 }, // U+04D3
    { 21, 17, 349, 0, 17, 45, 21262 }, // U+04D4
    { 21, 14, 336, 0, 13, 37, 21307 }, // U+04D5
    { 10, 22, 205, 2, 22, 28, 21344 }, // U+04D6
    { 12, 19, 219, 1, 18, 29, 21372 }, // U+04D7
    { 17, 18, 300, 1, 17, 39, 21401 }, // U+04D8
    { 12, 14, 219, 1, 13, 21, 21440 }, // U+04D9
    { 17, 23, 300, 1, 22, 49, 21461 }, // U+04DA
    { 12, 19, 219, 1, 18, 29, 21510 }, // U+04DB
    { 23, 22, 367, 0, 22, 64, 21539 }, // U+04DC
    { 20, 18, 318, 0, 18, 45, 21603 }, // U+04DD
    { 13, 23, 217, 0, 22, 38, 21648 }, // U+04DE
    { 11, 19, 189, 0, 18, 27, 21686 }, // U+04DF
    { 13, 18, 217, 0, 17, 30, 21713 }, // U+04E0
    { 13, 19, 213, 0, 13, 31, 21743 }, // U+04E1
    { 14, 21, 290, 2, 21, 37, 21774 }, // U+04E2
    { 13, 17, 247, 1, 17, 28, 21811 }, // U+04E3
    { 14, 22, 290, 2, 22, 39, 21839 }, // U+04E4
    { 13, 18, 247, 1, 18, 30, 21878 }, // U+04E5
    { 16, 23, 290, 1, 22, 46, 21908 }, // U+04E6
    { 13, 19, 229, 1, 18, 31, 21954 }, // U+04E7
    { 16, 18, 290, 1, 17, 36, 21985 }, // U+04E8
    { 13, 14, 229, 1, 13, 23, 22021 }, // U+04E9
    { 16, 23, 290, 1, 22, 46, 22044 }, // U+04EA
    { 13, 19, 229, 1, 18, 31, 22090 }, // U+04EB
    { 14, 23, 239, 0, 22, 41, 22121 }, // U+04EC
    { 12, 19, 192, 0, 18, 29, 22162 }, // U+04ED
    { 15, 22, 237, 0, 21, 42, 22191 }, // U+04EE
    { 15, 23, 209, -1, 17, 44, 22233 }, // U+04EF
    { 15, 23, 237, 0, 22, 44, 22277 }, // U+04F0
    { 15, 24, 209, -1, 18, 45, 22321 }, // U+04F1
    { 15, 23, 237, 0, 22, 44, 22366 }, // U+04F2
    { 14, 24, 209, 0, 18, 42, 22410 }, // U+04F3
    { 14, 22, 264, 1, 22, 39, 22452 }, // U+04F4
    { 12, 18, 234, 1, 18, 27, 22491 }, // U+04F5
    { 11, 22, 206, 2, 17, 31, 22518 }, // U+04F6
    { 10, 18, 175, 1, 13, 23, 22549 }, // U+04F7
    { 18, 22, 337, 2, 22, 50, 22572 }, // U+04F8
    { 17, 18, 313, 1, 18, 39, 22622 }, // U+04F9
    { 13, 23, 205, 0, 17, 38, 22661 }, // U+04FA
    { 11, 19, 180, 0, 13, 27, 22699 }, // U+04FB
    { 17, 23, 268, 0, 17, 49, 22726 }, // U+04FC
    { 14, 19, 237, 0, 13, 34, 22775 }, // U+04FD
    { 16, 17, 246, 0, 17, 34, 22809 }, // U+04FE
    { 14, 13, 212, 0, 13, 23, 22843 }, // U+04FF
    { 16, 22, 254, 0, 17, 44, 22866 }, // U+1EA0
    { 13, 18, 220, 0, 13, 30, 22910 }, // U+1EA1
    { 16, 24, 254, 0, 24, 48, 22940 }, // U+1EA2
    { 13, 21, 220, 0, 20, 35, 22988 }, // U+1EA3
    { 16, 23, 254, 0, 23, 46, 23023 }, // U+1EA4
    { 15, 20, 220, 0, 19, 38, 23069 }, // U+1EA5
    { 16, 23, 254, 0, 23, 46, 23107 }, // U+1EA6
    { 14, 20, 220, -1, 19, 35, 23153 }, // U+1EA7
    { 16, 24, 254, 0, 24, 48, 23188 }, // U+1EA8
    { 14, 21, 220, 0, 20, 37, 23236 }, // U+1EA9
    { 16, 25, 254, 0, 25, 50, 23273 }, // U+1EAA
    { 13, 22, 220, 0, 21, 36, 23323 }, // U+1EAB
    { 16, 27, 254, 0, 22, 54, 23359 }, // U+1EAC
    { 13, 23, 220, 0, 18, 38, 23413 }, // U+1EAD
    { 16, 24, 254, 0, 24, 48, 23451 }, // U+1EAE
    { 13, 21, 220, 0, 20, 35, 23499 }, // U+1EAF
    { 16, 24, 254, 0, 24, 48, 23534 }, // U+1EB0
    { 13, 21, 220, 0, 20, 35, 23582 }, // U+1EB1
    { 16, 24, 254, 0, 24, 48, 23617 }, // U+1EB2
    { 13, 22, 220, 0, 21, 36, 23665 }, // U+1EB3
    { 16, 25, 254, 0, 25, 50, 23701 }, // U+1EB4
    { 13, 22, 220, 0, 21, 36, 23751 }, // U+1EB5
    { 16, 27, 254, 0, 22, 54, 23787 }, // U+1EB6
    { 13, 23, 220, 0, 18, 38, 23841 }, // U+1EB7
    { 10, 22, 205, 2, 17, 28, 23879 }, // U+1EB8
    { 12, 18, 219, 1, 13, 27, 23907 }, // U+1EB9
    { 10, 24, 205, 2, 24, 30, 23934 }, // U+1EBA
    { 12, 21, 219, 1, 20, 32, 23964 }, // U+1EBB
    { 10, 22, 205, 2, 22, 28, 23996 }, // U+1EBC
    { 12, 19, 219, 1, 18, 29, 24024 }, // U+1EBD
    { 13, 23, 205, 1, 23, 38, 24053 }, // U+1EBE
    { 14, 20, 219, 1, 19, 35, 24091 }, // U+1EBF
    { 14, 23, 205, -2, 23, 41, 24126 }, // U+1EC0
    { 14, 20, 219, -1, 19, 35, 24167 }, // U+1EC1
    { 12, 24, 205, 1, 24, 36, 24202 }, // U+1EC2
    { 13, 21, 219, 1, 20, 35, 24238 }, // U+1EC3
    { 10, 25, 205, 2, 25, 32, 24273 }, // U+1EC4
    { 12, 22, 219, 1, 21, 33, 24305 }, // U+1EC5
    { 10, 27, 205, 2, 22, 34, 24338 }, // U+1EC6
    { 12, 23, 219, 1, 18, 35, 24372 }, // U+1EC7
    { 9, 23, 143, 0, 23, 26, 24407 }, // U+1EC8
    { 6, 20, 110, 1, 20, 15, 24433 }, // U+1EC9
    { 9, 22, 143, 0, 17, 25, 24448 }, // U+1ECA
    { 5, 23, 110, 1, 18, 15, 24473 }, // U+1ECB
    { 16, 22, 290, 1, 17, 44, 24488 }, // U+1ECC
    { 13, 18, 229, 1, 13, 30, 24532 }, // U+1ECD
    { 16, 24, 290, 1, 23, 48, 24562 }, // U+1ECE
    { 13, 21, 229, 1, 20, 35, 24610 }, // U+1ECF
    { 16, 24, 290, 1, 23, 48, 24645 }, // U+1ED0
    { 14, 20, 229, 1, 19, 35, 24693 }, // U+1ED1
    { 16, 24, 290, 1, 23, 48, 24728 }, // U+1ED2
    { 15, 20, 229, -1, 19, 38, 24776 }, // U+1ED3
    { 16, 25, 290, 1, 24, 50, 24814 }, // U+1ED4
    { 13, 21, 229, 1, 20, 35, 24864 }, // U+1ED5
    { 16, 26, 290, 1, 25, 52, 24899 }, // U+1ED6
    { 13, 22, 229, 1, 21, 36, 24951 }, // U+1ED7
    { 16, 27, 290, 1, 22, 54, 24987 }, // U+1ED8
    { 13, 23, 229, 1, 18, 38, 25041 }, // U+1ED9
    { 19, 23, 301, 1, 22, 55, 25079 }, // U+1EDA
    { 16, 19, 250, 1, 18, 38, 25134 }, // U+1EDB
    { 19, 23, 301, 1, 22, 55, 25172 }, // U+1EDC
    { 16, 19, 250, 1, 18, 38, 25227 }, // U+1EDD
    { 19, 25, 301, 1, 24, 60, 25265 }, // U+1EDE
    { 16, 21, 250, 1, 20, 42, 25325 }, // U+1EDF
    { 19, 23, 301, 1, 22, 55, 25367 }, // U+1EE0
    { 16, 19, 250, 1, 18, 38, 25422 }, // U+1EE1
    { 19, 23, 301, 1, 18, 55, 25460 }, // U+1EE2
    { 16, 20, 250, 1, 15, 40, 25515 }, // U+1EE3
    { 15, 22, 277, 1, 17, 42, 25555 }, // U+1EE4
    { 13, 18, 238, 1, 13, 30, 25597 }, // U+1EE5
    { 15, 24, 277, 1, 23, 45, 25627 }, // U+1EE6
    { 13, 21, 238, 1, 20, 35, 25672 }, // U+1EE7
    { 20, 23, 325, 1, 22, 58, 25707 }, // U+1EE8
    { 18, 19, 278, 1, 18, 43, 25765 }, // U+1EE9
    { 20, 23, 325, 1, 22, 58, 25808 }, // U+1EEA
    { 18, 19, 278, 1, 18, 43, 25866 }, // U+1EEB
    { 20, 24, 325, 1, 23, 60, 25909 }, // U+1EEC
    { 18, 21, 278, 1, 20, 48, 25969 }, // U+1EED
    { 20, 23, 325, 1, 22, 58, 26017 }, // U+1EEE
    { 18, 19, 278, 1, 18, 43, 26075 }, // U+1EEF
    { 20, 23, 325, 1, 18, 58, 26118 }, // U+1EF0
    { 18, 20, 278, 1, 15, 45, 26176 }, // U+1EF1
    { 15, 22, 230, 0, 22, 42, 26221 }, // U+1EF2
    { 14, 24, 209, 0, 18, 42, 26263 }, // U+1EF3
    { 15, 22, 230, 0, 17, 42, 26305 }, // U+1EF4
    { 14, 19, 209, 0, 13, 34, 26347 }, // U+1EF5
    { 15, 23, 230, 0, 23, 44, 26381 }, // U+1EF6
    { 14, 26, 209, 0, 20, 46, 26425 }, // U+1EF7
    { 15, 22, 230, 0, 22, 42, 26471 }, // U+1EF8
    { 14, 24, 209, 0, 18, 42, 26513 }, // U+1EF9
    { 0, 0, 183, 0, 0, 0, 26555 }, // U+2000
    { 0, 0, 367, 0, 0, 0, 26555 }, // U+2001
    { 0, 0, 183, 0, 0, 0, 26555 }, // U+2002
    { 0, 0, 367, 0, 0, 0, 26555 }, // U+2003
    { 0, 0, 122, 0, 0, 0, 26555 }, // U+2004
    { 0, 0, 92, 0, 0, 0, 26555 }, // U+2005
    { 0, 0, 61, 0, 0, 0, 26555 }, // U+2006
    { 0, 0, 210, 0, 0, 0, 26555 }, // U+2007
    { 0, 0, 103, 0, 0, 0, 26555 }, // U+2008
    { 0, 0, 61, 0, 0, 0, 26555 }, // U+2009
    { 0, 0, 37, 0, 0, 0, 26555 }, // U+200A
    { 0, 0, 0, 0, 0, 0, 26555 }, // U+200B
    { 0, 0, 0, 0, 0, 0, 26555 }, // U+200C
    { 0, 0, 0, 0, 0, 0, 26555 }, // U+200D
    { 6, 20, 0, -1, 16, 15, 26555 }, // U+200E
    { 6, 20, 0, -5, 16, 15, 26570 }, // U+200F
    { 7, 4, 117, 0, 8, 4, 26585 }, // U+2010
    { 7, 4, 117, 0, 8, 4, 26589 }, // U+2011
    { 13, 4, 212, 0, 10, 7, 26593 }, // U+2012
    { 11, 4, 183, 0, 8, 6, 26600 }, // U+2013
    { 23, 4, 367, 0, 8, 12, 26606 }, // U+2014
    { 23, 4, 367, 0, 8, 12, 26618 }, // U+2015
    { 9, 24, 202, 2, 18, 27, 26630 }, // U+2016
    { 11, 6, 151, -1, 0, 9, 26657 }, // U+2017
    { 5, 7, 80, 0, 17, 5, 26666 }, // U+2018
    { 5, 7, 80, 0, 17, 5, 26671 }, // U+2019
    { 6, 7, 105, 0, 4, 6, 26676 }, // U+201A
    { 5, 7, 80, 0, 17, 5, 26682 }, // U+201B
    { 10, 7, 163, 0, 17, 9, 26687 }, // U+201C
    { 10, 7, 163, 0, 17, 9, 26696 }, // U+201D
    { 11, 7, 188, 0, 3, 10, 26705 }, // U+201E
    { 10, 7, 163, 0, 17, 9, 26715 }, // U+201F
    { 10, 18, 188, 1, 18, 23, 26724 }, // U+2020
    { 10, 18, 190, 1, 18, 23, 26747 }, // U+2021
    { 7, 8, 138, 1, 12, 7, 26770 }, // U+2022
    { 8, 9, 138, 1, 13, 9, 26777 }, // U+2023
    { 5, 5, 183, 3, 4, 4, 26786 }, // U+2024
    { 11, 5, 211, 1, 4, 7, 26790 }, // U+2025
    { 18, 5, 314, 1, 4, 12, 26797 }, // U+2026
    { 5, 5, 103, 1, 8, 4, 26809 }, // U+2027
    { 0, 0, 220, 0, 0, 0, 26813 }, // U+2028
    { 0, 0, 220, 0, 0, 0, 26813 }, // U+2029
    { 6, 18, 0, -1, 14, 14, 26813 }, // U+202A
    { 6, 18, 0, -5, 14, 14, 26827 }, // U+202B
    { 6, 20, 0, -3, 16, 15, 26841 }, // U+202C
    { 6, 20, 0, -3, 16, 15, 26856 }, // U+202D
    { 6, 20, 0, -3, 16, 15, 26871 }, // U+202E
    { 0, 0, 61, 0, 0, 0, 26886 }, // U+202F
    { 29, 18, 469, 0, 17, 66, 26886 }, // U+2030
    { 38, 18, 611, 0, 17, 86, 26952 }, // U+2031
    { 7, 7, 111, 1, 17, 7, 27038 }, // U+2032
    { 12, 7, 192, 1, 17, 11, 27045 }, // U+2033
    { 17, 7, 273, 1, 17, 15, 27056 }, // U+2034
    { 7, 7, 155, 1, 17, 7, 27071 }, // U+2035
    { 12, 7, 236, 1, 17, 11, 27078 }, // U+2036
    { 17, 7, 317, 1, 17, 15, 27089 }, // U+2037
    { 9, 8, 150, 0, 2, 9, 27104 }, // U+2038
    { 8, 11, 134, 0, 12, 11, 27113 }, // U+2039
    { 8, 11, 134, 0, 12, 11, 27124 }, // U+203A
    { 18, 18, 312, 1, 17, 41, 27135 }, // U+203B
    { 11, 18, 209, 1, 17, 25, 27176 }, // U+203C
    { 11, 18, 175, 0, 17, 25, 27201 }, // U+203D
    { 13, 3, 183, -1, 20, 5, 27226 }, // U+203E
    { 14, 6, 223, 0, 0, 11, 27231 }, // U+203F
    { 14, 6, 223, 0, 19, 11, 27242 }, // U+2040
    { 10, 16, 156, 0, 10, 20, 27253 }, // U+2041
    { 26, 22, 410, 0, 18, 72, 27273 }, // U+2042
    { 7, 4, 117, 1, 8, 4, 27345 }, // U+2043
    { 13, 17, 48, -5, 17, 28, 27349 }, // U+2044
    { 7, 21, 121, 1, 17, 19, 27377 }, // U+2045
    { 6, 21, 121, 0, 17, 16, 27396 }, // U+2046
    { 22, 18, 348, 0, 17, 50, 27412 }, // U+2047
    { 17, 18, 280, 0, 17, 39, 27462 }, // U+2048
    { 17, 18, 280, 1, 17, 39, 27501 }, // U+2049
    { 13, 13, 216, 0, 13, 22, 27540 }, // U+204A
    { 13, 21, 238, 1, 18, 35, 27562 }, // U+204B
    { 13, 12, 240, 1, 13, 20, 27597 }, // U+204C
    { 12, 12, 240, 2, 13, 18, 27617 }, // U+204D
    { 12, 12, 199, 0, 7, 18, 27635 }, // U+204E
    { 5, 16, 105, 1, 13, 10, 27653 }, // U+204F
    { 14, 25, 220, 0, 19, 44, 27663 }, // U+2050
    { 12, 24, 199, 0, 18, 36, 27707 }, // U+2051
    { 10, 18, 155, 0, 17, 23, 27743 }, // U+2052
    { 23, 5, 367, 0, 9, 15, 27766 }, // U+2053
    { 14, 6, 220, 0, 0, 11, 27781 }, // U+2054
    { 13, 12, 205, 0, 12, 20, 27792 }, // U+2055
    { 11, 18, 212, 1, 17, 25, 27812 }, // U+2056
    { 21, 7, 343, 1, 17, 19, 27837 }, // U+2057
    { 18, 18, 320, 1, 17, 41, 27856 }, // U+2058
    { 18, 18, 320, 1, 17, 41, 27897 }, // U+2059
    { 5, 18, 105, 1, 17, 12, 27938 }, // U+205A
    { 14, 20, 254, 1, 19, 35, 27950 }, // U+205B
    { 19, 19, 313, 0, 18, 46, 27985 }, // U+205C
    { 5, 19, 103, 1, 18, 12, 28031 }, // U+205D
    { 5, 18, 105, 1, 17, 12, 28043 }, // U+205E
    { 0, 0, 81, 0, 0, 0, 28055 }, // U+205F
    { 0, 0, 220, 0, 0, 0, 28055 }, // U+2060
    { 0, 0, 220, 0, 0, 0, 28055 }, // U+2061
    { 0, 0, 220, 0, 0, 0, 28055 }, // U+2062
    { 0, 0, 220, 0, 0, 0, 28055 }, // U+2063
    { 0, 0, 220, 0, 0, 0, 28055 }, // U+2064
    { 0, 0, 0, 0, 0, 0, 28055 }, // U+2066
    { 0, 0, 0, 0, 0, 0, 28055 }, // U+2067
    { 0, 0, 0, 0, 0, 0, 28055 }, // U+2068
    { 0, 0, 0, 0, 0, 0, 28055 }, // U+2069
    { 6, 20, 0, -3, 16, 15, 28055 }, // U+206A
    { 6, 20, 0, -3, 16, 15, 28070 }, // U+206B
    { 6, 20, 0, -3, 16, 15, 28085 }, // U+206C
    { 6, 20, 0, -3, 16, 15, 28100 }, // U+206D
    { 6, 20, 0, -3, 16, 15, 28115 }, // U+206E
    { 6, 20, 0, -3, 16, 15, 28130 }, // U+206F
    { 9, 11, 139, 0, 20, 13, 28145 }, // U+2070
    { 3, 12, 71, 1, 18, 5, 28158 }, // U+2071
    { 9, 11, 139, 0, 20, 13, 28163 }, // U+2074
    { 8, 11, 139, 0, 20, 11, 28176 }, // U+2075
    { 9, 11, 139, 0, 20, 13, 28187 }, // U+2076
    { 9, 11, 139, 0, 20, 13, 28200 }, // U+2077
    { 9, 11, 139, 0, 20, 13, 28213 }, // U+2078
    { 9, 11, 139, 0, 20, 13, 28226 }, // U+2079
    { 8, 8, 132, 0, 18, 8, 28239 }, // U+207A
    { 8, 3, 132, 0, 15, 3, 28247 }, // U+207B
    { 8, 5, 132, 0, 16, 5, 28250 }, // U+207C
    { 5, 14, 89, 1, 21, 9, 28255 }, // U+207D
    { 5, 14, 89, 0, 21, 9, 28264 }, // U+207E
    { 8, 9, 155, 1, 15, 9, 28273 }, // U+207F
    { 9, 11, 139, 0, 7, 13, 28282 }, // U+2080
    { 7, 11, 139, 0, 7, 10, 28295 }, // U+2081
    { 8, 11, 139, 0, 7, 11, 28305 }, // U+2082
    { 9, 11, 139, 0, 7, 13, 28316 }, // U+2083
    { 9, 11, 139, 0, 7, 13, 28329 }, // U+2084
    { 8, 11, 139, 0, 7, 11, 28342 }, // U+2085
    { 9, 11, 139, 0, 7, 13, 28353 }, // U+2086
    { 9, 11, 139, 0, 7, 13, 28366 }, // U+2087
    { 9, 11, 139, 0, 7, 13, 28379 }, // U+2088
    { 9, 11, 139, 0, 7, 13, 28392 }, // U+2089
    { 8, 8, 132, 0, 6, 8, 28405 }, // U+208A
    { 8, 3, 132, 0, 3, 3, 28413 }, // U+208B
    { 8, 5, 132, 0, 4, 5, 28416 }, // U+208C
    { 5, 14, 89, 1, 9, 9, 28421 }, // U+208D
    { 5, 14, 89, 0, 9, 9, 28430 }, // U+208E
    { 8, 9, 143, 0, 6, 9, 28439 }, // U+2090
    { 9, 9, 142, 0, 6, 11, 28448 }, // U+2091
    { 9, 9, 149, 0, 6, 11, 28459 }, // U+2092
    { 9, 9, 138, 0, 6, 11, 28470 }, // U+2093
    { 9, 9, 142, 0, 6, 11, 28481 }, // U+2094
    { 8, 12, 155, 1, 9, 12, 28492 }, // U+2095
    { 9, 12, 145, 1, 9, 14, 28504 }, // U+2096
    { 3, 12, 71, 1, 9, 5, 28518 }, // U+2097
    { 13, 9, 233, 1, 6, 15, 28523 }, // U+2098
    { 8, 9, 155, 1, 6, 9, 28538 }, // U+2099
    { 8, 12, 151, 1, 6, 12, 28547 }, // U+209A
    { 7, 9, 120, 0, 6, 8, 28559 }, // U+209B
    { 6, 10, 100, 0, 7, 8, 28567 }, // U+209C
    { 13, 17, 210, 0, 17, 28, 28575 }, // U+20A0
    { 14, 20, 223, 0, 18, 35, 28603 }, // U+20A1
    { 13, 18, 210, 0, 17, 30, 28638 }, // U+20A2
    { 12, 17, 210, 0, 17, 26, 28668 }, // U+20A3
    { 13, 17, 210, 0, 17, 28, 28694 }, // U+20A4
    { 20, 19, 358, 1, 16, 48, 28722 }, // U+20A5
    { 13, 17, 210, 0, 17, 28, 28770 }, // U+20A6
    { 19, 18, 326, 1, 17, 43, 28798 }, // U+20A7
    { 20, 18, 336, 1, 17, 45, 28841 }, // U+20A8
    { 17, 17, 271, 0, 17, 37, 28886 }, // U+20A9
    { 19, 17, 337, 1, 17, 41, 28923 }, // U+20AA
    { 14, 22, 237, 1, 18, 39, 28964 }, // U+20AB
    { 13, 18, 210, 0, 17, 30, 29003 }, // U+20AC
    { 14, 17, 210, 0, 17, 30, 29033 }, // U+20AD
    { 13, 17, 210, 0, 17, 28, 29063 }, // U+20AE
    { 23, 23, 370, 0, 17, 67, 29091 }, // U+20AF
    { 13, 23, 224, 0, 17, 38, 29158 }, // U+20B0
    { 13, 17, 210, 0, 17, 28, 29196 }, // U+20B1
    { 14, 20, 269, 1, 18, 35, 29224 }, // U+20B2
    { 15, 17, 238, 0, 17, 32, 29259 }, // U+20B3
    { 13, 18, 210, 0, 17, 30, 29291 }, // U+20B4
    { 13, 20, 234, 1, 18, 33, 29321 }, // U+20B5
    { 16, 17, 255, 0, 16, 34, 29354 }, // U+20B6
    { 16, 19, 268, 0, 17, 38, 29388 }, // U+20B7
    { 13, 17, 210, 0, 17, 28, 29426 }, // U+20B8
    { 11, 17, 210, 1, 17, 24, 29454 }, // U+20B9
    { 13, 18, 210, 0, 17, 30, 29478 }, // U+20BA
    { 19, 18, 298, 0, 17, 43, 29508 }, // U+20BB
    { 18, 17, 321, 1, 17, 39, 29551 }, // U+20BC
    { 14, 17, 220, 0, 17, 30, 29590 }, // U+20BD
    { 16, 18, 289, 1, 18, 36, 29620 }, // U+20BE
    { 11, 22, 210, 2, 19, 31, 29656 }, // U+20BF
    { 12, 18, 192, 0, 13, 27, 29687 }, // U+20C0
    { 12, 4, 213, 1, 10, 6, 29714 }, // U+2212
    { 19, 18, 283, 0, 18, 43, 29720 }, // U+FB00
    { 15, 18, 251, 0, 18, 34, 29763 }, // U+FB01
    { 15, 18, 254, 0, 18, 34, 29797 }, // U+FB02
    { 24, 18, 393, 0, 18, 54, 29831 }, // U+FB03
    { 23, 18, 396, 0, 18, 52, 29885 }, // U+FB04
    { 17, 19, 287, 1, 18, 41, 29937 }, // U+FB05
    { 20, 19, 341, 1, 18, 48, 29978 }, // U+FB06
    { 22, 22, 367, 0, 18, 61, 30026 }, // U+FFFD
};

static const EpdUnicodeInterval sans11_boldIntervals[] = {
    { 0x0, 0x0, 0x0 },
    { 0xD, 0xD, 0x1 },
    { 0x20, 0x7E, 0x2 },
    { 0xA0, 0x17F, 0x61 },
    { 0x1A0, 0x1A1, 0x141 },
    { 0x1AF, 0x1B0, 0x143 },
    { 0x1C4, 0x21F, 0x145 },
    { 0x300, 0x36F, 0x1A1 },
    { 0x400, 0x4FF, 0x211 },
    { 0x1EA0, 0x1EF9, 0x311 },
    { 0x2000, 0x2064, 0x36B },
    { 0x2066, 0x2071, 0x3D0 },
    { 0x2074, 0x208E, 0x3DC },
    { 0x2090, 0x209C, 0x3F7 },
    { 0x20A0, 0x20C0, 0x404 },
    { 0x2212, 0x2212, 0x425 },
    { 0xFB00, 0xFB06, 0x426 },
    { 0xFFFD, 0xFFFD, 0x42D },
};

static const uint16_t sans11_boldKernLeftCodepoints[] = {
    0x0022, 0x0026, 0x0027, 0x0028, 0x002C, 0x002D, 0x002E, 0x003A, 0x0041, 0x0042, 0x0043, 0x0044,
    0x0045, 0x0046, 0x004B, 0x004C, 0x004F, 0x0050, 0x0051, 0x0052, 0x0054, 0x0055, 0x0056, 0x0057,
    0x0058, 0x0059, 0x005A, 0x005B, 0x005F, 0x0061, 0x0062, 0x0063, 0x0065, 0x0066, 0x0068, 0x006D,
    0x006E, 0x006F, 0x0070, 0x0072, 0x0074, 0x0076, 0x0077, 0x0078, 0x0079, 0x007B, 0x00A1, 0x00AB,
    0x00BB, 0x00BF, 0x00C0, 0x00C1, 0x00C2, 0x00C3, 0x00C4, 0x00C5, 0x00C6, 0x00C7, 0x00C8, 0x00C9,
    0x00CA, 0x00CB, 0x00D0, 0x00D2, 0x00D3, 0x00D4, 0x00D5, 0x00D6, 0x00D8, 0x00D9, 0x00DA, 0x00DB,
    0x00DC, 0x00DD, 0x00DE, 0x00E0, 0x00E1, 0x00E2, 0x00E3, 0x00E4, 0x00E5, 0x00E6, 0x00E8, 0x00E9,
    0x00EA, 0x00EB, 0x00EE, 0x00EF, 0x00F0, 0x00F2, 0x00F3, 0x00F4, 0x00F5, 0x00F6, 0x00F8, 0x00FD,
    0x00FE, 0x00FF, 0x0100, 0x0101, 0x0102, 0x0103, 0x0104, 0x0105, 0x0106, 0x0108, 0x010A, 0x010C,
    0x010E, 0x010F, 0x0110, 0x0112, 0x0113, 0x0114, 0x0115, 0x0116, 0x0117, 0x0118, 0x0119, 0x011A,
    0x011B, 0x0125, 0x0129, 0x012B, 0x012E, 0x0136, 0x0138, 0x0139, 0x013B, 0x013D, 0x013E, 0x013F,
    0x0141, 0x0144, 0x0146, 0x0149, 0x014B, 0x014C, 0x014D, 0x014E, 0x014F, 0x0150, 0x0151, 0x0152,
    0x0153, 0x0155, 0x0157, 0x0159, 0x0162, 0x0163, 0x0164, 0x0165, 0x0166, 0x0167, 0x0168, 0x016A,
    0x016C, 0x016E, 0x0170, 0x0172, 0x0174, 0x0175, 0x0176, 0x0177, 0x0178, 0x0179, 0x017B, 0x017D,
    0x01A0, 0x01A1, 0x01AF, 0x01B0, 0x01FA, 0x01FB, 0x01FC, 0x01FD, 0x01FE, 0x020B, 0x021A, 0x021B,
    0x0400, 0x0401, 0x0402, 0x0403, 0x0404, 0x0405, 0x0409, 0x040A, 0x040B, 0x040C, 0x040E, 0x0410,
    0x0411, 0x0412, 0x0413, 0x0414, 0x0415, 0x0416, 0x0417, 0x041A, 0x041E, 0x0420, 0x0421, 0x0422,
    0x0423, 0x0424, 0x0425, 0x0426, 0x0429, 0x042A, 0x042C, 0x042D, 0x042E, 0x0430, 0x0431, 0x0432,
    0x0433, 0x0434, 0x0435, 0x0436, 0x0437, 0x0438, 0x0439, 0x043A, 0x043B, 0x043C, 0x043D, 0x043E,
    0x043F, 0x0440, 0x0441, 0x0442, 0x0443, 0x0444, 0x0445, 0x0446, 0x0447, 0x0448, 0x0449, 0x044A,
    0x044B, 0x044C, 0x044D, 0x044E, 0x044F, 0x0450, 0x0451, 0x0452, 0x0453, 0x0454, 0x0455, 0x0457,
    0x0458, 0x0459, 0x045A, 0x045B, 0x045C, 0x045D, 0x045E, 0x045F, 0x0460, 0x0461, 0x0462, 0x0463,
    0x0464, 0x0465, 0x0466, 0x0467, 0x0468, 0x0469, 0x046E, 0x0471, 0x0472, 0x0473, 0x0474, 0x0475,
    0x0476, 0x0477, 0x0478, 0x0479, 0x047A, 0x047B, 0x047C, 0x047D, 0x047E, 0x047F, 0x0480, 0x048A,
    0x048B, 0x048C, 0x048D, 0x048E, 0x048F, 0x0490, 0x0491, 0x0492, 0x0493, 0x0496, 0x0497, 0x0498,
    0x0499, 0x049A, 0x049B, 0x049C, 0x049D, 0x049E, 0x049F, 0x04A0, 0x04A1, 0x04A2, 0x04A3, 0x04A4,
    0x04A5, 0x04A9, 0x04AA, 0x04AB, 0x04AC, 0x04AD, 0x04AE, 0x04AF, 0x04B0, 0x04B1, 0x04B2, 0x04B3,
    0x04B4, 0x04B5, 0x04B6, 0x04B7, 0x04BC, 0x04BD, 0x04BE, 0x04BF, 0x04C1, 0x04C2, 0x04C5, 0x04C6,
    0x04C9, 0x04CA, 0x04CD, 0x04CE, 0x04D0, 0x04D1, 0x04D2, 0x04D3, 0x04D4, 0x04D5, 0x04D6, 0x04D7,
    0x04D8, 0x04D9, 0x04DA, 0x04DB, 0x04DC, 0x04DD, 0x04DE, 0x04DF, 0x04E3, 0x04E5, 0x04E6, 0x04E7,
    0x04E8, 0x04E9, 0x04EA, 0x04EB, 0x04EC, 0x04ED, 0x04EE, 0x04EF, 0x04F0, 0x04F1, 0x04F2, 0x04F3,
    0x04F5, 0x04F6, 0x04F7, 0x04F9, 0x04FA, 0x04FB, 0x04FC, 0x04FD, 0x04FE, 0x04FF, 0x1EA0, 0x1EA1,
    0x1EA2, 0x1EA3, 0x1EA4, 0x1EA5, 0x1EA6, 0x1EA7, 0x1EA8, 0x1EA9, 0x1EAA, 0x1EAB, 0x1EAC, 0x1EAD,
    0x1EAE, 0x1EAF, 0x1EB0, 0x1EB1, 0x1EB2, 0x1EB3, 0x1EB4, 0x1EB5, 0x1EB6, 0x1EB7, 0x1EB8, 0x1EB9,
    0x1EBA, 0x1EBB, 0x1EBC, 0x1EBD, 0x1EBE, 0x1EBF, 0x1EC0, 0x1EC1, 0x1EC2, 0x1EC3, 0x1EC4, 0x1EC5,
    0x1EC6, 0x1EC7, 0x1ECC, 0x1ECD, 0x1ECE, 0x1ECF, 0x1ED0, 0x1ED1, 0x1ED2, 0x1ED3, 0x1ED4, 0x1ED5,
    0x1ED6, 0x1ED7, 0x1ED8, 0x1ED9, 0x1EDA, 0x1EDB, 0x1EDC, 0x1EDD, 0x1EDE, 0x1EDF, 0x1EE0, 0x1EE1,
    0x1EE2, 0x1EE3, 0x1EE4, 0x1EE6, 0x1EE8, 0x1EE9, 0x1EEA, 0x1EEB, 0x1EEC, 0x1EED, 0x1EEE, 0x1EEF,
    0x1EF0, 0x1EF1, 0x1EF2, 0x1EF3, 0x1EF4, 0x1EF5, 0x1EF6, 0x1EF7, 0x1EF8, 0x1EF9, 0x2013, 0x2014,
    0x2015, 0x2018, 0x2019, 0x201A, 0x201C, 0x201D, 0x201E, 0x2039, 0x203A, 0xFB00,
};

static const uint8_t sans11_boldKernLeftClassIds[] = {
      1,   2,   1,   3,   4,   5,   4,   6,   7,   8,   9,  10,  11,  12,   9,  13,
     10,  14,  10,  15,  16,  17,  18,  18,   9,  19,  20,   3,  21,  22,  23,  24,
     23,  25,  22,  22,  22,  23,  23,  26,  24,  27,  27,  28,  27,   3,  29,  30,
     31,  32,   7,   7,   7,   7,   7,   7,  11,   9,  11,  11,  11,  11,  10,  10,
     10,  10,  10,  10,  10,  17,  17,  17,  17,  19,  14,  22,  22,  22,  22,  22,
     22,  23,  23,  23,  23,  23,  33,  33,  23,  23,  23,  23,  23,  23,  23,  27,
     23,  27,   7,  22,   7,  22,  34,  22,   9,   9,   9,   9,  10,  35,  10,  11,
     23,  11,  23,  11,  23,  11,  23,  11,  23,  22,  36,  33,  37,   9,  28,  13,
     13,  13,  35,  13,  13,  22,  22,  22,  22,  10,  23,  10,  23,  10,  23,  11,
     23,  26,  26,  26,  16,  24,  16,  38,  16,  24,  17,  17,  17,  17,  17,  17,
     18,  27,  19,  27,  19,  20,  20,  20,  39,  40,  41,  42,   7,  22,  11,  23,
     10,  33,  16,  24,  43,  43,  44,  45,  46,  47,  48,  48,  44,  49,  50,  51,
     52,  53,  45,  54,  43,  49,  53,  49,  55,  56,  46,  45,  50,  57,  49,  54,
     54,  48,  48,  55,  55,  58,  59,  60,  61,  62,  63,  64,  60,  65,  65,  64,
     65,  65,  65,  63,  65,  63,  66,  61,  67,  63,  64,  62,  65,  65,  62,  68,
     65,  68,  63,  63,  65,  63,  63,  69,  70,  66,  71,  72,  73,  68,  68,  74,
     64,  65,  67,  65,  55,  75,  76,  68,  46,  66,  51,  77,  51,  77,  78,  63,
     55,  63,  50,  75,  50,  75,  67,  67,  55,  63,  55,  63,  55,  75,  46,  54,
     62,  76,  68,  56,  63,  79,  80,  81,  82,  83,  84,  78,  60,  83,  84,  49,
     64,  49,  64,  49,  64,  54,  62,  81,  80,  63,  46,  66,  79,  80,  85,  86,
     85,  86,  83,  84,  54,  62,  54,  62,  87,  88,  87,  88,  49,  64,  54,  62,
     54,  62,  54,  62,  51,  58,  51,  58,  43,  88,  43,  88,  55,  63,  55,  63,
     49,  64,  78,  60,  65,  65,  55,  63,  55,  63,  55,  63,  55,  63,  50,  67,
     50,  67,  50,  67,  65,  79,  80,  65,  81,  82,  83,  84,  49,  84,   7,  22,
      7,  22,   7,  22,   7,  22,   7,  22,   7,  22,   7,  22,   7,  22,   7,  22,
      7,  22,   7,  22,   7,  22,  11,  23,  11,  23,  11,  23,  11,  23,  11,  23,
     11,  23,  11,  23,  11,  23,  10,  23,  10,  23,  10,  23,  10,  23,  10,  23,
     10,  23,  10,  23,  39,  40,  39,  40,  39,  40,  39,  40,  39,  40,  17,  17,
     41,  42,  41,  42,  41,  42,  41,  42,  41,  42,  19,  27,  19,  27,  19,  27,
     19,  27,   5,   5,   5,   1,   1,   4,   1,   1,   4,  30,  31,  25,
};

static const uint16_t sans11_boldKernRightCodepoints[] = {
    0x0021, 0x0022, 0x0026, 0x0027, 0x0029, 0x002C, 0x002D, 0x002E, 0x003A, 0x003B, 0x003F, 0x0041,
    0x0043, 0x0047, 0x0049, 0x004A, 0x004F, 0x0051, 0x0054, 0x0055, 0x0056, 0x0057, 0x0058, 0x0059,
    0x005A, 0x005D, 0x0061, 0x0062, 0x0063, 0x0064, 0x0065, 0x0066, 0x0067, 0x0068, 0x006A, 0x006B,
    0x006C, 0x006D, 0x006E, 0x006F, 0x0070, 0x0071, 0x0072, 0x0073, 0x0074, 0x0075, 0x0076, 0x0077,
    0x0078, 0x0079, 0x007A, 0x007D, 0x00AB, 0x00BB, 0x00C0, 0x00C1, 0x00C2, 0x00C3, 0x00C4, 0x00C5,
    0x00C6, 0x00C7, 0x00D2, 0x00D3, 0x00D4, 0x00D5, 0x00D6, 0x00D8, 0x00D9, 0x00DA, 0x00DB, 0x00DC,
    0x00DD, 0x00E0, 0x00E1, 0x00E2, 0x00E3, 0x00E4, 0x00E5, 0x00E6, 0x00E7, 0x00E8, 0x00E9, 0x00EA,
    0x00EB, 0x00F2, 0x00F3, 0x00F4, 0x00F5, 0x00F6, 0x00F8, 0x00F9, 0x00FA, 0x00FB, 0x00FC, 0x00FD,
    0x00FE, 0x00FF, 0x0100, 0x0101, 0x0102, 0x0103, 0x0104, 0x0105, 0x0106, 0x0107, 0x0108, 0x0109,
    0x010A, 0x010B, 0x010C, 0x010D, 0x010F, 0x0111, 0x0113, 0x0115, 0x0117, 0x0119, 0x011B, 0x011C,
    0x011D, 0x011E, 0x011F, 0x0120, 0x0121, 0x0122, 0x0123, 0x0125, 0x0127, 0x0129, 0x0137, 0x0138,
    0x013A, 0x013C, 0x013E, 0x0140, 0x0144, 0x0146, 0x014B, 0x014C, 0x014D, 0x014E, 0x014F, 0x0150,
    0x0151, 0x0152, 0x0153, 0x0155, 0x0157, 0x015B, 0x015F, 0x0162, 0x0163, 0x0164, 0x0165, 0x0166,
    0x0167, 0x0168, 0x0169, 0x016A, 0x016B, 0x016C, 0x016D, 0x016E, 0x016F, 0x0170, 0x0171, 0x0172,
    0x0173, 0x0174, 0x0175, 0x0176, 0x0177, 0x0178, 0x0179, 0x017A, 0x017B, 0x017C, 0x017D, 0x017E,
    0x01A0, 0x01A1, 0x01AF, 0x01B0, 0x01FA, 0x01FB, 0x01FC, 0x01FD, 0x01FE, 0x01FF, 0x0219, 0x021A,
    0x021B, 0x0402, 0x0404, 0x0405, 0x0408, 0x0409, 0x040B, 0x040E, 0x0410, 0x0414, 0x0416, 0x0417,
    0x041B, 0x041E, 0x0421, 0x0422, 0x0423, 0x0424, 0x0425, 0x0427, 0x042A, 0x042D, 0x042F, 0x0430,
    0x0431, 0x0432, 0x0433, 0x0434, 0x0435, 0x0436, 0x0437, 0x0438, 0x0439, 0x043A, 0x043B, 0x043C,
    0x043D, 0x043E, 0x043F, 0x0440, 0x0441, 0x0442, 0x0443, 0x0444, 0x0445, 0x0446, 0x0447, 0x0448,
    0x0449, 0x044A, 0x044B, 0x044C, 0x044D, 0x044E, 0x044F, 0x0450, 0x0451, 0x0452, 0x0453, 0x0454,
    0x0455, 0x0457, 0x0458, 0x0459, 0x045A, 0x045B, 0x045C, 0x045D, 0x045E, 0x045F, 0x0460, 0x0461,
    0x0462, 0x0465, 0x0466, 0x0467, 0x0469, 0x046D, 0x046E, 0x0470, 0x0472, 0x0473, 0x0474, 0x0475,
    0x0476, 0x0477, 0x0478, 0x0479, 0x047A, 0x047B, 0x047C, 0x047D, 0x047E, 0x047F, 0x0480, 0x0481,
    0x048B, 0x048C, 0x048D, 0x048F, 0x0491, 0x0492, 0x0495, 0x0496, 0x0497, 0x0498, 0x0499, 0x049B,
    0x049D, 0x049F, 0x04A0, 0x04A1, 0x04A3, 0x04A5, 0x04A7, 0x04A8, 0x04A9, 0x04AA, 0x04AB, 0x04AC,
    0x04AD, 0x04AE, 0x04AF, 0x04B0, 0x04B1, 0x04B2, 0x04B3, 0x04B4, 0x04B5, 0x04B6, 0x04B7, 0x04B8,
    0x04B9, 0x04BB, 0x04BC, 0x04BD, 0x04BE, 0x04BF, 0x04C1, 0x04C2, 0x04C4, 0x04C5, 0x04C6, 0x04C8,
    0x04CA, 0x04CB, 0x04CC, 0x04CE, 0x04D0, 0x04D1, 0x04D2, 0x04D3, 0x04D4, 0x04D5, 0x04D7, 0x04D8,
    0x04D9, 0x04DA, 0x04DB, 0x04DC, 0x04DD, 0x04DE, 0x04DF, 0x04E3, 0x04E5, 0x04E6, 0x04E7, 0x04E8,
    0x04E9, 0x04EA, 0x04EB, 0x04EC, 0x04ED, 0x04EE, 0x04EF, 0x04F0, 0x04F1, 0x04F2, 0x04F3, 0x04F4,
    0x04F5, 0x04F7, 0x04F9, 0x04FA, 0x04FC, 0x04FD, 0x04FE, 0x04FF, 0x1EA0, 0x1EA1, 0x1EA2, 0x1EA3,
    0x1EA4, 0x1EA5, 0x1EA6, 0x1EA7, 0x1EA8, 0x1EA9, 0x1EAA, 0x1EAB, 0x1EAC, 0x1EAD, 0x1EAE, 0x1EAF,
    0x1EB0, 0x1EB1, 0x1EB2, 0x1EB3, 0x1EB4, 0x1EB5, 0x1EB6, 0x1EB7, 0x1EB9, 0x1EBB, 0x1EBD, 0x1EBF,
    0x1EC1, 0x1EC3, 0x1EC5, 0x1EC7, 0x1ECC, 0x1ECD, 0x1ECE, 0x1ECF, 0x1ED0, 0x1ED1, 0x1ED2, 0x1ED3,
    0x1ED4, 0x1ED5, 0x1ED6, 0x1ED7, 0x1ED8, 0x1ED9, 0x1EDA, 0x1EDB, 0x1EDC, 0x1EDD, 0x1EDE, 0x1EDF,
    0x1EE0, 0x1EE1, 0x1EE2, 0x1EE3, 0x1EE4, 0x1EE5, 0x1EE6, 0x1EE7, 0x1EE8, 0x1EE9, 0x1EEA, 0x1EEB,
    0x1EEC, 0x1EED, 0x1EEE, 0x1EEF, 0x1EF0, 0x1EF1, 0x1EF2, 0x1EF4, 0x1EF5, 0x1EF6, 0x1EF7, 0x1EF8,
    0x1EF9, 0x2013, 0x2014, 0x2015, 0x2018, 0x2019, 0x201A, 0x201C, 0x201D, 0x201E, 0x2026, 0x2039,
    0x203A, 0xFB00, 0xFB01, 0xFB02, 0xFB03, 0xFB04,
};

static const uint8_t sans11_boldKernRightClassIds[] = {
      1,   2,   3,   2,   4,   5,   6,   5,   7,   7,   8,   9,  10,  10,  11,  12,
     10,  10,  13,  14,  15,  15,  16,  17,  18,   4,  19,  20,  21,  21,  21,  22,
     23,  20,  24,  20,  20,  25,  25,  21,  25,  21,  25,  26,  22,  25,  27,  27,
     27,  27,  28,   4,  29,  30,   9,   9,   9,   9,   9,   9,  31,  10,  10,  10,
     10,  10,  10,  10,  14,  14,  14,  14,  17,  21,  19,  19,  19,  19,  19,  19,
     21,  21,  21,  21,  21,  21,  21,  21,  21,  21,  21,  25,  25,  25,  25,  27,
     20,  27,   9,  19,   9,  19,   9,  19,  10,  21,  10,  21,  10,  21,  10,  21,
     21,  21,  21,  21,  21,  21,  21,  10,  23,  10,  23,  10,  23,  10,  23,  20,
     32,  33,  20,  25,  20,  20,  20,  20,  25,  25,  25,  10,  21,  10,  21,  10,
     21,  10,  21,  25,  25,  26,  26,  13,  22,  13,  22,  13,  22,  14,  25,  14,
     25,  14,  25,  14,  25,  14,  25,  14,  25,  15,  27,  17,  27,  17,  18,  28,
     18,  28,  18,  28,  10,  21,  14,  25,   9,  19,  31,  19,  10,  21,  26,  13,
     22,  34,  35,  36,  37,  38,  34,  39,  40,  41,  42,  43,  38,  35,  35,  34,
     39,  44,  42,  45,  34,  43,  46,  47,  48,  49,  49,  50,  51,  52,  53,  49,
     49,  49,  54,  49,  49,  51,  49,  49,  51,  55,  56,  51,  52,  49,  57,  49,
     49,  55,  49,  49,  53,  49,  58,  51,  51,  59,  49,  51,  60,  61,  62,  54,
     49,  59,  49,  49,  56,  49,  63,  64,  65,  66,  40,  50,  66,  66,  43,  45,
     63,  47,  67,  64,  67,  64,  63,  47,  63,  47,  63,  47,  63,  64,  63,  47,
     66,  65,  59,  66,  66,  65,  66,  42,  52,  43,  53,  66,  66,  59,  68,  55,
     66,  66,  66,  63,  47,  63,  47,  34,  55,  69,  70,  69,  70,  42,  52,  68,
     55,  45,  57,  45,  57,  66,  71,  72,  71,  72,  42,  52,  66,  73,  50,  66,
     66,  45,  57,  66,  40,  74,  40,  74,  40,  74,  47,  75,  74,  75,  74,  42,
     52,  43,  53,  49,  49,  63,  47,  63,  47,  63,  47,  43,  53,  39,  56,  39,
     56,  39,  56,  45,  57,  66,  49,  65,  42,  52,  42,  52,   9,  19,   9,  19,
      9,  19,   9,  19,   9,  19,   9,  19,   9,  19,   9,  19,   9,  19,   9,  19,
      9,  19,   9,  19,  21,  21,  21,  21,  21,  21,  21,  21,  10,  21,  10,  21,
     10,  21,  10,  21,  10,  21,  10,  21,  10,  21,  10,  21,  10,  21,  10,  21,
     10,  21,  10,  21,  14,  25,  14,  25,  14,  25,  14,  25,  14,  25,  14,  25,
     14,  25,  17,  17,  27,  17,  27,  17,  27,   6,   6,   6,  76,   2,   5,  76,
      2,   5,   5,  29,  30,  22,  22,  22,  22,  22,
};

static const uint16_t sans11_boldKernRowOffsets[] = {
        0,    29,    32,    37,    54,    61,    66,    72,    73,    75,    82,    83,    87,    93,   100,   101,
      117,   119,   130,   143,   145,   146,   147,   150,   151,   154,   159,   162,   163,   167,   173,   182,
      186,   187,   193,   200,   202,   203,   208,   214,   217,   227,   230,   231,   244,   269,   275,   277,
      288,   303,   332,   351,   353,   357,   369,   385,   402,   420,   426,   438,   446,   457,   469,   481,
      493,   495,   499,   511,   529,   535,   549,   553,   557,   559,   564,   566,   573,   581,   584,   609,
      616,   632,   635,   640,   642,   654,   656,   659,   662,
};

static const uint8_t sans11_boldKernSparseCols[] = {
      8,  12,  14,  16,  18,  20,  22,  24,  25,  30,  32,  33,  37,  38,  39,  40,
     41,  43,  46,  49,  52,  53,  54,  55,  58,  60,  67,  72,  73,  12,  14,  16,
     11,  23,  36,  43,  61,   9,  12,  13,  14,  16,  33,  36,  38,  43,  44,  54,
     56,  62,  66,  67,  68,  70,  12,  33,  38,  41,  51,  54,  67,  33,  41,  43,
     44,  56,   1,   9,  11,  12,  14,  16,   4,   9,  28,   4,   8,  12,  14,  15,
     16,  17,  11,   3,   4,   7,   8,   1,   9,  12,  13,  14,  16,   2,   4,   8,
     15,  17,  28,  30,  28,   2,   4,   5,   7,   8,   9,  12,  18,  20,  22,  24,
     25,  26,  27,  28,  29,   4,   8,   4,   7,   8,   9,  18,  20,  22,  24,  25,
     28,  29,   2,   4,   7,   8,   9,  18,  20,  22,  24,  25,  27,  28,  29,   9,
     28,  11,   1,   1,  26,  27,   1,   1,   3,   4,   1,   4,  18,  20,  22,   1,
      4,   7,  20,  11,  12,  14,  16,  12,  14,  16,  33,  39,  67,  12,  14,  15,
     16,  33,  38,  41,  44,  67,  11,  12,  14,  16,   3,   1,   9,  11,  12,  14,
     16,   0,   1,   3,   7,  19,  31,  75,   3,  32,  11,   0,   1,   3,   7,  75,
      8,  10,  12,  14,  15,  16,  19,  21,  26,   8,   9,  10,  12,  14,  15,  16,
     18,  20,  22,  19,  21,  26,  36,   1,  33,  38,  44,  54,  55,  56,  64,  66,
     67,  68,  69,  75,   1,   4,   5,   6,  29,  33,  34,  37,  39,  40,  43,  46,
     47,  48,  49,  50,  51,  52,  53,  54,  55,  56,  57,  59,  67,  28,  34,  43,
     56,  62,  70,   4,  43,   1,   4,  33,  38,  44,  51,  54,  55,  57,  67,  75,
      1,   5,   6,  28,  34,  43,  44,  46,  47,  50,  54,  55,  56,  62,  70,   1,
      4,   5,   6,  28,  29,  34,  35,  37,  39,  40,  43,  45,  46,  47,  48,  49,
     50,  51,  52,  53,  56,  57,  58,  59,  62,  70,  71,  72,   1,  29,  33,  34,
     36,  38,  43,  44,  50,  54,  55,  56,  64,  66,  67,  68,  70,  74,  75,  51,
     55,   3,  51,  56,  57,   4,  36,  37,  40,  43,  44,  49,  53,  54,  55,  56,
     61,   4,  33,  37,  38,  39,  40,  41,  42,  49,  51,  53,  57,  66,  67,  68,
     72,   4,   5,   6,  28,  29,  37,  38,  39,  40,  41,  43,  46,  49,  50,  53,
     57,  72,   1,   3,   4,   6,  33,  35,  37,  38,  39,  40,  41,  42,  45,  49,
     51,  53,  57,  67,   1,  33,  38,  51,  54,  55,   1,  33,  38,  39,  41,  45,
     49,  51,  54,  55,  56,  57,   3,  33,  38,  41,  45,  51,  54,  55,   1,   4,
      5,  37,  39,  40,  41,  49,  50,  53,  75,   1,   4,  33,  36,  37,  40,  44,
     49,  53,  54,  56,  61,   1,  33,  38,  39,  41,  45,  49,  51,  54,  55,  56,
     57,   5,  33,  34,  38,  43,  44,  46,  50,  56,  57,  71,  75,  33,  58,   1,
     33,  50,  57,   1,   4,  37,  39,  40,  41,  46,  49,  50,  53,  57,  75,   1,
      6,  33,  38,  39,  41,  43,  44,  45,  51,  54,  55,  56,  57,  63,  69,  71,
     75,   1,  33,  36,  54,  55,  61,   1,   4,   5,  37,  38,  39,  40,  41,  49,
     50,  53,  58,  60,  75,  33,  38,  45,  57,   1,  33,  58,  60,  36,  61,   1,
     33,  36,  54,  55,   4,  49,   1,  33,  44,  54,  66,  67,  68,   1,  46,  54,
     55,  56,  63,  69,  71,   4,  66,  68,   4,   5,  28,  29,  33,  34,  37,  39,
     40,  43,  46,  49,  51,  52,  54,  55,  56,  62,  63,  65,  69,  70,  71,  72,
     73,   4,   5,  39,  46,  49,  50,  53,   4,   5,  33,  39,  46,  49,  51,  52,
     56,  58,  62,  65,  67,  70,  71,  72,   4,  46,  49,  54,  56,  62,  70,  71,
     46,  56,   4,  39,  46,  49,  56,  58,  62,  65,  71,  72,  73,  74,   4,  49,
     33,  66,  68,   1,  51,  55,
};

static const int8_t sans11_boldKernSparseValues[] = {
     -26,    7,    7,    4,  -15,  -22,  -11,  -11,  -11,  -29,   26,    7,  -11,    7,  -26,  -22,
       7,   -4,  -15,  -26,    7,  -18,   11,    7,   11,   11,    7,  -22,   -7,  -22,   -7,  -11,
      33,   15,   37,  -11,   22,  -18,  -26,   -7,  -22,  -22,  -18,   22,   -7,  -15,  -29,  -15,
     -22,  -18,  -22,  -26,  -22,  -22,  -15,  -15,   -7,   -4,   -4,   -7,  -15,   -4,   -1,   -1,
      -1,   -1,  -26,   -7,   18,  -26,  -15,  -22,   -4,   -7,   -7,  -15,   -7,  -11,   -4,   -7,
      -4,   -4,   22,    7,  -22,    7,   -7,  -29,   -7,   -7,   -4,   -7,  -11,   -4,  -48,  -18,
      -7,   -4,   -7,  -11,   -4,   -7,  -22,  -15,    7,  -26,   -7,    7,  -29,  -26,  -26,  -18,
     -22,   -7,  -15,  -22,  -11,   -7,   -4,  -18,    7,  -15,   -4,   -7,   -7,   -4,   -4,   -4,
     -11,   -4,  -11,  -22,    7,  -22,   -7,  -18,  -18,  -18,  -11,  -15,   -7,  -29,  -11,   -4,
      -7,   35,   -4,   -4,   -7,   -4,    7,   22,   15,   -7,   15,  -59,   -7,   -7,   -4,   15,
     -15,    7,   -7,   18,   -7,   -4,  -11,  -11,   -4,  -11,  -11,   -4,   -4,  -22,  -11,   -7,
     -29,  -22,   -7,   -7,   -7,  -15,   37,  -15,  -11,  -15,   18,  -26,   -7,   40,  -26,  -15,
     -22,   43,   38,   53,   49,   11,   26,   34,   18,   43,   18,   48,   49,   60,   51,   34,
      -7,    7,   22,   26,   18,   22,    7,   15,   18,  -11,   -4,    7,   26,   26,   18,   22,
     -11,   -7,   -7,    7,   18,   18,   18,  -26,  -18,   -7,  -11,   -7,   -7,   -7,   -7,  -15,
     -22,  -18,   -7,  -11,    7,  -18,  -15,  -11,  -11,    7,   -7,   -9,  -26,   -9,  -13,  -15,
      -7,  -11,  -15,  -15,   -4,   -4,  -11,   -4,   -3,  -11,  -15,   -7,    4,   -7,   -7,  -11,
      -7,   -7,   -7,   -7,   -4,  -33,   -4,  -22,   -7,  -11,   -7,   -7,   -7,   -7,  -11,  -22,
       7,   -4,   -4,   -7,   -7,  -15,   -4,   -4,   -7,   -7,   -4,   -4,   -7,   -7,  -18,    7,
     -26,   -7,   -4,  -18,   -7,  -15,   -7,  -29,  -44,  -39,  -11,  -13,  -18,  -15,   -4,  -34,
     -26,  -11,   -7,  -18,   -7,  -18,   18,  -11,   -4,   -7,  -11,  -18,  -26,   -4,  -26,   -7,
      18,   -7,  -13,  -22,   -4,  -11,   -7,  -11,   -7,  -15,  -18,  -22,  -18,   -4,  -15,   -4,
      -4,   -4,   -4,   -6,   -4,   11,   33,   11,   15,   -4,   -9,   11,   11,   -4,   11,   -7,
      26,  -15,   -7,   -4,  -15,   -7,   -4,   -7,   -4,   -4,   -6,   -4,   -4,   -4,   -4,   -4,
      -7,  -48,   -4,   -4,   -7,   -4,  -22,   -7,  -18,  -22,   -7,   -4,   -9,  -18,   -4,  -15,
      -4,  -22,   -4,   -4,  -15,   -4,  -13,   -4,   -7,  -11,  -13,  -11,  -15,  -11,   -4,   -9,
      -6,   -6,   -4,   -7,   -4,  -15,  -12,   -7,   -4,   -4,   -2,  -22,  -14,   -4,  -11,   -7,
      -4,   -7,   -4,  -11,   -4,   -4,   -1,  -11,   -4,   -4,   -4,   -7,   -4,   -4,   11,  -15,
      -7,   -7,  -11,  -11,   -4,  -15,   -4,  -11,   15,   -4,    7,  -11,   37,    7,   11,   -6,
       7,    9,   -6,  -11,   22,   -2,  -15,  -14,   -4,   -7,   -7,   -4,   -7,   -4,  -11,   -4,
      -4,   -4,   -4,   -6,   -4,   -6,   -4,   -7,   -7,   -7,   -4,   -7,   11,  -11,   -1,    7,
      -7,   -4,   -4,    7,  -15,   -7,   -7,  -11,   -4,   -4,  -18,  -11,  -18,  -11,   15,  -29,
      -4,  -22,   -7,   -4,   -4,   -4,  -26,   -7,   -7,  -22,  -16,  -15,   -7,   -7,  -11,   -7,
     -11,   -4,  -15,   29,  -11,  -18,    7,   11,  -15,   -7,   -7,    9,  -11,  -11,   -4,  -15,
      -4,  -11,    9,    9,   15,   -7,  -11,   -4,   -7,   11,    7,   15,    6,   11,    7,   -4,
     -15,   15,  -11,  -18,  -15,   -7,  -15,  -15,  -15,   -7,  -11,   -7,  -11,  -26,   -7,  -18,
     -11,  -11,   -7,   -7,   -7,  -15,   -4,   -4,  -22,  -15,  -22,  -11,    7,   -7,  -15,  -26,
     -18,  -11,  -26,  -22,   -7,   -7,  -15,  -15,  -18,   -7,   -7,  -18,  -15,  -18,  -26,  -18,
     -29,  -18,   -7,  -11,   -4,  -15,   -4,  -11,  -18,   -7,    7,  -22,  -15,  -18,   -7,   -7,
     -18,    7,   -7,  -11,    7,   -7,  -11,  -15,  -11,   -7,  -11,   -7,  -18,   -7,  -18,   -7,
      -4,   -4,  -22,  -22,  -18,  -18,  -15,    7,   -7,  -11,  -15,  -15,  -15,   -4,  -15,   -4,
      -7,   -4,   -4,   -4,   -7,   -4,
};

static const EpdLigaturePair sans11_boldLigaturePairs[] = {
    { 0x00660066, 0xFB00 }, // f f -> U+FB00
    { 0x00660069, 0xFB01 }, // f i -> U+FB01
    { 0x0066006C, 0xFB02 }, // f l -> U+FB02
    { 0xFB000069, 0xFB03 }, // U+FB00 i -> U+FB03
    { 0xFB00006C, 0xFB04 }, // U+FB00 l -> U+FB04
};

static const EpdFontData sans11_bold = {
    sans11_boldBitmaps,
    sans11_boldGlyphs,
    sans11_boldIntervals,
    18,
    31,
    25,
    -7,
    false,
    nullptr,
    0,
    nullptr,
    nullptr,  // kernLeftClasses: built-in fonts use the split arrays below
    nullptr,  // kernRightClasses
    sans11_boldKernLeftCodepoints,
    sans11_boldKernLeftClassIds,
    sans11_boldKernRightCodepoints,
    sans11_boldKernRightClassIds,
    nullptr,  // kernMatrix: built-in fonts use the sparse form below
    sans11_boldKernRowOffsets,
    sans11_boldKernSparseCols,
    sans11_boldKernSparseValues,
    478,
    474,
    88,
    76,
    sans11_boldLigaturePairs,
    5,
};
