/**
 * generated by fontconvert.py
 * name: serif9_regular
 * size: 9
 * mode: 1-bit
 * Command used: fontconvert.py serif9_regular 9 /Users/agastyadehiya/Desktop/ereader/lib/EpdFont/builtinFonts/source/NotoSerif/NotoSerif-Regular.ttf --pnum --mono-threshold 4
 */
#pragma once
#include "EpdFontData.h"

static const uint8_t serif9_regularBitmaps[20419] = {
    0x66, 0x66, 0x66, 0x66, 0x66, 0x02, 0x66, 0x00, 0xCB, 0x7C, 0xF2, 0xC8, 0x00, 0x08, 0x81, 0x30,
    0x66, 0x0C, 0xC7, 0xFC, 0xFF, 0x84, 0xC1, 0x98, 0x33, 0x1F, 0xF8, 0xD8, 0x13, 0x02, 0x60, 0xCC,
    0x00, 0x00, 0x0C, 0x0F, 0x8F, 0xEF, 0xB7, 0xD1, 0xE0, 0xF0, 0x1E, 0x0F, 0x86, 0xDB, 0x6D, 0xB3,
    0xF0, 0x60, 0x30, 0x08, 0x00, 0x38, 0x10, 0x7C, 0x30, 0x66, 0x30, 0x66, 0x60, 0x66, 0x60, 0x66,
    0xC0, 0x66, 0xDE, 0x6F, 0xB3, 0x3D, 0xB3, 0x03, 0x33, 0x03, 0x33, 0x06, 0x33, 0x06, 0x33, 0x0C,
    0x1E, 0x00, 0x00, 0x0F, 0x00, 0x7E, 0x03, 0x18, 0x0C, 0x60, 0x39, 0x80, 0x7C, 0x01, 0xE3, 0x8F,
    0x9C, 0x67, 0x63, 0x8F, 0x8E, 0x1E, 0x18, 0x38, 0x71, 0xF0, 0xFC, 0xF0, 0x00, 0x00, 0xDB, 0x6C,
    0x00, 0x00, 0xCC, 0xC6, 0x73, 0x18, 0xC6, 0x31, 0x8E, 0x31, 0x86, 0x18, 0x00, 0x03, 0x07, 0x0C,
    0x18, 0x61, 0x87, 0x1C, 0x71, 0xC6, 0x18, 0x63, 0x0C, 0x60, 0x00, 0x08, 0x06, 0x1A, 0x4F, 0xE3,
    0xE3, 0xFD, 0x24, 0x18, 0x08, 0x0C, 0x06, 0x0F, 0xEF, 0xF0, 0xC0, 0x60, 0x30, 0x08, 0x00, 0x27,
    0x73, 0x6C, 0xFF, 0xE0, 0x5F, 0x80, 0x00, 0x20, 0x86, 0x18, 0x41, 0x0C, 0x30, 0x82, 0x18, 0x61,
    0x0C, 0x30, 0xC2, 0x00, 0x1C, 0x3F, 0x18, 0xDC, 0x7C, 0x3E, 0x0F, 0x07, 0x83, 0xC1, 0xE0, 0xF0,
    0xFC, 0x66, 0x31, 0xF0, 0x00, 0x0C, 0x0E, 0x1F, 0x1F, 0x81, 0xC0, 0xE0, 0x70, 0x38, 0x1C, 0x0E,
    0x07, 0x03, 0x81, 0xC3, 0xF8, 0x3C, 0x3F, 0x98, 0xCC, 0x60, 0x30, 0x18, 0x18, 0x0C, 0x0C, 0x0C,
    0x0C, 0x0C, 0x3F, 0xFF, 0xFC, 0x1C, 0x3F, 0x98, 0xEC, 0x70, 0x30, 0x18, 0x78, 0x3E, 0x03, 0x80,
    0xC0, 0x68, 0x3E, 0x33, 0xF0, 0x00, 0x03, 0x00, 0xE0, 0x1C, 0x05, 0x81, 0xB0, 0x26, 0x0C, 0xC3,
    0x18, 0x43, 0x1F, 0xFB, 0xFF, 0x01, 0x80, 0x30, 0x1F, 0x80, 0x3F, 0x1F, 0x98, 0x4C, 0x26, 0x03,
    0x01, 0xF8, 0x0E, 0x03, 0x80, 0xC0, 0x68, 0x76, 0x33, 0xF0, 0x00, 0x1E, 0x1F, 0x98, 0xDC, 0x2C,
    0x06, 0x03, 0xF9, 0xC6, 0xC3, 0xE1, 0xF0, 0xFC, 0x66, 0x31, 0xF0, 0x00, 0x7F, 0x9F, 0xE4, 0x19,
    0x06, 0x03, 0x00, 0xC0, 0x70, 0x18, 0x06, 0x03, 0x00, 0xC0, 0x30, 0x18, 0x06, 0x00, 0x1E, 0x0F,
    0xC7, 0x19, 0x86, 0x71, 0x8C, 0xE3, 0xE0, 0x7C, 0x73, 0x98, 0x76, 0x0D, 0x83, 0x71, 0x8F, 0xC0,
    0x00, 0x1E, 0x0F, 0xC7, 0x39, 0x86, 0x61, 0x98, 0x66, 0x1D, 0xFF, 0x3F, 0x80, 0x60, 0x18, 0x0E,
    0x63, 0x0F, 0x80, 0x00, 0x1F, 0xA0, 0x00, 0x5F, 0x80, 0x07, 0x72, 0x00, 0x00, 0x27, 0x73, 0x24,
    0x00, 0x01, 0xC3, 0xC7, 0x87, 0x07, 0x01, 0xE0, 0x3C, 0x07, 0x00, 0x80, 0x00, 0x7F, 0xC0, 0x00,
    0x0F, 0xF7, 0xF8, 0x00, 0x60, 0x1C, 0x03, 0x80, 0x70, 0x18, 0x38, 0x70, 0xE0, 0x60, 0x00, 0x3C,
    0x3F, 0xB8, 0xC8, 0x60, 0x30, 0x18, 0x18, 0x38, 0x18, 0x0C, 0x00, 0x03, 0x01, 0x80, 0xC0, 0x00,
    0x01, 0xE0, 0x07, 0xF8, 0x1C, 0x0C, 0x38, 0x06, 0x73, 0xF2, 0x67, 0x72, 0x6E, 0x63, 0xCC, 0x62,
    0xCC, 0x62, 0xCC, 0x66, 0xCC, 0xE6, 0xCF, 0xFC, 0xC7, 0x38, 0x60, 0x00, 0x70, 0x10, 0x3F, 0xF0,
    0x0F, 0xC0, 0x02, 0x00, 0x1C, 0x00, 0x70, 0x01, 0xE0, 0x0D, 0x80, 0x36, 0x01, 0x9C, 0x06, 0x30,
    0x1F, 0xE0, 0xFF, 0x83, 0x06, 0x08, 0x1C, 0x60, 0x73, 0xE3, 0xE0, 0x7F, 0x07, 0xFC, 0x38, 0xE3,
    0x8E, 0x38, 0xE3, 0x8C, 0x3F, 0x83, 0xFC, 0x38, 0xE3, 0x86, 0x38, 0x63, 0x86, 0x38, 0xE7, 0xFC,
    0x0F, 0x0F, 0xF7, 0x0D, 0x83, 0xE0, 0x38, 0x0C, 0x03, 0x00, 0xC0, 0x38, 0x0E, 0x01, 0x81, 0x79,
    0xC7, 0xE0, 0x00, 0x7F, 0x03, 0xFE, 0x0E, 0x18, 0x70, 0xE3, 0x83, 0x1C, 0x1C, 0xE0, 0xE7, 0x07,
    0x38, 0x39, 0xC1, 0xCE, 0x0C, 0x70, 0xE3, 0x8E, 0x3F, 0xE0, 0x7F, 0xCF, 0xF8, 0xE1, 0x1C, 0x23,
    0x80, 0x70, 0x0F, 0xE1, 0xFC, 0x38, 0x07, 0x00, 0xE0, 0x9C, 0x13, 0x86, 0xFF, 0xC0, 0x7F, 0xCF,
    0xF8, 0xE1, 0x1C, 0x23, 0x80, 0x70, 0x0E, 0x01, 0xFC, 0x38, 0x07, 0x00, 0xE0, 0x1C, 0x03, 0x80,
    0xFC, 0x00, 0x0F, 0x81, 0xFF, 0x1C, 0x38, 0xC0, 0xCE, 0x00, 0x70, 0x03, 0x00, 0x18, 0x00, 0xC1,
    0xF7, 0x07, 0x38, 0x18, 0xC0, 0xC3, 0x8E, 0x0F, 0xF0, 0x00, 0x00, 0x7C, 0x7C, 0xF8, 0xF8, 0xE0,
    0xE1, 0xC1, 0xC3, 0x83, 0x87, 0x07, 0x0F, 0xFE, 0x1F, 0xFC, 0x38, 0x38, 0x70, 0x70, 0xE0, 0xE1,
    0xC1, 0xC3, 0x83, 0x8F, 0x8F, 0x80, 0x7C, 0xF8, 0xE1, 0xC3, 0x87, 0x0E, 0x1C, 0x38, 0x70, 0xE1,
    0xC3, 0x8F, 0x80, 0x3E, 0x3E, 0x1C, 0x1C, 0x1C, 0x1C, 0x1C, 0x1C, 0x1C, 0x1C, 0x1C, 0x1C, 0x1C,
    0x1C, 0x1C, 0x1C, 0x18, 0x78, 0x60, 0x7C, 0x71, 0xF3, 0xC3, 0x86, 0x0E, 0x30, 0x39, 0x80, 0xEC,
    0x03, 0xF0, 0x0F, 0xC0, 0x3B, 0x80, 0xE7, 0x03, 0x8E, 0x0E, 0x38, 0x38, 0x71, 0xF0, 0xF0, 0x7C,
    0x0F, 0x80, 0xE0, 0x1C, 0x03, 0x80, 0x70, 0x0E, 0x01, 0xC0, 0x38, 0x07, 0x00, 0xE0, 0x9C, 0x33,
    0x86, 0xFF, 0xC0, 0x78, 0x07, 0xBE, 0x07, 0xCF, 0x03, 0x87, 0x83, 0xC3, 0xE1, 0xE1, 0xB0, 0xB0,
    0xD8, 0xD8, 0x6E, 0x6C, 0x33, 0x26, 0x19, 0xB3, 0x0C, 0xF9, 0x86, 0x38, 0xC3, 0x1C, 0x63, 0xC4,
    0x7C, 0x70, 0x7D, 0xE1, 0xF3, 0xC1, 0x0F, 0x04, 0x3E, 0x10, 0xDC, 0x43, 0x31, 0x0C, 0xE4, 0x31,
    0xD0, 0xC7, 0x43, 0x0F, 0x0C, 0x1C, 0x30, 0x71, 0xF0, 0xC0, 0x0F, 0x03, 0xFC, 0x70, 0xE6, 0x06,
    0xE0, 0x7C, 0x07, 0xC0, 0x7C, 0x03, 0xC0, 0x7E, 0x07, 0xE0, 0x76, 0x06, 0x70, 0xC1, 0xF8, 0x00,
    0x00, 0x7F, 0x0F, 0xF8, 0xE3, 0x1C, 0x73, 0x8E, 0x71, 0xCE, 0x31, 0xCE, 0x3F, 0x07, 0x00, 0xE0,
    0x1C, 0x03, 0x80, 0xFC, 0x00, 0x0F, 0x03, 0xFC, 0x70, 0xE6, 0x06, 0xE0, 0x7C, 0x07, 0xC0, 0x7C,
    0x03, 0xC0, 0x7E, 0x07, 0xE0, 0x76, 0x06, 0x70, 0xC1, 0xF8, 0x07, 0x00, 0x70, 0x03, 0x00, 0x3C,
    0x00, 0x40, 0x7E, 0x03, 0xFE, 0x0E, 0x30, 0x71, 0xC3, 0x8E, 0x1C, 0x70, 0xE3, 0x07, 0xF0, 0x3B,
    0x81, 0xCC, 0x0E, 0x70, 0x71, 0xC3, 0x8E, 0x3E, 0x3C, 0x1E, 0x0F, 0xE6, 0x19, 0x86, 0x60, 0x1C,
    0x03, 0xC0, 0x7C, 0x07, 0x80, 0x64, 0x19, 0x86, 0x61, 0x8F, 0xC0, 0x00, 0x7F, 0xEF, 0xFE, 0xC6,
    0x2C, 0x62, 0x06, 0x00, 0x60, 0x06, 0x00, 0x60, 0x06, 0x00, 0x60, 0x06, 0x00, 0x60, 0x0E, 0x01,
    0xF8, 0xFC, 0x7B, 0xF1, 0xE3, 0x03, 0x0C, 0x0C, 0x30, 0x30, 0xC0, 0xC3, 0x03, 0x0C, 0x0C, 0x30,
    0x30, 0xC0, 0xC3, 0x03, 0x0C, 0x08, 0x3C, 0x60, 0x7F, 0x00, 0x00, 0x00, 0xF8, 0xFF, 0xC7, 0xDC,
    0x18, 0x60, 0xC3, 0x86, 0x1C, 0x20, 0x63, 0x03, 0x98, 0x1D, 0x80, 0x6C, 0x03, 0x40, 0x0E, 0x00,
    0x70, 0x03, 0x00, 0xF8, 0x01, 0xEF, 0x86, 0x1E, 0x30, 0x70, 0xC3, 0x0F, 0x0C, 0x38, 0xF0, 0x83,
    0x8B, 0x18, 0x18, 0xB9, 0x81, 0x99, 0x98, 0x1D, 0x99, 0x00, 0xD1, 0xF0, 0x0F, 0x0F, 0x00, 0xF0,
    0xE0, 0x0F, 0x0E, 0x00, 0x60, 0xE0, 0x78, 0xF7, 0xC7, 0x8E, 0x30, 0x31, 0x01, 0xD8, 0x07, 0x80,
    0x18, 0x00, 0xE0, 0x0F, 0x00, 0x5C, 0x06, 0x70, 0x61, 0x87, 0x0E, 0x7C, 0xF8, 0x7C, 0xFB, 0xE7,
    0xCE, 0x08, 0x30, 0xC1, 0xC4, 0x07, 0x60, 0x1A, 0x00, 0xF0, 0x03, 0x00, 0x18, 0x00, 0xC0, 0x06,
    0x00, 0x30, 0x07, 0xE0, 0x7F, 0xCF, 0xF9, 0x87, 0x21, 0xC0, 0x30, 0x0E, 0x03, 0x80, 0x70, 0x1C,
    0x03, 0x00, 0xE0, 0x38, 0x37, 0x07, 0xFF, 0x80, 0x79, 0xE6, 0x18, 0x61, 0x86, 0x18, 0x61, 0x86,
    0x18, 0x61, 0x86, 0x18, 0x79, 0xE0, 0x03, 0x0C, 0x30, 0x41, 0x86, 0x08, 0x20, 0xC3, 0x04, 0x10,
    0x61, 0x82, 0x08, 0x00, 0x73, 0xC6, 0x31, 0x8C, 0x63, 0x18, 0xC6, 0x31, 0x8C, 0x63, 0x7B, 0xC0,
    0x04, 0x03, 0x00, 0xE0, 0x78, 0x1B, 0x0C, 0xC3, 0x19, 0x86, 0x60, 0xC0, 0x00, 0x7F, 0xDF, 0xF0,
    0x63, 0x0C, 0x20, 0x00, 0x0F, 0xC7, 0x38, 0xCE, 0x01, 0x8F, 0xE7, 0x19, 0x86, 0x63, 0x99, 0xE3,
    0xDC, 0x00, 0x60, 0x1E, 0x00, 0xC0, 0x18, 0x03, 0x00, 0x7F, 0x0E, 0x71, 0x86, 0x30, 0xE6, 0x1C,
    0xC3, 0x98, 0x73, 0x0C, 0x73, 0xBF, 0xE0, 0x00, 0x00, 0x7E, 0x67, 0xC2, 0xC0, 0xC0, 0xC0, 0xC0,
    0xE0, 0x73, 0x3E, 0x00, 0x03, 0x00, 0xF0, 0x0E, 0x01, 0xC0, 0x38, 0xFF, 0x39, 0xE6, 0x1C, 0xC3,
    0x98, 0x73, 0x0E, 0x61, 0xCC, 0x39, 0xCF, 0x1F, 0x70, 0x00, 0x00, 0x3F, 0x19, 0xD8, 0x6C, 0x37,
    0xFB, 0x01, 0x80, 0xE0, 0x31, 0x8F, 0x80, 0x00, 0x0E, 0x0F, 0x8C, 0xC6, 0x03, 0x07, 0xF0, 0xC0,
    0x60, 0x30, 0x18, 0x0C, 0x06, 0x03, 0x01, 0x83, 0xF0, 0x00, 0xCF, 0xF7, 0x31, 0x8C, 0x63, 0x1C,
    0xC3, 0xF0, 0xF0, 0x20, 0x0F, 0xC3, 0xF9, 0x87, 0xC1, 0xF0, 0x67, 0xF0, 0xF8, 0x60, 0x0F, 0x00,
    0x30, 0x03, 0x00, 0x30, 0x03, 0xF8, 0x39, 0xC3, 0x0C, 0x30, 0xC3, 0x0C, 0x30, 0xC3, 0x0C, 0x30,
    0xC3, 0x0C, 0xFC, 0xF0, 0x00, 0xC3, 0x00, 0x03, 0xC3, 0x0C, 0x30, 0xC3, 0x0C, 0x30, 0xCF, 0xC0,
    0x00, 0xC6, 0x00, 0x3C, 0x63, 0x18, 0xC6, 0x31, 0x8C, 0x63, 0x19, 0xDC, 0xC0, 0x60, 0x1E, 0x00,
    0xC0, 0x18, 0x03, 0x00, 0x67, 0x8C, 0x61, 0x98, 0x36, 0x07, 0xC0, 0xFC, 0x19, 0x83, 0x38, 0x63,
    0xBF, 0x38, 0x63, 0xC3, 0x0C, 0x30, 0xC3, 0x0C, 0x30, 0xC3, 0x0C, 0x30, 0xCF, 0xC0, 0x00, 0x00,
    0x1F, 0xEF, 0x83, 0x9E, 0x70, 0xC3, 0x0C, 0x30, 0xC3, 0x0C, 0x30, 0xC3, 0x0C, 0x30, 0xC3, 0x0C,
    0x30, 0xC3, 0x0C, 0x30, 0xCF, 0xCF, 0x38, 0x00, 0x0F, 0xF8, 0x39, 0xC3, 0x0C, 0x30, 0xC3, 0x0C,
    0x30, 0xC3, 0x0C, 0x30, 0xC3, 0x0C, 0xFC, 0xF0, 0x00, 0x3F, 0x18, 0xD8, 0x7C, 0x1E, 0x0F, 0x07,
    0x83, 0xC3, 0xB1, 0x8F, 0x80, 0x00, 0x00, 0x1F, 0xF0, 0xE7, 0x18, 0x63, 0x0E, 0x61, 0xCC, 0x39,
    0x87, 0x30, 0xC7, 0x38, 0xFE, 0x18, 0x03, 0x00, 0x60, 0x1E, 0x07, 0xC0, 0x00, 0x0F, 0xBB, 0x9E,
    0x61, 0xCC, 0x39, 0x87, 0x30, 0xE6, 0x1C, 0xC3, 0x9C, 0xF1, 0xFE, 0x01, 0xC0, 0x38, 0x07, 0x01,
    0xF0, 0x3E, 0x00, 0x7F, 0xCE, 0xE7, 0x23, 0x01, 0x80, 0xC0, 0x60, 0x30, 0x18, 0x3F, 0x00, 0x00,
    0x3E, 0x66, 0x62, 0x70, 0x3C, 0x1E, 0x07, 0x43, 0x63, 0x7E, 0x00, 0x00, 0x60, 0xC7, 0xE3, 0x06,
    0x0C, 0x18, 0x30, 0x60, 0xC1, 0x83, 0xC0, 0x00, 0x00, 0x0F, 0x3C, 0x30, 0xC3, 0x0C, 0x30, 0xC3,
    0x0C, 0x30, 0xC3, 0x0C, 0x30, 0xC3, 0x9C, 0x1F, 0xF0, 0x00, 0x00, 0x1F, 0x3D, 0xC3, 0x38, 0x43,
    0x18, 0x73, 0x06, 0x40, 0xD8, 0x1E, 0x01, 0xC0, 0x38, 0x00, 0x00, 0x00, 0x7C, 0xC7, 0x9C, 0x71,
    0x8E, 0x38, 0xC3, 0x3C, 0x41, 0x93, 0x60, 0xE9, 0xB0, 0x3C, 0xD0, 0x1C, 0x38, 0x0E, 0x1C, 0x07,
    0x0C, 0x00, 0x00, 0x1F, 0x78, 0xC6, 0x0D, 0x81, 0xE0, 0x1C, 0x03, 0x80, 0xD8, 0x33, 0x86, 0x3B,
    0xEF, 0x80, 0x00, 0x1F, 0x3D, 0xC3, 0x18, 0x43, 0x18, 0x73, 0x06, 0x40, 0xD8, 0x0E, 0x01, 0xC0,
    0x18, 0x06, 0x00, 0xC0, 0x30, 0x1E, 0x03, 0x00, 0x00, 0x3F, 0xD8, 0xC8, 0xC0, 0xE0, 0x60, 0x70,
    0x70, 0x31, 0xB8, 0xDF, 0xE0, 0x02, 0x0E, 0x18, 0x18, 0x18, 0x18, 0x18, 0x18, 0x78, 0x70, 0x18,
    0x18, 0x18, 0x18, 0x18, 0x18, 0x1E, 0x06, 0x3F, 0xFF, 0xFF, 0xFF, 0xFD, 0x40, 0x70, 0x18, 0x18,
    0x18, 0x18, 0x18, 0x18, 0x0E, 0x0E, 0x18, 0x18, 0x18, 0x18, 0x18, 0x18, 0x78, 0x60, 0x20, 0x7C,
    0xF7, 0xD1, 0xE0, 0x06, 0x62, 0x06, 0x66, 0x66, 0x66, 0x66, 0x60, 0x08, 0x06, 0x0F, 0xCF, 0xE6,
    0xF7, 0x63, 0xB1, 0xD8, 0xEC, 0x36, 0x1F, 0x47, 0xE0, 0xC0, 0x60, 0x0F, 0x07, 0xE3, 0x18, 0xC6,
    0x30, 0x0C, 0x03, 0x81, 0xFC, 0x18, 0x06, 0x01, 0x80, 0x40, 0x3F, 0xDF, 0xF0, 0x00, 0xC1, 0x7F,
    0x99, 0x88, 0x64, 0x32, 0x19, 0xFD, 0xFE, 0x00, 0x00, 0xF9, 0xDF, 0x39, 0xC6, 0x18, 0xC3, 0x90,
    0x36, 0x06, 0x81, 0xFC, 0x3F, 0x81, 0xC0, 0xFE, 0x06, 0x00, 0xE0, 0x7E, 0x00, 0x3F, 0xFF, 0x00,
    0xFF, 0xFD, 0x00, 0x1F, 0x19, 0xCC, 0x46, 0x03, 0xC1, 0xF1, 0x9E, 0xC7, 0x39, 0x9F, 0x43, 0xE0,
    0x70, 0x19, 0x0C, 0xC6, 0x7E, 0x00, 0x00, 0x6D, 0xD8, 0x00, 0x07, 0x80, 0x7F, 0x87, 0x03, 0x19,
    0xF6, 0xCC, 0xCF, 0x60, 0x39, 0x80, 0xE6, 0x03, 0x98, 0x0F, 0x60, 0x3C, 0xFC, 0x99, 0xE6, 0x38,
    0x70, 0x7F, 0x80, 0x00, 0x00, 0x38, 0xF8, 0xB3, 0xEE, 0xDD, 0x9D, 0x80, 0x12, 0x36, 0x6E, 0xEC,
    0xEC, 0x6E, 0x36, 0x12, 0x7F, 0x7F, 0xC0, 0x60, 0x30, 0x18, 0x08, 0xFF, 0xE0, 0x07, 0x80, 0x7F,
    0x87, 0x03, 0x1F, 0xE6, 0xCC, 0xCF, 0x33, 0x38, 0xCC, 0xE3, 0xE3, 0x8D, 0x8F, 0x33, 0x3C, 0xEE,
    0x9F, 0x9E, 0x38, 0x70, 0x7F, 0x80, 0x00, 0x00, 0x7F, 0xDF, 0xF0, 0x38, 0xF9, 0x9A, 0x36, 0x67,
    0x80, 0x00, 0x08, 0x0C, 0x06, 0x0F, 0xEF, 0xF0, 0xC0, 0x60, 0x30, 0x08, 0x00, 0x3F, 0xE0, 0x38,
    0xF9, 0xB8, 0x60, 0xC3, 0x0C, 0xBF, 0x7E, 0x38, 0xF9, 0xB0, 0x63, 0x81, 0xD1, 0xA7, 0x7C, 0x31,
    0x98, 0x80, 0x00, 0x18, 0xE6, 0x39, 0x8E, 0x63, 0x98, 0xE6, 0x39, 0x8E, 0x63, 0x9D, 0xEF, 0xDF,
    0x00, 0xC0, 0x38, 0x07, 0x01, 0x80, 0x0F, 0xCF, 0xFD, 0xF2, 0x3E, 0x47, 0xC8, 0xF9, 0x1F, 0x21,
    0xE4, 0x04, 0x80, 0x90, 0x12, 0x02, 0x40, 0x48, 0x09, 0x01, 0x20, 0x24, 0x1C, 0xE0, 0x00, 0xFF,
    0x00, 0x03, 0x1C, 0x6F, 0x70, 0x00, 0x71, 0xE0, 0xC1, 0x83, 0x06, 0x0C, 0x7C, 0x38, 0xF9, 0x9F,
    0x3E, 0x6C, 0xCF, 0x00, 0xC8, 0x4C, 0x6E, 0x37, 0x36, 0x6E, 0xCC, 0x88, 0x10, 0x10, 0x70, 0x30,
    0xF0, 0x60, 0x30, 0x60, 0x30, 0xC0, 0x30, 0xC8, 0x31, 0x9C, 0x31, 0x9C, 0xFF, 0x3C, 0x03, 0x6C,
    0x06, 0xFE, 0x06, 0x7E, 0x0C, 0x0C, 0x0C, 0x3E, 0x10, 0x20, 0x70, 0x20, 0xF0, 0x60, 0x30, 0x40,
    0x30, 0xC0, 0x30, 0x98, 0x31, 0xFE, 0x31, 0x66, 0xFF, 0x06, 0x02, 0x0C, 0x06, 0x0C, 0x04, 0x12,
    0x0C, 0x7E, 0x08, 0x7E, 0x38, 0x10, 0x7C, 0x30, 0x6C, 0x30, 0x0C, 0x60, 0x38, 0x60, 0x0E, 0xC8,
    0x46, 0xDC, 0x4F, 0x9C, 0x7D, 0xBC, 0x03, 0x6C, 0x03, 0xFE, 0x06, 0x7E, 0x06, 0x0C, 0x0C, 0x3E,
    0x00, 0x06, 0x03, 0x01, 0x80, 0x00, 0x60, 0x30, 0x38, 0x30, 0x30, 0x18, 0x1C, 0x26, 0x33, 0xF8,
    0x78, 0x0C, 0x00, 0x30, 0x00, 0x60, 0x00, 0x80, 0x02, 0x00, 0x1C, 0x00, 0x70, 0x01, 0xE0, 0x0D,
    0x80, 0x36, 0x01, 0x9C, 0x06, 0x30, 0x1F, 0xE0, 0xFF, 0x83, 0x06, 0x08, 0x1C, 0x60, 0x73, 0xE3,
    0xE0, 0x00, 0x80, 0x06, 0x00, 0x30, 0x00, 0x80, 0x02, 0x00, 0x1C, 0x00, 0x70, 0x01, 0xE0, 0x0D,
    0x80, 0x36, 0x01, 0x9C, 0x06, 0x30, 0x1F, 0xE0, 0xFF, 0x83, 0x06, 0x08, 0x1C, 0x60, 0x73, 0xE3,
    0xE0, 0x02, 0x00, 0x1C, 0x00, 0xD8, 0x02, 0x20, 0x02, 0x00, 0x1C, 0x00, 0x70, 0x01, 0xE0, 0x0D,
    0x80, 0x36, 0x01, 0x9C, 0x06, 0x30, 0x1F, 0xE0, 0xFF, 0x83, 0x06, 0x08, 0x1C, 0x60, 0x73, 0xE3,
    0xE0, 0x0E, 0x40, 0x7F, 0x01, 0x18, 0x00, 0x80, 0x07, 0x00, 0x1C, 0x00, 0x78, 0x03, 0x60, 0x0D,
    0x80, 0x67, 0x01, 0x8C, 0x07, 0xF8, 0x3F, 0xE0, 0xC1, 0x82, 0x07, 0x18, 0x1C, 0xF8, 0xF8, 0x0D,
    0x80, 0x37, 0x00, 0x00, 0x00, 0x80, 0x07, 0x00, 0x1C, 0x00, 0x78, 0x03, 0x60, 0x0D, 0x80, 0x67,
    0x01, 0x8C, 0x07, 0xF8, 0x3F, 0xE0, 0xC1, 0x82, 0x07, 0x18, 0x1C, 0xF8, 0xF8, 0x07, 0x00, 0x3E,
    0x00, 0xC8, 0x03, 0xE0, 0x07, 0x00, 0x1C, 0x00, 0x78, 0x03, 0x60, 0x0D, 0x80, 0x67, 0x01, 0x8C,
    0x07, 0xF8, 0x3F, 0xE0, 0xC1, 0x82, 0x07, 0x18, 0x1C, 0xF8, 0xF8, 0x03, 0xFF, 0x00, 0xFF, 0xE0,
    0x1E, 0x18, 0x0F, 0x86, 0x02, 0xE0, 0x01, 0xB8, 0x00, 0xCF, 0xE0, 0x33, 0xF8, 0x1F, 0xE0, 0x07,
    0xF8, 0x03, 0x0E, 0x08, 0xC3, 0x82, 0x60, 0xE1, 0xBE, 0x7F, 0xE0, 0x0F, 0x0F, 0xF7, 0x0D, 0x83,
    0xE0, 0x38, 0x0C, 0x03, 0x00, 0xC0, 0x38, 0x0E, 0x01, 0x81, 0x79, 0xC7, 0xE0, 0x60, 0x1C, 0x03,
    0x03, 0xC0, 0xC0, 0x18, 0x03, 0x80, 0x30, 0x01, 0x07, 0xFC, 0xFF, 0x8E, 0x11, 0xC2, 0x38, 0x07,
    0x00, 0xFE, 0x1F, 0xC3, 0x80, 0x70, 0x0E, 0x09, 0xC1, 0x38, 0x6F, 0xFC, 0x01, 0x00, 0x60, 0x18,
    0x02, 0x07, 0xFC, 0xFF, 0x8E, 0x11, 0xC2, 0x38, 0x07, 0x00, 0xFE, 0x1F, 0xC3, 0x80, 0x70, 0x0E,
    0x09, 0xC1, 0x38, 0x6F, 0xFC, 0x06, 0x01, 0xE0, 0x3C, 0x0C, 0xC7, 0xFC, 0xFF, 0x8E, 0x11, 0xC2,
    0x38, 0x07, 0x00, 0xFE, 0x1F, 0xC3, 0x80, 0x70, 0x0E, 0x09, 0xC1, 0x38, 0x6F, 0xFC, 0x19, 0x83,
    0x30, 0x00, 0x3F, 0xE7, 0xFC, 0x70, 0x8E, 0x11, 0xC0, 0x38, 0x07, 0xF0, 0xFE, 0x1C, 0x03, 0x80,
    0x70, 0x4E, 0x09, 0xC3, 0x7F, 0xE0, 0x60, 0xC0, 0xC0, 0x87, 0xCF, 0x8E, 0x1C, 0x38, 0x70, 0xE1,
    0xC3, 0x87, 0x0E, 0x1C, 0x38, 0xF8, 0x0C, 0x38, 0x61, 0x87, 0xCF, 0x8E, 0x1C, 0x38, 0x70, 0xE1,
    0xC3, 0x87, 0x0E, 0x1C, 0x38, 0xF8, 0x10, 0x71, 0xB2, 0x27, 0xCF, 0x8E, 0x1C, 0x38, 0x70, 0xE1,
    0xC3, 0x87, 0x0E, 0x1C, 0x38, 0xF8, 0x6D, 0xD8, 0x03, 0xE7, 0xC7, 0x0E, 0x1C, 0x38, 0x70, 0xE1,
    0xC3, 0x87, 0x0E, 0x1C, 0x7C, 0x7F, 0x03, 0xFE, 0x0E, 0x18, 0x70, 0xE3, 0x83, 0x1C, 0x1D, 0xFC,
    0xEF, 0xE7, 0x38, 0x39, 0xC1, 0xCE, 0x0C, 0x70, 0xE3, 0x8E, 0x3F, 0xE0, 0x07, 0x20, 0x3F, 0x80,
    0x9C, 0x1C, 0x1F, 0x78, 0x7C, 0xF0, 0x43, 0xC1, 0x0F, 0x84, 0x37, 0x10, 0xCC, 0x43, 0x39, 0x0C,
    0x74, 0x31, 0xD0, 0xC3, 0xC3, 0x07, 0x0C, 0x1C, 0x7C, 0x30, 0x18, 0x00, 0xC0, 0x0E, 0x00, 0x20,
    0x0F, 0x03, 0xFC, 0x70, 0xE6, 0x06, 0xE0, 0x7C, 0x07, 0xC0, 0x7C, 0x03, 0xC0, 0x7E, 0x07, 0xE0,
    0x76, 0x06, 0x70, 0xC1, 0xF8, 0x00, 0x00, 0x01, 0x00, 0x30, 0x06, 0x00, 0x40, 0x0F, 0x03, 0xFC,
    0x70, 0xE6, 0x06, 0xE0, 0x7C, 0x07, 0xC0, 0x7C, 0x03, 0xC0, 0x7E, 0x07, 0xE0, 0x76, 0x06, 0x70,
    0xC1, 0xF8, 0x00, 0x00, 0x06, 0x00, 0xF0, 0x0F, 0x01, 0x98, 0x0F, 0x03, 0xFC, 0x70, 0xE6, 0x06,
    0xE0, 0x7C, 0x07, 0xC0, 0x7C, 0x03, 0xC0, 0x7E, 0x07, 0xE0, 0x76, 0x06, 0x70, 0xC1, 0xF8, 0x00,
    0x00, 0x1C, 0x83, 0xF8, 0x03, 0x00, 0xF0, 0x3F, 0xC7, 0x0E, 0x60, 0x6E, 0x07, 0xC0, 0x7C, 0x07,
    0xC0, 0x3C, 0x07, 0xE0, 0x7E, 0x07, 0x60, 0x67, 0x0C, 0x1F, 0x80, 0x00, 0x19, 0x81, 0x98, 0x00,
    0x00, 0xF0, 0x3F, 0xC7, 0x0E, 0x60, 0x6E, 0x07, 0xC0, 0x7C, 0x07, 0xC0, 0x3C, 0x07, 0xE0, 0x7E,
    0x07, 0x60, 0x67, 0x0C, 0x1F, 0x80, 0x00, 0x41, 0x71, 0x9D, 0x87, 0x81, 0xC1, 0xF1, 0x9D, 0x86,
    0x00, 0x00, 0x00, 0x00, 0xF6, 0x3F, 0xC7, 0x0E, 0x61, 0xEE, 0x17, 0xC3, 0x7C, 0x27, 0xC6, 0x3C,
    0xC7, 0xEC, 0x7F, 0x87, 0x70, 0x67, 0x0C, 0x3F, 0x86, 0x00, 0x0C, 0x00, 0x38, 0x00, 0x60, 0x00,
    0x40, 0xFC, 0x7B, 0xF1, 0xE3, 0x03, 0x0C, 0x0C, 0x30, 0x30, 0xC0, 0xC3, 0x03, 0x0C, 0x0C, 0x30,
    0x30, 0xC0, 0xC3, 0x03, 0x0C, 0x08, 0x3C, 0x60, 0x7F, 0x00, 0x00, 0x00, 0x00, 0x80, 0x06, 0x00,
    0x30, 0x00, 0x80, 0xFC, 0x7B, 0xF1, 0xE3, 0x03, 0x0C, 0x0C, 0x30, 0x30, 0xC0, 0xC3, 0x03, 0x0C,
    0x0C, 0x30, 0x30, 0xC0, 0xC3, 0x03, 0x0C, 0x08, 0x3C, 0x60, 0x7F, 0x00, 0x00, 0x00, 0x03, 0x00,
    0x1E, 0x00, 0x78, 0x03, 0x10, 0xFC, 0x7B, 0xF1, 0xE3, 0x03, 0x0C, 0x0C, 0x30, 0x30, 0xC0, 0xC3,
    0x03, 0x0C, 0x0C, 0x30, 0x30, 0xC0, 0xC3, 0x03, 0x0C, 0x08, 0x3C, 0x60, 0x7F, 0x00, 0x00, 0x00,
    0x0C, 0xC0, 0x33, 0x00, 0x00, 0x3F, 0x1E, 0xFC, 0x78, 0xC0, 0xC3, 0x03, 0x0C, 0x0C, 0x30, 0x30,
    0xC0, 0xC3, 0x03, 0x0C, 0x0C, 0x30, 0x30, 0xC0, 0xC3, 0x02, 0x0F, 0x18, 0x1F, 0xC0, 0x00, 0x00,
    0x00, 0xC0, 0x0E, 0x00, 0x60, 0x04, 0x07, 0xCF, 0xBE, 0x7C, 0xE0, 0x83, 0x0C, 0x1C, 0x40, 0x76,
    0x01, 0xA0, 0x0F, 0x00, 0x30, 0x01, 0x80, 0x0C, 0x00, 0x60, 0x03, 0x00, 0x7E, 0x00, 0x7C, 0x0F,
    0x80, 0xE0, 0x1F, 0xC3, 0xBC, 0x71, 0xCE, 0x39, 0xC7, 0x38, 0xE7, 0x18, 0xFE, 0x1C, 0x03, 0x80,
    0xFC, 0x00, 0x06, 0x01, 0xF8, 0x38, 0xC3, 0x0C, 0x30, 0xEF, 0x3E, 0x37, 0x03, 0x60, 0x37, 0x03,
    0x3C, 0x31, 0xE3, 0x06, 0x36, 0x73, 0x66, 0xF3, 0xE0, 0x00, 0x10, 0x06, 0x00, 0xC0, 0x10, 0x00,
    0x0F, 0xC7, 0x38, 0xCE, 0x01, 0x8F, 0xE7, 0x19, 0x86, 0x63, 0x99, 0xE3, 0xDC, 0x00, 0x03, 0x01,
    0xC0, 0x60, 0x30, 0x00, 0x0F, 0xC7, 0x38, 0xCE, 0x01, 0x8F, 0xE7, 0x19, 0x86, 0x63, 0x99, 0xE3,
    0xDC, 0x00, 0x0C, 0x07, 0x81, 0xE0, 0xC4, 0x00, 0x0F, 0xC7, 0x38, 0xCE, 0x01, 0x8F, 0xE7, 0x19,
    0x86, 0x63, 0x99, 0xE3, 0xDC, 0x00, 0x18, 0x8F, 0xE2, 0x70, 0x00, 0x3F, 0x1C, 0xE3, 0x38, 0x06,
    0x3F, 0x9C, 0x66, 0x19, 0x8E, 0x67, 0x8F, 0x70, 0x00, 0x33, 0x0C, 0xC0, 0x00, 0x00, 0x3F, 0x1C,
    0xE3, 0x38, 0x06, 0x3F, 0x9C, 0x66, 0x19, 0x8E, 0x67, 0x8F, 0x70, 0x00, 0x00, 0x07, 0x81, 0x30,
    0x6C, 0x0E, 0x00, 0x03, 0xF1, 0xCE, 0x33, 0x80, 0x63, 0xF9, 0xC6, 0x61, 0x98, 0xE6, 0x78, 0xF7,
    0x00, 0x00, 0x00, 0x00, 0x7F, 0xF9, 0xCF, 0x31, 0x9C, 0x30, 0x18, 0x67, 0xFF, 0xDC, 0x60, 0x30,
    0xC0, 0x63, 0x80, 0xCF, 0x8C, 0xFB, 0xF0, 0x00, 0x00, 0x00, 0x7E, 0x67, 0xC2, 0xC0, 0xC0, 0xC0,
    0xC0, 0xE0, 0x73, 0x3E, 0x18, 0x0C, 0x0C, 0x3C, 0x18, 0x30, 0x18, 0x06, 0x01, 0x00, 0x03, 0xF1,
    0x9D, 0x86, 0xC3, 0x7F, 0xB0, 0x18, 0x0E, 0x03, 0x18, 0xF8, 0x00, 0x06, 0x07, 0x03, 0x03, 0x00,
    0x03, 0xF1, 0x9D, 0x86, 0xC3, 0x7F, 0xB0, 0x18, 0x0E, 0x03, 0x18, 0xF8, 0x00, 0x18, 0x1E, 0x0F,
    0x0C, 0x40, 0x03, 0xF1, 0x9D, 0x86, 0xC3, 0x7F, 0xB0, 0x18, 0x0E, 0x03, 0x18, 0xF8, 0x00, 0x66,
    0x33, 0x00, 0x00, 0x07, 0xE3, 0x3B, 0x0D, 0x86, 0xFF, 0x60, 0x30, 0x1C, 0x06, 0x31, 0xF0, 0x00,
    0x41, 0x83, 0x04, 0x03, 0xC3, 0x0C, 0x30, 0xC3, 0x0C, 0x30, 0xCF, 0xC0, 0x0C, 0x71, 0x88, 0x03,
    0xC3, 0x0C, 0x30, 0xC3, 0x0C, 0x30, 0xCF, 0xC0, 0x31, 0xE7, 0xB3, 0x03, 0xC3, 0x0C, 0x30, 0xC3,
    0x0C, 0x30, 0xCF, 0xC0, 0xCF, 0x30, 0x00, 0xF0, 0xC3, 0x0C, 0x30, 0xC3, 0x0C, 0x33, 0xF0, 0x00,
    0x19, 0x87, 0x87, 0xC2, 0x70, 0xF9, 0xFF, 0xC7, 0xC1, 0xE0, 0xF0, 0x78, 0x3C, 0x3B, 0x19, 0xF8,
    0x00, 0x1C, 0x81, 0xF8, 0x13, 0x80, 0x00, 0xFF, 0x83, 0x9C, 0x30, 0xC3, 0x0C, 0x30, 0xC3, 0x0C,
    0x30, 0xC3, 0x0C, 0x30, 0xCF, 0xCF, 0x30, 0x18, 0x06, 0x01, 0x00, 0x03, 0xF1, 0x8D, 0x87, 0xC1,
    0xE0, 0xF0, 0x78, 0x3C, 0x3B, 0x18, 0xF8, 0x00, 0x06, 0x03, 0x03, 0x01, 0x00, 0x03, 0xF1, 0x8D,
    0x87, 0xC1, 0xE0, 0xF0, 0x78, 0x3C, 0x3B, 0x18, 0xF8, 0x00, 0x08, 0x0E, 0x0D, 0x84, 0x40, 0x03,
    0xF1, 0x8D, 0x87, 0xC1, 0xE0, 0xF0, 0x78, 0x3C, 0x3B, 0x18, 0xF8, 0x00, 0x39, 0x3F, 0x93, 0x80,
    0x07, 0xE3, 0x1B, 0x0F, 0x83, 0xC1, 0xE0, 0xF0, 0x78, 0x76, 0x31, 0xF0, 0x00, 0x76, 0x3B, 0x00,
    0x00, 0x07, 0xE3, 0x1B, 0x0F, 0x83, 0xC1, 0xE0, 0xF0, 0x78, 0x76, 0x31, 0xF0, 0x00, 0x00, 0x0C,
    0x06, 0x00, 0x07, 0xF7, 0xF8, 0x00, 0x00, 0x18, 0x0C, 0x00, 0x01, 0xBF, 0x98, 0xD8, 0xFC, 0x5E,
    0x6F, 0x67, 0xA3, 0xF3, 0xB1, 0x9F, 0x98, 0x00, 0x18, 0x01, 0xC0, 0x0C, 0x00, 0x60, 0x00, 0x0F,
    0x3C, 0x30, 0xC3, 0x0C, 0x30, 0xC3, 0x0C, 0x30, 0xC3, 0x0C, 0x30, 0xC3, 0x9C, 0x1F, 0xF0, 0x00,
    0x01, 0x00, 0x30, 0x06, 0x00, 0x40, 0x00, 0x0F, 0x3C, 0x30, 0xC3, 0x0C, 0x30, 0xC3, 0x0C, 0x30,
    0xC3, 0x0C, 0x30, 0xC3, 0x9C, 0x1F, 0xF0, 0x00, 0x06, 0x00, 0xF0, 0x0F, 0x01, 0x18, 0x00, 0x0F,
    0x3C, 0x30, 0xC3, 0x0C, 0x30, 0xC3, 0x0C, 0x30, 0xC3, 0x0C, 0x30, 0xC3, 0x9C, 0x1F, 0xF0, 0x00,
    0x19, 0x81, 0x98, 0x00, 0x00, 0x00, 0xF3, 0xC3, 0x0C, 0x30, 0xC3, 0x0C, 0x30, 0xC3, 0x0C, 0x30,
    0xC3, 0x0C, 0x39, 0xC1, 0xFF, 0x00, 0x00, 0x03, 0x00, 0x60, 0x18, 0x02, 0x00, 0x01, 0xF3, 0xDC,
    0x31, 0x84, 0x31, 0x87, 0x30, 0x64, 0x0D, 0x80, 0xE0, 0x1C, 0x01, 0x80, 0x60, 0x0C, 0x03, 0x01,
    0xE0, 0x30, 0x00, 0x60, 0x1E, 0x00, 0xC0, 0x18, 0x03, 0x00, 0x7F, 0x0E, 0x71, 0x86, 0x30, 0xE6,
    0x1C, 0xC3, 0x98, 0x73, 0x0C, 0x73, 0x8F, 0xE1, 0x80, 0x30, 0x06, 0x01, 0xE0, 0x7C, 0x00, 0x1B,
    0x03, 0x70, 0x00, 0x00, 0x0F, 0x9E, 0xE1, 0x8C, 0x21, 0x8C, 0x39, 0x83, 0x20, 0x6C, 0x07, 0x00,
    0xE0, 0x0C, 0x03, 0x00, 0x60, 0x18, 0x0F, 0x01, 0x80, 0x00, 0x0F, 0x80, 0x3E, 0x00, 0x20, 0x01,
    0xC0, 0x07, 0x00, 0x1E, 0x00, 0xD8, 0x03, 0x60, 0x19, 0xC0, 0x63, 0x01, 0xFE, 0x0F, 0xF8, 0x30,
    0x60, 0x81, 0xC6, 0x07, 0x3E, 0x3E, 0x3F, 0x0F, 0xC0, 0x00, 0xFC, 0x73, 0x8C, 0xE0, 0x18, 0xFE,
    0x71, 0x98, 0x66, 0x39, 0x9E, 0x3D, 0xC0, 0x00, 0x08, 0x80, 0x3E, 0x00, 0x70, 0x00, 0x80, 0x07,
    0x00, 0x1C, 0x00, 0x78, 0x03, 0x60, 0x0D, 0x80, 0x67, 0x01, 0x8C, 0x07, 0xF8, 0x3F, 0xE0, 0xC1,
    0x82, 0x07, 0x18, 0x1C, 0xF8, 0xF8, 0x33, 0x07, 0xC0, 0xE0, 0x00, 0x3F, 0x1C, 0xE3, 0x38, 0x06,
    0x3F, 0x9C, 0x66, 0x19, 0x8E, 0x67, 0x8F, 0x70, 0x00, 0x02, 0x00, 0x1C, 0x00, 0x70, 0x01, 0xE0,
    0x0D, 0x80, 0x36, 0x01, 0x9C, 0x06, 0x30, 0x1F, 0xE0, 0xFF, 0x83, 0x06, 0x08, 0x1C, 0x60, 0x73,
    0xE3, 0xE0, 0x02, 0x00, 0x18, 0x00, 0xE0, 0x01, 0xE0, 0x03, 0x00, 0x00, 0x0F, 0xC7, 0x38, 0xCE,
    0x01, 0x8F, 0xE7, 0x19, 0x86, 0x63, 0x99, 0xE3, 0xDC, 0x0C, 0x06, 0x01, 0x80, 0x78, 0x0E, 0x01,
    0x00, 0xC0, 0x60, 0x10, 0x0F, 0x0F, 0xF7, 0x0D, 0x83, 0xE0, 0x38, 0x0C, 0x03, 0x00, 0xC0, 0x38,
    0x0E, 0x01, 0x81, 0x79, 0xC7, 0xE0, 0x00, 0x06, 0x0E, 0x0C, 0x10, 0x00, 0x7E, 0x67, 0xC2, 0xC0,
    0xC0, 0xC0, 0xC0, 0xE0, 0x73, 0x3E, 0x00, 0x06, 0x03, 0xC0, 0xF0, 0x66, 0x0F, 0x0F, 0xF7, 0x0D,
    0x83, 0xE0, 0x38, 0x0C, 0x03, 0x00, 0xC0, 0x38, 0x0E, 0x01, 0x81, 0x79, 0xC7, 0xE0, 0x00, 0x08,
    0x1C, 0x36, 0x22, 0x00, 0x7E, 0x67, 0xC2, 0xC0, 0xC0, 0xC0, 0xC0, 0xE0, 0x73, 0x3E, 0x00, 0x00,
    0x01, 0x80, 0x60, 0x00, 0x0F, 0x0F, 0xF7, 0x0D, 0x83, 0xE0, 0x38, 0x0C, 0x03, 0x00, 0xC0, 0x38,
    0x0E, 0x01, 0x81, 0x79, 0xC7, 0xE0, 0x00, 0x00, 0x1C, 0x18, 0x00, 0x00, 0x7E, 0x67, 0xC2, 0xC0,
    0xC0, 0xC0, 0xC0, 0xE0, 0x73, 0x3E, 0x00, 0x10, 0x06, 0xC0, 0xF0, 0x18, 0x0F, 0x0F, 0xF7, 0x0D,
    0x83, 0xE0, 0x38, 0x0C, 0x03, 0x00, 0xC0, 0x38, 0x0E, 0x01, 0x81, 0x79, 0xC7, 0xE0, 0x00, 0x02,
    0x36, 0x3C, 0x18, 0x00, 0x7E, 0x67, 0xC2, 0xC0, 0xC0, 0xC0, 0xC0, 0xE0, 0x73, 0x3E, 0x00, 0x00,
    0x80, 0x6C, 0x03, 0xC0, 0x0C, 0x07, 0xF0, 0x3F, 0xE0, 0xE1, 0x87, 0x0E, 0x38, 0x31, 0xC1, 0xCE,
    0x0E, 0x70, 0x73, 0x83, 0x9C, 0x1C, 0xE0, 0xC7, 0x0E, 0x38, 0xE3, 0xFE, 0x00, 0x03, 0x00, 0x7B,
    0x03, 0xE0, 0x3E, 0x03, 0x87, 0xF8, 0xE7, 0x8C, 0x38, 0xC3, 0x8C, 0x38, 0xC3, 0x8C, 0x38, 0xC3,
    0x8E, 0x78, 0x7D, 0xC0, 0x00, 0x7F, 0x03, 0xFE, 0x0E, 0x18, 0x70, 0xE3, 0x83, 0x1C, 0x1D, 0xFC,
    0xEF, 0xE7, 0x38, 0x39, 0xC1, 0xCE, 0x0C, 0x70, 0xE3, 0x8E, 0x3F, 0xE0, 0x03, 0x00, 0xF0, 0x0E,
    0x0F, 0xE0, 0x38, 0x7B, 0x1F, 0xE7, 0x1C, 0xC3, 0x98, 0x73, 0x0E, 0x61, 0xCC, 0x39, 0xCF, 0x1F,
    0x70, 0x00, 0x1F, 0x83, 0xF1, 0xFF, 0x3F, 0xE3, 0x84, 0x70, 0x8E, 0x01, 0xC0, 0x3F, 0x87, 0xF0,
    0xE0, 0x1C, 0x03, 0x82, 0x70, 0x4E, 0x1B, 0xFF, 0x7E, 0x3F, 0x00, 0x0F, 0xC6, 0x76, 0x1B, 0x0D,
    0xFE, 0xC0, 0x60, 0x38, 0x0C, 0x63, 0xE0, 0x00, 0x19, 0x83, 0xE0, 0x38, 0x3F, 0xE7, 0xFC, 0x70,
    0x8E, 0x11, 0xC0, 0x38, 0x07, 0xF0, 0xFE, 0x1C, 0x03, 0x80, 0x70, 0x4E, 0x09, 0xC3, 0x7F, 0xE0,
    0x62, 0x1F, 0x07, 0x00, 0x07, 0xE3, 0x3B, 0x0D, 0x86, 0xFF, 0x60, 0x30, 0x1C, 0x06, 0x31, 0xF0,
    0x00, 0x00, 0x00, 0xC0, 0x18, 0x00, 0x07, 0xFC, 0xFF, 0x8E, 0x11, 0xC2, 0x38, 0x07, 0x00, 0xFE,
    0x1F, 0xC3, 0x80, 0x70, 0x0E, 0x09, 0xC1, 0x38, 0x6F, 0xFC, 0x00, 0x0C, 0x06, 0x00, 0x00, 0x03,
    0xF1, 0x9D, 0x86, 0xC3, 0x7F, 0xB0, 0x18, 0x0E, 0x03, 0x18, 0xF8, 0x00, 0x7F, 0xCF, 0xF8, 0xE1,
    0x1C, 0x23, 0x80, 0x70, 0x0F, 0xE1, 0xFC, 0x38, 0x07, 0x00, 0xE0, 0x9C, 0x13, 0x86, 0xFF, 0xC0,
    0x60, 0x08, 0x03, 0x00, 0x3C, 0x03, 0x00, 0x00, 0x3F, 0x19, 0xD8, 0x6C, 0x37, 0xFB, 0x01, 0x80,
    0xE0, 0x31, 0x8F, 0x81, 0x81, 0x80, 0xC0, 0x3C, 0x00, 0x10, 0x03, 0x60, 0x3C, 0x03, 0x07, 0xFC,
    0xFF, 0x8E, 0x11, 0xC2, 0x38, 0x07, 0x00, 0xFE, 0x1F, 0xC3, 0x80, 0x70, 0x0E, 0x09, 0xC1, 0x38,
    0x6F, 0xFC, 0x02, 0x1B, 0x0F, 0x03, 0x00, 0x03, 0xF1, 0x9D, 0x86, 0xC3, 0x7F, 0xB0, 0x18, 0x0E,
    0x03, 0x18, 0xF8, 0x00, 0x02, 0x00, 0x38, 0x03, 0x60, 0x11, 0x00, 0xF8, 0x1F, 0xF1, 0xC3, 0x8C,
    0x0C, 0xE0, 0x07, 0x00, 0x30, 0x01, 0x80, 0x0C, 0x1F, 0x70, 0x73, 0x81, 0x8C, 0x0C, 0x38, 0xE0,
    0xFF, 0x00, 0x00, 0x0C, 0x07, 0x81, 0xE0, 0x8C, 0x00, 0xCF, 0xF7, 0x31, 0x8C, 0x63, 0x1C, 0xC3,
    0xF0, 0xF0, 0x20, 0x0F, 0xC3, 0xF9, 0x87, 0xC1, 0xF0, 0x67, 0xF0, 0xF8, 0x08, 0x80, 0x7C, 0x01,
    0xC0, 0x1F, 0x03, 0xFE, 0x38, 0x71, 0x81, 0x9C, 0x00, 0xE0, 0x06, 0x00, 0x30, 0x01, 0x83, 0xEE,
    0x0E, 0x70, 0x31, 0x81, 0x87, 0x1C, 0x1F, 0xE0, 0x00, 0x00, 0x23, 0x0F, 0x81, 0xC0, 0x03, 0x3F,
    0xDC, 0xC6, 0x31, 0x8C, 0x73, 0x0F, 0xC3, 0xC0, 0x80, 0x3F, 0x0F, 0xE6, 0x1F, 0x07, 0xC1, 0x9F,
    0xC3, 0xE0, 0x00, 0x00, 0x38, 0x01, 0xC0, 0x00, 0x00, 0xF8, 0x1F, 0xF1, 0xC3, 0x8C, 0x0C, 0xE0,
    0x07, 0x00, 0x30, 0x01, 0x80, 0x0C, 0x1F, 0x70, 0x73, 0x81, 0x8C, 0x0C, 0x38, 0xE0, 0xFF, 0x00,
    0x00, 0x00, 0x03, 0x00, 0xC0, 0x00, 0x00, 0xCF, 0xF7, 0x31, 0x8C, 0x63, 0x1C, 0xC3, 0xF0, 0xF0,
    0x20, 0x0F, 0xC3, 0xF9, 0x87, 0xC1, 0xF0, 0x67, 0xF0, 0xF8, 0x0F, 0x81, 0xFF, 0x1C, 0x38, 0xC0,
    0xCE, 0x00, 0x70, 0x03, 0x00, 0x18, 0x00, 0xC1, 0xF7, 0x07, 0x38, 0x18, 0xC0, 0xC3, 0x8E, 0x0F,
    0xF0, 0x00, 0x00, 0xC0, 0x06, 0x00, 0x30, 0x00, 0x00, 0x00, 0x01, 0x00, 0xC0, 0x30, 0x00, 0xCF,
    0xF7, 0x31, 0x8C, 0x63, 0x1C, 0xC3, 0xF0, 0xF0, 0x20, 0x0F, 0xC3, 0xF9, 0x87, 0xC1, 0xF0, 0x67,
    0xF0, 0xF8, 0x01, 0x00, 0x07, 0x00, 0x1B, 0x00, 0x22, 0x07, 0xC7, 0xCF, 0x8F, 0x8E, 0x0E, 0x1C,
    0x1C, 0x38, 0x38, 0x70, 0x70, 0xFF, 0xE1, 0xFF, 0xC3, 0x83, 0x87, 0x07, 0x0E, 0x0E, 0x1C, 0x1C,
    0x38, 0x38, 0xF8, 0xF8, 0x06, 0x00, 0xE0, 0x1F, 0x01, 0x18, 0x60, 0x0F, 0x00, 0x30, 0x03, 0x00,
    0x30, 0x03, 0xF8, 0x39, 0xC3, 0x0C, 0x30, 0xC3, 0x0C, 0x30, 0xC3, 0x0C, 0x30, 0xC3, 0x0C, 0xFC,
    0xF0, 0x7C, 0x7C, 0xF8, 0xF8, 0xE0, 0xE3, 0xFF, 0xE7, 0xFF, 0xC7, 0x07, 0x0F, 0xFE, 0x1F, 0xFC,
    0x38, 0x38, 0x70, 0x70, 0xE0, 0xE1, 0xC1, 0xC3, 0x83, 0x8F, 0x8F, 0x80, 0x60, 0x0F, 0x00, 0x30,
    0x0F, 0xE0, 0x30, 0x03, 0x78, 0x3F, 0xC3, 0x0C, 0x30, 0xC3, 0x0C, 0x30, 0xC3, 0x0C, 0x30, 0xC3,
    0x0C, 0xFC, 0xF0, 0x73, 0xFE, 0x73, 0xE7, 0xC7, 0x0E, 0x1C, 0x38, 0x70, 0xE1, 0xC3, 0x87, 0x0E,
    0x1C, 0x7C, 0x72, 0x7E, 0x0C, 0x00, 0x78, 0x18, 0x18, 0x18, 0x18, 0x18, 0x18, 0x18, 0x18, 0x7E,
    0x7C, 0xF9, 0xF3, 0xE3, 0x87, 0x0E, 0x1C, 0x38, 0x70, 0xE1, 0xC3, 0x87, 0x0E, 0x3E, 0xFF, 0xE0,
    0x3C, 0x30, 0xC3, 0x0C, 0x30, 0xC3, 0x0C, 0xFC, 0x44, 0xF8, 0xE3, 0xE7, 0xC7, 0x0E, 0x1C, 0x38,
    0x70, 0xE1, 0xC3, 0x87, 0x0E, 0x1C, 0x7C, 0xCF, 0xE7, 0x00, 0xF0, 0xC3, 0x0C, 0x30, 0xC3, 0x0C,
    0x33, 0xF0, 0x7C, 0xF8, 0xE1, 0xC3, 0x87, 0x0E, 0x1C, 0x38, 0x70, 0xE1, 0xC3, 0x8F, 0x8C, 0x18,
    0x60, 0x78, 0x60, 0x00, 0xC3, 0x00, 0x03, 0xC3, 0x0C, 0x30, 0xC3, 0x0C, 0x30, 0xCF, 0xCC, 0x61,
    0x87, 0x8E, 0x00, 0x70, 0xE0, 0x07, 0xCF, 0x8E, 0x1C, 0x38, 0x70, 0xE1, 0xC3, 0x87, 0x0E, 0x1C,
    0x38, 0xF8, 0x03, 0xC3, 0x0C, 0x30, 0xC3, 0x0C, 0x30, 0xCF, 0xC0, 0x7D, 0xF3, 0xEF, 0x8E, 0x18,
    0x70, 0xC3, 0x86, 0x1C, 0x30, 0xE1, 0x87, 0x0C, 0x38, 0x61, 0xC3, 0x0E, 0x18, 0x70, 0xC3, 0x86,
    0x3E, 0x30, 0x01, 0x80, 0x1C, 0x00, 0xE0, 0x1E, 0x00, 0xC0, 0x00, 0x0C, 0x33, 0x0C, 0x00, 0x00,
    0x3C, 0xF3, 0x0C, 0xC3, 0x30, 0xCC, 0x33, 0x0C, 0xC3, 0x30, 0xCC, 0x3F, 0xCC, 0x03, 0x00, 0xC0,
    0x70, 0x38, 0x0C, 0x08, 0x1C, 0x36, 0x22, 0x3E, 0x3E, 0x1C, 0x1C, 0x1C, 0x1C, 0x1C, 0x1C, 0x1C,
    0x1C, 0x1C, 0x1C, 0x1C, 0x1C, 0x1C, 0x1C, 0x18, 0x78, 0x60, 0x10, 0x71, 0xB2, 0x20, 0x0F, 0x06,
    0x0C, 0x18, 0x30, 0x60, 0xC1, 0x83, 0x06, 0x0C, 0x18, 0x71, 0xC3, 0x00, 0x7C, 0x71, 0xF3, 0xC3,
    0x86, 0x0E, 0x30, 0x39, 0x80, 0xEC, 0x03, 0xF0, 0x0F, 0xC0, 0x3B, 0x80, 0xE7, 0x03, 0x8E, 0x0E,
    0x38, 0x38, 0x71, 0xF0, 0xF0, 0x00, 0x00, 0xC0, 0x03, 0x00, 0x18, 0x00, 0x00, 0x00, 0x60, 0x1E,
    0x00, 0xC0, 0x18, 0x03, 0x00, 0x67, 0x8C, 0x61, 0x98, 0x36, 0x07, 0xC0, 0xFC, 0x19, 0x83, 0x38,
    0x63, 0xBF, 0x38, 0x00, 0x06, 0x00, 0xC0, 0x30, 0x00, 0x00, 0x00, 0x1E, 0x78, 0xC6, 0x19, 0x83,
    0x60, 0x7C, 0x0F, 0xC1, 0x98, 0x33, 0x86, 0x3B, 0xF3, 0x80, 0x04, 0x01, 0x80, 0x60, 0x08, 0x07,
    0xC0, 0xF8, 0x0E, 0x01, 0xC0, 0x38, 0x07, 0x00, 0xE0, 0x1C, 0x03, 0x80, 0x70, 0x0E, 0x09, 0xC3,
    0x38, 0x6F, 0xFC, 0x08, 0x63, 0x08, 0x63, 0xC3, 0x0C, 0x30, 0xC3, 0x0C, 0x30, 0xC3, 0x0C, 0x30,
    0xCF, 0xC0, 0x7C, 0x0F, 0x80, 0xE0, 0x1C, 0x03, 0x80, 0x70, 0x0E, 0x01, 0xC0, 0x38, 0x07, 0x00,
    0xE0, 0x9C, 0x33, 0x86, 0xFF, 0xC0, 0x00, 0x30, 0x06, 0x00, 0x80, 0x00, 0x00, 0x63, 0xC3, 0x0C,
    0x30, 0xC3, 0x0C, 0x30, 0xC3, 0x0C, 0x30, 0xCF, 0xC0, 0x30, 0xC6, 0x00, 0x7C, 0x4F, 0x98, 0xE2,
    0x1C, 0x43, 0x80, 0x70, 0x0E, 0x01, 0xC0, 0x38, 0x07, 0x00, 0xE0, 0x9C, 0x33, 0x86, 0xFF, 0xC0,
    0x62, 0xF6, 0x34, 0x34, 0x30, 0x30, 0x30, 0x30, 0x30, 0x30, 0x30, 0x30, 0x30, 0x30, 0xFC, 0x7C,
    0x0F, 0x80, 0xE0, 0x1C, 0x03, 0x80, 0x70, 0x0E, 0x31, 0xC6, 0x38, 0x07, 0x00, 0xE0, 0x9C, 0x33,
    0x86, 0xFF, 0xC0, 0x60, 0xF0, 0x30, 0x30, 0x30, 0x30, 0x30, 0x30, 0x37, 0x37, 0x30, 0x30, 0x30,
    0x30, 0xFC, 0x7C, 0x0F, 0x80, 0xE0, 0x1C, 0x03, 0x80, 0x76, 0x0F, 0x81, 0xC0, 0x78, 0x0F, 0x00,
    0xE0, 0x9C, 0x33, 0x86, 0xFF, 0xC0, 0x73, 0xC3, 0x0C, 0x30, 0xC3, 0x0F, 0x39, 0xC7, 0x0C, 0x30,
    0xCF, 0xC0, 0x00, 0xC0, 0x07, 0x00, 0x18, 0x00, 0xC0, 0x70, 0x7D, 0xE1, 0xF3, 0xC1, 0x0F, 0x04,
    0x3E, 0x10, 0xDC, 0x43, 0x31, 0x0C, 0xE4, 0x31, 0xD0, 0xC7, 0x43, 0x0F, 0x0C, 0x1C, 0x30, 0x71,
    0xF0, 0xC0, 0x01, 0x80, 0x38, 0x03, 0x00, 0x40, 0x00, 0x0F, 0xF8, 0x39, 0xC3, 0x0C, 0x30, 0xC3,
    0x0C, 0x30, 0xC3, 0x0C, 0x30, 0xC3, 0x0C, 0xFC, 0xF0, 0x70, 0x7D, 0xE1, 0xF3, 0xC1, 0x0F, 0x04,
    0x3E, 0x10, 0xDC, 0x43, 0x31, 0x0C, 0xE4, 0x31, 0xD0, 0xC7, 0x43, 0x0F, 0x0C, 0x1C, 0x30, 0x71,
    0xF0, 0xC0, 0x00, 0x00, 0xE0, 0x03, 0x00, 0x0C, 0x00, 0x00, 0x00, 0x00, 0x0F, 0xF8, 0x39, 0xC3,
    0x0C, 0x30, 0xC3, 0x0C, 0x30, 0xC3, 0x0C, 0x30, 0xC3, 0x0C, 0xFC, 0xF0, 0x00, 0x06, 0x00, 0x60,
    0x04, 0x00, 0x00, 0x04, 0x00, 0x1B, 0x00, 0x38, 0x00, 0xE0, 0x70, 0x7D, 0xE1, 0xF3, 0xC1, 0x0F,
    0x04, 0x3E, 0x10, 0xDC, 0x43, 0x31, 0x0C, 0xE4, 0x31, 0xD0, 0xC7, 0x43, 0x0F, 0x0C, 0x1C, 0x30,
    0x71, 0xF0, 0xC0, 0x00, 0x80, 0xD8, 0x0F, 0x00, 0x60, 0x00, 0x0F, 0xF8, 0x39, 0xC3, 0x0C, 0x30,
    0xC3, 0x0C, 0x30, 0xC3, 0x0C, 0x30, 0xC3, 0x0C, 0xFC, 0xF0, 0x40, 0x01, 0xC0, 0x01, 0x80, 0x03,
    0x00, 0x07, 0xFF, 0x11, 0xE7, 0x03, 0x8E, 0x07, 0x0C, 0x0E, 0x18, 0x1C, 0x30, 0x38, 0x60, 0x70,
    0xC0, 0xE1, 0x83, 0xE3, 0x80, 0x70, 0x7D, 0xE1, 0xF3, 0xC1, 0x0F, 0x04, 0x3E, 0x10, 0xDC, 0x43,
    0x31, 0x0C, 0xE4, 0x31, 0xD0, 0xC3, 0x43, 0x0F, 0x0C, 0x1C, 0x30, 0x31, 0xF0, 0xC0, 0x01, 0x00,
    0x04, 0x00, 0x30, 0x01, 0xC0, 0x04, 0x00, 0x00, 0x1F, 0xF0, 0xE7, 0x18, 0x63, 0x0C, 0x61, 0x8C,
    0x31, 0x86, 0x30, 0xC6, 0x1B, 0xF3, 0x00, 0x60, 0x0C, 0x01, 0x80, 0xE0, 0x18, 0x1F, 0x81, 0xF8,
    0x0F, 0x03, 0xFC, 0x70, 0xE6, 0x06, 0xE0, 0x7C, 0x07, 0xC0, 0x7C, 0x03, 0xC0, 0x7E, 0x07, 0xE0,
    0x76, 0x06, 0x70, 0xC1, 0xF8, 0x00, 0x00, 0x3E, 0x1F, 0x00, 0x0F, 0xC6, 0x36, 0x1F, 0x07, 0x83,
    0xC1, 0xE0, 0xF0, 0xEC, 0x63, 0xE0, 0x00, 0x19, 0x81, 0xF0, 0x0E, 0x00, 0xF0, 0x3F, 0xC7, 0x0E,
    0x60, 0x6E, 0x07, 0xC0, 0x7C, 0x07, 0xC0, 0x3C, 0x07, 0xE0, 0x7E, 0x07, 0x60, 0x67, 0x0C, 0x1F,
    0x80, 0x00, 0x22, 0x1F, 0x07, 0x00, 0x07, 0xE3, 0x1B, 0x0F, 0x83, 0xC1, 0xE0, 0xF0, 0x78, 0x76,
    0x31, 0xF0, 0x00, 0x04, 0xC0, 0xDC, 0x1D, 0x81, 0x30, 0x0F, 0x03, 0xFC, 0x70, 0xE6, 0x06, 0xE0,
    0x7C, 0x07, 0xC0, 0x7C, 0x03, 0xC0, 0x7E, 0x07, 0xE0, 0x76, 0x06, 0x70, 0xC1, 0xF8, 0x00, 0x00,
    0x19, 0x1D, 0x8D, 0x84, 0x80, 0x03, 0xF1, 0x8D, 0x87, 0xC1, 0xE0, 0xF0, 0x78, 0x3C, 0x3B, 0x18,
    0xF8, 0x00, 0x0F, 0xFE, 0x1F, 0xFF, 0x9C, 0x30, 0xCC, 0x18, 0x6E, 0x0C, 0x06, 0x06, 0x03, 0x03,
    0xF1, 0x81, 0xF8, 0xC0, 0xC0, 0x70, 0x60, 0x38, 0x30, 0x0C, 0x18, 0x27, 0x0C, 0x30, 0xFF, 0xF8,
    0x00, 0x00, 0x00, 0x00, 0x7E, 0xFC, 0x63, 0xCE, 0xC3, 0x86, 0xC1, 0x86, 0xC1, 0xFE, 0xC1, 0x80,
    0xC1, 0x80, 0xC3, 0x80, 0x63, 0xC6, 0x3E, 0x7C, 0x00, 0x00, 0x01, 0x00, 0x18, 0x01, 0x80, 0x08,
    0x07, 0xE0, 0x3F, 0xE0, 0xE3, 0x07, 0x1C, 0x38, 0xE1, 0xC7, 0x0E, 0x30, 0x7F, 0x03, 0xB8, 0x1C,
    0xC0, 0xE7, 0x07, 0x1C, 0x38, 0xE3, 0xE3, 0xC0, 0x06, 0x07, 0x03, 0x03, 0x00, 0x07, 0xFC, 0xEE,
    0x72, 0x30, 0x18, 0x0C, 0x06, 0x03, 0x01, 0x83, 0xF0, 0x7E, 0x03, 0xFE, 0x0E, 0x30, 0x71, 0xC3,
    0x8E, 0x1C, 0x70, 0xE3, 0x07, 0xF0, 0x3B, 0x81, 0xCC, 0x0E, 0x70, 0x71, 0xC3, 0x8E, 0x3E, 0x3C,
    0x00, 0x00, 0xC0, 0x06, 0x00, 0x20, 0x00, 0x00, 0x00, 0x7F, 0xCE, 0xE7, 0x23, 0x01, 0x80, 0xC0,
    0x60, 0x30, 0x18, 0x3F, 0x00, 0x03, 0x01, 0x81, 0x80, 0x00, 0x10, 0x00, 0xD8, 0x03, 0xC0, 0x0C,
    0x07, 0xE0, 0x3F, 0xE0, 0xE3, 0x07, 0x1C, 0x38, 0xE1, 0xC7, 0x0E, 0x30, 0x7F, 0x03, 0xB8, 0x1C,
    0xC0, 0xE7, 0x07, 0x1C, 0x38, 0xE3, 0xE3, 0xC0, 0x02, 0x1B, 0x0F, 0x03, 0x00, 0x07, 0xFC, 0xEE,
    0x72, 0x30, 0x18, 0x0C, 0x06, 0x03, 0x01, 0x83, 0xF0, 0x03, 0x01, 0x80, 0xE0, 0x20, 0x1E, 0x0F,
    0xE6, 0x19, 0x86, 0x60, 0x1C, 0x03, 0xC0, 0x7C, 0x07, 0x80, 0x64, 0x19, 0x86, 0x61, 0x8F, 0xC0,
    0x00, 0x06, 0x0E, 0x0C, 0x18, 0x00, 0x3E, 0x66, 0x62, 0x70, 0x3C, 0x1E, 0x07, 0x43, 0x63, 0x7E,
    0x00, 0x0C, 0x03, 0x81, 0xF0, 0xC4, 0x1E, 0x0F, 0xE6, 0x19, 0x86, 0x60, 0x1C, 0x03, 0xC0, 0x7C,
    0x07, 0x80, 0x64, 0x19, 0x86, 0x61, 0x8F, 0xC0, 0x00, 0x08, 0x1C, 0x36, 0x22, 0x00, 0x3E, 0x66,
    0x62, 0x70, 0x3C, 0x1E, 0x07, 0x43, 0x63, 0x7E, 0x00, 0x1E, 0x0F, 0xE6, 0x19, 0x86, 0x60, 0x1C,
    0x03, 0xC0, 0x7C, 0x07, 0x80, 0x64, 0x19, 0x86, 0x61, 0x8F, 0xC0, 0xC0, 0x38, 0x06, 0x07, 0x81,
    0xC0, 0x00, 0x3E, 0x66, 0x62, 0x70, 0x3C, 0x1E, 0x07, 0x43, 0x63, 0x7E, 0x18, 0x1C, 0x0C, 0x3C,
    0x38, 0x01, 0x06, 0xC1, 0xE0, 0x30, 0x1E, 0x0F, 0xE6, 0x19, 0x86, 0x60, 0x1C, 0x03, 0xC0, 0x7C,
    0x07, 0x80, 0x64, 0x19, 0x86, 0x61, 0x8F, 0xC0, 0x00, 0x02, 0x36, 0x3C, 0x18, 0x00, 0x3E, 0x66,
    0x62, 0x70, 0x3C, 0x1E, 0x07, 0x43, 0x63, 0x7E, 0x00, 0x7F, 0xEF, 0xFE, 0xC6, 0x2C, 0x62, 0x06,
    0x00, 0x60, 0x06, 0x00, 0x60, 0x06, 0x00, 0x60, 0x06, 0x00, 0x60, 0x0E, 0x01, 0xF8, 0x06, 0x00,
    0x70, 0x03, 0x00, 0xF0, 0x0E, 0x00, 0x00, 0x60, 0xC7, 0xE3, 0x06, 0x0C, 0x18, 0x30, 0x60, 0xC1,
    0x83, 0xC3, 0x07, 0x06, 0x3C, 0x70, 0x10, 0x01, 0xB0, 0x0F, 0x00, 0x60, 0x7F, 0xEF, 0xFE, 0xC6,
    0x2C, 0x62, 0x06, 0x00, 0x60, 0x06, 0x00, 0x60, 0x06, 0x00, 0x60, 0x06, 0x00, 0x60, 0x0E, 0x01,
    0xF8, 0x02, 0x06, 0x06, 0x34, 0x30, 0xFC, 0x30, 0x30, 0x30, 0x30, 0x30, 0x30, 0x30, 0x30, 0x3C,
    0x00, 0x7F, 0xEF, 0xFE, 0xC6, 0x2C, 0x62, 0x06, 0x00, 0x60, 0x0E, 0x07, 0xFC, 0x06, 0x00, 0x60,
    0x06, 0x00, 0x60, 0x0E, 0x01, 0xF8, 0x00, 0x60, 0xC7, 0xE3, 0x06, 0x1F, 0x7E, 0x30, 0x60, 0xC1,
    0x83, 0xC0, 0x00, 0x0E, 0x40, 0x3F, 0x00, 0x18, 0x3F, 0x1E, 0xFC, 0x78, 0xC0, 0xC3, 0x03, 0x0C,
    0x0C, 0x30, 0x30, 0xC0, 0xC3, 0x03, 0x0C, 0x0C, 0x30, 0x30, 0xC0, 0xC3, 0x02, 0x0F, 0x18, 0x1F,
    0xC0, 0x00, 0x00, 0x1C, 0x83, 0xF8, 0x03, 0x00, 0x00, 0xF3, 0xC3, 0x0C, 0x30, 0xC3, 0x0C, 0x30,
    0xC3, 0x0C, 0x30, 0xC3, 0x0C, 0x39, 0xC1, 0xFF, 0x00, 0x00, 0x0F, 0xC0, 0x3F, 0x0F, 0xC7, 0xBF,
    0x1E, 0x30, 0x30, 0xC0, 0xC3, 0x03, 0x0C, 0x0C, 0x30, 0x30, 0xC0, 0xC3, 0x03, 0x0C, 0x0C, 0x30,
    0x30, 0xC0, 0x83, 0xC6, 0x07, 0xF0, 0x00, 0x00, 0x1F, 0x81, 0xF0, 0x00, 0x0F, 0x3C, 0x30, 0xC3,
    0x0C, 0x30, 0xC3, 0x0C, 0x30, 0xC3, 0x0C, 0x30, 0xC3, 0x9C, 0x1F, 0xF0, 0x00, 0x0C, 0xC0, 0x3E,
    0x00, 0x70, 0x3F, 0x1E, 0xFC, 0x78, 0xC0, 0xC3, 0x03, 0x0C, 0x0C, 0x30, 0x30, 0xC0, 0xC3, 0x03,
    0x0C, 0x0C, 0x30, 0x30, 0xC0, 0xC3, 0x02, 0x0F, 0x18, 0x1F, 0xC0, 0x00, 0x00, 0x11, 0x81, 0xF0,
    0x0E, 0x00, 0x00, 0xF3, 0xC3, 0x0C, 0x30, 0xC3, 0x0C, 0x30, 0xC3, 0x0C, 0x30, 0xC3, 0x0C, 0x39,
    0xC1, 0xFF, 0x00, 0x00, 0x00, 0x00, 0x1E, 0x00, 0xC8, 0x01, 0x20, 0x07, 0x83, 0xF1, 0xEF, 0xC7,
    0x8C, 0x0C, 0x30, 0x30, 0xC0, 0xC3, 0x03, 0x0C, 0x0C, 0x30, 0x30, 0xC0, 0xC3, 0x03, 0x0C, 0x0C,
    0x30, 0x20, 0xF1, 0x81, 0xFC, 0x00, 0x00, 0x00, 0x00, 0xF0, 0x19, 0x01, 0xB0, 0x0E, 0x00, 0x00,
    0xF3, 0xC3, 0x0C, 0x30, 0xC3, 0x0C, 0x30, 0xC3, 0x0C, 0x30, 0xC3, 0x0C, 0x39, 0xC1, 0xFF, 0x00,
    0x00, 0x03, 0x60, 0x1F, 0x80, 0x6C, 0x03, 0x20, 0xFC, 0x7B, 0xF1, 0xE3, 0x03, 0x0C, 0x0C, 0x30,
    0x30, 0xC0, 0xC3, 0x03, 0x0C, 0x0C, 0x30, 0x30, 0xC0, 0xC3, 0x03, 0x0C, 0x08, 0x3C, 0x60, 0x7F,
    0x00, 0x00, 0x00, 0x04, 0xC0, 0xDC, 0x1D, 0x81, 0x30, 0x00, 0x0F, 0x3C, 0x30, 0xC3, 0x0C, 0x30,
    0xC3, 0x0C, 0x30, 0xC3, 0x0C, 0x30, 0xC3, 0x9C, 0x1F, 0xF0, 0x00, 0x7C, 0x79, 0xF1, 0xE3, 0x03,
    0x0C, 0x0C, 0x30, 0x30, 0xC0, 0xC3, 0x03, 0x0C, 0x0C, 0x30, 0x30, 0xC0, 0xC3, 0x03, 0x0E, 0x0C,
    0x1C, 0x60, 0x3F, 0x00, 0x30, 0x01, 0x80, 0x06, 0x00, 0x1E, 0x00, 0x38, 0x00, 0x00, 0x0F, 0x3C,
    0x30, 0xC3, 0x0C, 0x30, 0xC3, 0x0C, 0x30, 0xC3, 0x0C, 0x30, 0xC3, 0x9C, 0x1F, 0xF0, 0x18, 0x03,
    0x00, 0x30, 0x03, 0xC0, 0x1C, 0x00, 0x60, 0x00, 0x07, 0x00, 0x00, 0xF8, 0x00, 0x18, 0x80, 0xF8,
    0x01, 0xEF, 0x86, 0x1E, 0x30, 0x70, 0xC3, 0x0F, 0x0C, 0x38, 0xF0, 0x83, 0x8B, 0x18, 0x18, 0xB9,
    0x81, 0x99, 0x98, 0x1D, 0x99, 0x00, 0xD1, 0xF0, 0x0F, 0x0F, 0x00, 0xF0, 0xE0, 0x0F, 0x0E, 0x00,
    0x60, 0xE0, 0x00, 0x80, 0x00, 0xE0, 0x00, 0xD8, 0x00, 0x44, 0x00, 0x00, 0x07, 0xCC, 0x79, 0xC7,
    0x18, 0xE3, 0x8C, 0x33, 0xC4, 0x19, 0x36, 0x0E, 0x9B, 0x03, 0xCD, 0x01, 0xC3, 0x80, 0xE1, 0xC0,
    0x70, 0xC0, 0x03, 0x00, 0x3C, 0x01, 0xE0, 0x11, 0x87, 0xCF, 0xBE, 0x7C, 0xE0, 0x83, 0x0C, 0x1C,
    0x40, 0x76, 0x01, 0xA0, 0x0F, 0x00, 0x30, 0x01, 0x80, 0x0C, 0x00, 0x60, 0x03, 0x00, 0x7E, 0x00,
    0x04, 0x01, 0xC0, 0x6C, 0x08, 0x80, 0x01, 0xF3, 0xDC, 0x31, 0x84, 0x31, 0x87, 0x30, 0x64, 0x0D,
    0x80, 0xE0, 0x1C, 0x01, 0x80, 0x60, 0x0C, 0x03, 0x01, 0xE0, 0x30, 0x00, 0x0C, 0xC0, 0x66, 0x00,
    0x00, 0xF9, 0xF7, 0xCF, 0x9C, 0x10, 0x61, 0x83, 0x88, 0x0E, 0xC0, 0x34, 0x01, 0xE0, 0x06, 0x00,
    0x30, 0x01, 0x80, 0x0C, 0x00, 0x60, 0x0F, 0xC0, 0x03, 0x00, 0xE0, 0x18, 0x02, 0x07, 0xFC, 0xFF,
    0x98, 0x72, 0x1C, 0x03, 0x00, 0xE0, 0x38, 0x07, 0x01, 0xC0, 0x30, 0x0E, 0x03, 0x83, 0x70, 0x7F,
    0xF8, 0x02, 0x03, 0x03, 0x01, 0x00, 0x03, 0xFD, 0x8C, 0x8C, 0x0E, 0x06, 0x07, 0x07, 0x03, 0x1B,
    0x8D, 0xFE, 0x00, 0x00, 0xC0, 0x18, 0x00, 0x07, 0xFC, 0xFF, 0x98, 0x72, 0x1C, 0x03, 0x00, 0xE0,
    0x38, 0x07, 0x01, 0xC0, 0x30, 0x0E, 0x03, 0x83, 0x70, 0x7F, 0xF8, 0x00, 0x06, 0x03, 0x00, 0x00,
    0x03, 0xFD, 0x8C, 0x8C, 0x0E, 0x06, 0x07, 0x07, 0x03, 0x1B, 0x8D, 0xFE, 0x10, 0x03, 0x60, 0x3C,
    0x03, 0x07, 0xFC, 0xFF, 0x98, 0x72, 0x1C, 0x03, 0x00, 0xE0, 0x38, 0x07, 0x01, 0xC0, 0x30, 0x0E,
    0x03, 0x83, 0x70, 0x7F, 0xF8, 0x21, 0x19, 0x87, 0x81, 0x80, 0x03, 0xFD, 0x8C, 0x8C, 0x0E, 0x06,
    0x07, 0x07, 0x03, 0x1B, 0x8D, 0xFE, 0x0E, 0x1F, 0x33, 0x30, 0x30, 0x30, 0x30, 0x30, 0x30, 0x30,
    0x30, 0x30, 0x30, 0x30, 0xFC, 0x00, 0x08, 0x3C, 0x73, 0xFC, 0xDC, 0x3E, 0x60, 0x73, 0x81, 0xCC,
    0x07, 0x30, 0x1C, 0xC0, 0x33, 0x01, 0xCE, 0x07, 0x38, 0x1C, 0x60, 0x61, 0xC3, 0x01, 0xF8, 0x00,
    0x00, 0x00, 0xE0, 0x1D, 0xF9, 0xB1, 0xEC, 0x39, 0x83, 0x30, 0x66, 0x0C, 0xC1, 0x98, 0x71, 0x8C,
    0x1F, 0x00, 0x00, 0x00, 0x05, 0xF8, 0xDF, 0xF1, 0xD9, 0x81, 0xE3, 0x03, 0x86, 0x06, 0x0C, 0x0C,
    0x18, 0x18, 0x30, 0x30, 0x60, 0x60, 0xC0, 0xC1, 0x81, 0x83, 0x02, 0x07, 0x8C, 0x07, 0xF0, 0x00,
    0x00, 0x00, 0x18, 0x00, 0xFC, 0xF6, 0x61, 0xE3, 0x0E, 0x18, 0x60, 0xC3, 0x06, 0x18, 0x30, 0xC1,
    0x86, 0x0E, 0x70, 0x3F, 0xE0, 0x00, 0x00, 0x00, 0x00, 0x04, 0x00, 0x00, 0x6C, 0x00, 0x00, 0x38,
    0x00, 0x00, 0x38, 0x7F, 0x01, 0xFF, 0x7F, 0xC3, 0xFF, 0x38, 0x63, 0x06, 0x38, 0x73, 0x0E, 0x38,
    0x30, 0x1C, 0x38, 0x38, 0x18, 0x38, 0x38, 0x38, 0x38, 0x38, 0x70, 0x38, 0x38, 0x70, 0x38, 0x38,
    0xE0, 0x38, 0x30, 0xC1, 0x38, 0x71, 0xC1, 0x38, 0xE3, 0x83, 0x7F, 0xC3, 0xFF, 0x00, 0x00, 0x80,
    0xFE, 0x01, 0xB1, 0xFF, 0x01, 0xC1, 0xC3, 0x03, 0x83, 0x87, 0x00, 0x07, 0x06, 0x3F, 0x8E, 0x0E,
    0xC7, 0x1C, 0x1C, 0x8C, 0x38, 0x38, 0x30, 0x70, 0x70, 0xE0, 0xE0, 0xE1, 0x81, 0xC1, 0x86, 0x03,
    0x87, 0x1C, 0x47, 0x1C, 0x30, 0x9F, 0xF0, 0xFF, 0x00, 0x03, 0x04, 0x40, 0x78, 0x6C, 0x03, 0x83,
    0x80, 0x38, 0x38, 0x03, 0x80, 0x07, 0xF9, 0xFE, 0xE7, 0x98, 0xEC, 0x39, 0x8C, 0xC3, 0x81, 0x8C,
    0x38, 0x38, 0xC3, 0x83, 0x0C, 0x38, 0x60, 0xC3, 0x8E, 0x2E, 0x78, 0xC6, 0x7D, 0xDF, 0xE0, 0x00,
    0x00, 0x7C, 0x07, 0xDF, 0x01, 0xF3, 0x80, 0x30, 0xE0, 0x0C, 0x38, 0x03, 0x0E, 0x00, 0xC3, 0x80,
    0x30, 0xE0, 0x0C, 0x38, 0x03, 0x0E, 0x00, 0xC3, 0x82, 0x30, 0xE1, 0x8C, 0x38, 0x63, 0x1F, 0xF8,
    0xC0, 0x00, 0x30, 0x00, 0x0C, 0x00, 0x07, 0x00, 0x03, 0x80, 0x01, 0xC0, 0x00, 0x00, 0x7C, 0x07,
    0x7C, 0x07, 0x38, 0x00, 0x38, 0x00, 0x38, 0x0F, 0x38, 0x07, 0x38, 0x07, 0x38, 0x07, 0x38, 0x07,
    0x38, 0x07, 0x38, 0x27, 0x38, 0x67, 0x38, 0x67, 0x7F, 0xE7, 0x00, 0x07, 0x00, 0x07, 0x00, 0x06,
    0x00, 0x0E, 0x00, 0x18, 0x60, 0x3C, 0x73, 0x1C, 0xC0, 0x30, 0x0C, 0xF3, 0x1C, 0xC3, 0x30, 0xCC,
    0x33, 0x0C, 0xC3, 0x30, 0xCC, 0x3F, 0xCC, 0x03, 0x01, 0xC0, 0x60, 0x38, 0x08, 0x70, 0x7D, 0xF3,
    0xC3, 0xEF, 0x8F, 0x04, 0x18, 0x78, 0x20, 0xC3, 0xE1, 0x06, 0x1B, 0x88, 0x30, 0xCC, 0x41, 0x86,
    0x72, 0x0C, 0x31, 0xD0, 0x61, 0x8E, 0x83, 0x0C, 0x3C, 0x18, 0x60, 0xE0, 0xC3, 0x07, 0x06, 0x3E,
    0x18, 0x30, 0x00, 0x01, 0x80, 0x00, 0x1C, 0x00, 0x00, 0xE0, 0x00, 0x1E, 0x00, 0x00, 0xC0, 0x00,
    0x00, 0x0E, 0x0F, 0x99, 0xE1, 0xF3, 0x1E, 0x08, 0x03, 0xC1, 0x00, 0x7C, 0x23, 0x8D, 0xC4, 0x31,
    0x98, 0x86, 0x33, 0x90, 0xC6, 0x3A, 0x18, 0xC7, 0x43, 0x18, 0x78, 0x63, 0x07, 0x0C, 0x60, 0xE1,
    0x9F, 0x0C, 0x30, 0x00, 0x06, 0x00, 0x00, 0xC0, 0x00, 0x18, 0x00, 0x0E, 0x00, 0x01, 0x80, 0x00,
    0x00, 0x00, 0x03, 0x00, 0x03, 0x00, 0x00, 0x00, 0x00, 0xFF, 0x8F, 0x39, 0xC3, 0x30, 0xC3, 0x30,
    0xC3, 0x30, 0xC3, 0x30, 0xC3, 0x30, 0xC3, 0x30, 0xC3, 0x30, 0xC3, 0xFC, 0xF3, 0x00, 0x03, 0x00,
    0x03, 0x00, 0x03, 0x00, 0x0E, 0x00, 0x0C, 0x08, 0x00, 0x36, 0x00, 0x78, 0x00, 0xC0, 0x02, 0x00,
    0x1C, 0x00, 0x70, 0x01, 0xE0, 0x0D, 0x80, 0x36, 0x01, 0x9C, 0x06, 0x30, 0x1F, 0xE0, 0xFF, 0x83,
    0x06, 0x08, 0x1C, 0x60, 0x73, 0xE3, 0xE0, 0x01, 0x06, 0xC1, 0xE0, 0x30, 0x00, 0x0F, 0xC7, 0x38,
    0xCE, 0x01, 0x8F, 0xE7, 0x19, 0x86, 0x63, 0x99, 0xE3, 0xDC, 0x00, 0x44, 0xD8, 0xE1, 0xC7, 0xCF,
    0x8E, 0x1C, 0x38, 0x70, 0xE1, 0xC3, 0x87, 0x0E, 0x1C, 0x38, 0xF8, 0x87, 0x37, 0x8C, 0x03, 0xC3,
    0x0C, 0x30, 0xC3, 0x0C, 0x30, 0xCF, 0xC0, 0x10, 0x81, 0x98, 0x0F, 0x00, 0x60, 0x0F, 0x03, 0xFC,
    0x70, 0xE6, 0x06, 0xE0, 0x7C, 0x07, 0xC0, 0x7C, 0x03, 0xC0, 0x7E, 0x07, 0xE0, 0x76, 0x06, 0x70,
    0xC1, 0xF8, 0x00, 0x00, 0x02, 0x1B, 0x07, 0x03, 0x80, 0x03, 0xF1, 0x8D, 0x87, 0xC1, 0xE0, 0xF0,
    0x78, 0x3C, 0x3B, 0x18, 0xF8, 0x00, 0x00, 0x40, 0x1B, 0x00, 0x78, 0x00, 0xC0, 0xFC, 0x7B, 0xF1,
    0xE3, 0x03, 0x0C, 0x0C, 0x30, 0x30, 0xC0, 0xC3, 0x03, 0x0C, 0x0C, 0x30, 0x30, 0xC0, 0xC3, 0x03,
    0x0C, 0x08, 0x3C, 0x60, 0x7F, 0x00, 0x00, 0x00, 0x10, 0x01, 0xB0, 0x0F, 0x00, 0x60, 0x00, 0x0F,
    0x3C, 0x30, 0xC3, 0x0C, 0x30, 0xC3, 0x0C, 0x30, 0xC3, 0x0C, 0x30, 0xC3, 0x9C, 0x1F, 0xF0, 0x00,
    0x0F, 0xC0, 0x1F, 0x00, 0xCC, 0x03, 0x30, 0x04, 0x83, 0xF1, 0xEF, 0xC7, 0x8C, 0x0C, 0x30, 0x30,
    0xC0, 0xC3, 0x03, 0x0C, 0x0C, 0x30, 0x30, 0xC0, 0xC3, 0x03, 0x0C, 0x0C, 0x30, 0x20, 0xF1, 0x81,
    0xFC, 0x00, 0x00, 0x1F, 0x81, 0xF0, 0x19, 0x01, 0xB8, 0x19, 0x00, 0x00, 0xF3, 0xC3, 0x0C, 0x30,
    0xC3, 0x0C, 0x30, 0xC3, 0x0C, 0x30, 0xC3, 0x0C, 0x39, 0xC1, 0xFF, 0x00, 0x00, 0x00, 0xC0, 0x07,
    0x00, 0x18, 0x01, 0x20, 0x0C, 0xC0, 0x33, 0x0F, 0xC7, 0xBF, 0x1E, 0x30, 0x30, 0xC0, 0xC3, 0x03,
    0x0C, 0x0C, 0x30, 0x30, 0xC0, 0xC3, 0x03, 0x0C, 0x0C, 0x30, 0x30, 0xC0, 0x83, 0xC6, 0x07, 0xF0,
    0x00, 0x00, 0x01, 0x00, 0x30, 0x06, 0x00, 0x50, 0x1B, 0x81, 0x90, 0x00, 0x0F, 0x3C, 0x30, 0xC3,
    0x0C, 0x30, 0xC3, 0x0C, 0x30, 0xC3, 0x0C, 0x30, 0xC3, 0x9C, 0x1F, 0xF0, 0x00, 0x08, 0x40, 0x1F,
    0x00, 0x78, 0x01, 0x20, 0x0C, 0xC0, 0x13, 0x0F, 0xC7, 0xBF, 0x1E, 0x30, 0x30, 0xC0, 0xC3, 0x03,
    0x0C, 0x0C, 0x30, 0x30, 0xC0, 0xC3, 0x03, 0x0C, 0x0C, 0x30, 0x30, 0xC0, 0x83, 0xC6, 0x07, 0xF0,
    0x00, 0x00, 0x10, 0x01, 0xB0, 0x0E, 0x00, 0xF0, 0x1B, 0x81, 0x90, 0x00, 0x0F, 0x3C, 0x30, 0xC3,
    0x0C, 0x30, 0xC3, 0x0C, 0x30, 0xC3, 0x0C, 0x30, 0xC3, 0x9C, 0x1F, 0xF0, 0x00, 0x0C, 0x00, 0x18,
    0x00, 0x30, 0x01, 0x70, 0x0E, 0xC0, 0x13, 0x0F, 0xC7, 0xBF, 0x1E, 0x30, 0x30, 0xC0, 0xC3, 0x03,
    0x0C, 0x0C, 0x30, 0x30, 0xC0, 0xC3, 0x03, 0x0C, 0x0C, 0x30, 0x30, 0xC0, 0x83, 0xC6, 0x07, 0xF0,
    0x00, 0x00, 0x18, 0x01, 0xC0, 0x0C, 0x00, 0x50, 0x1B, 0x81, 0x90, 0x00, 0x0F, 0x3C, 0x30, 0xC3,
    0x0C, 0x30, 0xC3, 0x0C, 0x30, 0xC3, 0x0C, 0x30, 0xC3, 0x9C, 0x1F, 0xF0, 0x00, 0x00, 0x1F, 0x18,
    0xC0, 0x30, 0x18, 0x0D, 0xFE, 0xC3, 0x61, 0xB9, 0x8F, 0xC0, 0x00, 0x0F, 0xC0, 0x3E, 0x00, 0xC8,
    0x03, 0x70, 0x08, 0x80, 0x08, 0x00, 0x70, 0x01, 0xC0, 0x07, 0x80, 0x36, 0x00, 0xD8, 0x06, 0x70,
    0x18, 0xC0, 0x7F, 0x83, 0xFE, 0x0C, 0x18, 0x20, 0x71, 0x81, 0xCF, 0x8F, 0x80, 0x3F, 0x0F, 0xC1,
    0x30, 0xCC, 0x13, 0x00, 0x03, 0xF1, 0xCE, 0x33, 0x80, 0x63, 0xF9, 0xC6, 0x61, 0x98, 0xE6, 0x78,
    0xF7, 0x00, 0x00, 0x0F, 0x80, 0x3F, 0x00, 0x00, 0x00, 0xC0, 0x03, 0x00, 0x08, 0x00, 0x70, 0x01,
    0xC0, 0x07, 0x80, 0x36, 0x00, 0xD8, 0x06, 0x70, 0x18, 0xC0, 0x7F, 0x83, 0xFE, 0x0C, 0x18, 0x20,
    0x71, 0x81, 0xCF, 0x8F, 0x80, 0x3F, 0x0F, 0xC0, 0xC0, 0x30, 0x0C, 0x00, 0x03, 0xF1, 0xCE, 0x33,
    0x80, 0x63, 0xF9, 0xC6, 0x61, 0x98, 0xE6, 0x78, 0xF7, 0x00, 0x00, 0x01, 0xF0, 0x00, 0x7C, 0x00,
    0x3F, 0xF0, 0x0F, 0xFE, 0x01, 0xE1, 0x80, 0xF8, 0x60, 0x2E, 0x00, 0x1B, 0x80, 0x0C, 0xFE, 0x03,
    0x3F, 0x81, 0xFE, 0x00, 0x7F, 0x80, 0x30, 0xE0, 0x8C, 0x38, 0x26, 0x0E, 0x1B, 0xE7, 0xFE, 0x07,
    0xE0, 0x0F, 0xC0, 0x00, 0x01, 0xFF, 0xE7, 0x3C, 0xC6, 0x70, 0xC0, 0x61, 0x9F, 0xFF, 0x71, 0x80,
    0xC3, 0x01, 0x8E, 0x03, 0x3E, 0x33, 0xEF, 0xC0, 0x00, 0x00, 0x0F, 0x81, 0xFF, 0x1C, 0x38, 0xC0,
    0xCE, 0x00, 0x70, 0x03, 0x00, 0x18, 0x00, 0xC1, 0xF7, 0x07, 0x38, 0xFC, 0xC1, 0xC3, 0x8E, 0x0F,
    0xF0, 0x00, 0x00, 0x00, 0xC7, 0xF9, 0xCC, 0x31, 0x86, 0x30, 0xE6, 0x0F, 0xC1, 0xE0, 0x20, 0x07,
    0xE0, 0xFE, 0x30, 0xCC, 0xFF, 0x83, 0x1F, 0xC1, 0xF0, 0x08, 0x80, 0x6C, 0x01, 0xC0, 0x0E, 0x00,
    0xF8, 0x1F, 0xF1, 0xC3, 0x8C, 0x0C, 0xE0, 0x07, 0x00, 0x30, 0x01, 0x80, 0x0C, 0x1F, 0x70, 0x73,
    0x81, 0x8C, 0x0C, 0x38, 0xE0, 0xFF, 0x00, 0x00, 0x20, 0x0D, 0x81, 0xE0, 0x30, 0x00, 0xCF, 0xF7,
    0x31, 0x8C, 0x63, 0x1C, 0xC3, 0xF0, 0xF0, 0x20, 0x0F, 0xC3, 0xF9, 0x87, 0xC1, 0xF0, 0x67, 0xF0,
    0xF8, 0x00, 0x40, 0x1B, 0x00, 0x78, 0x00, 0xC0, 0x7C, 0x71, 0xF3, 0xC3, 0x86, 0x0E, 0x30, 0x39,
    0x80, 0xEC, 0x03, 0xF0, 0x0F, 0xC0, 0x3B, 0x80, 0xE7, 0x03, 0x8E, 0x0E, 0x38, 0x38, 0x71, 0xF0,
    0xF0, 0x11, 0x03, 0x60, 0x38, 0x07, 0x06, 0x01, 0xE0, 0x0C, 0x01, 0x80, 0x30, 0x06, 0x78, 0xC6,
    0x19, 0x83, 0x60, 0x7C, 0x0F, 0xC1, 0x98, 0x33, 0x86, 0x3B, 0xF3, 0x80, 0x0F, 0x03, 0xFC, 0x70,
    0xE6, 0x06, 0xE0, 0x7C, 0x07, 0xC0, 0x7C, 0x03, 0xC0, 0x7E, 0x07, 0xE0, 0x76, 0x06, 0x70, 0xC1,
    0xF8, 0x06, 0x00, 0xC0, 0x0C, 0x00, 0xF0, 0x07, 0x00, 0x00, 0x3F, 0x18, 0xD8, 0x7C, 0x1E, 0x0F,
    0x07, 0x83, 0xC3, 0xB1, 0x8F, 0x83, 0x03, 0x01, 0x80, 0xF0, 0x38, 0x1F, 0x81, 0xF8, 0x0F, 0x03,
    0xFC, 0x70, 0xE6, 0x06, 0xE0, 0x7C, 0x07, 0xC0, 0x7C, 0x03, 0xC0, 0x7E, 0x07, 0xE0, 0x76, 0x06,
    0x70, 0xC1, 0xF8, 0x06, 0x00, 0xC0, 0x0C, 0x00, 0xF0, 0x07, 0x00, 0x3E, 0x1F, 0x00, 0x0F, 0xC6,
    0x36, 0x1F, 0x07, 0x83, 0xC1, 0xE0, 0xF0, 0xEC, 0x63, 0xE0, 0xC0, 0xC0, 0x60, 0x3C, 0x0E, 0x00,
    0x10, 0x03, 0x60, 0x38, 0x07, 0x03, 0xF8, 0xFF, 0x98, 0x60, 0x18, 0x06, 0x01, 0x80, 0x7C, 0x07,
    0xC0, 0x1C, 0x01, 0x90, 0x33, 0x06, 0x71, 0xC7, 0xF0, 0x00, 0x00, 0x20, 0x0C, 0x81, 0xE0, 0x30,
    0x00, 0x1F, 0xE7, 0xF1, 0x8C, 0x06, 0x03, 0x01, 0x80, 0x7C, 0x03, 0x80, 0x60, 0x18, 0x06, 0x41,
    0x98, 0xE7, 0xF0, 0xF0, 0x40, 0xD8, 0xE1, 0xC0, 0x0F, 0x06, 0x0C, 0x18, 0x30, 0x60, 0xC1, 0x83,
    0x06, 0x0C, 0x18, 0x71, 0xC3, 0x00, 0x7F, 0x01, 0xFF, 0x7F, 0xC3, 0xFF, 0x38, 0x63, 0x06, 0x38,
    0x73, 0x0E, 0x38, 0x30, 0x1C, 0x38, 0x38, 0x18, 0x38, 0x38, 0x38, 0x38, 0x38, 0x70, 0x38, 0x38,
    0x70, 0x38, 0x38, 0xE0, 0x38, 0x30, 0xC1, 0x38, 0x71, 0xC1, 0x38, 0xE3, 0x83, 0x7F, 0xC3, 0xFF,
    0x7F, 0x00, 0x00, 0xFF, 0x80, 0x00, 0xE1, 0x80, 0x01, 0xC3, 0x80, 0x03, 0x83, 0x1F, 0xC7, 0x07,
    0x63, 0x8E, 0x0E, 0x46, 0x1C, 0x1C, 0x18, 0x38, 0x38, 0x70, 0x70, 0x70, 0xC0, 0xE0, 0xC3, 0x01,
    0xC3, 0x8E, 0x23, 0x8E, 0x18, 0x4F, 0xF8, 0x7F, 0x80, 0x03, 0x00, 0x00, 0x78, 0x00, 0x03, 0x80,
    0x00, 0x38, 0x00, 0x03, 0x80, 0x07, 0xF9, 0xFE, 0xE7, 0x98, 0xEC, 0x39, 0x8C, 0xC3, 0x81, 0x8C,
    0x38, 0x38, 0xC3, 0x83, 0x0C, 0x38, 0x60, 0xC3, 0x8E, 0x2E, 0x78, 0xC6, 0x7D, 0xDF, 0xE0, 0x00,
    0x00, 0x01, 0x80, 0x1C, 0x00, 0xC0, 0x0C, 0x00, 0xF8, 0x1F, 0xF1, 0xC3, 0x8C, 0x0C, 0xE0, 0x07,
    0x00, 0x30, 0x01, 0x80, 0x0C, 0x1F, 0x70, 0x73, 0x81, 0x8C, 0x0C, 0x38, 0xE0, 0xFF, 0x00, 0x00,
    0x02, 0x01, 0x80, 0xC0, 0x20, 0x00, 0xCF, 0xF7, 0x31, 0x8C, 0x63, 0x1C, 0xC3, 0xF0, 0xF0, 0x20,
    0x0F, 0xC3, 0xF9, 0x87, 0xC1, 0xF0, 0x67, 0xF0, 0xF8, 0x7C, 0x7C, 0x07, 0xC7, 0xC0, 0x38, 0x38,
    0x03, 0x83, 0x80, 0x38, 0x38, 0x03, 0x83, 0x80, 0x3F, 0xFB, 0xF3, 0xFF, 0xBF, 0x38, 0x38, 0xC3,
    0x83, 0x8C, 0x38, 0x38, 0xC3, 0x83, 0x8C, 0x38, 0x19, 0xC7, 0xC1, 0xF8, 0x00, 0x00, 0x00, 0xF3,
    0xC7, 0xBF, 0x0F, 0x1C, 0x70, 0x63, 0x03, 0x18, 0x18, 0xC0, 0xC6, 0x06, 0x30, 0x71, 0x83, 0x0C,
    0x30, 0x63, 0x03, 0x70, 0x1F, 0x00, 0xC0, 0x06, 0x00, 0x30, 0x03, 0xC0, 0x3F, 0x00, 0x04, 0x00,
    0x18, 0x00, 0x30, 0x00, 0x40, 0x70, 0x7D, 0xE1, 0xF3, 0xC1, 0x0F, 0x04, 0x3E, 0x10, 0xDC, 0x43,
    0x31, 0x0C, 0xE4, 0x31, 0xD0, 0xC7, 0x43, 0x0F, 0x0C, 0x1C, 0x30, 0x71, 0xF0, 0xC0, 0x0C, 0x00,
    0xC0, 0x06, 0x00, 0x20, 0x00, 0x0F, 0xF8, 0x39, 0xC3, 0x0C, 0x30, 0xC3, 0x0C, 0x30, 0xC3, 0x0C,
    0x30, 0xC3, 0x0C, 0xFC, 0xF0, 0x01, 0x80, 0x0C, 0x00, 0x20, 0x01, 0xE0, 0x0C, 0x80, 0x36, 0x00,
    0x70, 0x01, 0xC0, 0x07, 0x80, 0x36, 0x00, 0x9C, 0x06, 0x30, 0x18, 0xC0, 0x7F, 0x83, 0x06, 0x08,
    0x1C, 0x60, 0x73, 0xE3, 0xE0, 0x07, 0x01, 0x80, 0x00, 0x78, 0x13, 0x04, 0xC1, 0xE0, 0x00, 0x3F,
    0x1C, 0xE3, 0x38, 0x06, 0x3F, 0x9C, 0x66, 0x19, 0x8E, 0x67, 0x8F, 0x70, 0x00, 0x00, 0x08, 0x00,
    0x06, 0x00, 0x03, 0x00, 0x00, 0x80, 0x03, 0xFF, 0x00, 0xFF, 0xE0, 0x1E, 0x18, 0x0F, 0x86, 0x02,
    0xE0, 0x01, 0xB8, 0x00, 0xCF, 0xE0, 0x33, 0xF8, 0x1F, 0xE0, 0x07, 0xF8, 0x03, 0x0E, 0x08, 0xC3,
    0x82, 0x60, 0xE1, 0xBE, 0x7F, 0xE0, 0x00, 0x40, 0x01, 0x80, 0x06, 0x00, 0x08, 0x00, 0x00, 0x07,
    0xFF, 0x9C, 0xF3, 0x19, 0xC3, 0x01, 0x86, 0x7F, 0xFD, 0xC6, 0x03, 0x0C, 0x06, 0x38, 0x0C, 0xF8,
    0xCF, 0xBF, 0x00, 0x00, 0x01, 0x00, 0x30, 0x06, 0x00, 0x40, 0x0F, 0x63, 0xFC, 0x70, 0xE6, 0x1E,
    0xE1, 0x7C, 0x37, 0xC2, 0x7C, 0x63, 0xCC, 0x7E, 0xC7, 0xF8, 0x77, 0x06, 0x70, 0xC3, 0xF8, 0x60,
    0x00, 0x06, 0x07, 0x03, 0x03, 0x00, 0x1B, 0xF9, 0x8D, 0x8F, 0xC5, 0xE6, 0xF6, 0x7A, 0x3F, 0x3B,
    0x19, 0xF9, 0x80, 0x12, 0x00, 0x6C, 0x01, 0x98, 0x03, 0x20, 0x02, 0x00, 0x1C, 0x00, 0x70, 0x01,
    0xE0, 0x0D, 0x80, 0x36, 0x01, 0x9C, 0x06, 0x30, 0x1F, 0xE0, 0xFF, 0x83, 0x06, 0x08, 0x1C, 0x60,
    0x73, 0xE3, 0xE0, 0x6C, 0x1B, 0x83, 0x60, 0x4C, 0x00, 0x0F, 0xC7, 0x38, 0xCE, 0x01, 0x8F, 0xE7,
    0x19, 0x86, 0x63, 0x99, 0xE3, 0xDC, 0x00, 0x07, 0x80, 0x3E, 0x00, 0x88, 0x00, 0x80, 0x07, 0x00,
    0x1C, 0x00, 0x78, 0x03, 0x60, 0x0D, 0x80, 0x67, 0x01, 0x8C, 0x07, 0xF8, 0x3F, 0xE0, 0xC1, 0x82,
    0x07, 0x18, 0x1C, 0xF8, 0xF8, 0x1E, 0x0F, 0xC3, 0x10, 0x00, 0x3F, 0x1C, 0xE3, 0x38, 0x06, 0x3F,
    0x9C, 0x66, 0x19, 0x8E, 0x67, 0x8F, 0x70, 0x00, 0x26, 0x06, 0xC0, 0x6C, 0x04, 0x87, 0xFC, 0xFF,
    0x8E, 0x11, 0xC2, 0x38, 0x07, 0x00, 0xFE, 0x1F, 0xC3, 0x80, 0x70, 0x0E, 0x09, 0xC1, 0x38, 0x6F,
    0xFC, 0x4C, 0x1B, 0x83, 0x60, 0x48, 0x00, 0x0F, 0xC3, 0x39, 0x86, 0x61, 0x9F, 0xE6, 0x01, 0x80,
    0x70, 0x0C, 0x61, 0xF0, 0x00, 0x0F, 0x03, 0xE0, 0x46, 0x3F, 0xE7, 0xFC, 0x70, 0x8E, 0x11, 0xC0,
    0x38, 0x07, 0xF0, 0xFE, 0x1C, 0x03, 0x80, 0x70, 0x4E, 0x09, 0xC3, 0x7F, 0xE0, 0x3C, 0x1F, 0x18,
    0x80, 0x07, 0xE3, 0x3B, 0x0D, 0x86, 0xFF, 0x60, 0x30, 0x1C, 0x06, 0x31, 0xF0, 0x00, 0xC8, 0xEC,
    0x6E, 0x36, 0x3E, 0x3E, 0x1C, 0x1C, 0x1C, 0x1C, 0x1C, 0x1C, 0x1C, 0x1C, 0x1C, 0x1C, 0x1C, 0x3E,
    0x4C, 0x6E, 0x36, 0x12, 0x00, 0x3C, 0x0C, 0x0C, 0x0C, 0x0C, 0x0C, 0x0C, 0x0C, 0x0C, 0x3F, 0x38,
    0xF9, 0x13, 0xE7, 0xC7, 0x0E, 0x1C, 0x38, 0x70, 0xE1, 0xC3, 0x87, 0x0E, 0x1C, 0x7C, 0x7B, 0xE8,
    0xC0, 0xF0, 0xC3, 0x0C, 0x30, 0xC3, 0x0C, 0x33, 0xF0, 0x36, 0x03, 0x70, 0x1B, 0x00, 0x98, 0x0F,
    0x03, 0xFC, 0x70, 0xE6, 0x06, 0xE0, 0x7C, 0x07, 0xC0, 0x7C, 0x03, 0xC0, 0x7E, 0x07, 0xE0, 0x76,
    0x06, 0x70, 0xC1, 0xF8, 0x00, 0x00, 0xC8, 0x76, 0x19, 0x86, 0x40, 0x03, 0xF1, 0x8D, 0x87, 0xC1,
    0xE0, 0xF0, 0x78, 0x3C, 0x3B, 0x18, 0xF8, 0x00, 0x0F, 0x01, 0xF8, 0x11, 0x80, 0xF0, 0x3F, 0xC7,
    0x0E, 0x60, 0x6E, 0x07, 0xC0, 0x7C, 0x07, 0xC0, 0x3C, 0x07, 0xE0, 0x7E, 0x07, 0x60, 0x67, 0x0C,
    0x1F, 0x80, 0x00, 0x3C, 0x1F, 0x08, 0x80, 0x07, 0xE3, 0x1B, 0x0F, 0x83, 0xC1, 0xE0, 0xF0, 0x78,
    0x76, 0x31, 0xF0, 0x00, 0x64, 0x03, 0xB0, 0x0D, 0x80, 0x36, 0x07, 0xE0, 0x3F, 0xE0, 0xE3, 0x07,
    0x1C, 0x38, 0xE1, 0xC7, 0x0E, 0x30, 0x7F, 0x03, 0xB8, 0x1C, 0xC0, 0xE7, 0x07, 0x1C, 0x38, 0xE3,
    0xE3, 0xC0, 0x4C, 0x36, 0x0D, 0x82, 0x40, 0x07, 0xFC, 0xEE, 0x72, 0x30, 0x18, 0x0C, 0x06, 0x03,
    0x01, 0x83, 0xF0, 0x0F, 0x00, 0xF8, 0x04, 0x40, 0xFC, 0x07, 0xFC, 0x1C, 0x60, 0xE3, 0x87, 0x1C,
    0x38, 0xE1, 0xC6, 0x0F, 0xE0, 0x77, 0x03, 0x98, 0x1C, 0xE0, 0xE3, 0x87, 0x1C, 0x7C, 0x78, 0x1E,
    0x1F, 0x08, 0x80, 0x0F, 0xF9, 0xDC, 0xE4, 0x60, 0x30, 0x18, 0x0C, 0x06, 0x03, 0x07, 0xE0, 0x19,
    0x00, 0x66, 0x00, 0xD8, 0x01, 0x30, 0xFC, 0x7B, 0xF1, 0xE3, 0x03, 0x0C, 0x0C, 0x30, 0x30, 0xC0,
    0xC3, 0x03, 0x0C, 0x0C, 0x30, 0x30, 0xC0, 0xC3, 0x03, 0x0C, 0x08, 0x3C, 0x60, 0x7F, 0x00, 0x00,
    0x00, 0x24, 0x03, 0x60, 0x1B, 0x01, 0x90, 0x00, 0x0F, 0x3C, 0x30, 0xC3, 0x0C, 0x30, 0xC3, 0x0C,
    0x30, 0xC3, 0x0C, 0x30, 0xC3, 0x9C, 0x1F, 0xF0, 0x00, 0x07, 0x80, 0x3F, 0x00, 0xC4, 0x3F, 0x1E,
    0xFC, 0x78, 0xC0, 0xC3, 0x03, 0x0C, 0x0C, 0x30, 0x30, 0xC0, 0xC3, 0x03, 0x0C, 0x0C, 0x30, 0x30,
    0xC0, 0xC3, 0x02, 0x0F, 0x18, 0x1F, 0xC0, 0x00, 0x00, 0x0F, 0x01, 0xF0, 0x11, 0x00, 0x00, 0xF3,
    0xC3, 0x0C, 0x30, 0xC3, 0x0C, 0x30, 0xC3, 0x0C, 0x30, 0xC3, 0x0C, 0x39, 0xC1, 0xFF, 0x00, 0x00,
    0x1E, 0x0F, 0xE6, 0x19, 0x86, 0x60, 0x1C, 0x03, 0xC0, 0x7C, 0x07, 0x80, 0x64, 0x19, 0x86, 0x61,
    0x8F, 0xC0, 0x00, 0x30, 0x0C, 0x02, 0x00, 0x00, 0x00, 0x3E, 0x66, 0x62, 0x70, 0x3C, 0x1E, 0x07,
    0x43, 0x63, 0x7E, 0x00, 0x18, 0x18, 0x10, 0x00, 0x7F, 0xEF, 0xFE, 0xC6, 0x2C, 0x62, 0x06, 0x00,
    0x60, 0x06, 0x00, 0x60, 0x06, 0x00, 0x60, 0x06, 0x00, 0x60, 0x0E, 0x01, 0xF8, 0x00, 0x00, 0x60,
    0x0C, 0x00, 0xC0, 0x00, 0x00, 0x00, 0x60, 0xC7, 0xE3, 0x06, 0x0C, 0x18, 0x30, 0x60, 0xC1, 0x83,
    0xC0, 0x06, 0x0C, 0x30, 0x00, 0x3E, 0x1F, 0xCC, 0x3B, 0x06, 0x01, 0x80, 0xE0, 0xE0, 0xFC, 0x03,
    0x80, 0x60, 0x18, 0x06, 0x03, 0x80, 0xE0, 0xF1, 0xF0, 0xF0, 0x00, 0x00, 0x3F, 0x18, 0xCC, 0x60,
    0x30, 0x38, 0x78, 0x7E, 0x03, 0x01, 0xC0, 0xE0, 0x60, 0x70, 0x71, 0xE0, 0x80, 0x04, 0x40, 0x0D,
    0x80, 0x0E, 0x00, 0x1C, 0x07, 0xC7, 0xCF, 0x8F, 0x8E, 0x0E, 0x1C, 0x1C, 0x38, 0x38, 0x70, 0x70,
    0xFF, 0xE1, 0xFF, 0xC3, 0x83, 0x87, 0x07, 0x0E, 0x0E, 0x1C, 0x1C, 0x38, 0x38, 0xF8, 0xF8, 0x10,
    0x81, 0x98, 0x0F, 0x00, 0x60, 0x60, 0x0F, 0x00, 0x30, 0x03, 0x00, 0x30, 0x03, 0xF8, 0x39, 0xC3,
    0x0C, 0x30, 0xC3, 0x0C, 0x30, 0xC3, 0x0C, 0x30, 0xC3, 0x0C, 0xFC, 0xF0, 0x63, 0x8C, 0x30, 0x37,
    0x6C, 0x10, 0x71, 0xB2, 0x20, 0x72, 0x7E, 0x4E, 0xFF, 0xF0, 0xFF, 0xFF, 0xCD, 0xE3, 0x80, 0x06,
    0x60, 0xCF, 0x30, 0x00, 0x67, 0xC6, 0xE6, 0x00, 0x01, 0xE4, 0x92, 0x78, 0x36, 0x7E, 0x6C, 0xC8,
    0x44, 0xD8, 0xE1, 0xC0, 0x3F, 0x09, 0x99, 0x48, 0x6C, 0x66, 0x32, 0x30, 0xCF, 0xFF, 0x78, 0x7B,
    0xF8, 0x40, 0x07, 0x4C, 0xE6, 0x27, 0x73, 0x6C, 0x4E, 0xEC, 0x63, 0x27, 0x73, 0x6C, 0xCE, 0x61,
    0x37, 0x68, 0x03, 0xF3, 0x0C, 0xFC, 0x77, 0xC6, 0x31, 0x80, 0x26, 0x66, 0xC0, 0x26, 0x46, 0x20,
    0x06, 0x6F, 0x0F, 0x66, 0x06, 0xF6, 0x00, 0x0F, 0x11, 0x1F, 0x60, 0x88, 0x8F, 0x60, 0xDD, 0x00,
    0xCF, 0x30, 0x00, 0x01, 0xE4, 0x9E, 0x30, 0x66, 0x40, 0x06, 0x73, 0xFE, 0x6C, 0xCF, 0x70, 0x3F,
    0x7E, 0xFF, 0xC3, 0x00, 0xB7, 0xF4, 0x80, 0xCD, 0xE3, 0x00, 0x31, 0xEC, 0xC0, 0xCF, 0xF7, 0x80,
    0x7B, 0xFC, 0xC0, 0x72, 0x7E, 0x0C, 0xFF, 0xF0, 0xFF, 0xFF, 0x00, 0xFF, 0x00, 0xFF, 0x00, 0x72,
    0x7E, 0x4E, 0x7E, 0x7E, 0xFF, 0xFF, 0xFF, 0x00, 0x06, 0x1C, 0x70, 0x60, 0x00, 0x02, 0x06, 0x06,
    0x04, 0x0C, 0x08, 0x18, 0x18, 0x10, 0x30, 0x20, 0x60, 0x60, 0x40, 0xC0, 0x00, 0x46, 0x26, 0x40,
    0x42, 0xC3, 0xFF, 0x00, 0x00, 0xFF, 0xC3, 0xFF, 0x7E, 0xFE, 0xD8, 0x40, 0x0F, 0x6F, 0x00, 0x26,
    0x46, 0x26, 0x00, 0xFF, 0xFF, 0xFF, 0xFF, 0x63, 0x0C, 0x20, 0x31, 0x98, 0x80, 0x72, 0x7E, 0x4E,
    0x6D, 0xA0, 0x00, 0x06, 0x1B, 0xCF, 0x60, 0x80, 0xCC, 0xE4, 0x7E, 0xFF, 0xC3, 0x00, 0x00, 0xFF,
    0x00, 0xFF, 0x00, 0x09, 0x99, 0xF7, 0x30, 0x00, 0x7A, 0x7E, 0x5E, 0x00, 0x00, 0x18, 0x18, 0x7A,
    0x5E, 0x18, 0x18, 0x00, 0x72, 0x7E, 0x7E, 0x7E, 0x4E, 0x01, 0xEF, 0xD2, 0x00, 0x06, 0x66, 0x60,
    0xE3, 0x1F, 0x9E, 0x7C, 0x00, 0xE1, 0xE1, 0x18, 0x60, 0x40, 0x8C, 0x00, 0xFC, 0x07, 0x90, 0x24,
    0x40, 0x81, 0xCE, 0x31, 0xE3, 0xC0, 0x0F, 0x9E, 0x70, 0x8E, 0x7E, 0x00, 0x06, 0x46, 0x20, 0x7B,
    0xFF, 0xCC, 0x30, 0x0F, 0x6F, 0x00, 0x17, 0xE7, 0x00, 0x8E, 0x7E, 0x00, 0x00, 0xE6, 0x76, 0xEF,
    0x89, 0x06, 0x26, 0x40, 0x1B, 0x00, 0x31, 0xE7, 0x9E, 0x30, 0x00, 0x7E, 0x5A, 0x7E, 0x3C, 0x4F,
    0xF2, 0x40, 0x02, 0x60, 0x06, 0x3F, 0xFC, 0x0F, 0xF0, 0x40, 0x02, 0x60, 0x06, 0x3F, 0xFC, 0x0F,
    0xF0, 0xFF, 0xFF, 0xFF, 0x7F, 0xEF, 0xFF, 0x00, 0x00, 0x3F, 0x82, 0x63, 0xFE, 0x40, 0x38, 0x03,
    0xC0, 0x1F, 0xF8, 0x30, 0x0C, 0x40, 0x02, 0x00, 0x07, 0xFE, 0xFF, 0xF0, 0x02, 0x00, 0x00, 0x60,
    0xBD, 0x65, 0x00, 0x76, 0xBD, 0x86, 0x00, 0x0B, 0x24, 0xB0, 0x74, 0xA5, 0xA6, 0x00, 0x49, 0x24,
    0x9A, 0x38, 0x7D, 0xC5, 0x20, 0x10, 0x9D, 0x29, 0x49, 0x40, 0x41, 0x07, 0x9A, 0x49, 0x26, 0x80,
    0x7E, 0x4A, 0x4B, 0x4B, 0x49, 0x72, 0x10, 0x86, 0x00, 0x06, 0x66, 0x62, 0x69, 0xA2, 0x8C, 0x00,
    0x68, 0xC3, 0x0A, 0x68, 0x18, 0x01, 0x80, 0x18, 0x01, 0x07, 0xFC, 0xFF, 0x8E, 0x19, 0xC3, 0x38,
    0x07, 0x00, 0xFE, 0x1F, 0xC3, 0x80, 0x70, 0x0E, 0x09, 0xC1, 0x38, 0x6F, 0xFC, 0x00, 0x03, 0x30,
    0x66, 0x00, 0x07, 0xFC, 0xFF, 0x8E, 0x19, 0xC3, 0x38, 0x07, 0x00, 0xFE, 0x1F, 0xC3, 0x80, 0x70,
    0x0E, 0x09, 0xC1, 0x38, 0x6F, 0xFC, 0x7F, 0xE1, 0xFF, 0xC3, 0x38, 0x86, 0x71, 0x00, 0xE0, 0x01,
    0xC0, 0x03, 0xFE, 0x07, 0xDE, 0x0E, 0x1C, 0x1C, 0x18, 0x38, 0x30, 0x70, 0x60, 0xE1, 0xC3, 0xF7,
    0x00, 0x01, 0x00, 0x60, 0x18, 0x02, 0x07, 0xFC, 0xFF, 0x8E, 0x11, 0xC2, 0x38, 0x07, 0x00, 0xE0,
    0x1C, 0x03, 0x80, 0x70, 0x0E, 0x01, 0xC0, 0x38, 0x0F, 0xC0, 0x0F, 0x0F, 0xF7, 0x0D, 0x83, 0xE0,
    0x30, 0x0F, 0xE3, 0xF8, 0xC0, 0x38, 0x0E, 0x01, 0x81, 0x79, 0xC7, 0xE0, 0x00, 0x1E, 0x0F, 0xE6,
    0x19, 0x86, 0x60, 0x1C, 0x03, 0xE0, 0x7C, 0x07, 0x80, 0x64, 0x1D, 0x86, 0x61, 0x8F, 0xC0, 0x00,
    0x7C, 0xF8, 0xE1, 0xC3, 0x87, 0x0E, 0x1C, 0x38, 0x70, 0xE1, 0xC3, 0x8F, 0x80, 0x00, 0xD9, 0xB0,
    0x07, 0xCF, 0x8E, 0x1C, 0x38, 0x70, 0xE1, 0xC3, 0x87, 0x0E, 0x1C, 0x38, 0xF8, 0x3E, 0x3E, 0x1C,
    0x1C, 0x1C, 0x1C, 0x1C, 0x1C, 0x1C, 0x1C, 0x1C, 0x1C, 0x1C, 0x1C, 0x1C, 0x1C, 0x18, 0x78, 0x60,
    0x3F, 0xF8, 0x0F, 0xFE, 0x00, 0x86, 0x00, 0x21, 0x80, 0x08, 0x60, 0x02, 0x18, 0x01, 0x87, 0xF0,
    0x61, 0x8E, 0x18, 0x61, 0x86, 0x18, 0x71, 0x86, 0x1C, 0xC1, 0x86, 0xF0, 0x63, 0xB8, 0x7F, 0xC0,
    0x00, 0x00, 0x7C, 0xFC, 0x0F, 0x9F, 0x80, 0xE0, 0xC0, 0x1C, 0x18, 0x03, 0x83, 0x00, 0x70, 0x60,
    0x0F, 0xFF, 0xC1, 0xFF, 0xFE, 0x38, 0x30, 0xC7, 0x06, 0x1C, 0xE0, 0xC3, 0x9C, 0x18, 0x63, 0x83,
    0x1C, 0xF9, 0xFF, 0x00, 0x7F, 0xE0, 0xFF, 0xE0, 0xCE, 0x20, 0xCE, 0x20, 0x0E, 0x00, 0x0E, 0x00,
    0x0F, 0xF8, 0x0F, 0xF8, 0x0E, 0x1C, 0x0E, 0x1C, 0x0E, 0x1C, 0x0E, 0x1C, 0x0E, 0x1C, 0x1F, 0x9F,
    0x00, 0xC0, 0x07, 0x00, 0x38, 0x00, 0x80, 0x7C, 0x71, 0xF1, 0xE3, 0x86, 0x0E, 0x30, 0x39, 0x80,
    0xEC, 0x03, 0xF0, 0x0F, 0xC0, 0x3B, 0x80, 0xE7, 0x03, 0x8E, 0x0E, 0x38, 0x38, 0x71, 0xF0, 0xF0,
    0x06, 0x00, 0x0C, 0x00, 0x0C, 0x00, 0x08, 0x07, 0xC7, 0xCF, 0x8F, 0x8E, 0x0E, 0x1C, 0x1C, 0x38,
    0x78, 0x71, 0xF0, 0xE6, 0xE1, 0xD9, 0xC3, 0xA3, 0x87, 0xC7, 0x0F, 0x0E, 0x1C, 0x1C, 0x38, 0x38,
    0xF8, 0xFC, 0x00, 0x00, 0xC6, 0x07, 0xF0, 0x0E, 0x0F, 0x8F, 0x7C, 0x79, 0xC1, 0x86, 0x08, 0x38,
    0xC0, 0xC6, 0x07, 0x20, 0x1B, 0x00, 0xF0, 0x03, 0x80, 0x1C, 0x00, 0xC0, 0x3E, 0x01, 0xE0, 0x00,
    0x00, 0x7C, 0x7D, 0xF1, 0xF3, 0x83, 0x8E, 0x0C, 0x38, 0x30, 0xE0, 0xC3, 0x83, 0x0E, 0x0C, 0x38,
    0x30, 0xE0, 0xC3, 0x83, 0x0E, 0x0C, 0x38, 0x39, 0xFF, 0xF0, 0x38, 0x00, 0xC0, 0x01, 0x00, 0x04,
    0x00, 0x02, 0x00, 0x1C, 0x00, 0x70, 0x01, 0xE0, 0x0D, 0x80, 0x36, 0x01, 0x9C, 0x06, 0x30, 0x1F,
    0xE0, 0xFF, 0x83, 0x06, 0x08, 0x1C, 0x60, 0x73, 0xE3, 0xE0, 0x7F, 0xCF, 0xF8, 0xE3, 0x1C, 0x23,
    0x80, 0x70, 0x0F, 0xE1, 0xDE, 0x38, 0xE7, 0x0C, 0xE1, 0x9C, 0x73, 0x9C, 0xFF, 0x00, 0x7F, 0x07,
    0xFC, 0x38, 0xE3, 0x8E, 0x38, 0xE3, 0x8C, 0x3F, 0x83, 0xFC, 0x38, 0xE3, 0x86, 0x38, 0x63, 0x86,
    0x38, 0xE7, 0xFC, 0x7F, 0xCF, 0xF8, 0xE1, 0x1C, 0x23, 0x80, 0x70, 0x0E, 0x01, 0xC0, 0x38, 0x07,
    0x00, 0xE0, 0x1C, 0x03, 0x80, 0xFC, 0x00, 0x3F, 0xF8, 0xFF, 0xE0, 0x87, 0x02, 0x1C, 0x08, 0x70,
    0x21, 0xC0, 0x87, 0x06, 0x1C, 0x18, 0x70, 0x61, 0xC1, 0x07, 0x0C, 0x1C, 0x20, 0x73, 0xFF, 0xFE,
    0x01, 0xF0, 0x03, 0xC0, 0x0E, 0x00, 0x20, 0x7F, 0xCF, 0xF8, 0xE1, 0x9C, 0x33, 0x80, 0x70, 0x0F,
    0xE1, 0xFC, 0x38, 0x07, 0x00, 0xE0, 0x9C, 0x13, 0x86, 0xFF, 0xC0, 0x38, 0xF9, 0xE7, 0x8F, 0x9E,
    0x18, 0x61, 0x80, 0xC6, 0x30, 0x06, 0x63, 0x00, 0x66, 0x60, 0x03, 0xFC, 0x00, 0x7F, 0xE0, 0x06,
    0x67, 0x00, 0xE6, 0x30, 0x1C, 0x63, 0x81, 0xC6, 0x1C, 0x38, 0x71, 0xC7, 0x1F, 0x8F, 0x1E, 0x0F,
    0xF1, 0x87, 0x30, 0xE0, 0x1C, 0x03, 0x03, 0xC0, 0x7C, 0x01, 0xC0, 0x19, 0x03, 0x30, 0x67, 0x1C,
    0x7F, 0x00, 0x00, 0x7C, 0x7C, 0xF8, 0xF8, 0xE0, 0xE1, 0xC1, 0xC3, 0x87, 0x87, 0x1F, 0x0E, 0x6E,
    0x1D, 0x9C, 0x3A, 0x38, 0x7C, 0x70, 0xF0, 0xE1, 0xC1, 0xC3, 0x83, 0x8F, 0x8F, 0xC0, 0x00, 0x00,
    0x18, 0xC0, 0x3F, 0x80, 0x1C, 0x07, 0xC7, 0xCF, 0x8F, 0x8E, 0x0E, 0x1C, 0x1C, 0x38, 0x78, 0x71,
    0xF0, 0xE6, 0xE1, 0xD9, 0xC3, 0xA3, 0x87, 0xC7, 0x0F, 0x0E, 0x1C, 0x1C, 0x38, 0x38, 0xF8, 0xFC,
    0x7C, 0x71, 0xF1, 0xE3, 0x86, 0x0E, 0x30, 0x39, 0x80, 0xEC, 0x03, 0xF0, 0x0F, 0xC0, 0x3B, 0x80,
    0xE7, 0x03, 0x8E, 0x0E, 0x38, 0x38, 0x71, 0xF0, 0xF0, 0x3F, 0xF9, 0xFF, 0xC2, 0x18, 0x10, 0xC0,
    0x86, 0x04, 0x30, 0x61, 0x83, 0x0C, 0x18, 0x60, 0xC3, 0x06, 0x18, 0x60, 0xCF, 0x07, 0x70, 0xFC,
    0x00, 0x00, 0x78, 0x07, 0x9F, 0x03, 0xE3, 0xC0, 0xF0, 0xF0, 0x3C, 0x3E, 0x1F, 0x0D, 0x85, 0xC3,
    0x71, 0x70, 0xDC, 0xDC, 0x33, 0x27, 0x0C, 0xF9, 0xC3, 0x1E, 0x70, 0xC7, 0x1C, 0x31, 0xC7, 0x1E,
    0x33, 0xE0, 0x7C, 0x7C, 0xF8, 0xF8, 0xE0, 0xE1, 0xC1, 0xC3, 0x83, 0x87, 0x07, 0x0F, 0xFE, 0x1F,
    0xFC, 0x38, 0x38, 0x70, 0x70, 0xE0, 0xE1, 0xC1, 0xC3, 0x83, 0x8F, 0x8F, 0x80, 0x0F, 0x03, 0xFC,
    0x70, 0xE6, 0x06, 0xE0, 0x7C, 0x07, 0xC0, 0x7C, 0x03, 0xC0, 0x7E, 0x07, 0xE0, 0x76, 0x06, 0x70,
    0xC3, 0xF8, 0x00, 0x00, 0x7F, 0xFD, 0xFF, 0xF3, 0x83, 0x8E, 0x0C, 0x38, 0x30, 0xE0, 0xC3, 0x83,
    0x0E, 0x0C, 0x38, 0x30, 0xE0, 0xC3, 0x83, 0x0E, 0x0C, 0x38, 0x39, 0xF3, 0xF0, 0x7F, 0x0F, 0xF8,
    0xE3, 0x1C, 0x73, 0x8E, 0x71, 0xCE, 0x39, 0xDE, 0x3F, 0x87, 0x00, 0xE0, 0x1C, 0x03, 0x80, 0xFC,
    0x00, 0x0F, 0x0F, 0xF7, 0x0D, 0x83, 0xE0, 0x30, 0x0C, 0x03, 0x00, 0xC0, 0x38, 0x0E, 0x01, 0x81,
    0x79, 0xC7, 0xE0, 0x00, 0x7F, 0xEF, 0xFE, 0xC6, 0x2C, 0x62, 0x06, 0x00, 0x60, 0x06, 0x00, 0x60,
    0x06, 0x00, 0x60, 0x06, 0x00, 0x60, 0x0E, 0x01, 0xF8, 0xF8, 0xF7, 0xC7, 0x9C, 0x18, 0x60, 0x83,
    0x8C, 0x0C, 0x60, 0x72, 0x01, 0xB0, 0x0F, 0x00, 0x38, 0x01, 0xC0, 0x0C, 0x03, 0xE0, 0x1E, 0x00,
    0x00, 0x00, 0x07, 0xE0, 0x01, 0xC0, 0x0F, 0xF0, 0x3D, 0xBC, 0x31, 0x8E, 0x71, 0x86, 0x61, 0x86,
    0x61, 0x86, 0x61, 0x86, 0x71, 0x8E, 0x39, 0x9C, 0x1F, 0xF8, 0x03, 0xC0, 0x07, 0xE0, 0x03, 0xC0,
    0x78, 0xF3, 0xC7, 0x8E, 0x30, 0x31, 0x81, 0xD8, 0x07, 0x80, 0x1C, 0x00, 0xE0, 0x0F, 0x80, 0x5C,
    0x06, 0x70, 0x61, 0x87, 0x0E, 0x7C, 0xF8, 0x7C, 0x7C, 0xF8, 0xF8, 0xE0, 0xE1, 0xC1, 0x83, 0x83,
    0x07, 0x06, 0x0E, 0x0C, 0x1C, 0x18, 0x38, 0x30, 0x70, 0x60, 0xE0, 0xC1, 0xC1, 0x83, 0x83, 0x0F,
    0xFF, 0x80, 0x03, 0x00, 0x06, 0x00, 0x04, 0x00, 0x08, 0x7C, 0xFB, 0xF3, 0xE3, 0x07, 0x0C, 0x0C,
    0x30, 0x30, 0xC0, 0xC3, 0x83, 0x0F, 0x3C, 0x1F, 0xF0, 0x00, 0xC0, 0x03, 0x00, 0x0C, 0x00, 0x70,
    0x03, 0xF0, 0x7C, 0xF3, 0xE7, 0xCF, 0x3E, 0x38, 0x61, 0xC3, 0x86, 0x1C, 0x38, 0x61, 0xC3, 0x86,
    0x1C, 0x38, 0x61, 0xC3, 0x86, 0x1C, 0x38, 0x61, 0xC3, 0x86, 0x1C, 0x38, 0x61, 0xC3, 0x86, 0x1C,
    0x38, 0x61, 0xC7, 0xFF, 0xFF, 0x7C, 0xF3, 0xE7, 0xCF, 0x3E, 0x38, 0x61, 0xC3, 0x86, 0x1C, 0x38,
    0x61, 0xC3, 0x86, 0x1C, 0x38, 0x61, 0xC3, 0x86, 0x1C, 0x38, 0x61, 0xC3, 0x86, 0x1C, 0x38, 0x61,
    0xC3, 0x86, 0x1C, 0x38, 0x61, 0xC7, 0xFF, 0xFF, 0x00, 0x00, 0x70, 0x00, 0x03, 0x00, 0x00, 0x30,
    0x00, 0x03, 0x7F, 0x07, 0xF8, 0x33, 0x81, 0x9C, 0x00, 0xE0, 0x07, 0x00, 0x3F, 0x81, 0xCE, 0x0E,
    0x38, 0x71, 0xC3, 0x8E, 0x1C, 0x70, 0xE7, 0x1F, 0xF0, 0x7C, 0x1F, 0x3E, 0x0F, 0x8E, 0x03, 0x87,
    0x01, 0xC3, 0x80, 0xE1, 0xC0, 0x70, 0xFE, 0x38, 0x71, 0x9C, 0x38, 0xEE, 0x1C, 0x37, 0x0E, 0x1B,
    0x87, 0x1D, 0xC3, 0x9C, 0xE3, 0xFC, 0xFC, 0x7C, 0x0F, 0x80, 0xE0, 0x1C, 0x03, 0x80, 0x70, 0x0F,
    0xE1, 0xC6, 0x38, 0xE7, 0x0C, 0xE1, 0x9C, 0x73, 0x9C, 0xFF, 0x00, 0x1E, 0x0F, 0xF1, 0x87, 0x30,
    0x60, 0x0E, 0x01, 0xC3, 0xF8, 0x7F, 0x00, 0xE0, 0x1D, 0x03, 0x30, 0x66, 0x18, 0x7E, 0x00, 0x00,
    0x7C, 0x3C, 0x0F, 0x8F, 0xE0, 0xE3, 0x06, 0x1C, 0xE0, 0xE3, 0x98, 0x1C, 0x73, 0x01, 0x8F, 0xE0,
    0x31, 0xFC, 0x06, 0x3B, 0x80, 0xC7, 0x30, 0x18, 0xE6, 0x07, 0x1C, 0xE0, 0xC3, 0x8E, 0x38, 0xF8,
    0xFE, 0x00, 0x00, 0x00, 0x03, 0xF0, 0x7F, 0x87, 0x18, 0x30, 0xC3, 0x86, 0x0C, 0x30, 0x71, 0x81,
    0xFC, 0x07, 0xE0, 0x73, 0x07, 0x18, 0x30, 0xC3, 0x86, 0x38, 0xFC, 0x00, 0x0F, 0xC7, 0x38, 0x8E,
    0x01, 0x8F, 0xE7, 0x19, 0x86, 0x63, 0x99, 0xE7, 0xDC, 0x00, 0x00, 0x40, 0xF8, 0x7E, 0x1E, 0x06,
    0x00, 0xDE, 0x1E, 0xE3, 0x8E, 0x60, 0xCC, 0x19, 0x83, 0x30, 0x66, 0x0C, 0x63, 0x87, 0xE0, 0x00,
    0x00, 0x1F, 0xE3, 0x18, 0xC6, 0x31, 0x8F, 0xC3, 0xF8, 0xC7, 0x31, 0xCC, 0x77, 0xF8, 0x00, 0x3F,
    0xCC, 0x66, 0x33, 0x01, 0x80, 0xC0, 0x60, 0x30, 0x18, 0x1F, 0x00, 0x00, 0x0F, 0xFC, 0x67, 0x0C,
    0xC1, 0x18, 0x23, 0x04, 0x61, 0x8C, 0x31, 0x84, 0x33, 0xFF, 0xF0, 0x3C, 0x07, 0x80, 0x60, 0x08,
    0x00, 0x0F, 0xC7, 0x19, 0x86, 0x61, 0x9F, 0xF6, 0x01, 0x80, 0x60, 0x0C, 0x63, 0xF0, 0x00, 0x00,
    0x01, 0xEF, 0xBD, 0xCE, 0x61, 0x9C, 0x81, 0xBB, 0x01, 0xFC, 0x07, 0xFC, 0x1D, 0xDC, 0x33, 0x98,
    0xE7, 0x3B, 0x9F, 0x38, 0x00, 0x3F, 0x19, 0xC8, 0x60, 0x70, 0xF0, 0x7C, 0x06, 0x43, 0x71, 0x9F,
    0x80, 0x00, 0x00, 0x07, 0xDF, 0x30, 0xE3, 0x0E, 0x31, 0xE3, 0x3E, 0x36, 0xE3, 0xCE, 0x38, 0xE3,
    0x0E, 0x7D, 0xF0, 0x18, 0xC1, 0xDC, 0x0F, 0x00, 0x00, 0x7D, 0xF3, 0x0E, 0x30, 0xE3, 0x1E, 0x33,
    0xE3, 0x6E, 0x3C, 0xE3, 0x8E, 0x30, 0xE7, 0xDF, 0x00, 0x07, 0xDE, 0x31, 0x83, 0x10, 0x33, 0x03,
    0xE0, 0x3F, 0x03, 0x38, 0x31, 0x83, 0x1C, 0x7C, 0xE0, 0x00, 0x07, 0xFC, 0x67, 0x0C, 0xC1, 0x98,
    0x23, 0x04, 0x60, 0x8C, 0x31, 0x9E, 0x3B, 0x8F, 0x80, 0x00, 0x00, 0x00, 0xF0, 0x3C, 0xF0, 0xE1,
    0xE1, 0xC3, 0xC7, 0x87, 0xCB, 0x0D, 0xB6, 0x1B, 0xEC, 0x33, 0x98, 0x67, 0x39, 0xEC, 0xF8, 0x00,
    0x07, 0xDF, 0x30, 0xE3, 0x0C, 0x30, 0xC3, 0xFC, 0x3F, 0xC3, 0x0C, 0x30, 0xC3, 0x0E, 0x7D, 0xF0,
    0x00, 0x0F, 0xC3, 0x19, 0x83, 0x60, 0xD8, 0x36, 0x0D, 0x83, 0x61, 0xDC, 0x63, 0xF0, 0x00, 0x00,
    0x07, 0xFF, 0x30, 0xC3, 0x0C, 0x30, 0xC3, 0x0C, 0x30, 0xC3, 0x0C, 0x30, 0xC3, 0x0C, 0x7D, 0xF0,
    0x00, 0x0F, 0x7C, 0x38, 0xE3, 0x86, 0x30, 0x63, 0x06, 0x30, 0x63, 0x06, 0x38, 0x63, 0x8E, 0x37,
    0xC3, 0x00, 0x30, 0x03, 0x00, 0x78, 0x07, 0xC0, 0x00, 0x1F, 0x9C, 0xEC, 0x36, 0x03, 0x01, 0x80,
    0xC0, 0x60, 0x38, 0xCF, 0xC0, 0x00, 0x00, 0x3F, 0xFC, 0xCF, 0x33, 0x0C, 0x03, 0x00, 0xC0, 0x30,
    0x0C, 0x03, 0x03, 0xF0, 0x00, 0x1F, 0x3D, 0xC3, 0x18, 0x43, 0x18, 0x73, 0x06, 0x40, 0xF8, 0x0E,
    0x01, 0xC0, 0x18, 0x02, 0x00, 0xC0, 0x38, 0x1E, 0x01, 0x80, 0x06, 0x00, 0x78, 0x00, 0xC0, 0x06,
    0x00, 0x70, 0x0F, 0xF0, 0xCD, 0xCC, 0x67, 0x63, 0x3B, 0x18, 0xD8, 0xC6, 0xC6, 0x77, 0x33, 0x19,
    0xB8, 0x7F, 0x80, 0x60, 0x03, 0x00, 0x18, 0x03, 0xE0, 0x1F, 0x00, 0x00, 0x1F, 0x78, 0xC6, 0x0D,
    0x81, 0xE0, 0x1C, 0x03, 0x80, 0xD8, 0x33, 0x86, 0x3B, 0xEF, 0x80, 0x00, 0x07, 0xDF, 0x30, 0xC3,
    0x0C, 0x30, 0xC3, 0x0C, 0x30, 0xC3, 0x0C, 0x30, 0xC3, 0x0C, 0x7F, 0xF0, 0x03, 0x00, 0x30, 0x03,
    0x00, 0x10, 0x00, 0x0F, 0xBE, 0x31, 0xC3, 0x1C, 0x31, 0xC3, 0x1C, 0x3F, 0xC0, 0xFC, 0x01, 0xC0,
    0x1C, 0x03, 0xE0, 0x00, 0x00, 0x3F, 0xF7, 0xCC, 0x31, 0xC6, 0x18, 0xE3, 0x0C, 0x71, 0x86, 0x38,
    0xC3, 0x1C, 0x61, 0x8E, 0x30, 0xC7, 0x18, 0x63, 0x9F, 0xFF, 0xE0, 0x00, 0x00, 0x3F, 0xF7, 0xCC,
    0x31, 0xC6, 0x18, 0xE3, 0x0C, 0x71, 0x86, 0x38, 0xC3, 0x1C, 0x61, 0x8E, 0x30, 0xC7, 0x18, 0x63,
    0x9F, 0xFF, 0xE0, 0x00, 0x30, 0x00, 0x18, 0x00, 0x04, 0x00, 0x02, 0x00, 0x0F, 0xE0, 0xCC, 0x0C,
    0xC0, 0x0C, 0x00, 0xFC, 0x0C, 0xE0, 0xC6, 0x0C, 0x60, 0xCE, 0x3F, 0xC0, 0x00, 0x00, 0xF8, 0x7C,
    0xC0, 0x61, 0x80, 0xC3, 0x01, 0x87, 0xF3, 0x0C, 0x76, 0x18, 0xEC, 0x31, 0xD8, 0x63, 0xB1, 0xFF,
    0xF8, 0x00, 0x1F, 0x03, 0x00, 0xC0, 0x30, 0x0F, 0xE3, 0x1C, 0xC7, 0x31, 0xCC, 0x77, 0xF8, 0x00,
    0x3F, 0x19, 0xC8, 0x60, 0x38, 0xFC, 0x7E, 0x07, 0x43, 0x73, 0x9F, 0x80, 0x00, 0x00, 0x00, 0xFB,
    0xF0, 0xCE, 0x31, 0x98, 0x73, 0x30, 0xE7, 0xE1, 0xCF, 0xC3, 0x99, 0x87, 0x33, 0x0C, 0x67, 0x19,
    0xF7, 0xE0, 0x00, 0x00, 0x00, 0x0F, 0xF7, 0x39, 0x8E, 0x63, 0x9F, 0xE1, 0xF8, 0xEE, 0x33, 0x9C,
    0xEE, 0x7C, 0x18, 0x06, 0x00, 0xC0, 0x10, 0x00, 0x0F, 0xC7, 0x19, 0x86, 0x61, 0x9F, 0xF6, 0x01,
    0x80, 0x60, 0x0C, 0x63, 0xF0, 0x00, 0x33, 0x0C, 0xC0, 0x00, 0x00, 0x3F, 0x1C, 0x66, 0x19, 0x86,
    0x7F, 0xD8, 0x06, 0x01, 0x80, 0x31, 0x8F, 0xC0, 0x00, 0x70, 0x0E, 0x00, 0xC0, 0x7F, 0x03, 0x00,
    0x6F, 0x0F, 0xF1, 0xC6, 0x30, 0xC6, 0x18, 0xC3, 0x18, 0x63, 0x0C, 0x61, 0xBF, 0x30, 0x06, 0x00,
    0xC0, 0x18, 0x0E, 0x01, 0x80, 0x06, 0x03, 0x03, 0x01, 0x00, 0x03, 0xFC, 0xC6, 0x63, 0x30, 0x18,
    0x0C, 0x06, 0x03, 0x01, 0x81, 0xF0, 0x00, 0x1F, 0x9C, 0xEC, 0x36, 0x03, 0xE1, 0xF8, 0xC0, 0x60,
    0x38, 0xCF, 0xC0, 0x00, 0x00, 0x7E, 0x67, 0x62, 0x70, 0x3C, 0x1E, 0x07, 0x43, 0x63, 0x7E, 0x00,
    0x00, 0xC3, 0x00, 0x01, 0xC3, 0x0C, 0x30, 0xC3, 0x0C, 0x30, 0xEF, 0xC0, 0x03, 0xB6, 0xC0, 0x01,
    0xC3, 0x0C, 0x30, 0xC3, 0x0C, 0x30, 0xEF, 0xC0, 0x01, 0x8C, 0x00, 0x38, 0xC6, 0x31, 0x8C, 0x63,
    0x18, 0xC6, 0x31, 0xB9, 0x80, 0x00, 0x00, 0x7F, 0xC0, 0x66, 0x00, 0xCC, 0x01, 0x98, 0x02, 0x3F,
    0x04, 0x63, 0x08, 0xC7, 0x31, 0x8F, 0xE3, 0x1B, 0x9F, 0xE0, 0x00, 0x00, 0x00, 0x00, 0x7D, 0xF0,
    0x30, 0xC0, 0x30, 0xC0, 0x30, 0xC0, 0x3F, 0xFC, 0x30, 0xCE, 0x30, 0xC7, 0x30, 0xC7, 0x30, 0xC6,
    0x7D, 0xFE, 0x70, 0x07, 0x00, 0x30, 0x0F, 0xE0, 0x30, 0x03, 0x78, 0x3F, 0xC3, 0x8C, 0x30, 0xC3,
    0x0C, 0x30, 0xC3, 0x0C, 0x30, 0xC3, 0x0E, 0xFC, 0xF0, 0x01, 0x00, 0x30, 0x06, 0x00, 0x40, 0x00,
    0x07, 0xDE, 0x31, 0x83, 0x10, 0x33, 0x03, 0xE0, 0x3F, 0x03, 0x38, 0x31, 0x83, 0x1C, 0x7C, 0xE0,
    0x08, 0x00, 0xC0, 0x06, 0x00, 0x20, 0x00, 0x07, 0xDF, 0x30, 0xE3, 0x0E, 0x31, 0xE3, 0x3E, 0x36,
    0xE3, 0xCE, 0x38, 0xE3, 0x0E, 0x7D, 0xF0, 0x31, 0x87, 0x70, 0x7C, 0x00, 0x0F, 0x9E, 0xE1, 0x8C,
    0x21, 0x8C, 0x39, 0x83, 0x20, 0x7C, 0x07, 0x00, 0xE0, 0x0C, 0x01, 0x00, 0x60, 0x1C, 0x0F, 0x00,
    0xC0, 0x00, 0x00, 0x07, 0xDF, 0x30, 0xC3, 0x0C, 0x30, 0xC3, 0x0C, 0x30, 0xC3, 0x0C, 0x30, 0xC3,
    0x0C, 0x7F, 0xF0, 0x70, 0x06, 0x00, 0x60, 0x02, 0x00, 0x70, 0xC1, 0xBE, 0x38, 0xF3, 0x86, 0x1C,
    0x61, 0xC3, 0x1C, 0x70, 0xC7, 0x0C, 0x30, 0xC3, 0x88, 0x39, 0xE6, 0x0E, 0x59, 0x81, 0xB6, 0x40,
    0x69, 0xF0, 0x1E, 0x78, 0x07, 0x0E, 0x00, 0xC3, 0x00, 0x00, 0x01, 0xC6, 0x19, 0xCC, 0x31, 0x8C,
    0x23, 0x98, 0xC3, 0x31, 0x86, 0x72, 0x0F, 0xEC, 0x0E, 0xD0, 0x1D, 0xE0, 0x39, 0x80, 0x3E, 0x03,
    0xE0, 0x1C, 0x0F, 0xF8, 0xDD, 0x89, 0xC8, 0x1F, 0x81, 0xFE, 0x1C, 0x71, 0xC7, 0x1C, 0x71, 0xC7,
    0x1C, 0x63, 0xFC, 0x60, 0x1E, 0x00, 0xC0, 0x18, 0x03, 0x01, 0xFC, 0x1F, 0x81, 0x80, 0x30, 0x07,
    0xE0, 0xFF, 0x18, 0x63, 0x0C, 0x63, 0xBF, 0xE0, 0x7C, 0x1E, 0x3E, 0x3F, 0x8E, 0x38, 0xE7, 0x18,
    0x23, 0x9C, 0x01, 0xCE, 0x00, 0xFF, 0xF0, 0x7F, 0xF8, 0x39, 0xC0, 0x1C, 0xE0, 0x0E, 0x70, 0x07,
    0x1C, 0x03, 0x8F, 0x3B, 0xE1, 0xF8, 0x00, 0x00, 0x00, 0x01, 0xF9, 0xF8, 0xC7, 0x31, 0x8C, 0x63,
    0x18, 0x07, 0xFF, 0x0F, 0xFE, 0x18, 0xC0, 0x31, 0x80, 0x63, 0x9B, 0xF3, 0xF0, 0x00, 0x00, 0x02,
    0x00, 0x38, 0x01, 0xC0, 0x1F, 0x00, 0xD8, 0x04, 0xC0, 0x7F, 0x03, 0xF8, 0x16, 0xE1, 0xB7, 0x0D,
    0x98, 0xCC, 0xE6, 0x67, 0x7B, 0x7C, 0x00, 0x01, 0xC0, 0x38, 0x0D, 0x81, 0xB0, 0x3F, 0x0F, 0xE1,
    0x6C, 0x6D, 0xCD, 0x9B, 0xB7, 0x80, 0x7C, 0x04, 0x07, 0xC0, 0xE0, 0x38, 0x0E, 0x03, 0x81, 0xE0,
    0x38, 0x17, 0x03, 0x83, 0x30, 0x3F, 0xFF, 0x03, 0xFF, 0xF8, 0x38, 0x6D, 0x83, 0x86, 0xDC, 0x38,
    0x4C, 0xC3, 0x8C, 0xCC, 0x38, 0xCC, 0xE7, 0xFE, 0xDF, 0x00, 0x00, 0xFC, 0x60, 0x30, 0xF0, 0x30,
    0xF0, 0x30, 0xB8, 0x3F, 0xF8, 0x3F, 0xFC, 0x33, 0x6C, 0x32, 0x6C, 0x36, 0x6E, 0xFF, 0x6F, 0x3F,
    0xF0, 0x7F, 0xF0, 0x60, 0xC0, 0xE3, 0x00, 0xC6, 0x00, 0xD8, 0x03, 0xF0, 0x0F, 0xF8, 0x3B, 0xB0,
    0x77, 0x70, 0xCE, 0xE3, 0x9C, 0xC7, 0x39, 0xDC, 0xF9, 0xC0, 0x00, 0x00, 0xFF, 0x83, 0x86, 0x06,
    0x30, 0x0D, 0x80, 0x7F, 0x03, 0xFE, 0x0D, 0xD8, 0x77, 0x71, 0x9C, 0xCE, 0xFB, 0x80, 0x7C, 0x7F,
    0xE1, 0xF1, 0xFF, 0x83, 0x87, 0x06, 0x0E, 0x0C, 0x30, 0x38, 0x19, 0x80, 0xE0, 0x74, 0x03, 0xFF,
    0xF8, 0x0F, 0xFF, 0xF0, 0x38, 0x66, 0xE0, 0xE1, 0x99, 0x83, 0x8E, 0x67, 0x0E, 0x39, 0x9C, 0x38,
    0xC6, 0x31, 0xFF, 0x7E, 0xF0, 0x00, 0x00, 0x3F, 0xFF, 0xC3, 0x18, 0x60, 0xC3, 0x18, 0x30, 0xEC,
    0x0F, 0xFF, 0x03, 0xFF, 0xE0, 0xCE, 0xCC, 0x33, 0x33, 0x0D, 0xCC, 0xEF, 0xE7, 0x9C, 0x33, 0x07,
    0x83, 0xE1, 0xFC, 0xC3, 0xB0, 0x60, 0x38, 0x0C, 0x3E, 0x0F, 0xC0, 0x38, 0x06, 0x01, 0x80, 0x60,
    0x79, 0xF8, 0xE0, 0x30, 0xEF, 0xFC, 0xF2, 0x22, 0x1B, 0x87, 0x0F, 0xC6, 0x33, 0x18, 0x1C, 0x7C,
    0x0F, 0x01, 0x80, 0xC0, 0xE3, 0xE3, 0x03, 0x0C, 0xFF, 0x31, 0x00, 0xF3, 0xCE, 0xF3, 0xCE, 0x31,
    0x8C, 0x31, 0x8C, 0x31, 0x8C, 0x31, 0x8C, 0x31, 0x8C, 0x31, 0x9C, 0x39, 0xB8, 0x0F, 0xF0, 0x01,
    0x80, 0x01, 0x80, 0x01, 0x80, 0x07, 0xE0, 0x00, 0x00, 0x30, 0x03, 0x00, 0x30, 0x03, 0x0F, 0x37,
    0x33, 0x33, 0x33, 0x33, 0x13, 0x31, 0x33, 0x13, 0x33, 0x33, 0x33, 0xBE, 0x1F, 0xC0, 0x30, 0x03,
    0x00, 0x30, 0x03, 0x00, 0x10, 0x0F, 0x03, 0xFC, 0x70, 0xE6, 0x06, 0xE0, 0x7C, 0x07, 0xFE, 0x7E,
    0x7F, 0xC0, 0x7E, 0x07, 0xE0, 0x76, 0x06, 0x70, 0xC1, 0xF8, 0x00, 0x00, 0x00, 0x3F, 0x18, 0xD8,
    0x7C, 0x1F, 0xFF, 0x3F, 0x83, 0xC3, 0xB1, 0x8F, 0x80, 0x00, 0xF8, 0x1B, 0xE0, 0xE7, 0x06, 0x0C,
    0x10, 0x38, 0xC0, 0xE3, 0x01, 0x8C, 0x07, 0x20, 0x1D, 0x80, 0x36, 0x00, 0xF0, 0x01, 0xC0, 0x07,
    0x00, 0x18, 0x00, 0x00, 0x0F, 0x8E, 0x70, 0xA7, 0x18, 0x31, 0x03, 0x90, 0x1B, 0x01, 0xB0, 0x1E,
    0x00, 0xE0, 0x0E, 0x00, 0x13, 0x00, 0x6C, 0x00, 0xD8, 0x01, 0x20, 0xF8, 0x1B, 0xE0, 0xE7, 0x06,
    0x0C, 0x10, 0x38, 0xC0, 0xE3, 0x01, 0x8C, 0x07, 0x20, 0x1D, 0x80, 0x36, 0x00, 0xF0, 0x01, 0xC0,
    0x07, 0x00, 0x18, 0x00, 0x24, 0x03, 0x60, 0x33, 0x01, 0x90, 0x00, 0x0F, 0x8E, 0x70, 0xA7, 0x18,
    0x31, 0x03, 0x90, 0x1B, 0x01, 0xB0, 0x1E, 0x00, 0xE0, 0x0E, 0x00, 0x0F, 0x00, 0x00, 0x7F, 0x00,
    0x01, 0x83, 0x00, 0x07, 0x07, 0x00, 0x0E, 0x07, 0xF3, 0xD8, 0x0C, 0xC3, 0x30, 0x19, 0x86, 0x60,
    0x33, 0x88, 0xC0, 0x63, 0x31, 0xC0, 0xC7, 0x63, 0x83, 0x86, 0x83, 0x06, 0x0F, 0x07, 0x1C, 0x0E,
    0x07, 0xF0, 0x18, 0x00, 0x00, 0x30, 0x00, 0x00, 0x40, 0x00, 0x01, 0x80, 0x00, 0x1E, 0x00, 0x00,
    0x38, 0x00, 0x00, 0x00, 0x0F, 0xDF, 0x7D, 0x8D, 0xC3, 0x61, 0xD8, 0x4C, 0x1B, 0x19, 0x83, 0x73,
    0x30, 0x66, 0xC6, 0x0C, 0xD8, 0xC3, 0x8E, 0x0C, 0x61, 0xC0, 0xF8, 0x38, 0x00, 0x06, 0x00, 0x00,
    0xC0, 0x00, 0x30, 0x00, 0x1E, 0x00, 0x03, 0x00, 0x02, 0x00, 0x7C, 0x0F, 0xF0, 0xE4, 0xC6, 0x03,
    0x70, 0x1B, 0x80, 0xF8, 0x07, 0xC0, 0x3E, 0x01, 0xF8, 0x0F, 0xC0, 0x66, 0x07, 0x1B, 0xF0, 0x7F,
    0x00, 0xE0, 0x00, 0x00, 0x00, 0x03, 0x03, 0xF1, 0xB6, 0xC1, 0xF0, 0x3C, 0x0F, 0x03, 0xC0, 0xF0,
    0x76, 0xD8, 0xFC, 0x0C, 0x00, 0x00, 0x01, 0x00, 0x03, 0xF8, 0x01, 0x3C, 0x00, 0x38, 0x00, 0x08,
    0x00, 0x0C, 0x00, 0x70, 0xE0, 0x7C, 0xFC, 0x63, 0x67, 0x70, 0x01, 0xB8, 0x00, 0xD8, 0x00, 0x6C,
    0x00, 0x3E, 0x00, 0x1F, 0x00, 0x0F, 0xC0, 0x06, 0xE0, 0x03, 0x30, 0x43, 0x9C, 0xF3, 0x87, 0xEF,
    0x80, 0x00, 0x00, 0x06, 0x00, 0x3F, 0x80, 0xBE, 0x00, 0xC0, 0x01, 0x00, 0x08, 0x00, 0x00, 0x0F,
    0xBE, 0x76, 0x99, 0x82, 0x36, 0x00, 0xD8, 0x03, 0x60, 0x0D, 0x80, 0x36, 0x00, 0xCC, 0xE6, 0x3F,
    0xF8, 0x00, 0x00, 0x03, 0xF8, 0x00, 0xFE, 0x00, 0x00, 0x01, 0xC3, 0x06, 0xF8, 0xE3, 0xCE, 0x18,
    0x71, 0x87, 0x0C, 0x71, 0xC3, 0x1C, 0x30, 0xC3, 0x0E, 0x20, 0xE7, 0x98, 0x39, 0x66, 0x06, 0xD9,
    0x01, 0xA7, 0xC0, 0x79, 0xE0, 0x1C, 0x38, 0x03, 0x0C, 0x00, 0x00, 0x00, 0x1F, 0xE0, 0x04, 0x80,
    0x00, 0x0E, 0x30, 0xCE, 0x61, 0x8C, 0x61, 0x1C, 0xC6, 0x19, 0x8C, 0x33, 0x90, 0x7F, 0x60, 0x76,
    0x80, 0xEF, 0x01, 0xCC, 0x00, 0x0F, 0x0F, 0xF7, 0x0D, 0x83, 0xE0, 0x38, 0x0C, 0x03, 0x00, 0xC0,
    0x38, 0x0E, 0x01, 0x80, 0x78, 0x07, 0xC0, 0x30, 0x0C, 0x03, 0x03, 0xE0, 0xFC, 0x00, 0x7E, 0x67,
    0xC2, 0xC0, 0xC0, 0xC0, 0xC0, 0xE0, 0x70, 0x3E, 0x0E, 0x0E, 0x0E, 0x0E, 0x04, 0x00, 0x80, 0x30,
    0x76, 0x07, 0x80, 0x3C, 0x0D, 0xDB, 0x83, 0xE0, 0x1E, 0x03, 0xE0, 0xC4, 0x18, 0x00, 0x00, 0x02,
    0x7F, 0xFE, 0x40, 0x1E, 0xFE, 0x60, 0x66, 0x62, 0x66, 0x64, 0x30, 0x7E, 0xCF, 0x00, 0x18, 0x00,
    0x00, 0x3C, 0x00, 0x00, 0x66, 0x00, 0x00, 0x00, 0x00, 0x1E, 0x00, 0x78, 0x3F, 0x00, 0xD8, 0x00,
    0x00, 0x00, 0x00, 0x00, 0x00, 0x00, 0x00, 0x00, 0x00, 0x00, 0x00, 0x78, 0x00, 0x1E, 0xCC, 0x00,
    0x33, 0x00, 0x00, 0x00, 0x00, 0x00, 0x00, 0x00, 0x00, 0x00, 0x0C, 0x00, 0x20, 0x1E, 0x00, 0x78,
    0x33, 0x00, 0xC8, 0x00, 0x00, 0x00, 0x00, 0x3C, 0x00, 0x00, 0x7C, 0x00, 0x00, 0x00, 0x00, 0x00,
    0x00, 0x00, 0x00, 0x08, 0x00, 0x00, 0x18, 0x00, 0x00, 0x18, 0x00, 0x0C, 0x18, 0x10, 0x0E, 0x00,
    0x78, 0x06, 0x00, 0xE0, 0x06, 0x00, 0x40, 0x00, 0x00, 0x00, 0x00, 0x00, 0x00, 0x00, 0x00, 0x00,
    0x78, 0x00, 0x1C, 0x38, 0x00, 0x1E, 0x00, 0x00, 0x00, 0x00, 0x00, 0x00, 0x00, 0x00, 0x00, 0x00,
    0x00, 0x40, 0x07, 0x00, 0x60, 0x0F, 0x00, 0x60, 0x1C, 0x18, 0x30, 0x00, 0x18, 0x30, 0x00, 0x18,
    0x00, 0x00, 0x10, 0x00, 0x00, 0x00, 0x00, 0x00, 0x00, 0x18, 0xC0, 0x3F, 0x80, 0x1C, 0x07, 0xC7,
    0xCF, 0x8F, 0x8E, 0x0E, 0x1C, 0x1C, 0x38, 0x78, 0x71, 0xF0, 0xE6, 0xE1, 0xD9, 0xC3, 0xA3, 0x87,
    0xC7, 0x0F, 0x0E, 0x1C, 0x1C, 0x38, 0x38, 0xF8, 0xFC, 0x00, 0x18, 0x00, 0x30, 0x00, 0xC0, 0x01,
    0x80, 0x18, 0xC0, 0xEE, 0x03, 0xC0, 0x00, 0x07, 0xDF, 0x18, 0x70, 0xC3, 0x86, 0x3C, 0x33, 0xE1,
    0xB7, 0x0F, 0x38, 0x71, 0xC3, 0x0E, 0x3E, 0xF8, 0x00, 0x40, 0x06, 0x00, 0x20, 0x03, 0x00, 0x10,
    0x07, 0x00, 0xE0, 0x3F, 0x87, 0xF0, 0x70, 0x0E, 0x01, 0xF0, 0x3F, 0xC7, 0x18, 0xE3, 0x9C, 0x73,
    0x8E, 0x73, 0x9F, 0xE0, 0x00, 0x06, 0x00, 0xC0, 0x7F, 0x07, 0xE0, 0x60, 0x0C, 0x01, 0xF8, 0x3F,
    0xC6, 0x18, 0xC3, 0x18, 0xEF, 0xF8, 0x7F, 0x0F, 0xF8, 0xE3, 0x1C, 0x73, 0x8E, 0x75, 0xCE, 0xF1,
    0xDE, 0x3F, 0x87, 0x18, 0xE0, 0x1C, 0x03, 0x80, 0xFC, 0x00, 0x00, 0x1F, 0xF0, 0xE7, 0x18, 0x63,
    0x0E, 0x61, 0xCC, 0x39, 0x87, 0x32, 0xC7, 0x38, 0xFE, 0x18, 0x63, 0x04, 0x60, 0x1E, 0x07, 0xC0,
    0x00, 0x40, 0x37, 0xFD, 0xFF, 0x38, 0x0E, 0x03, 0x80, 0xE0, 0x38, 0x0E, 0x03, 0x80, 0xE0, 0x38,
    0x0E, 0x03, 0x81, 0xF8, 0x00, 0x01, 0x03, 0xFF, 0x30, 0x30, 0x30, 0x30, 0x30, 0x30, 0x30, 0x30,
    0xFC, 0x7F, 0xCF, 0xF8, 0xE1, 0x1C, 0x23, 0x80, 0x70, 0x1F, 0x87, 0xF0, 0x38, 0x07, 0x00, 0xE0,
    0x1C, 0x03, 0x80, 0xFC, 0x00, 0x00, 0x7F, 0x8C, 0x46, 0x23, 0x07, 0xE1, 0xF0, 0x60, 0x30, 0x18,
    0x3F, 0x00, 0x7F, 0xC7, 0xFC, 0x38, 0x43, 0x84, 0x38, 0x03, 0x80, 0x3E, 0x03, 0xFC, 0x39, 0xE3,
    0x86, 0x38, 0x73, 0x87, 0x38, 0x37, 0xE3, 0x00, 0x71, 0x07, 0x38, 0x61, 0xFC, 0x0F, 0x80, 0x00,
    0x3F, 0xC3, 0x10, 0xC4, 0x30, 0x0F, 0x83, 0xF8, 0xC6, 0x30, 0xCC, 0x3F, 0xCC, 0x03, 0x10, 0xCC,
    0x63, 0xF8, 0x38, 0x61, 0xF1, 0x9E, 0x3E, 0x7B, 0x63, 0x19, 0x06, 0x62, 0x00, 0x4C, 0xC0, 0x0D,
    0x90, 0x00, 0xF6, 0x00, 0x7F, 0xE0, 0x0C, 0xCE, 0x03, 0x98, 0xC0, 0x63, 0x1C, 0x1C, 0x61, 0x87,
    0x0C, 0x39, 0xC3, 0xE3, 0xC0, 0x00, 0x18, 0x00, 0x03, 0x00, 0x00, 0x20, 0x00, 0x04, 0x00, 0x00,
    0x79, 0xF3, 0xB6, 0x63, 0x41, 0x33, 0x00, 0xDB, 0x00, 0x7F, 0x80, 0x76, 0xE0, 0x33, 0x38, 0x39,
    0x8E, 0x38, 0xC7, 0x38, 0xF9, 0xE0, 0x00, 0x30, 0x00, 0x18, 0x00, 0x04, 0x00, 0x02, 0x1F, 0x0F,
    0xF1, 0x87, 0x30, 0x60, 0x1C, 0x03, 0x07, 0xC0, 0xFC, 0x01, 0xC0, 0x19, 0x03, 0x30, 0x67, 0x1C,
    0x7F, 0x01, 0x80, 0x30, 0x06, 0x01, 0xC0, 0x00, 0x00, 0x00, 0x3F, 0x18, 0xCC, 0x60, 0x71, 0xF0,
    0x3C, 0x06, 0x43, 0x31, 0x9F, 0x83, 0x00, 0xC0, 0x60, 0x70, 0x00, 0x7C, 0x31, 0xF1, 0xE3, 0x8D,
    0x0E, 0x60, 0x39, 0x00, 0xEC, 0x03, 0xE0, 0x0F, 0xC0, 0x39, 0x80, 0xE7, 0x03, 0x8C, 0x0E, 0x38,
    0x38, 0x71, 0xF1, 0xE0, 0x01, 0xC0, 0x03, 0x00, 0x0C, 0x00, 0x30, 0x00, 0x0F, 0xCE, 0x31, 0xA3,
    0x30, 0x36, 0x03, 0xE0, 0x37, 0x03, 0x38, 0x31, 0x83, 0x1C, 0xFC, 0xF0, 0x03, 0x00, 0x30, 0x03,
    0x00, 0x30, 0x7C, 0x31, 0xF1, 0xE3, 0x8C, 0x8E, 0x20, 0x3F, 0x80, 0xFC, 0x03, 0xF0, 0x0F, 0xE0,
    0x3F, 0xC0, 0xFB, 0x03, 0xEE, 0x0E, 0x18, 0x38, 0x71, 0xF0, 0xF0, 0x00, 0x0F, 0xCF, 0x31, 0xB3,
    0x50, 0x37, 0x03, 0xF0, 0x37, 0x83, 0x58, 0x35, 0xC3, 0x0E, 0xFC, 0x70, 0x7C, 0x33, 0xE3, 0xCE,
    0x34, 0xFB, 0x03, 0x90, 0x1D, 0x80, 0xF8, 0x07, 0xE0, 0x39, 0x81, 0xCE, 0x0E, 0x30, 0x71, 0xC3,
    0x87, 0x3E, 0x1C, 0x60, 0x0F, 0x00, 0x30, 0x0F, 0xE0, 0x30, 0x03, 0x0E, 0x31, 0xA3, 0x30, 0x36,
    0x03, 0xE0, 0x37, 0x03, 0x38, 0x31, 0x83, 0x1C, 0xFC, 0xF0, 0x7F, 0x19, 0xFE, 0x7B, 0x31, 0x90,
    0x62, 0x00, 0xCC, 0x01, 0x90, 0x03, 0x60, 0x07, 0xE0, 0x0C, 0xE0, 0x18, 0xC0, 0x31, 0xC0, 0x61,
    0x80, 0xC3, 0x87, 0xE3, 0xC0, 0x00, 0x03, 0xF9, 0xEC, 0xCD, 0x83, 0x20, 0x0D, 0x80, 0x3E, 0x00,
    0xDC, 0x03, 0x30, 0x0C, 0xE0, 0x31, 0xC3, 0xE3, 0x80, 0x7C, 0x7C, 0xF8, 0xF8, 0xE0, 0xE1, 0xC1,
    0xC3, 0x83, 0x87, 0x07, 0x0F, 0xFE, 0x1F, 0xFC, 0x38, 0x38, 0x70, 0x70, 0xE0, 0xE1, 0xC1, 0xC3,
    0x83, 0x8F, 0x8F, 0x80, 0x03, 0x80, 0x03, 0x00, 0x06, 0x00, 0x0C, 0x00, 0x07, 0xEF, 0xCC, 0x18,
    0x60, 0xC3, 0x06, 0x1F, 0xF0, 0xFF, 0x86, 0x0C, 0x30, 0x61, 0x83, 0x3F, 0x7E, 0x00, 0x70, 0x01,
    0x80, 0x0C, 0x00, 0x60, 0x7C, 0x7F, 0x3E, 0x3F, 0x8E, 0x0E, 0x47, 0x07, 0x23, 0x83, 0x81, 0xC1,
    0xC0, 0xFF, 0xE0, 0x7F, 0xF0, 0x38, 0x38, 0x1C, 0x1C, 0x0E, 0x0E, 0x07, 0x07, 0x03, 0x83, 0x83,
    0xE3, 0xE0, 0x00, 0x01, 0xFB, 0xF8, 0xC1, 0x91, 0x83, 0x23, 0x06, 0x07, 0xFC, 0x0F, 0xF8, 0x18,
    0x30, 0x30, 0x60, 0x60, 0xC3, 0xF7, 0xE0, 0x7F, 0xF8, 0x07, 0xFF, 0x80, 0x38, 0x30, 0x03, 0x83,
    0x00, 0x38, 0x30, 0x03, 0x83, 0x00, 0x38, 0x3C, 0x03, 0x83, 0xF8, 0x38, 0x31, 0xC3, 0x83, 0x0E,
    0x38, 0x30, 0x63, 0x83, 0x06, 0x38, 0x30, 0x67, 0xCF, 0xC6, 0x00, 0x00, 0x60, 0x03, 0x06, 0x00,
    0x30, 0xC0, 0x03, 0xFC, 0x00, 0x1F, 0x00, 0x00, 0x00, 0x7F, 0xF8, 0x0C, 0x38, 0x06, 0x1C, 0x03,
    0x0E, 0x01, 0x87, 0xE0, 0xC3, 0xF8, 0x61, 0xCE, 0x30, 0xE3, 0x18, 0x71, 0xBF, 0x7C, 0xC0, 0x00,
    0x60, 0x04, 0x30, 0x03, 0x18, 0x01, 0xF8, 0x00, 0x70, 0x0F, 0x01, 0xF8, 0x1C, 0x00, 0xC7, 0x8E,
    0x76, 0x63, 0x3B, 0x19, 0xD8, 0xCE, 0xC6, 0x77, 0x33, 0xB9, 0xDC, 0xCE, 0xC7, 0x3C, 0x0F, 0xFC,
    0x03, 0xC0, 0x00, 0x07, 0xC1, 0x80, 0x63, 0xCC, 0xD9, 0x99, 0xB3, 0x36, 0x6E, 0xCD, 0xCC, 0xF0,
    0xFF, 0x00, 0xE0, 0x0F, 0x0F, 0xF7, 0x0D, 0x83, 0xE0, 0x38, 0x0C, 0x03, 0x00, 0xC0, 0x38, 0x0E,
    0x01, 0x81, 0x79, 0xC7, 0xE0, 0x60, 0x18, 0x02, 0x03, 0x80, 0x00, 0x00, 0x7E, 0x67, 0xC2, 0xC0,
    0xC0, 0xC0, 0xC0, 0xE0, 0x73, 0x3E, 0x18, 0x0C, 0x0C, 0x1C, 0x00, 0x7F, 0xEF, 0xFE, 0xC6, 0x2C,
    0x62, 0x06, 0x00, 0x60, 0x06, 0x00, 0x60, 0x06, 0x00, 0x60, 0x06, 0x00, 0x60, 0x0E, 0x01, 0xF8,
    0x03, 0x80, 0x18, 0x01, 0x80, 0x08, 0x00, 0x3F, 0xFC, 0xCF, 0x31, 0x0C, 0x03, 0x00, 0xC0, 0x30,
    0x0C, 0x03, 0x03, 0xF0, 0x0C, 0x01, 0x00, 0x40, 0x10, 0x7C, 0xFB, 0xE7, 0xCE, 0x08, 0x30, 0xC1,
    0xC4, 0x07, 0x60, 0x1A, 0x00, 0xF0, 0x03, 0x00, 0x18, 0x00, 0xC0, 0x06, 0x00, 0x30, 0x07, 0xE0,
    0x00, 0x1F, 0x3D, 0xC3, 0x38, 0x43, 0x18, 0x73, 0x06, 0x40, 0xD8, 0x1E, 0x01, 0xC0, 0x38, 0x06,
    0x00, 0xC0, 0x18, 0x07, 0xC0, 0xF8, 0x7C, 0xFB, 0xE7, 0xCE, 0x08, 0x30, 0xC1, 0xC4, 0x07, 0x60,
    0x1A, 0x00, 0xF0, 0x03, 0x00, 0xFF, 0x03, 0xF0, 0x06, 0x00, 0x30, 0x07, 0xE0, 0x00, 0x1F, 0x3D,
    0xC3, 0x38, 0x43, 0x18, 0x73, 0x06, 0x40, 0xD8, 0x1E, 0x01, 0xC0, 0x38, 0x1F, 0xC0, 0xC0, 0x18,
    0x07, 0xC0, 0xF8, 0x78, 0xF7, 0xC7, 0x8E, 0x30, 0x31, 0x01, 0xD8, 0x07, 0x80, 0x18, 0x00, 0xE0,
    0x0F, 0x00, 0x5C, 0x06, 0x70, 0x61, 0x87, 0x0E, 0x7C, 0xFC, 0x00, 0xE0, 0x03, 0x00, 0x18, 0x00,
    0x40, 0x00, 0x0F, 0xBC, 0x31, 0x81, 0xB0, 0x1E, 0x00, 0xE0, 0x0E, 0x01, 0xB0, 0x33, 0x83, 0x1C,
    0xFB, 0xE0, 0x06, 0x00, 0x20, 0x02, 0x00, 0x20, 0x7F, 0x9F, 0x7F, 0xEF, 0xB3, 0x33, 0x99, 0x99,
    0xC0, 0xC0, 0xE0, 0x60, 0x70, 0x30, 0x38, 0x18, 0x1C, 0x0C, 0x0E, 0x06, 0x07, 0x03, 0x03, 0x81,
    0x81, 0xC0, 0xC0, 0xE1, 0xFF, 0xF8, 0x00, 0x0C, 0x00, 0x02, 0x00, 0x01, 0x00, 0x00, 0x80, 0x00,
    0x01, 0xFF, 0xFF, 0x76, 0x66, 0xE4, 0xC1, 0xC1, 0x83, 0x83, 0x07, 0x06, 0x0E, 0x0C, 0x1C, 0x18,
    0x38, 0x30, 0xFF, 0xF8, 0x00, 0x30, 0x00, 0x60, 0x00, 0x40, 0x00, 0x80, 0x7C, 0xFB, 0xF3, 0xE3,
    0x07, 0x0C, 0x0C, 0x30, 0x30, 0xC0, 0xC3, 0x03, 0x0E, 0x7C, 0x1F, 0xF0, 0x00, 0xC0, 0x03, 0x00,
    0x0C, 0x00, 0x70, 0x03, 0xF0, 0x01, 0xC0, 0x03, 0x00, 0x0C, 0x00, 0x30, 0x00, 0x0F, 0xBF, 0x30,
    0xC3, 0x0C, 0x30, 0xC3, 0x1C, 0x3F, 0xC1, 0xCC, 0x00, 0xC0, 0x0C, 0x03, 0xF0, 0x07, 0x00, 0x30,
    0x03, 0x00, 0x30, 0x7C, 0xFB, 0xF3, 0xE3, 0x07, 0x0C, 0x0C, 0x30, 0x30, 0xCC, 0xC3, 0xB3, 0x0F,
    0xFC, 0x1F, 0xF0, 0x0C, 0xC0, 0x33, 0x00, 0xCC, 0x00, 0x70, 0x03, 0xF0, 0x00, 0x0F, 0xBE, 0x31,
    0xC3, 0x1C, 0x35, 0xC3, 0x7C, 0x3F, 0xC0, 0xFC, 0x07, 0xC0, 0x5C, 0x03, 0xE0, 0x7C, 0x01, 0xF0,
    0x03, 0x80, 0x0E, 0x00, 0x38, 0x00, 0xE7, 0x03, 0xFE, 0x0E, 0x1C, 0x38, 0x30, 0xE0, 0xC3, 0x83,
    0x0E, 0x0C, 0x38, 0x31, 0xF3, 0xF0, 0x60, 0x0F, 0x00, 0x30, 0x03, 0x00, 0x30, 0x03, 0xF8, 0x39,
    0xC3, 0x0C, 0x30, 0xC3, 0x0C, 0x30, 0xC3, 0x0C, 0x30, 0xC3, 0x0C, 0xFC, 0xF0, 0x01, 0xE0, 0x0F,
    0xF0, 0x38, 0x60, 0x60, 0xE5, 0xC0, 0xDB, 0x81, 0xBF, 0xFF, 0x3F, 0xFE, 0x1C, 0x00, 0x38, 0x00,
    0x30, 0x00, 0x70, 0x00, 0x71, 0xC0, 0x7F, 0x00, 0x00, 0x00, 0x00, 0x00, 0xFC, 0x0C, 0xED, 0x86,
    0xD8, 0x6F, 0xFE, 0x18, 0x01, 0x80, 0x18, 0x00, 0xC6, 0x07, 0xC0, 0x00, 0x01, 0xE0, 0x0F, 0xF0,
    0x38, 0x60, 0x60, 0xE5, 0xC0, 0xDB, 0x81, 0xBF, 0xFF, 0x3F, 0xFE, 0x1C, 0x00, 0x38, 0x00, 0x70,
    0x00, 0x70, 0x00, 0x71, 0xC0, 0x7F, 0x00, 0x78, 0x00, 0x60, 0x00, 0xC0, 0x01, 0x80, 0x00, 0x00,
    0xFC, 0x0C, 0xED, 0x86, 0xD8, 0x6F, 0xFE, 0x18, 0x01, 0x80, 0x18, 0x00, 0xC6, 0x07, 0xC0, 0x30,
    0x03, 0x00, 0x10, 0x01, 0x00, 0x7C, 0xF8, 0xE1, 0xC3, 0x87, 0x0E, 0x1C, 0x38, 0x70, 0xE1, 0xC3,
    0x8F, 0x80, 0x01, 0x98, 0x00, 0x1D, 0x80, 0x00, 0xF0, 0x03, 0x8F, 0x9E, 0x78, 0xF9, 0xE1, 0x86,
    0x18, 0x0C, 0x63, 0x00, 0x66, 0x30, 0x06, 0x66, 0x00, 0x3F, 0xC0, 0x07, 0xFE, 0x00, 0x66, 0x70,
    0x0E, 0x63, 0x01, 0xC6, 0x38, 0x1C, 0x61, 0xC3, 0x87, 0x1C, 0x71, 0xF8, 0xF0, 0x0C, 0x60, 0x1D,
    0xC0, 0x1F, 0x00, 0x00, 0x0F, 0x7D, 0xEE, 0x73, 0x0C, 0xE4, 0x0D, 0xD8, 0x0F, 0xE0, 0x3F, 0xE0,
    0xEE, 0xE1, 0x9C, 0xC7, 0x39, 0xDC, 0xF9, 0xC0, 0x7C, 0x33, 0xE3, 0xCE, 0x34, 0x73, 0x03, 0x90,
    0x1D, 0x80, 0xFC, 0x07, 0xF8, 0x38, 0xE1, 0xC3, 0x8E, 0x0C, 0x70, 0x73, 0x83, 0xBE, 0x1C, 0x00,
    0xC1, 0x06, 0x18, 0x70, 0xFF, 0x03, 0xE0, 0x00, 0x1F, 0xBC, 0xC7, 0x99, 0x83, 0x60, 0x7F, 0x0E,
    0xF1, 0x87, 0x30, 0x66, 0x0F, 0xF1, 0x80, 0x30, 0x86, 0x31, 0x87, 0xF0, 0x38, 0x3F, 0xF8, 0xFF,
    0xE0, 0x86, 0x02, 0x18, 0x08, 0x60, 0x21, 0x81, 0x86, 0x06, 0x18, 0x18, 0x60, 0x61, 0x81, 0x86,
    0x0C, 0x18, 0xF0, 0x73, 0x87, 0xF0, 0x00, 0x80, 0x06, 0x00, 0x18, 0x00, 0x60, 0x00, 0x07, 0xFC,
    0x67, 0x0C, 0xC1, 0x98, 0x23, 0x04, 0x60, 0x8C, 0x31, 0x9E, 0x3B, 0x8F, 0x80, 0x30, 0x06, 0x00,
    0x80, 0x30, 0x7C, 0x7C, 0xF8, 0xF8, 0xE0, 0xE1, 0xC1, 0xC3, 0x83, 0x87, 0x07, 0x0F, 0xFE, 0x1F,
    0xFC, 0x38, 0x38, 0x70, 0x70, 0xE0, 0xE1, 0xC1, 0xC3, 0x83, 0x8F, 0x87, 0x00, 0x0C, 0x00, 0x18,
    0x18, 0x70, 0x3F, 0xC0, 0x1E, 0x00, 0x00, 0x07, 0xEF, 0xCC, 0x18, 0x60, 0xC3, 0x06, 0x1F, 0xF0,
    0xFF, 0x86, 0x0C, 0x30, 0x61, 0x83, 0x3F, 0x18, 0x00, 0xC0, 0x06, 0x0C, 0x60, 0x7F, 0x00, 0xE0,
    0x7C, 0x7C, 0xF8, 0xF8, 0xE0, 0xE1, 0xC1, 0xC3, 0x83, 0x87, 0x07, 0x0F, 0xFE, 0x1F, 0xFC, 0x38,
    0x38, 0x70, 0x70, 0xE0, 0xE1, 0xC1, 0xC3, 0x83, 0x8F, 0x8F, 0xC0, 0x01, 0x80, 0x02, 0x00, 0x0C,
    0x00, 0x18, 0x00, 0x07, 0xDF, 0x30, 0xE3, 0x0C, 0x30, 0xC3, 0xFC, 0x3F, 0xC3, 0x0C, 0x30, 0xC3,
    0x0E, 0x7D, 0xF0, 0x03, 0x00, 0x30, 0x02, 0x00, 0x60, 0x7C, 0xFB, 0xF3, 0xE3, 0x07, 0x0C, 0x0C,
    0x30, 0x30, 0xC0, 0xC3, 0x03, 0x0E, 0x7C, 0x1F, 0xF0, 0x00, 0xC0, 0x03, 0x00, 0x0C, 0x00, 0x70,
    0x03, 0xF0, 0x0C, 0x00, 0x20, 0x00, 0x80, 0x02, 0x00, 0x00, 0x0F, 0xBF, 0x30, 0xC3, 0x0C, 0x30,
    0xC3, 0x1C, 0x3F, 0xC1, 0xCC, 0x00, 0xC0, 0x0C, 0x03, 0xF0, 0x30, 0x03, 0x00, 0x30, 0x02, 0x00,
    0x78, 0x07, 0x9F, 0x03, 0xE3, 0xC0, 0xE0, 0xF0, 0x78, 0x3E, 0x1E, 0x0D, 0x85, 0x83, 0x63, 0x60,
    0xDC, 0xD8, 0x33, 0x26, 0x0C, 0xD9, 0x83, 0x3E, 0x60, 0xC7, 0x18, 0x31, 0xC6, 0x1E, 0x23, 0xE0,
    0x00, 0x08, 0x00, 0x06, 0x00, 0x01, 0x80, 0x00, 0xC0, 0x00, 0x00, 0xF0, 0x3C, 0xF0, 0xE1, 0xE1,
    0xC3, 0xC7, 0x87, 0xCB, 0x0D, 0xB6, 0x1B, 0xEC, 0x33, 0x98, 0x67, 0x39, 0xEC, 0xF8, 0x00, 0x30,
    0x00, 0x60, 0x01, 0x80, 0x03, 0x00, 0x7C, 0xF8, 0xE1, 0xC3, 0x87, 0x0E, 0x1C, 0x38, 0x70, 0xE1,
    0xC3, 0x8F, 0x80, 0x18, 0xC0, 0x77, 0x00, 0xF8, 0x00, 0x80, 0x07, 0x00, 0x1C, 0x00, 0x78, 0x03,
    0x60, 0x0D, 0x80, 0x67, 0x01, 0x8C, 0x07, 0xF8, 0x3F, 0xE0, 0xC1, 0x82, 0x07, 0x18, 0x1C, 0xF8,
    0xF8, 0x33, 0x0E, 0xC1, 0xE0, 0x00, 0x3F, 0x1C, 0xE3, 0x38, 0x06, 0x3F, 0x9C, 0x66, 0x19, 0x8E,
    0x67, 0x8F, 0x70, 0x00, 0x0D, 0x80, 0x37, 0x00, 0x00, 0x00, 0x80, 0x07, 0x00, 0x1C, 0x00, 0x78,
    0x03, 0x60, 0x0D, 0x80, 0x67, 0x01, 0x8C, 0x07, 0xF8, 0x3F, 0xE0, 0xC1, 0x82, 0x07, 0x18, 0x1C,
    0xF8, 0xF8, 0x33, 0x0C, 0xC0, 0x00, 0x00, 0x3F, 0x1C, 0xE3, 0x38, 0x06, 0x3F, 0x9C, 0x66, 0x19,
    0x8E, 0x67, 0x8F, 0x70, 0x00, 0x03, 0xFF, 0x00, 0xFF, 0xE0, 0x1E, 0x18, 0x0F, 0x86, 0x02, 0xE0,
    0x01, 0xB8, 0x00, 0xCF, 0xE0, 0x33, 0xF8, 0x1F, 0xE0, 0x07, 0xF8, 0x03, 0x0E, 0x08, 0xC3, 0x82,
    0x60, 0xE1, 0xBE, 0x7F, 0xE0, 0x00, 0x00, 0x7F, 0xF9, 0xCF, 0x31, 0x9C, 0x30, 0x18, 0x67, 0xFF,
    0xDC, 0x60, 0x30, 0xC0, 0x63, 0x80, 0xCF, 0x8C, 0xFB, 0xF0, 0x00, 0x00, 0x19, 0x83, 0x70, 0x3C,
    0x3F, 0xE7, 0xFC, 0x70, 0x8E, 0x11, 0xC0, 0x38, 0x07, 0xF0, 0xFE, 0x1C, 0x03, 0x80, 0x70, 0x4E,
    0x09, 0xC3, 0x7F, 0xE0, 0x66, 0x3B, 0x0F, 0x00, 0x07, 0xE3, 0x3B, 0x0D, 0x86, 0xFF, 0x60, 0x30,
    0x1C, 0x06, 0x31, 0xF0, 0x00, 0x1E, 0x0F, 0xF1, 0x07, 0x00, 0x60, 0x0E, 0x01, 0xFF, 0xFF, 0xFF,
    0xC0, 0xF8, 0x1F, 0x83, 0xB0, 0x67, 0x18, 0x7E, 0x00, 0x00, 0x00, 0x1F, 0x18, 0xC0, 0x30, 0x18,
    0x0D, 0xFE, 0xC3, 0x61, 0xB9, 0x8F, 0xC0, 0x00, 0x3B, 0x07, 0x60, 0x00, 0x0F, 0x07, 0xF8, 0x83,
    0x80, 0x30, 0x07, 0x00, 0xFF, 0xFF, 0xFF, 0xE0, 0x7C, 0x0F, 0xC1, 0xD8, 0x33, 0x8C, 0x3F, 0x00,
    0x00, 0x33, 0x19, 0x80, 0x00, 0x03, 0xE3, 0x18, 0x06, 0x03, 0x01, 0xBF, 0xD8, 0x6C, 0x37, 0x31,
    0xF8, 0x00, 0x01, 0x98, 0x00, 0x1D, 0x80, 0x00, 0x00, 0x03, 0x8F, 0x9E, 0x78, 0xF9, 0xE1, 0x86,
    0x18, 0x0C, 0x63, 0x00, 0x66, 0x30, 0x06, 0x66, 0x00, 0x3F, 0xC0, 0x07, 0xFE, 0x00, 0x66, 0x70,
    0x0E, 0x63, 0x01, 0xC6, 0x38, 0x1C, 0x61, 0xC3, 0x87, 0x1C, 0x71, 0xF8, 0xF0, 0x06, 0xC0, 0x0D,
    0x80, 0x00, 0x00, 0x00, 0x0F, 0x7D, 0xEE, 0x73, 0x0C, 0xE4, 0x0D, 0xD8, 0x0F, 0xE0, 0x3F, 0xE0,
    0xEE, 0xE1, 0x9C, 0xC7, 0x39, 0xDC, 0xF9, 0xC0, 0x1B, 0x03, 0x60, 0x00, 0x0F, 0x07, 0xF8, 0xC3,
    0x98, 0x70, 0x0E, 0x01, 0x81, 0xE0, 0x3E, 0x00, 0xE0, 0x0C, 0x81, 0x98, 0x33, 0x8E, 0x3F, 0x80,
    0x00, 0x36, 0x3B, 0x00, 0x00, 0x07, 0xE3, 0x39, 0x0C, 0x0E, 0x1E, 0x0F, 0x80, 0xC8, 0x6E, 0x33,
    0xF0, 0x00, 0x3F, 0x8F, 0xF9, 0x86, 0x01, 0x80, 0x60, 0x18, 0x07, 0xC0, 0x7C, 0x01, 0xC0, 0x19,
    0x03, 0x30, 0x67, 0x1C, 0x7F, 0x00, 0x00, 0x00, 0x1F, 0xE7, 0xF1, 0x8C, 0x06, 0x03, 0x01, 0x80,
    0x7C, 0x03, 0x80, 0x60, 0x18, 0x06, 0x41, 0x98, 0xE7, 0xF0, 0xF0, 0x07, 0xC0, 0x0F, 0x81, 0xF1,
    0xF3, 0xE3, 0xE3, 0x83, 0x87, 0x07, 0x0E, 0x1E, 0x1C, 0x7C, 0x39, 0xB8, 0x76, 0x70, 0xE8, 0xE1,
    0xF1, 0xC3, 0xC3, 0x87, 0x07, 0x0E, 0x0E, 0x3E, 0x3F, 0x0F, 0x80, 0xF8, 0x00, 0x07, 0xDF, 0x30,
    0xE3, 0x0E, 0x31, 0xE3, 0x3E, 0x36, 0xE3, 0xCE, 0x38, 0xE3, 0x0E, 0x7D, 0xF0, 0x06, 0xC0, 0x0D,
    0x80, 0x00, 0x03, 0xE3, 0xE7, 0xC7, 0xC7, 0x07, 0x0E, 0x0E, 0x1C, 0x3C, 0x38, 0xF8, 0x73, 0x70,
    0xEC, 0xE1, 0xD1, 0xC3, 0xE3, 0x87, 0x87, 0x0E, 0x0E, 0x1C, 0x1C, 0x7C, 0x7E, 0x0D, 0x81, 0xD8,
    0x00, 0x00, 0x00, 0x7D, 0xF3, 0x0E, 0x30, 0xE3, 0x1E, 0x33, 0xE3, 0x6E, 0x3C, 0xE3, 0x8E, 0x30,
    0xE7, 0xDF, 0x19, 0x81, 0x98, 0x00, 0x00, 0xF0, 0x3F, 0xC7, 0x0E, 0x60, 0x6E, 0x07, 0xC0, 0x7C,
    0x07, 0xC0, 0x3C, 0x07, 0xE0, 0x7E, 0x07, 0x60, 0x67, 0x0C, 0x1F, 0x80, 0x00, 0x76, 0x3B, 0x00,
    0x00, 0x07, 0xE3, 0x1B, 0x0F, 0x83, 0xC1, 0xE0, 0xF0, 0x78, 0x76, 0x31, 0xF0, 0x00, 0x0F, 0x03,
    0xFC, 0x70, 0xE6, 0x06, 0xE0, 0x7C, 0x07, 0xFF, 0xFF, 0xFF, 0xC0, 0x7E, 0x07, 0xE0, 0x76, 0x06,
    0x70, 0xC1, 0xF8, 0x00, 0x00, 0x00, 0x3F, 0x18, 0xD8, 0x7C, 0x1F, 0xFF, 0xFF, 0x83, 0xC3, 0xB1,
    0x8F, 0x80, 0x00, 0x19, 0x81, 0x98, 0x00, 0x00, 0xF0, 0x3F, 0xC7, 0x0E, 0x60, 0x6E, 0x07, 0xC0,
    0x7F, 0xFF, 0xFF, 0xFC, 0x07, 0xE0, 0x7E, 0x07, 0x60, 0x67, 0x0C, 0x1F, 0x80, 0x00, 0x36, 0x3B,
    0x00, 0x00, 0x07, 0xE3, 0x1B, 0x0F, 0x83, 0xFF, 0xFF, 0xF0, 0x78, 0x76, 0x31, 0xF0, 0x00, 0x1B,
    0x03, 0x60, 0x00, 0x0F, 0x07, 0xF8, 0xC3, 0x98, 0x30, 0x07, 0x00, 0xE1, 0xFC, 0x3F, 0x80, 0x70,
    0x0E, 0x81, 0x98, 0x33, 0x0C, 0x3F, 0x00, 0x00, 0x76, 0x3B, 0x00, 0x00, 0x07, 0xE3, 0x39, 0x0C,
    0x07, 0x1F, 0x8F, 0xC0, 0xE8, 0x6E, 0x73, 0xF0, 0x00, 0x1F, 0x80, 0x7C, 0x3E, 0x3D, 0xF1, 0xE7,
    0x06, 0x18, 0x20, 0xE3, 0x03, 0x18, 0x1C, 0x80, 0x6C, 0x03, 0xC0, 0x0E, 0x00, 0x70, 0x03, 0x00,
    0xF8, 0x07, 0x80, 0x00, 0x00, 0x1F, 0x03, 0xE0, 0x00, 0x7C, 0xF7, 0x0C, 0x61, 0x0C, 0x61, 0xCC,
    0x19, 0x03, 0x60, 0x38, 0x07, 0x00, 0x60, 0x18, 0x03, 0x00, 0xC0, 0x78, 0x0C, 0x00, 0x1D, 0x80,
    0xEC, 0x00, 0x01, 0xF1, 0xEF, 0x8F, 0x38, 0x30, 0xC1, 0x07, 0x18, 0x18, 0xC0, 0xE4, 0x03, 0x60,
    0x1E, 0x00, 0x70, 0x03, 0x80, 0x18, 0x07, 0xC0, 0x3C, 0x00, 0x00, 0x00, 0x1B, 0x03, 0x70, 0x00,
    0x00, 0x0F, 0x9E, 0xE1, 0x8C, 0x21, 0x8C, 0x39, 0x83, 0x20, 0x6C, 0x07, 0x00, 0xE0, 0x0C, 0x03,
    0x00, 0x60, 0x18, 0x0F, 0x01, 0x80, 0x00, 0x06, 0x40, 0x76, 0x03, 0x60, 0x32, 0x0F, 0x8F, 0x7C,
    0x79, 0xC1, 0x86, 0x08, 0x38, 0xC0, 0xC6, 0x07, 0x20, 0x1B, 0x00, 0xF0, 0x03, 0x80, 0x1C, 0x00,
    0xC0, 0x3E, 0x01, 0xE0, 0x00, 0x00, 0x04, 0xC1, 0xB8, 0x66, 0x09, 0x80, 0x01, 0xF3, 0xDC, 0x31,
    0x84, 0x31, 0x87, 0x30, 0x64, 0x0D, 0x80, 0xE0, 0x1C, 0x01, 0x80, 0x60, 0x0C, 0x03, 0x01, 0xE0,
    0x30, 0x00, 0x0C, 0xC0, 0x33, 0x00, 0x00, 0x1F, 0x3E, 0xFC, 0xF8, 0xC1, 0xC3, 0x03, 0x0C, 0x0C,
    0x30, 0x30, 0xE0, 0xC3, 0xCF, 0x07, 0xFC, 0x00, 0x30, 0x00, 0xC0, 0x03, 0x00, 0x1C, 0x00, 0xFC,
    0x1B, 0x81, 0xB8, 0x00, 0x00, 0x00, 0xFB, 0xE3, 0x1C, 0x31, 0xC3, 0x1C, 0x31, 0xC3, 0xFC, 0x0F,
    0xC0, 0x1C, 0x01, 0xC0, 0x3E, 0x7F, 0xCF, 0xF8, 0xE1, 0x1C, 0x23, 0x80, 0x70, 0x0E, 0x01, 0xC0,
    0x38, 0x07, 0x00, 0xE0, 0x1C, 0x03, 0x80, 0xFC, 0x03, 0x80, 0x30, 0x06, 0x00, 0xC0, 0x00, 0x7F,
    0x8C, 0x46, 0x23, 0x01, 0x80, 0xC0, 0x60, 0x30, 0x18, 0x3F, 0x01, 0x80, 0xC0, 0x20, 0x10, 0x03,
    0x70, 0x01, 0xB8, 0x00, 0x00, 0x0F, 0x83, 0xE7, 0xC1, 0xF1, 0xC0, 0x70, 0xE0, 0x38, 0x70, 0x1C,
    0x38, 0x0E, 0x1F, 0xC7, 0x0E, 0x33, 0x87, 0x1D, 0xC3, 0x86, 0xE1, 0xC3, 0x70, 0xE3, 0xB8, 0x73,
    0x9C, 0x7F, 0x9F, 0x80, 0x06, 0xE0, 0x0D, 0xC0, 0x00, 0x00, 0x00, 0x07, 0xC3, 0xE6, 0x03, 0x0C,
    0x06, 0x18, 0x0C, 0x3F, 0x98, 0x63, 0xB0, 0xC7, 0x61, 0x8E, 0xC3, 0x1D, 0x8F, 0xFF, 0xC0, 0x7F,
    0xCF, 0xF8, 0xE1, 0x1C, 0x23, 0x80, 0x70, 0x1F, 0x87, 0xF0, 0x38, 0x07, 0x00, 0xE0, 0x1C, 0x03,
    0x80, 0xFC, 0x01, 0x80, 0x30, 0x1E, 0x03, 0x80, 0x00, 0x7F, 0x8C, 0x46, 0x23, 0x07, 0xE1, 0xF0,
    0x60, 0x30, 0x18, 0x3F, 0x00, 0x80, 0x40, 0xE0, 0x60, 0x78, 0xF7, 0xC7, 0x8E, 0x30, 0x31, 0x01,
    0xD8, 0x07, 0x80, 0x18, 0x00, 0xE0, 0x0F, 0x00, 0x5C, 0x06, 0x70, 0x61, 0x87, 0x0E, 0x7C, 0xFC,
    0x00, 0x60, 0x03, 0x00, 0x70, 0x03, 0x80, 0x00, 0x1F, 0x78, 0xC6, 0x0D, 0x81, 0xE0, 0x1C, 0x03,
    0x80, 0xD8, 0x33, 0x86, 0x3B, 0xEF, 0x80, 0x30, 0x06, 0x03, 0xC0, 0x30, 0x78, 0xF7, 0xC7, 0x8E,
    0x30, 0x31, 0x01, 0xD8, 0x07, 0x80, 0xFF, 0x87, 0xFC, 0x0F, 0x00, 0x5C, 0x06, 0x70, 0x61, 0x87,
    0x0E, 0x7C, 0xF8, 0x00, 0x1F, 0x78, 0xC6, 0x0D, 0x81, 0xE0, 0xFF, 0x83, 0x80, 0xD8, 0x33, 0x86,
    0x3B, 0xEF, 0x80, 0x02, 0x00, 0x1C, 0x00, 0x70, 0x01, 0xE0, 0x0D, 0x80, 0x36, 0x01, 0x9C, 0x06,
    0x30, 0x1F, 0xE0, 0xFF, 0x83, 0x06, 0x08, 0x1C, 0x60, 0x73, 0xE3, 0xE0, 0x00, 0x00, 0xC0, 0x07,
    0x00, 0x08, 0x00, 0x00, 0x0F, 0xC7, 0x38, 0xCE, 0x01, 0x8F, 0xE7, 0x19, 0x86, 0x63, 0x99, 0xE3,
    0xDC, 0x00, 0x0C, 0x03, 0x00, 0xC0, 0x07, 0x00, 0x3E, 0x00, 0x18, 0x00, 0xC0, 0x02, 0x00, 0x08,
    0x00, 0x70, 0x01, 0xC0, 0x07, 0x80, 0x36, 0x00, 0xD8, 0x06, 0x70, 0x18, 0xC0, 0x7F, 0x83, 0xFE,
    0x0C, 0x18, 0x20, 0x71, 0x81, 0xCF, 0x8F, 0x80, 0x0C, 0x07, 0x80, 0x60, 0x38, 0x0C, 0x00, 0x03,
    0xF1, 0xCE, 0x33, 0x80, 0x63, 0xF9, 0xC6, 0x61, 0x98, 0xE6, 0x78, 0xF7, 0x00, 0x00, 0x00, 0x20,
    0x01, 0x80, 0x74, 0x03, 0x60, 0x08, 0x80, 0x08, 0x00, 0x70, 0x01, 0xC0, 0x07, 0x80, 0x36, 0x00,
    0xD8, 0x06, 0x70, 0x18, 0xC0, 0x7F, 0x83, 0xFE, 0x0C, 0x18, 0x20, 0x71, 0x81, 0xCF, 0x8F, 0x80,
    0x00, 0x00, 0x18, 0x3E, 0x0F, 0x03, 0x10, 0x00, 0x0F, 0xC3, 0x9C, 0x33, 0x80, 0x30, 0xFE, 0x38,
    0xC6, 0x18, 0xC7, 0x19, 0xE1, 0xEE, 0x00, 0x00, 0x20, 0x00, 0xC0, 0x01, 0xF0, 0x03, 0x60, 0x08,
    0x80, 0x08, 0x00, 0x70, 0x01, 0xC0, 0x07, 0x80, 0x36, 0x00, 0xD8, 0x06, 0x70, 0x18, 0xC0, 0x7F,
    0x83, 0xFE, 0x0C, 0x18, 0x20, 0x71, 0x81, 0xCF, 0x8F, 0x80, 0x00, 0x38, 0x06, 0xE0, 0x78, 0x31,
    0x00, 0x03, 0xF1, 0xCE, 0x33, 0x80, 0x63, 0xF9, 0xC6, 0x61, 0x98, 0xE6, 0x78, 0xF7, 0x00, 0x00,
    0x00, 0x00, 0x03, 0x80, 0x06, 0x01, 0xD0, 0x0D, 0x80, 0x22, 0x00, 0x20, 0x01, 0xC0, 0x07, 0x00,
    0x1E, 0x00, 0xD8, 0x03, 0x60, 0x19, 0xC0, 0x63, 0x01, 0xFE, 0x0F, 0xF8, 0x30, 0x60, 0x81, 0xC6,
    0x07, 0x3E, 0x3E, 0x00, 0x00, 0xE0, 0x08, 0x3C, 0x1E, 0x0C, 0x40, 0x00, 0xFC, 0x73, 0x8C, 0xE0,
    0x18, 0xFE, 0x71, 0x98, 0x66, 0x39, 0x9E, 0x3D, 0xC0, 0x00, 0x0E, 0x40, 0x3F, 0x00, 0x10, 0x01,
    0xC0, 0x0D, 0x80, 0x22, 0x00, 0x20, 0x01, 0xC0, 0x07, 0x00, 0x1E, 0x00, 0xD8, 0x03, 0x60, 0x19,
    0xC0, 0x63, 0x01, 0xFE, 0x0F, 0xF8, 0x30, 0x60, 0x81, 0xC6, 0x07, 0x3E, 0x3E, 0x19, 0x0F, 0xC2,
    0x20, 0x38, 0x1E, 0x0C, 0x40, 0x00, 0xFC, 0x73, 0x8C, 0xE0, 0x18, 0xFE, 0x71, 0x98, 0x66, 0x39,
    0x9E, 0x3D, 0xC0, 0x00, 0x02, 0x00, 0x1C, 0x00, 0xD8, 0x02, 0x20, 0x02, 0x00, 0x1C, 0x00, 0x70,
    0x01, 0xE0, 0x0D, 0x80, 0x36, 0x01, 0x9C, 0x06, 0x30, 0x1F, 0xE0, 0xFF, 0x83, 0x06, 0x08, 0x1C,
    0x60, 0x73, 0xE3, 0xE0, 0x00, 0x00, 0xC0, 0x07, 0x00, 0x08, 0x00, 0x0C, 0x07, 0x81, 0xE0, 0xC4,
    0x00, 0x0F, 0xC7, 0x38, 0xCE, 0x01, 0x8F, 0xE7, 0x19, 0x86, 0x63, 0x99, 0xE3, 0xDC, 0x00, 0x0C,
    0x03, 0x00, 0xC0, 0x01, 0x80, 0x0C, 0x00, 0x88, 0x03, 0xE0, 0x07, 0x00, 0x08, 0x00, 0x70, 0x01,
    0xC0, 0x07, 0x80, 0x36, 0x00, 0xD8, 0x06, 0x70, 0x18, 0xC0, 0x7F, 0x83, 0xFE, 0x0C, 0x18, 0x20,
    0x71, 0x81, 0xCF, 0x8F, 0x80, 0x06, 0x01, 0x83, 0x30, 0x7C, 0x0E, 0x00, 0x03, 0xF1, 0xCE, 0x33,
    0x80, 0x63, 0xF9, 0xC6, 0x61, 0x98, 0xE6, 0x78, 0xF7, 0x00, 0x00, 0x0C, 0x00, 0x18, 0x00, 0x88,
    0x03, 0xE0, 0x07, 0x00, 0x08, 0x00, 0x70, 0x01, 0xC0, 0x07, 0x80, 0x36, 0x00, 0xD8, 0x06, 0x70,
    0x18, 0xC0, 0x7F, 0x83, 0xFE, 0x0C, 0x18, 0x20, 0x71, 0x81, 0xCF, 0x8F, 0x80, 0x18, 0x03, 0x03,
    0x30, 0x7C, 0x0E, 0x00, 0x03, 0xF1, 0xCE, 0x33, 0x80, 0x63, 0xF9, 0xC6, 0x61, 0x98, 0xE6, 0x78,
    0xF7, 0x00, 0x00, 0x07, 0x00, 0x1C, 0x00, 0x30, 0x02, 0xA0, 0x0F, 0x80, 0x1C, 0x00, 0x20, 0x01,
    0xC0, 0x07, 0x00, 0x1E, 0x00, 0xD8, 0x03, 0x60, 0x19, 0xC0, 0x63, 0x01, 0xFE, 0x0F, 0xF8, 0x30,
    0x60, 0x81, 0xC6, 0x07, 0x3E, 0x3E, 0x0C, 0x03, 0x80, 0x60, 0xCC, 0x1F, 0x03, 0x80, 0x00, 0xFC,
    0x73, 0x8C, 0xE0, 0x18, 0xFE, 0x71, 0x98, 0x66, 0x39, 0x9E, 0x3D, 0xC0, 0x00, 0x0E, 0x40, 0x3F,
    0x00, 0x90, 0x02, 0x20, 0x0F, 0x80, 0x1C, 0x00, 0x20, 0x01, 0xC0, 0x07, 0x00, 0x1E, 0x00, 0xD8,
    0x03, 0x60, 0x19, 0xC0, 0x63, 0x01, 0xFE, 0x0F, 0xF8, 0x30, 0x60, 0x81, 0xC6, 0x07, 0x3E, 0x3E,
    0x19, 0x0F, 0xC2, 0x20, 0xCC, 0x1F, 0x03, 0x80, 0x00, 0xFC, 0x73, 0x8C, 0xE0, 0x18, 0xFE, 0x71,
    0x98, 0x66, 0x39, 0x9E, 0x3D, 0xC0, 0x00, 0x08, 0x80, 0x3E, 0x00, 0x70, 0x00, 0x80, 0x07, 0x00,
    0x1C, 0x00, 0x78, 0x03, 0x60, 0x0D, 0x80, 0x67, 0x01, 0x8C, 0x07, 0xF8, 0x3F, 0xE0, 0xC1, 0x82,
    0x07, 0x18, 0x1C, 0xF8, 0xF8, 0x00, 0x00, 0x30, 0x01, 0xC0, 0x02, 0x00, 0x33, 0x07, 0xC0, 0xE0,
    0x00, 0x3F, 0x1C, 0xE3, 0x38, 0x06, 0x3F, 0x9C, 0x66, 0x19, 0x8E, 0x67, 0x8F, 0x70, 0x00, 0x30,
    0x0C, 0x03, 0x00, 0x7F, 0xCF, 0xF8, 0xE1, 0x1C, 0x23, 0x80, 0x70, 0x0F, 0xE1, 0xFC, 0x38, 0x07,
    0x00, 0xE0, 0x9C, 0x13, 0x86, 0xFF, 0xC0, 0x00, 0x30, 0x06, 0x00, 0x80, 0x00, 0x3F, 0x19, 0xD8,
    0x6C, 0x37, 0xFB, 0x01, 0x80, 0xE0, 0x31, 0x8F, 0x80, 0x01, 0x80, 0xC0, 0x20, 0x06, 0x01, 0xE0,
    0x0C, 0x03, 0x80, 0x60, 0xFF, 0x9F, 0xF1, 0xC2, 0x38, 0x47, 0x00, 0xE0, 0x1F, 0xC3, 0xF8, 0x70,
    0x0E, 0x01, 0xC1, 0x38, 0x27, 0x0D, 0xFF, 0x80, 0x18, 0x1E, 0x01, 0x83, 0x81, 0x80, 0x01, 0xF8,
    0xCE, 0xC3, 0x61, 0xBF, 0xD8, 0x0C, 0x07, 0x01, 0x8C, 0x7C, 0x00, 0x00, 0x1C, 0x83, 0xF0, 0x4E,
    0x3F, 0xE7, 0xFC, 0x70, 0x8E, 0x11, 0xC0, 0x38, 0x07, 0xF0, 0xFE, 0x1C, 0x03, 0x80, 0x70, 0x4E,
    0x09, 0xC3, 0x7F, 0xE0, 0x72, 0x3F, 0x13, 0x80, 0x07, 0xE3, 0x3B, 0x0D, 0x86, 0xFF, 0x60, 0x30,
    0x1C, 0x06, 0x31, 0xF0, 0x00, 0x00, 0x60, 0x0C, 0x3B, 0x07, 0x81, 0x08, 0xFF, 0x9F, 0xF1, 0xC2,
    0x38, 0x47, 0x00, 0xE0, 0x1F, 0xC3, 0xF8, 0x70, 0x0E, 0x01, 0xC1, 0x38, 0x27, 0x0D, 0xFF, 0x80,
    0x00, 0x00, 0x61, 0xF0, 0xF0, 0x62, 0x00, 0x07, 0xE1, 0x9C, 0xC3, 0x30, 0xCF, 0xF3, 0x00, 0xC0,
    0x38, 0x06, 0x30, 0xF8, 0x00, 0x00, 0x40, 0x0C, 0x00, 0xF8, 0x07, 0x81, 0x08, 0xFF, 0x9F, 0xF1,
    0xC2, 0x38, 0x47, 0x00, 0xE0, 0x1F, 0xC3, 0xF8, 0x70, 0x0E, 0x01, 0xC1, 0x38, 0x27, 0x0D, 0xFF,
    0x80, 0x00, 0x30, 0x06, 0xE0, 0x78, 0x31, 0x00, 0x03, 0xF0, 0xCE, 0x61, 0x98, 0x67, 0xF9, 0x80,
    0x60, 0x1C, 0x03, 0x18, 0x7C, 0x00, 0x00, 0x00, 0x00, 0x38, 0x03, 0x07, 0x40, 0xF0, 0x21, 0x1F,
    0xF3, 0xFE, 0x38, 0x47, 0x08, 0xE0, 0x1C, 0x03, 0xF8, 0x7F, 0x0E, 0x01, 0xC0, 0x38, 0x27, 0x04,
    0xE1, 0xBF, 0xF0, 0x00, 0x03, 0x80, 0x43, 0xC3, 0xC3, 0x10, 0x00, 0xFC, 0x67, 0x61, 0xB0, 0xDF,
    0xEC, 0x06, 0x03, 0x80, 0xC6, 0x3E, 0x00, 0x00, 0x0C, 0x83, 0xF0, 0x4C, 0x07, 0x00, 0xF0, 0x21,
    0x1F, 0xF3, 0xFE, 0x38, 0x47, 0x08, 0xE0, 0x1C, 0x03, 0xF8, 0x7F, 0x0E, 0x01, 0xC0, 0x38, 0x27,
    0x04, 0xE1, 0xBF, 0xF0, 0x32, 0x3F, 0x13, 0x03, 0x83, 0xC3, 0x10, 0x00, 0xFC, 0x67, 0x61, 0xB0,
    0xDF, 0xEC, 0x06, 0x03, 0x80, 0xC6, 0x3E, 0x00, 0x00, 0x06, 0x01, 0xE0, 0x3C, 0x0C, 0xC7, 0xFC,
    0xFF, 0x8E, 0x11, 0xC2, 0x38, 0x07, 0x00, 0xFE, 0x1F, 0xC3, 0x80, 0x70, 0x0E, 0x09, 0xC1, 0x38,
    0x6F, 0xFC, 0x00, 0x03, 0x00, 0x60, 0x08, 0x00, 0x18, 0x1E, 0x0F, 0x0C, 0x40, 0x03, 0xF1, 0x9D,
    0x86, 0xC3, 0x7F, 0xB0, 0x18, 0x0E, 0x03, 0x18, 0xF8, 0x00, 0x18, 0x0C, 0x02, 0x00, 0x38, 0xF8,
    0x30, 0xC1, 0x0F, 0x9F, 0x1C, 0x38, 0x70, 0xE1, 0xC3, 0x87, 0x0E, 0x1C, 0x38, 0x71, 0xF0, 0x31,
    0xE1, 0x8E, 0x30, 0x0F, 0x0C, 0x30, 0xC3, 0x0C, 0x30, 0xC3, 0x3F, 0x7C, 0xF8, 0xE1, 0xC3, 0x87,
    0x0E, 0x1C, 0x38, 0x70, 0xE1, 0xC3, 0x8F, 0x80, 0x1C, 0x38, 0x20, 0x00, 0xC3, 0x00, 0x03, 0xC3,
    0x0C, 0x30, 0xC3, 0x0C, 0x30, 0xCF, 0xC0, 0x30, 0xC3, 0x00, 0x0F, 0x03, 0xFC, 0x70, 0xE6, 0x06,
    0xE0, 0x7C, 0x07, 0xC0, 0x7C, 0x03, 0xC0, 0x7E, 0x07, 0xE0, 0x76, 0x06, 0x70, 0xC1, 0xF8, 0x00,
    0x00, 0x60, 0x06, 0x00, 0x60, 0x00, 0x3F, 0x18, 0xD8, 0x7C, 0x1E, 0x0F, 0x07, 0x83, 0xC3, 0xB1,
    0x8F, 0x80, 0x01, 0x80, 0xE0, 0x20, 0x06, 0x00, 0xF0, 0x03, 0x00, 0x70, 0x06, 0x00, 0xF0, 0x3F,
    0xC7, 0x0E, 0x60, 0x6E, 0x07, 0xC0, 0x7C, 0x07, 0xC0, 0x3C, 0x07, 0xE0, 0x7E, 0x07, 0x60, 0x67,
    0x0C, 0x1F, 0x80, 0x00, 0x18, 0x1F, 0x01, 0x81, 0x80, 0x80, 0x01, 0xF8, 0xC6, 0xC3, 0xE0, 0xF0,
    0x78, 0x3C, 0x1E, 0x1D, 0x8C, 0x7C, 0x00, 0x00, 0x00, 0x60, 0x06, 0x0E, 0xC0, 0xF0, 0x10, 0x80,
    0xF0, 0x3F, 0xC7, 0x0E, 0x60, 0x6E, 0x07, 0xC0, 0x7C, 0x07, 0xC0, 0x3C, 0x07, 0xE0, 0x7E, 0x07,
    0x60, 0x67, 0x0C, 0x1F, 0x80, 0x00, 0x00, 0x00, 0x61, 0xF0, 0xF8, 0x22, 0x00, 0x07, 0xE1, 0x8C,
    0xC3, 0xB0, 0x6C, 0x1B, 0x06, 0xC1, 0xB0, 0xE6, 0x30, 0xF8, 0x00, 0x00, 0x40, 0x06, 0x00, 0x3E,
    0x00, 0xF0, 0x10, 0x80, 0xF0, 0x3F, 0xC7, 0x0E, 0x60, 0x6E, 0x07, 0xC0, 0x7C, 0x07, 0xC0, 0x3C,
    0x07, 0xE0, 0x7E, 0x07, 0x60, 0x67, 0x0C, 0x1F, 0x80, 0x00, 0x00, 0x18, 0x02, 0xE0, 0x7C, 0x11,
    0x00, 0x03, 0xF0, 0xC6, 0x61, 0xD8, 0x36, 0x0D, 0x83, 0x60, 0xD8, 0x73, 0x18, 0x7C, 0x00, 0x00,
    0x00, 0x00, 0x1C, 0x00, 0xC0, 0xE8, 0x0F, 0x01, 0x08, 0x0F, 0x03, 0xFC, 0x70, 0xE6, 0x06, 0xE0,
    0x7C, 0x07, 0xC0, 0x7C, 0x03, 0xC0, 0x7E, 0x07, 0xE0, 0x76, 0x06, 0x70, 0xC1, 0xF8, 0x00, 0x00,
    0x00, 0x03, 0xC0, 0x63, 0xE3, 0xE1, 0x10, 0x00, 0xFC, 0x63, 0x61, 0xF0, 0x78, 0x3C, 0x1E, 0x0F,
    0x0E, 0xC6, 0x3E, 0x00, 0x00, 0x0C, 0x81, 0xF8, 0x13, 0x00, 0xE0, 0x0F, 0x01, 0x08, 0x0F, 0x03,
    0xFC, 0x70, 0xE6, 0x06, 0xE0, 0x7C, 0x07, 0xC0, 0x7C, 0x03, 0xC0, 0x7E, 0x07, 0xE0, 0x76, 0x06,
    0x70, 0xC1, 0xF8, 0x00, 0x00, 0x32, 0x3F, 0x11, 0x03, 0x83, 0xE1, 0x10, 0x00, 0xFC, 0x63, 0x61,
    0xF0, 0x78, 0x3C, 0x1E, 0x0F, 0x0E, 0xC6, 0x3E, 0x00, 0x00, 0x06, 0x00, 0xF0, 0x0F, 0x01, 0x98,
    0x0F, 0x03, 0xFC, 0x70, 0xE6, 0x06, 0xE0, 0x7C, 0x07, 0xC0, 0x7C, 0x03, 0xC0, 0x7E, 0x07, 0xE0,
    0x76, 0x06, 0x70, 0xC1, 0xF8, 0x00, 0x00, 0x60, 0x06, 0x00, 0x60, 0x08, 0x0E, 0x0D, 0x84, 0x40,
    0x03, 0xF1, 0x8D, 0x87, 0xC1, 0xE0, 0xF0, 0x78, 0x3C, 0x3B, 0x18, 0xF8, 0x00, 0x18, 0x0E, 0x02,
    0x00, 0x01, 0x00, 0x0C, 0x00, 0x60, 0x01, 0x02, 0x0F, 0x1C, 0xFF, 0x37, 0x0F, 0x98, 0x1C, 0xE0,
    0x73, 0x01, 0xCC, 0x07, 0x30, 0x0C, 0xC0, 0x73, 0x81, 0xCE, 0x07, 0x18, 0x18, 0x70, 0xC0, 0x7E,
    0x00, 0x00, 0x00, 0x06, 0x00, 0xC0, 0x30, 0x04, 0x70, 0x0E, 0xFC, 0xD8, 0xF6, 0x1C, 0xC1, 0x98,
    0x33, 0x06, 0x60, 0xCC, 0x38, 0xC6, 0x0F, 0x80, 0x00, 0x18, 0x00, 0x30, 0x00, 0xE0, 0x00, 0x82,
    0x0F, 0x1C, 0xFF, 0x37, 0x0F, 0x98, 0x1C, 0xE0, 0x73, 0x01, 0xCC, 0x07, 0x30, 0x0C, 0xC0, 0x73,
    0x81, 0xCE, 0x07, 0x18, 0x18, 0x70, 0xC0, 0x7E, 0x00, 0x00, 0x00, 0x30, 0x06, 0x00, 0x60, 0x04,
    0x70, 0x0E, 0xFC, 0xD8, 0xF6, 0x1C, 0xC1, 0x98, 0x33, 0x06, 0x60, 0xCC, 0x38, 0xC6, 0x0F, 0x80,
    0x00, 0x06, 0x00, 0x3C, 0x00, 0x30, 0x01, 0xC0, 0x06, 0x08, 0x3C, 0x73, 0xFC, 0xDC, 0x3E, 0x60,
    0x73, 0x81, 0xCC, 0x07, 0x30, 0x1C, 0xC0, 0x33, 0x01, 0xCE, 0x07, 0x38, 0x1C, 0x60, 0x61, 0xC3,
    0x01, 0xF8, 0x00, 0x00, 0x18, 0x07, 0xC0, 0x18, 0x06, 0x00, 0x8E, 0x01, 0xDF, 0x9B, 0x1E, 0xC3,
    0x98, 0x33, 0x06, 0x60, 0xCC, 0x19, 0x87, 0x18, 0xC1, 0xF0, 0x00, 0x00, 0x1C, 0x80, 0xFE, 0x00,
    0x30, 0x83, 0xC7, 0x3F, 0xCD, 0xC3, 0xE6, 0x07, 0x38, 0x1C, 0xC0, 0x73, 0x01, 0xCC, 0x03, 0x30,
    0x1C, 0xE0, 0x73, 0x81, 0xC6, 0x06, 0x1C, 0x30, 0x1F, 0x80, 0x00, 0x00, 0x39, 0x0F, 0xE1, 0x3B,
    0x80, 0x77, 0xE6, 0xC7, 0xB0, 0xE6, 0x0C, 0xC1, 0x98, 0x33, 0x06, 0x61, 0xC6, 0x30, 0x7C, 0x00,
    0x00, 0x00, 0x08, 0x3C, 0x73, 0xFC, 0xDC, 0x3E, 0x60, 0x73, 0x81, 0xCC, 0x07, 0x30, 0x1C, 0xC0,
    0x33, 0x01, 0xCE, 0x07, 0x38, 0x1C, 0x60, 0x61, 0xC3, 0x01, 0xF8, 0x00, 0x00, 0x06, 0x00, 0x18,
    0x00, 0x60, 0x00, 0x00, 0xE0, 0x1D, 0xF9, 0xB1, 0xEC, 0x39, 0x83, 0x30, 0x66, 0x0C, 0xC1, 0x98,
    0x71, 0x8C, 0x1F, 0x00, 0x00, 0x30, 0x07, 0x00, 0x40, 0xFC, 0x7B, 0xF1, 0xE3, 0x03, 0x0C, 0x0C,
    0x30, 0x30, 0xC0, 0xC3, 0x03, 0x0C, 0x0C, 0x30, 0x30, 0xC0, 0xC3, 0x03, 0x0C, 0x08, 0x3C, 0x60,
    0x7F, 0x00, 0x00, 0x00, 0xC0, 0x07, 0x00, 0x08, 0x00, 0x00, 0x0F, 0x3C, 0x30, 0xC3, 0x0C, 0x30,
    0xC3, 0x0C, 0x30, 0xC3, 0x0C, 0x30, 0xC3, 0x9C, 0x1F, 0xF0, 0x00, 0x06, 0x00, 0x60, 0x06, 0x00,
    0x03, 0x00, 0x1E, 0x00, 0x08, 0x00, 0xE0, 0x03, 0x03, 0xF1, 0xEF, 0xC7, 0x8C, 0x0C, 0x30, 0x30,
    0xC0, 0xC3, 0x03, 0x0C, 0x0C, 0x30, 0x30, 0xC0, 0xC3, 0x03, 0x0C, 0x0C, 0x30, 0x20, 0xF1, 0x81,
    0xFC, 0x00, 0x00, 0x06, 0x00, 0xF0, 0x03, 0x00, 0x70, 0x06, 0x00, 0x00, 0xF3, 0xC3, 0x0C, 0x30,
    0xC3, 0x0C, 0x30, 0xC3, 0x0C, 0x30, 0xC3, 0x0C, 0x39, 0xC1, 0xFF, 0x00, 0x00, 0x00, 0x80, 0x03,
    0x00, 0x0C, 0x00, 0x10, 0x2F, 0xC6, 0xFF, 0x8E, 0xCC, 0x0F, 0x18, 0x1C, 0x30, 0x30, 0x60, 0x60,
    0xC0, 0xC1, 0x81, 0x83, 0x03, 0x06, 0x06, 0x0C, 0x0C, 0x18, 0x10, 0x3C, 0x60, 0x3F, 0x80, 0x00,
    0x00, 0x01, 0x00, 0x18, 0x01, 0x80, 0x08, 0x30, 0x01, 0xF9, 0xEC, 0xC3, 0xC6, 0x1C, 0x30, 0xC1,
    0x86, 0x0C, 0x30, 0x61, 0x83, 0x0C, 0x1C, 0xE0, 0x7F, 0xC0, 0x00, 0x0C, 0x00, 0x1C, 0x00, 0x18,
    0x00, 0x08, 0x2F, 0xC6, 0xFF, 0x8E, 0xCC, 0x0F, 0x18, 0x1C, 0x30, 0x30, 0x60, 0x60, 0xC0, 0xC1,
    0x81, 0x83, 0x03, 0x06, 0x06, 0x0C, 0x0C, 0x18, 0x10, 0x3C, 0x60, 0x3F, 0x80, 0x00, 0x00, 0x18,
    0x00, 0xE0, 0x03, 0x00, 0x0C, 0x30, 0x01, 0xF9, 0xEC, 0xC3, 0xC6, 0x1C, 0x30, 0xC1, 0x86, 0x0C,
    0x30, 0x61, 0x83, 0x0C, 0x1C, 0xE0, 0x7F, 0xC0, 0x00, 0x03, 0x00, 0x0F, 0x00, 0x02, 0x00, 0x1C,
    0x00, 0x30, 0x5F, 0x8D, 0xFF, 0x1D, 0x98, 0x1E, 0x30, 0x38, 0x60, 0x60, 0xC0, 0xC1, 0x81, 0x83,
    0x03, 0x06, 0x06, 0x0C, 0x0C, 0x18, 0x18, 0x30, 0x20, 0x78, 0xC0, 0x7F, 0x00, 0x00, 0x00, 0x06,
    0x00, 0x78, 0x00, 0xC0, 0x0E, 0x00, 0x61, 0x80, 0x0F, 0xCF, 0x66, 0x1E, 0x30, 0xE1, 0x86, 0x0C,
    0x30, 0x61, 0x83, 0x0C, 0x18, 0x60, 0xE7, 0x03, 0xFE, 0x00, 0x00, 0x0E, 0x40, 0x1F, 0x80, 0x06,
    0x17, 0xE3, 0x7F, 0xC7, 0x66, 0x07, 0x8C, 0x0E, 0x18, 0x18, 0x30, 0x30, 0x60, 0x60, 0xC0, 0xC1,
    0x81, 0x83, 0x03, 0x06, 0x06, 0x0C, 0x08, 0x1E, 0x30, 0x1F, 0xC0, 0x00, 0x00, 0x1C, 0x81, 0xFC,
    0x00, 0xC6, 0x00, 0x3F, 0x3D, 0x98, 0x78, 0xC3, 0x86, 0x18, 0x30, 0xC1, 0x86, 0x0C, 0x30, 0x61,
    0x83, 0x9C, 0x0F, 0xF8, 0x00, 0x00, 0x00, 0x05, 0xF8, 0xDF, 0xF1, 0xD9, 0x81, 0xE3, 0x03, 0x86,
    0x06, 0x0C, 0x0C, 0x18, 0x18, 0x30, 0x30, 0x60, 0x60, 0xC0, 0xC1, 0x81, 0x83, 0x02, 0x07, 0x8C,
    0x07, 0xF0, 0x00, 0x00, 0x03, 0x00, 0x0E, 0x00, 0x08, 0x00, 0x00, 0x18, 0x00, 0xFC, 0xF6, 0x61,
    0xE3, 0x0E, 0x18, 0x60, 0xC3, 0x06, 0x18, 0x30, 0xC1, 0x86, 0x0E, 0x70, 0x3F, 0xE0, 0x00, 0x03,
    0x00, 0x18, 0x00, 0xC0, 0x0C, 0x00, 0x70, 0x01, 0x80, 0x02, 0x07, 0xCF, 0xBE, 0x7C, 0xE0, 0x83,
    0x0C, 0x1C, 0x40, 0x76, 0x01, 0xA0, 0x0F, 0x00, 0x30, 0x01, 0x80, 0x0C, 0x00, 0x60, 0x03, 0x00,
    0x7E, 0x00, 0x18, 0x03, 0x00, 0x30, 0x02, 0x00, 0x01, 0xF3, 0xDC, 0x31, 0x84, 0x31, 0x87, 0x30,
    0x64, 0x0D, 0x80, 0xE0, 0x1C, 0x01, 0x80, 0x60, 0x0C, 0x03, 0x01, 0xE0, 0x30, 0x00, 0x7C, 0xFB,
    0xE7, 0xCE, 0x08, 0x30, 0xC1, 0xC4, 0x07, 0x60, 0x1A, 0x00, 0xF0, 0x03, 0x00, 0x18, 0x00, 0xC0,
    0x06, 0x00, 0x30, 0x07, 0xE0, 0x00, 0x00, 0x60, 0x03, 0x00, 0x10, 0x00, 0x00, 0x1F, 0x3D, 0xC3,
    0x18, 0x43, 0x18, 0x73, 0x06, 0x40, 0xD8, 0x0E, 0x01, 0xC0, 0x18, 0x06, 0x00, 0xDC, 0x33, 0x9E,
    0x23, 0x00, 0x03, 0x00, 0x3C, 0x00, 0x60, 0x07, 0x00, 0x20, 0x3E, 0x7D, 0xF3, 0xE7, 0x04, 0x18,
    0x60, 0xE2, 0x03, 0xB0, 0x0D, 0x00, 0x78, 0x01, 0x80, 0x0C, 0x00, 0x60, 0x03, 0x00, 0x18, 0x03,
    0xF0, 0x04, 0x03, 0xE0, 0x0C, 0x03, 0x00, 0x40, 0x00, 0x3E, 0x7B, 0x86, 0x30, 0x86, 0x30, 0xE6,
    0x0C, 0x81, 0xB0, 0x1C, 0x03, 0x80, 0x30, 0x0C, 0x01, 0x80, 0x60, 0x3C, 0x06, 0x00, 0x0E, 0x40,
    0x7E, 0x02, 0x70, 0xF9, 0xF7, 0xCF, 0x9C, 0x10, 0x61, 0x83, 0x88, 0x0E, 0xC0, 0x34, 0x01, 0xE0,
    0x06, 0x00, 0x30, 0x01, 0x80, 0x0C, 0x00, 0x60, 0x0F, 0xC0, 0x1C, 0x87, 0xF0, 0x8C, 0x00, 0x0F,
    0x9E, 0xE1, 0x8C, 0x21, 0x8C, 0x39, 0x83, 0x20, 0x6C, 0x07, 0x00, 0xE0, 0x0C, 0x03, 0x00, 0x60,
    0x18, 0x0F, 0x01, 0x80, 0x00, 0xFF, 0xFF, 0xFF, 0xF0, 0x48, 0xC3, 0x1E, 0x30, 0xC3, 0x0C, 0x30,
    0xC3, 0x0C, 0x30, 0xC3, 0x00, 0x33, 0xFF, 0xEC, 0x63, 0x18, 0xC6, 0x31, 0x8C, 0x63, 0x00, 0x67,
    0xBE, 0xF1, 0x8C, 0x63, 0x18, 0xC6, 0x31, 0x8C, 0x60, 0xFF, 0xE0, 0xFF, 0xE0, 0x7F, 0xDF, 0xF0,
    0x7F, 0xEF, 0xF8, 0x7F, 0xFF, 0xF7, 0xFF, 0xFF, 0x7F, 0xFF, 0xF7, 0xFF, 0xFF, 0x06, 0xB5, 0xAD,
    0x6B, 0x5A, 0xD6, 0xB5, 0xAD, 0x6B, 0x5A, 0xD6, 0xB5, 0x20, 0x7F, 0xBF, 0xDF, 0xEF, 0xF0, 0x06,
    0xCC, 0xEE, 0x27, 0x73, 0x6C, 0x27, 0x73, 0x6C, 0x4E, 0xEC, 0x42, 0x00, 0xCF, 0x36, 0x6E, 0xFD,
    0x80, 0x24, 0x76, 0x77, 0x32, 0x66, 0xCC, 0x26, 0x76, 0x77, 0x32, 0x66, 0xCC, 0x45, 0xDF, 0xB6,
    0x44, 0xC4, 0xC0, 0x08, 0x18, 0x18, 0x18, 0x18, 0xFF, 0x18, 0x18, 0x18, 0x18, 0x18, 0x18, 0x18,
    0x18, 0x18, 0x08, 0x08, 0x00, 0x08, 0x18, 0x18, 0x18, 0xFF, 0x59, 0x18, 0x18, 0x08, 0x08, 0x18,
    0x18, 0x7B, 0xFF, 0x18, 0x18, 0x18, 0x00, 0x31, 0xF7, 0xDF, 0x7D, 0xE0, 0x00, 0x40, 0xE1, 0xF3,
    0xF7, 0x8C, 0x00, 0x00, 0xFF, 0x00, 0xE3, 0xE7, 0xC3, 0x43, 0x0B, 0x8C, 0x7E, 0x31, 0xC0, 0x00,
    0x5F, 0x80, 0x7F, 0xF1, 0x8C, 0x63, 0x18, 0xC6, 0x31, 0x8C, 0x60, 0x00, 0xF7, 0xC6, 0x31, 0x8C,
    0x63, 0x18, 0xC6, 0x31, 0x8C, 0x00, 0x79, 0xE7, 0x9E, 0x30, 0xC3, 0x0C, 0x30, 0xC3, 0x0C, 0x30,
    0xC3, 0x00, 0x79, 0x04, 0x1E, 0x30, 0xC3, 0x0C, 0x30, 0xC3, 0x0C, 0x30, 0xC3, 0x00, 0x78, 0x20,
    0x9E, 0x30, 0xC3, 0x0C, 0x30, 0xC3, 0x0C, 0x30, 0xC3, 0x00, 0x38, 0x10, 0x00, 0x7C, 0x30, 0x00,
    0x66, 0x30, 0x00, 0x66, 0x60, 0x00, 0x66, 0x60, 0x00, 0x66, 0xC0, 0x00, 0x66, 0xDE, 0x3C, 0x6F,
    0xB3, 0x76, 0x3D, 0xB3, 0x66, 0x03, 0x33, 0x67, 0x03, 0x33, 0x67, 0x06, 0x33, 0x66, 0x06, 0x33,
    0x66, 0x0C, 0x1E, 0x3C, 0x00, 0x00, 0x00, 0x38, 0x10, 0x00, 0x00, 0xF8, 0x60, 0x00, 0x01, 0x98,
    0xC0, 0x00, 0x03, 0x33, 0x00, 0x00, 0x06, 0x66, 0x00, 0x00, 0x0C, 0xD8, 0x00, 0x00, 0x19, 0xB7,
    0x8F, 0x1F, 0x37, 0xD9, 0xBB, 0x37, 0x3D, 0xB3, 0x66, 0x66, 0x06, 0x66, 0xCF, 0xCC, 0x0C, 0xCD,
    0x9F, 0x98, 0x31, 0x9B, 0x33, 0x30, 0x63, 0x36, 0x66, 0xE1, 0x83, 0xC7, 0x8F, 0x80, 0x00, 0x00,
    0x00, 0x00, 0x66, 0x6C, 0xC0, 0x64, 0xDD, 0xB6, 0x6C, 0x80, 0x00, 0x64, 0xCD, 0xD9, 0xB3, 0x66,
    0xCC, 0x98, 0x00, 0x00, 0x46, 0x66, 0x20, 0x4C, 0xD9, 0xB3, 0x32, 0x60, 0x00, 0x4C, 0x8D, 0x99,
    0xB3, 0x33, 0x62, 0x64, 0x00, 0x00, 0x10, 0x30, 0xE1, 0x66, 0x48, 0x80, 0x11, 0x99, 0xCE, 0x30,
    0xC2, 0xC2, 0x18, 0x63, 0x31, 0x10, 0x02, 0x03, 0x1C, 0x66, 0x33, 0x8C, 0x1C, 0x18, 0xE0, 0x37,
    0x0C, 0x79, 0xB9, 0xC6, 0x4F, 0x98, 0x73, 0x03, 0x86, 0x1C, 0x0C, 0xE7, 0x18, 0x0C, 0x00, 0x66,
    0x67, 0x67, 0x67, 0x66, 0x66, 0x66, 0x66, 0x62, 0x62, 0x00, 0x22, 0x67, 0x67, 0x00, 0x1E, 0x1F,
    0xC6, 0x19, 0xB6, 0x0D, 0x83, 0x60, 0xF0, 0x38, 0x0C, 0x03, 0x00, 0x00, 0x20, 0x1C, 0x07, 0x00,
    0x00, 0x7F, 0xDF, 0xF0, 0x40, 0x02, 0x60, 0x06, 0x3F, 0xFC, 0x0F, 0xF0, 0x03, 0xC0, 0x1F, 0xF8,
    0x30, 0x0C, 0x40, 0x02, 0x01, 0x01, 0x80, 0x80, 0xC0, 0x40, 0x60, 0x20, 0x30, 0x1C, 0x1A, 0x09,
    0x8C, 0x44, 0x36, 0x08, 0x00, 0x80, 0x00, 0xC0, 0x01, 0xAC, 0x00, 0xFE, 0x00, 0x3E, 0x00, 0x7F,
    0x80, 0x12, 0x40, 0x03, 0x00, 0x18, 0x0C, 0x6D, 0xB6, 0xFF, 0xDF, 0xE7, 0x83, 0xCF, 0xF7, 0xFE,
    0xD3, 0x68, 0x60, 0x30, 0x01, 0xF7, 0xDF, 0x01, 0x00, 0x80, 0xC0, 0x40, 0x60, 0x20, 0x30, 0x10,
    0x18, 0x08, 0x0C, 0x04, 0x06, 0x02, 0x00, 0x79, 0xE6, 0x18, 0x61, 0x86, 0x18, 0x79, 0xE6, 0x18,
    0x61, 0x86, 0x18, 0x79, 0xE0, 0x73, 0xC6, 0x31, 0x8C, 0x63, 0x7B, 0xC6, 0x31, 0x8C, 0x63, 0x7B,
    0xC0, 0x3C, 0x1E, 0x1F, 0xCF, 0xEE, 0x37, 0x19, 0x0C, 0x86, 0x03, 0x01, 0x80, 0xC0, 0x60, 0x60,
    0x30, 0x70, 0x38, 0x18, 0x0C, 0x06, 0x03, 0x00, 0x00, 0x00, 0x60, 0x30, 0x18, 0x0C, 0x06, 0x03,
    0x00, 0x00, 0x00, 0x3C, 0x33, 0xF9, 0xF8, 0xCE, 0x86, 0x60, 0x33, 0x01, 0x98, 0x18, 0xC3, 0x86,
    0x18, 0x30, 0xC1, 0x80, 0x00, 0x30, 0x21, 0x83, 0x8C, 0x1C, 0x00, 0x00, 0x63, 0xC3, 0x3F, 0x99,
    0x8C, 0xCC, 0x76, 0x03, 0xB0, 0x19, 0x81, 0xCC, 0x1C, 0x60, 0x83, 0x04, 0x00, 0x00, 0x41, 0x06,
    0x1C, 0x30, 0xE0, 0x00, 0x00, 0x40, 0x9F, 0xE3, 0xF8, 0x06, 0x01, 0x80, 0x40, 0x30, 0x0C, 0x03,
    0x00, 0xC0, 0x20, 0x18, 0x06, 0x01, 0x80, 0x40, 0x7F, 0x0F, 0xF8, 0xDF, 0x9B, 0xF3, 0x7E, 0x6F,
    0xCD, 0xF9, 0xBE, 0x36, 0x06, 0xC0, 0xD8, 0x1B, 0x03, 0x60, 0x6C, 0x0D, 0x81, 0xB0, 0x77, 0x80,
    0x00, 0x00, 0x0F, 0xFD, 0xF6, 0x3E, 0xC7, 0xD8, 0xFB, 0x1F, 0xF1, 0xFE, 0x00, 0x0F, 0xF8, 0xDF,
    0x1B, 0xF3, 0x7E, 0x6F, 0xDF, 0xF3, 0xFC, 0x08, 0x06, 0x1A, 0x4F, 0xE3, 0xE3, 0xFD, 0x24, 0x18,
    0x0E, 0xE4, 0x00, 0x00, 0x4E, 0xEC, 0x63, 0x07, 0x80, 0xFF, 0x0C, 0x0C, 0xC0, 0x30, 0x00, 0x00,
    0x00, 0x00, 0x00, 0x00, 0x00, 0x00, 0x00, 0x10, 0x02, 0xC0, 0x33, 0x87, 0x0F, 0xE0, 0x00, 0x00,
    0x08, 0x06, 0x1A, 0x4F, 0xE3, 0xE3, 0xFD, 0x24, 0x18, 0x08, 0x06, 0x1A, 0x4F, 0xE3, 0xE3, 0xFD,
    0x24, 0x18, 0x65, 0xB6, 0xC2, 0x18, 0x61, 0x0C, 0x20, 0x86, 0x10, 0xDB, 0x60, 0x00, 0x20, 0x7C,
    0xF7, 0xD1, 0xE0, 0x07, 0xE0, 0x1F, 0xF8, 0x30, 0x0C, 0x40, 0x02, 0x0C, 0x0B, 0x43, 0xF1, 0x7A,
    0x7F, 0x87, 0x83, 0xF0, 0xB4, 0x0C, 0x00, 0x00, 0x00, 0x60, 0x38, 0x04, 0x00, 0x38, 0x0E, 0x00,
    0x00, 0x01, 0x00, 0xE0, 0x18, 0x00, 0x6C, 0x93, 0x6D, 0x9B, 0x6D, 0x92, 0x6D, 0x92, 0x00, 0x00,
    0x00, 0x01, 0xC0, 0x38, 0x02, 0x00, 0x05, 0xC1, 0xF8, 0x38, 0x00, 0x04, 0x01, 0xC0, 0x38, 0x00,
    0x00, 0x00, 0x1C, 0x1F, 0x83, 0xA0, 0x20, 0x00, 0x1C, 0x03, 0x80, 0x00, 0x40, 0x5C, 0x1F, 0x83,
    0x80, 0x00, 0x7D, 0x80, 0x00, 0x00, 0x2F, 0xC0, 0x06, 0x01, 0xC0, 0x38, 0x00, 0x00, 0x00, 0x00,
    0x38, 0x3F, 0x07, 0x60, 0x40, 0x00, 0x00, 0x02, 0x00, 0xE0, 0x1C, 0x00, 0x00, 0x00, 0x1C, 0x9F,
    0x93, 0x82, 0x00, 0x41, 0xFF, 0xDF, 0xF8, 0x20, 0x04, 0x1C, 0x9F, 0x93, 0x80, 0x7D, 0x80, 0x3F,
    0x60, 0x2F, 0xC0, 0x7D, 0x87, 0xD8, 0xFD, 0x2F, 0xC0, 0x78, 0xC3, 0x1E, 0x30, 0xC3, 0x0C, 0x30,
    0xC3, 0x0C, 0x30, 0xC3, 0x00, 0x79, 0x24, 0x9E, 0x30, 0xC3, 0x0C, 0x30, 0xC3, 0x0C, 0x30, 0xC3,
    0x00, 0x79, 0xE3, 0x0C, 0x30, 0xC3, 0x0C, 0x30, 0xC3, 0x0C, 0x30, 0xC3, 0x00, 0x30, 0xC7, 0x9E,
    0x30, 0xC3, 0x0C, 0x30, 0xC3, 0x0C, 0x30, 0xC3, 0x00, 0x31, 0xE7, 0x8C, 0x30, 0xC3, 0x0C, 0x30,
    0xC3, 0x0C, 0x30, 0xC3, 0x00, 0x70, 0xC3, 0x1E, 0x30, 0xC3, 0x0C, 0x30, 0xC3, 0x0C, 0x30, 0xC3,
    0x00, 0x18, 0xF9, 0x9B, 0x3E, 0x7C, 0xD9, 0xB6, 0x3C, 0x60, 0xE6, 0x66, 0x66, 0xF0, 0x08, 0x1C,
    0x3C, 0x3C, 0x5C, 0xFE, 0xFE, 0x1C, 0x3E, 0x3C, 0xF9, 0x12, 0x07, 0xC0, 0xD1, 0xB7, 0x7C, 0x1C,
    0x7D, 0x93, 0x07, 0xCC, 0xD9, 0xB3, 0x3C, 0x7C, 0xFD, 0x10, 0x20, 0xC1, 0x06, 0x08, 0x30, 0x38,
    0xF9, 0x9B, 0xE3, 0xCF, 0xD9, 0xB3, 0x3C, 0x38, 0xF9, 0xB3, 0x36, 0xE7, 0xC3, 0xA6, 0x78, 0x10,
    0x21, 0xF3, 0xF1, 0x02, 0x00, 0x00, 0x7C, 0xFC, 0xFE, 0x00, 0x07, 0xF0, 0x17, 0x6C, 0xCC, 0xCC,
    0xC6, 0x31, 0x43, 0x0C, 0x63, 0x9C, 0xE6, 0x31, 0x98, 0x00, 0xDC, 0x7E, 0x66, 0x66, 0x66, 0x66,
    0xF7, 0x18, 0xF9, 0x9B, 0x3E, 0x7C, 0xD9, 0xB6, 0x3C, 0x00, 0x71, 0xE0, 0xC1, 0x83, 0x06, 0x0C,
    0x7C, 0x38, 0xF9, 0xB8, 0x60, 0xC3, 0x0C, 0xBF, 0x7E, 0x38, 0xF9, 0xB0, 0x63, 0x81, 0xD1, 0xA7,
    0x7C, 0x08, 0x1C, 0x3C, 0x3C, 0x5C, 0xFE, 0xFE, 0x1C, 0x3E, 0x3C, 0xF9, 0x12, 0x07, 0xC0, 0xD1,
    0xB7, 0x7C, 0x1C, 0x7D, 0x93, 0x07, 0xCC, 0xD9, 0xB3, 0x3C, 0x7C, 0xFD, 0x10, 0x20, 0xC1, 0x06,
    0x08, 0x30, 0x38, 0xF9, 0x9B, 0xE3, 0xCF, 0xD9, 0xB3, 0x3C, 0x38, 0xF9, 0xB3, 0x36, 0xE7, 0xC3,
    0xA6, 0x78, 0x10, 0x21, 0xF3, 0xF1, 0x02, 0x00, 0x00, 0x7C, 0xFC, 0xFE, 0x00, 0x07, 0xF0, 0x17,
    0x6C, 0xCC, 0xCC, 0xC6, 0x31, 0x43, 0x0C, 0x63, 0x9C, 0xE6, 0x31, 0x98, 0x00, 0x30, 0xF9, 0x33,
    0xE4, 0xD9, 0x9F, 0x00, 0x11, 0xF4, 0xFF, 0xC1, 0x93, 0x80, 0x10, 0xF9, 0x16, 0x3C, 0x68, 0x8F,
    0x00, 0x00, 0xD8, 0xE0, 0xC3, 0x8D, 0xBB, 0x80, 0x31, 0xE0, 0xDF, 0xFD, 0x37, 0x80, 0xE0, 0x60,
    0x68, 0x7C, 0x66, 0x66, 0x66, 0x66, 0xE6, 0xE0, 0x60, 0x60, 0x6C, 0x68, 0x78, 0x78, 0x6C, 0xE6,
    0xE6, 0x66, 0x66, 0x66, 0xF0, 0x08, 0x87, 0xFC, 0x66, 0x46, 0x64, 0x66, 0x46, 0x64, 0xF6, 0x60,
    0x08, 0x7C, 0x66, 0x66, 0x66, 0x66, 0xF7, 0x08, 0xF9, 0x9B, 0x36, 0x6C, 0xDF, 0x30, 0x61, 0xC0,
    0x32, 0xF0, 0xE1, 0xE5, 0xE0, 0x03, 0x3C, 0xC6, 0x31, 0x8E, 0x1E, 0x03, 0xF0, 0x63, 0x06, 0x00,
    0x60, 0x06, 0xFF, 0x66, 0x36, 0x60, 0x3F, 0x01, 0xFC, 0x06, 0x00, 0x61, 0x06, 0x30, 0xFF, 0x00,
    0x01, 0x40, 0xF8, 0xFF, 0x6F, 0xFB, 0xFE, 0xA3, 0x28, 0xCA, 0x3F, 0x8F, 0xE1, 0xD9, 0x7C, 0xCF,
    0xE3, 0xC0, 0xF0, 0x00, 0x00, 0x0F, 0x0F, 0xF7, 0x0D, 0x83, 0xE0, 0x3B, 0x6C, 0xFF, 0x3B, 0xCE,
    0x3B, 0x8E, 0xE1, 0xB9, 0x7F, 0xC7, 0xE0, 0x00, 0x7F, 0xDF, 0xF3, 0x8C, 0xE1, 0x38, 0x0E, 0x03,
    0x80, 0xFE, 0x38, 0x1F, 0x87, 0xE0, 0xE0, 0x38, 0x1F, 0x80, 0x0F, 0x07, 0xE3, 0x18, 0xC6, 0x30,
    0x0C, 0x07, 0xE1, 0xF8, 0x7E, 0x1F, 0xC1, 0x80, 0x40, 0x3F, 0xDF, 0xF0, 0x00, 0x00, 0x10, 0x00,
    0x0C, 0x00, 0x03, 0x01, 0xFF, 0xF8, 0x39, 0xE7, 0x0C, 0x30, 0xC3, 0x0C, 0x30, 0xC3, 0x0C, 0x31,
    0xC3, 0x0C, 0x70, 0xC3, 0x1C, 0x30, 0xCF, 0x0C, 0xFE, 0xF3, 0x81, 0x80, 0x00, 0x40, 0x00, 0x00,
    0x00, 0x70, 0xF3, 0xC7, 0x8E, 0x10, 0x78, 0x83, 0xC4, 0x7F, 0xFB, 0xFF, 0xC6, 0xEC, 0xFF, 0xF1,
    0x9E, 0x0C, 0x70, 0x63, 0x83, 0x0C, 0x3C, 0x60, 0x7E, 0x00, 0xFF, 0x00, 0xC7, 0x01, 0x8E, 0x03,
    0x0C, 0x06, 0x3B, 0x0C, 0x76, 0x1D, 0xFF, 0x3F, 0x38, 0x60, 0x30, 0xC0, 0x61, 0x80, 0xC3, 0x81,
    0x9F, 0xC3, 0xC0, 0x00, 0x00, 0x7E, 0x00, 0x0F, 0xF0, 0x00, 0xE3, 0x00, 0x1C, 0x60, 0x03, 0x8C,
    0xFC, 0x71, 0x99, 0x8E, 0x77, 0x31, 0xF8, 0x70, 0x3B, 0x0F, 0x87, 0x70, 0x78, 0xE6, 0x03, 0x1C,
    0xEC, 0x33, 0x8D, 0x8C, 0xF9, 0xFF, 0x80, 0x00, 0x00, 0x7C, 0x00, 0xF3, 0xE1, 0x87, 0x86, 0x0E,
    0x18, 0x30, 0xF0, 0xC1, 0xC7, 0x84, 0x0E, 0x2C, 0x61, 0xFF, 0xFF, 0xCF, 0xFF, 0xFF, 0x0E, 0xCC,
    0x80, 0x34, 0x6C, 0x01, 0xA1, 0xE0, 0x0F, 0x0E, 0x00, 0x78, 0x70, 0x01, 0x83, 0x80, 0x00, 0x07,
    0xF8, 0xF0, 0xE7, 0x83, 0x3C, 0x99, 0xEE, 0xCF, 0x76, 0x7B, 0xB3, 0xDC, 0x1E, 0xE1, 0xF7, 0x0D,
    0xBF, 0xC0, 0x03, 0x00, 0xF0, 0x0E, 0x0F, 0xE0, 0x38, 0x7B, 0x1F, 0xE7, 0x1C, 0xC3, 0x98, 0x73,
    0x0E, 0x61, 0xCC, 0x39, 0xCF, 0x1F, 0x70, 0x00, 0x7F, 0x8F, 0xF8, 0x07, 0x03, 0xF1, 0x8C, 0xE2,
    0x30, 0x0C, 0x07, 0xF0, 0xC0, 0x7E, 0x0C, 0x03, 0x80, 0x60, 0x1C, 0x43, 0xF0, 0x00, 0x7C, 0x71,
    0xF3, 0xC3, 0x86, 0x0E, 0x30, 0x39, 0x80, 0xEC, 0x0F, 0xFE, 0x3F, 0xF8, 0x3B, 0x80, 0xE7, 0x03,
    0x8E, 0x0E, 0x38, 0x38, 0x71, 0xF0, 0xF0, 0x7F, 0xEF, 0xFE, 0xC6, 0x2C, 0x62, 0x06, 0x00, 0x78,
    0x0E, 0x03, 0xE8, 0x27, 0x80, 0xE0, 0x3E, 0x00, 0x60, 0x0E, 0x01, 0xF8, 0x00, 0x00, 0x00, 0x10,
    0x00, 0x06, 0x00, 0x0F, 0xF0, 0x00, 0x73, 0x00, 0x0C, 0x60, 0x01, 0x86, 0x00, 0x70, 0xC0, 0x0C,
    0x18, 0x01, 0x83, 0x00, 0x30, 0x66, 0x06, 0x1D, 0xE1, 0x83, 0x66, 0xF0, 0x6C, 0xE7, 0x1B, 0x9F,
    0xBE, 0x7E, 0x00, 0x0C, 0x00, 0x01, 0x80, 0x00, 0x60, 0x00, 0x0C, 0x00, 0x03, 0x80, 0xF8, 0x19,
    0x83, 0x30, 0x64, 0x0C, 0x81, 0xF0, 0x1C, 0x03, 0x82, 0x70, 0xEE, 0x1F, 0xE6, 0xCC, 0x99, 0x80,
    0x30, 0x67, 0x0C, 0xC1, 0xF8, 0x0C, 0x00, 0x7E, 0x07, 0xF8, 0x39, 0xCF, 0xFE, 0x38, 0xCF, 0xFE,
    0x39, 0xC3, 0xB8, 0x3F, 0x03, 0x80, 0x38, 0x03, 0x80, 0x38, 0x07, 0xE0, 0x02, 0x00, 0x7C, 0x0F,
    0xF8, 0xE5, 0xC6, 0x26, 0x71, 0x03, 0x88, 0x18, 0x40, 0xC2, 0x06, 0x1F, 0xB8, 0xB9, 0xC4, 0xC6,
    0x26, 0x1D, 0x70, 0x7F, 0x80, 0xC0, 0x02, 0x00, 0x02, 0x00, 0x1C, 0x00, 0x70, 0x03, 0xC0, 0x0F,
    0x80, 0x26, 0x0F, 0xFF, 0x86, 0x70, 0xFF, 0xFB, 0xFF, 0xE3, 0x0E, 0x08, 0x18, 0x60, 0x73, 0xE3,
    0xE0, 0x1E, 0x07, 0xE1, 0x86, 0x10, 0xC0, 0x19, 0xFF, 0x9F, 0xF7, 0xFE, 0xFF, 0xCC, 0x01, 0x82,
    0x30, 0xC7, 0x18, 0x7F, 0x00, 0x00, 0x04, 0x03, 0xC3, 0xFD, 0xDB, 0x66, 0xF9, 0x8E, 0x63, 0x18,
    0xC6, 0x31, 0x8E, 0x63, 0x98, 0x66, 0x5F, 0xF1, 0xF8, 0x18, 0x04, 0x00, 0x33, 0x06, 0x60, 0xCC,
    0x19, 0x8F, 0xFE, 0x66, 0x0C, 0xC1, 0x98, 0x33, 0x06, 0x60, 0xCC, 0x19, 0x83, 0x38, 0x63, 0xC0,
    0x00, 0x1E, 0x0F, 0xE6, 0x19, 0x86, 0x60, 0x1C, 0x03, 0xC0, 0x7C, 0x07, 0x80, 0x65, 0x5F, 0xFE,
    0xEB, 0x9F, 0xC2, 0xE0, 0xA8, 0x7F, 0xDF, 0xF0, 0x03, 0xFF, 0xCC, 0xF3, 0x10, 0xC4, 0x30, 0x0C,
    0x03, 0x00, 0xC0, 0x30, 0x0E, 0x0F, 0xC0, 0xFF, 0xFF, 0xC3, 0x81, 0xCF, 0xF8, 0x70, 0x31, 0xF0,
    0xE0, 0x38, 0x1C, 0x07, 0x01, 0x80, 0xF0, 0x7C, 0x0F, 0x80, 0xE0, 0x1D, 0x03, 0xE0, 0xF0, 0x3F,
    0x81, 0xC0, 0xF9, 0xC7, 0x18, 0xE3, 0x1C, 0x63, 0x8C, 0xFF, 0x00, 0x70, 0x07, 0x80, 0xC8, 0x0F,
    0xFC, 0x7E, 0xE0, 0x83, 0x08, 0x30, 0xFA, 0x0F, 0xE1, 0x84, 0x3C, 0x00, 0xC2, 0x06, 0x60, 0x7E,
    0x00, 0x00, 0x02, 0x00, 0x20, 0x07, 0x01, 0xFC, 0x32, 0x66, 0x27, 0x62, 0x36, 0x23, 0x62, 0x36,
    0x23, 0x62, 0x36, 0x23, 0x62, 0x30, 0x7E, 0x0F, 0xF0, 0xE3, 0x1C, 0x73, 0x8E, 0x71, 0x8E, 0x73,
    0xFC, 0x38, 0x0F, 0xC1, 0xF8, 0x1C, 0x03, 0x80, 0xFC, 0x00, 0x00, 0x00, 0x50, 0x07, 0x01, 0xFC,
    0x35, 0x66, 0x53, 0x65, 0x36, 0x52, 0x60, 0x06, 0x00, 0x60, 0x03, 0x00, 0x18, 0x07, 0xFE, 0x7F,
    0xE0, 0x0A, 0x1F, 0x87, 0xF8, 0xC6, 0x31, 0x8C, 0x63, 0x18, 0xFC, 0x3F, 0x8C, 0x63, 0x1C, 0xC7,
    0x31, 0xCC, 0x67, 0xF0, 0x78, 0x0A, 0x00, 0x00, 0x1F, 0x9C, 0xEC, 0x36, 0x03, 0x01, 0x80, 0xC0,
    0x60, 0x38, 0xCF, 0xC0, 0x07, 0xF3, 0xFC, 0xFF, 0xFF, 0xC0, 0x00, 0x00, 0x18, 0x3E, 0xFC, 0xED,
    0x99, 0x87, 0x03, 0x0E, 0x1F, 0xFF, 0x0C, 0x38, 0x18, 0x70, 0x30, 0xE0, 0x61, 0xC0, 0xC3, 0x81,
    0x87, 0x03, 0x0E, 0x06, 0x1C, 0x3F, 0x7E, 0x00, 0x07, 0x80, 0xFE, 0x0E, 0x30, 0x60, 0x03, 0x00,
    0x7F, 0xF0, 0xC3, 0x86, 0x1C, 0x30, 0xE1, 0x87, 0x0C, 0x38, 0x61, 0xC3, 0x0E, 0x18, 0x73, 0xF7,
    0xC0, 0x07, 0xC0, 0xFF, 0x0E, 0x38, 0x61, 0xC3, 0x0E, 0x7F, 0x70, 0xC3, 0x86, 0x1C, 0x30, 0xE1,
    0x87, 0x0C, 0x38, 0x61, 0xC3, 0x0E, 0x18, 0x73, 0xF7, 0xC0, 0x00, 0x1E, 0x03, 0xE7, 0xF0, 0xED,
    0x8E, 0x18, 0x30, 0x03, 0x0E, 0x01, 0xFF, 0xFF, 0x0C, 0x38, 0x61, 0x87, 0x0C, 0x30, 0xE1, 0x86,
    0x1C, 0x30, 0xC3, 0x86, 0x18, 0x70, 0xC3, 0x0E, 0x18, 0x61, 0xC3, 0x3F, 0x7D, 0xF8, 0x00, 0x1F,
    0x03, 0xE7, 0xF0, 0xED, 0x86, 0x18, 0x30, 0xC3, 0x0E, 0x19, 0xFF, 0xF3, 0x0C, 0x38, 0x61, 0x87,
    0x0C, 0x30, 0xE1, 0x86, 0x1C, 0x30, 0xC3, 0x86, 0x18, 0x70, 0xC3, 0x0E, 0x18, 0x61, 0xC3, 0x3F,
    0x7D, 0xF8, 0x0E, 0x00, 0xFC, 0x0C, 0x70, 0x61, 0x83, 0x1C, 0x19, 0xF8, 0xC7, 0x06, 0x38, 0x31,
    0xC1, 0x8E, 0x0C, 0x70, 0x63, 0x83, 0x1C, 0x18, 0x63, 0xF3, 0xC0, 0x00, 0x01, 0xC0, 0x0F, 0xC0,
    0x38, 0xC0, 0x61, 0x80, 0xE3, 0x07, 0xDF, 0x99, 0x8C, 0x31, 0x18, 0x70, 0x30, 0x78, 0x60, 0x78,
    0xC0, 0x39, 0x84, 0x33, 0x0C, 0x66, 0x1F, 0x8F, 0x80, 0x00, 0x00, 0x00, 0x00, 0x30, 0x00, 0x1E,
    0x00, 0x0F, 0xC0, 0x07, 0xF8, 0x03, 0xB3, 0x01, 0xEE, 0x60, 0xFF, 0x9C, 0x7F, 0xCF, 0x9F, 0xF7,
    0xF3, 0xFB, 0xF8, 0x7F, 0xFC, 0x0F, 0xFE, 0x01, 0xCF, 0x00, 0x33, 0x80, 0x07, 0xC0, 0x00, 0xE0,
    0x00, 0x10, 0x00,
};

static const EpdGlyph serif9_regularGlyphs[] = {
    { 0, 0, 0, 0, 0, 0, 0 }, // U+0000
    { 0, 0, 78, 0, 0, 0, 0 }, // U+000D
    { 0, 0, 78, 0, 0, 0, 0 }, // U+0020
    { 4, 15, 100, 1, 14, 8, 0 }, // !
    { 6, 6, 122, 1, 14, 5, 8 }, // "
    { 11, 14, 168, 0, 14, 20, 13 }, // #
    { 9, 17, 168, 1, 15, 20, 33 }, // $
    { 16, 15, 269, 0, 14, 30, 53 }, // %
    { 14, 15, 223, 0, 14, 27, 83 }, // &
    { 3, 6, 66, 1, 14, 3, 110 }, // '
    { 5, 18, 104, 1, 15, 12, 113 }, // (
    { 6, 18, 104, 0, 15, 14, 125 }, // )
    { 9, 8, 150, 0, 15, 9, 139 }, // *
    { 9, 9, 168, 1, 11, 11, 148 }, // +
    { 4, 6, 75, 0, 3, 3, 159 }, // ,
    { 6, 2, 93, 0, 6, 2, 162 }, // -
    { 3, 4, 75, 1, 3, 2, 164 }, // .
    { 6, 18, 86, 0, 15, 14, 166 }, // /
    { 9, 15, 174, 1, 14, 17, 180 }, // 0
    { 9, 14, 138, 0, 14, 16, 197 }, // 1
    { 9, 14, 148, 0, 14, 16, 213 }, // 2
    { 9, 15, 153, 0, 14, 17, 229 }, // 3
    { 11, 14, 166, 0, 14, 20, 246 }, // 4
    { 9, 15, 153, 0, 14, 17, 266 }, // 5
    { 9, 15, 165, 1, 14, 17, 283 }, // 6
    { 10, 14, 154, 0, 14, 18, 300 }, // 7
    { 10, 15, 167, 0, 14, 19, 318 }, // 8
    { 10, 15, 165, 0, 14, 19, 337 }, // 9
    { 3, 12, 86, 1, 11, 5, 356 }, // :
    { 4, 14, 86, 0, 11, 7, 361 }, // ;
    { 9, 10, 168, 1, 12, 12, 368 }, // <
    { 9, 6, 168, 1, 10, 7, 380 }, // =
    { 9, 10, 168, 1, 12, 12, 387 }, // >
    { 9, 15, 142, 0, 14, 17, 399 }, // ?
    { 16, 17, 276, 1, 14, 34, 416 }, // @
    { 14, 14, 211, 0, 14, 25, 450 }, // A
    { 12, 14, 196, 0, 14, 21, 475 }, // B
    { 10, 15, 184, 1, 14, 19, 496 }, // C
    { 13, 14, 218, 0, 14, 23, 515 }, // D
    { 11, 14, 187, 0, 14, 20, 538 }, // E
    { 11, 14, 177, 0, 14, 20, 558 }, // F
    { 13, 15, 214, 1, 14, 25, 578 }, // G
    { 15, 14, 238, 0, 14, 27, 603 }, // H
    { 7, 14, 110, 0, 14, 13, 630 }, // I
    { 8, 19, 107, -1, 14, 19, 643 }, // J
    { 14, 14, 210, 0, 14, 25, 662 }, // K
    { 11, 14, 187, 0, 14, 20, 687 }, // L
    { 17, 14, 281, 0, 14, 30, 707 }, // M
    { 14, 14, 229, 0, 14, 25, 737 }, // N
    { 12, 15, 223, 1, 14, 23, 762 }, // O
    { 11, 14, 181, 0, 14, 20, 785 }, // P
    { 12, 19, 223, 1, 14, 29, 805 }, // Q
    { 13, 14, 197, 0, 14, 23, 834 }, // R
    { 10, 15, 163, 0, 14, 19, 857 }, // S
    { 12, 14, 184, 0, 14, 21, 876 }, // T
    { 14, 15, 215, 0, 14, 27, 897 }, // U
    { 13, 14, 202, 0, 14, 23, 924 }, // V
    { 20, 14, 314, 0, 14, 35, 947 }, // W
    { 13, 14, 198, 0, 14, 23, 982 }, // X
    { 13, 14, 187, -1, 14, 23, 1005 }, // Y
    { 11, 14, 178, 0, 14, 20, 1028 }, // Z
    { 6, 18, 108, 1, 15, 14, 1048 }, // [
    { 6, 18, 86, 0, 15, 14, 1062 }, // <backslash>
    { 5, 18, 108, 0, 15, 12, 1076 }, // ]
    { 10, 10, 168, 0, 14, 13, 1088 }, // ^
    { 10, 2, 138, -1, -1, 3, 1101 }, // _
    { 5, 4, 82, 0, 15, 3, 1104 }, // `
    { 10, 12, 169, 0, 11, 15, 1107 }, // a
    { 11, 16, 184, 0, 15, 22, 1122 }, // b
    { 8, 12, 148, 1, 11, 12, 1144 }, // c
    { 11, 16, 184, 1, 15, 22, 1156 }, // d
    { 9, 12, 160, 1, 11, 14, 1178 }, // e
    { 9, 15, 111, 0, 15, 17, 1192 }, // f
    { 10, 16, 161, 0, 11, 20, 1209 }, // g
    { 12, 15, 190, 0, 15, 23, 1229 }, // h
    { 6, 15, 96, 0, 15, 12, 1252 }, // i
    { 5, 20, 90, -1, 15, 13, 1264 }, // j
    { 11, 15, 175, 0, 15, 21, 1277 }, // k
    { 6, 15, 93, 0, 15, 12, 1298 }, // l
    { 18, 11, 283, 0, 11, 25, 1310 }, // m
    { 12, 11, 193, 0, 11, 17, 1335 }, // n
    { 9, 12, 173, 1, 11, 14, 1352 }, // o
    { 11, 16, 184, 0, 11, 22, 1366 }, // p
    { 11, 16, 184, 1, 11, 22, 1388 }, // q
    { 9, 11, 141, 0, 11, 13, 1410 }, // r
    { 8, 12, 135, 0, 11, 12, 1423 }, // s
    { 7, 14, 106, 0, 13, 13, 1435 }, // t
    { 12, 12, 190, 0, 11, 18, 1448 }, // u
    { 11, 11, 174, 0, 11, 16, 1466 }, // v
    { 17, 11, 259, 0, 11, 24, 1482 }, // w
    { 11, 11, 173, 0, 11, 16, 1506 }, // x
    { 11, 16, 169, 0, 11, 22, 1522 }, // y
    { 9, 11, 153, 0, 11, 13, 1544 }, // z
    { 8, 18, 128, 0, 15, 18, 1557 }, // {
    { 2, 20, 168, 4, 15, 5, 1575 }, // |
    { 8, 18, 128, 0, 15, 18, 1580 }, // }
    { 9, 4, 168, 1, 9, 5, 1598 }, // ~
    { 0, 0, 78, 0, 0, 0, 1603 }, // U+00A0
    { 4, 15, 100, 1, 11, 8, 1603 }, // U+00A1
    { 9, 14, 168, 1, 14, 16, 1611 }, // U+00A2
    { 10, 15, 168, 0, 14, 19, 1627 }, // U+00A3
    { 9, 9, 168, 1, 11, 11, 1646 }, // U+00A4
    { 11, 14, 168, 0, 14, 20, 1657 }, // U+00A5
    { 2, 20, 168, 4, 15, 5, 1677 }, // U+00A6
    { 9, 18, 163, 1, 15, 21, 1682 }, // U+00A7
    { 7, 3, 173, 2, 14, 3, 1703 }, // U+00A8
    { 14, 15, 253, 1, 14, 27, 1706 }, // U+00A9
    { 7, 7, 115, 0, 14, 7, 1733 }, // U+00AA
    { 8, 8, 154, 1, 9, 8, 1740 }, // U+00AB
    { 9, 6, 168, 1, 8, 7, 1748 }, // U+00AC
    { 6, 2, 93, 0, 6, 2, 1755 }, // U+00AD
    { 14, 15, 253, 1, 14, 27, 1757 }, // U+00AE
    { 10, 2, 138, -1, 16, 3, 1784 }, // U+00AF
    { 7, 7, 120, 0, 14, 7, 1787 }, // U+00B0
    { 9, 11, 168, 1, 11, 13, 1794 }, // U+00B1
    { 7, 9, 120, 0, 16, 8, 1807 }, // U+00B2
    { 7, 9, 120, 0, 16, 8, 1815 }, // U+00B3
    { 5, 4, 82, 0, 15, 3, 1823 }, // U+00B4
    { 10, 16, 184, 1, 11, 20, 1826 }, // U+00B5
    { 11, 18, 185, 0, 15, 25, 1846 }, // U+00B6
    { 3, 3, 75, 1, 8, 2, 1871 }, // U+00B7
    { 5, 6, 100, 1, 1, 4, 1873 }, // U+00B8
    { 7, 9, 120, 0, 16, 8, 1877 }, // U+00B9
    { 7, 7, 119, 0, 14, 7, 1885 }, // U+00BA
    { 8, 8, 154, 1, 9, 8, 1892 }, // U+00BB
    { 16, 14, 252, 0, 14, 28, 1900 }, // U+00BC
    { 16, 14, 252, 0, 14, 28, 1928 }, // U+00BD
    { 16, 14, 252, 0, 14, 28, 1956 }, // U+00BE
    { 9, 15, 142, 0, 11, 17, 1984 }, // U+00BF
    { 14, 18, 211, 0, 18, 32, 2001 }, // U+00C0
    { 14, 18, 211, 0, 18, 32, 2033 }, // U+00C1
    { 14, 18, 211, 0, 18, 32, 2065 }, // U+00C2
    { 14, 17, 211, 0, 17, 30, 2097 }, // U+00C3
    { 14, 17, 211, 0, 17, 30, 2127 }, // U+00C4
    { 14, 17, 211, 0, 17, 30, 2157 }, // U+00C5
    { 18, 14, 285, 0, 14, 32, 2187 }, // U+00C6
    { 10, 19, 184, 1, 14, 24, 2219 }, // U+00C7
    { 11, 18, 187, 0, 18, 25, 2243 }, // U+00C8
    { 11, 18, 187, 0, 18, 25, 2268 }, // U+00C9
    { 11, 18, 187, 0, 18, 25, 2293 }, // U+00CA
    { 11, 17, 187, 0, 17, 24, 2318 }, // U+00CB
    { 7, 18, 110, 0, 18, 16, 2342 }, // U+00CC
    { 7, 18, 110, 0, 18, 16, 2358 }, // U+00CD
    { 7, 18, 110, 0, 18, 16, 2374 }, // U+00CE
    { 7, 17, 110, 0, 17, 15, 2390 }, // U+00CF
    { 13, 14, 218, 0, 14, 23, 2405 }, // U+00D0
    { 14, 17, 229, 0, 17, 30, 2428 }, // U+00D1
    { 12, 19, 223, 1, 18, 29, 2458 }, // U+00D2
    { 12, 19, 223, 1, 18, 29, 2487 }, // U+00D3
    { 12, 19, 223, 1, 18, 29, 2516 }, // U+00D4
    { 12, 18, 223, 1, 17, 27, 2545 }, // U+00D5
    { 12, 18, 223, 1, 17, 27, 2572 }, // U+00D6
    { 9, 9, 168, 1, 11, 11, 2599 }, // U+00D7
    { 12, 16, 223, 1, 15, 24, 2610 }, // U+00D8
    { 14, 19, 215, 0, 18, 34, 2634 }, // U+00D9
    { 14, 19, 215, 0, 18, 34, 2668 }, // U+00DA
    { 14, 19, 215, 0, 18, 34, 2702 }, // U+00DB
    { 14, 18, 215, 0, 17, 32, 2736 }, // U+00DC
    { 13, 18, 187, -1, 18, 30, 2768 }, // U+00DD
    { 11, 14, 181, 0, 14, 20, 2798 }, // U+00DE
    { 12, 16, 194, 0, 15, 24, 2818 }, // U+00DF
    { 10, 16, 169, 0, 15, 20, 2842 }, // U+00E0
    { 10, 16, 169, 0, 15, 20, 2862 }, // U+00E1
    { 10, 16, 169, 0, 15, 20, 2882 }, // U+00E2
    { 10, 15, 169, 0, 14, 19, 2902 }, // U+00E3
    { 10, 15, 169, 0, 14, 19, 2921 }, // U+00E4
    { 10, 17, 169, 0, 16, 22, 2940 }, // U+00E5
    { 15, 12, 252, 0, 11, 23, 2962 }, // U+00E6
    { 8, 16, 148, 1, 11, 16, 2985 }, // U+00E7
    { 9, 16, 160, 1, 15, 18, 3001 }, // U+00E8
    { 9, 16, 160, 1, 15, 18, 3019 }, // U+00E9
    { 9, 16, 160, 1, 15, 18, 3037 }, // U+00EA
    { 9, 15, 160, 1, 14, 17, 3055 }, // U+00EB
    { 6, 15, 96, 0, 15, 12, 3072 }, // U+00EC
    { 6, 15, 96, 0, 15, 12, 3084 }, // U+00ED
    { 6, 15, 96, 0, 15, 12, 3096 }, // U+00EE
    { 6, 14, 96, 0, 14, 11, 3108 }, // U+00EF
    { 9, 16, 173, 1, 15, 18, 3119 }, // U+00F0
    { 12, 14, 193, 0, 14, 21, 3137 }, // U+00F1
    { 9, 16, 173, 1, 15, 18, 3158 }, // U+00F2
    { 9, 16, 173, 1, 15, 18, 3176 }, // U+00F3
    { 9, 16, 173, 1, 15, 18, 3194 }, // U+00F4
    { 9, 15, 173, 1, 14, 17, 3212 }, // U+00F5
    { 9, 15, 173, 1, 14, 17, 3229 }, // U+00F6
    { 9, 10, 168, 1, 12, 12, 3246 }, // U+00F7
    { 9, 12, 173, 1, 11, 14, 3258 }, // U+00F8
    { 12, 16, 190, 0, 15, 24, 3272 }, // U+00F9
    { 12, 16, 190, 0, 15, 24, 3296 }, // U+00FA
    { 12, 16, 190, 0, 15, 24, 3320 }, // U+00FB
    { 12, 15, 190, 0, 14, 23, 3344 }, // U+00FC
    { 11, 20, 169, 0, 15, 28, 3367 }, // U+00FD
    { 11, 20, 184, 0, 15, 28, 3395 }, // U+00FE
    { 11, 19, 169, 0, 14, 27, 3423 }, // U+00FF
    { 14, 16, 211, 0, 16, 28, 3450 }, // U+0100
    { 10, 14, 169, 0, 13, 18, 3478 }, // U+0101
    { 14, 17, 211, 0, 17, 30, 3496 }, // U+0102
    { 10, 15, 169, 0, 14, 19, 3526 }, // U+0103
    { 14, 19, 211, 0, 14, 34, 3545 }, // U+0104
    { 10, 16, 169, 0, 11, 20, 3579 }, // U+0105
    { 10, 19, 184, 1, 18, 24, 3599 }, // U+0106
    { 8, 16, 148, 1, 15, 16, 3623 }, // U+0107
    { 10, 19, 184, 1, 18, 24, 3639 }, // U+0108
    { 8, 16, 148, 1, 15, 16, 3663 }, // U+0109
    { 10, 19, 184, 1, 18, 24, 3679 }, // U+010A
    { 8, 16, 148, 1, 15, 16, 3703 }, // U+010B
    { 10, 19, 184, 1, 18, 24, 3719 }, // U+010C
    { 8, 16, 148, 1, 15, 16, 3743 }, // U+010D
    { 13, 18, 218, 0, 18, 30, 3759 }, // U+010E
    { 12, 16, 184, 1, 15, 24, 3789 }, // U+010F
    { 13, 14, 218, 0, 14, 23, 3813 }, // U+0110
    { 11, 16, 184, 1, 15, 22, 3836 }, // U+0111
    { 11, 16, 187, 0, 16, 22, 3858 }, // U+0112
    { 9, 14, 160, 1, 13, 16, 3880 }, // U+0113
    { 11, 17, 187, 0, 17, 24, 3896 }, // U+0114
    { 9, 15, 160, 1, 14, 17, 3920 }, // U+0115
    { 11, 18, 187, 0, 18, 25, 3937 }, // U+0116
    { 9, 16, 160, 1, 15, 18, 3962 }, // U+0117
    { 11, 19, 187, 0, 14, 27, 3980 }, // U+0118
    { 9, 16, 160, 1, 11, 18, 4007 }, // U+0119
    { 11, 18, 187, 0, 18, 25, 4025 }, // U+011A
    { 9, 16, 160, 1, 15, 18, 4050 }, // U+011B
    { 13, 19, 214, 1, 18, 31, 4068 }, // U+011C
    { 10, 20, 161, 0, 15, 25, 4099 }, // U+011D
    { 13, 18, 214, 1, 17, 30, 4124 }, // U+011E
    { 10, 19, 161, 0, 14, 24, 4154 }, // U+011F
    { 13, 19, 214, 1, 18, 31, 4178 }, // U+0120
    { 10, 20, 161, 0, 15, 25, 4209 }, // U+0121
    { 13, 19, 214, 1, 14, 31, 4234 }, // U+0122
    { 10, 20, 161, 0, 15, 25, 4265 }, // U+0123
    { 15, 18, 238, 0, 18, 34, 4290 }, // U+0124
    { 12, 19, 190, 0, 19, 29, 4324 }, // U+0125
    { 15, 14, 238, 0, 14, 27, 4353 }, // U+0126
    { 12, 15, 190, 0, 15, 23, 4380 }, // U+0127
    { 7, 17, 110, 0, 17, 15, 4403 }, // U+0128
    { 8, 14, 96, -1, 14, 14, 4418 }, // U+0129
    { 7, 16, 110, 0, 16, 14, 4432 }, // U+012A
    { 6, 13, 96, 0, 13, 10, 4446 }, // U+012B
    { 7, 17, 110, 0, 17, 15, 4456 }, // U+012C
    { 6, 14, 96, 0, 14, 11, 4471 }, // U+012D
    { 7, 19, 110, 0, 14, 17, 4482 }, // U+012E
    { 6, 20, 96, 0, 15, 15, 4499 }, // U+012F
    { 7, 18, 110, 0, 18, 16, 4514 }, // U+0130
    { 6, 11, 96, 0, 11, 9, 4530 }, // U+0131
    { 13, 19, 209, 0, 14, 31, 4539 }, // U+0132
    { 10, 20, 186, 0, 15, 25, 4570 }, // U+0133
    { 8, 23, 107, -1, 18, 23, 4595 }, // U+0134
    { 7, 20, 90, -1, 15, 18, 4618 }, // U+0135
    { 14, 19, 210, 0, 14, 34, 4636 }, // U+0136
    { 11, 20, 175, 0, 15, 28, 4670 }, // U+0137
    { 11, 11, 175, 0, 11, 16, 4698 }, // U+0138
    { 11, 18, 187, 0, 18, 25, 4714 }, // U+0139
    { 6, 19, 93, 0, 19, 15, 4739 }, // U+013A
    { 11, 19, 187, 0, 14, 27, 4754 }, // U+013B
    { 6, 20, 93, 0, 15, 15, 4781 }, // U+013C
    { 11, 14, 187, 0, 14, 20, 4796 }, // U+013D
    { 8, 15, 93, 0, 15, 15, 4816 }, // U+013E
    { 11, 14, 187, 0, 14, 20, 4831 }, // U+013F
    { 8, 15, 111, 0, 15, 15, 4851 }, // U+0140
    { 11, 14, 187, 0, 14, 20, 4866 }, // U+0141
    { 6, 15, 97, 0, 15, 12, 4886 }, // U+0142
    { 14, 18, 229, 0, 18, 32, 4898 }, // U+0143
    { 12, 15, 193, 0, 15, 23, 4930 }, // U+0144
    { 14, 19, 229, 0, 14, 34, 4953 }, // U+0145
    { 12, 16, 193, 0, 11, 24, 4987 }, // U+0146
    { 14, 18, 229, 0, 18, 32, 5011 }, // U+0147
    { 12, 15, 193, 0, 15, 23, 5043 }, // U+0148
    { 15, 14, 234, 0, 14, 27, 5066 }, // U+0149
    { 14, 19, 229, 0, 14, 34, 5093 }, // U+014A
    { 11, 16, 190, 0, 11, 22, 5127 }, // U+014B
    { 12, 17, 223, 1, 16, 26, 5149 }, // U+014C
    { 9, 14, 173, 1, 13, 16, 5175 }, // U+014D
    { 12, 18, 223, 1, 17, 27, 5191 }, // U+014E
    { 9, 15, 173, 1, 14, 17, 5218 }, // U+014F
    { 12, 19, 223, 1, 18, 29, 5235 }, // U+0150
    { 9, 16, 173, 1, 15, 18, 5264 }, // U+0151
    { 17, 15, 288, 1, 14, 32, 5282 }, // U+0152
    { 16, 12, 271, 1, 11, 24, 5314 }, // U+0153
    { 13, 18, 197, 0, 18, 30, 5338 }, // U+0154
    { 9, 15, 141, 0, 15, 17, 5368 }, // U+0155
    { 13, 19, 197, 0, 14, 31, 5385 }, // U+0156
    { 9, 16, 141, 0, 11, 18, 5416 }, // U+0157
    { 13, 18, 197, 0, 18, 30, 5434 }, // U+0158
    { 9, 15, 141, 0, 15, 17, 5464 }, // U+0159
    { 10, 19, 163, 0, 18, 24, 5481 }, // U+015A
    { 8, 16, 135, 0, 15, 16, 5505 }, // U+015B
    { 10, 19, 163, 0, 18, 24, 5521 }, // U+015C
    { 8, 16, 135, 0, 15, 16, 5545 }, // U+015D
    { 10, 19, 163, 0, 14, 24, 5561 }, // U+015E
    { 8, 16, 135, 0, 11, 16, 5585 }, // U+015F
    { 10, 19, 163, 0, 18, 24, 5601 }, // U+0160
    { 8, 16, 135, 0, 15, 16, 5625 }, // U+0161
    { 12, 19, 184, 0, 14, 29, 5641 }, // U+0162
    { 7, 18, 106, 0, 13, 16, 5670 }, // U+0163
    { 12, 18, 184, 0, 18, 27, 5686 }, // U+0164
    { 8, 16, 106, 0, 15, 16, 5713 }, // U+0165
    { 12, 14, 184, 0, 14, 21, 5729 }, // U+0166
    { 7, 14, 106, 0, 13, 13, 5750 }, // U+0167
    { 14, 18, 215, 0, 17, 32, 5763 }, // U+0168
    { 12, 15, 190, 0, 14, 23, 5795 }, // U+0169
    { 14, 17, 215, 0, 16, 30, 5818 }, // U+016A
    { 12, 14, 190, 0, 13, 21, 5848 }, // U+016B
    { 14, 18, 215, 0, 17, 32, 5869 }, // U+016C
    { 12, 15, 190, 0, 14, 23, 5901 }, // U+016D
    { 14, 20, 215, 0, 19, 35, 5924 }, // U+016E
    { 12, 17, 190, 0, 16, 26, 5959 }, // U+016F
    { 14, 19, 215, 0, 18, 34, 5985 }, // U+0170
    { 12, 16, 190, 0, 15, 24, 6019 }, // U+0171
    { 14, 19, 217, 0, 14, 34, 6043 }, // U+0172
    { 12, 16, 190, 0, 11, 24, 6077 }, // U+0173
    { 20, 18, 314, 0, 18, 45, 6101 }, // U+0174
    { 17, 15, 259, 0, 15, 32, 6146 }, // U+0175
    { 13, 18, 187, -1, 18, 30, 6178 }, // U+0176
    { 11, 20, 169, 0, 15, 28, 6208 }, // U+0177
    { 13, 17, 187, -1, 17, 28, 6236 }, // U+0178
    { 11, 18, 178, 0, 18, 25, 6264 }, // U+0179
    { 9, 15, 153, 0, 15, 17, 6289 }, // U+017A
    { 11, 18, 178, 0, 18, 25, 6306 }, // U+017B
    { 9, 15, 153, 0, 15, 17, 6331 }, // U+017C
    { 11, 18, 178, 0, 18, 25, 6348 }, // U+017D
    { 9, 15, 153, 0, 15, 17, 6373 }, // U+017E
    { 8, 15, 106, 0, 15, 15, 6390 }, // U+017F
    { 14, 16, 233, 1, 15, 28, 6405 }, // U+01A0
    { 11, 13, 182, 1, 12, 18, 6433 }, // U+01A1
    { 15, 16, 233, 0, 15, 30, 6451 }, // U+01AF
    { 13, 13, 203, 0, 12, 22, 6481 }, // U+01B0
    { 24, 18, 396, 0, 18, 54, 6503 }, // U+01C4
    { 23, 15, 371, 0, 15, 44, 6557 }, // U+01C5
    { 20, 16, 337, 1, 15, 40, 6601 }, // U+01C6
    { 18, 19, 294, 0, 14, 43, 6641 }, // U+01C7
    { 16, 20, 277, 0, 15, 40, 6684 }, // U+01C8
    { 10, 20, 183, 0, 15, 25, 6724 }, // U+01C9
    { 21, 19, 336, 0, 14, 50, 6749 }, // U+01CA
    { 19, 20, 319, 0, 15, 48, 6799 }, // U+01CB
    { 16, 20, 283, 0, 15, 40, 6847 }, // U+01CC
    { 14, 18, 211, 0, 18, 32, 6887 }, // U+01CD
    { 10, 16, 169, 0, 15, 20, 6919 }, // U+01CE
    { 7, 18, 110, 0, 18, 16, 6939 }, // U+01CF
    { 6, 15, 96, 0, 15, 12, 6955 }, // U+01D0
    { 12, 19, 223, 1, 18, 29, 6967 }, // U+01D1
    { 9, 16, 173, 1, 15, 18, 6996 }, // U+01D2
    { 14, 19, 215, 0, 18, 34, 7014 }, // U+01D3
    { 12, 16, 190, 0, 15, 24, 7048 }, // U+01D4
    { 14, 20, 215, 0, 19, 35, 7072 }, // U+01D5
    { 12, 17, 190, 0, 16, 26, 7107 }, // U+01D6
    { 14, 21, 215, 0, 20, 37, 7133 }, // U+01D7
    { 12, 18, 190, 0, 17, 27, 7170 }, // U+01D8
    { 14, 21, 215, 0, 20, 37, 7197 }, // U+01D9
    { 12, 18, 190, 0, 17, 27, 7234 }, // U+01DA
    { 14, 21, 215, 0, 20, 37, 7261 }, // U+01DB
    { 12, 18, 190, 0, 17, 27, 7298 }, // U+01DC
    { 9, 12, 160, 0, 11, 14, 7325 }, // U+01DD
    { 14, 19, 211, 0, 19, 34, 7339 }, // U+01DE
    { 10, 17, 169, 0, 16, 22, 7373 }, // U+01DF
    { 14, 19, 211, 0, 19, 34, 7395 }, // U+01E0
    { 10, 17, 169, 0, 16, 22, 7429 }, // U+01E1
    { 18, 16, 285, 0, 16, 36, 7451 }, // U+01E2
    { 15, 14, 252, 0, 13, 27, 7487 }, // U+01E3
    { 13, 15, 214, 1, 14, 25, 7514 }, // U+01E4
    { 11, 16, 161, 0, 11, 22, 7539 }, // U+01E5
    { 13, 19, 214, 1, 18, 31, 7561 }, // U+01E6
    { 10, 20, 161, 0, 15, 25, 7592 }, // U+01E7
    { 14, 18, 210, 0, 18, 32, 7617 }, // U+01E8
    { 11, 19, 175, 0, 19, 27, 7649 }, // U+01E9
    { 12, 19, 223, 1, 14, 29, 7676 }, // U+01EA
    { 9, 16, 173, 1, 11, 18, 7705 }, // U+01EB
    { 12, 21, 223, 1, 16, 32, 7723 }, // U+01EC
    { 9, 18, 173, 1, 13, 21, 7755 }, // U+01ED
    { 11, 19, 181, 0, 18, 27, 7776 }, // U+01EE
    { 10, 20, 164, 0, 15, 25, 7803 }, // U+01EF
    { 7, 20, 90, -1, 15, 18, 7828 }, // U+01F0
    { 24, 14, 396, 0, 14, 42, 7846 }, // U+01F1
    { 23, 14, 371, 0, 14, 41, 7888 }, // U+01F2
    { 20, 16, 337, 1, 15, 40, 7929 }, // U+01F3
    { 13, 19, 214, 1, 18, 31, 7969 }, // U+01F4
    { 10, 20, 161, 0, 15, 25, 8000 }, // U+01F5
    { 20, 15, 319, 0, 14, 38, 8025 }, // U+01F6
    { 13, 19, 208, 0, 14, 31, 8063 }, // U+01F7
    { 14, 18, 229, 0, 18, 32, 8094 }, // U+01F8
    { 12, 15, 193, 0, 15, 23, 8126 }, // U+01F9
    { 14, 18, 211, 0, 18, 32, 8149 }, // U+01FA
    { 10, 19, 169, 0, 18, 24, 8181 }, // U+01FB
    { 18, 18, 285, 0, 18, 41, 8205 }, // U+01FC
    { 15, 16, 252, 0, 15, 30, 8246 }, // U+01FD
    { 12, 19, 223, 1, 18, 29, 8276 }, // U+01FE
    { 9, 16, 173, 1, 15, 18, 8305 }, // U+01FF
    { 14, 18, 211, 0, 18, 32, 8323 }, // U+0200
    { 10, 16, 169, 0, 15, 20, 8355 }, // U+0201
    { 14, 17, 211, 0, 17, 30, 8375 }, // U+0202
    { 10, 15, 169, 0, 14, 19, 8405 }, // U+0203
    { 11, 18, 187, 0, 18, 25, 8424 }, // U+0204
    { 10, 16, 160, 0, 15, 20, 8449 }, // U+0205
    { 11, 17, 187, 0, 17, 24, 8469 }, // U+0206
    { 9, 15, 160, 1, 14, 17, 8493 }, // U+0207
    { 8, 18, 110, -1, 18, 18, 8510 }, // U+0208
    { 8, 15, 96, -2, 15, 15, 8528 }, // U+0209
    { 7, 17, 110, 0, 17, 15, 8543 }, // U+020A
    { 6, 14, 96, 0, 14, 11, 8558 }, // U+020B
    { 12, 19, 223, 1, 18, 29, 8569 }, // U+020C
    { 9, 16, 173, 1, 15, 18, 8598 }, // U+020D
    { 12, 18, 223, 1, 17, 27, 8616 }, // U+020E
    { 9, 15, 173, 1, 14, 17, 8643 }, // U+020F
    { 13, 18, 197, 0, 18, 30, 8660 }, // U+0210
    { 9, 15, 141, 0, 15, 17, 8690 }, // U+0211
    { 13, 17, 197, 0, 17, 28, 8707 }, // U+0212
    { 9, 14, 141, 0, 14, 16, 8735 }, // U+0213
    { 14, 19, 215, 0, 18, 34, 8751 }, // U+0214
    { 12, 16, 190, 0, 15, 24, 8785 }, // U+0215
    { 14, 18, 215, 0, 17, 32, 8809 }, // U+0216
    { 12, 15, 190, 0, 14, 23, 8841 }, // U+0217
    { 10, 19, 163, 0, 14, 24, 8864 }, // U+0218
    { 8, 16, 135, 0, 11, 16, 8888 }, // U+0219
    { 12, 19, 184, 0, 14, 29, 8904 }, // U+021A
    { 7, 18, 106, 0, 13, 16, 8933 }, // U+021B
    { 10, 17, 181, 1, 14, 22, 8949 }, // U+021C
    { 9, 16, 148, 0, 11, 18, 8971 }, // U+021D
    { 15, 18, 238, 0, 18, 34, 8989 }, // U+021E
    { 12, 19, 190, 0, 19, 29, 9023 }, // U+021F
    { 5, 4, 0, -9, 15, 3, 9052 }, // U+0300
    { 4, 4, 0, -6, 15, 2, 9055 }, // U+0301
    { 7, 4, 0, -9, 15, 4, 9057 }, // U+0302
    { 8, 3, 0, -10, 14, 3, 9061 }, // U+0303
    { 6, 2, 0, -3, 13, 2, 9064 }, // U+0304
    { 8, 2, 0, -4, 16, 2, 9066 }, // U+0305
    { 6, 3, 0, -3, 14, 3, 9068 }, // U+0306
    { 4, 4, 0, -2, 15, 2, 9071 }, // U+0307
    { 6, 3, 0, -3, 14, 3, 9073 }, // U+0308
    { 5, 5, 0, -8, 16, 4, 9076 }, // U+0309
    { 6, 5, 0, -3, 16, 4, 9080 }, // U+030A
    { 8, 4, 0, -3, 15, 4, 9084 }, // U+030B
    { 7, 4, 0, -9, 15, 4, 9088 }, // U+030C
    { 2, 4, 0, -1, 15, 1, 9092 }, // U+030D
    { 4, 4, 0, -2, 15, 2, 9093 }, // U+030E
    { 8, 4, 0, -10, 15, 4, 9095 }, // U+030F
    { 6, 5, 0, -3, 16, 4, 9099 }, // U+0310
    { 6, 3, 0, -3, 14, 3, 9103 }, // U+0311
    { 4, 6, 0, -2, 14, 3, 9106 }, // U+0312
    { 4, 6, 0, -2, 14, 3, 9109 }, // U+0313
    { 4, 6, 0, -2, 14, 3, 9112 }, // U+0314
    { 4, 6, 0, -2, 14, 3, 9115 }, // U+0315
    { 4, 4, 0, -2, -1, 2, 9118 }, // U+0316
    { 4, 4, 0, -2, -1, 2, 9120 }, // U+0317
    { 4, 4, 0, -2, 0, 2, 9122 }, // U+0318
    { 4, 4, 0, -2, 0, 2, 9124 }, // U+0319
    { 5, 6, 104, 0, 15, 4, 9126 }, // U+031A
    { 4, 5, 0, -2, 15, 3, 9130 }, // U+031B
    { 4, 5, 0, -2, 0, 3, 9133 }, // U+031C
    { 4, 4, 0, -2, 0, 2, 9136 }, // U+031D
    { 4, 4, 0, -2, 0, 2, 9138 }, // U+031E
    { 4, 5, 0, -2, 0, 3, 9140 }, // U+031F
    { 4, 2, 0, -2, -1, 1, 9143 }, // U+0320
    { 4, 5, 0, -4, 1, 3, 9144 }, // U+0321
    { 4, 5, 0, 0, 1, 3, 9147 }, // U+0322
    { 3, 3, 0, -7, -1, 2, 9150 }, // U+0323
    { 6, 3, 0, -3, -1, 3, 9152 }, // U+0324
    { 6, 5, 0, -3, 0, 4, 9155 }, // U+0325
    { 4, 4, 0, -2, -1, 2, 9159 }, // U+0326
    { 4, 6, 0, -2, 1, 3, 9161 }, // U+0327
    { 4, 5, 0, -2, 0, 3, 9164 }, // U+0328
    { 2, 4, 0, -1, 0, 1, 9167 }, // U+0329
    { 8, 4, 0, -4, -1, 4, 9168 }, // U+032A
    { 6, 3, 0, -3, -1, 3, 9172 }, // U+032B
    { 6, 4, 0, -3, -1, 3, 9175 }, // U+032C
    { 6, 4, 0, -3, -1, 3, 9178 }, // U+032D
    { 6, 3, 0, -3, -1, 3, 9181 }, // U+032E
    { 6, 3, 0, -3, -1, 3, 9184 }, // U+032F
    { 8, 3, 0, -4, -1, 3, 9187 }, // U+0330
    { 6, 2, 0, -3, -1, 2, 9190 }, // U+0331
    { 8, 2, 0, -4, -1, 2, 9192 }, // U+0332
    { 8, 5, 0, -4, 0, 5, 9194 }, // U+0333
    { 8, 3, 0, -4, 7, 3, 9199 }, // U+0334
    { 8, 2, 0, -4, 6, 2, 9202 }, // U+0335
    { 12, 2, 0, -6, 6, 3, 9204 }, // U+0336
    { 8, 5, 0, -4, 8, 5, 9207 }, // U+0337
    { 8, 17, 0, -4, 15, 17, 9212 }, // U+0338
    { 4, 5, 0, -2, 0, 3, 9229 }, // U+0339
    { 8, 4, 0, -4, -1, 4, 9232 }, // U+033A
    { 8, 5, 0, -4, 0, 5, 9236 }, // U+033B
    { 6, 3, 0, -3, -1, 3, 9241 }, // U+033C
    { 4, 5, 0, -2, 15, 3, 9244 }, // U+033D
    { 4, 7, 0, -2, 17, 4, 9247 }, // U+033E
    { 8, 4, 0, -4, 18, 4, 9251 }, // U+033F
    { 5, 4, 0, -3, 15, 3, 9255 }, // U+0340
    { 5, 4, 0, -2, 15, 3, 9258 }, // U+0341
    { 8, 3, 0, -4, 14, 3, 9261 }, // U+0342
    { 3, 4, 0, -2, 15, 2, 9264 }, // U+0343
    { 9, 5, 0, -4, 15, 6, 9266 }, // U+0344
    { 4, 4, 0, 1, -1, 2, 9272 }, // U+0345
    { 8, 4, 0, -4, 15, 4, 9274 }, // U+0346
    { 8, 5, 0, -4, 0, 5, 9278 }, // U+0347
    { 4, 4, 0, -2, 0, 2, 9283 }, // U+0348
    { 4, 4, 0, -2, -1, 2, 9285 }, // U+0349
    { 8, 5, 0, -4, 15, 5, 9287 }, // U+034A
    { 8, 8, 0, -4, 18, 8, 9292 }, // U+034B
    { 8, 5, 0, -4, 16, 5, 9300 }, // U+034C
    { 6, 5, 0, -3, 0, 4, 9305 }, // U+034D
    { 4, 5, 0, -2, 0, 3, 9309 }, // U+034E
    { 14, 14, 0, -7, 14, 25, 9312 }, // U+034F
    { 4, 5, 0, -2, 15, 3, 9337 }, // U+0350
    { 4, 5, 0, -2, 16, 3, 9340 }, // U+0351
    { 6, 5, 0, -3, 16, 4, 9343 }, // U+0352
    { 4, 5, 0, -2, 0, 3, 9347 }, // U+0353
    { 4, 5, 0, -2, 0, 3, 9350 }, // U+0354
    { 4, 5, 0, -2, 0, 3, 9353 }, // U+0355
    { 8, 5, 0, -4, 0, 5, 9356 }, // U+0356
    { 4, 5, 0, -2, 16, 3, 9361 }, // U+0357
    { 3, 4, 0, 2, 15, 2, 9364 }, // U+0358
    { 6, 5, 0, -3, 0, 4, 9366 }, // U+0359
    { 8, 5, 0, -4, 0, 5, 9370 }, // U+035A
    { 4, 4, 0, -2, 15, 2, 9375 }, // U+035B
    { 16, 4, 0, -8, 0, 8, 9377 }, // U+035C
    { 16, 4, 0, -8, 15, 8, 9385 }, // U+035D
    { 12, 2, 0, -6, 13, 3, 9393 }, // U+035E
    { 12, 2, 0, -6, -1, 3, 9396 }, // U+035F
    { 16, 4, 0, -8, 15, 8, 9399 }, // U+0360
    { 16, 4, 0, -8, 16, 8, 9407 }, // U+0361
    { 12, 5, 0, -6, 0, 8, 9415 }, // U+0362
    { 5, 5, 0, -2, 16, 4, 9423 }, // U+0363
    { 5, 5, 0, -2, 16, 4, 9427 }, // U+0364
    { 3, 7, 0, -1, 18, 3, 9431 }, // U+0365
    { 5, 5, 0, -2, 16, 4, 9434 }, // U+0366
    { 6, 5, 0, -3, 16, 4, 9438 }, // U+0367
    { 4, 5, 0, -2, 16, 3, 9442 }, // U+0368
    { 5, 7, 0, -2, 18, 5, 9445 }, // U+0369
    { 6, 7, 0, -3, 18, 6, 9450 }, // U+036A
    { 8, 5, 0, -4, 16, 5, 9456 }, // U+036B
    { 5, 5, 0, -2, 16, 4, 9461 }, // U+036C
    { 4, 6, 0, -2, 17, 3, 9465 }, // U+036D
    { 6, 5, 0, -3, 16, 4, 9468 }, // U+036E
    { 6, 5, 0, -3, 16, 4, 9472 }, // U+036F
    { 11, 18, 188, 0, 18, 25, 9476 }, // U+0400
    { 11, 18, 188, 0, 18, 25, 9501 }, // U+0401
    { 15, 14, 237, 0, 14, 27, 9526 }, // U+0402
    { 11, 18, 169, 0, 18, 25, 9553 }, // U+0403
    { 10, 15, 184, 1, 14, 19, 9578 }, // U+0404
    { 10, 15, 165, 0, 14, 19, 9597 }, // U+0405
    { 7, 14, 111, 0, 14, 13, 9616 }, // U+0406
    { 7, 18, 111, 0, 18, 16, 9629 }, // U+0407
    { 8, 19, 108, -1, 14, 19, 9645 }, // U+0408
    { 18, 15, 289, 0, 14, 34, 9664 }, // U+0409
    { 19, 14, 305, 0, 14, 34, 9698 }, // U+040A
    { 16, 14, 256, 0, 14, 28, 9732 }, // U+040B
    { 14, 18, 211, 0, 18, 32, 9760 }, // U+040C
    { 15, 18, 242, 0, 18, 34, 9792 }, // U+040D
    { 13, 19, 195, 0, 18, 31, 9826 }, // U+040E
    { 14, 18, 236, 0, 14, 32, 9857 }, // U+040F
    { 14, 14, 211, 0, 14, 25, 9889 }, // U+0410
    { 11, 14, 189, 0, 14, 20, 9914 }, // U+0411
    { 12, 14, 196, 0, 14, 21, 9934 }, // U+0412
    { 11, 14, 169, 0, 14, 20, 9955 }, // U+0413
    { 14, 18, 223, 0, 14, 32, 9975 }, // U+0414
    { 11, 14, 188, 0, 14, 20, 10007 }, // U+0415
    { 20, 14, 294, -1, 14, 35, 10027 }, // U+0416
    { 11, 15, 178, 0, 14, 21, 10062 }, // U+0417
    { 15, 14, 242, 0, 14, 27, 10083 }, // U+0418
    { 15, 18, 242, 0, 18, 34, 10110 }, // U+0419
    { 14, 14, 211, 0, 14, 25, 10144 }, // U+041A
    { 13, 15, 220, 0, 14, 25, 10169 }, // U+041B
    { 18, 14, 286, 0, 14, 32, 10194 }, // U+041C
    { 15, 14, 239, 0, 14, 27, 10226 }, // U+041D
    { 12, 15, 222, 1, 14, 23, 10253 }, // U+041E
    { 14, 14, 236, 0, 14, 25, 10276 }, // U+041F
    { 11, 14, 183, 0, 14, 20, 10301 }, // U+0420
    { 10, 15, 184, 1, 14, 19, 10321 }, // U+0421
    { 12, 14, 187, 0, 14, 21, 10340 }, // U+0422
    { 13, 15, 195, 0, 14, 25, 10361 }, // U+0423
    { 16, 15, 258, 0, 14, 30, 10386 }, // U+0424
    { 13, 14, 199, 0, 14, 23, 10416 }, // U+0425
    { 15, 18, 236, 0, 14, 34, 10439 }, // U+0426
    { 14, 14, 227, 0, 14, 25, 10473 }, // U+0427
    { 20, 14, 322, 0, 14, 35, 10498 }, // U+0428
    { 20, 18, 322, 0, 14, 45, 10533 }, // U+0429
    { 13, 14, 215, 0, 14, 23, 10578 }, // U+042A
    { 17, 14, 274, 0, 14, 30, 10601 }, // U+042B
    { 11, 14, 186, 0, 14, 20, 10631 }, // U+042C
    { 11, 15, 188, 0, 14, 21, 10651 }, // U+042D
    { 19, 15, 306, 0, 14, 36, 10672 }, // U+042E
    { 13, 14, 197, -1, 14, 23, 10708 }, // U+042F
    { 10, 12, 171, 0, 11, 15, 10731 }, // U+0430
    { 11, 16, 175, 0, 15, 22, 10746 }, // U+0431
    { 10, 11, 166, 0, 11, 14, 10768 }, // U+0432
    { 9, 11, 142, 0, 11, 13, 10782 }, // U+0433
    { 11, 15, 185, 0, 11, 21, 10795 }, // U+0434
    { 10, 12, 160, 0, 11, 15, 10816 }, // U+0435
    { 15, 11, 240, 0, 11, 21, 10831 }, // U+0436
    { 9, 12, 142, 0, 11, 14, 10852 }, // U+0437
    { 12, 11, 202, 0, 11, 17, 10866 }, // U+0438
    { 12, 14, 202, 0, 14, 21, 10883 }, // U+0439
    { 12, 11, 178, 0, 11, 17, 10904 }, // U+043A
    { 11, 12, 184, 0, 11, 17, 10921 }, // U+043B
    { 15, 11, 247, 0, 11, 21, 10938 }, // U+043C
    { 12, 11, 201, 0, 11, 17, 10959 }, // U+043D
    { 10, 12, 173, 0, 11, 15, 10976 }, // U+043E
    { 12, 11, 198, 0, 11, 17, 10991 }, // U+043F
    { 12, 16, 191, 0, 11, 24, 11008 }, // U+0440
    { 9, 12, 148, 0, 11, 14, 11032 }, // U+0441
    { 10, 11, 159, 0, 11, 14, 11046 }, // U+0442
    { 11, 16, 171, 0, 11, 22, 11060 }, // U+0443
    { 13, 20, 217, 0, 15, 33, 11082 }, // U+0444
    { 11, 11, 173, 0, 11, 16, 11115 }, // U+0445
    { 12, 15, 198, 0, 11, 23, 11131 }, // U+0446
    { 12, 11, 190, 0, 11, 17, 11154 }, // U+0447
    { 17, 11, 283, 0, 11, 24, 11171 }, // U+0448
    { 17, 15, 283, 0, 11, 32, 11195 }, // U+0449
    { 12, 11, 186, 0, 11, 17, 11227 }, // U+044A
    { 15, 11, 246, 0, 11, 21, 11244 }, // U+044B
    { 10, 11, 161, 0, 11, 14, 11265 }, // U+044C
    { 9, 12, 148, 0, 11, 14, 11279 }, // U+044D
    { 15, 12, 248, 0, 11, 23, 11293 }, // U+044E
    { 10, 11, 171, 0, 11, 14, 11316 }, // U+044F
    { 10, 16, 160, 0, 15, 20, 11330 }, // U+0450
    { 10, 15, 160, 0, 14, 19, 11350 }, // U+0451
    { 11, 20, 181, 0, 15, 28, 11369 }, // U+0452
    { 9, 15, 142, 0, 15, 17, 11397 }, // U+0453
    { 9, 12, 148, 0, 11, 14, 11414 }, // U+0454
    { 8, 12, 136, 0, 11, 12, 11428 }, // U+0455
    { 6, 15, 103, 0, 15, 12, 11440 }, // U+0456
    { 6, 15, 103, 0, 15, 12, 11452 }, // U+0457
    { 5, 20, 97, 0, 15, 13, 11464 }, // U+0458
    { 15, 12, 236, 0, 11, 23, 11477 }, // U+0459
    { 16, 11, 255, 0, 11, 22, 11500 }, // U+045A
    { 12, 15, 198, 0, 15, 23, 11522 }, // U+045B
    { 12, 15, 178, 0, 15, 23, 11545 }, // U+045C
    { 12, 15, 202, 0, 15, 23, 11568 }, // U+045D
    { 11, 19, 171, 0, 14, 27, 11591 }, // U+045E
    { 12, 15, 198, 0, 11, 23, 11618 }, // U+045F
    { 18, 14, 295, 0, 14, 32, 11641 }, // U+0460
    { 15, 11, 244, 0, 11, 21, 11673 }, // U+0461
    { 12, 14, 200, 0, 14, 21, 11694 }, // U+0462
    { 11, 15, 178, 0, 15, 21, 11715 }, // U+0463
    { 17, 15, 273, 0, 14, 32, 11736 }, // U+0464
    { 15, 12, 238, 0, 11, 23, 11768 }, // U+0465
    { 13, 14, 207, 0, 14, 23, 11791 }, // U+0466
    { 11, 11, 177, 0, 11, 16, 11814 }, // U+0467
    { 20, 14, 314, 0, 14, 35, 11830 }, // U+0468
    { 16, 11, 249, 0, 11, 22, 11865 }, // U+0469
    { 15, 14, 236, 0, 14, 27, 11887 }, // U+046A
    { 14, 11, 211, 0, 11, 20, 11914 }, // U+046B
    { 22, 14, 341, 0, 14, 39, 11934 }, // U+046C
    { 18, 11, 283, 0, 11, 25, 11973 }, // U+046D
    { 10, 20, 181, 1, 16, 25, 11998 }, // U+046E
    { 9, 17, 147, 0, 13, 20, 12023 }, // U+046F
    { 16, 14, 248, 0, 14, 28, 12043 }, // U+0470
    { 12, 20, 208, 0, 15, 30, 12071 }, // U+0471
    { 12, 15, 223, 1, 14, 23, 12101 }, // U+0472
    { 9, 12, 173, 1, 11, 14, 12124 }, // U+0473
    { 14, 14, 208, 0, 14, 25, 12138 }, // U+0474
    { 12, 11, 176, 0, 11, 17, 12163 }, // U+0475
    { 14, 18, 208, 0, 18, 32, 12180 }, // U+0476
    { 12, 15, 176, 0, 15, 23, 12212 }, // U+0477
    { 23, 19, 369, 1, 14, 55, 12235 }, // U+0478
    { 19, 16, 313, 1, 11, 38, 12290 }, // U+0479
    { 13, 17, 235, 1, 15, 28, 12328 }, // U+047A
    { 10, 14, 191, 1, 12, 18, 12356 }, // U+047B
    { 17, 21, 295, 1, 20, 45, 12374 }, // U+047C
    { 14, 18, 237, 0, 17, 32, 12419 }, // U+047D
    { 18, 17, 295, 0, 17, 39, 12451 }, // U+047E
    { 15, 14, 244, 0, 14, 27, 12490 }, // U+047F
    { 10, 19, 184, 1, 14, 24, 12517 }, // U+0480
    { 8, 16, 148, 1, 11, 16, 12541 }, // U+0481
    { 11, 13, 183, 0, 12, 18, 12557 }, // U+0482
    { 8, 4, 0, -4, 14, 4, 12575 }, // U+0483
    { 8, 3, 0, -4, 14, 3, 12579 }, // U+0484
    { 4, 4, 0, -2, 15, 2, 12582 }, // U+0485
    { 4, 4, 0, -2, 15, 2, 12584 }, // U+0486
    { 8, 3, 0, -4, 17, 3, 12586 }, // U+0487
    { 24, 22, 0, -12, 16, 66, 12589 }, // U+0488
    { 24, 24, 0, -12, 17, 72, 12655 }, // U+0489
    { 15, 22, 243, 0, 18, 42, 12727 }, // U+048A
    { 13, 18, 202, 0, 14, 30, 12769 }, // U+048B
    { 11, 15, 181, 0, 15, 21, 12799 }, // U+048C
    { 11, 13, 178, 0, 13, 18, 12820 }, // U+048D
    { 11, 14, 181, 0, 14, 20, 12838 }, // U+048E
    { 11, 16, 184, 0, 11, 22, 12858 }, // U+048F
    { 10, 16, 163, 0, 16, 20, 12880 }, // U+0490
    { 8, 13, 133, 0, 13, 13, 12900 }, // U+0491
    { 11, 14, 168, 0, 14, 20, 12913 }, // U+0492
    { 9, 11, 137, 0, 11, 13, 12933 }, // U+0493
    { 12, 19, 197, 0, 14, 29, 12946 }, // U+0494
    { 10, 16, 165, 0, 11, 20, 12975 }, // U+0495
    { 19, 18, 310, 0, 14, 43, 12995 }, // U+0496
    { 17, 15, 276, 0, 11, 32, 13038 }, // U+0497
    { 11, 19, 181, 0, 14, 27, 13070 }, // U+0498
    { 9, 16, 147, 0, 11, 18, 13097 }, // U+0499
    { 14, 18, 222, 0, 14, 32, 13115 }, // U+049A
    { 12, 15, 193, 0, 11, 23, 13147 }, // U+049B
    { 14, 14, 219, 0, 14, 25, 13170 }, // U+049C
    { 12, 11, 193, 0, 11, 17, 13195 }, // U+049D
    { 13, 14, 210, 0, 14, 23, 13212 }, // U+049E
    { 12, 15, 184, 0, 15, 23, 13235 }, // U+049F
    { 15, 14, 235, 0, 14, 27, 13258 }, // U+04A0
    { 14, 11, 212, 0, 11, 20, 13285 }, // U+04A1
    { 15, 18, 238, 0, 14, 34, 13305 }, // U+04A2
    { 13, 15, 206, 0, 11, 25, 13339 }, // U+04A3
    { 17, 14, 263, 0, 14, 30, 13364 }, // U+04A4
    { 15, 11, 234, 0, 11, 21, 13394 }, // U+04A5
    { 20, 19, 316, 0, 14, 48, 13415 }, // U+04A6
    { 17, 16, 266, 0, 11, 34, 13463 }, // U+04A7
    { 13, 15, 222, 1, 14, 25, 13497 }, // U+04A8
    { 11, 12, 187, 1, 11, 17, 13522 }, // U+04A9
    { 10, 19, 184, 1, 14, 24, 13539 }, // U+04AA
    { 8, 16, 148, 1, 11, 16, 13563 }, // U+04AB
    { 12, 18, 184, 0, 14, 27, 13579 }, // U+04AC
    { 10, 15, 164, 0, 11, 19, 13606 }, // U+04AD
    { 13, 14, 187, -1, 14, 23, 13625 }, // U+04AE
    { 11, 16, 174, 0, 11, 22, 13648 }, // U+04AF
    { 13, 14, 187, -1, 14, 23, 13670 }, // U+04B0
    { 11, 16, 174, 0, 11, 22, 13693 }, // U+04B1
    { 13, 18, 212, 0, 14, 30, 13715 }, // U+04B2
    { 12, 15, 184, 0, 11, 23, 13745 }, // U+04B3
    { 17, 18, 268, 0, 14, 39, 13768 }, // U+04B4
    { 15, 15, 244, 0, 11, 29, 13807 }, // U+04B5
    { 14, 18, 227, 0, 14, 32, 13836 }, // U+04B6
    { 12, 15, 192, 0, 11, 23, 13868 }, // U+04B7
    { 14, 14, 227, 0, 14, 25, 13891 }, // U+04B8
    { 12, 11, 190, 0, 11, 17, 13916 }, // U+04B9
    { 14, 14, 227, 0, 14, 25, 13933 }, // U+04BA
    { 12, 15, 190, 0, 15, 23, 13958 }, // U+04BB
    { 15, 15, 242, 0, 14, 29, 13981 }, // U+04BC
    { 12, 12, 192, 0, 11, 18, 14010 }, // U+04BD
    { 15, 18, 242, 0, 14, 34, 14028 }, // U+04BE
    { 12, 15, 192, 0, 11, 23, 14062 }, // U+04BF
    { 7, 14, 110, 0, 14, 13, 14085 }, // U+04C0
    { 20, 17, 294, -1, 17, 43, 14098 }, // U+04C1
    { 15, 14, 240, 0, 14, 27, 14141 }, // U+04C2
    { 13, 19, 208, 0, 14, 31, 14168 }, // U+04C3
    { 11, 16, 184, 0, 11, 22, 14199 }, // U+04C4
    { 14, 18, 219, 0, 14, 32, 14221 }, // U+04C5
    { 11, 15, 184, 0, 11, 21, 14253 }, // U+04C6
    { 15, 19, 235, 0, 14, 36, 14274 }, // U+04C7
    { 13, 16, 204, 0, 11, 26, 14310 }, // U+04C8
    { 15, 18, 238, 0, 14, 34, 14336 }, // U+04C9
    { 12, 15, 201, 0, 11, 23, 14370 }, // U+04CA
    { 14, 18, 227, 0, 14, 32, 14393 }, // U+04CB
    { 12, 15, 192, 0, 11, 23, 14425 }, // U+04CC
    { 18, 18, 281, 0, 14, 41, 14448 }, // U+04CD
    { 15, 15, 247, 0, 11, 29, 14489 }, // U+04CE
    { 7, 14, 110, 0, 14, 13, 14518 }, // U+04CF
    { 14, 17, 211, 0, 17, 30, 14531 }, // U+04D0
    { 10, 15, 169, 0, 14, 19, 14561 }, // U+04D1
    { 14, 17, 211, 0, 17, 30, 14580 }, // U+04D2
    { 10, 15, 169, 0, 14, 19, 14610 }, // U+04D3
    { 18, 14, 285, 0, 14, 32, 14629 }, // U+04D4
    { 15, 12, 252, 0, 11, 23, 14661 }, // U+04D5
    { 11, 17, 187, 0, 17, 24, 14684 }, // U+04D6
    { 9, 15, 160, 1, 14, 17, 14708 }, // U+04D7
    { 11, 15, 207, 1, 14, 21, 14725 }, // U+04D8
    { 9, 12, 160, 0, 11, 14, 14746 }, // U+04D9
    { 11, 18, 207, 1, 17, 25, 14760 }, // U+04DA
    { 9, 15, 160, 0, 14, 17, 14785 }, // U+04DB
    { 20, 17, 294, -1, 17, 43, 14802 }, // U+04DC
    { 15, 14, 240, 0, 14, 27, 14845 }, // U+04DD
    { 11, 18, 178, 0, 17, 25, 14872 }, // U+04DE
    { 9, 15, 142, 0, 14, 17, 14897 }, // U+04DF
    { 11, 15, 181, 0, 14, 21, 14914 }, // U+04E0
    { 10, 16, 164, 0, 11, 20, 14935 }, // U+04E1
    { 15, 16, 242, 0, 16, 30, 14955 }, // U+04E2
    { 12, 13, 202, 0, 13, 20, 14985 }, // U+04E3
    { 15, 17, 242, 0, 17, 32, 15005 }, // U+04E4
    { 12, 14, 202, 0, 14, 21, 15037 }, // U+04E5
    { 12, 18, 223, 1, 17, 27, 15058 }, // U+04E6
    { 9, 15, 173, 1, 14, 17, 15085 }, // U+04E7
    { 12, 15, 223, 1, 14, 23, 15102 }, // U+04E8
    { 9, 12, 173, 1, 11, 14, 15125 }, // U+04E9
    { 12, 18, 223, 1, 17, 27, 15139 }, // U+04EA
    { 9, 15, 173, 1, 14, 17, 15166 }, // U+04EB
    { 11, 18, 188, 0, 17, 25, 15183 }, // U+04EC
    { 9, 15, 148, 0, 14, 17, 15208 }, // U+04ED
    { 13, 17, 195, 0, 16, 28, 15225 }, // U+04EE
    { 11, 18, 169, 0, 13, 25, 15253 }, // U+04EF
    { 13, 18, 195, 0, 17, 30, 15278 }, // U+04F0
    { 11, 19, 169, 0, 14, 27, 15308 }, // U+04F1
    { 13, 19, 195, 0, 18, 31, 15335 }, // U+04F2
    { 11, 20, 169, 0, 15, 28, 15366 }, // U+04F3
    { 14, 17, 227, 0, 17, 30, 15394 }, // U+04F4
    { 12, 14, 190, 0, 14, 21, 15424 }, // U+04F5
    { 11, 18, 168, 0, 14, 25, 15445 }, // U+04F6
    { 9, 15, 137, 0, 11, 17, 15470 }, // U+04F7
    { 17, 17, 274, 0, 17, 37, 15487 }, // U+04F8
    { 15, 14, 246, 0, 14, 27, 15524 }, // U+04F9
    { 11, 18, 168, 0, 14, 25, 15551 }, // U+04FA
    { 9, 15, 137, 0, 11, 17, 15576 }, // U+04FB
    { 13, 18, 198, 0, 14, 30, 15593 }, // U+04FC
    { 11, 15, 173, 0, 11, 21, 15623 }, // U+04FD
    { 13, 14, 198, 0, 14, 23, 15644 }, // U+04FE
    { 11, 11, 173, 0, 11, 16, 15667 }, // U+04FF
    { 14, 18, 211, 0, 14, 32, 15683 }, // U+1EA0
    { 10, 15, 169, 0, 11, 19, 15715 }, // U+1EA1
    { 14, 19, 211, 0, 19, 34, 15734 }, // U+1EA2
    { 10, 17, 169, 0, 16, 22, 15768 }, // U+1EA3
    { 14, 19, 211, 0, 19, 34, 15790 }, // U+1EA4
    { 11, 17, 169, 0, 16, 24, 15824 }, // U+1EA5
    { 14, 19, 211, 0, 19, 34, 15848 }, // U+1EA6
    { 10, 17, 169, 0, 16, 22, 15882 }, // U+1EA7
    { 14, 20, 211, 0, 20, 35, 15904 }, // U+1EA8
    { 10, 18, 169, 0, 17, 23, 15939 }, // U+1EA9
    { 14, 20, 211, 0, 20, 35, 15962 }, // U+1EAA
    { 10, 18, 169, 0, 17, 23, 15997 }, // U+1EAB
    { 14, 22, 211, 0, 18, 39, 16020 }, // U+1EAC
    { 10, 19, 169, 0, 15, 24, 16059 }, // U+1EAD
    { 14, 19, 211, 0, 19, 34, 16083 }, // U+1EAE
    { 10, 17, 169, 0, 16, 22, 16117 }, // U+1EAF
    { 14, 19, 211, 0, 19, 34, 16139 }, // U+1EB0
    { 10, 17, 169, 0, 16, 22, 16173 }, // U+1EB1
    { 14, 20, 211, 0, 20, 35, 16195 }, // U+1EB2
    { 10, 18, 169, 0, 17, 23, 16230 }, // U+1EB3
    { 14, 20, 211, 0, 20, 35, 16253 }, // U+1EB4
    { 10, 18, 169, 0, 17, 23, 16288 }, // U+1EB5
    { 14, 21, 211, 0, 17, 37, 16311 }, // U+1EB6
    { 10, 18, 169, 0, 14, 23, 16348 }, // U+1EB7
    { 11, 18, 187, 0, 14, 25, 16371 }, // U+1EB8
    { 9, 15, 160, 1, 11, 17, 16396 }, // U+1EB9
    { 11, 19, 187, 0, 19, 27, 16413 }, // U+1EBA
    { 9, 17, 160, 1, 16, 20, 16440 }, // U+1EBB
    { 11, 17, 187, 0, 17, 24, 16460 }, // U+1EBC
    { 9, 15, 160, 1, 14, 17, 16484 }, // U+1EBD
    { 11, 19, 187, 0, 19, 27, 16501 }, // U+1EBE
    { 10, 17, 160, 1, 16, 22, 16528 }, // U+1EBF
    { 11, 19, 187, 0, 19, 27, 16550 }, // U+1EC0
    { 10, 17, 160, 0, 16, 22, 16577 }, // U+1EC1
    { 11, 20, 187, 0, 20, 28, 16599 }, // U+1EC2
    { 9, 18, 160, 1, 17, 21, 16627 }, // U+1EC3
    { 11, 20, 187, 0, 20, 28, 16648 }, // U+1EC4
    { 9, 18, 160, 1, 17, 21, 16676 }, // U+1EC5
    { 11, 22, 187, 0, 18, 31, 16697 }, // U+1EC6
    { 9, 19, 160, 1, 15, 22, 16728 }, // U+1EC7
    { 7, 19, 110, 0, 19, 17, 16750 }, // U+1EC8
    { 6, 16, 96, 0, 16, 12, 16767 }, // U+1EC9
    { 7, 18, 110, 0, 14, 16, 16779 }, // U+1ECA
    { 6, 19, 96, 0, 15, 15, 16795 }, // U+1ECB
    { 12, 18, 223, 1, 14, 27, 16810 }, // U+1ECC
    { 9, 15, 173, 1, 11, 17, 16837 }, // U+1ECD
    { 12, 20, 223, 1, 19, 30, 16854 }, // U+1ECE
    { 9, 17, 173, 1, 16, 20, 16884 }, // U+1ECF
    { 12, 20, 223, 1, 19, 30, 16904 }, // U+1ED0
    { 10, 17, 173, 1, 16, 22, 16934 }, // U+1ED1
    { 12, 20, 223, 1, 19, 30, 16956 }, // U+1ED2
    { 10, 17, 173, 0, 16, 22, 16986 }, // U+1ED3
    { 12, 21, 223, 1, 20, 32, 17008 }, // U+1ED4
    { 9, 18, 173, 1, 17, 21, 17040 }, // U+1ED5
    { 12, 21, 223, 1, 20, 32, 17061 }, // U+1ED6
    { 9, 18, 173, 1, 17, 21, 17093 }, // U+1ED7
    { 12, 22, 223, 1, 18, 33, 17114 }, // U+1ED8
    { 9, 19, 173, 1, 15, 22, 17147 }, // U+1ED9
    { 14, 19, 233, 1, 18, 34, 17169 }, // U+1EDA
    { 11, 16, 182, 1, 15, 22, 17203 }, // U+1EDB
    { 14, 19, 233, 1, 18, 34, 17225 }, // U+1EDC
    { 11, 16, 182, 1, 15, 22, 17259 }, // U+1EDD
    { 14, 20, 233, 1, 19, 35, 17281 }, // U+1EDE
    { 11, 17, 182, 1, 16, 24, 17316 }, // U+1EDF
    { 14, 18, 233, 1, 17, 32, 17340 }, // U+1EE0
    { 11, 15, 182, 1, 14, 21, 17372 }, // U+1EE1
    { 14, 19, 233, 1, 15, 34, 17393 }, // U+1EE2
    { 11, 16, 182, 1, 12, 22, 17427 }, // U+1EE3
    { 14, 18, 215, 0, 14, 32, 17449 }, // U+1EE4
    { 12, 15, 190, 0, 11, 23, 17481 }, // U+1EE5
    { 14, 20, 215, 0, 19, 35, 17504 }, // U+1EE6
    { 12, 17, 190, 0, 16, 26, 17539 }, // U+1EE7
    { 15, 19, 233, 0, 18, 36, 17565 }, // U+1EE8
    { 13, 16, 203, 0, 15, 26, 17601 }, // U+1EE9
    { 15, 19, 233, 0, 18, 36, 17627 }, // U+1EEA
    { 13, 16, 203, 0, 15, 26, 17663 }, // U+1EEB
    { 15, 20, 233, 0, 19, 38, 17689 }, // U+1EEC
    { 13, 17, 203, 0, 16, 28, 17727 }, // U+1EED
    { 15, 18, 233, 0, 17, 34, 17755 }, // U+1EEE
    { 13, 15, 203, 0, 14, 25, 17789 }, // U+1EEF
    { 15, 19, 233, 0, 15, 36, 17814 }, // U+1EF0
    { 13, 16, 203, 0, 12, 26, 17850 }, // U+1EF1
    { 13, 18, 187, -1, 18, 30, 17876 }, // U+1EF2
    { 11, 20, 169, 0, 15, 28, 17906 }, // U+1EF3
    { 13, 18, 187, -1, 14, 30, 17934 }, // U+1EF4
    { 11, 16, 169, 0, 11, 22, 17964 }, // U+1EF5
    { 13, 19, 187, -1, 19, 31, 17986 }, // U+1EF6
    { 11, 21, 169, 0, 16, 29, 18017 }, // U+1EF7
    { 13, 17, 187, -1, 17, 28, 18046 }, // U+1EF8
    { 11, 19, 169, 0, 14, 27, 18074 }, // U+1EF9
    { 0, 0, 150, 0, 0, 0, 18101 }, // U+2000
    { 0, 0, 300, 0, 0, 0, 18101 }, // U+2001
    { 0, 0, 150, 0, 0, 0, 18101 }, // U+2002
    { 0, 0, 300, 0, 0, 0, 18101 }, // U+2003
    { 0, 0, 100, 0, 0, 0, 18101 }, // U+2004
    { 0, 0, 75, 0, 0, 0, 18101 }, // U+2005
    { 0, 0, 50, 0, 0, 0, 18101 }, // U+2006
    { 0, 0, 168, 0, 0, 0, 18101 }, // U+2007
    { 0, 0, 75, 0, 0, 0, 18101 }, // U+2008
    { 0, 0, 50, 0, 0, 0, 18101 }, // U+2009
    { 0, 0, 30, 0, 0, 0, 18101 }, // U+200A
    { 0, 0, 0, 0, 0, 0, 18101 }, // U+200B
    { 2, 15, 0, -1, 12, 4, 18101 }, // U+200C
    { 6, 16, 0, -3, 13, 12, 18105 }, // U+200D
    { 5, 16, 0, -1, 13, 10, 18117 }, // U+200E
    { 5, 16, 0, -4, 13, 10, 18127 }, // U+200F
    { 6, 2, 93, 0, 6, 2, 18137 }, // U+2010
    { 6, 2, 93, 0, 6, 2, 18139 }, // U+2011
    { 10, 2, 168, 0, 8, 3, 18141 }, // U+2012
    { 11, 2, 150, -1, 6, 3, 18144 }, // U+2013
    { 20, 2, 300, -1, 6, 5, 18147 }, // U+2014
    { 20, 2, 300, -1, 6, 5, 18152 }, // U+2015
    { 5, 20, 168, 3, 15, 13, 18157 }, // U+2016
    { 9, 4, 123, -1, 0, 5, 18170 }, // U+2017
    { 4, 6, 75, 1, 14, 3, 18175 }, // U+2018
    { 4, 6, 75, 0, 14, 3, 18178 }, // U+2019
    { 4, 6, 75, 0, 3, 3, 18181 }, // U+201A
    { 4, 6, 75, 1, 14, 3, 18184 }, // U+201B
    { 7, 6, 135, 1, 14, 6, 18187 }, // U+201C
    { 8, 6, 135, 0, 14, 6, 18193 }, // U+201D
    { 8, 6, 135, 0, 3, 6, 18199 }, // U+201E
    { 7, 6, 135, 1, 14, 6, 18205 }, // U+201F
    { 8, 18, 134, 0, 15, 18, 18211 }, // U+2020
    { 8, 18, 134, 0, 15, 18, 18229 }, // U+2021
    { 6, 7, 109, 0, 10, 6, 18247 }, // U+2022
    { 7, 7, 150, 1, 10, 7, 18253 }, // U+2023
    { 3, 3, 75, 1, 8, 2, 18260 }, // U+2024
    { 8, 3, 161, 1, 8, 3, 18262 }, // U+2025
    { 14, 4, 257, 1, 3, 7, 18265 }, // U+2026
    { 3, 4, 75, 1, 7, 2, 18272 }, // U+2027
    { 0, 0, 180, 0, 0, 0, 18274 }, // U+2028
    { 0, 0, 180, 0, 0, 0, 18274 }, // U+2029
    { 5, 15, 0, -1, 12, 10, 18274 }, // U+202A
    { 5, 15, 0, -4, 12, 10, 18284 }, // U+202B
    { 6, 16, 0, -3, 13, 12, 18294 }, // U+202C
    { 6, 16, 0, -3, 13, 12, 18306 }, // U+202D
    { 6, 16, 0, -3, 13, 12, 18318 }, // U+202E
    { 0, 0, 50, 0, 0, 0, 18330 }, // U+202F
    { 24, 15, 387, 0, 14, 45, 18330 }, // U+2030
    { 31, 15, 506, 0, 14, 59, 18375 }, // U+2031
    { 4, 6, 56, 0, 14, 3, 18434 }, // U+2032
    { 7, 6, 113, 0, 14, 6, 18437 }, // U+2033
    { 11, 6, 169, 0, 14, 9, 18443 }, // U+2034
    { 4, 6, 56, 0, 14, 3, 18452 }, // U+2035
    { 7, 6, 113, 0, 14, 6, 18455 }, // U+2036
    { 11, 6, 169, 0, 14, 9, 18461 }, // U+2037
    { 7, 6, 120, 0, 1, 6, 18470 }, // U+2038
    { 5, 8, 100, 1, 9, 5, 18476 }, // U+2039
    { 5, 8, 100, 1, 9, 5, 18481 }, // U+203A
    { 14, 14, 246, 1, 14, 25, 18486 }, // U+203B
    { 8, 15, 168, 1, 14, 15, 18511 }, // U+203C
    { 10, 15, 162, 0, 14, 19, 18526 }, // U+203D
    { 10, 2, 138, -1, 16, 3, 18545 }, // U+203E
    { 16, 4, 0, -8, 0, 8, 18548 }, // U+203F
    { 16, 4, 0, -8, 16, 8, 18556 }, // U+2040
    { 9, 14, 135, 0, 14, 16, 18564 }, // U+2041
    { 17, 15, 300, 1, 15, 32, 18580 }, // U+2042
    { 6, 4, 109, 0, 9, 3, 18612 }, // U+2043
    { 9, 14, 19, -4, 14, 16, 18615 }, // U+2044
    { 6, 18, 108, 1, 15, 14, 18631 }, // U+2045
    { 5, 18, 108, 0, 15, 12, 18645 }, // U+2046
    { 18, 15, 286, 0, 14, 34, 18657 }, // U+2047
    { 13, 15, 230, 0, 14, 25, 18691 }, // U+2048
    { 13, 15, 228, 1, 14, 25, 18716 }, // U+2049
    { 10, 15, 168, 0, 11, 19, 18741 }, // U+204A
    { 11, 18, 185, 0, 15, 25, 18760 }, // U+204B
    { 11, 8, 179, 0, 11, 11, 18785 }, // U+204C
    { 11, 8, 179, 0, 11, 11, 18796 }, // U+204D
    { 9, 8, 150, 0, 11, 9, 18807 }, // U+204E
    { 4, 14, 86, 1, 11, 7, 18816 }, // U+204F
    { 13, 15, 219, 0, 14, 25, 18823 }, // U+2050
    { 9, 16, 150, 0, 15, 18, 18848 }, // U+2051
    { 6, 15, 99, 0, 14, 12, 18866 }, // U+2052
    { 9, 4, 168, 1, 9, 5, 18878 }, // U+2053
    { 16, 4, 0, -8, 0, 8, 18883 }, // U+2054
    { 10, 9, 162, 0, 11, 12, 18891 }, // U+2055
    { 10, 12, 184, 1, 11, 15, 18903 }, // U+2056
    { 13, 6, 208, 0, 14, 10, 18918 }, // U+2057
    { 11, 12, 213, 1, 11, 17, 18928 }, // U+2058
    { 11, 12, 213, 1, 11, 17, 18945 }, // U+2059
    { 3, 15, 86, 1, 14, 6, 18962 }, // U+205A
    { 11, 15, 213, 1, 14, 21, 18968 }, // U+205B
    { 11, 11, 209, 1, 11, 16, 18989 }, // U+205C
    { 3, 15, 86, 1, 14, 6, 19005 }, // U+205D
    { 3, 15, 86, 1, 14, 6, 19011 }, // U+205E
    { 0, 0, 67, 0, 0, 0, 19017 }, // U+205F
    { 0, 0, 180, 0, 0, 0, 19017 }, // U+2060
    { 0, 0, 180, 0, 0, 0, 19017 }, // U+2061
    { 0, 0, 180, 0, 0, 0, 19017 }, // U+2062
    { 0, 0, 180, 0, 0, 0, 19017 }, // U+2063
    { 0, 0, 180, 0, 0, 0, 19017 }, // U+2064
    { 0, 0, 0, 0, 0, 0, 19017 }, // U+2066
    { 0, 0, 0, 0, 0, 0, 19017 }, // U+2067
    { 0, 0, 0, 0, 0, 0, 19017 }, // U+2068
    { 0, 0, 0, 0, 0, 0, 19017 }, // U+2069
    { 6, 16, 0, -3, 13, 12, 19017 }, // U+206A
    { 6, 16, 0, -3, 13, 12, 19029 }, // U+206B
    { 6, 16, 0, -3, 13, 12, 19041 }, // U+206C
    { 6, 16, 0, -3, 13, 12, 19053 }, // U+206D
    { 6, 16, 0, -3, 13, 12, 19065 }, // U+206E
    { 6, 16, 0, -3, 13, 12, 19077 }, // U+206F
    { 7, 9, 120, 0, 16, 8, 19089 }, // U+2070
    { 4, 9, 62, 0, 14, 5, 19097 }, // U+2071
    { 8, 9, 120, 0, 16, 9, 19102 }, // U+2074
    { 7, 9, 120, 0, 16, 8, 19111 }, // U+2075
    { 7, 9, 120, 0, 16, 8, 19119 }, // U+2076
    { 7, 9, 120, 0, 16, 8, 19127 }, // U+2077
    { 7, 9, 120, 0, 16, 8, 19135 }, // U+2078
    { 7, 9, 120, 0, 16, 8, 19143 }, // U+2079
    { 7, 7, 118, 0, 14, 7, 19151 }, // U+207A
    { 7, 2, 118, 0, 12, 2, 19158 }, // U+207B
    { 7, 4, 118, 0, 13, 4, 19160 }, // U+207C
    { 4, 12, 75, 1, 17, 6, 19164 }, // U+207D
    { 5, 12, 75, -1, 17, 8, 19170 }, // U+207E
    { 8, 7, 126, 0, 12, 7, 19178 }, // U+207F
    { 7, 9, 120, 0, 7, 8, 19185 }, // U+2080
    { 7, 9, 120, 0, 7, 8, 19193 }, // U+2081
    { 7, 9, 120, 0, 7, 8, 19201 }, // U+2082
    { 7, 9, 120, 0, 7, 8, 19209 }, // U+2083
    { 8, 9, 120, 0, 7, 9, 19217 }, // U+2084
    { 7, 9, 120, 0, 7, 8, 19226 }, // U+2085
    { 7, 9, 120, 0, 7, 8, 19234 }, // U+2086
    { 7, 9, 120, 0, 7, 8, 19242 }, // U+2087
    { 7, 9, 120, 0, 7, 8, 19250 }, // U+2088
    { 7, 9, 120, 0, 7, 8, 19258 }, // U+2089
    { 7, 7, 118, 0, 5, 7, 19266 }, // U+208A
    { 7, 2, 118, 0, 3, 2, 19273 }, // U+208B
    { 7, 4, 118, 0, 4, 4, 19275 }, // U+208C
    { 4, 12, 75, 1, 8, 6, 19279 }, // U+208D
    { 5, 12, 75, -1, 8, 8, 19285 }, // U+208E
    { 7, 7, 110, 0, 5, 7, 19293 }, // U+2090
    { 6, 7, 104, 0, 5, 6, 19300 }, // U+2091
    { 7, 7, 112, 0, 5, 7, 19306 }, // U+2092
    { 7, 7, 113, 0, 5, 7, 19313 }, // U+2093
    { 6, 7, 104, 0, 5, 6, 19320 }, // U+2094
    { 8, 9, 124, 0, 7, 9, 19326 }, // U+2095
    { 8, 9, 114, 0, 7, 9, 19335 }, // U+2096
    { 4, 9, 61, 0, 7, 5, 19344 }, // U+2097
    { 12, 7, 184, 0, 5, 11, 19349 }, // U+2098
    { 8, 7, 126, 0, 5, 7, 19360 }, // U+2099
    { 7, 10, 120, 0, 5, 9, 19367 }, // U+209A
    { 5, 7, 88, 0, 5, 5, 19376 }, // U+209B
    { 5, 8, 69, 0, 6, 5, 19381 }, // U+209C
    { 12, 14, 199, 0, 14, 21, 19386 }, // U+20A0
    { 10, 17, 184, 1, 15, 22, 19407 }, // U+20A1
    { 10, 15, 184, 1, 14, 19, 19429 }, // U+20A2
    { 10, 14, 168, 0, 14, 18, 19448 }, // U+20A3
    { 10, 15, 168, 0, 14, 19, 19466 }, // U+20A4
    { 18, 16, 283, 0, 13, 36, 19485 }, // U+20A5
    { 13, 14, 199, 0, 14, 23, 19521 }, // U+20A6
    { 15, 15, 246, 0, 14, 29, 19544 }, // U+20A7
    { 19, 15, 306, 0, 14, 36, 19573 }, // U+20A8
    { 21, 14, 314, -1, 14, 37, 19609 }, // U+20A9
    { 13, 12, 268, 2, 12, 20, 19646 }, // U+20AA
    { 11, 18, 184, 1, 15, 25, 19666 }, // U+20AB
    { 10, 15, 168, 0, 14, 19, 19691 }, // U+20AC
    { 14, 14, 210, 0, 14, 25, 19710 }, // U+20AD
    { 12, 14, 168, 0, 14, 21, 19735 }, // U+20AE
    { 19, 20, 300, 0, 16, 48, 19756 }, // U+20AF
    { 11, 19, 168, -1, 14, 27, 19804 }, // U+20B0
    { 12, 14, 181, 0, 14, 21, 19831 }, // U+20B1
    { 13, 17, 214, 1, 15, 28, 19852 }, // U+20B2
    { 14, 14, 211, 0, 14, 25, 19880 }, // U+20B3
    { 11, 15, 163, 0, 14, 21, 19905 }, // U+20B4
    { 10, 17, 184, 1, 15, 22, 19926 }, // U+20B5
    { 11, 15, 178, 0, 14, 21, 19948 }, // U+20B6
    { 10, 16, 168, 0, 14, 20, 19969 }, // U+20B7
    { 10, 14, 168, 0, 14, 18, 19989 }, // U+20B8
    { 9, 14, 168, 1, 14, 16, 20007 }, // U+20B9
    { 11, 14, 168, 0, 14, 20, 20023 }, // U+20BA
    { 12, 15, 196, 0, 14, 23, 20043 }, // U+20BB
    { 12, 13, 236, 1, 13, 20, 20066 }, // U+20BC
    { 11, 14, 177, 0, 14, 20, 20086 }, // U+20BD
    { 12, 15, 202, 0, 15, 23, 20106 }, // U+20BE
    { 10, 17, 168, 0, 15, 22, 20129 }, // U+20BF
    { 9, 14, 148, 0, 11, 16, 20151 }, // U+20C0
    { 9, 3, 174, 1, 8, 4, 20167 }, // U+2212
    { 15, 15, 212, 0, 15, 29, 20171 }, // U+FB00
    { 13, 15, 199, 0, 15, 25, 20200 }, // U+FB01
    { 13, 15, 199, 0, 15, 25, 20225 }, // U+FB02
    { 19, 15, 301, 0, 15, 36, 20250 }, // U+FB03
    { 19, 15, 300, 0, 15, 36, 20286 }, // U+FB04
    { 13, 16, 200, 0, 15, 26, 20322 }, // U+FB05
    { 15, 16, 237, 0, 15, 30, 20348 }, // U+FB06
    { 18, 18, 300, 0, 15, 41, 20378 }, // U+FFFD
};

static const EpdUnicodeInterval serif9_regularIntervals[] = {
    { 0x0, 0x0, 0x0 },
    { 0xD, 0xD, 0x1 },
    { 0x20, 0x7E, 0x2 },
    { 0xA0, 0x17F, 0x61 },
    { 0x1A0, 0x1A1, 0x141 },
    { 0x1AF, 0x1B0, 0x143 },
    { 0x1C4, 0x21F, 0x145 },
    { 0x300, 0x36F, 0x1A1 },
    { 0x400, 0x4FF, 0x211 },
    { 0x1EA0, 0x1EF9, 0x311 },
    { 0x2000, 0x2064, 0x36B },
    { 0x2066, 0x2071, 0x3D0 },
    { 0x2074, 0x208E, 0x3DC },
    { 0x2090, 0x209C, 0x3F7 },
    { 0x20A0, 0x20C0, 0x404 },
    { 0x2212, 0x2212, 0x425 },
    { 0xFB00, 0xFB06, 0x426 },
    { 0xFFFD, 0xFFFD, 0x42D },
};

static const uint16_t serif9_regularKernLeftCodepoints[] = {
    0x0022, 0x0026, 0x0027, 0x002A, 0x002C, 0x002E, 0x0040, 0x0041, 0x0042, 0x0044, 0x0045, 0x0046,
    0x0047, 0x004B, 0x004C, 0x004E, 0x004F, 0x0050, 0x0051, 0x0052, 0x0053, 0x0054, 0x0055, 0x0056,
    0x0057, 0x0058, 0x0059, 0x0061, 0x0062, 0x0065, 0x0066, 0x0067, 0x0068, 0x006B, 0x006D, 0x006E,
    0x006F, 0x0070, 0x0072, 0x0073, 0x0076, 0x0077, 0x0079, 0x00A1, 0x00BF, 0x00C0, 0x00C1, 0x00C2,
    0x00C3, 0x00C4, 0x00C5, 0x00C6, 0x00C8, 0x00C9, 0x00CA, 0x00CB, 0x00D0, 0x00D1, 0x00D2, 0x00D3,
    0x00D4, 0x00D5, 0x00D6, 0x00D8, 0x00D9, 0x00DA, 0x00DB, 0x00DC, 0x00DD, 0x00DE, 0x00DF, 0x00E0,
    0x00E1, 0x00E2, 0x00E3, 0x00E4, 0x00E5, 0x00E6, 0x00E8, 0x00E9, 0x00EA, 0x00EB, 0x00F0, 0x00F1,
    0x00F2, 0x00F3, 0x00F4, 0x00F5, 0x00F6, 0x00F8, 0x00FD, 0x00FE, 0x00FF, 0x0100, 0x0102, 0x0104,
    0x010E, 0x010F, 0x0110, 0x0112, 0x0113, 0x0114, 0x0115, 0x0116, 0x0117, 0x0118, 0x0119, 0x011A,
    0x011B, 0x011C, 0x011E, 0x0120, 0x0122, 0x0125, 0x0127, 0x0129, 0x0136, 0x0137, 0x0138, 0x0139,
    0x013B, 0x013E, 0x0141, 0x0143, 0x0144, 0x0145, 0x0146, 0x0147, 0x0148, 0x0149, 0x014B, 0x014C,
    0x014D, 0x014E, 0x014F, 0x0150, 0x0151, 0x0152, 0x0153, 0x0154, 0x0155, 0x0156, 0x0157, 0x0158,
    0x0159, 0x015A, 0x015B, 0x015C, 0x015D, 0x015E, 0x015F, 0x0160, 0x0161, 0x0162, 0x0164, 0x0165,
    0x0166, 0x0168, 0x016A, 0x016C, 0x016E, 0x0170, 0x0172, 0x0174, 0x0175, 0x0176, 0x0177, 0x0178,
    0x01A0, 0x01A1, 0x01AF, 0x01B0, 0x01FA, 0x01FC, 0x01FD, 0x01FE, 0x01FF, 0x0218, 0x0219, 0x021A,
    0x0402, 0x0409, 0x040A, 0x040E, 0x0423, 0x042A, 0x042C, 0x0431, 0x043E, 0x0440, 0x0444, 0x044D,
    0x044E, 0x0457, 0x0460, 0x0462, 0x0465, 0x0466, 0x0468, 0x046A, 0x046C, 0x046E, 0x046F, 0x0472,
    0x0473, 0x0474, 0x0476, 0x0478, 0x0479, 0x047A, 0x047B, 0x047C, 0x047D, 0x047E, 0x0481, 0x048C,
    0x048D, 0x048E, 0x048F, 0x0490, 0x0491, 0x0493, 0x0494, 0x0496, 0x0497, 0x0498, 0x0499, 0x049A,
    0x049B, 0x049C, 0x049D, 0x049E, 0x049F, 0x04A0, 0x04A1, 0x04A3, 0x04A4, 0x04A5, 0x04A6, 0x04A8,
    0x04AB, 0x04AC, 0x04AD, 0x04B2, 0x04B3, 0x04B5, 0x04B7, 0x04BA, 0x04BC, 0x04BD, 0x04BE, 0x04BF,
    0x04C3, 0x04C6, 0x04D0, 0x04D1, 0x04D2, 0x04D3, 0x04D4, 0x04D5, 0x04D6, 0x04D7, 0x04D8, 0x04D9,
    0x04DA, 0x04DB, 0x04E0, 0x04E6, 0x04E7, 0x04E8, 0x04E9, 0x04EA, 0x04EB, 0x04ED, 0x04EE, 0x04EF,
    0x04F0, 0x04F1, 0x04F2, 0x04F3, 0x04F6, 0x04F7, 0x04FB, 0x04FC, 0x04FD, 0x04FE, 0x04FF, 0x1EA0,
    0x1EA1, 0x1EA2, 0x1EA3, 0x1EA4, 0x1EA5, 0x1EA6, 0x1EA7, 0x1EA8, 0x1EA9, 0x1EAA, 0x1EAB, 0x1EAC,
    0x1EAD, 0x1EAE, 0x1EAF, 0x1EB0, 0x1EB1, 0x1EB2, 0x1EB3, 0x1EB4, 0x1EB5, 0x1EB6, 0x1EB7, 0x1EB8,
    0x1EB9, 0x1EBA, 0x1EBB, 0x1EBC, 0x1EBD, 0x1EBE, 0x1EBF, 0x1EC0, 0x1EC1, 0x1EC2, 0x1EC3, 0x1EC4,
    0x1EC5, 0x1EC6, 0x1EC7, 0x1ECC, 0x1ECD, 0x1ECE, 0x1ECF, 0x1ED0, 0x1ED1, 0x1ED2, 0x1ED3, 0x1ED4,
    0x1ED5, 0x1ED6, 0x1ED7, 0x1ED8, 0x1ED9, 0x1EDA, 0x1EDB, 0x1EDC, 0x1EDD, 0x1EDE, 0x1EDF, 0x1EE0,
    0x1EE1, 0x1EE2, 0x1EE3, 0x1EE4, 0x1EE6, 0x1EE8, 0x1EE9, 0x1EEA, 0x1EEB, 0x1EEC, 0x1EED, 0x1EEE,
    0x1EEF, 0x1EF0, 0x1EF1, 0x1EF2, 0x1EF3, 0x1EF4, 0x1EF5, 0x1EF6, 0x1EF7, 0x1EF8, 0x1EF9, 0x2018,
    0x2019, 0x201A, 0x201C, 0x201D, 0x201E, 0x2026, 0x207D, 0x208D, 0xFB00,
};

static const uint8_t serif9_regularKernLeftClassIds[] = {
      1,   2,   1,   3,   4,   4,   5,   6,   7,   8,   9,  10,  11,  12,  13,  14,
      8,   3,   8,  15,  16,  17,  18,  19,  20,  21,  22,  23,  24,  25,  26,  27,
     23,  28,  23,  23,  24,  24,  29,  30,  31,  32,  33,  34,  35,  36,  36,  36,
     36,  36,  36,   9,   9,   9,   9,   9,   8,  14,   8,   8,   8,   8,   8,   8,
     18,  18,  18,  18,  22,   8,  24,  23,  23,  23,  23,  23,  23,  25,  25,  25,
     25,  25,  24,  23,  24,  24,  24,  24,  24,  24,  33,  24,  33,   6,  36,  36,
      8,  37,   8,   9,  25,   9,  25,   9,  25,   9,  25,   9,  25,  11,  11,  11,
     11,  23,  23,  38,  12,  28,  28,  13,  13,  37,  13,  14,  23,  14,  23,  14,
     23,  23,  23,   8,  24,   8,  24,   8,  24,   9,  25,  15,  29,  15,  29,  15,
     29,  16,  30,  16,  30,  16,  30,  16,  30,  17,  17,  39,  17,  18,  18,  18,
     18,  18,  18,  20,  32,  22,  33,  22,  40,  41,  42,  43,   6,   9,  25,   8,
     24,  16,  30,  17,  44,  45,  45,  46,  46,  45,  45,  47,  48,  48,  49,  49,
     49,  50,  51,  52,  53,  54,  54,  55,  55,  56,  24,  51,  48,  57,  57,  33,
     58,  51,  48,  51,  24,  51,  53,  52,  24,  59,  48,  60,  61,  61,  62,  55,
     63,  56,  48,  55,  63,  55,  63,  55,  63,  55,  63,  64,  60,  61,  62,  51,
     53,  60,  61,  65,  63,  64,  64,  62,  51,  48,  51,  48,  62,  64,  54,  23,
     54,  23,  66,  48,  66,  48,  51,  48,  51,  48,  56,  51,  48,  51,  48,  51,
     48,  48,  46,  58,  46,  58,  46,  58,  60,  61,  61,  65,  63,  65,  63,  36,
     23,  36,  23,  36,  23,  36,  23,  36,  23,  36,  23,  36,  23,  36,  23,  36,
     23,  36,  23,  36,  23,  36,  23,   9,  25,   9,  25,   9,  25,   9,  25,   9,
     25,   9,  25,   9,  25,   9,  25,   8,  24,   8,  24,   8,  24,   8,  24,   8,
     24,   8,  24,   8,  24,  40,  41,  40,  41,  40,  41,  40,  41,  40,  41,  18,
     18,  42,  43,  42,  43,  42,  43,  42,  43,  42,  43,  22,  33,  22,  33,  22,
     33,  22,  33,  67,  68,   4,  67,  68,   4,   4,  69,  70,  26,
};

static const uint16_t serif9_regularKernRightCodepoints[] = {
    0x0021, 0x0022, 0x0026, 0x0027, 0x0029, 0x002A, 0x002C, 0x002E, 0x003A, 0x003B, 0x003F, 0x0040,
    0x0041, 0x0042, 0x0043, 0x0044, 0x0045, 0x0046, 0x0047, 0x0048, 0x0049, 0x004A, 0x004B, 0x004C,
    0x004D, 0x004E, 0x004F, 0x0050, 0x0051, 0x0052, 0x0053, 0x0054, 0x0055, 0x0056, 0x0057, 0x0058,
    0x0059, 0x005A, 0x005D, 0x0061, 0x0062, 0x0063, 0x0064, 0x0065, 0x0067, 0x0068, 0x0069, 0x006B,
    0x006C, 0x006D, 0x006E, 0x006F, 0x0070, 0x0071, 0x0072, 0x0073, 0x0074, 0x0075, 0x0076, 0x0077,
    0x0078, 0x0079, 0x007A, 0x007D, 0x00AB, 0x00B7, 0x00BB, 0x00C0, 0x00C1, 0x00C2, 0x00C3, 0x00C4,
    0x00C5, 0x00C6, 0x00C7, 0x00C8, 0x00C9, 0x00CA, 0x00CB, 0x00CC, 0x00CD, 0x00CE, 0x00CF, 0x00D0,
    0x00D1, 0x00D2, 0x00D3, 0x00D4, 0x00D5, 0x00D6, 0x00D8, 0x00D9, 0x00DA, 0x00DB, 0x00DC, 0x00DD,
    0x00DE, 0x00E0, 0x00E1, 0x00E2, 0x00E3, 0x00E4, 0x00E5, 0x00E6, 0x00E7, 0x00E8, 0x00E9, 0x00EA,
    0x00EB, 0x00EC, 0x00ED, 0x00EE, 0x00EF, 0x00F0, 0x00F1, 0x00F2, 0x00F3, 0x00F4, 0x00F5, 0x00F6,
    0x00F8, 0x00F9, 0x00FA, 0x00FB, 0x00FC, 0x00FD, 0x00FE, 0x00FF, 0x0100, 0x0101, 0x0102, 0x0103,
    0x0104, 0x0105, 0x0106, 0x0107, 0x0108, 0x0109, 0x010A, 0x010B, 0x010C, 0x010D, 0x010E, 0x010F,
    0x0110, 0x0111, 0x0112, 0x0113, 0x0114, 0x0115, 0x0116, 0x0117, 0x0118, 0x0119, 0x011A, 0x011B,
    0x011C, 0x011D, 0x011E, 0x011F, 0x0120, 0x0121, 0x0122, 0x0123, 0x0124, 0x0125, 0x0126, 0x0127,
    0x0128, 0x0129, 0x012A, 0x012B, 0x012C, 0x012D, 0x012E, 0x012F, 0x0130, 0x0132, 0x0133, 0x0134,
    0x0136, 0x0137, 0x0138, 0x0139, 0x013A, 0x013B, 0x013C, 0x013D, 0x013E, 0x013F, 0x0140, 0x0141,
    0x0142, 0x0143, 0x0144, 0x0145, 0x0146, 0x0147, 0x0148, 0x014A, 0x014B, 0x014C, 0x014D, 0x014E,
    0x014F, 0x0150, 0x0151, 0x0152, 0x0153, 0x0154, 0x0155, 0x0156, 0x0157, 0x0158, 0x015A, 0x015B,
    0x015C, 0x015D, 0x015E, 0x015F, 0x0160, 0x0161, 0x0162, 0x0163, 0x0164, 0x0165, 0x0166, 0x0167,
    0x0168, 0x0169, 0x016A, 0x016B, 0x016C, 0x016D, 0x016E, 0x016F, 0x0170, 0x0171, 0x0172, 0x0173,
    0x0174, 0x0175, 0x0176, 0x0177, 0x0178, 0x0179, 0x017A, 0x017B, 0x017C, 0x017D, 0x017E, 0x01A0,
    0x01A1, 0x01AF, 0x01B0, 0x01FA, 0x01FB, 0x01FC, 0x01FD, 0x01FE, 0x01FF, 0x0218, 0x0219, 0x021A,
    0x021B, 0x0402, 0x040B, 0x040E, 0x0416, 0x0422, 0x0423, 0x0425, 0x0427, 0x042A, 0x042F, 0x0431,
    0x0436, 0x0443, 0x0445, 0x0447, 0x0451, 0x0456, 0x045E, 0x0460, 0x0462, 0x0466, 0x046A, 0x046E,
    0x0472, 0x0473, 0x0478, 0x0479, 0x047A, 0x047B, 0x047C, 0x047D, 0x047E, 0x0480, 0x0481, 0x0496,
    0x0498, 0x0499, 0x04A0, 0x04A1, 0x04A8, 0x04A9, 0x04AA, 0x04AB, 0x04AC, 0x04AD, 0x04B2, 0x04B4,
    0x04B5, 0x04B6, 0x04B7, 0x04B8, 0x04B9, 0x04C1, 0x04C2, 0x04CB, 0x04CC, 0x04D0, 0x04D2, 0x04D4,
    0x04D5, 0x04D7, 0x04D8, 0x04D9, 0x04DA, 0x04DC, 0x04DD, 0x04E0, 0x04E1, 0x04E6, 0x04E7, 0x04E8,
    0x04E9, 0x04EA, 0x04EB, 0x04EE, 0x04EF, 0x04F0, 0x04F1, 0x04F2, 0x04F3, 0x04F4, 0x04F5, 0x04FC,
    0x04FE, 0x1EA0, 0x1EA1, 0x1EA2, 0x1EA3, 0x1EA4, 0x1EA5, 0x1EA6, 0x1EA7, 0x1EA8, 0x1EA9, 0x1EAA,
    0x1EAB, 0x1EAC, 0x1EAD, 0x1EAE, 0x1EAF, 0x1EB0, 0x1EB1, 0x1EB2, 0x1EB3, 0x1EB4, 0x1EB5, 0x1EB6,
    0x1EB7, 0x1EB8, 0x1EB9, 0x1EBA, 0x1EBB, 0x1EBC, 0x1EBD, 0x1EBE, 0x1EBF, 0x1EC0, 0x1EC1, 0x1EC2,
    0x1EC3, 0x1EC4, 0x1EC5, 0x1EC6, 0x1EC7, 0x1EC9, 0x1ECB, 0x1ECC, 0x1ECD, 0x1ECE, 0x1ECF, 0x1ED0,
    0x1ED1, 0x1ED2, 0x1ED3, 0x1ED4, 0x1ED5, 0x1ED6, 0x1ED7, 0x1ED8, 0x1ED9, 0x1EDA, 0x1EDB, 0x1EDC,
    0x1EDD, 0x1EDE, 0x1EDF, 0x1EE0, 0x1EE1, 0x1EE2, 0x1EE3, 0x1EE4, 0x1EE5, 0x1EE6, 0x1EE7, 0x1EE8,
    0x1EE9, 0x1EEA, 0x1EEB, 0x1EEC, 0x1EED, 0x1EEE, 0x1EEF, 0x1EF0, 0x1EF1, 0x1EF2, 0x1EF3, 0x1EF4,
    0x1EF5, 0x1EF6, 0x1EF7, 0x1EF8, 0x1EF9, 0x2018, 0x2019, 0x201A, 0x201C, 0x201D, 0x201E, 0x2026,
    0x2039, 0x203A, 0x207E, 0x208E,
};

static const uint8_t serif9_regularKernRightClassIds[] = {
      1,   2,   3,   2,   4,   5,   6,   7,   8,   8,   9,  10,  11,  12,  13,  12,
     12,  12,  13,  12,  12,  14,  12,  12,  12,  12,  13,  12,  13,  12,  15,  16,
     17,  18,  19,  20,  21,  22,   4,  23,  24,  25,  25,  25,  26,  24,  27,  24,
     24,  27,  27,  25,  27,  25,  27,  28,  29,  30,  31,  32,  33,  34,  35,   4,
     36,  37,  36,  11,  11,  11,  11,  11,  11,  38,  13,  12,  12,  12,  12,  12,
     12,  12,  12,  12,  12,  13,  13,  13,  13,  13,  13,  17,  17,  17,  17,  21,
     12,  23,  23,  23,  23,  23,  23,  23,  25,  25,  25,  25,  25,  39,  27,  39,
     39,  25,  27,  25,  25,  25,  25,  25,  25,  30,  30,  30,  30,  34,  24,  34,
     11,  23,  11,  23,  11,  23,  13,  25,  13,  25,  13,  25,  13,  25,  12,  25,
     12,  25,  12,  25,  12,  25,  12,  25,  12,  25,  12,  25,  13,  25,  13,  25,
     13,  25,  13,  25,  12,  24,  12,  24,  12,  40,  12,  39,  12,  39,  12,  27,
     12,  12,  27,  14,  12,  24,  27,  12,  24,  12,  24,  12,  24,  12,  24,  12,
     24,  12,  27,  12,  27,  12,  27,  12,  27,  13,  25,  13,  25,  13,  25,  13,
     25,  12,  27,  12,  27,  12,  15,  28,  15,  28,  15,  28,  15,  28,  16,  29,
     16,  29,  16,  29,  17,  30,  17,  30,  17,  30,  17,  30,  17,  30,  17,  30,
     19,  32,  21,  34,  21,  22,  35,  22,  35,  22,  35,  13,  25,  17,  30,  11,
     23,  38,  23,  13,  25,  15,  28,  16,  29,  41,  41,  42,  41,  41,  42,  41,
     43,  41,  44,  45,  46,  47,  46,  48,  49,  50,  47,  51,  16,  52,  53,  54,
     51,  55,  51,  55,  51,  55,  51,  25,  51,  51,  55,  53,  54,  56,  57,  58,
     51,  55,  51,  55,  57,  58,  53,  57,  58,  59,  60,  43,  48,  41,  46,  59,
     60,  52,  52,  38,  61,  55,  51,  61,  51,  41,  46,  54,  35,  51,  55,  51,
     55,  51,  55,  42,  62,  42,  62,  42,  62,  43,  48,  53,  53,  11,  23,  11,
     23,  11,  23,  11,  23,  11,  23,  11,  23,  11,  23,  11,  23,  11,  23,  11,
     23,  11,  23,  11,  23,  12,  25,  12,  25,  12,  25,  12,  25,  12,  25,  12,
     25,  12,  25,  12,  25,  27,  27,  13,  25,  13,  25,  13,  25,  13,  25,  13,
     25,  13,  25,  13,  25,  13,  25,  13,  25,  13,  25,  13,  25,  13,  25,  17,
     30,  17,  30,  17,  30,  17,  30,  17,  30,  17,  30,  17,  30,  21,  34,  21,
     34,  21,  34,  21,  34,  63,   5,   7,  63,   5,   7,   7,  36,  36,  64,  65,
};

static const uint16_t serif9_regularKernRowOffsets[] = {
        0,     5,    10,    16,    32,    34,    50,    64,    77,    80,    89,    95,   101,   113,   114,   125,
      137,   148,   153,   165,   176,   180,   194,   199,   205,   208,   213,   214,   216,   220,   222,   225,
      228,   231,   234,   239,   255,   271,   272,   276,   295,   304,   320,   326,   335,   336,   338,   343,
      346,   350,   352,   359,   365,   366,   384,   398,   407,   421,   423,   427,   441,   445,   452,   456,
      457,   468,   469,   472,   479,   480,   481,
};

static const uint8_t serif9_regularKernSparseCols[] = {
     10,  24,  25,  37,  51,   8,  15,  17,  18,  20,   2,   5,   6,  10,  37,  51,
      8,  12,  15,  16,  17,  18,  20,  30,  31,  33,  50,  56,  57,  58,  59,  61,
     10,  20,   1,   4,   8,  12,  15,  16,  17,  18,  20,  24,  25,  29,  30,  31,
     33,  62,   4,   8,  10,  15,  17,  18,  19,  20,  21,  31,  33,  37,  51,  56,
      5,   6,   8,  10,  15,  17,  18,  19,  20,  37,  51,  52,  56,  17,  18,  20,
      2,   5,   6,   9,  10,  22,  24,  25,  37,   8,  15,  17,  18,  20,  37,  12,
     24,  25,  29,  31,  33,   1,   4,   8,  15,  17,  18,  20,  30,  31,  33,  36,
     62,  35,   4,   8,  12,  15,  16,  17,  18,  20,  30,  31,  33,   8,  10,  15,
     17,  18,  19,  20,  31,  33,  37,  51,  56,   2,   5,   6,   9,  10,  12,  22,
     24,  25,  27,  37,   5,   6,   9,  10,  37,   2,   5,   6,   9,  10,  12,  22,
     24,  25,  27,  37,  51,   5,   6,   9,  10,  12,  22,  24,  25,  27,  34,  37,
     12,  14,  31,  33,   2,   5,   6,   9,  10,  12,  14,  22,  24,  25,  27,  34,
     37,  51,   1,  33,  58,  59,  61,  17,  18,  20,  33,  58,  61,  17,  18,  20,
      1,   3,   4,  38,  39,  18,  24,  25,   4,   5,   6,  22,  20,  58,   5,   6,
     10,   5,   6,  10,   5,   6,  10,  17,  18,  20,   8,  15,  17,  18,  20,   1,
      4,   8,  12,  15,  16,  17,  18,  20,  24,  25,  29,  30,  31,  33,  62,   0,
      1,   3,   4,   8,  11,  13,  15,  16,  17,  18,  19,  20,  21,  23,  62,  39,
      1,   3,   8,  23,   5,   6,   7,   8,  10,  15,  17,  18,  20,  22,  24,  25,
     26,  27,  28,  30,  31,  32,  33,   4,   5,   6,  26,  28,  29,  30,  31,  33,
      5,   6,   7,  10,  12,  22,  24,  25,  26,  27,  28,  29,  30,  31,  33,  34,
      4,   5,   6,  26,  28,  30,   1,   8,  15,  42,  45,  46,  47,  56,  62,  56,
     48,  49,  40,  41,  56,  58,  59,  56,  58,  59,  42,  56,  58,  59,  42,  62,
      5,   6,  37,  51,  52,  56,  58,   1,   4,  56,  58,  59,  62,  58,   1,   4,
      8,  12,  15,  17,  20,  24,  25,  29,  31,  33,  50,  56,  57,  58,  59,  62,
     12,  24,  25,  29,  31,  33,  44,  50,  53,  54,  57,  58,  59,  61,   5,   6,
     31,  33,  37,  51,  52,  57,  58,   5,   6,  12,  22,  24,  25,  27,  37,  50,
     51,  53,  54,  55,  60,   5,   6,   5,   6,  37,  51,   5,   6,  12,  22,  24,
     25,  27,  37,  43,  50,  51,  54,  55,  60,   4,   5,   6,  51,   1,   4,   8,
     15,  56,  58,  61,  24,  25,  54,  60,   3,  12,  24,  25,  29,  31,  33,  50,
     53,  57,  58,  61,  57,  10,  37,  51,  10,  12,  22,  24,  25,  27,  39,  63,
     64,
};

static const int8_t serif9_regularKernSparseValues[] = {
     -24,   -6,  -18,  -36,  -24,   -9,   -9,  -12,  -12,   -9,   -3,  -36,  -36,  -15,  -24,  -15,
     -27,   -6,  -27,   -6,  -33,  -27,  -24,  -21,  -18,  -15,   -6,  -27,  -21,  -24,  -15,  -15,
      -9,   -3,  -24,  -21,  -18,   -6,  -18,   -6,  -24,  -21,  -21,   -6,   -6,   -6,  -18,   -9,
     -15,  -21,   -6,   -6,   -6,   -6,  -12,   -9,   -6,  -12,   -6,   -3,   -6,   -9,   -6,   -6,
      -6,   -6,   -6,   -6,   -6,   -6,   -6,   -6,   -9,  -15,   -6,   -6,   -6,   -6,   -6,   -6,
      -6,  -36,  -36,  -12,  -21,  -12,  -12,  -12,  -33,   -6,   -6,   -6,   -6,   -6,   -6,   -6,
      -6,   -6,   -6,   -9,   -9,  -18,  -24,  -21,  -21,  -15,  -15,  -18,   -6,   -3,   -9,   -6,
     -24,   -3,   -6,   -6,   -6,   -6,   -3,   -9,   -9,   -9,   -3,   -3,   -6,   -6,   -6,   -6,
      -6,   -6,   -6,   -6,   -3,   -6,   -6,   -6,   -6,   -3,  -27,  -27,   -9,  -18,   -6,   -9,
     -15,  -15,   -2,  -24,   -6,   -6,   -3,   -6,  -12,   -9,  -33,  -33,  -15,  -24,   -6,  -18,
     -18,  -18,  -12,  -39,  -24,  -27,  -27,  -15,  -21,   -6,  -21,  -18,  -18,  -15,   -9,  -39,
      -6,   -3,   -9,  -15,   -3,  -24,  -24,  -12,  -21,   -9,   -6,  -18,  -21,  -21,  -18,   -6,
     -27,  -21,  -12,   -6,   -9,   -6,   -6,  -18,  -18,  -21,   -6,   -9,   -6,  -18,  -18,  -18,
      24,   27,   24,   12,   12,   -6,   -6,   -6,    9,  -39,  -39,   -6,  -18,   -6,  -15,  -21,
     -18,  -21,  -21,   -9,  -27,  -27,  -15,   -9,   -6,   -9,   -6,   -6,  -15,  -15,  -15,  -24,
     -21,  -18,   -6,  -18,   -6,  -24,  -21,  -21,   -6,   -6,   -6,  -15,   -9,  -15,  -21,    6,
      15,   24,   12,   33,   15,   18,   15,   21,   24,   21,   21,   30,   12,   27,    3,   18,
       6,   15,    6,   12,   -6,   -6,   -3,    6,  -12,    6,    6,    6,    6,   -6,   -6,   -6,
      -3,   -6,   -3,   -6,   -6,   -6,   -6,    6,   -6,   -6,    6,    9,    6,    9,    9,    9,
      -6,   -6,   -3,  -18,   -6,  -15,  -15,  -15,   -9,  -18,   -3,   -9,   -6,   -6,   -6,   -9,
       6,   -3,   -3,    6,    9,    9,  -12,   -3,   -3,  -12,   -3,  -12,   -9,   -9,  -15,   -9,
     -16,   -9,   -6,   -3,   -9,   -9,   -3,   -9,   -9,   -3,   -9,   -9,   -9,   -3,   -3,   -3,
      -6,   -6,  -15,   -6,   -6,   -6,   -6,   -9,  -15,   -9,   -9,   -6,   -9,   -9,  -24,  -21,
     -18,   -6,  -18,  -24,  -21,   -6,   -6,   -6,   -9,  -15,   -6,  -18,  -12,  -27,  -12,  -21,
      -6,   -6,   -6,   -6,   -9,   -9,   -6,   -6,   -6,   -6,   -9,   -6,   -6,   -6,   -6,   -6,
      -3,   -6,   -9,   -6,   -6,   -6,  -12,  -30,  -30,   -6,  -18,  -18,  -18,  -12,  -39,   -6,
     -30,   -6,  -12,   -9,  -12,  -27,  -27,  -36,  -36,  -24,  -15,  -27,  -27,   -6,   -9,   -9,
      -9,   -3,  -24,   -6,   -6,  -18,   -9,   -9,   -9,    9,  -21,  -21,   -9,  -18,  -21,  -21,
     -21,  -21,  -21,   -9,   -6,   -6,   -6,   -6,    6,   -6,   -6,   -6,   -6,   -9,  -15,   -6,
      -6,  -12,   -6,   -9,   -6,  -21,  -42,  -21,  -30,   -6,   -9,  -12,  -12,  -15,    3,   15,
      15,
};

static const EpdLigaturePair serif9_regularLigaturePairs[] = {
    { 0x00660066, 0xFB00 }, // f f -> U+FB00
    { 0x00660069, 0xFB01 }, // f i -> U+FB01
    { 0x0066006C, 0xFB02 }, // f l -> U+FB02
    { 0xFB000069, 0xFB03 }, // U+FB00 i -> U+FB03
    { 0xFB00006C, 0xFB04 }, // U+FB00 l -> U+FB04
};

static const EpdFontData serif9_regular = {
    serif9_regularBitmaps,
    serif9_regularGlyphs,
    serif9_regularIntervals,
    18,
    26,
    21,
    -6,
    false,
    nullptr,
    0,
    nullptr,
    nullptr,  // kernLeftClasses: built-in fonts use the split arrays below
    nullptr,  // kernRightClasses
    serif9_regularKernLeftCodepoints,
    serif9_regularKernLeftClassIds,
    serif9_regularKernRightCodepoints,
    serif9_regularKernRightClassIds,
    nullptr,  // kernMatrix: built-in fonts use the sparse form below
    serif9_regularKernRowOffsets,
    serif9_regularKernSparseCols,
    serif9_regularKernSparseValues,
    381,
    448,
    70,
    65,
    serif9_regularLigaturePairs,
    5,
};
