/**
 * generated by fontconvert.py
 * name: serif9_bold
 * size: 9
 * mode: 1-bit
 * Command used: fontconvert.py serif9_bold 9 /Users/agastyadehiya/Desktop/ereader/lib/EpdFont/builtinFonts/source/NotoSerif/NotoSerif-Bold.ttf --pnum --mono-threshold 4
 */
#pragma once
#include "EpdFontData.h"

static const uint8_t serif9_boldBitmaps[22133] = {
    0x73, 0x9C, 0xE7, 0x39, 0xCE, 0x31, 0x00, 0xE7, 0x38, 0x00, 0xE6, 0xEE, 0xEE, 0xE6, 0x66, 0x66,
    0x08, 0x81, 0xB0, 0x26, 0x0C, 0xC7, 0xFC, 0xFF, 0x86, 0xC0, 0x98, 0x33, 0x1F, 0xF9, 0xFE, 0x1B,
    0x02, 0x60, 0xCC, 0x00, 0x00, 0x01, 0x01, 0xF0, 0xFE, 0x75, 0x9D, 0x47, 0xC0, 0xFC, 0x1F, 0x81,
    0xF6, 0x5D, 0x97, 0x75, 0x8F, 0xC0, 0xC0, 0x10, 0x04, 0x00, 0x3C, 0x10, 0x3F, 0x18, 0x19, 0x8C,
    0x1C, 0xEC, 0x0E, 0x76, 0x07, 0x3E, 0x01, 0x9B, 0x78, 0xFF, 0x66, 0x3D, 0xB3, 0x01, 0xB9, 0xC0,
    0xDC, 0xE0, 0xC6, 0x60, 0x63, 0x30, 0x60, 0xF0, 0x00, 0x00, 0x0F, 0x00, 0x3F, 0x80, 0x73, 0x01,
    0xC6, 0x01, 0xDC, 0x03, 0xF0, 0x07, 0xCF, 0x1F, 0xDC, 0x73, 0xB0, 0xE3, 0xE1, 0xC7, 0xC3, 0x87,
    0x87, 0x9F, 0x87, 0xF7, 0xC0, 0x00, 0x00, 0xEE, 0xEE, 0x66, 0x04, 0x33, 0x9C, 0x73, 0xCF, 0x38,
    0xE3, 0x8E, 0x3C, 0xF1, 0xC7, 0x0E, 0x1C, 0x10, 0x01, 0xC1, 0xC1, 0xC3, 0xC3, 0x87, 0x0F, 0x1E,
    0x3C, 0x78, 0xE1, 0xC3, 0x8E, 0x38, 0xE0, 0x00, 0x08, 0x06, 0x1B, 0x4F, 0xF3, 0xE3, 0xFD, 0xB4,
    0x18, 0x00, 0x00, 0x18, 0x0C, 0x06, 0x1F, 0xEF, 0xF8, 0xC0, 0x60, 0x30, 0x08, 0x00, 0x73, 0x9C,
    0x67, 0x20, 0x03, 0xFF, 0xC0, 0xEF, 0xE0, 0x00, 0x21, 0x86, 0x18, 0x43, 0x0C, 0x30, 0xC6, 0x18,
    0x61, 0x8C, 0x30, 0xC2, 0x00, 0x0E, 0x07, 0xF0, 0xEE, 0x38, 0xE7, 0x1C, 0xE3, 0x9C, 0x73, 0x8E,
    0x71, 0xCE, 0x39, 0xC7, 0x38, 0xE3, 0xB8, 0x3E, 0x00, 0x00, 0x0E, 0x07, 0x87, 0xE3, 0xB8, 0x4E,
    0x03, 0x80, 0xE0, 0x38, 0x0E, 0x03, 0x80, 0xE0, 0x38, 0x1E, 0x1F, 0xE0, 0x1E, 0x1F, 0xC7, 0x3B,
    0x8E, 0x63, 0x80, 0xE0, 0x70, 0x18, 0x0C, 0x06, 0x03, 0x0D, 0x87, 0xFF, 0xFF, 0xF0, 0x1E, 0x1F,
    0xE7, 0x39, 0x8E, 0x23, 0x80, 0xE1, 0xF0, 0x7C, 0x03, 0x80, 0xF4, 0x3F, 0x8F, 0xF7, 0x9F, 0xC0,
    0x00, 0x03, 0x00, 0xE0, 0x3C, 0x07, 0x81, 0xF0, 0x6E, 0x0D, 0xC3, 0x38, 0x47, 0x1F, 0xFB, 0xFF,
    0x03, 0x80, 0x78, 0x3F, 0x80, 0x3F, 0x9F, 0xE7, 0xF9, 0x86, 0x60, 0x18, 0x07, 0xF1, 0x9E, 0x03,
    0x80, 0xF4, 0x3F, 0x8E, 0xE7, 0x9F, 0xC0, 0x00, 0x0F, 0x07, 0xE3, 0x9D, 0xC6, 0x70, 0x1C, 0x07,
    0xF9, 0xCF, 0x71, 0xDC, 0x77, 0x1D, 0xC7, 0x3B, 0x87, 0xC0, 0x00, 0x7F, 0xDF, 0xF7, 0xFD, 0x06,
    0x43, 0x80, 0xC0, 0x70, 0x1C, 0x0E, 0x03, 0x80, 0xC0, 0x70, 0x1C, 0x0E, 0x00, 0x1F, 0x07, 0xF1,
    0xC7, 0x38, 0xE7, 0x1C, 0xF7, 0x0F, 0xC0, 0xFC, 0x77, 0xCE, 0x39, 0xC7, 0x38, 0xE7, 0x1C, 0x7F,
    0x00, 0x00, 0x1E, 0x0F, 0xC7, 0x39, 0xC7, 0x71, 0xDC, 0x77, 0x1D, 0xFF, 0x3D, 0xC0, 0x70, 0x19,
    0x8E, 0x77, 0x0F, 0x80, 0x00, 0x0E, 0xF6, 0x00, 0x00, 0xEF, 0xE0, 0x0E, 0xF6, 0x00, 0x00, 0xEF,
    0xF6, 0xEC, 0x00, 0x01, 0xC3, 0xC7, 0x8F, 0x07, 0x01, 0xE0, 0x3C, 0x07, 0x00, 0xC0, 0x00, 0x7F,
    0x7F, 0xC0, 0x00, 0x0F, 0xF7, 0xFC, 0x80, 0x70, 0x1C, 0x03, 0x80, 0xF0, 0x1C, 0x38, 0x78, 0xF0,
    0x60, 0x00, 0x00, 0x3E, 0x1F, 0xCF, 0x39, 0xCE, 0x03, 0x80, 0xE0, 0x70, 0x38, 0x0C, 0x03, 0x00,
    0x00, 0x70, 0x1C, 0x07, 0x00, 0x00, 0x01, 0xE0, 0x0F, 0xF8, 0x1C, 0x0C, 0x38, 0x06, 0x73, 0xF6,
    0x67, 0x73, 0xEE, 0x73, 0xCE, 0x73, 0xCC, 0x63, 0xDC, 0x66, 0xCC, 0xE6, 0xCF, 0xFC, 0xE7, 0x38,
    0x60, 0x00, 0x30, 0x08, 0x1F, 0xF8, 0x07, 0xC0, 0x03, 0x00, 0x0F, 0x00, 0x1E, 0x00, 0x3E, 0x00,
    0xDC, 0x01, 0xB8, 0x06, 0x78, 0x0C, 0x70, 0x1F, 0xF0, 0x7F, 0xE0, 0xC1, 0xC1, 0x83, 0xC7, 0x07,
    0x9F, 0x1F, 0x80, 0x7F, 0x0F, 0xFC, 0x38, 0xE3, 0x8F, 0x38, 0xF3, 0x8E, 0x3F, 0xC3, 0xFE, 0x38,
    0xF3, 0x8F, 0x38, 0x73, 0x8F, 0x3D, 0xEF, 0xFC, 0x0F, 0x87, 0xFD, 0xE3, 0xB8, 0x7F, 0x01, 0xE0,
    0x38, 0x07, 0x00, 0xF0, 0x1E, 0x03, 0xC0, 0x38, 0x13, 0xFE, 0x3F, 0x80, 0x00, 0x7F, 0x03, 0xFF,
    0x83, 0x8F, 0x0E, 0x1E, 0x38, 0x38, 0xE0, 0xE3, 0x83, 0xCE, 0x0F, 0x38, 0x38, 0xE0, 0xE3, 0x87,
    0x8E, 0x1C, 0x3D, 0xF3, 0xFF, 0x00, 0x7F, 0xEF, 0xFE, 0x38, 0x63, 0x86, 0x38, 0x03, 0x80, 0x3F,
    0xC3, 0xFC, 0x38, 0x03, 0x80, 0x38, 0x33, 0x83, 0x3C, 0x7F, 0xFF, 0x7F, 0xEF, 0xFE, 0x38, 0x63,
    0x86, 0x38, 0x03, 0x80, 0x3C, 0x03, 0xFC, 0x38, 0x03, 0x80, 0x38, 0x03, 0x80, 0x3C, 0x0F, 0xF0,
    0x07, 0xC1, 0xFF, 0x1E, 0x1C, 0xE0, 0xEF, 0x00, 0x78, 0x03, 0x80, 0x1C, 0x3E, 0xF1, 0xFF, 0x87,
    0xBC, 0x3C, 0xE1, 0xE3, 0xCF, 0x0F, 0xF0, 0x00, 0x00, 0x7E, 0x7F, 0xFC, 0xFC, 0xF0, 0xE1, 0xE1,
    0xC3, 0xC3, 0x87, 0x87, 0x0F, 0xFE, 0x1F, 0xFC, 0x3C, 0x38, 0x78, 0x70, 0xF0, 0xE1, 0xE1, 0xC3,
    0xC3, 0xDF, 0xDF, 0xC0, 0x7E, 0xFE, 0x3C, 0x3C, 0x3C, 0x3C, 0x3C, 0x3C, 0x3C, 0x3C, 0x3C, 0x3C,
    0x3C, 0xFE, 0x3F, 0x3F, 0x87, 0x83, 0xC1, 0xE0, 0xF0, 0x78, 0x3C, 0x1E, 0x0F, 0x07, 0x83, 0xC1,
    0xE0, 0xF0, 0x78, 0x38, 0x3C, 0x3C, 0x18, 0x00, 0x7E, 0xFB, 0xFB, 0xE3, 0xC7, 0x0E, 0x38, 0x39,
    0xC0, 0xE6, 0x03, 0xF8, 0x0F, 0xE0, 0x3F, 0xC0, 0xE7, 0x83, 0x9E, 0x0E, 0x3C, 0x3C, 0xFB, 0xF9,
    0xF0, 0x7E, 0x0F, 0xE0, 0x3C, 0x03, 0xC0, 0x3C, 0x03, 0xC0, 0x3C, 0x03, 0xC0, 0x3C, 0x03, 0xC0,
    0x3C, 0x33, 0xC3, 0x3C, 0x7F, 0xFF, 0x7C, 0x0F, 0xBF, 0x07, 0xE3, 0xE1, 0xF0, 0xF8, 0x7C, 0x3F,
    0x3F, 0x0F, 0xCF, 0xC3, 0x73, 0xF0, 0xDF, 0xBC, 0x37, 0xEF, 0x0C, 0xFB, 0xC3, 0x3C, 0xF0, 0xC7,
    0x3C, 0x31, 0xCF, 0x3E, 0x67, 0xF0, 0x78, 0x3D, 0xF8, 0xFC, 0xF0, 0x61, 0xF0, 0xC3, 0xF1, 0x86,
    0xE3, 0x0D, 0xE6, 0x19, 0xEC, 0x31, 0xF8, 0x61, 0xF0, 0xC3, 0xE1, 0x83, 0xC3, 0x03, 0x9F, 0x87,
    0x00, 0x0F, 0x81, 0xFF, 0x1E, 0x3C, 0xE0, 0xEF, 0x07, 0xF8, 0x3F, 0x81, 0xFC, 0x0F, 0xE0, 0x7F,
    0x83, 0xFC, 0x1C, 0xE0, 0xE3, 0x9E, 0x0F, 0xE0, 0x00, 0x00, 0x7F, 0x0F, 0xFC, 0x38, 0xE3, 0x8F,
    0x38, 0xF3, 0x8F, 0x38, 0xE3, 0xFE, 0x3F, 0x83, 0xC0, 0x3C, 0x03, 0xC0, 0x3C, 0x0F, 0xF0, 0x0F,
    0x81, 0xFF, 0x1E, 0x3C, 0xE0, 0xEF, 0x07, 0xF8, 0x3F, 0x81, 0xFC, 0x0F, 0xE0, 0x7F, 0x83, 0xFC,
    0x1C, 0xE0, 0xE3, 0x8E, 0x0F, 0xE0, 0x1C, 0x00, 0xF0, 0x03, 0x80, 0x1F, 0x00, 0x38, 0x7F, 0x03,
    0xFF, 0x83, 0xCF, 0x0F, 0x3C, 0x3C, 0xF0, 0xF3, 0xC3, 0xCE, 0x0F, 0xF0, 0x3F, 0xC0, 0xF7, 0x83,
    0xDE, 0x0F, 0x3C, 0x3C, 0x7B, 0xF9, 0xF0, 0x0F, 0x07, 0xF1, 0xC7, 0x38, 0xE7, 0x00, 0xF8, 0x0F,
    0xC0, 0xFC, 0x0F, 0xC0, 0x79, 0x87, 0x70, 0xE7, 0x1C, 0xFF, 0x00, 0x00, 0xFF, 0xF7, 0xFF, 0xB3,
    0xCD, 0x9E, 0x60, 0xF1, 0x07, 0x80, 0x3C, 0x01, 0xE0, 0x0F, 0x00, 0x78, 0x03, 0xC0, 0x1E, 0x00,
    0xF0, 0x0F, 0xE0, 0xFE, 0x7F, 0xF9, 0xF3, 0x83, 0x0E, 0x0C, 0x38, 0x30, 0xE0, 0xC3, 0x83, 0x0E,
    0x0C, 0x38, 0x30, 0xE0, 0xC3, 0x83, 0x0F, 0x0C, 0x1E, 0x70, 0x3F, 0x80, 0x00, 0x00, 0xFC, 0xFB,
    0xF3, 0xE7, 0x83, 0x0E, 0x18, 0x3C, 0x60, 0xF1, 0x81, 0xCC, 0x07, 0x30, 0x1E, 0xC0, 0x3E, 0x00,
    0xF8, 0x03, 0xE0, 0x07, 0x00, 0x1C, 0x00, 0xFC, 0x21, 0xFF, 0xC7, 0x1F, 0x78, 0x70, 0xE3, 0x87,
    0x8C, 0x38, 0x78, 0xC3, 0xCF, 0x8C, 0x3C, 0xFC, 0xC1, 0xCD, 0xD8, 0x1F, 0x9D, 0x81, 0xF9, 0xF8,
    0x0F, 0x8F, 0x00, 0xF0, 0xF0, 0x0F, 0x0F, 0x00, 0x70, 0x70, 0x7E, 0x7B, 0xF9, 0xE3, 0xC7, 0x07,
    0x98, 0x1E, 0xC0, 0x3E, 0x00, 0x78, 0x01, 0xE0, 0x0F, 0xC0, 0x37, 0x01, 0x9E, 0x0C, 0x3C, 0x70,
    0xFB, 0xE7, 0xF0, 0xFC, 0xFB, 0xF3, 0xE7, 0x87, 0x0E, 0x18, 0x3C, 0x60, 0x73, 0x01, 0xEC, 0x03,
    0xE0, 0x0F, 0x80, 0x1C, 0x00, 0x70, 0x01, 0xC0, 0x07, 0x80, 0x7F, 0x00, 0x7F, 0xE7, 0xFE, 0x61,
    0xE6, 0x3C, 0x43, 0xC0, 0x78, 0x07, 0x00, 0xF0, 0x1E, 0x01, 0xE0, 0x3C, 0x37, 0x83, 0x78, 0x77,
    0xFF, 0x7C, 0xF9, 0xC3, 0x87, 0x0E, 0x1C, 0x38, 0x70, 0xE1, 0xC3, 0x87, 0x0E, 0x1C, 0x38, 0x7C,
    0xF8, 0x03, 0x0C, 0x30, 0x61, 0x86, 0x18, 0x20, 0xC3, 0x0C, 0x10, 0x61, 0x86, 0x08, 0x20, 0x79,
    0xF1, 0xC7, 0x1C, 0x71, 0xC7, 0x1C, 0x71, 0xC7, 0x1C, 0x71, 0xC7, 0x7D, 0xF0, 0x04, 0x03, 0x00,
    0xE0, 0x78, 0x1B, 0x0C, 0xC3, 0x19, 0x86, 0x60, 0xC0, 0x00, 0x7F, 0xDF, 0xF0, 0x71, 0xC3, 0x83,
    0x04, 0x07, 0xF1, 0xEE, 0x19, 0xE0, 0x3C, 0x7F, 0x9E, 0xF3, 0x9E, 0x73, 0xCF, 0xF9, 0xF7, 0x80,
    0x00, 0x70, 0x0F, 0x80, 0x38, 0x03, 0x80, 0x39, 0x03, 0xFC, 0x3D, 0xE3, 0x8E, 0x38, 0xE3, 0x8F,
    0x38, 0xF3, 0x8E, 0x38, 0xE7, 0xFE, 0xF7, 0xC0, 0x00, 0x04, 0x0F, 0xE7, 0xB9, 0xCE, 0x70, 0x1C,
    0x07, 0x01, 0xC0, 0x70, 0x9F, 0xE3, 0xF8, 0x00, 0x03, 0xC0, 0x3E, 0x01, 0xE0, 0x1E, 0x09, 0xE3,
    0xFE, 0x7B, 0xE7, 0x1E, 0x71, 0xE7, 0x1E, 0x71, 0xE7, 0x1E, 0x71, 0xE7, 0xFE, 0x3E, 0xF0, 0x00,
    0x04, 0x0F, 0xE3, 0xB9, 0xC7, 0x71, 0xDF, 0xF7, 0x01, 0xC0, 0x70, 0xCF, 0x71, 0xF8, 0x00, 0x0F,
    0x0F, 0xCE, 0x67, 0x03, 0x87, 0xF8, 0xE0, 0x70, 0x38, 0x1C, 0x0E, 0x07, 0x03, 0x81, 0xC3, 0xF8,
    0x0C, 0xC7, 0xFD, 0xCF, 0x39, 0xC7, 0x38, 0xE7, 0x0F, 0xC1, 0xE0, 0x70, 0x0F, 0xF0, 0xFF, 0x7F,
    0xEE, 0x1D, 0xC3, 0xBF, 0xE1, 0xE0, 0x70, 0x07, 0xC0, 0x0E, 0x00, 0x70, 0x03, 0x90, 0x1F, 0xE0,
    0xFF, 0x87, 0x3C, 0x38, 0xE1, 0xC7, 0x0E, 0x38, 0x71, 0xC3, 0x8E, 0x3C, 0x73, 0xF3, 0xC0, 0x30,
    0xF0, 0xE0, 0x00, 0x1F, 0x1E, 0x1C, 0x38, 0x70, 0xE1, 0xC3, 0x8F, 0x3F, 0x80, 0x18, 0xF1, 0xC0,
    0x01, 0xF3, 0xC7, 0x1C, 0x71, 0xC7, 0x1C, 0x71, 0xC7, 0x3C, 0xE7, 0x98, 0x70, 0x0F, 0x80, 0x38,
    0x03, 0x80, 0x38, 0x03, 0xBE, 0x39, 0xC3, 0x98, 0x3B, 0x03, 0xF0, 0x3F, 0x83, 0xBC, 0x39, 0xC7,
    0x9E, 0xFE, 0xF0, 0x71, 0xF0, 0xE1, 0xC3, 0x87, 0x0E, 0x1C, 0x38, 0x70, 0xE1, 0xC3, 0x8F, 0x3F,
    0x80, 0x01, 0x04, 0x1F, 0xFB, 0xE1, 0xFF, 0xFE, 0x1C, 0xF3, 0xC3, 0x8E, 0x38, 0x71, 0xC7, 0x0E,
    0x38, 0xE1, 0xC7, 0x1C, 0x38, 0xE3, 0x8F, 0x1C, 0x73, 0xF3, 0xCF, 0x00, 0x01, 0x07, 0xFE, 0x1F,
    0xF8, 0x73, 0xC3, 0x8E, 0x1C, 0x70, 0xE3, 0x87, 0x1C, 0x38, 0xE3, 0xC7, 0x3F, 0x3C, 0x04, 0x07,
    0xF1, 0xE7, 0x38, 0xE7, 0x1E, 0xE3, 0xDC, 0x7B, 0x8F, 0x71, 0xC7, 0x38, 0x7E, 0x00, 0x00, 0x00,
    0x0F, 0x7C, 0x7D, 0xE3, 0x8E, 0x38, 0xE3, 0x8E, 0x38, 0xE3, 0x8E, 0x38, 0xE3, 0xDE, 0x3F, 0xC3,
    0x80, 0x38, 0x07, 0x80, 0xFE, 0x07, 0xC0, 0x00, 0x03, 0xEF, 0x7B, 0xE7, 0x1E, 0x71, 0xE7, 0x1E,
    0x71, 0xE7, 0x1E, 0x71, 0xE7, 0xBE, 0x3F, 0xE0, 0x1E, 0x01, 0xE0, 0x1E, 0x07, 0xF0, 0x3F, 0x01,
    0x3F, 0xF7, 0xFC, 0xE6, 0x38, 0x0E, 0x03, 0x80, 0xE0, 0x38, 0x1E, 0x0F, 0xE0, 0x08, 0x3F, 0x98,
    0xCC, 0x67, 0x83, 0xF0, 0xFC, 0x0F, 0x63, 0xF1, 0x9F, 0x80, 0x00, 0x10, 0x18, 0x38, 0xFE, 0x78,
    0x38, 0x38, 0x38, 0x38, 0x38, 0x38, 0x3E, 0x3E, 0x00, 0x00, 0x07, 0xDF, 0x1E, 0x78, 0x71, 0xC3,
    0x8E, 0x1C, 0x70, 0xE3, 0x87, 0x3C, 0x39, 0xE1, 0xFF, 0x0F, 0xBC, 0x00, 0x00, 0x00, 0x0F, 0xDF,
    0x78, 0xC7, 0x8C, 0x38, 0xC3, 0xD8, 0x1D, 0x81, 0xD8, 0x1F, 0x00, 0xF0, 0x0E, 0x00, 0x00, 0x00,
    0x1F, 0x99, 0xE3, 0x8E, 0x30, 0xE3, 0x8C, 0x1C, 0xF2, 0x07, 0x7D, 0x81, 0xDF, 0x60, 0x7C, 0xF0,
    0x0F, 0x3C, 0x03, 0xCF, 0x00, 0xE1, 0x80, 0x00, 0x0F, 0xFF, 0x3C, 0xC1, 0xD8, 0x1F, 0x80, 0xF0,
    0x0F, 0x81, 0xB8, 0x31, 0xC7, 0x1E, 0xFB, 0xF0, 0x00, 0x1F, 0xBD, 0xE3, 0x3C, 0x63, 0x98, 0x73,
    0x07, 0x40, 0xF8, 0x1F, 0x01, 0xC0, 0x38, 0x07, 0x00, 0xC0, 0x38, 0x3E, 0x02, 0x00, 0x00, 0x1F,
    0xE6, 0x79, 0x1C, 0x0F, 0x07, 0x81, 0xC0, 0xE2, 0x78, 0xDF, 0xFF, 0xFC, 0x02, 0x1F, 0x1C, 0x3C,
    0x3C, 0x3C, 0x3C, 0x3C, 0xF8, 0xF8, 0x3C, 0x3C, 0x3C, 0x3C, 0x3C, 0x1C, 0x1F, 0x06, 0x3F, 0xFF,
    0xFF, 0xFF, 0xFD, 0x40, 0xF8, 0x3C, 0x3C, 0x3C, 0x3C, 0x3C, 0x1C, 0x1F, 0x1F, 0x1C, 0x3C, 0x3C,
    0x3C, 0x3C, 0x3C, 0xF8, 0x60, 0x30, 0xDF, 0x36, 0xFD, 0x1E, 0x00, 0x00, 0x03, 0x9C, 0xE0, 0x10,
    0xCE, 0x73, 0x9C, 0xE7, 0x39, 0xC0, 0x08, 0x06, 0x0F, 0xCF, 0xFF, 0xFF, 0x7B, 0xB1, 0xD8, 0xEC,
    0x7E, 0x1F, 0x6F, 0xE1, 0xE0, 0x60, 0x0F, 0x0F, 0xE3, 0x9D, 0xC6, 0x70, 0x0E, 0x0F, 0xF3, 0xFC,
    0x1C, 0x07, 0x01, 0x80, 0xF1, 0x7F, 0xFF, 0xF0, 0x00, 0x41, 0x7F, 0x9D, 0xCC, 0x64, 0x33, 0x19,
    0xFD, 0xFE, 0x00, 0x00, 0xF9, 0xDF, 0x3D, 0xE3, 0x1C, 0xC3, 0x98, 0x7E, 0x07, 0xC1, 0xFC, 0x7F,
    0xC1, 0xC1, 0xFF, 0x07, 0x01, 0xE0, 0x7F, 0x00, 0x3F, 0xFF, 0x00, 0xFF, 0xFD, 0x00, 0x3F, 0x19,
    0xDC, 0x6E, 0x03, 0xC1, 0xF9, 0xBE, 0xE7, 0xF9, 0xDF, 0xE3, 0xE0, 0x72, 0x1B, 0x8D, 0xC6, 0x7E,
    0x00, 0x00, 0x01, 0xDF, 0xBA, 0x20, 0x07, 0x80, 0x7F, 0x87, 0x03, 0x19, 0xF6, 0xCC, 0xCF, 0x60,
    0x3D, 0x80, 0xF6, 0x03, 0xD8, 0x0F, 0x71, 0x3C, 0xFC, 0x99, 0xE6, 0x38, 0x70, 0x7F, 0x80, 0x00,
    0x00, 0x38, 0x7E, 0x6E, 0x7E, 0xEE, 0xFE, 0x77, 0x13, 0x1B, 0x99, 0x9D, 0xCE, 0xE3, 0xB0, 0xCC,
    0x26, 0xFF, 0x7F, 0xC0, 0x60, 0x30, 0x18, 0x08, 0x03, 0xFF, 0xC0, 0x07, 0x80, 0x7F, 0x87, 0x03,
    0x1F, 0xE6, 0xCC, 0xCF, 0x33, 0x3C, 0xCC, 0xE3, 0xE3, 0xCD, 0x8F, 0x33, 0x3C, 0xEE, 0x9F, 0x9E,
    0x38, 0x70, 0x7F, 0x80, 0x00, 0x00, 0x7F, 0xDF, 0xF0, 0x38, 0xF9, 0x9B, 0x36, 0xEF, 0x84, 0x00,
    0x18, 0x0C, 0x06, 0x1F, 0xEF, 0xF8, 0xC0, 0x60, 0x30, 0x08, 0x7F, 0xBF, 0xE0, 0x38, 0xF9, 0xB8,
    0x60, 0xC3, 0x18, 0xBF, 0x7E, 0x38, 0xF9, 0xB8, 0x63, 0xC1, 0xD3, 0xE7, 0x7C, 0x18, 0xE7, 0x18,
    0x00, 0x1E, 0x7B, 0xCF, 0x79, 0xEF, 0x3D, 0xE7, 0xBC, 0xF7, 0x9E, 0xF3, 0xDF, 0xFB, 0xF7, 0xE0,
    0x0E, 0x01, 0xE0, 0x1C, 0x03, 0x00, 0x0F, 0xEF, 0xFD, 0xFB, 0x3F, 0x47, 0xE8, 0xFD, 0x1F, 0xA1,
    0xF4, 0x06, 0x80, 0xD0, 0x1A, 0x03, 0x40, 0x68, 0x0D, 0x01, 0xA0, 0x76, 0x1E, 0xE0, 0x00, 0x0E,
    0xFE, 0x00, 0xC3, 0x86, 0x79, 0xC0, 0x18, 0x71, 0xE0, 0xC1, 0x83, 0x06, 0x0C, 0x7E, 0x1C, 0x7E,
    0x67, 0xE7, 0xE7, 0x76, 0x3C, 0xCC, 0x37, 0x1D, 0xC7, 0xE3, 0xF3, 0xB9, 0xB9, 0x98, 0x10, 0x10,
    0x70, 0x30, 0xF0, 0x60, 0x30, 0x60, 0x30, 0xC0, 0x30, 0xCC, 0x31, 0x9C, 0x31, 0x9C, 0xFF, 0x3C,
    0x03, 0x6C, 0x06, 0xFE, 0x06, 0xFE, 0x0C, 0x0C, 0x0C, 0x1E, 0x10, 0x20, 0x70, 0x30, 0xF0, 0x60,
    0x30, 0x60, 0x30, 0xC0, 0x30, 0xDC, 0x31, 0xFE, 0x39, 0xE6, 0xFF, 0x06, 0x03, 0x0C, 0x06, 0x18,
    0x06, 0x33, 0x0C, 0x7F, 0x0C, 0x7E, 0x38, 0x10, 0x7C, 0x30, 0x6E, 0x30, 0x0C, 0x60, 0x3C, 0x60,
    0x0E, 0xCC, 0x4E, 0xDC, 0xCF, 0x9C, 0x7D, 0xBC, 0x03, 0x6C, 0x03, 0xFE, 0x06, 0xFE, 0x06, 0x0C,
    0x0C, 0x1E, 0x00, 0x0E, 0x07, 0x83, 0x80, 0x00, 0x60, 0x30, 0x78, 0x78, 0x78, 0x38, 0x1C, 0x6E,
    0x7B, 0xF8, 0xF8, 0x0C, 0x00, 0x1C, 0x00, 0x1C, 0x00, 0x18, 0x00, 0x30, 0x00, 0xF0, 0x01, 0xE0,
    0x03, 0xE0, 0x0D, 0xC0, 0x1B, 0x80, 0x67, 0x80, 0xC7, 0x01, 0xFF, 0x07, 0xFE, 0x0C, 0x1C, 0x18,
    0x3C, 0x70, 0x79, 0xF1, 0xF8, 0x00, 0xC0, 0x03, 0x80, 0x0E, 0x00, 0x18, 0x00, 0x30, 0x00, 0xF0,
    0x01, 0xE0, 0x03, 0xE0, 0x0D, 0xC0, 0x1B, 0x80, 0x67, 0x80, 0xC7, 0x01, 0xFF, 0x07, 0xFE, 0x0C,
    0x1C, 0x18, 0x3C, 0x70, 0x79, 0xF1, 0xF8, 0x03, 0x00, 0x0F, 0x00, 0x3F, 0x00, 0x62, 0x00, 0x30,
    0x00, 0xF0, 0x01, 0xE0, 0x03, 0xE0, 0x0D, 0xC0, 0x1B, 0x80, 0x67, 0x80, 0xC7, 0x01, 0xFF, 0x07,
    0xFE, 0x0C, 0x1C, 0x18, 0x3C, 0x70, 0x79, 0xF1, 0xF8, 0x04, 0x00, 0x1E, 0xC0, 0x7F, 0x80, 0xCE,
    0x00, 0x30, 0x00, 0xF0, 0x01, 0xE0, 0x03, 0xE0, 0x0D, 0xC0, 0x1B, 0x80, 0x67, 0x80, 0xC7, 0x01,
    0xFF, 0x07, 0xFE, 0x0C, 0x1C, 0x18, 0x3C, 0x70, 0x79, 0xF1, 0xF8, 0x00, 0x00, 0x19, 0x80, 0x33,
    0x00, 0x00, 0x00, 0x30, 0x00, 0xF0, 0x01, 0xE0, 0x03, 0xE0, 0x0D, 0xC0, 0x1B, 0x80, 0x67, 0x80,
    0xC7, 0x01, 0xFF, 0x07, 0xFE, 0x0C, 0x1C, 0x18, 0x3C, 0x70, 0x79, 0xF1, 0xF8, 0x03, 0x00, 0x0F,
    0x00, 0x13, 0x00, 0x3C, 0x00, 0x78, 0x00, 0xF0, 0x01, 0xF0, 0x06, 0xE0, 0x0D, 0xC0, 0x33, 0xC0,
    0x63, 0x80, 0xFF, 0x03, 0xFF, 0x06, 0x0E, 0x0C, 0x1E, 0x38, 0x3C, 0xF8, 0xFC, 0x03, 0xFF, 0x80,
    0x7F, 0xF8, 0x0F, 0xC3, 0x01, 0xF8, 0x60, 0x6F, 0x00, 0x0D, 0xE0, 0x03, 0x3F, 0xC0, 0x67, 0xF8,
    0x1F, 0xF0, 0x03, 0xFE, 0x00, 0xC3, 0xC1, 0x18, 0x78, 0x67, 0x0F, 0x0D, 0xF3, 0xFF, 0x80, 0x0F,
    0x87, 0xFD, 0xE3, 0xB8, 0x7F, 0x01, 0xE0, 0x38, 0x07, 0x00, 0xF0, 0x1E, 0x03, 0xC0, 0x38, 0x13,
    0xFE, 0x3F, 0x81, 0x80, 0x38, 0x03, 0x81, 0xE0, 0x38, 0x00, 0x1C, 0x01, 0xE0, 0x0E, 0x00, 0x30,
    0x7F, 0xEF, 0xFE, 0x38, 0x63, 0x86, 0x38, 0x03, 0x80, 0x3F, 0xC3, 0xFC, 0x38, 0x03, 0x80, 0x38,
    0x33, 0x83, 0x3C, 0x7F, 0xFF, 0x01, 0x80, 0x38, 0x07, 0x00, 0x60, 0x7F, 0xEF, 0xFE, 0x38, 0x63,
    0x86, 0x38, 0x03, 0x80, 0x3F, 0xC3, 0xFC, 0x38, 0x03, 0x80, 0x38, 0x33, 0x83, 0x3C, 0x7F, 0xFF,
    0x06, 0x00, 0xF0, 0x1F, 0x81, 0x18, 0x7F, 0xEF, 0xFE, 0x38, 0x63, 0x86, 0x38, 0x03, 0x80, 0x3F,
    0xC3, 0xFC, 0x38, 0x03, 0x80, 0x38, 0x33, 0x83, 0x3C, 0x7F, 0xFF, 0x00, 0x01, 0xDC, 0x1D, 0xC0,
    0x88, 0x7F, 0xEF, 0xFE, 0x38, 0x63, 0x86, 0x38, 0x03, 0x80, 0x3F, 0xC3, 0xFC, 0x38, 0x03, 0x80,
    0x38, 0x33, 0x83, 0x3C, 0x7F, 0xFF, 0x60, 0x70, 0x38, 0x18, 0x7E, 0xFE, 0x3C, 0x3C, 0x3C, 0x3C,
    0x3C, 0x3C, 0x3C, 0x3C, 0x3C, 0x3C, 0x3C, 0xFE, 0x0E, 0x1E, 0x1C, 0x30, 0x7E, 0xFE, 0x3C, 0x3C,
    0x3C, 0x3C, 0x3C, 0x3C, 0x3C, 0x3C, 0x3C, 0x3C, 0x3C, 0xFE, 0x18, 0x3C, 0x6E, 0xC6, 0x7E, 0xFE,
    0x3C, 0x3C, 0x3C, 0x3C, 0x3C, 0x3C, 0x3C, 0x3C, 0x3C, 0x3C, 0x3C, 0xFE, 0x00, 0x6E, 0xEE, 0x44,
    0x7E, 0xFE, 0x3C, 0x3C, 0x3C, 0x3C, 0x3C, 0x3C, 0x3C, 0x3C, 0x3C, 0x3C, 0x3C, 0xFE, 0x7F, 0x03,
    0xFF, 0x83, 0x8F, 0x0E, 0x1E, 0x38, 0x38, 0xE0, 0xE7, 0xF3, 0xDF, 0xCF, 0x38, 0x38, 0xE0, 0xE3,
    0x87, 0x8E, 0x1C, 0x3D, 0xF3, 0xFF, 0x00, 0x02, 0x00, 0x1F, 0xC0, 0x3F, 0x80, 0x46, 0x07, 0x83,
    0xDF, 0x8F, 0xCF, 0x06, 0x1F, 0x0C, 0x3F, 0x18, 0x6E, 0x30, 0xDE, 0x61, 0x9E, 0xC3, 0x1F, 0x86,
    0x1F, 0x0C, 0x3E, 0x18, 0x3C, 0x30, 0x39, 0xF8, 0x70, 0x1C, 0x00, 0xF0, 0x03, 0x80, 0x06, 0x00,
    0xF8, 0x1F, 0xF1, 0xE3, 0xCE, 0x0E, 0xF0, 0x7F, 0x83, 0xF8, 0x1F, 0xC0, 0xFE, 0x07, 0xF8, 0x3F,
    0xC1, 0xCE, 0x0E, 0x39, 0xE0, 0xFE, 0x00, 0x00, 0x01, 0xC0, 0x1E, 0x01, 0xC0, 0x0C, 0x00, 0xF8,
    0x1F, 0xF1, 0xE3, 0xCE, 0x0E, 0xF0, 0x7F, 0x83, 0xF8, 0x1F, 0xC0, 0xFE, 0x07, 0xF8, 0x3F, 0xC1,
    0xCE, 0x0E, 0x39, 0xE0, 0xFE, 0x00, 0x00, 0x07, 0x00, 0x78, 0x03, 0x60, 0x31, 0x80, 0xF8, 0x1F,
    0xF1, 0xE3, 0xCE, 0x0E, 0xF0, 0x7F, 0x83, 0xF8, 0x1F, 0xC0, 0xFE, 0x07, 0xF8, 0x3F, 0xC1, 0xCE,
    0x0E, 0x39, 0xE0, 0xFE, 0x00, 0x00, 0x04, 0x00, 0xFE, 0x07, 0xF0, 0x27, 0x00, 0xF8, 0x1F, 0xF1,
    0xE3, 0xCE, 0x0E, 0xF0, 0x7F, 0x83, 0xF8, 0x1F, 0xC0, 0xFE, 0x07, 0xF8, 0x3F, 0xC1, 0xCE, 0x0E,
    0x39, 0xE0, 0xFE, 0x00, 0x00, 0x00, 0x00, 0xEE, 0x07, 0x70, 0x11, 0x00, 0xF8, 0x1F, 0xF1, 0xE3,
    0xCE, 0x0E, 0xF0, 0x7F, 0x83, 0xF8, 0x1F, 0xC0, 0xFE, 0x07, 0xF8, 0x3F, 0xC1, 0xCE, 0x0E, 0x39,
    0xE0, 0xFE, 0x00, 0x00, 0x40, 0x71, 0x9D, 0x87, 0x81, 0xC1, 0xF1, 0x9C, 0x86, 0x00, 0x00, 0x00,
    0x00, 0x7F, 0x0F, 0xF8, 0xF1, 0xE7, 0x0F, 0x78, 0xFF, 0xCD, 0xFC, 0x6F, 0xE6, 0x7F, 0x33, 0xFF,
    0x1F, 0xF8, 0xE7, 0x87, 0x1C, 0xF0, 0xFF, 0x04, 0x00, 0x0E, 0x00, 0x3C, 0x00, 0x70, 0x00, 0x60,
    0xFE, 0x7F, 0xF9, 0xF3, 0x83, 0x0E, 0x0C, 0x38, 0x30, 0xE0, 0xC3, 0x83, 0x0E, 0x0C, 0x38, 0x30,
    0xE0, 0xC3, 0x83, 0x0F, 0x0C, 0x1E, 0x70, 0x3F, 0x80, 0x00, 0x00, 0x00, 0xC0, 0x07, 0x00, 0x38,
    0x00, 0xC0, 0xFE, 0x7F, 0xF9, 0xF3, 0x83, 0x0E, 0x0C, 0x38, 0x30, 0xE0, 0xC3, 0x83, 0x0E, 0x0C,
    0x38, 0x30, 0xE0, 0xC3, 0x83, 0x0F, 0x0C, 0x1E, 0x70, 0x3F, 0x80, 0x00, 0x00, 0x03, 0x80, 0x1F,
    0x00, 0x6C, 0x03, 0x18, 0xFE, 0x7F, 0xF9, 0xF3, 0x83, 0x0E, 0x0C, 0x38, 0x30, 0xE0, 0xC3, 0x83,
    0x0E, 0x0C, 0x38, 0x30, 0xE0, 0xC3, 0x83, 0x0F, 0x0C, 0x1E, 0x70, 0x3F, 0x80, 0x00, 0x00, 0x00,
    0x00, 0x3B, 0x80, 0xEE, 0x01, 0x10, 0xFE, 0x7F, 0xF9, 0xF3, 0x83, 0x0E, 0x0C, 0x38, 0x30, 0xE0,
    0xC3, 0x83, 0x0E, 0x0C, 0x38, 0x30, 0xE0, 0xC3, 0x83, 0x0F, 0x0C, 0x1E, 0x70, 0x3F, 0x80, 0x00,
    0x00, 0x01, 0xC0, 0x07, 0x00, 0x38, 0x01, 0x80, 0xFC, 0xFB, 0xF3, 0xE7, 0x87, 0x0E, 0x18, 0x3C,
    0x60, 0x73, 0x01, 0xEC, 0x03, 0xE0, 0x0F, 0x80, 0x1C, 0x00, 0x70, 0x01, 0xC0, 0x07, 0x80, 0x7F,
    0x00, 0x7E, 0x0F, 0xE0, 0x3C, 0x03, 0xFC, 0x3D, 0xE3, 0xCE, 0x3C, 0xF3, 0xCF, 0x3C, 0xE3, 0xDE,
    0x3F, 0xC3, 0xE0, 0x3C, 0x0F, 0xE0, 0x07, 0x00, 0xFE, 0x0E, 0x38, 0x70, 0xE3, 0x8F, 0x7D, 0xF9,
    0xEE, 0x07, 0x70, 0x3B, 0xC1, 0xDF, 0x0E, 0x7C, 0x70, 0xF3, 0xE3, 0xBF, 0x9B, 0xEF, 0xC0, 0x00,
    0x38, 0x07, 0x80, 0x38, 0x03, 0x00, 0x40, 0x7F, 0x1E, 0xE1, 0x9E, 0x03, 0xC7, 0xF9, 0xEF, 0x39,
    0xE7, 0x3C, 0xFF, 0x9F, 0x78, 0x00, 0x03, 0x80, 0xF0, 0x1C, 0x06, 0x00, 0x40, 0x7F, 0x1E, 0xE1,
    0x9E, 0x03, 0xC7, 0xF9, 0xEF, 0x39, 0xE7, 0x3C, 0xFF, 0x9F, 0x78, 0x00, 0x06, 0x01, 0xE0, 0x6E,
    0x18, 0xC0, 0x40, 0x7F, 0x1E, 0xE1, 0x9E, 0x03, 0xC7, 0xF9, 0xEF, 0x39, 0xE7, 0x3C, 0xFF, 0x9F,
    0x78, 0x00, 0x08, 0x07, 0xF8, 0xFE, 0x11, 0x80, 0x40, 0x7F, 0x1E, 0xE1, 0x9E, 0x03, 0xC7, 0xF9,
    0xEF, 0x39, 0xE7, 0x3C, 0xFF, 0x9F, 0x78, 0x00, 0x00, 0x07, 0x70, 0xEE, 0x08, 0x80, 0x40, 0x7F,
    0x1E, 0xE1, 0x9E, 0x03, 0xC7, 0xF9, 0xEF, 0x39, 0xE7, 0x3C, 0xFF, 0x9F, 0x78, 0x00, 0x00, 0x01,
    0xE0, 0x6C, 0x0F, 0x80, 0xE0, 0x08, 0x0F, 0xE3, 0xDC, 0x33, 0xC0, 0x78, 0xFF, 0x3D, 0xE7, 0x3C,
    0xE7, 0x9F, 0xF3, 0xEF, 0x00, 0x00, 0x04, 0x10, 0x3F, 0xFC, 0x7B, 0xCE, 0x33, 0xCF, 0x03, 0xCF,
    0x3F, 0xFF, 0x7B, 0xC0, 0x73, 0xC0, 0x73, 0xC2, 0x7F, 0xFE, 0x7E, 0xFE, 0x00, 0x00, 0x04, 0x0F,
    0xE7, 0xB9, 0xCE, 0x70, 0x1C, 0x07, 0x01, 0xC0, 0x70, 0x9F, 0xE3, 0xF8, 0x38, 0x0F, 0x00, 0xC1,
    0xF0, 0x30, 0x18, 0x07, 0x00, 0xE0, 0x18, 0x04, 0x0F, 0xE3, 0xB9, 0xC7, 0x71, 0xDF, 0xF7, 0x01,
    0xC0, 0x70, 0xCF, 0x71, 0xF8, 0x00, 0x03, 0x81, 0xE0, 0x70, 0x30, 0x04, 0x0F, 0xE3, 0xB9, 0xC7,
    0x71, 0xDF, 0xF7, 0x01, 0xC0, 0x70, 0xCF, 0x71, 0xF8, 0x00, 0x0E, 0x03, 0xC1, 0xB8, 0xC6, 0x04,
    0x0F, 0xE3, 0xB9, 0xC7, 0x71, 0xDF, 0xF7, 0x01, 0xC0, 0x70, 0xCF, 0x71, 0xF8, 0x00, 0x00, 0x0E,
    0xE3, 0xB8, 0x44, 0x04, 0x0F, 0xE3, 0xB9, 0xC7, 0x71, 0xDF, 0xF7, 0x01, 0xC0, 0x70, 0xCF, 0x71,
    0xF8, 0x00, 0x70, 0x78, 0x38, 0x0C, 0x00, 0x7C, 0x3C, 0x1C, 0x1C, 0x1C, 0x1C, 0x1C, 0x1C, 0x3C,
    0x7F, 0x0C, 0x38, 0xE1, 0x80, 0x1F, 0x1E, 0x1C, 0x38, 0x70, 0xE1, 0xC3, 0x8F, 0x3F, 0x80, 0x18,
    0x3C, 0x7E, 0x62, 0x00, 0x7C, 0x3C, 0x1C, 0x1C, 0x1C, 0x1C, 0x1C, 0x1C, 0x3C, 0x7F, 0x00, 0x66,
    0x66, 0x00, 0x00, 0x7C, 0x3C, 0x1C, 0x1C, 0x1C, 0x1C, 0x1C, 0x1C, 0x3C, 0x7F, 0x00, 0x07, 0xB0,
    0x3C, 0x0F, 0xC1, 0x38, 0x3F, 0x8F, 0xF3, 0x8F, 0x71, 0xEE, 0x3D, 0xC7, 0xB8, 0xF7, 0x1C, 0x73,
    0x87, 0xE0, 0x00, 0x08, 0x00, 0xF6, 0x0F, 0xF0, 0x67, 0x00, 0x10, 0x7F, 0xE1, 0xFF, 0x87, 0x3C,
    0x38, 0xE1, 0xC7, 0x0E, 0x38, 0x71, 0xC3, 0x8E, 0x3C, 0x73, 0xF3, 0xC0, 0x38, 0x07, 0x80, 0x38,
    0x03, 0x00, 0x40, 0x7F, 0x1E, 0x73, 0x8E, 0x71, 0xEE, 0x3D, 0xC7, 0xB8, 0xF7, 0x1C, 0x73, 0x87,
    0xE0, 0x00, 0x01, 0x80, 0x70, 0x1C, 0x03, 0x00, 0x40, 0x7F, 0x1E, 0x73, 0x8E, 0x71, 0xEE, 0x3D,
    0xC7, 0xB8, 0xF7, 0x1C, 0x73, 0x87, 0xE0, 0x00, 0x06, 0x01, 0xE0, 0x6E, 0x18, 0xC0, 0x40, 0x7F,
    0x1E, 0x73, 0x8E, 0x71, 0xEE, 0x3D, 0xC7, 0xB8, 0xF7, 0x1C, 0x73, 0x87, 0xE0, 0x00, 0x08, 0x07,
    0xD8, 0xFE, 0x11, 0x80, 0x40, 0x7F, 0x1E, 0x73, 0x8E, 0x71, 0xEE, 0x3D, 0xC7, 0xB8, 0xF7, 0x1C,
    0x73, 0x87, 0xE0, 0x00, 0x00, 0x07, 0x70, 0xEE, 0x08, 0x80, 0x40, 0x7F, 0x1E, 0x73, 0x8E, 0x71,
    0xEE, 0x3D, 0xC7, 0xB8, 0xF7, 0x1C, 0x73, 0x87, 0xE0, 0x00, 0x08, 0x0E, 0x06, 0x00, 0x0F, 0xF7,
    0xFC, 0x00, 0x00, 0x1C, 0x0C, 0x00, 0x00, 0x04, 0xC7, 0xF9, 0xE7, 0x39, 0xE7, 0x3E, 0xEF, 0xDD,
    0x7B, 0xEF, 0x79, 0xC7, 0x38, 0xFE, 0x10, 0x00, 0x18, 0x00, 0xE0, 0x03, 0x80, 0x0C, 0x00, 0x00,
    0x7D, 0xF1, 0xE7, 0x87, 0x1C, 0x38, 0xE1, 0xC7, 0x0E, 0x38, 0x73, 0xC3, 0x9E, 0x1F, 0xF0, 0xFB,
    0xC0, 0x00, 0x01, 0x80, 0x1C, 0x01, 0xC0, 0x0C, 0x00, 0x00, 0x7D, 0xF1, 0xE7, 0x87, 0x1C, 0x38,
    0xE1, 0xC7, 0x0E, 0x38, 0x73, 0xC3, 0x9E, 0x1F, 0xF0, 0xFB, 0xC0, 0x00, 0x06, 0x00, 0x78, 0x07,
    0xE0, 0x31, 0x00, 0x00, 0x7D, 0xF1, 0xE7, 0x87, 0x1C, 0x38, 0xE1, 0xC7, 0x0E, 0x38, 0x73, 0xC3,
    0x9E, 0x1F, 0xF0, 0xFB, 0xC0, 0x00, 0x00, 0x00, 0xCC, 0x07, 0x60, 0x10, 0x00, 0x00, 0x7D, 0xF1,
    0xE7, 0x87, 0x1C, 0x38, 0xE1, 0xC7, 0x0E, 0x38, 0x73, 0xC3, 0x9E, 0x1F, 0xF0, 0xFB, 0xC0, 0x00,
    0x03, 0x80, 0xF0, 0x1C, 0x06, 0x00, 0x01, 0xFB, 0xDE, 0x33, 0xC6, 0x39, 0x87, 0x30, 0x74, 0x0F,
    0x81, 0xF0, 0x1C, 0x03, 0x80, 0x70, 0x0C, 0x03, 0x83, 0xE0, 0x20, 0x00, 0x70, 0x0F, 0x80, 0x78,
    0x03, 0x80, 0x38, 0x03, 0xFC, 0x3D, 0xE3, 0x8E, 0x38, 0xE3, 0x8E, 0x38, 0xE3, 0x8E, 0x38, 0xE3,
    0xDE, 0x3F, 0xC3, 0x80, 0x38, 0x03, 0x80, 0xFC, 0x0F, 0xC0, 0x00, 0x03, 0x70, 0xEE, 0x08, 0x80,
    0x01, 0xFB, 0xDE, 0x33, 0xC6, 0x39, 0x87, 0x30, 0x74, 0x0F, 0x81, 0xF0, 0x1C, 0x03, 0x80, 0x70,
    0x0C, 0x03, 0x83, 0xE0, 0x20, 0x00, 0x0F, 0xC0, 0x1F, 0x80, 0x0C, 0x00, 0x3C, 0x00, 0x78, 0x00,
    0xF8, 0x03, 0x70, 0x06, 0xE0, 0x19, 0xE0, 0x31, 0xC0, 0x7F, 0xC1, 0xFF, 0x83, 0x07, 0x06, 0x0F,
    0x1C, 0x1E, 0x7C, 0x7E, 0x1F, 0x83, 0xE0, 0x10, 0x1F, 0xC7, 0xB8, 0x67, 0x80, 0xF1, 0xFE, 0x7B,
    0xCE, 0x79, 0xCF, 0x3F, 0xE7, 0xDE, 0x00, 0x00, 0x08, 0x40, 0x19, 0x80, 0x3F, 0x00, 0x1C, 0x00,
    0x30, 0x00, 0xF0, 0x01, 0xE0, 0x03, 0xE0, 0x0D, 0xC0, 0x1B, 0x80, 0x67, 0x80, 0xC7, 0x01, 0xFF,
    0x07, 0xFE, 0x0C, 0x1C, 0x18, 0x3C, 0x70, 0x79, 0xF1, 0xF8, 0x01, 0x06, 0x60, 0x7C, 0x07, 0x00,
    0x40, 0x7F, 0x1E, 0xE1, 0x9E, 0x03, 0xC7, 0xF9, 0xEF, 0x39, 0xE7, 0x3C, 0xFF, 0x9F, 0x78, 0x00,
    0x03, 0x00, 0x0F, 0x00, 0x1E, 0x00, 0x3E, 0x00, 0xDC, 0x01, 0xB8, 0x06, 0x78, 0x0C, 0x70, 0x1F,
    0xF0, 0x7F, 0xE0, 0xC1, 0xC1, 0x83, 0xC7, 0x07, 0x9F, 0x1F, 0x80, 0x0C, 0x00, 0x30, 0x00, 0x60,
    0x00, 0xF8, 0x00, 0xE0, 0x04, 0x07, 0xF1, 0xEE, 0x19, 0xE0, 0x3C, 0x7F, 0x9E, 0xF3, 0x9E, 0x73,
    0xCF, 0xF9, 0xF7, 0x81, 0x80, 0x60, 0x0C, 0x01, 0xF0, 0x1C, 0x01, 0xC0, 0x78, 0x0C, 0x03, 0x00,
    0xF8, 0x7F, 0xDE, 0x3B, 0x87, 0xF0, 0x1E, 0x03, 0x80, 0x70, 0x0F, 0x01, 0xE0, 0x3C, 0x03, 0x81,
    0x3F, 0xE3, 0xF8, 0x00, 0x00, 0x03, 0x81, 0xE0, 0xE0, 0x30, 0x04, 0x0F, 0xE7, 0xB9, 0xCE, 0x70,
    0x1C, 0x07, 0x01, 0xC0, 0x70, 0x9F, 0xE3, 0xF8, 0x00, 0x06, 0x01, 0xE0, 0x7E, 0x0C, 0x40, 0xF8,
    0x7F, 0xDE, 0x3B, 0x87, 0xF0, 0x1E, 0x03, 0x80, 0x70, 0x0F, 0x01, 0xE0, 0x3C, 0x03, 0x81, 0x3F,
    0xE3, 0xF8, 0x00, 0x00, 0x0E, 0x07, 0x81, 0xB0, 0xC6, 0x04, 0x0F, 0xE7, 0xB9, 0xCE, 0x70, 0x1C,
    0x07, 0x01, 0xC0, 0x70, 0x9F, 0xE3, 0xF8, 0x00, 0x06, 0x00, 0xE0, 0x1C, 0x00, 0x00, 0xF8, 0x7F,
    0xDE, 0x3B, 0x87, 0xF0, 0x1E, 0x03, 0x80, 0x70, 0x0F, 0x01, 0xE0, 0x3C, 0x03, 0x81, 0x3F, 0xE3,
    0xF8, 0x00, 0x00, 0x04, 0x03, 0x80, 0xE0, 0x00, 0x04, 0x0F, 0xE7, 0xB9, 0xCE, 0x70, 0x1C, 0x07,
    0x01, 0xC0, 0x70, 0x9F, 0xE3, 0xF8, 0x00, 0x10, 0x83, 0x30, 0x3C, 0x03, 0x80, 0xF8, 0x7F, 0xDE,
    0x3B, 0x87, 0xF0, 0x1E, 0x03, 0x80, 0x70, 0x0F, 0x01, 0xE0, 0x3C, 0x03, 0x81, 0x3F, 0xE3, 0xF8,
    0x00, 0x00, 0x21, 0x8E, 0xE1, 0xF0, 0x38, 0x04, 0x0F, 0xE7, 0xB9, 0xCE, 0x70, 0x1C, 0x07, 0x01,
    0xC0, 0x70, 0x9F, 0xE3, 0xF8, 0x00, 0x08, 0x40, 0x37, 0x00, 0x78, 0x01, 0xC0, 0x7F, 0x03, 0xFF,
    0x83, 0x8F, 0x0E, 0x1E, 0x38, 0x38, 0xE0, 0xE3, 0x83, 0xCE, 0x0F, 0x38, 0x38, 0xE0, 0xE3, 0x87,
    0x8E, 0x1C, 0x3D, 0xF3, 0xFF, 0x00, 0x03, 0xC4, 0x07, 0xD8, 0x07, 0xF0, 0x0F, 0xC0, 0x9E, 0x07,
    0xFC, 0x1E, 0xF8, 0x38, 0xF0, 0x71, 0xE0, 0xE3, 0xC1, 0xC7, 0x83, 0x8F, 0x07, 0x1E, 0x0F, 0xFC,
    0x0F, 0xBC, 0x00, 0x00, 0x7F, 0x03, 0xFF, 0x83, 0x8F, 0x0E, 0x1E, 0x38, 0x38, 0xE0, 0xE7, 0xF3,
    0xDF, 0xCF, 0x38, 0x38, 0xE0, 0xE3, 0x87, 0x8E, 0x1C, 0x3D, 0xF3, 0xFF, 0x00, 0x03, 0xC0, 0x3E,
    0x01, 0xE0, 0xFF, 0x01, 0xE1, 0xDE, 0x3F, 0xE7, 0x9E, 0x71, 0xE7, 0x1E, 0x71, 0xE7, 0x1E, 0x71,
    0xE7, 0xBE, 0x3E, 0xF0, 0x00, 0x1F, 0x81, 0xF8, 0x7F, 0xEF, 0xFE, 0x38, 0x63, 0x86, 0x38, 0x03,
    0x80, 0x3F, 0xC3, 0xFC, 0x38, 0x03, 0x80, 0x38, 0x33, 0x83, 0x3C, 0x7F, 0xFF, 0x1F, 0x87, 0xE0,
    0x40, 0xFE, 0x3B, 0x9C, 0x77, 0x1D, 0xFF, 0x70, 0x1C, 0x07, 0x0C, 0xF7, 0x1F, 0x80, 0x00, 0x00,
    0x81, 0x98, 0x0F, 0x80, 0x70, 0x7F, 0xEF, 0xFE, 0x38, 0x63, 0x86, 0x38, 0x03, 0x80, 0x3F, 0xC3,
    0xFC, 0x38, 0x03, 0x80, 0x38, 0x33, 0x83, 0x3C, 0x7F, 0xFF, 0x10, 0x0E, 0xE1, 0xF0, 0x38, 0x04,
    0x0F, 0xE3, 0xB9, 0xC7, 0x71, 0xDF, 0xF7, 0x01, 0xC0, 0x70, 0xCF, 0x71, 0xF8, 0x00, 0x06, 0x00,
    0xF0, 0x07, 0x00, 0x00, 0x7F, 0xEF, 0xFE, 0x38, 0x63, 0x86, 0x38, 0x03, 0x80, 0x3F, 0xC3, 0xFC,
    0x38, 0x03, 0x80, 0x38, 0x33, 0x83, 0x3C, 0x7F, 0xFF, 0x04, 0x03, 0x80, 0xE0, 0x00, 0x04, 0x0F,
    0xE3, 0xB9, 0xC7, 0x71, 0xDF, 0xF7, 0x01, 0xC0, 0x70, 0xCF, 0x71, 0xF8, 0x00, 0x7F, 0xEF, 0xFE,
    0x38, 0x63, 0x86, 0x38, 0x03, 0x80, 0x3F, 0xC3, 0xFC, 0x38, 0x03, 0x80, 0x38, 0x33, 0x83, 0x3C,
    0x7F, 0xFF, 0x00, 0xC0, 0x18, 0x01, 0x80, 0x1E, 0x00, 0xE0, 0x04, 0x0F, 0xE3, 0xB9, 0xC7, 0x71,
    0xDF, 0xF7, 0x01, 0xC0, 0x70, 0x0F, 0x71, 0xF8, 0x18, 0x0E, 0x03, 0x80, 0xF8, 0x0C, 0x10, 0x81,
    0xD8, 0x0F, 0x00, 0x70, 0x7F, 0xEF, 0xFE, 0x38, 0x63, 0x86, 0x38, 0x03, 0x80, 0x3F, 0xC3, 0xFC,
    0x38, 0x03, 0x80, 0x38, 0x33, 0x83, 0x3C, 0x7F, 0xFF, 0x31, 0x8E, 0xE1, 0xF0, 0x38, 0x04, 0x0F,
    0xE3, 0xB9, 0xC7, 0x71, 0xDF, 0xF7, 0x01, 0xC0, 0x70, 0xCF, 0x71, 0xF8, 0x00, 0x03, 0x00, 0x3C,
    0x03, 0x70, 0x31, 0x80, 0x7C, 0x1F, 0xF1, 0xE1, 0xCE, 0x0E, 0xF0, 0x07, 0x80, 0x38, 0x01, 0xC3,
    0xEF, 0x1F, 0xF8, 0x7B, 0xC3, 0xCE, 0x1E, 0x3C, 0xF0, 0xFF, 0x00, 0x00, 0x0C, 0x03, 0xC0, 0xFC,
    0x11, 0x80, 0xCC, 0x7F, 0xDC, 0xF3, 0x9C, 0x73, 0x8E, 0x70, 0xFC, 0x1E, 0x07, 0x00, 0xFF, 0x0F,
    0xF7, 0xFE, 0xE1, 0xDC, 0x3B, 0xFE, 0x1E, 0x00, 0x08, 0x00, 0x66, 0x03, 0xE0, 0x0E, 0x00, 0x7C,
    0x1F, 0xF1, 0xE1, 0xCE, 0x0E, 0xF0, 0x07, 0x80, 0x38, 0x01, 0xC3, 0xEF, 0x1F, 0xF8, 0x7B, 0xC3,
    0xCE, 0x1E, 0x3C, 0xF0, 0xFF, 0x00, 0x00, 0x20, 0x06, 0x60, 0xF8, 0x0E, 0x00, 0xCC, 0x7F, 0xDC,
    0xF3, 0x9C, 0x73, 0x8E, 0x70, 0xFC, 0x1E, 0x07, 0x00, 0xFF, 0x0F, 0xF7, 0xFE, 0xE1, 0xDC, 0x3B,
    0xFE, 0x1E, 0x00, 0x02, 0x00, 0x38, 0x01, 0xC0, 0x00, 0x00, 0x7C, 0x1F, 0xF1, 0xE1, 0xCE, 0x0E,
    0xF0, 0x07, 0x80, 0x38, 0x01, 0xC3, 0xEF, 0x1F, 0xF8, 0x7B, 0xC3, 0xCE, 0x1E, 0x3C, 0xF0, 0xFF,
    0x00, 0x00, 0x0C, 0x03, 0xC0, 0x70, 0x00, 0x00, 0xCC, 0x7F, 0xDC, 0xF3, 0x9C, 0x73, 0x8E, 0x70,
    0xFC, 0x1E, 0x07, 0x00, 0xFF, 0x0F, 0xF7, 0xFE, 0xE1, 0xDC, 0x3B, 0xFE, 0x1E, 0x00, 0x07, 0xC1,
    0xFF, 0x1E, 0x1C, 0xE0, 0xEF, 0x00, 0x78, 0x03, 0x80, 0x1C, 0x3E, 0xF1, 0xFF, 0x87, 0xBC, 0x3C,
    0xE1, 0xE3, 0xCF, 0x0F, 0xF0, 0x00, 0x00, 0xE0, 0x06, 0x00, 0x30, 0x00, 0x00, 0x02, 0x00, 0xC0,
    0x38, 0x06, 0x00, 0xCC, 0x7F, 0xDC, 0xF3, 0x9C, 0x73, 0x8E, 0x70, 0xFC, 0x1E, 0x07, 0x00, 0xFF,
    0x0F, 0xF7, 0xFE, 0xE1, 0xDC, 0x3B, 0xFE, 0x1E, 0x00, 0x01, 0x80, 0x07, 0x80, 0x1B, 0x80, 0x63,
    0x07, 0xE7, 0xFF, 0xCF, 0xCF, 0x0E, 0x1E, 0x1C, 0x3C, 0x38, 0x78, 0x70, 0xFF, 0xE1, 0xFF, 0xC3,
    0xC3, 0x87, 0x87, 0x0F, 0x0E, 0x1E, 0x1C, 0x3C, 0x3D, 0xFD, 0xFC, 0x18, 0x01, 0xE0, 0x1D, 0x80,
    0xC6, 0x07, 0x00, 0x7C, 0x00, 0xE0, 0x07, 0x00, 0x39, 0x01, 0xFE, 0x0F, 0xF8, 0x73, 0xC3, 0x8E,
    0x1C, 0x70, 0xE3, 0x87, 0x1C, 0x38, 0xE3, 0xC7, 0x3F, 0x3C, 0x7E, 0x7E, 0xFE, 0x7E, 0x3C, 0x38,
    0x7F, 0xFE, 0xFF, 0xFE, 0x3C, 0x38, 0x3F, 0xF8, 0x3F, 0xF8, 0x3C, 0x38, 0x3C, 0x38, 0x3C, 0x38,
    0x3C, 0x38, 0x3C, 0x3C, 0xFE, 0xFE, 0x70, 0x07, 0xC0, 0x0E, 0x01, 0xFE, 0x07, 0x80, 0x1D, 0xC0,
    0xFF, 0x07, 0xBC, 0x38, 0xE1, 0xC7, 0x0E, 0x38, 0x71, 0xC3, 0x8E, 0x3C, 0x73, 0xF3, 0xC0, 0x20,
    0xFB, 0xFE, 0x8C, 0x7E, 0xFE, 0x3C, 0x3C, 0x3C, 0x3C, 0x3C, 0x3C, 0x3C, 0x3C, 0x3C, 0x3C, 0x3C,
    0xFE, 0x20, 0x7B, 0xFF, 0x4E, 0x00, 0x7C, 0x3C, 0x1C, 0x1C, 0x1C, 0x1C, 0x1C, 0x1C, 0x3C, 0x7F,
    0x7E, 0x7E, 0x7E, 0xFE, 0x3C, 0x3C, 0x3C, 0x3C, 0x3C, 0x3C, 0x3C, 0x3C, 0x3C, 0x3C, 0x3C, 0xFE,
    0xFD, 0xF8, 0x07, 0xC7, 0x87, 0x0E, 0x1C, 0x38, 0x70, 0xE3, 0xCF, 0xE0, 0x40, 0x66, 0x7C, 0x38,
    0x7E, 0xFE, 0x3C, 0x3C, 0x3C, 0x3C, 0x3C, 0x3C, 0x3C, 0x3C, 0x3C, 0x3C, 0x3C, 0xFE, 0x85, 0x99,
    0xF1, 0xC0, 0x1F, 0x1E, 0x1C, 0x38, 0x70, 0xE1, 0xC3, 0x8F, 0x3F, 0x80, 0x7E, 0xFE, 0x3C, 0x3C,
    0x3C, 0x3C, 0x3C, 0x3C, 0x3C, 0x3C, 0x3C, 0x3C, 0x3C, 0xFE, 0x18, 0x30, 0x30, 0x3E, 0x1C, 0x30,
    0xF0, 0xE0, 0x00, 0x1F, 0x1E, 0x1C, 0x38, 0x70, 0xE1, 0xC3, 0x8F, 0x3F, 0x9C, 0x70, 0xE1, 0xF0,
    0xC0, 0x18, 0x38, 0x38, 0x00, 0x7E, 0xFE, 0x3C, 0x3C, 0x3C, 0x3C, 0x3C, 0x3C, 0x3C, 0x3C, 0x3C,
    0x3C, 0x3C, 0xFE, 0x01, 0xF1, 0xE1, 0xC3, 0x87, 0x0E, 0x1C, 0x38, 0xF3, 0xF8, 0x7E, 0xFD, 0xFD,
    0xFC, 0xF0, 0xE1, 0xE1, 0xC3, 0xC3, 0x87, 0x87, 0x0F, 0x0E, 0x1E, 0x1C, 0x3C, 0x38, 0x78, 0x70,
    0xF0, 0xE1, 0xE1, 0xC3, 0xC3, 0x9F, 0xC7, 0x00, 0x0E, 0x00, 0x3C, 0x00, 0x70, 0x03, 0xE0, 0x07,
    0x00, 0x30, 0x67, 0x8F, 0x38, 0xF0, 0x00, 0x00, 0x0F, 0x9F, 0x78, 0xF3, 0x8F, 0x38, 0xF3, 0x8F,
    0x38, 0xF3, 0x8F, 0x38, 0xF7, 0x8F, 0xFE, 0xF0, 0x0F, 0x00, 0xE0, 0x0E, 0x03, 0xC0, 0x38, 0x0C,
    0x0F, 0x0D, 0xCC, 0x63, 0xF3, 0xF8, 0x78, 0x3C, 0x1E, 0x0F, 0x07, 0x83, 0xC1, 0xE0, 0xF0, 0x78,
    0x3C, 0x1E, 0x0F, 0x07, 0x83, 0x83, 0xC3, 0xC1, 0x80, 0x18, 0x3C, 0x7E, 0x46, 0x00, 0x7C, 0x3C,
    0x1C, 0x1C, 0x1C, 0x1C, 0x1C, 0x1C, 0x1C, 0x1C, 0x1C, 0x3C, 0x38, 0x78, 0x60, 0x7E, 0xFB, 0xFB,
    0xE3, 0xC7, 0x0E, 0x38, 0x39, 0xC0, 0xE6, 0x03, 0xF8, 0x0F, 0xE0, 0x3F, 0xC0, 0xE7, 0x83, 0x9E,
    0x0E, 0x3C, 0x3C, 0xFB, 0xF9, 0xF0, 0x00, 0x00, 0xE0, 0x03, 0x00, 0x0C, 0x00, 0x00, 0x00, 0x70,
    0x0F, 0x80, 0x38, 0x03, 0x80, 0x38, 0x03, 0xBE, 0x39, 0xC3, 0x98, 0x3B, 0x03, 0xF0, 0x3F, 0x83,
    0xBC, 0x39, 0xC7, 0x9E, 0xFE, 0xF0, 0x00, 0x07, 0x00, 0x60, 0x06, 0x00, 0x00, 0x00, 0x0F, 0xBE,
    0x79, 0xC3, 0x98, 0x3B, 0x03, 0xF0, 0x3F, 0x83, 0xB8, 0x3B, 0xC7, 0x9E, 0xFE, 0xF0, 0x07, 0x00,
    0xF0, 0x0C, 0x01, 0x80, 0x7E, 0x0F, 0xE0, 0x3C, 0x03, 0xC0, 0x3C, 0x03, 0xC0, 0x3C, 0x03, 0xC0,
    0x3C, 0x03, 0xC0, 0x3C, 0x33, 0xC3, 0x3C, 0x7F, 0xFF, 0x0E, 0x38, 0xE1, 0x87, 0x1F, 0x0E, 0x1C,
    0x38, 0x70, 0xE1, 0xC3, 0x87, 0x0E, 0x1C, 0x38, 0xF3, 0xF8, 0x7E, 0x0F, 0xE0, 0x3C, 0x03, 0xC0,
    0x3C, 0x03, 0xC0, 0x3C, 0x03, 0xC0, 0x3C, 0x03, 0xC0, 0x3C, 0x33, 0xC3, 0x3C, 0x7F, 0xFF, 0x00,
    0x00, 0x70, 0x06, 0x00, 0xC0, 0x00, 0x00, 0x71, 0xF0, 0xE1, 0xC3, 0x87, 0x0E, 0x1C, 0x38, 0x70,
    0xE1, 0xC3, 0x8F, 0x3F, 0x80, 0x38, 0x61, 0x80, 0x00, 0x7E, 0x6F, 0xE6, 0x3C, 0xE3, 0xCC, 0x3C,
    0x03, 0xC0, 0x3C, 0x03, 0xC0, 0x3C, 0x03, 0xC0, 0x3C, 0x33, 0xC3, 0x3C, 0x7F, 0xFF, 0x71, 0x7D,
    0xCE, 0xC7, 0x43, 0x81, 0xC0, 0xE0, 0x70, 0x38, 0x1C, 0x0E, 0x07, 0x03, 0x83, 0xC3, 0xF8, 0x7E,
    0x0F, 0xE0, 0x3C, 0x03, 0xC0, 0x3C, 0x03, 0xC6, 0x3C, 0xF3, 0xCE, 0x3C, 0x03, 0xC0, 0x3C, 0x33,
    0xC3, 0x3C, 0x7F, 0xFF, 0x70, 0x3E, 0x03, 0x80, 0xE0, 0x38, 0x0E, 0x03, 0x80, 0xE4, 0x3B, 0x8E,
    0xE3, 0x80, 0xE0, 0x38, 0x1E, 0x0F, 0xE0, 0x7E, 0x0F, 0xE0, 0x3C, 0x03, 0xC0, 0x3D, 0x03, 0xF0,
    0x3E, 0x03, 0xC0, 0x7C, 0x07, 0xC0, 0x3C, 0x33, 0xC3, 0x3C, 0x7F, 0xFF, 0x71, 0xF0, 0xE1, 0xC3,
    0x87, 0x0F, 0x1E, 0x39, 0xF3, 0xE1, 0xC3, 0x8F, 0x3F, 0x80, 0x00, 0xE0, 0x01, 0xC0, 0x07, 0x00,
    0x08, 0x07, 0x83, 0xDF, 0x8F, 0xCF, 0x06, 0x1F, 0x0C, 0x3F, 0x18, 0x6E, 0x30, 0xDE, 0x61, 0x9E,
    0xC3, 0x1F, 0x86, 0x1F, 0x0C, 0x3E, 0x18, 0x3C, 0x30, 0x39, 0xF8, 0x70, 0x01, 0xC0, 0x1C, 0x01,
    0xC0, 0x0C, 0x00, 0x10, 0x7F, 0xE1, 0xFF, 0x87, 0x3C, 0x38, 0xE1, 0xC7, 0x0E, 0x38, 0x71, 0xC3,
    0x8E, 0x3C, 0x73, 0xF3, 0xC0, 0x78, 0x3D, 0xF8, 0xFC, 0xF0, 0x61, 0xF0, 0xC3, 0xF1, 0x86, 0xE3,
    0x0D, 0xE6, 0x19, 0xEC, 0x31, 0xF8, 0x61, 0xF0, 0xC3, 0xE1, 0x83, 0xC3, 0x03, 0x9F, 0x87, 0x00,
    0x00, 0x01, 0xC0, 0x03, 0x00, 0x06, 0x00, 0x00, 0x00, 0x01, 0x07, 0xFE, 0x1F, 0xF8, 0x73, 0xC3,
    0x8E, 0x1C, 0x70, 0xE3, 0x87, 0x1C, 0x38, 0xE3, 0xC7, 0x3F, 0x3C, 0x00, 0x00, 0x70, 0x03, 0x00,
    0x18, 0x00, 0x00, 0x04, 0x20, 0x0D, 0xC0, 0x0F, 0x00, 0x1C, 0x07, 0x83, 0xDF, 0x8F, 0xCF, 0x06,
    0x1F, 0x0C, 0x3F, 0x18, 0x6E, 0x30, 0xDE, 0x61, 0x9E, 0xC3, 0x1F, 0x86, 0x1F, 0x0C, 0x3E, 0x18,
    0x3C, 0x30, 0x39, 0xF8, 0x70, 0x10, 0x80, 0xEC, 0x03, 0xE0, 0x0E, 0x00, 0x10, 0x7F, 0xE1, 0xFF,
    0x87, 0x3C, 0x38, 0xE1, 0xC7, 0x0E, 0x38, 0x71, 0xC3, 0x8E, 0x3C, 0x73, 0xF3, 0xC0, 0x60, 0x00,
    0xF0, 0x00, 0xF0, 0x00, 0x70, 0x10, 0x6F, 0x7C, 0xE7, 0xFC, 0x07, 0x9C, 0x07, 0x9C, 0x07, 0x9C,
    0x07, 0x9C, 0x07, 0x9C, 0x07, 0x9C, 0x07, 0x9E, 0x0F, 0xDF, 0x78, 0x3D, 0xF8, 0xFC, 0xF0, 0x61,
    0xF0, 0xC3, 0xF1, 0x86, 0xE3, 0x0C, 0xE6, 0x19, 0xEC, 0x31, 0xF8, 0x61, 0xF0, 0xC3, 0xE1, 0x83,
    0xC3, 0x03, 0x9F, 0x83, 0x00, 0x06, 0x00, 0x0C, 0x00, 0x18, 0x00, 0xE0, 0x01, 0x80, 0x01, 0x1F,
    0xF9, 0xFF, 0x9C, 0xF3, 0x8E, 0x71, 0xCE, 0x39, 0xC7, 0x38, 0xEF, 0x1F, 0xF3, 0x80, 0x70, 0x1E,
    0x03, 0xC0, 0xF0, 0x18, 0x1F, 0x80, 0x7C, 0x03, 0xE0, 0x7F, 0xC7, 0x8F, 0x38, 0x3B, 0xC1, 0xFE,
    0x0F, 0xE0, 0x7F, 0x03, 0xF8, 0x1F, 0xE0, 0xFF, 0x07, 0x38, 0x38, 0xE7, 0x83, 0xF8, 0x00, 0x00,
    0x1F, 0x83, 0xF0, 0x10, 0x1F, 0xC7, 0x9C, 0xE3, 0x9C, 0x7B, 0x8F, 0x71, 0xEE, 0x3D, 0xC7, 0x1C,
    0xE1, 0xF8, 0x00, 0x00, 0x00, 0x80, 0xCC, 0x03, 0xE0, 0x0E, 0x00, 0xF8, 0x1F, 0xF1, 0xE3, 0xCE,
    0x0E, 0xF0, 0x7F, 0x83, 0xF8, 0x1F, 0xC0, 0xFE, 0x07, 0xF8, 0x3F, 0xC1, 0xCE, 0x0E, 0x39, 0xE0,
    0xFE, 0x00, 0x00, 0x10, 0x03, 0x30, 0x7C, 0x07, 0x00, 0x40, 0x7F, 0x1E, 0x73, 0x8E, 0x71, 0xEE,
    0x3D, 0xC7, 0xB8, 0xF7, 0x1C, 0x73, 0x87, 0xE0, 0x00, 0x06, 0x60, 0x77, 0x03, 0x70, 0x33, 0x00,
    0xF8, 0x1F, 0xF1, 0xE3, 0xCE, 0x0E, 0xF0, 0x7F, 0x83, 0xF8, 0x1F, 0xC0, 0xFE, 0x07, 0xF8, 0x3F,
    0xC1, 0xCE, 0x0E, 0x39, 0xE0, 0xFE, 0x00, 0x00, 0x0C, 0xC1, 0xB8, 0x76, 0x09, 0x80, 0x40, 0x7F,
    0x1E, 0x73, 0x8E, 0x71, 0xEE, 0x3D, 0xC7, 0xB8, 0xF7, 0x1C, 0x73, 0x87, 0xE0, 0x00, 0x0F, 0xFF,
    0x8F, 0xFF, 0xE7, 0x8E, 0x19, 0xC3, 0x86, 0xF0, 0xE0, 0x3C, 0x38, 0x0E, 0x0F, 0xF3, 0x83, 0xFC,
    0xE0, 0xE0, 0x3C, 0x38, 0x0F, 0x0E, 0x09, 0xC3, 0x83, 0x38, 0xE1, 0xC7, 0xFF, 0xF0, 0x00, 0x00,
    0x04, 0x08, 0x1F, 0xFF, 0x9E, 0x7D, 0xCE, 0x3C, 0xF7, 0x1E, 0x3B, 0x8F, 0xFD, 0xC7, 0x80, 0xE3,
    0xC0, 0x71, 0xE1, 0x1C, 0xFD, 0xC7, 0xEF, 0xC0, 0x00, 0x00, 0x01, 0xC0, 0x0E, 0x00, 0x70, 0x01,
    0x80, 0x7F, 0x03, 0xFF, 0x83, 0xCF, 0x0F, 0x3C, 0x3C, 0xF0, 0xF3, 0xC3, 0xCE, 0x0F, 0xF0, 0x3F,
    0xC0, 0xF7, 0x83, 0xDE, 0x0F, 0x3C, 0x3C, 0x7B, 0xF9, 0xF0, 0x07, 0x03, 0xC0, 0xE0, 0x60, 0x01,
    0x3F, 0xF7, 0xFC, 0xE6, 0x38, 0x0E, 0x03, 0x80, 0xE0, 0x38, 0x1E, 0x0F, 0xE0, 0x7F, 0x03, 0xFF,
    0x83, 0xCF, 0x0F, 0x3C, 0x3C, 0xF0, 0xF3, 0xC3, 0xCE, 0x0F, 0xF0, 0x3F, 0xC0, 0xF7, 0x83, 0xDE,
    0x0F, 0x3C, 0x3C, 0x7B, 0xF9, 0xF0, 0x00, 0x01, 0xC0, 0x07, 0x00, 0x18, 0x00, 0x00, 0x00, 0x01,
    0x3F, 0xF7, 0xFC, 0xE6, 0x38, 0x0E, 0x03, 0x80, 0xE0, 0x38, 0x1E, 0x0F, 0xE0, 0x00, 0x38, 0x0C,
    0x03, 0x00, 0x00, 0x10, 0x80, 0x66, 0x00, 0xF0, 0x01, 0xC0, 0x7F, 0x03, 0xFF, 0x83, 0xCF, 0x0F,
    0x3C, 0x3C, 0xF0, 0xF3, 0xC3, 0xCE, 0x0F, 0xF0, 0x3F, 0xC0, 0xF7, 0x83, 0xDE, 0x0F, 0x3C, 0x3C,
    0x7B, 0xF9, 0xF0, 0x21, 0x0C, 0xC1, 0xE0, 0x78, 0x01, 0x3F, 0xF7, 0xFC, 0xE6, 0x38, 0x0E, 0x03,
    0x80, 0xE0, 0x38, 0x1E, 0x0F, 0xE0, 0x01, 0x80, 0x70, 0x1C, 0x03, 0x00, 0xF0, 0x7F, 0x1C, 0x73,
    0x8E, 0x70, 0x0F, 0x80, 0xFC, 0x0F, 0xC0, 0xFC, 0x07, 0x98, 0x77, 0x0E, 0x71, 0xCF, 0xF0, 0x00,
    0x00, 0x07, 0x03, 0x83, 0x81, 0x00, 0x83, 0xF9, 0x8C, 0xC6, 0x78, 0x3F, 0x0F, 0xC0, 0xF6, 0x3F,
    0x19, 0xF8, 0x00, 0x0E, 0x01, 0xE0, 0x6C, 0x18, 0xC0, 0xF0, 0x7F, 0x1C, 0x73, 0x8E, 0x70, 0x0F,
    0x80, 0xFC, 0x0F, 0xC0, 0xFC, 0x07, 0x98, 0x77, 0x0E, 0x71, 0xCF, 0xF0, 0x00, 0x00, 0x1C, 0x0F,
    0x0D, 0x8C, 0x60, 0x83, 0xF9, 0x8C, 0xC6, 0x78, 0x3F, 0x0F, 0xC0, 0xF6, 0x3F, 0x19, 0xF8, 0x00,
    0x0F, 0x07, 0xF1, 0xC7, 0x38, 0xE7, 0x00, 0xF8, 0x0F, 0xC0, 0xFC, 0x0F, 0xC0, 0x79, 0x87, 0x70,
    0xE7, 0x1C, 0xFF, 0x03, 0x00, 0x78, 0x07, 0x03, 0xC0, 0x70, 0x00, 0x08, 0x3F, 0x98, 0xCC, 0x67,
    0x83, 0xF0, 0xFC, 0x0F, 0x63, 0xF1, 0x9F, 0x83, 0x81, 0xE0, 0x30, 0xF8, 0x30, 0x30, 0x87, 0x70,
    0x7C, 0x07, 0x00, 0xF0, 0x7F, 0x1C, 0x73, 0x8E, 0x70, 0x0F, 0x80, 0xFC, 0x0F, 0xC0, 0xFC, 0x07,
    0x98, 0x77, 0x0E, 0x71, 0xCF, 0xF0, 0x00, 0x00, 0x61, 0x3B, 0x8F, 0x83, 0x80, 0x83, 0xF9, 0x8C,
    0xC6, 0x78, 0x3F, 0x0F, 0xC0, 0xF6, 0x3F, 0x19, 0xF8, 0x00, 0xFF, 0xF7, 0xFF, 0xB3, 0xCD, 0x9E,
    0x60, 0xF1, 0x07, 0x80, 0x3C, 0x01, 0xE0, 0x0F, 0x00, 0x78, 0x03, 0xC0, 0x1E, 0x00, 0xF0, 0x0F,
    0xE0, 0x18, 0x00, 0xE0, 0x03, 0x80, 0x78, 0x03, 0x80, 0x10, 0x18, 0x38, 0xFE, 0x78, 0x38, 0x38,
    0x38, 0x38, 0x38, 0x38, 0x3E, 0x3E, 0x1C, 0x1E, 0x06, 0x3E, 0x18, 0x10, 0x80, 0xCC, 0x03, 0xC0,
    0x0E, 0x0F, 0xFF, 0x7F, 0xFB, 0x3C, 0xD9, 0xE6, 0x0F, 0x10, 0x78, 0x03, 0xC0, 0x1E, 0x00, 0xF0,
    0x07, 0x80, 0x3C, 0x01, 0xE0, 0x0F, 0x00, 0xFE, 0x00, 0x01, 0x01, 0xC6, 0xC3, 0x43, 0x87, 0xF1,
    0xE0, 0x70, 0x38, 0x1C, 0x0E, 0x07, 0x03, 0x81, 0xF0, 0xF8, 0x00, 0xFF, 0xF7, 0xFF, 0xB3, 0xCD,
    0x9E, 0x60, 0xF1, 0x07, 0x80, 0x3C, 0x07, 0xFC, 0x0F, 0x00, 0x78, 0x03, 0xC0, 0x1E, 0x00, 0xF0,
    0x0F, 0xE0, 0x10, 0x18, 0x38, 0xFE, 0x78, 0x38, 0x7C, 0xFE, 0x38, 0x38, 0x38, 0x3E, 0x3E, 0x00,
    0x02, 0x00, 0x3F, 0x80, 0xFE, 0x02, 0x30, 0xFE, 0x7F, 0xF9, 0xF3, 0x83, 0x0E, 0x0C, 0x38, 0x30,
    0xE0, 0xC3, 0x83, 0x0E, 0x0C, 0x38, 0x30, 0xE0, 0xC3, 0x83, 0x0F, 0x0C, 0x1E, 0x70, 0x3F, 0x80,
    0x00, 0x00, 0x08, 0x00, 0xF6, 0x0F, 0xF0, 0x27, 0x00, 0x00, 0x7D, 0xF1, 0xE7, 0x87, 0x1C, 0x38,
    0xE1, 0xC7, 0x0E, 0x38, 0x73, 0xC3, 0x9E, 0x1F, 0xF0, 0xFB, 0xC0, 0x00, 0x07, 0xC0, 0x1F, 0x0F,
    0xE7, 0xFF, 0x9F, 0x38, 0x30, 0xE0, 0xC3, 0x83, 0x0E, 0x0C, 0x38, 0x30, 0xE0, 0xC3, 0x83, 0x0E,
    0x0C, 0x38, 0x30, 0xF0, 0xC1, 0xE7, 0x03, 0xF8, 0x00, 0x00, 0x1F, 0x80, 0xFC, 0x00, 0x01, 0xF7,
    0xC7, 0x9E, 0x1C, 0x70, 0xE3, 0x87, 0x1C, 0x38, 0xE1, 0xCF, 0x0E, 0x78, 0x7F, 0xC3, 0xEF, 0x00,
    0x00, 0x00, 0x40, 0x33, 0x00, 0x7C, 0x00, 0xE0, 0xFE, 0x7F, 0xF9, 0xF3, 0x83, 0x0E, 0x0C, 0x38,
    0x30, 0xE0, 0xC3, 0x83, 0x0E, 0x0C, 0x38, 0x30, 0xE0, 0xC3, 0x83, 0x0F, 0x0C, 0x1E, 0x70, 0x3F,
    0x80, 0x00, 0x00, 0x10, 0x80, 0xCC, 0x07, 0xE0, 0x0E, 0x00, 0x00, 0x7D, 0xF1, 0xE7, 0x87, 0x1C,
    0x38, 0xE1, 0xC7, 0x0E, 0x38, 0x73, 0xC3, 0x9E, 0x1F, 0xF0, 0xFB, 0xC0, 0x00, 0x00, 0x00, 0x1E,
    0x00, 0x4C, 0x01, 0xF0, 0x07, 0x83, 0xF9, 0xFF, 0xE7, 0xCE, 0x0C, 0x38, 0x30, 0xE0, 0xC3, 0x83,
    0x0E, 0x0C, 0x38, 0x30, 0xE0, 0xC3, 0x83, 0x0E, 0x0C, 0x3C, 0x30, 0x79, 0xC0, 0xFE, 0x00, 0x00,
    0x00, 0x00, 0x78, 0x02, 0x40, 0x1E, 0x00, 0xF0, 0x00, 0x03, 0xEF, 0x8F, 0x3C, 0x38, 0xE1, 0xC7,
    0x0E, 0x38, 0x71, 0xC3, 0x9E, 0x1C, 0xF0, 0xFF, 0x87, 0xDE, 0x00, 0x00, 0x03, 0x30, 0x1D, 0xC0,
    0x6E, 0x01, 0x30, 0xFE, 0x7F, 0xF9, 0xF3, 0x83, 0x0E, 0x0C, 0x38, 0x30, 0xE0, 0xC3, 0x83, 0x0E,
    0x0C, 0x38, 0x30, 0xE0, 0xC3, 0x83, 0x0F, 0x0C, 0x1E, 0x70, 0x3F, 0x80, 0x00, 0x00, 0x06, 0xC0,
    0x76, 0x07, 0x70, 0x32, 0x00, 0x00, 0x7D, 0xF1, 0xE7, 0x87, 0x1C, 0x38, 0xE1, 0xC7, 0x0E, 0x38,
    0x73, 0xC3, 0x9E, 0x1F, 0xF0, 0xFB, 0xC0, 0x00, 0x7E, 0x7F, 0xF9, 0xF3, 0xC3, 0x0E, 0x0C, 0x38,
    0x30, 0xE0, 0xC3, 0x83, 0x0E, 0x0C, 0x38, 0x30, 0xE0, 0xC3, 0x83, 0x0F, 0x0C, 0x1E, 0x70, 0x3F,
    0x80, 0x38, 0x01, 0xC0, 0x07, 0x00, 0x1F, 0x00, 0x18, 0x00, 0x00, 0x07, 0xDF, 0x1E, 0x78, 0x71,
    0xC3, 0x8E, 0x1C, 0x70, 0xE3, 0x87, 0x3C, 0x39, 0xE1, 0xFF, 0x0F, 0xBC, 0x03, 0x00, 0x30, 0x01,
    0x80, 0x0F, 0x80, 0x38, 0x00, 0x70, 0x00, 0x07, 0x80, 0x00, 0xD8, 0x00, 0x18, 0xC0, 0xFC, 0x21,
    0xFF, 0xC7, 0x1F, 0x78, 0x70, 0xE3, 0x87, 0x8C, 0x38, 0x78, 0xC3, 0xCF, 0x8C, 0x3C, 0xFC, 0xC1,
    0xCD, 0xD8, 0x1F, 0x9D, 0x81, 0xF9, 0xF8, 0x0F, 0x8F, 0x00, 0xF0, 0xF0, 0x0F, 0x0F, 0x00, 0x70,
    0x70, 0x00, 0xE0, 0x00, 0x3C, 0x00, 0x1B, 0x00, 0x0C, 0x60, 0x00, 0x00, 0x1F, 0x99, 0xE3, 0x8E,
    0x30, 0xE3, 0x8C, 0x1C, 0xF2, 0x07, 0x7D, 0x81, 0xDF, 0x60, 0x7C, 0xF0, 0x0F, 0x3C, 0x03, 0xCF,
    0x00, 0xE1, 0x80, 0x07, 0x00, 0x1E, 0x00, 0xD8, 0x06, 0x30, 0xFC, 0xFB, 0xF3, 0xE7, 0x87, 0x0E,
    0x18, 0x3C, 0x60, 0x73, 0x01, 0xEC, 0x03, 0xE0, 0x0F, 0x80, 0x1C, 0x00, 0x70, 0x01, 0xC0, 0x07,
    0x80, 0x7F, 0x00, 0x0E, 0x03, 0xE0, 0x6C, 0x18, 0xC0, 0x01, 0xFB, 0xDE, 0x33, 0xC6, 0x39, 0x87,
    0x30, 0x74, 0x0F, 0x81, 0xF0, 0x1C, 0x03, 0x80, 0x70, 0x0C, 0x03, 0x83, 0xE0, 0x20, 0x00, 0x00,
    0x00, 0x77, 0x01, 0xDC, 0x02, 0x20, 0xFC, 0xFB, 0xF3, 0xE7, 0x87, 0x0E, 0x18, 0x3C, 0x60, 0x73,
    0x01, 0xEC, 0x03, 0xE0, 0x0F, 0x80, 0x1C, 0x00, 0x70, 0x01, 0xC0, 0x07, 0x80, 0x7F, 0x00, 0x01,
    0x80, 0x38, 0x07, 0x00, 0x60, 0x7F, 0xE7, 0xFE, 0x61, 0xE6, 0x3C, 0x43, 0xC0, 0x78, 0x07, 0x00,
    0xF0, 0x1E, 0x01, 0xE0, 0x3C, 0x37, 0x83, 0x78, 0x77, 0xFF, 0x03, 0x01, 0xC0, 0xE0, 0x30, 0x00,
    0x1F, 0xE6, 0x79, 0x1C, 0x0F, 0x07, 0x81, 0xC0, 0xE2, 0x78, 0xDF, 0xFF, 0xFC, 0x02, 0x00, 0x70,
    0x07, 0x00, 0x00, 0x7F, 0xE7, 0xFE, 0x61, 0xE6, 0x3C, 0x43, 0xC0, 0x78, 0x07, 0x00, 0xF0, 0x1E,
    0x01, 0xE0, 0x3C, 0x37, 0x83, 0x78, 0x77, 0xFF, 0x0C, 0x03, 0x80, 0xE0, 0x00, 0x00, 0x1F, 0xE6,
    0x79, 0x1C, 0x0F, 0x07, 0x81, 0xC0, 0xE2, 0x78, 0xDF, 0xFF, 0xFC, 0x10, 0xC1, 0xDC, 0x0F, 0x80,
    0x70, 0x7F, 0xE7, 0xFE, 0x61, 0xE6, 0x3C, 0x43, 0xC0, 0x78, 0x07, 0x00, 0xF0, 0x1E, 0x01, 0xE0,
    0x3C, 0x37, 0x83, 0x78, 0x77, 0xFF, 0x21, 0x0E, 0xC1, 0xE0, 0x38, 0x00, 0x1F, 0xE6, 0x79, 0x1C,
    0x0F, 0x07, 0x81, 0xC0, 0xE2, 0x78, 0xDF, 0xFF, 0xFC, 0x0E, 0x0F, 0xCE, 0xE7, 0x03, 0x81, 0xC0,
    0xE0, 0x70, 0x38, 0x1C, 0x0E, 0x07, 0x03, 0x83, 0xC3, 0xF8, 0x00, 0x04, 0x1F, 0x1C, 0xFF, 0x3B,
    0xC7, 0x37, 0x07, 0xDE, 0x0F, 0x3C, 0x1E, 0x70, 0x3C, 0xE0, 0x79, 0xC0, 0xF3, 0xC1, 0xE7, 0x83,
    0x87, 0x07, 0x07, 0x3C, 0x07, 0xF0, 0x00, 0x00, 0x00, 0x30, 0x21, 0xCF, 0xEE, 0xF3, 0xE7, 0x1E,
    0x38, 0xF1, 0xC7, 0x8E, 0x3C, 0x71, 0xE3, 0x8E, 0x0E, 0x70, 0x3F, 0x00, 0x00, 0x00, 0x00, 0x02,
    0xFE, 0x77, 0xFE, 0x77, 0x38, 0x33, 0x38, 0x3E, 0x38, 0x3C, 0x38, 0x30, 0x38, 0x30, 0x38, 0x30,
    0x38, 0x30, 0x38, 0x30, 0x38, 0x30, 0x3C, 0x30, 0x1E, 0x70, 0x0F, 0xE0, 0x00, 0x00, 0x00, 0x0C,
    0x00, 0x1F, 0xEF, 0xBB, 0xCF, 0x63, 0x8F, 0x87, 0x1C, 0x0E, 0x38, 0x1C, 0x70, 0x39, 0xE0, 0x73,
    0xC0, 0xFF, 0x80, 0xF7, 0x80, 0x00, 0x00, 0x00, 0x00, 0x21, 0x00, 0x00, 0x06, 0x60, 0x00, 0x00,
    0x78, 0x00, 0x00, 0x0E, 0x07, 0xF0, 0x0F, 0xF9, 0xFF, 0xC3, 0xFF, 0x8E, 0x3C, 0x61, 0xE1, 0xC3,
    0xCC, 0x3C, 0x38, 0x38, 0x8F, 0x07, 0x07, 0x01, 0xC0, 0xE0, 0xF0, 0x78, 0x1C, 0x1E, 0x1E, 0x03,
    0x83, 0x83, 0xC0, 0x70, 0x70, 0xF0, 0x0E, 0x1E, 0x3C, 0x31, 0xC3, 0x87, 0x86, 0x3D, 0xF1, 0xE1,
    0xDF, 0xF8, 0x3F, 0xF8, 0x00, 0x00, 0xC2, 0x7F, 0x00, 0xEE, 0xFF, 0xE0, 0x7C, 0x38, 0xF0, 0x38,
    0x38, 0x78, 0x00, 0x38, 0x39, 0xFF, 0x38, 0x39, 0xDE, 0x38, 0x3D, 0x9E, 0x38, 0x3C, 0x3C, 0x38,
    0x38, 0x38, 0x38, 0x38, 0x70, 0x38, 0x78, 0xF1, 0x38, 0x70, 0xE3, 0x3D, 0xF1, 0xFF, 0xFF, 0xC3,
    0xFF, 0x03, 0xC2, 0x10, 0x0F, 0x8E, 0xC0, 0x1E, 0x1E, 0x00, 0x78, 0x38, 0x09, 0xE0, 0x00, 0xFF,
    0x9F, 0xF7, 0xBE, 0x67, 0x9C, 0x79, 0x9C, 0x71, 0xE0, 0xF1, 0xC7, 0x83, 0x87, 0x1E, 0x1C, 0x1C,
    0x78, 0xF0, 0x71, 0xE7, 0x8D, 0xFF, 0x9F, 0xF3, 0xEF, 0xFF, 0xC0, 0x00, 0x00, 0x7E, 0x07, 0xEF,
    0xE0, 0x7E, 0x3C, 0x03, 0xC3, 0xC0, 0x3C, 0x3C, 0x03, 0xC3, 0xC0, 0x3C, 0x3C, 0x03, 0xC3, 0xC0,
    0x3C, 0x3C, 0x03, 0xC3, 0xC0, 0x3C, 0x3C, 0x33, 0xC3, 0xC3, 0x3C, 0x3C, 0x73, 0xCF, 0xFF, 0x3C,
    0x00, 0x03, 0xC0, 0x00, 0x3C, 0x00, 0x03, 0x80, 0x00, 0xF0, 0x00, 0x0C, 0x00, 0x00, 0x01, 0x1F,
    0x80, 0xEF, 0xE0, 0x38, 0xF0, 0x00, 0x3C, 0x00, 0x0F, 0x03, 0xE3, 0xC0, 0x38, 0xF0, 0x0E, 0x3C,
    0x03, 0x8F, 0x00, 0xE3, 0xC0, 0x38, 0xF0, 0xCE, 0x3C, 0x33, 0x8F, 0x1C, 0xEF, 0xFF, 0x38, 0x00,
    0x0E, 0x00, 0x03, 0x80, 0x01, 0xE0, 0x00, 0xF0, 0x00, 0x30, 0x70, 0x6F, 0x8F, 0x38, 0xF3, 0x80,
    0x38, 0x03, 0x9F, 0x38, 0xF3, 0x8F, 0x38, 0xF3, 0x8F, 0x38, 0xF3, 0x8F, 0x38, 0xF7, 0x8F, 0xFE,
    0xF0, 0x0F, 0x00, 0xE0, 0x0E, 0x03, 0xC0, 0x38, 0x78, 0x3D, 0xFF, 0xF1, 0xFF, 0xF3, 0xC1, 0x87,
    0x0F, 0x86, 0x1C, 0x3F, 0x18, 0x70, 0xDC, 0x61, 0xC3, 0x79, 0x87, 0x0C, 0xF6, 0x1C, 0x31, 0xF8,
    0x70, 0xC3, 0xE1, 0xC3, 0x0F, 0x87, 0x0C, 0x1E, 0x1C, 0x30, 0x38, 0x73, 0xF0, 0xE1, 0xC0, 0x00,
    0x07, 0x00, 0x00, 0x1C, 0x00, 0x00, 0xF0, 0x00, 0x0F, 0x80, 0x00, 0x38, 0x00, 0x00, 0x00, 0x67,
    0x83, 0xCF, 0xFC, 0x7E, 0xF3, 0xC1, 0x80, 0x3E, 0x18, 0x03, 0xF1, 0x9F, 0x37, 0x18, 0xF3, 0x79,
    0x8F, 0x33, 0xD8, 0xF3, 0x1F, 0x8F, 0x30, 0xF8, 0xF3, 0x0F, 0x8F, 0x30, 0x78, 0xF3, 0x03, 0x8F,
    0xFC, 0x38, 0xF0, 0x00, 0x0F, 0x00, 0x00, 0xF0, 0x00, 0x0E, 0x00, 0x03, 0xE0, 0x00, 0x38, 0x00,
    0x01, 0x80, 0x00, 0xF0, 0x00, 0x38, 0x00, 0x00, 0x01, 0x00, 0x3F, 0xF1, 0xE7, 0xFE, 0x38, 0xE7,
    0x8E, 0x38, 0xE3, 0x8E, 0x38, 0xE3, 0x8E, 0x38, 0xE3, 0x8E, 0x38, 0xE3, 0x9E, 0x38, 0xEF, 0xCF,
    0x38, 0x00, 0x0E, 0x00, 0x03, 0x80, 0x00, 0xE0, 0x00, 0xF0, 0x00, 0x30, 0x08, 0x40, 0x19, 0x80,
    0x1E, 0x00, 0x1C, 0x00, 0x30, 0x00, 0xF0, 0x01, 0xE0, 0x03, 0xE0, 0x0D, 0xC0, 0x1B, 0x80, 0x67,
    0x80, 0xC7, 0x01, 0xFF, 0x07, 0xFE, 0x0C, 0x1C, 0x18, 0x3C, 0x70, 0x79, 0xF1, 0xF8, 0x30, 0x87,
    0x70, 0x7C, 0x07, 0x00, 0x40, 0x7F, 0x1E, 0xE1, 0x9E, 0x03, 0xC7, 0xF9, 0xEF, 0x39, 0xE7, 0x3C,
    0xFF, 0x9F, 0x78, 0x00, 0x42, 0x6E, 0x7C, 0x38, 0x7E, 0xFE, 0x3C, 0x3C, 0x3C, 0x3C, 0x3C, 0x3C,
    0x3C, 0x3C, 0x3C, 0x3C, 0x3C, 0xFE, 0x42, 0x66, 0x3C, 0x38, 0x00, 0x7C, 0x3C, 0x1C, 0x1C, 0x1C,
    0x1C, 0x1C, 0x1C, 0x3C, 0x7F, 0x10, 0xC0, 0xEC, 0x03, 0xE0, 0x0E, 0x00, 0xF8, 0x1F, 0xF1, 0xE3,
    0xCE, 0x0E, 0xF0, 0x7F, 0x83, 0xF8, 0x1F, 0xC0, 0xFE, 0x07, 0xF8, 0x3F, 0xC1, 0xCE, 0x0E, 0x39,
    0xE0, 0xFE, 0x00, 0x00, 0x10, 0x83, 0x70, 0x7C, 0x07, 0x00, 0x40, 0x7F, 0x1E, 0x73, 0x8E, 0x71,
    0xEE, 0x3D, 0xC7, 0xB8, 0xF7, 0x1C, 0x73, 0x87, 0xE0, 0x00, 0x0C, 0x20, 0x3B, 0x80, 0x7C, 0x00,
    0xE0, 0xFE, 0x7F, 0xF9, 0xF3, 0x83, 0x0E, 0x0C, 0x38, 0x30, 0xE0, 0xC3, 0x83, 0x0E, 0x0C, 0x38,
    0x30, 0xE0, 0xC3, 0x83, 0x0F, 0x0C, 0x1E, 0x70, 0x3F, 0x80, 0x00, 0x00, 0x10, 0x80, 0xDC, 0x03,
    0xC0, 0x1C, 0x00, 0x00, 0x7D, 0xF1, 0xE7, 0x87, 0x1C, 0x38, 0xE1, 0xC7, 0x0E, 0x38, 0x73, 0xC3,
    0x9E, 0x1F, 0xF0, 0xFB, 0xC0, 0x00, 0x00, 0x00, 0x1F, 0x00, 0x7C, 0x03, 0xB8, 0x0E, 0xE0, 0x11,
    0x0F, 0xE7, 0xFF, 0x9F, 0x38, 0x30, 0xE0, 0xC3, 0x83, 0x0E, 0x0C, 0x38, 0x30, 0xE0, 0xC3, 0x83,
    0x0E, 0x0C, 0x38, 0x30, 0xF0, 0xC1, 0xE7, 0x03, 0xF8, 0x00, 0x00, 0x1F, 0x80, 0xFC, 0x06, 0x60,
    0x33, 0x01, 0x98, 0x00, 0x03, 0xEF, 0x8F, 0x3C, 0x38, 0xE1, 0xC7, 0x0E, 0x38, 0x71, 0xC3, 0x9E,
    0x1C, 0xF0, 0xFF, 0x87, 0xDE, 0x00, 0x00, 0x00, 0xE0, 0x07, 0x00, 0x18, 0x03, 0xB8, 0x0E, 0xE0,
    0x11, 0x0F, 0xE7, 0xFF, 0x9F, 0x38, 0x30, 0xE0, 0xC3, 0x83, 0x0E, 0x0C, 0x38, 0x30, 0xE0, 0xC3,
    0x83, 0x0E, 0x0C, 0x38, 0x30, 0xF0, 0xC1, 0xE7, 0x03, 0xF8, 0x00, 0x00, 0x03, 0x80, 0x1C, 0x01,
    0x80, 0x33, 0x01, 0x98, 0x0C, 0xC0, 0x00, 0x1F, 0x7C, 0x79, 0xE1, 0xC7, 0x0E, 0x38, 0x71, 0xC3,
    0x8E, 0x1C, 0xF0, 0xE7, 0x87, 0xFC, 0x3E, 0xF0, 0x00, 0x00, 0x0E, 0xC0, 0x1F, 0x00, 0x38, 0x03,
    0xB8, 0x0E, 0xE0, 0x11, 0x0F, 0xE7, 0xFF, 0x9F, 0x38, 0x30, 0xE0, 0xC3, 0x83, 0x0E, 0x0C, 0x38,
    0x30, 0xE0, 0xC3, 0x83, 0x0E, 0x0C, 0x38, 0x30, 0xF0, 0xC1, 0xE7, 0x03, 0xF8, 0x00, 0x00, 0x19,
    0x80, 0x78, 0x03, 0xC0, 0x33, 0x01, 0x98, 0x0C, 0xC0, 0x00, 0x1F, 0x7C, 0x79, 0xE1, 0xC7, 0x0E,
    0x38, 0x71, 0xC3, 0x8E, 0x1C, 0xF0, 0xE7, 0x87, 0xFC, 0x3E, 0xF0, 0x00, 0x00, 0x0E, 0x00, 0x1C,
    0x00, 0x30, 0x03, 0xB8, 0x0E, 0xE0, 0x11, 0x0F, 0xE7, 0xFF, 0x9F, 0x38, 0x30, 0xE0, 0xC3, 0x83,
    0x0E, 0x0C, 0x38, 0x30, 0xE0, 0xC3, 0x83, 0x0E, 0x0C, 0x38, 0x30, 0xF0, 0xC1, 0xE7, 0x03, 0xF8,
    0x00, 0x00, 0x18, 0x00, 0xE0, 0x03, 0x80, 0x33, 0x01, 0x98, 0x0C, 0xC0, 0x00, 0x1F, 0x7C, 0x79,
    0xE1, 0xC7, 0x0E, 0x38, 0x71, 0xC3, 0x8E, 0x1C, 0xF0, 0xE7, 0x87, 0xFC, 0x3E, 0xF0, 0x00, 0x00,
    0x0C, 0x0F, 0xC6, 0x79, 0x0F, 0x01, 0xDF, 0xF7, 0xFD, 0xC7, 0x73, 0xDE, 0xE3, 0xF0, 0x00, 0x00,
    0x00, 0x1F, 0x80, 0x1F, 0x00, 0x66, 0x00, 0xEC, 0x00, 0x88, 0x00, 0xC0, 0x03, 0xC0, 0x07, 0x80,
    0x0F, 0x80, 0x37, 0x00, 0x6E, 0x01, 0x9E, 0x03, 0x1C, 0x07, 0xFC, 0x1F, 0xF8, 0x30, 0x70, 0x60,
    0xF1, 0xC1, 0xE7, 0xC7, 0xE0, 0x1F, 0x83, 0xE0, 0x6E, 0x1D, 0xC1, 0x10, 0x08, 0x0F, 0xE3, 0xDC,
    0x33, 0xC0, 0x78, 0xFF, 0x3D, 0xE7, 0x3C, 0xE7, 0x9F, 0xF3, 0xEF, 0x00, 0x00, 0x00, 0x00, 0x1F,
    0x80, 0x1F, 0x00, 0x18, 0x00, 0x78, 0x00, 0x60, 0x00, 0xC0, 0x03, 0xC0, 0x07, 0x80, 0x0F, 0x80,
    0x37, 0x00, 0x6E, 0x01, 0x9E, 0x03, 0x1C, 0x07, 0xFC, 0x1F, 0xF8, 0x30, 0x70, 0x60, 0xF1, 0xC1,
    0xE7, 0xC7, 0xE0, 0x1F, 0x03, 0xE0, 0x38, 0x07, 0x00, 0xE0, 0x08, 0x0F, 0xE3, 0xDC, 0x33, 0xC0,
    0x78, 0xFF, 0x3D, 0xE7, 0x3C, 0xE7, 0x9F, 0xF3, 0xEF, 0x00, 0x00, 0x00, 0x7E, 0x00, 0x0F, 0xC0,
    0x0F, 0xFE, 0x01, 0xFF, 0xE0, 0x3F, 0x0C, 0x07, 0xE1, 0x81, 0xBC, 0x00, 0x37, 0x80, 0x0C, 0xFF,
    0x01, 0x9F, 0xE0, 0x7F, 0xC0, 0x0F, 0xF8, 0x03, 0x0F, 0x04, 0x61, 0xE1, 0x9C, 0x3C, 0x37, 0xCF,
    0xFE, 0x03, 0xF0, 0x03, 0xF0, 0x04, 0x10, 0x3F, 0xFC, 0x7B, 0xCE, 0x33, 0xCF, 0x03, 0xCF, 0x3F,
    0xFF, 0x7B, 0xC0, 0x73, 0xC0, 0x73, 0xC2, 0x7F, 0xFE, 0x7E, 0xFE, 0x00, 0x00, 0x07, 0xC1, 0xFF,
    0x1E, 0x1C, 0xE0, 0xEF, 0x00, 0x78, 0x03, 0x80, 0x1C, 0x3F, 0xF1, 0xFF, 0x87, 0xBC, 0xFE, 0xE1,
    0xE3, 0xCF, 0x0F, 0xF0, 0x00, 0x00, 0x0C, 0xC7, 0xFD, 0xCF, 0x39, 0xC7, 0x38, 0xE7, 0x0F, 0xC1,
    0xE0, 0x70, 0x0F, 0xF0, 0xFF, 0x7F, 0xEE, 0xFF, 0xCF, 0xBF, 0xE1, 0xF0, 0x08, 0x40, 0x66, 0x01,
    0xE0, 0x0E, 0x00, 0x7C, 0x1F, 0xF1, 0xE1, 0xCE, 0x0E, 0xF0, 0x07, 0x80, 0x38, 0x01, 0xC3, 0xEF,
    0x1F, 0xF8, 0x7B, 0xC3, 0xCE, 0x1E, 0x3C, 0xF0, 0xFF, 0x00, 0x00, 0x21, 0x06, 0xE0, 0x78, 0x0E,
    0x00, 0xCC, 0x7F, 0xDC, 0xF3, 0x9C, 0x73, 0x8E, 0x70, 0xFC, 0x1E, 0x07, 0x00, 0xFF, 0x0F, 0xF7,
    0xFE, 0xE1, 0xDC, 0x3B, 0xFE, 0x1E, 0x00, 0x08, 0x40, 0x3B, 0x00, 0x7C, 0x00, 0xE0, 0x7E, 0xFB,
    0xFB, 0xE3, 0xC7, 0x0E, 0x38, 0x39, 0xC0, 0xE6, 0x03, 0xF8, 0x0F, 0xE0, 0x3F, 0xC0, 0xE7, 0x83,
    0x9E, 0x0E, 0x3C, 0x3C, 0xFB, 0xF9, 0xF0, 0x10, 0x81, 0xD8, 0x0F, 0x80, 0x70, 0x70, 0x0F, 0x80,
    0x38, 0x03, 0x80, 0x38, 0x03, 0xBE, 0x39, 0xC3, 0x98, 0x3B, 0x03, 0xF0, 0x3F, 0x83, 0xBC, 0x39,
    0xC7, 0x9E, 0xFE, 0xF0, 0x0F, 0x81, 0xFF, 0x1E, 0x3C, 0xE0, 0xEF, 0x07, 0xF8, 0x3F, 0x81, 0xFC,
    0x0F, 0xE0, 0x7F, 0x83, 0xFC, 0x1C, 0xE0, 0xE3, 0x9E, 0x0F, 0xE0, 0x18, 0x01, 0x80, 0x0C, 0x00,
    0x7C, 0x01, 0xC0, 0x04, 0x07, 0xF1, 0xE7, 0x38, 0xE7, 0x1E, 0xE3, 0xDC, 0x7B, 0x8F, 0x71, 0xC7,
    0x38, 0x7E, 0x07, 0x01, 0xC0, 0x38, 0x07, 0xC0, 0x30, 0x1F, 0x80, 0xFC, 0x03, 0xE0, 0x7F, 0xC7,
    0x8F, 0x38, 0x3B, 0xC1, 0xFE, 0x0F, 0xE0, 0x7F, 0x03, 0xF8, 0x1F, 0xE0, 0xFF, 0x07, 0x38, 0x38,
    0xE7, 0x83, 0xF8, 0x06, 0x00, 0x60, 0x03, 0x00, 0x1F, 0x00, 0x70, 0x00, 0x1F, 0x83, 0xF0, 0x10,
    0x1F, 0xC7, 0x9C, 0xE3, 0x9C, 0x7B, 0x8F, 0x71, 0xEE, 0x3D, 0xC7, 0x1C, 0xE1, 0xF8, 0x1C, 0x07,
    0x00, 0xE0, 0x1F, 0x00, 0xC0, 0x10, 0x83, 0x70, 0x3C, 0x07, 0x03, 0xFC, 0xFF, 0x9F, 0xF3, 0x0C,
    0x23, 0x00, 0xC0, 0x3E, 0x07, 0xE0, 0x1E, 0x01, 0xD8, 0x3F, 0x07, 0x71, 0xC7, 0xF0, 0x00, 0x00,
    0x21, 0x0C, 0xC1, 0xE0, 0x38, 0x00, 0x1F, 0xF7, 0xF9, 0x8E, 0x47, 0x01, 0x80, 0xC0, 0x7C, 0x07,
    0x80, 0xF0, 0x1C, 0x07, 0xE3, 0xF8, 0xE7, 0xF0, 0xF0, 0x42, 0x66, 0x3C, 0x38, 0x00, 0x7C, 0x3C,
    0x1C, 0x1C, 0x1C, 0x1C, 0x1C, 0x1C, 0x1C, 0x1C, 0x1C, 0x3C, 0x38, 0x78, 0x60, 0x7F, 0x00, 0xFF,
    0x9F, 0xFC, 0x3F, 0xF8, 0xE3, 0xC6, 0x1E, 0x1C, 0x3C, 0xC3, 0xC3, 0x83, 0x88, 0xF0, 0x70, 0x70,
    0x1C, 0x0E, 0x0F, 0x07, 0x81, 0xC1, 0xE1, 0xE0, 0x38, 0x38, 0x3C, 0x07, 0x07, 0x0F, 0x00, 0xE1,
    0xE3, 0xC3, 0x1C, 0x38, 0x78, 0x63, 0xDF, 0x1E, 0x1D, 0xFF, 0x83, 0xFF, 0x80, 0x7F, 0x00, 0x00,
    0xFF, 0xE0, 0x00, 0x38, 0xF0, 0x00, 0x38, 0x78, 0x00, 0x38, 0x39, 0xFF, 0x38, 0x39, 0xDE, 0x38,
    0x3D, 0x9E, 0x38, 0x3C, 0x3C, 0x38, 0x38, 0x38, 0x38, 0x38, 0x70, 0x38, 0x78, 0xF1, 0x38, 0x70,
    0xE3, 0x3D, 0xF1, 0xFF, 0xFF, 0xC3, 0xFF, 0x03, 0xC0, 0x00, 0x0F, 0x80, 0x00, 0x1E, 0x00, 0x00,
    0x78, 0x00, 0x09, 0xE0, 0x00, 0xFF, 0x9F, 0xF7, 0xBE, 0x67, 0x9C, 0x79, 0x9C, 0x71, 0xE0, 0xF1,
    0xC7, 0x83, 0x87, 0x1E, 0x1C, 0x1C, 0x78, 0xF0, 0x71, 0xE7, 0x8D, 0xFF, 0x9F, 0xF3, 0xEF, 0xFF,
    0xC0, 0x00, 0x00, 0x01, 0x80, 0x1C, 0x01, 0xC0, 0x0C, 0x00, 0x7C, 0x1F, 0xF1, 0xE1, 0xCE, 0x0E,
    0xF0, 0x07, 0x80, 0x38, 0x01, 0xC3, 0xEF, 0x1F, 0xF8, 0x7B, 0xC3, 0xCE, 0x1E, 0x3C, 0xF0, 0xFF,
    0x00, 0x00, 0x07, 0x01, 0xE0, 0x38, 0x0C, 0x00, 0xCC, 0x7F, 0xDC, 0xF3, 0x9C, 0x73, 0x8E, 0x70,
    0xFC, 0x1E, 0x07, 0x00, 0xFF, 0x0F, 0xF7, 0xFE, 0xE1, 0xDC, 0x3B, 0xFE, 0x1E, 0x00, 0x7E, 0xFE,
    0x03, 0xFB, 0xF8, 0x03, 0xC3, 0x80, 0x0E, 0x0E, 0x00, 0x38, 0x38, 0x00, 0xE0, 0xE0, 0x03, 0xFF,
    0x9F, 0x8F, 0xFE, 0x7E, 0x38, 0x38, 0xF0, 0xE0, 0xE3, 0xC3, 0x83, 0x8F, 0x0E, 0x0E, 0x3C, 0x3C,
    0x3C, 0xE3, 0xF8, 0x7F, 0x00, 0x00, 0x00, 0x00, 0x73, 0xC7, 0xFF, 0x8F, 0x1C, 0x78, 0xF3, 0x87,
    0x9C, 0x1C, 0xE1, 0xE7, 0x0F, 0x38, 0x71, 0xC3, 0x8E, 0x38, 0x73, 0xC3, 0xF8, 0x1F, 0x80, 0xE0,
    0x07, 0x00, 0x38, 0x07, 0xE0, 0x3F, 0x00, 0x0E, 0x00, 0x0E, 0x00, 0x0E, 0x00, 0x0C, 0x07, 0x83,
    0xDF, 0x8F, 0xCF, 0x06, 0x1F, 0x0C, 0x3F, 0x18, 0x6E, 0x30, 0xDE, 0x61, 0x9E, 0xC3, 0x1F, 0x86,
    0x1F, 0x0C, 0x3E, 0x18, 0x3C, 0x30, 0x39, 0xF8, 0x70, 0x1C, 0x00, 0xF0, 0x01, 0xC0, 0x06, 0x00,
    0x10, 0x7F, 0xE1, 0xFF, 0x87, 0x3C, 0x38, 0xE1, 0xC7, 0x0E, 0x38, 0x71, 0xC3, 0x8E, 0x3C, 0x73,
    0xF3, 0xC0, 0x01, 0xE0, 0x07, 0x00, 0x0C, 0x00, 0x3C, 0x00, 0x4C, 0x00, 0xD8, 0x01, 0xE0, 0x03,
    0xC0, 0x07, 0xC0, 0x1B, 0x80, 0x37, 0x00, 0xCF, 0x01, 0x8E, 0x07, 0xFE, 0x0C, 0x1C, 0x18, 0x3C,
    0x70, 0x79, 0xF1, 0xF8, 0x03, 0x80, 0xE0, 0x30, 0x07, 0x81, 0xB0, 0x36, 0x03, 0xC0, 0x20, 0x3F,
    0x8F, 0x70, 0xCF, 0x01, 0xE3, 0xFC, 0xF7, 0x9C, 0xF3, 0x9E, 0x7F, 0xCF, 0xBC, 0x00, 0x00, 0x00,
    0x0E, 0x00, 0x03, 0xC0, 0x00, 0x60, 0x00, 0x18, 0x00, 0x3F, 0xF8, 0x07, 0xFF, 0x80, 0xFC, 0x30,
    0x1F, 0x86, 0x06, 0xF0, 0x00, 0xDE, 0x00, 0x33, 0xFC, 0x06, 0x7F, 0x81, 0xFF, 0x00, 0x3F, 0xE0,
    0x0C, 0x3C, 0x11, 0x87, 0x86, 0x70, 0xF0, 0xDF, 0x3F, 0xF8, 0x00, 0x70, 0x00, 0x70, 0x00, 0xE0,
    0x01, 0x80, 0x04, 0x10, 0x3F, 0xFC, 0x7B, 0xCE, 0x33, 0xCF, 0x03, 0xCF, 0x3F, 0xFF, 0x7B, 0xC0,
    0x73, 0xC0, 0x73, 0xC2, 0x7F, 0xFE, 0x7E, 0xFE, 0x00, 0x00, 0x01, 0xC0, 0x1E, 0x01, 0xC0, 0x0C,
    0x00, 0xFE, 0x1F, 0xF1, 0xE3, 0xCE, 0x1E, 0xF1, 0xFF, 0x9B, 0xF8, 0xDF, 0xCC, 0xFE, 0x67, 0xFE,
    0x3F, 0xF1, 0xCF, 0x0E, 0x39, 0xE1, 0xFE, 0x08, 0x00, 0x01, 0x80, 0x70, 0x1C, 0x03, 0x00, 0x4C,
    0x7F, 0x9E, 0x73, 0x9E, 0x73, 0xEE, 0xFD, 0xD7, 0xBE, 0xF7, 0x9C, 0x73, 0x8F, 0xE1, 0x00, 0x33,
    0x00, 0x77, 0x00, 0x76, 0x00, 0x66, 0x00, 0x30, 0x00, 0xF0, 0x01, 0xE0, 0x03, 0xE0, 0x0D, 0xC0,
    0x1B, 0x80, 0x67, 0x80, 0xC7, 0x01, 0xFF, 0x07, 0xFE, 0x0C, 0x1C, 0x18, 0x3C, 0x70, 0x79, 0xF1,
    0xF8, 0x66, 0x0E, 0xE0, 0xEC, 0x0C, 0x80, 0x40, 0x7F, 0x1E, 0xE1, 0x9E, 0x03, 0xC7, 0xF9, 0xEF,
    0x39, 0xE7, 0x3C, 0xFF, 0x9F, 0x78, 0x00, 0x01, 0x00, 0x0F, 0x00, 0x3F, 0x00, 0x62, 0x00, 0x30,
    0x00, 0xF0, 0x01, 0xE0, 0x03, 0xE0, 0x0D, 0xC0, 0x1B, 0x80, 0x67, 0x80, 0xC7, 0x01, 0xFF, 0x07,
    0xFE, 0x0C, 0x1C, 0x18, 0x3C, 0x70, 0x79, 0xF1, 0xF8, 0x04, 0x03, 0xE0, 0x7E, 0x08, 0xC0, 0x40,
    0x7F, 0x1E, 0xE1, 0x9E, 0x03, 0xC7, 0xF9, 0xEF, 0x39, 0xE7, 0x3C, 0xFF, 0x9F, 0x78, 0x00, 0x36,
    0x03, 0x70, 0x1B, 0x80, 0x98, 0x7F, 0xEF, 0xFE, 0x38, 0x63, 0x86, 0x38, 0x03, 0x80, 0x3F, 0xC3,
    0xFC, 0x38, 0x03, 0x80, 0x38, 0x33, 0x83, 0x3C, 0x7F, 0xFF, 0x66, 0x1D, 0x83, 0xB0, 0x64, 0x04,
    0x0F, 0xE3, 0xB9, 0xC7, 0x71, 0xDF, 0xF7, 0x01, 0xC0, 0x70, 0xCF, 0x71, 0xF8, 0x00, 0x02, 0x00,
    0xF0, 0x1F, 0x81, 0x88, 0x7F, 0xEF, 0xFE, 0x38, 0x63, 0x86, 0x38, 0x03, 0x80, 0x3F, 0xC3, 0xFC,
    0x38, 0x03, 0x80, 0x38, 0x33, 0x83, 0x3C, 0x7F, 0xFF, 0x04, 0x07, 0xC1, 0xF8, 0xC6, 0x04, 0x0F,
    0xE3, 0xB9, 0xC7, 0x71, 0xDF, 0xF7, 0x01, 0xC0, 0x70, 0xCF, 0x71, 0xF8, 0x00, 0x66, 0x1D, 0x83,
    0x30, 0x64, 0x1F, 0x8F, 0xE0, 0xF0, 0x3C, 0x0F, 0x03, 0xC0, 0xF0, 0x3C, 0x0F, 0x03, 0xC0, 0xF0,
    0x3C, 0x0F, 0x0F, 0xE0, 0xCC, 0x77, 0x1D, 0x86, 0x60, 0x01, 0xF0, 0x78, 0x1C, 0x0E, 0x07, 0x03,
    0x81, 0xC0, 0xE0, 0xF0, 0xFE, 0x10, 0x7C, 0x7E, 0x46, 0x7E, 0xFE, 0x3C, 0x3C, 0x3C, 0x3C, 0x3C,
    0x3C, 0x3C, 0x3C, 0x3C, 0x3C, 0x3C, 0xFE, 0x10, 0xF3, 0xF6, 0x20, 0x1F, 0x1E, 0x1C, 0x38, 0x70,
    0xE1, 0xC3, 0x8F, 0x3F, 0x80, 0x36, 0x01, 0xF8, 0x06, 0xE0, 0x1B, 0x00, 0xF8, 0x1F, 0xF1, 0xE3,
    0xCE, 0x0E, 0xF0, 0x7F, 0x83, 0xF8, 0x1F, 0xC0, 0xFE, 0x07, 0xF8, 0x3F, 0xC1, 0xCE, 0x0E, 0x39,
    0xE0, 0xFE, 0x00, 0x00, 0x66, 0x0E, 0xE0, 0xEC, 0x0C, 0xC0, 0x40, 0x7F, 0x1E, 0x73, 0x8E, 0x71,
    0xEE, 0x3D, 0xC7, 0xB8, 0xF7, 0x1C, 0x73, 0x87, 0xE0, 0x00, 0x02, 0x00, 0x7C, 0x07, 0xE0, 0x31,
    0x00, 0xF8, 0x1F, 0xF1, 0xE3, 0xCE, 0x0E, 0xF0, 0x7F, 0x83, 0xF8, 0x1F, 0xC0, 0xFE, 0x07, 0xF8,
    0x3F, 0xC1, 0xCE, 0x0E, 0x39, 0xE0, 0xFE, 0x00, 0x00, 0x04, 0x03, 0xE0, 0x7E, 0x08, 0xC0, 0x40,
    0x7F, 0x1E, 0x73, 0x8E, 0x71, 0xEE, 0x3D, 0xC7, 0xB8, 0xF7, 0x1C, 0x73, 0x87, 0xE0, 0x00, 0x36,
    0x00, 0xFC, 0x01, 0xB8, 0x03, 0x60, 0x7F, 0x03, 0xFF, 0x83, 0xCF, 0x0F, 0x3C, 0x3C, 0xF0, 0xF3,
    0xC3, 0xCE, 0x0F, 0xF0, 0x3F, 0xC0, 0xF7, 0x83, 0xDE, 0x0F, 0x3C, 0x3C, 0x7B, 0xF9, 0xF0, 0x6C,
    0x1F, 0x83, 0x70, 0x6C, 0x01, 0x3F, 0xF7, 0xFC, 0xE6, 0x38, 0x0E, 0x03, 0x80, 0xE0, 0x38, 0x1E,
    0x0F, 0xE0, 0x02, 0x00, 0x3E, 0x01, 0xF8, 0x06, 0x30, 0x7F, 0x03, 0xFF, 0x83, 0xCF, 0x0F, 0x3C,
    0x3C, 0xF0, 0xF3, 0xC3, 0xCE, 0x0F, 0xF0, 0x3F, 0xC0, 0xF7, 0x83, 0xDE, 0x0F, 0x3C, 0x3C, 0x7B,
    0xF9, 0xF0, 0x0C, 0x07, 0x83, 0xF0, 0x84, 0x01, 0x3F, 0xF7, 0xFC, 0xE6, 0x38, 0x0E, 0x03, 0x80,
    0xE0, 0x38, 0x1E, 0x0F, 0xE0, 0x1B, 0x00, 0x7E, 0x00, 0xDC, 0x01, 0xB0, 0xFE, 0x7F, 0xF9, 0xF3,
    0x83, 0x0E, 0x0C, 0x38, 0x30, 0xE0, 0xC3, 0x83, 0x0E, 0x0C, 0x38, 0x30, 0xE0, 0xC3, 0x83, 0x0F,
    0x0C, 0x1E, 0x70, 0x3F, 0x80, 0x00, 0x00, 0x66, 0x03, 0xB8, 0x0E, 0xC0, 0x33, 0x00, 0x00, 0x7D,
    0xF1, 0xE7, 0x87, 0x1C, 0x38, 0xE1, 0xC7, 0x0E, 0x38, 0x73, 0xC3, 0x9E, 0x1F, 0xF0, 0xFB, 0xC0,
    0x00, 0x01, 0x00, 0x1F, 0x00, 0x7E, 0x03, 0x18, 0xFE, 0x7F, 0xF9, 0xF3, 0x83, 0x0E, 0x0C, 0x38,
    0x30, 0xE0, 0xC3, 0x83, 0x0E, 0x0C, 0x38, 0x30, 0xE0, 0xC3, 0x83, 0x0F, 0x0C, 0x1E, 0x70, 0x3F,
    0x80, 0x00, 0x00, 0x02, 0x00, 0x7C, 0x07, 0xE0, 0x31, 0x00, 0x00, 0x7D, 0xF1, 0xE7, 0x87, 0x1C,
    0x38, 0xE1, 0xC7, 0x0E, 0x38, 0x73, 0xC3, 0x9E, 0x1F, 0xF0, 0xFB, 0xC0, 0x00, 0x0F, 0x07, 0xF1,
    0xC7, 0x38, 0xE7, 0x00, 0xF8, 0x0F, 0xC0, 0xFC, 0x0F, 0xC0, 0x79, 0x87, 0x70, 0xE7, 0x1C, 0xFF,
    0x00, 0x00, 0x60, 0x1C, 0x03, 0x00, 0x00, 0x00, 0x08, 0x3F, 0x98, 0xCC, 0x67, 0x83, 0xF0, 0xFC,
    0x0F, 0x63, 0xF1, 0x9F, 0x80, 0x01, 0xC0, 0xC0, 0x60, 0x00, 0xFF, 0xF7, 0xFF, 0xB3, 0xCD, 0x9E,
    0x60, 0xF1, 0x07, 0x80, 0x3C, 0x01, 0xE0, 0x0F, 0x00, 0x78, 0x03, 0xC0, 0x1E, 0x00, 0xF0, 0x0F,
    0xE0, 0x00, 0x00, 0xC0, 0x06, 0x00, 0x60, 0x00, 0x00, 0x10, 0x18, 0x38, 0xFE, 0x78, 0x38, 0x38,
    0x38, 0x38, 0x38, 0x38, 0x3E, 0x3E, 0x00, 0x18, 0x18, 0x30, 0x00, 0x3E, 0x3F, 0xEE, 0x3B, 0x8F,
    0x43, 0xC1, 0xE1, 0xF0, 0xFC, 0x03, 0x80, 0xF0, 0x3C, 0x0F, 0x03, 0xC1, 0xE0, 0xF3, 0xF0, 0xF0,
    0x00, 0x08, 0x1F, 0xC7, 0x39, 0x8E, 0x23, 0x81, 0xE1, 0xF0, 0x7C, 0x03, 0x80, 0xF0, 0x3C, 0x0E,
    0x07, 0x87, 0xC7, 0xC1, 0x00, 0x04, 0x20, 0x0D, 0xC0, 0x1F, 0x00, 0x1C, 0x07, 0xE7, 0xFF, 0xCF,
    0xCF, 0x0E, 0x1E, 0x1C, 0x3C, 0x38, 0x78, 0x70, 0xFF, 0xE1, 0xFF, 0xC3, 0xC3, 0x87, 0x87, 0x0F,
    0x0E, 0x1E, 0x1C, 0x3C, 0x3D, 0xFD, 0xFC, 0x10, 0x80, 0xEC, 0x03, 0xE0, 0x0E, 0x07, 0x00, 0x7C,
    0x00, 0xE0, 0x07, 0x00, 0x39, 0x01, 0xFE, 0x0F, 0xF8, 0x73, 0xC3, 0x8E, 0x1C, 0x70, 0xE3, 0x87,
    0x1C, 0x38, 0xE3, 0xC7, 0x3F, 0x3C, 0x61, 0xC3, 0x86, 0x18, 0xE7, 0x18, 0x38, 0xF9, 0xB6, 0x30,
    0x20, 0x7B, 0xFF, 0xCE, 0xFF, 0xF0, 0x7F, 0xBF, 0xF0, 0x87, 0x3F, 0xDE, 0x6F, 0xF0, 0x00, 0x66,
    0x66, 0x04, 0x77, 0xC6, 0xE6, 0x00, 0x01, 0xE4, 0x9E, 0x78, 0x37, 0x77, 0x6E, 0xCC, 0x42, 0x76,
    0x3C, 0x1C, 0x3F, 0x49, 0xE7, 0x9E, 0x6C, 0x3F, 0x0D, 0xC3, 0x60, 0x18, 0x3C, 0x18, 0x66, 0x7E,
    0x3C, 0x31, 0xEF, 0xE1, 0x07, 0x6E, 0xFF, 0x20, 0x6F, 0xF7, 0x6E, 0x00, 0x6F, 0xFE, 0x67, 0x00,
    0x6F, 0xF7, 0x6E, 0x00, 0x61, 0xC3, 0x82, 0x18, 0xE7, 0x18, 0x03, 0xF3, 0x0C, 0xFC, 0x7B, 0xE1,
    0x86, 0x18, 0x20, 0x6F, 0x77, 0xE0, 0x26, 0x46, 0x20, 0x06, 0x6F, 0x0F, 0x66, 0x06, 0xF6, 0x00,
    0x0F, 0x33, 0x3F, 0xE0, 0xCC, 0xCF, 0x70, 0x73, 0x9C, 0x00, 0x66, 0x66, 0x00, 0x31, 0xE4, 0x9E,
    0x30, 0x76, 0xC0, 0x00, 0xC3, 0x86, 0x79, 0xC0, 0x31, 0x86, 0x1E, 0x38, 0x3F, 0x00, 0x7E, 0xFF,
    0xC3, 0x00, 0xB7, 0xF4, 0x80, 0x66, 0x7E, 0x3C, 0x00, 0x3C, 0x3E, 0x66, 0x00, 0x66, 0xFC, 0xF0,
    0x00, 0x3C, 0xFD, 0x98, 0x00, 0x73, 0xFF, 0xDE, 0x00, 0x03, 0xF7, 0x80, 0x00, 0xFF, 0xFF, 0x00,
    0xFF, 0x00, 0xFF, 0x00, 0x20, 0x7B, 0xFE, 0xCE, 0x00, 0xFF, 0x7E, 0x00, 0x01, 0xFF, 0xE7, 0xFF,
    0x80, 0x02, 0x0E, 0x3C, 0x70, 0x60, 0x00, 0x02, 0x03, 0x06, 0x06, 0x0C, 0x0C, 0x0C, 0x18, 0x18,
    0x30, 0x30, 0x30, 0x60, 0x60, 0xC0, 0xC0, 0x00, 0x46, 0x26, 0x40, 0x42, 0xC3, 0xFF, 0x00, 0x00,
    0xFF, 0xC3, 0xFF, 0x7E, 0xFE, 0xD8, 0x40, 0x0F, 0x6F, 0x00, 0x26, 0x46, 0x26, 0x00, 0xFF, 0xFF,
    0xFF, 0xFF, 0xE7, 0x8C, 0x30, 0x3B, 0xD9, 0x80, 0x20, 0x7B, 0xFE, 0xCE, 0x06, 0x72, 0x40, 0x00,
    0x1C, 0xFF, 0xFB, 0x10, 0xEE, 0xF6, 0x7E, 0xFF, 0xC3, 0x00, 0x00, 0xFF, 0x00, 0xFF, 0x00, 0x49,
    0xE7, 0x9E, 0xFF, 0x33, 0x0C, 0x7F, 0xFF, 0x9E, 0x00, 0x18, 0x3C, 0x18, 0x7B, 0xFF, 0xCE, 0x18,
    0x1C, 0x00, 0x20, 0x7B, 0xFE, 0xEE, 0x7B, 0xFE, 0xCE, 0x01, 0xEF, 0xD2, 0x00, 0x06, 0x66, 0x60,
    0xE3, 0x1F, 0x9E, 0x7C, 0x00, 0xE1, 0xE1, 0x18, 0x60, 0x40, 0x8C, 0x00, 0xFC, 0x07, 0x90, 0x24,
    0x40, 0x81, 0xCE, 0x31, 0xE3, 0xC0, 0x0F, 0x9E, 0x70, 0x8E, 0x7E, 0x00, 0x06, 0x46, 0x20, 0x00,
    0x3C, 0x7E, 0x5A, 0x3C, 0x18, 0x0F, 0x6F, 0x00, 0x17, 0xE7, 0x00, 0x8E, 0x7E, 0x00, 0x00, 0xE6,
    0x76, 0xEF, 0x89, 0x06, 0x26, 0x40, 0x6F, 0xF0, 0x31, 0xE7, 0x9E, 0x30, 0x00, 0x7E, 0x5A, 0x7E,
    0x3C, 0x4F, 0xF2, 0x40, 0x02, 0x70, 0x0E, 0x3F, 0xFC, 0x0F, 0xF0, 0x40, 0x02, 0x70, 0x0E, 0x3F,
    0xFC, 0x0F, 0xF0, 0xFF, 0xF7, 0xFE, 0x7F, 0xEF, 0xFF, 0x3C, 0x03, 0x7F, 0xFF, 0xE3, 0xFE, 0x00,
    0x18, 0x07, 0xE0, 0x1F, 0xF8, 0x78, 0x1E, 0xC0, 0x06, 0x00, 0x07, 0xFE, 0xFF, 0xF0, 0x02, 0x00,
    0x00, 0xF3, 0xBD, 0xE5, 0x00, 0x76, 0xBD, 0xA6, 0x00, 0x26, 0x66, 0x66, 0x60, 0x76, 0xB7, 0xA6,
    0x00, 0x79, 0xA6, 0x9E, 0x2C, 0x76, 0xB1, 0xA6, 0x00, 0x18, 0x67, 0x9E, 0x49, 0xE2, 0xC0, 0x41,
    0x87, 0x9A, 0x69, 0xA6, 0xC0, 0xFE, 0x3D, 0x96, 0xCB, 0x6E, 0xB0, 0xF3, 0x90, 0x8E, 0x00, 0x27,
    0x66, 0x63, 0x6D, 0xA2, 0x8C, 0x10, 0x7C, 0xE3, 0x1E, 0x7C, 0x1C, 0x01, 0xE0, 0x0E, 0x00, 0x30,
    0x7F, 0xEF, 0xFE, 0x38, 0x63, 0x86, 0x38, 0x03, 0x80, 0x3F, 0xC3, 0xFC, 0x38, 0x03, 0x80, 0x38,
    0x33, 0x83, 0x3F, 0xFF, 0xFF, 0x00, 0x07, 0x70, 0x77, 0x00, 0x00, 0x7F, 0xEF, 0xFE, 0x38, 0x63,
    0x86, 0x38, 0x03, 0x80, 0x3F, 0xC3, 0xFC, 0x38, 0x03, 0x80, 0x38, 0x33, 0x83, 0x3F, 0xFF, 0xFF,
    0x7F, 0xF1, 0xFF, 0xE3, 0x3C, 0xC6, 0x78, 0x80, 0xF1, 0x01, 0xE0, 0x03, 0xFF, 0x07, 0xFE, 0x0F,
    0x1E, 0x1E, 0x3C, 0x3C, 0x38, 0x78, 0xF0, 0xF3, 0xC3, 0xF7, 0x00, 0x01, 0x80, 0x70, 0x1C, 0x03,
    0x07, 0xFF, 0xFF, 0xCE, 0x19, 0xC3, 0x38, 0x07, 0x00, 0xE0, 0x1C, 0x03, 0x80, 0x70, 0x0E, 0x01,
    0xC0, 0x3C, 0x1F, 0xE0, 0x07, 0xC1, 0xFE, 0x38, 0x77, 0x86, 0x70, 0x07, 0x00, 0x7F, 0x07, 0xF8,
    0x70, 0x07, 0x00, 0x78, 0x03, 0x83, 0x3F, 0xF0, 0xFE, 0x00, 0x00, 0x0F, 0x07, 0xF1, 0xC7, 0x38,
    0xE7, 0x00, 0xF8, 0x0F, 0xC0, 0xFC, 0x07, 0xC0, 0x39, 0x87, 0x70, 0xE7, 0x1C, 0xFF, 0x00, 0x00,
    0x7F, 0xFC, 0xE1, 0xC3, 0x87, 0x0E, 0x1C, 0x38, 0x70, 0xE1, 0xC3, 0xDF, 0xC0, 0x01, 0xDF, 0xB8,
    0x07, 0xFF, 0xCE, 0x1C, 0x38, 0x70, 0xE1, 0xC3, 0x87, 0x0E, 0x1C, 0x3D, 0xFC, 0x3F, 0x7F, 0x1E,
    0x1C, 0x1C, 0x1C, 0x1C, 0x1C, 0x1C, 0x1C, 0x1C, 0x1C, 0x1C, 0x1C, 0x1C, 0x1C, 0x3C, 0x78, 0x60,
    0x3F, 0xF8, 0x0F, 0xFE, 0x00, 0xCF, 0x00, 0x23, 0xC0, 0x18, 0xF0, 0x06, 0x3F, 0x01, 0x8F, 0xF0,
    0x63, 0xDE, 0x18, 0xF3, 0xC6, 0x3C, 0xF1, 0x8F, 0x3F, 0xE3, 0xCF, 0xF0, 0xFF, 0xBC, 0x7F, 0xC0,
    0x00, 0x00, 0x7E, 0xFC, 0x1F, 0xDF, 0xC0, 0xF1, 0xE0, 0x1C, 0x3C, 0x03, 0x87, 0x80, 0x70, 0xF0,
    0x0F, 0xFF, 0xE1, 0xFF, 0xFE, 0x38, 0x79, 0xE7, 0x0F, 0x3C, 0xE1, 0xE7, 0x9C, 0x3C, 0xF3, 0xC7,
    0xFD, 0xFD, 0xFF, 0x00, 0x7F, 0xF0, 0x7F, 0xF8, 0x33, 0xCC, 0x19, 0xE2, 0x00, 0xF1, 0x00, 0x78,
    0x00, 0x3F, 0xE0, 0x1F, 0xF8, 0x0F, 0x1E, 0x07, 0x8F, 0x03, 0xC7, 0x81, 0xE3, 0xC0, 0xF1, 0xE0,
    0xFE, 0xFC, 0x00, 0xE0, 0x07, 0x00, 0x38, 0x00, 0xC0, 0x7E, 0xFB, 0xFB, 0xE3, 0xC7, 0x0E, 0x38,
    0x39, 0xC0, 0xE6, 0x03, 0xF8, 0x0F, 0xF0, 0x3B, 0xC0, 0xE7, 0x83, 0x9E, 0x0E, 0x3C, 0x3C, 0x7B,
    0xF8, 0xF0, 0x0E, 0x00, 0x0E, 0x00, 0x0E, 0x00, 0x0C, 0x07, 0xE7, 0xFF, 0xCF, 0xCE, 0x0F, 0x1C,
    0x1C, 0x38, 0x78, 0x71, 0xF0, 0xE6, 0xE1, 0xDD, 0xC3, 0xF3, 0x87, 0xC7, 0x0F, 0x0E, 0x1C, 0x1C,
    0x3C, 0x3D, 0xFD, 0xFC, 0x08, 0x40, 0x73, 0x81, 0xFE, 0x01, 0xE0, 0xFC, 0xFB, 0xF3, 0xE7, 0x83,
    0x0F, 0x18, 0x3C, 0x60, 0x7B, 0x01, 0xEC, 0x03, 0xF0, 0x0F, 0x80, 0x1E, 0x00, 0x70, 0x01, 0xC0,
    0x1E, 0x00, 0x70, 0x00, 0x00, 0x00, 0x7E, 0x7D, 0xFD, 0xFC, 0xE0, 0xE1, 0xC1, 0xC3, 0x83, 0x87,
    0x07, 0x0E, 0x0E, 0x1C, 0x1C, 0x38, 0x38, 0x70, 0x70, 0xE0, 0xE1, 0xC1, 0xC3, 0xC7, 0x9F, 0xFF,
    0xC0, 0xE0, 0x01, 0xC0, 0x01, 0x00, 0x02, 0x00, 0x03, 0x00, 0x0F, 0x00, 0x1E, 0x00, 0x7E, 0x00,
    0xDC, 0x01, 0xB8, 0x06, 0x78, 0x0C, 0x70, 0x1F, 0xE0, 0x7F, 0xE0, 0xC1, 0xC3, 0x83, 0xC7, 0x07,
    0x9F, 0x1F, 0x80, 0x7F, 0xCF, 0xFE, 0x38, 0x63, 0x86, 0x38, 0x03, 0x80, 0x3F, 0xC3, 0xFE, 0x38,
    0xE3, 0x8F, 0x38, 0xF3, 0x8E, 0x3F, 0xEF, 0xFC, 0x7F, 0x07, 0xFF, 0x0E, 0x38, 0x71, 0xE3, 0x8F,
    0x1C, 0x70, 0xFF, 0x07, 0xFC, 0x38, 0xF1, 0xC3, 0x8E, 0x1C, 0x70, 0xE3, 0xDF, 0x7F, 0xE0, 0x7F,
    0xFF, 0xFC, 0xE1, 0x9C, 0x33, 0x80, 0x70, 0x0E, 0x01, 0xC0, 0x38, 0x07, 0x00, 0xE0, 0x1C, 0x03,
    0xC1, 0xFE, 0x00, 0x3F, 0xF8, 0xFF, 0xF0, 0xC7, 0x02, 0x1C, 0x08, 0x70, 0x21, 0xC1, 0x87, 0x06,
    0x1C, 0x18, 0x70, 0x61, 0xC3, 0x07, 0x0C, 0x1C, 0x70, 0xF3, 0xFF, 0xFE, 0x01, 0xF0, 0x03, 0xC0,
    0x0E, 0x00, 0x10, 0x7F, 0xEF, 0xFE, 0x38, 0x63, 0x86, 0x38, 0x03, 0x80, 0x3F, 0xC3, 0xFC, 0x38,
    0x03, 0x80, 0x38, 0x33, 0x83, 0x3F, 0xFF, 0xFF, 0x79, 0xFB, 0xEF, 0xFF, 0xBE, 0x38, 0xE1, 0x81,
    0x8E, 0x30, 0x0C, 0xE6, 0x00, 0x6E, 0x60, 0x0F, 0xFE, 0x00, 0xFF, 0xF0, 0x1E, 0xEF, 0x01, 0xEE,
    0x78, 0x3C, 0xE7, 0x83, 0xCE, 0x3C, 0x78, 0xF3, 0xCF, 0x3F, 0x9F, 0x1F, 0x0F, 0xF9, 0xC7, 0x30,
    0xF2, 0x1E, 0x03, 0x83, 0xE0, 0x7E, 0x01, 0xE0, 0x3D, 0x83, 0xF0, 0xF7, 0x3C, 0xFF, 0x00, 0x00,
    0x7E, 0x7F, 0xFC, 0xFC, 0xE0, 0xF1, 0xC1, 0xC3, 0x87, 0x87, 0x1F, 0x0E, 0x6E, 0x1D, 0xDC, 0x3F,
    0x38, 0x7C, 0x70, 0xF0, 0xE1, 0xC1, 0xC3, 0xC3, 0xDF, 0xDF, 0xC0, 0x04, 0x60, 0x1C, 0xE0, 0x3F,
    0x80, 0x1E, 0x07, 0xE7, 0xFF, 0xCF, 0xCE, 0x0F, 0x1C, 0x1C, 0x38, 0x78, 0x71, 0xF0, 0xE6, 0xE1,
    0xDD, 0xC3, 0xF3, 0x87, 0xC7, 0x0F, 0x0E, 0x1C, 0x1C, 0x3C, 0x3D, 0xFD, 0xFC, 0x7E, 0xFB, 0xFB,
    0xE3, 0xC7, 0x0E, 0x38, 0x39, 0xC0, 0xE6, 0x03, 0xF8, 0x0F, 0xF0, 0x3B, 0xC0, 0xE7, 0x83, 0x9E,
    0x0E, 0x3C, 0x3C, 0x7B, 0xF8, 0xF0, 0x3F, 0xF8, 0xFF, 0xF0, 0xC7, 0x02, 0x1C, 0x18, 0x70, 0x61,
    0xC1, 0x87, 0x06, 0x1C, 0x18, 0x70, 0x61, 0xC1, 0x87, 0x3E, 0x1C, 0xF0, 0xF3, 0xC7, 0xF0, 0x00,
    0x00, 0x7C, 0x0F, 0xFF, 0x83, 0xF3, 0xE1, 0xF0, 0xF8, 0x7C, 0x3F, 0x1F, 0x0D, 0xCD, 0xC3, 0x73,
    0x70, 0xDE, 0x9C, 0x33, 0xE7, 0x0C, 0xF9, 0xC3, 0x3C, 0x70, 0xC7, 0x1C, 0x31, 0xC7, 0x3F, 0x67,
    0xF0, 0x7E, 0x7F, 0xFD, 0xFC, 0xE0, 0xE1, 0xC1, 0xC3, 0x83, 0x87, 0x07, 0x0F, 0xFE, 0x1F, 0xFC,
    0x38, 0x38, 0x70, 0x70, 0xE0, 0xE1, 0xC1, 0xC3, 0xC3, 0xDF, 0xDF, 0xC0, 0x07, 0xC0, 0x7F, 0x83,
    0x87, 0x1E, 0x0E, 0x78, 0x39, 0xC0, 0xF7, 0x03, 0xDC, 0x0F, 0x70, 0x3D, 0xC0, 0xF7, 0x83, 0x8E,
    0x1E, 0x3C, 0x70, 0x3F, 0x80, 0x00, 0x00, 0x7F, 0xFD, 0xFF, 0xFC, 0xE0, 0xE1, 0xC1, 0xC3, 0x83,
    0x87, 0x07, 0x0E, 0x0E, 0x1C, 0x1C, 0x38, 0x38, 0x70, 0x70, 0xE0, 0xE1, 0xC1, 0xC3, 0xC7, 0x9F,
    0xDF, 0xC0, 0x7F, 0x0F, 0xFC, 0x39, 0xE3, 0x8E, 0x38, 0xF3, 0x8F, 0x38, 0xE3, 0xFE, 0x3F, 0x83,
    0x80, 0x38, 0x03, 0x80, 0x3C, 0x0F, 0xF0, 0x07, 0xC1, 0xFE, 0x38, 0x77, 0x86, 0x70, 0x07, 0x00,
    0x70, 0x07, 0x00, 0x70, 0x07, 0x00, 0x78, 0x03, 0x83, 0x3F, 0xF0, 0xFE, 0x00, 0x00, 0x7F, 0xF7,
    0xFF, 0xB1, 0xCD, 0x8E, 0x20, 0x71, 0x03, 0x80, 0x1C, 0x00, 0xE0, 0x07, 0x00, 0x38, 0x01, 0xC0,
    0x0E, 0x00, 0xF0, 0x0F, 0xE0, 0xFC, 0xFB, 0xF3, 0xE7, 0x83, 0x0F, 0x18, 0x3C, 0x60, 0x7B, 0x01,
    0xEC, 0x03, 0xF0, 0x0F, 0x80, 0x1E, 0x00, 0x70, 0x01, 0xC0, 0x1E, 0x00, 0x70, 0x00, 0x00, 0x00,
    0x03, 0xF0, 0x01, 0xF8, 0x03, 0xFF, 0x07, 0xFF, 0xE7, 0x9E, 0x73, 0x8F, 0x3D, 0xC7, 0x9E, 0xE3,
    0xC7, 0x71, 0xE7, 0xBC, 0xF3, 0xCF, 0x7B, 0xC3, 0xFF, 0xC0, 0x1E, 0x00, 0x1F, 0x80, 0x0F, 0xC0,
    0x7E, 0x7B, 0xF9, 0xE3, 0xC7, 0x07, 0x98, 0x1E, 0xC0, 0x3E, 0x00, 0x78, 0x01, 0xE0, 0x0F, 0xC0,
    0x37, 0x01, 0x9E, 0x0C, 0x3C, 0x70, 0xFB, 0xE7, 0xF0, 0x7E, 0x7D, 0xFD, 0xFC, 0xE0, 0xE1, 0xC1,
    0xC3, 0x83, 0x87, 0x07, 0x0E, 0x0E, 0x1C, 0x1C, 0x38, 0x38, 0x70, 0x70, 0xE0, 0xE1, 0xC1, 0xC3,
    0xC7, 0x9F, 0xFF, 0xC0, 0x03, 0x80, 0x03, 0x00, 0x06, 0x00, 0x04, 0xFC, 0xFD, 0xFD, 0xF8, 0xE1,
    0xE1, 0xC3, 0xC3, 0x87, 0x87, 0x0F, 0x0E, 0x1E, 0x1F, 0xFC, 0x1F, 0xF8, 0x00, 0xF0, 0x01, 0xE0,
    0x03, 0xC0, 0x07, 0x80, 0x1F, 0x80, 0x7E, 0xFD, 0xFF, 0xFF, 0xFF, 0xCF, 0x1C, 0x38, 0x70, 0xE1,
    0xC3, 0x87, 0x0E, 0x1C, 0x38, 0x70, 0xE1, 0xC3, 0x87, 0x0E, 0x1C, 0x38, 0x70, 0xE1, 0xC3, 0x87,
    0x0E, 0x1C, 0x38, 0x70, 0xE1, 0xC3, 0xFF, 0xFF, 0x7F, 0xFF, 0xFC, 0x7E, 0xFD, 0xFF, 0xFF, 0xFF,
    0xCF, 0x1C, 0x38, 0x70, 0xE1, 0xC3, 0x87, 0x0E, 0x1C, 0x38, 0x70, 0xE1, 0xC3, 0x87, 0x0E, 0x1C,
    0x38, 0x70, 0xE1, 0xC3, 0x87, 0x0E, 0x1C, 0x38, 0x70, 0xE1, 0xC3, 0xFF, 0xFF, 0xFF, 0xFF, 0xFC,
    0x00, 0x00, 0xE0, 0x00, 0x03, 0x00, 0x00, 0x18, 0x00, 0x00, 0x40, 0x7F, 0x83, 0xFE, 0x0C, 0xE0,
    0x33, 0x80, 0x0E, 0x00, 0x3E, 0x00, 0xFF, 0x03, 0x9E, 0x0E, 0x38, 0x38, 0xF0, 0xE3, 0x83, 0x8E,
    0x0F, 0xF8, 0xFF, 0x80, 0x7E, 0x0F, 0xFF, 0x83, 0xF3, 0xC0, 0x78, 0xE0, 0x1E, 0x38, 0x07, 0x8F,
    0xC1, 0xE3, 0xFC, 0x78, 0xE7, 0x9E, 0x38, 0xE7, 0x8E, 0x3D, 0xE3, 0x8F, 0x78, 0xE3, 0x9E, 0x3F,
    0xE7, 0xBF, 0xE7, 0xF0, 0x7E, 0x0F, 0xE0, 0x3C, 0x03, 0x80, 0x38, 0x03, 0xF0, 0x3F, 0xC3, 0x9E,
    0x38, 0xE3, 0x8F, 0x38, 0xF3, 0x8E, 0x3F, 0xEF, 0xF8, 0x1F, 0x07, 0xF8, 0x71, 0xC7, 0x0E, 0x00,
    0xE0, 0x0F, 0x0F, 0xF0, 0xFF, 0x00, 0xF0, 0x0E, 0x60, 0xEE, 0x1E, 0x73, 0xC7, 0xF8, 0x00, 0x00,
    0x7E, 0x1E, 0x0F, 0xE7, 0xF8, 0x3C, 0xF1, 0xC3, 0x8E, 0x1E, 0x39, 0xE0, 0xE3, 0x9E, 0x0E, 0x3F,
    0xC0, 0xF3, 0xFC, 0x0F, 0x39, 0xE0, 0xF3, 0x9E, 0x0E, 0x39, 0xE0, 0xE3, 0x8E, 0x1E, 0x3C, 0x73,
    0xCF, 0xE3, 0xF8, 0x00, 0x00, 0x00, 0x03, 0xF8, 0x3F, 0xF1, 0xC7, 0x0F, 0x1C, 0x3C, 0x70, 0xF1,
    0xC1, 0xE7, 0x03, 0xFC, 0x0F, 0xF0, 0x39, 0xC1, 0xE7, 0x07, 0x1C, 0x3C, 0x71, 0xE7, 0xF0, 0x00,
    0x07, 0xF1, 0xCE, 0x19, 0xE0, 0x3C, 0x7F, 0x9E, 0xF3, 0x9E, 0xF3, 0xCF, 0xF9, 0xF7, 0x80, 0x00,
    0x00, 0x40, 0xF8, 0x7F, 0x1F, 0xC7, 0x00, 0xDE, 0x1F, 0xF3, 0x8E, 0x71, 0xEE, 0x3D, 0xC3, 0xB8,
    0xF7, 0x1E, 0x73, 0x87, 0xE0, 0x00, 0x00, 0x1F, 0xF8, 0xE7, 0x1C, 0xF3, 0x9C, 0x7F, 0x0F, 0xF1,
    0xC7, 0x38, 0xEF, 0x3F, 0xFF, 0x00, 0x00, 0x3F, 0xE3, 0x98, 0xE2, 0x38, 0x8E, 0x03, 0x80, 0xE0,
    0x38, 0x1E, 0x0F, 0xE0, 0x00, 0x07, 0xFF, 0x19, 0xC1, 0x9C, 0x11, 0xC3, 0x1C, 0x31, 0xC3, 0x1C,
    0x31, 0xC7, 0x3C, 0xFF, 0xFC, 0x07, 0xC0, 0x3C, 0x03, 0x80, 0x00, 0x00, 0x0F, 0xE7, 0x39, 0xC7,
    0x71, 0xFF, 0xFF, 0x01, 0xC0, 0x70, 0x1F, 0x73, 0xF8, 0x00, 0x00, 0x00, 0x7F, 0xFF, 0x8C, 0xF3,
    0x83, 0x39, 0x80, 0xDD, 0x80, 0xFF, 0xC0, 0x7F, 0xF0, 0x7B, 0xB8, 0x39, 0xDE, 0x3D, 0xE7, 0xBD,
    0xF9, 0xE0, 0x00, 0x3F, 0xB9, 0xEC, 0xF0, 0x70, 0xF0, 0x7C, 0x07, 0x63, 0xF3, 0xDF, 0xC0, 0x00,
    0x00, 0x07, 0xEF, 0xCE, 0x38, 0x71, 0xC3, 0x9E, 0x1D, 0xF0, 0xFB, 0x87, 0x9C, 0x38, 0xE3, 0xC7,
    0x3F, 0x7E, 0x00, 0x00, 0xCE, 0x07, 0xF0, 0x1F, 0x00, 0x00, 0x7E, 0xFC, 0xE3, 0x87, 0x1C, 0x39,
    0xE1, 0xDF, 0x0F, 0xB8, 0x79, 0xC3, 0x8E, 0x3C, 0x73, 0xF7, 0xE0, 0x00, 0x0F, 0xFE, 0x39, 0xC3,
    0x98, 0x3B, 0x03, 0xF0, 0x3F, 0x83, 0xB8, 0x3B, 0xC7, 0x9E, 0xFC, 0xF0, 0x00, 0x07, 0xFF, 0x19,
    0xC1, 0x9C, 0x19, 0xC1, 0x9C, 0x19, 0xC3, 0x1C, 0x31, 0xCF, 0x1C, 0xE7, 0xF0, 0x00, 0x00, 0x00,
    0xFC, 0x3F, 0x3C, 0x3C, 0x3E, 0x3C, 0x3E, 0x7C, 0x2F, 0x5C, 0x27, 0xDC, 0x27, 0xDC, 0x27, 0x9C,
    0x73, 0x9E, 0xFB, 0x3F, 0x00, 0x07, 0xEF, 0xCE, 0x38, 0x71, 0xC3, 0x8E, 0x1F, 0xF0, 0xFF, 0x87,
    0x1C, 0x38, 0xE3, 0xC7, 0x3F, 0x7E, 0x00, 0x07, 0xF1, 0xE7, 0x38, 0xF7, 0x1F, 0xE3, 0xFC, 0x7B,
    0x8F, 0x71, 0xCF, 0x38, 0xFE, 0x00, 0x00, 0x00, 0x07, 0xFF, 0x8E, 0x78, 0x73, 0xC3, 0x9E, 0x1C,
    0xF0, 0xE7, 0x87, 0x3C, 0x39, 0xE3, 0xCF, 0x3F, 0xFC, 0x00, 0x0F, 0x7C, 0x7D, 0xE3, 0x8E, 0x38,
    0xF3, 0x8F, 0x38, 0xF3, 0x8F, 0x38, 0xE3, 0xDE, 0x3F, 0xC3, 0x80, 0x38, 0x03, 0x80, 0xFE, 0x0F,
    0xE0, 0x00, 0x0F, 0xE7, 0xB9, 0xC6, 0x70, 0x3C, 0x0F, 0x01, 0xC0, 0x70, 0x9F, 0xE3, 0xF8, 0x00,
    0x00, 0x1F, 0xFB, 0x7B, 0x67, 0x20, 0xE4, 0x1C, 0x03, 0x80, 0x70, 0x0E, 0x03, 0xC0, 0xFC, 0x00,
    0x00, 0x0F, 0xDF, 0x78, 0xC3, 0x8C, 0x38, 0xC3, 0xD8, 0x1D, 0x81, 0xF0, 0x0F, 0x00, 0xF0, 0x06,
    0x00, 0x60, 0x0C, 0x07, 0xC0, 0x78, 0x03, 0x00, 0x07, 0x80, 0x1F, 0x00, 0x0E, 0x00, 0x1C, 0x00,
    0x38, 0x03, 0xFE, 0x0E, 0xEF, 0x39, 0xCE, 0x73, 0x9F, 0xE7, 0x3F, 0xCE, 0x7B, 0x9C, 0xF7, 0x39,
    0xC7, 0x77, 0x87, 0xFC, 0x01, 0xC0, 0x03, 0x80, 0x07, 0x00, 0x1F, 0x80, 0x3F, 0x00, 0x00, 0x0F,
    0xFF, 0x3C, 0xC1, 0xDC, 0x1F, 0x80, 0xF0, 0x0F, 0x81, 0xB8, 0x33, 0xC7, 0x1E, 0xFB, 0xF0, 0x00,
    0x07, 0xFF, 0x8E, 0x78, 0x73, 0xC3, 0x9E, 0x1C, 0xF0, 0xE7, 0x87, 0x3C, 0x39, 0xE3, 0xCF, 0x3F,
    0xFC, 0x00, 0x60, 0x01, 0x00, 0x08, 0x00, 0x40, 0x00, 0x0F, 0xFF, 0x79, 0xE7, 0x9E, 0x79, 0xE7,
    0x9E, 0x3F, 0xE1, 0xFE, 0x01, 0xE0, 0x1E, 0x03, 0xF0, 0x00, 0x00, 0x3F, 0xFF, 0xF3, 0x9E, 0x70,
    0xE7, 0x9C, 0x39, 0xE7, 0x0E, 0x79, 0xC3, 0x9E, 0x70, 0xE7, 0x9C, 0x39, 0xE7, 0x1E, 0x79, 0xCF,
    0xFF, 0xFC, 0x00, 0x00, 0x3F, 0xFF, 0xF3, 0x9E, 0x70, 0xE7, 0x9C, 0x39, 0xE7, 0x0E, 0x79, 0xC3,
    0x9E, 0x70, 0xE7, 0x9C, 0x39, 0xE7, 0x1E, 0x79, 0xCF, 0xFF, 0xFC, 0x00, 0x07, 0x00, 0x00, 0xC0,
    0x00, 0x30, 0x00, 0x00, 0x00, 0x07, 0xF8, 0x37, 0x81, 0xBC, 0x01, 0xE0, 0x0F, 0xF0, 0x7B, 0xC3,
    0xCE, 0x1E, 0x70, 0xF7, 0x8F, 0xF8, 0x00, 0x00, 0x7F, 0x1F, 0x8E, 0x07, 0x87, 0x03, 0xC3, 0x81,
    0xE1, 0xFC, 0xF0, 0xE7, 0x78, 0x73, 0xFC, 0x39, 0xFE, 0x3D, 0xEF, 0x3F, 0xEF, 0xC0, 0x00, 0x1F,
    0xC0, 0xE0, 0x1C, 0x03, 0x80, 0x7F, 0x0E, 0x71, 0xCF, 0x39, 0xEF, 0x7B, 0xFE, 0x00, 0x00, 0x1F,
    0xCE, 0x79, 0x8E, 0x03, 0x87, 0xE1, 0xF8, 0x0E, 0x63, 0xB9, 0xC7, 0xE0, 0x00, 0x00, 0x00, 0xFC,
    0xFC, 0x39, 0xCE, 0x3B, 0x8E, 0x3B, 0x8F, 0x3F, 0x8F, 0x3F, 0x8F, 0x3B, 0x8F, 0x3B, 0x8E, 0x79,
    0xCE, 0xFC, 0xFC, 0x00, 0x00, 0x00, 0x03, 0xFE, 0x7B, 0xC7, 0x3C, 0x73, 0xC7, 0xBC, 0x3F, 0xC3,
    0xBC, 0x3B, 0xC7, 0x3C, 0xF7, 0xE0, 0x38, 0x07, 0x00, 0xE0, 0x18, 0x00, 0x0F, 0xE7, 0x39, 0xC7,
    0x71, 0xFF, 0xFF, 0x01, 0xC0, 0x70, 0x1F, 0x73, 0xF8, 0x00, 0x00, 0x0E, 0xE3, 0xB8, 0x44, 0x00,
    0x0F, 0xE7, 0x39, 0xC7, 0x71, 0xFF, 0xFF, 0x01, 0xC0, 0x70, 0x1F, 0x73, 0xF8, 0x00, 0x70, 0x1F,
    0x00, 0xE0, 0x7F, 0x83, 0x80, 0x77, 0x0F, 0xF1, 0xEF, 0x38, 0xE7, 0x1C, 0xE3, 0x9C, 0x73, 0x8E,
    0xF1, 0xFF, 0x38, 0x07, 0x00, 0xE0, 0x38, 0x0F, 0x01, 0x00, 0x07, 0x01, 0xC0, 0xE0, 0x20, 0x00,
    0x3F, 0xE3, 0x98, 0xE2, 0x38, 0x8E, 0x03, 0x80, 0xE0, 0x38, 0x1E, 0x0F, 0xE0, 0x00, 0x0F, 0xE7,
    0xBD, 0xC6, 0x70, 0x3F, 0x8F, 0xE1, 0xC0, 0x70, 0x9F, 0xE3, 0xF8, 0x00, 0x00, 0x1F, 0x98, 0xDC,
    0x67, 0x83, 0xF0, 0xFC, 0x0F, 0xE3, 0xF1, 0x9F, 0x80, 0x00, 0x30, 0xF0, 0xE0, 0x00, 0x1F, 0x0E,
    0x1C, 0x38, 0x70, 0xE1, 0xC3, 0x8F, 0x3F, 0x80, 0x4D, 0xFB, 0xB0, 0x00, 0x1F, 0x0E, 0x1C, 0x38,
    0x70, 0xE1, 0xC3, 0x8F, 0x3F, 0x80, 0x18, 0xF1, 0xC0, 0x01, 0xF1, 0xC7, 0x1C, 0x71, 0xC7, 0x1C,
    0x71, 0xC7, 0x1C, 0xEF, 0x98, 0x00, 0x00, 0x7F, 0xE0, 0x1B, 0xC0, 0x19, 0xC0, 0x19, 0xC0, 0x19,
    0xFC, 0x19, 0xCE, 0x31, 0xCE, 0x31, 0xCE, 0xF3, 0xDE, 0xE7, 0xFC, 0x00, 0x00, 0x00, 0x00, 0x7F,
    0xF8, 0x0E, 0x78, 0x07, 0x3C, 0x03, 0x9E, 0x01, 0xFF, 0xF0, 0xE7, 0xBC, 0x73, 0xCE, 0x39, 0xE7,
    0x3C, 0xF7, 0xBF, 0xFF, 0x80, 0x70, 0x07, 0xC0, 0x0E, 0x01, 0xFE, 0x07, 0x80, 0x1D, 0xC0, 0xFF,
    0x07, 0x3C, 0x38, 0xE1, 0xC7, 0x0E, 0x38, 0x71, 0xC3, 0x8E, 0x3C, 0x73, 0xFB, 0xC0, 0x01, 0x80,
    0x38, 0x07, 0x00, 0x60, 0x00, 0x0F, 0xFE, 0x39, 0xC3, 0x98, 0x3B, 0x03, 0xF0, 0x3F, 0x83, 0xB8,
    0x3B, 0xC7, 0x9E, 0xFC, 0xF0, 0x1C, 0x00, 0xF0, 0x03, 0x80, 0x06, 0x00, 0x00, 0x7E, 0xFC, 0xE3,
    0x87, 0x1C, 0x39, 0xE1, 0xDF, 0x0F, 0xB8, 0x79, 0xC3, 0x8E, 0x3C, 0x73, 0xF7, 0xE0, 0x00, 0x01,
    0x9C, 0x1F, 0xC0, 0xF0, 0x00, 0x0F, 0xDF, 0x78, 0xC3, 0x8C, 0x38, 0xC3, 0xD8, 0x1D, 0x81, 0xF0,
    0x0F, 0x00, 0xF0, 0x06, 0x00, 0x60, 0x0C, 0x07, 0xC0, 0x78, 0x03, 0x00, 0x00, 0x07, 0xFF, 0x8E,
    0x78, 0x73, 0xC3, 0x9E, 0x1C, 0xF0, 0xE7, 0x87, 0x3C, 0x39, 0xE3, 0xCF, 0x3F, 0xFC, 0x1E, 0x00,
    0x60, 0x03, 0x00, 0x08, 0x00, 0x30, 0xE1, 0x9F, 0x1E, 0x3B, 0xF1, 0xC3, 0x9E, 0x38, 0x71, 0xC7,
    0x8E, 0x38, 0xF1, 0x87, 0x8E, 0x30, 0x73, 0xE6, 0x0E, 0x7D, 0x81, 0xDB, 0xB0, 0x3F, 0x7C, 0x03,
    0xCF, 0x80, 0x79, 0xE0, 0x0E, 0x1C, 0x00, 0x00, 0x00, 0xF1, 0xC7, 0x79, 0xC3, 0x38, 0xE3, 0x1C,
    0xE3, 0x1C, 0xE3, 0x1C, 0xF6, 0x1F, 0xF6, 0x0F, 0xFC, 0x0F, 0x7C, 0x0E, 0x38, 0x3F, 0x00, 0xFE,
    0x01, 0xE0, 0x3F, 0xF0, 0xFE, 0xC3, 0x79, 0x01, 0xFC, 0x07, 0xFC, 0x1E, 0x78, 0x78, 0xE1, 0xE3,
    0x87, 0x9E, 0x1E, 0xF8, 0xFF, 0x80, 0x70, 0x1F, 0x00, 0xE0, 0x1C, 0x03, 0x81, 0xFE, 0x3F, 0x81,
    0xC0, 0x38, 0x07, 0xF0, 0xFF, 0x9C, 0x73, 0x8E, 0xF3, 0xFF, 0xF0, 0x7E, 0x0F, 0x9F, 0xC7, 0xF8,
    0xE1, 0xC3, 0x9C, 0x78, 0x63, 0x8E, 0x00, 0x71, 0xC0, 0x0F, 0xFF, 0x81, 0xFF, 0xF0, 0x38, 0xE0,
    0x07, 0x1C, 0x00, 0xE3, 0xC0, 0x1C, 0x38, 0x33, 0x87, 0xFF, 0xFC, 0x3F, 0x80, 0x00, 0x00, 0x00,
    0x18, 0xFC, 0xFE, 0x78, 0xEF, 0x39, 0xC6, 0x39, 0xC0, 0x3F, 0xF8, 0x3F, 0xF8, 0x39, 0xC0, 0x39,
    0xE2, 0x78, 0xF7, 0xFC, 0x7E, 0x00, 0x00, 0x03, 0x80, 0x07, 0x00, 0x1F, 0x00, 0x3E, 0x00, 0xDE,
    0x01, 0x9C, 0x03, 0xF8, 0x0F, 0xF8, 0x1F, 0x70, 0x6E, 0xE0, 0xDD, 0xE1, 0xB9, 0xC7, 0x73, 0xDE,
    0xEF, 0xC0, 0x00, 0x00, 0x78, 0x03, 0xC0, 0x3F, 0x01, 0xB8, 0x0F, 0xE0, 0xFF, 0x07, 0xFC, 0x6E,
    0xE3, 0x77, 0xBF, 0xFE, 0x7E, 0x07, 0x03, 0xF8, 0x1C, 0x03, 0x80, 0xF8, 0x0E, 0x03, 0xE0, 0x38,
    0x1B, 0xC0, 0xE0, 0x67, 0x03, 0xFF, 0xFC, 0x0F, 0xFF, 0xF8, 0x38, 0x3E, 0xE0, 0xE1, 0xFB, 0xC3,
    0x86, 0xEF, 0x0E, 0x1B, 0x9C, 0x38, 0xEE, 0x7B, 0xFF, 0xBB, 0xF0, 0x00, 0x00, 0x3F, 0x0E, 0x07,
    0x87, 0xC0, 0xE1, 0xF0, 0x38, 0x5E, 0x0F, 0xFF, 0x83, 0xFF, 0xF0, 0xE7, 0xDC, 0x39, 0xF7, 0x9E,
    0xFD, 0xEF, 0xFF, 0x7C, 0x1F, 0xFC, 0x07, 0xFF, 0x81, 0xE0, 0xC0, 0x3C, 0x60, 0x07, 0x30, 0x00,
    0xEC, 0x00, 0x7F, 0x00, 0x7F, 0xF0, 0x1D, 0xDE, 0x0F, 0x73, 0x83, 0x9C, 0xE1, 0xE7, 0x3C, 0x71,
    0xC7, 0x3C, 0xFC, 0xF0, 0x00, 0x00, 0x7F, 0xF0, 0x78, 0xC0, 0x73, 0x00, 0x7C, 0x03, 0xFE, 0x0F,
    0xFE, 0x1D, 0xDC, 0x7B, 0xBC, 0xE7, 0x3B, 0x9F, 0x78, 0x7E, 0x3F, 0xF8, 0x7F, 0x1F, 0xFE, 0x0E,
    0x07, 0x06, 0x07, 0x03, 0xC6, 0x03, 0x80, 0xE3, 0x01, 0xC0, 0x3B, 0x00, 0xFF, 0xFF, 0x80, 0x7F,
    0xFF, 0xF0, 0x38, 0x3B, 0xBC, 0x1C, 0x3D, 0xCE, 0x0E, 0x1C, 0xE7, 0x87, 0x0E, 0x71, 0xC3, 0x8E,
    0x38, 0xF7, 0xFF, 0x3F, 0x3C, 0x00, 0x00, 0x07, 0xE7, 0xFE, 0x1E, 0x1C, 0x70, 0x70, 0xF3, 0x03,
    0x83, 0xF0, 0x1F, 0xFF, 0xC0, 0xFF, 0xFF, 0x07, 0x3F, 0xDC, 0x39, 0xDE, 0xE3, 0xDE, 0xF7, 0xBF,
    0xEF, 0xDE, 0x73, 0x0F, 0xC3, 0xE1, 0xFE, 0xE3, 0xB8, 0xF4, 0x3C, 0x0E, 0x3F, 0x0F, 0xE0, 0x3C,
    0x07, 0x01, 0xC0, 0x70, 0x79, 0xFC, 0xE0, 0x30, 0xEF, 0xFD, 0xF3, 0x00, 0x00, 0x21, 0x0D, 0xE1,
    0xE1, 0xFC, 0x73, 0x98, 0xE0, 0x78, 0x7C, 0x1F, 0x80, 0xE0, 0x38, 0x1E, 0x7F, 0x1C, 0x0E, 0x39,
    0xFE, 0x3D, 0x80, 0x00, 0xF3, 0xF3, 0xFE, 0xFD, 0xF3, 0x9E, 0x78, 0xE7, 0x9C, 0x39, 0xE7, 0x0E,
    0x79, 0xC3, 0x9E, 0x70, 0xE7, 0x9C, 0x1F, 0xFE, 0x03, 0xFF, 0x00, 0x1E, 0x00, 0x07, 0x80, 0x01,
    0xE0, 0x00, 0xFC, 0x00, 0x00, 0x00, 0x08, 0x00, 0x40, 0x02, 0x00, 0x10, 0x7C, 0xB8, 0xE4, 0xC7,
    0x26, 0x39, 0x19, 0xC8, 0xCE, 0x44, 0x72, 0x23, 0x93, 0x1F, 0xF0, 0x7F, 0x00, 0x60, 0x01, 0x00,
    0x08, 0x00, 0x40, 0x02, 0x00, 0x0F, 0x81, 0xFF, 0x1E, 0x3C, 0xE0, 0xEF, 0x07, 0xF8, 0x3F, 0xF9,
    0xFF, 0xFF, 0xE1, 0xFF, 0x83, 0xFC, 0x1C, 0xE0, 0xE3, 0x8E, 0x0F, 0xE0, 0x00, 0x00, 0x06, 0x07,
    0xF0, 0xE7, 0x38, 0xF7, 0x1E, 0xFF, 0xDD, 0xFB, 0x8F, 0x71, 0xE7, 0x38, 0x7E, 0x00, 0x00, 0xFC,
    0x19, 0xF8, 0x79, 0xE1, 0xF1, 0xC3, 0x03, 0xC6, 0x07, 0x98, 0x07, 0x30, 0x0E, 0x60, 0x1E, 0x80,
    0x1F, 0x00, 0x3E, 0x00, 0x78, 0x00, 0x70, 0x00, 0xE0, 0x00, 0x00, 0x07, 0xE3, 0x9E, 0x3C, 0xF1,
    0x83, 0x98, 0x1E, 0xC0, 0x76, 0x03, 0xA0, 0x1F, 0x00, 0x78, 0x03, 0x80, 0x1B, 0x00, 0x37, 0x00,
    0x37, 0x00, 0x26, 0x0F, 0xC1, 0x9F, 0x87, 0x9E, 0x1F, 0x1C, 0x30, 0x3C, 0x60, 0x79, 0x80, 0x73,
    0x00, 0xE6, 0x01, 0xE8, 0x01, 0xF0, 0x03, 0xE0, 0x07, 0x80, 0x07, 0x00, 0x0E, 0x00, 0x76, 0x03,
    0xB8, 0x0E, 0xC0, 0x33, 0x00, 0x00, 0x7E, 0x39, 0xE3, 0xCF, 0x18, 0x39, 0x81, 0xEC, 0x07, 0x60,
    0x3A, 0x01, 0xF0, 0x07, 0x80, 0x38, 0x00, 0x0F, 0x00, 0x00, 0x3F, 0xC0, 0x00, 0x78, 0xE0, 0x00,
    0x70, 0xF0, 0x00, 0xF0, 0xFF, 0xDF, 0xF0, 0x77, 0x8E, 0xE0, 0x73, 0x8C, 0xE0, 0x73, 0xCC, 0xE0,
    0x71, 0xC8, 0xF0, 0x71, 0xD8, 0xF0, 0xF0, 0xF8, 0x70, 0xE0, 0xF0, 0x79, 0xE0, 0xF0, 0x1F, 0x80,
    0x70, 0x00, 0x00, 0x60, 0x00, 0x00, 0xE0, 0x00, 0x00, 0xC0, 0x00, 0x07, 0xC0, 0x00, 0x07, 0x00,
    0x04, 0x00, 0x00, 0xFE, 0xFD, 0xE7, 0x9D, 0xE3, 0x1C, 0x73, 0x8C, 0x71, 0xEE, 0x61, 0xC7, 0xBD,
    0x87, 0x1E, 0x76, 0x1C, 0x79, 0xF0, 0x71, 0xC3, 0xC0, 0xE7, 0x0F, 0x01, 0xF8, 0x38, 0x00, 0x00,
    0xE0, 0x00, 0x03, 0x00, 0x00, 0x1C, 0x00, 0x01, 0xE0, 0x00, 0x04, 0x00, 0x03, 0x00, 0x3E, 0x03,
    0xFE, 0x1E, 0xDC, 0x70, 0x7B, 0xC0, 0xEF, 0x03, 0xF8, 0x0F, 0xE0, 0x3F, 0x80, 0xFF, 0x03, 0xBC,
    0x0E, 0x70, 0x78, 0xFF, 0xC1, 0xFE, 0x01, 0xC0, 0x00, 0x00, 0x00, 0x00, 0x60, 0x3F, 0xC3, 0xFC,
    0x70, 0xE7, 0x0E, 0x70, 0xE7, 0x0E, 0x70, 0xE7, 0x0E, 0x3F, 0xC1, 0xF8, 0x06, 0x00, 0x00, 0x01,
    0xE0, 0x00, 0x3F, 0x80, 0x03, 0x78, 0x00, 0x0E, 0x00, 0x00, 0x60, 0x00, 0x0C, 0x00, 0x1E, 0x0F,
    0x03, 0xFB, 0xF8, 0x73, 0xB9, 0xCF, 0x3B, 0x9E, 0xF0, 0x01, 0xEE, 0x00, 0x0E, 0xE0, 0x00, 0xEE,
    0x00, 0x0E, 0xE0, 0x00, 0xEF, 0x00, 0x1E, 0xF0, 0x41, 0xE7, 0x0E, 0x1C, 0x7F, 0xFF, 0xC3, 0xFB,
    0xF8, 0x00, 0x00, 0x00, 0x00, 0x00, 0x00, 0xF8, 0x00, 0x7F, 0x80, 0x1B, 0xE0, 0x00, 0xC0, 0x00,
    0x30, 0x00, 0x08, 0x00, 0x10, 0x20, 0x3F, 0x3F, 0x0E, 0xEC, 0xE7, 0x33, 0x39, 0xC0, 0x0E, 0x70,
    0x03, 0x9C, 0x00, 0xE7, 0x00, 0x39, 0xC3, 0x0E, 0x3F, 0xFF, 0x07, 0xFF, 0x80, 0x00, 0x00, 0x03,
    0xFC, 0x00, 0x7F, 0x80, 0x00, 0x00, 0x18, 0x70, 0xCF, 0x8F, 0x1D, 0xF8, 0xE1, 0xCF, 0x1C, 0x38,
    0xE3, 0xC7, 0x1C, 0x78, 0xC3, 0xC7, 0x18, 0x39, 0xF3, 0x07, 0x3E, 0xC0, 0xED, 0xD8, 0x1F, 0xBE,
    0x01, 0xE7, 0xC0, 0x3C, 0xF0, 0x07, 0x0E, 0x00, 0x00, 0x00, 0x0F, 0xF0, 0x04, 0x80, 0x00, 0x00,
    0xF1, 0xC7, 0x79, 0xC3, 0x38, 0xE3, 0x1C, 0xE3, 0x1C, 0xE3, 0x1C, 0xF6, 0x1F, 0xF6, 0x0F, 0xFC,
    0x0F, 0x7C, 0x0E, 0x38, 0x0F, 0x87, 0xFD, 0xE3, 0xB8, 0x7F, 0x01, 0xE0, 0x38, 0x07, 0x00, 0xF0,
    0x1E, 0x03, 0xC0, 0x38, 0x03, 0xF8, 0x3F, 0x01, 0xE0, 0x1C, 0x03, 0x81, 0xFC, 0x3F, 0x80, 0x04,
    0x0F, 0xE7, 0xB9, 0xCE, 0x70, 0x1C, 0x07, 0x01, 0xC0, 0x70, 0x1F, 0xC3, 0xF0, 0x1C, 0x07, 0x01,
    0xC0, 0x70, 0x1C, 0x00, 0x80, 0x30, 0x76, 0x07, 0x80, 0x3C, 0x0D, 0xDB, 0x83, 0xE0, 0x1E, 0x03,
    0xE0, 0xC4, 0x18, 0x00, 0x00, 0x02, 0x7F, 0xFE, 0x40, 0x00, 0x7E, 0xFF, 0xE3, 0x66, 0x62, 0x66,
    0x64, 0x78, 0xFF, 0xC7, 0x00, 0x18, 0x00, 0x00, 0x3C, 0x00, 0x00, 0x66, 0x00, 0x00, 0x00, 0x00,
    0x1E, 0x00, 0x78, 0x3F, 0x00, 0xD8, 0x00, 0x00, 0x00, 0x00, 0x00, 0x00, 0x00, 0x00, 0x00, 0x00,
    0x00, 0x00, 0x78, 0x00, 0x1E, 0xCC, 0x00, 0x33, 0x00, 0x00, 0x00, 0x00, 0x00, 0x00, 0x00, 0x00,
    0x00, 0x0C, 0x00, 0x20, 0x1E, 0x00, 0x78, 0x33, 0x00, 0xC8, 0x00, 0x00, 0x00, 0x00, 0x3C, 0x00,
    0x00, 0x7C, 0x00, 0x00, 0x00, 0x00, 0x00, 0x00, 0x00, 0x00, 0x08, 0x00, 0x00, 0x18, 0x00, 0x00,
    0x18, 0x00, 0x0C, 0x18, 0x10, 0x0E, 0x00, 0x78, 0x06, 0x00, 0xE0, 0x06, 0x00, 0x40, 0x00, 0x00,
    0x00, 0x00, 0x00, 0x00, 0x00, 0x00, 0x00, 0x78, 0x00, 0x1C, 0x38, 0x00, 0x1E, 0x00, 0x00, 0x00,
    0x00, 0x00, 0x00, 0x00, 0x00, 0x00, 0x00, 0x00, 0x40, 0x07, 0x00, 0x60, 0x0F, 0x00, 0x60, 0x1C,
    0x18, 0x30, 0x00, 0x18, 0x30, 0x00, 0x18, 0x00, 0x00, 0x10, 0x00, 0x00, 0x00, 0x00, 0x04, 0x40,
    0x0E, 0x60, 0x0F, 0xE0, 0x03, 0xC0, 0x7E, 0x7E, 0xFE, 0x7E, 0x38, 0x3C, 0x38, 0x38, 0x38, 0x78,
    0x38, 0xF8, 0x39, 0xB8, 0x3B, 0xB8, 0x3F, 0x38, 0x3E, 0x38, 0x3C, 0x38, 0x38, 0x38, 0x3C, 0x3C,
    0xFE, 0xFF, 0x00, 0x06, 0x00, 0x06, 0x00, 0x06, 0x00, 0x0E, 0x00, 0x00, 0xCE, 0x07, 0xF0, 0x1F,
    0x00, 0x00, 0x7E, 0xFC, 0xE3, 0x87, 0x1C, 0x39, 0xE1, 0xDF, 0x0F, 0xB8, 0x79, 0xC3, 0x8E, 0x3C,
    0x73, 0xF7, 0xE0, 0x03, 0x00, 0x30, 0x01, 0x80, 0x1C, 0x18, 0x03, 0xC0, 0x3C, 0x0F, 0xF0, 0x3C,
    0x03, 0xC0, 0x3C, 0x03, 0xF8, 0x3F, 0xE3, 0xCE, 0x3C, 0xF3, 0xCF, 0x3C, 0xF3, 0xDE, 0xFF, 0xC0,
    0x00, 0x07, 0x00, 0xE0, 0x7F, 0x8F, 0xE0, 0x70, 0x0E, 0x01, 0xFC, 0x3F, 0xE7, 0x1C, 0xE3, 0xBC,
    0xFF, 0xFC, 0x7F, 0x0F, 0xFC, 0x39, 0xE3, 0x8F, 0x38, 0xF3, 0x8F, 0x3E, 0xE3, 0xFE, 0x3F, 0x83,
    0x88, 0x38, 0x03, 0x80, 0x3C, 0x0F, 0xF0, 0x00, 0x0F, 0x7C, 0x7D, 0xE3, 0x8E, 0x38, 0xE3, 0x8E,
    0x38, 0xE3, 0xAE, 0x3B, 0xE3, 0xFE, 0x3F, 0xC3, 0x8C, 0x38, 0x47, 0x80, 0xFE, 0x07, 0xC0, 0x00,
    0x00, 0x08, 0x03, 0x3F, 0xEF, 0xFC, 0x70, 0x0E, 0x01, 0xC0, 0x38, 0x07, 0x00, 0xE0, 0x1C, 0x03,
    0x80, 0x70, 0x0E, 0x01, 0xE0, 0xFF, 0x00, 0x01, 0x00, 0xC0, 0xFF, 0xF7, 0x81, 0xC0, 0xE0, 0x70,
    0x38, 0x1C, 0x0E, 0x0F, 0x0F, 0xE0, 0x7F, 0xFF, 0xFC, 0xF1, 0x9E, 0x33, 0xC2, 0x78, 0x1F, 0xC7,
    0xF8, 0x3C, 0x07, 0x80, 0xF0, 0x1E, 0x03, 0xC1, 0xFE, 0x00, 0x00, 0x3F, 0xE7, 0x98, 0xE6, 0x38,
    0xBF, 0x8F, 0xE0, 0xE0, 0x38, 0x1E, 0x0F, 0xE0, 0x7F, 0xE7, 0xFF, 0x0F, 0x18, 0x78, 0xC3, 0xC2,
    0x1E, 0x00, 0xFC, 0x07, 0xF8, 0x3C, 0xF1, 0xE3, 0x8F, 0x1E, 0x78, 0xF3, 0xC7, 0xFF, 0xBC, 0x01,
    0xE3, 0x0E, 0x38, 0x70, 0xFF, 0x03, 0xE0, 0x00, 0x1F, 0xF1, 0xE6, 0x1C, 0x43, 0x80, 0x7F, 0x0F,
    0xF1, 0xCF, 0x38, 0xEF, 0x1F, 0xFB, 0x80, 0x71, 0x8E, 0x73, 0x87, 0xF0, 0x78, 0x61, 0xF8, 0xEF,
    0x1F, 0x9E, 0xD8, 0xE1, 0xA0, 0xCE, 0x30, 0x0C, 0xE6, 0x00, 0x6E, 0x60, 0x07, 0xFC, 0x00, 0xFF,
    0xE0, 0x1E, 0xE7, 0x01, 0xCE, 0x78, 0x3C, 0xE3, 0x83, 0x8E, 0x3C, 0x78, 0xE1, 0xEF, 0x3F, 0x8F,
    0x00, 0x00, 0x70, 0x00, 0x03, 0x00, 0x00, 0x30, 0x00, 0x03, 0x00, 0x00, 0x3C, 0xF9, 0xEF, 0x9C,
    0x78, 0x67, 0x30, 0x0D, 0xD8, 0x03, 0xFE, 0x01, 0xFF, 0xC0, 0xF7, 0x78, 0x39, 0xCE, 0x1E, 0x71,
    0xCF, 0x3F, 0x7C, 0x00, 0x03, 0x00, 0x00, 0xC0, 0x00, 0x30, 0x00, 0x0C, 0x1F, 0x0F, 0xF9, 0xC7,
    0x38, 0xF2, 0x1E, 0x03, 0x87, 0xE0, 0xFE, 0x01, 0xE0, 0x1D, 0x83, 0xF0, 0x77, 0x1C, 0x7F, 0x01,
    0x80, 0x38, 0x07, 0x01, 0xC0, 0x00, 0x00, 0x0C, 0x0F, 0xC7, 0x39, 0x8E, 0x07, 0x87, 0xC1, 0xF8,
    0x0E, 0x63, 0xB9, 0xE7, 0xF0, 0x30, 0x06, 0x01, 0x81, 0xE0, 0x00, 0x7E, 0x3B, 0xF9, 0xE3, 0x86,
    0x8E, 0x30, 0x39, 0x80, 0xE6, 0x03, 0xF0, 0x0F, 0xE0, 0x3B, 0xC0, 0xE7, 0x83, 0x8E, 0x0E, 0x3C,
    0x38, 0x7B, 0xF9, 0xF0, 0x01, 0xC0, 0x03, 0x00, 0x0C, 0x00, 0x30, 0x00, 0x07, 0xE7, 0x9E, 0x7C,
    0x73, 0x03, 0xB0, 0x1F, 0x80, 0xFE, 0x07, 0x78, 0x39, 0xC3, 0xCF, 0x3F, 0x3C, 0x00, 0xE0, 0x03,
    0x00, 0x18, 0x00, 0x40, 0x7E, 0x19, 0xFC, 0x78, 0xE1, 0xB1, 0xC2, 0x03, 0xEC, 0x07, 0xD0, 0x0F,
    0xE0, 0x1F, 0xE0, 0x3F, 0xE0, 0x7D, 0xC0, 0xFB, 0xC1, 0xC3, 0x83, 0x87, 0x9F, 0xC7, 0x80, 0x00,
    0x07, 0xE3, 0x9E, 0x3C, 0x7F, 0x03, 0xF0, 0x1F, 0x80, 0xFF, 0x07, 0xF8, 0x3D, 0xE3, 0xC7, 0xBF,
    0x1E, 0x7E, 0x3B, 0xF9, 0xE3, 0x86, 0xBF, 0xB0, 0x39, 0x80, 0xE6, 0x03, 0xF0, 0x0F, 0xE0, 0x3B,
    0xC0, 0xE7, 0x83, 0x8E, 0x0E, 0x3C, 0x38, 0x7B, 0xF8, 0xF0, 0x70, 0x07, 0xC0, 0x0E, 0x01, 0xFE,
    0x03, 0x80, 0x1C, 0x78, 0xE7, 0xC7, 0x30, 0x3B, 0x01, 0xF8, 0x0F, 0xE0, 0x77, 0x83, 0x9C, 0x3C,
    0xF3, 0xF3, 0xC0, 0xFF, 0x8E, 0xFF, 0x9E, 0xCE, 0x1A, 0xCE, 0x30, 0x0E, 0x20, 0x0E, 0x60, 0x0F,
    0xC0, 0x0F, 0xE0, 0x0E, 0xF0, 0x0E, 0x78, 0x0E, 0x38, 0x0E, 0x3C, 0x0F, 0x1E, 0x3F, 0x8F, 0x00,
    0x01, 0xFF, 0x7B, 0x3C, 0xF6, 0x73, 0x00, 0xEC, 0x01, 0xF8, 0x03, 0xF8, 0x07, 0x78, 0x0E, 0x78,
    0x1E, 0xF0, 0xFE, 0xF8, 0x7E, 0x7F, 0xFC, 0xFC, 0xF0, 0xE1, 0xE1, 0xC3, 0xC3, 0x87, 0x87, 0x0F,
    0xFE, 0x1F, 0xFC, 0x3C, 0x38, 0x78, 0x70, 0xF0, 0xE1, 0xE1, 0xC3, 0xC3, 0xDF, 0xDF, 0xC0, 0x01,
    0x80, 0x03, 0x00, 0x06, 0x00, 0x04, 0x00, 0x07, 0xEF, 0xDE, 0x3C, 0x71, 0xC3, 0x8E, 0x1F, 0xF0,
    0xFF, 0x87, 0x1C, 0x38, 0xE3, 0xC7, 0xBF, 0x7E, 0x00, 0x70, 0x01, 0x80, 0x0C, 0x00, 0x60, 0x7E,
    0x7F, 0xBF, 0x9F, 0xE3, 0xC3, 0x98, 0xF0, 0xE2, 0x3C, 0x38, 0x0F, 0x0E, 0x03, 0xFF, 0x80, 0xFF,
    0xE0, 0x3C, 0x38, 0x0F, 0x0E, 0x03, 0xC3, 0x80, 0xF0, 0xE0, 0x3C, 0x3C, 0x3F, 0xBF, 0x80, 0x00,
    0x00, 0xFD, 0xFE, 0x78, 0xE6, 0x38, 0xE6, 0x38, 0xE0, 0x3F, 0xE0, 0x3F, 0xE0, 0x38, 0xE0, 0x38,
    0xE0, 0x78, 0xF0, 0xFD, 0xF8, 0x7F, 0xFE, 0x07, 0xFF, 0xF0, 0x0E, 0x0E, 0x00, 0x70, 0x70, 0x03,
    0x83, 0x80, 0x1C, 0x1C, 0x00, 0xE0, 0xF8, 0x07, 0x07, 0xF8, 0x38, 0x39, 0xE1, 0xC1, 0xC7, 0x8E,
    0x0E, 0x1C, 0x70, 0x70, 0xF3, 0xC3, 0x87, 0xFF, 0x7F, 0x3C, 0x00, 0x01, 0xE0, 0x03, 0x0E, 0x00,
    0x38, 0xF0, 0x00, 0xFF, 0x00, 0x03, 0xE0, 0x00, 0x00, 0x7F, 0xFC, 0x1E, 0x38, 0x07, 0x1C, 0x03,
    0x8E, 0x01, 0xC7, 0xF0, 0xE3, 0xFC, 0x71, 0xCF, 0x38, 0xE3, 0xBC, 0xF1, 0xFF, 0xFE, 0xE0, 0x00,
    0x70, 0x06, 0x38, 0x07, 0x38, 0x01, 0xFC, 0x00, 0x78, 0x0F, 0x80, 0x7F, 0x81, 0xE0, 0x03, 0x8F,
    0x8F, 0x3F, 0x9E, 0x77, 0xB9, 0xE7, 0x73, 0xCE, 0xE7, 0x9D, 0xEF, 0x7B, 0xCE, 0xF3, 0x9F, 0xC3,
    0xDF, 0x03, 0xFF, 0x80, 0x0F, 0x00, 0x00, 0x00, 0xFC, 0x0E, 0x00, 0xE7, 0xC7, 0x77, 0x3B, 0xB9,
    0xDD, 0xCE, 0xEE, 0x77, 0x71, 0xDF, 0x07, 0xFE, 0x00, 0xF0, 0x0F, 0x87, 0xFD, 0xE3, 0xB8, 0x7F,
    0x01, 0xE0, 0x38, 0x07, 0x00, 0xF0, 0x1E, 0x03, 0xC0, 0x38, 0x13, 0xFE, 0x3F, 0x81, 0x80, 0x18,
    0x03, 0x01, 0xE0, 0x00, 0x00, 0x04, 0x0F, 0xE7, 0xB9, 0xCE, 0x70, 0x1C, 0x07, 0x01, 0xC0, 0x70,
    0x9F, 0xE3, 0xF8, 0x38, 0x06, 0x01, 0x80, 0xE0, 0x00, 0xFF, 0xF7, 0xFF, 0xB3, 0xCD, 0x9E, 0x60,
    0xF1, 0x07, 0x80, 0x3C, 0x01, 0xE0, 0x0F, 0x00, 0x78, 0x03, 0xC0, 0x1E, 0x00, 0xF0, 0x0F, 0xE0,
    0x07, 0x00, 0x18, 0x00, 0xC0, 0x06, 0x00, 0x00, 0x1F, 0xFB, 0x3B, 0x67, 0x20, 0xE0, 0x1C, 0x03,
    0x80, 0x70, 0x0E, 0x03, 0xC0, 0xFE, 0x01, 0xC0, 0x38, 0x03, 0x00, 0x60, 0xFC, 0xFB, 0xF3, 0xE7,
    0x87, 0x0E, 0x18, 0x3C, 0x60, 0x73, 0x01, 0xEC, 0x03, 0xE0, 0x0F, 0x80, 0x1C, 0x00, 0x70, 0x01,
    0xC0, 0x07, 0x80, 0x7F, 0x00, 0x00, 0x0F, 0xDF, 0x78, 0xC7, 0x8C, 0x38, 0xC3, 0xD8, 0x1D, 0x81,
    0xD8, 0x1F, 0x00, 0xF0, 0x0F, 0x00, 0xE0, 0x0E, 0x00, 0xF0, 0x1F, 0x81, 0xF8, 0xFC, 0xFB, 0xF3,
    0xE7, 0x87, 0x0E, 0x18, 0x3C, 0x60, 0x73, 0x01, 0xEC, 0x03, 0xE0, 0x0F, 0x80, 0xFF, 0x81, 0xFE,
    0x01, 0xC0, 0x07, 0x80, 0x7F, 0x00, 0x00, 0x0F, 0xDF, 0x78, 0xC7, 0x8C, 0x38, 0xC3, 0xD8, 0x1D,
    0x81, 0xD8, 0x1F, 0x00, 0xF0, 0x0F, 0x03, 0xFC, 0x0E, 0x00, 0xF0, 0x1F, 0x81, 0xF8, 0x7E, 0x7B,
    0xF9, 0xE3, 0xC7, 0x07, 0x98, 0x1E, 0xC0, 0x3E, 0x00, 0x78, 0x01, 0xE0, 0x0F, 0xC0, 0x37, 0x01,
    0x9E, 0x0C, 0x3C, 0x70, 0xFB, 0xE7, 0xF0, 0x01, 0xC0, 0x03, 0x00, 0x0C, 0x00, 0x30, 0x00, 0x07,
    0xFF, 0x8F, 0x30, 0x3B, 0x01, 0xF8, 0x07, 0x80, 0x3E, 0x03, 0x70, 0x31, 0xC3, 0x8F, 0x3E, 0xFC,
    0x00, 0x60, 0x03, 0x00, 0x18, 0x00, 0xC0, 0xFF, 0xEF, 0xDF, 0xFD, 0xFB, 0x39, 0x9E, 0x67, 0x33,
    0x80, 0xE0, 0x70, 0x1C, 0x0E, 0x03, 0x81, 0xC0, 0x70, 0x38, 0x0E, 0x07, 0x01, 0xC0, 0xE0, 0x38,
    0x1C, 0x07, 0x03, 0x80, 0xE0, 0x78, 0x7F, 0xFF, 0x80, 0x00, 0x70, 0x00, 0x06, 0x00, 0x00, 0xC0,
    0x00, 0x08, 0x00, 0x00, 0xFF, 0xBF, 0xDD, 0x9E, 0xDC, 0x9C, 0x1C, 0x1C, 0x1C, 0x1C, 0x1C, 0x1C,
    0x1C, 0x1C, 0x1C, 0x1C, 0x1C, 0x1E, 0x3F, 0xFF, 0x00, 0x07, 0x00, 0x03, 0x00, 0x03, 0x00, 0x03,
    0xFC, 0xFD, 0xFD, 0xF8, 0xE1, 0xE1, 0xC3, 0xC3, 0x87, 0x87, 0x0F, 0x0E, 0x1E, 0x1E, 0x7C, 0x1F,
    0xF8, 0x0C, 0xF0, 0x01, 0xE0, 0x03, 0xC0, 0x07, 0x80, 0x3F, 0x80, 0x03, 0x00, 0x02, 0x00, 0x04,
    0x00, 0x08, 0x00, 0x07, 0xEF, 0xDE, 0x38, 0xF1, 0xC7, 0x8E, 0x3C, 0xF0, 0xFF, 0x83, 0x9C, 0x00,
    0xE0, 0x07, 0x00, 0xFE, 0x00, 0x70, 0x01, 0x80, 0x0C, 0x00, 0x60, 0xFC, 0xFD, 0xFD, 0xF8, 0xE1,
    0xE1, 0xC3, 0xC3, 0x87, 0x87, 0x6F, 0x0E, 0xDE, 0x1F, 0xFC, 0x1F, 0xF8, 0x06, 0xF0, 0x0D, 0xE0,
    0x1B, 0xC0, 0x07, 0x80, 0x1F, 0x80, 0x00, 0x0F, 0xFF, 0x79, 0xE7, 0x9E, 0x7F, 0xE7, 0xFE, 0x3F,
    0xE1, 0xFE, 0x07, 0xE0, 0x1E, 0x03, 0xF0, 0x7E, 0x01, 0xFC, 0x00, 0xF0, 0x01, 0xE0, 0x03, 0xC0,
    0x07, 0xFC, 0x0F, 0xFC, 0x1E, 0x3C, 0x3C, 0x78, 0x78, 0xF0, 0xF1, 0xE1, 0xE3, 0xC3, 0xC7, 0x9F,
    0xDF, 0xC0, 0x70, 0x07, 0xC0, 0x0E, 0x00, 0x70, 0x03, 0x90, 0x1F, 0xE0, 0xFF, 0x87, 0x3C, 0x38,
    0xE1, 0xC7, 0x0E, 0x38, 0x71, 0xC3, 0x8E, 0x3C, 0x73, 0xF3, 0xC0, 0x01, 0xF0, 0x03, 0xF8, 0x07,
    0x1C, 0x0E, 0x1E, 0xCE, 0x1E, 0xDE, 0x0E, 0xFF, 0xFE, 0x7F, 0xFE, 0x1E, 0x00, 0x1E, 0x00, 0x0E,
    0x00, 0x0F, 0x02, 0x07, 0xFE, 0x03, 0xFC, 0x00, 0x00, 0x01, 0x80, 0x3F, 0x13, 0x9D, 0x9C, 0xEF,
    0xE7, 0xBF, 0xFC, 0x78, 0x03, 0xC0, 0x0E, 0x10, 0x7F, 0x81, 0xF8, 0x00, 0x00, 0x01, 0xF0, 0x03,
    0xF8, 0x07, 0x1C, 0x0E, 0x1E, 0xCE, 0x1E, 0xDE, 0x0E, 0xFF, 0xFE, 0x7F, 0xFE, 0x1E, 0x00, 0x1E,
    0x00, 0x0E, 0x00, 0x0F, 0x02, 0x07, 0xFE, 0x03, 0xF8, 0x00, 0xF0, 0x00, 0x60, 0x00, 0x60, 0x00,
    0x60, 0x01, 0x80, 0x3F, 0x13, 0x9D, 0x9C, 0xEF, 0xE7, 0xBF, 0xFC, 0x78, 0x03, 0xC0, 0x0E, 0x10,
    0x7F, 0x81, 0xF8, 0x03, 0x80, 0x18, 0x00, 0xC0, 0x06, 0x00, 0x7E, 0xFE, 0x3C, 0x3C, 0x3C, 0x3C,
    0x3C, 0x3C, 0x3C, 0x3C, 0x3C, 0x3C, 0x3C, 0xFE, 0x00, 0x00, 0x00, 0x39, 0x80, 0x03, 0xF8, 0x00,
    0x1F, 0x00, 0x79, 0xFB, 0xEF, 0xFF, 0xBE, 0x38, 0xE1, 0x81, 0x8E, 0x30, 0x0C, 0xE6, 0x00, 0x6E,
    0x60, 0x0F, 0xFE, 0x00, 0xFF, 0xF0, 0x1E, 0xEF, 0x01, 0xEE, 0x78, 0x3C, 0xE7, 0x83, 0xCE, 0x3C,
    0x78, 0xF3, 0xCF, 0x3F, 0x9F, 0x00, 0x00, 0x03, 0x38, 0x01, 0xFC, 0x00, 0x78, 0x00, 0x00, 0x07,
    0xFF, 0xF8, 0xCF, 0x38, 0x33, 0x98, 0x0D, 0xD8, 0x0F, 0xFC, 0x07, 0xFF, 0x07, 0xBB, 0x83, 0x9D,
    0xE3, 0xDE, 0x7B, 0xDF, 0x9E, 0x7E, 0x3B, 0xF9, 0xE3, 0x86, 0x8E, 0x30, 0x39, 0x80, 0xE6, 0x03,
    0xF0, 0x0F, 0xF0, 0x38, 0xF0, 0xE1, 0xC3, 0x87, 0x8E, 0x1E, 0x38, 0x7B, 0xF9, 0xE0, 0x07, 0x86,
    0x1C, 0x38, 0x70, 0x7F, 0x80, 0xF8, 0x00, 0x00, 0x0F, 0xCF, 0x79, 0xF3, 0x98, 0x3B, 0x03, 0xF8,
    0x3F, 0xE3, 0x8E, 0x38, 0xF7, 0x87, 0xFC, 0x70, 0x0F, 0x18, 0xF1, 0x8E, 0x1F, 0xC0, 0xF0, 0x3F,
    0xF8, 0xFF, 0xF0, 0xC7, 0x02, 0x1C, 0x18, 0x70, 0x61, 0xC1, 0x87, 0x06, 0x1C, 0x18, 0x70, 0x61,
    0xC1, 0x87, 0x3E, 0x1C, 0xF0, 0xF3, 0xC7, 0xF0, 0x00, 0xC0, 0x07, 0x00, 0x18, 0x00, 0x60, 0x00,
    0x07, 0xFF, 0x19, 0xC1, 0x9C, 0x19, 0xC1, 0x9C, 0x19, 0xC3, 0x1C, 0x31, 0xCF, 0x1C, 0xE7, 0xF0,
    0x03, 0x00, 0x60, 0x06, 0x00, 0xE0, 0x7E, 0x7F, 0xFC, 0xFC, 0xF0, 0xE1, 0xE1, 0xC3, 0xC3, 0x87,
    0x87, 0x0F, 0xFE, 0x1F, 0xFC, 0x3C, 0x38, 0x78, 0x70, 0xF0, 0xE1, 0xE1, 0xC3, 0xC3, 0x9F, 0xC7,
    0x00, 0x0E, 0x0C, 0x3C, 0x1C, 0x70, 0x3F, 0xC0, 0x1F, 0x00, 0x00, 0x07, 0xEF, 0xDE, 0x3C, 0x71,
    0xC3, 0x8E, 0x1F, 0xF0, 0xFF, 0x87, 0x1C, 0x38, 0xE3, 0xC7, 0x3F, 0x38, 0x01, 0xC0, 0x8E, 0x0C,
    0x70, 0x7F, 0x01, 0xF0, 0x7E, 0x7E, 0xFE, 0x7E, 0x3C, 0x38, 0x3C, 0x38, 0x3C, 0x38, 0x3C, 0x38,
    0x3F, 0xF8, 0x3F, 0xF8, 0x3C, 0x38, 0x3C, 0x38, 0x3C, 0x38, 0x3C, 0x38, 0x3C, 0x3C, 0xFE, 0xFE,
    0x00, 0x06, 0x00, 0x06, 0x00, 0x0E, 0x00, 0x0C, 0x00, 0x07, 0xEF, 0xCE, 0x38, 0x71, 0xC3, 0x8E,
    0x1F, 0xF0, 0xFF, 0x87, 0x1C, 0x38, 0xE3, 0xC7, 0x3F, 0x7E, 0x00, 0x20, 0x03, 0x00, 0x18, 0x01,
    0xC0, 0xFC, 0xFD, 0xFD, 0xF8, 0xE1, 0xE1, 0xC3, 0xC3, 0x87, 0x87, 0x0F, 0x0E, 0x1E, 0x1E, 0x7C,
    0x1F, 0xF8, 0x0C, 0xF0, 0x01, 0xE0, 0x03, 0xC0, 0x07, 0x80, 0x3F, 0x80, 0x70, 0x00, 0xC0, 0x01,
    0x80, 0x03, 0x00, 0x00, 0x07, 0xEF, 0xDE, 0x38, 0xF1, 0xC7, 0x8E, 0x3C, 0xF0, 0xFF, 0x83, 0x9C,
    0x00, 0xE0, 0x07, 0x00, 0xFE, 0x07, 0x00, 0x30, 0x01, 0x80, 0x0C, 0x00, 0x7C, 0x0F, 0xBF, 0x07,
    0xE3, 0xE1, 0xF0, 0xF8, 0x7C, 0x3F, 0x3F, 0x0F, 0xCF, 0xC3, 0x73, 0xF0, 0xDF, 0xBC, 0x37, 0xEF,
    0x0C, 0xFB, 0xC3, 0x3C, 0xF0, 0xC7, 0x3C, 0x31, 0xCF, 0x3E, 0x67, 0xF0, 0x00, 0x0C, 0x00, 0x06,
    0x00, 0x01, 0x80, 0x00, 0x60, 0x00, 0x00, 0xFC, 0x3F, 0x3C, 0x3C, 0x3E, 0x3C, 0x3E, 0x7C, 0x2F,
    0x5C, 0x27, 0xDC, 0x27, 0xDC, 0x27, 0x9C, 0x73, 0x9E, 0xFB, 0x3F, 0x00, 0x03, 0x00, 0x07, 0x00,
    0x06, 0x00, 0x06, 0x7E, 0xFE, 0x3C, 0x3C, 0x3C, 0x3C, 0x3C, 0x3C, 0x3C, 0x3C, 0x3C, 0x3C, 0x3C,
    0xFE, 0x00, 0x00, 0x19, 0xC0, 0x3F, 0x80, 0x3C, 0x00, 0x30, 0x00, 0xF0, 0x01, 0xE0, 0x03, 0xE0,
    0x0D, 0xC0, 0x1B, 0x80, 0x67, 0x80, 0xC7, 0x01, 0xFF, 0x07, 0xFE, 0x0C, 0x1C, 0x18, 0x3C, 0x70,
    0x79, 0xF1, 0xF8, 0x00, 0x06, 0x30, 0xFE, 0x0F, 0x80, 0x40, 0x7F, 0x1E, 0xE1, 0x9E, 0x03, 0xC7,
    0xF9, 0xEF, 0x39, 0xE7, 0x3C, 0xFF, 0x9F, 0x78, 0x00, 0x00, 0x00, 0x19, 0x80, 0x33, 0x00, 0x00,
    0x00, 0x30, 0x00, 0xF0, 0x01, 0xE0, 0x03, 0xE0, 0x0D, 0xC0, 0x1B, 0x80, 0x67, 0x80, 0xC7, 0x01,
    0xFF, 0x07, 0xFE, 0x0C, 0x1C, 0x18, 0x3C, 0x70, 0x79, 0xF1, 0xF8, 0x00, 0x07, 0x70, 0xEE, 0x08,
    0x80, 0x40, 0x7F, 0x1E, 0xE1, 0x9E, 0x03, 0xC7, 0xF9, 0xEF, 0x39, 0xE7, 0x3C, 0xFF, 0x9F, 0x78,
    0x00, 0x03, 0xFF, 0x80, 0x7F, 0xF8, 0x0F, 0xC3, 0x01, 0xF8, 0x60, 0x6F, 0x00, 0x0D, 0xE0, 0x03,
    0x3F, 0xC0, 0x67, 0xF8, 0x1F, 0xF0, 0x03, 0xFE, 0x00, 0xC3, 0xC1, 0x18, 0x78, 0x67, 0x0F, 0x0D,
    0xF3, 0xFF, 0x80, 0x04, 0x10, 0x3F, 0xFC, 0x7B, 0xCE, 0x33, 0xCF, 0x03, 0xCF, 0x3F, 0xFF, 0x7B,
    0xC0, 0x73, 0xC0, 0x73, 0xC2, 0x7F, 0xFE, 0x7E, 0xFE, 0x00, 0x00, 0x00, 0x01, 0x9C, 0x1F, 0xC0,
    0xF0, 0x7F, 0xEF, 0xFE, 0x38, 0x63, 0x86, 0x38, 0x03, 0x80, 0x3F, 0xC3, 0xFC, 0x38, 0x03, 0x80,
    0x38, 0x33, 0x83, 0x3C, 0x7F, 0xFF, 0x00, 0x0C, 0x63, 0xF8, 0x7C, 0x04, 0x0F, 0xE3, 0xB9, 0xC7,
    0x71, 0xDF, 0xF7, 0x01, 0xC0, 0x70, 0xCF, 0x71, 0xF8, 0x00, 0x1F, 0x07, 0xF8, 0xE3, 0xC0, 0x1E,
    0x00, 0xE0, 0x0F, 0x00, 0xFF, 0xFF, 0xE0, 0xFE, 0x0F, 0xF0, 0xE7, 0x1E, 0x79, 0xC3, 0xF8, 0x00,
    0x00, 0x0C, 0x0F, 0xC6, 0x79, 0x0F, 0x01, 0xDF, 0xF7, 0xFD, 0xC7, 0x73, 0xDE, 0xE3, 0xF0, 0x00,
    0x00, 0x03, 0xB0, 0x3B, 0x81, 0x10, 0x1F, 0x07, 0xF8, 0xE3, 0xC0, 0x1E, 0x00, 0xE0, 0x0F, 0x00,
    0xFF, 0xFF, 0xE0, 0xFE, 0x0F, 0xF0, 0xE7, 0x1E, 0x79, 0xC3, 0xF8, 0x00, 0x00, 0x00, 0x0E, 0xC3,
    0xB0, 0x40, 0x0C, 0x0F, 0xC6, 0x79, 0x0F, 0x01, 0xDF, 0xF7, 0xFD, 0xC7, 0x73, 0xDE, 0xE3, 0xF0,
    0x00, 0x00, 0x00, 0x00, 0x3B, 0x80, 0x03, 0xB8, 0x00, 0x11, 0x00, 0x79, 0xFB, 0xEF, 0xFF, 0xBE,
    0x38, 0xE1, 0x81, 0x8E, 0x30, 0x0C, 0xE6, 0x00, 0x6E, 0x60, 0x0F, 0xFE, 0x00, 0xFF, 0xF0, 0x1E,
    0xEF, 0x01, 0xEE, 0x78, 0x3C, 0xE7, 0x83, 0xCE, 0x3C, 0x78, 0xF3, 0xCF, 0x3F, 0x9F, 0x00, 0x00,
    0x03, 0xB8, 0x01, 0xDC, 0x00, 0x44, 0x00, 0x00, 0x07, 0xFF, 0xF8, 0xCF, 0x38, 0x33, 0x98, 0x0D,
    0xD8, 0x0F, 0xFC, 0x07, 0xFF, 0x07, 0xBB, 0x83, 0x9D, 0xE3, 0xDE, 0x7B, 0xDF, 0x9E, 0x00, 0x03,
    0x70, 0xEE, 0x08, 0x81, 0xF0, 0xFF, 0x9C, 0x73, 0x0F, 0x21, 0xE0, 0x38, 0x3E, 0x07, 0xE0, 0x1E,
    0x03, 0xD8, 0x3F, 0x0F, 0x73, 0xCF, 0xF0, 0x00, 0x00, 0x00, 0x1B, 0x9D, 0xC4, 0x40, 0x03, 0xFB,
    0x9E, 0xCF, 0x07, 0x0F, 0x07, 0xC0, 0x76, 0x3F, 0x3D, 0xFC, 0x00, 0x3F, 0xCF, 0xF9, 0xFF, 0x30,
    0xC2, 0x30, 0x0C, 0x03, 0xE0, 0x7E, 0x01, 0xE0, 0x1D, 0x83, 0xF0, 0x77, 0x1C, 0x7F, 0x00, 0x00,
    0x00, 0x1F, 0xF7, 0xF9, 0x8E, 0x47, 0x01, 0x80, 0xC0, 0x7C, 0x07, 0x80, 0xF0, 0x1C, 0x07, 0xE3,
    0xF8, 0xE7, 0xF0, 0xF0, 0x07, 0xE0, 0x0F, 0xC1, 0xF9, 0xFF, 0xF3, 0xF3, 0x83, 0xC7, 0x07, 0x0E,
    0x1E, 0x1C, 0x7C, 0x39, 0xB8, 0x77, 0x70, 0xFC, 0xE1, 0xF1, 0xC3, 0xC3, 0x87, 0x07, 0x0F, 0x0F,
    0x7F, 0x7F, 0x1F, 0x80, 0x7C, 0x00, 0x01, 0xFB, 0xF3, 0x8E, 0x1C, 0x70, 0xE7, 0x87, 0x7C, 0x3E,
    0xE1, 0xE7, 0x0E, 0x38, 0xF1, 0xCF, 0xDF, 0x80, 0x00, 0x00, 0x1D, 0xC0, 0x3B, 0x80, 0x22, 0x07,
    0xE7, 0xFF, 0xCF, 0xCE, 0x0F, 0x1C, 0x1C, 0x38, 0x78, 0x71, 0xF0, 0xE6, 0xE1, 0xDD, 0xC3, 0xF3,
    0x87, 0xC7, 0x0F, 0x0E, 0x1C, 0x1C, 0x3C, 0x3D, 0xFD, 0xFC, 0x00, 0x00, 0xEE, 0x07, 0x70, 0x11,
    0x00, 0x00, 0x7E, 0xFC, 0xE3, 0x87, 0x1C, 0x39, 0xE1, 0xDF, 0x0F, 0xB8, 0x79, 0xC3, 0x8E, 0x3C,
    0x73, 0xF7, 0xE0, 0x00, 0x00, 0xEE, 0x07, 0x70, 0x11, 0x00, 0xF8, 0x1F, 0xF1, 0xE3, 0xCE, 0x0E,
    0xF0, 0x7F, 0x83, 0xF8, 0x1F, 0xC0, 0xFE, 0x07, 0xF8, 0x3F, 0xC1, 0xCE, 0x0E, 0x39, 0xE0, 0xFE,
    0x00, 0x00, 0x00, 0x07, 0x70, 0xEE, 0x08, 0x80, 0x40, 0x7F, 0x1E, 0x73, 0x8E, 0x71, 0xEE, 0x3D,
    0xC7, 0xB8, 0xF7, 0x1C, 0x73, 0x87, 0xE0, 0x00, 0x0F, 0x81, 0xFF, 0x1E, 0x3C, 0xE0, 0xEF, 0x07,
    0xF8, 0x3F, 0xFF, 0xFF, 0xFF, 0xE0, 0x7F, 0x83, 0xFC, 0x1C, 0xE0, 0xE3, 0x8E, 0x0F, 0xE0, 0x00,
    0x00, 0x04, 0x07, 0xF1, 0xE7, 0x38, 0xE7, 0x1E, 0xFF, 0xDF, 0xFB, 0x8F, 0x71, 0xC7, 0x38, 0x7E,
    0x00, 0x00, 0x00, 0x00, 0xEE, 0x07, 0x70, 0x11, 0x00, 0xF8, 0x1F, 0xF1, 0xE3, 0xCE, 0x0E, 0xF0,
    0x7F, 0x83, 0xFF, 0xFF, 0xFF, 0xFE, 0x07, 0xF8, 0x3F, 0xC1, 0xCE, 0x0E, 0x38, 0xE0, 0xFE, 0x00,
    0x00, 0x00, 0x07, 0x70, 0xEE, 0x08, 0x80, 0x40, 0x7F, 0x1E, 0x73, 0x8E, 0x71, 0xEF, 0xFD, 0xFF,
    0xB8, 0xF7, 0x1C, 0x73, 0x87, 0xE0, 0x00, 0x00, 0x03, 0xB8, 0x3B, 0x81, 0x10, 0x1F, 0x07, 0xF8,
    0x71, 0xC7, 0x0E, 0x00, 0xE0, 0x0F, 0x0F, 0xF0, 0xFF, 0x00, 0xF0, 0x0E, 0x60, 0xEE, 0x1E, 0x73,
    0xC7, 0xF8, 0x00, 0x00, 0x00, 0x1D, 0xC7, 0x70, 0x88, 0x00, 0x1F, 0xCE, 0x79, 0x8E, 0x03, 0x87,
    0xE1, 0xF8, 0x0E, 0x63, 0xB9, 0xC7, 0xE0, 0x00, 0x0F, 0xC0, 0x3F, 0x0F, 0xCF, 0xBF, 0x3E, 0x78,
    0x30, 0xF1, 0x83, 0xC6, 0x07, 0xB0, 0x1E, 0xC0, 0x3F, 0x00, 0xF8, 0x01, 0xE0, 0x07, 0x00, 0x1C,
    0x01, 0xE0, 0x07, 0x00, 0x00, 0x00, 0x1F, 0x83, 0xE0, 0x00, 0x7E, 0xF7, 0x8C, 0xF1, 0x8E, 0x61,
    0xCC, 0x1D, 0x03, 0xE0, 0x7C, 0x07, 0x00, 0xE0, 0x1C, 0x03, 0x00, 0xE0, 0xF8, 0x08, 0x00, 0x00,
    0x00, 0x77, 0x01, 0xDC, 0x02, 0x20, 0xFC, 0xFB, 0xF3, 0xE7, 0x83, 0x0F, 0x18, 0x3C, 0x60, 0x7B,
    0x01, 0xEC, 0x03, 0xF0, 0x0F, 0x80, 0x1E, 0x00, 0x70, 0x01, 0xC0, 0x1E, 0x00, 0x70, 0x00, 0x00,
    0x00, 0x00, 0x07, 0x70, 0xEE, 0x08, 0x80, 0x01, 0xFB, 0xDE, 0x33, 0xC6, 0x39, 0x87, 0x30, 0x74,
    0x0F, 0x81, 0xF0, 0x1C, 0x03, 0x80, 0x70, 0x0C, 0x03, 0x83, 0xE0, 0x20, 0x00, 0x06, 0x60, 0x3B,
    0x80, 0xDC, 0x02, 0x60, 0xFC, 0xFB, 0xF3, 0xE7, 0x83, 0x0F, 0x18, 0x3C, 0x60, 0x7B, 0x01, 0xEC,
    0x03, 0xF0, 0x0F, 0x80, 0x1E, 0x00, 0x70, 0x01, 0xC0, 0x1E, 0x00, 0x70, 0x00, 0x00, 0x00, 0x0C,
    0xC3, 0xB8, 0x6E, 0x19, 0x80, 0x01, 0xFB, 0xDE, 0x33, 0xC6, 0x39, 0x87, 0x30, 0x74, 0x0F, 0x81,
    0xF0, 0x1C, 0x03, 0x80, 0x70, 0x0C, 0x03, 0x83, 0xE0, 0x20, 0x00, 0x00, 0x00, 0x1D, 0x80, 0x3B,
    0x00, 0x20, 0x0F, 0xCF, 0xDF, 0xDF, 0x8E, 0x1E, 0x1C, 0x3C, 0x38, 0x78, 0x70, 0xF0, 0xE1, 0xE1,
    0xFF, 0xC1, 0xFF, 0x80, 0x0F, 0x00, 0x1E, 0x00, 0x3C, 0x00, 0x78, 0x01, 0xF8, 0x00, 0x01, 0x98,
    0x19, 0x80, 0x80, 0x00, 0x0F, 0xFF, 0x79, 0xE7, 0x9E, 0x79, 0xE7, 0x9E, 0x3F, 0xE1, 0xFE, 0x01,
    0xE0, 0x1E, 0x03, 0xF0, 0x7F, 0xFF, 0xFC, 0xF1, 0x9E, 0x33, 0xC2, 0x78, 0x0F, 0x01, 0xE0, 0x3C,
    0x07, 0x80, 0xF0, 0x1E, 0x03, 0xC1, 0xFC, 0x03, 0x80, 0x30, 0x06, 0x00, 0x40, 0x00, 0x3F, 0xE7,
    0x98, 0xE2, 0x38, 0x0E, 0x03, 0x80, 0xE0, 0x38, 0x1E, 0x0F, 0xE0, 0x38, 0x06, 0x01, 0x80, 0x60,
    0x00, 0x00, 0x00, 0xEE, 0x00, 0x3B, 0x80, 0x04, 0x40, 0x7E, 0x0F, 0xFF, 0x83, 0xF3, 0xC0, 0x78,
    0xE0, 0x1E, 0x38, 0x07, 0x8F, 0xC1, 0xE3, 0xFC, 0x78, 0xE7, 0x9E, 0x38, 0xE7, 0x8E, 0x3D, 0xE3,
    0x8F, 0x78, 0xE3, 0x9E, 0x3F, 0xE7, 0xBF, 0xE7, 0xF0, 0x00, 0x00, 0x03, 0xB8, 0x01, 0xDC, 0x00,
    0x44, 0x00, 0x00, 0x07, 0xF1, 0xF8, 0xE0, 0x78, 0x70, 0x3C, 0x38, 0x1E, 0x1F, 0xCF, 0x0E, 0x77,
    0x87, 0x3F, 0xC3, 0x9F, 0xE3, 0xDE, 0xF3, 0xFE, 0xFC, 0x7F, 0xFF, 0xFC, 0xF1, 0x9E, 0x33, 0xC2,
    0x78, 0x1F, 0xC7, 0xF8, 0x3C, 0x07, 0x80, 0xF0, 0x1E, 0x03, 0xC1, 0xFE, 0x00, 0xC0, 0x18, 0x0E,
    0x01, 0xC0, 0x00, 0x3F, 0xE7, 0x98, 0xE6, 0x38, 0xBF, 0x8F, 0xE0, 0xE0, 0x38, 0x1E, 0x0F, 0xE0,
    0x18, 0x06, 0x07, 0x81, 0xC0, 0x7E, 0x7B, 0xF9, 0xE3, 0xC7, 0x07, 0x98, 0x1E, 0xC0, 0x3E, 0x00,
    0x78, 0x01, 0xE0, 0x0F, 0xC0, 0x37, 0x01, 0x9E, 0x0C, 0x3C, 0x70, 0xFB, 0xE7, 0xF0, 0x00, 0xC0,
    0x03, 0x00, 0x3C, 0x00, 0xE0, 0x00, 0x07, 0xFF, 0x8F, 0x30, 0x3B, 0x01, 0xF8, 0x07, 0x80, 0x3E,
    0x03, 0x70, 0x31, 0xC3, 0x8F, 0x3E, 0xFC, 0x00, 0x20, 0x03, 0x00, 0x78, 0x01, 0x80, 0x7E, 0x7B,
    0xF9, 0xE3, 0xC7, 0x07, 0x98, 0x1E, 0xC0, 0x3E, 0x03, 0xFF, 0x0F, 0xFC, 0x0F, 0xC0, 0x37, 0x01,
    0x9E, 0x0C, 0x3C, 0x70, 0xFB, 0xE7, 0xF0, 0x00, 0x0F, 0xFF, 0x3C, 0xC1, 0xD8, 0x1F, 0x87, 0xFE,
    0x0F, 0x81, 0xB8, 0x31, 0xC7, 0x1E, 0xFB, 0xF0, 0x03, 0x00, 0x0F, 0x00, 0x1E, 0x00, 0x3E, 0x00,
    0xDC, 0x01, 0xB8, 0x06, 0x78, 0x0C, 0x70, 0x1F, 0xF0, 0x7F, 0xE0, 0xC1, 0xC1, 0x83, 0xC7, 0x07,
    0x9F, 0x1F, 0x80, 0x00, 0x03, 0x80, 0x07, 0x80, 0x0E, 0x00, 0x04, 0x07, 0xF1, 0xEE, 0x19, 0xE0,
    0x3C, 0x7F, 0x9E, 0xF3, 0x9E, 0x73, 0xCF, 0xF9, 0xF7, 0x80, 0x00, 0xE0, 0x1C, 0x03, 0x80, 0x03,
    0x80, 0x0F, 0x80, 0x07, 0x00, 0x1C, 0x00, 0x30, 0x00, 0x60, 0x01, 0xE0, 0x03, 0xC0, 0x07, 0xC0,
    0x1B, 0x80, 0x37, 0x00, 0xCF, 0x01, 0x8E, 0x03, 0xFE, 0x0F, 0xFC, 0x18, 0x38, 0x30, 0x78, 0xE0,
    0xF3, 0xE3, 0xF0, 0x0E, 0x03, 0xE0, 0x0C, 0x03, 0x00, 0x40, 0x08, 0x0F, 0xE3, 0xDC, 0x33, 0xC0,
    0x78, 0xFF, 0x3D, 0xE7, 0x3C, 0xE7, 0x9F, 0xF3, 0xEF, 0x00, 0x00, 0x00, 0x10, 0x00, 0x60, 0x1F,
    0x80, 0x7E, 0x00, 0xC4, 0x00, 0x60, 0x01, 0xE0, 0x03, 0xC0, 0x07, 0xC0, 0x1B, 0x80, 0x37, 0x00,
    0xCF, 0x01, 0x8E, 0x03, 0xFE, 0x0F, 0xFC, 0x18, 0x38, 0x30, 0x78, 0xE0, 0xF3, 0xE3, 0xF0, 0x00,
    0x00, 0x1C, 0x3F, 0x0F, 0x83, 0x18, 0x08, 0x0F, 0xE3, 0xDC, 0x33, 0xC0, 0x78, 0xFF, 0x3D, 0xE7,
    0x3C, 0xE7, 0x9F, 0xF3, 0xEF, 0x00, 0x00, 0x30, 0x00, 0x60, 0x00, 0x7E, 0x00, 0x76, 0x00, 0xC4,
    0x00, 0x60, 0x01, 0xE0, 0x03, 0xC0, 0x07, 0xC0, 0x1B, 0x80, 0x37, 0x00, 0xCF, 0x01, 0x8E, 0x03,
    0xFE, 0x0F, 0xFC, 0x18, 0x38, 0x30, 0x78, 0xE0, 0xF3, 0xE3, 0xF0, 0x00, 0x0C, 0x00, 0xBC, 0x0F,
    0x83, 0x18, 0x08, 0x0F, 0xE3, 0xDC, 0x33, 0xC0, 0x78, 0xFF, 0x3D, 0xE7, 0x3C, 0xE7, 0x9F, 0xF3,
    0xEF, 0x00, 0x00, 0x00, 0x00, 0x00, 0xE0, 0x00, 0xC0, 0x3F, 0x00, 0xFC, 0x01, 0x88, 0x00, 0xC0,
    0x03, 0xC0, 0x07, 0x80, 0x0F, 0x80, 0x37, 0x00, 0x6E, 0x01, 0x9E, 0x03, 0x1C, 0x07, 0xFC, 0x1F,
    0xF8, 0x30, 0x70, 0x60, 0xF1, 0xC1, 0xE7, 0xC7, 0xE0, 0x00, 0x00, 0x38, 0x01, 0x07, 0xE1, 0xF0,
    0x63, 0x01, 0x01, 0xFC, 0x7B, 0x86, 0x78, 0x0F, 0x1F, 0xE7, 0xBC, 0xE7, 0x9C, 0xF3, 0xFE, 0x7D,
    0xE0, 0x00, 0x0F, 0x60, 0x1F, 0x80, 0x06, 0x00, 0x3C, 0x00, 0xEC, 0x01, 0x88, 0x00, 0xC0, 0x03,
    0xC0, 0x07, 0x80, 0x0F, 0x80, 0x37, 0x00, 0x6E, 0x01, 0x9E, 0x03, 0x1C, 0x07, 0xFC, 0x1F, 0xF8,
    0x30, 0x70, 0x60, 0xF1, 0xC1, 0xE7, 0xC7, 0xE0, 0x1C, 0x87, 0xF0, 0x8C, 0x07, 0x81, 0xB0, 0x63,
    0x01, 0x01, 0xFC, 0x7B, 0x86, 0x78, 0x0F, 0x1F, 0xE7, 0xBC, 0xE7, 0x9C, 0xF3, 0xFE, 0x7D, 0xE0,
    0x00, 0x03, 0x00, 0x0F, 0x00, 0x3F, 0x00, 0x62, 0x00, 0x30, 0x00, 0xF0, 0x01, 0xE0, 0x03, 0xE0,
    0x0D, 0xC0, 0x1B, 0x80, 0x67, 0x80, 0xC7, 0x01, 0xFF, 0x07, 0xFE, 0x0C, 0x1C, 0x18, 0x3C, 0x70,
    0x79, 0xF1, 0xF8, 0x00, 0x00, 0x38, 0x00, 0x70, 0x00, 0xE0, 0x00, 0x06, 0x01, 0xE0, 0x6E, 0x18,
    0xC0, 0x40, 0x7F, 0x1E, 0xE1, 0x9E, 0x03, 0xC7, 0xF9, 0xEF, 0x39, 0xE7, 0x3C, 0xFF, 0x9F, 0x78,
    0x00, 0x0E, 0x01, 0xC0, 0x38, 0x00, 0x01, 0x80, 0x03, 0x00, 0x33, 0x00, 0x3E, 0x00, 0x30, 0x00,
    0x60, 0x01, 0xE0, 0x03, 0xC0, 0x07, 0xC0, 0x1B, 0x80, 0x37, 0x00, 0xCF, 0x01, 0x8E, 0x03, 0xFE,
    0x0F, 0xFC, 0x18, 0x38, 0x30, 0x78, 0xE0, 0xF3, 0xE3, 0xF0, 0x07, 0x00, 0xC0, 0xC4, 0x0F, 0x80,
    0xE0, 0x08, 0x0F, 0xE3, 0xDC, 0x33, 0xC0, 0x78, 0xFF, 0x3D, 0xE7, 0x3C, 0xE7, 0x9F, 0xF3, 0xEF,
    0x00, 0x00, 0x06, 0x00, 0x06, 0x00, 0x33, 0x00, 0x3E, 0x00, 0x30, 0x00, 0x60, 0x01, 0xE0, 0x03,
    0xC0, 0x07, 0xC0, 0x1B, 0x80, 0x37, 0x00, 0xCF, 0x01, 0x8E, 0x03, 0xFE, 0x0F, 0xFC, 0x18, 0x38,
    0x30, 0x78, 0xE0, 0xF3, 0xE3, 0xF0, 0x18, 0x01, 0x80, 0xC4, 0x0F, 0x80, 0xE0, 0x08, 0x0F, 0xE3,
    0xDC, 0x33, 0xC0, 0x78, 0xFF, 0x3D, 0xE7, 0x3C, 0xE7, 0x9F, 0xF3, 0xEF, 0x00, 0x00, 0x03, 0x00,
    0x07, 0x00, 0x0C, 0x00, 0x66, 0x00, 0x7C, 0x00, 0x60, 0x00, 0xC0, 0x03, 0xC0, 0x07, 0x80, 0x0F,
    0x80, 0x37, 0x00, 0x6E, 0x01, 0x9E, 0x03, 0x1C, 0x07, 0xFC, 0x1F, 0xF8, 0x30, 0x70, 0x60, 0xF1,
    0xC1, 0xE7, 0xC7, 0xE0, 0x0C, 0x01, 0xC0, 0x18, 0x1A, 0x81, 0xF0, 0x1C, 0x01, 0x01, 0xFC, 0x7B,
    0x86, 0x78, 0x0F, 0x1F, 0xE7, 0xBC, 0xE7, 0x9C, 0xF3, 0xFE, 0x7D, 0xE0, 0x00, 0x07, 0x40, 0x1F,
    0x80, 0x02, 0x00, 0x66, 0x00, 0x7C, 0x00, 0x60, 0x00, 0xC0, 0x03, 0xC0, 0x07, 0x80, 0x0F, 0x80,
    0x37, 0x00, 0x6E, 0x01, 0x9E, 0x03, 0x1C, 0x07, 0xFC, 0x1F, 0xF8, 0x30, 0x70, 0x60, 0xF1, 0xC1,
    0xE7, 0xC7, 0xE0, 0x1D, 0x07, 0xE0, 0x08, 0x08, 0x81, 0xF0, 0x1C, 0x01, 0x01, 0xFC, 0x7B, 0x86,
    0x78, 0x0F, 0x1F, 0xE7, 0xBC, 0xE7, 0x9C, 0xF3, 0xFE, 0x7D, 0xE0, 0x00, 0x08, 0x40, 0x19, 0x80,
    0x3F, 0x00, 0x1C, 0x00, 0x30, 0x00, 0xF0, 0x01, 0xE0, 0x03, 0xE0, 0x0D, 0xC0, 0x1B, 0x80, 0x67,
    0x80, 0xC7, 0x01, 0xFF, 0x07, 0xFE, 0x0C, 0x1C, 0x18, 0x3C, 0x70, 0x79, 0xF1, 0xF8, 0x00, 0x00,
    0x38, 0x00, 0x78, 0x00, 0xE0, 0x00, 0x01, 0x06, 0x60, 0x7C, 0x07, 0x00, 0x40, 0x7F, 0x1E, 0xE1,
    0x9E, 0x03, 0xC7, 0xF9, 0xEF, 0x39, 0xE7, 0x3C, 0xFF, 0x9F, 0x78, 0x00, 0x0E, 0x01, 0xC0, 0x38,
    0x00, 0x7F, 0xEF, 0xFE, 0x38, 0x63, 0x86, 0x38, 0x03, 0x80, 0x3F, 0xC3, 0xFC, 0x38, 0x03, 0x80,
    0x38, 0x33, 0x83, 0x3C, 0x7F, 0xFF, 0x00, 0x00, 0x70, 0x0F, 0x00, 0x70, 0x04, 0x0F, 0xE3, 0xB9,
    0xC7, 0x71, 0xDF, 0xF7, 0x01, 0xC0, 0x70, 0xCF, 0x71, 0xF8, 0x00, 0x0E, 0x03, 0x80, 0xE0, 0x07,
    0x00, 0xF8, 0x01, 0x80, 0x70, 0x06, 0x07, 0xFE, 0xFF, 0xE3, 0x86, 0x38, 0x63, 0x80, 0x38, 0x03,
    0xFC, 0x3F, 0xC3, 0x80, 0x38, 0x03, 0x83, 0x38, 0x33, 0xC7, 0xFF, 0xF0, 0x0E, 0x07, 0xC0, 0x30,
    0x18, 0x04, 0x01, 0x03, 0xF8, 0xEE, 0x71, 0xDC, 0x77, 0xFD, 0xC0, 0x70, 0x1C, 0x33, 0xDC, 0x7E,
    0x00, 0x00, 0x08, 0x01, 0xEC, 0x3F, 0xC1, 0x38, 0x7F, 0xEF, 0xFE, 0x38, 0x63, 0x86, 0x38, 0x03,
    0x80, 0x3F, 0xC3, 0xFC, 0x38, 0x03, 0x80, 0x38, 0x33, 0x83, 0x3C, 0x7F, 0xFF, 0x08, 0x0F, 0xF3,
    0xF8, 0x8C, 0x04, 0x0F, 0xE3, 0xB9, 0xC7, 0x71, 0xDF, 0xF7, 0x01, 0xC0, 0x70, 0xCF, 0x71, 0xF8,
    0x00, 0x00, 0x20, 0x06, 0x0F, 0xC1, 0xF8, 0x10, 0x87, 0xFE, 0xFF, 0xE3, 0x86, 0x38, 0x63, 0x80,
    0x38, 0x03, 0xFC, 0x3F, 0xC3, 0x80, 0x38, 0x03, 0x83, 0x38, 0x33, 0xC7, 0xFF, 0xF0, 0x00, 0x00,
    0x1C, 0x3F, 0x0F, 0x83, 0x18, 0x08, 0x0F, 0xE1, 0xDC, 0x71, 0xCE, 0x39, 0xFF, 0x38, 0x07, 0x00,
    0xE1, 0x8F, 0x70, 0xFC, 0x00, 0x00, 0x40, 0x06, 0x00, 0x3F, 0x01, 0xF8, 0x10, 0x87, 0xFE, 0xFF,
    0xE3, 0x86, 0x38, 0x63, 0x80, 0x38, 0x03, 0xFC, 0x3F, 0xC3, 0x80, 0x38, 0x03, 0x83, 0x38, 0x33,
    0xC7, 0xFF, 0xF0, 0x00, 0x18, 0x02, 0xF0, 0x6C, 0x31, 0x81, 0x03, 0xF8, 0xEE, 0x71, 0xDC, 0x77,
    0xFD, 0xC0, 0x70, 0x1C, 0x33, 0xDC, 0x7E, 0x00, 0x00, 0x00, 0x00, 0x1E, 0x00, 0x60, 0xFC, 0x1F,
    0x81, 0x08, 0x7F, 0xEF, 0xFE, 0x38, 0x63, 0x86, 0x38, 0x03, 0x80, 0x3F, 0xC3, 0xFC, 0x38, 0x03,
    0x80, 0x38, 0x33, 0x83, 0x3C, 0x7F, 0xFF, 0x00, 0x00, 0x38, 0x01, 0x07, 0xE1, 0xF0, 0x63, 0x01,
    0x01, 0xFC, 0x3B, 0x8E, 0x39, 0xC7, 0x3F, 0xE7, 0x00, 0xE0, 0x1C, 0x31, 0xEE, 0x1F, 0x80, 0x00,
    0x1E, 0xC3, 0xF8, 0x03, 0x00, 0xF0, 0x1F, 0x81, 0x08, 0x7F, 0xEF, 0xFE, 0x38, 0x63, 0x86, 0x38,
    0x03, 0x80, 0x3F, 0xC3, 0xFC, 0x38, 0x03, 0x80, 0x38, 0x33, 0x83, 0x3C, 0x7F, 0xFF, 0x1C, 0x8F,
    0xE2, 0x30, 0x3C, 0x1B, 0x0C, 0x60, 0x40, 0xFE, 0x7B, 0x9C, 0x77, 0x1D, 0xFF, 0x70, 0x1C, 0x07,
    0x0C, 0xF7, 0x1F, 0x80, 0x00, 0x06, 0x00, 0xF0, 0x1F, 0x81, 0x18, 0x7F, 0xEF, 0xFE, 0x38, 0x63,
    0x86, 0x38, 0x03, 0x80, 0x3F, 0xC3, 0xFC, 0x38, 0x03, 0x80, 0x38, 0x33, 0x83, 0x3C, 0x7F, 0xFF,
    0x00, 0x00, 0x70, 0x0F, 0x00, 0x70, 0x0E, 0x03, 0xC1, 0xB8, 0xC6, 0x04, 0x0F, 0xE3, 0xB9, 0xC7,
    0x71, 0xDF, 0xF7, 0x01, 0xC0, 0x70, 0xCF, 0x71, 0xF8, 0x00, 0x0E, 0x03, 0x80, 0xE0, 0x38, 0x7C,
    0x0C, 0x1C, 0x18, 0x7E, 0xFE, 0x3C, 0x3C, 0x3C, 0x3C, 0x3C, 0x3C, 0x3C, 0x3C, 0x3C, 0x3C, 0x3C,
    0xFE, 0x30, 0xF0, 0x71, 0xC3, 0x00, 0x3E, 0x3C, 0x38, 0x70, 0xE1, 0xC3, 0x87, 0x1E, 0x7F, 0x7E,
    0xFE, 0x3C, 0x3C, 0x3C, 0x3C, 0x3C, 0x3C, 0x3C, 0x3C, 0x3C, 0x3C, 0x3C, 0xFE, 0x00, 0x38, 0x3C,
    0x38, 0x30, 0xF0, 0xE0, 0x00, 0x1F, 0x1E, 0x1C, 0x38, 0x70, 0xE1, 0xC3, 0x8F, 0x3F, 0x80, 0x38,
    0xF0, 0xE0, 0x0F, 0x81, 0xFF, 0x1E, 0x3C, 0xE0, 0xEF, 0x07, 0xF8, 0x3F, 0x81, 0xFC, 0x0F, 0xE0,
    0x7F, 0x83, 0xFC, 0x1C, 0xE0, 0xE3, 0x9E, 0x0F, 0xE0, 0x00, 0x00, 0xE0, 0x07, 0x00, 0x38, 0x00,
    0x04, 0x07, 0xF1, 0xE7, 0x38, 0xE7, 0x1E, 0xE3, 0xDC, 0x7B, 0x8F, 0x71, 0xC7, 0x38, 0x7E, 0x00,
    0x00, 0xE0, 0x1E, 0x03, 0x80, 0x07, 0x00, 0x7C, 0x00, 0x60, 0x06, 0x00, 0x20, 0x07, 0xC0, 0xFF,
    0x8F, 0x1E, 0x70, 0x77, 0x83, 0xFC, 0x1F, 0xC0, 0xFE, 0x07, 0xF0, 0x3F, 0xC1, 0xFE, 0x0E, 0x70,
    0x71, 0xCF, 0x07, 0xF0, 0x00, 0x00, 0x0E, 0x03, 0xE0, 0x0C, 0x03, 0x80, 0x60, 0x08, 0x0F, 0xE3,
    0xCE, 0x71, 0xCE, 0x3D, 0xC7, 0xB8, 0xF7, 0x1E, 0xE3, 0x8E, 0x70, 0xFC, 0x00, 0x00, 0x00, 0x20,
    0x03, 0x03, 0xF0, 0x3B, 0x01, 0x8C, 0x07, 0xC0, 0xFF, 0x8F, 0x1E, 0x70, 0x77, 0x83, 0xFC, 0x1F,
    0xC0, 0xFE, 0x07, 0xF0, 0x3F, 0xC1, 0xFE, 0x0E, 0x70, 0x71, 0xCF, 0x07, 0xF0, 0x00, 0x00, 0x00,
    0x00, 0x0C, 0x3F, 0x0F, 0x83, 0x18, 0x08, 0x0F, 0xE3, 0xCE, 0x71, 0xCE, 0x3D, 0xC7, 0xB8, 0xF7,
    0x1E, 0xE3, 0x8E, 0x70, 0xFC, 0x00, 0x00, 0x60, 0x03, 0x80, 0x07, 0xC0, 0x1B, 0x01, 0x8C, 0x07,
    0xC0, 0xFF, 0x8F, 0x1E, 0x70, 0x77, 0x83, 0xFC, 0x1F, 0xC0, 0xFE, 0x07, 0xF0, 0x3F, 0xC1, 0xFE,
    0x0E, 0x70, 0x71, 0xCF, 0x07, 0xF0, 0x00, 0x00, 0x00, 0x0C, 0x00, 0xBC, 0x0F, 0xC3, 0x18, 0x08,
    0x0F, 0xE3, 0xCE, 0x71, 0xCE, 0x3D, 0xC7, 0xB8, 0xF7, 0x1E, 0xE3, 0x8E, 0x70, 0xFC, 0x00, 0x00,
    0x00, 0x00, 0x07, 0x00, 0x18, 0x1E, 0x81, 0xD8, 0x0C, 0x60, 0x3E, 0x07, 0xFC, 0x78, 0xF3, 0x83,
    0xBC, 0x1F, 0xE0, 0xFE, 0x07, 0xF0, 0x3F, 0x81, 0xFE, 0x0F, 0xF0, 0x73, 0x83, 0x8E, 0x78, 0x3F,
    0x80, 0x00, 0x00, 0x00, 0x00, 0x38, 0x01, 0x07, 0xE1, 0xF0, 0x63, 0x01, 0x01, 0xFC, 0x79, 0xCE,
    0x39, 0xC7, 0xB8, 0xF7, 0x1E, 0xE3, 0xDC, 0x71, 0xCE, 0x1F, 0x80, 0x00, 0x0E, 0xC0, 0xFE, 0x04,
    0x40, 0x1E, 0x00, 0xD8, 0x0C, 0x60, 0x3E, 0x07, 0xFC, 0x78, 0xF3, 0x83, 0xBC, 0x1F, 0xE0, 0xFE,
    0x07, 0xF0, 0x3F, 0x81, 0xFE, 0x0F, 0xF0, 0x73, 0x83, 0x8E, 0x78, 0x3F, 0x80, 0x00, 0x00, 0x1C,
    0x87, 0xF0, 0x8C, 0x07, 0x81, 0xF0, 0x63, 0x01, 0x01, 0xFC, 0x79, 0xCE, 0x39, 0xC7, 0xB8, 0xF7,
    0x1E, 0xE3, 0xDC, 0x71, 0xCE, 0x1F, 0x80, 0x00, 0x07, 0x00, 0x78, 0x03, 0x60, 0x31, 0x80, 0xF8,
    0x1F, 0xF1, 0xE3, 0xCE, 0x0E, 0xF0, 0x7F, 0x83, 0xF8, 0x1F, 0xC0, 0xFE, 0x07, 0xF8, 0x3F, 0xC1,
    0xCE, 0x0E, 0x39, 0xE0, 0xFE, 0x00, 0x00, 0x0E, 0x00, 0x70, 0x03, 0x80, 0x06, 0x01, 0xE0, 0x6E,
    0x18, 0xC0, 0x40, 0x7F, 0x1E, 0x73, 0x8E, 0x71, 0xEE, 0x3D, 0xC7, 0xB8, 0xF7, 0x1C, 0x73, 0x87,
    0xE0, 0x00, 0x0E, 0x01, 0xE0, 0x38, 0x00, 0x01, 0xC0, 0x07, 0x80, 0x1C, 0x00, 0x30, 0x20, 0xF8,
    0xE7, 0xF9, 0xDE, 0x39, 0xB8, 0x3E, 0xF0, 0x79, 0xE0, 0xF3, 0x81, 0xE7, 0x03, 0xCE, 0x07, 0x9E,
    0x0F, 0x3C, 0x1C, 0x38, 0x38, 0x39, 0xE0, 0x3F, 0x80, 0x00, 0x00, 0x01, 0x80, 0x1C, 0x01, 0xC0,
    0x0C, 0x60, 0x43, 0x9F, 0xDD, 0xE7, 0xCE, 0x3C, 0x71, 0xE3, 0x8F, 0x1C, 0x78, 0xE3, 0xC7, 0x1C,
    0x1C, 0xE0, 0x7E, 0x00, 0x00, 0x1C, 0x00, 0x3C, 0x00, 0x38, 0x00, 0x18, 0x20, 0xF8, 0xE7, 0xF9,
    0xDE, 0x39, 0xB8, 0x3E, 0xF0, 0x79, 0xE0, 0xF3, 0x81, 0xE7, 0x03, 0xCE, 0x07, 0x9E, 0x0F, 0x3C,
    0x1C, 0x38, 0x38, 0x39, 0xE0, 0x3F, 0x80, 0x00, 0x00, 0x38, 0x01, 0xE0, 0x03, 0x80, 0x0C, 0x60,
    0x43, 0x9F, 0xDD, 0xE7, 0xCE, 0x3C, 0x71, 0xE3, 0x8F, 0x1C, 0x78, 0xE3, 0xC7, 0x1C, 0x1C, 0xE0,
    0x7E, 0x00, 0x00, 0x07, 0x00, 0x1F, 0x00, 0x06, 0x00, 0x18, 0x00, 0x20, 0x41, 0xF1, 0xCF, 0xF3,
    0xBC, 0x73, 0x70, 0x7D, 0xE0, 0xF3, 0xC1, 0xE7, 0x03, 0xCE, 0x07, 0x9C, 0x0F, 0x3C, 0x1E, 0x78,
    0x38, 0x70, 0x70, 0x73, 0xC0, 0x7F, 0x00, 0x00, 0x00, 0x0E, 0x00, 0xF8, 0x00, 0xC0, 0x0E, 0x00,
    0x63, 0x02, 0x1C, 0xFE, 0xEF, 0x3E, 0x71, 0xE3, 0x8F, 0x1C, 0x78, 0xE3, 0xC7, 0x1E, 0x38, 0xE0,
    0xE7, 0x03, 0xF0, 0x00, 0x00, 0x04, 0x00, 0x3F, 0x80, 0x7F, 0x00, 0x9C, 0x20, 0xF8, 0xE7, 0xF9,
    0xDE, 0x39, 0xB8, 0x3E, 0xF0, 0x79, 0xE0, 0xF3, 0x81, 0xE7, 0x03, 0xCE, 0x07, 0x9E, 0x0F, 0x3C,
    0x1C, 0x38, 0x38, 0x39, 0xE0, 0x3F, 0x80, 0x00, 0x00, 0x08, 0x01, 0xF6, 0x0F, 0xE0, 0x46, 0x60,
    0x43, 0x9F, 0xDD, 0xE7, 0xCE, 0x3C, 0x71, 0xE3, 0x8F, 0x1C, 0x78, 0xE3, 0xC7, 0x1C, 0x1C, 0xE0,
    0x7E, 0x00, 0x00, 0x00, 0x04, 0x1F, 0x1C, 0xFF, 0x3B, 0xC7, 0x37, 0x07, 0xDE, 0x0F, 0x3C, 0x1E,
    0x70, 0x3C, 0xE0, 0x79, 0xC0, 0xF3, 0xC1, 0xE7, 0x83, 0x87, 0x07, 0x07, 0x3C, 0x07, 0xF0, 0x00,
    0x00, 0x07, 0x00, 0x0E, 0x00, 0x1C, 0x00, 0x00, 0x30, 0x21, 0xCF, 0xEE, 0xF3, 0xE7, 0x1E, 0x38,
    0xF1, 0xC7, 0x8E, 0x3C, 0x71, 0xE3, 0x8E, 0x0E, 0x70, 0x3F, 0x00, 0x00, 0x07, 0x00, 0x3C, 0x01,
    0xC0, 0xFE, 0x7F, 0xF9, 0xF3, 0x83, 0x0E, 0x0C, 0x38, 0x30, 0xE0, 0xC3, 0x83, 0x0E, 0x0C, 0x38,
    0x30, 0xE0, 0xC3, 0x83, 0x0F, 0x0C, 0x1E, 0x70, 0x3F, 0x80, 0x00, 0x00, 0xE0, 0x07, 0x80, 0x0E,
    0x00, 0x00, 0x07, 0xDF, 0x1E, 0x78, 0x71, 0xC3, 0x8E, 0x1C, 0x70, 0xE3, 0x87, 0x3C, 0x39, 0xE1,
    0xFF, 0x0F, 0xBC, 0x00, 0x00, 0x70, 0x03, 0x80, 0x1C, 0x00, 0x03, 0x80, 0x1F, 0x00, 0x1C, 0x00,
    0xE0, 0x03, 0x03, 0xF9, 0xFF, 0xE7, 0xCE, 0x0C, 0x38, 0x30, 0xE0, 0xC3, 0x83, 0x0E, 0x0C, 0x38,
    0x30, 0xE0, 0xC3, 0x83, 0x0E, 0x0C, 0x3C, 0x30, 0x79, 0xC0, 0xFE, 0x00, 0x00, 0x06, 0x00, 0x78,
    0x00, 0xC0, 0x0E, 0x00, 0x60, 0x00, 0x03, 0xEF, 0x8F, 0x3C, 0x38, 0xE1, 0xC7, 0x0E, 0x38, 0x71,
    0xC3, 0x9E, 0x1C, 0xF0, 0xFF, 0x87, 0xDE, 0x00, 0x00, 0x00, 0xC0, 0x01, 0xC0, 0x03, 0x80, 0x03,
    0x02, 0xFE, 0x77, 0xFE, 0x77, 0x38, 0x33, 0x38, 0x3E, 0x38, 0x3C, 0x38, 0x30, 0x38, 0x30, 0x38,
    0x30, 0x38, 0x30, 0x38, 0x30, 0x38, 0x30, 0x3C, 0x30, 0x1E, 0x70, 0x0F, 0xE0, 0x00, 0x00, 0x01,
    0x80, 0x07, 0x00, 0x1C, 0x00, 0x30, 0x60, 0x00, 0xFF, 0x7D, 0xDE, 0x7B, 0x1C, 0x7C, 0x38, 0xE0,
    0x71, 0xC0, 0xE3, 0x81, 0xCF, 0x03, 0x9E, 0x07, 0xFC, 0x07, 0xBC, 0x00, 0x00, 0x0E, 0x00, 0x0F,
    0x00, 0x07, 0x00, 0x01, 0x82, 0xFE, 0x77, 0xFE, 0x77, 0x38, 0x33, 0x38, 0x3E, 0x38, 0x3C, 0x38,
    0x30, 0x38, 0x30, 0x38, 0x30, 0x38, 0x30, 0x38, 0x30, 0x38, 0x30, 0x3C, 0x30, 0x1E, 0x70, 0x0F,
    0xE0, 0x00, 0x00, 0x18, 0x00, 0x38, 0x00, 0x38, 0x00, 0x30, 0x60, 0x00, 0xFF, 0x7D, 0xDE, 0x7B,
    0x1C, 0x7C, 0x38, 0xE0, 0x71, 0xC0, 0xE3, 0x81, 0xCF, 0x03, 0x9E, 0x07, 0xFC, 0x07, 0xBC, 0x00,
    0x00, 0x03, 0x80, 0x07, 0xC0, 0x01, 0xC0, 0x03, 0x80, 0x03, 0x02, 0xFE, 0x77, 0xFE, 0x77, 0x38,
    0x33, 0x38, 0x3E, 0x38, 0x3C, 0x38, 0x30, 0x38, 0x30, 0x38, 0x30, 0x38, 0x30, 0x38, 0x30, 0x38,
    0x30, 0x3C, 0x30, 0x1E, 0x70, 0x0F, 0xE0, 0x00, 0x00, 0x06, 0x00, 0x1E, 0x00, 0x0C, 0x00, 0x38,
    0x00, 0x60, 0xC0, 0x01, 0xFE, 0xFB, 0xBC, 0xF6, 0x38, 0xF8, 0x71, 0xC0, 0xE3, 0x81, 0xC7, 0x03,
    0x9E, 0x07, 0x3C, 0x0F, 0xF8, 0x0F, 0x78, 0x00, 0x00, 0x02, 0x00, 0x0F, 0xE0, 0x0F, 0xE0, 0x08,
    0xC2, 0xFE, 0x77, 0xFE, 0x77, 0x38, 0x33, 0x38, 0x3E, 0x38, 0x3C, 0x38, 0x30, 0x38, 0x30, 0x38,
    0x30, 0x38, 0x30, 0x38, 0x30, 0x38, 0x30, 0x3C, 0x30, 0x1E, 0x70, 0x0F, 0xE0, 0x00, 0x00, 0x08,
    0x00, 0x3D, 0x80, 0xFF, 0x00, 0x9C, 0x60, 0x00, 0xFF, 0x7D, 0xDE, 0x7B, 0x1C, 0x7C, 0x38, 0xE0,
    0x71, 0xC0, 0xE3, 0x81, 0xCF, 0x03, 0x9E, 0x07, 0xFC, 0x07, 0xBC, 0x00, 0x00, 0x00, 0x02, 0xFE,
    0x77, 0xFE, 0x77, 0x38, 0x33, 0x38, 0x3E, 0x38, 0x3C, 0x38, 0x30, 0x38, 0x30, 0x38, 0x30, 0x38,
    0x30, 0x38, 0x30, 0x38, 0x30, 0x3C, 0x30, 0x1E, 0x70, 0x0F, 0xE0, 0x00, 0x00, 0x03, 0x80, 0x07,
    0x80, 0x03, 0x80, 0x00, 0x0C, 0x00, 0x1F, 0xEF, 0xBB, 0xCF, 0x63, 0x8F, 0x87, 0x1C, 0x0E, 0x38,
    0x1C, 0x70, 0x39, 0xE0, 0x73, 0xC0, 0xFF, 0x80, 0xF7, 0x80, 0x00, 0x00, 0xE0, 0x01, 0xC0, 0x03,
    0x80, 0x0C, 0x00, 0x38, 0x00, 0x70, 0x00, 0xC0, 0xFC, 0xFB, 0xF3, 0xE7, 0x87, 0x0E, 0x18, 0x3C,
    0x60, 0x73, 0x01, 0xEC, 0x03, 0xE0, 0x0F, 0x80, 0x1C, 0x00, 0x70, 0x01, 0xC0, 0x07, 0x80, 0x7F,
    0x00, 0x38, 0x03, 0x80, 0x38, 0x03, 0x00, 0x01, 0xFB, 0xDE, 0x33, 0xC6, 0x39, 0x87, 0x30, 0x74,
    0x0F, 0x81, 0xF0, 0x1C, 0x03, 0x80, 0x70, 0x0C, 0x03, 0x83, 0xE0, 0x20, 0x00, 0xFC, 0xFB, 0xF3,
    0xE7, 0x87, 0x0E, 0x18, 0x3C, 0x60, 0x73, 0x01, 0xEC, 0x03, 0xE0, 0x0F, 0x80, 0x1C, 0x00, 0x70,
    0x01, 0xC0, 0x07, 0x80, 0x7F, 0x00, 0x00, 0x01, 0xC0, 0x07, 0x00, 0x1C, 0x00, 0x00, 0x1F, 0xBD,
    0xE3, 0x3C, 0x63, 0x98, 0x73, 0x07, 0x40, 0xF8, 0x1F, 0x01, 0xC0, 0x38, 0x07, 0x00, 0xDC, 0x3B,
    0xBE, 0x72, 0x00, 0x07, 0x00, 0x3E, 0x00, 0x18, 0x00, 0xE0, 0x03, 0x03, 0xF3, 0xEF, 0xCF, 0x9E,
    0x1C, 0x38, 0x60, 0xF1, 0x81, 0xCC, 0x07, 0xB0, 0x0F, 0x80, 0x3E, 0x00, 0x70, 0x01, 0xC0, 0x07,
    0x00, 0x1E, 0x01, 0xFC, 0x00, 0x0E, 0x03, 0xE0, 0x0C, 0x03, 0x80, 0x40, 0x00, 0x3F, 0x7B, 0xC6,
    0x78, 0xC7, 0x30, 0xE6, 0x0E, 0x81, 0xF0, 0x3E, 0x03, 0x80, 0x70, 0x0E, 0x01, 0x80, 0x70, 0x7C,
    0x04, 0x00, 0x04, 0x00, 0x7D, 0x81, 0xFC, 0x04, 0x60, 0xFC, 0xFB, 0xF3, 0xE7, 0x87, 0x0E, 0x18,
    0x3C, 0x60, 0x73, 0x01, 0xEC, 0x03, 0xE0, 0x0F, 0x80, 0x1C, 0x00, 0x70, 0x01, 0xC0, 0x07, 0x80,
    0x7F, 0x00, 0x08, 0x07, 0xF0, 0xFE, 0x11, 0x80, 0x01, 0xFB, 0xDE, 0x33, 0xC6, 0x39, 0x87, 0x30,
    0x74, 0x0F, 0x81, 0xF0, 0x1C, 0x03, 0x80, 0x70, 0x0C, 0x03, 0x83, 0xE0, 0x20, 0x00, 0xFF, 0xFF,
    0xFF, 0xF0, 0x48, 0xC3, 0x1E, 0x30, 0xC3, 0x0C, 0x30, 0xC3, 0x0C, 0x30, 0xC3, 0x00, 0x33, 0xFF,
    0xEC, 0x63, 0x18, 0xC6, 0x31, 0x8C, 0x63, 0x00, 0x67, 0xBE, 0xF1, 0x8C, 0x63, 0x18, 0xC6, 0x31,
    0x8C, 0x60, 0x03, 0xFF, 0xC0, 0x03, 0xFF, 0xC0, 0x7F, 0xDF, 0xF0, 0x7F, 0xEF, 0xFC, 0x7F, 0xFF,
    0xF7, 0xFF, 0xFF, 0x7F, 0xFF, 0xF7, 0xFF, 0xFF, 0x41, 0xB6, 0xDB, 0x6D, 0xB6, 0xDB, 0x6D, 0xB6,
    0xDB, 0x6D, 0xB6, 0xDB, 0x6D, 0xB6, 0xD3, 0x7F, 0xBF, 0xDF, 0xEF, 0xF0, 0x07, 0xCC, 0xEE, 0x40,
    0x23, 0x9C, 0x63, 0x30, 0x00, 0x73, 0x9C, 0x67, 0x20, 0x4E, 0xEC, 0xC7, 0x00, 0x00, 0x76, 0xCC,
    0xCC, 0xEE, 0xEE, 0x44, 0x22, 0x3B, 0x9D, 0xC6, 0x63, 0x33, 0x30, 0x00, 0x77, 0x3B, 0x9D, 0xC6,
    0x67, 0x72, 0x20, 0x44, 0xEE, 0xEE, 0xCC, 0xCC, 0x76, 0x00, 0x08, 0x0E, 0x07, 0x01, 0x07, 0xF7,
    0xFD, 0x74, 0x38, 0x1C, 0x0E, 0x07, 0x03, 0x80, 0x80, 0x40, 0x20, 0x10, 0x08, 0x00, 0x00, 0x08,
    0x0E, 0x07, 0x1F, 0xEF, 0xFA, 0xC8, 0x70, 0x38, 0x08, 0x04, 0x07, 0x03, 0x87, 0xF7, 0xFD, 0xFC,
    0x38, 0x1C, 0x00, 0x00, 0x73, 0xEF, 0xFF, 0xFF, 0xE2, 0x00, 0x40, 0xE1, 0xF3, 0xF7, 0x8C, 0x00,
    0x00, 0x0E, 0xFE, 0x00, 0x73, 0xFD, 0xFC, 0x60, 0xE3, 0x8F, 0xE7, 0x3F, 0x8E, 0x38, 0x00, 0x00,
    0xEF, 0xE0, 0x7F, 0xF1, 0x8C, 0x63, 0x18, 0xC6, 0x31, 0x8C, 0x60, 0x00, 0xF7, 0xC6, 0x31, 0x8C,
    0x63, 0x18, 0xC6, 0x31, 0x8C, 0x00, 0x79, 0xE7, 0x9E, 0x30, 0xC3, 0x0C, 0x30, 0xC3, 0x0C, 0x30,
    0xC3, 0x00, 0x79, 0x04, 0x1E, 0x30, 0xC3, 0x0C, 0x30, 0xC3, 0x0C, 0x30, 0xC3, 0x00, 0x78, 0x20,
    0x9E, 0x30, 0xC3, 0x0C, 0x30, 0xC3, 0x0C, 0x30, 0xC3, 0x00, 0x3C, 0x10, 0x00, 0x7E, 0x30, 0x00,
    0x66, 0x30, 0x00, 0xE7, 0x60, 0x00, 0xE7, 0x60, 0x00, 0xE7, 0xC0, 0x00, 0x66, 0xDE, 0x3E, 0x7F,
    0xB3, 0x77, 0x3D, 0xB3, 0x77, 0x03, 0x73, 0xF3, 0x03, 0x73, 0xF3, 0x06, 0x33, 0x77, 0x06, 0x33,
    0x77, 0x0C, 0x1E, 0x3E, 0x00, 0x00, 0x00, 0x3C, 0x10, 0x00, 0x00, 0x7E, 0x30, 0x00, 0x00, 0x66,
    0x30, 0x00, 0x00, 0xE7, 0x60, 0x00, 0x00, 0xE7, 0x60, 0x00, 0x00, 0xE7, 0xC0, 0x00, 0x00, 0x66,
    0xDE, 0x3E, 0x3E, 0x7F, 0xB3, 0x37, 0x77, 0x3D, 0xB3, 0x73, 0x77, 0x03, 0x73, 0xF3, 0x67, 0x03,
    0x73, 0xF3, 0x67, 0x06, 0x33, 0x73, 0x77, 0x06, 0x33, 0x37, 0x77, 0x0C, 0x1E, 0x3E, 0x3E, 0x00,
    0x00, 0x00, 0x00, 0x73, 0x9D, 0xCC, 0x00, 0x73, 0xBB, 0xDD, 0xDC, 0xEC, 0x60, 0x00, 0x73, 0xB9,
    0xDE, 0xE7, 0x73, 0xB9, 0xDC, 0xC6, 0x60, 0x00, 0x00, 0x63, 0x9C, 0x63, 0x00, 0x67, 0x3B, 0x9C,
    0xE6, 0x73, 0x18, 0x00, 0x67, 0x31, 0xDC, 0xE7, 0x3B, 0x8C, 0xE6, 0x31, 0x98, 0x00, 0x00, 0x18,
    0x3C, 0x3C, 0x76, 0x66, 0x43, 0x11, 0x99, 0xCE, 0x38, 0xC2, 0xC3, 0x1C, 0x73, 0xB9, 0x98, 0x02,
    0x03, 0x1C, 0x66, 0x73, 0x8C, 0xDC, 0x18, 0xE0, 0x37, 0x0E, 0x7B, 0xB9, 0xCE, 0xEF, 0xB8, 0x73,
    0x03, 0x86, 0x1D, 0xCC, 0xE7, 0x19, 0x1C, 0x00, 0x73, 0xBB, 0xDC, 0xEE, 0x77, 0x3B, 0x9D, 0xCC,
    0xE6, 0x33, 0x11, 0x80, 0x0E, 0x77, 0x7B, 0x9C, 0x00, 0x1F, 0x0F, 0xFB, 0xC7, 0x3F, 0xF0, 0xFE,
    0x1F, 0x83, 0xE0, 0x78, 0x0C, 0x01, 0x80, 0x00, 0x07, 0x01, 0xE0, 0x1C, 0x00, 0x00, 0x7F, 0xDF,
    0xF0, 0x40, 0x02, 0x70, 0x0E, 0x3F, 0xFC, 0x0F, 0xF0, 0x07, 0xE0, 0x1F, 0xF8, 0x78, 0x1E, 0xC0,
    0x06, 0x01, 0x01, 0x80, 0x80, 0xC0, 0x40, 0x60, 0x20, 0x30, 0x1C, 0x1A, 0x09, 0x8C, 0x44, 0x36,
    0x08, 0x00, 0x40, 0x00, 0x1C, 0x00, 0x0F, 0x60, 0x03, 0xFC, 0x00, 0x1F, 0x00, 0x0F, 0xF0, 0x00,
    0xB6, 0x00, 0x67, 0x30, 0x0C, 0x06, 0x0D, 0xF6, 0xD9, 0xFE, 0xFF, 0x1F, 0x8F, 0xC7, 0xFB, 0xFC,
    0x9A, 0x6D, 0x83, 0x01, 0x80, 0x01, 0xF7, 0xDF, 0x01, 0x00, 0x80, 0xC0, 0x40, 0x60, 0x20, 0x30,
    0x10, 0x18, 0x08, 0x0C, 0x04, 0x06, 0x02, 0x00, 0x7C, 0xF9, 0xC3, 0x87, 0x0E, 0x1C, 0x38, 0x7C,
    0xF9, 0xC3, 0x87, 0x0E, 0x1C, 0x38, 0x7C, 0xF8, 0x79, 0xF1, 0xC7, 0x1C, 0x71, 0xC7, 0x7D, 0xF1,
    0xC7, 0x1C, 0x71, 0xC7, 0x7D, 0xF0, 0x3E, 0x0F, 0x0F, 0xE3, 0xFB, 0xCE, 0xF3, 0xB9, 0xCC, 0x70,
    0x38, 0x0E, 0x07, 0x03, 0xC1, 0xC0, 0xF0, 0x70, 0x3C, 0x0C, 0x06, 0x01, 0x80, 0xC0, 0x00, 0x00,
    0x0E, 0x03, 0x81, 0xC0, 0xF0, 0x38, 0x0E, 0x00, 0x00, 0x00, 0x3E, 0x1D, 0xFC, 0xFF, 0x39, 0xDC,
    0xE7, 0x03, 0x9C, 0x0E, 0x70, 0x71, 0x83, 0x86, 0x0C, 0x18, 0x30, 0x60, 0x00, 0x07, 0x07, 0x1C,
    0x3C, 0x70, 0x70, 0x00, 0x00, 0x71, 0xE1, 0xDF, 0xE7, 0x73, 0xDC, 0xC7, 0x70, 0x1D, 0xC0, 0xF7,
    0x07, 0x9C, 0x3C, 0x30, 0xC0, 0x83, 0x00, 0x00, 0x1C, 0x38, 0x71, 0xE1, 0xC3, 0x80, 0x00, 0x00,
    0x40, 0xDF, 0xF7, 0xFD, 0xFF, 0x00, 0xC0, 0x60, 0x18, 0x06, 0x01, 0x80, 0xC0, 0x30, 0x0C, 0x06,
    0x01, 0x80, 0x20, 0x7F, 0x0F, 0xF8, 0xDF, 0x9B, 0xF3, 0x7E, 0x6F, 0xCD, 0xF9, 0xBE, 0x36, 0x06,
    0xC0, 0xD8, 0x1B, 0x03, 0x60, 0x6C, 0x0D, 0x81, 0xB0, 0x77, 0x80, 0x00, 0x00, 0x0F, 0xFD, 0xF6,
    0x3E, 0xC7, 0xD8, 0xFB, 0x1F, 0xF8, 0xFF, 0x00, 0x0F, 0xF8, 0xDF, 0x9B, 0xF3, 0x7E, 0x6F, 0xDF,
    0xF3, 0xFC, 0x08, 0x06, 0x1B, 0x4F, 0xF3, 0xE3, 0xFD, 0xB4, 0x18, 0x00, 0x00, 0x0E, 0xF6, 0x00,
    0x00, 0x6F, 0xEC, 0x63, 0x07, 0xC0, 0x7F, 0xC3, 0x03, 0x98, 0x07, 0x00, 0x00, 0x00, 0x00, 0x00,
    0x00, 0x00, 0x00, 0x00, 0x00, 0x06, 0x00, 0x9C, 0x06, 0x3C, 0x70, 0x7F, 0x80, 0x00, 0x00, 0x08,
    0x06, 0x1B, 0x4F, 0xF3, 0xE3, 0xFD, 0xB4, 0x18, 0x0C, 0x06, 0x1B, 0x4F, 0xF3, 0xE3, 0xFD, 0xB4,
    0x18, 0x00, 0x00, 0x64, 0xF6, 0xFC, 0x6C, 0x0C, 0x18, 0x18, 0x18, 0x30, 0x30, 0x30, 0x6E, 0x6E,
    0x6E, 0x00, 0x30, 0xDF, 0x36, 0xFD, 0x1E, 0x00, 0x00, 0x07, 0xE0, 0x1F, 0xF8, 0x30, 0x0C, 0x60,
    0x06, 0x0C, 0x0F, 0x63, 0xF1, 0xFE, 0x7F, 0xC7, 0x83, 0xF8, 0xB4, 0x0C, 0x00, 0x00, 0x00, 0xF0,
    0x3C, 0x06, 0x60, 0x3C, 0x0F, 0x01, 0x80, 0x01, 0x80, 0xF0, 0x3C, 0x00, 0x73, 0xB9, 0xDD, 0xEE,
    0xF7, 0x73, 0xBB, 0x9D, 0xCE, 0xC6, 0x63, 0x00, 0x00, 0x00, 0x00, 0x00, 0x38, 0x03, 0xC0, 0x0E,
    0x06, 0x02, 0x78, 0x3B, 0xC1, 0xCC, 0x04, 0x07, 0x00, 0x78, 0x01, 0xC0, 0x00, 0x00, 0x00, 0x07,
    0x03, 0xBC, 0x1D, 0xC0, 0xE0, 0x60, 0x07, 0x80, 0x3C, 0x00, 0xC0, 0xE0, 0x77, 0x83, 0xB8, 0x1C,
    0x00, 0x00, 0x6F, 0xF6, 0x00, 0x00, 0x00, 0x0E, 0xFE, 0x00, 0x06, 0x00, 0x78, 0x03, 0xC0, 0x0C,
    0x00, 0x00, 0x00, 0x03, 0x81, 0xDE, 0x0E, 0x60, 0x70, 0x00, 0x00, 0x00, 0x0E, 0x00, 0xF0, 0x03,
    0x80, 0x00, 0x00, 0x00, 0x1C, 0x9F, 0x93, 0xB2, 0x60, 0x41, 0xFF, 0xFF, 0xF8, 0x20, 0x64, 0xDC,
    0x9F, 0x93, 0x80, 0x6F, 0xF6, 0x00, 0xEF, 0x60, 0x0E, 0xFE, 0x00, 0x6F, 0xE0, 0xEF, 0x60, 0xEF,
    0x66, 0xFE, 0x00, 0x78, 0xC3, 0x1E, 0x30, 0xC3, 0x0C, 0x30, 0xC3, 0x0C, 0x30, 0xC3, 0x00, 0x79,
    0x24, 0x9E, 0x30, 0xC3, 0x0C, 0x30, 0xC3, 0x0C, 0x30, 0xC3, 0x00, 0x79, 0xE3, 0x0C, 0x30, 0xC3,
    0x0C, 0x30, 0xC3, 0x0C, 0x30, 0xC3, 0x00, 0x30, 0xC7, 0x9E, 0x30, 0xC3, 0x0C, 0x30, 0xC3, 0x0C,
    0x30, 0xC3, 0x00, 0x31, 0xE7, 0x8C, 0x30, 0xC3, 0x0C, 0x30, 0xC3, 0x0C, 0x30, 0xC3, 0x00, 0x70,
    0xC3, 0x1E, 0x30, 0xC3, 0x0C, 0x30, 0xC3, 0x0C, 0x30, 0xC3, 0x00, 0x38, 0x7C, 0x6E, 0xE6, 0xE6,
    0xE6, 0xE6, 0x6E, 0x3C, 0x03, 0x19, 0xC6, 0x31, 0x8C, 0x67, 0x80, 0x0C, 0x1C, 0x3C, 0x2C, 0x6C,
    0xFE, 0xFE, 0x1C, 0x3E, 0x3C, 0xF9, 0xF2, 0x07, 0xC1, 0xD3, 0xF7, 0x7C, 0x1C, 0x7D, 0x93, 0x07,
    0xCC, 0xD9, 0xB7, 0x3C, 0x7D, 0xFF, 0xFA, 0x60, 0xC3, 0x06, 0x18, 0x30, 0x38, 0x7E, 0x66, 0x7E,
    0x3C, 0x7E, 0xE6, 0xEE, 0x7C, 0x18, 0xF9, 0x9B, 0x36, 0xE7, 0xC1, 0xA6, 0x78, 0x00, 0x30, 0x63,
    0xFF, 0xE3, 0x06, 0x08, 0x7F, 0xFC, 0xFE, 0xFC, 0x07, 0xF0, 0x00, 0x11, 0x99, 0xCE, 0x63, 0x1C,
    0xE3, 0x0C, 0x00, 0xC3, 0x0C, 0x63, 0x9C, 0xE7, 0x33, 0xB8, 0x00, 0xEC, 0x7E, 0x66, 0x66, 0x66,
    0x66, 0xF7, 0x38, 0x7C, 0x6E, 0xE6, 0xE6, 0xE6, 0xE6, 0x6E, 0x3C, 0x18, 0x71, 0xE0, 0xC1, 0x83,
    0x06, 0x0C, 0x7E, 0x38, 0xF9, 0xB8, 0x60, 0xC3, 0x18, 0xBF, 0x7E, 0x38, 0xF9, 0xB8, 0x63, 0xC1,
    0xD3, 0xE7, 0x7C, 0x0C, 0x1C, 0x3C, 0x2C, 0x6C, 0xFE, 0xFE, 0x1C, 0x3E, 0x3C, 0xF9, 0xF2, 0x07,
    0xC1, 0xD3, 0xF7, 0x7C, 0x1C, 0x7D, 0x93, 0x07, 0xCC, 0xD9, 0xB7, 0x3C, 0x7D, 0xFF, 0xFA, 0x60,
    0xC3, 0x06, 0x18, 0x30, 0x38, 0x7E, 0x66, 0x7E, 0x3C, 0x7E, 0xE6, 0xEE, 0x7C, 0x18, 0xF9, 0x9B,
    0x36, 0xE7, 0xC1, 0xA6, 0x78, 0x00, 0x30, 0x63, 0xFF, 0xE3, 0x06, 0x08, 0x7F, 0xFC, 0xFE, 0xFC,
    0x07, 0xF0, 0x00, 0x11, 0x99, 0xCE, 0x63, 0x1C, 0xE3, 0x0C, 0x00, 0xC3, 0x0C, 0x63, 0x9C, 0xE7,
    0x33, 0xB8, 0x00, 0x38, 0xF9, 0xB3, 0xEE, 0xDD, 0x9F, 0x80, 0x18, 0xF9, 0xBF, 0xFE, 0x0C, 0x8F,
    0x00, 0x18, 0xF9, 0x9F, 0x3E, 0x6D, 0xCF, 0x00, 0x00, 0xF6, 0x3C, 0x18, 0x3C, 0x6E, 0xEF, 0x30,
    0xF8, 0x33, 0xFF, 0xED, 0x9E, 0x00, 0xE0, 0x60, 0x6C, 0x7E, 0x66, 0x66, 0x66, 0x66, 0xF7, 0xE0,
    0x60, 0x60, 0x6E, 0x6C, 0x78, 0x7C, 0x6E, 0xF7, 0xE3, 0x18, 0xC6, 0x31, 0x8C, 0xF0, 0x0C, 0xCF,
    0xFE, 0x66, 0x66, 0x66, 0x66, 0x66, 0x66, 0xF7, 0x70, 0x0C, 0xFE, 0x66, 0x66, 0x66, 0x66, 0xF7,
    0x08, 0xFE, 0x66, 0x67, 0x67, 0x76, 0x7E, 0x60, 0x70, 0xF0, 0x31, 0xEE, 0x9E, 0x3F, 0x37, 0x80,
    0x23, 0x3E, 0xC6, 0x31, 0x8F, 0x0F, 0x00, 0xFE, 0x07, 0x18, 0x1C, 0x00, 0xF3, 0xFB, 0xDF, 0xE7,
    0x38, 0xDC, 0xE2, 0x3F, 0xF0, 0x3F, 0xC0, 0x38, 0x00, 0xE3, 0x03, 0x8C, 0x1F, 0xF0, 0x00, 0x00,
    0x34, 0x07, 0xC1, 0xFF, 0x3A, 0xF7, 0xAF, 0x76, 0x87, 0x78, 0x75, 0x87, 0x50, 0x7D, 0x07, 0xF1,
    0x3F, 0xF1, 0xFE, 0x0B, 0x01, 0xA0, 0x00, 0x00, 0x07, 0xC1, 0xFF, 0x3C, 0x73, 0x87, 0x78, 0x07,
    0x00, 0x77, 0xF7, 0x3F, 0x73, 0xA7, 0xB0, 0x7B, 0x03, 0xB1, 0x3F, 0xF0, 0xFE, 0x00, 0x00, 0x7F,
    0xDF, 0xF8, 0xE3, 0x1C, 0x63, 0x80, 0x70, 0x0F, 0xE1, 0xFC, 0x38, 0x0F, 0xC1, 0xFC, 0x1C, 0x03,
    0xC1, 0xFC, 0x00, 0x0F, 0x0F, 0xE3, 0x9D, 0xC6, 0x70, 0x0E, 0x0F, 0xF3, 0xFC, 0x7F, 0x3F, 0xC1,
    0x80, 0xF1, 0x7F, 0xDF, 0xF0, 0x00, 0x00, 0x18, 0x00, 0x03, 0x00, 0x04, 0xD0, 0x7F, 0xFF, 0x87,
    0xFF, 0xF8, 0x73, 0xCF, 0x0E, 0x38, 0xE1, 0xC7, 0x1C, 0x38, 0xE3, 0x87, 0x1C, 0x70, 0xE7, 0x8E,
    0x3C, 0xF1, 0xCF, 0xFF, 0x3C, 0x06, 0x00, 0x00, 0x80, 0x00, 0x10, 0x00, 0x78, 0x3D, 0xF8, 0xFC,
    0xF0, 0x61, 0xF0, 0xC3, 0xF1, 0x9F, 0xFF, 0xFF, 0xFF, 0xFF, 0xFE, 0xFF, 0xFE, 0x61, 0xF0, 0xC3,
    0xE1, 0x83, 0xC3, 0x03, 0x9F, 0x87, 0x00, 0x7F, 0x00, 0x7F, 0xE0, 0x0E, 0x78, 0x07, 0x1C, 0x03,
    0x8E, 0x01, 0xC7, 0x60, 0xE3, 0xB0, 0x77, 0xFE, 0x3F, 0x9F, 0x1C, 0x0E, 0x0E, 0x07, 0x07, 0x03,
    0x83, 0x81, 0xE7, 0xF0, 0x78, 0x00, 0x00, 0x7F, 0x00, 0x07, 0xFE, 0x00, 0x0E, 0x38, 0x00, 0x71,
    0xC0, 0x83, 0x8E, 0x3F, 0x1C, 0x73, 0x9C, 0xE7, 0x9C, 0xC7, 0xF0, 0xF8, 0x3B, 0xC3, 0xF1, 0xCE,
    0x0F, 0xCE, 0x78, 0x9E, 0x71, 0xCC, 0x73, 0x8F, 0x73, 0xFF, 0x3D, 0xF8, 0x00, 0x00, 0x00, 0x7E,
    0x10, 0xF9, 0xF8, 0xE3, 0xE3, 0xC3, 0x87, 0x07, 0x0F, 0x18, 0x1C, 0x7C, 0x60, 0x79, 0xB1, 0x87,
    0xFF, 0xFF, 0x9F, 0xFF, 0xFE, 0x0F, 0xCE, 0xC0, 0x3F, 0x1F, 0x00, 0x7C, 0x7C, 0x01, 0xE1, 0xE0,
    0x07, 0x83, 0x80, 0x0E, 0x0E, 0x00, 0x00, 0x01, 0xFF, 0x9F, 0xFF, 0x3F, 0x07, 0x7E, 0x4E, 0xFD,
    0xDD, 0xFB, 0xBB, 0xF7, 0x77, 0xEE, 0x0F, 0xDC, 0x3B, 0xBF, 0xF7, 0x7F, 0xC0, 0x03, 0xC0, 0x3E,
    0x01, 0xE0, 0xFF, 0x01, 0xE1, 0xDE, 0x3F, 0xE7, 0x9E, 0x71, 0xE7, 0x1E, 0x71, 0xE7, 0x1E, 0x71,
    0xE7, 0xBE, 0x3E, 0xF0, 0x00, 0x3F, 0xE3, 0xFE, 0x07, 0x03, 0xF8, 0xE7, 0x1C, 0x63, 0x80, 0xFE,
    0x3F, 0xC3, 0xC0, 0xFE, 0x0F, 0x00, 0xE0, 0x1C, 0x21, 0xFC, 0x1F, 0x80, 0x00, 0x7E, 0xFB, 0xFB,
    0xE3, 0xC7, 0x0E, 0x38, 0x39, 0xC0, 0xE6, 0x0F, 0xFF, 0xBF, 0xFE, 0x3F, 0xC0, 0xE7, 0x83, 0x9E,
    0x0E, 0x3C, 0x3C, 0xFB, 0xF9, 0xF0, 0xFF, 0xF7, 0xFF, 0xB3, 0xCD, 0x9E, 0x60, 0xF5, 0x07, 0xE0,
    0x3C, 0x07, 0xF8, 0x3F, 0xC0, 0x78, 0x0F, 0xC0, 0x5E, 0x00, 0xF0, 0x0F, 0xE0, 0x00, 0x00, 0x00,
    0x07, 0x00, 0x00, 0x70, 0x00, 0x3F, 0xE0, 0x03, 0x3B, 0x80, 0x03, 0x9C, 0x00, 0x1C, 0x70, 0x00,
    0xE3, 0x80, 0x0F, 0x1C, 0x00, 0x70, 0xE0, 0x03, 0x87, 0x38, 0x1C, 0x3B, 0xE1, 0xE3, 0xBB, 0xFE,
    0x1D, 0xDF, 0x79, 0xDE, 0xDF, 0xFC, 0xFE, 0x00, 0x07, 0x00, 0x00, 0x38, 0x00, 0x03, 0x80, 0x00,
    0x1C, 0x00, 0x03, 0x80, 0xFC, 0x39, 0x87, 0x30, 0xE6, 0x1F, 0xC1, 0xF0, 0x3E, 0x07, 0x86, 0x70,
    0xFF, 0x3F, 0xE7, 0xDF, 0x99, 0xC0, 0x38, 0x67, 0x1C, 0xE1, 0xF8, 0x1E, 0x00, 0x7F, 0x0F, 0xFC,
    0x39, 0xEF, 0xFF, 0x3C, 0xFF, 0xFF, 0xFF, 0xF3, 0xFC, 0x3F, 0x83, 0x80, 0x38, 0x03, 0x80, 0x3C,
    0x0F, 0xF0, 0x02, 0x00, 0x3E, 0x0F, 0xF8, 0xF4, 0xE7, 0x27, 0x79, 0x03, 0xC8, 0x1C, 0x40, 0xE3,
    0xF7, 0x9F, 0xFC, 0xBD, 0xE5, 0xE7, 0x2F, 0x1F, 0xF8, 0x7F, 0x80, 0x60, 0x02, 0x00, 0x03, 0x00,
    0x1E, 0x00, 0x78, 0x03, 0xE0, 0x0F, 0xC0, 0x27, 0x0F, 0xFF, 0xFF, 0xFF, 0x19, 0xE3, 0xFF, 0xF3,
    0x0F, 0x0C, 0x3C, 0x70, 0xF3, 0xE7, 0xF0, 0x0F, 0x03, 0xFC, 0x38, 0xE3, 0x8E, 0x00, 0xE7, 0xFF,
    0x7F, 0xF7, 0xFF, 0x7F, 0xF7, 0x80, 0x70, 0x63, 0x06, 0x38, 0xE1, 0xFC, 0x00, 0x00, 0x02, 0x01,
    0xF0, 0xFF, 0xBD, 0x77, 0x2F, 0xE4, 0x3C, 0x87, 0x10, 0xE2, 0x1E, 0x43, 0xC8, 0x79, 0x07, 0x22,
    0x7F, 0xC7, 0xF0, 0x30, 0x02, 0x00, 0x73, 0x0E, 0x71, 0xCE, 0x39, 0xCF, 0xFE, 0xE7, 0x1C, 0xE3,
    0x9C, 0x73, 0x8E, 0x71, 0xCE, 0x39, 0xC7, 0x3E, 0xE7, 0xC0, 0x00, 0x0F, 0x0F, 0xE7, 0x1D, 0xC6,
    0x70, 0x1F, 0x03, 0xF0, 0x7E, 0x07, 0xC0, 0x77, 0xFF, 0xAF, 0xEB, 0x9F, 0xC3, 0xE0, 0xA8, 0x7F,
    0xDF, 0xF8, 0x00, 0x7F, 0xEE, 0xED, 0x9C, 0xB3, 0x90, 0x70, 0x0E, 0x01, 0xC0, 0x38, 0x07, 0x00,
    0xE0, 0x7F, 0x00, 0x7F, 0xDF, 0xF0, 0xE1, 0xFE, 0x7F, 0xC3, 0xC1, 0xE1, 0xF0, 0x78, 0x1E, 0x03,
    0xC0, 0x78, 0x1F, 0x03, 0xE0, 0x7E, 0x1F, 0xC0, 0xE0, 0x1D, 0x83, 0xE0, 0xF2, 0x3F, 0xC1, 0xE4,
    0xF9, 0xC7, 0x38, 0xE3, 0x1C, 0x63, 0xDD, 0xFF, 0x00, 0x70, 0x0F, 0x80, 0xD8, 0x0F, 0xFC, 0x7F,
    0xE2, 0x83, 0x08, 0x30, 0xFA, 0x0F, 0xE1, 0xAC, 0x3C, 0x00, 0xC2, 0x07, 0xE0, 0x7E, 0x00, 0x00,
    0x02, 0x00, 0x30, 0x03, 0xC0, 0x7F, 0xC7, 0xEE, 0x3B, 0x39, 0xD9, 0xDC, 0xCE, 0xE6, 0x77, 0x33,
    0xF9, 0x9F, 0xCC, 0xFE, 0x67, 0x80, 0x7E, 0x1F, 0xF8, 0xE7, 0x1C, 0xF3, 0x9E, 0x73, 0xCE, 0x77,
    0xFC, 0x78, 0x0F, 0xC3, 0xF8, 0x1C, 0x03, 0x81, 0xFC, 0x00, 0x00, 0x00, 0x2C, 0x01, 0xE0, 0x3F,
    0xC3, 0xDF, 0x3A, 0xD9, 0xD6, 0xCE, 0xA6, 0x70, 0x03, 0x80, 0x1C, 0x00, 0x60, 0x03, 0x80, 0x3F,
    0xF9, 0xFF, 0xC0, 0x1A, 0x1F, 0x87, 0xF8, 0xEE, 0x3B, 0xCE, 0xF3, 0xB8, 0xFC, 0x3F, 0x8E, 0x73,
    0x9C, 0xE7, 0x39, 0xDE, 0xEF, 0xF8, 0x78, 0x1A, 0x00, 0x00, 0x0F, 0xE7, 0xB9, 0xC6, 0x70, 0x3C,
    0x0F, 0x01, 0xC0, 0x70, 0x9F, 0xE3, 0xF8, 0x00, 0x00, 0x1F, 0xE7, 0xF8, 0xFF, 0xFF, 0xC0, 0x00,
    0x00, 0x1C, 0x1F, 0xBF, 0x3B, 0xF7, 0x39, 0x70, 0x38, 0xF0, 0xFF, 0xFC, 0x38, 0xF0, 0x38, 0xF0,
    0x38, 0xF0, 0x38, 0xF0, 0x38, 0xF0, 0x38, 0xF0, 0x38, 0xF0, 0x38, 0xF0, 0xFF, 0xFC, 0x07, 0x80,
    0x7F, 0x83, 0xCE, 0x0E, 0x38, 0x38, 0x03, 0xFF, 0xC3, 0x8F, 0x0E, 0x3C, 0x38, 0xF0, 0xE3, 0xC3,
    0x8F, 0x0E, 0x3C, 0x38, 0xF0, 0xE3, 0xCF, 0xFF, 0x80, 0x07, 0xE0, 0x7F, 0xC3, 0xCF, 0x0E, 0x3C,
    0x38, 0xF3, 0xFF, 0xC3, 0x8F, 0x0E, 0x3C, 0x38, 0xF0, 0xE3, 0xC3, 0x8F, 0x0E, 0x3C, 0x38, 0xF0,
    0xE3, 0xCF, 0xFF, 0x80, 0x00, 0x0F, 0x01, 0xFB, 0xFC, 0x3B, 0xF1, 0xC3, 0x97, 0x18, 0x38, 0xF0,
    0x0F, 0xFF, 0xFE, 0x38, 0xF1, 0xE3, 0x8F, 0x1E, 0x38, 0xF1, 0xE3, 0x8F, 0x1E, 0x38, 0xF1, 0xE3,
    0x8F, 0x1E, 0x38, 0xF1, 0xE3, 0x8F, 0x1E, 0xFF, 0xFF, 0xF0, 0x06, 0x0F, 0xC1, 0xFB, 0xFE, 0x39,
    0xF1, 0xE3, 0x97, 0x1E, 0x38, 0xF1, 0xEF, 0xFF, 0xDE, 0x38, 0xF1, 0xE3, 0x8F, 0x1E, 0x38, 0xF1,
    0xE3, 0x8F, 0x1E, 0x38, 0xF1, 0xE3, 0x8F, 0x1E, 0x38, 0xF1, 0xE3, 0x8F, 0x1E, 0xFF, 0xFB, 0xF0,
    0x07, 0x00, 0x7F, 0x83, 0x8E, 0x0E, 0x38, 0x38, 0xE0, 0xE7, 0xF3, 0x8F, 0x0E, 0x38, 0x38, 0xE0,
    0xE3, 0x83, 0x8E, 0x0E, 0x38, 0x38, 0xE1, 0xE3, 0xFF, 0xE7, 0xC0, 0x00, 0x01, 0xE0, 0x07, 0xF8,
    0x06, 0x3C, 0x06, 0x3C, 0x0E, 0x3C, 0x7F, 0x7F, 0x63, 0x3C, 0x63, 0x3C, 0x78, 0x3C, 0x7E, 0x3C,
    0x3F, 0x3C, 0x47, 0xBC, 0xE3, 0xBC, 0xE3, 0x3F, 0x7E, 0x1F, 0x00, 0x00, 0x00, 0x00, 0x00, 0x30,
    0x00, 0x1E, 0x00, 0x0F, 0xC0, 0x07, 0xF8, 0x03, 0xB3, 0x01, 0xEE, 0x60, 0xFF, 0x9C, 0x7F, 0xCF,
    0x9F, 0xF7, 0xF3, 0xFB, 0xF8, 0x7F, 0xFC, 0x0F, 0xFE, 0x01, 0xCF, 0x00, 0x33, 0x80, 0x07, 0xC0,
    0x00, 0xE0, 0x00, 0x10, 0x00,
};

static const EpdGlyph serif9_boldGlyphs[] = {
    { 0, 0, 0, 0, 0, 0, 0 }, // U+0000
    { 0, 0, 78, 0, 0, 0, 0 }, // U+000D
    { 0, 0, 78, 0, 0, 0, 0 }, // U+0020
    { 5, 15, 115, 1, 14, 10, 0 }, // !
    { 8, 6, 153, 1, 14, 6, 10 }, // "
    { 11, 14, 169, 0, 14, 20, 16 }, // #
    { 10, 17, 169, 0, 15, 22, 36 }, // $
    { 17, 15, 272, 0, 14, 32, 58 }, // %
    { 15, 15, 240, 0, 14, 29, 90 }, // &
    { 4, 6, 87, 1, 14, 3, 119 }, // '
    { 6, 18, 120, 1, 15, 14, 122 }, // (
    { 7, 18, 120, 0, 15, 16, 136 }, // )
    { 9, 9, 151, 0, 15, 11, 152 }, // *
    { 9, 9, 169, 1, 11, 11, 163 }, // +
    { 5, 6, 88, 0, 3, 4, 174 }, // ,
    { 6, 3, 93, 0, 7, 3, 178 }, // -
    { 4, 4, 88, 1, 3, 2, 181 }, // .
    { 6, 18, 86, 0, 15, 14, 183 }, // /
    { 11, 15, 175, 0, 14, 21, 197 }, // 0
    { 10, 14, 152, 0, 14, 18, 218 }, // 1
    { 10, 14, 159, 0, 14, 18, 236 }, // 2
    { 10, 15, 162, 0, 14, 19, 254 }, // 3
    { 11, 14, 167, 0, 14, 20, 273 }, // 4
    { 10, 15, 159, 0, 14, 19, 293 }, // 5
    { 10, 15, 168, 0, 14, 19, 312 }, // 6
    { 10, 14, 163, 0, 14, 18, 331 }, // 7
    { 11, 15, 174, 0, 14, 21, 349 }, // 8
    { 10, 15, 168, 0, 14, 19, 370 }, // 9
    { 4, 12, 91, 1, 11, 6, 389 }, // :
    { 4, 14, 91, 1, 11, 7, 395 }, // ;
    { 9, 11, 169, 1, 12, 13, 402 }, // <
    { 9, 6, 169, 1, 10, 7, 415 }, // =
    { 9, 11, 169, 1, 12, 13, 422 }, // >
    { 10, 15, 165, 0, 14, 19, 435 }, // ?
    { 16, 17, 276, 1, 14, 34, 454 }, // @
    { 15, 14, 226, 0, 14, 27, 488 }, // A
    { 12, 14, 202, 0, 14, 21, 515 }, // B
    { 11, 15, 201, 1, 14, 21, 536 }, // C
    { 14, 14, 230, 0, 14, 25, 557 }, // D
    { 12, 14, 196, 0, 14, 21, 582 }, // E
    { 12, 14, 186, 0, 14, 21, 603 }, // F
    { 13, 15, 231, 1, 14, 25, 624 }, // G
    { 15, 14, 246, 0, 14, 27, 649 }, // H
    { 8, 14, 120, 0, 14, 14, 676 }, // I
    { 9, 19, 119, -1, 14, 22, 690 }, // J
    { 14, 14, 220, 0, 14, 25, 712 }, // K
    { 12, 14, 196, 0, 14, 21, 737 }, // L
    { 18, 14, 286, 0, 14, 32, 758 }, // M
    { 15, 14, 236, 0, 14, 27, 790 }, // N
    { 13, 15, 236, 1, 14, 25, 817 }, // O
    { 12, 14, 191, 0, 14, 21, 842 }, // P
    { 13, 19, 236, 1, 14, 31, 863 }, // Q
    { 14, 14, 214, 0, 14, 25, 894 }, // R
    { 11, 15, 174, 0, 14, 21, 919 }, // S
    { 13, 14, 196, 0, 14, 23, 940 }, // T
    { 14, 15, 224, 0, 14, 27, 963 }, // U
    { 14, 14, 209, 0, 14, 25, 990 }, // V
    { 20, 14, 320, 0, 14, 35, 1015 }, // W
    { 14, 14, 220, 0, 14, 25, 1050 }, // X
    { 14, 14, 208, 0, 14, 25, 1075 }, // Y
    { 12, 14, 200, 0, 14, 21, 1100 }, // Z
    { 7, 18, 124, 1, 15, 16, 1121 }, // [
    { 6, 18, 86, 0, 15, 14, 1137 }, // <backslash>
    { 6, 18, 124, 0, 15, 14, 1151 }, // ]
    { 10, 10, 168, 0, 14, 13, 1165 }, // ^
    { 10, 2, 138, -1, -1, 3, 1178 }, // _
    { 6, 4, 100, 0, 15, 3, 1181 }, // `
    { 11, 12, 180, 0, 11, 17, 1184 }, // a
    { 12, 16, 195, 0, 15, 24, 1201 }, // b
    { 10, 12, 158, 0, 11, 15, 1225 }, // c
    { 12, 16, 195, 0, 15, 24, 1240 }, // d
    { 10, 12, 172, 0, 11, 15, 1264 }, // e
    { 9, 15, 122, 0, 15, 17, 1279 }, // f
    { 11, 16, 168, 0, 11, 22, 1296 }, // g
    { 13, 15, 200, 0, 15, 25, 1318 }, // h
    { 7, 15, 106, 0, 15, 14, 1343 }, // i
    { 6, 20, 103, -1, 15, 15, 1357 }, // j
    { 12, 15, 191, 0, 15, 23, 1372 }, // k
    { 7, 15, 106, 0, 15, 14, 1395 }, // l
    { 19, 11, 296, 0, 11, 27, 1409 }, // m
    { 13, 11, 200, 0, 11, 18, 1436 }, // n
    { 11, 12, 184, 0, 11, 17, 1454 }, // o
    { 12, 16, 193, 0, 11, 24, 1471 }, // p
    { 12, 16, 194, 0, 11, 24, 1495 }, // q
    { 10, 11, 157, 0, 11, 14, 1519 }, // r
    { 9, 12, 144, 0, 11, 14, 1533 }, // s
    { 8, 14, 121, 0, 13, 14, 1547 }, // t
    { 13, 12, 200, 0, 11, 20, 1561 }, // u
    { 12, 11, 182, 0, 11, 17, 1581 }, // v
    { 18, 11, 257, -1, 11, 25, 1598 }, // w
    { 12, 11, 194, 0, 11, 17, 1623 }, // x
    { 11, 16, 174, 0, 11, 22, 1640 }, // y
    { 10, 11, 159, 0, 11, 14, 1662 }, // z
    { 8, 18, 133, 0, 15, 18, 1676 }, // {
    { 2, 20, 169, 4, 15, 5, 1694 }, // |
    { 8, 18, 133, 0, 15, 18, 1699 }, // }
    { 10, 5, 169, 0, 9, 7, 1717 }, // ~
    { 0, 0, 78, 0, 0, 0, 1724 }, // U+00A0
    { 5, 15, 115, 1, 11, 10, 1724 }, // U+00A1
    { 9, 14, 169, 1, 14, 16, 1734 }, // U+00A2
    { 10, 15, 168, 0, 14, 19, 1750 }, // U+00A3
    { 9, 9, 169, 1, 11, 11, 1769 }, // U+00A4
    { 11, 14, 169, 0, 14, 20, 1780 }, // U+00A5
    { 2, 20, 169, 4, 15, 5, 1800 }, // U+00A6
    { 9, 18, 163, 1, 15, 21, 1805 }, // U+00A7
    { 7, 4, 173, 2, 15, 4, 1826 }, // U+00A8
    { 14, 15, 253, 1, 14, 27, 1830 }, // U+00A9
    { 8, 7, 126, 0, 14, 7, 1857 }, // U+00AA
    { 9, 8, 166, 1, 9, 9, 1864 }, // U+00AB
    { 9, 6, 169, 1, 8, 7, 1873 }, // U+00AC
    { 6, 3, 93, 0, 7, 3, 1880 }, // U+00AD
    { 14, 15, 253, 1, 14, 27, 1883 }, // U+00AE
    { 10, 2, 138, -1, 16, 3, 1910 }, // U+00AF
    { 7, 7, 120, 0, 14, 7, 1913 }, // U+00B0
    { 9, 11, 169, 1, 11, 13, 1920 }, // U+00B1
    { 7, 9, 120, 0, 16, 8, 1933 }, // U+00B2
    { 7, 9, 120, 0, 16, 8, 1941 }, // U+00B3
    { 6, 4, 100, 0, 15, 3, 1949 }, // U+00B4
    { 11, 16, 199, 1, 11, 22, 1952 }, // U+00B5
    { 11, 18, 188, 0, 15, 25, 1974 }, // U+00B6
    { 4, 4, 88, 1, 9, 2, 1999 }, // U+00B7
    { 6, 6, 100, 0, 1, 5, 2001 }, // U+00B8
    { 7, 9, 120, 0, 16, 8, 2006 }, // U+00B9
    { 8, 7, 131, 0, 14, 7, 2014 }, // U+00BA
    { 9, 8, 166, 1, 9, 9, 2021 }, // U+00BB
    { 16, 14, 252, 0, 14, 28, 2030 }, // U+00BC
    { 16, 14, 252, 0, 14, 28, 2058 }, // U+00BD
    { 16, 14, 252, 0, 14, 28, 2086 }, // U+00BE
    { 9, 15, 165, 1, 11, 17, 2114 }, // U+00BF
    { 15, 18, 226, 0, 18, 34, 2131 }, // U+00C0
    { 15, 18, 226, 0, 18, 34, 2165 }, // U+00C1
    { 15, 18, 226, 0, 18, 34, 2199 }, // U+00C2
    { 15, 18, 226, 0, 18, 34, 2233 }, // U+00C3
    { 15, 18, 226, 0, 18, 34, 2267 }, // U+00C4
    { 15, 17, 226, 0, 17, 32, 2301 }, // U+00C5
    { 19, 14, 298, 0, 14, 34, 2333 }, // U+00C6
    { 11, 19, 201, 1, 14, 27, 2367 }, // U+00C7
    { 12, 18, 196, 0, 18, 27, 2394 }, // U+00C8
    { 12, 18, 196, 0, 18, 27, 2421 }, // U+00C9
    { 12, 18, 196, 0, 18, 27, 2448 }, // U+00CA
    { 12, 18, 196, 0, 18, 27, 2475 }, // U+00CB
    { 8, 18, 120, 0, 18, 18, 2502 }, // U+00CC
    { 8, 18, 120, 0, 18, 18, 2520 }, // U+00CD
    { 8, 18, 120, 0, 18, 18, 2538 }, // U+00CE
    { 8, 18, 120, 0, 18, 18, 2556 }, // U+00CF
    { 14, 14, 230, 0, 14, 25, 2574 }, // U+00D0
    { 15, 18, 236, 0, 18, 34, 2599 }, // U+00D1
    { 13, 19, 236, 1, 18, 31, 2633 }, // U+00D2
    { 13, 19, 236, 1, 18, 31, 2664 }, // U+00D3
    { 13, 19, 236, 1, 18, 31, 2695 }, // U+00D4
    { 13, 19, 236, 1, 18, 31, 2726 }, // U+00D5
    { 13, 19, 236, 1, 18, 31, 2757 }, // U+00D6
    { 9, 9, 169, 1, 11, 11, 2788 }, // U+00D7
    { 13, 16, 236, 1, 15, 26, 2799 }, // U+00D8
    { 14, 19, 224, 0, 18, 34, 2825 }, // U+00D9
    { 14, 19, 224, 0, 18, 34, 2859 }, // U+00DA
    { 14, 19, 224, 0, 18, 34, 2893 }, // U+00DB
    { 14, 19, 224, 0, 18, 34, 2927 }, // U+00DC
    { 14, 18, 208, 0, 18, 32, 2961 }, // U+00DD
    { 12, 14, 191, 0, 14, 21, 2993 }, // U+00DE
    { 13, 16, 212, 0, 15, 26, 3014 }, // U+00DF
    { 11, 16, 180, 0, 15, 22, 3040 }, // U+00E0
    { 11, 16, 180, 0, 15, 22, 3062 }, // U+00E1
    { 11, 16, 180, 0, 15, 22, 3084 }, // U+00E2
    { 11, 16, 180, 0, 15, 22, 3106 }, // U+00E3
    { 11, 16, 180, 0, 15, 22, 3128 }, // U+00E4
    { 11, 17, 180, 0, 16, 24, 3150 }, // U+00E5
    { 16, 12, 262, 0, 11, 24, 3174 }, // U+00E6
    { 10, 16, 158, 0, 11, 20, 3198 }, // U+00E7
    { 10, 16, 172, 0, 15, 20, 3218 }, // U+00E8
    { 10, 16, 172, 0, 15, 20, 3238 }, // U+00E9
    { 10, 16, 172, 0, 15, 20, 3258 }, // U+00EA
    { 10, 16, 172, 0, 15, 20, 3278 }, // U+00EB
    { 8, 15, 106, -1, 15, 15, 3298 }, // U+00EC
    { 7, 15, 106, 0, 15, 14, 3313 }, // U+00ED
    { 8, 15, 106, -1, 15, 15, 3327 }, // U+00EE
    { 8, 15, 106, -1, 15, 15, 3342 }, // U+00EF
    { 11, 16, 184, 0, 15, 22, 3357 }, // U+00F0
    { 13, 15, 200, 0, 15, 25, 3379 }, // U+00F1
    { 11, 16, 184, 0, 15, 22, 3404 }, // U+00F2
    { 11, 16, 184, 0, 15, 22, 3426 }, // U+00F3
    { 11, 16, 184, 0, 15, 22, 3448 }, // U+00F4
    { 11, 16, 184, 0, 15, 22, 3470 }, // U+00F5
    { 11, 16, 184, 0, 15, 22, 3492 }, // U+00F6
    { 9, 11, 169, 1, 12, 13, 3514 }, // U+00F7
    { 11, 12, 184, 0, 11, 17, 3527 }, // U+00F8
    { 13, 16, 200, 0, 15, 26, 3544 }, // U+00F9
    { 13, 16, 200, 0, 15, 26, 3570 }, // U+00FA
    { 13, 16, 200, 0, 15, 26, 3596 }, // U+00FB
    { 13, 16, 200, 0, 15, 26, 3622 }, // U+00FC
    { 11, 20, 174, 0, 15, 28, 3648 }, // U+00FD
    { 12, 20, 193, 0, 15, 30, 3676 }, // U+00FE
    { 11, 20, 174, 0, 15, 28, 3706 }, // U+00FF
    { 15, 16, 226, 0, 16, 30, 3734 }, // U+0100
    { 11, 14, 180, 0, 13, 20, 3764 }, // U+0101
    { 15, 18, 226, 0, 18, 34, 3784 }, // U+0102
    { 11, 16, 180, 0, 15, 22, 3818 }, // U+0103
    { 15, 19, 226, 0, 14, 36, 3840 }, // U+0104
    { 11, 16, 180, 0, 11, 22, 3876 }, // U+0105
    { 11, 19, 201, 1, 18, 27, 3898 }, // U+0106
    { 10, 16, 158, 0, 15, 20, 3925 }, // U+0107
    { 11, 19, 201, 1, 18, 27, 3945 }, // U+0108
    { 10, 16, 158, 0, 15, 20, 3972 }, // U+0109
    { 11, 19, 201, 1, 18, 27, 3992 }, // U+010A
    { 10, 16, 158, 0, 15, 20, 4019 }, // U+010B
    { 11, 19, 201, 1, 18, 27, 4039 }, // U+010C
    { 10, 16, 158, 0, 15, 20, 4066 }, // U+010D
    { 14, 18, 230, 0, 18, 32, 4086 }, // U+010E
    { 15, 16, 195, 0, 15, 30, 4118 }, // U+010F
    { 14, 14, 230, 0, 14, 25, 4148 }, // U+0110
    { 12, 16, 195, 0, 15, 24, 4173 }, // U+0111
    { 12, 16, 196, 0, 16, 24, 4197 }, // U+0112
    { 10, 14, 172, 0, 13, 18, 4221 }, // U+0113
    { 12, 18, 196, 0, 18, 27, 4239 }, // U+0114
    { 10, 16, 172, 0, 15, 20, 4266 }, // U+0115
    { 12, 18, 196, 0, 18, 27, 4286 }, // U+0116
    { 10, 16, 172, 0, 15, 20, 4313 }, // U+0117
    { 12, 19, 196, 0, 14, 29, 4333 }, // U+0118
    { 10, 16, 171, 0, 11, 20, 4362 }, // U+0119
    { 12, 18, 196, 0, 18, 27, 4382 }, // U+011A
    { 10, 16, 172, 0, 15, 20, 4409 }, // U+011B
    { 13, 19, 231, 1, 18, 31, 4429 }, // U+011C
    { 11, 20, 168, 0, 15, 28, 4460 }, // U+011D
    { 13, 19, 231, 1, 18, 31, 4488 }, // U+011E
    { 11, 20, 168, 0, 15, 28, 4519 }, // U+011F
    { 13, 19, 231, 1, 18, 31, 4547 }, // U+0120
    { 11, 20, 168, 0, 15, 28, 4578 }, // U+0121
    { 13, 19, 231, 1, 14, 31, 4606 }, // U+0122
    { 11, 20, 168, 0, 15, 28, 4637 }, // U+0123
    { 15, 18, 246, 0, 18, 34, 4665 }, // U+0124
    { 13, 19, 200, 0, 19, 31, 4699 }, // U+0125
    { 16, 14, 246, 0, 14, 28, 4730 }, // U+0126
    { 13, 15, 200, 0, 15, 25, 4758 }, // U+0127
    { 8, 18, 120, 0, 18, 18, 4783 }, // U+0128
    { 8, 15, 106, -1, 15, 15, 4801 }, // U+0129
    { 8, 16, 120, 0, 16, 16, 4816 }, // U+012A
    { 7, 13, 106, 0, 13, 12, 4832 }, // U+012B
    { 8, 18, 120, 0, 18, 18, 4844 }, // U+012C
    { 7, 15, 106, 0, 15, 14, 4862 }, // U+012D
    { 8, 19, 120, 0, 14, 19, 4876 }, // U+012E
    { 7, 20, 106, 0, 15, 18, 4895 }, // U+012F
    { 8, 18, 120, 0, 18, 18, 4913 }, // U+0130
    { 7, 11, 106, 0, 11, 10, 4931 }, // U+0131
    { 15, 19, 239, 0, 14, 36, 4941 }, // U+0132
    { 12, 20, 209, 0, 15, 30, 4977 }, // U+0133
    { 9, 23, 119, -1, 18, 26, 5007 }, // U+0134
    { 8, 20, 103, -1, 15, 20, 5033 }, // U+0135
    { 14, 19, 220, 0, 14, 34, 5053 }, // U+0136
    { 12, 20, 191, 0, 15, 30, 5087 }, // U+0137
    { 12, 11, 191, 0, 11, 17, 5117 }, // U+0138
    { 12, 18, 196, 0, 18, 27, 5134 }, // U+0139
    { 7, 19, 106, 0, 19, 17, 5161 }, // U+013A
    { 12, 19, 196, 0, 14, 29, 5178 }, // U+013B
    { 7, 20, 106, 0, 15, 18, 5207 }, // U+013C
    { 12, 14, 196, 0, 14, 21, 5225 }, // U+013D
    { 9, 15, 106, 0, 15, 17, 5246 }, // U+013E
    { 12, 14, 196, 0, 14, 21, 5263 }, // U+013F
    { 10, 15, 141, 0, 15, 19, 5284 }, // U+0140
    { 12, 14, 196, 0, 14, 21, 5303 }, // U+0141
    { 7, 15, 106, 0, 15, 14, 5324 }, // U+0142
    { 15, 18, 236, 0, 18, 34, 5338 }, // U+0143
    { 13, 15, 200, 0, 15, 25, 5372 }, // U+0144
    { 15, 19, 236, 0, 14, 36, 5397 }, // U+0145
    { 13, 16, 200, 0, 11, 26, 5433 }, // U+0146
    { 15, 18, 236, 0, 18, 34, 5459 }, // U+0147
    { 13, 15, 200, 0, 15, 25, 5493 }, // U+0148
    { 16, 14, 256, 0, 14, 28, 5518 }, // U+0149
    { 15, 19, 236, 0, 14, 36, 5546 }, // U+014A
    { 11, 16, 200, 0, 11, 22, 5582 }, // U+014B
    { 13, 17, 236, 1, 16, 28, 5604 }, // U+014C
    { 11, 14, 184, 0, 13, 20, 5632 }, // U+014D
    { 13, 19, 236, 1, 18, 31, 5652 }, // U+014E
    { 11, 16, 184, 0, 15, 22, 5683 }, // U+014F
    { 13, 19, 236, 1, 18, 31, 5705 }, // U+0150
    { 11, 16, 184, 0, 15, 22, 5736 }, // U+0151
    { 18, 15, 306, 1, 14, 34, 5758 }, // U+0152
    { 17, 12, 281, 0, 11, 26, 5792 }, // U+0153
    { 14, 18, 214, 0, 18, 32, 5818 }, // U+0154
    { 10, 15, 157, 0, 15, 19, 5850 }, // U+0155
    { 14, 19, 214, 0, 14, 34, 5869 }, // U+0156
    { 10, 16, 157, 0, 11, 20, 5903 }, // U+0157
    { 14, 18, 214, 0, 18, 32, 5923 }, // U+0158
    { 10, 15, 157, 0, 15, 19, 5955 }, // U+0159
    { 11, 19, 174, 0, 18, 27, 5974 }, // U+015A
    { 9, 16, 144, 0, 15, 18, 6001 }, // U+015B
    { 11, 19, 174, 0, 18, 27, 6019 }, // U+015C
    { 9, 16, 144, 0, 15, 18, 6046 }, // U+015D
    { 11, 19, 174, 0, 14, 27, 6064 }, // U+015E
    { 9, 16, 144, 0, 11, 18, 6091 }, // U+015F
    { 11, 19, 174, 0, 18, 27, 6109 }, // U+0160
    { 9, 16, 144, 0, 15, 18, 6136 }, // U+0161
    { 13, 19, 196, 0, 14, 31, 6154 }, // U+0162
    { 8, 18, 121, 0, 13, 18, 6185 }, // U+0163
    { 13, 18, 196, 0, 18, 30, 6203 }, // U+0164
    { 9, 16, 121, 0, 15, 18, 6233 }, // U+0165
    { 13, 14, 196, 0, 14, 23, 6251 }, // U+0166
    { 8, 14, 121, 0, 13, 14, 6274 }, // U+0167
    { 14, 19, 224, 0, 18, 34, 6288 }, // U+0168
    { 13, 16, 200, 0, 15, 26, 6322 }, // U+0169
    { 14, 17, 224, 0, 16, 30, 6348 }, // U+016A
    { 13, 14, 200, 0, 13, 23, 6378 }, // U+016B
    { 14, 19, 224, 0, 18, 34, 6401 }, // U+016C
    { 13, 16, 200, 0, 15, 26, 6435 }, // U+016D
    { 14, 20, 224, 0, 19, 35, 6461 }, // U+016E
    { 13, 17, 200, 0, 16, 28, 6496 }, // U+016F
    { 14, 19, 224, 0, 18, 34, 6524 }, // U+0170
    { 13, 16, 200, 0, 15, 26, 6558 }, // U+0171
    { 14, 19, 227, 0, 14, 34, 6584 }, // U+0172
    { 13, 16, 200, 0, 11, 26, 6618 }, // U+0173
    { 20, 18, 320, 0, 18, 45, 6644 }, // U+0174
    { 18, 15, 257, -1, 15, 34, 6689 }, // U+0175
    { 14, 18, 208, 0, 18, 32, 6723 }, // U+0176
    { 11, 20, 174, 0, 15, 28, 6755 }, // U+0177
    { 14, 18, 208, 0, 18, 32, 6783 }, // U+0178
    { 12, 18, 200, 0, 18, 27, 6815 }, // U+0179
    { 10, 15, 159, 0, 15, 19, 6842 }, // U+017A
    { 12, 18, 200, 0, 18, 27, 6861 }, // U+017B
    { 10, 15, 159, 0, 15, 19, 6888 }, // U+017C
    { 12, 18, 200, 0, 18, 27, 6907 }, // U+017D
    { 10, 15, 159, 0, 15, 19, 6934 }, // U+017E
    { 9, 15, 118, 0, 15, 17, 6953 }, // U+017F
    { 15, 16, 253, 1, 15, 30, 6970 }, // U+01A0
    { 13, 13, 201, 0, 12, 22, 7000 }, // U+01A1
    { 16, 16, 256, 0, 15, 32, 7022 }, // U+01AF
    { 15, 13, 233, 0, 12, 25, 7054 }, // U+01B0
    { 27, 18, 430, 0, 18, 61, 7079 }, // U+01C4
    { 24, 15, 389, 0, 15, 45, 7140 }, // U+01C5
    { 22, 16, 353, 0, 15, 44, 7185 }, // U+01C6
    { 20, 19, 307, 0, 14, 48, 7229 }, // U+01C7
    { 18, 20, 300, 0, 15, 45, 7277 }, // U+01C8
    { 12, 20, 209, 0, 15, 30, 7322 }, // U+01C9
    { 22, 19, 347, 0, 14, 53, 7352 }, // U+01CA
    { 20, 20, 340, 0, 15, 50, 7405 }, // U+01CB
    { 18, 20, 304, 0, 15, 45, 7455 }, // U+01CC
    { 15, 18, 226, 0, 18, 34, 7500 }, // U+01CD
    { 11, 16, 180, 0, 15, 22, 7534 }, // U+01CE
    { 8, 18, 120, 0, 18, 18, 7556 }, // U+01CF
    { 8, 15, 106, -1, 15, 15, 7574 }, // U+01D0
    { 13, 19, 236, 1, 18, 31, 7589 }, // U+01D1
    { 11, 16, 184, 0, 15, 22, 7620 }, // U+01D2
    { 14, 19, 224, 0, 18, 34, 7642 }, // U+01D3
    { 13, 16, 200, 0, 15, 26, 7676 }, // U+01D4
    { 14, 21, 224, 0, 20, 37, 7702 }, // U+01D5
    { 13, 17, 200, 0, 16, 28, 7739 }, // U+01D6
    { 14, 21, 224, 0, 20, 37, 7767 }, // U+01D7
    { 13, 18, 200, 0, 17, 30, 7804 }, // U+01D8
    { 14, 21, 224, 0, 20, 37, 7834 }, // U+01D9
    { 13, 18, 200, 0, 17, 30, 7871 }, // U+01DA
    { 14, 21, 224, 0, 20, 37, 7901 }, // U+01DB
    { 13, 18, 200, 0, 17, 30, 7938 }, // U+01DC
    { 10, 12, 172, 0, 11, 15, 7968 }, // U+01DD
    { 15, 20, 226, 0, 20, 38, 7983 }, // U+01DE
    { 11, 17, 180, 0, 16, 24, 8021 }, // U+01DF
    { 15, 20, 226, 0, 20, 38, 8045 }, // U+01E0
    { 11, 17, 180, 0, 16, 24, 8083 }, // U+01E1
    { 19, 16, 298, 0, 16, 38, 8107 }, // U+01E2
    { 16, 14, 262, 0, 13, 28, 8145 }, // U+01E3
    { 13, 15, 231, 1, 14, 25, 8173 }, // U+01E4
    { 11, 16, 168, 0, 11, 22, 8198 }, // U+01E5
    { 13, 19, 231, 1, 18, 31, 8220 }, // U+01E6
    { 11, 20, 168, 0, 15, 28, 8251 }, // U+01E7
    { 14, 18, 220, 0, 18, 32, 8279 }, // U+01E8
    { 12, 19, 191, 0, 19, 29, 8311 }, // U+01E9
    { 13, 19, 236, 1, 14, 31, 8340 }, // U+01EA
    { 11, 16, 184, 0, 11, 22, 8371 }, // U+01EB
    { 13, 21, 236, 1, 16, 35, 8393 }, // U+01EC
    { 11, 18, 184, 0, 13, 25, 8428 }, // U+01ED
    { 11, 19, 185, 0, 18, 27, 8453 }, // U+01EE
    { 10, 20, 168, 0, 15, 25, 8480 }, // U+01EF
    { 8, 20, 103, -1, 15, 20, 8505 }, // U+01F0
    { 27, 14, 430, 0, 14, 48, 8525 }, // U+01F1
    { 24, 14, 389, 0, 14, 42, 8573 }, // U+01F2
    { 22, 16, 353, 0, 15, 44, 8615 }, // U+01F3
    { 13, 19, 231, 1, 18, 31, 8659 }, // U+01F4
    { 11, 20, 168, 0, 15, 28, 8690 }, // U+01F5
    { 22, 15, 343, 0, 14, 42, 8718 }, // U+01F6
    { 13, 19, 219, 0, 14, 31, 8760 }, // U+01F7
    { 15, 18, 236, 0, 18, 34, 8791 }, // U+01F8
    { 13, 15, 200, 0, 15, 25, 8825 }, // U+01F9
    { 15, 18, 226, 0, 18, 34, 8850 }, // U+01FA
    { 11, 19, 180, 0, 18, 27, 8884 }, // U+01FB
    { 19, 18, 298, 0, 18, 43, 8911 }, // U+01FC
    { 16, 16, 262, 0, 15, 32, 8954 }, // U+01FD
    { 13, 19, 236, 1, 18, 31, 8986 }, // U+01FE
    { 11, 16, 184, 0, 15, 22, 9017 }, // U+01FF
    { 15, 18, 226, 0, 18, 34, 9039 }, // U+0200
    { 11, 16, 180, 0, 15, 22, 9073 }, // U+0201
    { 15, 18, 226, 0, 18, 34, 9095 }, // U+0202
    { 11, 16, 180, 0, 15, 22, 9129 }, // U+0203
    { 12, 18, 196, 0, 18, 27, 9151 }, // U+0204
    { 10, 16, 172, 0, 15, 20, 9178 }, // U+0205
    { 12, 18, 196, 0, 18, 27, 9198 }, // U+0206
    { 10, 16, 172, 0, 15, 20, 9225 }, // U+0207
    { 10, 18, 120, -2, 18, 23, 9245 }, // U+0208
    { 9, 15, 106, -2, 15, 17, 9268 }, // U+0209
    { 8, 18, 120, 0, 18, 18, 9285 }, // U+020A
    { 7, 15, 106, 0, 15, 14, 9303 }, // U+020B
    { 13, 19, 236, 1, 18, 31, 9317 }, // U+020C
    { 11, 16, 184, 0, 15, 22, 9348 }, // U+020D
    { 13, 19, 236, 1, 18, 31, 9370 }, // U+020E
    { 11, 16, 184, 0, 15, 22, 9401 }, // U+020F
    { 14, 18, 212, 0, 18, 32, 9423 }, // U+0210
    { 10, 15, 157, 0, 15, 19, 9455 }, // U+0211
    { 14, 18, 212, 0, 18, 32, 9474 }, // U+0212
    { 10, 15, 157, 0, 15, 19, 9506 }, // U+0213
    { 14, 19, 224, 0, 18, 34, 9525 }, // U+0214
    { 13, 16, 200, 0, 15, 26, 9559 }, // U+0215
    { 14, 19, 224, 0, 18, 34, 9585 }, // U+0216
    { 13, 16, 200, 0, 15, 26, 9619 }, // U+0217
    { 11, 19, 174, 0, 14, 27, 9645 }, // U+0218
    { 9, 16, 144, 0, 11, 18, 9672 }, // U+0219
    { 13, 19, 196, 0, 14, 31, 9690 }, // U+021A
    { 8, 18, 121, 0, 13, 18, 9721 }, // U+021B
    { 10, 17, 185, 1, 14, 22, 9739 }, // U+021C
    { 10, 16, 162, 0, 11, 20, 9761 }, // U+021D
    { 15, 18, 246, 0, 18, 34, 9781 }, // U+021E
    { 13, 19, 200, 0, 19, 31, 9815 }, // U+021F
    { 6, 4, 0, -9, 15, 3, 9846 }, // U+0300
    { 6, 4, 0, -7, 15, 3, 9849 }, // U+0301
    { 7, 4, 0, -9, 15, 4, 9852 }, // U+0302
    { 8, 4, 0, -10, 15, 4, 9856 }, // U+0303
    { 6, 2, 0, -3, 13, 2, 9860 }, // U+0304
    { 10, 2, 0, -5, 16, 3, 9862 }, // U+0305
    { 6, 4, 0, -3, 15, 3, 9865 }, // U+0306
    { 4, 4, 0, -2, 15, 2, 9868 }, // U+0307
    { 8, 4, 0, -4, 15, 4, 9870 }, // U+0308
    { 5, 5, 0, -8, 16, 4, 9874 }, // U+0309
    { 6, 5, 0, -3, 16, 4, 9878 }, // U+030A
    { 8, 4, 0, -4, 15, 4, 9882 }, // U+030B
    { 8, 4, 0, -10, 15, 4, 9886 }, // U+030C
    { 2, 4, 0, -1, 15, 1, 9890 }, // U+030D
    { 6, 4, 0, -3, 15, 3, 9891 }, // U+030E
    { 9, 4, 0, -11, 15, 5, 9894 }, // U+030F
    { 8, 6, 0, -4, 17, 6, 9899 }, // U+0310
    { 6, 4, 0, -3, 15, 3, 9905 }, // U+0311
    { 4, 7, 0, -2, 14, 4, 9908 }, // U+0312
    { 4, 7, 0, -2, 14, 4, 9912 }, // U+0313
    { 4, 7, 0, -2, 14, 4, 9916 }, // U+0314
    { 4, 7, 0, -2, 14, 4, 9920 }, // U+0315
    { 6, 4, 0, -3, -1, 3, 9924 }, // U+0316
    { 6, 4, 0, -3, -1, 3, 9927 }, // U+0317
    { 4, 4, 0, -2, 0, 2, 9930 }, // U+0318
    { 4, 4, 0, -2, 0, 2, 9932 }, // U+0319
    { 6, 6, 111, 0, 15, 5, 9934 }, // U+031A
    { 4, 5, 0, -2, 15, 3, 9939 }, // U+031B
    { 4, 5, 0, -2, 0, 3, 9942 }, // U+031C
    { 4, 4, 0, -2, 0, 2, 9945 }, // U+031D
    { 4, 4, 0, -2, 0, 2, 9947 }, // U+031E
    { 4, 5, 0, -2, 0, 3, 9949 }, // U+031F
    { 4, 2, 0, -2, -1, 1, 9952 }, // U+0320
    { 4, 5, 0, -2, 1, 3, 9953 }, // U+0321
    { 4, 5, 0, -2, 1, 3, 9956 }, // U+0322
    { 5, 3, 0, -8, -1, 2, 9959 }, // U+0323
    { 8, 4, 0, -4, 0, 4, 9961 }, // U+0324
    { 6, 5, 0, -3, 0, 4, 9965 }, // U+0325
    { 4, 4, 0, -2, -1, 2, 9969 }, // U+0326
    { 6, 6, 0, -3, 1, 5, 9971 }, // U+0327
    { 6, 5, 0, -3, 0, 4, 9976 }, // U+0328
    { 2, 5, 0, -1, 0, 2, 9980 }, // U+0329
    { 8, 4, 0, -4, -1, 4, 9982 }, // U+032A
    { 6, 3, 0, -3, -1, 3, 9986 }, // U+032B
    { 8, 4, 0, -4, -1, 4, 9989 }, // U+032C
    { 8, 4, 0, -4, -1, 4, 9993 }, // U+032D
    { 7, 4, 0, -4, -1, 4, 9997 }, // U+032E
    { 7, 4, 0, -4, -1, 4, 10001 }, // U+032F
    { 8, 4, 0, -4, -1, 4, 10005 }, // U+0330
    { 6, 3, 0, -3, -1, 3, 10009 }, // U+0331
    { 8, 3, 0, -4, -1, 3, 10012 }, // U+0332
    { 8, 5, 0, -4, 0, 5, 10015 }, // U+0333
    { 8, 4, 0, -4, 8, 4, 10020 }, // U+0334
    { 8, 3, 0, -4, 7, 3, 10024 }, // U+0335
    { 14, 3, 0, -7, 7, 6, 10027 }, // U+0336
    { 8, 6, 0, -4, 8, 6, 10033 }, // U+0337
    { 8, 17, 0, -4, 15, 17, 10039 }, // U+0338
    { 4, 5, 0, -2, 0, 3, 10056 }, // U+0339
    { 8, 4, 0, -4, -1, 4, 10059 }, // U+033A
    { 8, 5, 0, -4, 0, 5, 10063 }, // U+033B
    { 6, 3, 0, -3, -1, 3, 10068 }, // U+033C
    { 4, 5, 0, -2, 15, 3, 10071 }, // U+033D
    { 4, 7, 0, -2, 17, 4, 10074 }, // U+033E
    { 8, 4, 0, -4, 18, 4, 10078 }, // U+033F
    { 5, 4, 0, -3, 15, 3, 10082 }, // U+0340
    { 5, 4, 0, -2, 15, 3, 10085 }, // U+0341
    { 8, 4, 0, -4, 15, 4, 10088 }, // U+0342
    { 4, 5, 0, -2, 16, 3, 10092 }, // U+0343
    { 8, 5, 0, -4, 15, 5, 10095 }, // U+0344
    { 4, 4, 0, 1, -1, 2, 10100 }, // U+0345
    { 8, 4, 0, -4, 15, 4, 10102 }, // U+0346
    { 8, 5, 0, -4, 0, 5, 10106 }, // U+0347
    { 6, 4, 0, -3, 0, 3, 10111 }, // U+0348
    { 4, 4, 0, -2, -1, 2, 10114 }, // U+0349
    { 8, 5, 0, -4, 15, 5, 10116 }, // U+034A
    { 8, 9, 0, -4, 19, 9, 10121 }, // U+034B
    { 8, 7, 0, -4, 18, 7, 10130 }, // U+034C
    { 6, 5, 0, -3, 0, 4, 10137 }, // U+034D
    { 4, 5, 0, -2, 0, 3, 10141 }, // U+034E
    { 14, 14, 0, -7, 14, 25, 10144 }, // U+034F
    { 4, 5, 0, -2, 15, 3, 10169 }, // U+0350
    { 4, 5, 0, -2, 16, 3, 10172 }, // U+0351
    { 8, 6, 0, -4, 17, 6, 10175 }, // U+0352
    { 4, 5, 0, -2, 0, 3, 10181 }, // U+0353
    { 4, 5, 0, -2, 0, 3, 10184 }, // U+0354
    { 4, 5, 0, -2, 0, 3, 10187 }, // U+0355
    { 8, 5, 0, -4, 0, 5, 10190 }, // U+0356
    { 4, 5, 0, -2, 16, 3, 10195 }, // U+0357
    { 4, 4, 0, 1, 15, 2, 10198 }, // U+0358
    { 6, 5, 0, -3, 0, 4, 10200 }, // U+0359
    { 8, 5, 0, -4, 0, 5, 10204 }, // U+035A
    { 4, 4, 0, -2, 15, 2, 10209 }, // U+035B
    { 16, 4, 0, -8, 0, 8, 10211 }, // U+035C
    { 16, 4, 0, -8, 15, 8, 10219 }, // U+035D
    { 12, 2, 0, -6, 13, 3, 10227 }, // U+035E
    { 12, 2, 0, -6, -1, 3, 10230 }, // U+035F
    { 16, 4, 0, -8, 15, 8, 10233 }, // U+0360
    { 16, 4, 0, -8, 16, 8, 10241 }, // U+0361
    { 12, 5, 0, -6, 0, 8, 10249 }, // U+0362
    { 5, 5, 0, -2, 16, 4, 10257 }, // U+0363
    { 5, 5, 0, -2, 16, 4, 10261 }, // U+0364
    { 4, 7, 0, -2, 18, 4, 10265 }, // U+0365
    { 5, 5, 0, -2, 16, 4, 10269 }, // U+0366
    { 6, 5, 0, -3, 16, 4, 10273 }, // U+0367
    { 5, 5, 0, -2, 16, 4, 10277 }, // U+0368
    { 6, 7, 0, -3, 18, 6, 10281 }, // U+0369
    { 6, 7, 0, -3, 18, 6, 10287 }, // U+036A
    { 9, 5, 0, -4, 16, 6, 10293 }, // U+036B
    { 5, 5, 0, -2, 16, 4, 10299 }, // U+036C
    { 4, 6, 0, -2, 17, 3, 10303 }, // U+036D
    { 6, 5, 0, -3, 16, 4, 10306 }, // U+036E
    { 6, 5, 0, -3, 16, 4, 10310 }, // U+036F
    { 12, 18, 196, 0, 18, 27, 10314 }, // U+0400
    { 12, 18, 196, 0, 18, 27, 10341 }, // U+0401
    { 15, 14, 247, 0, 14, 27, 10368 }, // U+0402
    { 11, 18, 179, 0, 18, 25, 10395 }, // U+0403
    { 12, 15, 197, 0, 14, 23, 10420 }, // U+0404
    { 11, 15, 175, 0, 14, 21, 10443 }, // U+0405
    { 7, 14, 118, 0, 14, 13, 10464 }, // U+0406
    { 7, 18, 118, 0, 18, 16, 10477 }, // U+0407
    { 8, 19, 118, -1, 14, 19, 10493 }, // U+0408
    { 18, 15, 292, 0, 14, 34, 10512 }, // U+0409
    { 19, 14, 310, 0, 14, 34, 10546 }, // U+040A
    { 17, 14, 266, 0, 14, 30, 10580 }, // U+040B
    { 14, 18, 219, 0, 18, 32, 10610 }, // U+040C
    { 15, 18, 247, 0, 18, 34, 10642 }, // U+040D
    { 14, 19, 210, 0, 18, 34, 10676 }, // U+040E
    { 15, 18, 241, 0, 14, 34, 10710 }, // U+040F
    { 15, 14, 225, 0, 14, 27, 10744 }, // U+0410
    { 12, 14, 191, 0, 14, 21, 10771 }, // U+0411
    { 13, 14, 208, 0, 14, 23, 10792 }, // U+0412
    { 11, 14, 179, 0, 14, 20, 10815 }, // U+0413
    { 14, 18, 226, 0, 14, 32, 10835 }, // U+0414
    { 12, 14, 196, 0, 14, 21, 10867 }, // U+0415
    { 20, 14, 310, 0, 14, 35, 10888 }, // U+0416
    { 11, 15, 186, 0, 14, 21, 10923 }, // U+0417
    { 15, 14, 247, 0, 14, 27, 10944 }, // U+0418
    { 15, 18, 247, 0, 18, 34, 10971 }, // U+0419
    { 14, 14, 219, 0, 14, 25, 11005 }, // U+041A
    { 14, 15, 225, 0, 14, 27, 11030 }, // U+041B
    { 18, 14, 291, 0, 14, 32, 11057 }, // U+041C
    { 15, 14, 244, 0, 14, 27, 11089 }, // U+041D
    { 14, 15, 232, 0, 14, 27, 11116 }, // U+041E
    { 15, 14, 241, 0, 14, 27, 11143 }, // U+041F
    { 12, 14, 191, 0, 14, 21, 11170 }, // U+0420
    { 12, 15, 197, 0, 14, 23, 11191 }, // U+0421
    { 13, 14, 202, 0, 14, 23, 11214 }, // U+0422
    { 14, 15, 210, 0, 14, 27, 11237 }, // U+0423
    { 17, 15, 283, 0, 14, 32, 11264 }, // U+0424
    { 14, 14, 220, 0, 14, 25, 11296 }, // U+0425
    { 15, 18, 242, 0, 14, 34, 11321 }, // U+0426
    { 15, 14, 235, 0, 14, 27, 11355 }, // U+0427
    { 21, 14, 342, 0, 14, 37, 11382 }, // U+0428
    { 21, 18, 343, 0, 14, 48, 11419 }, // U+0429
    { 14, 14, 222, 0, 14, 25, 11467 }, // U+042A
    { 18, 14, 295, 0, 14, 32, 11492 }, // U+042B
    { 12, 14, 191, 0, 14, 21, 11524 }, // U+042C
    { 12, 15, 197, 0, 14, 23, 11545 }, // U+042D
    { 20, 15, 324, 0, 14, 38, 11568 }, // U+042E
    { 14, 14, 210, -1, 14, 25, 11606 }, // U+042F
    { 11, 12, 178, 0, 11, 17, 11631 }, // U+0430
    { 11, 16, 181, 0, 15, 22, 11648 }, // U+0431
    { 11, 11, 181, 0, 11, 16, 11670 }, // U+0432
    { 10, 11, 151, 0, 11, 14, 11686 }, // U+0433
    { 12, 15, 187, 0, 11, 23, 11700 }, // U+0434
    { 10, 12, 169, 0, 11, 15, 11723 }, // U+0435
    { 17, 11, 265, 0, 11, 24, 11738 }, // U+0436
    { 9, 12, 152, 0, 11, 14, 11762 }, // U+0437
    { 13, 11, 204, 0, 11, 18, 11776 }, // U+0438
    { 13, 15, 204, 0, 15, 25, 11794 }, // U+0439
    { 12, 11, 186, 0, 11, 17, 11819 }, // U+043A
    { 12, 12, 187, 0, 11, 18, 11836 }, // U+043B
    { 16, 11, 256, 0, 11, 22, 11854 }, // U+043C
    { 13, 11, 202, 0, 11, 18, 11876 }, // U+043D
    { 11, 12, 182, 0, 11, 17, 11894 }, // U+043E
    { 13, 11, 199, 0, 11, 18, 11911 }, // U+043F
    { 12, 16, 194, 0, 11, 24, 11929 }, // U+0440
    { 10, 12, 157, 0, 11, 15, 11953 }, // U+0441
    { 11, 11, 167, 0, 11, 16, 11968 }, // U+0442
    { 12, 16, 181, 0, 11, 24, 11984 }, // U+0443
    { 15, 20, 243, 0, 15, 38, 12008 }, // U+0444
    { 12, 11, 194, 0, 11, 17, 12046 }, // U+0445
    { 13, 15, 201, 0, 11, 25, 12063 }, // U+0446
    { 12, 11, 198, 0, 11, 17, 12088 }, // U+0447
    { 18, 11, 284, 0, 11, 25, 12105 }, // U+0448
    { 18, 15, 286, 0, 11, 34, 12130 }, // U+0449
    { 13, 11, 199, 0, 11, 18, 12164 }, // U+044A
    { 17, 11, 263, 0, 11, 24, 12182 }, // U+044B
    { 11, 11, 171, 0, 11, 16, 12206 }, // U+044C
    { 10, 12, 157, 0, 11, 15, 12222 }, // U+044D
    { 16, 12, 259, 0, 11, 24, 12237 }, // U+044E
    { 12, 11, 183, 0, 11, 17, 12261 }, // U+044F
    { 10, 16, 169, 0, 15, 20, 12278 }, // U+0450
    { 10, 16, 169, 0, 15, 20, 12298 }, // U+0451
    { 11, 20, 189, 0, 15, 28, 12318 }, // U+0452
    { 10, 15, 151, 0, 15, 19, 12346 }, // U+0453
    { 10, 12, 157, 0, 11, 15, 12365 }, // U+0454
    { 9, 12, 144, 0, 11, 14, 12380 }, // U+0455
    { 7, 15, 106, 0, 15, 14, 12394 }, // U+0456
    { 7, 15, 106, 0, 15, 14, 12408 }, // U+0457
    { 6, 20, 100, -1, 15, 15, 12422 }, // U+0458
    { 16, 12, 250, 0, 11, 24, 12437 }, // U+0459
    { 17, 11, 265, 0, 11, 24, 12461 }, // U+045A
    { 13, 15, 198, 0, 15, 25, 12485 }, // U+045B
    { 12, 15, 188, 0, 15, 23, 12510 }, // U+045C
    { 13, 15, 204, 0, 15, 25, 12533 }, // U+045D
    { 12, 20, 181, 0, 15, 30, 12558 }, // U+045E
    { 13, 15, 199, 0, 11, 25, 12588 }, // U+045F
    { 19, 14, 308, 0, 14, 34, 12613 }, // U+0460
    { 16, 11, 269, 0, 11, 22, 12647 }, // U+0461
    { 14, 14, 215, 0, 14, 25, 12669 }, // U+0462
    { 11, 15, 181, 0, 15, 21, 12694 }, // U+0463
    { 19, 15, 310, 0, 14, 36, 12715 }, // U+0464
    { 16, 12, 257, 0, 11, 24, 12751 }, // U+0465
    { 15, 14, 238, 0, 14, 27, 12775 }, // U+0466
    { 13, 11, 200, 0, 11, 18, 12802 }, // U+0467
    { 22, 14, 351, 0, 14, 39, 12820 }, // U+0468
    { 18, 11, 288, 0, 11, 25, 12859 }, // U+0469
    { 18, 14, 276, 0, 14, 32, 12884 }, // U+046A
    { 15, 11, 239, 0, 11, 21, 12916 }, // U+046B
    { 25, 14, 390, 0, 14, 44, 12937 }, // U+046C
    { 21, 11, 328, 0, 11, 29, 12981 }, // U+046D
    { 10, 21, 185, 1, 16, 27, 13010 }, // U+046E
    { 10, 18, 159, 0, 13, 23, 13037 }, // U+046F
    { 18, 14, 293, 0, 14, 32, 13060 }, // U+0470
    { 13, 20, 212, 0, 15, 33, 13092 }, // U+0471
    { 13, 15, 236, 1, 14, 25, 13125 }, // U+0472
    { 11, 12, 186, 0, 11, 17, 13150 }, // U+0473
    { 15, 14, 223, 0, 14, 27, 13167 }, // U+0474
    { 13, 11, 192, 0, 11, 18, 13194 }, // U+0475
    { 15, 18, 223, 0, 18, 34, 13212 }, // U+0476
    { 13, 15, 192, 0, 15, 25, 13246 }, // U+0477
    { 24, 19, 391, 1, 14, 57, 13271 }, // U+0478
    { 22, 16, 337, 0, 11, 44, 13328 }, // U+0479
    { 14, 17, 248, 1, 15, 30, 13372 }, // U+047A
    { 12, 14, 193, 0, 12, 21, 13402 }, // U+047B
    { 20, 21, 337, 1, 20, 53, 13423 }, // U+047C
    { 18, 19, 289, 0, 18, 43, 13476 }, // U+047D
    { 19, 17, 308, 0, 17, 41, 13519 }, // U+047E
    { 16, 14, 269, 0, 14, 28, 13560 }, // U+047F
    { 11, 19, 201, 1, 14, 27, 13588 }, // U+0480
    { 10, 16, 158, 0, 11, 20, 13615 }, // U+0481
    { 11, 13, 183, 0, 12, 18, 13635 }, // U+0482
    { 8, 4, 0, -4, 14, 4, 13653 }, // U+0483
    { 8, 4, 0, -4, 15, 4, 13657 }, // U+0484
    { 4, 4, 0, -2, 15, 2, 13661 }, // U+0485
    { 4, 4, 0, -2, 15, 2, 13663 }, // U+0486
    { 8, 3, 0, -4, 17, 3, 13665 }, // U+0487
    { 24, 22, 0, -12, 16, 66, 13668 }, // U+0488
    { 24, 24, 0, -12, 17, 72, 13734 }, // U+0489
    { 16, 22, 247, 0, 18, 44, 13806 }, // U+048A
    { 13, 19, 204, 0, 15, 31, 13850 }, // U+048B
    { 12, 15, 191, 0, 15, 23, 13881 }, // U+048C
    { 11, 13, 181, 0, 13, 18, 13904 }, // U+048D
    { 12, 14, 191, 0, 14, 21, 13922 }, // U+048E
    { 12, 16, 193, 0, 11, 24, 13943 }, // U+048F
    { 11, 17, 164, 0, 17, 24, 13967 }, // U+0490
    { 9, 13, 137, 0, 13, 15, 13991 }, // U+0491
    { 11, 14, 177, 0, 14, 20, 14006 }, // U+0492
    { 10, 11, 152, 0, 11, 14, 14026 }, // U+0493
    { 13, 19, 216, 0, 14, 31, 14040 }, // U+0494
    { 11, 16, 184, 0, 11, 22, 14071 }, // U+0495
    { 20, 18, 325, 0, 14, 45, 14093 }, // U+0496
    { 18, 15, 287, 0, 11, 34, 14138 }, // U+0497
    { 11, 19, 185, 0, 14, 27, 14172 }, // U+0498
    { 10, 16, 159, 0, 11, 20, 14199 }, // U+0499
    { 14, 18, 227, 0, 14, 32, 14219 }, // U+049A
    { 13, 15, 199, 0, 11, 25, 14251 }, // U+049B
    { 15, 14, 226, 0, 14, 27, 14276 }, // U+049C
    { 13, 11, 202, 0, 11, 18, 14303 }, // U+049D
    { 14, 14, 216, 0, 14, 25, 14321 }, // U+049E
    { 13, 15, 193, 0, 15, 25, 14346 }, // U+049F
    { 16, 14, 249, 0, 14, 28, 14371 }, // U+04A0
    { 15, 11, 231, 0, 11, 21, 14399 }, // U+04A1
    { 15, 18, 246, 0, 14, 34, 14420 }, // U+04A2
    { 13, 15, 207, 0, 11, 25, 14454 }, // U+04A3
    { 18, 14, 278, 0, 14, 32, 14479 }, // U+04A4
    { 16, 11, 245, 0, 11, 22, 14511 }, // U+04A5
    { 21, 19, 338, 0, 14, 50, 14533 }, // U+04A6
    { 17, 16, 280, 0, 11, 34, 14583 }, // U+04A7
    { 15, 15, 254, 1, 14, 29, 14617 }, // U+04A8
    { 13, 12, 214, 0, 11, 20, 14646 }, // U+04A9
    { 11, 19, 201, 1, 14, 27, 14666 }, // U+04AA
    { 10, 16, 158, 0, 11, 20, 14693 }, // U+04AB
    { 13, 18, 196, 0, 14, 30, 14713 }, // U+04AC
    { 11, 15, 170, 0, 11, 21, 14743 }, // U+04AD
    { 14, 14, 208, 0, 14, 25, 14764 }, // U+04AE
    { 12, 16, 182, 0, 11, 24, 14789 }, // U+04AF
    { 14, 14, 208, 0, 14, 25, 14813 }, // U+04B0
    { 12, 16, 182, 0, 11, 24, 14838 }, // U+04B1
    { 14, 18, 226, 0, 14, 32, 14862 }, // U+04B2
    { 13, 15, 194, 0, 11, 25, 14894 }, // U+04B3
    { 19, 18, 298, 0, 14, 43, 14919 }, // U+04B4
    { 16, 15, 261, 0, 11, 30, 14962 }, // U+04B5
    { 15, 18, 234, 0, 14, 34, 14992 }, // U+04B6
    { 13, 15, 204, 0, 11, 25, 15026 }, // U+04B7
    { 15, 14, 235, 0, 14, 27, 15051 }, // U+04B8
    { 12, 11, 198, 0, 11, 17, 15078 }, // U+04B9
    { 15, 14, 234, 0, 14, 27, 15095 }, // U+04BA
    { 13, 15, 200, 0, 15, 25, 15122 }, // U+04BB
    { 16, 15, 257, 0, 14, 30, 15147 }, // U+04BC
    { 13, 12, 211, 0, 11, 20, 15177 }, // U+04BD
    { 16, 18, 257, 0, 14, 36, 15197 }, // U+04BE
    { 13, 15, 211, 0, 11, 25, 15233 }, // U+04BF
    { 8, 14, 120, 0, 14, 14, 15258 }, // U+04C0
    { 20, 18, 310, 0, 18, 45, 15272 }, // U+04C1
    { 17, 15, 265, 0, 15, 32, 15317 }, // U+04C2
    { 14, 19, 218, 0, 14, 34, 15349 }, // U+04C3
    { 12, 16, 198, 0, 11, 24, 15383 }, // U+04C4
    { 14, 18, 225, 0, 14, 32, 15407 }, // U+04C5
    { 12, 15, 187, 0, 11, 23, 15439 }, // U+04C6
    { 15, 19, 246, 0, 14, 36, 15462 }, // U+04C7
    { 13, 16, 207, 0, 11, 26, 15498 }, // U+04C8
    { 16, 18, 246, 0, 14, 36, 15524 }, // U+04C9
    { 13, 15, 202, 0, 11, 25, 15560 }, // U+04CA
    { 15, 18, 234, 0, 14, 34, 15585 }, // U+04CB
    { 13, 15, 204, 0, 11, 25, 15619 }, // U+04CC
    { 18, 18, 291, 0, 14, 41, 15644 }, // U+04CD
    { 16, 15, 256, 0, 11, 30, 15685 }, // U+04CE
    { 8, 14, 120, 0, 14, 14, 15715 }, // U+04CF
    { 15, 18, 226, 0, 18, 34, 15729 }, // U+04D0
    { 11, 16, 180, 0, 15, 22, 15763 }, // U+04D1
    { 15, 18, 226, 0, 18, 34, 15785 }, // U+04D2
    { 11, 16, 180, 0, 15, 22, 15819 }, // U+04D3
    { 19, 14, 298, 0, 14, 34, 15841 }, // U+04D4
    { 16, 12, 262, 0, 11, 24, 15875 }, // U+04D5
    { 12, 18, 196, 0, 18, 27, 15899 }, // U+04D6
    { 10, 16, 172, 0, 15, 20, 15926 }, // U+04D7
    { 12, 15, 218, 1, 14, 23, 15946 }, // U+04D8
    { 10, 12, 172, 0, 11, 15, 15969 }, // U+04D9
    { 12, 19, 218, 1, 18, 29, 15984 }, // U+04DA
    { 10, 16, 172, 0, 15, 20, 16013 }, // U+04DB
    { 20, 18, 310, 0, 18, 45, 16033 }, // U+04DC
    { 17, 15, 265, 0, 15, 32, 16078 }, // U+04DD
    { 11, 19, 188, 0, 18, 27, 16110 }, // U+04DE
    { 9, 16, 152, 0, 15, 18, 16137 }, // U+04DF
    { 11, 15, 185, 0, 14, 21, 16155 }, // U+04E0
    { 10, 16, 168, 0, 11, 20, 16176 }, // U+04E1
    { 15, 16, 247, 0, 16, 30, 16196 }, // U+04E2
    { 13, 13, 204, 0, 13, 22, 16226 }, // U+04E3
    { 15, 18, 247, 0, 18, 34, 16248 }, // U+04E4
    { 13, 15, 204, 0, 15, 25, 16282 }, // U+04E5
    { 13, 19, 236, 1, 18, 31, 16307 }, // U+04E6
    { 11, 16, 184, 0, 15, 22, 16338 }, // U+04E7
    { 13, 15, 236, 1, 14, 25, 16360 }, // U+04E8
    { 11, 12, 184, 0, 11, 17, 16385 }, // U+04E9
    { 13, 19, 236, 1, 18, 31, 16402 }, // U+04EA
    { 11, 16, 184, 0, 15, 22, 16433 }, // U+04EB
    { 12, 19, 197, 0, 18, 29, 16455 }, // U+04EC
    { 10, 16, 157, 0, 15, 20, 16484 }, // U+04ED
    { 14, 17, 210, 0, 16, 30, 16504 }, // U+04EE
    { 11, 18, 174, 0, 13, 25, 16534 }, // U+04EF
    { 14, 19, 210, 0, 18, 34, 16559 }, // U+04F0
    { 11, 20, 174, 0, 15, 28, 16593 }, // U+04F1
    { 14, 19, 210, 0, 18, 34, 16621 }, // U+04F2
    { 11, 20, 174, 0, 15, 28, 16655 }, // U+04F3
    { 15, 18, 235, 0, 18, 34, 16683 }, // U+04F4
    { 12, 15, 198, 0, 15, 23, 16717 }, // U+04F5
    { 11, 18, 177, 0, 14, 25, 16740 }, // U+04F6
    { 10, 15, 152, 0, 11, 19, 16765 }, // U+04F7
    { 18, 18, 295, 0, 18, 41, 16784 }, // U+04F8
    { 17, 15, 263, 0, 15, 32, 16825 }, // U+04F9
    { 11, 18, 177, 0, 14, 25, 16857 }, // U+04FA
    { 10, 15, 152, 0, 11, 19, 16882 }, // U+04FB
    { 14, 18, 220, 0, 14, 32, 16901 }, // U+04FC
    { 13, 15, 194, 0, 11, 25, 16933 }, // U+04FD
    { 14, 14, 220, 0, 14, 25, 16958 }, // U+04FE
    { 12, 11, 194, 0, 11, 17, 16983 }, // U+04FF
    { 15, 18, 226, 0, 14, 34, 17000 }, // U+1EA0
    { 11, 15, 180, 0, 11, 21, 17034 }, // U+1EA1
    { 15, 19, 226, 0, 19, 36, 17055 }, // U+1EA2
    { 11, 17, 180, 0, 16, 24, 17091 }, // U+1EA3
    { 15, 19, 226, 0, 19, 36, 17115 }, // U+1EA4
    { 11, 17, 180, 0, 16, 24, 17151 }, // U+1EA5
    { 15, 19, 226, 0, 19, 36, 17175 }, // U+1EA6
    { 11, 17, 180, 0, 16, 24, 17211 }, // U+1EA7
    { 15, 20, 226, 0, 20, 38, 17235 }, // U+1EA8
    { 11, 18, 180, 0, 17, 25, 17273 }, // U+1EA9
    { 15, 20, 226, 0, 20, 38, 17298 }, // U+1EAA
    { 11, 18, 180, 0, 17, 25, 17336 }, // U+1EAB
    { 15, 22, 226, 0, 18, 42, 17361 }, // U+1EAC
    { 11, 19, 180, 0, 15, 27, 17403 }, // U+1EAD
    { 15, 19, 226, 0, 19, 36, 17430 }, // U+1EAE
    { 11, 17, 180, 0, 16, 24, 17466 }, // U+1EAF
    { 15, 19, 226, 0, 19, 36, 17490 }, // U+1EB0
    { 11, 17, 180, 0, 16, 24, 17526 }, // U+1EB1
    { 15, 20, 226, 0, 20, 38, 17550 }, // U+1EB2
    { 11, 18, 180, 0, 17, 25, 17588 }, // U+1EB3
    { 15, 20, 226, 0, 20, 38, 17613 }, // U+1EB4
    { 11, 18, 180, 0, 17, 25, 17651 }, // U+1EB5
    { 15, 22, 226, 0, 18, 42, 17676 }, // U+1EB6
    { 11, 19, 180, 0, 15, 27, 17718 }, // U+1EB7
    { 12, 18, 196, 0, 14, 27, 17745 }, // U+1EB8
    { 10, 15, 172, 0, 11, 19, 17772 }, // U+1EB9
    { 12, 19, 196, 0, 19, 29, 17791 }, // U+1EBA
    { 10, 17, 172, 0, 16, 22, 17820 }, // U+1EBB
    { 12, 18, 196, 0, 18, 27, 17842 }, // U+1EBC
    { 10, 16, 172, 0, 15, 20, 17869 }, // U+1EBD
    { 12, 19, 196, 0, 19, 29, 17889 }, // U+1EBE
    { 11, 17, 172, 0, 16, 24, 17918 }, // U+1EBF
    { 12, 19, 196, 0, 19, 29, 17942 }, // U+1EC0
    { 10, 17, 172, 0, 16, 22, 17971 }, // U+1EC1
    { 12, 20, 196, 0, 20, 30, 17993 }, // U+1EC2
    { 11, 18, 172, 0, 17, 25, 18023 }, // U+1EC3
    { 12, 20, 196, 0, 20, 30, 18048 }, // U+1EC4
    { 10, 18, 172, 0, 17, 23, 18078 }, // U+1EC5
    { 12, 22, 196, 0, 18, 33, 18101 }, // U+1EC6
    { 10, 19, 172, 0, 15, 24, 18134 }, // U+1EC7
    { 8, 19, 120, 0, 19, 19, 18158 }, // U+1EC8
    { 7, 16, 106, 0, 16, 14, 18177 }, // U+1EC9
    { 8, 18, 120, 0, 14, 18, 18191 }, // U+1ECA
    { 7, 19, 106, 0, 15, 17, 18209 }, // U+1ECB
    { 13, 18, 236, 1, 14, 30, 18226 }, // U+1ECC
    { 11, 15, 184, 0, 11, 21, 18256 }, // U+1ECD
    { 13, 20, 236, 1, 19, 33, 18277 }, // U+1ECE
    { 11, 17, 184, 0, 16, 24, 18310 }, // U+1ECF
    { 13, 20, 236, 1, 19, 33, 18334 }, // U+1ED0
    { 11, 17, 184, 0, 16, 24, 18367 }, // U+1ED1
    { 13, 20, 236, 1, 19, 33, 18391 }, // U+1ED2
    { 11, 17, 184, 0, 16, 24, 18424 }, // U+1ED3
    { 13, 21, 236, 1, 20, 35, 18448 }, // U+1ED4
    { 11, 18, 184, 0, 17, 25, 18483 }, // U+1ED5
    { 13, 21, 236, 1, 20, 35, 18508 }, // U+1ED6
    { 11, 18, 184, 0, 17, 25, 18543 }, // U+1ED7
    { 13, 22, 236, 1, 18, 36, 18568 }, // U+1ED8
    { 11, 19, 184, 0, 15, 27, 18604 }, // U+1ED9
    { 15, 19, 253, 1, 18, 36, 18631 }, // U+1EDA
    { 13, 16, 201, 0, 15, 26, 18667 }, // U+1EDB
    { 15, 19, 253, 1, 18, 36, 18693 }, // U+1EDC
    { 13, 16, 201, 0, 15, 26, 18729 }, // U+1EDD
    { 15, 20, 253, 1, 19, 38, 18755 }, // U+1EDE
    { 13, 17, 201, 0, 16, 28, 18793 }, // U+1EDF
    { 15, 19, 253, 1, 18, 36, 18821 }, // U+1EE0
    { 13, 16, 201, 0, 15, 26, 18857 }, // U+1EE1
    { 15, 19, 253, 1, 15, 36, 18883 }, // U+1EE2
    { 13, 16, 201, 0, 12, 26, 18919 }, // U+1EE3
    { 14, 18, 224, 0, 14, 32, 18945 }, // U+1EE4
    { 13, 15, 200, 0, 11, 25, 18977 }, // U+1EE5
    { 14, 20, 224, 0, 19, 35, 19002 }, // U+1EE6
    { 13, 17, 200, 0, 16, 28, 19037 }, // U+1EE7
    { 16, 19, 256, 0, 18, 38, 19065 }, // U+1EE8
    { 15, 16, 233, 0, 15, 30, 19103 }, // U+1EE9
    { 16, 19, 256, 0, 18, 38, 19133 }, // U+1EEA
    { 15, 16, 233, 0, 15, 30, 19171 }, // U+1EEB
    { 16, 20, 256, 0, 19, 40, 19201 }, // U+1EEC
    { 15, 17, 233, 0, 16, 32, 19241 }, // U+1EED
    { 16, 19, 256, 0, 18, 38, 19273 }, // U+1EEE
    { 15, 16, 233, 0, 15, 30, 19311 }, // U+1EEF
    { 16, 19, 256, 0, 15, 38, 19341 }, // U+1EF0
    { 15, 16, 233, 0, 12, 30, 19379 }, // U+1EF1
    { 14, 18, 208, 0, 18, 32, 19409 }, // U+1EF2
    { 11, 20, 174, 0, 15, 28, 19441 }, // U+1EF3
    { 14, 18, 208, 0, 14, 32, 19469 }, // U+1EF4
    { 11, 16, 174, 0, 11, 22, 19501 }, // U+1EF5
    { 14, 19, 208, 0, 19, 34, 19523 }, // U+1EF6
    { 11, 21, 174, 0, 16, 29, 19557 }, // U+1EF7
    { 14, 18, 208, 0, 18, 32, 19586 }, // U+1EF8
    { 11, 20, 174, 0, 15, 28, 19618 }, // U+1EF9
    { 0, 0, 150, 0, 0, 0, 19646 }, // U+2000
    { 0, 0, 300, 0, 0, 0, 19646 }, // U+2001
    { 0, 0, 150, 0, 0, 0, 19646 }, // U+2002
    { 0, 0, 300, 0, 0, 0, 19646 }, // U+2003
    { 0, 0, 100, 0, 0, 0, 19646 }, // U+2004
    { 0, 0, 75, 0, 0, 0, 19646 }, // U+2005
    { 0, 0, 50, 0, 0, 0, 19646 }, // U+2006
    { 0, 0, 169, 0, 0, 0, 19646 }, // U+2007
    { 0, 0, 88, 0, 0, 0, 19646 }, // U+2008
    { 0, 0, 50, 0, 0, 0, 19646 }, // U+2009
    { 0, 0, 30, 0, 0, 0, 19646 }, // U+200A
    { 0, 0, 0, 0, 0, 0, 19646 }, // U+200B
    { 2, 15, 0, -1, 12, 4, 19646 }, // U+200C
    { 6, 16, 0, -3, 13, 12, 19650 }, // U+200D
    { 5, 16, 0, -1, 13, 10, 19662 }, // U+200E
    { 5, 16, 0, -4, 13, 10, 19672 }, // U+200F
    { 6, 3, 93, 0, 7, 3, 19682 }, // U+2010
    { 6, 3, 93, 0, 7, 3, 19685 }, // U+2011
    { 10, 2, 169, 0, 8, 3, 19688 }, // U+2012
    { 11, 2, 150, -1, 6, 3, 19691 }, // U+2013
    { 20, 2, 300, -1, 6, 5, 19694 }, // U+2014
    { 20, 2, 300, -1, 6, 5, 19699 }, // U+2015
    { 6, 20, 168, 2, 15, 15, 19704 }, // U+2016
    { 9, 4, 123, -1, 0, 5, 19719 }, // U+2017
    { 4, 7, 84, 1, 14, 4, 19724 }, // U+2018
    { 5, 7, 84, 0, 14, 5, 19728 }, // U+2019
    { 5, 6, 88, 0, 3, 4, 19733 }, // U+201A
    { 4, 7, 84, 1, 14, 4, 19737 }, // U+201B
    { 8, 7, 147, 1, 14, 7, 19741 }, // U+201C
    { 9, 7, 147, 0, 14, 8, 19748 }, // U+201D
    { 9, 6, 147, 0, 3, 7, 19756 }, // U+201E
    { 8, 7, 147, 1, 14, 7, 19763 }, // U+201F
    { 9, 18, 143, 0, 15, 21, 19770 }, // U+2020
    { 9, 18, 143, 0, 15, 21, 19791 }, // U+2021
    { 6, 7, 120, 1, 10, 6, 19812 }, // U+2022
    { 7, 7, 150, 1, 10, 7, 19818 }, // U+2023
    { 4, 4, 88, 1, 9, 2, 19825 }, // U+2024
    { 9, 4, 173, 1, 9, 5, 19827 }, // U+2025
    { 15, 4, 274, 1, 3, 8, 19832 }, // U+2026
    { 4, 4, 88, 1, 7, 2, 19840 }, // U+2027
    { 0, 0, 180, 0, 0, 0, 19842 }, // U+2028
    { 0, 0, 180, 0, 0, 0, 19842 }, // U+2029
    { 5, 15, 0, -1, 12, 10, 19842 }, // U+202A
    { 5, 15, 0, -4, 12, 10, 19852 }, // U+202B
    { 6, 16, 0, -3, 13, 12, 19862 }, // U+202C
    { 6, 16, 0, -3, 13, 12, 19874 }, // U+202D
    { 6, 16, 0, -3, 13, 12, 19886 }, // U+202E
    { 0, 0, 50, 0, 0, 0, 19898 }, // U+202F
    { 24, 15, 393, 0, 14, 45, 19898 }, // U+2030
    { 32, 15, 519, 0, 14, 60, 19943 }, // U+2031
    { 5, 6, 75, 0, 14, 4, 20003 }, // U+2032
    { 9, 6, 147, 0, 14, 7, 20007 }, // U+2033
    { 14, 6, 219, 0, 14, 11, 20014 }, // U+2034
    { 5, 6, 75, 0, 14, 4, 20025 }, // U+2035
    { 9, 6, 147, 0, 14, 7, 20029 }, // U+2036
    { 14, 6, 219, 0, 14, 11, 20036 }, // U+2037
    { 8, 6, 132, 0, 1, 6, 20047 }, // U+2038
    { 5, 8, 106, 1, 9, 5, 20053 }, // U+2039
    { 5, 8, 106, 1, 9, 5, 20058 }, // U+203A
    { 14, 14, 246, 1, 14, 25, 20063 }, // U+203B
    { 9, 15, 189, 1, 14, 17, 20088 }, // U+203C
    { 11, 15, 185, 0, 14, 21, 20105 }, // U+203D
    { 10, 2, 138, -1, 16, 3, 20126 }, // U+203E
    { 16, 4, 0, -8, 0, 8, 20129 }, // U+203F
    { 16, 4, 0, -8, 16, 8, 20137 }, // U+2040
    { 9, 14, 135, 0, 14, 16, 20145 }, // U+2041
    { 19, 15, 300, 0, 15, 36, 20161 }, // U+2042
    { 6, 4, 109, 0, 9, 3, 20197 }, // U+2043
    { 9, 14, 19, -4, 14, 16, 20200 }, // U+2044
    { 7, 18, 124, 1, 15, 16, 20216 }, // U+2045
    { 6, 18, 124, 0, 15, 14, 20232 }, // U+2046
    { 19, 15, 320, 0, 14, 36, 20246 }, // U+2047
    { 14, 15, 253, 0, 14, 27, 20282 }, // U+2048
    { 14, 15, 255, 1, 14, 27, 20309 }, // U+2049
    { 10, 15, 183, 0, 11, 19, 20336 }, // U+204A
    { 11, 18, 188, 0, 15, 25, 20355 }, // U+204B
    { 11, 8, 185, 0, 11, 11, 20380 }, // U+204C
    { 11, 8, 185, 0, 11, 11, 20391 }, // U+204D
    { 9, 9, 151, 0, 11, 11, 20402 }, // U+204E
    { 4, 14, 91, 1, 11, 7, 20413 }, // U+204F
    { 14, 15, 231, 0, 14, 27, 20420 }, // U+2050
    { 9, 17, 151, 0, 15, 20, 20447 }, // U+2051
    { 8, 15, 121, 0, 14, 15, 20467 }, // U+2052
    { 10, 5, 168, 0, 9, 7, 20482 }, // U+2053
    { 16, 4, 0, -8, 0, 8, 20489 }, // U+2054
    { 10, 9, 162, 0, 11, 12, 20497 }, // U+2055
    { 10, 12, 189, 1, 11, 15, 20509 }, // U+2056
    { 18, 6, 291, 0, 14, 14, 20524 }, // U+2057
    { 13, 12, 229, 1, 11, 20, 20538 }, // U+2058
    { 13, 12, 229, 1, 11, 20, 20558 }, // U+2059
    { 4, 15, 91, 1, 14, 8, 20578 }, // U+205A
    { 13, 15, 229, 1, 14, 25, 20586 }, // U+205B
    { 11, 11, 209, 1, 11, 16, 20611 }, // U+205C
    { 4, 15, 91, 1, 14, 8, 20627 }, // U+205D
    { 4, 15, 91, 1, 14, 8, 20635 }, // U+205E
    { 0, 0, 67, 0, 0, 0, 20643 }, // U+205F
    { 0, 0, 180, 0, 0, 0, 20643 }, // U+2060
    { 0, 0, 180, 0, 0, 0, 20643 }, // U+2061
    { 0, 0, 180, 0, 0, 0, 20643 }, // U+2062
    { 0, 0, 180, 0, 0, 0, 20643 }, // U+2063
    { 0, 0, 180, 0, 0, 0, 20643 }, // U+2064
    { 0, 0, 0, 0, 0, 0, 20643 }, // U+2066
    { 0, 0, 0, 0, 0, 0, 20643 }, // U+2067
    { 0, 0, 0, 0, 0, 0, 20643 }, // U+2068
    { 0, 0, 0, 0, 0, 0, 20643 }, // U+2069
    { 6, 16, 0, -3, 13, 12, 20643 }, // U+206A
    { 6, 16, 0, -3, 13, 12, 20655 }, // U+206B
    { 6, 16, 0, -3, 13, 12, 20667 }, // U+206C
    { 6, 16, 0, -3, 13, 12, 20679 }, // U+206D
    { 6, 16, 0, -3, 13, 12, 20691 }, // U+206E
    { 6, 16, 0, -3, 13, 12, 20703 }, // U+206F
    { 8, 9, 120, 0, 16, 9, 20715 }, // U+2070
    { 5, 10, 69, 0, 15, 7, 20724 }, // U+2071
    { 8, 9, 120, 0, 16, 9, 20731 }, // U+2074
    { 7, 9, 120, 0, 16, 8, 20740 }, // U+2075
    { 7, 9, 120, 0, 16, 8, 20748 }, // U+2076
    { 7, 9, 120, 0, 16, 8, 20756 }, // U+2077
    { 8, 9, 120, 0, 16, 9, 20764 }, // U+2078
    { 7, 9, 120, 0, 16, 8, 20773 }, // U+2079
    { 7, 8, 120, 0, 15, 7, 20781 }, // U+207A
    { 7, 2, 120, 0, 12, 2, 20788 }, // U+207B
    { 7, 5, 120, 0, 13, 5, 20790 }, // U+207C
    { 5, 12, 75, 1, 17, 8, 20795 }, // U+207D
    { 5, 12, 75, -1, 17, 8, 20803 }, // U+207E
    { 8, 7, 130, 0, 12, 7, 20811 }, // U+207F
    { 8, 9, 120, 0, 7, 9, 20818 }, // U+2080
    { 7, 9, 120, 0, 7, 8, 20827 }, // U+2081
    { 7, 9, 120, 0, 7, 8, 20835 }, // U+2082
    { 7, 9, 120, 0, 7, 8, 20843 }, // U+2083
    { 8, 9, 120, 0, 7, 9, 20851 }, // U+2084
    { 7, 9, 120, 0, 7, 8, 20860 }, // U+2085
    { 7, 9, 120, 0, 7, 8, 20868 }, // U+2086
    { 7, 9, 120, 0, 7, 8, 20876 }, // U+2087
    { 8, 9, 120, 0, 7, 9, 20884 }, // U+2088
    { 7, 9, 120, 0, 7, 8, 20893 }, // U+2089
    { 7, 8, 120, 0, 6, 7, 20901 }, // U+208A
    { 7, 2, 120, 0, 3, 2, 20908 }, // U+208B
    { 7, 5, 120, 0, 4, 5, 20910 }, // U+208C
    { 5, 12, 75, 1, 8, 8, 20915 }, // U+208D
    { 5, 12, 75, -1, 8, 8, 20923 }, // U+208E
    { 7, 7, 117, 0, 5, 7, 20931 }, // U+2090
    { 7, 7, 112, 0, 5, 7, 20938 }, // U+2091
    { 7, 7, 120, 0, 5, 7, 20945 }, // U+2092
    { 8, 7, 126, 0, 5, 7, 20952 }, // U+2093
    { 7, 7, 112, 0, 5, 7, 20959 }, // U+2094
    { 8, 9, 130, 0, 7, 9, 20966 }, // U+2095
    { 8, 9, 124, 0, 7, 9, 20975 }, // U+2096
    { 5, 9, 69, 0, 7, 6, 20984 }, // U+2097
    { 12, 7, 192, 0, 5, 11, 20990 }, // U+2098
    { 8, 7, 130, 0, 5, 7, 21001 }, // U+2099
    { 8, 10, 126, 0, 5, 10, 21008 }, // U+209A
    { 6, 7, 94, 0, 5, 6, 21018 }, // U+209B
    { 5, 8, 79, 0, 6, 5, 21024 }, // U+209C
    { 14, 14, 231, 0, 14, 25, 21029 }, // U+20A0
    { 12, 17, 201, 0, 15, 26, 21054 }, // U+20A1
    { 12, 15, 201, 0, 14, 23, 21080 }, // U+20A2
    { 11, 14, 169, 0, 14, 20, 21103 }, // U+20A3
    { 10, 15, 169, 0, 14, 19, 21123 }, // U+20A4
    { 19, 16, 296, 0, 13, 38, 21142 }, // U+20A5
    { 15, 14, 236, 0, 14, 27, 21180 }, // U+20A6
    { 17, 15, 270, 0, 14, 32, 21207 }, // U+20A7
    { 21, 15, 346, 0, 14, 40, 21239 }, // U+20A8
    { 22, 14, 320, -1, 14, 39, 21279 }, // U+20A9
    { 15, 12, 268, 1, 12, 23, 21318 }, // U+20AA
    { 12, 18, 195, 0, 15, 27, 21341 }, // U+20AB
    { 11, 15, 168, 0, 14, 21, 21368 }, // U+20AC
    { 14, 14, 220, 0, 14, 25, 21389 }, // U+20AD
    { 13, 14, 196, 0, 14, 23, 21414 }, // U+20AE
    { 21, 20, 332, 0, 16, 53, 21437 }, // U+20AF
    { 11, 19, 191, 0, 14, 27, 21490 }, // U+20B0
    { 12, 14, 191, 0, 14, 21, 21517 }, // U+20B1
    { 13, 17, 231, 1, 15, 28, 21538 }, // U+20B2
    { 14, 14, 226, 0, 14, 25, 21566 }, // U+20B3
    { 12, 15, 174, -1, 14, 23, 21591 }, // U+20B4
    { 11, 17, 201, 1, 15, 24, 21614 }, // U+20B5
    { 11, 15, 178, 0, 14, 21, 21638 }, // U+20B6
    { 10, 16, 169, 0, 14, 20, 21659 }, // U+20B7
    { 11, 14, 169, 0, 14, 20, 21679 }, // U+20B8
    { 10, 14, 168, 0, 14, 18, 21699 }, // U+20B9
    { 11, 14, 169, 0, 14, 20, 21717 }, // U+20BA
    { 12, 15, 196, 0, 14, 23, 21737 }, // U+20BB
    { 13, 13, 236, 1, 13, 22, 21760 }, // U+20BC
    { 11, 14, 177, 0, 14, 20, 21782 }, // U+20BD
    { 13, 15, 210, 0, 15, 25, 21802 }, // U+20BE
    { 10, 17, 169, 0, 15, 22, 21827 }, // U+20BF
    { 10, 15, 158, 0, 11, 19, 21849 }, // U+20C0
    { 9, 3, 172, 1, 8, 4, 21868 }, // U+2212
    { 16, 15, 229, 0, 15, 30, 21872 }, // U+FB00
    { 14, 15, 216, 0, 15, 27, 21902 }, // U+FB01
    { 14, 15, 216, 0, 15, 27, 21929 }, // U+FB02
    { 20, 15, 322, 0, 15, 38, 21956 }, // U+FB03
    { 20, 15, 322, 0, 15, 38, 21994 }, // U+FB04
    { 14, 16, 226, 0, 15, 28, 22032 }, // U+FB05
    { 16, 16, 261, 0, 15, 32, 22060 }, // U+FB06
    { 18, 18, 300, 0, 15, 41, 22092 }, // U+FFFD
};

static const EpdUnicodeInterval serif9_boldIntervals[] = {
    { 0x0, 0x0, 0x0 },
    { 0xD, 0xD, 0x1 },
    { 0x20, 0x7E, 0x2 },
    { 0xA0, 0x17F, 0x61 },
    { 0x1A0, 0x1A1, 0x141 },
    { 0x1AF, 0x1B0, 0x143 },
    { 0x1C4, 0x21F, 0x145 },
    { 0x300, 0x36F, 0x1A1 },
    { 0x400, 0x4FF, 0x211 },
    { 0x1EA0, 0x1EF9, 0x311 },
    { 0x2000, 0x2064, 0x36B },
    { 0x2066, 0x2071, 0x3D0 },
    { 0x2074, 0x208E, 0x3DC },
    { 0x2090, 0x209C, 0x3F7 },
    { 0x20A0, 0x20C0, 0x404 },
    { 0x2212, 0x2212, 0x425 },
    { 0xFB00, 0xFB06, 0x426 },
    { 0xFFFD, 0xFFFD, 0x42D },
};

static const uint16_t serif9_boldKernLeftCodepoints[] = {
    0x0022, 0x0026, 0x0027, 0x002A, 0x002C, 0x002E, 0x0040, 0x0041, 0x0042, 0x0044, 0x0045, 0x0046,
    0x0047, 0x004B, 0x004C, 0x004E, 0x004F, 0x0050, 0x0051, 0x0052, 0x0053, 0x0054, 0x0055, 0x0056,
    0x0057, 0x0058, 0x0059, 0x0061, 0x0062, 0x0065, 0x0066, 0x0067, 0x0068, 0x006B, 0x006D, 0x006E,
    0x006F, 0x0070, 0x0072, 0x0073, 0x0076, 0x0077, 0x0079, 0x00A1, 0x00BF, 0x00C0, 0x00C1, 0x00C2,
    0x00C3, 0x00C4, 0x00C5, 0x00C6, 0x00C8, 0x00C9, 0x00CA, 0x00CB, 0x00D0, 0x00D1, 0x00D2, 0x00D3,
    0x00D4, 0x00D5, 0x00D6, 0x00D8, 0x00D9, 0x00DA, 0x00DB, 0x00DC, 0x00DD, 0x00DE, 0x00DF, 0x00E0,
    0x00E1, 0x00E2, 0x00E3, 0x00E4, 0x00E5, 0x00E6, 0x00E8, 0x00E9, 0x00EA, 0x00EB, 0x00F0, 0x00F1,
    0x00F2, 0x00F3, 0x00F4, 0x00F5, 0x00F6, 0x00F8, 0x00FD, 0x00FE, 0x00FF, 0x0100, 0x0102, 0x0104,
    0x010E, 0x010F, 0x0110, 0x0112, 0x0113, 0x0114, 0x0115, 0x0116, 0x0117, 0x0118, 0x0119, 0x011A,
    0x011B, 0x011C, 0x011E, 0x0120, 0x0122, 0x0125, 0x0127, 0x0129, 0x0136, 0x0137, 0x0138, 0x0139,
    0x013B, 0x013E, 0x0141, 0x0143, 0x0144, 0x0145, 0x0146, 0x0147, 0x0148, 0x0149, 0x014B, 0x014C,
    0x014D, 0x014E, 0x014F, 0x0150, 0x0151, 0x0152, 0x0153, 0x0154, 0x0155, 0x0156, 0x0157, 0x0158,
    0x0159, 0x015A, 0x015B, 0x015C, 0x015D, 0x015E, 0x015F, 0x0160, 0x0161, 0x0162, 0x0164, 0x0165,
    0x0166, 0x0168, 0x016A, 0x016C, 0x016E, 0x0170, 0x0172, 0x0174, 0x0175, 0x0176, 0x0177, 0x0178,
    0x01A0, 0x01A1, 0x01AF, 0x01B0, 0x01FA, 0x01FC, 0x01FD, 0x01FE, 0x01FF, 0x0218, 0x0219, 0x021A,
    0x0402, 0x0409, 0x040A, 0x040E, 0x0423, 0x042A, 0x042C, 0x0431, 0x043E, 0x0440, 0x0444, 0x044D,
    0x044E, 0x0457, 0x0460, 0x0462, 0x0465, 0x0466, 0x0468, 0x046A, 0x046C, 0x046E, 0x046F, 0x0472,
    0x0473, 0x0474, 0x0476, 0x0478, 0x0479, 0x047A, 0x047B, 0x047C, 0x047D, 0x047E, 0x0481, 0x048C,
    0x048D, 0x048E, 0x048F, 0x0490, 0x0491, 0x0493, 0x0494, 0x0496, 0x0497, 0x0498, 0x0499, 0x049A,
    0x049B, 0x049C, 0x049D, 0x049E, 0x049F, 0x04A0, 0x04A1, 0x04A3, 0x04A4, 0x04A5, 0x04A6, 0x04A8,
    0x04AB, 0x04AC, 0x04AD, 0x04B2, 0x04B3, 0x04B5, 0x04B7, 0x04BA, 0x04BC, 0x04BD, 0x04BE, 0x04BF,
    0x04C3, 0x04C6, 0x04D0, 0x04D1, 0x04D2, 0x04D3, 0x04D4, 0x04D5, 0x04D6, 0x04D7, 0x04D8, 0x04D9,
    0x04DA, 0x04DB, 0x04E0, 0x04E6, 0x04E7, 0x04E8, 0x04E9, 0x04EA, 0x04EB, 0x04ED, 0x04EE, 0x04EF,
    0x04F0, 0x04F1, 0x04F2, 0x04F3, 0x04F6, 0x04F7, 0x04FB, 0x04FC, 0x04FD, 0x04FE, 0x04FF, 0x1EA0,
    0x1EA1, 0x1EA2, 0x1EA3, 0x1EA4, 0x1EA5, 0x1EA6, 0x1EA7, 0x1EA8, 0x1EA9, 0x1EAA, 0x1EAB, 0x1EAC,
    0x1EAD, 0x1EAE, 0x1EAF, 0x1EB0, 0x1EB1, 0x1EB2, 0x1EB3, 0x1EB4, 0x1EB5, 0x1EB6, 0x1EB7, 0x1EB8,
    0x1EB9, 0x1EBA, 0x1EBB, 0x1EBC, 0x1EBD, 0x1EBE, 0x1EBF, 0x1EC0, 0x1EC1, 0x1EC2, 0x1EC3, 0x1EC4,
    0x1EC5, 0x1EC6, 0x1EC7, 0x1ECC, 0x1ECD, 0x1ECE, 0x1ECF, 0x1ED0, 0x1ED1, 0x1ED2, 0x1ED3, 0x1ED4,
    0x1ED5, 0x1ED6, 0x1ED7, 0x1ED8, 0x1ED9, 0x1EDA, 0x1EDB, 0x1EDC, 0x1EDD, 0x1EDE, 0x1EDF, 0x1EE0,
    0x1EE1, 0x1EE2, 0x1EE3, 0x1EE4, 0x1EE6, 0x1EE8, 0x1EE9, 0x1EEA, 0x1EEB, 0x1EEC, 0x1EED, 0x1EEE,
    0x1EEF, 0x1EF0, 0x1EF1, 0x1EF2, 0x1EF3, 0x1EF4, 0x1EF5, 0x1EF6, 0x1EF7, 0x1EF8, 0x1EF9, 0x2018,
    0x2019, 0x201A, 0x201C, 0x201D, 0x201E, 0x2026, 0x207D, 0x208D, 0xFB00,
};

static const uint8_t serif9_boldKernLeftClassIds[] = {
      1,   2,   1,   3,   4,   4,   5,   6,   7,   8,   9,  10,  11,  12,  13,  14,
      8,   3,   8,  15,  16,  17,  18,  19,  20,  21,  22,  23,  24,  25,  26,  27,
     23,  28,  23,  23,  24,  24,  29,  30,  31,  32,  33,  34,  35,  36,  36,  36,
     36,  36,  36,   9,   9,   9,   9,   9,   8,  14,   8,   8,   8,   8,   8,   8,
     18,  18,  18,  18,  22,   8,  24,  23,  23,  23,  23,  23,  23,  25,  25,  25,
     25,  25,  24,  23,  24,  24,  24,  24,  24,  24,  33,  24,  33,   6,  36,  36,
      8,  37,   8,   9,  25,   9,  25,   9,  25,   9,  25,   9,  25,  11,  11,  11,
     11,  23,  23,  38,  12,  28,  28,  13,  13,  37,  13,  14,  23,  14,  23,  14,
     23,  23,  23,   8,  24,   8,  24,   8,  24,   9,  25,  15,  29,  15,  29,  15,
     29,  16,  30,  16,  30,  16,  30,  16,  30,  17,  17,  39,  17,  18,  18,  18,
     18,  18,  18,  20,  32,  22,  33,  22,  40,  41,  42,  43,   6,   9,  25,   8,
     24,  16,  30,  17,  44,  45,  45,  46,  46,  45,  45,  47,  48,  48,  49,  49,
     49,  50,  51,  52,  53,  54,  54,  55,  55,  56,  24,  51,  48,  57,  57,  33,
     58,  51,  48,  51,  24,  51,  53,  52,  24,  59,  48,  60,  61,  61,  62,  55,
     63,  56,  48,  55,  63,  55,  63,  55,  63,  55,  63,  64,  60,  61,  62,  51,
     53,  60,  61,  65,  63,  64,  64,  62,  51,  48,  51,  48,  62,  64,  54,  23,
     54,  23,  66,  48,  66,  48,  51,  48,  51,  48,  56,  51,  48,  51,  48,  51,
     48,  48,  46,  58,  46,  58,  46,  58,  60,  61,  61,  65,  63,  65,  63,  36,
     23,  36,  23,  36,  23,  36,  23,  36,  23,  36,  23,  36,  23,  36,  23,  36,
     23,  36,  23,  36,  23,  36,  23,   9,  25,   9,  25,   9,  25,   9,  25,   9,
     25,   9,  25,   9,  25,   9,  25,   8,  24,   8,  24,   8,  24,   8,  24,   8,
     24,   8,  24,   8,  24,  40,  41,  40,  41,  40,  41,  40,  41,  40,  41,  18,
     18,  42,  43,  42,  43,  42,  43,  42,  43,  42,  43,  22,  33,  22,  33,  22,
     33,  22,  33,  67,  68,   4,  67,  68,   4,   4,  69,  70,  26,
};

static const uint16_t serif9_boldKernRightCodepoints[] = {
    0x0021, 0x0022, 0x0026, 0x0027, 0x0029, 0x002A, 0x002C, 0x002E, 0x003A, 0x003B, 0x003F, 0x0040,
    0x0041, 0x0042, 0x0043, 0x0044, 0x0045, 0x0046, 0x0047, 0x0048, 0x0049, 0x004A, 0x004B, 0x004C,
    0x004D, 0x004E, 0x004F, 0x0050, 0x0051, 0x0052, 0x0053, 0x0054, 0x0055, 0x0056, 0x0057, 0x0058,
    0x0059, 0x005A, 0x005D, 0x0061, 0x0062, 0x0063, 0x0064, 0x0065, 0x0067, 0x0068, 0x0069, 0x006B,
    0x006C, 0x006D, 0x006E, 0x006F, 0x0070, 0x0071, 0x0072, 0x0073, 0x0074, 0x0075, 0x0076, 0x0077,
    0x0078, 0x0079, 0x007A, 0x007D, 0x00AB, 0x00B7, 0x00BB, 0x00C0, 0x00C1, 0x00C2, 0x00C3, 0x00C4,
    0x00C5, 0x00C6, 0x00C7, 0x00C8, 0x00C9, 0x00CA, 0x00CB, 0x00CC, 0x00CD, 0x00CE, 0x00CF, 0x00D0,
    0x00D1, 0x00D2, 0x00D3, 0x00D4, 0x00D5, 0x00D6, 0x00D8, 0x00D9, 0x00DA, 0x00DB, 0x00DC, 0x00DD,
    0x00DE, 0x00E0, 0x00E1, 0x00E2, 0x00E3, 0x00E4, 0x00E5, 0x00E6, 0x00E7, 0x00E8, 0x00E9, 0x00EA,
    0x00EB, 0x00EC, 0x00ED, 0x00EE, 0x00EF, 0x00F0, 0x00F1, 0x00F2, 0x00F3, 0x00F4, 0x00F5, 0x00F6,
    0x00F8, 0x00F9, 0x00FA, 0x00FB, 0x00FC, 0x00FD, 0x00FE, 0x00FF, 0x0100, 0x0101, 0x0102, 0x0103,
    0x0104, 0x0105, 0x0106, 0x0107, 0x0108, 0x0109, 0x010A, 0x010B, 0x010C, 0x010D, 0x010E, 0x010F,
    0x0110, 0x0111, 0x0112, 0x0113, 0x0114, 0x0115, 0x0116, 0x0117, 0x0118, 0x0119, 0x011A, 0x011B,
    0x011C, 0x011D, 0x011E, 0x011F, 0x0120, 0x0121, 0x0122, 0x0123, 0x0124, 0x0125, 0x0126, 0x0127,
    0x0128, 0x0129, 0x012A, 0x012B, 0x012C, 0x012D, 0x012E, 0x012F, 0x0130, 0x0132, 0x0133, 0x0134,
    0x0136, 0x0137, 0x0138, 0x0139, 0x013A, 0x013B, 0x013C, 0x013D, 0x013E, 0x013F, 0x0140, 0x0141,
    0x0142, 0x0143, 0x0144, 0x0145, 0x0146, 0x0147, 0x0148, 0x014A, 0x014B, 0x014C, 0x014D, 0x014E,
    0x014F, 0x0150, 0x0151, 0x0152, 0x0153, 0x0154, 0x0155, 0x0156, 0x0157, 0x0158, 0x015A, 0x015B,
    0x015C, 0x015D, 0x015E, 0x015F, 0x0160, 0x0161, 0x0162, 0x0163, 0x0164, 0x0165, 0x0166, 0x0167,
    0x0168, 0x0169, 0x016A, 0x016B, 0x016C, 0x016D, 0x016E, 0x016F, 0x0170, 0x0171, 0x0172, 0x0173,
    0x0174, 0x0175, 0x0176, 0x0177, 0x0178, 0x0179, 0x017A, 0x017B, 0x017C, 0x017D, 0x017E, 0x01A0,
    0x01A1, 0x01AF, 0x01B0, 0x01FA, 0x01FB, 0x01FC, 0x01FD, 0x01FE, 0x01FF, 0x0218, 0x0219, 0x021A,
    0x021B, 0x0402, 0x040B, 0x040E, 0x0416, 0x0422, 0x0423, 0x0425, 0x0427, 0x042A, 0x042F, 0x0431,
    0x0436, 0x0443, 0x0445, 0x0447, 0x0451, 0x0456, 0x045E, 0x0460, 0x0462, 0x0466, 0x046A, 0x046E,
    0x0472, 0x0473, 0x0478, 0x0479, 0x047A, 0x047B, 0x047C, 0x047D, 0x047E, 0x0480, 0x0481, 0x0496,
    0x0498, 0x0499, 0x04A0, 0x04A1, 0x04A8, 0x04A9, 0x04AA, 0x04AB, 0x04AC, 0x04AD, 0x04B2, 0x04B4,
    0x04B5, 0x04B6, 0x04B7, 0x04B8, 0x04B9, 0x04C1, 0x04C2, 0x04CB, 0x04CC, 0x04D0, 0x04D2, 0x04D4,
    0x04D5, 0x04D7, 0x04D8, 0x04D9, 0x04DA, 0x04DC, 0x04DD, 0x04E0, 0x04E1, 0x04E6, 0x04E7, 0x04E8,
    0x04E9, 0x04EA, 0x04EB, 0x04EE, 0x04EF, 0x04F0, 0x04F1, 0x04F2, 0x04F3, 0x04F4, 0x04F5, 0x04FC,
    0x04FE, 0x1EA0, 0x1EA1, 0x1EA2, 0x1EA3, 0x1EA4, 0x1EA5, 0x1EA6, 0x1EA7, 0x1EA8, 0x1EA9, 0x1EAA,
    0x1EAB, 0x1EAC, 0x1EAD, 0x1EAE, 0x1EAF, 0x1EB0, 0x1EB1, 0x1EB2, 0x1EB3, 0x1EB4, 0x1EB5, 0x1EB6,
    0x1EB7, 0x1EB8, 0x1EB9, 0x1EBA, 0x1EBB, 0x1EBC, 0x1EBD, 0x1EBE, 0x1EBF, 0x1EC0, 0x1EC1, 0x1EC2,
    0x1EC3, 0x1EC4, 0x1EC5, 0x1EC6, 0x1EC7, 0x1EC9, 0x1ECB, 0x1ECC, 0x1ECD, 0x1ECE, 0x1ECF, 0x1ED0,
    0x1ED1, 0x1ED2, 0x1ED3, 0x1ED4, 0x1ED5, 0x1ED6, 0x1ED7, 0x1ED8, 0x1ED9, 0x1EDA, 0x1EDB, 0x1EDC,
    0x1EDD, 0x1EDE, 0x1EDF, 0x1EE0, 0x1EE1, 0x1EE2, 0x1EE3, 0x1EE4, 0x1EE5, 0x1EE6, 0x1EE7, 0x1EE8,
    0x1EE9, 0x1EEA, 0x1EEB, 0x1EEC, 0x1EED, 0x1EEE, 0x1EEF, 0x1EF0, 0x1EF1, 0x1EF2, 0x1EF3, 0x1EF4,
    0x1EF5, 0x1EF6, 0x1EF7, 0x1EF8, 0x1EF9, 0x2018, 0x2019, 0x201A, 0x201C, 0x201D, 0x201E, 0x2026,
    0x2039, 0x203A, 0x207E, 0x208E,
};

static const uint8_t serif9_boldKernRightClassIds[] = {
      1,   2,   3,   2,   4,   5,   6,   7,   8,   8,   9,  10,  11,  12,  13,  12,
     12,  12,  13,  12,  12,  14,  12,  12,  12,  12,  13,  12,  13,  12,  15,  16,
     17,  18,  19,  20,  21,  22,   4,  23,  24,  25,  25,  25,  26,  24,  27,  24,
     24,  27,  27,  25,  27,  25,  27,  28,  29,  30,  31,  32,  33,  34,  35,   4,
     36,  37,  36,  11,  11,  11,  11,  11,  11,  38,  13,  12,  12,  12,  12,  12,
     12,  12,  12,  12,  12,  13,  13,  13,  13,  13,  13,  17,  17,  17,  17,  21,
     12,  23,  23,  23,  23,  23,  23,  23,  25,  25,  25,  25,  25,  39,  27,  39,
     39,  25,  27,  25,  25,  25,  25,  25,  25,  30,  30,  30,  30,  34,  24,  34,
     11,  23,  11,  23,  11,  23,  13,  25,  13,  25,  13,  25,  13,  25,  12,  25,
     12,  25,  12,  25,  12,  25,  12,  25,  12,  25,  12,  25,  13,  25,  13,  25,
     13,  25,  13,  25,  12,  24,  12,  24,  12,  40,  12,  39,  12,  39,  12,  27,
     12,  12,  27,  14,  12,  24,  27,  12,  24,  12,  24,  12,  24,  12,  24,  12,
     24,  12,  27,  12,  27,  12,  27,  12,  27,  13,  25,  13,  25,  13,  25,  13,
     25,  12,  27,  12,  27,  12,  15,  28,  15,  28,  15,  28,  15,  28,  16,  29,
     16,  29,  16,  29,  17,  30,  17,  30,  17,  30,  17,  30,  17,  30,  17,  30,
     19,  32,  21,  34,  21,  22,  35,  22,  35,  22,  35,  13,  25,  17,  30,  11,
     23,  38,  23,  13,  25,  15,  28,  16,  29,  41,  41,  42,  41,  41,  42,  41,
     43,  41,  44,  45,  46,  47,  46,  48,  49,  50,  47,  51,  16,  52,  53,  54,
     51,  55,  51,  55,  51,  55,  51,  25,  51,  51,  55,  53,  54,  56,  57,  58,
     51,  55,  51,  55,  57,  58,  53,  57,  58,  59,  60,  43,  48,  41,  46,  59,
     60,  52,  52,  38,  61,  55,  51,  61,  51,  41,  46,  54,  35,  51,  55,  51,
     55,  51,  55,  42,  62,  42,  62,  42,  62,  43,  48,  53,  53,  11,  23,  11,
     23,  11,  23,  11,  23,  11,  23,  11,  23,  11,  23,  11,  23,  11,  23,  11,
     23,  11,  23,  11,  23,  12,  25,  12,  25,  12,  25,  12,  25,  12,  25,  12,
     25,  12,  25,  12,  25,  27,  27,  13,  25,  13,  25,  13,  25,  13,  25,  13,
     25,  13,  25,  13,  25,  13,  25,  13,  25,  13,  25,  13,  25,  13,  25,  17,
     30,  17,  30,  17,  30,  17,  30,  17,  30,  17,  30,  17,  30,  21,  34,  21,
     34,  21,  34,  21,  34,  63,   5,   7,  63,   5,   7,   7,  36,  36,  64,  65,
};

static const uint16_t serif9_boldKernRowOffsets[] = {
        0,     5,    10,    16,    32,    34,    50,    64,    77,    80,    89,    95,   101,   113,   114,   125,
      137,   148,   153,   165,   176,   180,   194,   199,   205,   208,   213,   214,   216,   220,   222,   225,
      228,   231,   234,   239,   255,   271,   272,   278,   297,   306,   322,   328,   338,   339,   341,   348,
      351,   355,   357,   364,   370,   371,   389,   403,   412,   426,   428,   432,   446,   450,   457,   461,
      462,   473,   474,   477,   484,   485,   486,
};

static const uint8_t serif9_boldKernSparseCols[] = {
     10,  24,  25,  37,  51,   8,  15,  17,  18,  20,   2,   5,   6,  10,  37,  51,
      8,  12,  15,  16,  17,  18,  20,  30,  31,  33,  50,  56,  57,  58,  59,  61,
     10,  20,   1,   4,   8,  12,  15,  16,  17,  18,  20,  24,  25,  29,  30,  31,
     33,  62,   4,   8,  10,  15,  17,  18,  19,  20,  21,  31,  33,  37,  51,  56,
      5,   6,   8,  10,  15,  17,  18,  19,  20,  37,  51,  52,  56,  17,  18,  20,
      2,   5,   6,   9,  10,  22,  24,  25,  37,   8,  15,  17,  18,  20,  37,  12,
     24,  25,  29,  31,  33,   1,   4,   8,  15,  17,  18,  20,  30,  31,  33,  36,
     62,  35,   4,   8,  12,  15,  16,  17,  18,  20,  30,  31,  33,   8,  10,  15,
     17,  18,  19,  20,  31,  33,  37,  51,  56,   2,   5,   6,   9,  10,  12,  22,
     24,  25,  27,  37,   5,   6,   9,  10,  37,   2,   5,   6,   9,  10,  12,  22,
     24,  25,  27,  37,  51,   5,   6,   9,  10,  12,  22,  24,  25,  27,  34,  37,
     12,  14,  31,  33,   2,   5,   6,   9,  10,  12,  14,  22,  24,  25,  27,  34,
     37,  51,   1,  33,  58,  59,  61,  17,  18,  20,  33,  58,  61,  17,  18,  20,
      1,   3,   4,  38,  39,  18,  24,  25,   4,   5,   6,  22,  20,  58,   5,   6,
     10,   5,   6,  10,   5,   6,  10,  17,  18,  20,   8,  15,  17,  18,  20,   1,
      4,   8,  12,  15,  16,  17,  18,  20,  24,  25,  29,  30,  31,  33,  62,   0,
      1,   3,   4,   8,  11,  13,  15,  16,  17,  18,  19,  20,  21,  23,  62,  39,
      0,   1,   3,   8,  23,  62,   5,   6,   7,   8,  10,  15,  17,  18,  20,  22,
     24,  25,  26,  27,  28,  30,  31,  32,  33,   4,   5,   6,  26,  28,  29,  30,
     31,  33,   5,   6,   7,  10,  12,  22,  24,  25,  26,  27,  28,  29,  30,  31,
     33,  34,   4,   5,   6,  26,  28,  30,   1,   8,  15,  41,  42,  45,  46,  47,
     56,  62,  56,  48,  49,   8,  15,  40,  41,  56,  58,  59,  56,  58,  59,  42,
     56,  58,  59,  42,  62,   5,   6,  37,  51,  52,  56,  58,   1,   4,  56,  58,
     59,  62,  58,   1,   4,   8,  12,  15,  17,  20,  24,  25,  29,  31,  33,  50,
     56,  57,  58,  59,  62,  12,  24,  25,  29,  31,  33,  44,  50,  53,  54,  57,
     58,  59,  61,   5,   6,  31,  33,  37,  51,  52,  57,  58,   5,   6,  12,  22,
     24,  25,  27,  37,  50,  51,  53,  54,  55,  60,   5,   6,   5,   6,  37,  51,
      5,   6,  12,  22,  24,  25,  27,  37,  43,  50,  51,  54,  55,  60,   4,   5,
      6,  51,   1,   4,   8,  15,  56,  58,  61,  24,  25,  54,  60,   3,  12,  24,
     25,  29,  31,  33,  50,  53,  57,  58,  61,  57,  10,  37,  51,  10,  12,  22,
     24,  25,  27,  39,  63,  64,
};

static const int8_t serif9_boldKernSparseValues[] = {
     -24,   -6,  -18,  -36,  -24,   -9,   -9,  -12,  -12,   -9,   -3,  -36,  -36,  -15,  -24,  -15,
     -27,   -6,  -27,   -6,  -33,  -27,  -24,  -21,  -18,  -15,   -6,  -27,  -21,  -24,  -15,  -15,
      -9,   -3,  -24,  -21,  -18,   -6,  -18,   -6,  -24,  -21,  -21,   -6,   -6,   -6,  -18,   -9,
     -15,  -21,   -6,   -6,   -6,   -6,  -12,   -9,   -6,  -12,   -6,   -3,   -6,   -9,   -6,   -6,
      -6,   -6,   -6,   -6,   -6,   -6,   -6,   -6,   -9,  -15,   -6,   -6,   -6,   -6,   -6,   -6,
      -6,  -36,  -36,  -12,  -21,  -12,  -12,  -12,  -33,   -6,   -6,   -6,   -6,   -6,   -6,   -6,
      -6,   -6,   -6,   -9,   -9,  -18,  -24,  -21,  -21,  -15,  -15,  -18,   -6,   -3,   -9,   -6,
     -24,   -3,   -6,   -6,   -6,   -6,   -3,   -9,   -9,   -9,   -3,   -3,   -6,   -6,   -6,   -6,
      -6,   -6,   -6,   -6,   -3,   -6,   -6,   -6,   -6,   -3,  -27,  -27,   -9,  -18,   -6,   -9,
     -11,  -11,   -2,  -24,   -6,   -6,   -3,   -6,  -12,   -9,  -33,  -33,  -15,  -24,   -6,  -18,
     -18,  -18,  -12,  -39,  -24,  -27,  -27,  -15,  -21,   -6,  -19,  -18,  -18,  -15,   -9,  -39,
      -6,   -3,   -9,  -15,   -3,  -24,  -24,  -12,  -21,   -9,   -6,  -18,  -21,  -21,  -18,   -6,
     -27,  -21,  -12,   -6,   -9,   -6,   -6,  -18,  -18,  -21,   -6,   -9,   -6,  -18,  -18,  -18,
      24,   27,   24,   12,   12,   -6,   -6,   -6,    9,  -43,  -43,   -6,  -18,   -6,  -15,  -21,
     -18,  -21,  -21,   -9,  -27,  -27,  -15,   -9,   -6,   -9,   -6,   -6,  -15,  -15,  -15,  -24,
     -21,  -18,   -6,  -18,   -6,  -24,  -21,  -21,   -6,   -6,   -6,  -15,   -9,  -15,  -21,   18,
      24,   38,   12,   39,   15,   18,   15,   21,   24,   21,   21,   30,   12,   27,    8,   18,
       7,   13,   26,   11,   12,    2,   -6,   -6,   -3,    6,  -12,    6,    6,    6,    6,   -6,
      -6,   -6,   -3,   -6,   -3,   -6,   -6,   -6,   -6,    6,   -6,   -6,    6,    9,    6,    9,
       9,    9,   -6,   -6,   -3,  -18,   -6,  -15,  -15,  -15,   -9,  -18,   -3,   -9,   -6,   -6,
      -6,   -9,    6,   -3,   -3,    6,    9,    9,  -17,   -1,   -1,  -16,  -12,   -3,  -12,   -9,
      -9,   -6,   -9,  -16,   -5,   -5,   -5,   -6,   -3,   -9,   -9,   -3,   -9,   -9,   -3,   -9,
      -9,   -9,   -3,   -3,   -1,   -6,   -6,  -15,   -6,   -6,   -6,   -6,   -9,  -15,   -9,   -9,
      -6,   -9,   -9,  -24,  -21,  -18,   -6,  -18,  -24,  -21,   -6,   -6,   -6,   -9,  -15,   -6,
     -18,  -12,  -27,  -12,  -21,   -6,   -6,   -6,   -6,   -9,   -9,   -6,   -6,   -6,   -6,   -9,
      -6,   -6,   -6,   -6,   -6,   -3,   -6,   -9,   -6,   -6,   -6,  -12,  -30,  -30,   -6,  -18,
     -18,  -18,  -12,  -39,   -6,  -30,   -6,  -12,   -9,  -12,  -27,  -27,  -36,  -36,  -24,  -15,
     -27,  -27,   -6,   -9,   -9,   -9,   -3,  -24,   -6,   -6,  -18,   -9,   -9,   -9,    9,  -21,
     -21,   -9,  -18,  -21,  -21,  -21,  -21,  -21,   -9,   -6,   -6,   -6,   -6,    6,   -6,   -6,
      -6,   -6,   -9,  -15,   -6,   -6,  -12,   -6,   -9,   -6,  -21,  -42,  -21,  -30,   -6,   -9,
     -12,  -12,  -15,    3,   24,   24,
};

static const EpdLigaturePair serif9_boldLigaturePairs[] = {
    { 0x00660066, 0xFB00 }, // f f -> U+FB00
    { 0x00660069, 0xFB01 }, // f i -> U+FB01
    { 0x0066006C, 0xFB02 }, // f l -> U+FB02
    { 0xFB000069, 0xFB03 }, // U+FB00 i -> U+FB03
    { 0xFB00006C, 0xFB04 }, // U+FB00 l -> U+FB04
};

static const EpdFontData serif9_bold = {
    serif9_boldBitmaps,
    serif9_boldGlyphs,
    serif9_boldIntervals,
    18,
    26,
    21,
    -6,
    false,
    nullptr,
    0,
    nullptr,
    nullptr,  // kernLeftClasses: built-in fonts use the split arrays below
    nullptr,  // kernRightClasses
    serif9_boldKernLeftCodepoints,
    serif9_boldKernLeftClassIds,
    serif9_boldKernRightCodepoints,
    serif9_boldKernRightClassIds,
    nullptr,  // kernMatrix: built-in fonts use the sparse form below
    serif9_boldKernRowOffsets,
    serif9_boldKernSparseCols,
    serif9_boldKernSparseValues,
    381,
    448,
    70,
    65,
    serif9_boldLigaturePairs,
    5,
};
