/**
 * generated by fontconvert.py
 * name: serif9_italic
 * size: 9
 * mode: 1-bit
 * Command used: fontconvert.py serif9_italic 9 /Users/agastyadehiya/Desktop/ereader/lib/EpdFont/builtinFonts/source/NotoSerif/NotoSerif-Italic.ttf --pnum --mono-threshold 4
 */
#pragma once
#include "EpdFontData.h"

static const uint8_t serif9_italicBitmaps[22349] = {
    0x19, 0xCE, 0x63, 0x18, 0xCC, 0x63, 0x00, 0x8E, 0x70, 0x00, 0x6D, 0xDB, 0x36, 0x6C, 0x80, 0x00,
    0x04, 0x41, 0x98, 0x33, 0x06, 0x47, 0xFE, 0x7F, 0x86, 0x40, 0x98, 0x33, 0x1F, 0xF8, 0xD8, 0x13,
    0x06, 0x60, 0xC8, 0x00, 0x00, 0x00, 0xC0, 0xF8, 0x6B, 0x3A, 0xCD, 0x83, 0xE0, 0x78, 0x0F, 0x01,
    0xE4, 0xDB, 0x36, 0xEB, 0x9F, 0xC1, 0x80, 0x60, 0x10, 0x00, 0x18, 0x08, 0x78, 0x31, 0x98, 0xC6,
    0x33, 0x0C, 0x64, 0x19, 0xD8, 0x33, 0x6F, 0x6D, 0xB3, 0x73, 0x66, 0x0C, 0xCC, 0x33, 0x18, 0x66,
    0x31, 0x8C, 0xC6, 0x0F, 0x00, 0x00, 0x00, 0x03, 0x80, 0x1F, 0xC0, 0x31, 0x80, 0xE3, 0x00, 0xCE,
    0x01, 0xF8, 0x03, 0xCF, 0x1F, 0x98, 0x73, 0x30, 0xC3, 0xC3, 0x87, 0x83, 0x07, 0x07, 0x1E, 0x07,
    0xEF, 0x00, 0x00, 0x00, 0x7F, 0x6C, 0x00, 0x00, 0x07, 0x0E, 0x1C, 0x38, 0x30, 0x70, 0x70, 0x60,
    0x60, 0x60, 0x60, 0x60, 0x60, 0x60, 0x30, 0x30, 0x00, 0x00, 0x30, 0x30, 0x70, 0x60, 0xC1, 0x83,
    0x06, 0x1C, 0x38, 0x60, 0xC3, 0x0E, 0x18, 0xE1, 0x00, 0x00, 0x26, 0x1A, 0x07, 0xEF, 0xF7, 0xF0,
    0x6C, 0x20, 0x08, 0x0C, 0x06, 0x0F, 0xEF, 0xF0, 0xC0, 0x60, 0x30, 0x08, 0x00, 0x27, 0x73, 0x6C,
    0xFF, 0xE0, 0x5F, 0x80, 0x00, 0x80, 0x60, 0x18, 0x0C, 0x03, 0x01, 0x80, 0x60, 0x10, 0x0C, 0x02,
    0x01, 0x80, 0x40, 0x30, 0x08, 0x06, 0x01, 0x80, 0xC0, 0x00, 0x00, 0x07, 0x07, 0xE1, 0x8C, 0xC3,
    0x70, 0xD8, 0x36, 0x0D, 0x83, 0x61, 0xD8, 0x66, 0x19, 0x8E, 0x63, 0x0F, 0x80, 0x00, 0x01, 0x03,
    0x87, 0xC7, 0xE0, 0x70, 0x30, 0x18, 0x1C, 0x0E, 0x06, 0x03, 0x01, 0x81, 0xC3, 0xF8, 0x07, 0x83,
    0xF8, 0x63, 0x8C, 0x70, 0x0E, 0x01, 0x80, 0x60, 0x18, 0x06, 0x01, 0x80, 0x60, 0x18, 0x67, 0xF8,
    0xFF, 0x00, 0x07, 0x81, 0xF8, 0x63, 0x8C, 0x70, 0x0E, 0x01, 0x81, 0xE0, 0x7C, 0x01, 0xC0, 0x38,
    0x07, 0x30, 0xE6, 0x38, 0xFE, 0x00, 0x00, 0x00, 0x40, 0x18, 0x07, 0x01, 0xE0, 0x6C, 0x1B, 0x86,
    0x61, 0x8C, 0x21, 0x8F, 0xFD, 0xFF, 0x01, 0x80, 0x30, 0x3F, 0x80, 0x0F, 0xC7, 0xF1, 0x0C, 0x40,
    0x30, 0x0C, 0x03, 0xE0, 0x9C, 0x03, 0x80, 0x60, 0x3B, 0x0E, 0xC7, 0x3F, 0x80, 0x00, 0x07, 0x07,
    0xE3, 0x9D, 0xC2, 0x60, 0x18, 0x0F, 0xE3, 0x8C, 0xC3, 0x30, 0xCC, 0x33, 0x0C, 0x66, 0x1F, 0x80,
    0x00, 0x3F, 0xDF, 0xF4, 0x19, 0x06, 0x03, 0x01, 0xC0, 0x60, 0x30, 0x0C, 0x06, 0x03, 0x80, 0xC0,
    0x70, 0x18, 0x00, 0x0F, 0x07, 0xF3, 0x0C, 0xC3, 0x30, 0xCE, 0x61, 0xF0, 0x7C, 0x73, 0xB8, 0x6C,
    0x1B, 0x06, 0xE3, 0x9F, 0xC0, 0x00, 0x07, 0x07, 0xE3, 0x9C, 0xC3, 0x70, 0xDC, 0x37, 0x1C, 0xFF,
    0x1F, 0x80, 0x60, 0x39, 0x0C, 0xC6, 0x1F, 0x00, 0x00, 0x01, 0xCE, 0x20, 0x00, 0x00, 0x67, 0x38,
    0x00, 0x00, 0x71, 0xC2, 0x00, 0x00, 0x00, 0x21, 0xC3, 0x04, 0x31, 0x00, 0x00, 0x01, 0xC3, 0xC7,
    0x87, 0x07, 0x01, 0xE0, 0x3C, 0x07, 0x00, 0x80, 0x00, 0x7F, 0xC0, 0x00, 0x0F, 0xF7, 0xF8, 0x00,
    0x60, 0x1C, 0x03, 0x80, 0x70, 0x18, 0x38, 0x70, 0xE0, 0x60, 0x00, 0x3C, 0x7E, 0xE3, 0xC3, 0x03,
    0x06, 0x0C, 0x38, 0x20, 0x20, 0x00, 0x40, 0xE0, 0xE0, 0x00, 0x01, 0xE0, 0x07, 0xF8, 0x1C, 0x0C,
    0x38, 0x06, 0x73, 0xF2, 0x67, 0x72, 0x6E, 0x63, 0xCC, 0x62, 0xCC, 0x62, 0xCC, 0x66, 0xCC, 0xE6,
    0xCF, 0xFC, 0xC7, 0x38, 0x60, 0x00, 0x70, 0x10, 0x3F, 0xF0, 0x0F, 0xC0, 0x00, 0x20, 0x00, 0xE0,
    0x03, 0xC0, 0x07, 0x80, 0x1B, 0x00, 0x26, 0x00, 0xCC, 0x03, 0x18, 0x07, 0xF8, 0x1F, 0xF0, 0x20,
    0x60, 0xC0, 0xC3, 0x81, 0x8F, 0x8F, 0x80, 0x0F, 0xC0, 0xFF, 0x81, 0x8E, 0x1C, 0x70, 0xE3, 0x86,
    0x18, 0x3F, 0x81, 0xFC, 0x1C, 0x70, 0xC1, 0x86, 0x0C, 0x30, 0xE3, 0x8E, 0x7F, 0xE0, 0x01, 0xE0,
    0x3F, 0x87, 0x0C, 0x30, 0x63, 0x80, 0x38, 0x01, 0xC0, 0x0C, 0x00, 0x60, 0x03, 0x00, 0x18, 0x00,
    0xE0, 0x83, 0x8C, 0x0F, 0xC0, 0x00, 0x00, 0x0F, 0xC0, 0x3F, 0xE0, 0x18, 0x60, 0x70, 0xE0, 0xE0,
    0xC1, 0x81, 0x83, 0x03, 0x06, 0x06, 0x1C, 0x1C, 0x30, 0x38, 0x60, 0xE0, 0xC1, 0x83, 0x8E, 0x1F,
    0xF8, 0x00, 0x0F, 0xF8, 0xFF, 0xC1, 0x86, 0x1C, 0x30, 0xE0, 0x06, 0x00, 0x3F, 0x01, 0xF8, 0x1C,
    0x00, 0xC0, 0x06, 0x00, 0x30, 0x63, 0x86, 0x7F, 0xF0, 0x0F, 0xF8, 0xFF, 0xC1, 0x86, 0x1C, 0x30,
    0xE0, 0x06, 0x00, 0x30, 0x01, 0xF8, 0x1C, 0x00, 0xC0, 0x06, 0x00, 0x30, 0x03, 0x80, 0x7F, 0x00,
    0x01, 0xE0, 0x1F, 0xE1, 0xC3, 0x86, 0x06, 0x30, 0x01, 0xC0, 0x07, 0x00, 0x18, 0x00, 0x60, 0xF9,
    0x81, 0xC6, 0x06, 0x1C, 0x18, 0x38, 0x60, 0x7F, 0x00, 0x00, 0x00, 0x0F, 0x8F, 0x8F, 0xCF, 0xC1,
    0x81, 0x81, 0xC1, 0xC0, 0xE0, 0xE0, 0x60, 0x60, 0x3F, 0xF0, 0x1F, 0xF8, 0x1C, 0x1C, 0x0C, 0x0C,
    0x06, 0x06, 0x03, 0x03, 0x03, 0x83, 0x87, 0xE7, 0xE0, 0x0F, 0x8F, 0xC1, 0x81, 0xC0, 0xE0, 0x60,
    0x30, 0x18, 0x1C, 0x0C, 0x06, 0x03, 0x03, 0x87, 0xE0, 0x07, 0xE0, 0xFC, 0x0E, 0x01, 0xC0, 0x30,
    0x06, 0x00, 0xC0, 0x38, 0x07, 0x00, 0xC0, 0x18, 0x03, 0x00, 0xE0, 0x1C, 0x03, 0x00, 0x60, 0x1C,
    0x1F, 0x03, 0x80, 0x00, 0x0F, 0x9E, 0x1F, 0x9E, 0x06, 0x18, 0x0E, 0x30, 0x0E, 0x60, 0x0C, 0xC0,
    0x0D, 0x80, 0x0F, 0xC0, 0x1D, 0xC0, 0x18, 0xC0, 0x18, 0xE0, 0x18, 0x60, 0x38, 0x70, 0xFC, 0x38,
    0x0F, 0x81, 0xF8, 0x06, 0x00, 0xE0, 0x0E, 0x00, 0xC0, 0x0C, 0x00, 0xC0, 0x1C, 0x01, 0x80, 0x18,
    0x31, 0x83, 0x38, 0x67, 0xFE, 0x0F, 0x01, 0xE1, 0xF0, 0x1E, 0x07, 0x03, 0xC0, 0xF0, 0x38, 0x0F,
    0x87, 0x80, 0xF8, 0xD8, 0x0B, 0x89, 0x80, 0x99, 0xB8, 0x19, 0x93, 0x01, 0x9B, 0x30, 0x19, 0xE3,
    0x01, 0x1E, 0x70, 0x31, 0xC7, 0x07, 0xC8, 0xF8, 0x0E, 0x0F, 0x0F, 0x07, 0x81, 0xC1, 0x81, 0xE0,
    0x80, 0xF8, 0x40, 0x6C, 0x60, 0x27, 0x30, 0x11, 0x98, 0x18, 0xE8, 0x0C, 0x7C, 0x06, 0x1E, 0x02,
    0x0F, 0x03, 0x03, 0x03, 0xE1, 0x80, 0x03, 0xC0, 0x3F, 0xC1, 0xC3, 0x86, 0x06, 0x30, 0x19, 0xC0,
    0x77, 0x01, 0xD8, 0x06, 0x60, 0x39, 0x80, 0xE6, 0x03, 0x1C, 0x18, 0x30, 0xE0, 0x7E, 0x00, 0x00,
    0x00, 0x0F, 0xC0, 0xFF, 0x81, 0x8C, 0x1C, 0x70, 0xE3, 0x86, 0x1C, 0x30, 0xC1, 0x9C, 0x1F, 0xC0,
    0xC0, 0x06, 0x00, 0x30, 0x03, 0x80, 0x3F, 0x00, 0x03, 0xC0, 0x3F, 0xC1, 0xC3, 0x86, 0x06, 0x30,
    0x19, 0xC0, 0x77, 0x01, 0xD8, 0x06, 0x60, 0x39, 0x80, 0xE6, 0x03, 0x1C, 0x18, 0x30, 0xE0, 0x7E,
    0x00, 0x60, 0x01, 0x80, 0x07, 0x00, 0x0F, 0x00, 0x00, 0x00, 0x0F, 0xC0, 0xFF, 0x81, 0x8E, 0x1C,
    0x70, 0xE3, 0x86, 0x1C, 0x31, 0xC1, 0xFC, 0x1D, 0xC0, 0xC6, 0x06, 0x30, 0x31, 0xC3, 0x8E, 0x3F,
    0x38, 0x07, 0x83, 0xF8, 0xE3, 0x98, 0x23, 0x00, 0x70, 0x07, 0x80, 0x78, 0x07, 0x80, 0x33, 0x06,
    0x60, 0xCE, 0x38, 0xFE, 0x00, 0x00, 0x7F, 0xF7, 0xFF, 0x46, 0x3C, 0x62, 0x0E, 0x00, 0xE0, 0x0C,
    0x00, 0xC0, 0x0C, 0x01, 0xC0, 0x1C, 0x01, 0x80, 0x18, 0x07, 0xE0, 0x7C, 0x7D, 0xF1, 0xF3, 0x83,
    0x0C, 0x0C, 0x30, 0x30, 0xC0, 0x87, 0x06, 0x1C, 0x18, 0x60, 0x61, 0x81, 0x86, 0x04, 0x18, 0x30,
    0x71, 0x80, 0xFC, 0x00, 0x00, 0x00, 0x7C, 0x79, 0xF1, 0xE3, 0x03, 0x0C, 0x18, 0x30, 0x40, 0xC3,
    0x03, 0x88, 0x0E, 0x60, 0x3B, 0x00, 0x6C, 0x01, 0xE0, 0x07, 0x80, 0x1C, 0x00, 0x60, 0x00, 0x7C,
    0x00, 0xF3, 0xE3, 0x87, 0x8C, 0x1C, 0x10, 0x61, 0xE1, 0x83, 0x0F, 0x08, 0x18, 0xD8, 0xC0, 0xE6,
    0xC4, 0x07, 0x26, 0x60, 0x3B, 0x32, 0x01, 0xD1, 0xB0, 0x0F, 0x8F, 0x00, 0x38, 0x78, 0x01, 0xC3,
    0x80, 0x0C, 0x1C, 0x00, 0x1F, 0x1C, 0x3E, 0x78, 0x38, 0x60, 0x39, 0x80, 0x76, 0x00, 0x78, 0x00,
    0xE0, 0x01, 0xC0, 0x07, 0xC0, 0x1B, 0x80, 0x63, 0x00, 0x87, 0x03, 0x0E, 0x1F, 0x3E, 0x00, 0x78,
    0xF3, 0xC7, 0x8C, 0x18, 0x61, 0x83, 0x88, 0x0C, 0x80, 0x6C, 0x03, 0xC0, 0x0C, 0x00, 0x60, 0x07,
    0x00, 0x38, 0x01, 0x80, 0x3F, 0x00, 0x0F, 0xF8, 0xFF, 0xC6, 0x1C, 0x21, 0xC0, 0x0C, 0x00, 0xE0,
    0x0E, 0x00, 0xE0, 0x0E, 0x00, 0x60, 0x07, 0x00, 0x70, 0x47, 0x06, 0x3F, 0xF0, 0x0E, 0x1F, 0x18,
    0x18, 0x18, 0x38, 0x38, 0x30, 0x30, 0x30, 0x70, 0x60, 0x60, 0x60, 0xE0, 0xE0, 0xF0, 0xF0, 0x13,
    0x6D, 0xB6, 0xDB, 0x6D, 0x92, 0x48, 0x0E, 0x0F, 0x07, 0x06, 0x06, 0x06, 0x06, 0x0E, 0x0C, 0x0C,
    0x0C, 0x1C, 0x1C, 0x18, 0x18, 0x18, 0xF8, 0xF0, 0x04, 0x03, 0x00, 0xE0, 0x78, 0x1B, 0x0C, 0xC3,
    0x19, 0x86, 0x60, 0xC0, 0x00, 0x7F, 0xBF, 0xE0, 0x66, 0x31, 0x00, 0x01, 0xF8, 0x63, 0x18, 0xE7,
    0x1C, 0xC3, 0x18, 0x63, 0x1C, 0x63, 0x8C, 0xF1, 0xE7, 0x80, 0x00, 0x38, 0x0E, 0x01, 0x80, 0x60,
    0x38, 0x0F, 0xE3, 0xDC, 0xE3, 0x30, 0xDC, 0x77, 0x1D, 0x86, 0x63, 0x98, 0xCF, 0xE0, 0x00, 0x00,
    0x07, 0xE3, 0x98, 0xC6, 0x70, 0x18, 0x06, 0x01, 0x80, 0x60, 0x1C, 0xC3, 0xE0, 0x00, 0x00, 0xC0,
    0x3C, 0x03, 0x80, 0x70, 0x0C, 0x1F, 0x86, 0x31, 0x8E, 0x71, 0xCC, 0x31, 0x86, 0x31, 0xC6, 0x38,
    0xCF, 0x1E, 0x78, 0x00, 0x00, 0x0F, 0xCE, 0x66, 0x37, 0x3B, 0xF9, 0xF0, 0xC0, 0x60, 0x39, 0x8F,
    0x80, 0x00, 0x00, 0x60, 0x0F, 0x80, 0xEC, 0x06, 0x00, 0x30, 0x07, 0xE0, 0x1C, 0x00, 0xC0, 0x06,
    0x00, 0x30, 0x01, 0x80, 0x1C, 0x00, 0xC0, 0x06, 0x00, 0x30, 0x03, 0x80, 0x18, 0x00, 0xC0, 0x1C,
    0x00, 0xC0, 0x00, 0x00, 0x30, 0x7F, 0x83, 0x30, 0x31, 0x81, 0x8C, 0x0C, 0xE0, 0x7E, 0x03, 0xC0,
    0x30, 0x01, 0xF8, 0x0F, 0xE0, 0xC3, 0x8C, 0x0C, 0x60, 0xC1, 0xFE, 0x07, 0xC0, 0x18, 0x07, 0x80,
    0x60, 0x0C, 0x01, 0x80, 0x37, 0x8F, 0x31, 0xC6, 0x38, 0xC6, 0x38, 0xC6, 0x38, 0xC6, 0x18, 0xC3,
    0x18, 0x78, 0x00, 0x01, 0xCC, 0x00, 0x79, 0xCC, 0x63, 0x19, 0xCC, 0x63, 0xC0, 0x00, 0x01, 0xC0,
    0xC0, 0x00, 0x00, 0x78, 0x1C, 0x0C, 0x06, 0x03, 0x01, 0x81, 0xC0, 0xC0, 0x60, 0x30, 0x38, 0x18,
    0x0C, 0x1C, 0x0C, 0x00, 0x18, 0x03, 0xC0, 0x18, 0x01, 0x80, 0x18, 0x01, 0x9E, 0x39, 0xC3, 0x30,
    0x36, 0x03, 0xE0, 0x3E, 0x07, 0x70, 0x63, 0x06, 0x38, 0x61, 0xC0, 0x00, 0x33, 0xCC, 0x63, 0x19,
    0xCC, 0x63, 0x19, 0xCC, 0x63, 0xC0, 0x00, 0x00, 0x3D, 0xEF, 0x0F, 0x3D, 0xC7, 0x1C, 0xE3, 0x8C,
    0x61, 0x8E, 0x30, 0xC6, 0x18, 0xE3, 0x1C, 0x61, 0x8E, 0x30, 0xC7, 0x18, 0xE1, 0xC0, 0x00, 0x00,
    0x00, 0x0F, 0x78, 0xF3, 0x1C, 0x63, 0x8C, 0x63, 0x8C, 0x63, 0x8C, 0x61, 0x8C, 0x31, 0x87, 0x80,
    0x00, 0x00, 0x07, 0xE3, 0x9C, 0xC3, 0x70, 0xD8, 0x36, 0x1D, 0x87, 0x61, 0x98, 0xC3, 0xE0, 0x00,
    0x00, 0x03, 0xFE, 0x1E, 0xE1, 0xC6, 0x1C, 0x61, 0x86, 0x18, 0xE3, 0x8C, 0x30, 0xC3, 0x18, 0x3F,
    0x07, 0x00, 0x60, 0x06, 0x00, 0x70, 0x07, 0x00, 0x00, 0x01, 0xF8, 0x63, 0x18, 0xE7, 0x1C, 0xC3,
    0x18, 0x63, 0x1C, 0x63, 0x8C, 0xE1, 0xEC, 0x01, 0x80, 0x30, 0x0E, 0x01, 0xC0, 0x3C, 0x00, 0x3F,
    0xCF, 0x67, 0x23, 0x81, 0x80, 0xC0, 0xE0, 0x60, 0x30, 0x18, 0x00, 0x00, 0x1F, 0x8C, 0xCE, 0x23,
    0x01, 0xE0, 0x78, 0x0E, 0xC3, 0x63, 0x1F, 0x00, 0x00, 0x10, 0x43, 0x3F, 0x71, 0x86, 0x18, 0x63,
    0x8C, 0x38, 0x78, 0x00, 0x00, 0x3C, 0x67, 0x19, 0x86, 0x61, 0x98, 0xEE, 0x33, 0x8C, 0xC7, 0x3A,
    0xCF, 0xBC, 0x00, 0x00, 0x3C, 0x67, 0x1C, 0xC3, 0x30, 0x8C, 0x63, 0x10, 0xEC, 0x3A, 0x07, 0x01,
    0xC0, 0x00, 0x00, 0x00, 0xE1, 0x8C, 0xC7, 0x19, 0x8E, 0x33, 0x3C, 0x66, 0x58, 0x8D, 0xB3, 0x1A,
    0x6C, 0x3C, 0xD0, 0x71, 0xE0, 0xE3, 0x80, 0x00, 0x00, 0x00, 0x01, 0xC7, 0x0C, 0xC0, 0xD8, 0x07,
    0x00, 0x70, 0x07, 0x00, 0xF0, 0x1B, 0x83, 0x18, 0x71, 0xC0, 0x00, 0x00, 0x38, 0x60, 0x71, 0xC1,
    0xC6, 0x03, 0x18, 0x0C, 0x60, 0x39, 0x00, 0x6C, 0x01, 0xE0, 0x07, 0x80, 0x0C, 0x00, 0x60, 0x03,
    0x80, 0x1C, 0x07, 0xE0, 0x1E, 0x00, 0x00, 0x07, 0xF1, 0x18, 0x4E, 0x07, 0x01, 0x80, 0xC0, 0x60,
    0x38, 0x9C, 0x67, 0xF8, 0x01, 0x07, 0x83, 0x03, 0x81, 0x80, 0xC0, 0x60, 0x70, 0xF0, 0x70, 0x0C,
    0x06, 0x07, 0x03, 0x81, 0x80, 0xC0, 0x78, 0x1C, 0x00, 0x3F, 0xFF, 0xFF, 0xFF, 0xFD, 0x08, 0x0F,
    0x01, 0x80, 0xC0, 0x60, 0x70, 0x38, 0x1C, 0x07, 0x07, 0x83, 0x03, 0x81, 0x80, 0xC0, 0x60, 0x70,
    0xF0, 0x70, 0x00, 0x20, 0x7C, 0xF7, 0xD1, 0xE0, 0x00, 0xCE, 0x20, 0x18, 0xC6, 0x23, 0x18, 0xCE,
    0x73, 0x00, 0x02, 0x01, 0x03, 0xE7, 0xF3, 0x5B, 0x21, 0x91, 0xD8, 0xEC, 0x74, 0x1A, 0xCF, 0xC1,
    0x80, 0x80, 0x03, 0xC0, 0x7E, 0x0C, 0x70, 0xC2, 0x0C, 0x00, 0xC0, 0x1F, 0x03, 0xF8, 0x0C, 0x00,
    0xC0, 0x0C, 0x01, 0x80, 0x3F, 0xE7, 0xFC, 0x00, 0x00, 0x41, 0x3F, 0x98, 0xC8, 0x64, 0x33, 0x19,
    0xFD, 0xFE, 0x00, 0x00, 0x79, 0xE7, 0x9E, 0x30, 0xC3, 0x18, 0x31, 0x03, 0xA0, 0x1E, 0x07, 0xF0,
    0x7F, 0x01, 0xC0, 0xFF, 0x01, 0x80, 0x38, 0x0F, 0xC0, 0x3F, 0xFF, 0x00, 0xFF, 0xFD, 0x00, 0x03,
    0xF1, 0x8C, 0x63, 0x18, 0x07, 0x03, 0xF0, 0x9E, 0x61, 0x8E, 0x63, 0xD8, 0x7C, 0x07, 0x00, 0xCC,
    0x33, 0x18, 0x7C, 0x00, 0x00, 0x6C, 0xD8, 0x00, 0x07, 0x80, 0x7F, 0x87, 0x03, 0x19, 0xF6, 0xCC,
    0xCF, 0x60, 0x39, 0x80, 0xE6, 0x03, 0x98, 0x0F, 0x60, 0x3C, 0xFC, 0x99, 0xE6, 0x38, 0x70, 0x7F,
    0x80, 0x00, 0x00, 0x18, 0xFD, 0xB6, 0x6C, 0xDB, 0xBB, 0x80, 0x19, 0x19, 0x99, 0x9D, 0x8D, 0xC3,
    0x61, 0x98, 0x44, 0x7F, 0x7F, 0xC0, 0x60, 0x30, 0x18, 0x08, 0xFF, 0xE0, 0x07, 0x80, 0x7F, 0x87,
    0x03, 0x1F, 0xE6, 0xCC, 0xCF, 0x33, 0x38, 0xCC, 0xE3, 0xE3, 0x8D, 0x8F, 0x33, 0x3C, 0xEE, 0x9F,
    0x9E, 0x38, 0x70, 0x7F, 0x80, 0x00, 0x00, 0x7F, 0xDF, 0xF0, 0x39, 0xFC, 0xF3, 0xCD, 0xE0, 0x00,
    0x08, 0x0C, 0x06, 0x0F, 0xEF, 0xF0, 0xC0, 0x60, 0x30, 0x08, 0x00, 0x3F, 0xE0, 0x18, 0xFD, 0x98,
    0x30, 0xC3, 0x0C, 0x3E, 0xFC, 0x1C, 0x3E, 0x26, 0x06, 0x3C, 0x0E, 0x46, 0xCC, 0x78, 0x33, 0x99,
    0x00, 0x00, 0x00, 0xC7, 0x1C, 0x61, 0x86, 0x18, 0x61, 0x8E, 0x38, 0xC3, 0x8C, 0x30, 0xC3, 0x9C,
    0x7E, 0xF6, 0x00, 0x60, 0x06, 0x00, 0x70, 0x06, 0x00, 0x0F, 0xCF, 0xFD, 0xFA, 0x3F, 0x47, 0xE8,
    0xFD, 0x1F, 0xA1, 0xF4, 0x06, 0x80, 0xD0, 0x1A, 0x03, 0x40, 0x68, 0x0D, 0x01, 0xA0, 0x36, 0x1E,
    0xE0, 0x00, 0x7D, 0x80, 0x00, 0xC1, 0x86, 0x79, 0xC0, 0x00, 0x77, 0xC6, 0x18, 0x63, 0x8C, 0x7C,
    0x18, 0xF9, 0x9E, 0x3C, 0xF9, 0x9E, 0x00, 0x26, 0x19, 0x0E, 0xC3, 0x73, 0xB1, 0xB1, 0xB0, 0x90,
    0x00, 0x08, 0x38, 0x31, 0xF0, 0xC0, 0xC1, 0x01, 0x86, 0x03, 0x19, 0x8E, 0x67, 0x18, 0xDE, 0x7F,
    0x7C, 0x0C, 0xB0, 0x13, 0xF8, 0x67, 0xE1, 0x83, 0x86, 0x0F, 0x00, 0x00, 0x08, 0x38, 0x21, 0xF0,
    0xC0, 0xC3, 0x01, 0x84, 0x03, 0x1B, 0x0E, 0x7F, 0x19, 0xB3, 0x7F, 0x0C, 0x0C, 0x18, 0x30, 0x60,
    0x41, 0x21, 0x8F, 0xC6, 0x1F, 0x80, 0x1C, 0x08, 0xFC, 0x31, 0x98, 0xC0, 0x71, 0x83, 0xC6, 0x01,
    0x99, 0x83, 0xA7, 0x66, 0xDE, 0x7B, 0x7C, 0x04, 0xB0, 0x1B, 0xF8, 0x67, 0xE1, 0x83, 0x83, 0x0F,
    0x00, 0x00, 0x06, 0x06, 0x04, 0x00, 0x04, 0x0C, 0x1C, 0x70, 0xE0, 0xC0, 0xC2, 0xC7, 0xFE, 0x38,
    0x00, 0xC0, 0x01, 0xC0, 0x01, 0x80, 0x01, 0x00, 0x02, 0x00, 0x0E, 0x00, 0x3C, 0x00, 0x78, 0x01,
    0xB0, 0x02, 0x60, 0x0C, 0xC0, 0x31, 0x80, 0x7F, 0x81, 0xFF, 0x02, 0x06, 0x0C, 0x0C, 0x38, 0x18,
    0xF8, 0xF8, 0x00, 0x08, 0x00, 0x30, 0x00, 0xC0, 0x01, 0x00, 0x02, 0x00, 0x0E, 0x00, 0x3C, 0x00,
    0x78, 0x01, 0xB0, 0x02, 0x60, 0x0C, 0xC0, 0x31, 0x80, 0x7F, 0x81, 0xFF, 0x02, 0x06, 0x0C, 0x0C,
    0x38, 0x18, 0xF8, 0xF8, 0x00, 0x30, 0x00, 0xE0, 0x03, 0x60, 0x04, 0x40, 0x02, 0x00, 0x0E, 0x00,
    0x3C, 0x00, 0x78, 0x01, 0xB0, 0x02, 0x60, 0x0C, 0xC0, 0x31, 0x80, 0x7F, 0x81, 0xFF, 0x02, 0x06,
    0x0C, 0x0C, 0x38, 0x18, 0xF8, 0xF8, 0x00, 0xE4, 0x03, 0xF8, 0x04, 0x60, 0x01, 0x00, 0x07, 0x00,
    0x1E, 0x00, 0x3C, 0x00, 0xD8, 0x01, 0x30, 0x06, 0x60, 0x18, 0xC0, 0x3F, 0xC0, 0xFF, 0x81, 0x03,
    0x06, 0x06, 0x1C, 0x0C, 0x7C, 0x7C, 0x00, 0xCC, 0x01, 0xB8, 0x00, 0x00, 0x01, 0x00, 0x07, 0x00,
    0x1E, 0x00, 0x3C, 0x00, 0xD8, 0x01, 0x30, 0x06, 0x60, 0x18, 0xC0, 0x3F, 0xC0, 0xFF, 0x81, 0x03,
    0x06, 0x06, 0x1C, 0x0C, 0x7C, 0x7C, 0x00, 0x00, 0x01, 0xE0, 0x02, 0x60, 0x07, 0xC0, 0x07, 0x00,
    0x1E, 0x00, 0x3C, 0x00, 0xD8, 0x01, 0x30, 0x06, 0x60, 0x18, 0xC0, 0x3F, 0xC0, 0xFF, 0x81, 0x03,
    0x06, 0x06, 0x1C, 0x0C, 0x7C, 0x7C, 0x00, 0x3F, 0xF0, 0x03, 0xFF, 0x80, 0x0F, 0x0C, 0x00, 0xF8,
    0x60, 0x0D, 0xC0, 0x00, 0x4C, 0x00, 0x06, 0x7E, 0x00, 0x63, 0xF0, 0x07, 0xF8, 0x00, 0x3F, 0xC0,
    0x03, 0x0C, 0x00, 0x30, 0x60, 0xC3, 0x87, 0x0C, 0x3E, 0x7F, 0xE0, 0x01, 0xE0, 0x3F, 0x87, 0x0C,
    0x30, 0x63, 0x80, 0x38, 0x01, 0xC0, 0x0C, 0x00, 0x60, 0x03, 0x00, 0x18, 0x00, 0xE0, 0x83, 0x8C,
    0x0F, 0xC0, 0x18, 0x00, 0xE0, 0x03, 0x00, 0xF0, 0x07, 0x00, 0x01, 0x00, 0x0C, 0x00, 0x60, 0x01,
    0x80, 0xFF, 0x8F, 0xFC, 0x18, 0x61, 0xC3, 0x0E, 0x00, 0x60, 0x03, 0xF0, 0x1F, 0x81, 0xC0, 0x0C,
    0x00, 0x60, 0x03, 0x06, 0x38, 0x67, 0xFF, 0x00, 0x00, 0x20, 0x03, 0x00, 0x30, 0x01, 0x00, 0xFF,
    0x8F, 0xFC, 0x18, 0x61, 0xC3, 0x0E, 0x00, 0x60, 0x03, 0xF0, 0x1F, 0x81, 0xC0, 0x0C, 0x00, 0x60,
    0x03, 0x06, 0x38, 0x67, 0xFF, 0x00, 0x00, 0x40, 0x07, 0x00, 0x78, 0x04, 0x60, 0xFF, 0x8F, 0xFC,
    0x18, 0x61, 0xC3, 0x0E, 0x00, 0x60, 0x03, 0xF0, 0x1F, 0x81, 0xC0, 0x0C, 0x00, 0x60, 0x03, 0x06,
    0x38, 0x67, 0xFF, 0x00, 0x03, 0x70, 0x1B, 0x80, 0x00, 0x1F, 0xF1, 0xFF, 0x83, 0x0C, 0x38, 0x61,
    0xC0, 0x0C, 0x00, 0x7E, 0x03, 0xF0, 0x38, 0x01, 0x80, 0x0C, 0x00, 0x60, 0xC7, 0x0C, 0xFF, 0xE0,
    0x0C, 0x07, 0x01, 0x80, 0x40, 0xF8, 0xFC, 0x18, 0x1C, 0x0E, 0x06, 0x03, 0x01, 0x81, 0xC0, 0xC0,
    0x60, 0x30, 0x38, 0x7E, 0x00, 0x01, 0x80, 0x60, 0x30, 0x18, 0x0F, 0x87, 0xE0, 0x60, 0x38, 0x0E,
    0x03, 0x00, 0xC0, 0x30, 0x1C, 0x06, 0x01, 0x80, 0x60, 0x38, 0x3F, 0x00, 0x03, 0x01, 0xC0, 0xD8,
    0x22, 0x0F, 0x87, 0xE0, 0x60, 0x38, 0x0E, 0x03, 0x00, 0xC0, 0x30, 0x1C, 0x06, 0x01, 0x80, 0x60,
    0x38, 0x3F, 0x00, 0x0D, 0x83, 0x60, 0x00, 0x3E, 0x1F, 0x81, 0x80, 0xE0, 0x38, 0x0C, 0x03, 0x00,
    0xC0, 0x70, 0x18, 0x06, 0x01, 0x80, 0xE0, 0xFC, 0x00, 0x0F, 0xC0, 0x3F, 0xE0, 0x18, 0x60, 0x70,
    0xE0, 0xE0, 0xC1, 0x81, 0x8F, 0xE3, 0x1F, 0xC6, 0x1C, 0x1C, 0x30, 0x38, 0x60, 0xE0, 0xC1, 0x83,
    0x8E, 0x1F, 0xF8, 0x00, 0x00, 0xE4, 0x00, 0xFE, 0x00, 0x46, 0x01, 0xC1, 0xE1, 0xE0, 0xF0, 0x38,
    0x30, 0x3C, 0x10, 0x1F, 0x08, 0x0D, 0x8C, 0x04, 0xE6, 0x02, 0x33, 0x03, 0x1D, 0x01, 0x8F, 0x80,
    0xC3, 0xC0, 0x41, 0xE0, 0x60, 0x60, 0x7C, 0x30, 0x00, 0x01, 0x80, 0x06, 0x00, 0x0C, 0x00, 0x10,
    0x03, 0xC0, 0x3F, 0xC1, 0xC3, 0x86, 0x06, 0x30, 0x19, 0xC0, 0x77, 0x01, 0xD8, 0x06, 0x60, 0x39,
    0x80, 0xE6, 0x03, 0x1C, 0x18, 0x30, 0xE0, 0x7E, 0x00, 0x00, 0x00, 0x00, 0x20, 0x01, 0x80, 0x0C,
    0x00, 0x20, 0x03, 0xC0, 0x3F, 0xC1, 0xC3, 0x86, 0x06, 0x30, 0x19, 0xC0, 0x77, 0x01, 0xD8, 0x06,
    0x60, 0x39, 0x80, 0xE6, 0x03, 0x1C, 0x18, 0x30, 0xE0, 0x7E, 0x00, 0x00, 0x00, 0x00, 0xC0, 0x07,
    0x80, 0x3E, 0x00, 0x88, 0x03, 0xC0, 0x3F, 0xC1, 0xC3, 0x86, 0x06, 0x30, 0x19, 0xC0, 0x77, 0x01,
    0xD8, 0x06, 0x60, 0x39, 0x80, 0xE6, 0x03, 0x1C, 0x18, 0x30, 0xE0, 0x7E, 0x00, 0x00, 0x00, 0x03,
    0x90, 0x0F, 0xC0, 0x06, 0x00, 0xF0, 0x0F, 0xF0, 0x70, 0xE1, 0x81, 0x8C, 0x06, 0x70, 0x1D, 0xC0,
    0x76, 0x01, 0x98, 0x0E, 0x60, 0x39, 0x80, 0xC7, 0x06, 0x0C, 0x38, 0x1F, 0x80, 0x00, 0x00, 0x03,
    0x30, 0x0C, 0xC0, 0x00, 0x00, 0xF0, 0x0F, 0xF0, 0x70, 0xE1, 0x81, 0x8C, 0x06, 0x70, 0x1D, 0xC0,
    0x76, 0x01, 0x98, 0x0E, 0x60, 0x39, 0x80, 0xC7, 0x06, 0x0C, 0x38, 0x1F, 0x80, 0x00, 0x00, 0x41,
    0x71, 0x9D, 0x87, 0x81, 0xC1, 0xF1, 0x9D, 0x86, 0x00, 0x00, 0x00, 0x00, 0x0F, 0x60, 0xFF, 0x07,
    0x0E, 0x18, 0x78, 0xC3, 0x67, 0x09, 0xDC, 0x67, 0x63, 0x19, 0x88, 0xE6, 0x43, 0x9B, 0x0C, 0x78,
    0x60, 0xE3, 0x83, 0xF8, 0x18, 0x00, 0x02, 0x00, 0x0C, 0x00, 0x18, 0x00, 0x20, 0x7C, 0x7D, 0xF1,
    0xF3, 0x83, 0x0C, 0x0C, 0x30, 0x30, 0xC0, 0x87, 0x06, 0x1C, 0x18, 0x60, 0x61, 0x81, 0x86, 0x04,
    0x18, 0x30, 0x71, 0x80, 0xFC, 0x00, 0x00, 0x00, 0x00, 0x60, 0x03, 0x80, 0x18, 0x00, 0x40, 0x7C,
    0x7D, 0xF1, 0xF3, 0x83, 0x0C, 0x0C, 0x30, 0x30, 0xC0, 0x87, 0x06, 0x1C, 0x18, 0x60, 0x61, 0x81,
    0x86, 0x04, 0x18, 0x30, 0x71, 0x80, 0xFC, 0x00, 0x00, 0x00, 0x00, 0x80, 0x07, 0x00, 0x3E, 0x01,
    0x88, 0x7C, 0x7D, 0xF1, 0xF3, 0x83, 0x0C, 0x0C, 0x30, 0x30, 0xC0, 0x87, 0x06, 0x1C, 0x18, 0x60,
    0x61, 0x81, 0x86, 0x04, 0x18, 0x30, 0x71, 0x80, 0xFC, 0x00, 0x00, 0x00, 0x06, 0x60, 0x19, 0x80,
    0x00, 0x1F, 0x1F, 0x7C, 0x7C, 0xE0, 0xC3, 0x03, 0x0C, 0x0C, 0x30, 0x21, 0xC1, 0x87, 0x06, 0x18,
    0x18, 0x60, 0x61, 0x81, 0x06, 0x0C, 0x1C, 0x60, 0x3F, 0x00, 0x00, 0x00, 0x00, 0xC0, 0x0E, 0x00,
    0x60, 0x04, 0x07, 0x8F, 0x3C, 0x78, 0xC1, 0x86, 0x18, 0x38, 0x80, 0xC8, 0x06, 0xC0, 0x3C, 0x00,
    0xC0, 0x06, 0x00, 0x70, 0x03, 0x80, 0x18, 0x03, 0xF0, 0x00, 0x0F, 0x81, 0xF8, 0x06, 0x00, 0xFE,
    0x0E, 0x70, 0xC3, 0x0C, 0x30, 0xC3, 0x1C, 0x71, 0x8E, 0x1F, 0xC1, 0x80, 0x38, 0x07, 0xE0, 0x00,
    0x30, 0x01, 0xF8, 0x06, 0x30, 0x18, 0x60, 0x30, 0xC1, 0xEF, 0x81, 0xD8, 0x03, 0xF0, 0x06, 0x60,
    0x0C, 0xF0, 0x18, 0xE0, 0x70, 0xE0, 0xD8, 0xC1, 0xB3, 0x83, 0x7E, 0x06, 0x00, 0x18, 0x00, 0x30,
    0x01, 0xC0, 0x03, 0x00, 0x00, 0x0C, 0x01, 0xC0, 0x18, 0x01, 0x00, 0x00, 0x1F, 0x86, 0x31, 0x8E,
    0x71, 0xCC, 0x31, 0x86, 0x31, 0xC6, 0x38, 0xCF, 0x1E, 0x78, 0x00, 0x00, 0xC0, 0x30, 0x0C, 0x01,
    0x00, 0x00, 0x1F, 0x86, 0x31, 0x8E, 0x71, 0xCC, 0x31, 0x86, 0x31, 0xC6, 0x38, 0xCF, 0x1E, 0x78,
    0x00, 0x03, 0x00, 0xF0, 0x3E, 0x04, 0x40, 0x00, 0x1F, 0x86, 0x31, 0x8E, 0x71, 0xCC, 0x31, 0x86,
    0x31, 0xC6, 0x38, 0xCF, 0x1E, 0x78, 0x00, 0x0E, 0x43, 0xF8, 0x46, 0x00, 0x00, 0xFC, 0x31, 0x8C,
    0x73, 0x8E, 0x61, 0x8C, 0x31, 0x8E, 0x31, 0xC6, 0x78, 0xF3, 0xC0, 0x00, 0x0D, 0x81, 0xB0, 0x00,
    0x00, 0x00, 0xFC, 0x31, 0x8C, 0x73, 0x8E, 0x61, 0x8C, 0x31, 0x8E, 0x31, 0xC6, 0x78, 0xF3, 0xC0,
    0x00, 0x00, 0x00, 0xF0, 0x32, 0x06, 0xC0, 0x70, 0x00, 0x03, 0xF0, 0xC6, 0x31, 0xCE, 0x39, 0x86,
    0x30, 0xC6, 0x38, 0xC7, 0x19, 0xE3, 0xCF, 0x00, 0x00, 0x00, 0x00, 0x3F, 0xFC, 0xE3, 0x99, 0x86,
    0x37, 0x1C, 0xEC, 0x3F, 0x98, 0x7C, 0x31, 0xC0, 0x63, 0x80, 0xEF, 0x98, 0xF3, 0xE0, 0x00, 0x00,
    0x00, 0x07, 0xE3, 0x98, 0xC6, 0x70, 0x18, 0x06, 0x01, 0x80, 0x60, 0x1C, 0xC3, 0xE0, 0x60, 0x1C,
    0x03, 0x03, 0xC0, 0xC0, 0x0C, 0x07, 0x01, 0x80, 0x40, 0x00, 0xFC, 0xE6, 0x63, 0x73, 0xBF, 0x9F,
    0x0C, 0x06, 0x03, 0x98, 0xF8, 0x00, 0x00, 0x80, 0x60, 0x30, 0x08, 0x00, 0x07, 0xE3, 0x98, 0xC6,
    0x73, 0x9F, 0xC7, 0xC1, 0x80, 0x60, 0x1C, 0xC3, 0xE0, 0x00, 0x03, 0x01, 0xC0, 0xD8, 0x22, 0x00,
    0x07, 0xE3, 0x98, 0xC6, 0x73, 0x9F, 0xC7, 0xC1, 0x80, 0x60, 0x1C, 0xC3, 0xE0, 0x00, 0x0D, 0x83,
    0x60, 0x00, 0x00, 0x1F, 0x8E, 0x63, 0x19, 0xCE, 0x7F, 0x1F, 0x06, 0x01, 0x80, 0x73, 0x0F, 0x80,
    0x00, 0x63, 0x0C, 0x20, 0x79, 0xCC, 0x63, 0x19, 0xCC, 0x63, 0xC0, 0x0C, 0x38, 0xE1, 0x00, 0x1E,
    0x1C, 0x30, 0x60, 0xC1, 0x87, 0x0C, 0x18, 0x3C, 0x00, 0x18, 0x79, 0xF2, 0x20, 0x0F, 0x0E, 0x18,
    0x30, 0x60, 0xC3, 0x86, 0x0C, 0x1E, 0x00, 0x6E, 0xDC, 0x00, 0x07, 0x87, 0x0C, 0x18, 0x30, 0x61,
    0xC3, 0x06, 0x0F, 0x00, 0x00, 0x00, 0x03, 0xB0, 0x78, 0x3E, 0x09, 0x81, 0xF1, 0xFC, 0xC7, 0x70,
    0xD8, 0x36, 0x0D, 0x87, 0x61, 0x98, 0xE3, 0xE0, 0x00, 0x0E, 0x41, 0xF8, 0x46, 0x00, 0x07, 0xBC,
    0x79, 0x8E, 0x31, 0xC6, 0x31, 0xC6, 0x31, 0xC6, 0x30, 0xC6, 0x18, 0xC3, 0xC0, 0x00, 0x04, 0x01,
    0x80, 0x60, 0x0C, 0x00, 0x07, 0xE3, 0x9C, 0xC3, 0x70, 0xD8, 0x36, 0x1D, 0x87, 0x61, 0x98, 0xC3,
    0xE0, 0x00, 0x00, 0x80, 0x60, 0x30, 0x08, 0x00, 0x07, 0xE3, 0x9C, 0xC3, 0x70, 0xD8, 0x36, 0x1D,
    0x87, 0x61, 0x98, 0xC3, 0xE0, 0x00, 0x03, 0x01, 0xC0, 0xF8, 0x22, 0x00, 0x07, 0xE3, 0x9C, 0xC3,
    0x70, 0xD8, 0x36, 0x1D, 0x87, 0x61, 0x98, 0xC3, 0xE0, 0x00, 0x0E, 0x43, 0xF8, 0x46, 0x00, 0x01,
    0xF8, 0x73, 0x8C, 0x33, 0x86, 0x60, 0xCC, 0x39, 0x87, 0x30, 0xC6, 0x30, 0x7C, 0x00, 0x00, 0x0D,
    0x83, 0x60, 0x00, 0x00, 0x1F, 0x8E, 0x73, 0x0D, 0xC3, 0x60, 0xD8, 0x76, 0x1D, 0x86, 0x63, 0x0F,
    0x80, 0x00, 0x00, 0x0C, 0x06, 0x00, 0x07, 0xF7, 0xF8, 0x00, 0x00, 0x18, 0x0C, 0x00, 0x00, 0x63,
    0xF8, 0xE7, 0x18, 0xE7, 0x2C, 0xCD, 0x9B, 0x73, 0xCE, 0x71, 0x8E, 0x61, 0xF8, 0x60, 0x00, 0x18,
    0x07, 0x00, 0xC0, 0x10, 0x00, 0x3C, 0x67, 0x19, 0x86, 0x61, 0x98, 0xEE, 0x33, 0x8C, 0xC7, 0x3A,
    0xCF, 0xBC, 0x00, 0x01, 0x80, 0xE0, 0x60, 0x10, 0x00, 0x3C, 0x67, 0x19, 0x86, 0x61, 0x98, 0xEE,
    0x33, 0x8C, 0xC7, 0x3A, 0xCF, 0xBC, 0x00, 0x06, 0x03, 0xC0, 0xF0, 0x46, 0x00, 0x3C, 0x67, 0x19,
    0x86, 0x61, 0x98, 0xEE, 0x33, 0x8C, 0xC7, 0x3A, 0xCF, 0xBC, 0x00, 0x19, 0x86, 0x60, 0x00, 0x00,
    0xF1, 0x9C, 0x66, 0x19, 0x86, 0x63, 0xB8, 0xCE, 0x33, 0x1C, 0xEB, 0x3E, 0xF0, 0x00, 0x00, 0x18,
    0x00, 0xE0, 0x06, 0x00, 0x10, 0x00, 0x00, 0x38, 0x60, 0x71, 0xC1, 0xC6, 0x03, 0x18, 0x0C, 0x60,
    0x39, 0x00, 0x6C, 0x01, 0xE0, 0x07, 0x80, 0x0C, 0x00, 0x60, 0x03, 0x80, 0x1C, 0x07, 0xE0, 0x1E,
    0x00, 0x1C, 0x03, 0x80, 0x30, 0x06, 0x01, 0xC0, 0x3F, 0x87, 0xB8, 0xE3, 0x18, 0x67, 0x1C, 0xE3,
    0x98, 0x63, 0x1C, 0x63, 0x1F, 0xC3, 0x00, 0x60, 0x0C, 0x01, 0xC0, 0x38, 0x00, 0x01, 0xB0, 0x06,
    0xC0, 0x00, 0x00, 0x00, 0x0E, 0x18, 0x1C, 0x70, 0x71, 0x80, 0xC6, 0x03, 0x18, 0x0E, 0x40, 0x1B,
    0x00, 0x78, 0x01, 0xE0, 0x03, 0x00, 0x18, 0x00, 0xE0, 0x07, 0x01, 0xF8, 0x07, 0x80, 0x00, 0x00,
    0xF8, 0x01, 0xF0, 0x00, 0x80, 0x03, 0x80, 0x0F, 0x00, 0x1E, 0x00, 0x6C, 0x00, 0x98, 0x03, 0x30,
    0x0C, 0x60, 0x1F, 0xE0, 0x7F, 0xC0, 0x81, 0x83, 0x03, 0x0E, 0x06, 0x3E, 0x3E, 0x0F, 0xC1, 0xF8,
    0x00, 0x07, 0xE1, 0x8C, 0x63, 0x9C, 0x73, 0x0C, 0x61, 0x8C, 0x71, 0x8E, 0x33, 0xC7, 0x9E, 0x00,
    0x00, 0x00, 0x8C, 0x01, 0xF0, 0x01, 0xC0, 0x01, 0x00, 0x07, 0x00, 0x1E, 0x00, 0x3C, 0x00, 0xD8,
    0x01, 0x30, 0x06, 0x60, 0x18, 0xC0, 0x3F, 0xC0, 0xFF, 0x81, 0x03, 0x06, 0x06, 0x1C, 0x0C, 0x7C,
    0x7C, 0x08, 0xC1, 0xF0, 0x1C, 0x00, 0x00, 0xFC, 0x31, 0x8C, 0x73, 0x8E, 0x61, 0x8C, 0x31, 0x8E,
    0x31, 0xC6, 0x78, 0xF3, 0xC0, 0x00, 0x00, 0x20, 0x00, 0xE0, 0x03, 0xC0, 0x07, 0x80, 0x1B, 0x00,
    0x26, 0x00, 0xCC, 0x03, 0x18, 0x07, 0xF8, 0x1F, 0xF0, 0x20, 0x60, 0xC0, 0xC3, 0x81, 0x8F, 0x8F,
    0x80, 0x06, 0x00, 0x18, 0x00, 0x70, 0x00, 0x78, 0x00, 0x60, 0x00, 0x01, 0xF8, 0x63, 0x18, 0xE7,
    0x1C, 0xC3, 0x18, 0x63, 0x1C, 0x63, 0x8C, 0xF1, 0xE7, 0x81, 0xC0, 0x60, 0x0C, 0x01, 0xE0, 0x1C,
    0x00, 0x30, 0x03, 0x80, 0x18, 0x01, 0x80, 0x1E, 0x03, 0xF8, 0x70, 0xC3, 0x06, 0x38, 0x03, 0x80,
    0x1C, 0x00, 0xC0, 0x06, 0x00, 0x30, 0x01, 0x80, 0x0E, 0x08, 0x38, 0xC0, 0xFC, 0x00, 0x00, 0x00,
    0xC0, 0x60, 0x30, 0x08, 0x00, 0x07, 0xE3, 0x98, 0xC6, 0x70, 0x18, 0x06, 0x01, 0x80, 0x60, 0x1C,
    0xC3, 0xE0, 0x00, 0x00, 0x40, 0x07, 0x00, 0x78, 0x06, 0x60, 0x1E, 0x03, 0xF8, 0x70, 0xC3, 0x06,
    0x38, 0x03, 0x80, 0x1C, 0x00, 0xC0, 0x06, 0x00, 0x30, 0x01, 0x80, 0x0E, 0x08, 0x38, 0xC0, 0xFC,
    0x00, 0x00, 0x03, 0x01, 0xE0, 0x78, 0x23, 0x00, 0x07, 0xE3, 0x98, 0xC6, 0x70, 0x18, 0x06, 0x01,
    0x80, 0x60, 0x1C, 0xC3, 0xE0, 0x00, 0x00, 0x00, 0x07, 0x00, 0x38, 0x00, 0x00, 0x1E, 0x03, 0xF8,
    0x70, 0xC3, 0x06, 0x38, 0x03, 0x80, 0x1C, 0x00, 0xC0, 0x06, 0x00, 0x30, 0x01, 0x80, 0x0E, 0x08,
    0x38, 0xC0, 0xFC, 0x00, 0x00, 0x00, 0x00, 0xC0, 0x30, 0x00, 0x00, 0x07, 0xE3, 0x98, 0xC6, 0x70,
    0x18, 0x06, 0x01, 0x80, 0x60, 0x1C, 0xC3, 0xE0, 0x00, 0x00, 0x80, 0x03, 0x60, 0x07, 0x00, 0x18,
    0x01, 0xE0, 0x1F, 0xC1, 0xC3, 0x06, 0x0C, 0x38, 0x01, 0xC0, 0x07, 0x00, 0x18, 0x00, 0x60, 0x01,
    0x80, 0x06, 0x00, 0x1C, 0x10, 0x38, 0xC0, 0x7E, 0x00, 0x00, 0x00, 0x00, 0x20, 0x2E, 0x03, 0xC0,
    0x38, 0x00, 0x01, 0xF8, 0x39, 0x83, 0x18, 0x70, 0x06, 0x00, 0x60, 0x06, 0x00, 0x60, 0x07, 0x30,
    0x3E, 0x00, 0x00, 0x00, 0x88, 0x01, 0xB0, 0x03, 0xC0, 0x03, 0x00, 0xFC, 0x03, 0xFE, 0x01, 0x86,
    0x07, 0x0E, 0x0E, 0x0C, 0x18, 0x18, 0x30, 0x30, 0x60, 0x61, 0xC1, 0xC3, 0x03, 0x86, 0x0E, 0x0C,
    0x18, 0x38, 0xE1, 0xFF, 0x80, 0x00, 0xC0, 0x07, 0xB0, 0x0F, 0x80, 0x3C, 0x00, 0xC0, 0x3F, 0x01,
    0x8C, 0x0C, 0x70, 0x71, 0xC1, 0x86, 0x06, 0x18, 0x18, 0xE0, 0x63, 0x81, 0x9E, 0x07, 0x9E, 0x00,
    0x00, 0x0F, 0xC0, 0x3F, 0xE0, 0x18, 0x60, 0x70, 0xE0, 0xE0, 0xC1, 0x81, 0x8F, 0xE3, 0x1F, 0xC6,
    0x1C, 0x1C, 0x30, 0x38, 0x60, 0xE0, 0xC1, 0x83, 0x8E, 0x1F, 0xF8, 0x00, 0x00, 0xC0, 0x0F, 0x00,
    0x38, 0x0F, 0xE0, 0x0C, 0x07, 0xE0, 0x67, 0x06, 0x38, 0x71, 0x83, 0x0C, 0x18, 0x60, 0xC7, 0x06,
    0x38, 0x33, 0xC1, 0xE7, 0x80, 0x00, 0x03, 0xF0, 0x1F, 0x83, 0xFE, 0x3F, 0xF0, 0x61, 0x87, 0x0C,
    0x38, 0x01, 0x80, 0x0F, 0xC0, 0x7E, 0x07, 0x00, 0x30, 0x01, 0x80, 0x0C, 0x18, 0xE1, 0x9F, 0xFC,
    0x0F, 0x83, 0xE0, 0x00, 0x7E, 0x39, 0x8C, 0x67, 0x39, 0xFC, 0x7C, 0x18, 0x06, 0x01, 0xCC, 0x3E,
    0x00, 0x00, 0x02, 0x30, 0x1F, 0x00, 0x70, 0x1F, 0xF1, 0xFF, 0x83, 0x0C, 0x38, 0x61, 0xC0, 0x0C,
    0x00, 0x7E, 0x03, 0xF0, 0x38, 0x01, 0x80, 0x0C, 0x00, 0x60, 0xC7, 0x0C, 0xFF, 0xE0, 0x08, 0x83,
    0xE0, 0x70, 0x00, 0x1F, 0x8E, 0x63, 0x19, 0xCE, 0x7F, 0x1F, 0x06, 0x01, 0x80, 0x73, 0x0F, 0x80,
    0x00, 0x00, 0x00, 0x06, 0x00, 0x30, 0x00, 0x00, 0xFF, 0x8F, 0xFC, 0x18, 0x61, 0xC3, 0x0E, 0x00,
    0x60, 0x03, 0xF0, 0x1F, 0x81, 0xC0, 0x0C, 0x00, 0x60, 0x03, 0x06, 0x38, 0x67, 0xFF, 0x00, 0x00,
    0x03, 0x81, 0xC0, 0x00, 0x00, 0xFC, 0xE6, 0x63, 0x73, 0xBF, 0x9F, 0x0C, 0x06, 0x03, 0x98, 0xF8,
    0x00, 0x0F, 0xF8, 0xFF, 0xC1, 0x86, 0x1C, 0x30, 0xE0, 0x06, 0x00, 0x3F, 0x01, 0xF8, 0x1C, 0x00,
    0xC0, 0x06, 0x00, 0x30, 0x63, 0x86, 0x7F, 0xF0, 0x06, 0x00, 0x60, 0x03, 0x00, 0x1E, 0x00, 0x60,
    0x00, 0x0F, 0xCE, 0x66, 0x37, 0x3B, 0xF9, 0xF0, 0xC0, 0x60, 0x39, 0x8F, 0x81, 0x81, 0x81, 0xC0,
    0x78, 0x18, 0x00, 0x08, 0x05, 0xC0, 0x3C, 0x01, 0xC0, 0xFF, 0x8F, 0xFC, 0x18, 0x61, 0xC3, 0x0E,
    0x00, 0x60, 0x03, 0xF0, 0x1F, 0x81, 0xC0, 0x0C, 0x00, 0x60, 0x03, 0x06, 0x38, 0x67, 0xFF, 0x00,
    0x00, 0x20, 0x26, 0x03, 0xC0, 0x18, 0x00, 0x01, 0xF8, 0x39, 0x83, 0x18, 0x73, 0x87, 0xF0, 0x7C,
    0x06, 0x00, 0x60, 0x07, 0x30, 0x3E, 0x00, 0x00, 0x00, 0x40, 0x03, 0x80, 0x1E, 0x00, 0xCC, 0x01,
    0xE0, 0x1F, 0xE1, 0xC3, 0x86, 0x06, 0x30, 0x01, 0xC0, 0x07, 0x00, 0x18, 0x00, 0x60, 0xF9, 0x81,
    0xC6, 0x06, 0x1C, 0x18, 0x38, 0x60, 0x7F, 0x00, 0x00, 0x00, 0x01, 0x80, 0x1C, 0x01, 0xB0, 0x08,
    0x80, 0x03, 0x07, 0xF8, 0x33, 0x03, 0x18, 0x18, 0xC0, 0xCE, 0x07, 0xE0, 0x3C, 0x03, 0x00, 0x1F,
    0x80, 0xFE, 0x0C, 0x38, 0xC0, 0xC6, 0x0C, 0x1F, 0xE0, 0x7C, 0x00, 0x03, 0x30, 0x07, 0x80, 0x1C,
    0x00, 0x78, 0x07, 0xF8, 0x70, 0xE1, 0x81, 0x8C, 0x00, 0x70, 0x01, 0xC0, 0x06, 0x00, 0x18, 0x3E,
    0x60, 0x71, 0x81, 0x87, 0x06, 0x0E, 0x18, 0x1F, 0xC0, 0x00, 0x00, 0x04, 0x60, 0x3E, 0x00, 0xE0,
    0x00, 0x60, 0xFF, 0x06, 0x60, 0x63, 0x03, 0x18, 0x19, 0xC0, 0xFC, 0x07, 0x80, 0x60, 0x03, 0xF0,
    0x1F, 0xC1, 0x87, 0x18, 0x18, 0xC1, 0x83, 0xFC, 0x0F, 0x80, 0x00, 0x00, 0x03, 0x80, 0x0E, 0x00,
    0x00, 0x01, 0xE0, 0x1F, 0xE1, 0xC3, 0x86, 0x06, 0x30, 0x01, 0xC0, 0x07, 0x00, 0x18, 0x00, 0x60,
    0xF9, 0x81, 0xC6, 0x06, 0x1C, 0x18, 0x38, 0x60, 0x7F, 0x00, 0x00, 0x00, 0x00, 0x00, 0x0C, 0x00,
    0x60, 0x00, 0x00, 0x03, 0x07, 0xF8, 0x33, 0x03, 0x18, 0x18, 0xC0, 0xCE, 0x07, 0xE0, 0x3C, 0x03,
    0x00, 0x1F, 0x80, 0xFE, 0x0C, 0x38, 0xC0, 0xC6, 0x0C, 0x1F, 0xE0, 0x7C, 0x00, 0x01, 0xE0, 0x1F,
    0xE1, 0xC3, 0x86, 0x06, 0x30, 0x01, 0xC0, 0x07, 0x00, 0x18, 0x00, 0x60, 0xF9, 0x81, 0xC6, 0x06,
    0x1C, 0x18, 0x38, 0x60, 0x7F, 0x00, 0x00, 0x03, 0x00, 0x0C, 0x00, 0x20, 0x00, 0x00, 0x00, 0x00,
    0x00, 0x04, 0x00, 0x60, 0x03, 0x00, 0x03, 0x07, 0xF8, 0x33, 0x03, 0x18, 0x18, 0xC0, 0xCE, 0x07,
    0xE0, 0x3C, 0x03, 0x00, 0x1F, 0x80, 0xFE, 0x0C, 0x38, 0xC0, 0xC6, 0x0C, 0x1F, 0xE0, 0x7C, 0x00,
    0x00, 0x30, 0x00, 0x3C, 0x00, 0x3E, 0x00, 0x11, 0x00, 0xF8, 0xF8, 0xFC, 0xFC, 0x18, 0x18, 0x1C,
    0x1C, 0x0E, 0x0E, 0x06, 0x06, 0x03, 0xFF, 0x01, 0xFF, 0x81, 0xC1, 0xC0, 0xC0, 0xC0, 0x60, 0x60,
    0x30, 0x30, 0x38, 0x38, 0x7E, 0x7E, 0x00, 0x01, 0x80, 0x78, 0x1F, 0x02, 0x21, 0x80, 0x78, 0x06,
    0x00, 0xC0, 0x18, 0x03, 0x78, 0xF3, 0x1C, 0x63, 0x8C, 0x63, 0x8C, 0x63, 0x8C, 0x61, 0x8C, 0x31,
    0x87, 0x80, 0x00, 0x0F, 0x8F, 0x8F, 0xCF, 0xC1, 0x81, 0x83, 0xFF, 0xE1, 0xFF, 0xF0, 0x60, 0x60,
    0x3F, 0xF0, 0x1F, 0xF8, 0x1C, 0x1C, 0x0C, 0x0C, 0x06, 0x06, 0x03, 0x03, 0x03, 0x83, 0x87, 0xE7,
    0xE0, 0x18, 0x07, 0x80, 0x60, 0x3F, 0x81, 0x80, 0x37, 0x0F, 0xF1, 0xC6, 0x38, 0xC6, 0x38, 0xC6,
    0x38, 0xC6, 0x18, 0xC3, 0x18, 0x78, 0x00, 0x0E, 0x43, 0xF8, 0x4E, 0x07, 0xC1, 0xF8, 0x0C, 0x03,
    0x80, 0x70, 0x0C, 0x01, 0x80, 0x30, 0x0E, 0x01, 0x80, 0x30, 0x06, 0x01, 0xC0, 0xFC, 0x00, 0x72,
    0xFE, 0x8C, 0x00, 0x78, 0x38, 0x30, 0x30, 0x30, 0x30, 0x70, 0x60, 0x60, 0x78, 0x00, 0x0F, 0x83,
    0xE0, 0xF8, 0x7E, 0x06, 0x03, 0x80, 0xE0, 0x30, 0x0C, 0x03, 0x01, 0xC0, 0x60, 0x18, 0x06, 0x03,
    0x83, 0xF0, 0xFF, 0xF0, 0x3C, 0x71, 0x86, 0x18, 0x63, 0x8C, 0x30, 0xF0, 0x00, 0x08, 0x83, 0xE0,
    0x70, 0x3E, 0x1F, 0x81, 0x80, 0xE0, 0x38, 0x0C, 0x03, 0x00, 0xC0, 0x70, 0x18, 0x06, 0x01, 0x80,
    0xE0, 0xFC, 0x00, 0xCF, 0xE7, 0x00, 0xF1, 0xC6, 0x18, 0x61, 0x8E, 0x30, 0xC3, 0xC0, 0x00, 0x0F,
    0x8F, 0xC1, 0x81, 0xC0, 0xE0, 0x60, 0x30, 0x18, 0x1C, 0x0C, 0x06, 0x03, 0x03, 0x87, 0xE0, 0xE0,
    0xE0, 0x60, 0x3C, 0x0E, 0x00, 0x00, 0x71, 0x80, 0x01, 0xE3, 0x8C, 0x30, 0xC3, 0x1C, 0x61, 0x87,
    0x98, 0xC3, 0x0F, 0x18, 0x00, 0x03, 0x81, 0xC0, 0x00, 0xF8, 0xFC, 0x18, 0x1C, 0x0E, 0x06, 0x03,
    0x01, 0x81, 0xC0, 0xC0, 0x60, 0x30, 0x38, 0x7E, 0x00, 0x07, 0x9C, 0xC6, 0x31, 0x9C, 0xC6, 0x3C,
    0x00, 0x0F, 0xBE, 0x1F, 0xBE, 0x06, 0x1C, 0x0E, 0x1C, 0x0E, 0x18, 0x0C, 0x18, 0x0C, 0x38, 0x0C,
    0x38, 0x1C, 0x30, 0x18, 0x30, 0x18, 0x30, 0x18, 0x70, 0x38, 0x70, 0xFC, 0x60, 0x00, 0x60, 0x00,
    0x60, 0x00, 0xC0, 0x07, 0xC0, 0x07, 0x00, 0x00, 0x07, 0x18, 0xC3, 0x00, 0x00, 0x01, 0xE7, 0x9C,
    0x63, 0x0C, 0x61, 0x8C, 0x71, 0x8C, 0x71, 0x8C, 0x31, 0x86, 0x3D, 0xC0, 0x30, 0x06, 0x01, 0xC0,
    0xF0, 0x1C, 0x00, 0x00, 0xC0, 0x1C, 0x03, 0x60, 0x22, 0x07, 0xE0, 0x7E, 0x03, 0x80, 0x38, 0x03,
    0x00, 0x30, 0x03, 0x00, 0x70, 0x07, 0x00, 0x60, 0x06, 0x00, 0x60, 0x0E, 0x00, 0xE0, 0x0C, 0x00,
    0xC0, 0x1C, 0x0F, 0x80, 0xE0, 0x00, 0x03, 0x01, 0xC0, 0xF8, 0x22, 0x00, 0x03, 0xC0, 0x70, 0x18,
    0x06, 0x01, 0x80, 0x60, 0x38, 0x0C, 0x03, 0x00, 0xC0, 0x70, 0x18, 0x06, 0x07, 0x01, 0x80, 0x0F,
    0x9E, 0x1F, 0x9E, 0x06, 0x18, 0x0E, 0x30, 0x0E, 0x60, 0x0C, 0xC0, 0x0D, 0x80, 0x0F, 0xC0, 0x1D,
    0xC0, 0x18, 0xC0, 0x18, 0xE0, 0x18, 0x60, 0x38, 0x70, 0xFC, 0x38, 0x00, 0x00, 0x06, 0x00, 0x06,
    0x00, 0x04, 0x00, 0x00, 0x00, 0x18, 0x03, 0xC0, 0x18, 0x01, 0x80, 0x18, 0x01, 0x9E, 0x39, 0xC3,
    0x30, 0x36, 0x03, 0xE0, 0x3E, 0x07, 0x70, 0x63, 0x06, 0x38, 0x61, 0xC0, 0x00, 0x18, 0x01, 0x80,
    0x30, 0x00, 0x00, 0x00, 0x07, 0x9E, 0x39, 0xC3, 0x30, 0x36, 0x03, 0xE0, 0x3E, 0x07, 0x70, 0x63,
    0x06, 0x38, 0x61, 0xC0, 0x00, 0x00, 0xC0, 0x0C, 0x01, 0x80, 0x30, 0x0F, 0x81, 0xF8, 0x06, 0x00,
    0xE0, 0x0E, 0x00, 0xC0, 0x0C, 0x00, 0xC0, 0x1C, 0x01, 0x80, 0x18, 0x31, 0x83, 0x38, 0x67, 0xFE,
    0x06, 0x06, 0x0C, 0x18, 0x30, 0x78, 0x30, 0x30, 0x30, 0x30, 0x70, 0x60, 0x60, 0x60, 0x60, 0xE0,
    0xC0, 0xC0, 0xF0, 0x00, 0x0F, 0x81, 0xF8, 0x06, 0x00, 0xE0, 0x0E, 0x00, 0xC0, 0x0C, 0x00, 0xC0,
    0x1C, 0x01, 0x80, 0x18, 0x31, 0x83, 0x38, 0x67, 0xFE, 0x00, 0x00, 0x60, 0x0C, 0x00, 0x80, 0x00,
    0x00, 0x0C, 0x3C, 0x30, 0x60, 0xC1, 0x87, 0x0C, 0x18, 0x30, 0x61, 0xC3, 0x06, 0x0F, 0x00, 0x30,
    0xC1, 0x00, 0x00, 0x0F, 0x90, 0xFD, 0x81, 0x88, 0x1C, 0x80, 0xE0, 0x06, 0x00, 0x30, 0x01, 0x80,
    0x1C, 0x00, 0xC0, 0x06, 0x0C, 0x30, 0x63, 0x86, 0x3F, 0xF0, 0x30, 0x7B, 0x36, 0x34, 0x30, 0x30,
    0x70, 0x60, 0x60, 0x60, 0x60, 0xE0, 0xC0, 0xC0, 0xF0, 0x00, 0x0F, 0x81, 0xF8, 0x06, 0x00, 0xE0,
    0x0E, 0x00, 0xC0, 0x0C, 0x70, 0xC7, 0x1C, 0x01, 0x80, 0x18, 0x31, 0x83, 0x38, 0x67, 0xFE, 0x30,
    0xF0, 0xC1, 0x83, 0x06, 0x1C, 0x30, 0x66, 0xCD, 0x87, 0x0C, 0x18, 0x3C, 0x00, 0x0F, 0x81, 0xF8,
    0x06, 0x00, 0xE0, 0x0E, 0x00, 0xD8, 0x0F, 0x01, 0xC0, 0x3C, 0x01, 0x80, 0x18, 0x31, 0x83, 0x38,
    0x67, 0xFE, 0x18, 0x78, 0x60, 0xC1, 0x83, 0x0E, 0x1E, 0x39, 0xE3, 0xC3, 0x86, 0x0C, 0x1E, 0x00,
    0x00, 0x18, 0x00, 0x1C, 0x00, 0x0C, 0x00, 0x08, 0x00, 0xE0, 0xF0, 0xF0, 0x78, 0x1C, 0x18, 0x1E,
    0x08, 0x0F, 0x84, 0x06, 0xC6, 0x02, 0x73, 0x01, 0x19, 0x81, 0x8E, 0x80, 0xC7, 0xC0, 0x61, 0xE0,
    0x20, 0xF0, 0x30, 0x30, 0x3E, 0x18, 0x00, 0x00, 0xC0, 0x38, 0x06, 0x01, 0x80, 0x00, 0xF7, 0x8F,
    0x31, 0xC6, 0x38, 0xC6, 0x38, 0xC6, 0x38, 0xC6, 0x18, 0xC3, 0x18, 0x78, 0x00, 0x0E, 0x0F, 0x0F,
    0x07, 0x81, 0xC1, 0x81, 0xE0, 0x80, 0xF8, 0x40, 0x6C, 0x60, 0x27, 0x30, 0x11, 0x98, 0x18, 0xE8,
    0x0C, 0x7C, 0x06, 0x1E, 0x02, 0x0F, 0x03, 0x03, 0x03, 0xE1, 0x80, 0x00, 0x00, 0x06, 0x00, 0x02,
    0x00, 0x03, 0x00, 0x00, 0x00, 0x00, 0x00, 0x0F, 0x78, 0xF3, 0x1C, 0x63, 0x8C, 0x63, 0x8C, 0x63,
    0x8C, 0x61, 0x8C, 0x31, 0x87, 0x80, 0x01, 0x80, 0x30, 0x04, 0x00, 0x00, 0x00, 0x04, 0x00, 0x36,
    0x00, 0x1E, 0x00, 0x06, 0x00, 0xE0, 0xF0, 0xF0, 0x78, 0x1C, 0x18, 0x1E, 0x08, 0x0F, 0x84, 0x06,
    0xC6, 0x02, 0x73, 0x01, 0x19, 0x81, 0x8E, 0x80, 0xC7, 0xC0, 0x61, 0xE0, 0x20, 0xF0, 0x30, 0x30,
    0x3E, 0x18, 0x00, 0x00, 0x20, 0x26, 0x03, 0xC0, 0x18, 0x00, 0x07, 0xBC, 0x3C, 0xC3, 0x8C, 0x38,
    0xC3, 0x1C, 0x31, 0x87, 0x18, 0x61, 0x86, 0x18, 0x61, 0xE0, 0x00, 0x20, 0x00, 0xE0, 0x00, 0xC0,
    0x01, 0x80, 0x06, 0xF7, 0x88, 0xF3, 0x01, 0xC6, 0x03, 0x8C, 0x06, 0x18, 0x0C, 0x70, 0x18, 0xC0,
    0x71, 0x80, 0xC3, 0x01, 0x87, 0x80, 0x00, 0x00, 0x0E, 0x0F, 0x0F, 0x07, 0x81, 0xC1, 0x81, 0xE0,
    0x80, 0xF8, 0x40, 0x6C, 0x60, 0x27, 0x30, 0x11, 0x98, 0x18, 0xE8, 0x0C, 0x7C, 0x06, 0x1E, 0x02,
    0x0F, 0x03, 0x03, 0x03, 0xE1, 0x80, 0x00, 0xC0, 0x00, 0x60, 0x00, 0x60, 0x01, 0xF0, 0x00, 0xE0,
    0x00, 0x00, 0x1E, 0xF3, 0xCC, 0xE3, 0x38, 0xCC, 0x73, 0x19, 0xC6, 0x61, 0x98, 0xE6, 0x38, 0x0C,
    0x03, 0x01, 0xC1, 0xE0, 0x60, 0x03, 0xF0, 0x0F, 0xC0, 0x3C, 0x03, 0xFC, 0x1C, 0x38, 0x60, 0x63,
    0x01, 0x9C, 0x07, 0x70, 0x1D, 0x80, 0x66, 0x03, 0x98, 0x0E, 0x60, 0x31, 0xC1, 0x83, 0x0E, 0x07,
    0xE0, 0x00, 0x00, 0x0F, 0xC3, 0xF0, 0x00, 0x7E, 0x39, 0xCC, 0x37, 0x0D, 0x83, 0x61, 0xD8, 0x76,
    0x19, 0x8C, 0x3E, 0x00, 0x00, 0x03, 0x30, 0x07, 0x80, 0x1C, 0x00, 0xF0, 0x0F, 0xF0, 0x70, 0xE1,
    0x81, 0x8C, 0x06, 0x70, 0x1D, 0xC0, 0x76, 0x01, 0x98, 0x0E, 0x60, 0x39, 0x80, 0xC7, 0x06, 0x0C,
    0x38, 0x1F, 0x80, 0x00, 0x00, 0x0C, 0xC3, 0xE0, 0x70, 0x00, 0x1F, 0x8E, 0x73, 0x0D, 0xC3, 0x60,
    0xD8, 0x76, 0x1D, 0x86, 0x63, 0x0F, 0x80, 0x00, 0x00, 0x4C, 0x03, 0x70, 0x1B, 0x00, 0x48, 0x03,
    0xC0, 0x3F, 0xC1, 0xC3, 0x86, 0x06, 0x30, 0x19, 0xC0, 0x77, 0x01, 0xD8, 0x06, 0x60, 0x39, 0x80,
    0xE6, 0x03, 0x1C, 0x18, 0x30, 0xE0, 0x7E, 0x00, 0x00, 0x00, 0x03, 0x60, 0x7E, 0x0C, 0xC0, 0x98,
    0x00, 0x01, 0xF8, 0x39, 0xC3, 0x0C, 0x70, 0xC6, 0x0C, 0x61, 0xC6, 0x1C, 0x61, 0x86, 0x30, 0x3E,
    0x00, 0x00, 0x03, 0xFF, 0xC1, 0xFF, 0xF8, 0x70, 0xC3, 0x0C, 0x18, 0x63, 0x03, 0x00, 0xE0, 0xE0,
    0x1C, 0x1F, 0xC3, 0x03, 0xF8, 0x60, 0x60, 0x0C, 0x1C, 0x01, 0x83, 0x80, 0x38, 0x60, 0xC3, 0x0C,
    0x18, 0x3F, 0xFE, 0x00, 0x00, 0x00, 0x00, 0x00, 0x1F, 0xBF, 0x39, 0xF3, 0x30, 0xE3, 0x70, 0xE7,
    0x60, 0xDE, 0x61, 0xF8, 0x61, 0xC0, 0x61, 0xC0, 0x63, 0xE6, 0x3E, 0x7C, 0x00, 0x00, 0x00, 0x30,
    0x03, 0x80, 0x38, 0x01, 0x00, 0xFC, 0x0F, 0xF8, 0x18, 0xE1, 0xC7, 0x0E, 0x38, 0x61, 0xC3, 0x1C,
    0x1F, 0xC1, 0xDC, 0x0C, 0x60, 0x63, 0x03, 0x1C, 0x38, 0xE3, 0xF3, 0x80, 0x01, 0x01, 0x81, 0x80,
    0x80, 0x03, 0xFC, 0xF6, 0x72, 0x38, 0x18, 0x0C, 0x0E, 0x06, 0x03, 0x01, 0x80, 0x0F, 0xC0, 0xFF,
    0x81, 0x8E, 0x1C, 0x70, 0xE3, 0x86, 0x1C, 0x31, 0xC1, 0xFC, 0x1D, 0xC0, 0xC6, 0x06, 0x30, 0x31,
    0xC3, 0x8E, 0x3F, 0x38, 0x00, 0x00, 0xC0, 0x06, 0x00, 0x20, 0x00, 0x00, 0x00, 0x0F, 0xF1, 0xEC,
    0x72, 0x1C, 0x06, 0x01, 0x80, 0xE0, 0x30, 0x0C, 0x03, 0x00, 0x00, 0x60, 0x18, 0x0C, 0x00, 0x00,
    0x00, 0x08, 0x02, 0x60, 0x0F, 0x00, 0x18, 0x0F, 0xC0, 0x7F, 0xC0, 0x63, 0x83, 0x8E, 0x0E, 0x38,
    0x30, 0xE0, 0xC7, 0x03, 0xF8, 0x1D, 0xC0, 0x63, 0x01, 0x8C, 0x06, 0x38, 0x38, 0xE1, 0xF9, 0xC0,
    0x00, 0x43, 0x70, 0x78, 0x1C, 0x00, 0x1F, 0xE3, 0xD8, 0xE4, 0x38, 0x0C, 0x03, 0x01, 0xC0, 0x60,
    0x18, 0x06, 0x00, 0x00, 0x40, 0x18, 0x06, 0x01, 0x80, 0x78, 0x3F, 0x8E, 0x39, 0x82, 0x30, 0x07,
    0x00, 0x78, 0x07, 0x80, 0x78, 0x03, 0x30, 0x66, 0x0C, 0xE3, 0x8F, 0xE0, 0x00, 0x00, 0x01, 0x80,
    0xE0, 0x30, 0x10, 0x00, 0x0F, 0xC3, 0x31, 0xC4, 0x30, 0x0F, 0x01, 0xE0, 0x1C, 0xC3, 0x31, 0x87,
    0xC0, 0x00, 0x01, 0x80, 0x70, 0x1B, 0x06, 0x20, 0x78, 0x3F, 0x8E, 0x39, 0x82, 0x30, 0x07, 0x00,
    0x78, 0x07, 0x80, 0x78, 0x03, 0x30, 0x66, 0x0C, 0xE3, 0x8F, 0xE0, 0x00, 0x00, 0x06, 0x07, 0x87,
    0xC2, 0x20, 0x01, 0xF8, 0xCC, 0xE2, 0x30, 0x1E, 0x07, 0x80, 0xEC, 0x36, 0x31, 0xF0, 0x00, 0x07,
    0x83, 0xF8, 0xE3, 0x98, 0x23, 0x00, 0x70, 0x07, 0x80, 0x78, 0x07, 0x80, 0x33, 0x06, 0x60, 0xCE,
    0x38, 0xFE, 0x06, 0x00, 0xE0, 0x0C, 0x07, 0x80, 0xC0, 0x00, 0x00, 0x1F, 0x8C, 0xCE, 0x23, 0x01,
    0xE0, 0x78, 0x0E, 0xC3, 0x63, 0x1F, 0x02, 0x01, 0x80, 0xC1, 0xE0, 0xE0, 0x02, 0x10, 0x36, 0x01,
    0xC0, 0x1C, 0x07, 0x81, 0xFC, 0x38, 0xE3, 0x04, 0x30, 0x03, 0x80, 0x1E, 0x00, 0xF0, 0x07, 0x80,
    0x18, 0xC1, 0x8C, 0x18, 0xE3, 0x87, 0xF0, 0x00, 0x00, 0x00, 0x83, 0x60, 0xF0, 0x18, 0x00, 0x0F,
    0xC3, 0x31, 0xC4, 0x30, 0x0F, 0x01, 0xE0, 0x1C, 0xC3, 0x31, 0x87, 0xC0, 0x00, 0x7F, 0xF7, 0xFF,
    0x46, 0x3C, 0x62, 0x0E, 0x00, 0xE0, 0x0C, 0x00, 0xC0, 0x0C, 0x01, 0xC0, 0x1C, 0x01, 0x80, 0x18,
    0x07, 0xE0, 0x10, 0x01, 0x80, 0x18, 0x07, 0x80, 0x70, 0x00, 0x08, 0x10, 0x63, 0xF3, 0x86, 0x0C,
    0x18, 0x30, 0xE1, 0x83, 0x83, 0xC6, 0x0E, 0x0C, 0xF1, 0xC0, 0x00, 0x20, 0x26, 0x03, 0xC0, 0x18,
    0x7F, 0xF7, 0xFF, 0x46, 0x3C, 0x62, 0x0E, 0x00, 0xE0, 0x0C, 0x00, 0xC0, 0x0C, 0x01, 0xC0, 0x1C,
    0x01, 0x80, 0x18, 0x07, 0xE0, 0x00, 0x03, 0x16, 0x14, 0x30, 0xFC, 0x70, 0x60, 0x60, 0x60, 0x60,
    0xE0, 0xC0, 0xE0, 0x78, 0x00, 0x7F, 0xF7, 0xFF, 0x46, 0x3C, 0x62, 0x0E, 0x00, 0xE0, 0x0C, 0x07,
    0xF8, 0x0C, 0x01, 0xC0, 0x1C, 0x01, 0x80, 0x18, 0x07, 0xE0, 0x08, 0x10, 0x63, 0xF3, 0x86, 0x1F,
    0x3E, 0x30, 0xE1, 0x83, 0x83, 0xC0, 0x00, 0x03, 0x90, 0x1F, 0xC0, 0x4E, 0x1F, 0x1F, 0x7C, 0x7C,
    0xE0, 0xC3, 0x03, 0x0C, 0x0C, 0x30, 0x21, 0xC1, 0x87, 0x06, 0x18, 0x18, 0x60, 0x61, 0x81, 0x06,
    0x0C, 0x1C, 0x60, 0x3F, 0x00, 0x00, 0x00, 0x1C, 0x87, 0xE0, 0x30, 0x00, 0xF1, 0x9C, 0x66, 0x19,
    0x86, 0x63, 0xB8, 0xCE, 0x33, 0x1C, 0xEB, 0x3E, 0xF0, 0x00, 0x07, 0xE0, 0x1F, 0x87, 0xC7, 0xDF,
    0x1F, 0x38, 0x30, 0xC0, 0xC3, 0x03, 0x0C, 0x08, 0x70, 0x61, 0xC1, 0x86, 0x06, 0x18, 0x18, 0x60,
    0x41, 0x83, 0x07, 0x18, 0x0F, 0xC0, 0x00, 0x00, 0x1F, 0x87, 0xE0, 0x03, 0xC6, 0x71, 0x98, 0x66,
    0x19, 0x8E, 0xE3, 0x38, 0xCC, 0x73, 0xAC, 0xFB, 0xC0, 0x00, 0x06, 0x60, 0x0F, 0x00, 0x38, 0x1F,
    0x1F, 0x7C, 0x7C, 0xE0, 0xC3, 0x03, 0x0C, 0x0C, 0x30, 0x21, 0xC1, 0x87, 0x06, 0x18, 0x18, 0x60,
    0x61, 0x81, 0x06, 0x0C, 0x1C, 0x60, 0x3F, 0x00, 0x00, 0x00, 0x19, 0x83, 0xC0, 0xE0, 0x00, 0xF1,
    0x9C, 0x66, 0x19, 0x86, 0x63, 0xB8, 0xCE, 0x33, 0x1C, 0xEB, 0x3E, 0xF0, 0x00, 0x00, 0x00, 0x0F,
    0x00, 0x26, 0x00, 0xD8, 0x01, 0xC1, 0xF1, 0xF7, 0xC7, 0xCE, 0x0C, 0x30, 0x30, 0xC0, 0xC3, 0x02,
    0x1C, 0x18, 0x70, 0x61, 0x81, 0x86, 0x06, 0x18, 0x10, 0x60, 0xC1, 0xC6, 0x03, 0xF0, 0x00, 0x00,
    0x00, 0x03, 0xC1, 0x90, 0x6C, 0x0F, 0x00, 0x0F, 0x19, 0xC6, 0x61, 0x98, 0x66, 0x3B, 0x8C, 0xE3,
    0x31, 0xCE, 0xB3, 0xEF, 0x00, 0x00, 0x01, 0x90, 0x0E, 0xC0, 0x36, 0x01, 0x10, 0x7C, 0x7D, 0xF1,
    0xF3, 0x83, 0x0C, 0x0C, 0x30, 0x30, 0xC0, 0x87, 0x06, 0x1C, 0x18, 0x60, 0x61, 0x81, 0x86, 0x04,
    0x18, 0x30, 0x71, 0x80, 0xFC, 0x00, 0x00, 0x00, 0x06, 0x41, 0xD8, 0x36, 0x0C, 0x80, 0x01, 0xE3,
    0x1C, 0x63, 0x0C, 0x61, 0x8C, 0x73, 0x8C, 0x71, 0x8C, 0x71, 0xD6, 0x3E, 0xF0, 0x00, 0x7C, 0x7D,
    0xF1, 0xF3, 0x83, 0x0C, 0x0C, 0x30, 0x30, 0xC0, 0x87, 0x06, 0x1C, 0x18, 0x60, 0x61, 0x81, 0x86,
    0x04, 0x18, 0x30, 0x71, 0x80, 0xFC, 0x00, 0xC0, 0x06, 0x00, 0x18, 0x00, 0x78, 0x00, 0xC0, 0x00,
    0x00, 0x3C, 0x67, 0x19, 0x86, 0x61, 0x98, 0xEE, 0x33, 0x8C, 0xC7, 0x3A, 0xCF, 0xBC, 0x0C, 0x06,
    0x03, 0x80, 0x78, 0x0C, 0x00, 0x10, 0x00, 0x01, 0xC0, 0x00, 0x1E, 0x00, 0x01, 0x98, 0x07, 0xC0,
    0x0F, 0x3E, 0x38, 0x78, 0xC1, 0xC1, 0x06, 0x1E, 0x18, 0x30, 0xF0, 0x81, 0x8D, 0x8C, 0x0E, 0x6C,
    0x40, 0x72, 0x66, 0x03, 0xB3, 0x20, 0x1D, 0x1B, 0x00, 0xF8, 0xF0, 0x03, 0x87, 0x80, 0x1C, 0x38,
    0x00, 0xC1, 0xC0, 0x00, 0x00, 0x40, 0x01, 0xC0, 0x06, 0xC0, 0x18, 0x80, 0x00, 0x0E, 0x18, 0xCC,
    0x71, 0x98, 0xE3, 0x33, 0xC6, 0x65, 0x88, 0xDB, 0x31, 0xA6, 0xC3, 0xCD, 0x07, 0x1E, 0x0E, 0x38,
    0x00, 0x00, 0x01, 0x00, 0x1C, 0x01, 0xE0, 0x11, 0x87, 0x8F, 0x3C, 0x78, 0xC1, 0x86, 0x18, 0x38,
    0x80, 0xC8, 0x06, 0xC0, 0x3C, 0x00, 0xC0, 0x06, 0x00, 0x70, 0x03, 0x80, 0x18, 0x03, 0xF0, 0x00,
    0x00, 0x60, 0x03, 0x80, 0x1B, 0x00, 0x44, 0x00, 0x00, 0x38, 0x60, 0x71, 0xC1, 0xC6, 0x03, 0x18,
    0x0C, 0x60, 0x39, 0x00, 0x6C, 0x01, 0xE0, 0x07, 0x80, 0x0C, 0x00, 0x60, 0x03, 0x80, 0x1C, 0x07,
    0xE0, 0x1E, 0x00, 0x0C, 0xC0, 0x66, 0x00, 0x00, 0xF1, 0xE7, 0x8F, 0x18, 0x30, 0xC3, 0x07, 0x10,
    0x19, 0x00, 0xD8, 0x07, 0x80, 0x18, 0x00, 0xC0, 0x0E, 0x00, 0x70, 0x03, 0x00, 0x7E, 0x00, 0x00,
    0x60, 0x07, 0x00, 0x30, 0x03, 0x00, 0xFF, 0x8F, 0xFC, 0x61, 0xC2, 0x1C, 0x00, 0xC0, 0x0E, 0x00,
    0xE0, 0x0E, 0x00, 0xE0, 0x06, 0x00, 0x70, 0x07, 0x04, 0x70, 0x63, 0xFF, 0x00, 0x00, 0x80, 0x60,
    0x30, 0x08, 0x00, 0x07, 0xF1, 0x18, 0x4E, 0x07, 0x01, 0x80, 0xC0, 0x60, 0x38, 0x9C, 0x67, 0xF8,
    0x00, 0x00, 0x0C, 0x00, 0x60, 0x00, 0x00, 0xFF, 0x8F, 0xFC, 0x61, 0xC2, 0x1C, 0x00, 0xC0, 0x0E,
    0x00, 0xE0, 0x0E, 0x00, 0xE0, 0x06, 0x00, 0x70, 0x07, 0x04, 0x70, 0x63, 0xFF, 0x00, 0x00, 0x00,
    0xC0, 0x30, 0x00, 0x00, 0x07, 0xF1, 0x18, 0x4E, 0x07, 0x01, 0x80, 0xC0, 0x60, 0x38, 0x9C, 0x67,
    0xF8, 0x01, 0x00, 0x0D, 0x80, 0x78, 0x01, 0x80, 0xFF, 0x8F, 0xFC, 0x61, 0xC2, 0x1C, 0x00, 0xC0,
    0x0E, 0x00, 0xE0, 0x0E, 0x00, 0xE0, 0x06, 0x00, 0x70, 0x07, 0x04, 0x70, 0x63, 0xFF, 0x00, 0x02,
    0x00, 0x36, 0x03, 0xC0, 0x18, 0x00, 0x01, 0xFC, 0x11, 0x81, 0x38, 0x07, 0x00, 0x60, 0x0C, 0x01,
    0x80, 0x38, 0x87, 0x18, 0x7F, 0x80, 0x00, 0x60, 0x0F, 0x80, 0xEC, 0x06, 0x00, 0x30, 0x01, 0x80,
    0x1C, 0x00, 0xC0, 0x06, 0x00, 0x30, 0x01, 0x80, 0x1C, 0x00, 0xC0, 0x06, 0x00, 0x30, 0x03, 0x80,
    0x18, 0x00, 0xC0, 0x1C, 0x00, 0xC0, 0x00, 0x00, 0x02, 0x03, 0xC7, 0x0F, 0xF3, 0x1C, 0x3E, 0x18,
    0x1C, 0x30, 0x18, 0x70, 0x1C, 0x70, 0x1C, 0x60, 0x18, 0x60, 0x38, 0x60, 0x38, 0x60, 0x30, 0x70,
    0x60, 0x30, 0xE0, 0x1F, 0x80, 0x00, 0x00, 0x00, 0x30, 0x01, 0xC7, 0xE4, 0x73, 0xE3, 0x0C, 0x38,
    0x61, 0x83, 0x0C, 0x38, 0x61, 0xC3, 0x0C, 0x18, 0xC0, 0x7C, 0x00, 0x00, 0x00, 0x00, 0x06, 0x7C,
    0x76, 0x7C, 0x76, 0x38, 0x36, 0x30, 0x38, 0x30, 0x30, 0x30, 0x20, 0x70, 0x60, 0x70, 0x60, 0x60,
    0x60, 0x60, 0x60, 0x60, 0x40, 0x60, 0xC0, 0x71, 0x80, 0x3F, 0x00, 0x00, 0x00, 0x00, 0x30, 0x01,
    0xFC, 0x64, 0xE3, 0xE6, 0x1C, 0x30, 0xC1, 0x8E, 0x1C, 0x60, 0xE3, 0x06, 0x38, 0x3A, 0xC1, 0xF7,
    0x80, 0x00, 0x00, 0x00, 0x00, 0x00, 0x40, 0x00, 0x00, 0xD8, 0x00, 0x00, 0x1E, 0x00, 0x00, 0x01,
    0x80, 0xFC, 0x07, 0xFC, 0x3F, 0xE0, 0xFF, 0x81, 0x86, 0x30, 0x70, 0x70, 0xE6, 0x1C, 0x0E, 0x0C,
    0x07, 0x01, 0x81, 0x81, 0xC0, 0x30, 0x30, 0x30, 0x06, 0x06, 0x0E, 0x01, 0xC1, 0xC3, 0x80, 0x30,
    0x38, 0xE0, 0x06, 0x0E, 0x38, 0x20, 0xC1, 0x86, 0x0C, 0x38, 0xE1, 0xC1, 0x9F, 0xF8, 0x7F, 0xF0,
    0x00, 0x00, 0x10, 0x07, 0xE0, 0x0D, 0x87, 0xFC, 0x03, 0x80, 0xC3, 0x01, 0xC0, 0xE1, 0xC0, 0x00,
    0x70, 0x67, 0xF8, 0x30, 0x33, 0x38, 0x18, 0x19, 0x18, 0x0C, 0x0C, 0x18, 0x0E, 0x0E, 0x1C, 0x06,
    0x07, 0x1C, 0x03, 0x07, 0x0C, 0x01, 0x83, 0x0C, 0x21, 0xC7, 0x0E, 0x33, 0xFF, 0x0F, 0xF0, 0x00,
    0xC0, 0x08, 0x07, 0x82, 0x60, 0x0E, 0x0F, 0x00, 0x38, 0x18, 0x00, 0xC0, 0x00, 0x3F, 0x1F, 0xC1,
    0x8C, 0xC6, 0x0C, 0x72, 0x30, 0x71, 0xC1, 0xC1, 0x86, 0x0E, 0x06, 0x18, 0x30, 0x18, 0xE1, 0x80,
    0x63, 0x8E, 0x21, 0x9E, 0x71, 0x87, 0x9F, 0xFE, 0x00, 0x00, 0x00, 0x0F, 0x81, 0xF0, 0xFC, 0x0F,
    0x81, 0x80, 0x38, 0x1C, 0x01, 0x80, 0xE0, 0x0C, 0x06, 0x00, 0x60, 0x30, 0x07, 0x01, 0x80, 0x30,
    0x1C, 0x01, 0x80, 0xC0, 0x0C, 0x06, 0x0C, 0xE0, 0x30, 0x67, 0x03, 0x86, 0x30, 0x3F, 0xF1, 0x80,
    0x00, 0x0C, 0x00, 0x00, 0xE0, 0x00, 0x06, 0x00, 0x01, 0xF0, 0x00, 0x0E, 0x00, 0x00, 0x00, 0x01,
    0xF0, 0x18, 0x7E, 0x03, 0x03, 0x00, 0x00, 0xE0, 0x00, 0x1C, 0x07, 0x83, 0x00, 0x60, 0x60, 0x0C,
    0x0C, 0x01, 0x83, 0x80, 0x70, 0x60, 0x0C, 0x0C, 0x19, 0x81, 0x83, 0x30, 0x70, 0xC6, 0x1F, 0xF9,
    0xC0, 0x00, 0x30, 0x00, 0x06, 0x00, 0x01, 0xC0, 0x00, 0xF0, 0x00, 0x1C, 0x00, 0x30, 0x0F, 0x18,
    0xC3, 0x18, 0x03, 0x00, 0x67, 0x9C, 0x63, 0x0C, 0x61, 0x8C, 0x71, 0x8C, 0x71, 0x8C, 0x31, 0x86,
    0x3D, 0xC0, 0x30, 0x06, 0x01, 0xC0, 0xF0, 0x1C, 0x00, 0x0E, 0x0F, 0x3E, 0x1E, 0x0F, 0x3E, 0x07,
    0x06, 0x18, 0x0F, 0x04, 0x18, 0x0F, 0x84, 0x38, 0x0D, 0x8C, 0x38, 0x09, 0xCC, 0x30, 0x08, 0xCC,
    0x30, 0x18, 0xE8, 0x30, 0x18, 0xF8, 0x70, 0x18, 0x78, 0x60, 0x10, 0x78, 0x60, 0x30, 0x30, 0x60,
    0x7C, 0x30, 0xE0, 0x00, 0x00, 0xE0, 0x00, 0x00, 0xC0, 0x00, 0x01, 0xC0, 0x00, 0x07, 0x80, 0x00,
    0x07, 0x00, 0x00, 0x00, 0x00, 0x70, 0x79, 0xC7, 0x83, 0xCE, 0x0E, 0x0C, 0x00, 0xF0, 0x40, 0x07,
    0xC2, 0x78, 0x36, 0x30, 0xC1, 0x39, 0x8E, 0x08, 0xCC, 0x70, 0xC7, 0x43, 0x06, 0x3E, 0x18, 0x30,
    0xF0, 0xC1, 0x07, 0x8E, 0x18, 0x18, 0x61, 0xF0, 0xC3, 0x00, 0x00, 0x18, 0x00, 0x01, 0xC0, 0x00,
    0x0C, 0x00, 0x01, 0xE0, 0x00, 0x0C, 0x00, 0x00, 0x00, 0x00, 0x01, 0xC0, 0x00, 0xE0, 0x00, 0x00,
    0x00, 0x03, 0xDE, 0x78, 0xF3, 0x0C, 0x71, 0x8E, 0x38, 0xC6, 0x18, 0xE3, 0x0C, 0x61, 0x8E, 0x30,
    0xC6, 0x18, 0xE3, 0x0C, 0x61, 0x87, 0xB0, 0x00, 0x18, 0x00, 0x1C, 0x00, 0x0C, 0x00, 0x1E, 0x00,
    0x0C, 0x00, 0x00, 0x02, 0x00, 0x26, 0x00, 0x3C, 0x00, 0x18, 0x00, 0x20, 0x00, 0x70, 0x00, 0xF0,
    0x00, 0xF0, 0x01, 0xB0, 0x01, 0x30, 0x03, 0x30, 0x06, 0x30, 0x07, 0xF8, 0x0F, 0xF8, 0x08, 0x18,
    0x18, 0x18, 0x38, 0x18, 0x7C, 0x7C, 0x00, 0x20, 0x26, 0x03, 0xC0, 0x18, 0x00, 0x00, 0xFC, 0x18,
    0xC3, 0x1C, 0x71, 0xC6, 0x18, 0x61, 0x86, 0x38, 0x63, 0x86, 0x78, 0x79, 0xE0, 0x00, 0x00, 0x20,
    0xD8, 0x0F, 0x01, 0xC0, 0xF8, 0x3F, 0x01, 0x80, 0x70, 0x0E, 0x01, 0x80, 0x30, 0x06, 0x01, 0xC0,
    0x30, 0x06, 0x00, 0xC0, 0x38, 0x1F, 0x80, 0x20, 0x36, 0x1C, 0x18, 0x00, 0xF0, 0x70, 0x60, 0x60,
    0x60, 0x60, 0xE0, 0xC0, 0xC0, 0xF0, 0x00, 0x00, 0x08, 0x02, 0x60, 0x0F, 0x00, 0x18, 0x03, 0xC0,
    0x3F, 0xC1, 0xC3, 0x86, 0x06, 0x30, 0x19, 0xC0, 0x77, 0x01, 0xD8, 0x06, 0x60, 0x39, 0x80, 0xE6,
    0x03, 0x1C, 0x18, 0x30, 0xE0, 0x7E, 0x00, 0x00, 0x00, 0x00, 0x20, 0x26, 0x03, 0xC0, 0x18, 0x00,
    0x01, 0xF8, 0x39, 0xC3, 0x0C, 0x70, 0xC6, 0x0C, 0x61, 0xC6, 0x1C, 0x61, 0x86, 0x30, 0x3E, 0x00,
    0x00, 0x01, 0x00, 0x06, 0xC0, 0x1E, 0x00, 0x30, 0x7C, 0x7D, 0xF1, 0xF3, 0x83, 0x0C, 0x0C, 0x30,
    0x30, 0xC0, 0x87, 0x06, 0x1C, 0x18, 0x60, 0x61, 0x81, 0x86, 0x04, 0x18, 0x30, 0x71, 0x80, 0xFC,
    0x00, 0x00, 0x00, 0x04, 0x40, 0xD8, 0x1E, 0x01, 0x80, 0x01, 0xE3, 0x1C, 0x63, 0x0C, 0x61, 0x8C,
    0x73, 0x8C, 0x71, 0x8C, 0x71, 0xD6, 0x3E, 0xF0, 0x00, 0x03, 0xE0, 0x0F, 0x80, 0x66, 0x01, 0x98,
    0x02, 0x41, 0xF1, 0xF7, 0xC7, 0xCE, 0x0C, 0x30, 0x30, 0xC0, 0xC3, 0x02, 0x1C, 0x18, 0x70, 0x61,
    0x81, 0x86, 0x06, 0x18, 0x10, 0x60, 0xC1, 0xC6, 0x03, 0xF0, 0x00, 0x00, 0x0F, 0x83, 0xE0, 0x98,
    0x66, 0x09, 0x00, 0x0F, 0x19, 0xC6, 0x61, 0x98, 0x66, 0x3B, 0x8C, 0xE3, 0x31, 0xCE, 0xB3, 0xEF,
    0x00, 0x00, 0x00, 0x60, 0x01, 0x80, 0x0C, 0x00, 0xB8, 0x07, 0x60, 0x09, 0x87, 0xC7, 0xDF, 0x1F,
    0x38, 0x30, 0xC0, 0xC3, 0x03, 0x0C, 0x08, 0x70, 0x61, 0xC1, 0x86, 0x06, 0x18, 0x18, 0x60, 0x41,
    0x83, 0x07, 0x18, 0x0F, 0xC0, 0x00, 0x00, 0x01, 0x80, 0xE0, 0x30, 0x34, 0x19, 0x86, 0x60, 0x03,
    0xC6, 0x71, 0x98, 0x66, 0x19, 0x8E, 0xE3, 0x38, 0xCC, 0x73, 0xAC, 0xFB, 0xC0, 0x00, 0x02, 0x00,
    0x0D, 0x80, 0x1C, 0x00, 0x98, 0x07, 0x60, 0x09, 0x87, 0xC7, 0xDF, 0x1F, 0x38, 0x30, 0xC0, 0xC3,
    0x03, 0x0C, 0x08, 0x70, 0x61, 0xC1, 0x86, 0x06, 0x18, 0x18, 0x60, 0x41, 0x83, 0x07, 0x18, 0x0F,
    0xC0, 0x00, 0x00, 0x08, 0x03, 0x60, 0x70, 0x2C, 0x19, 0x86, 0x60, 0x03, 0xC6, 0x71, 0x98, 0x66,
    0x19, 0x8E, 0xE3, 0x38, 0xCC, 0x73, 0xAC, 0xFB, 0xC0, 0x00, 0x03, 0x00, 0x0C, 0x00, 0x18, 0x00,
    0xB8, 0x07, 0x60, 0x09, 0x87, 0xC7, 0xDF, 0x1F, 0x38, 0x30, 0xC0, 0xC3, 0x03, 0x0C, 0x08, 0x70,
    0x61, 0xC1, 0x86, 0x06, 0x18, 0x18, 0x60, 0x41, 0x83, 0x07, 0x18, 0x0F, 0xC0, 0x00, 0x00, 0x08,
    0x03, 0x00, 0x60, 0x2C, 0x1D, 0x86, 0x60, 0x03, 0xC6, 0x71, 0x98, 0x66, 0x19, 0x8E, 0xE3, 0x38,
    0xCC, 0x73, 0xAC, 0xFB, 0xC0, 0x00, 0x00, 0x1F, 0x19, 0xC0, 0x70, 0x38, 0xFD, 0xEC, 0xC6, 0xE7,
    0x73, 0x1F, 0x00, 0x00, 0x00, 0xFC, 0x01, 0xF8, 0x03, 0x20, 0x06, 0xE0, 0x08, 0x80, 0x04, 0x00,
    0x1C, 0x00, 0x78, 0x00, 0xF0, 0x03, 0x60, 0x04, 0xC0, 0x19, 0x80, 0x63, 0x00, 0xFF, 0x03, 0xFE,
    0x04, 0x0C, 0x18, 0x18, 0x70, 0x31, 0xF1, 0xF0, 0x0F, 0xC1, 0xF8, 0x32, 0x06, 0xE0, 0xC8, 0x00,
    0x03, 0xF0, 0xC6, 0x31, 0xCE, 0x39, 0x86, 0x30, 0xC6, 0x38, 0xC7, 0x19, 0xE3, 0xCF, 0x00, 0x00,
    0x00, 0xFC, 0x00, 0xF8, 0x00, 0x80, 0x01, 0x80, 0x02, 0x00, 0x04, 0x00, 0x1C, 0x00, 0x78, 0x00,
    0xF0, 0x03, 0x60, 0x04, 0xC0, 0x19, 0x80, 0x63, 0x00, 0xFF, 0x03, 0xFE, 0x04, 0x0C, 0x18, 0x18,
    0x70, 0x31, 0xF1, 0xF0, 0x07, 0xC0, 0xF8, 0x08, 0x01, 0x80, 0x30, 0x00, 0x03, 0xF0, 0xC6, 0x31,
    0xCE, 0x39, 0x86, 0x30, 0xC6, 0x38, 0xC7, 0x19, 0xE3, 0xCF, 0x00, 0x00, 0x00, 0x07, 0xC0, 0x00,
    0x7E, 0x00, 0x0F, 0xFC, 0x00, 0xFF, 0xE0, 0x03, 0xC3, 0x00, 0x3E, 0x18, 0x03, 0x70, 0x00, 0x13,
    0x00, 0x01, 0x9F, 0x80, 0x18, 0xFC, 0x01, 0xFE, 0x00, 0x0F, 0xF0, 0x00, 0xC3, 0x00, 0x0C, 0x18,
    0x30, 0xE1, 0xC3, 0x0F, 0x9F, 0xF8, 0x01, 0xF0, 0x07, 0xE0, 0x00, 0x00, 0xFF, 0xF3, 0x8E, 0x66,
    0x18, 0xDC, 0x73, 0xB0, 0xFE, 0x61, 0xF0, 0xC7, 0x01, 0x8E, 0x03, 0xBE, 0x63, 0xCF, 0x80, 0x00,
    0x00, 0x01, 0xE0, 0x1F, 0xE1, 0xC3, 0x86, 0x06, 0x30, 0x01, 0xC0, 0x07, 0x00, 0x18, 0x00, 0x60,
    0xF9, 0x81, 0xC6, 0x1F, 0x9C, 0x18, 0x38, 0x60, 0x7F, 0x00, 0x00, 0x00, 0x00, 0x30, 0x7F, 0x83,
    0x30, 0x31, 0x81, 0x8C, 0x0C, 0xE0, 0x7E, 0x03, 0xC0, 0x30, 0x01, 0xF8, 0x0F, 0xE0, 0xC3, 0x8C,
    0x7E, 0x60, 0xC1, 0xFE, 0x07, 0xC0, 0x00, 0x80, 0x03, 0x60, 0x07, 0x00, 0x1C, 0x01, 0xE0, 0x1F,
    0xE1, 0xC3, 0x86, 0x06, 0x30, 0x01, 0xC0, 0x07, 0x00, 0x18, 0x00, 0x60, 0xF9, 0x81, 0xC6, 0x06,
    0x1C, 0x18, 0x38, 0x60, 0x7F, 0x00, 0x00, 0x00, 0x00, 0x10, 0x09, 0x80, 0x78, 0x01, 0x80, 0x03,
    0x07, 0xF8, 0x33, 0x03, 0x18, 0x18, 0xC0, 0xCE, 0x07, 0xE0, 0x3C, 0x03, 0x00, 0x1F, 0x80, 0xFE,
    0x0C, 0x38, 0xC0, 0xC6, 0x0C, 0x1F, 0xE0, 0x7C, 0x00, 0x00, 0x04, 0x00, 0x4C, 0x00, 0x78, 0x00,
    0x30, 0x0F, 0x9E, 0x1F, 0x9E, 0x06, 0x18, 0x0E, 0x30, 0x0E, 0x60, 0x0C, 0xC0, 0x0D, 0x80, 0x0F,
    0xC0, 0x1D, 0xC0, 0x18, 0xC0, 0x18, 0xE0, 0x18, 0x60, 0x38, 0x70, 0xFC, 0x38, 0x00, 0x10, 0x37,
    0x01, 0xE0, 0x1C, 0x18, 0x03, 0xC0, 0x18, 0x01, 0x80, 0x18, 0x01, 0x9E, 0x39, 0xC3, 0x30, 0x36,
    0x03, 0xE0, 0x3E, 0x07, 0x70, 0x63, 0x06, 0x38, 0x61, 0xC0, 0x00, 0x03, 0xC0, 0x3F, 0xC1, 0xC3,
    0x86, 0x06, 0x30, 0x19, 0xC0, 0x77, 0x01, 0xD8, 0x06, 0x60, 0x39, 0x80, 0xE6, 0x03, 0x1C, 0x18,
    0x30, 0xE0, 0x7E, 0x00, 0x60, 0x03, 0x00, 0x1C, 0x00, 0x3C, 0x00, 0x60, 0x00, 0x00, 0x07, 0xE3,
    0x9C, 0xC3, 0x70, 0xD8, 0x36, 0x1D, 0x87, 0x61, 0x98, 0xC3, 0xE0, 0x60, 0x30, 0x0C, 0x03, 0xC0,
    0x60, 0x03, 0xE0, 0x0F, 0x80, 0x3C, 0x03, 0xFC, 0x1C, 0x38, 0x60, 0x63, 0x01, 0x9C, 0x07, 0x70,
    0x1D, 0x80, 0x66, 0x03, 0x98, 0x0E, 0x60, 0x31, 0xC1, 0x83, 0x0E, 0x07, 0xE0, 0x06, 0x00, 0x30,
    0x01, 0xC0, 0x03, 0xC0, 0x06, 0x00, 0x0F, 0x83, 0xE0, 0x00, 0x7E, 0x39, 0xCC, 0x37, 0x0D, 0x83,
    0x61, 0xD8, 0x76, 0x19, 0x8C, 0x3E, 0x06, 0x03, 0x00, 0xC0, 0x3C, 0x06, 0x00, 0x00, 0x10, 0x36,
    0x01, 0xE0, 0x1C, 0x1F, 0xE1, 0xFE, 0x10, 0xC1, 0x18, 0x03, 0x00, 0x60, 0x0F, 0x00, 0xF8, 0x01,
    0xC0, 0x0C, 0x41, 0xCC, 0x1C, 0xE3, 0x87, 0xF0, 0x00, 0x00, 0x02, 0x00, 0x36, 0x01, 0xC0, 0x18,
    0x00, 0x01, 0xFE, 0x1F, 0xC1, 0x18, 0x03, 0x00, 0x60, 0x0C, 0x00, 0xF0, 0x03, 0x80, 0x18, 0x01,
    0x80, 0x18, 0xC1, 0x8C, 0x38, 0xFF, 0x03, 0xC0, 0x02, 0x20, 0x36, 0x03, 0xC0, 0x18, 0x00, 0x00,
    0xF0, 0x07, 0x00, 0x60, 0x06, 0x00, 0x60, 0x06, 0x00, 0xE0, 0x0C, 0x00, 0xC0, 0x0C, 0x01, 0xC0,
    0x18, 0x01, 0x80, 0x70, 0x06, 0x00, 0x0F, 0xC0, 0x7F, 0xC3, 0xFE, 0x0F, 0xF8, 0x18, 0x63, 0x07,
    0x07, 0x0E, 0x61, 0xC0, 0xE0, 0xC0, 0x70, 0x18, 0x18, 0x1C, 0x03, 0x03, 0x03, 0x00, 0x60, 0x60,
    0xE0, 0x1C, 0x1C, 0x38, 0x03, 0x03, 0x8E, 0x00, 0x60, 0xE3, 0x82, 0x0C, 0x18, 0x60, 0xC3, 0x8E,
    0x1C, 0x19, 0xFF, 0x87, 0xFF, 0x00, 0x0F, 0xC0, 0x00, 0x1F, 0xF0, 0x00, 0x06, 0x18, 0x00, 0x0E,
    0x1C, 0x00, 0x0E, 0x0C, 0xFF, 0x0C, 0x0C, 0xCE, 0x0C, 0x0C, 0x8C, 0x0C, 0x0C, 0x18, 0x1C, 0x1C,
    0x38, 0x18, 0x1C, 0x70, 0x18, 0x38, 0x60, 0x18, 0x30, 0xC2, 0x38, 0xE1, 0xC6, 0xFF, 0xC3, 0xFC,
    0x00, 0xC0, 0x00, 0x1E, 0x00, 0x00, 0xE0, 0x00, 0x0E, 0x00, 0x00, 0xC0, 0x00, 0xFC, 0x7F, 0x18,
    0xCC, 0x63, 0x1C, 0x8C, 0x71, 0xC1, 0xC6, 0x18, 0x38, 0x61, 0x83, 0x06, 0x38, 0x60, 0x63, 0x8E,
    0x26, 0x79, 0xC6, 0x79, 0xFF, 0xE0, 0x00, 0x00, 0x00, 0x20, 0x01, 0x80, 0x0C, 0x00, 0x20, 0x01,
    0xE0, 0x1F, 0xE1, 0xC3, 0x86, 0x06, 0x30, 0x01, 0xC0, 0x07, 0x00, 0x18, 0x00, 0x60, 0xF9, 0x81,
    0xC6, 0x06, 0x1C, 0x18, 0x38, 0x60, 0x7F, 0x00, 0x00, 0x00, 0x00, 0xC0, 0x0E, 0x00, 0x60, 0x06,
    0x00, 0x03, 0x07, 0xF8, 0x33, 0x03, 0x18, 0x18, 0xC0, 0xCE, 0x07, 0xE0, 0x3C, 0x03, 0x00, 0x1F,
    0x80, 0xFE, 0x0C, 0x38, 0xC0, 0xC6, 0x0C, 0x1F, 0xE0, 0x7C, 0x00, 0x0F, 0x8F, 0x80, 0xFC, 0xFC,
    0x01, 0x81, 0x80, 0x1C, 0x1C, 0x00, 0xE0, 0xE0, 0x06, 0x06, 0x00, 0x3F, 0xF3, 0xE1, 0xFF, 0x9F,
    0x1C, 0x1C, 0x60, 0xC0, 0xC3, 0x06, 0x06, 0x38, 0x30, 0x31, 0xC3, 0x81, 0x8C, 0x7E, 0x0F, 0xC0,
    0x00, 0x00, 0x00, 0x07, 0x3C, 0x0F, 0x7E, 0x03, 0xC6, 0x07, 0x07, 0x07, 0x07, 0x06, 0x07, 0x06,
    0x06, 0x06, 0x0E, 0x0E, 0x0C, 0x0C, 0x1C, 0x0C, 0x38, 0x0C, 0x70, 0x1D, 0xC0, 0x1F, 0x00, 0x18,
    0x00, 0x18, 0x00, 0x18, 0x00, 0x7C, 0x00, 0x7C, 0x00, 0x01, 0x80, 0x00, 0xE0, 0x00, 0x30, 0x00,
    0x08, 0x00, 0xE0, 0xF0, 0xF0, 0x78, 0x1C, 0x18, 0x1E, 0x08, 0x0F, 0x84, 0x06, 0xC6, 0x02, 0x73,
    0x01, 0x19, 0x81, 0x8E, 0x80, 0xC7, 0xC0, 0x61, 0xE0, 0x20, 0xF0, 0x30, 0x30, 0x3E, 0x18, 0x00,
    0x04, 0x00, 0xC0, 0x0C, 0x00, 0x80, 0x00, 0xF7, 0x8F, 0x31, 0xC6, 0x38, 0xC6, 0x38, 0xC6, 0x38,
    0xC6, 0x18, 0xC3, 0x18, 0x78, 0x00, 0x00, 0x1C, 0x00, 0x30, 0x00, 0x80, 0x07, 0x80, 0x09, 0x80,
    0x1B, 0x00, 0x1C, 0x00, 0x78, 0x00, 0xF0, 0x03, 0x60, 0x0C, 0xC0, 0x19, 0x80, 0x63, 0x80, 0xFF,
    0x03, 0x0E, 0x0C, 0x0C, 0x38, 0x18, 0xF8, 0xF8, 0x00, 0x40, 0x18, 0x06, 0x01, 0x80, 0x78, 0x09,
    0x01, 0x20, 0x3C, 0x00, 0x01, 0xF8, 0x63, 0x18, 0xE7, 0x1C, 0xC3, 0x18, 0x63, 0x1C, 0x63, 0x8C,
    0xF1, 0xE7, 0x80, 0x00, 0x00, 0x00, 0xC0, 0x00, 0x0E, 0x00, 0x00, 0x60, 0x00, 0x04, 0x00, 0x03,
    0xFF, 0x00, 0x3F, 0xF8, 0x00, 0xF0, 0xC0, 0x0F, 0x86, 0x00, 0xDC, 0x00, 0x04, 0xC0, 0x00, 0x67,
    0xE0, 0x06, 0x3F, 0x00, 0x7F, 0x80, 0x03, 0xFC, 0x00, 0x30, 0xC0, 0x03, 0x06, 0x0C, 0x38, 0x70,
    0xC3, 0xE7, 0xFE, 0x00, 0x00, 0x10, 0x00, 0x60, 0x01, 0x80, 0x06, 0x00, 0x00, 0x03, 0xFF, 0xCE,
    0x39, 0x98, 0x63, 0x71, 0xCE, 0xC3, 0xF9, 0x87, 0xC3, 0x1C, 0x06, 0x38, 0x0E, 0xF9, 0x8F, 0x3E,
    0x00, 0x00, 0x00, 0x20, 0x01, 0x80, 0x0C, 0x00, 0x20, 0x03, 0xD8, 0x3F, 0xC1, 0xC3, 0x86, 0x1E,
    0x30, 0xD9, 0xC2, 0x77, 0x19, 0xD8, 0xC6, 0x62, 0x39, 0x90, 0xE6, 0xC3, 0x1E, 0x18, 0x38, 0xE0,
    0xFE, 0x06, 0x00, 0x00, 0x00, 0x80, 0x30, 0x0C, 0x01, 0x00, 0x06, 0x3F, 0x8E, 0x71, 0x8E, 0x72,
    0xCC, 0xD9, 0xB7, 0x3C, 0xE7, 0x18, 0xE6, 0x1F, 0x86, 0x00, 0x01, 0x20, 0x03, 0x60, 0x06, 0x60,
    0x06, 0x40, 0x02, 0x00, 0x0E, 0x00, 0x3C, 0x00, 0x78, 0x01, 0xB0, 0x02, 0x60, 0x0C, 0xC0, 0x31,
    0x80, 0x7F, 0x81, 0xFF, 0x02, 0x06, 0x0C, 0x0C, 0x38, 0x18, 0xF8, 0xF8, 0x12, 0x03, 0x60, 0x76,
    0x06, 0x40, 0x00, 0x1F, 0x86, 0x31, 0x8E, 0x71, 0xCC, 0x31, 0x86, 0x31, 0xC6, 0x38, 0xCF, 0x1E,
    0x78, 0x00, 0x00, 0x78, 0x01, 0xF0, 0x02, 0x20, 0x01, 0x00, 0x07, 0x00, 0x1E, 0x00, 0x3C, 0x00,
    0xD8, 0x01, 0x30, 0x06, 0x60, 0x18, 0xC0, 0x3F, 0xC0, 0xFF, 0x81, 0x03, 0x06, 0x06, 0x1C, 0x0C,
    0x7C, 0x7C, 0x07, 0x81, 0xF0, 0x22, 0x00, 0x00, 0xFC, 0x31, 0x8C, 0x73, 0x8E, 0x61, 0x8C, 0x31,
    0x8E, 0x31, 0xC6, 0x78, 0xF3, 0xC0, 0x00, 0x0C, 0x80, 0x76, 0x01, 0x98, 0x06, 0x40, 0xFF, 0x8F,
    0xFC, 0x18, 0x61, 0xC3, 0x0E, 0x00, 0x60, 0x03, 0xF0, 0x1F, 0x81, 0xC0, 0x0C, 0x00, 0x60, 0x03,
    0x06, 0x38, 0x67, 0xFF, 0x00, 0x32, 0x1D, 0x86, 0x61, 0x90, 0x00, 0xFC, 0xE6, 0x63, 0x73, 0xBF,
    0x9F, 0x0C, 0x06, 0x03, 0x98, 0xF8, 0x00, 0x01, 0xE0, 0x1F, 0x00, 0x88, 0x1F, 0xF1, 0xFF, 0x83,
    0x0C, 0x38, 0x61, 0xC0, 0x0C, 0x00, 0x7E, 0x03, 0xF0, 0x38, 0x01, 0x80, 0x0C, 0x00, 0x60, 0xC7,
    0x0C, 0xFF, 0xE0, 0x07, 0x83, 0xE0, 0x88, 0x00, 0x1F, 0x8E, 0x63, 0x19, 0xCE, 0x7F, 0x1F, 0x06,
    0x01, 0x80, 0x73, 0x0F, 0x80, 0x00, 0x12, 0x06, 0xC1, 0x98, 0x32, 0x0F, 0x87, 0xE0, 0x60, 0x38,
    0x0E, 0x03, 0x00, 0xC0, 0x30, 0x1C, 0x06, 0x01, 0x80, 0x60, 0x38, 0x3F, 0x00, 0xC9, 0xD9, 0xB1,
    0xB0, 0x07, 0x87, 0x0C, 0x18, 0x30, 0x61, 0xC3, 0x06, 0x0F, 0x00, 0x07, 0x83, 0xE0, 0x8C, 0x3E,
    0x1F, 0x81, 0x80, 0xE0, 0x38, 0x0C, 0x03, 0x00, 0xC0, 0x70, 0x18, 0x06, 0x01, 0x80, 0xE0, 0xFC,
    0x00, 0x3C, 0xF9, 0x10, 0x0F, 0x0E, 0x18, 0x30, 0x60, 0xC3, 0x86, 0x0C, 0x1E, 0x00, 0x00, 0x04,
    0xC0, 0x1B, 0x00, 0x36, 0x00, 0x48, 0x03, 0xC0, 0x3F, 0xC1, 0xC3, 0x86, 0x06, 0x30, 0x19, 0xC0,
    0x77, 0x01, 0xD8, 0x06, 0x60, 0x39, 0x80, 0xE6, 0x03, 0x1C, 0x18, 0x30, 0xE0, 0x7E, 0x00, 0x00,
    0x00, 0x12, 0x06, 0xC1, 0x98, 0x32, 0x00, 0x07, 0xE3, 0x9C, 0xC3, 0x70, 0xD8, 0x36, 0x1D, 0x87,
    0x61, 0x98, 0xC3, 0xE0, 0x00, 0x01, 0xE0, 0x0F, 0x80, 0x22, 0x00, 0xF0, 0x0F, 0xF0, 0x70, 0xE1,
    0x81, 0x8C, 0x06, 0x70, 0x1D, 0xC0, 0x76, 0x01, 0x98, 0x0E, 0x60, 0x39, 0x80, 0xC7, 0x06, 0x0C,
    0x38, 0x1F, 0x80, 0x00, 0x00, 0x07, 0x83, 0xE0, 0x88, 0x00, 0x1F, 0x8E, 0x73, 0x0D, 0xC3, 0x60,
    0xD8, 0x76, 0x1D, 0x86, 0x63, 0x0F, 0x80, 0x00, 0x04, 0x80, 0x36, 0x01, 0x98, 0x06, 0x40, 0xFC,
    0x0F, 0xF8, 0x18, 0xE1, 0xC7, 0x0E, 0x38, 0x61, 0xC3, 0x1C, 0x1F, 0xC1, 0xDC, 0x0C, 0x60, 0x63,
    0x03, 0x1C, 0x38, 0xE3, 0xF3, 0x80, 0x26, 0x1B, 0x06, 0xC1, 0x20, 0x03, 0xFC, 0xF6, 0x72, 0x38,
    0x18, 0x0C, 0x0E, 0x06, 0x03, 0x01, 0x80, 0x01, 0xC0, 0x1F, 0x00, 0x88, 0x1F, 0x81, 0xFF, 0x03,
    0x1C, 0x38, 0xE1, 0xC7, 0x0C, 0x38, 0x63, 0x83, 0xF8, 0x3B, 0x81, 0x8C, 0x0C, 0x60, 0x63, 0x87,
    0x1C, 0x7E, 0x70, 0x0F, 0x0F, 0x84, 0x40, 0x07, 0xF9, 0xEC, 0xE4, 0x70, 0x30, 0x18, 0x1C, 0x0C,
    0x06, 0x03, 0x00, 0x09, 0x80, 0x36, 0x00, 0x6C, 0x00, 0x90, 0x7C, 0x7D, 0xF1, 0xF3, 0x83, 0x0C,
    0x0C, 0x30, 0x30, 0xC0, 0x87, 0x06, 0x1C, 0x18, 0x60, 0x61, 0x81, 0x86, 0x04, 0x18, 0x30, 0x71,
    0x80, 0xFC, 0x00, 0x00, 0x00, 0x24, 0x0D, 0x83, 0x30, 0x64, 0x00, 0x3C, 0x67, 0x19, 0x86, 0x61,
    0x98, 0xEE, 0x33, 0x8C, 0xC7, 0x3A, 0xCF, 0xBC, 0x00, 0x03, 0xC0, 0x0F, 0x80, 0x42, 0x1F, 0x1F,
    0x7C, 0x7C, 0xE0, 0xC3, 0x03, 0x0C, 0x0C, 0x30, 0x21, 0xC1, 0x87, 0x06, 0x18, 0x18, 0x60, 0x61,
    0x81, 0x06, 0x0C, 0x1C, 0x60, 0x3F, 0x00, 0x00, 0x00, 0x0F, 0x07, 0xE1, 0x18, 0x00, 0xF1, 0x9C,
    0x66, 0x19, 0x86, 0x63, 0xB8, 0xCE, 0x33, 0x1C, 0xEB, 0x3E, 0xF0, 0x00, 0x07, 0x83, 0xF8, 0xE3,
    0x98, 0x23, 0x00, 0x70, 0x07, 0x80, 0x78, 0x07, 0x80, 0x33, 0x06, 0x60, 0xCE, 0x38, 0xFE, 0x00,
    0x00, 0xC0, 0x30, 0x04, 0x00, 0x00, 0x00, 0x00, 0x1F, 0x8C, 0xCE, 0x23, 0x01, 0xE0, 0x78, 0x0E,
    0xC3, 0x63, 0x1F, 0x00, 0x03, 0x01, 0x81, 0x80, 0x00, 0x7F, 0xF7, 0xFF, 0x46, 0x3C, 0x62, 0x0E,
    0x00, 0xE0, 0x0C, 0x00, 0xC0, 0x0C, 0x01, 0xC0, 0x1C, 0x01, 0x80, 0x18, 0x07, 0xE0, 0x00, 0x03,
    0x80, 0x30, 0x02, 0x00, 0x00, 0x00, 0x08, 0x10, 0x63, 0xF3, 0x86, 0x0C, 0x18, 0x30, 0xE1, 0x83,
    0x83, 0xC0, 0x18, 0x30, 0xC0, 0x00, 0x03, 0xC0, 0xFF, 0x1C, 0x31, 0x83, 0x00, 0x70, 0x06, 0x01,
    0xC0, 0xFC, 0x00, 0xE0, 0x0E, 0x00, 0x60, 0x0E, 0x00, 0xE0, 0x1C, 0x07, 0x83, 0xE0, 0x70, 0x00,
    0x00, 0x01, 0xF8, 0x63, 0x0C, 0x60, 0x0C, 0x03, 0x83, 0xC0, 0x7C, 0x01, 0x80, 0x38, 0x06, 0x01,
    0xC0, 0x70, 0x3C, 0x1E, 0x02, 0x00, 0x00, 0x42, 0x00, 0x36, 0x00, 0x0F, 0x00, 0x07, 0x00, 0xF8,
    0xF8, 0xFC, 0xFC, 0x18, 0x18, 0x1C, 0x1C, 0x0E, 0x0E, 0x06, 0x06, 0x03, 0xFF, 0x01, 0xFF, 0x81,
    0xC1, 0xC0, 0xC0, 0xC0, 0x60, 0x60, 0x30, 0x30, 0x38, 0x38, 0x7E, 0x7E, 0x00, 0x00, 0x10, 0x0D,
    0x80, 0x78, 0x31, 0x83, 0xC0, 0x0C, 0x00, 0x60, 0x03, 0x00, 0x1B, 0xC1, 0xE6, 0x0E, 0x30, 0x71,
    0x83, 0x1C, 0x18, 0xC1, 0xC6, 0x0C, 0x30, 0x61, 0x83, 0x0F, 0x00, 0x00, 0xCE, 0x62, 0x11, 0x98,
    0x80, 0x18, 0x71, 0xF2, 0x20, 0x72, 0xFE, 0x8C, 0x7C, 0xF8, 0x7F, 0xF0, 0x8F, 0xE7, 0x00, 0x0D,
    0x80, 0x6C, 0xDC, 0x00, 0x33, 0xC6, 0xE6, 0x00, 0x03, 0xF3, 0xB7, 0x00, 0x1B, 0x1D, 0x9D, 0x89,
    0x80, 0x04, 0x99, 0xE1, 0x80, 0x0D, 0x20, 0x02, 0xF7, 0xA0, 0x48, 0x6C, 0x66, 0x32, 0x30, 0xCA,
    0xFE, 0x70, 0x38, 0xF9, 0x10, 0x01, 0x91, 0xCE, 0x30, 0x27, 0x73, 0x6C, 0x5F, 0xCC, 0xC0, 0x27,
    0x73, 0x6C, 0xCE, 0x62, 0x31, 0x99, 0x80, 0x03, 0xF2, 0x03, 0x1C, 0x80, 0x77, 0xC4, 0x23, 0x00,
    0x66, 0x66, 0xC0, 0x26, 0xC4, 0x40, 0x01, 0x09, 0xE0, 0x03, 0xC8, 0x40, 0x01, 0x9E, 0x40, 0x00,
    0x07, 0xC0, 0x10, 0x8D, 0xEE, 0x00, 0x44, 0x47, 0x70, 0x66, 0x20, 0x6C, 0xD8, 0x00, 0x27, 0xB7,
    0xB7, 0x00, 0x66, 0x40, 0x00, 0x41, 0x87, 0x79, 0xC0, 0x33, 0x18, 0xF3, 0x00, 0x09, 0x20, 0x7F,
    0x7F, 0x43, 0x00, 0xD3, 0xFD, 0xA0, 0x83, 0x67, 0x1C, 0x10, 0xE6, 0xF1, 0x44, 0xF8, 0xE0, 0x38,
    0xF9, 0x10, 0x39, 0x3F, 0x93, 0x80, 0x7C, 0xF8, 0x7F, 0xBF, 0xC0, 0x7F, 0xBF, 0xBF, 0xDF, 0xE0,
    0x73, 0x7E, 0x0C, 0x7F, 0x7E, 0xFF, 0xF3, 0xFF, 0x80, 0x00, 0x06, 0x1C, 0x70, 0x40, 0x00, 0x00,
    0x0C, 0x03, 0x00, 0x40, 0x18, 0x06, 0x00, 0xC0, 0x30, 0x04, 0x01, 0x80, 0x60, 0x08, 0x03, 0x00,
    0x40, 0x18, 0x06, 0x00, 0x00, 0x00, 0x23, 0x36, 0x40, 0x41, 0x43, 0x7F, 0x00, 0x00, 0x3F, 0x90,
    0x5F, 0xE7, 0xE0, 0x6D, 0xEA, 0x50, 0x73, 0x9C, 0x00, 0x06, 0x46, 0x6E, 0x00, 0x7F, 0x9F, 0xE7,
    0xF9, 0xFE, 0x46, 0x31, 0x19, 0xDC, 0x80, 0x72, 0xFE, 0x9C, 0x66, 0x64, 0x00, 0x06, 0x1B, 0xCD,
    0x60, 0x80, 0x6E, 0xE4, 0xFE, 0xFE, 0x82, 0x00, 0x00, 0x3F, 0xC0, 0x1F, 0xE0, 0x00, 0x06, 0xF5,
    0xA0, 0xEE, 0x60, 0x00, 0x7A, 0xFE, 0xBC, 0x00, 0x00, 0x18, 0x08, 0x7A, 0xDE, 0x10, 0x30, 0x00,
    0x7B, 0x7E, 0x00, 0x7E, 0x9C, 0x00, 0xF9, 0xF2, 0x40, 0x00, 0x23, 0x98, 0xC6, 0x00, 0xE3, 0x1F,
    0x9E, 0x7C, 0x00, 0xE1, 0xE1, 0x18, 0x60, 0x40, 0x8C, 0x00, 0xFC, 0x07, 0x90, 0x24, 0x40, 0x81,
    0xCE, 0x31, 0xE3, 0xC0, 0x0F, 0x9E, 0x70, 0x06, 0x3E, 0x00, 0x2F, 0x64, 0x7B, 0xEA, 0xDC, 0x20,
    0x03, 0xCC, 0xF0, 0x00, 0x01, 0xDC, 0xF0, 0x80, 0x03, 0x0E, 0xE4, 0x00, 0x00, 0xC6, 0x7E, 0xEE,
    0x8A, 0x0C, 0xBC, 0x1F, 0x00, 0x11, 0xE7, 0x9E, 0x20, 0x01, 0xFF, 0x4F, 0xF6, 0xC0, 0x43, 0x9C,
    0x20, 0x40, 0x02, 0xC0, 0x18, 0xFF, 0xE0, 0x7F, 0x00, 0x40, 0x02, 0x60, 0x0C, 0x3F, 0xF8, 0x0F,
    0xE0, 0x7F, 0xF3, 0xFF, 0x80, 0x7F, 0xF3, 0xFF, 0x80, 0x3E, 0x02, 0x7F, 0xFE, 0x80, 0xF8, 0x0F,
    0xE0, 0x7F, 0xF1, 0x80, 0x32, 0x00, 0x30, 0x00, 0x07, 0xFF, 0x7F, 0xF0, 0x02, 0x00, 0x00, 0x39,
    0x25, 0x96, 0x68, 0x7F, 0xE8, 0x60, 0x0B, 0x69, 0x30, 0x3A, 0x52, 0xB2, 0x00, 0x49, 0x25, 0x96,
    0x48, 0x7D, 0x88, 0x60, 0x08, 0x23, 0x92, 0x59, 0x66, 0x80, 0x60, 0x87, 0x9A, 0x59, 0x60, 0x80,
    0x76, 0x5A, 0x52, 0xD6, 0x12, 0xF4, 0xC8, 0x80, 0x26, 0x44, 0x46, 0x4A, 0x5A, 0x62, 0x00, 0x68,
    0xC3, 0x14, 0x10, 0x01, 0x00, 0x0C, 0x00, 0x30, 0x01, 0x80, 0xFF, 0x8F, 0xFC, 0x18, 0x61, 0xC3,
    0x0E, 0x00, 0x60, 0x03, 0xF0, 0x1F, 0x81, 0xC0, 0x0C, 0x00, 0x60, 0x03, 0x06, 0x38, 0x63, 0xFF,
    0x00, 0x00, 0x00, 0x19, 0x80, 0xCC, 0x00, 0x00, 0xFF, 0x8F, 0xFC, 0x18, 0x61, 0xC3, 0x0E, 0x00,
    0x60, 0x03, 0xF0, 0x1F, 0x81, 0xC0, 0x0C, 0x00, 0x60, 0x03, 0x06, 0x38, 0x63, 0xFF, 0x00, 0x7F,
    0xF3, 0xFF, 0x91, 0x8D, 0x8C, 0x60, 0xE0, 0x07, 0x00, 0x3F, 0xC1, 0xFF, 0x1C, 0x38, 0xE0, 0xC6,
    0x06, 0x30, 0x73, 0x87, 0x7F, 0x70, 0x00, 0x20, 0x03, 0x00, 0x30, 0x01, 0x00, 0xFF, 0x8F, 0xFC,
    0x18, 0x61, 0xC2, 0x0E, 0x00, 0x60, 0x03, 0x00, 0x18, 0x01, 0xC0, 0x0E, 0x00, 0x60, 0x03, 0x00,
    0x38, 0x03, 0xF0, 0x00, 0x03, 0xC0, 0xFE, 0x38, 0x63, 0x06, 0x70, 0x06, 0x00, 0xFE, 0x0F, 0xF0,
    0xE0, 0x0E, 0x00, 0xE0, 0x0E, 0x08, 0x71, 0x83, 0xF0, 0x00, 0x00, 0x07, 0x83, 0xF8, 0x63, 0x1C,
    0x63, 0x80, 0x70, 0x07, 0x80, 0x78, 0x07, 0x80, 0x71, 0x06, 0x60, 0xCE, 0x38, 0xFE, 0x00, 0x00,
    0x0F, 0x8F, 0xC1, 0x81, 0xC0, 0xE0, 0x60, 0x30, 0x18, 0x1C, 0x0E, 0x06, 0x03, 0x03, 0x83, 0xE0,
    0x00, 0x03, 0x70, 0xDC, 0x00, 0x0F, 0x87, 0xE0, 0x60, 0x38, 0x0E, 0x03, 0x00, 0xC0, 0x30, 0x1C,
    0x07, 0x01, 0x80, 0x60, 0x38, 0x1F, 0x00, 0x03, 0xE0, 0xFC, 0x06, 0x01, 0xC0, 0x38, 0x06, 0x00,
    0xC0, 0x18, 0x07, 0x00, 0xE0, 0x18, 0x03, 0x00, 0xE0, 0x1C, 0x03, 0x00, 0x60, 0x1C, 0x0F, 0x01,
    0x80, 0x00, 0x07, 0xFE, 0x00, 0xFF, 0xC0, 0x0C, 0x60, 0x01, 0x0C, 0x00, 0x61, 0x80, 0x0C, 0x70,
    0x01, 0x8F, 0xE0, 0x21, 0x8E, 0x0C, 0x30, 0xC1, 0x86, 0x18, 0x61, 0xC3, 0x0C, 0x38, 0xEF, 0x06,
    0x39, 0xE3, 0xFE, 0x00, 0x00, 0x00, 0x0F, 0x9F, 0x01, 0xF9, 0xF0, 0x06, 0x0E, 0x00, 0xE0, 0xC0,
    0x0E, 0x0C, 0x00, 0xC1, 0xC0, 0x0F, 0xFF, 0x80, 0xFF, 0xFE, 0x1C, 0x18, 0x61, 0xC1, 0x86, 0x18,
    0x38, 0x61, 0x83, 0x8E, 0x38, 0x31, 0xC7, 0xCF, 0xF8, 0x7F, 0xF1, 0xFF, 0xC4, 0x63, 0x31, 0x8C,
    0x0E, 0x00, 0x38, 0x00, 0xFF, 0x03, 0xFC, 0x1C, 0x38, 0x70, 0xE1, 0x83, 0x86, 0x0C, 0x38, 0x33,
    0xF9, 0xF0, 0x00, 0x10, 0x00, 0x60, 0x01, 0x80, 0x02, 0x00, 0xF9, 0xE3, 0xF3, 0xC1, 0x86, 0x07,
    0x18, 0x0E, 0x60, 0x19, 0x80, 0x3E, 0x00, 0x7C, 0x01, 0xDC, 0x03, 0x9C, 0x06, 0x38, 0x0C, 0x38,
    0x38, 0x70, 0xF8, 0x78, 0x00, 0xC0, 0x00, 0x30, 0x00, 0x06, 0x00, 0x00, 0x80, 0x0F, 0x8F, 0x87,
    0xE3, 0xE0, 0x60, 0x60, 0x38, 0x38, 0x0E, 0x1E, 0x03, 0x0F, 0x80, 0xC6, 0xC0, 0x33, 0x30, 0x1F,
    0x8C, 0x07, 0x87, 0x01, 0xC1, 0x80, 0x60, 0x60, 0x38, 0x18, 0x1F, 0x1F, 0x80, 0x00, 0x00, 0x73,
    0x03, 0xF0, 0x06, 0x07, 0xC7, 0xBE, 0x7C, 0xC1, 0x87, 0x0C, 0x38, 0xC0, 0xC4, 0x06, 0x60, 0x3A,
    0x01, 0xF0, 0x07, 0x00, 0x30, 0x01, 0x80, 0x78, 0x03, 0x80, 0x00, 0x00, 0x0F, 0x9F, 0x8F, 0xCF,
    0xC1, 0x83, 0x81, 0xC1, 0xC0, 0xE0, 0xC0, 0x60, 0x60, 0x30, 0x30, 0x18, 0x38, 0x1C, 0x1C, 0x0C,
    0x0C, 0x06, 0x06, 0x03, 0x07, 0x03, 0x83, 0x83, 0xFF, 0xE0, 0x0E, 0x00, 0x06, 0x00, 0x03, 0x00,
    0x01, 0x00, 0x00, 0x00, 0x20, 0x00, 0xE0, 0x03, 0xC0, 0x07, 0x80, 0x1B, 0x00, 0x26, 0x00, 0xCC,
    0x03, 0x18, 0x07, 0xF8, 0x1F, 0xF0, 0x20, 0xE0, 0xC0, 0xC3, 0x01, 0x8F, 0x8F, 0x80, 0x0F, 0xF0,
    0xFF, 0xC1, 0x84, 0x1C, 0x20, 0xE0, 0x06, 0x00, 0x3F, 0x01, 0xBC, 0x1C, 0x70, 0xE3, 0x86, 0x1C,
    0x30, 0xC3, 0x9E, 0x3F, 0xC0, 0x0F, 0xC0, 0xFF, 0x81, 0x8E, 0x1C, 0x70, 0xE3, 0x86, 0x18, 0x3F,
    0x81, 0xFC, 0x1C, 0x70, 0xE1, 0x86, 0x1C, 0x30, 0xE3, 0x8E, 0x3F, 0xE0, 0x0F, 0xF8, 0xFF, 0xC1,
    0x86, 0x1C, 0x20, 0xE0, 0x06, 0x00, 0x30, 0x01, 0x80, 0x1C, 0x00, 0xE0, 0x06, 0x00, 0x30, 0x03,
    0x80, 0x3F, 0x00, 0x03, 0xFF, 0x81, 0xFF, 0xC0, 0x61, 0x80, 0x31, 0xC0, 0x10, 0xE0, 0x18, 0x60,
    0x0C, 0x30, 0x04, 0x38, 0x06, 0x1C, 0x02, 0x0C, 0x03, 0x06, 0x01, 0x03, 0x01, 0x83, 0x83, 0xFF,
    0xE1, 0xC0, 0x30, 0x80, 0x18, 0xC0, 0x0C, 0x40, 0x04, 0x00, 0x0F, 0xF8, 0xFF, 0xC1, 0x86, 0x1C,
    0x30, 0xE0, 0x06, 0x00, 0x3F, 0x01, 0xF8, 0x1C, 0x00, 0xC0, 0x06, 0x00, 0x30, 0x63, 0x86, 0x3F,
    0xF0, 0x0F, 0x3E, 0x38, 0x3C, 0xF9, 0xE0, 0x31, 0xC7, 0x00, 0xC6, 0x18, 0x01, 0x18, 0xC0, 0x06,
    0x66, 0x00, 0x1F, 0xF0, 0x00, 0xFF, 0xC0, 0x03, 0x33, 0x80, 0x1C, 0xCE, 0x00, 0xE3, 0x18, 0x07,
    0x1C, 0x70, 0x38, 0x70, 0xC1, 0xC7, 0xE3, 0xC0, 0x0F, 0x03, 0xF8, 0xC3, 0x18, 0x70, 0x0C, 0x03,
    0x83, 0xE0, 0x7C, 0x01, 0xC0, 0x39, 0x07, 0x60, 0xEE, 0x38, 0xFE, 0x00, 0x00, 0x0F, 0x8F, 0x87,
    0xE3, 0xE0, 0x60, 0x60, 0x38, 0x38, 0x0E, 0x1E, 0x03, 0x0F, 0x80, 0xC6, 0xC0, 0x33, 0x30, 0x1F,
    0x8C, 0x07, 0x87, 0x01, 0xC1, 0x80, 0x60, 0x60, 0x38, 0x18, 0x1F, 0x1F, 0x80, 0x00, 0x00, 0x00,
    0x31, 0x00, 0x0F, 0x80, 0x01, 0xC0, 0x0F, 0x8F, 0x87, 0xE3, 0xE0, 0x60, 0x60, 0x38, 0x38, 0x0E,
    0x1E, 0x03, 0x0F, 0x80, 0xC6, 0xC0, 0x33, 0x30, 0x1F, 0x8C, 0x07, 0x87, 0x01, 0xC1, 0x80, 0x60,
    0x60, 0x38, 0x18, 0x1F, 0x1F, 0x80, 0x0F, 0x9E, 0x3F, 0x3C, 0x18, 0x60, 0x71, 0x80, 0xE6, 0x01,
    0x98, 0x03, 0xE0, 0x07, 0xC0, 0x1D, 0xC0, 0x39, 0xC0, 0x63, 0x80, 0xC3, 0x83, 0x87, 0x0F, 0x87,
    0x80, 0x07, 0xFF, 0x07, 0xFE, 0x03, 0x1C, 0x02, 0x1C, 0x06, 0x18, 0x06, 0x18, 0x06, 0x18, 0x04,
    0x38, 0x0C, 0x30, 0x0C, 0x30, 0x18, 0x30, 0x18, 0x70, 0xF0, 0x70, 0xF1, 0xF8, 0x00, 0x00, 0x0F,
    0x00, 0xF1, 0xF0, 0x1F, 0x07, 0x03, 0xC0, 0xF0, 0x3C, 0x0F, 0x87, 0xC0, 0xF8, 0xD8, 0x09, 0x8D,
    0x80, 0x99, 0xB8, 0x19, 0x93, 0x81, 0x9B, 0x30, 0x19, 0xE3, 0x01, 0x1E, 0x30, 0x31, 0xC7, 0x07,
    0x8C, 0xF8, 0x0F, 0x8F, 0x8F, 0xCF, 0xC1, 0x81, 0x81, 0xC1, 0xC0, 0xE0, 0xE0, 0x60, 0x60, 0x3F,
    0xF0, 0x1F, 0xF8, 0x1C, 0x1C, 0x0E, 0x0E, 0x06, 0x06, 0x03, 0x03, 0x03, 0x83, 0x83, 0xE3, 0xE0,
    0x07, 0x80, 0x7F, 0x0E, 0x1C, 0x60, 0x67, 0x03, 0x30, 0x1F, 0x80, 0xFC, 0x06, 0xE0, 0x77, 0x03,
    0xB8, 0x19, 0xC1, 0xC7, 0x1C, 0x1F, 0x80, 0x00, 0x00, 0x0F, 0xFF, 0x8F, 0xFF, 0xC1, 0x83, 0x81,
    0xC1, 0xC0, 0xE0, 0xC0, 0x60, 0x60, 0x30, 0x30, 0x18, 0x38, 0x1C, 0x1C, 0x0E, 0x0C, 0x06, 0x06,
    0x03, 0x07, 0x03, 0x83, 0x83, 0xE7, 0xE0, 0x0F, 0xC0, 0xFF, 0x81, 0x8C, 0x1C, 0x70, 0xE3, 0x86,
    0x1C, 0x31, 0xC1, 0xBC, 0x1F, 0xC0, 0xE0, 0x06, 0x00, 0x30, 0x03, 0x80, 0x3F, 0x00, 0x03, 0xC0,
    0xFE, 0x38, 0x63, 0x06, 0x70, 0x06, 0x00, 0xE0, 0x0E, 0x00, 0xE0, 0x0E, 0x00, 0xE0, 0x0E, 0x08,
    0x71, 0x83, 0xF0, 0x00, 0x00, 0x7F, 0xF7, 0xFF, 0x46, 0x3C, 0x63, 0x06, 0x00, 0xE0, 0x0C, 0x00,
    0xC0, 0x0C, 0x01, 0xC0, 0x1C, 0x01, 0x80, 0x18, 0x07, 0xE0, 0x7C, 0x7B, 0xE7, 0xCC, 0x18, 0x70,
    0xC3, 0x8C, 0x0C, 0x40, 0x66, 0x03, 0xA0, 0x1F, 0x00, 0x70, 0x03, 0x00, 0x18, 0x07, 0x80, 0x38,
    0x00, 0x00, 0x00, 0x03, 0xE0, 0x03, 0x80, 0x3F, 0xC1, 0xED, 0xE7, 0x18, 0xCC, 0x31, 0xF8, 0xE3,
    0xF1, 0x87, 0xE3, 0x0D, 0xC6, 0x39, 0x8C, 0xE1, 0xFF, 0x80, 0x70, 0x01, 0xE0, 0x03, 0xC0, 0x00,
    0x1F, 0x1C, 0x3E, 0x78, 0x38, 0x60, 0x39, 0x80, 0x76, 0x00, 0x78, 0x00, 0xE0, 0x01, 0xC0, 0x07,
    0xC0, 0x1B, 0x80, 0x63, 0x00, 0x87, 0x03, 0x0E, 0x1F, 0x3E, 0x00, 0x0F, 0x9F, 0x8F, 0xCF, 0xC1,
    0x83, 0x81, 0xC1, 0xC0, 0xE0, 0xC0, 0x60, 0x60, 0x30, 0x30, 0x18, 0x38, 0x1C, 0x1C, 0x0C, 0x0C,
    0x06, 0x06, 0x03, 0x07, 0x03, 0x83, 0x83, 0xFF, 0xE0, 0x00, 0x30, 0x00, 0x18, 0x00, 0x0C, 0x00,
    0x04, 0x00, 0x7C, 0x7C, 0xF8, 0xF8, 0xE0, 0xC1, 0x81, 0x83, 0x07, 0x06, 0x0E, 0x0C, 0x18, 0x1C,
    0x70, 0x1F, 0xE0, 0x01, 0xC0, 0x03, 0x80, 0x06, 0x00, 0x0C, 0x00, 0x7E, 0x00, 0x0F, 0xBE, 0x7C,
    0x3F, 0x7C, 0xF8, 0x18, 0x70, 0xC0, 0x70, 0xC1, 0x80, 0xE1, 0x87, 0x01, 0x83, 0x0E, 0x03, 0x0E,
    0x18, 0x06, 0x1C, 0x30, 0x1C, 0x30, 0xE0, 0x30, 0x61, 0xC0, 0x61, 0xC3, 0x00, 0xC3, 0x86, 0x03,
    0x86, 0x0C, 0x0F, 0xFF, 0xFE, 0x00, 0x0F, 0xBE, 0x7C, 0x3F, 0x7C, 0xF8, 0x18, 0x70, 0xC0, 0x70,
    0xC1, 0x80, 0xE1, 0x87, 0x01, 0x83, 0x0E, 0x03, 0x0E, 0x18, 0x06, 0x1C, 0x30, 0x1C, 0x30, 0xE0,
    0x30, 0x61, 0xC0, 0x61, 0xC3, 0x00, 0xC3, 0x86, 0x03, 0x86, 0x0C, 0x0F, 0xFF, 0xFE, 0x00, 0x00,
    0x18, 0x00, 0x00, 0x30, 0x00, 0x00, 0x60, 0x00, 0x00, 0x40, 0x7F, 0x87, 0xF8, 0x4E, 0x0C, 0xE0,
    0x0C, 0x00, 0xC0, 0x0F, 0xC1, 0xCE, 0x1C, 0x71, 0x87, 0x18, 0x71, 0x86, 0x39, 0xEF, 0xF8, 0x0F,
    0x83, 0xE1, 0xF8, 0x3E, 0x06, 0x01, 0x80, 0xE0, 0x18, 0x0E, 0x03, 0x80, 0xE0, 0x38, 0x0F, 0xC3,
    0x00, 0xC6, 0x30, 0x1C, 0x73, 0x01, 0x87, 0x70, 0x18, 0x77, 0x01, 0x86, 0x60, 0x39, 0xE6, 0x07,
    0xF9, 0xF8, 0x0F, 0x81, 0xF8, 0x06, 0x00, 0xE0, 0x0E, 0x00, 0xE0, 0x0F, 0xC0, 0xC6, 0x1C, 0x71,
    0x87, 0x18, 0x71, 0x86, 0x39, 0xE7, 0xF8, 0x0F, 0x01, 0xFC, 0x30, 0xE3, 0x06, 0x00, 0x60, 0x06,
    0x0F, 0xE0, 0xFE, 0x00, 0xE0, 0x0E, 0x40, 0xCC, 0x1C, 0xE3, 0x87, 0xE0, 0x00, 0x00, 0x0F, 0x87,
    0x81, 0xF9, 0xFC, 0x06, 0x38, 0x60, 0xE7, 0x07, 0x0E, 0x60, 0x70, 0xCE, 0x07, 0x0F, 0xE0, 0x70,
    0xFC, 0x07, 0x1C, 0xC0, 0x61, 0xCC, 0x0E, 0x18, 0xC0, 0xC1, 0x8C, 0x1C, 0x38, 0x63, 0x87, 0xC3,
    0xF0, 0x00, 0x00, 0x00, 0x00, 0xFE, 0x03, 0xFE, 0x07, 0x18, 0x0E, 0x18, 0x0E, 0x38, 0x0E, 0x38,
    0x06, 0x30, 0x07, 0xF0, 0x07, 0xF0, 0x06, 0x70, 0x0E, 0x60, 0x1C, 0x60, 0x38, 0x60, 0x71, 0xF8,
    0x00, 0x03, 0xF8, 0xE7, 0x18, 0xC6, 0x18, 0xC3, 0x38, 0xE7, 0x1C, 0xE7, 0x0D, 0xF1, 0xEF, 0x00,
    0x00, 0x00, 0x20, 0x3E, 0x0F, 0xE1, 0xF0, 0x30, 0x02, 0xF0, 0x7D, 0xC7, 0x0C, 0x70, 0xC6, 0x0C,
    0x60, 0xC6, 0x1C, 0x61, 0x86, 0x38, 0x3F, 0x00, 0x00, 0x00, 0x07, 0xE3, 0x18, 0xC6, 0x63, 0x9F,
    0x8E, 0x73, 0x8E, 0x63, 0x98, 0xC3, 0xF0, 0x00, 0x00, 0x1F, 0x88, 0xC0, 0x60, 0x70, 0xE1, 0xC1,
    0xC0, 0xC0, 0x73, 0x1F, 0x80, 0x00, 0x0E, 0x03, 0xF0, 0x07, 0x00, 0xE0, 0x0C, 0x1F, 0x8F, 0xF1,
    0x86, 0x60, 0xCC, 0x1B, 0x87, 0x70, 0xC6, 0x18, 0xC6, 0x0F, 0x80, 0x00, 0x00, 0x0F, 0xCE, 0x66,
    0x36, 0x3B, 0x7B, 0xF1, 0xC0, 0x60, 0x39, 0x8F, 0x80, 0x00, 0x00, 0x00, 0x87, 0xCE, 0x78, 0x99,
    0x99, 0x83, 0x33, 0x20, 0x76, 0xC0, 0x0F, 0xF8, 0x01, 0xFF, 0x00, 0x36, 0x60, 0x4E, 0xCC, 0x1D,
    0x99, 0x91, 0xE7, 0x3E, 0x00, 0x00, 0x00, 0x00, 0x1F, 0x98, 0xCC, 0x60, 0x30, 0xF0, 0x78, 0x06,
    0xC3, 0x63, 0xBF, 0x80, 0x00, 0x00, 0x0F, 0x18, 0xE3, 0x18, 0x63, 0x1C, 0x63, 0x1C, 0x63, 0x1C,
    0x63, 0x8C, 0xB1, 0xE7, 0x80, 0x00, 0x00, 0x01, 0x88, 0x3E, 0x03, 0x80, 0x00, 0xF1, 0x8E, 0x31,
    0x86, 0x31, 0xC6, 0x31, 0xC6, 0x31, 0xC6, 0x38, 0xCB, 0x1E, 0x78, 0x00, 0x00, 0x0F, 0x3C, 0xE6,
    0x19, 0x83, 0x20, 0x7C, 0x0F, 0x83, 0xB8, 0x63, 0x0C, 0x71, 0x87, 0x00, 0x00, 0x00, 0xFE, 0x06,
    0x60, 0x46, 0x04, 0xE0, 0xCC, 0x08, 0xC1, 0x8C, 0x18, 0xCF, 0x0C, 0xE0, 0xF0, 0x00, 0x00, 0x00,
    0x0F, 0x07, 0x07, 0x0E, 0x07, 0x0E, 0x07, 0x1E, 0x0F, 0x3E, 0x0B, 0x2E, 0x1B, 0xEC, 0x19, 0xCC,
    0xF1, 0x8C, 0xE1, 0x8F, 0x00, 0x00, 0x00, 0x0F, 0x18, 0xE3, 0x18, 0x63, 0x1C, 0x7F, 0x8F, 0xE3,
    0x8C, 0x61, 0x8C, 0x31, 0x87, 0x80, 0x00, 0x00, 0x03, 0xF0, 0xE7, 0x38, 0x66, 0x0C, 0xC1, 0xB8,
    0x37, 0x0E, 0x61, 0x8C, 0x60, 0xF8, 0x00, 0x00, 0x00, 0x0F, 0x78, 0xF3, 0x1C, 0x63, 0x8C, 0x63,
    0x8C, 0x63, 0x8C, 0x61, 0x8C, 0x31, 0x87, 0x80, 0x00, 0x00, 0x03, 0xFE, 0x1E, 0xE1, 0xC6, 0x18,
    0x61, 0x86, 0x18, 0xE3, 0x8E, 0x30, 0xC3, 0x18, 0x3F, 0x07, 0x00, 0x60, 0x06, 0x00, 0x70, 0x07,
    0x00, 0x00, 0x07, 0xE3, 0x98, 0xC6, 0x60, 0x18, 0x0E, 0x03, 0x80, 0x60, 0x1C, 0xC3, 0xE0, 0x00,
    0x00, 0x00, 0x3D, 0xEF, 0x0F, 0x3D, 0xC7, 0x1C, 0xE3, 0x8C, 0x61, 0x8E, 0x30, 0xC6, 0x18, 0xE3,
    0x1C, 0x61, 0x8E, 0x30, 0xC7, 0x18, 0xE1, 0xC0, 0x00, 0x00, 0x00, 0x0F, 0x1C, 0x61, 0x8C, 0x31,
    0xC6, 0x39, 0x83, 0x30, 0x64, 0x0F, 0x00, 0xE0, 0x18, 0x03, 0x00, 0xC0, 0x30, 0x3C, 0x07, 0x00,
    0x00, 0x30, 0x03, 0xF0, 0x0C, 0x80, 0x70, 0x01, 0x80, 0x7F, 0xE3, 0x19, 0x9C, 0x67, 0x63, 0x9D,
    0x8C, 0x7E, 0x31, 0xF8, 0xC6, 0xE7, 0x39, 0x9C, 0xC7, 0xFE, 0x01, 0x80, 0x06, 0x01, 0x30, 0x07,
    0xC0, 0x1E, 0x00, 0x00, 0x03, 0x8E, 0x1C, 0xC0, 0xD8, 0x0F, 0x00, 0x60, 0x0E, 0x00, 0xF0, 0x1B,
    0x03, 0x38, 0xE1, 0xC0, 0x00, 0x0F, 0x18, 0xE3, 0x18, 0x63, 0x1C, 0x63, 0x1C, 0x63, 0x1C, 0x63,
    0x8C, 0xB5, 0xE7, 0x80, 0x30, 0x1C, 0x07, 0x80, 0xC0, 0x00, 0x00, 0x1E, 0x38, 0xC7, 0x18, 0xC7,
    0x18, 0xE3, 0x0F, 0xE0, 0xD8, 0x03, 0x00, 0x60, 0x0F, 0x00, 0x00, 0x00, 0x00, 0x3C, 0x61, 0x8E,
    0x31, 0xC6, 0x18, 0xC3, 0x1C, 0x61, 0x8C, 0x31, 0xC6, 0x38, 0xC7, 0x1C, 0x63, 0x9C, 0x33, 0xDF,
    0x1E, 0x7B, 0xC0, 0x00, 0x00, 0x00, 0x00, 0x3C, 0x61, 0x8E, 0x31, 0xC6, 0x18, 0xC3, 0x1C, 0x61,
    0x8C, 0x31, 0xC6, 0x38, 0xC7, 0x1C, 0x63, 0x9C, 0x33, 0xDF, 0x9E, 0x7B, 0xC0, 0x00, 0x20, 0x00,
    0x70, 0x00, 0x70, 0x00, 0x60, 0x00, 0x00, 0x00, 0x3F, 0x99, 0x89, 0x81, 0x81, 0xF9, 0xCE, 0xC3,
    0x61, 0xB9, 0xCF, 0xC0, 0x00, 0x00, 0x01, 0xE0, 0xF3, 0x01, 0x8C, 0x06, 0x30, 0x18, 0xFC, 0xE7,
    0x3B, 0x18, 0x6C, 0x61, 0xB1, 0xCE, 0xC3, 0xF3, 0xC0, 0x00, 0x00, 0x3C, 0x0E, 0x06, 0x03, 0x01,
    0xF9, 0xCE, 0xE3, 0x71, 0xB9, 0xCF, 0xC0, 0x00, 0x00, 0x1F, 0x98, 0xCC, 0x70, 0x38, 0xFC, 0x7E,
    0x06, 0xC7, 0x63, 0x3F, 0x00, 0x00, 0x00, 0x00, 0xF1, 0xF0, 0xE6, 0x31, 0x98, 0x63, 0x70, 0xC7,
    0xE1, 0x8F, 0x83, 0x3B, 0x06, 0x66, 0x18, 0xCE, 0x71, 0x8F, 0xC0, 0x00, 0x00, 0x00, 0x00, 0xFE,
    0x18, 0xE3, 0x8C, 0x18, 0xC1, 0xFC, 0x0F, 0xC0, 0xDC, 0x19, 0x83, 0x9C, 0x71, 0xE0, 0x00, 0x0C,
    0x07, 0x01, 0x80, 0x40, 0x00, 0xFC, 0xE6, 0x63, 0x63, 0xB7, 0xBF, 0x1C, 0x06, 0x03, 0x98, 0xF8,
    0x00, 0x0D, 0x83, 0x60, 0x00, 0x00, 0x1F, 0x8E, 0x63, 0x19, 0x8E, 0x6F, 0x3F, 0x0E, 0x01, 0x80,
    0x73, 0x0F, 0x80, 0x00, 0x18, 0x0F, 0x01, 0x81, 0xFC, 0x18, 0x06, 0xE3, 0xFC, 0xE3, 0x38, 0xCC,
    0x73, 0x19, 0xC6, 0x61, 0x98, 0xE6, 0x38, 0x0C, 0x03, 0x01, 0xC0, 0xE0, 0x30, 0x01, 0x01, 0x81,
    0x80, 0x80, 0x01, 0xF8, 0x8C, 0x06, 0x07, 0x0E, 0x1C, 0x1C, 0x0C, 0x07, 0x31, 0xF8, 0x00, 0x00,
    0x07, 0xE3, 0x98, 0xC6, 0x60, 0x1F, 0x0F, 0xC3, 0x80, 0x60, 0x1C, 0xC3, 0xE0, 0x00, 0x00, 0x3F,
    0x63, 0x63, 0x70, 0x3C, 0x1E, 0x06, 0xC6, 0xC6, 0xFC, 0x00, 0x00, 0x61, 0x80, 0x01, 0xE3, 0x8C,
    0x30, 0xC7, 0x18, 0x61, 0x87, 0x80, 0x00, 0x7C, 0xF8, 0x00, 0x0F, 0x0E, 0x18, 0x30, 0x61, 0xC3,
    0x06, 0x0C, 0x1E, 0x00, 0x00, 0x01, 0xC0, 0xC0, 0x00, 0x00, 0x78, 0x1C, 0x0C, 0x06, 0x03, 0x01,
    0x81, 0xC0, 0xC0, 0x60, 0x30, 0x38, 0x18, 0x0C, 0x1C, 0x0C, 0x00, 0x00, 0x00, 0x0F, 0xE0, 0x06,
    0x60, 0x04, 0xE0, 0x04, 0xE0, 0x0C, 0xFE, 0x08, 0xC6, 0x18, 0xC7, 0x18, 0xC6, 0xF0, 0xC6, 0xE0,
    0xFC, 0x00, 0x00, 0x00, 0x00, 0xF1, 0x80, 0xE3, 0x01, 0x8E, 0x03, 0x1C, 0x07, 0xFF, 0x0C, 0x67,
    0x38, 0xC7, 0x61, 0x8E, 0xC3, 0x19, 0x83, 0xE0, 0x00, 0x00, 0x18, 0x07, 0x80, 0x60, 0x3F, 0x81,
    0x80, 0x37, 0x0F, 0xF1, 0xC6, 0x38, 0xC6, 0x38, 0xC6, 0x38, 0xC6, 0x18, 0xC3, 0x18, 0x78, 0x00,
    0x01, 0x80, 0x70, 0x0C, 0x03, 0x00, 0x00, 0xF3, 0xCE, 0x61, 0x98, 0x32, 0x07, 0xC0, 0xF8, 0x3B,
    0x86, 0x30, 0xC7, 0x18, 0x70, 0x0C, 0x01, 0xC0, 0x18, 0x01, 0x00, 0x00, 0xF1, 0x8E, 0x31, 0x86,
    0x31, 0xC6, 0x31, 0xC6, 0x31, 0xC6, 0x38, 0xCB, 0x1E, 0x78, 0x00, 0x00, 0x01, 0x88, 0x3F, 0x03,
    0x80, 0x00, 0xF1, 0xC6, 0x18, 0xC3, 0x1C, 0x63, 0x98, 0x33, 0x06, 0x40, 0xF0, 0x0E, 0x01, 0x80,
    0x30, 0x0C, 0x03, 0x03, 0xC0, 0x70, 0x00, 0x00, 0x0F, 0x18, 0xE3, 0x18, 0x63, 0x1C, 0x63, 0x1C,
    0x63, 0x1C, 0x63, 0x8C, 0xB1, 0xF7, 0x83, 0x00, 0xE0, 0x38, 0x06, 0x00, 0x00, 0x70, 0xC3, 0x78,
    0x63, 0xCE, 0x30, 0xE7, 0x1C, 0x31, 0x8E, 0x30, 0xC7, 0x18, 0x63, 0x8C, 0x31, 0xCC, 0x19, 0xE6,
    0x0D, 0xB6, 0x06, 0x9A, 0x03, 0xCE, 0x01, 0xC7, 0x00, 0xC3, 0x00, 0x00, 0x00, 0xE3, 0x1C, 0xC6,
    0x19, 0x8C, 0x33, 0x98, 0xC3, 0x31, 0x86, 0x66, 0x0D, 0xEC, 0x1E, 0xF0, 0x39, 0xC0, 0x63, 0x00,
    0x0F, 0x81, 0xF8, 0x06, 0x07, 0xFC, 0x6E, 0xC4, 0xC4, 0x0F, 0x80, 0xFE, 0x1C, 0x71, 0x87, 0x18,
    0x71, 0x87, 0x38, 0xEF, 0xFC, 0x00, 0x00, 0xF7, 0x80, 0xF3, 0x01, 0xC6, 0x03, 0x8C, 0x06, 0x3F,
    0x0C, 0x77, 0x38, 0xC6, 0x61, 0x8C, 0xC3, 0x19, 0x83, 0xE0, 0x00, 0x00, 0x0F, 0x83, 0xC3, 0xF1,
    0xFC, 0x18, 0x61, 0x87, 0x18, 0x20, 0xE7, 0x00, 0x18, 0xC0, 0x03, 0xFF, 0x80, 0x7F, 0xF0, 0x1C,
    0xE0, 0x03, 0x1C, 0x00, 0x63, 0x80, 0x0C, 0x70, 0x43, 0x87, 0x19, 0xF8, 0x7E, 0x00, 0x00, 0x00,
    0x00, 0x00, 0xF0, 0xF8, 0xE3, 0x31, 0x8C, 0x63, 0x38, 0x07, 0xFF, 0x0F, 0xFC, 0x39, 0x80, 0x63,
    0x00, 0xC7, 0x31, 0x87, 0xC0, 0x00, 0x00, 0x00, 0x20, 0x00, 0xC0, 0x03, 0x80, 0x07, 0x80, 0x1F,
    0x00, 0x66, 0x00, 0xFC, 0x03, 0xF8, 0x05, 0xB0, 0x1B, 0x70, 0x66, 0xE0, 0x9C, 0xC3, 0x31, 0x8F,
    0x6F, 0x80, 0x00, 0x00, 0x70, 0x0E, 0x02, 0xC0, 0xD8, 0x1F, 0x87, 0xF1, 0xB6, 0x26, 0xCD, 0x9B,
    0xB7, 0x80, 0x0F, 0x81, 0x01, 0xF8, 0x38, 0x06, 0x03, 0x80, 0xE0, 0x78, 0x0E, 0x0D, 0x80, 0xC0,
    0xDC, 0x0F, 0xFF, 0xC0, 0xFF, 0xFC, 0x1C, 0x36, 0xC1, 0x86, 0xEC, 0x18, 0x6C, 0xC1, 0x8C, 0xCE,
    0x38, 0xCC, 0xEF, 0xFC, 0xDF, 0x00, 0x00, 0xF0, 0xE0, 0xE1, 0xC1, 0x87, 0x83, 0x1B, 0x87, 0xFF,
    0x0F, 0xFE, 0x39, 0x6C, 0x66, 0xD8, 0xD9, 0xB9, 0xF6, 0xF0, 0x03, 0xFF, 0x01, 0xFF, 0x80, 0xC0,
    0xC0, 0x70, 0xC0, 0x18, 0xC0, 0x06, 0xC0, 0x07, 0xE0, 0x0F, 0xF8, 0x06, 0xEC, 0x07, 0x66, 0x03,
    0x33, 0x83, 0x19, 0xC3, 0x9C, 0xE3, 0x9F, 0x38, 0x00, 0x00, 0x3F, 0xE0, 0xC3, 0x01, 0x98, 0x07,
    0xC0, 0x3F, 0x81, 0xFF, 0x0E, 0xCC, 0x33, 0x31, 0xCC, 0xEE, 0x79, 0xC0, 0x0F, 0x8F, 0xFC, 0x7E,
    0x7F, 0xF0, 0x61, 0xC1, 0x83, 0x83, 0x0C, 0x0E, 0x06, 0x60, 0x30, 0x1B, 0x00, 0xFF, 0xFC, 0x03,
    0xFF, 0xF8, 0x1C, 0x3B, 0x70, 0x60, 0xCC, 0xC1, 0x86, 0x73, 0x06, 0x39, 0x8C, 0x38, 0xC6, 0x33,
    0xFF, 0x7E, 0xE0, 0x00, 0x00, 0x3C, 0xFF, 0x8E, 0x60, 0xC6, 0x18, 0xC3, 0x0E, 0xC1, 0xFF, 0xE0,
    0xFF, 0xF8, 0xE6, 0xEC, 0x66, 0x66, 0x37, 0x33, 0x9F, 0x3C, 0xE0, 0x02, 0x70, 0x3C, 0x03, 0xC0,
    0xFE, 0x1C, 0x71, 0x83, 0x00, 0x70, 0x06, 0x07, 0xC0, 0xFC, 0x00, 0xE0, 0x0E, 0x00, 0xE0, 0x0E,
    0x03, 0xC3, 0xF8, 0x70, 0x06, 0x18, 0x7F, 0xC3, 0xCC, 0x08, 0xC3, 0x70, 0x70, 0x7E, 0x39, 0xC4,
    0x70, 0x18, 0x7C, 0x07, 0x00, 0x60, 0x18, 0x0E, 0x7E, 0x38, 0x0C, 0x73, 0xFC, 0x31, 0x00, 0x73,
    0xCE, 0xF3, 0xCE, 0x73, 0x9C, 0x63, 0x9C, 0x63, 0x18, 0x63, 0x18, 0x63, 0x38, 0x67, 0x30, 0x76,
    0x70, 0x3F, 0xC0, 0x06, 0x00, 0x0E, 0x00, 0x0E, 0x00, 0x3F, 0x00, 0x00, 0x00, 0x18, 0x01, 0x80,
    0x10, 0x01, 0x0F, 0x37, 0x73, 0x77, 0x33, 0x63, 0x36, 0x23, 0x66, 0x36, 0x62, 0x66, 0x67, 0xFC,
    0x3F, 0x80, 0xC0, 0x0C, 0x00, 0xC0, 0x1C, 0x01, 0x80, 0x03, 0xC0, 0x3F, 0xC1, 0xC3, 0x86, 0x06,
    0x30, 0x19, 0xC0, 0x77, 0xF1, 0xDC, 0xFE, 0x60, 0x39, 0x80, 0xE6, 0x03, 0x1C, 0x18, 0x30, 0xE0,
    0x7E, 0x00, 0x00, 0x00, 0x00, 0x07, 0xE3, 0x9C, 0xC3, 0x70, 0xDF, 0xF6, 0x7D, 0x87, 0x61, 0x98,
    0xC3, 0xE0, 0x00, 0x7C, 0x19, 0xF0, 0xF3, 0x06, 0x0C, 0x18, 0x30, 0xC0, 0xC3, 0x03, 0x98, 0x0E,
    0x60, 0x3B, 0x00, 0x6C, 0x01, 0xE0, 0x07, 0x80, 0x1C, 0x00, 0x70, 0x00, 0x00, 0x0F, 0x07, 0x70,
    0xF3, 0x18, 0x31, 0x03, 0x30, 0x32, 0x03, 0xE0, 0x3C, 0x01, 0xC0, 0x18, 0x00, 0x00, 0x09, 0x80,
    0x37, 0x00, 0x6C, 0x00, 0x98, 0x7C, 0x19, 0xF0, 0xF3, 0x06, 0x0C, 0x18, 0x30, 0xC0, 0xC3, 0x03,
    0x98, 0x0E, 0x60, 0x3B, 0x00, 0x6C, 0x01, 0xE0, 0x07, 0x80, 0x1C, 0x00, 0x70, 0x00, 0x13, 0x01,
    0xB0, 0x0D, 0x80, 0x48, 0x00, 0x0F, 0x07, 0x70, 0xF3, 0x18, 0x31, 0x03, 0x30, 0x32, 0x03, 0xE0,
    0x3C, 0x01, 0xC0, 0x18, 0x00, 0x00, 0x03, 0xC0, 0x00, 0x3F, 0x80, 0x01, 0xC3, 0x00, 0x0E, 0x0E,
    0x00, 0x30, 0x3F, 0x1D, 0xC0, 0xEE, 0x37, 0x03, 0xB8, 0xD8, 0x0E, 0x63, 0x60, 0x31, 0x99, 0x81,
    0xC6, 0x66, 0x07, 0x1D, 0x1C, 0x38, 0x3C, 0x31, 0xC0, 0xE0, 0x7E, 0x03, 0x00, 0x00, 0x0C, 0x00,
    0x00, 0x60, 0x00, 0x03, 0x00, 0x00, 0xF8, 0x00, 0x03, 0x80, 0x00, 0x00, 0x00, 0x03, 0xF7, 0x18,
    0xE6, 0x63, 0x98, 0xEC, 0x27, 0x1D, 0xCC, 0xC3, 0xB9, 0x98, 0x73, 0x23, 0x0C, 0x6C, 0x63, 0x8F,
    0x0C, 0x61, 0xE0, 0xF8, 0x18, 0x00, 0x06, 0x00, 0x01, 0xC0, 0x00, 0x70, 0x00, 0xFC, 0x00, 0x0E,
    0x00, 0x00, 0xC0, 0x03, 0xC0, 0x3F, 0xE0, 0xE4, 0xE3, 0x80, 0xC7, 0x01, 0x9C, 0x03, 0x38, 0x06,
    0x60, 0x1C, 0xC0, 0x39, 0x80, 0x63, 0x01, 0xC7, 0x03, 0x07, 0xFC, 0x07, 0xF0, 0x03, 0x00, 0x00,
    0x00, 0x00, 0x00, 0x30, 0x0F, 0xC3, 0xBE, 0x30, 0x67, 0x06, 0x60, 0x66, 0x06, 0x60, 0xE6, 0x0C,
    0x7D, 0x83, 0xF0, 0x0C, 0x00, 0x00, 0x00, 0x40, 0x00, 0x7E, 0x00, 0x6F, 0x00, 0x0E, 0x00, 0x02,
    0x00, 0x02, 0x00, 0x1C, 0x78, 0x3F, 0x7E, 0x31, 0xB3, 0xB8, 0x00, 0xD8, 0x00, 0x7C, 0x00, 0x3E,
    0x00, 0x3F, 0x00, 0x1F, 0x00, 0x0F, 0x80, 0x06, 0xC0, 0x07, 0x70, 0x83, 0x39, 0xE7, 0x8F, 0xDF,
    0x80, 0x00, 0x00, 0x01, 0x80, 0x0F, 0xE0, 0x2F, 0x80, 0x30, 0x00, 0xC0, 0x04, 0x00, 0x00, 0x07,
    0xDE, 0x33, 0xCD, 0xC0, 0x36, 0x00, 0xD8, 0x03, 0x60, 0x0D, 0x80, 0x76, 0x01, 0x99, 0xCE, 0x3F,
    0xF0, 0x00, 0x00, 0x03, 0xF8, 0x03, 0xFC, 0x00, 0x00, 0x0E, 0x18, 0x6F, 0x0C, 0x79, 0xC6, 0x1C,
    0xE3, 0x86, 0x31, 0xC6, 0x18, 0xE3, 0x0C, 0x71, 0x86, 0x39, 0x83, 0x3C, 0xC1, 0xB6, 0xC0, 0xD3,
    0x40, 0x79, 0xC0, 0x38, 0xE0, 0x18, 0x60, 0x00, 0x00, 0x00, 0x0F, 0xE0, 0x12, 0x40, 0x00, 0x07,
    0x18, 0xE6, 0x30, 0xCC, 0x61, 0x9C, 0xC6, 0x19, 0x8C, 0x33, 0x30, 0x6F, 0x60, 0xF7, 0x81, 0xCE,
    0x03, 0x18, 0x00, 0x01, 0xE0, 0x3F, 0x87, 0x0C, 0x30, 0x63, 0x80, 0x38, 0x01, 0xC0, 0x0C, 0x00,
    0x60, 0x03, 0x00, 0x18, 0x00, 0xE0, 0x03, 0x80, 0x0F, 0x80, 0x1C, 0x00, 0xC0, 0x06, 0x00, 0xF8,
    0x07, 0xC0, 0x00, 0x07, 0xE3, 0x98, 0xC6, 0x70, 0x18, 0x06, 0x01, 0x80, 0x60, 0x1C, 0x03, 0xE0,
    0x30, 0x0C, 0x03, 0x00, 0xC0, 0x20, 0x00, 0x80, 0x30, 0x76, 0x07, 0x80, 0x3C, 0x0D, 0xDB, 0x83,
    0xE0, 0x1E, 0x03, 0xE0, 0xC4, 0x18, 0x00, 0x00, 0x00, 0x7F, 0x7E, 0x40, 0x1D, 0xFF, 0x08, 0x7D,
    0x10, 0x4D, 0xE0, 0x30, 0x7F, 0xC7, 0x00, 0x18, 0x00, 0x00, 0x3C, 0x00, 0x00, 0x66, 0x00, 0x00,
    0x00, 0x00, 0x1E, 0x00, 0x78, 0x3F, 0x00, 0xD8, 0x00, 0x00, 0x00, 0x00, 0x00, 0x00, 0x00, 0x00,
    0x00, 0x00, 0x00, 0x00, 0x78, 0x00, 0x1E, 0xCC, 0x00, 0x33, 0x00, 0x00, 0x00, 0x00, 0x00, 0x00,
    0x00, 0x00, 0x00, 0x0C, 0x00, 0x20, 0x1E, 0x00, 0x78, 0x33, 0x00, 0xC8, 0x00, 0x00, 0x00, 0x00,
    0x3C, 0x00, 0x00, 0x7C, 0x00, 0x00, 0x00, 0x00, 0x00, 0x00, 0x00, 0x00, 0x08, 0x00, 0x00, 0x18,
    0x00, 0x00, 0x18, 0x00, 0x0C, 0x18, 0x10, 0x0E, 0x00, 0x78, 0x06, 0x00, 0xE0, 0x06, 0x00, 0x40,
    0x00, 0x00, 0x00, 0x00, 0x00, 0x00, 0x00, 0x00, 0x00, 0x78, 0x00, 0x1C, 0x38, 0x00, 0x1E, 0x00,
    0x00, 0x00, 0x00, 0x00, 0x00, 0x00, 0x00, 0x00, 0x00, 0x00, 0x40, 0x07, 0x00, 0x60, 0x0F, 0x00,
    0x60, 0x1C, 0x18, 0x30, 0x00, 0x18, 0x30, 0x00, 0x18, 0x00, 0x00, 0x10, 0x00, 0x00, 0x00, 0x00,
    0x00, 0x02, 0x00, 0x31, 0x00, 0x0F, 0xC0, 0x01, 0xC0, 0x0F, 0x8F, 0x87, 0xE3, 0xE0, 0x60, 0x60,
    0x38, 0x38, 0x0E, 0x1E, 0x03, 0x0F, 0x80, 0xC6, 0xC0, 0x33, 0x30, 0x1F, 0x1C, 0x07, 0x87, 0x01,
    0xC1, 0x80, 0x60, 0x60, 0x38, 0x38, 0x3F, 0x1F, 0x80, 0x00, 0x60, 0x00, 0x30, 0x00, 0x0C, 0x00,
    0x06, 0x00, 0x00, 0x46, 0x31, 0xF8, 0x38, 0x00, 0x3C, 0x67, 0x19, 0x86, 0x61, 0x98, 0xEE, 0x33,
    0x8C, 0xC7, 0x3A, 0xCF, 0xBC, 0x03, 0x01, 0x80, 0x60, 0x30, 0x02, 0x00, 0x60, 0x06, 0x01, 0xFC,
    0x1F, 0xC0, 0xE0, 0x0C, 0x00, 0xF8, 0x0F, 0xE1, 0xC7, 0x18, 0x71, 0x87, 0x18, 0x73, 0x8E, 0xFF,
    0xC0, 0x00, 0x06, 0x01, 0x81, 0xF8, 0x7E, 0x0C, 0x03, 0x00, 0xFC, 0x73, 0x98, 0x66, 0x19, 0xCE,
    0x3F, 0x00, 0x00, 0x0F, 0xC0, 0xFF, 0x81, 0x8C, 0x1C, 0x70, 0xE3, 0x86, 0x5C, 0x32, 0xC1, 0x9C,
    0x1F, 0xE0, 0xC1, 0x06, 0x00, 0x30, 0x03, 0x80, 0x3F, 0x00, 0x00, 0x03, 0xFE, 0x1E, 0xE1, 0xC6,
    0x1C, 0x61, 0x86, 0x18, 0xE3, 0x8C, 0x32, 0xC3, 0x38, 0x3F, 0x87, 0x08, 0x60, 0x06, 0x00, 0x70,
    0x07, 0x00, 0x00, 0x08, 0x00, 0xC3, 0xFE, 0x3F, 0xE0, 0x60, 0x07, 0x00, 0x38, 0x01, 0x80, 0x0C,
    0x00, 0x60, 0x07, 0x00, 0x30, 0x01, 0x80, 0x0C, 0x00, 0xE0, 0x0F, 0xC0, 0x00, 0x00, 0xC0, 0x6F,
    0xE3, 0x81, 0x80, 0xC0, 0x60, 0x30, 0x38, 0x18, 0x0C, 0x06, 0x00, 0x0F, 0xF8, 0xFF, 0xC1, 0x86,
    0x1C, 0x20, 0xE0, 0x06, 0x00, 0xFE, 0x07, 0xF0, 0x1C, 0x00, 0xC0, 0x06, 0x00, 0x30, 0x03, 0x80,
    0x3F, 0x00, 0x00, 0x3F, 0xCE, 0x66, 0x33, 0x07, 0xE3, 0xF0, 0xE0, 0x60, 0x30, 0x18, 0x00, 0x0F,
    0xF8, 0xFF, 0xC1, 0x86, 0x1C, 0x20, 0xE0, 0x06, 0x00, 0x3C, 0x01, 0xFC, 0x1C, 0x70, 0xC1, 0x86,
    0x0C, 0x30, 0x63, 0x83, 0x3F, 0x18, 0x01, 0xC6, 0x0C, 0x30, 0xE1, 0xFE, 0x07, 0xC0, 0x00, 0x3F,
    0xCE, 0x66, 0x33, 0x01, 0xF0, 0xFC, 0xE7, 0x61, 0xB0, 0xD8, 0x60, 0x74, 0x36, 0x3B, 0xF8, 0x70,
    0x0C, 0x3E, 0x18, 0x38, 0xF9, 0xE0, 0xB1, 0x84, 0x80, 0x46, 0x30, 0x01, 0x99, 0x80, 0x06, 0x64,
    0x00, 0x0F, 0xF0, 0x00, 0xFF, 0xC0, 0x07, 0x33, 0x00, 0x18, 0xCE, 0x00, 0xE3, 0x18, 0x07, 0x1C,
    0x60, 0x18, 0x61, 0xC1, 0xE7, 0xE3, 0xC0, 0x00, 0x07, 0x00, 0x00, 0x08, 0x00, 0x00, 0x20, 0x00,
    0x00, 0x80, 0x00, 0x00, 0x07, 0xCC, 0x7C, 0x99, 0x99, 0x83, 0xB6, 0x30, 0x76, 0xC0, 0x0F, 0xF8,
    0x01, 0xFF, 0x00, 0x36, 0xE0, 0xCE, 0xDC, 0x19, 0x99, 0x93, 0xE7, 0x3E, 0x00, 0x00, 0x40, 0x00,
    0x18, 0x00, 0x03, 0x00, 0x03, 0xC0, 0x00, 0x00, 0x07, 0x83, 0xF8, 0xE3, 0x98, 0x30, 0x0E, 0x01,
    0x83, 0xE0, 0xFC, 0x01, 0xC0, 0x39, 0x07, 0x60, 0xEE, 0x38, 0xFE, 0x03, 0x00, 0x60, 0x0C, 0x07,
    0x80, 0x00, 0x00, 0x00, 0x1F, 0x9C, 0xE4, 0x70, 0x31, 0xF0, 0x38, 0x06, 0xC3, 0x63, 0xBF, 0x83,
    0x01, 0x80, 0xC0, 0xE0, 0x00, 0x0F, 0x8C, 0x3F, 0x3C, 0x18, 0xD8, 0x73, 0x00, 0xE4, 0x01, 0x98,
    0x03, 0x60, 0x07, 0xE0, 0x1C, 0xC0, 0x31, 0x80, 0x63, 0x80, 0xC3, 0x03, 0x87, 0x1F, 0x87, 0x00,
    0x06, 0x00, 0x0C, 0x00, 0x18, 0x00, 0x30, 0x00, 0x07, 0x8E, 0x39, 0xA3, 0x30, 0x36, 0x03, 0xC0,
    0x3E, 0x07, 0x70, 0x63, 0x06, 0x38, 0x61, 0xC0, 0x04, 0x00, 0x40, 0x0C, 0x03, 0x80, 0x10, 0x0F,
    0x86, 0x1F, 0x9F, 0x06, 0x32, 0x0E, 0x30, 0x0F, 0xE0, 0x0D, 0xC0, 0x0D, 0xC0, 0x0F, 0xC0, 0x1F,
    0xE0, 0x1B, 0x60, 0x1A, 0x60, 0x18, 0x70, 0x38, 0x30, 0xFC, 0x3C, 0x00, 0x07, 0x8F, 0x38, 0xF3,
    0x50, 0x37, 0x03, 0xE0, 0x3F, 0x07, 0xF0, 0x6B, 0x86, 0x18, 0x61, 0xE0, 0x0F, 0x8C, 0x3F, 0x3C,
    0x38, 0xD8, 0xFF, 0x00, 0xE4, 0x01, 0x98, 0x03, 0x60, 0x07, 0xE0, 0x1C, 0xC0, 0x31, 0x80, 0x63,
    0x80, 0xC3, 0x03, 0x87, 0x1F, 0x87, 0x00, 0x18, 0x03, 0xC0, 0x18, 0x07, 0xF0, 0x18, 0x01, 0x8E,
    0x39, 0xA3, 0x30, 0x36, 0x03, 0xC0, 0x3E, 0x07, 0x70, 0x63, 0x06, 0x38, 0x61, 0xC0, 0x00, 0x7F,
    0x0C, 0xFE, 0x7D, 0x38, 0x90, 0x63, 0x00, 0xCC, 0x01, 0x90, 0x07, 0xE0, 0x0F, 0xC0, 0x19, 0xC0,
    0x31, 0x80, 0xE3, 0x01, 0xC7, 0x03, 0x86, 0x1F, 0x8F, 0x00, 0x00, 0x01, 0xF8, 0xE4, 0xE6, 0x83,
    0x30, 0x0D, 0x80, 0x3C, 0x01, 0xF8, 0x07, 0x70, 0x18, 0xC0, 0x63, 0x81, 0x87, 0x00, 0x0F, 0x8F,
    0x8F, 0xCF, 0xC1, 0x81, 0x81, 0xC1, 0xC0, 0xE0, 0xE0, 0x60, 0x60, 0x3F, 0xF0, 0x1F, 0xF8, 0x1C,
    0x1C, 0x0C, 0x0C, 0x06, 0x06, 0x03, 0x03, 0x03, 0x83, 0x87, 0xE7, 0xF0, 0x00, 0x30, 0x00, 0x18,
    0x00, 0x0C, 0x00, 0x06, 0x00, 0x00, 0x07, 0x86, 0x38, 0xE3, 0x0E, 0x30, 0xC3, 0xFC, 0x3F, 0xC7,
    0x1C, 0x61, 0xC6, 0x1C, 0x61, 0xF0, 0x02, 0x00, 0x20, 0x06, 0x01, 0xC0, 0x08, 0x0F, 0x8F, 0xE3,
    0xF3, 0xFC, 0x18, 0x19, 0x87, 0x07, 0x20, 0xE0, 0xE0, 0x18, 0x18, 0x03, 0xFF, 0x00, 0x7F, 0xE0,
    0x1C, 0x1C, 0x03, 0x03, 0x00, 0x60, 0x60, 0x0C, 0x0C, 0x03, 0x83, 0x81, 0xF9, 0xF8, 0x00, 0x00,
    0x00, 0xF0, 0xF8, 0xE3, 0x91, 0x87, 0x23, 0x0C, 0x07, 0xF8, 0x0F, 0xF0, 0x38, 0xE0, 0x61, 0xC0,
    0xC3, 0x81, 0x87, 0x80, 0x00, 0x00, 0x0F, 0xFF, 0x01, 0xFF, 0xF0, 0x06, 0x0C, 0x00, 0xE0, 0xC0,
    0x0E, 0x0C, 0x00, 0xC1, 0xC0, 0x0C, 0x1F, 0x00, 0xC1, 0xFC, 0x1C, 0x18, 0xE1, 0x81, 0x87, 0x18,
    0x38, 0x71, 0x83, 0x07, 0x38, 0x30, 0x7F, 0xCF, 0xC6, 0x00, 0x00, 0x60, 0x02, 0x0E, 0x00, 0x61,
    0xC0, 0x07, 0xF8, 0x00, 0x3E, 0x00, 0x00, 0x00, 0x7F, 0xF8, 0x38, 0x60, 0x30, 0xE0, 0x30, 0xE0,
    0x30, 0xF8, 0x30, 0xFE, 0x70, 0xC6, 0x61, 0xC6, 0x61, 0x86, 0x61, 0x86, 0x00, 0x06, 0x00, 0x0E,
    0x01, 0x8C, 0x01, 0xF8, 0x00, 0xE0, 0x03, 0xC0, 0x7F, 0x07, 0x00, 0x31, 0xE3, 0x1F, 0xB9, 0xCD,
    0xCC, 0x6C, 0x63, 0x67, 0x3B, 0x39, 0xD9, 0xCC, 0xE6, 0xC3, 0x3C, 0x0F, 0xF8, 0x03, 0xC0, 0x00,
    0x03, 0xF0, 0xE0, 0x19, 0xE7, 0x76, 0xCC, 0xD9, 0x9B, 0x37, 0x66, 0xCE, 0xF0, 0xFF, 0x00, 0xE0,
    0x01, 0xE0, 0x3F, 0x87, 0x0C, 0x30, 0x63, 0x80, 0x38, 0x01, 0xC0, 0x0C, 0x00, 0x60, 0x03, 0x00,
    0x18, 0x00, 0xE0, 0x83, 0x8C, 0x0F, 0xC0, 0x18, 0x00, 0xC0, 0x06, 0x00, 0x70, 0x00, 0x00, 0x00,
    0x07, 0xE3, 0x98, 0xC6, 0x70, 0x18, 0x06, 0x01, 0x80, 0x60, 0x1C, 0xC3, 0xE0, 0x60, 0x0C, 0x03,
    0x03, 0x80, 0x00, 0x7F, 0xF7, 0xFF, 0x46, 0x3C, 0x62, 0x0E, 0x00, 0xE0, 0x0C, 0x00, 0xC0, 0x0C,
    0x01, 0xC0, 0x1C, 0x01, 0x80, 0x18, 0x07, 0xE0, 0x0E, 0x00, 0x40, 0x04, 0x00, 0x40, 0x00, 0x00,
    0x3D, 0xEF, 0x0F, 0x3D, 0xC7, 0x1C, 0xE3, 0x8C, 0x61, 0x8E, 0x30, 0xC6, 0x18, 0xE3, 0x1C, 0x61,
    0x8E, 0x30, 0xC7, 0x18, 0xE1, 0xE0, 0x00, 0x20, 0x00, 0x10, 0x00, 0x18, 0x00, 0x38, 0x00, 0x08,
    0x78, 0xF3, 0xC7, 0x8C, 0x18, 0x61, 0x83, 0x88, 0x0C, 0x80, 0x6C, 0x03, 0xC0, 0x0C, 0x00, 0x60,
    0x07, 0x00, 0x38, 0x01, 0x80, 0x3F, 0x00, 0x00, 0x1C, 0x73, 0x0C, 0xC3, 0x30, 0xCC, 0x63, 0x98,
    0x6C, 0x1E, 0x07, 0x81, 0xC0, 0x60, 0x18, 0x0E, 0x03, 0xC0, 0xF0, 0x78, 0xF3, 0xC7, 0x8C, 0x18,
    0x61, 0x83, 0x88, 0x0C, 0x80, 0x6C, 0x03, 0xC0, 0x0C, 0x03, 0xF8, 0x1F, 0xC0, 0x38, 0x01, 0x80,
    0x3F, 0x00, 0x00, 0x1C, 0x73, 0x0C, 0xC3, 0x30, 0xCC, 0x63, 0x98, 0x6C, 0x1E, 0x07, 0x81, 0xC1,
    0xFC, 0x18, 0x0E, 0x03, 0xC0, 0xF0, 0x1F, 0x1C, 0x3E, 0x78, 0x38, 0x60, 0x39, 0x80, 0x76, 0x00,
    0x78, 0x00, 0xE0, 0x01, 0xC0, 0x07, 0x80, 0x1B, 0x80, 0x63, 0x00, 0x87, 0x03, 0x0E, 0x1F, 0x3F,
    0x00, 0x0E, 0x00, 0x0C, 0x00, 0x10, 0x00, 0x20, 0x00, 0x01, 0xC7, 0x0C, 0xC0, 0xD8, 0x07, 0x00,
    0x70, 0x07, 0x00, 0xF0, 0x1B, 0x83, 0x18, 0x71, 0xC0, 0x04, 0x00, 0xC0, 0x0C, 0x07, 0x80, 0x00,
    0x7F, 0xCF, 0xBF, 0xEF, 0xD3, 0x93, 0x99, 0x89, 0xC0, 0xC0, 0xC0, 0x60, 0x60, 0x70, 0x30, 0x38,
    0x38, 0x18, 0x1C, 0x0C, 0x0C, 0x06, 0x06, 0x07, 0x03, 0x03, 0x83, 0x87, 0xFF, 0xE0, 0x00, 0x30,
    0x00, 0x18, 0x00, 0x0C, 0x00, 0x06, 0x00, 0x00, 0x01, 0xFE, 0x64, 0xDB, 0x93, 0x2C, 0x1C, 0x30,
    0x60, 0xC1, 0x87, 0x06, 0x1C, 0x18, 0xF0, 0x67, 0xC1, 0xF7, 0xC0, 0x02, 0x00, 0x08, 0x00, 0x60,
    0x07, 0x00, 0x08, 0x7C, 0x7D, 0xF3, 0xF3, 0x03, 0x0C, 0x1C, 0x70, 0x71, 0xC1, 0x87, 0x06, 0x1C,
    0x78, 0x3F, 0xE0, 0x03, 0x00, 0x0C, 0x00, 0x30, 0x01, 0xC0, 0x1F, 0x80, 0x06, 0x00, 0x18, 0x00,
    0x60, 0x01, 0x80, 0x00, 0x07, 0x0E, 0x30, 0xC3, 0x0C, 0x30, 0xC7, 0x1C, 0x3F, 0xC1, 0xD8, 0x01,
    0x80, 0x18, 0x01, 0xE0, 0x02, 0x00, 0x60, 0x06, 0x03, 0xC0, 0x00, 0x7C, 0x7C, 0xF8, 0xF8, 0xE0,
    0xC1, 0x81, 0x83, 0x27, 0x06, 0x4E, 0x0C, 0x98, 0x1F, 0x70, 0x1F, 0xE0, 0x0D, 0xC0, 0x13, 0x80,
    0x66, 0x00, 0x0C, 0x00, 0x7E, 0x00, 0x00, 0x1E, 0x38, 0xC7, 0x18, 0xC7, 0x58, 0xFB, 0x0F, 0xE0,
    0xD8, 0x0B, 0x01, 0x60, 0x0F, 0x00, 0x00, 0x0F, 0x80, 0x7E, 0x00, 0x60, 0x03, 0x80, 0x0E, 0x00,
    0x33, 0x80, 0xFF, 0x83, 0x06, 0x1C, 0x18, 0x60, 0x61, 0x81, 0x86, 0x0E, 0x38, 0x39, 0xF3, 0xF0,
    0x18, 0x07, 0x80, 0x60, 0x0C, 0x01, 0x80, 0x37, 0x8F, 0x31, 0xC6, 0x38, 0xC6, 0x38, 0xC6, 0x38,
    0xC6, 0x18, 0xC3, 0x18, 0x78, 0x00, 0x00, 0x78, 0x03, 0xF8, 0x0C, 0x38, 0x30, 0x76, 0xE0, 0xED,
    0x83, 0x9F, 0x3E, 0x1F, 0xF0, 0x1C, 0x00, 0x38, 0x00, 0x70, 0x00, 0x60, 0x40, 0xE3, 0x80, 0xFE,
    0x00, 0x00, 0x00, 0x00, 0x00, 0xFC, 0x39, 0xA6, 0x3D, 0xCF, 0xFF, 0x8F, 0xC0, 0xC0, 0x18, 0x03,
    0x98, 0x3E, 0x00, 0x00, 0x00, 0x78, 0x03, 0xF8, 0x0C, 0x38, 0x30, 0x76, 0xE0, 0xED, 0x83, 0x9F,
    0x3E, 0x1F, 0xF0, 0x1C, 0x00, 0x38, 0x00, 0x70, 0x00, 0x60, 0x40, 0xE3, 0x80, 0xFE, 0x00, 0xE0,
    0x00, 0xC0, 0x01, 0x00, 0x06, 0x00, 0x00, 0x00, 0xFC, 0x39, 0xA6, 0x3D, 0xCF, 0xFF, 0x8F, 0xC0,
    0xC0, 0x18, 0x03, 0x98, 0x3E, 0x03, 0x00, 0x60, 0x08, 0x01, 0x00, 0x0F, 0x8F, 0xC1, 0x81, 0xC0,
    0xE0, 0x60, 0x30, 0x18, 0x1C, 0x0C, 0x06, 0x03, 0x03, 0x87, 0xE0, 0x00, 0x00, 0x00, 0x00, 0x62,
    0x00, 0x01, 0xF0, 0x00, 0x07, 0x80, 0x0F, 0x3E, 0x38, 0x3C, 0xF9, 0xE0, 0x31, 0xC7, 0x00, 0xC6,
    0x18, 0x01, 0x18, 0xC0, 0x06, 0x66, 0x00, 0x1F, 0xF0, 0x00, 0xFF, 0xC0, 0x03, 0x33, 0x80, 0x1C,
    0xCE, 0x00, 0xE3, 0x18, 0x07, 0x1C, 0x70, 0x38, 0x70, 0xC1, 0xC7, 0xE3, 0xC0, 0x00, 0x00, 0x00,
    0x18, 0x80, 0x03, 0xF0, 0x00, 0x38, 0x00, 0x00, 0x08, 0x7C, 0xE7, 0x89, 0x99, 0x98, 0x33, 0x32,
    0x07, 0x6C, 0x00, 0xFF, 0x80, 0x1F, 0xF0, 0x03, 0x66, 0x04, 0xEC, 0xC1, 0xD9, 0x99, 0x1E, 0x73,
    0xE0, 0x00, 0x00, 0x0F, 0x8C, 0x3F, 0x3C, 0x18, 0xD8, 0x73, 0x00, 0xE4, 0x01, 0x98, 0x03, 0x60,
    0x07, 0xF0, 0x1C, 0x70, 0x30, 0x70, 0x60, 0xE0, 0xC0, 0xC3, 0x83, 0x9F, 0x87, 0x00, 0x0C, 0x08,
    0x38, 0x38, 0x60, 0x3F, 0x80, 0x3E, 0x00, 0x00, 0x07, 0x8E, 0x39, 0xA3, 0x30, 0x36, 0x03, 0xF0,
    0x33, 0x87, 0x1C, 0x60, 0xC6, 0x0C, 0x60, 0xC0, 0x1C, 0x21, 0x87, 0x18, 0x3F, 0x01, 0xC0, 0x03,
    0xFE, 0x03, 0xFE, 0x01, 0x18, 0x03, 0x18, 0x03, 0x38, 0x02, 0x38, 0x06, 0x30, 0x06, 0x30, 0x04,
    0x30, 0x0C, 0x70, 0x0C, 0x70, 0x18, 0x60, 0xF0, 0x60, 0xF1, 0xF8, 0x00, 0x18, 0x00, 0x30, 0x00,
    0x30, 0x00, 0x60, 0x00, 0x00, 0x3E, 0x06, 0x60, 0x46, 0x0C, 0xE0, 0xCC, 0x08, 0xC1, 0x8C, 0x10,
    0xCF, 0x1C, 0xE0, 0xF0, 0x02, 0x00, 0x60, 0x04, 0x00, 0xC0, 0x0F, 0x8F, 0x8F, 0xCF, 0xC1, 0x81,
    0x81, 0xC1, 0xC0, 0xE0, 0xE0, 0x60, 0x60, 0x3F, 0xF0, 0x1F, 0xF8, 0x1C, 0x1C, 0x0C, 0x0C, 0x06,
    0x06, 0x03, 0x03, 0x03, 0x83, 0x87, 0xE1, 0xC0, 0x00, 0xC0, 0x20, 0xE0, 0x38, 0x60, 0x0F, 0xE0,
    0x03, 0xC0, 0x00, 0x00, 0x0F, 0x0C, 0xE3, 0x98, 0x73, 0x0C, 0x7F, 0x8F, 0xF3, 0x8E, 0x61, 0x8C,
    0x31, 0x86, 0x01, 0xC4, 0x39, 0xC6, 0x1F, 0x81, 0xC0, 0x0F, 0x8F, 0x8F, 0xCF, 0xC1, 0x81, 0x81,
    0xC1, 0xC0, 0xE0, 0xE0, 0x60, 0x60, 0x3F, 0xF0, 0x1F, 0xF8, 0x1C, 0x1C, 0x0C, 0x0C, 0x06, 0x06,
    0x03, 0x03, 0x03, 0x83, 0x87, 0xE7, 0xF0, 0x00, 0x10, 0x00, 0x18, 0x00, 0x18, 0x00, 0x0C, 0x00,
    0x00, 0x07, 0x86, 0x38, 0xE3, 0x0E, 0x30, 0xC3, 0xFC, 0x3F, 0xC7, 0x1C, 0x61, 0xC6, 0x1C, 0x61,
    0xE0, 0x06, 0x00, 0x60, 0x0C, 0x00, 0xC0, 0x7C, 0x7D, 0xF3, 0xF3, 0x03, 0x0C, 0x1C, 0x70, 0x71,
    0xC1, 0x87, 0x06, 0x1C, 0x78, 0x3F, 0xE0, 0x03, 0x00, 0x0C, 0x00, 0x30, 0x01, 0xC0, 0x1F, 0x80,
    0x70, 0x01, 0x80, 0x04, 0x00, 0x30, 0x00, 0x00, 0x0E, 0x1C, 0xC3, 0x18, 0x63, 0x0C, 0xE3, 0x8F,
    0xF0, 0xEC, 0x01, 0x80, 0x30, 0x1F, 0x07, 0x00, 0xC0, 0x18, 0x02, 0x00, 0x0F, 0x01, 0xE1, 0xF0,
    0x1E, 0x07, 0x03, 0xC0, 0xF0, 0x38, 0x0F, 0x87, 0x80, 0xF8, 0xD8, 0x0B, 0x89, 0x80, 0x99, 0xB8,
    0x19, 0x93, 0x01, 0x9B, 0x30, 0x19, 0xE3, 0x01, 0x1E, 0x70, 0x31, 0xC7, 0x07, 0xC8, 0xF8, 0x00,
    0x01, 0x80, 0x00, 0x18, 0x00, 0x03, 0x00, 0x00, 0x30, 0x00, 0x00, 0x07, 0x83, 0x81, 0xC1, 0xC0,
    0xE1, 0xE0, 0xF1, 0xE0, 0x79, 0xB0, 0x2E, 0x98, 0x37, 0xDC, 0x11, 0xCE, 0x78, 0xC7, 0x38, 0x63,
    0xC0, 0x00, 0x60, 0x00, 0x30, 0x00, 0x30, 0x00, 0x18, 0x0F, 0x8F, 0xC1, 0x81, 0xC0, 0xE0, 0x60,
    0x30, 0x18, 0x1C, 0x0C, 0x06, 0x03, 0x03, 0x87, 0xE0, 0x00, 0x00, 0x0C, 0x40, 0x1F, 0x00, 0x1C,
    0x00, 0x02, 0x00, 0x0E, 0x00, 0x3C, 0x00, 0x78, 0x01, 0xB0, 0x02, 0x60, 0x0C, 0xC0, 0x31, 0x80,
    0x7F, 0x81, 0xFF, 0x02, 0x06, 0x0C, 0x0C, 0x38, 0x18, 0xF8, 0xF8, 0x00, 0x0C, 0x41, 0xF8, 0x1C,
    0x00, 0x00, 0x1F, 0x86, 0x31, 0x8E, 0x71, 0xCC, 0x31, 0x86, 0x31, 0xC6, 0x38, 0xCF, 0x1E, 0x78,
    0x00, 0x00, 0xCC, 0x01, 0xB8, 0x00, 0x00, 0x01, 0x00, 0x07, 0x00, 0x1E, 0x00, 0x3C, 0x00, 0xD8,
    0x01, 0x30, 0x06, 0x60, 0x18, 0xC0, 0x3F, 0xC0, 0xFF, 0x81, 0x03, 0x06, 0x06, 0x1C, 0x0C, 0x7C,
    0x7C, 0x0D, 0x81, 0xB0, 0x00, 0x00, 0x00, 0xFC, 0x31, 0x8C, 0x73, 0x8E, 0x61, 0x8C, 0x31, 0x8E,
    0x31, 0xC6, 0x78, 0xF3, 0xC0, 0x00, 0x00, 0x3F, 0xF0, 0x03, 0xFF, 0x80, 0x0F, 0x0C, 0x00, 0xF8,
    0x60, 0x0D, 0xC0, 0x00, 0x4C, 0x00, 0x06, 0x7E, 0x00, 0x63, 0xF0, 0x07, 0xF8, 0x00, 0x3F, 0xC0,
    0x03, 0x0C, 0x00, 0x30, 0x60, 0xC3, 0x87, 0x0C, 0x3E, 0x7F, 0xE0, 0x00, 0x00, 0x3F, 0xFC, 0xE3,
    0x99, 0x86, 0x37, 0x1C, 0xEC, 0x3F, 0x98, 0x7C, 0x31, 0xC0, 0x63, 0x80, 0xEF, 0x98, 0xF3, 0xE0,
    0x00, 0x00, 0x00, 0x00, 0x44, 0x07, 0xE0, 0x1E, 0x00, 0xFF, 0x8F, 0xFC, 0x18, 0x61, 0xC3, 0x0E,
    0x00, 0x60, 0x03, 0xF0, 0x1F, 0x81, 0xC0, 0x0C, 0x00, 0x60, 0x03, 0x06, 0x38, 0x67, 0xFF, 0x00,
    0x00, 0x33, 0x1F, 0x0F, 0x00, 0x00, 0xFC, 0xE6, 0x63, 0x73, 0xBF, 0x9F, 0x0C, 0x06, 0x03, 0x98,
    0xF8, 0x00, 0x07, 0x81, 0xFE, 0x10, 0x60, 0x07, 0x00, 0x30, 0x03, 0x01, 0xF1, 0xFF, 0x78, 0x76,
    0x06, 0xE0, 0xEE, 0x0C, 0x63, 0x87, 0xF0, 0x00, 0x00, 0x00, 0x1F, 0x19, 0xC0, 0x70, 0x38, 0xFD,
    0xEC, 0xC6, 0xE7, 0x73, 0x1F, 0x00, 0x00, 0x06, 0x60, 0x66, 0x00, 0x00, 0x78, 0x1F, 0xE1, 0x06,
    0x00, 0x70, 0x03, 0x00, 0x30, 0x1F, 0x1F, 0xF7, 0x87, 0x60, 0x6E, 0x0E, 0xE0, 0xC6, 0x38, 0x7F,
    0x00, 0x00, 0x19, 0x8D, 0xC0, 0x00, 0x03, 0xE3, 0x38, 0x0E, 0x07, 0x1F, 0xBD, 0x98, 0xDC, 0xEE,
    0x63, 0xE0, 0x00, 0x00, 0x33, 0x00, 0x00, 0xCC, 0x00, 0x00, 0x00, 0x03, 0xCF, 0x8E, 0x0F, 0x3E,
    0x78, 0x0C, 0x71, 0xC0, 0x31, 0x86, 0x00, 0x46, 0x30, 0x01, 0x99, 0x80, 0x07, 0xFC, 0x00, 0x3F,
    0xF0, 0x00, 0xCC, 0xE0, 0x07, 0x33, 0x80, 0x38, 0xC6, 0x01, 0xC7, 0x1C, 0x0E, 0x1C, 0x30, 0x71,
    0xF8, 0xF0, 0x00, 0xCC, 0x00, 0x19, 0x80, 0x00, 0x00, 0x00, 0x00, 0x43, 0xE7, 0x3C, 0x4C, 0xCC,
    0xC1, 0x99, 0x90, 0x3B, 0x60, 0x07, 0xFC, 0x00, 0xFF, 0x80, 0x1B, 0x30, 0x27, 0x66, 0x0E, 0xCC,
    0xC8, 0xF3, 0x9F, 0x00, 0x00, 0x00, 0x0C, 0xC1, 0xB8, 0x00, 0x07, 0x81, 0xFC, 0x61, 0x8C, 0x38,
    0x06, 0x01, 0xC1, 0xF0, 0x3E, 0x00, 0xE0, 0x1C, 0x83, 0xB0, 0x77, 0x1C, 0x7F, 0x00, 0x00, 0x1B,
    0x0D, 0x80, 0x00, 0x03, 0xF3, 0x19, 0x8C, 0x06, 0x1E, 0x0F, 0x00, 0xD8, 0x6C, 0x77, 0xF0, 0x00,
    0x1F, 0xE1, 0xFE, 0x10, 0xC1, 0x18, 0x03, 0x00, 0x60, 0x0F, 0x00, 0xF8, 0x01, 0xC0, 0x0C, 0x41,
    0xCC, 0x1C, 0xE3, 0x87, 0xF0, 0x00, 0x00, 0x00, 0x03, 0xFC, 0x7F, 0x08, 0xC0, 0x30, 0x0C, 0x03,
    0x00, 0x78, 0x03, 0x80, 0x30, 0x06, 0x00, 0xCC, 0x19, 0x87, 0x3F, 0xC1, 0xE0, 0x00, 0xF8, 0x00,
    0x3E, 0x00, 0xF8, 0xF8, 0x7E, 0x3E, 0x06, 0x06, 0x03, 0x83, 0x80, 0xE1, 0xE0, 0x30, 0xF8, 0x0C,
    0x6C, 0x03, 0x33, 0x01, 0xF8, 0xC0, 0x78, 0x70, 0x1C, 0x18, 0x06, 0x06, 0x03, 0x81, 0x81, 0xF1,
    0xF8, 0x1F, 0x87, 0xE0, 0x03, 0xC6, 0x71, 0x98, 0x66, 0x19, 0x8E, 0xE3, 0x38, 0xCC, 0x73, 0xAC,
    0xFB, 0xC0, 0x00, 0x00, 0xD8, 0x00, 0x36, 0x00, 0x00, 0x00, 0x3E, 0x3E, 0x1F, 0x8F, 0x81, 0x81,
    0x80, 0xE0, 0xE0, 0x38, 0x78, 0x0C, 0x3E, 0x03, 0x1B, 0x00, 0xCC, 0xC0, 0x7E, 0x30, 0x1E, 0x1C,
    0x07, 0x06, 0x01, 0x81, 0x80, 0xE0, 0x60, 0x7C, 0x7E, 0x00, 0x19, 0x86, 0x60, 0x00, 0x00, 0xF1,
    0x9C, 0x66, 0x19, 0x86, 0x63, 0xB8, 0xCE, 0x33, 0x1C, 0xEB, 0x3E, 0xF0, 0x00, 0x03, 0x30, 0x0C,
    0xC0, 0x00, 0x00, 0xF0, 0x0F, 0xF0, 0x70, 0xE1, 0x81, 0x8C, 0x06, 0x70, 0x1D, 0xC0, 0x76, 0x01,
    0x98, 0x0E, 0x60, 0x39, 0x80, 0xC7, 0x06, 0x0C, 0x38, 0x1F, 0x80, 0x00, 0x00, 0x0D, 0x83, 0x60,
    0x00, 0x00, 0x1F, 0x8E, 0x73, 0x0D, 0xC3, 0x60, 0xD8, 0x76, 0x1D, 0x86, 0x63, 0x0F, 0x80, 0x00,
    0x03, 0xC0, 0x3F, 0xC1, 0xC3, 0x86, 0x06, 0x30, 0x19, 0xC0, 0x77, 0xFF, 0xDF, 0xFE, 0x60, 0x39,
    0x80, 0xE6, 0x03, 0x1C, 0x18, 0x30, 0xE0, 0x7E, 0x00, 0x00, 0x00, 0x00, 0x07, 0xE3, 0x9C, 0xC3,
    0x70, 0xDF, 0xF7, 0xFD, 0x87, 0x61, 0x98, 0xC3, 0xE0, 0x00, 0x03, 0x30, 0x0C, 0xC0, 0x00, 0x00,
    0xF0, 0x0F, 0xF0, 0x70, 0xE1, 0x81, 0x8C, 0x06, 0x70, 0x1D, 0xFF, 0xF7, 0xFF, 0x98, 0x0E, 0x60,
    0x39, 0x80, 0xC7, 0x06, 0x0C, 0x38, 0x1F, 0x80, 0x00, 0x00, 0x0D, 0x83, 0x60, 0x00, 0x00, 0x1F,
    0x8E, 0x73, 0x0D, 0xC3, 0x7F, 0xDF, 0xF6, 0x1D, 0x86, 0x63, 0x0F, 0x80, 0x00, 0x0C, 0xC0, 0xDC,
    0x00, 0x00, 0xF0, 0x1F, 0xC3, 0x0E, 0x30, 0x60, 0x06, 0x00, 0x60, 0xFE, 0x0F, 0xE0, 0x0E, 0x00,
    0xE4, 0x0C, 0xC1, 0xCE, 0x38, 0x7E, 0x00, 0x00, 0x1B, 0x0D, 0x80, 0x00, 0x03, 0xF3, 0x19, 0x8E,
    0x07, 0x1F, 0x8F, 0xC0, 0xD8, 0xEC, 0x67, 0xE0, 0x00, 0x07, 0xC0, 0x7E, 0x1F, 0x1E, 0xF9, 0xF3,
    0x06, 0x1C, 0x30, 0xE3, 0x03, 0x10, 0x19, 0x80, 0xE8, 0x07, 0xC0, 0x1C, 0x00, 0xC0, 0x06, 0x01,
    0xE0, 0x0E, 0x00, 0x00, 0x00, 0x01, 0xF8, 0x07, 0xE0, 0x00, 0x03, 0x86, 0x07, 0x1C, 0x1C, 0x60,
    0x31, 0x80, 0xC6, 0x03, 0x90, 0x06, 0xC0, 0x1E, 0x00, 0x78, 0x00, 0xC0, 0x06, 0x00, 0x38, 0x01,
    0xC0, 0x7E, 0x01, 0xE0, 0x00, 0x06, 0xC0, 0x36, 0x00, 0x00, 0xF8, 0xF7, 0xCF, 0x98, 0x30, 0xE1,
    0x87, 0x18, 0x18, 0x80, 0xCC, 0x07, 0x40, 0x3E, 0x00, 0xE0, 0x06, 0x00, 0x30, 0x0F, 0x00, 0x70,
    0x00, 0x00, 0x00, 0x01, 0xB0, 0x06, 0xC0, 0x00, 0x00, 0x00, 0x0E, 0x18, 0x1C, 0x70, 0x71, 0x80,
    0xC6, 0x03, 0x18, 0x0E, 0x40, 0x1B, 0x00, 0x78, 0x01, 0xE0, 0x03, 0x00, 0x18, 0x00, 0xE0, 0x07,
    0x01, 0xF8, 0x07, 0x80, 0x00, 0x01, 0xB0, 0x1B, 0x81, 0x98, 0x09, 0x07, 0xC7, 0xBE, 0x7C, 0xC1,
    0x87, 0x0C, 0x38, 0xC0, 0xC4, 0x06, 0x60, 0x3A, 0x01, 0xF0, 0x07, 0x00, 0x30, 0x01, 0x80, 0x78,
    0x03, 0x80, 0x00, 0x00, 0x00, 0x6C, 0x01, 0xD8, 0x07, 0x60, 0x09, 0x80, 0x00, 0x01, 0xC3, 0x01,
    0xC7, 0x03, 0x8C, 0x03, 0x18, 0x06, 0x30, 0x0E, 0x40, 0x0D, 0x80, 0x1E, 0x00, 0x3C, 0x00, 0x30,
    0x00, 0xC0, 0x03, 0x80, 0x0E, 0x01, 0xF8, 0x03, 0xC0, 0x00, 0x06, 0x60, 0x0C, 0xC0, 0x00, 0x03,
    0xE3, 0xE7, 0xC7, 0xC7, 0x06, 0x0C, 0x0C, 0x18, 0x38, 0x30, 0x70, 0x60, 0xC0, 0xE3, 0x80, 0xFF,
    0x00, 0x0E, 0x00, 0x1C, 0x00, 0x30, 0x00, 0x60, 0x03, 0xF0, 0x0D, 0x81, 0xB0, 0x00, 0x00, 0x0F,
    0x1C, 0x63, 0x8C, 0x63, 0x8C, 0x71, 0x87, 0xF0, 0x6C, 0x01, 0x80, 0x30, 0x07, 0x80, 0x00, 0x0F,
    0xF8, 0xFF, 0xC1, 0x86, 0x1C, 0x20, 0xE0, 0x06, 0x00, 0x30, 0x01, 0x80, 0x1C, 0x00, 0xC0, 0x06,
    0x00, 0x30, 0x03, 0x80, 0x3F, 0x00, 0x38, 0x00, 0x80, 0x04, 0x00, 0x20, 0x00, 0x00, 0x3F, 0xCE,
    0x66, 0x33, 0x01, 0x80, 0xC0, 0xE0, 0x60, 0x30, 0x1E, 0x03, 0x01, 0x01, 0x83, 0xC0, 0x80, 0x00,
    0x66, 0x00, 0x06, 0xE0, 0x00, 0x00, 0x00, 0xF8, 0x3E, 0x1F, 0x83, 0xE0, 0x60, 0x18, 0x0E, 0x01,
    0x80, 0xE0, 0x38, 0x0E, 0x03, 0x80, 0xFC, 0x30, 0x0C, 0x63, 0x01, 0xC7, 0x30, 0x18, 0x77, 0x01,
    0x87, 0x70, 0x18, 0x66, 0x03, 0x9E, 0x60, 0x7F, 0x9F, 0x80, 0x03, 0x30, 0x0D, 0xC0, 0x00, 0x00,
    0x00, 0x78, 0x3C, 0xC0, 0x63, 0x01, 0x8C, 0x06, 0x3F, 0x39, 0xCE, 0xC6, 0x1B, 0x18, 0x6C, 0x73,
    0xB0, 0xFC, 0xF0, 0x00, 0x00, 0x0F, 0xF8, 0xFF, 0xC1, 0x86, 0x1C, 0x20, 0xE0, 0x06, 0x00, 0xFE,
    0x07, 0xF0, 0x1C, 0x00, 0xC0, 0x06, 0x00, 0x30, 0x03, 0x80, 0x3F, 0x00, 0x18, 0x00, 0x80, 0x3C,
    0x00, 0xC0, 0x00, 0x00, 0x3F, 0xCE, 0x66, 0x33, 0x07, 0xE3, 0xF0, 0xE0, 0x60, 0x30, 0x1E, 0x03,
    0x01, 0x83, 0x81, 0x80, 0x1F, 0x1C, 0x3E, 0x78, 0x38, 0x60, 0x39, 0x80, 0x76, 0x00, 0x78, 0x00,
    0xE0, 0x01, 0xC0, 0x07, 0x80, 0x1B, 0x80, 0x63, 0x00, 0x87, 0x03, 0x0E, 0x1F, 0x3F, 0x00, 0x06,
    0x00, 0x08, 0x00, 0xF0, 0x00, 0xC0, 0x00, 0x01, 0xC7, 0x0C, 0xC0, 0xD8, 0x07, 0x00, 0x70, 0x07,
    0x00, 0xF0, 0x1B, 0x83, 0x18, 0x71, 0xC0, 0x04, 0x00, 0xC0, 0x3C, 0x03, 0x80, 0x1F, 0x1C, 0x3E,
    0x78, 0x38, 0x60, 0x39, 0x80, 0x76, 0x00, 0x78, 0x07, 0xFC, 0x0F, 0xF8, 0x07, 0xC0, 0x1B, 0x80,
    0x63, 0x00, 0x87, 0x03, 0x0E, 0x1F, 0x3E, 0x00, 0x00, 0x01, 0xC7, 0x0C, 0xC0, 0xD8, 0x07, 0x03,
    0xFE, 0x07, 0x00, 0xF0, 0x1B, 0x83, 0x18, 0x71, 0xC0, 0x00, 0x20, 0x00, 0xE0, 0x03, 0xC0, 0x07,
    0x80, 0x1B, 0x00, 0x26, 0x00, 0xCC, 0x03, 0x18, 0x07, 0xF8, 0x1F, 0xF0, 0x20, 0x60, 0xC0, 0xC3,
    0x81, 0x8F, 0x8F, 0x80, 0x00, 0x01, 0x80, 0x03, 0x00, 0x00, 0x00, 0x00, 0x01, 0xF8, 0x63, 0x18,
    0xE7, 0x1C, 0xC3, 0x18, 0x63, 0x1C, 0x63, 0x8C, 0xF1, 0xE7, 0x80, 0x01, 0xC0, 0x30, 0x00, 0x00,
    0x00, 0x30, 0x00, 0xF0, 0x00, 0x60, 0x01, 0xC0, 0x02, 0x00, 0x04, 0x00, 0x1C, 0x00, 0x78, 0x00,
    0xF0, 0x03, 0x60, 0x04, 0xC0, 0x19, 0x80, 0x63, 0x00, 0xFF, 0x03, 0xFE, 0x04, 0x0C, 0x18, 0x18,
    0x70, 0x31, 0xF1, 0xF0, 0x03, 0x00, 0xF0, 0x02, 0x01, 0xC0, 0x20, 0x00, 0x03, 0xF0, 0xC6, 0x31,
    0xCE, 0x39, 0x86, 0x30, 0xC6, 0x38, 0xC7, 0x19, 0xE3, 0xCF, 0x00, 0x00, 0x00, 0x01, 0x00, 0x01,
    0x80, 0x1D, 0x00, 0x1F, 0x00, 0x08, 0x80, 0x01, 0x00, 0x01, 0xC0, 0x01, 0xE0, 0x00, 0xF0, 0x00,
    0xD8, 0x00, 0x4C, 0x00, 0x66, 0x00, 0x63, 0x00, 0x3F, 0xC0, 0x3F, 0xE0, 0x10, 0x30, 0x18, 0x18,
    0x1C, 0x0C, 0x1F, 0x1F, 0x00, 0x00, 0x00, 0x01, 0x81, 0xD8, 0x1F, 0x00, 0x88, 0x00, 0x00, 0x3F,
    0x03, 0x18, 0x31, 0xC3, 0x8E, 0x18, 0x60, 0xC3, 0x06, 0x38, 0x31, 0xC1, 0x9E, 0x0F, 0x3C, 0x00,
    0x00, 0x00, 0x00, 0x06, 0x00, 0x07, 0xC0, 0x07, 0xC0, 0x08, 0x80, 0x04, 0x00, 0x1C, 0x00, 0x78,
    0x00, 0xF0, 0x03, 0x60, 0x04, 0xC0, 0x19, 0x80, 0x63, 0x00, 0xFF, 0x03, 0xFE, 0x04, 0x0C, 0x18,
    0x18, 0x70, 0x31, 0xF1, 0xF0, 0x00, 0x06, 0x00, 0x7C, 0x07, 0xC0, 0x88, 0x00, 0x03, 0xF0, 0xC6,
    0x31, 0xCE, 0x39, 0x86, 0x30, 0xC6, 0x38, 0xC7, 0x19, 0xE3, 0xCF, 0x00, 0x00, 0x00, 0x00, 0x00,
    0x0E, 0x00, 0x06, 0x00, 0x74, 0x00, 0xF8, 0x00, 0x88, 0x00, 0x20, 0x00, 0x70, 0x00, 0xF0, 0x00,
    0xF0, 0x01, 0xB0, 0x01, 0x30, 0x03, 0x30, 0x06, 0x30, 0x07, 0xF8, 0x0F, 0xF8, 0x08, 0x18, 0x18,
    0x18, 0x38, 0x18, 0x7C, 0x7C, 0x00, 0x00, 0x0F, 0x00, 0x20, 0x74, 0x0F, 0x80, 0x88, 0x00, 0x00,
    0xFC, 0x18, 0xC3, 0x1C, 0x71, 0xC6, 0x18, 0x61, 0x86, 0x38, 0x63, 0x86, 0x78, 0x79, 0xE0, 0x00,
    0x00, 0x64, 0x01, 0xF8, 0x02, 0x60, 0x03, 0x80, 0x0F, 0x80, 0x11, 0x00, 0x08, 0x00, 0x38, 0x00,
    0xF0, 0x01, 0xE0, 0x06, 0xC0, 0x09, 0x80, 0x33, 0x00, 0xC6, 0x01, 0xFE, 0x07, 0xFC, 0x08, 0x18,
    0x30, 0x30, 0xE0, 0x63, 0xE3, 0xE0, 0x06, 0x41, 0xF8, 0x26, 0x03, 0x80, 0xF8, 0x11, 0x00, 0x00,
    0x7E, 0x18, 0xC6, 0x39, 0xC7, 0x30, 0xC6, 0x18, 0xC7, 0x18, 0xE3, 0x3C, 0x79, 0xE0, 0x00, 0x00,
    0x30, 0x00, 0xE0, 0x03, 0x60, 0x04, 0x40, 0x02, 0x00, 0x0E, 0x00, 0x3C, 0x00, 0x78, 0x01, 0xB0,
    0x02, 0x60, 0x0C, 0xC0, 0x31, 0x80, 0x7F, 0x81, 0xFF, 0x02, 0x06, 0x0C, 0x0C, 0x38, 0x18, 0xF8,
    0xF8, 0x00, 0x00, 0x18, 0x00, 0x30, 0x00, 0x00, 0x00, 0x03, 0x00, 0xF0, 0x3E, 0x04, 0x40, 0x00,
    0x1F, 0x86, 0x31, 0x8E, 0x71, 0xCC, 0x31, 0x86, 0x31, 0xC6, 0x38, 0xCF, 0x1E, 0x78, 0x00, 0x1C,
    0x03, 0x80, 0x00, 0x00, 0x00, 0x18, 0x00, 0x60, 0x03, 0x30, 0x07, 0xC0, 0x07, 0x00, 0x04, 0x00,
    0x1C, 0x00, 0x78, 0x00, 0xF0, 0x03, 0x60, 0x04, 0xC0, 0x19, 0x80, 0x63, 0x00, 0xFF, 0x03, 0xFE,
    0x04, 0x0C, 0x18, 0x18, 0x70, 0x31, 0xF1, 0xF0, 0x00, 0xC0, 0x30, 0x33, 0x03, 0xC0, 0x70, 0x00,
    0x03, 0xF0, 0xC6, 0x31, 0xCE, 0x39, 0x86, 0x30, 0xC6, 0x38, 0xC7, 0x19, 0xE3, 0xCF, 0x00, 0x00,
    0x00, 0x60, 0x00, 0x40, 0x03, 0x30, 0x07, 0xC0, 0x07, 0x00, 0x04, 0x00, 0x1C, 0x00, 0x78, 0x00,
    0xF0, 0x03, 0x60, 0x04, 0xC0, 0x19, 0x80, 0x63, 0x00, 0xFF, 0x03, 0xFE, 0x04, 0x0C, 0x18, 0x18,
    0x70, 0x31, 0xF1, 0xF0, 0x06, 0x00, 0x60, 0x33, 0x03, 0xC0, 0x70, 0x00, 0x03, 0xF0, 0xC6, 0x31,
    0xCE, 0x39, 0x86, 0x30, 0xC6, 0x38, 0xC7, 0x19, 0xE3, 0xCF, 0x00, 0x00, 0x00, 0x30, 0x00, 0x70,
    0x00, 0xC0, 0x06, 0x60, 0x0F, 0x80, 0x0E, 0x00, 0x08, 0x00, 0x38, 0x00, 0xF0, 0x01, 0xE0, 0x06,
    0xC0, 0x09, 0x80, 0x33, 0x00, 0xC6, 0x01, 0xFE, 0x07, 0xFC, 0x08, 0x18, 0x30, 0x30, 0xE0, 0x63,
    0xE3, 0xE0, 0x03, 0x00, 0x70, 0x06, 0x06, 0x60, 0x78, 0x0E, 0x00, 0x00, 0x7E, 0x18, 0xC6, 0x39,
    0xC7, 0x30, 0xC6, 0x18, 0xC7, 0x18, 0xE3, 0x3C, 0x79, 0xE0, 0x00, 0x00, 0x64, 0x01, 0xF8, 0x02,
    0x20, 0x06, 0x60, 0x0F, 0x80, 0x0E, 0x00, 0x08, 0x00, 0x38, 0x00, 0xF0, 0x01, 0xE0, 0x06, 0xC0,
    0x09, 0x80, 0x33, 0x00, 0xC6, 0x01, 0xFE, 0x07, 0xFC, 0x08, 0x18, 0x30, 0x30, 0xE0, 0x63, 0xE3,
    0xE0, 0x06, 0x20, 0xF8, 0x22, 0x06, 0x60, 0x78, 0x0E, 0x00, 0x00, 0x7E, 0x18, 0xC6, 0x39, 0xC7,
    0x30, 0xC6, 0x18, 0xC7, 0x18, 0xE3, 0x3C, 0x79, 0xE0, 0x00, 0x00, 0x8C, 0x01, 0xF0, 0x01, 0xC0,
    0x01, 0x00, 0x07, 0x00, 0x1E, 0x00, 0x3C, 0x00, 0xD8, 0x01, 0x30, 0x06, 0x60, 0x18, 0xC0, 0x3F,
    0xC0, 0xFF, 0x81, 0x03, 0x06, 0x06, 0x1C, 0x0C, 0x7C, 0x7C, 0x00, 0x00, 0x0C, 0x00, 0x18, 0x00,
    0x10, 0x00, 0x08, 0xC1, 0xF0, 0x1C, 0x00, 0x00, 0xFC, 0x31, 0x8C, 0x73, 0x8E, 0x61, 0x8C, 0x31,
    0x8E, 0x31, 0xC6, 0x78, 0xF3, 0xC0, 0x00, 0xC0, 0x18, 0x02, 0x00, 0x0F, 0xF8, 0xFF, 0xC1, 0x86,
    0x1C, 0x30, 0xE0, 0x06, 0x00, 0x3F, 0x01, 0xF8, 0x1C, 0x00, 0xC0, 0x06, 0x00, 0x30, 0x63, 0x86,
    0x7F, 0xF0, 0x00, 0x01, 0x80, 0x0E, 0x00, 0x20, 0x00, 0x00, 0x0F, 0xCE, 0x66, 0x37, 0x3B, 0xF9,
    0xF0, 0xC0, 0x60, 0x39, 0x8F, 0x80, 0x03, 0x01, 0x80, 0x40, 0x00, 0xC0, 0x0F, 0x00, 0x18, 0x01,
    0x80, 0x08, 0x07, 0xFC, 0x7F, 0xE0, 0xC3, 0x0E, 0x18, 0x70, 0x03, 0x00, 0x1F, 0x80, 0xFC, 0x0E,
    0x00, 0x60, 0x03, 0x00, 0x18, 0x31, 0xC3, 0x3F, 0xF8, 0x03, 0x03, 0xC0, 0x60, 0xE0, 0x60, 0x00,
    0x7E, 0x73, 0x31, 0xB9, 0xDF, 0xCF, 0x86, 0x03, 0x01, 0xCC, 0x7C, 0x00, 0x00, 0x03, 0x90, 0x1F,
    0x81, 0x18, 0x1F, 0xF1, 0xFF, 0x83, 0x0C, 0x38, 0x61, 0xC0, 0x0C, 0x00, 0x7E, 0x03, 0xF0, 0x38,
    0x01, 0x80, 0x0C, 0x00, 0x60, 0xC7, 0x0C, 0xFF, 0xE0, 0x0E, 0x47, 0xF1, 0x38, 0x00, 0x1F, 0x8E,
    0x63, 0x19, 0xCE, 0x7F, 0x1F, 0x06, 0x01, 0x80, 0x73, 0x0F, 0x80, 0x00, 0x00, 0x04, 0x00, 0x18,
    0x03, 0xE0, 0x0F, 0x00, 0x23, 0x01, 0xFF, 0x07, 0xFE, 0x03, 0x0C, 0x0E, 0x18, 0x1C, 0x00, 0x30,
    0x00, 0x7E, 0x00, 0xFC, 0x03, 0x80, 0x06, 0x00, 0x0C, 0x00, 0x18, 0x30, 0x70, 0xC3, 0xFF, 0x80,
    0x00, 0x00, 0x01, 0x81, 0xD0, 0x1F, 0x00, 0x88, 0x00, 0x00, 0x7E, 0x07, 0x30, 0x31, 0x83, 0x9C,
    0x1F, 0xC0, 0xF8, 0x06, 0x00, 0x30, 0x01, 0xCC, 0x07, 0xC0, 0x00, 0x00, 0x04, 0x00, 0x30, 0x00,
    0xB8, 0x03, 0xC0, 0x23, 0x07, 0xFC, 0x7F, 0xE0, 0xC3, 0x0E, 0x18, 0x70, 0x03, 0x00, 0x1F, 0x80,
    0xFC, 0x0E, 0x00, 0x60, 0x03, 0x00, 0x18, 0x31, 0xC3, 0x3F, 0xF8, 0x00, 0x0C, 0x01, 0xF0, 0x3E,
    0x08, 0x80, 0x01, 0xF8, 0xE6, 0x31, 0x9C, 0xE7, 0xF1, 0xF0, 0x60, 0x18, 0x07, 0x30, 0xF8, 0x00,
    0x00, 0x00, 0x00, 0x00, 0x70, 0x00, 0xC0, 0x3C, 0x01, 0xE0, 0x08, 0xC0, 0xFF, 0x87, 0xFE, 0x06,
    0x18, 0x38, 0x60, 0xE0, 0x03, 0x00, 0x0F, 0xC0, 0x3F, 0x01, 0xC0, 0x06, 0x00, 0x18, 0x00, 0x60,
    0xC3, 0x86, 0x3F, 0xF8, 0x00, 0x00, 0x0E, 0x00, 0x60, 0x74, 0x0F, 0x80, 0x88, 0x00, 0x01, 0xF8,
    0x39, 0x83, 0x18, 0x73, 0x87, 0xF0, 0x7C, 0x06, 0x00, 0x60, 0x07, 0x30, 0x3E, 0x00, 0x00, 0x01,
    0xC8, 0x0F, 0x80, 0x08, 0x01, 0xC0, 0x1E, 0x01, 0x18, 0x3F, 0xE3, 0xFF, 0x06, 0x18, 0x70, 0xC3,
    0x80, 0x18, 0x00, 0xFC, 0x07, 0xE0, 0x70, 0x03, 0x00, 0x18, 0x00, 0xC1, 0x8E, 0x19, 0xFF, 0xC0,
    0x06, 0x41, 0xF8, 0x26, 0x03, 0x80, 0xF8, 0x11, 0x00, 0x00, 0xFC, 0x39, 0x86, 0x31, 0xCE, 0x3F,
    0x87, 0xC0, 0xC0, 0x18, 0x03, 0x98, 0x3E, 0x00, 0x00, 0x00, 0x40, 0x07, 0x00, 0x78, 0x04, 0x60,
    0xFF, 0x8F, 0xFC, 0x18, 0x61, 0xC3, 0x0E, 0x00, 0x60, 0x03, 0xF0, 0x1F, 0x81, 0xC0, 0x0C, 0x00,
    0x60, 0x03, 0x06, 0x38, 0x67, 0xFF, 0x00, 0x00, 0x18, 0x00, 0xE0, 0x02, 0x00, 0x03, 0x01, 0xC0,
    0xD8, 0x22, 0x00, 0x07, 0xE3, 0x98, 0xC6, 0x73, 0x9F, 0xC7, 0xC1, 0x80, 0x60, 0x1C, 0xC3, 0xE0,
    0x00, 0x30, 0x0C, 0x01, 0x00, 0x03, 0x03, 0xC0, 0x60, 0x60, 0x60, 0x7C, 0x7E, 0x0C, 0x0E, 0x07,
    0x03, 0x01, 0x80, 0xC0, 0xE0, 0x60, 0x30, 0x18, 0x1C, 0x3F, 0x00, 0x19, 0xF0, 0xCE, 0x30, 0x0F,
    0x1C, 0x61, 0x86, 0x18, 0xE3, 0x0C, 0x3C, 0x00, 0x0F, 0x8F, 0xC1, 0x81, 0xC0, 0xE0, 0x60, 0x30,
    0x18, 0x1C, 0x0C, 0x06, 0x03, 0x03, 0x87, 0xE0, 0x00, 0x60, 0x30, 0x10, 0x00, 0x00, 0x71, 0x80,
    0x01, 0xE3, 0x8C, 0x30, 0xC3, 0x1C, 0x61, 0x87, 0x80, 0xC3, 0x84, 0x00, 0x03, 0xC0, 0x3F, 0xC1,
    0xC3, 0x86, 0x06, 0x30, 0x19, 0xC0, 0x77, 0x01, 0xD8, 0x06, 0x60, 0x39, 0x80, 0xE6, 0x03, 0x1C,
    0x18, 0x30, 0xE0, 0x7E, 0x00, 0x00, 0x03, 0x80, 0x0E, 0x00, 0x10, 0x00, 0x00, 0x07, 0xE3, 0x9C,
    0xC3, 0x70, 0xD8, 0x36, 0x1D, 0x87, 0x61, 0x98, 0xC3, 0xE0, 0x00, 0x18, 0x06, 0x01, 0x00, 0x00,
    0xE0, 0x07, 0xC0, 0x03, 0x00, 0x38, 0x00, 0x80, 0x0F, 0x00, 0xFF, 0x07, 0x0E, 0x18, 0x18, 0xC0,
    0x67, 0x01, 0xDC, 0x07, 0x60, 0x19, 0x80, 0xE6, 0x03, 0x98, 0x0C, 0x70, 0x60, 0xC3, 0x81, 0xF8,
    0x00, 0x00, 0x03, 0x01, 0xE0, 0x08, 0x0E, 0x02, 0x00, 0x01, 0xF8, 0xE7, 0x30, 0xDC, 0x36, 0x0D,
    0x87, 0x61, 0xD8, 0x66, 0x30, 0xF8, 0x00, 0x00, 0x00, 0x04, 0x00, 0x18, 0x07, 0xE0, 0x1F, 0x00,
    0x22, 0x00, 0x78, 0x03, 0xFC, 0x0E, 0x1C, 0x18, 0x18, 0x60, 0x31, 0xC0, 0x73, 0x80, 0xE6, 0x01,
    0x8C, 0x07, 0x18, 0x0E, 0x30, 0x18, 0x70, 0x60, 0x61, 0xC0, 0x7E, 0x00, 0x00, 0x00, 0x00, 0x00,
    0x01, 0x81, 0xD8, 0x1F, 0x00, 0x88, 0x00, 0x00, 0x7E, 0x07, 0x38, 0x30, 0xC3, 0x86, 0x18, 0x30,
    0xC3, 0x86, 0x1C, 0x30, 0xC1, 0x8C, 0x07, 0xC0, 0x00, 0x00, 0x04, 0x00, 0x10, 0x00, 0x3E, 0x00,
    0xF8, 0x02, 0x20, 0x0F, 0x00, 0xFF, 0x07, 0x0E, 0x18, 0x18, 0xC0, 0x67, 0x01, 0xDC, 0x07, 0x60,
    0x19, 0x80, 0xE6, 0x03, 0x98, 0x0C, 0x70, 0x60, 0xC3, 0x81, 0xF8, 0x00, 0x00, 0x00, 0x0C, 0x01,
    0xF0, 0x3E, 0x08, 0x80, 0x01, 0xF8, 0xE7, 0x30, 0xDC, 0x36, 0x0D, 0x87, 0x61, 0xD8, 0x66, 0x30,
    0xF8, 0x00, 0x00, 0x00, 0x00, 0x00, 0x70, 0x01, 0xC0, 0x7C, 0x03, 0xE0, 0x08, 0x80, 0x3C, 0x03,
    0xFC, 0x1C, 0x38, 0x60, 0x63, 0x01, 0x9C, 0x07, 0x70, 0x1D, 0x80, 0x66, 0x03, 0x98, 0x0E, 0x60,
    0x31, 0xC1, 0x83, 0x0E, 0x07, 0xE0, 0x00, 0x00, 0x00, 0x00, 0x0E, 0x00, 0x20, 0x74, 0x0F, 0x80,
    0x88, 0x00, 0x01, 0xF8, 0x39, 0xC3, 0x0C, 0x70, 0xC6, 0x0C, 0x61, 0xC6, 0x1C, 0x61, 0x86, 0x30,
    0x3E, 0x00, 0x00, 0x01, 0xD8, 0x0F, 0xC0, 0x02, 0x00, 0x78, 0x03, 0xE0, 0x08, 0x80, 0x3C, 0x03,
    0xFC, 0x1C, 0x38, 0x60, 0x63, 0x01, 0x9C, 0x07, 0x70, 0x1D, 0x80, 0x66, 0x03, 0x98, 0x0E, 0x60,
    0x31, 0xC1, 0x83, 0x0E, 0x07, 0xE0, 0x00, 0x00, 0x06, 0x41, 0xF8, 0x26, 0x03, 0x80, 0xF8, 0x11,
    0x00, 0x00, 0xFC, 0x39, 0xC6, 0x19, 0xC3, 0x30, 0x66, 0x1C, 0xC3, 0x98, 0x63, 0x18, 0x3E, 0x00,
    0x00, 0x00, 0xC0, 0x07, 0x80, 0x3E, 0x00, 0x88, 0x03, 0xC0, 0x3F, 0xC1, 0xC3, 0x86, 0x06, 0x30,
    0x19, 0xC0, 0x77, 0x01, 0xD8, 0x06, 0x60, 0x39, 0x80, 0xE6, 0x03, 0x1C, 0x18, 0x30, 0xE0, 0x7E,
    0x00, 0x00, 0x03, 0x80, 0x0E, 0x00, 0x10, 0x00, 0x03, 0x01, 0xC0, 0xF8, 0x22, 0x00, 0x07, 0xE3,
    0x9C, 0xC3, 0x70, 0xD8, 0x36, 0x1D, 0x87, 0x61, 0x98, 0xC3, 0xE0, 0x00, 0x18, 0x06, 0x01, 0x00,
    0x00, 0x20, 0x00, 0x60, 0x00, 0xC0, 0x00, 0x82, 0x03, 0xC7, 0x0F, 0xF3, 0x1C, 0x3E, 0x18, 0x1C,
    0x30, 0x18, 0x70, 0x1C, 0x70, 0x1C, 0x60, 0x18, 0x60, 0x38, 0x60, 0x38, 0x60, 0x30, 0x70, 0x60,
    0x30, 0xE0, 0x1F, 0x80, 0x00, 0x00, 0x00, 0x80, 0x0C, 0x00, 0xC0, 0x04, 0x60, 0x03, 0x8F, 0xC8,
    0xE7, 0xC6, 0x18, 0x70, 0xC3, 0x06, 0x18, 0x70, 0xC3, 0x86, 0x18, 0x31, 0x80, 0xF8, 0x00, 0x00,
    0x01, 0x80, 0x01, 0x80, 0x00, 0xC0, 0x00, 0x42, 0x03, 0xC7, 0x0F, 0xF3, 0x1C, 0x3E, 0x18, 0x1C,
    0x30, 0x18, 0x70, 0x1C, 0x70, 0x1C, 0x60, 0x18, 0x60, 0x38, 0x60, 0x38, 0x60, 0x30, 0x70, 0x60,
    0x30, 0xE0, 0x1F, 0x80, 0x00, 0x00, 0x04, 0x00, 0x30, 0x01, 0x80, 0x06, 0x60, 0x03, 0x8F, 0xC8,
    0xE7, 0xC6, 0x18, 0x70, 0xC3, 0x06, 0x18, 0x70, 0xC3, 0x86, 0x18, 0x31, 0x80, 0xF8, 0x00, 0x00,
    0x00, 0xE0, 0x01, 0xF0, 0x00, 0x30, 0x00, 0xE0, 0x00, 0x82, 0x03, 0xC7, 0x0F, 0xF3, 0x1C, 0x3E,
    0x18, 0x1C, 0x30, 0x18, 0x70, 0x1C, 0x70, 0x1C, 0x60, 0x18, 0x60, 0x38, 0x60, 0x38, 0x60, 0x30,
    0x70, 0x60, 0x30, 0xE0, 0x1F, 0x80, 0x00, 0x00, 0x03, 0x00, 0x3C, 0x00, 0x20, 0x07, 0x00, 0x23,
    0x00, 0x1C, 0x7E, 0x47, 0x3E, 0x30, 0xC3, 0x86, 0x18, 0x30, 0xC3, 0x86, 0x1C, 0x30, 0xC1, 0x8C,
    0x07, 0xC0, 0x00, 0x00, 0x03, 0x90, 0x03, 0xF0, 0x00, 0x62, 0x03, 0xC7, 0x0F, 0xF3, 0x1C, 0x3E,
    0x18, 0x1C, 0x30, 0x18, 0x70, 0x1C, 0x70, 0x1C, 0x60, 0x18, 0x60, 0x38, 0x60, 0x38, 0x60, 0x30,
    0x70, 0x60, 0x30, 0xE0, 0x1F, 0x80, 0x00, 0x00, 0x0E, 0x40, 0xFE, 0x04, 0x6C, 0x00, 0x71, 0xF9,
    0x1C, 0xF8, 0xC3, 0x0E, 0x18, 0x60, 0xC3, 0x0E, 0x18, 0x70, 0xC3, 0x06, 0x30, 0x1F, 0x00, 0x00,
    0x00, 0x00, 0x02, 0x03, 0xC7, 0x0F, 0xF3, 0x1C, 0x3E, 0x18, 0x1C, 0x30, 0x18, 0x70, 0x1C, 0x70,
    0x1C, 0x60, 0x18, 0x60, 0x38, 0x60, 0x38, 0x60, 0x30, 0x70, 0x60, 0x30, 0xE0, 0x1F, 0x80, 0x00,
    0x00, 0x06, 0x00, 0x0E, 0x00, 0x04, 0x00, 0x00, 0x30, 0x01, 0xC7, 0xE4, 0x73, 0xE3, 0x0C, 0x38,
    0x61, 0x83, 0x0C, 0x38, 0x61, 0xC3, 0x0C, 0x18, 0xC0, 0x7C, 0x00, 0x00, 0x0C, 0x00, 0x60, 0x01,
    0x00, 0x7C, 0x7D, 0xF1, 0xF3, 0x83, 0x0C, 0x0C, 0x30, 0x30, 0xC0, 0x87, 0x06, 0x1C, 0x18, 0x60,
    0x61, 0x81, 0x86, 0x04, 0x18, 0x30, 0x71, 0x80, 0xFC, 0x00, 0x00, 0x06, 0x00, 0x1C, 0x00, 0x20,
    0x00, 0x00, 0x3C, 0x67, 0x19, 0x86, 0x61, 0x98, 0xEE, 0x33, 0x8C, 0xC7, 0x3A, 0xCF, 0xBC, 0x00,
    0x18, 0x0E, 0x01, 0x00, 0x01, 0xC0, 0x0F, 0x80, 0x06, 0x00, 0x70, 0x01, 0x01, 0xF1, 0xF7, 0xC7,
    0xCE, 0x0C, 0x30, 0x30, 0xC0, 0xC3, 0x02, 0x1C, 0x18, 0x70, 0x61, 0x81, 0x86, 0x06, 0x18, 0x10,
    0x60, 0xC1, 0xC6, 0x03, 0xF0, 0x00, 0x00, 0x02, 0x03, 0xE0, 0x18, 0x1C, 0x04, 0x00, 0x0F, 0x19,
    0xC6, 0x61, 0x98, 0x66, 0x3B, 0x8C, 0xE3, 0x31, 0xCE, 0xB3, 0xEF, 0x00, 0x00, 0x00, 0x60, 0x00,
    0xE0, 0x01, 0x80, 0x01, 0x06, 0x7C, 0x76, 0x7C, 0x76, 0x38, 0x36, 0x30, 0x38, 0x30, 0x30, 0x30,
    0x20, 0x70, 0x60, 0x70, 0x60, 0x60, 0x60, 0x60, 0x60, 0x60, 0x40, 0x60, 0xC0, 0x71, 0x80, 0x3F,
    0x00, 0x00, 0x00, 0x01, 0x80, 0x1C, 0x01, 0x80, 0x08, 0x60, 0x03, 0xF8, 0xC9, 0xC7, 0xCC, 0x38,
    0x61, 0x83, 0x1C, 0x38, 0xC1, 0xC6, 0x0C, 0x70, 0x75, 0x83, 0xEF, 0x00, 0x00, 0x02, 0x00, 0x03,
    0x00, 0x01, 0x80, 0x00, 0x86, 0x7C, 0x76, 0x7C, 0x76, 0x38, 0x36, 0x30, 0x38, 0x30, 0x30, 0x30,
    0x20, 0x70, 0x60, 0x70, 0x60, 0x60, 0x60, 0x60, 0x60, 0x60, 0x40, 0x60, 0xC0, 0x71, 0x80, 0x3F,
    0x00, 0x00, 0x00, 0x08, 0x00, 0x60, 0x01, 0x00, 0x0C, 0x60, 0x03, 0xF8, 0xC9, 0xC7, 0xCC, 0x38,
    0x61, 0x83, 0x1C, 0x38, 0xC1, 0xC6, 0x0C, 0x70, 0x75, 0x83, 0xEF, 0x00, 0x00, 0x01, 0xC0, 0x03,
    0xE0, 0x00, 0x60, 0x01, 0xC0, 0x01, 0x06, 0x7C, 0x76, 0x7C, 0x76, 0x38, 0x36, 0x30, 0x38, 0x30,
    0x30, 0x30, 0x20, 0x70, 0x60, 0x70, 0x60, 0x60, 0x60, 0x60, 0x60, 0x60, 0x40, 0x60, 0xC0, 0x71,
    0x80, 0x3F, 0x00, 0x00, 0x00, 0x02, 0x00, 0x7C, 0x00, 0x60, 0x0E, 0x00, 0x43, 0x00, 0x1F, 0xC6,
    0x4E, 0x3E, 0x61, 0xC3, 0x0C, 0x18, 0xE1, 0xC6, 0x0E, 0x30, 0x63, 0x83, 0xAC, 0x1F, 0x78, 0x00,
    0x00, 0x03, 0x90, 0x07, 0xF0, 0x04, 0xE6, 0x7C, 0x76, 0x7C, 0x76, 0x38, 0x36, 0x30, 0x38, 0x30,
    0x30, 0x30, 0x20, 0x70, 0x60, 0x70, 0x60, 0x60, 0x60, 0x60, 0x60, 0x60, 0x40, 0x60, 0xC0, 0x71,
    0x80, 0x3F, 0x00, 0x00, 0x00, 0x1C, 0x80, 0xFC, 0x00, 0xCC, 0x00, 0x7F, 0x19, 0x38, 0xF9, 0x87,
    0x0C, 0x30, 0x63, 0x87, 0x18, 0x38, 0xC1, 0x8E, 0x0E, 0xB0, 0x7D, 0xE0, 0x00, 0x00, 0x00, 0x06,
    0x7C, 0x76, 0x7C, 0x76, 0x38, 0x36, 0x30, 0x38, 0x30, 0x30, 0x30, 0x20, 0x70, 0x60, 0x70, 0x60,
    0x60, 0x60, 0x60, 0x60, 0x60, 0x40, 0x60, 0xC0, 0x71, 0x80, 0x3F, 0x00, 0x00, 0x00, 0x0C, 0x00,
    0x1C, 0x00, 0x08, 0x00, 0x00, 0x30, 0x01, 0xFC, 0x64, 0xE3, 0xE6, 0x1C, 0x30, 0xC1, 0x8E, 0x1C,
    0x60, 0xE3, 0x06, 0x38, 0x3A, 0xC1, 0xF7, 0x80, 0x00, 0x0C, 0x00, 0xE0, 0x02, 0x00, 0x04, 0x00,
    0x30, 0x01, 0x80, 0x06, 0x07, 0x8F, 0x3C, 0x78, 0xC1, 0x86, 0x18, 0x38, 0x80, 0xC8, 0x06, 0xC0,
    0x3C, 0x00, 0xC0, 0x06, 0x00, 0x70, 0x03, 0x80, 0x18, 0x03, 0xF0, 0x00, 0x01, 0x80, 0x07, 0x00,
    0x0C, 0x00, 0x10, 0x00, 0x00, 0x38, 0x60, 0x71, 0xC1, 0xC6, 0x03, 0x18, 0x0C, 0x60, 0x39, 0x00,
    0x6C, 0x01, 0xE0, 0x07, 0x80, 0x0C, 0x00, 0x60, 0x03, 0x80, 0x1C, 0x07, 0xE0, 0x1E, 0x00, 0x78,
    0xF3, 0xC7, 0x8C, 0x18, 0x61, 0x83, 0x88, 0x0C, 0x80, 0x6C, 0x03, 0xC0, 0x0C, 0x00, 0x60, 0x07,
    0x00, 0x38, 0x01, 0x80, 0x3F, 0x00, 0x00, 0x06, 0x00, 0x38, 0x00, 0x80, 0x00, 0x00, 0x00, 0x38,
    0x60, 0x71, 0xC1, 0xC6, 0x03, 0x18, 0x0C, 0x60, 0x39, 0x00, 0x6C, 0x01, 0xE0, 0x07, 0x80, 0x0C,
    0x00, 0x60, 0x03, 0xB0, 0x1C, 0xC7, 0xE1, 0x1E, 0x00, 0x03, 0x00, 0x3C, 0x00, 0x20, 0x07, 0x00,
    0x20, 0x3C, 0x79, 0xE3, 0xC6, 0x0C, 0x30, 0xC1, 0xC4, 0x06, 0x40, 0x36, 0x01, 0xE0, 0x06, 0x00,
    0x30, 0x03, 0x80, 0x1C, 0x00, 0xC0, 0x1F, 0x80, 0x00, 0x60, 0x03, 0xC0, 0x01, 0x00, 0x1C, 0x00,
    0x40, 0x00, 0x00, 0xE1, 0x81, 0xC7, 0x07, 0x18, 0x0C, 0x60, 0x31, 0x80, 0xE4, 0x01, 0xB0, 0x07,
    0x80, 0x1E, 0x00, 0x30, 0x01, 0x80, 0x0E, 0x00, 0x70, 0x1F, 0x80, 0x78, 0x00, 0x06, 0x20, 0x7E,
    0x02, 0x70, 0xF1, 0xE7, 0x8F, 0x18, 0x30, 0xC3, 0x07, 0x10, 0x19, 0x00, 0xD8, 0x07, 0x80, 0x18,
    0x00, 0xC0, 0x0E, 0x00, 0x70, 0x03, 0x00, 0x7E, 0x00, 0x01, 0xC8, 0x0F, 0xE0, 0x23, 0x00, 0x00,
    0x0E, 0x18, 0x1C, 0x70, 0x71, 0x80, 0xC6, 0x03, 0x18, 0x0E, 0x40, 0x1B, 0x00, 0x78, 0x01, 0xE0,
    0x03, 0x00, 0x18, 0x00, 0xE0, 0x07, 0x01, 0xF8, 0x07, 0x80, 0x00, 0xFF, 0xFF, 0xFF, 0xF0, 0x48,
    0xC3, 0x1E, 0x30, 0xC3, 0x0C, 0x30, 0xC3, 0x0C, 0x30, 0xC3, 0x00, 0x33, 0xFF, 0xEC, 0x63, 0x18,
    0xC6, 0x31, 0x8C, 0x63, 0x00, 0x67, 0xBE, 0xF1, 0x8C, 0x63, 0x18, 0xC6, 0x31, 0x8C, 0x60, 0xFF,
    0xE0, 0xFF, 0xE0, 0x7F, 0xDF, 0xF0, 0x7F, 0xEF, 0xF8, 0x7F, 0xFF, 0xF7, 0xFF, 0xFF, 0x7F, 0xFF,
    0xF7, 0xFF, 0xFF, 0x06, 0xF7, 0xBD, 0xEF, 0x7B, 0xDE, 0xF7, 0xBD, 0xEF, 0x7B, 0xDE, 0xF7, 0x10,
    0x7F, 0xBF, 0xDF, 0xDF, 0xE0, 0x01, 0x98, 0xC7, 0x30, 0x27, 0x73, 0x6C, 0x27, 0x73, 0x6C, 0x26,
    0xEC, 0x46, 0x00, 0x19, 0x99, 0x8C, 0xC7, 0x73, 0x30, 0x22, 0x77, 0x77, 0x33, 0x66, 0xCC, 0x22,
    0x77, 0x77, 0x33, 0x66, 0xCC, 0x24, 0xDF, 0xBE, 0x64, 0xCC, 0xC0, 0x04, 0x0C, 0x0C, 0x08, 0x08,
    0xFF, 0x18, 0x18, 0x38, 0x30, 0x30, 0x30, 0x30, 0x20, 0x20, 0x60, 0x40, 0x00, 0x01, 0x00, 0x60,
    0x0C, 0x01, 0x01, 0xFC, 0x2C, 0x81, 0x80, 0x30, 0x04, 0x00, 0x80, 0x30, 0x06, 0x06, 0xF0, 0xFE,
    0x06, 0x00, 0xC0, 0x18, 0x00, 0x00, 0x23, 0xEF, 0xBE, 0xF9, 0xE0, 0x00, 0x40, 0xE1, 0xF3, 0xF7,
    0x8C, 0x00, 0x00, 0x7D, 0x80, 0x63, 0x71, 0xD8, 0xC0, 0x61, 0x09, 0x8E, 0x76, 0x39, 0xC0, 0x00,
    0x5F, 0x80, 0x7F, 0xF1, 0x8C, 0x63, 0x18, 0xC6, 0x31, 0x8C, 0x60, 0x00, 0xF7, 0xC6, 0x31, 0x8C,
    0x63, 0x18, 0xC6, 0x31, 0x8C, 0x00, 0x79, 0xE7, 0x9E, 0x30, 0xC3, 0x0C, 0x30, 0xC3, 0x0C, 0x30,
    0xC3, 0x00, 0x79, 0x04, 0x1E, 0x30, 0xC3, 0x0C, 0x30, 0xC3, 0x0C, 0x30, 0xC3, 0x00, 0x78, 0x20,
    0x9E, 0x30, 0xC3, 0x0C, 0x30, 0xC3, 0x0C, 0x30, 0xC3, 0x00, 0x18, 0x08, 0x00, 0x78, 0x30, 0x01,
    0x98, 0xC0, 0x06, 0x33, 0x00, 0x0C, 0x64, 0x00, 0x19, 0xD8, 0x00, 0x33, 0x6F, 0x1F, 0x6D, 0xB3,
    0x36, 0x73, 0x66, 0xCC, 0x0C, 0xCD, 0x98, 0x33, 0x1B, 0x30, 0x66, 0x36, 0x61, 0x8C, 0xCD, 0x86,
    0x0F, 0x1E, 0x00, 0x00, 0x00, 0x00, 0x18, 0x08, 0x00, 0x00, 0xF0, 0x60, 0x00, 0x06, 0x63, 0x00,
    0x00, 0x31, 0x98, 0x00, 0x00, 0xC6, 0x40, 0x00, 0x03, 0x3B, 0x00, 0x00, 0x0C, 0xDB, 0xC7, 0xC7,
    0xB6, 0xD9, 0x9B, 0x33, 0x73, 0x66, 0xCD, 0x8C, 0x19, 0x9B, 0x36, 0x30, 0xCC, 0x6C, 0xD9, 0xC3,
    0x31, 0xB3, 0x66, 0x18, 0xCC, 0xD9, 0x98, 0xC1, 0xE3, 0xC3, 0xC0, 0x00, 0x00, 0x00, 0x00, 0x31,
    0x98, 0xC4, 0x00, 0x32, 0x36, 0x66, 0x64, 0x4C, 0x00, 0x32, 0x63, 0x66, 0x66, 0xC6, 0x4C, 0x4C,
    0x80, 0x00, 0x4D, 0xB2, 0x00, 0x4C, 0xD9, 0xB3, 0x22, 0x60, 0x00, 0x4C, 0x9B, 0x36, 0xCD, 0x93,
    0x26, 0x40, 0x00, 0x10, 0x70, 0xE1, 0x66, 0x48, 0x80, 0x19, 0x99, 0xCC, 0x31, 0x84, 0x20, 0xC3,
    0x86, 0x38, 0xC6, 0x10, 0x02, 0x03, 0x1C, 0x66, 0x33, 0x8C, 0x1C, 0x18, 0xE0, 0x37, 0x0C, 0x79,
    0xB9, 0xC6, 0x4F, 0x98, 0x73, 0x03, 0x86, 0x1C, 0x0C, 0xE7, 0x18, 0x0C, 0x00, 0x19, 0x8E, 0x63,
    0xB8, 0xCE, 0x33, 0x0C, 0xC3, 0x31, 0x8C, 0x62, 0x19, 0x80, 0x01, 0x10, 0xEE, 0x3B, 0x80, 0x00,
    0x3C, 0x7E, 0xE3, 0xDB, 0x3B, 0x36, 0x3C, 0x38, 0x20, 0x20, 0x00, 0x40, 0xE0, 0xE0, 0x00, 0x7F,
    0xDF, 0xF0, 0x80, 0x04, 0x80, 0x18, 0xFF, 0xE0, 0xFF, 0x00, 0x0F, 0xE0, 0x7F, 0xF1, 0x80, 0x34,
    0x00, 0x20, 0x01, 0x01, 0x80, 0x80, 0xC0, 0x40, 0x60, 0x20, 0x30, 0x1C, 0x1A, 0x09, 0x8C, 0x44,
    0x36, 0x08, 0x00, 0x00, 0x00, 0x98, 0x00, 0x74, 0x00, 0x07, 0xE0, 0x07, 0xF8, 0x01, 0xBC, 0x00,
    0x0B, 0x00, 0x06, 0x00, 0x0C, 0x06, 0x1B, 0x0D, 0x83, 0xF9, 0xFD, 0xFC, 0xFE, 0x7E, 0x3F, 0x06,
    0xC3, 0x61, 0x80, 0xC0, 0x00, 0x00, 0x00, 0xF9, 0xF3, 0xE0, 0x00, 0x20, 0x0C, 0x03, 0x00, 0xC0,
    0x10, 0x06, 0x01, 0x80, 0x20, 0x0C, 0x03, 0x00, 0xC0, 0x18, 0x06, 0x01, 0x80, 0x00, 0x0E, 0x1F,
    0x18, 0x18, 0x18, 0x38, 0x38, 0x30, 0x3C, 0x3C, 0x70, 0x60, 0x60, 0x60, 0xE0, 0xE0, 0xF0, 0xF0,
    0x0E, 0x0F, 0x07, 0x06, 0x06, 0x06, 0x06, 0x0E, 0x3C, 0x3C, 0x0C, 0x1C, 0x1C, 0x18, 0x18, 0x18,
    0xF8, 0xF0, 0x3C, 0x1E, 0x3F, 0x1F, 0xB8, 0xD8, 0xF8, 0x6C, 0x30, 0x30, 0x38, 0x30, 0x18, 0x30,
    0x18, 0x70, 0x38, 0x20, 0x10, 0x10, 0x18, 0x00, 0x00, 0x08, 0x04, 0x0E, 0x07, 0x07, 0x03, 0x80,
    0x00, 0x00, 0x3C, 0x33, 0xF1, 0xB8, 0xCD, 0x86, 0x60, 0x37, 0x03, 0x30, 0x31, 0x87, 0x0C, 0x20,
    0x61, 0x02, 0x00, 0x00, 0x81, 0x8E, 0x0C, 0x70, 0xE0, 0x00, 0x00, 0x18, 0x70, 0x73, 0xF8, 0xE6,
    0x31, 0x88, 0x63, 0x00, 0xC6, 0x03, 0x8C, 0x0E, 0x30, 0x70, 0x60, 0xC0, 0xC1, 0x00, 0x00, 0x02,
    0x04, 0x0E, 0x18, 0x1C, 0x30, 0x00, 0x00, 0x00, 0x40, 0x9F, 0xE3, 0xF8, 0x06, 0x01, 0x80, 0x40,
    0x30, 0x0C, 0x03, 0x00, 0xC0, 0x20, 0x18, 0x06, 0x01, 0x80, 0x40, 0x7F, 0x0F, 0xF8, 0xDF, 0x9B,
    0xF3, 0x7E, 0x6F, 0xCD, 0xF1, 0xBE, 0x36, 0x06, 0xC0, 0xD8, 0x1B, 0x03, 0x60, 0x6C, 0x0D, 0x81,
    0xB0, 0x77, 0x00, 0x00, 0x00, 0x1F, 0xFF, 0x93, 0xE4, 0xF9, 0x3E, 0x4F, 0xFC, 0xFF, 0x00, 0x3F,
    0xE2, 0x7C, 0x9F, 0x27, 0xC9, 0xFF, 0xFB, 0xFC, 0x00, 0x12, 0x1F, 0x07, 0xF7, 0xF3, 0x78, 0x2C,
    0x30, 0x01, 0xCE, 0x20, 0x00, 0x00, 0x23, 0x9C, 0x86, 0x18, 0x0F, 0x81, 0xFF, 0x18, 0x1C, 0x80,
    0x20, 0x00, 0x00, 0x00, 0x00, 0x00, 0x00, 0x00, 0x00, 0x00, 0x10, 0x04, 0xC0, 0x63, 0x06, 0x0F,
    0xE0, 0x00, 0x00, 0x00, 0x02, 0x60, 0x68, 0x07, 0xE3, 0xFC, 0x7F, 0x01, 0xB0, 0x20, 0x00, 0x09,
    0x81, 0xB0, 0x1F, 0xC7, 0xF1, 0xFE, 0x06, 0xC0, 0xC0, 0x24, 0xE9, 0xB0, 0x60, 0x83, 0x06, 0x08,
    0x30, 0x40, 0x83, 0x05, 0xDB, 0x80, 0x00, 0x20, 0x3C, 0xF7, 0x58, 0xE0, 0x03, 0xE0, 0x3F, 0xF0,
    0xC0, 0x32, 0x00, 0x30, 0x08, 0x35, 0x9F, 0xC7, 0xAF, 0xF9, 0xF1, 0xAC, 0xD4, 0x08, 0x00, 0x00,
    0x00, 0x60, 0x18, 0x02, 0x00, 0x18, 0x06, 0x00, 0x00, 0x01, 0x80, 0x60, 0x18, 0x00, 0x32, 0x64,
    0x6C, 0xDD, 0x9B, 0x33, 0x26, 0x44, 0xC9, 0x80, 0x00, 0x00, 0x00, 0x01, 0xC0, 0x38, 0x02, 0x00,
    0x01, 0xC1, 0xF8, 0x38, 0x00, 0x04, 0x01, 0xC0, 0x38, 0x00, 0x00, 0x00, 0x06, 0x06, 0x60, 0xE6,
    0x04, 0x00, 0x00, 0x60, 0x06, 0x00, 0x00, 0x60, 0x46, 0x0E, 0x60, 0x60, 0x00, 0x6E, 0x60, 0x00,
    0x00, 0x00, 0x04, 0x66, 0x00, 0x06, 0x01, 0xC0, 0x38, 0x00, 0x00, 0x00, 0x00, 0x38, 0x3F, 0x07,
    0x60, 0x40, 0x00, 0x00, 0x02, 0x00, 0xE0, 0x1C, 0x00, 0x00, 0x00, 0x0C, 0xCD, 0x99, 0x83, 0x00,
    0x60, 0xFF, 0xDF, 0xF8, 0x30, 0x06, 0x0C, 0xCD, 0x99, 0x80, 0x66, 0x60, 0x00, 0x66, 0x60, 0x00,
    0x66, 0x00, 0x7D, 0x87, 0xD8, 0xFD, 0x2F, 0xC0, 0x78, 0xC3, 0x1E, 0x30, 0xC3, 0x0C, 0x30, 0xC3,
    0x0C, 0x30, 0xC3, 0x00, 0x79, 0x24, 0x9E, 0x30, 0xC3, 0x0C, 0x30, 0xC3, 0x0C, 0x30, 0xC3, 0x00,
    0x79, 0xE3, 0x0C, 0x30, 0xC3, 0x0C, 0x30, 0xC3, 0x0C, 0x30, 0xC3, 0x00, 0x30, 0xC7, 0x9E, 0x30,
    0xC3, 0x0C, 0x30, 0xC3, 0x0C, 0x30, 0xC3, 0x00, 0x31, 0xE7, 0x8C, 0x30, 0xC3, 0x0C, 0x30, 0xC3,
    0x0C, 0x30, 0xC3, 0x00, 0x70, 0xC3, 0x1E, 0x30, 0xC3, 0x0C, 0x30, 0xC3, 0x0C, 0x30, 0xC3, 0x00,
    0x08, 0x3E, 0x66, 0x66, 0xE6, 0xC6, 0xC6, 0xEC, 0x78, 0x32, 0x66, 0x66, 0x44, 0x60, 0x02, 0x06,
    0x0E, 0x16, 0x2E, 0x7F, 0x7F, 0x0C, 0x3E, 0x1E, 0x7C, 0x8B, 0x07, 0xC1, 0xD1, 0xE6, 0x78, 0x0C,
    0x7D, 0xDB, 0x07, 0xDD, 0xFB, 0xB6, 0x78, 0x7D, 0xFA, 0x30, 0x41, 0x86, 0x08, 0x30, 0x40, 0x1C,
    0x3E, 0x66, 0x76, 0x3C, 0x6E, 0xC6, 0xCC, 0x7C, 0x18, 0x7D, 0x9B, 0x36, 0x67, 0xC3, 0x26, 0x78,
    0x10, 0x21, 0xF3, 0xF1, 0x02, 0x00, 0x00, 0x7C, 0xFC, 0xFE, 0x00, 0x07, 0xF0, 0x08, 0xE7, 0x18,
    0xC3, 0x0C, 0x30, 0xC3, 0x06, 0x00, 0x10, 0x61, 0x83, 0x0C, 0x31, 0xC6, 0x18, 0xC6, 0x00, 0x6C,
    0x7E, 0x64, 0x64, 0x4C, 0x4C, 0xC6, 0x0C, 0x3E, 0x67, 0x67, 0x67, 0x66, 0x66, 0x6C, 0x78, 0x04,
    0x38, 0xF0, 0xE1, 0x83, 0x06, 0x0C, 0x7C, 0x1C, 0x3E, 0x26, 0x06, 0x0C, 0x18, 0x32, 0x7E, 0xFC,
    0x1C, 0x3E, 0x37, 0x06, 0x1C, 0x06, 0x46, 0x6E, 0x7C, 0x04, 0x0E, 0x1C, 0x3C, 0x6C, 0xFE, 0xFE,
    0x18, 0x3C, 0x1E, 0x3E, 0x22, 0x20, 0x7C, 0x06, 0x46, 0xEE, 0x7C, 0x18, 0x79, 0x97, 0x0F, 0xD9,
    0xB3, 0x66, 0x78, 0x3C, 0xFF, 0x10, 0x61, 0x82, 0x0C, 0x30, 0x40, 0x1C, 0x3E, 0x33, 0x36, 0x3C,
    0x6E, 0x66, 0x66, 0x7C, 0x10, 0xFB, 0xB6, 0x6E, 0xCF, 0x83, 0x6C, 0xF0, 0x18, 0x18, 0x7E, 0x7E,
    0x18, 0x18, 0x00, 0x7E, 0x7E, 0x7E, 0x00, 0x00, 0x7E, 0x04, 0x63, 0x18, 0x63, 0x8C, 0x30, 0xE1,
    0x86, 0x00, 0x10, 0x61, 0x83, 0x0C, 0x30, 0xC7, 0x18, 0xC6, 0x10, 0x18, 0x36, 0x64, 0x4C, 0xCC,
    0xDC, 0x7E, 0x18, 0xF6, 0xFE, 0xC3, 0x27, 0x80, 0x18, 0x79, 0x9E, 0x3C, 0x59, 0x9E, 0x00, 0x00,
    0x32, 0x1C, 0x18, 0x1C, 0x3C, 0x66, 0x31, 0xE0, 0xCF, 0xCB, 0x6F, 0x00, 0x70, 0x30, 0x24, 0x3E,
    0x66, 0x64, 0x4C, 0x4C, 0xC6, 0x70, 0x30, 0x20, 0x26, 0x68, 0x78, 0x78, 0x4C, 0xCC, 0x73, 0x22,
    0x66, 0x44, 0x60, 0x04, 0x8F, 0xF9, 0x99, 0x32, 0x64, 0xCC, 0x99, 0xB3, 0x38, 0x04, 0x7E, 0x66,
    0x64, 0x4C, 0x4C, 0xC6, 0x04, 0x3F, 0x33, 0x33, 0x32, 0x26, 0x7C, 0x60, 0x60, 0x60, 0x11, 0xA6,
    0x1C, 0x1A, 0x67, 0x00, 0x01, 0x9C, 0xC6, 0x21, 0x0E, 0x07, 0x01, 0xF8, 0x31, 0x87, 0x00, 0x60,
    0x06, 0x7F, 0x63, 0x36, 0x62, 0x76, 0x01, 0xFC, 0x06, 0x00, 0x62, 0x0C, 0x61, 0xFE, 0x00, 0x00,
    0x50, 0x1F, 0x07, 0xF1, 0xD6, 0x6A, 0x9D, 0x43, 0x78, 0x6F, 0x0D, 0x41, 0xA8, 0x35, 0x07, 0xF8,
    0x7E, 0x05, 0x00, 0xA0, 0x14, 0x00, 0x03, 0xC0, 0xFF, 0x1C, 0x73, 0x83, 0x30, 0x07, 0x64, 0x6F,
    0xE6, 0x76, 0x67, 0x06, 0x60, 0x66, 0x06, 0xE4, 0x7F, 0xC3, 0xF8, 0x00, 0x00, 0x1F, 0xF0, 0xFF,
    0x83, 0x8C, 0x18, 0x60, 0xC0, 0x06, 0x00, 0x70, 0x03, 0xF8, 0x18, 0x01, 0xF0, 0x1F, 0x80, 0x70,
    0x03, 0x80, 0x7E, 0x00, 0x03, 0xC0, 0x7E, 0x0C, 0x70, 0xC2, 0x0C, 0x00, 0xC0, 0x3F, 0x83, 0xF8,
    0x3F, 0x03, 0xF0, 0x0C, 0x01, 0x80, 0x3F, 0xE7, 0xFC, 0x00, 0x00, 0x00, 0x08, 0x00, 0x0C, 0x00,
    0x04, 0x0F, 0x7F, 0xC3, 0xCF, 0x71, 0xC7, 0x38, 0xE3, 0x18, 0x63, 0x8C, 0x31, 0x86, 0x38, 0xC7,
    0x18, 0xE3, 0x8C, 0x71, 0xC6, 0x78, 0x70, 0x20, 0x00, 0x30, 0x00, 0x00, 0x00, 0x0C, 0x3C, 0x3C,
    0x78, 0x38, 0x60, 0x78, 0xC0, 0xF1, 0x07, 0xFF, 0x8F, 0xFF, 0x0D, 0xD8, 0x7F, 0xF8, 0x23, 0xC0,
    0x43, 0x81, 0x87, 0x03, 0x0E, 0x0F, 0x18, 0x00, 0x1F, 0x80, 0x1F, 0xE0, 0x0E, 0x60, 0x0C, 0x70,
    0x0C, 0x70, 0x0C, 0x74, 0x1C, 0x6C, 0x1D, 0xFF, 0x1F, 0x8C, 0x18, 0x18, 0x38, 0x18, 0x38, 0x18,
    0x38, 0x18, 0xFC, 0x1E, 0x00, 0x00, 0x1F, 0x80, 0x01, 0xFE, 0x00, 0x0E, 0x70, 0x00, 0xC3, 0x00,
    0x0C, 0x33, 0xE0, 0xC7, 0x63, 0x1C, 0xE6, 0x21, 0xFC, 0x70, 0x1B, 0x83, 0xC1, 0x98, 0x1E, 0x19,
    0xC0, 0x63, 0x9C, 0x86, 0x38, 0xCC, 0x6F, 0xCF, 0xFC, 0x00, 0x00, 0x00, 0x7C, 0x00, 0xF3, 0xE3,
    0x87, 0x8C, 0x1C, 0x10, 0x61, 0xE1, 0x83, 0x0F, 0x08, 0x18, 0xD8, 0xC3, 0xFF, 0xFF, 0x1F, 0xFF,
    0xF8, 0x3B, 0x32, 0x01, 0xD1, 0xB0, 0x0F, 0x8F, 0x00, 0x38, 0x78, 0x01, 0xC3, 0x80, 0x0C, 0x1C,
    0x00, 0x00, 0x07, 0xF8, 0xF0, 0xE7, 0x83, 0x3C, 0x99, 0xEE, 0xCF, 0x76, 0x7B, 0xB3, 0xDC, 0x1E,
    0xE1, 0xF7, 0x0D, 0xBF, 0xC0, 0x00, 0xC0, 0x0F, 0x00, 0x38, 0x0F, 0xE0, 0x0C, 0x07, 0xE0, 0x67,
    0x06, 0x38, 0x71, 0x83, 0x0C, 0x18, 0x60, 0xC7, 0x06, 0x38, 0x33, 0xC1, 0xE7, 0x80, 0x00, 0xFF,
    0x87, 0xFC, 0x00, 0x01, 0xC0, 0x7E, 0x0C, 0x61, 0x86, 0x18, 0x03, 0x80, 0x7F, 0x03, 0x00, 0xFE,
    0x03, 0x00, 0x30, 0x03, 0x00, 0x39, 0x81, 0xF0, 0x00, 0x00, 0x0F, 0xBC, 0x3F, 0x78, 0x18, 0xE0,
    0x73, 0x00, 0xEC, 0x01, 0xB0, 0x0F, 0xFC, 0x1F, 0xF8, 0x1D, 0x80, 0x33, 0x80, 0x67, 0x00, 0xC6,
    0x03, 0x8E, 0x1F, 0x8E, 0x00, 0x7F, 0xEF, 0xFF, 0x39, 0xE7, 0x20, 0xD0, 0x1E, 0x0F, 0x03, 0xF8,
    0x1F, 0x0F, 0x03, 0x60, 0x1C, 0x03, 0x81, 0xF8, 0x00, 0x00, 0x00, 0x00, 0x18, 0x00, 0x06, 0x00,
    0x0F, 0xF0, 0x00, 0x33, 0x00, 0x0C, 0x60, 0x01, 0x86, 0x00, 0x70, 0xC0, 0x0C, 0x18, 0x01, 0x83,
    0x00, 0x30, 0x66, 0x06, 0x0D, 0xE1, 0xC3, 0x66, 0xF0, 0x6C, 0xE7, 0x1B, 0x9B, 0xBE, 0x7E, 0x00,
    0x0C, 0x00, 0x01, 0x80, 0x00, 0x70, 0x00, 0x0C, 0x00, 0x03, 0x81, 0xF0, 0x4C, 0x33, 0x0E, 0xC1,
    0xB0, 0x68, 0x1E, 0x07, 0x04, 0xC3, 0x79, 0xF6, 0x5D, 0xF2, 0x70, 0x0C, 0x23, 0x08, 0xC3, 0xE0,
    0x70, 0x1F, 0x80, 0x7F, 0x80, 0xE3, 0x0F, 0xFF, 0x0C, 0x38, 0xFF, 0xE1, 0xC7, 0x07, 0x38, 0x1F,
    0xC0, 0x60, 0x01, 0x80, 0x0E, 0x00, 0x38, 0x03, 0xF8, 0x00, 0x00, 0x00, 0x07, 0x80, 0x7F, 0x87,
    0x2E, 0x18, 0x98, 0xE6, 0x07, 0x18, 0x1C, 0x40, 0x61, 0x01, 0x8F, 0xE6, 0x37, 0x18, 0x98, 0x72,
    0x60, 0xE9, 0x81, 0xFC, 0x01, 0x80, 0x04, 0x00, 0x00, 0x20, 0x00, 0x70, 0x00, 0xF0, 0x00, 0xF0,
    0x01, 0xB0, 0x03, 0xB0, 0x1F, 0xFF, 0x06, 0x30, 0x3F, 0xFE, 0x3F, 0xFE, 0x08, 0x18, 0x18, 0x18,
    0x38, 0x18, 0x7C, 0x7C, 0x03, 0x80, 0xFE, 0x0C, 0x60, 0xC7, 0x00, 0x67, 0xFF, 0x07, 0xC1, 0xF0,
    0x7F, 0xE3, 0x00, 0x70, 0x07, 0x04, 0x31, 0xC3, 0xF8, 0x00, 0x00, 0x00, 0x00, 0x0F, 0x01, 0xFC,
    0x39, 0x61, 0x9B, 0x1C, 0xC1, 0xC4, 0x0E, 0x20, 0x63, 0x03, 0x18, 0x18, 0x80, 0xC4, 0x07, 0x24,
    0x1F, 0x60, 0x7E, 0x00, 0xC0, 0x04, 0x00, 0x08, 0x81, 0x9C, 0x19, 0x81, 0x98, 0x7F, 0xE3, 0xB8,
    0x33, 0x03, 0x30, 0x33, 0x03, 0x30, 0x77, 0x06, 0x60, 0x66, 0x06, 0x7C, 0x00, 0x00, 0x07, 0x83,
    0xF8, 0xE3, 0x98, 0x23, 0x80, 0x70, 0x07, 0x80, 0x78, 0x03, 0x80, 0x31, 0xD7, 0x7F, 0xCF, 0xF8,
    0xFE, 0x1F, 0x02, 0xA0, 0x7F, 0xCF, 0xF8, 0x00, 0x3F, 0xEC, 0xCD, 0x19, 0xA3, 0x00, 0xE0, 0x18,
    0x03, 0x00, 0x60, 0x0C, 0x03, 0x81, 0xF8, 0x00, 0x3F, 0xCF, 0xF0, 0x60, 0x1C, 0x7F, 0x81, 0x80,
    0xE3, 0xE0, 0xE0, 0x18, 0x07, 0x00, 0xC0, 0x38, 0x07, 0x00, 0x1F, 0x03, 0xE0, 0x38, 0x06, 0x40,
    0xF8, 0x38, 0x0F, 0xE0, 0xF2, 0x38, 0xE3, 0x0C, 0x61, 0x8C, 0x33, 0x8D, 0xFF, 0x00, 0x30, 0x0F,
    0x03, 0x20, 0x7F, 0xE7, 0xFE, 0x30, 0xC6, 0x18, 0xFB, 0x1F, 0xC6, 0x21, 0xC0, 0x18, 0x41, 0x98,
    0x3E, 0x00, 0x00, 0x00, 0xC0, 0x03, 0x00, 0x1C, 0x03, 0xFC, 0x1D, 0xB8, 0x66, 0x63, 0x11, 0x8C,
    0x46, 0x71, 0x19, 0xCC, 0x66, 0x33, 0x98, 0x8E, 0x62, 0x30, 0x0F, 0xC0, 0x7F, 0x81, 0x8C, 0x1C,
    0x70, 0xC3, 0x86, 0x18, 0x31, 0x87, 0xF8, 0x1C, 0x01, 0xF0, 0x1F, 0xC0, 0x30, 0x03, 0x80, 0x3F,
    0x00, 0x01, 0x80, 0x3C, 0x0F, 0xE1, 0xEE, 0x1B, 0xE3, 0xF0, 0x37, 0x03, 0x00, 0x30, 0x03, 0x00,
    0x30, 0x03, 0x80, 0x1C, 0x07, 0xF8, 0xFF, 0x80, 0x03, 0xC3, 0xF0, 0x7F, 0x06, 0x70, 0xCE, 0x39,
    0xC7, 0x30, 0xFE, 0x1F, 0x83, 0x18, 0xE3, 0x1C, 0x63, 0x1C, 0x67, 0x3F, 0xC0, 0xE0, 0x14, 0x00,
    0xFF, 0xE0, 0x00, 0x03, 0x80, 0x7D, 0xF0, 0x1B, 0xCC, 0x0C, 0x30, 0x03, 0x1C, 0x03, 0xFF, 0xC0,
    0x71, 0x80, 0x18, 0x60, 0x06, 0x18, 0x01, 0x8E, 0x00, 0x63, 0x00, 0x38, 0xC0, 0x0C, 0x30, 0x03,
    0x1C, 0x00, 0xC7, 0x00, 0x71, 0x80, 0x18, 0x60, 0x06, 0x38, 0x07, 0x3C, 0x01, 0x8C, 0x00, 0x00,
    0x70, 0x07, 0xE0, 0x39, 0x80, 0xC0, 0x03, 0x00, 0x3F, 0xE0, 0x71, 0x81, 0x86, 0x06, 0x38, 0x18,
    0xC0, 0x63, 0x03, 0x8C, 0x0C, 0x30, 0x30, 0xD0, 0xC3, 0xC7, 0x00, 0x18, 0x00, 0x60, 0x07, 0x00,
    0x18, 0x00, 0x00, 0x70, 0x03, 0xF8, 0x0E, 0x70, 0x18, 0xE0, 0x31, 0x81, 0xFB, 0x01, 0xC6, 0x03,
    0x0C, 0x06, 0x38, 0x0C, 0x60, 0x18, 0xC0, 0x71, 0x80, 0xC3, 0x01, 0x86, 0x83, 0x0F, 0x0E, 0x00,
    0x18, 0x00, 0x30, 0x01, 0xC0, 0x03, 0x00, 0x00, 0x00, 0x01, 0xC0, 0x1F, 0x7E, 0x01, 0xBC, 0x60,
    0x30, 0xC0, 0x03, 0x1C, 0x00, 0xFF, 0xFE, 0x07, 0x18, 0xE0, 0x61, 0x8C, 0x06, 0x18, 0xC0, 0x63,
    0x8C, 0x06, 0x30, 0xC0, 0xE3, 0x1C, 0x0C, 0x31, 0x80, 0xC7, 0x1C, 0x0C, 0x61, 0xE1, 0xC6, 0x00,
    0x18, 0x60, 0x01, 0x8E, 0x00, 0x73, 0xC0, 0x06, 0x30, 0x00, 0x00, 0x01, 0x80, 0x1F, 0x7F, 0x01,
    0xBC, 0x60, 0x30, 0xC6, 0x03, 0x1C, 0x60, 0xFF, 0xF6, 0x07, 0x18, 0xE0, 0x61, 0x8C, 0x06, 0x18,
    0xC0, 0x63, 0x8C, 0x06, 0x30, 0xC0, 0xE3, 0x1C, 0x0C, 0x31, 0x80, 0xC7, 0x1C, 0x0C, 0x61, 0xE1,
    0xC6, 0x00, 0x18, 0x60, 0x01, 0x8E, 0x00, 0x73, 0xC0, 0x06, 0x30, 0x00, 0x00, 0x70, 0x01, 0xF8,
    0x03, 0x8C, 0x03, 0x0C, 0x03, 0x1C, 0x03, 0x3F, 0x07, 0x18, 0x06, 0x18, 0x06, 0x38, 0x06, 0x30,
    0x06, 0x30, 0x0E, 0x30, 0x0C, 0x30, 0x0C, 0x30, 0x0C, 0x3C, 0x1C, 0x00, 0x18, 0x00, 0x18, 0x00,
    0x70, 0x00, 0x60, 0x00, 0x00, 0x70, 0x01, 0xF8, 0x03, 0x0C, 0x03, 0x0C, 0x03, 0x1C, 0x3F, 0x3F,
    0x33, 0x18, 0x71, 0x18, 0x30, 0x18, 0x3C, 0x38, 0x1E, 0x30, 0x07, 0x30, 0xC3, 0x30, 0xC6, 0x30,
    0x7C, 0x3E, 0x00, 0x00, 0x00, 0x00, 0x00, 0x30, 0x00, 0x1E, 0x00, 0x0F, 0xC0, 0x07, 0xF8, 0x03,
    0xB3, 0x01, 0xEE, 0x60, 0xFF, 0x9C, 0x7F, 0xCF, 0x9F, 0xF7, 0xF3, 0xFB, 0xF8, 0x7F, 0xFC, 0x0F,
    0xFE, 0x01, 0xCF, 0x00, 0x33, 0x80, 0x07, 0xC0, 0x00, 0xE0, 0x00, 0x10, 0x00,
};

static const EpdGlyph serif9_italicGlyphs[] = {
    { 0, 0, 0, 0, 0, 0, 0 }, // U+0000
    { 0, 0, 78, 0, 0, 0, 0 }, // U+000D
    { 0, 0, 78, 0, 0, 0, 0 }, // U+0020
    { 5, 15, 100, 1, 14, 10, 0 }, // !
    { 7, 6, 122, 2, 14, 6, 10 }, // "
    { 11, 14, 168, 0, 14, 20, 16 }, // #
    { 10, 17, 168, 0, 15, 22, 36 }, // $
    { 15, 15, 269, 1, 14, 29, 58 }, // %
    { 15, 15, 223, 0, 14, 29, 87 }, // &
    { 3, 6, 66, 2, 14, 3, 116 }, // '
    { 8, 18, 104, 0, 15, 18, 119 }, // (
    { 7, 18, 104, -1, 15, 16, 137 }, // )
    { 9, 8, 150, 2, 15, 9, 153 }, // *
    { 9, 9, 168, 1, 11, 11, 162 }, // +
    { 4, 6, 75, -1, 3, 3, 173 }, // ,
    { 6, 2, 93, 0, 6, 2, 176 }, // -
    { 3, 4, 75, 0, 3, 2, 178 }, // .
    { 10, 18, 86, -2, 15, 23, 180 }, // /
    { 10, 15, 168, 0, 14, 19, 203 }, // 0
    { 9, 14, 138, -1, 14, 16, 222 }, // 1
    { 11, 14, 168, -1, 14, 20, 238 }, // 2
    { 11, 15, 168, -1, 14, 21, 258 }, // 3
    { 11, 14, 168, -1, 14, 20, 279 }, // 4
    { 10, 15, 168, 0, 14, 19, 299 }, // 5
    { 10, 15, 168, 1, 14, 19, 318 }, // 6
    { 10, 14, 168, 1, 14, 18, 337 }, // 7
    { 10, 15, 168, 0, 14, 19, 355 }, // 8
    { 10, 15, 168, 0, 14, 19, 374 }, // 9
    { 5, 12, 86, 0, 11, 8, 393 }, // :
    { 6, 14, 86, -1, 11, 11, 401 }, // ;
    { 9, 10, 168, 1, 12, 12, 412 }, // <
    { 9, 6, 168, 1, 10, 7, 424 }, // =
    { 9, 10, 168, 1, 12, 12, 431 }, // >
    { 8, 15, 150, 2, 14, 15, 443 }, // ?
    { 16, 17, 276, 1, 14, 34, 458 }, // @
    { 15, 14, 211, -2, 14, 27, 492 }, // A
    { 13, 14, 196, -1, 14, 23, 519 }, // B
    { 13, 15, 188, 0, 14, 25, 542 }, // C
    { 15, 14, 217, -1, 14, 27, 567 }, // D
    { 13, 14, 187, -1, 14, 23, 594 }, // E
    { 13, 14, 177, -1, 14, 23, 617 }, // F
    { 14, 15, 214, 0, 14, 27, 640 }, // G
    { 17, 14, 238, -1, 14, 30, 667 }, // H
    { 9, 14, 110, -1, 14, 16, 697 }, // I
    { 11, 19, 107, -3, 14, 27, 713 }, // J
    { 16, 14, 210, -1, 14, 28, 740 }, // K
    { 12, 14, 187, -1, 14, 21, 768 }, // L
    { 20, 14, 281, -1, 14, 35, 789 }, // M
    { 17, 14, 229, -1, 14, 30, 824 }, // N
    { 14, 15, 223, 0, 14, 27, 854 }, // O
    { 13, 14, 186, -1, 14, 23, 881 }, // P
    { 14, 19, 223, 0, 14, 34, 904 }, // Q
    { 13, 14, 199, -1, 14, 23, 938 }, // R
    { 11, 15, 163, 0, 14, 21, 961 }, // S
    { 12, 14, 184, 1, 14, 21, 982 }, // T
    { 14, 15, 219, 1, 14, 27, 1003 }, // U
    { 14, 14, 202, 1, 14, 25, 1030 }, // V
    { 21, 14, 313, 1, 14, 37, 1055 }, // W
    { 15, 14, 198, -1, 14, 27, 1092 }, // X
    { 13, 14, 187, 1, 14, 23, 1119 }, // Y
    { 13, 14, 181, -1, 14, 23, 1142 }, // Z
    { 8, 18, 108, 0, 15, 18, 1165 }, // [
    { 3, 18, 86, 2, 15, 7, 1183 }, // <backslash>
    { 8, 18, 108, -1, 15, 18, 1190 }, // ]
    { 10, 10, 168, 0, 14, 13, 1208 }, // ^
    { 10, 2, 138, -2, -1, 3, 1221 }, // _
    { 4, 4, 84, 2, 15, 2, 1224 }, // `
    { 11, 12, 174, 0, 11, 17, 1226 }, // a
    { 10, 16, 169, 0, 15, 20, 1243 }, // b
    { 10, 12, 146, 0, 11, 15, 1263 }, // c
    { 11, 16, 174, 0, 15, 22, 1278 }, // d
    { 9, 12, 148, 0, 11, 14, 1300 }, // e
    { 13, 20, 95, -3, 15, 33, 1314 }, // f
    { 13, 16, 167, -1, 11, 26, 1347 }, // g
    { 11, 16, 180, 0, 15, 22, 1373 }, // h
    { 5, 16, 91, 1, 15, 10, 1395 }, // i
    { 9, 20, 87, -3, 15, 23, 1405 }, // j
    { 12, 16, 171, 0, 15, 24, 1428 }, // k
    { 5, 16, 91, 1, 15, 10, 1452 }, // l
    { 17, 12, 269, 0, 11, 26, 1462 }, // m
    { 11, 12, 180, 0, 11, 17, 1488 }, // n
    { 10, 12, 172, 0, 11, 15, 1505 }, // o
    { 12, 16, 173, -1, 11, 24, 1520 }, // p
    { 11, 16, 168, 0, 11, 22, 1544 }, // q
    { 9, 11, 140, 0, 11, 13, 1566 }, // r
    { 9, 12, 139, 0, 11, 14, 1579 }, // s
    { 6, 14, 110, 1, 13, 11, 1593 }, // t
    { 10, 12, 180, 1, 11, 15, 1604 }, // u
    { 10, 12, 161, 0, 11, 15, 1619 }, // v
    { 15, 12, 246, 0, 11, 23, 1634 }, // w
    { 12, 11, 164, -1, 11, 17, 1657 }, // x
    { 14, 16, 158, -4, 11, 28, 1674 }, // y
    { 10, 11, 153, -1, 11, 14, 1702 }, // z
    { 9, 18, 128, 1, 15, 21, 1716 }, // {
    { 2, 20, 168, 4, 15, 5, 1737 }, // |
    { 9, 18, 128, -1, 15, 21, 1742 }, // }
    { 9, 4, 168, 1, 9, 5, 1763 }, // ~
    { 0, 0, 78, 0, 0, 0, 1768 }, // U+00A0
    { 5, 15, 100, 0, 11, 10, 1768 }, // U+00A1
    { 9, 14, 168, 1, 14, 16, 1778 }, // U+00A2
    { 12, 15, 168, -1, 14, 23, 1794 }, // U+00A3
    { 9, 9, 168, 1, 11, 11, 1817 }, // U+00A4
    { 12, 14, 168, 1, 14, 21, 1828 }, // U+00A5
    { 2, 20, 168, 4, 15, 5, 1849 }, // U+00A6
    { 10, 18, 163, 0, 15, 23, 1854 }, // U+00A7
    { 7, 3, 173, 3, 14, 3, 1877 }, // U+00A8
    { 14, 15, 253, 1, 14, 27, 1880 }, // U+00A9
    { 7, 7, 118, 1, 14, 7, 1907 }, // U+00AA
    { 9, 8, 154, 1, 9, 9, 1914 }, // U+00AB
    { 9, 6, 168, 1, 8, 7, 1923 }, // U+00AC
    { 6, 2, 93, 0, 6, 2, 1930 }, // U+00AD
    { 14, 15, 253, 1, 14, 27, 1932 }, // U+00AE
    { 10, 2, 138, 1, 16, 3, 1959 }, // U+00AF
    { 6, 7, 120, 2, 14, 6, 1962 }, // U+00B0
    { 9, 11, 168, 1, 11, 13, 1968 }, // U+00B1
    { 7, 9, 120, 1, 16, 8, 1981 }, // U+00B2
    { 8, 9, 120, 1, 16, 9, 1989 }, // U+00B3
    { 5, 4, 79, 2, 15, 3, 1998 }, // U+00B4
    { 12, 16, 181, -1, 11, 24, 2001 }, // U+00B5
    { 11, 18, 185, 0, 15, 25, 2025 }, // U+00B6
    { 3, 3, 86, 1, 8, 2, 2050 }, // U+00B7
    { 6, 6, 100, 0, 1, 5, 2052 }, // U+00B8
    { 6, 9, 120, 1, 16, 7, 2057 }, // U+00B9
    { 7, 7, 119, 1, 14, 7, 2064 }, // U+00BA
    { 9, 8, 154, 0, 9, 9, 2071 }, // U+00BB
    { 15, 14, 262, 1, 14, 27, 2080 }, // U+00BC
    { 15, 14, 262, 1, 14, 27, 2107 }, // U+00BD
    { 15, 14, 262, 1, 14, 27, 2134 }, // U+00BE
    { 8, 15, 150, 0, 11, 15, 2161 }, // U+00BF
    { 15, 18, 211, -2, 18, 34, 2176 }, // U+00C0
    { 15, 18, 211, -2, 18, 34, 2210 }, // U+00C1
    { 15, 18, 211, -2, 18, 34, 2244 }, // U+00C2
    { 15, 17, 211, -2, 17, 32, 2278 }, // U+00C3
    { 15, 17, 211, -2, 17, 32, 2310 }, // U+00C4
    { 15, 17, 211, -2, 17, 32, 2342 }, // U+00C5
    { 21, 14, 285, -2, 14, 37, 2374 }, // U+00C6
    { 13, 19, 188, 0, 14, 31, 2411 }, // U+00C7
    { 13, 18, 187, -1, 18, 30, 2442 }, // U+00C8
    { 13, 18, 187, -1, 18, 30, 2472 }, // U+00C9
    { 13, 18, 187, -1, 18, 30, 2502 }, // U+00CA
    { 13, 17, 187, -1, 17, 28, 2532 }, // U+00CB
    { 9, 18, 110, -1, 18, 21, 2560 }, // U+00CC
    { 10, 18, 110, -1, 18, 23, 2581 }, // U+00CD
    { 10, 18, 110, -1, 18, 23, 2604 }, // U+00CE
    { 10, 17, 110, -1, 17, 22, 2627 }, // U+00CF
    { 15, 14, 217, -1, 14, 27, 2649 }, // U+00D0
    { 17, 17, 229, -1, 17, 37, 2676 }, // U+00D1
    { 14, 19, 223, 0, 18, 34, 2713 }, // U+00D2
    { 14, 19, 223, 0, 18, 34, 2747 }, // U+00D3
    { 14, 19, 223, 0, 18, 34, 2781 }, // U+00D4
    { 14, 18, 223, 0, 17, 32, 2815 }, // U+00D5
    { 14, 18, 223, 0, 17, 32, 2847 }, // U+00D6
    { 9, 9, 168, 1, 11, 11, 2879 }, // U+00D7
    { 14, 16, 223, 0, 15, 28, 2890 }, // U+00D8
    { 14, 19, 219, 1, 18, 34, 2918 }, // U+00D9
    { 14, 19, 219, 1, 18, 34, 2952 }, // U+00DA
    { 14, 19, 219, 1, 18, 34, 2986 }, // U+00DB
    { 14, 18, 219, 1, 17, 32, 3020 }, // U+00DC
    { 13, 18, 187, 1, 18, 30, 3052 }, // U+00DD
    { 12, 14, 181, -1, 14, 21, 3082 }, // U+00DE
    { 15, 20, 188, -3, 15, 38, 3103 }, // U+00DF
    { 11, 16, 174, 0, 15, 22, 3141 }, // U+00E0
    { 11, 16, 174, 0, 15, 22, 3163 }, // U+00E1
    { 11, 16, 174, 0, 15, 22, 3185 }, // U+00E2
    { 11, 15, 174, 0, 14, 21, 3207 }, // U+00E3
    { 11, 15, 174, 0, 14, 21, 3228 }, // U+00E4
    { 11, 17, 174, 0, 16, 24, 3249 }, // U+00E5
    { 15, 12, 244, 0, 11, 23, 3273 }, // U+00E6
    { 10, 16, 146, 0, 11, 20, 3296 }, // U+00E7
    { 9, 16, 148, 0, 15, 18, 3316 }, // U+00E8
    { 10, 16, 148, 0, 15, 20, 3334 }, // U+00E9
    { 10, 16, 148, 0, 15, 20, 3354 }, // U+00EA
    { 10, 15, 148, 0, 14, 19, 3374 }, // U+00EB
    { 5, 16, 91, 1, 15, 10, 3393 }, // U+00EC
    { 7, 16, 91, 1, 15, 14, 3403 }, // U+00ED
    { 7, 16, 91, 0, 15, 14, 3417 }, // U+00EE
    { 7, 15, 91, 0, 14, 14, 3431 }, // U+00EF
    { 10, 16, 172, 0, 15, 20, 3445 }, // U+00F0
    { 11, 15, 180, 0, 14, 21, 3465 }, // U+00F1
    { 10, 16, 172, 0, 15, 20, 3486 }, // U+00F2
    { 10, 16, 172, 0, 15, 20, 3506 }, // U+00F3
    { 10, 16, 172, 0, 15, 20, 3526 }, // U+00F4
    { 11, 15, 172, 0, 14, 21, 3546 }, // U+00F5
    { 10, 15, 172, 0, 14, 19, 3567 }, // U+00F6
    { 9, 10, 168, 1, 12, 12, 3586 }, // U+00F7
    { 11, 12, 172, 0, 11, 17, 3598 }, // U+00F8
    { 10, 16, 180, 1, 15, 20, 3615 }, // U+00F9
    { 10, 16, 180, 1, 15, 20, 3635 }, // U+00FA
    { 10, 16, 180, 1, 15, 20, 3655 }, // U+00FB
    { 10, 15, 180, 1, 14, 19, 3675 }, // U+00FC
    { 14, 20, 158, -4, 15, 35, 3694 }, // U+00FD
    { 11, 20, 169, -1, 15, 28, 3729 }, // U+00FE
    { 14, 19, 158, -4, 14, 34, 3757 }, // U+00FF
    { 15, 16, 211, -2, 16, 30, 3791 }, // U+0100
    { 11, 14, 174, 0, 13, 20, 3821 }, // U+0101
    { 15, 17, 211, -2, 17, 32, 3841 }, // U+0102
    { 11, 15, 174, 0, 14, 21, 3873 }, // U+0103
    { 15, 19, 211, -2, 14, 36, 3894 }, // U+0104
    { 11, 16, 174, 0, 11, 22, 3930 }, // U+0105
    { 13, 19, 188, 0, 18, 31, 3952 }, // U+0106
    { 10, 16, 146, 0, 15, 20, 3983 }, // U+0107
    { 13, 19, 188, 0, 18, 31, 4003 }, // U+0108
    { 10, 16, 146, 0, 15, 20, 4034 }, // U+0109
    { 13, 19, 188, 0, 18, 31, 4054 }, // U+010A
    { 10, 16, 146, 0, 15, 20, 4085 }, // U+010B
    { 14, 19, 188, 0, 18, 34, 4105 }, // U+010C
    { 12, 16, 146, 0, 15, 24, 4139 }, // U+010D
    { 15, 18, 217, -1, 18, 34, 4163 }, // U+010E
    { 14, 16, 174, 0, 15, 28, 4197 }, // U+010F
    { 15, 14, 217, -1, 14, 27, 4225 }, // U+0110
    { 13, 16, 173, 0, 15, 26, 4252 }, // U+0111
    { 13, 16, 187, -1, 16, 26, 4278 }, // U+0112
    { 10, 14, 148, 0, 13, 18, 4304 }, // U+0113
    { 13, 17, 187, -1, 17, 28, 4322 }, // U+0114
    { 10, 15, 148, 0, 14, 19, 4350 }, // U+0115
    { 13, 18, 187, -1, 18, 30, 4369 }, // U+0116
    { 9, 16, 148, 0, 15, 18, 4399 }, // U+0117
    { 13, 19, 187, -1, 14, 31, 4417 }, // U+0118
    { 9, 16, 148, 0, 11, 18, 4448 }, // U+0119
    { 13, 18, 187, -1, 18, 30, 4466 }, // U+011A
    { 12, 16, 148, 0, 15, 24, 4496 }, // U+011B
    { 14, 19, 214, 0, 18, 34, 4520 }, // U+011C
    { 13, 20, 167, -1, 15, 33, 4554 }, // U+011D
    { 14, 18, 214, 0, 17, 32, 4587 }, // U+011E
    { 13, 19, 167, -1, 14, 31, 4619 }, // U+011F
    { 14, 19, 214, 0, 18, 34, 4650 }, // U+0120
    { 13, 20, 167, -1, 15, 33, 4684 }, // U+0121
    { 14, 19, 214, 0, 14, 34, 4717 }, // U+0122
    { 13, 20, 167, -1, 15, 33, 4751 }, // U+0123
    { 17, 18, 238, -1, 18, 39, 4784 }, // U+0124
    { 11, 20, 180, 0, 19, 28, 4823 }, // U+0125
    { 17, 14, 238, -1, 14, 30, 4851 }, // U+0126
    { 11, 16, 180, 0, 15, 22, 4881 }, // U+0127
    { 11, 17, 110, -1, 17, 24, 4903 }, // U+0128
    { 8, 15, 91, 0, 14, 15, 4927 }, // U+0129
    { 10, 16, 110, -1, 16, 20, 4942 }, // U+012A
    { 6, 14, 91, 1, 13, 11, 4962 }, // U+012B
    { 10, 17, 110, -1, 17, 22, 4973 }, // U+012C
    { 6, 15, 91, 1, 14, 12, 4995 }, // U+012D
    { 9, 19, 110, -1, 14, 22, 5007 }, // U+012E
    { 6, 20, 91, 0, 15, 15, 5029 }, // U+012F
    { 9, 18, 110, -1, 18, 21, 5044 }, // U+0130
    { 5, 12, 91, 1, 11, 8, 5065 }, // U+0131
    { 16, 19, 217, -1, 14, 38, 5073 }, // U+0132
    { 11, 20, 178, 1, 15, 28, 5111 }, // U+0133
    { 12, 23, 107, -3, 18, 35, 5139 }, // U+0134
    { 10, 20, 87, -3, 15, 25, 5174 }, // U+0135
    { 16, 19, 210, -1, 14, 38, 5199 }, // U+0136
    { 12, 20, 171, 0, 15, 30, 5237 }, // U+0137
    { 12, 12, 171, 0, 11, 18, 5267 }, // U+0138
    { 12, 18, 187, -1, 18, 27, 5285 }, // U+0139
    { 8, 20, 91, 1, 19, 20, 5312 }, // U+013A
    { 12, 19, 187, -1, 14, 29, 5332 }, // U+013B
    { 7, 20, 91, -1, 15, 18, 5361 }, // U+013C
    { 13, 14, 187, -1, 14, 23, 5379 }, // U+013D
    { 8, 16, 91, 1, 15, 16, 5402 }, // U+013E
    { 12, 14, 187, -1, 14, 21, 5418 }, // U+013F
    { 7, 16, 118, 1, 15, 14, 5439 }, // U+0140
    { 12, 14, 187, -1, 14, 21, 5453 }, // U+0141
    { 7, 16, 97, 0, 15, 14, 5474 }, // U+0142
    { 17, 18, 229, -1, 18, 39, 5488 }, // U+0143
    { 11, 16, 180, 0, 15, 22, 5527 }, // U+0144
    { 17, 19, 229, -1, 14, 41, 5549 }, // U+0145
    { 11, 16, 180, 0, 11, 22, 5590 }, // U+0146
    { 17, 18, 229, -1, 18, 39, 5612 }, // U+0147
    { 12, 16, 180, 0, 15, 24, 5651 }, // U+0148
    { 15, 15, 231, 0, 14, 29, 5675 }, // U+0149
    { 17, 19, 229, -1, 14, 41, 5704 }, // U+014A
    { 10, 16, 169, 0, 11, 20, 5745 }, // U+014B
    { 14, 17, 223, 0, 16, 30, 5765 }, // U+014C
    { 10, 14, 172, 0, 13, 18, 5795 }, // U+014D
    { 14, 18, 223, 0, 17, 32, 5813 }, // U+014E
    { 10, 15, 172, 0, 14, 19, 5845 }, // U+014F
    { 14, 19, 223, 0, 18, 34, 5864 }, // U+0150
    { 12, 16, 172, 0, 15, 24, 5898 }, // U+0151
    { 19, 15, 289, 0, 14, 36, 5922 }, // U+0152
    { 16, 12, 259, 0, 11, 24, 5958 }, // U+0153
    { 13, 18, 199, -1, 18, 30, 5982 }, // U+0154
    { 9, 15, 140, 0, 15, 17, 6012 }, // U+0155
    { 13, 19, 199, -1, 14, 31, 6029 }, // U+0156
    { 10, 16, 140, -1, 11, 20, 6060 }, // U+0157
    { 14, 18, 199, -1, 18, 32, 6080 }, // U+0158
    { 10, 15, 140, 0, 15, 19, 6112 }, // U+0159
    { 11, 19, 163, 0, 18, 27, 6131 }, // U+015A
    { 10, 16, 139, 0, 15, 20, 6158 }, // U+015B
    { 11, 19, 163, 0, 18, 27, 6178 }, // U+015C
    { 9, 16, 139, 0, 15, 18, 6205 }, // U+015D
    { 11, 19, 163, 0, 14, 27, 6223 }, // U+015E
    { 9, 16, 139, 0, 11, 18, 6250 }, // U+015F
    { 12, 19, 163, 0, 18, 29, 6268 }, // U+0160
    { 10, 16, 139, 0, 15, 20, 6297 }, // U+0161
    { 12, 19, 184, 1, 14, 29, 6317 }, // U+0162
    { 7, 18, 110, 0, 13, 16, 6346 }, // U+0163
    { 12, 18, 184, 1, 18, 27, 6362 }, // U+0164
    { 8, 16, 110, 1, 15, 16, 6389 }, // U+0165
    { 12, 14, 184, 1, 14, 21, 6405 }, // U+0166
    { 7, 14, 110, 0, 13, 13, 6426 }, // U+0167
    { 14, 18, 219, 1, 17, 32, 6439 }, // U+0168
    { 10, 15, 180, 1, 14, 19, 6471 }, // U+0169
    { 14, 17, 219, 1, 16, 30, 6490 }, // U+016A
    { 10, 14, 180, 1, 13, 18, 6520 }, // U+016B
    { 14, 18, 219, 1, 17, 32, 6538 }, // U+016C
    { 10, 15, 180, 1, 14, 19, 6570 }, // U+016D
    { 14, 20, 219, 1, 19, 35, 6589 }, // U+016E
    { 10, 17, 180, 1, 16, 22, 6624 }, // U+016F
    { 14, 19, 219, 1, 18, 34, 6646 }, // U+0170
    { 11, 16, 180, 1, 15, 22, 6680 }, // U+0171
    { 14, 19, 219, 1, 14, 34, 6702 }, // U+0172
    { 10, 16, 180, 1, 11, 20, 6736 }, // U+0173
    { 21, 18, 313, 1, 18, 48, 6756 }, // U+0174
    { 15, 16, 246, 0, 15, 30, 6804 }, // U+0175
    { 13, 18, 187, 1, 18, 30, 6834 }, // U+0176
    { 14, 20, 158, -4, 15, 35, 6864 }, // U+0177
    { 13, 17, 187, 1, 17, 28, 6899 }, // U+0178
    { 13, 18, 181, -1, 18, 30, 6927 }, // U+0179
    { 10, 15, 153, -1, 15, 19, 6957 }, // U+017A
    { 13, 18, 181, -1, 18, 30, 6976 }, // U+017B
    { 10, 15, 153, -1, 15, 19, 7006 }, // U+017C
    { 13, 18, 181, -1, 18, 30, 7025 }, // U+017D
    { 12, 15, 153, -1, 15, 23, 7055 }, // U+017E
    { 13, 20, 90, -3, 15, 33, 7078 }, // U+017F
    { 16, 16, 233, 0, 15, 32, 7111 }, // U+01A0
    { 13, 13, 182, 0, 12, 22, 7143 }, // U+01A1
    { 16, 16, 233, 1, 15, 32, 7165 }, // U+01AF
    { 13, 13, 196, 1, 12, 22, 7197 }, // U+01B0
    { 27, 18, 399, -1, 18, 61, 7219 }, // U+01C4
    { 25, 15, 371, -1, 15, 47, 7280 }, // U+01C5
    { 22, 16, 327, 0, 15, 44, 7327 }, // U+01C6
    { 21, 19, 294, -1, 14, 50, 7371 }, // U+01C7
    { 19, 20, 274, -1, 15, 48, 7421 }, // U+01C8
    { 11, 20, 178, 1, 15, 28, 7469 }, // U+01C9
    { 24, 19, 336, -1, 14, 57, 7497 }, // U+01CA
    { 21, 20, 316, -1, 15, 53, 7554 }, // U+01CB
    { 17, 20, 267, 0, 15, 43, 7607 }, // U+01CC
    { 16, 18, 211, -2, 18, 36, 7650 }, // U+01CD
    { 12, 16, 174, 0, 15, 24, 7686 }, // U+01CE
    { 11, 18, 110, -1, 18, 25, 7710 }, // U+01CF
    { 8, 16, 91, 1, 15, 16, 7735 }, // U+01D0
    { 14, 19, 223, 0, 18, 34, 7751 }, // U+01D1
    { 12, 16, 172, 0, 15, 24, 7785 }, // U+01D2
    { 14, 19, 219, 1, 18, 34, 7809 }, // U+01D3
    { 11, 16, 180, 1, 15, 22, 7843 }, // U+01D4
    { 14, 20, 219, 1, 19, 35, 7865 }, // U+01D5
    { 10, 17, 180, 1, 16, 22, 7900 }, // U+01D6
    { 14, 21, 219, 1, 20, 37, 7922 }, // U+01D7
    { 10, 18, 180, 1, 17, 23, 7959 }, // U+01D8
    { 14, 21, 219, 1, 20, 37, 7982 }, // U+01D9
    { 10, 18, 180, 1, 17, 23, 8019 }, // U+01DA
    { 14, 21, 219, 1, 20, 37, 8042 }, // U+01DB
    { 10, 18, 180, 1, 17, 23, 8079 }, // U+01DC
    { 9, 12, 148, 0, 11, 14, 8102 }, // U+01DD
    { 15, 19, 211, -2, 19, 36, 8116 }, // U+01DE
    { 11, 17, 174, 0, 16, 24, 8152 }, // U+01DF
    { 15, 19, 211, -2, 19, 36, 8176 }, // U+01E0
    { 11, 17, 174, 0, 16, 24, 8212 }, // U+01E1
    { 21, 16, 285, -2, 16, 42, 8236 }, // U+01E2
    { 15, 14, 244, 0, 13, 27, 8278 }, // U+01E3
    { 14, 15, 214, 0, 14, 27, 8305 }, // U+01E4
    { 13, 16, 167, -1, 11, 26, 8332 }, // U+01E5
    { 14, 19, 214, 0, 18, 34, 8358 }, // U+01E6
    { 13, 20, 167, -1, 15, 33, 8392 }, // U+01E7
    { 16, 18, 210, -1, 18, 36, 8425 }, // U+01E8
    { 12, 20, 171, 0, 19, 30, 8461 }, // U+01E9
    { 14, 19, 223, 0, 14, 34, 8491 }, // U+01EA
    { 10, 16, 172, 0, 11, 20, 8525 }, // U+01EB
    { 14, 21, 223, 0, 16, 37, 8545 }, // U+01EC
    { 10, 18, 172, 0, 13, 23, 8582 }, // U+01ED
    { 12, 19, 181, 0, 18, 29, 8605 }, // U+01EE
    { 12, 20, 164, -1, 15, 30, 8634 }, // U+01EF
    { 12, 20, 87, -3, 15, 30, 8664 }, // U+01F0
    { 27, 14, 399, -1, 14, 48, 8694 }, // U+01F1
    { 24, 14, 371, -1, 14, 42, 8742 }, // U+01F2
    { 20, 16, 327, 0, 15, 40, 8784 }, // U+01F3
    { 14, 19, 214, 0, 18, 34, 8824 }, // U+01F4
    { 13, 20, 167, -1, 15, 33, 8858 }, // U+01F5
    { 21, 15, 312, -1, 14, 40, 8891 }, // U+01F6
    { 16, 19, 222, -2, 14, 38, 8931 }, // U+01F7
    { 17, 18, 229, -1, 18, 39, 8969 }, // U+01F8
    { 11, 16, 180, 0, 15, 22, 9008 }, // U+01F9
    { 15, 18, 211, -2, 18, 34, 9030 }, // U+01FA
    { 11, 20, 174, 0, 19, 28, 9064 }, // U+01FB
    { 21, 18, 285, -2, 18, 48, 9092 }, // U+01FC
    { 15, 16, 244, 0, 15, 30, 9140 }, // U+01FD
    { 14, 19, 223, 0, 18, 34, 9170 }, // U+01FE
    { 11, 16, 172, 0, 15, 22, 9204 }, // U+01FF
    { 15, 18, 211, -2, 18, 34, 9226 }, // U+0200
    { 11, 16, 174, 0, 15, 22, 9260 }, // U+0201
    { 15, 17, 211, -2, 17, 32, 9282 }, // U+0202
    { 11, 15, 174, 0, 14, 21, 9314 }, // U+0203
    { 13, 18, 187, -1, 18, 30, 9335 }, // U+0204
    { 9, 16, 148, 0, 15, 18, 9365 }, // U+0205
    { 13, 17, 187, -1, 17, 28, 9383 }, // U+0206
    { 10, 15, 148, 0, 14, 19, 9411 }, // U+0207
    { 10, 18, 110, -1, 18, 23, 9430 }, // U+0208
    { 7, 16, 91, -1, 15, 14, 9453 }, // U+0209
    { 10, 17, 110, -1, 17, 22, 9467 }, // U+020A
    { 7, 15, 91, 1, 14, 14, 9489 }, // U+020B
    { 14, 19, 223, 0, 18, 34, 9503 }, // U+020C
    { 10, 16, 172, 0, 15, 20, 9537 }, // U+020D
    { 14, 18, 223, 0, 17, 32, 9557 }, // U+020E
    { 10, 15, 172, 0, 14, 19, 9589 }, // U+020F
    { 13, 18, 199, -1, 18, 30, 9608 }, // U+0210
    { 9, 15, 140, 0, 15, 17, 9638 }, // U+0211
    { 13, 17, 199, -1, 17, 28, 9655 }, // U+0212
    { 9, 14, 140, 0, 14, 16, 9683 }, // U+0213
    { 14, 19, 219, 1, 18, 34, 9699 }, // U+0214
    { 10, 16, 180, 1, 15, 20, 9733 }, // U+0215
    { 14, 18, 219, 1, 17, 32, 9753 }, // U+0216
    { 10, 15, 180, 1, 14, 19, 9785 }, // U+0217
    { 11, 19, 163, 0, 14, 27, 9804 }, // U+0218
    { 9, 16, 139, 0, 11, 18, 9831 }, // U+0219
    { 12, 19, 184, 1, 14, 29, 9849 }, // U+021A
    { 7, 18, 110, 0, 13, 16, 9878 }, // U+021B
    { 12, 17, 181, -1, 14, 26, 9894 }, // U+021C
    { 11, 16, 141, -2, 11, 22, 9920 }, // U+021D
    { 17, 18, 238, -1, 18, 39, 9942 }, // U+021E
    { 13, 19, 180, 0, 18, 31, 9981 }, // U+021F
    { 4, 4, 0, -7, 15, 2, 10012 }, // U+0300
    { 5, 4, 0, -5, 15, 3, 10014 }, // U+0301
    { 7, 4, 0, -2, 15, 4, 10017 }, // U+0302
    { 8, 3, 0, -8, 14, 3, 10021 }, // U+0303
    { 7, 2, 0, -2, 13, 2, 10024 }, // U+0304
    { 6, 2, 0, -1, 16, 2, 10026 }, // U+0305
    { 6, 3, 0, -1, 14, 3, 10028 }, // U+0306
    { 3, 4, 0, 0, 15, 2, 10031 }, // U+0307
    { 7, 3, 0, -2, 14, 3, 10033 }, // U+0308
    { 5, 5, 0, -7, 16, 4, 10036 }, // U+0309
    { 5, 5, 0, -1, 16, 4, 10040 }, // U+030A
    { 9, 4, 0, -2, 15, 5, 10044 }, // U+030B
    { 7, 4, 0, 0, 15, 4, 10049 }, // U+030C
    { 3, 4, 0, 0, 15, 2, 10053 }, // U+030D
    { 5, 4, 0, -1, 15, 3, 10055 }, // U+030E
    { 8, 4, 0, -8, 15, 4, 10058 }, // U+030F
    { 6, 5, 0, -1, 16, 4, 10062 }, // U+0310
    { 7, 3, 0, -2, 14, 3, 10066 }, // U+0311
    { 5, 6, 0, -1, 14, 4, 10069 }, // U+0312
    { 4, 6, 0, -1, 14, 3, 10073 }, // U+0313
    { 3, 6, 0, 0, 14, 3, 10076 }, // U+0314
    { 4, 6, 0, -1, 14, 3, 10079 }, // U+0315
    { 4, 4, 0, -3, -1, 2, 10082 }, // U+0316
    { 5, 4, 0, -4, -1, 3, 10084 }, // U+0317
    { 4, 4, 0, -3, 0, 2, 10087 }, // U+0318
    { 5, 4, 0, -4, 0, 3, 10089 }, // U+0319
    { 5, 6, 94, 2, 15, 4, 10092 }, // U+031A
    { 4, 5, 0, -1, 15, 3, 10096 }, // U+031B
    { 4, 5, 0, -3, 0, 3, 10099 }, // U+031C
    { 5, 4, 0, -4, 0, 3, 10102 }, // U+031D
    { 5, 4, 0, -4, 0, 3, 10105 }, // U+031E
    { 5, 5, 0, -4, 0, 4, 10108 }, // U+031F
    { 5, 2, 0, -4, -1, 2, 10112 }, // U+0320
    { 5, 5, 0, -4, 1, 4, 10114 }, // U+0321
    { 4, 5, 0, -2, 1, 3, 10118 }, // U+0322
    { 4, 3, 0, -9, -1, 2, 10121 }, // U+0323
    { 7, 3, 0, -5, -1, 3, 10123 }, // U+0324
    { 5, 5, 0, -4, 0, 4, 10126 }, // U+0325
    { 4, 4, 0, -4, -1, 2, 10130 }, // U+0326
    { 6, 6, 0, -4, 1, 5, 10132 }, // U+0327
    { 5, 5, 0, -4, 0, 4, 10137 }, // U+0328
    { 3, 4, 0, -3, 0, 2, 10141 }, // U+0329
    { 8, 4, 0, -6, -1, 4, 10143 }, // U+032A
    { 7, 3, 0, -5, -1, 3, 10147 }, // U+032B
    { 6, 4, 0, -3, 0, 3, 10150 }, // U+032C
    { 6, 4, 0, -5, 0, 3, 10153 }, // U+032D
    { 7, 3, 0, -5, -1, 3, 10156 }, // U+032E
    { 7, 3, 0, -5, -1, 3, 10159 }, // U+032F
    { 9, 3, 0, -6, -1, 4, 10162 }, // U+0330
    { 7, 2, 0, -5, -1, 2, 10166 }, // U+0331
    { 9, 2, 0, -10, -1, 3, 10168 }, // U+0332
    { 9, 4, 0, -10, -1, 5, 10171 }, // U+0333
    { 8, 3, 0, -4, 7, 3, 10176 }, // U+0334
    { 8, 2, 0, -4, 6, 2, 10179 }, // U+0335
    { 13, 2, 0, -6, 6, 4, 10181 }, // U+0336
    { 8, 5, 0, -4, 8, 5, 10185 }, // U+0337
    { 11, 17, 0, -5, 15, 24, 10190 }, // U+0338
    { 4, 5, 0, -4, 0, 3, 10214 }, // U+0339
    { 8, 4, 0, -6, -1, 4, 10217 }, // U+033A
    { 9, 5, 0, -6, 0, 6, 10221 }, // U+033B
    { 7, 3, 0, -5, -1, 3, 10227 }, // U+033C
    { 5, 4, 0, -1, 14, 3, 10230 }, // U+033D
    { 4, 7, 0, 0, 17, 4, 10233 }, // U+033E
    { 10, 4, 0, -3, 18, 5, 10237 }, // U+033F
    { 4, 4, 0, -1, 15, 2, 10242 }, // U+0340
    { 5, 4, 0, -1, 15, 3, 10244 }, // U+0341
    { 8, 3, 0, -2, 14, 3, 10247 }, // U+0342
    { 4, 4, 0, 0, 15, 2, 10250 }, // U+0343
    { 9, 5, 0, -3, 15, 6, 10252 }, // U+0344
    { 4, 4, 0, -1, -1, 2, 10258 }, // U+0345
    { 8, 4, 0, -2, 15, 4, 10260 }, // U+0346
    { 9, 5, 0, -6, 0, 6, 10264 }, // U+0347
    { 5, 4, 0, -4, 0, 3, 10270 }, // U+0348
    { 4, 4, 0, -3, -1, 2, 10273 }, // U+0349
    { 8, 5, 0, -2, 15, 5, 10275 }, // U+034A
    { 8, 8, 0, -2, 18, 8, 10280 }, // U+034B
    { 8, 5, 0, -2, 16, 5, 10288 }, // U+034C
    { 7, 5, 0, -5, 0, 5, 10293 }, // U+034D
    { 5, 5, 0, -4, 0, 4, 10298 }, // U+034E
    { 14, 14, 0, -7, 14, 25, 10302 }, // U+034F
    { 4, 5, 0, -1, 15, 3, 10327 }, // U+0350
    { 3, 5, 0, 0, 16, 2, 10330 }, // U+0351
    { 6, 5, 0, -1, 16, 4, 10332 }, // U+0352
    { 5, 5, 0, -4, 0, 4, 10336 }, // U+0353
    { 5, 5, 0, -4, 0, 4, 10340 }, // U+0354
    { 5, 5, 0, -4, 0, 4, 10344 }, // U+0355
    { 8, 5, 0, -5, 0, 5, 10348 }, // U+0356
    { 3, 5, 0, 0, 16, 2, 10353 }, // U+0357
    { 3, 4, 0, 3, 15, 2, 10355 }, // U+0358
    { 6, 5, 0, -3, 0, 4, 10357 }, // U+0359
    { 7, 5, 0, -5, 0, 5, 10361 }, // U+035A
    { 5, 4, 0, -1, 15, 3, 10366 }, // U+035B
    { 15, 4, 0, -9, 0, 8, 10369 }, // U+035C
    { 16, 4, 0, -6, 15, 8, 10377 }, // U+035D
    { 13, 2, 0, -5, 13, 4, 10385 }, // U+035E
    { 13, 2, 0, -8, -1, 4, 10389 }, // U+035F
    { 16, 3, 0, -6, 14, 6, 10393 }, // U+0360
    { 15, 4, 0, -6, 16, 8, 10399 }, // U+0361
    { 12, 5, 0, -8, 0, 8, 10407 }, // U+0362
    { 6, 5, 0, -1, 16, 4, 10415 }, // U+0363
    { 4, 5, 0, 0, 16, 3, 10419 }, // U+0364
    { 3, 7, 0, 1, 18, 3, 10422 }, // U+0365
    { 5, 5, 0, -1, 16, 4, 10425 }, // U+0366
    { 6, 5, 0, -1, 16, 4, 10429 }, // U+0367
    { 4, 5, 0, 0, 16, 3, 10433 }, // U+0368
    { 6, 7, 0, -1, 18, 6, 10436 }, // U+0369
    { 6, 7, 0, -1, 18, 6, 10442 }, // U+036A
    { 8, 5, 0, -2, 16, 5, 10448 }, // U+036B
    { 4, 5, 0, 0, 16, 3, 10453 }, // U+036C
    { 4, 6, 0, 0, 17, 3, 10456 }, // U+036D
    { 5, 5, 0, -1, 16, 4, 10459 }, // U+036E
    { 6, 5, 0, -1, 16, 4, 10463 }, // U+036F
    { 13, 18, 188, -1, 18, 30, 10467 }, // U+0400
    { 13, 18, 188, -1, 18, 30, 10497 }, // U+0401
    { 13, 14, 240, 1, 14, 23, 10527 }, // U+0402
    { 13, 18, 169, -1, 18, 30, 10550 }, // U+0403
    { 12, 15, 184, 1, 14, 23, 10580 }, // U+0404
    { 11, 15, 165, 0, 14, 21, 10603 }, // U+0405
    { 9, 14, 111, -1, 14, 16, 10624 }, // U+0406
    { 10, 18, 111, -1, 18, 23, 10640 }, // U+0407
    { 11, 19, 108, -3, 14, 27, 10663 }, // U+0408
    { 19, 15, 289, -1, 14, 36, 10690 }, // U+0409
    { 20, 14, 305, -1, 14, 35, 10726 }, // U+040A
    { 14, 14, 256, 1, 14, 25, 10761 }, // U+040B
    { 15, 18, 211, -1, 18, 34, 10786 }, // U+040C
    { 18, 18, 242, -1, 18, 41, 10820 }, // U+040D
    { 13, 19, 195, 1, 18, 31, 10861 }, // U+040E
    { 17, 18, 236, -1, 14, 39, 10892 }, // U+040F
    { 15, 14, 211, -2, 14, 27, 10931 }, // U+0410
    { 13, 14, 189, -1, 14, 23, 10958 }, // U+0411
    { 13, 14, 196, -1, 14, 23, 10981 }, // U+0412
    { 13, 14, 169, -1, 14, 23, 11004 }, // U+0413
    { 17, 18, 223, -2, 14, 39, 11027 }, // U+0414
    { 13, 14, 188, -1, 14, 23, 11066 }, // U+0415
    { 22, 14, 294, -2, 14, 39, 11089 }, // U+0416
    { 11, 15, 178, 0, 14, 21, 11128 }, // U+0417
    { 18, 14, 242, -1, 14, 32, 11149 }, // U+0418
    { 18, 18, 242, -1, 18, 41, 11181 }, // U+0419
    { 15, 14, 211, -1, 14, 27, 11222 }, // U+041A
    { 16, 15, 220, -1, 14, 30, 11249 }, // U+041B
    { 20, 14, 286, -1, 14, 35, 11279 }, // U+041C
    { 17, 14, 239, -1, 14, 30, 11314 }, // U+041D
    { 13, 15, 222, 1, 14, 25, 11344 }, // U+041E
    { 17, 14, 236, -1, 14, 30, 11369 }, // U+041F
    { 13, 14, 183, -1, 14, 23, 11399 }, // U+0420
    { 12, 15, 184, 1, 14, 23, 11422 }, // U+0421
    { 12, 14, 187, 1, 14, 21, 11445 }, // U+0422
    { 13, 15, 195, 1, 14, 25, 11466 }, // U+0423
    { 15, 15, 258, 1, 14, 29, 11491 }, // U+0424
    { 15, 14, 199, -1, 14, 27, 11520 }, // U+0425
    { 17, 18, 236, -1, 14, 39, 11547 }, // U+0426
    { 15, 14, 227, 1, 14, 27, 11586 }, // U+0427
    { 23, 14, 322, -1, 14, 41, 11613 }, // U+0428
    { 23, 18, 322, -1, 14, 52, 11654 }, // U+0429
    { 12, 14, 215, 1, 14, 21, 11706 }, // U+042A
    { 20, 14, 274, -1, 14, 35, 11727 }, // U+042B
    { 12, 14, 186, -1, 14, 21, 11762 }, // U+042C
    { 12, 15, 188, 0, 14, 23, 11783 }, // U+042D
    { 20, 15, 306, -1, 14, 38, 11806 }, // U+042E
    { 16, 14, 194, -2, 14, 28, 11844 }, // U+042F
    { 11, 12, 171, 0, 11, 17, 11872 }, // U+0430
    { 12, 16, 174, 0, 15, 24, 11889 }, // U+0431
    { 10, 12, 159, 0, 11, 15, 11913 }, // U+0432
    { 9, 12, 136, 0, 11, 14, 11928 }, // U+0433
    { 11, 16, 172, 0, 15, 22, 11942 }, // U+0434
    { 9, 12, 148, 0, 11, 14, 11964 }, // U+0435
    { 19, 12, 276, -1, 11, 29, 11978 }, // U+0436
    { 9, 12, 144, 0, 11, 14, 12007 }, // U+0437
    { 11, 12, 178, 0, 11, 17, 12021 }, // U+0438
    { 11, 16, 178, 0, 15, 22, 12038 }, // U+0439
    { 11, 11, 174, 0, 11, 16, 12060 }, // U+043A
    { 12, 12, 177, -1, 11, 18, 12076 }, // U+043B
    { 16, 12, 246, -1, 11, 24, 12094 }, // U+043C
    { 11, 12, 179, 0, 11, 17, 12118 }, // U+043D
    { 11, 12, 172, 0, 11, 17, 12135 }, // U+043E
    { 11, 12, 179, 0, 11, 17, 12152 }, // U+043F
    { 12, 16, 171, -1, 11, 24, 12169 }, // U+0440
    { 10, 12, 146, 0, 11, 15, 12193 }, // U+0441
    { 17, 12, 268, 0, 11, 26, 12208 }, // U+0442
    { 11, 16, 163, -1, 11, 22, 12234 }, // U+0443
    { 14, 20, 229, 0, 15, 35, 12256 }, // U+0444
    { 12, 11, 159, -1, 11, 17, 12291 }, // U+0445
    { 11, 16, 178, 0, 11, 22, 12308 }, // U+0446
    { 11, 12, 169, 0, 11, 17, 12330 }, // U+0447
    { 17, 12, 267, 0, 11, 26, 12347 }, // U+0448
    { 17, 16, 267, 0, 11, 34, 12373 }, // U+0449
    { 9, 12, 156, 0, 11, 14, 12407 }, // U+044A
    { 14, 12, 229, 0, 11, 21, 12421 }, // U+044B
    { 9, 12, 157, 0, 11, 14, 12442 }, // U+044C
    { 9, 12, 150, 0, 11, 14, 12456 }, // U+044D
    { 15, 12, 240, 0, 11, 23, 12470 }, // U+044E
    { 12, 12, 171, -1, 11, 18, 12493 }, // U+044F
    { 9, 16, 148, 0, 15, 18, 12511 }, // U+0450
    { 10, 15, 148, 0, 14, 19, 12529 }, // U+0451
    { 10, 20, 168, 0, 15, 25, 12548 }, // U+0452
    { 9, 16, 136, 0, 15, 18, 12573 }, // U+0453
    { 10, 12, 146, 0, 11, 15, 12591 }, // U+0454
    { 8, 12, 136, 0, 11, 12, 12606 }, // U+0455
    { 6, 16, 88, 0, 15, 12, 12618 }, // U+0456
    { 7, 16, 88, 0, 15, 14, 12630 }, // U+0457
    { 9, 20, 85, -3, 15, 23, 12644 }, // U+0458
    { 16, 12, 243, -1, 11, 24, 12667 }, // U+0459
    { 15, 12, 244, 0, 11, 23, 12691 }, // U+045A
    { 11, 16, 179, 0, 15, 22, 12714 }, // U+045B
    { 11, 15, 174, 0, 15, 21, 12736 }, // U+045C
    { 11, 16, 178, 0, 15, 22, 12757 }, // U+045D
    { 11, 20, 163, -1, 15, 28, 12779 }, // U+045E
    { 11, 16, 178, 0, 11, 22, 12807 }, // U+045F
    { 17, 14, 289, 1, 14, 30, 12829 }, // U+0460
    { 15, 11, 240, 0, 11, 21, 12859 }, // U+0461
    { 12, 14, 184, -1, 14, 21, 12880 }, // U+0462
    { 15, 12, 241, 0, 11, 23, 12901 }, // U+0463
    { 19, 15, 273, -1, 14, 36, 12924 }, // U+0464
    { 15, 12, 230, 0, 11, 23, 12960 }, // U+0465
    { 15, 14, 207, -2, 14, 27, 12983 }, // U+0466
    { 11, 11, 173, -1, 11, 16, 13010 }, // U+0467
    { 20, 14, 311, -1, 14, 35, 13026 }, // U+0468
    { 15, 11, 240, 0, 11, 21, 13061 }, // U+0469
    { 17, 14, 236, -2, 14, 30, 13082 }, // U+046A
    { 14, 11, 211, -1, 11, 20, 13112 }, // U+046B
    { 22, 14, 340, -1, 14, 39, 13132 }, // U+046C
    { 17, 11, 273, 0, 11, 24, 13171 }, // U+046D
    { 12, 20, 181, -1, 16, 30, 13195 }, // U+046E
    { 10, 17, 143, -1, 13, 22, 13225 }, // U+046F
    { 16, 14, 248, 2, 14, 28, 13247 }, // U+0470
    { 12, 20, 212, 1, 15, 30, 13275 }, // U+0471
    { 14, 15, 223, 0, 14, 27, 13305 }, // U+0472
    { 10, 12, 172, 0, 11, 15, 13332 }, // U+0473
    { 14, 14, 208, 1, 14, 25, 13347 }, // U+0474
    { 12, 12, 176, 0, 11, 18, 13372 }, // U+0475
    { 14, 18, 208, 1, 18, 32, 13390 }, // U+0476
    { 12, 16, 176, 0, 15, 24, 13422 }, // U+0477
    { 22, 19, 355, 0, 14, 53, 13446 }, // U+0478
    { 19, 16, 300, 0, 11, 38, 13499 }, // U+0479
    { 15, 17, 235, 0, 15, 32, 13537 }, // U+047A
    { 12, 14, 190, 0, 12, 21, 13569 }, // U+047B
    { 17, 21, 295, 1, 20, 45, 13590 }, // U+047C
    { 14, 18, 237, 0, 17, 32, 13635 }, // U+047D
    { 17, 17, 289, 1, 17, 37, 13667 }, // U+047E
    { 15, 14, 240, 0, 14, 27, 13704 }, // U+047F
    { 13, 19, 188, 0, 14, 31, 13731 }, // U+0480
    { 10, 16, 146, 0, 11, 20, 13762 }, // U+0481
    { 11, 13, 183, 0, 12, 18, 13782 }, // U+0482
    { 8, 4, 0, -3, 14, 4, 13800 }, // U+0483
    { 7, 3, 0, -2, 14, 3, 13804 }, // U+0484
    { 3, 4, 0, 0, 15, 2, 13807 }, // U+0485
    { 3, 4, 0, 0, 15, 2, 13809 }, // U+0486
    { 8, 3, 0, -2, 17, 3, 13811 }, // U+0487
    { 24, 22, 0, -12, 16, 66, 13814 }, // U+0488
    { 24, 24, 0, -12, 17, 72, 13880 }, // U+0489
    { 18, 22, 241, -1, 18, 50, 13952 }, // U+048A
    { 10, 19, 180, 1, 15, 24, 14002 }, // U+048B
    { 12, 15, 184, -1, 15, 23, 14026 }, // U+048C
    { 10, 14, 158, 0, 13, 18, 14049 }, // U+048D
    { 13, 14, 186, -1, 14, 23, 14067 }, // U+048E
    { 12, 16, 173, -1, 11, 24, 14090 }, // U+048F
    { 13, 16, 163, -1, 16, 26, 14114 }, // U+0490
    { 9, 13, 133, 0, 13, 15, 14140 }, // U+0491
    { 13, 14, 168, -1, 14, 23, 14155 }, // U+0492
    { 9, 11, 137, 0, 11, 13, 14178 }, // U+0493
    { 13, 19, 197, -1, 14, 31, 14191 }, // U+0494
    { 9, 16, 156, 0, 11, 18, 14222 }, // U+0495
    { 22, 18, 308, -2, 14, 50, 14240 }, // U+0496
    { 19, 16, 303, 0, 11, 38, 14290 }, // U+0497
    { 11, 19, 181, 0, 14, 27, 14328 }, // U+0498
    { 9, 16, 143, 0, 11, 18, 14355 }, // U+0499
    { 15, 18, 222, -1, 14, 34, 14373 }, // U+049A
    { 12, 16, 181, 0, 11, 24, 14407 }, // U+049B
    { 16, 14, 219, -1, 14, 28, 14431 }, // U+049C
    { 12, 11, 190, 0, 11, 17, 14459 }, // U+049D
    { 15, 14, 210, -1, 14, 27, 14476 }, // U+049E
    { 12, 16, 181, 0, 15, 24, 14503 }, // U+049F
    { 15, 14, 235, 1, 14, 27, 14527 }, // U+04A0
    { 14, 11, 212, 0, 11, 20, 14554 }, // U+04A1
    { 17, 18, 238, -1, 14, 39, 14574 }, // U+04A2
    { 12, 16, 189, 0, 11, 24, 14613 }, // U+04A3
    { 19, 14, 263, -1, 14, 34, 14637 }, // U+04A4
    { 15, 12, 226, 0, 11, 23, 14671 }, // U+04A5
    { 20, 19, 316, -1, 14, 48, 14694 }, // U+04A6
    { 16, 16, 257, 0, 11, 32, 14742 }, // U+04A7
    { 13, 15, 219, 0, 14, 25, 14774 }, // U+04A8
    { 11, 12, 183, 0, 11, 17, 14799 }, // U+04A9
    { 13, 19, 188, 0, 14, 31, 14816 }, // U+04AA
    { 10, 16, 146, 0, 11, 20, 14847 }, // U+04AB
    { 12, 18, 184, 1, 14, 27, 14867 }, // U+04AC
    { 17, 16, 269, 0, 11, 34, 14894 }, // U+04AD
    { 13, 14, 187, 1, 14, 23, 14928 }, // U+04AE
    { 10, 16, 165, 0, 11, 20, 14951 }, // U+04AF
    { 13, 14, 187, 1, 14, 23, 14971 }, // U+04B0
    { 10, 16, 165, 0, 11, 20, 14994 }, // U+04B1
    { 15, 18, 198, -1, 14, 34, 15014 }, // U+04B2
    { 12, 16, 164, -1, 11, 24, 15048 }, // U+04B3
    { 17, 18, 268, 1, 14, 39, 15072 }, // U+04B4
    { 14, 16, 221, 0, 11, 28, 15111 }, // U+04B5
    { 14, 18, 227, 1, 14, 32, 15139 }, // U+04B6
    { 12, 16, 183, 0, 11, 24, 15171 }, // U+04B7
    { 15, 14, 227, 1, 14, 27, 15195 }, // U+04B8
    { 11, 12, 169, 0, 11, 17, 15222 }, // U+04B9
    { 14, 14, 227, -1, 14, 25, 15239 }, // U+04BA
    { 11, 16, 180, 0, 15, 22, 15264 }, // U+04BB
    { 15, 15, 239, 0, 14, 29, 15286 }, // U+04BC
    { 11, 12, 180, 0, 11, 17, 15315 }, // U+04BD
    { 15, 18, 239, 0, 14, 34, 15332 }, // U+04BE
    { 11, 15, 180, 0, 11, 21, 15366 }, // U+04BF
    { 9, 14, 110, -1, 14, 16, 15387 }, // U+04C0
    { 22, 18, 294, -2, 18, 50, 15403 }, // U+04C1
    { 19, 16, 276, -1, 15, 38, 15453 }, // U+04C2
    { 15, 19, 208, -1, 14, 36, 15491 }, // U+04C3
    { 12, 16, 184, 0, 11, 24, 15527 }, // U+04C4
    { 16, 18, 211, -1, 14, 36, 15551 }, // U+04C5
    { 12, 15, 193, 0, 11, 23, 15587 }, // U+04C6
    { 17, 19, 237, -1, 14, 41, 15610 }, // U+04C7
    { 11, 16, 185, 0, 11, 22, 15651 }, // U+04C8
    { 17, 18, 238, -1, 14, 39, 15673 }, // U+04C9
    { 12, 15, 189, 0, 11, 23, 15712 }, // U+04CA
    { 14, 18, 227, 1, 14, 32, 15735 }, // U+04CB
    { 11, 15, 183, 0, 11, 21, 15767 }, // U+04CC
    { 20, 18, 281, -1, 14, 45, 15788 }, // U+04CD
    { 17, 15, 270, 0, 11, 32, 15833 }, // U+04CE
    { 9, 14, 110, -1, 14, 16, 15865 }, // U+04CF
    { 15, 18, 211, -2, 18, 34, 15881 }, // U+04D0
    { 11, 16, 174, 0, 15, 22, 15915 }, // U+04D1
    { 15, 17, 211, -2, 17, 32, 15937 }, // U+04D2
    { 11, 15, 174, 0, 14, 21, 15969 }, // U+04D3
    { 21, 14, 285, -2, 14, 37, 15990 }, // U+04D4
    { 15, 12, 244, 0, 11, 23, 16027 }, // U+04D5
    { 13, 18, 187, -1, 18, 30, 16050 }, // U+04D6
    { 9, 16, 148, 0, 15, 18, 16080 }, // U+04D7
    { 12, 15, 200, 0, 14, 23, 16098 }, // U+04D8
    { 9, 12, 148, 0, 11, 14, 16121 }, // U+04D9
    { 12, 18, 200, 0, 17, 27, 16135 }, // U+04DA
    { 9, 15, 148, 0, 14, 17, 16162 }, // U+04DB
    { 22, 17, 294, -2, 17, 47, 16179 }, // U+04DC
    { 19, 15, 276, -1, 14, 36, 16226 }, // U+04DD
    { 11, 18, 178, 0, 17, 25, 16262 }, // U+04DE
    { 9, 15, 144, 0, 14, 17, 16287 }, // U+04DF
    { 12, 15, 181, 0, 14, 23, 16304 }, // U+04E0
    { 11, 16, 164, -1, 11, 22, 16327 }, // U+04E1
    { 18, 16, 242, -1, 16, 36, 16349 }, // U+04E2
    { 10, 14, 180, 1, 13, 18, 16385 }, // U+04E3
    { 18, 17, 242, -1, 17, 39, 16403 }, // U+04E4
    { 10, 15, 180, 1, 14, 19, 16442 }, // U+04E5
    { 14, 18, 223, 0, 17, 32, 16461 }, // U+04E6
    { 10, 15, 172, 0, 14, 19, 16493 }, // U+04E7
    { 14, 15, 223, 0, 14, 27, 16512 }, // U+04E8
    { 10, 12, 172, 0, 11, 15, 16539 }, // U+04E9
    { 14, 18, 223, 0, 17, 32, 16554 }, // U+04EA
    { 10, 15, 172, 0, 14, 19, 16586 }, // U+04EB
    { 12, 18, 188, 0, 17, 27, 16605 }, // U+04EC
    { 9, 15, 150, 0, 14, 17, 16632 }, // U+04ED
    { 13, 17, 195, 1, 16, 28, 16649 }, // U+04EE
    { 14, 18, 158, -4, 13, 32, 16677 }, // U+04EF
    { 13, 18, 195, 1, 17, 30, 16709 }, // U+04F0
    { 14, 19, 158, -4, 14, 34, 16739 }, // U+04F1
    { 13, 19, 195, 1, 18, 31, 16773 }, // U+04F2
    { 15, 20, 158, -4, 15, 38, 16804 }, // U+04F3
    { 15, 17, 227, 1, 17, 32, 16842 }, // U+04F4
    { 11, 15, 169, 0, 14, 21, 16874 }, // U+04F5
    { 13, 18, 168, -1, 14, 30, 16895 }, // U+04F6
    { 9, 16, 137, 0, 11, 18, 16925 }, // U+04F7
    { 20, 17, 274, -1, 17, 43, 16943 }, // U+04F8
    { 14, 15, 229, 0, 14, 27, 16986 }, // U+04F9
    { 13, 18, 168, -1, 14, 30, 17013 }, // U+04FA
    { 9, 15, 137, 0, 11, 17, 17043 }, // U+04FB
    { 15, 18, 198, -1, 14, 34, 17060 }, // U+04FC
    { 12, 15, 164, -1, 11, 23, 17094 }, // U+04FD
    { 15, 14, 198, -1, 14, 27, 17117 }, // U+04FE
    { 12, 11, 164, -1, 11, 17, 17144 }, // U+04FF
    { 15, 18, 211, -2, 14, 34, 17161 }, // U+1EA0
    { 11, 15, 174, 0, 11, 21, 17195 }, // U+1EA1
    { 15, 19, 211, -2, 19, 36, 17216 }, // U+1EA2
    { 11, 17, 174, 0, 16, 24, 17252 }, // U+1EA3
    { 17, 19, 211, -2, 19, 41, 17276 }, // U+1EA4
    { 13, 17, 174, 0, 16, 28, 17317 }, // U+1EA5
    { 15, 19, 211, -2, 19, 36, 17345 }, // U+1EA6
    { 11, 17, 174, 0, 16, 24, 17381 }, // U+1EA7
    { 16, 20, 211, -2, 20, 40, 17405 }, // U+1EA8
    { 12, 18, 174, 0, 17, 27, 17445 }, // U+1EA9
    { 15, 20, 211, -2, 20, 38, 17472 }, // U+1EAA
    { 11, 18, 174, 0, 17, 25, 17510 }, // U+1EAB
    { 15, 22, 211, -2, 18, 42, 17535 }, // U+1EAC
    { 11, 19, 174, 0, 15, 27, 17577 }, // U+1EAD
    { 15, 19, 211, -2, 19, 36, 17604 }, // U+1EAE
    { 11, 17, 174, 0, 16, 24, 17640 }, // U+1EAF
    { 15, 19, 211, -2, 19, 36, 17664 }, // U+1EB0
    { 11, 17, 174, 0, 16, 24, 17700 }, // U+1EB1
    { 15, 20, 211, -2, 20, 38, 17724 }, // U+1EB2
    { 11, 18, 174, 0, 17, 25, 17762 }, // U+1EB3
    { 15, 20, 211, -2, 20, 38, 17787 }, // U+1EB4
    { 11, 18, 174, 0, 17, 25, 17825 }, // U+1EB5
    { 15, 21, 211, -2, 17, 40, 17850 }, // U+1EB6
    { 11, 18, 174, 0, 14, 25, 17890 }, // U+1EB7
    { 13, 18, 187, -1, 14, 30, 17915 }, // U+1EB8
    { 9, 15, 148, 0, 11, 17, 17945 }, // U+1EB9
    { 13, 19, 187, -1, 19, 31, 17962 }, // U+1EBA
    { 9, 17, 148, 0, 16, 20, 17993 }, // U+1EBB
    { 13, 17, 187, -1, 17, 28, 18013 }, // U+1EBC
    { 10, 15, 148, 0, 14, 19, 18041 }, // U+1EBD
    { 15, 19, 187, -1, 19, 36, 18060 }, // U+1EBE
    { 13, 17, 148, 0, 16, 28, 18096 }, // U+1EBF
    { 13, 19, 187, -1, 19, 31, 18124 }, // U+1EC0
    { 10, 17, 148, 0, 16, 22, 18155 }, // U+1EC1
    { 14, 20, 187, -1, 20, 35, 18177 }, // U+1EC2
    { 12, 18, 148, 0, 17, 27, 18212 }, // U+1EC3
    { 13, 20, 187, -1, 20, 33, 18239 }, // U+1EC4
    { 11, 18, 148, 0, 17, 25, 18272 }, // U+1EC5
    { 13, 22, 187, -1, 18, 36, 18297 }, // U+1EC6
    { 10, 19, 148, 0, 15, 24, 18333 }, // U+1EC7
    { 9, 19, 110, -1, 19, 22, 18357 }, // U+1EC8
    { 6, 17, 91, 1, 16, 13, 18379 }, // U+1EC9
    { 9, 18, 110, -1, 14, 21, 18392 }, // U+1ECA
    { 6, 19, 91, 0, 15, 15, 18413 }, // U+1ECB
    { 14, 18, 223, 0, 14, 32, 18428 }, // U+1ECC
    { 10, 15, 172, 0, 11, 19, 18460 }, // U+1ECD
    { 14, 20, 223, 0, 19, 35, 18479 }, // U+1ECE
    { 10, 17, 172, 0, 16, 22, 18514 }, // U+1ECF
    { 15, 20, 223, 0, 19, 38, 18536 }, // U+1ED0
    { 13, 17, 172, 0, 16, 28, 18574 }, // U+1ED1
    { 14, 20, 223, 0, 19, 35, 18602 }, // U+1ED2
    { 10, 17, 172, 0, 16, 22, 18637 }, // U+1ED3
    { 14, 21, 223, 0, 20, 37, 18659 }, // U+1ED4
    { 12, 18, 172, 0, 17, 27, 18696 }, // U+1ED5
    { 14, 21, 223, 0, 20, 37, 18723 }, // U+1ED6
    { 11, 18, 172, 0, 17, 25, 18760 }, // U+1ED7
    { 14, 22, 223, 0, 18, 39, 18785 }, // U+1ED8
    { 10, 19, 172, 0, 15, 24, 18824 }, // U+1ED9
    { 16, 19, 233, 0, 18, 38, 18848 }, // U+1EDA
    { 13, 16, 182, 0, 15, 26, 18886 }, // U+1EDB
    { 16, 19, 233, 0, 18, 38, 18912 }, // U+1EDC
    { 13, 16, 182, 0, 15, 26, 18950 }, // U+1EDD
    { 16, 20, 233, 0, 19, 40, 18976 }, // U+1EDE
    { 13, 17, 182, 0, 16, 28, 19016 }, // U+1EDF
    { 16, 18, 233, 0, 17, 36, 19044 }, // U+1EE0
    { 13, 15, 182, 0, 14, 25, 19080 }, // U+1EE1
    { 16, 19, 233, 0, 15, 38, 19105 }, // U+1EE2
    { 13, 16, 182, 0, 12, 26, 19143 }, // U+1EE3
    { 14, 18, 219, 1, 14, 32, 19169 }, // U+1EE4
    { 10, 15, 180, 1, 11, 19, 19201 }, // U+1EE5
    { 14, 20, 219, 1, 19, 35, 19220 }, // U+1EE6
    { 10, 17, 180, 1, 16, 22, 19255 }, // U+1EE7
    { 16, 19, 233, 1, 18, 38, 19277 }, // U+1EE8
    { 13, 16, 196, 1, 15, 26, 19315 }, // U+1EE9
    { 16, 19, 233, 1, 18, 38, 19341 }, // U+1EEA
    { 13, 16, 196, 1, 15, 26, 19379 }, // U+1EEB
    { 16, 20, 233, 1, 19, 40, 19405 }, // U+1EEC
    { 13, 17, 196, 1, 16, 28, 19445 }, // U+1EED
    { 16, 18, 233, 1, 17, 36, 19473 }, // U+1EEE
    { 13, 15, 196, 1, 14, 25, 19509 }, // U+1EEF
    { 16, 19, 233, 1, 15, 38, 19534 }, // U+1EF0
    { 13, 16, 196, 1, 12, 26, 19572 }, // U+1EF1
    { 13, 18, 187, 1, 18, 30, 19598 }, // U+1EF2
    { 14, 20, 158, -4, 15, 35, 19628 }, // U+1EF3
    { 13, 18, 187, 1, 14, 30, 19663 }, // U+1EF4
    { 14, 16, 158, -4, 11, 28, 19693 }, // U+1EF5
    { 13, 19, 187, 1, 19, 31, 19721 }, // U+1EF6
    { 14, 21, 158, -4, 16, 37, 19752 }, // U+1EF7
    { 13, 17, 187, 1, 17, 28, 19789 }, // U+1EF8
    { 14, 19, 158, -4, 14, 34, 19817 }, // U+1EF9
    { 0, 0, 150, 0, 0, 0, 19851 }, // U+2000
    { 0, 0, 300, 0, 0, 0, 19851 }, // U+2001
    { 0, 0, 150, 0, 0, 0, 19851 }, // U+2002
    { 0, 0, 300, 0, 0, 0, 19851 }, // U+2003
    { 0, 0, 100, 0, 0, 0, 19851 }, // U+2004
    { 0, 0, 75, 0, 0, 0, 19851 }, // U+2005
    { 0, 0, 50, 0, 0, 0, 19851 }, // U+2006
    { 0, 0, 168, 0, 0, 0, 19851 }, // U+2007
    { 0, 0, 75, 0, 0, 0, 19851 }, // U+2008
    { 0, 0, 50, 0, 0, 0, 19851 }, // U+2009
    { 0, 0, 30, 0, 0, 0, 19851 }, // U+200A
    { 0, 0, 0, 0, 0, 0, 19851 }, // U+200B
    { 2, 15, 0, -1, 12, 4, 19851 }, // U+200C
    { 6, 16, 0, -3, 13, 12, 19855 }, // U+200D
    { 5, 16, 0, -1, 13, 10, 19867 }, // U+200E
    { 5, 16, 0, -4, 13, 10, 19877 }, // U+200F
    { 6, 2, 93, 0, 6, 2, 19887 }, // U+2010
    { 6, 2, 93, 0, 6, 2, 19889 }, // U+2011
    { 10, 2, 168, 0, 8, 3, 19891 }, // U+2012
    { 11, 2, 150, -1, 6, 3, 19894 }, // U+2013
    { 20, 2, 300, -1, 6, 5, 19897 }, // U+2014
    { 20, 2, 300, -1, 6, 5, 19902 }, // U+2015
    { 5, 20, 168, 3, 15, 13, 19907 }, // U+2016
    { 9, 4, 123, -2, 0, 5, 19920 }, // U+2017
    { 5, 6, 75, 1, 14, 4, 19925 }, // U+2018
    { 4, 6, 75, 1, 14, 3, 19929 }, // U+2019
    { 4, 6, 75, -1, 3, 3, 19932 }, // U+201A
    { 4, 6, 75, 2, 14, 3, 19935 }, // U+201B
    { 9, 6, 135, 1, 14, 7, 19938 }, // U+201C
    { 8, 6, 135, 1, 14, 6, 19945 }, // U+201D
    { 8, 6, 135, -1, 3, 6, 19951 }, // U+201E
    { 7, 6, 135, 2, 14, 6, 19957 }, // U+201F
    { 8, 18, 134, 1, 15, 18, 19963 }, // U+2020
    { 11, 18, 134, -1, 15, 25, 19981 }, // U+2021
    { 6, 7, 109, 1, 10, 6, 20006 }, // U+2022
    { 7, 7, 150, 2, 10, 7, 20012 }, // U+2023
    { 3, 3, 86, 1, 8, 2, 20019 }, // U+2024
    { 9, 3, 161, 1, 8, 4, 20021 }, // U+2025
    { 14, 4, 257, 0, 3, 7, 20025 }, // U+2026
    { 3, 4, 75, 1, 7, 2, 20032 }, // U+2027
    { 0, 0, 180, 0, 0, 0, 20034 }, // U+2028
    { 0, 0, 180, 0, 0, 0, 20034 }, // U+2029
    { 5, 15, 0, -1, 12, 10, 20034 }, // U+202A
    { 5, 15, 0, -4, 12, 10, 20044 }, // U+202B
    { 6, 16, 0, -3, 13, 12, 20054 }, // U+202C
    { 6, 16, 0, -3, 13, 12, 20066 }, // U+202D
    { 6, 16, 0, -3, 13, 12, 20078 }, // U+202E
    { 0, 0, 50, 0, 0, 0, 20090 }, // U+202F
    { 23, 15, 385, 1, 14, 44, 20090 }, // U+2030
    { 30, 15, 502, 1, 14, 57, 20134 }, // U+2031
    { 5, 6, 66, 1, 14, 4, 20191 }, // U+2032
    { 8, 6, 122, 1, 14, 6, 20195 }, // U+2033
    { 12, 6, 179, 1, 14, 9, 20201 }, // U+2034
    { 3, 6, 66, 2, 14, 3, 20210 }, // U+2035
    { 7, 6, 122, 2, 14, 6, 20213 }, // U+2036
    { 10, 6, 179, 2, 14, 8, 20219 }, // U+2037
    { 7, 6, 120, -1, 1, 6, 20227 }, // U+2038
    { 5, 8, 100, 1, 9, 5, 20233 }, // U+2039
    { 6, 8, 100, 0, 9, 6, 20238 }, // U+203A
    { 14, 14, 246, 1, 14, 25, 20244 }, // U+203B
    { 10, 15, 168, 1, 14, 19, 20269 }, // U+203C
    { 8, 15, 150, 2, 14, 15, 20288 }, // U+203D
    { 10, 2, 138, 1, 16, 3, 20303 }, // U+203E
    { 15, 4, 0, -14, 0, 8, 20306 }, // U+203F
    { 15, 4, 0, -11, 16, 8, 20314 }, // U+2040
    { 9, 14, 135, -1, 14, 16, 20322 }, // U+2041
    { 18, 16, 300, 0, 15, 36, 20338 }, // U+2042
    { 7, 4, 109, 0, 9, 4, 20374 }, // U+2043
    { 11, 14, 19, -5, 14, 20, 20378 }, // U+2044
    { 8, 18, 108, 0, 15, 18, 20398 }, // U+2045
    { 8, 18, 108, -1, 15, 18, 20416 }, // U+2046
    { 17, 15, 293, 2, 14, 32, 20434 }, // U+2047
    { 13, 15, 236, 2, 14, 25, 20466 }, // U+2048
    { 15, 15, 234, 1, 14, 29, 20491 }, // U+2049
    { 10, 15, 168, 0, 11, 19, 20520 }, // U+204A
    { 11, 18, 185, 1, 15, 25, 20539 }, // U+204B
    { 10, 8, 179, 1, 11, 10, 20564 }, // U+204C
    { 10, 8, 179, 1, 11, 10, 20574 }, // U+204D
    { 9, 8, 150, 0, 11, 9, 20584 }, // U+204E
    { 5, 14, 86, 0, 11, 9, 20593 }, // U+204F
    { 13, 15, 219, 1, 14, 25, 20602 }, // U+2050
    { 11, 16, 150, 0, 15, 22, 20627 }, // U+2051
    { 7, 15, 99, 0, 14, 14, 20649 }, // U+2052
    { 9, 4, 168, 1, 9, 5, 20663 }, // U+2053
    { 15, 4, 0, -4, 0, 8, 20668 }, // U+2054
    { 9, 9, 162, 1, 11, 11, 20676 }, // U+2055
    { 10, 12, 184, 0, 11, 15, 20687 }, // U+2056
    { 15, 6, 235, 1, 14, 12, 20702 }, // U+2057
    { 11, 12, 213, 1, 11, 17, 20714 }, // U+2058
    { 12, 12, 213, 0, 11, 18, 20731 }, // U+2059
    { 4, 15, 86, 1, 14, 8, 20749 }, // U+205A
    { 11, 15, 213, 1, 14, 21, 20757 }, // U+205B
    { 11, 11, 209, 0, 11, 16, 20778 }, // U+205C
    { 4, 15, 86, 1, 14, 8, 20794 }, // U+205D
    { 3, 15, 86, 1, 14, 6, 20802 }, // U+205E
    { 0, 0, 67, 0, 0, 0, 20808 }, // U+205F
    { 0, 0, 180, 0, 0, 0, 20808 }, // U+2060
    { 0, 0, 180, 0, 0, 0, 20808 }, // U+2061
    { 0, 0, 180, 0, 0, 0, 20808 }, // U+2062
    { 0, 0, 180, 0, 0, 0, 20808 }, // U+2063
    { 0, 0, 180, 0, 0, 0, 20808 }, // U+2064
    { 0, 0, 180, 0, 0, 0, 20808 }, // U+2066
    { 0, 0, 180, 0, 0, 0, 20808 }, // U+2067
    { 0, 0, 180, 0, 0, 0, 20808 }, // U+2068
    { 0, 0, 180, 0, 0, 0, 20808 }, // U+2069
    { 6, 16, 0, -3, 13, 12, 20808 }, // U+206A
    { 6, 16, 0, -3, 13, 12, 20820 }, // U+206B
    { 6, 16, 0, -3, 13, 12, 20832 }, // U+206C
    { 6, 16, 0, -3, 13, 12, 20844 }, // U+206D
    { 6, 16, 0, -3, 13, 12, 20856 }, // U+206E
    { 6, 16, 0, -3, 13, 12, 20868 }, // U+206F
    { 8, 9, 120, 1, 16, 9, 20880 }, // U+2070
    { 4, 9, 59, 1, 14, 5, 20889 }, // U+2071
    { 8, 9, 120, 0, 16, 9, 20894 }, // U+2074
    { 7, 9, 120, 1, 16, 8, 20903 }, // U+2075
    { 7, 9, 120, 1, 16, 8, 20911 }, // U+2076
    { 7, 9, 120, 2, 16, 8, 20919 }, // U+2077
    { 8, 9, 120, 1, 16, 9, 20927 }, // U+2078
    { 7, 9, 120, 1, 16, 8, 20936 }, // U+2079
    { 7, 7, 118, 1, 14, 7, 20944 }, // U+207A
    { 7, 2, 118, 1, 12, 2, 20951 }, // U+207B
    { 7, 4, 118, 1, 13, 4, 20953 }, // U+207C
    { 6, 12, 75, 2, 17, 9, 20957 }, // U+207D
    { 6, 12, 75, -1, 17, 9, 20966 }, // U+207E
    { 8, 7, 117, 1, 12, 7, 20975 }, // U+207F
    { 8, 9, 120, -1, 7, 9, 20982 }, // U+2080
    { 7, 9, 120, -1, 7, 8, 20991 }, // U+2081
    { 8, 9, 120, -1, 7, 9, 20999 }, // U+2082
    { 8, 9, 120, -1, 7, 9, 21008 }, // U+2083
    { 8, 9, 120, -1, 7, 9, 21017 }, // U+2084
    { 8, 9, 120, -1, 7, 9, 21026 }, // U+2085
    { 7, 9, 120, 0, 7, 8, 21035 }, // U+2086
    { 7, 9, 120, 0, 7, 8, 21043 }, // U+2087
    { 8, 9, 120, -1, 7, 9, 21051 }, // U+2088
    { 7, 9, 120, 0, 7, 8, 21060 }, // U+2089
    { 8, 7, 118, -1, 5, 7, 21068 }, // U+208A
    { 8, 2, 118, -1, 3, 2, 21075 }, // U+208B
    { 8, 4, 118, -1, 4, 4, 21077 }, // U+208C
    { 6, 12, 75, 0, 8, 9, 21081 }, // U+208D
    { 6, 12, 75, -3, 8, 9, 21090 }, // U+208E
    { 8, 7, 113, -1, 5, 7, 21099 }, // U+2090
    { 6, 7, 96, -1, 5, 6, 21106 }, // U+2091
    { 7, 7, 112, -1, 5, 7, 21112 }, // U+2092
    { 8, 7, 106, -2, 5, 7, 21119 }, // U+2093
    { 6, 7, 96, -1, 5, 6, 21126 }, // U+2094
    { 8, 9, 117, -1, 7, 9, 21132 }, // U+2095
    { 8, 9, 111, -1, 7, 9, 21141 }, // U+2096
    { 4, 9, 59, -1, 7, 5, 21150 }, // U+2097
    { 11, 7, 175, -1, 5, 10, 21155 }, // U+2098
    { 8, 7, 117, -1, 5, 7, 21165 }, // U+2099
    { 8, 10, 112, -2, 5, 10, 21172 }, // U+209A
    { 6, 7, 91, -1, 5, 6, 21182 }, // U+209B
    { 5, 8, 72, -1, 6, 5, 21188 }, // U+209C
    { 12, 14, 192, 0, 14, 21, 21193 }, // U+20A0
    { 11, 17, 168, 0, 15, 24, 21214 }, // U+20A1
    { 12, 15, 181, 0, 14, 23, 21238 }, // U+20A2
    { 13, 14, 168, -1, 14, 23, 21261 }, // U+20A3
    { 12, 15, 168, -1, 14, 23, 21284 }, // U+20A4
    { 17, 16, 269, 0, 13, 34, 21307 }, // U+20A5
    { 15, 14, 207, -1, 14, 27, 21341 }, // U+20A6
    { 16, 15, 246, -1, 14, 30, 21368 }, // U+20A7
    { 20, 15, 306, -1, 14, 38, 21398 }, // U+20A8
    { 21, 14, 313, 1, 14, 37, 21436 }, // U+20A9
    { 13, 12, 268, 2, 12, 20, 21473 }, // U+20AA
    { 13, 18, 173, 0, 15, 30, 21493 }, // U+20AB
    { 12, 15, 168, 0, 14, 23, 21523 }, // U+20AC
    { 15, 14, 195, -1, 14, 27, 21546 }, // U+20AD
    { 11, 14, 168, 1, 14, 20, 21573 }, // U+20AE
    { 19, 20, 300, -1, 16, 48, 21593 }, // U+20AF
    { 10, 19, 168, -1, 14, 24, 21641 }, // U+20B0
    { 14, 14, 186, -1, 14, 25, 21665 }, // U+20B1
    { 14, 17, 214, 0, 15, 30, 21690 }, // U+20B2
    { 16, 14, 211, -2, 14, 28, 21720 }, // U+20B3
    { 12, 15, 165, -1, 14, 23, 21748 }, // U+20B4
    { 13, 17, 188, 0, 15, 28, 21771 }, // U+20B5
    { 12, 15, 165, 0, 14, 23, 21799 }, // U+20B6
    { 11, 16, 168, 0, 14, 22, 21822 }, // U+20B7
    { 11, 14, 168, 1, 14, 20, 21844 }, // U+20B8
    { 10, 14, 168, 1, 14, 18, 21864 }, // U+20B9
    { 11, 14, 168, -1, 14, 20, 21882 }, // U+20BA
    { 11, 15, 196, 1, 14, 21, 21902 }, // U+20BB
    { 14, 13, 236, 0, 13, 23, 21923 }, // U+20BC
    { 13, 14, 177, -1, 14, 23, 21946 }, // U+20BD
    { 12, 15, 168, 0, 15, 23, 21969 }, // U+20BE
    { 11, 17, 168, -1, 15, 24, 21992 }, // U+20BF
    { 6, 2, 93, 0, 6, 2, 22016 }, // U+2212
    { 18, 20, 185, -3, 15, 45, 22018 }, // U+FB00
    { 14, 20, 178, -3, 15, 35, 22063 }, // U+FB01
    { 15, 20, 178, -3, 15, 38, 22098 }, // U+FB02
    { 20, 20, 267, -3, 15, 50, 22136 }, // U+FB03
    { 20, 20, 267, -3, 15, 50, 22186 }, // U+FB04
    { 16, 20, 197, -3, 15, 40, 22236 }, // U+FB05
    { 16, 16, 250, 0, 15, 32, 22276 }, // U+FB06
    { 18, 18, 300, 0, 15, 41, 22308 }, // U+FFFD
};

static const EpdUnicodeInterval serif9_italicIntervals[] = {
    { 0x0, 0x0, 0x0 },
    { 0xD, 0xD, 0x1 },
    { 0x20, 0x7E, 0x2 },
    { 0xA0, 0x17F, 0x61 },
    { 0x1A0, 0x1A1, 0x141 },
    { 0x1AF, 0x1B0, 0x143 },
    { 0x1C4, 0x21F, 0x145 },
    { 0x300, 0x36F, 0x1A1 },
    { 0x400, 0x4FF, 0x211 },
    { 0x1EA0, 0x1EF9, 0x311 },
    { 0x2000, 0x2064, 0x36B },
    { 0x2066, 0x2071, 0x3D0 },
    { 0x2074, 0x208E, 0x3DC },
    { 0x2090, 0x209C, 0x3F7 },
    { 0x20A0, 0x20BF, 0x404 },
    { 0x2212, 0x2212, 0x424 },
    { 0xFB00, 0xFB06, 0x425 },
    { 0xFFFD, 0xFFFD, 0x42C },
};

static const uint16_t serif9_italicKernLeftCodepoints[] = {
    0x0022, 0x0026, 0x0027, 0x0028, 0x002A, 0x002C, 0x002D, 0x002E, 0x0041, 0x0042, 0x0043, 0x0044,
    0x0045, 0x0046, 0x0047, 0x004A, 0x004B, 0x004C, 0x004E, 0x004F, 0x0050, 0x0051, 0x0052, 0x0053,
    0x0054, 0x0055, 0x0056, 0x0057, 0x0058, 0x0059, 0x005B, 0x005F, 0x0061, 0x0062, 0x0063, 0x0065,
    0x0066, 0x0068, 0x006B, 0x006D, 0x006E, 0x006F, 0x0070, 0x0071, 0x0072, 0x0073, 0x0076, 0x0077,
    0x0079, 0x007A, 0x007B, 0x00A1, 0x00AB, 0x00BF, 0x00C0, 0x00C1, 0x00C2, 0x00C3, 0x00C4, 0x00C5,
    0x00C6, 0x00C7, 0x00C8, 0x00C9, 0x00CA, 0x00CB, 0x00D0, 0x00D1, 0x00D2, 0x00D3, 0x00D4, 0x00D5,
    0x00D6, 0x00D8, 0x00D9, 0x00DA, 0x00DB, 0x00DC, 0x00DD, 0x00DE, 0x00DF, 0x00E0, 0x00E1, 0x00E2,
    0x00E3, 0x00E4, 0x00E5, 0x00E6, 0x00E7, 0x00E8, 0x00E9, 0x00EA, 0x00EB, 0x00F0, 0x00F1, 0x00F2,
    0x00F3, 0x00F4, 0x00F5, 0x00F6, 0x00F8, 0x00F9, 0x00FA, 0x00FB, 0x00FC, 0x00FD, 0x00FE, 0x00FF,
    0x0100, 0x0101, 0x0102, 0x0103, 0x0104, 0x0105, 0x0106, 0x0107, 0x0108, 0x0109, 0x010A, 0x010B,
    0x010C, 0x010D, 0x010E, 0x010F, 0x0110, 0x0112, 0x0113, 0x0114, 0x0115, 0x0116, 0x0117, 0x0118,
    0x0119, 0x011A, 0x011B, 0x011C, 0x011E, 0x0120, 0x0122, 0x0125, 0x0127, 0x0132, 0x0134, 0x0136,
    0x0137, 0x0138, 0x0139, 0x013B, 0x013D, 0x013E, 0x0141, 0x0143, 0x0144, 0x0145, 0x0146, 0x0147,
    0x0148, 0x0149, 0x014A, 0x014B, 0x014C, 0x014D, 0x014E, 0x014F, 0x0150, 0x0151, 0x0152, 0x0153,
    0x0154, 0x0155, 0x0156, 0x0157, 0x0158, 0x0159, 0x015A, 0x015B, 0x015C, 0x015D, 0x015E, 0x015F,
    0x0160, 0x0161, 0x0162, 0x0164, 0x0166, 0x0168, 0x0169, 0x016A, 0x016B, 0x016C, 0x016D, 0x016E,
    0x016F, 0x0170, 0x0171, 0x0172, 0x0173, 0x0174, 0x0175, 0x0176, 0x0177, 0x0178, 0x017A, 0x017C,
    0x017E, 0x01A0, 0x01A1, 0x01AF, 0x01B0, 0x01FA, 0x01FB, 0x01FC, 0x01FD, 0x01FE, 0x01FF, 0x0218,
    0x0219, 0x021A, 0x0400, 0x0401, 0x0402, 0x0403, 0x0404, 0x0405, 0x0406, 0x0407, 0x0408, 0x0409,
    0x040A, 0x040B, 0x040C, 0x040D, 0x040E, 0x040F, 0x0410, 0x0411, 0x0412, 0x0413, 0x0414, 0x0415,
    0x0416, 0x0417, 0x0418, 0x0419, 0x041A, 0x041B, 0x041C, 0x041D, 0x041E, 0x041F, 0x0420, 0x0421,
    0x0422, 0x0423, 0x0424, 0x0425, 0x0426, 0x0427, 0x0428, 0x0429, 0x042A, 0x042B, 0x042C, 0x042D,
    0x042E, 0x042F, 0x0430, 0x0431, 0x0432, 0x0433, 0x0434, 0x0435, 0x0436, 0x0437, 0x0438, 0x0439,
    0x043A, 0x043B, 0x043C, 0x043D, 0x043E, 0x043F, 0x0440, 0x0441, 0x0442, 0x0443, 0x0444, 0x0445,
    0x0446, 0x0447, 0x0448, 0x0449, 0x044A, 0x044B, 0x044C, 0x044D, 0x044E, 0x044F, 0x0450, 0x0451,
    0x0452, 0x0453, 0x0454, 0x0455, 0x0456, 0x0457, 0x0458, 0x0459, 0x045A, 0x045B, 0x045C, 0x045D,
    0x045E, 0x045F, 0x0460, 0x0461, 0x0462, 0x0464, 0x0465, 0x0466, 0x0468, 0x046A, 0x046C, 0x046E,
    0x046F, 0x0470, 0x0471, 0x0472, 0x0473, 0x0474, 0x0475, 0x0476, 0x0477, 0x0478, 0x0479, 0x047A,
    0x047B, 0x047C, 0x047D, 0x047E, 0x047F, 0x0480, 0x0481, 0x048A, 0x048B, 0x048C, 0x048E, 0x048F,
    0x0490, 0x0491, 0x0492, 0x0493, 0x0494, 0x0496, 0x0497, 0x0498, 0x0499, 0x049A, 0x049B, 0x049C,
    0x049D, 0x049E, 0x049F, 0x04A0, 0x04A1, 0x04A2, 0x04A3, 0x04A4, 0x04A6, 0x04AA, 0x04AB, 0x04AC,
    0x04AD, 0x04AE, 0x04AF, 0x04B0, 0x04B1, 0x04B2, 0x04B3, 0x04B4, 0x04B5, 0x04B6, 0x04B7, 0x04B8,
    0x04B9, 0x04BA, 0x04BB, 0x04BC, 0x04BD, 0x04BE, 0x04BF, 0x04C1, 0x04C2, 0x04C3, 0x04C5, 0x04C6,
    0x04C7, 0x04C9, 0x04CA, 0x04CC, 0x04CD, 0x04CE, 0x04D0, 0x04D1, 0x04D2, 0x04D3, 0x04D4, 0x04D5,
    0x04D6, 0x04D7, 0x04D8, 0x04D9, 0x04DA, 0x04DB, 0x04DC, 0x04DD, 0x04DE, 0x04DF, 0x04E0, 0x04E1,
    0x04E2, 0x04E3, 0x04E4, 0x04E5, 0x04E6, 0x04E7, 0x04E8, 0x04E9, 0x04EA, 0x04EB, 0x04EC, 0x04ED,
    0x04EE, 0x04EF, 0x04F0, 0x04F1, 0x04F2, 0x04F3, 0x04F4, 0x04F5, 0x04F6, 0x04F7, 0x04F8, 0x04F9,
    0x04FA, 0x04FB, 0x04FC, 0x04FD, 0x04FE, 0x04FF, 0x1EA0, 0x1EA1, 0x1EA2, 0x1EA3, 0x1EA4, 0x1EA5,
    0x1EA6, 0x1EA7, 0x1EA8, 0x1EA9, 0x1EAA, 0x1EAB, 0x1EAC, 0x1EAD, 0x1EAE, 0x1EAF, 0x1EB0, 0x1EB1,
    0x1EB2, 0x1EB3, 0x1EB4, 0x1EB5, 0x1EB6, 0x1EB7, 0x1EB8, 0x1EB9, 0x1EBA, 0x1EBB, 0x1EBC, 0x1EBD,
    0x1EBE, 0x1EBF, 0x1EC0, 0x1EC1, 0x1EC2, 0x1EC3, 0x1EC4, 0x1EC5, 0x1EC6, 0x1EC7, 0x1ECC, 0x1ECD,
    0x1ECE, 0x1ECF, 0x1ED0, 0x1ED1, 0x1ED2, 0x1ED3, 0x1ED4, 0x1ED5, 0x1ED6, 0x1ED7, 0x1ED8, 0x1ED9,
    0x1EDA, 0x1EDB, 0x1EDC, 0x1EDD, 0x1EDE, 0x1EDF, 0x1EE0, 0x1EE1, 0x1EE2, 0x1EE3, 0x1EE4, 0x1EE5,
    0x1EE6, 0x1EE7, 0x1EE8, 0x1EE9, 0x1EEA, 0x1EEB, 0x1EEC, 0x1EED, 0x1EEE, 0x1EEF, 0x1EF0, 0x1EF1,
    0x1EF2, 0x1EF3, 0x1EF4, 0x1EF5, 0x1EF6, 0x1EF7, 0x1EF8, 0x1EF9, 0x2013, 0x2014, 0x2015, 0x2018,
    0x2019, 0x201A, 0x201C, 0x201D, 0x201E, 0x2039, 0x207D, 0x208D, 0x2090, 0x2092, 0xFB00,
};

static const uint8_t serif9_italicKernLeftClassIds[] = {
      1,   2,   1,   3,   4,   5,   6,   5,   7,   8,   9,  10,  11,  12,  13,  14,
     15,  16,  17,  10,  18,  10,  19,  20,  21,  22,  23,  24,  25,  26,   3,  27,
     28,  29,  30,  30,  31,  28,  32,  28,  28,  29,  29,  33,  34,  35,  36,  37,
     38,  39,   3,  40,  41,  42,  43,  43,  43,  43,  43,  43,  11,   9,  11,  11,
     11,  11,  10,  17,  10,  10,  10,  10,  10,  10,  22,  22,  22,  22,  26,  10,
     35,  28,  28,  28,  28,  28,  28,  30,  30,  30,  30,  30,  30,  29,  28,  29,
     29,  29,  29,  29,  29,  28,  28,  28,  28,  38,  29,  38,   7,  28,  43,  28,
     43,  28,   9,  30,   9,  30,   9,  30,   9,  30,  10,  44,  10,  11,  30,  11,
     30,  11,  30,  11,  30,  11,  30,  13,  13,  13,  13,  28,  28,  14,  14,  15,
     32,  32,  16,  16,  45,  44,  16,  17,  28,  17,  28,  17,  28,  28,  14,  28,
     10,  29,  10,  29,  10,  29,  11,  30,  19,  34,  19,  34,  19,  34,  20,  35,
     20,  35,  20,  35,  20,  35,  21,  21,  21,  22,  28,  22,  28,  22,  28,  22,
     28,  22,  28,  22,  28,  24,  37,  26,  38,  26,  39,  39,  39,  46,  47,  48,
     49,   7,  28,  11,  30,  10,  29,  20,  35,  21,  50,  50,  51,  52,  53,  54,
     55,  55,  56,  57,  57,  58,  59,  55,  60,  55,  61,  62,  63,  52,  64,  50,
     59,  63,  55,  55,  59,  55,  55,  55,  65,  55,  66,  53,  52,  60,  67,  68,
     64,  55,  55,  64,  57,  55,  57,  65,  65,  55,  69,  70,  71,  72,  73,  74,
     75,  71,  69,  69,  76,  69,  69,  69,  77,  78,  77,  79,  78,  80,  77,  76,
     81,  69,  69,  81,  82,  69,  82,  77,  77,  69,  74,  74,  83,  72,  79,  84,
     69,  85,  86,  82,  82,  78,  76,  69,  80,  69,  65,  87,  57,  53,  72,  61,
     61,  88,  88,  63,  72,  89,  90,  65,  71,  60,  90,  60,  90,  91,  80,  65,
     71,  65,  71,  65,  87,  53,  72,  64,  81,  57,  66,  71,  92,  93,  92,  93,
     58,  59,  79,  63,  72,  59,  79,  59,  79,  59,  79,  59,  79,  64,  81,  92,
     58,  53,  72,  92,  81,  89,  90,  89,  90,  68,  76,  64,  81,  64,  81,  55,
     69,  58,  82,  94,  74,  94,  74,  59,  79,  58,  64,  81,  56,  64,  81,  81,
     64,  81,  61,  81,  61,  81,  50,  74,  50,  74,  65,  71,  65,  71,  59,  79,
     63,  71,  63,  95,  55,  81,  55,  81,  65,  71,  65,  71,  65,  71,  65,  77,
     60,  80,  60,  80,  60,  80,  55,  69,  92,  93,  55,  69,  92,  93,  68,  76,
     68,  96,  43,  28,  43,  28,  43,  28,  43,  28,  43,  28,  43,  28,  43,  28,
     43,  28,  43,  28,  43,  28,  43,  28,  43,  28,  11,  30,  11,  30,  11,  30,
     11,  30,  11,  30,  11,  30,  11,  30,  11,  30,  10,  29,  10,  29,  10,  29,
     10,  29,  10,  29,  10,  29,  10,  97,  46,  47,  46,  47,  46,  47,  46,  47,
     46,  47,  22,  28,  22,  28,  48,  49,  48,  49,  48,  49,  48,  49,  48,  49,
     26,  38,  26,  38,  26,  38,  26,  38,   6,   6,   6,  98,  99,   5,  98,  99,
      5,  41, 100, 101, 102, 103,  31,
};

static const uint16_t serif9_italicKernRightCodepoints[] = {
    0x0022, 0x0026, 0x0027, 0x0029, 0x002A, 0x002C, 0x002D, 0x002E, 0x003A, 0x003B, 0x003F, 0x0041,
    0x0042, 0x0043, 0x0044, 0x0045, 0x0046, 0x0047, 0x0048, 0x0049, 0x004A, 0x004B, 0x004C, 0x004D,
    0x004E, 0x004F, 0x0050, 0x0051, 0x0052, 0x0053, 0x0054, 0x0055, 0x0056, 0x0057, 0x0058, 0x0059,
    0x005A, 0x005C, 0x005D, 0x005F, 0x0061, 0x0062, 0x0063, 0x0064, 0x0065, 0x0067, 0x0068, 0x0069,
    0x006B, 0x006C, 0x006D, 0x006E, 0x006F, 0x0070, 0x0071, 0x0072, 0x0073, 0x0074, 0x0075, 0x0076,
    0x0077, 0x0078, 0x0079, 0x007A, 0x007D, 0x00A9, 0x00AE, 0x00BB, 0x00C0, 0x00C1, 0x00C2, 0x00C3,
    0x00C4, 0x00C5, 0x00C6, 0x00C7, 0x00C8, 0x00C9, 0x00CA, 0x00CB, 0x00CC, 0x00CD, 0x00CE, 0x00CF,
    0x00D0, 0x00D1, 0x00D2, 0x00D3, 0x00D4, 0x00D5, 0x00D6, 0x00D8, 0x00D9, 0x00DA, 0x00DB, 0x00DC,
    0x00DD, 0x00DE, 0x00E0, 0x00E1, 0x00E2, 0x00E3, 0x00E4, 0x00E5, 0x00E6, 0x00E7, 0x00E8, 0x00E9,
    0x00EA, 0x00EB, 0x00EC, 0x00ED, 0x00EE, 0x00EF, 0x00F0, 0x00F1, 0x00F2, 0x00F3, 0x00F4, 0x00F5,
    0x00F6, 0x00F8, 0x00F9, 0x00FA, 0x00FB, 0x00FC, 0x00FD, 0x00FE, 0x00FF, 0x0100, 0x0101, 0x0102,
    0x0103, 0x0104, 0x0105, 0x0106, 0x0107, 0x0108, 0x0109, 0x010A, 0x010B, 0x010C, 0x010D, 0x010E,
    0x010F, 0x0110, 0x0111, 0x0112, 0x0113, 0x0114, 0x0115, 0x0116, 0x0117, 0x0118, 0x0119, 0x011A,
    0x011B, 0x011C, 0x011D, 0x011E, 0x011F, 0x0120, 0x0121, 0x0122, 0x0123, 0x0124, 0x0125, 0x0126,
    0x0127, 0x0128, 0x0129, 0x012A, 0x012B, 0x012C, 0x012D, 0x012E, 0x012F, 0x0130, 0x0132, 0x0133,
    0x0134, 0x0136, 0x0137, 0x0138, 0x0139, 0x013A, 0x013B, 0x013C, 0x013D, 0x013E, 0x013F, 0x0140,
    0x0141, 0x0142, 0x0143, 0x0144, 0x0145, 0x0146, 0x0147, 0x0148, 0x0149, 0x014A, 0x014B, 0x014C,
    0x014D, 0x014E, 0x014F, 0x0150, 0x0151, 0x0152, 0x0153, 0x0154, 0x0155, 0x0156, 0x0157, 0x0158,
    0x0159, 0x015A, 0x015B, 0x015C, 0x015D, 0x015E, 0x015F, 0x0160, 0x0161, 0x0163, 0x0165, 0x0167,
    0x0168, 0x0169, 0x016A, 0x016B, 0x016C, 0x016D, 0x016E, 0x016F, 0x0170, 0x0171, 0x0172, 0x0173,
    0x0174, 0x0175, 0x0176, 0x0177, 0x0178, 0x0179, 0x017A, 0x017B, 0x017C, 0x017D, 0x017E, 0x01A0,
    0x01A1, 0x01AF, 0x01B0, 0x01FA, 0x01FB, 0x01FC, 0x01FD, 0x01FE, 0x01FF, 0x0218, 0x0219, 0x021B,
    0x021E, 0x0400, 0x0401, 0x0402, 0x0403, 0x0404, 0x0405, 0x0406, 0x0407, 0x0408, 0x0409, 0x040A,
    0x040B, 0x040C, 0x040D, 0x040E, 0x040F, 0x0410, 0x0411, 0x0412, 0x0413, 0x0414, 0x0415, 0x0416,
    0x0417, 0x0418, 0x0419, 0x041A, 0x041B, 0x041C, 0x041D, 0x041E, 0x041F, 0x0420, 0x0421, 0x0422,
    0x0423, 0x0424, 0x0425, 0x0426, 0x0427, 0x0428, 0x0429, 0x042A, 0x042B, 0x042C, 0x042D, 0x042E,
    0x042F, 0x0430, 0x0431, 0x0432, 0x0433, 0x0434, 0x0435, 0x0436, 0x0437, 0x0438, 0x0439, 0x043A,
    0x043B, 0x043C, 0x043D, 0x043E, 0x043F, 0x0440, 0x0441, 0x0442, 0x0443, 0x0444, 0x0445, 0x0446,
    0x0447, 0x0448, 0x0449, 0x044A, 0x044B, 0x044C, 0x044D, 0x044E, 0x044F, 0x0450, 0x0451, 0x0452,
    0x0453, 0x0454, 0x0455, 0x0456, 0x0457, 0x0458, 0x0459, 0x045A, 0x045B, 0x045C, 0x045D, 0x045E,
    0x045F, 0x0460, 0x0461, 0x0466, 0x046A, 0x046E, 0x0470, 0x0471, 0x0472, 0x0473, 0x0474, 0x0475,
    0x0476, 0x0477, 0x0478, 0x0479, 0x047A, 0x047B, 0x047C, 0x047D, 0x047E, 0x047F, 0x0480, 0x0481,
    0x048B, 0x048F, 0x0496, 0x0497, 0x0498, 0x0499, 0x049F, 0x04A0, 0x04A1, 0x04A8, 0x04A9, 0x04AA,
    0x04AB, 0x04AC, 0x04AE, 0x04AF, 0x04B0, 0x04B1, 0x04B2, 0x04B3, 0x04B4, 0x04B5, 0x04B6, 0x04B7,
    0x04B8, 0x04B9, 0x04C1, 0x04C2, 0x04C5, 0x04C6, 0x04CB, 0x04CC, 0x04CE, 0x04D0, 0x04D1, 0x04D2,
    0x04D3, 0x04D4, 0x04D5, 0x04D7, 0x04D9, 0x04DB, 0x04DC, 0x04DD, 0x04DE, 0x04DF, 0x04E0, 0x04E2,
    0x04E3, 0x04E4, 0x04E5, 0x04E6, 0x04E7, 0x04E8, 0x04E9, 0x04EA, 0x04EB, 0x04EC, 0x04ED, 0x04EE,
    0x04EF, 0x04F0, 0x04F1, 0x04F2, 0x04F3, 0x04F4, 0x04F5, 0x04F8, 0x04F9, 0x04FC, 0x04FD, 0x04FE,
    0x1EA0, 0x1EA1, 0x1EA2, 0x1EA3, 0x1EA4, 0x1EA5, 0x1EA6, 0x1EA7, 0x1EA8, 0x1EA9, 0x1EAA, 0x1EAB,
    0x1EAC, 0x1EAD, 0x1EAE, 0x1EAF, 0x1EB0, 0x1EB1, 0x1EB2, 0x1EB3, 0x1EB4, 0x1EB5, 0x1EB6, 0x1EB7,
    0x1EB8, 0x1EB9, 0x1EBA, 0x1EBB, 0x1EBC, 0x1EBD, 0x1EBE, 0x1EBF, 0x1EC0, 0x1EC1, 0x1EC2, 0x1EC3,
    0x1EC4, 0x1EC5, 0x1EC6, 0x1EC7, 0x1EC9, 0x1ECB, 0x1ECC, 0x1ECD, 0x1ECE, 0x1ECF, 0x1ED0, 0x1ED1,
    0x1ED2, 0x1ED3, 0x1ED4, 0x1ED5, 0x1ED6, 0x1ED7, 0x1ED8, 0x1ED9, 0x1EDA, 0x1EDB, 0x1EDC, 0x1EDD,
    0x1EDE, 0x1EDF, 0x1EE0, 0x1EE1, 0x1EE2, 0x1EE3, 0x1EE4, 0x1EE5, 0x1EE6, 0x1EE7, 0x1EE8, 0x1EE9,
    0x1EEA, 0x1EEB, 0x1EEC, 0x1EED, 0x1EEE, 0x1EEF, 0x1EF0, 0x1EF1, 0x1EF2, 0x1EF3, 0x1EF4, 0x1EF5,
    0x1EF6, 0x1EF7, 0x1EF8, 0x1EF9, 0x2013, 0x2014, 0x2015, 0x2018, 0x2019, 0x201A, 0x201C, 0x201D,
    0x201E, 0x2026, 0x203A, 0x207E, 0x208E,
};

static const uint8_t serif9_italicKernRightClassIds[] = {
      1,   2,   1,   3,   4,   5,   6,   7,   8,   8,   9,  10,  11,  12,  11,  11,
     11,  12,  11,  11,  11,  11,  11,  11,  11,  12,  11,  12,  11,  13,  14,  15,
     16,  17,  18,  19,  20,  21,   3,  22,  23,  24,  25,  25,  25,  26,  24,  27,
     24,  28,  29,  29,  25,  29,  25,  29,  30,  31,  32,  33,  34,  35,  36,  37,
      3,  38,  38,  39,  10,  10,  10,  10,  10,  10,  40,  12,  11,  11,  11,  11,
     11,  11,  11,  11,  11,  11,  12,  12,  12,  12,  12,  12,  15,  15,  15,  15,
     19,  11,  23,  23,  23,  23,  23,  23,  23,  25,  25,  25,  25,  25,  27,  27,
     27,  27,  25,  29,  25,  25,  25,  25,  25,  25,  32,  32,  32,  32,  36,  24,
     36,  10,  23,  10,  23,  10,  23,  12,  25,  12,  25,  12,  25,  12,  25,  11,
     25,  11,  25,  11,  25,  11,  25,  11,  25,  11,  25,  11,  25,  12,  25,  12,
     25,  12,  25,  12,  25,  11,  24,  11,  24,  11,  27,  11,  27,  11,  27,  11,
     27,  11,  11,  27,  11,  11,  24,  29,  11,  28,  11,  28,  11,  28,  11,  28,
     11,  28,  11,  29,  11,  29,  11,  29,  41,  11,  29,  12,  25,  12,  25,  12,
     25,  12,  25,  11,  29,  11,  29,  11,  29,  13,  30,  13,  30,  13,  30,  13,
     30,  31,  31,  31,  15,  32,  15,  32,  15,  32,  15,  32,  15,  32,  15,  32,
     17,  34,  19,  36,  19,  20,  37,  20,  37,  20,  37,  12,  25,  15,  32,  10,
     23,  40,  23,  12,  25,  13,  30,  31,  11,  42,  42,  43,  42,  44,  45,  42,
     42,  46,  47,  42,  43,  42,  42,  48,  42,  49,  42,  42,  42,  50,  42,  51,
     52,  42,  42,  42,  47,  42,  42,  44,  42,  42,  44,  43,  48,  53,  54,  42,
     55,  42,  42,  43,  42,  42,  52,  42,  56,  57,  58,  57,  59,  60,  57,  61,
     62,  63,  63,  64,  65,  65,  64,  57,  64,  66,  57,  64,  67,  57,  68,  63,
     69,  63,  63,  70,  63,  63,  61,  64,  71,  57,  57,  72,  59,  57,  73,  74,
     75,  76,  65,  64,  72,  64,  63,  67,  63,  77,  78,  49,  79,  52,  80,  63,
     77,  81,  80,  82,  80,  82,  77,  81,  77,  81,  77,  81,  77,  78,  77,  81,
     63,  66,  51,  61,  52,  61,  72,  83,  70,  77,  81,  77,  81,  83,  80,  82,
     80,  82,  54,  68,  83,  70,  55,  69,  55,  69,  51,  61,  50,  65,  55,  69,
     84,  49,  81,  49,  81,  85,  81,  81,  81,  81,  51,  61,  52,  61,  52,  42,
     63,  42,  63,  77,  81,  77,  81,  77,  81,  52,  61,  48,  67,  48,  67,  48,
     67,  55,  69,  42,  63,  54,  68,  54,  10,  23,  10,  23,  10,  23,  10,  23,
     10,  23,  10,  23,  10,  23,  10,  23,  10,  23,  10,  23,  10,  23,  10,  23,
     11,  25,  11,  25,  11,  25,  11,  25,  11,  25,  11,  25,  11,  25,  11,  25,
     86,  86,  12,  25,  12,  25,  12,  25,  12,  25,  12,  25,  12,  25,  12,  25,
     12,  25,  12,  25,  12,  25,  12,  25,  12,  25,  15,  32,  15,  32,  15,  32,
     15,  32,  15,  32,  15,  32,  15,  32,  19,  36,  19,  36,  19,  36,  19,  36,
      6,   6,   6,  87,   4,  88,  87,   4,  88,  88,  39,  89,  90,
};

static const uint16_t serif9_italicKernRowOffsets[] = {
        0,     8,    13,    23,    35,    56,    63,    81,    92,    93,   104,   107,   116,   121,   125,   132,
      141,   145,   151,   161,   170,   181,   187,   198,   210,   217,   231,   245,   252,   257,   260,   265,
      267,   269,   280,   284,   290,   296,   300,   305,   309,   314,   319,   337,   352,   355,   371,   382,
      401,   405,   412,   433,   459,   463,   472,   474,   482,   503,   534,   556,   587,   613,   635,   656,
      671,   691,   711,   737,   755,   773,   792,   807,   818,   830,   835,   845,   858,   877,   897,   906,
      926,   954,   969,   975,   982,  1001,  1004,  1005,  1008,  1010,  1011,  1014,  1023,  1031,  1035,  1037,
     1038,  1039,  1056,  1080,  1081,  1082,  1084,  1085,
};

static const uint8_t serif9_italicKernSparseCols[] = {
      9,  25,  26,  39,  48,  49,  64,  84,  13,  14,  15,  16,  18,  43,  45,  46,
     47,  49,  52,  64,  68,  74,  75,   1,   4,   6,   9,  39,  47,  48,  49,  64,
     80,  84,  87,  11,  13,  14,  15,  16,  18,  32,  33,  35,  42,  43,  46,  47,
     49,  52,  54,  66,  68,  69,  76,  82,  42,  47,  48,  49,  53,  54,  67,   0,
      1,   3,  11,  13,  14,  15,  16,  18,  24,  25,  31,  32,  33,  35,  37,  40,
     86,   3,   9,  13,  15,  16,  17,  18,  19,  33,  35,  39,   1,   0,   4,   6,
      9,  13,  15,  16,  17,  18,  39,  87,  15,  16,  18,   1,   4,   6,   9,  22,
     24,  25,  39,  87,  13,  15,  16,  18,  39,   4,   6,   9,  87,   1,  11,  24,
     25,  31,  33,  35,   0,   3,  13,  14,  15,  16,  18,  32,  86,   1,   4,   6,
     87,   1,   4,   6,   9,  39,  87,   1,   3,  11,  13,  14,  15,  16,  18,  33,
     35,   9,  13,  15,  16,  17,  18,  33,  35,  39,   1,   4,   6,   9,  11,  22,
     24,  25,  39,  40,  87,   1,   4,   6,   9,  39,  87,   1,   4,   6,   9,  11,
     22,  24,  25,  29,  39,  87,   1,   4,   6,   9,  11,  22,  24,  25,  29,  34,
     39,  87,  11,  12,  24,  25,  33,  35,  37,   1,   4,   6,   9,  11,  12,  22,
     24,  25,  29,  34,  36,  39,  87,  42,  43,  45,  47,  49,  52,  54,  56,  57,
     59,  66,  68,  69,  75,   0,  13,  15,  16,  18,  35,  86,  13,  15,  16,  18,
     35,  15,  16,  18,   0,   2,   3,  20,  86,  24,  25,  16,  18,   3,   4,   6,
     15,  16,  17,  18,  22,  24,  25,  87,   0,  15,  16,  18,   4,   6,  15,  16,
     18,  87,   4,   6,  15,  16,  18,  87,   4,   6,  16,  87,   3,  15,  16,  18,
     86,  13,  14,  15,  18,  42,  47,  48,  52,  54,  13,  14,  15,  16,  18,   0,
      1,   3,  11,  13,  14,  15,  16,  18,  24,  25,  31,  32,  33,  35,  37,  40,
     86,   0,   2,   3,   8,  10,  13,  14,  15,  16,  17,  18,  19,  23,  27,  86,
      3,  13,  15,   4,   6,   9,  13,  15,  16,  18,  22,  24,  25,  29,  30,  33,
     34,  35,  87,   3,   4,   6,  26,  28,  30,  31,  33,  35,  85,  87,   4,   6,
      9,  11,  14,  15,  18,  22,  23,  24,  25,  28,  29,  30,  31,  33,  35,  36,
     87,   3,  26,  28,  85,  42,  47,  52,  64,  69,  70,  83,   0,   2,   3,   7,
     21,  42,  45,  47,  48,  49,  50,  52,  53,  54,  55,  64,  66,  67,  68,  82,
     86,   3,   4,   5,   6,   7,  21,  38,  43,  44,  46,  48,  49,  52,  55,  56,
     58,  59,  62,  64,  66,  68,  70,  72,  73,  74,  87,  47,  52,  64,  67,  42,
     47,  48,  49,  52,  53,  54,  78,  82,  52,  64,  46,  48,  49,  52,  62,  64,
     73,  74,   0,   2,   3,   7,  21,  42,  45,  47,  48,  49,  50,  52,  53,  54,
     55,  64,  66,  67,  68,  82,  86,   0,   2,   3,   5,   7,  38,  42,  43,  44,
     45,  47,  51,  52,  54,  56,  58,  59,  61,  62,  64,  66,  68,  73,  74,  75,
     76,  77,  79,  81,  82,  86,   5,  38,  43,  44,  46,  49,  51,  52,  54,  56,
     57,  59,  62,  66,  68,  69,  73,  74,  76,  80,  83,  86,   2,   3,   4,   5,
      6,   7,  20,  21,  38,  43,  44,  46,  48,  49,  52,  55,  56,  58,  59,  60,
     61,  62,  63,  64,  67,  70,  72,  73,  74,  80,  87,   0,   3,   5,  38,  42,
     43,  44,  47,  51,  52,  54,  56,  57,  59,  62,  64,  66,  68,  69,  72,  73,
     74,  76,  82,  83,  86,   3,   7,  21,  42,  44,  45,  47,  48,  49,  50,  52,
     53,  54,  55,  64,  65,  66,  67,  68,  69,  70,  86,   3,   7,  21,  42,  44,
     47,  48,  49,  50,  52,  53,  54,  64,  67,  69,  70,  78,  82,  83,  84,  86,
      2,  21,  43,  45,  52,  56,  58,  59,  61,  62,  64,  69,  70,  73,  75,   2,
      4,   6,   7,  21,  42,  45,  46,  47,  48,  49,  50,  53,  54,  55,  64,  67,
     78,  82,  87,   2,   4,   6,   7,  21,  38,  46,  47,  48,  49,  50,  51,  53,
     54,  55,  64,  66,  67,  70,  87,   2,   3,   4,   6,   7,  21,  38,  41,  42,
     44,  45,  46,  47,  48,  49,  50,  51,  53,  54,  55,  64,  67,  70,  78,  86,
     87,   5,  38,  43,  44,  52,  54,  56,  58,  59,  62,  64,  66,  68,  69,  73,
     74,  76,  83,   4,   6,  41,  42,  46,  47,  48,  49,  50,  53,  54,  55,  60,
     64,  67,  68,  69,  87,   4,   6,  21,  42,  47,  48,  50,  53,  54,  60,  61,
     64,  66,  67,  68,  69,  70,  75,  87,   3,   4,   6,  42,  47,  54,  62,  64,
     66,  67,  68,  73,  74,  82,  87,   3,   4,   6,  42,  47,  54,  64,  67,  70,
     82,  87,   4,   6,  21,  47,  48,  50,  53,  54,  64,  67,  70,  87,  42,  47,
     54,  64,  67,  42,  47,  54,  55,  56,  59,  64,  66,  67,  80,   5,  42,  43,
     46,  47,  49,  51,  52,  54,  56,  57,  58,  59,   4,   6,  21,  42,  47,  48,
     50,  53,  54,  60,  61,  64,  66,  67,  68,  69,  70,  75,  87,   3,   4,   6,
     41,  42,  46,  47,  48,  49,  50,  53,  54,  55,  60,  64,  66,  67,  68,  86,
     87,  42,  47,  54,  55,  56,  59,  64,  67,  80,   2,   4,   6,  21,  42,  46,
     47,  48,  49,  50,  51,  53,  54,  58,  60,  61,  64,  67,  70,  87,   2,   3,
      4,   6,  21,  38,  41,  42,  45,  46,  47,  48,  49,  50,  52,  53,  54,  55,
     60,  64,  67,  68,  69,  70,  72,  75,  86,  87,   0,   3,  42,  46,  47,  52,
     54,  62,  66,  68,  69,  70,  73,  74,  86,  42,  47,  54,  64,  68,  86,   4,
      6,  42,  47,  54,  67,  87,   4,   6,  41,  42,  46,  47,  48,  49,  50,  53,
     54,  55,  60,  64,  67,  68,  69,  71,  87,  54,  64,  70,  64,  54,  69,  83,
     49,  64,  64,   4,   6,  87,   4,   6,  43,  48,  49,  64,  76,  80,  87,   3,
      4,   6,  48,  49,  64,  80,  87,  47,  49,  64,  78,   3,  86,  80,  35,   9,
     26,  35,  39,  46,  48,  49,  62,  64,  66,  68,  71,  73,  74,  75,  80,  84,
      9,  22,  24,  25,  29,  39,  46,  47,  48,  49,  56,  59,  62,  63,  64,  65,
     66,  68,  69,  71,  73,  74,  75,  84,  88,  89,   0,  35,  35,
};

static const int8_t serif9_italicKernSparseValues[] = {
     -24,  -12,    6,  -36,  -24,  -24,  -18,  -36,  -12,   -3,  -15,  -12,  -14,   -6,    9,   -6,
       6,    3,   -6,   -6,   -3,    9,   12,   -6,  -36,  -36,  -15,  -24,   -6,  -15,  -21,  -15,
     -15,  -24,  -36,   -6,  -21,   -3,  -27,  -24,  -21,  -15,   -6,   -6,  -18,   -6,    3,   -6,
       6,   -9,  -39,   -6,  -21,  -21,   -6,  -21,  -12,   -6,   -3,   -3,   -3,  -12,   -6,  -24,
      -6,  -21,   -6,  -18,   -6,  -24,  -21,  -21,   -6,   -6,   -6,  -18,   -9,  -15,  -15,  -15,
     -27,   -6,   -6,   -6,  -12,   -9,   -6,  -12,   -6,   -3,   -6,   -9,   -6,   -9,   -6,  -12,
      -6,   -6,   -6,   -6,   -6,   -9,  -15,   -6,   -6,   -6,   -6,  -12,  -24,  -24,  -21,  -12,
     -12,  -12,  -33,  -24,   -6,   -6,   -6,   -6,   -6,   -6,   -6,   -6,   -6,   -6,   -6,   -6,
      -6,   -6,   -9,   -9,  -18,  -24,  -21,   -6,  -24,  -15,  -18,   -9,  -27,   -6,   -6,   -6,
      -6,   -6,  -36,  -36,  -15,  -24,  -36,   -6,   -6,   -6,   -6,   -3,   -9,   -9,   -9,   -6,
      -6,   -6,   -6,   -6,   -6,   -6,   -6,   -3,   -6,   -6,   -6,  -27,  -27,  -18,   -6,   -9,
      -9,   -9,  -24,   15,  -27,   -6,   -6,   -6,   -6,   -6,   -6,   -9,  -33,  -33,  -24,   -6,
     -18,  -18,  -18,  -12,  -39,  -33,   -9,  -27,  -27,  -18,   -6,  -15,  -18,  -18,   -9,   -6,
     -39,  -27,   -6,   -3,   -3,   -3,   -9,  -15,  -12,   -9,  -24,  -24,  -21,   -9,   -6,  -18,
     -21,  -21,  -18,   -3,   -3,  -27,  -24,  -12,   -6,   18,   -9,   15,  -12,  -33,   -6,   -6,
      -6,   12,  -24,   -6,   18,  -12,   -6,  -15,  -12,  -15,   -6,  -12,   -9,  -18,  -18,  -21,
      -6,  -15,  -15,  -21,   24,   27,   24,   30,   18,   -6,   -6,  -12,   -6,    9,  -51,  -51,
      -9,  -12,  -15,   -9,   -6,   -6,   -6,  -51,   -6,   -9,   -9,  -15,  -15,  -21,   -9,   -6,
      -9,  -21,  -21,  -21,   -6,   -6,   -9,  -21,  -27,  -27,   -6,  -27,   -6,  -12,   -9,   -9,
      -6,   -6,   -3,  -15,  -18,  -15,  -12,   -6,   -3,  -12,   -9,   -3,  -15,  -15,  -15,  -24,
      -6,  -21,   -6,  -18,   -6,  -24,  -21,  -21,   -6,   -6,   -6,  -15,   -9,  -15,  -15,  -15,
     -27,    9,   21,   12,    9,   15,   21,   21,   27,   21,   21,   30,   24,   27,   27,    9,
      -9,   -9,  -15,   -9,   -9,  -12,    6,    6,    6,    6,   -6,   -6,   -6,   -6,   -6,   -6,
      -6,   -6,   -9,    6,   -3,   -3,    3,    6,    9,    6,    9,    9,    3,   -3,   -9,   -9,
     -18,   -6,    3,    9,    9,  -15,    3,  -18,  -18,   -9,  -18,   -6,   -9,   -6,   -6,   -9,
      -9,    6,    3,    6,    3,   -6,   -6,   -4,   -6,   -6,   -6,   -6,  -51,   -6,  -24,   -3,
      -3,  -24,   -4,  -72,   -3,   -3,   -3,   -6,   -6,  -18,   -3,   -4,   -3,   -3,   -9,  -21,
     -45,    9,  -18,  -12,  -18,   -9,  -12,  -15,   -6,   -3,   -9,  -18,  -12,   -8,   -4,   -9,
      -3,   -9,    6,  -18,   12,    3,   -9,   -4,    6,    6,  -18,   -3,   -3,   -3,   -3,   -3,
      -3,   -3,   -3,   -8,   -3,   -9,   -6,   -6,   -3,   -6,   -6,   -6,   -4,   -6,    9,   -6,
       9,    9,  -30,   -6,  -15,   -3,   -3,  -24,   -4,  -36,   -3,   -3,   -3,   -6,   -6,  -18,
      -3,   -4,   -3,   -3,   -9,  -12,  -27,  -36,  -12,  -21,   -6,   -6,  -15,  -27,  -18,  -12,
      -9,  -42,  -12,  -24,  -39,   -6,   -3,   -6,   -3,   -6,   -6,  -12,  -15,   -6,   -6,   -6,
      -3,   -6,  -15,   -9,  -21,  -30,   -6,   -9,   -9,   -3,    3,    6,   -3,  -15,   -6,   -6,
      -3,   -6,   -3,   -3,   -9,   -9,   -3,   -2,   -3,   -6,   -9,   -6,    3,   12,  -33,   -6,
     -33,   -6,    6,  -24,  -12,  -15,   -3,  -18,  -39,  -24,  -18,  -12,  -15,   -9,  -24,  -12,
      -3,   -3,   -6,  -36,   -3,   -6,   -9,   -3,    9,  -12,  -33,  -24,  -21,   -3,   -6,  -18,
      -9,   -3,  -24,   -3,  -15,  -36,   -9,   -6,   -9,   -6,   -3,  -18,  -21,  -12,   -3,   -6,
      -6,   -6,  -18,  -12,  -27,   -3,   -6,   -3,   -8,   -3,   -9,   -9,   -3,   -6,   -3,   -6,
      -3,  -12,   -3,   -6,   -3,   -4,   -8,   -6,   -3,   -6,   -6,   -3,   -6,   -3,  -10,   -3,
     -15,   -3,   -4,   -4,   -3,   -3,  -15,   -6,   -3,   -6,   -3,   -6,   -6,   -6,   -9,   -6,
       3,    9,   -3,    6,   -6,   -4,   -3,   -4,   -3,   -3,   -6,   -3,   -3,   -3,    3,   -6,
      -6,   -6,   -6,   -6,   -6,   -4,   -4,  -22,   -6,  -10,   -6,   -6,   -3,   -3,  -12,   -3,
      -6,   -6,   -6,   -6,  -36,  -36,   -6,  -12,   -3,  -15,   -6,  -15,  -21,  -12,   -4,  -12,
      -8,   -3,  -15,    9,   -3,   -3,  -36,   -6,   -3,   -9,   -9,   -9,  -12,   -3,   -3,  -12,
      -6,   -6,   -9,  -27,   -9,  -15,  -12,   -6,  -12,   -9,   -9,  -12,   -6,   -2,   -6,   -9,
      -9,   -6,   -6,   -6,   -3,  -12,   -6,   -4,   -3,   -4,   -2,   -3,   -3,   -4,  -12,   -2,
       6,   -6,   -9,    9,    9,    6,   -6,   15,  -12,   14,   12,   18,   12,  -15,   15,    3,
       9,    4,   -3,   -4,    9,   -6,   -6,   -6,  -12,  -30,   -6,   -3,   -4,  -10,   -3,   -3,
      -6,   -4,  -10,   -4,   -2,   -3,   -3,   -6,   -3,   -3,   -3,   -9,  -21,  -15,   -4,   -4,
      -3,   -4,   -4,   -4,   -4,   -6,   -3,    6,   -6,   -6,   -3,  -15,   -6,   -9,   -3,   -3,
      -6,   -6,   -6,   -6,   -6,  -15,   -6,   -3,   -3,   -4,   -9,   -4,   -4,   -6,   -3,  -12,
      -6,   -3,   -3,   -3,  -12,   -4,    2,   -3,   -3,   -3,    3,   -2,   -6,   -9,   -4,   -3,
       3,  -15,    3,   -3,   -3,  -15,   -6,   -2,   -3,   -6,   -6,   -6,   -6,  -12,  -21,   -6,
      -3,   -4,  -10,   -3,   -3,   -6,   -4,  -10,   -4,   -2,   -3,   -3,   -6,    9,    6,    6,
       8,  -12,   15,   -9,   14,   14,   18,   14,  -18,   15,    3,    9,   -3,    4,   -6,   -9,
       6,   -3,  -12,   -4,    2,   -3,   -3,   -3,   -2,   -6,   -3,   -6,   -6,   -6,   -3,   -4,
      -9,   -6,   -6,   -3,   -6,   -3,   -9,   -3,   -6,   -3,  -21,  -10,   -3,   -6,   12,   -6,
       6,    6,   24,    4,    9,   -6,    9,   16,   -4,   16,   16,   21,   -3,   18,  -15,   20,
       6,   12,    8,   -3,   -4,    4,    3,    9,   -6,    6,  -21,  -18,  -21,    3,  -21,   -3,
     -33,   -3,  -10,  -14,  -15,   -3,   -3,   -3,  -18,   -6,  -30,  -16,   -9,   -3,   -6,   -6,
      -6,   -6,  -15,  -15,   -4,   -6,    9,    9,    6,   -8,   15,   -8,   14,   12,   18,   12,
     -15,   15,    3,    9,    4,   -3,   -4,    3,    9,   -6,  -15,   -6,  -12,   -6,   -9,   -9,
     -18,  -21,  -21,  -27,  -27,  -27,  -21,  -21,   -6,  -18,  -18,  -18,   -6,   -6,  -21,    9,
     -21,  -21,  -18,  -12,  -18,  -12,  -21,   -6,  -15,  -12,   -6,   -6,   -6,   -6,   -6,  -21,
       3,    6,  -42,   -9,  -21,  -18,    6,   -9,   21,   12,    9,   15,   15,    9,  -12,  -42,
     -27,   -3,   -3,   -3,  -15,  -42,  -12,    6,  -21,  -18,   -3,   -3,   12,   12,   -6,   12,
      15,   18,   15,   15,   12,   12,    6,  -42,   20,   21,   -9,   -4,   -4,
};

static const EpdLigaturePair serif9_italicLigaturePairs[] = {
    { 0x00660066, 0xFB00 }, // f f -> U+FB00
    { 0x00660069, 0xFB01 }, // f i -> U+FB01
    { 0x0066006C, 0xFB02 }, // f l -> U+FB02
    { 0xFB000069, 0xFB03 }, // U+FB00 i -> U+FB03
    { 0xFB00006C, 0xFB04 }, // U+FB00 l -> U+FB04
};

static const EpdFontData serif9_italic = {
    serif9_italicBitmaps,
    serif9_italicGlyphs,
    serif9_italicIntervals,
    18,
    26,
    21,
    -6,
    false,
    nullptr,
    0,
    nullptr,
    nullptr,  // kernLeftClasses: built-in fonts use the split arrays below
    nullptr,  // kernRightClasses
    serif9_italicKernLeftCodepoints,
    serif9_italicKernLeftClassIds,
    serif9_italicKernRightCodepoints,
    serif9_italicKernRightClassIds,
    nullptr,  // kernMatrix: built-in fonts use the sparse form below
    serif9_italicKernRowOffsets,
    serif9_italicKernSparseCols,
    serif9_italicKernSparseValues,
    551,
    557,
    103,
    90,
    serif9_italicLigaturePairs,
    5,
};
